ID,FXID,PLID,playerName,team_id,teamName,ps_timestamp,ps_endstamp,MatchTime,period,x_coord,y_coord,x_coord_end,y_coord_end,action,actionName,ActionType,ActionTypeName,Actionresult,ActionResultName,qualifier3,qualifier3Name,qualifier4,qualifier4Name,qualifier5,qualifier5Name,qualifier6,qualifier6Name,qualifier7,qualifier7Name,qualifier8,qualifier8Name,qualifier9,qualifier9Name,qualifier10,qualifier10Name,Metres,Metres2,Metres3,Metres4,UTCTime,PlayNum,SetNum,sequence_id,player_advantage,score_advantage,homeTeamID,homeTeamName,awayTeamID,awayTeamName,datePlayed,kickofftime,hometeamHTscore,awayteamHTscore,hometeamFTscore,awayteamFTscore,hometeamCurrentScore,awayteamCurrentScore,venueID,venueName,cityID,cityName,roundNumber,season,playerShirtNumber,playerpositionID,playerpositionName,homecoachID,homecoachName,awaycoachID,awaycoachName,refereeID,refereeName,assistantreferee1ID,assistantreferee1Name,assistantreferee2ID,assistantreferee2Name,videoReferee1ID,videoreferee1Name,competitionID,competitionName,isHome,result
0,937717,950,,950,Samoa,0.00,4.16,0,1,50,35,0,0,17,,407,,0,,0,,0,,0,,0,,0,,0,,0,,0,,0,0,0,0,1899-12-30T00:00:10Z,0,0,0,0,0,950,Samoa,750,Tonga,05/08/2023,15:00,13,9,34,9,0,0,70,Apia Park,-1,NA,1,2023,,,,0,,0,,271,Angus Gardner,1000642,Damon Murphy,1000613,Matthew Kellahan,-1,,3,International,Y,W
1,937717,25212,D'Angelo Leuila,950,Samoa,0.00,4.16,0,1,50,35,91,40,14,Restart,281,50m Restart,286,Restart Opp Collection,288,Long,753,Kicked Right,0,,0,,0,,0,,0,,0,,40,41,6,0,1899-12-30T00:00:10Z,1,0,0,0,0,950,Samoa,750,Tonga,05/08/2023,15:00,13,9,34,9,0,0,70,Apia Park,-1,NA,1,2023,10,10,Fly Half,0,,0,,271,Angus Gardner,1000642,Damon Murphy,1000613,Matthew Kellahan,-1,,3,International,Y,W
2,937717,20156,Sonatane Takulua,750,Tonga,4.16,4.16,4,1,9,28,0,0,18,Collection,275,Restart Catch,277,Success,0,,0,,0,,0,,0,,0,,0,,0,,0,0,0,0,1899-12-30T00:00:15Z,1,1,0,0,0,950,Samoa,750,Tonga,05/08/2023,15:00,13,9,34,9,0,0,70,Apia Park,-1,NA,1,2023,09,9,Scrum Half,0,,0,,271,Angus Gardner,1000642,Damon Murphy,1000613,Matthew Kellahan,-1,,3,International,N,L
3,937717,0,,750,Tonga,4.16,4.16,4,1,9,28,0,0,45,Defensive Exits,629,Carried out of 22,0,,0,,0,,0,,0,,0,,0,,0,,0,,0,0,0,0,1899-12-30T00:00:15Z,1,1,0,0,0,950,Samoa,750,Tonga,05/08/2023,15:00,13,9,34,9,0,0,70,Apia Park,-1,NA,1,2023,,,,0,,0,,271,Angus Gardner,1000642,Damon Murphy,1000613,Matthew Kellahan,-1,,3,International,N,L
4,937717,20156,Sonatane Takulua,750,Tonga,4.16,6.64,4,1,9,28,15,26,1,Carry,105,Restart Return,108,Tackled Neutral,109,Crossed Gain line,461,Neutral Contact,503,3 Tacklers Committed,700,0th Receiver,0,,0,,0,,0,,5,5,3,0,1899-12-30T00:00:15Z,1,1,0,0,0,950,Samoa,750,Tonga,05/08/2023,15:00,13,9,34,9,0,0,70,Apia Park,-1,NA,1,2023,09,9,Scrum Half,0,,0,,271,Angus Gardner,1000642,Damon Murphy,1000613,Matthew Kellahan,-1,,3,International,N,L
5,937717,25212,D'Angelo Leuila,950,Samoa,5.40,5.40,5,1,88,42,0,0,2,Tackle,142,Chase,161,Missed,0,,475,Ineffective Tackle,708,1st Tackler,0,,0,,0,,0,,0,,0,0,0,0,1899-12-30T00:00:16Z,1,1,0,0,0,950,Samoa,750,Tonga,05/08/2023,15:00,13,9,34,9,0,0,70,Apia Park,-1,NA,1,2023,10,10,Fly Half,0,,0,,271,Angus Gardner,1000642,Damon Murphy,1000613,Matthew Kellahan,-1,,3,International,Y,W
6,937717,25212,D'Angelo Leuila,950,Samoa,5.40,5.40,5,1,88,42,0,0,12,Missed Tackle,163,Stepped,166,Tackled,0,,0,,0,,0,,0,,0,,0,,0,,0,0,0,0,1899-12-30T00:00:16Z,1,1,0,0,0,950,Samoa,750,Tonga,05/08/2023,15:00,13,9,34,9,0,0,70,Apia Park,-1,NA,1,2023,10,10,Fly Half,0,,0,,271,Angus Gardner,1000642,Damon Murphy,1000613,Matthew Kellahan,-1,,3,International,Y,W
7,937717,20156,Sonatane Takulua,750,Tonga,5.44,5.44,5,1,12,26,0,0,10,Attacking Qualities,116,Defender Beaten,0,,0,,0,,0,,0,,0,,0,,0,,0,,0,0,0,0,1899-12-30T00:00:16Z,1,1,0,0,0,950,Samoa,750,Tonga,05/08/2023,15:00,13,9,34,9,0,0,70,Apia Park,-1,NA,1,2023,09,9,Scrum Half,0,,0,,271,Angus Gardner,1000642,Damon Murphy,1000613,Matthew Kellahan,-1,,3,International,N,L
8,937717,27662,Sama Malolo,950,Samoa,6.16,6.16,6,1,85,42,0,0,2,Tackle,142,Chase,153,Complete,441,Assist,474,Neutral Tackle,709,2nd Tackler,0,,0,,0,,0,,0,,0,0,0,0,1899-12-30T00:00:17Z,1,1,0,0,0,950,Samoa,750,Tonga,05/08/2023,15:00,13,9,34,9,0,0,70,Apia Park,-1,NA,1,2023,02,2,Hooker,0,,0,,271,Angus Gardner,1000642,Damon Murphy,1000613,Matthew Kellahan,-1,,3,International,Y,W
9,937717,20766,Chris Vui,950,Samoa,6.32,6.32,6,1,85,42,0,0,2,Tackle,142,Chase,153,Complete,441,Assist,474,Neutral Tackle,710,3rd Tackler,0,,0,,0,,0,,0,,0,0,0,0,1899-12-30T00:00:17Z,1,1,0,0,0,950,Samoa,750,Tonga,05/08/2023,15:00,13,9,34,9,0,0,70,Apia Park,-1,NA,1,2023,05,5,Lock (5),0,,0,,271,Angus Gardner,1000642,Damon Murphy,1000613,Matthew Kellahan,-1,,3,International,Y,W
10,937717,20156,Sonatane Takulua,750,Tonga,6.64,15.56,6,1,15,26,0,0,23,Ruck,0,,401,Won Outright,551,N/A Gainline,558,6+ Seconds,664,Close Right Open Movement Ruck,0,,0,,0,,0,,0,,0,0,1,4,1899-12-30T00:00:17Z,1,1,0,0,0,950,Samoa,750,Tonga,05/08/2023,15:00,13,9,34,9,0,0,70,Apia Park,-1,NA,1,2023,09,9,Scrum Half,0,,0,,271,Angus Gardner,1000642,Damon Murphy,1000613,Matthew Kellahan,-1,,3,International,N,L
11,937717,11292,Steve Mafi,750,Tonga,7.92,7.92,8,1,15,26,0,0,43,Ruck OOA,574,Secured,583,Own Team 1st Entry,588,OOA Entry 1st Entry- Att,632,Attacking OOA,0,1,0,,0,,0,,0,,0,,0,0,0,0,1899-12-30T00:00:09Z,1,1,0,0,0,950,Samoa,750,Tonga,05/08/2023,15:00,13,9,34,9,0,0,70,Apia Park,-1,NA,1,2023,05,5,Lock (5),0,,0,,271,Angus Gardner,1000642,Damon Murphy,1000613,Matthew Kellahan,-1,,3,International,N,L
12,937717,28270,Tanginoa Halaifonua,750,Tonga,8.00,8.00,8,1,15,26,0,0,43,Ruck OOA,574,Secured,584,Own Team 2nd Entry,589,OOA Entry 2nd Entry- Att,632,Attacking OOA,0,2,0,,0,,0,,0,,0,,0,0,0,0,1899-12-30T00:00:09Z,1,1,0,0,0,950,Samoa,750,Tonga,05/08/2023,15:00,13,9,34,9,0,0,70,Apia Park,-1,NA,1,2023,06,6,Blindside Flanker,0,,0,,271,Angus Gardner,1000642,Damon Murphy,1000613,Matthew Kellahan,-1,,3,International,N,L
13,937717,19128,George Moala,750,Tonga,10.04,10.04,10,1,15,26,0,0,43,Ruck OOA,574,Secured,585,Own Team 3rd Entry,590,OOA Entry 3rd Entry- Att,632,Attacking OOA,0,3,0,,0,,0,,0,,0,,0,0,0,0,1899-12-30T00:00:11Z,1,1,0,0,0,950,Samoa,750,Tonga,05/08/2023,15:00,13,9,34,9,0,0,70,Apia Park,-1,NA,1,2023,13,13,Outside Centre,0,,0,,271,Angus Gardner,1000642,Damon Murphy,1000613,Matthew Kellahan,-1,,3,International,N,L
14,937717,20766,Chris Vui,950,Samoa,12.56,12.56,12,1,85,42,0,0,43,Ruck OOA,577,Not Clearing,583,Own Team 1st Entry,603,OOA Entry 1st Entry- Def,633,Defensive OOA,0,1,0,,0,,0,,0,,0,,0,0,0,0,1899-12-30T00:00:14Z,1,1,0,0,0,950,Samoa,750,Tonga,05/08/2023,15:00,13,9,34,9,0,0,70,Apia Park,-1,NA,1,2023,05,5,Lock (5),0,,0,,271,Angus Gardner,1000642,Damon Murphy,1000613,Matthew Kellahan,-1,,3,International,Y,W
15,937717,27662,Sama Malolo,950,Samoa,12.88,12.88,12,1,85,42,0,0,43,Ruck OOA,577,Not Clearing,584,Own Team 2nd Entry,604,OOA Entry 2nd Entry- Def,633,Defensive OOA,0,2,0,,0,,0,,0,,0,,0,0,0,0,1899-12-30T00:00:14Z,1,1,0,0,0,950,Samoa,750,Tonga,05/08/2023,15:00,13,9,34,9,0,0,70,Apia Park,-1,NA,1,2023,02,2,Hooker,0,,0,,271,Angus Gardner,1000642,Damon Murphy,1000613,Matthew Kellahan,-1,,3,International,Y,W
16,937717,39118,William Havili,750,Tonga,15.56,15.56,15,1,14,26,0,0,18,Collection,631,General Catch,0,,0,,0,,0,,0,,0,,0,,0,,0,,0,0,0,0,1899-12-30T00:00:26Z,2,1,0,0,0,950,Samoa,750,Tonga,05/08/2023,15:00,13,9,34,9,0,0,70,Apia Park,-1,NA,1,2023,10,10,Fly Half,0,,0,,271,Angus Gardner,1000642,Damon Murphy,1000613,Matthew Kellahan,-1,,3,International,N,L
17,937717,39118,William Havili,750,Tonga,15.56,15.56,15,1,14,26,0,0,47,Playmaker Options,672,Acting Halfback at Breakdown,675,Playmaker Option - Pass,0,,0,,0,,0,,0,,0,,0,,0,,0,0,0,0,1899-12-30T00:00:26Z,2,1,0,0,0,950,Samoa,750,Tonga,05/08/2023,15:00,13,9,34,9,0,0,70,Apia Park,-1,NA,1,2023,10,10,Fly Half,0,,0,,271,Angus Gardner,1000642,Damon Murphy,1000613,Matthew Kellahan,-1,,3,International,N,L
18,937717,39118,William Havili,750,Tonga,16.04,16.64,16,1,14,26,11,31,3,Pass,169,Complete,0,,686,Medium Pass,682,Right Pass,700,0th Receiver,0,,0,,0,,0,,0,,5,6,3,0,1899-12-30T00:00:26Z,2,1,0,0,0,950,Samoa,750,Tonga,05/08/2023,15:00,13,9,34,9,0,0,70,Apia Park,-1,NA,1,2023,10,10,Fly Half,0,,0,,271,Angus Gardner,1000642,Damon Murphy,1000613,Matthew Kellahan,-1,,3,International,N,L
19,937717,18807,Ben Tameifuna,750,Tonga,16.64,16.64,16,1,11,31,0,0,18,Collection,631,General Catch,0,,0,,0,,0,,0,,0,,0,,0,,0,,0,0,0,0,1899-12-30T00:00:27Z,2,1,0,0,0,950,Samoa,750,Tonga,05/08/2023,15:00,13,9,34,9,0,0,70,Apia Park,-1,NA,1,2023,03,3,Tighthead Prop,0,,0,,271,Angus Gardner,1000642,Damon Murphy,1000613,Matthew Kellahan,-1,,3,International,N,L
20,937717,18807,Ben Tameifuna,750,Tonga,16.64,16.64,16,1,11,31,0,0,47,Playmaker Options,656,First Receiver,673,Playmaker Option - Carry,0,,0,,0,,0,,0,,0,,0,,0,,0,0,0,0,1899-12-30T00:00:27Z,2,1,0,0,0,950,Samoa,750,Tonga,05/08/2023,15:00,13,9,34,9,0,0,70,Apia Park,-1,NA,1,2023,03,3,Tighthead Prop,0,,0,,271,Angus Gardner,1000642,Damon Murphy,1000613,Matthew Kellahan,-1,,3,International,N,L
21,937717,18807,Ben Tameifuna,750,Tonga,16.64,19.24,16,1,11,31,15,30,1,Carry,101,One Out Drive,108,Tackled Neutral,109,Crossed Gain line,461,Neutral Contact,501,1 Tacklers Committed,701,1st Receiver,0,,0,,0,,0,,1,4,1,1,1899-12-30T00:00:27Z,2,1,0,0,0,950,Samoa,750,Tonga,05/08/2023,15:00,13,9,34,9,0,0,70,Apia Park,-1,NA,1,2023,03,3,Tighthead Prop,0,,0,,271,Angus Gardner,1000642,Damon Murphy,1000613,Matthew Kellahan,-1,,3,International,N,L
22,937717,10081,Charlie Faumuina,950,Samoa,17.44,17.44,17,1,86,37,0,0,2,Tackle,144,Line,153,Complete,0,,474,Neutral Tackle,708,1st Tackler,0,,0,,0,,0,,0,,0,0,0,0,1899-12-30T00:00:28Z,2,1,0,0,0,950,Samoa,750,Tonga,05/08/2023,15:00,13,9,34,9,0,0,70,Apia Park,-1,NA,1,2023,01,1,Loosehead Prop,0,,0,,271,Angus Gardner,1000642,Damon Murphy,1000613,Matthew Kellahan,-1,,3,International,Y,W
23,937717,20806,Brian Alainu'uese,950,Samoa,19.12,19.12,19,1,86,37,0,0,40,Defensive Action,560,Tackle Arrival,0,,0,,0,,0,,0,,0,,0,,0,,0,,0,0,0,0,1899-12-30T00:00:30Z,2,1,0,0,0,950,Samoa,750,Tonga,05/08/2023,15:00,13,9,34,9,0,0,70,Apia Park,-1,NA,1,2023,04,4,Lock (4),0,,0,,271,Angus Gardner,1000642,Damon Murphy,1000613,Matthew Kellahan,-1,,3,International,Y,W
24,937717,18807,Ben Tameifuna,750,Tonga,19.24,22.08,19,1,15,30,0,0,23,Ruck,0,,401,Won Outright,548,Over Previous Gainline,554,2-3 Seconds,668,Tight Right Open Movement Ruck,0,,0,,0,,0,,0,,0,0,-3,1,1899-12-30T00:00:30Z,2,1,0,0,0,950,Samoa,750,Tonga,05/08/2023,15:00,13,9,34,9,0,0,70,Apia Park,-1,NA,1,2023,03,3,Tighthead Prop,0,,0,,271,Angus Gardner,1000642,Damon Murphy,1000613,Matthew Kellahan,-1,,3,International,N,L
25,937717,21155,Vaea Fifita,750,Tonga,19.28,19.28,19,1,15,30,0,0,43,Ruck OOA,574,Secured,583,Own Team 1st Entry,588,OOA Entry 1st Entry- Att,632,Attacking OOA,0,1,0,,0,,0,,0,,0,,0,0,0,0,1899-12-30T00:00:27Z,2,1,0,0,0,950,Samoa,750,Tonga,05/08/2023,15:00,13,9,34,9,0,0,70,Apia Park,-1,NA,1,2023,08,8,Number 8,0,,0,,271,Angus Gardner,1000642,Damon Murphy,1000613,Matthew Kellahan,-1,,3,International,N,L
26,937717,26114,Leva Fifita,750,Tonga,20.48,20.48,20,1,15,30,0,0,43,Ruck OOA,572,Cleaned Out,584,Own Team 2nd Entry,589,OOA Entry 2nd Entry- Att,632,Attacking OOA,0,2,0,,0,,0,,0,,0,,0,0,0,0,1899-12-30T00:00:28Z,2,1,0,0,0,950,Samoa,750,Tonga,05/08/2023,15:00,13,9,34,9,0,0,70,Apia Park,-1,NA,1,2023,04,4,Lock (4),0,,0,,271,Angus Gardner,1000642,Damon Murphy,1000613,Matthew Kellahan,-1,,3,International,N,L
27,937717,11292,Steve Mafi,750,Tonga,21.00,21.00,21,1,15,30,0,0,43,Ruck OOA,574,Secured,585,Own Team 3rd Entry,590,OOA Entry 3rd Entry- Att,632,Attacking OOA,0,3,0,,0,,0,,0,,0,,0,0,0,0,1899-12-30T00:00:29Z,2,1,0,0,0,950,Samoa,750,Tonga,05/08/2023,15:00,13,9,34,9,0,0,70,Apia Park,-1,NA,1,2023,05,5,Lock (5),0,,0,,271,Angus Gardner,1000642,Damon Murphy,1000613,Matthew Kellahan,-1,,3,International,N,L
28,937717,35331,Siua Maile,750,Tonga,21.44,21.44,21,1,15,30,0,0,43,Ruck OOA,574,Secured,586,Own Team 4th Entry,591,OOA Entry 4th Entry- Att,632,Attacking OOA,0,4,0,,0,,0,,0,,0,,0,0,0,0,1899-12-30T00:00:29Z,2,1,0,0,0,950,Samoa,750,Tonga,05/08/2023,15:00,13,9,34,9,0,0,70,Apia Park,-1,NA,1,2023,02,2,Hooker,0,,0,,271,Angus Gardner,1000642,Damon Murphy,1000613,Matthew Kellahan,-1,,3,International,N,L
29,937717,20156,Sonatane Takulua,750,Tonga,22.08,22.08,22,1,14,29,0,0,18,Collection,631,General Catch,0,,0,,0,,0,,0,,0,,0,,0,,0,,0,0,0,0,1899-12-30T00:00:32Z,3,1,0,0,0,950,Samoa,750,Tonga,05/08/2023,15:00,13,9,34,9,0,0,70,Apia Park,-1,NA,1,2023,09,9,Scrum Half,0,,0,,271,Angus Gardner,1000642,Damon Murphy,1000613,Matthew Kellahan,-1,,3,International,N,L
30,937717,20156,Sonatane Takulua,750,Tonga,22.08,22.08,22,1,14,29,0,0,47,Playmaker Options,671,Halfback at Breakdown,674,Playmaker Option - Kick,0,,0,,0,,0,,0,,0,,0,,0,,0,0,0,0,1899-12-30T00:00:32Z,3,1,0,0,0,950,Samoa,750,Tonga,05/08/2023,15:00,13,9,34,9,0,0,70,Apia Park,-1,NA,1,2023,09,9,Scrum Half,0,,0,,271,Angus Gardner,1000642,Damon Murphy,1000613,Matthew Kellahan,-1,,3,International,N,L
31,937717,20156,Sonatane Takulua,750,Tonga,23.04,25.52,23,1,12,31,51,62,4,Kick,346,Box,205,Pressure Error,186,Kick in Play (Own 22),0,,0,,0,,0,,0,,0,,0,,39,50,0,0,1899-12-30T00:00:33Z,3,1,0,0,0,950,Samoa,750,Tonga,05/08/2023,15:00,13,9,34,9,0,0,70,Apia Park,-1,NA,1,2023,09,9,Scrum Half,0,,0,,271,Angus Gardner,1000642,Damon Murphy,1000613,Matthew Kellahan,-1,,3,International,N,L
32,937717,25212,D'Angelo Leuila,950,Samoa,25.52,25.52,25,1,49,6,0,0,18,Collection,273,Defensive Catch,278,Fail,0,,0,,0,,0,,0,,0,,0,,0,,0,0,0,0,1899-12-30T00:00:36Z,3,1,0,0,0,950,Samoa,750,Tonga,05/08/2023,15:00,13,9,34,9,0,0,70,Apia Park,-1,NA,1,2023,10,10,Fly Half,0,,0,,271,Angus Gardner,1000642,Damon Murphy,1000613,Matthew Kellahan,-1,,3,International,Y,W
33,937717,25212,D'Angelo Leuila,950,Samoa,32.76,32.76,32,1,45,5,0,0,8,Turnover,254,Dropped Ball Unforced,678,Error on Defence,0,,0,,0,,0,,0,,0,,0,,0,,0,0,0,0,1899-12-30T00:00:43Z,3,1,0,0,0,950,Samoa,750,Tonga,05/08/2023,15:00,13,9,34,9,0,0,70,Apia Park,-1,NA,1,2023,10,10,Fly Half,0,,0,,271,Angus Gardner,1000642,Damon Murphy,1000613,Matthew Kellahan,-1,,3,International,Y,W
34,937717,0,,950,Samoa,0.00,34.20,34,1,50,35,45,5,26,Sequences,307,50m Restart,317,Scrum,0,,0,,0,,0,,0,,0,,0,,0,,-5,0,0,0,1899-12-30T00:00:10Z,3,1,0,0,0,950,Samoa,750,Tonga,05/08/2023,15:00,13,9,34,9,0,0,70,Apia Park,-1,NA,1,2023,,,,0,,0,,271,Angus Gardner,1000642,Damon Murphy,1000613,Matthew Kellahan,-1,,3,International,Y,W
35,937717,0,,750,Tonga,4.16,34.20,34,1,9,28,55,63,15,Possession,307,50m Restart,317,Scrum,0,,684,Fails to enter into Opposition 22,0,,0,,0,,0,,0,,0,,46,0,0,0,1899-12-30T00:00:15Z,3,1,0,0,0,950,Samoa,750,Tonga,05/08/2023,15:00,13,9,34,9,0,0,70,Apia Park,-1,NA,1,2023,,,,0,,0,,271,Angus Gardner,1000642,Damon Murphy,1000613,Matthew Kellahan,-1,,3,International,N,L
36,937717,20156,Sonatane Takulua,750,Tonga,121.84,130.32,201,1,51,54,0,0,5,Scrum,367,Scrum Half Pass,353,Won Outright,366,Negative,362,Anti-Clockwise,723,Mid Right Blindside Movement Maul,0,,0,,0,,0,,0,,0,0,2,11,1899-12-30T00:02:12Z,1,2,0,0,0,950,Samoa,750,Tonga,05/08/2023,15:00,13,9,34,9,0,0,70,Apia Park,-1,NA,1,2023,09,9,Scrum Half,0,,0,,271,Angus Gardner,1000642,Damon Murphy,1000613,Matthew Kellahan,-1,,3,International,N,L
37,937717,22136,Siegfried Fisi'ihoi,750,Tonga,121.84,130.32,201,1,51,54,0,0,28,,367,Scrum Half Pass,353,Won Outright,366,Negative,362,Anti-Clockwise,0,,0,,0,,0,,0,,0,,0,0,0,0,1899-12-30T00:02:12Z,1,2,0,0,0,950,Samoa,750,Tonga,05/08/2023,15:00,13,9,34,9,0,0,70,Apia Park,-1,NA,1,2023,01,1,Loosehead Prop,0,,0,,271,Angus Gardner,1000642,Damon Murphy,1000613,Matthew Kellahan,-1,,3,International,N,L
38,937717,35331,Siua Maile,750,Tonga,121.84,130.32,201,1,51,54,0,0,28,,367,Scrum Half Pass,353,Won Outright,366,Negative,362,Anti-Clockwise,0,,0,,0,,0,,0,,0,,0,0,0,0,1899-12-30T00:02:12Z,1,2,0,0,0,950,Samoa,750,Tonga,05/08/2023,15:00,13,9,34,9,0,0,70,Apia Park,-1,NA,1,2023,02,2,Hooker,0,,0,,271,Angus Gardner,1000642,Damon Murphy,1000613,Matthew Kellahan,-1,,3,International,N,L
39,937717,18807,Ben Tameifuna,750,Tonga,121.84,130.32,201,1,51,54,0,0,28,,367,Scrum Half Pass,353,Won Outright,366,Negative,362,Anti-Clockwise,0,,0,,0,,0,,0,,0,,0,0,0,0,1899-12-30T00:02:12Z,1,2,0,0,0,950,Samoa,750,Tonga,05/08/2023,15:00,13,9,34,9,0,0,70,Apia Park,-1,NA,1,2023,03,3,Tighthead Prop,0,,0,,271,Angus Gardner,1000642,Damon Murphy,1000613,Matthew Kellahan,-1,,3,International,N,L
40,937717,26114,Leva Fifita,750,Tonga,121.84,130.32,201,1,51,54,0,0,28,,367,Scrum Half Pass,353,Won Outright,366,Negative,362,Anti-Clockwise,0,,0,,0,,0,,0,,0,,0,0,0,0,1899-12-30T00:02:12Z,1,2,0,0,0,950,Samoa,750,Tonga,05/08/2023,15:00,13,9,34,9,0,0,70,Apia Park,-1,NA,1,2023,04,4,Lock (4),0,,0,,271,Angus Gardner,1000642,Damon Murphy,1000613,Matthew Kellahan,-1,,3,International,N,L
41,937717,11292,Steve Mafi,750,Tonga,121.84,130.32,201,1,51,54,0,0,28,,367,Scrum Half Pass,353,Won Outright,366,Negative,362,Anti-Clockwise,0,,0,,0,,0,,0,,0,,0,0,0,0,1899-12-30T00:02:12Z,1,2,0,0,0,950,Samoa,750,Tonga,05/08/2023,15:00,13,9,34,9,0,0,70,Apia Park,-1,NA,1,2023,05,5,Lock (5),0,,0,,271,Angus Gardner,1000642,Damon Murphy,1000613,Matthew Kellahan,-1,,3,International,N,L
42,937717,28270,Tanginoa Halaifonua,750,Tonga,121.84,130.32,201,1,51,54,0,0,28,,367,Scrum Half Pass,353,Won Outright,366,Negative,362,Anti-Clockwise,0,,0,,0,,0,,0,,0,,0,0,0,0,1899-12-30T00:02:12Z,1,2,0,0,0,950,Samoa,750,Tonga,05/08/2023,15:00,13,9,34,9,0,0,70,Apia Park,-1,NA,1,2023,06,6,Blindside Flanker,0,,0,,271,Angus Gardner,1000642,Damon Murphy,1000613,Matthew Kellahan,-1,,3,International,N,L
43,937717,29249,Sione Havili Talitui,750,Tonga,121.84,130.32,201,1,51,54,0,0,28,,367,Scrum Half Pass,353,Won Outright,366,Negative,362,Anti-Clockwise,0,,0,,0,,0,,0,,0,,0,0,0,0,1899-12-30T00:02:12Z,1,2,0,0,0,950,Samoa,750,Tonga,05/08/2023,15:00,13,9,34,9,0,0,70,Apia Park,-1,NA,1,2023,07,7,Openside Flanker,0,,0,,271,Angus Gardner,1000642,Damon Murphy,1000613,Matthew Kellahan,-1,,3,International,N,L
44,937717,21155,Vaea Fifita,750,Tonga,121.84,130.32,201,1,51,54,0,0,28,,367,Scrum Half Pass,353,Won Outright,366,Negative,362,Anti-Clockwise,0,,0,,0,,0,,0,,0,,0,0,0,0,1899-12-30T00:02:12Z,1,2,0,0,0,950,Samoa,750,Tonga,05/08/2023,15:00,13,9,34,9,0,0,70,Apia Park,-1,NA,1,2023,08,8,Number 8,0,,0,,271,Angus Gardner,1000642,Damon Murphy,1000613,Matthew Kellahan,-1,,3,International,N,L
45,937717,10081,Charlie Faumuina,950,Samoa,121.84,130.32,201,1,51,54,0,0,29,,367,Scrum Half Pass,353,Won Outright,366,Negative,362,Anti-Clockwise,0,,0,,0,,0,,0,,0,,0,0,0,0,1899-12-30T00:02:12Z,1,2,0,0,0,950,Samoa,750,Tonga,05/08/2023,15:00,13,9,34,9,0,0,70,Apia Park,-1,NA,1,2023,01,1,Loosehead Prop,0,,0,,271,Angus Gardner,1000642,Damon Murphy,1000613,Matthew Kellahan,-1,,3,International,Y,W
46,937717,27662,Sama Malolo,950,Samoa,121.84,130.32,201,1,51,54,0,0,29,,367,Scrum Half Pass,353,Won Outright,366,Negative,362,Anti-Clockwise,0,,0,,0,,0,,0,,0,,0,0,0,0,1899-12-30T00:02:12Z,1,2,0,0,0,950,Samoa,750,Tonga,05/08/2023,15:00,13,9,34,9,0,0,70,Apia Park,-1,NA,1,2023,02,2,Hooker,0,,0,,271,Angus Gardner,1000642,Damon Murphy,1000613,Matthew Kellahan,-1,,3,International,Y,W
47,937717,21998,Michael Alaalatoa,950,Samoa,121.84,130.32,201,1,51,54,0,0,29,,367,Scrum Half Pass,353,Won Outright,366,Negative,362,Anti-Clockwise,0,,0,,0,,0,,0,,0,,0,0,0,0,1899-12-30T00:02:12Z,1,2,0,0,0,950,Samoa,750,Tonga,05/08/2023,15:00,13,9,34,9,0,0,70,Apia Park,-1,NA,1,2023,03,3,Tighthead Prop,0,,0,,271,Angus Gardner,1000642,Damon Murphy,1000613,Matthew Kellahan,-1,,3,International,Y,W
48,937717,20806,Brian Alainu'uese,950,Samoa,121.84,130.32,201,1,51,54,0,0,29,,367,Scrum Half Pass,353,Won Outright,366,Negative,362,Anti-Clockwise,0,,0,,0,,0,,0,,0,,0,0,0,0,1899-12-30T00:02:12Z,1,2,0,0,0,950,Samoa,750,Tonga,05/08/2023,15:00,13,9,34,9,0,0,70,Apia Park,-1,NA,1,2023,04,4,Lock (4),0,,0,,271,Angus Gardner,1000642,Damon Murphy,1000613,Matthew Kellahan,-1,,3,International,Y,W
49,937717,20766,Chris Vui,950,Samoa,121.84,130.32,201,1,51,54,0,0,29,,367,Scrum Half Pass,353,Won Outright,366,Negative,362,Anti-Clockwise,0,,0,,0,,0,,0,,0,,0,0,0,0,1899-12-30T00:02:12Z,1,2,0,0,0,950,Samoa,750,Tonga,05/08/2023,15:00,13,9,34,9,0,0,70,Apia Park,-1,NA,1,2023,05,5,Lock (5),0,,0,,271,Angus Gardner,1000642,Damon Murphy,1000613,Matthew Kellahan,-1,,3,International,Y,W
50,937717,43727,Miracle Faiilagi,950,Samoa,121.84,130.32,201,1,51,54,0,0,29,,367,Scrum Half Pass,353,Won Outright,366,Negative,362,Anti-Clockwise,0,,0,,0,,0,,0,,0,,0,0,0,0,1899-12-30T00:02:12Z,1,2,0,0,0,950,Samoa,750,Tonga,05/08/2023,15:00,13,9,34,9,0,0,70,Apia Park,-1,NA,1,2023,06,6,Blindside Flanker,0,,0,,271,Angus Gardner,1000642,Damon Murphy,1000613,Matthew Kellahan,-1,,3,International,Y,W
51,937717,10607,Jack Lam,950,Samoa,121.84,130.32,201,1,51,54,0,0,29,,367,Scrum Half Pass,353,Won Outright,366,Negative,362,Anti-Clockwise,0,,0,,0,,0,,0,,0,,0,0,0,0,1899-12-30T00:02:12Z,1,2,0,0,0,950,Samoa,750,Tonga,05/08/2023,15:00,13,9,34,9,0,0,70,Apia Park,-1,NA,1,2023,07,7,Openside Flanker,0,,0,,271,Angus Gardner,1000642,Damon Murphy,1000613,Matthew Kellahan,-1,,3,International,Y,W
52,937717,18506,Steven Luatua,950,Samoa,121.84,130.32,201,1,51,54,0,0,29,,367,Scrum Half Pass,353,Won Outright,366,Negative,362,Anti-Clockwise,0,,0,,0,,0,,0,,0,,0,0,0,0,1899-12-30T00:02:12Z,1,2,0,0,0,950,Samoa,750,Tonga,05/08/2023,15:00,13,9,34,9,0,0,70,Apia Park,-1,NA,1,2023,08,8,Number 8,0,,0,,271,Angus Gardner,1000642,Damon Murphy,1000613,Matthew Kellahan,-1,,3,International,Y,W
53,937717,20156,Sonatane Takulua,750,Tonga,130.32,130.32,210,1,50,54,0,0,18,Collection,631,General Catch,0,,0,,0,,0,,0,,0,,0,,0,,0,,0,0,0,0,1899-12-30T00:02:21Z,1,2,0,0,0,950,Samoa,750,Tonga,05/08/2023,15:00,13,9,34,9,0,0,70,Apia Park,-1,NA,1,2023,09,9,Scrum Half,0,,0,,271,Angus Gardner,1000642,Damon Murphy,1000613,Matthew Kellahan,-1,,3,International,N,L
54,937717,20156,Sonatane Takulua,750,Tonga,130.64,131.20,210,1,50,54,47,65,3,Pass,169,Complete,0,,686,Medium Pass,682,Right Pass,700,0th Receiver,0,,0,,0,,0,,0,,11,11,3,0,1899-12-30T00:02:21Z,1,2,0,0,0,950,Samoa,750,Tonga,05/08/2023,15:00,13,9,34,9,0,0,70,Apia Park,-1,NA,1,2023,09,9,Scrum Half,0,,0,,271,Angus Gardner,1000642,Damon Murphy,1000613,Matthew Kellahan,-1,,3,International,N,L
55,937717,36335,Solomone Kata,750,Tonga,131.20,131.20,211,1,47,65,0,0,18,Collection,631,General Catch,0,,0,,0,,0,,0,,0,,0,,0,,0,,0,0,0,0,1899-12-30T00:02:22Z,1,2,0,0,0,950,Samoa,750,Tonga,05/08/2023,15:00,13,9,34,9,0,0,70,Apia Park,-1,NA,1,2023,14,14,Right Wing,0,,0,,271,Angus Gardner,1000642,Damon Murphy,1000613,Matthew Kellahan,-1,,3,International,N,L
56,937717,36335,Solomone Kata,750,Tonga,131.96,136.12,212,1,52,65,99,58,4,Kick,190,Territorial,199,Collected Bounce,185,Kick in Play,0,,0,,0,,0,,0,,0,,0,,47,47,0,0,1899-12-30T00:02:22Z,1,2,0,0,0,950,Samoa,750,Tonga,05/08/2023,15:00,13,9,34,9,0,0,70,Apia Park,-1,NA,1,2023,14,14,Right Wing,0,,0,,271,Angus Gardner,1000642,Damon Murphy,1000613,Matthew Kellahan,-1,,3,International,N,L
57,937717,0,,750,Tonga,121.84,136.12,216,1,51,54,99,58,15,Possession,309,Scrum,351,Kick in Play,0,,684,Fails to enter into Opposition 22,0,,0,,0,,0,,0,,0,,48,0,0,0,1899-12-30T00:02:12Z,1,2,0,0,0,950,Samoa,750,Tonga,05/08/2023,15:00,13,9,34,9,0,0,70,Apia Park,-1,NA,1,2023,,,,0,,0,,271,Angus Gardner,1000642,Damon Murphy,1000613,Matthew Kellahan,-1,,3,International,N,L
58,937717,10552,Tim Nanai-Williams,950,Samoa,136.12,136.12,216,1,1,10,0,0,18,Collection,274,Defensive Loose Ball,277,Success,0,,0,,0,,0,,0,,0,,0,,0,,0,0,0,0,1899-12-30T00:02:26Z,1,3,0,0,0,950,Samoa,750,Tonga,05/08/2023,15:00,13,9,34,9,0,0,70,Apia Park,-1,NA,1,2023,15,15,Full Back,0,,0,,271,Angus Gardner,1000642,Damon Murphy,1000613,Matthew Kellahan,-1,,3,International,Y,W
59,937717,0,,950,Samoa,136.12,136.12,216,1,1,10,0,0,45,Defensive Exits,630,Kicked out of 22,0,,0,,0,,0,,0,,0,,0,,0,,0,,0,0,0,0,1899-12-30T00:02:26Z,1,3,0,0,0,950,Samoa,750,Tonga,05/08/2023,15:00,13,9,34,9,0,0,70,Apia Park,-1,NA,1,2023,,,,0,,0,,271,Angus Gardner,1000642,Damon Murphy,1000613,Matthew Kellahan,-1,,3,International,Y,W
60,937717,10552,Tim Nanai-Williams,950,Samoa,137.76,140.48,217,1,1,7,25,0,4,Kick,347,Touch Kick,193,Kick in Touch (Full),186,Kick in Play (Own 22),0,,0,,0,,0,,0,,0,,0,,24,24,0,0,1899-12-30T00:02:28Z,1,3,0,0,0,950,Samoa,750,Tonga,05/08/2023,15:00,13,9,34,9,0,0,70,Apia Park,-1,NA,1,2023,15,15,Full Back,0,,0,,271,Angus Gardner,1000642,Damon Murphy,1000613,Matthew Kellahan,-1,,3,International,Y,W
61,937717,0,,750,Tonga,121.84,140.48,220,1,51,54,76,68,26,Sequences,309,Scrum,315,Kick Out of Play,0,,0,,0,,0,,0,,0,,0,,0,,25,0,0,0,1899-12-30T00:02:12Z,1,3,0,0,0,950,Samoa,750,Tonga,05/08/2023,15:00,13,9,34,9,0,0,70,Apia Park,-1,NA,1,2023,,,,0,,0,,271,Angus Gardner,1000642,Damon Murphy,1000613,Matthew Kellahan,-1,,3,International,N,L
62,937717,0,,950,Samoa,136.12,140.48,220,1,1,10,25,0,15,Possession,311,Kick Return,315,Kick Out of Play,0,,684,Fails to enter into Opposition 22,0,,0,,0,,0,,0,,0,,24,0,0,0,1899-12-30T00:02:26Z,1,3,0,0,0,950,Samoa,750,Tonga,05/08/2023,15:00,13,9,34,9,0,0,70,Apia Park,-1,NA,1,2023,,,,0,,0,,271,Angus Gardner,1000642,Damon Murphy,1000613,Matthew Kellahan,-1,,3,International,Y,W
63,937717,35331,Siua Maile,750,Tonga,167.76,168.56,247,1,76,68,76,61,6,Lineout Throw,371,Throw Front,376,Won Clean Catch,211,Off The Top,0,7+1,661,Mid Left Open Movement Lineout,732,7 Players,725,Forward at Halfback (+1),0,,0,,0,,7,0,-8,29,1899-12-30T00:02:58Z,1,4,0,0,0,950,Samoa,750,Tonga,05/08/2023,15:00,13,9,34,9,0,0,70,Apia Park,-1,NA,1,2023,02,2,Hooker,0,,0,,271,Angus Gardner,1000642,Damon Murphy,1000613,Matthew Kellahan,-1,,3,International,N,L
64,937717,28270,Tanginoa Halaifonua,750,Tonga,168.56,168.56,248,1,76,61,0,0,27,Lineout Take,386,Lineout Win Front,376,Won Clean,211,Off The Top,396,Clean Catch,0,,0,,0,,0,,0,,0,,0,0,0,0,1899-12-30T00:02:59Z,1,4,0,0,0,950,Samoa,750,Tonga,05/08/2023,15:00,13,9,34,9,0,0,70,Apia Park,-1,NA,1,2023,06,6,Blindside Flanker,0,,0,,271,Angus Gardner,1000642,Damon Murphy,1000613,Matthew Kellahan,-1,,3,International,N,L
65,937717,28270,Tanginoa Halaifonua,750,Tonga,168.84,169.24,248,1,76,61,73,62,3,Pass,169,Complete,0,,679,Short Pass,682,Right Pass,700,0th Receiver,0,,0,,0,,0,,0,,1,2,2,0,1899-12-30T00:02:59Z,1,4,0,0,0,950,Samoa,750,Tonga,05/08/2023,15:00,13,9,34,9,0,0,70,Apia Park,-1,NA,1,2023,06,6,Blindside Flanker,0,,0,,271,Angus Gardner,1000642,Damon Murphy,1000613,Matthew Kellahan,-1,,3,International,N,L
66,937717,20156,Sonatane Takulua,750,Tonga,169.24,169.24,249,1,73,62,0,0,18,Collection,631,General Catch,0,,0,,0,,0,,0,,0,,0,,0,,0,,0,0,0,0,1899-12-30T00:03:00Z,1,4,0,0,0,950,Samoa,750,Tonga,05/08/2023,15:00,13,9,34,9,0,0,70,Apia Park,-1,NA,1,2023,09,9,Scrum Half,0,,0,,271,Angus Gardner,1000642,Damon Murphy,1000613,Matthew Kellahan,-1,,3,International,N,L
67,937717,20156,Sonatane Takulua,750,Tonga,169.92,170.68,250,1,72,57,62,49,3,Pass,169,Complete,0,,686,Medium Pass,681,Left Pass,701,1st Receiver,0,,0,,0,,0,,0,,9,13,10,0,1899-12-30T00:03:00Z,1,4,0,0,0,950,Samoa,750,Tonga,05/08/2023,15:00,13,9,34,9,0,0,70,Apia Park,-1,NA,1,2023,09,9,Scrum Half,0,,0,,271,Angus Gardner,1000642,Damon Murphy,1000613,Matthew Kellahan,-1,,3,International,N,L
68,937717,29249,Sione Havili Talitui,750,Tonga,170.68,170.68,250,1,62,49,0,0,18,Collection,631,General Catch,0,,0,,0,,0,,0,,0,,0,,0,,0,,0,0,0,0,1899-12-30T00:03:01Z,1,4,0,0,0,950,Samoa,750,Tonga,05/08/2023,15:00,13,9,34,9,0,0,70,Apia Park,-1,NA,1,2023,07,7,Openside Flanker,0,,0,,271,Angus Gardner,1000642,Damon Murphy,1000613,Matthew Kellahan,-1,,3,International,N,L
69,937717,29249,Sione Havili Talitui,750,Tonga,171.48,172.08,251,1,68,44,65,36,3,Pass,169,Complete,0,,686,Medium Pass,681,Left Pass,702,2nd Receiver,0,,0,,0,,0,,0,,8,8,3,0,1899-12-30T00:03:02Z,1,4,0,0,0,950,Samoa,750,Tonga,05/08/2023,15:00,13,9,34,9,0,0,70,Apia Park,-1,NA,1,2023,07,7,Openside Flanker,0,,0,,271,Angus Gardner,1000642,Damon Murphy,1000613,Matthew Kellahan,-1,,3,International,N,L
70,937717,18936,Pita Ahki,750,Tonga,172.08,172.08,252,1,65,36,0,0,18,Collection,631,General Catch,0,,0,,0,,0,,0,,0,,0,,0,,0,,0,0,0,0,1899-12-30T00:03:02Z,1,4,0,0,0,950,Samoa,750,Tonga,05/08/2023,15:00,13,9,34,9,0,0,70,Apia Park,-1,NA,1,2023,12,12,Inside Centre,0,,0,,271,Angus Gardner,1000642,Damon Murphy,1000613,Matthew Kellahan,-1,,3,International,N,L
71,937717,18936,Pita Ahki,750,Tonga,172.08,173.12,252,1,65,36,68,33,1,Carry,101,One Out Drive,108,Tackled Neutral,111,Failed Gain line,461,Neutral Contact,501,1 Tacklers Committed,703,3rd Receiver,0,,0,,0,,0,,0,3,1,1,1899-12-30T00:03:03Z,1,4,0,0,0,950,Samoa,750,Tonga,05/08/2023,15:00,13,9,34,9,0,0,70,Apia Park,-1,NA,1,2023,12,12,Inside Centre,0,,0,,271,Angus Gardner,1000642,Damon Murphy,1000613,Matthew Kellahan,-1,,3,International,N,L
72,937717,10607,Jack Lam,950,Samoa,172.96,172.96,253,1,33,33,0,0,2,Tackle,144,Line,153,Complete,0,,474,Neutral Tackle,708,1st Tackler,0,,0,,0,,0,,0,,0,0,0,0,1899-12-30T00:03:03Z,1,4,0,0,0,950,Samoa,750,Tonga,05/08/2023,15:00,13,9,34,9,0,0,70,Apia Park,-1,NA,1,2023,07,7,Openside Flanker,0,,0,,271,Angus Gardner,1000642,Damon Murphy,1000613,Matthew Kellahan,-1,,3,International,Y,W
73,937717,18936,Pita Ahki,750,Tonga,173.12,175.72,253,1,68,33,0,0,23,Ruck,0,,401,Won Outright,549,Behind Previous Gainline,554,2-3 Seconds,661,Mid Left Open Movement Ruck,0,,0,,0,,0,,0,,0,0,0,17,1899-12-30T00:03:03Z,1,4,0,0,0,950,Samoa,750,Tonga,05/08/2023,15:00,13,9,34,9,0,0,70,Apia Park,-1,NA,1,2023,12,12,Inside Centre,0,,0,,271,Angus Gardner,1000642,Damon Murphy,1000613,Matthew Kellahan,-1,,3,International,N,L
74,937717,19128,George Moala,750,Tonga,174.76,174.76,254,1,68,33,0,0,43,Ruck OOA,574,Secured,583,Own Team 1st Entry,588,OOA Entry 1st Entry- Att,632,Attacking OOA,0,1,0,,0,,0,,0,,0,,0,0,0,0,1899-12-30T00:03:02Z,1,4,0,0,0,950,Samoa,750,Tonga,05/08/2023,15:00,13,9,34,9,0,0,70,Apia Park,-1,NA,1,2023,13,13,Outside Centre,0,,0,,271,Angus Gardner,1000642,Damon Murphy,1000613,Matthew Kellahan,-1,,3,International,N,L
75,937717,36335,Solomone Kata,750,Tonga,175.12,175.12,255,1,68,33,0,0,43,Ruck OOA,574,Secured,584,Own Team 2nd Entry,589,OOA Entry 2nd Entry- Att,632,Attacking OOA,0,2,0,,0,,0,,0,,0,,0,0,0,0,1899-12-30T00:03:02Z,1,4,0,0,0,950,Samoa,750,Tonga,05/08/2023,15:00,13,9,34,9,0,0,70,Apia Park,-1,NA,1,2023,14,14,Right Wing,0,,0,,271,Angus Gardner,1000642,Damon Murphy,1000613,Matthew Kellahan,-1,,3,International,N,L
76,937717,29249,Sione Havili Talitui,750,Tonga,175.56,175.56,255,1,68,33,0,0,43,Ruck OOA,575,Attended,585,Own Team 3rd Entry,590,OOA Entry 3rd Entry- Att,632,Attacking OOA,0,3,0,,0,,0,,0,,0,,0,0,0,0,1899-12-30T00:03:02Z,1,4,0,0,0,950,Samoa,750,Tonga,05/08/2023,15:00,13,9,34,9,0,0,70,Apia Park,-1,NA,1,2023,07,7,Openside Flanker,0,,0,,271,Angus Gardner,1000642,Damon Murphy,1000613,Matthew Kellahan,-1,,3,International,N,L
77,937717,20156,Sonatane Takulua,750,Tonga,175.72,175.72,255,1,66,33,0,0,18,Collection,631,General Catch,0,,0,,0,,0,,0,,0,,0,,0,,0,,0,0,0,0,1899-12-30T00:03:06Z,2,4,0,0,0,950,Samoa,750,Tonga,05/08/2023,15:00,13,9,34,9,0,0,70,Apia Park,-1,NA,1,2023,09,9,Scrum Half,0,,0,,271,Angus Gardner,1000642,Damon Murphy,1000613,Matthew Kellahan,-1,,3,International,N,L
78,937717,20156,Sonatane Takulua,750,Tonga,175.72,175.72,255,1,66,33,0,0,47,Playmaker Options,671,Halfback at Breakdown,675,Playmaker Option - Pass,0,,0,,0,,0,,0,,0,,0,,0,,0,0,0,0,1899-12-30T00:03:06Z,2,4,0,0,0,950,Samoa,750,Tonga,05/08/2023,15:00,13,9,34,9,0,0,70,Apia Park,-1,NA,1,2023,09,9,Scrum Half,0,,0,,271,Angus Gardner,1000642,Damon Murphy,1000613,Matthew Kellahan,-1,,3,International,N,L
79,937717,20156,Sonatane Takulua,750,Tonga,176.08,176.76,256,1,66,33,63,20,3,Pass,169,Complete,0,,686,Medium Pass,681,Left Pass,700,0th Receiver,0,,0,,0,,0,,0,,13,13,3,0,1899-12-30T00:03:06Z,2,4,0,0,0,950,Samoa,750,Tonga,05/08/2023,15:00,13,9,34,9,0,0,70,Apia Park,-1,NA,1,2023,09,9,Scrum Half,0,,0,,271,Angus Gardner,1000642,Damon Murphy,1000613,Matthew Kellahan,-1,,3,International,N,L
80,937717,11292,Steve Mafi,750,Tonga,176.76,176.76,256,1,63,20,0,0,18,Collection,631,General Catch,0,,0,,0,,0,,0,,0,,0,,0,,0,,0,0,0,0,1899-12-30T00:03:07Z,2,4,0,0,0,950,Samoa,750,Tonga,05/08/2023,15:00,13,9,34,9,0,0,70,Apia Park,-1,NA,1,2023,05,5,Lock (5),0,,0,,271,Angus Gardner,1000642,Damon Murphy,1000613,Matthew Kellahan,-1,,3,International,N,L
81,937717,11292,Steve Mafi,750,Tonga,176.76,176.76,256,1,63,20,0,0,47,Playmaker Options,656,First Receiver,673,Playmaker Option - Carry,0,,0,,0,,0,,0,,0,,0,,0,,0,0,0,0,1899-12-30T00:03:07Z,2,4,0,0,0,950,Samoa,750,Tonga,05/08/2023,15:00,13,9,34,9,0,0,70,Apia Park,-1,NA,1,2023,05,5,Lock (5),0,,0,,271,Angus Gardner,1000642,Damon Murphy,1000613,Matthew Kellahan,-1,,3,International,N,L
82,937717,11292,Steve Mafi,750,Tonga,176.76,178.32,256,1,63,20,68,17,1,Carry,101,One Out Drive,108,Tackled Neutral,110,Neutral Gain line,461,Neutral Contact,501,1 Tacklers Committed,701,1st Receiver,0,,0,,0,,0,,0,4,2,2,1899-12-30T00:03:07Z,2,4,0,0,0,950,Samoa,750,Tonga,05/08/2023,15:00,13,9,34,9,0,0,70,Apia Park,-1,NA,1,2023,05,5,Lock (5),0,,0,,271,Angus Gardner,1000642,Damon Murphy,1000613,Matthew Kellahan,-1,,3,International,N,L
83,937717,19601,Ulupano Seuteni,950,Samoa,177.48,177.48,257,1,35,50,0,0,2,Tackle,144,Line,153,Complete,0,,474,Neutral Tackle,708,1st Tackler,0,,0,,0,,0,,0,,0,0,0,0,1899-12-30T00:03:08Z,2,4,0,0,0,950,Samoa,750,Tonga,05/08/2023,15:00,13,9,34,9,0,0,70,Apia Park,-1,NA,1,2023,13,13,Outside Centre,0,,0,,271,Angus Gardner,1000642,Damon Murphy,1000613,Matthew Kellahan,-1,,3,International,Y,W
84,937717,27662,Sama Malolo,950,Samoa,178.16,178.16,258,1,35,50,0,0,40,Defensive Action,560,Tackle Arrival,0,,0,,0,,0,,0,,0,,0,,0,,0,,0,0,0,0,1899-12-30T00:03:09Z,2,4,0,0,0,950,Samoa,750,Tonga,05/08/2023,15:00,13,9,34,9,0,0,70,Apia Park,-1,NA,1,2023,02,2,Hooker,0,,0,,271,Angus Gardner,1000642,Damon Murphy,1000613,Matthew Kellahan,-1,,3,International,Y,W
85,937717,11292,Steve Mafi,750,Tonga,178.32,181.64,258,1,68,17,0,0,23,Ruck,0,,401,Won Outright,550,Equal to Previous  Gainline,555,3-4 Seconds,665,Close Left Blindside Movement Ruck,0,,0,,0,,0,,0,,0,0,-2,3,1899-12-30T00:03:09Z,2,4,0,0,0,950,Samoa,750,Tonga,05/08/2023,15:00,13,9,34,9,0,0,70,Apia Park,-1,NA,1,2023,05,5,Lock (5),0,,0,,271,Angus Gardner,1000642,Damon Murphy,1000613,Matthew Kellahan,-1,,3,International,N,L
86,937717,28270,Tanginoa Halaifonua,750,Tonga,179.08,179.08,259,1,68,17,0,0,43,Ruck OOA,572,Cleaned Out,583,Own Team 1st Entry,588,OOA Entry 1st Entry- Att,632,Attacking OOA,0,1,0,,0,,0,,0,,0,,0,0,0,0,1899-12-30T00:03:06Z,2,4,0,0,0,950,Samoa,750,Tonga,05/08/2023,15:00,13,9,34,9,0,0,70,Apia Park,-1,NA,1,2023,06,6,Blindside Flanker,0,,0,,271,Angus Gardner,1000642,Damon Murphy,1000613,Matthew Kellahan,-1,,3,International,N,L
87,937717,27662,Sama Malolo,950,Samoa,179.32,179.32,259,1,33,51,0,0,43,Ruck OOA,578,Got Cleaned Out,583,Own Team 1st Entry,603,OOA Entry 1st Entry- Def,633,Defensive OOA,0,1,0,,0,,0,,0,,0,,0,0,0,0,1899-12-30T00:03:06Z,2,4,0,0,0,950,Samoa,750,Tonga,05/08/2023,15:00,13,9,34,9,0,0,70,Apia Park,-1,NA,1,2023,02,2,Hooker,0,,0,,271,Angus Gardner,1000642,Damon Murphy,1000613,Matthew Kellahan,-1,,3,International,Y,W
88,937717,26114,Leva Fifita,750,Tonga,180.68,180.68,300,1,68,17,0,0,43,Ruck OOA,574,Secured,584,Own Team 2nd Entry,589,OOA Entry 2nd Entry- Att,632,Attacking OOA,0,2,0,,0,,0,,0,,0,,0,0,0,0,1899-12-30T00:03:07Z,2,4,0,0,0,950,Samoa,750,Tonga,05/08/2023,15:00,13,9,34,9,0,0,70,Apia Park,-1,NA,1,2023,04,4,Lock (4),0,,0,,271,Angus Gardner,1000642,Damon Murphy,1000613,Matthew Kellahan,-1,,3,International,N,L
89,937717,20156,Sonatane Takulua,750,Tonga,181.64,181.64,301,1,67,17,0,0,18,Collection,631,General Catch,0,,0,,0,,0,,0,,0,,0,,0,,0,,0,0,0,0,1899-12-30T00:03:12Z,3,4,0,0,0,950,Samoa,750,Tonga,05/08/2023,15:00,13,9,34,9,0,0,70,Apia Park,-1,NA,1,2023,09,9,Scrum Half,0,,0,,271,Angus Gardner,1000642,Damon Murphy,1000613,Matthew Kellahan,-1,,3,International,N,L
90,937717,20156,Sonatane Takulua,750,Tonga,181.64,181.64,301,1,67,17,0,0,47,Playmaker Options,671,Halfback at Breakdown,675,Playmaker Option - Pass,0,,0,,0,,0,,0,,0,,0,,0,,0,0,0,0,1899-12-30T00:03:12Z,3,4,0,0,0,950,Samoa,750,Tonga,05/08/2023,15:00,13,9,34,9,0,0,70,Apia Park,-1,NA,1,2023,09,9,Scrum Half,0,,0,,271,Angus Gardner,1000642,Damon Murphy,1000613,Matthew Kellahan,-1,,3,International,N,L
91,937717,20156,Sonatane Takulua,750,Tonga,182.04,182.48,302,1,67,17,63,14,3,Pass,169,Complete,0,,679,Short Pass,681,Left Pass,700,0th Receiver,0,,0,,0,,0,,0,,3,5,4,0,1899-12-30T00:03:12Z,3,4,0,0,0,950,Samoa,750,Tonga,05/08/2023,15:00,13,9,34,9,0,0,70,Apia Park,-1,NA,1,2023,09,9,Scrum Half,0,,0,,271,Angus Gardner,1000642,Damon Murphy,1000613,Matthew Kellahan,-1,,3,International,N,L
92,937717,18807,Ben Tameifuna,750,Tonga,182.48,182.48,302,1,63,14,0,0,18,Collection,631,General Catch,0,,0,,0,,0,,0,,0,,0,,0,,0,,0,0,0,0,1899-12-30T00:03:13Z,3,4,0,0,0,950,Samoa,750,Tonga,05/08/2023,15:00,13,9,34,9,0,0,70,Apia Park,-1,NA,1,2023,03,3,Tighthead Prop,0,,0,,271,Angus Gardner,1000642,Damon Murphy,1000613,Matthew Kellahan,-1,,3,International,N,L
93,937717,18807,Ben Tameifuna,750,Tonga,182.48,182.48,302,1,63,14,0,0,47,Playmaker Options,656,First Receiver,673,Playmaker Option - Carry,0,,0,,0,,0,,0,,0,,0,,0,,0,0,0,0,1899-12-30T00:03:13Z,3,4,0,0,0,950,Samoa,750,Tonga,05/08/2023,15:00,13,9,34,9,0,0,70,Apia Park,-1,NA,1,2023,03,3,Tighthead Prop,0,,0,,271,Angus Gardner,1000642,Damon Murphy,1000613,Matthew Kellahan,-1,,3,International,N,L
94,937717,18807,Ben Tameifuna,750,Tonga,182.48,184.72,302,1,63,14,66,14,1,Carry,101,One Out Drive,210,Penalty Won,111,Failed Gain line,461,Neutral Contact,502,2 Tacklers Committed,701,1st Receiver,0,,0,,0,,0,,0,3,0,0,1899-12-30T00:03:13Z,3,4,0,0,0,950,Samoa,750,Tonga,05/08/2023,15:00,13,9,34,9,0,0,70,Apia Park,-1,NA,1,2023,03,3,Tighthead Prop,0,,0,,271,Angus Gardner,1000642,Damon Murphy,1000613,Matthew Kellahan,-1,,3,International,N,L
95,937717,18506,Steven Luatua,950,Samoa,183.16,183.16,303,1,34,54,0,0,2,Tackle,144,Line,153,Complete,0,,474,Neutral Tackle,708,1st Tackler,0,,0,,0,,0,,0,,0,0,0,0,1899-12-30T00:03:14Z,3,4,0,0,0,950,Samoa,750,Tonga,05/08/2023,15:00,13,9,34,9,0,0,70,Apia Park,-1,NA,1,2023,08,8,Number 8,0,,0,,271,Angus Gardner,1000642,Damon Murphy,1000613,Matthew Kellahan,-1,,3,International,Y,W
96,937717,21998,Michael Alaalatoa,950,Samoa,183.28,183.28,303,1,34,54,0,0,2,Tackle,144,Line,157,Pen Conceded,441,Assist,474,Neutral Tackle,709,2nd Tackler,0,,0,,0,,0,,0,,0,0,0,0,1899-12-30T00:03:14Z,3,4,0,0,0,950,Samoa,750,Tonga,05/08/2023,15:00,13,9,34,9,0,0,70,Apia Park,-1,NA,1,2023,03,3,Tighthead Prop,0,,0,,271,Angus Gardner,1000642,Damon Murphy,1000613,Matthew Kellahan,-1,,3,International,Y,W
97,937717,21998,Michael Alaalatoa,950,Samoa,184.68,184.68,304,1,34,54,0,0,7,Penalty Conceded,345,Foul Play - Dangerous Throw,236,No Action,215,Defence,233,Full Penalty,0,,0,,0,,0,,0,,0,,0,0,0,0,1899-12-30T00:03:16Z,3,4,0,0,0,950,Samoa,750,Tonga,05/08/2023,15:00,13,9,34,9,0,0,70,Apia Park,-1,NA,1,2023,03,3,Tighthead Prop,0,,0,,271,Angus Gardner,1000642,Damon Murphy,1000613,Matthew Kellahan,-1,,3,International,Y,W
98,937717,18807,Ben Tameifuna,750,Tonga,184.72,186.52,304,1,66,14,0,0,23,Ruck,0,,452,Unplayable,549,Behind Previous Gainline,559,N/A Ruck Speed,676,N/A Movement Ruck,0,,0,,0,,0,,0,,0,0,0,0,1899-12-30T00:03:15Z,3,4,0,0,0,950,Samoa,750,Tonga,05/08/2023,15:00,13,9,34,9,0,0,70,Apia Park,-1,NA,1,2023,03,3,Tighthead Prop,0,,0,,271,Angus Gardner,1000642,Damon Murphy,1000613,Matthew Kellahan,-1,,3,International,N,L
99,937717,0,,750,Tonga,167.76,186.52,306,1,76,68,66,14,15,Possession,306,Lineout,316,Pen Won,0,,684,Fails to enter into Opposition 22,0,,0,,0,,0,,0,,0,,-10,0,0,0,1899-12-30T00:02:58Z,3,4,0,0,0,950,Samoa,750,Tonga,05/08/2023,15:00,13,9,34,9,0,0,70,Apia Park,-1,NA,1,2023,,,,0,,0,,271,Angus Gardner,1000642,Damon Murphy,1000613,Matthew Kellahan,-1,,3,International,N,L
100,937717,0,,750,Tonga,167.76,186.52,306,1,76,68,66,14,26,Sequences,306,Lineout,316,Pen Won,0,,0,,0,,0,,0,,0,,0,,0,,-10,0,0,0,1899-12-30T00:02:58Z,3,4,0,0,0,950,Samoa,750,Tonga,05/08/2023,15:00,13,9,34,9,0,0,70,Apia Park,-1,NA,1,2023,,,,0,,0,,271,Angus Gardner,1000642,Damon Murphy,1000613,Matthew Kellahan,-1,,3,International,N,L
101,937717,0,,950,Samoa,230.44,236.44,350,1,66,14,0,0,17,Period,0,Period,0,,0,,0,,0,,0,,0,,0,,0,,0,,0,0,0,0,1899-12-30T00:03:48Z,3,4,0,0,0,950,Samoa,750,Tonga,05/08/2023,15:00,13,9,34,9,0,0,70,Apia Park,-1,NA,1,2023,,,,0,,0,,271,Angus Gardner,1000642,Damon Murphy,1000613,Matthew Kellahan,-1,,3,International,Y,W
102,937717,39118,William Havili,750,Tonga,299.12,302.92,453,1,68,15,105,35,11,Goal Kick,297,Penalty Goal,299,Goal Kicked,0,,0,,0,,0,,0,,0,,0,,0,,32,38,0,0,1899-12-30T00:05:09Z,1,4,0,0,-3,950,Samoa,750,Tonga,05/08/2023,15:00,13,9,34,9,0,0,70,Apia Park,-1,NA,1,2023,10,10,Fly Half,0,,0,,271,Angus Gardner,1000642,Damon Murphy,1000613,Matthew Kellahan,-1,,3,International,N,L
103,937717,0,,750,Tonga,299.12,302.92,457,1,68,15,105,35,26,Sequences,781,Penalty Goal,783,Penalty Goal Scored,0,,0,,0,,0,,0,,0,,0,,0,,32,0,0,0,1899-12-30T00:05:09Z,1,4,0,0,-3,950,Samoa,750,Tonga,05/08/2023,15:00,13,9,34,9,0,0,70,Apia Park,-1,NA,1,2023,,,,0,,0,,271,Angus Gardner,1000642,Damon Murphy,1000613,Matthew Kellahan,-1,,3,International,N,L
104,937717,25212,D'Angelo Leuila,950,Samoa,326.52,330.68,520,1,50,35,84,61,14,Restart,281,50m Restart,286,Restart Opp Collection,288,Long,753,Kicked Right,0,,0,,0,,0,,0,,0,,34,44,27,0,1899-12-30T00:05:37Z,1,4,0,0,-3,950,Samoa,750,Tonga,05/08/2023,15:00,13,9,34,9,0,3,70,Apia Park,-1,NA,1,2023,10,10,Fly Half,0,,0,,271,Angus Gardner,1000642,Damon Murphy,1000613,Matthew Kellahan,-1,,3,International,Y,W
105,937717,9726,Afusipa Taumoepeau,750,Tonga,330.68,330.68,524,1,16,7,0,0,18,Collection,275,Restart Catch,277,Success,0,,0,,0,,0,,0,,0,,0,,0,,0,0,0,0,1899-12-30T00:05:41Z,1,5,0,0,-3,950,Samoa,750,Tonga,05/08/2023,15:00,13,9,34,9,0,3,70,Apia Park,-1,NA,1,2023,11,11,Left Wing,0,,0,,271,Angus Gardner,1000642,Damon Murphy,1000613,Matthew Kellahan,-1,,3,International,N,L
106,937717,0,,750,Tonga,330.68,330.68,524,1,16,7,0,0,45,Defensive Exits,628,Failed Exit From 22,0,,0,,0,,0,,0,,0,,0,,0,,0,,0,0,0,0,1899-12-30T00:05:41Z,1,5,0,0,-3,950,Samoa,750,Tonga,05/08/2023,15:00,13,9,34,9,0,3,70,Apia Park,-1,NA,1,2023,,,,0,,0,,271,Angus Gardner,1000642,Damon Murphy,1000613,Matthew Kellahan,-1,,3,International,N,L
107,937717,9726,Afusipa Taumoepeau,750,Tonga,330.68,332.04,524,1,16,7,10,8,1,Carry,105,Restart Return,409,Tackled Ineffective,111,Failed Gain line,462,Ineffective Contact,501,1 Tacklers Committed,700,0th Receiver,0,,0,,0,,0,,0,0,0,0,1899-12-30T00:05:41Z,1,5,0,0,-3,950,Samoa,750,Tonga,05/08/2023,15:00,13,9,34,9,0,3,70,Apia Park,-1,NA,1,2023,11,11,Left Wing,0,,0,,271,Angus Gardner,1000642,Damon Murphy,1000613,Matthew Kellahan,-1,,3,International,N,L
108,937717,20546,Nigel Ah Wong,950,Samoa,331.36,331.36,525,1,84,61,0,0,2,Tackle,142,Chase,159,Sack,0,,473,Dominant Tackle,708,1st Tackler,0,,0,,0,,0,,0,,0,0,0,0,1899-12-30T00:05:42Z,1,5,0,0,-3,950,Samoa,750,Tonga,05/08/2023,15:00,13,9,34,9,0,3,70,Apia Park,-1,NA,1,2023,14,14,Right Wing,0,,0,,271,Angus Gardner,1000642,Damon Murphy,1000613,Matthew Kellahan,-1,,3,International,Y,W
109,937717,9726,Afusipa Taumoepeau,750,Tonga,332.04,338.12,526,1,10,8,0,0,23,Ruck,0,,404,Penalty Conceded,551,N/A Gainline,559,N/A Ruck Speed,676,N/A Movement Ruck,0,,0,,0,,0,,0,,0,0,0,0,1899-12-30T00:05:42Z,1,5,0,0,-3,950,Samoa,750,Tonga,05/08/2023,15:00,13,9,34,9,0,3,70,Apia Park,-1,NA,1,2023,11,11,Left Wing,0,,0,,271,Angus Gardner,1000642,Damon Murphy,1000613,Matthew Kellahan,-1,,3,International,N,L
110,937717,22603,Duncan Paia'aua,950,Samoa,333.04,333.04,527,1,90,60,0,0,43,Ruck OOA,576,Nuisance,583,Own Team 1st Entry,603,OOA Entry 1st Entry- Def,633,Defensive OOA,0,1,0,,0,,0,,0,,0,,0,0,0,0,1899-12-30T00:05:37Z,1,5,0,0,-3,950,Samoa,750,Tonga,05/08/2023,15:00,13,9,34,9,0,3,70,Apia Park,-1,NA,1,2023,12,12,Inside Centre,0,,0,,271,Angus Gardner,1000642,Damon Murphy,1000613,Matthew Kellahan,-1,,3,International,Y,W
111,937717,20546,Nigel Ah Wong,950,Samoa,333.08,333.08,527,1,90,60,0,0,43,Ruck OOA,576,Nuisance,584,Own Team 2nd Entry,604,OOA Entry 2nd Entry- Def,633,Defensive OOA,0,2,0,,0,,0,,0,,0,,0,0,0,0,1899-12-30T00:05:37Z,1,5,0,0,-3,950,Samoa,750,Tonga,05/08/2023,15:00,13,9,34,9,0,3,70,Apia Park,-1,NA,1,2023,14,14,Right Wing,0,,0,,271,Angus Gardner,1000642,Damon Murphy,1000613,Matthew Kellahan,-1,,3,International,Y,W
112,937717,29249,Sione Havili Talitui,750,Tonga,333.28,333.28,527,1,10,8,0,0,43,Ruck OOA,573,Failed Clearout,583,Own Team 1st Entry,588,OOA Entry 1st Entry- Att,632,Attacking OOA,0,1,0,,0,,0,,0,,0,,0,0,0,0,1899-12-30T00:05:37Z,1,5,0,0,-3,950,Samoa,750,Tonga,05/08/2023,15:00,13,9,34,9,0,3,70,Apia Park,-1,NA,1,2023,07,7,Openside Flanker,0,,0,,271,Angus Gardner,1000642,Damon Murphy,1000613,Matthew Kellahan,-1,,3,International,N,L
113,937717,21998,Michael Alaalatoa,950,Samoa,334.16,334.16,528,1,90,60,0,0,43,Ruck OOA,576,Nuisance,585,Own Team 3rd Entry,605,OOA Entry 3rd Entry- Def,633,Defensive OOA,0,3,0,,0,,0,,0,,0,,0,0,0,0,1899-12-30T00:05:38Z,1,5,0,0,-3,950,Samoa,750,Tonga,05/08/2023,15:00,13,9,34,9,0,3,70,Apia Park,-1,NA,1,2023,03,3,Tighthead Prop,0,,0,,271,Angus Gardner,1000642,Damon Murphy,1000613,Matthew Kellahan,-1,,3,International,Y,W
114,937717,11292,Steve Mafi,750,Tonga,335.12,335.12,529,1,10,8,0,0,43,Ruck OOA,573,Failed Clearout,584,Own Team 2nd Entry,589,OOA Entry 2nd Entry- Att,632,Attacking OOA,0,2,0,,0,,0,,0,,0,,0,0,0,0,1899-12-30T00:05:39Z,1,5,0,0,-3,950,Samoa,750,Tonga,05/08/2023,15:00,13,9,34,9,0,3,70,Apia Park,-1,NA,1,2023,05,5,Lock (5),0,,0,,271,Angus Gardner,1000642,Damon Murphy,1000613,Matthew Kellahan,-1,,3,International,N,L
115,937717,18807,Ben Tameifuna,750,Tonga,336.60,336.60,530,1,10,8,0,0,43,Ruck OOA,581,Penalty Conceded,585,Own Team 3rd Entry,590,OOA Entry 3rd Entry- Att,632,Attacking OOA,0,3,0,,0,,0,,0,,0,,0,0,0,0,1899-12-30T00:05:40Z,1,5,0,0,-3,950,Samoa,750,Tonga,05/08/2023,15:00,13,9,34,9,0,3,70,Apia Park,-1,NA,1,2023,03,3,Tighthead Prop,0,,0,,271,Angus Gardner,1000642,Damon Murphy,1000613,Matthew Kellahan,-1,,3,International,N,L
116,937717,18807,Ben Tameifuna,750,Tonga,336.96,336.96,531,1,10,8,0,0,7,Penalty Conceded,421,Wrong Side at Ruck,236,No Action,214,Offence,233,Full Penalty,0,,0,,0,,0,,0,,0,,0,0,0,0,1899-12-30T00:05:47Z,1,5,0,0,-3,950,Samoa,750,Tonga,05/08/2023,15:00,13,9,34,9,0,3,70,Apia Park,-1,NA,1,2023,03,3,Tighthead Prop,0,,0,,271,Angus Gardner,1000642,Damon Murphy,1000613,Matthew Kellahan,-1,,3,International,N,L
117,937717,0,,950,Samoa,326.52,338.12,532,1,50,35,90,60,26,Sequences,307,50m Restart,319,Pen Con,0,,0,,0,,0,,0,,0,,0,,0,,40,0,0,0,1899-12-30T00:05:37Z,1,5,0,0,-3,950,Samoa,750,Tonga,05/08/2023,15:00,13,9,34,9,0,3,70,Apia Park,-1,NA,1,2023,,,,0,,0,,271,Angus Gardner,1000642,Damon Murphy,1000613,Matthew Kellahan,-1,,3,International,Y,W
118,937717,0,,750,Tonga,330.68,338.12,532,1,16,7,10,8,15,Possession,307,50m Restart,319,Pen Con,0,,684,Fails to enter into Opposition 22,0,,0,,0,,0,,0,,0,,-5,0,0,0,1899-12-30T00:05:41Z,1,5,0,0,-3,950,Samoa,750,Tonga,05/08/2023,15:00,13,9,34,9,0,3,70,Apia Park,-1,NA,1,2023,,,,0,,0,,271,Angus Gardner,1000642,Damon Murphy,1000613,Matthew Kellahan,-1,,3,International,N,L
119,937717,25212,D'Angelo Leuila,950,Samoa,359.12,360.12,553,1,88,62,95,68,4,Kick,347,Touch Kick,193,Kick in Touch (Full),148,Penalty Kick,0,,0,,0,,0,,0,,0,,0,,7,9,0,0,1899-12-30T00:06:09Z,1,5,0,0,-3,950,Samoa,750,Tonga,05/08/2023,15:00,13,9,34,9,0,3,70,Apia Park,-1,NA,1,2023,10,10,Fly Half,0,,0,,271,Angus Gardner,1000642,Damon Murphy,1000613,Matthew Kellahan,-1,,3,International,Y,W
120,937717,0,,950,Samoa,359.12,393.96,553,1,88,62,98,35,46,Attacking 22 Entry,646,22 Entry Outcome - Turnover,0,,0,,0,,0,,0,,0,,0,,0,,0,,0,0,0,0,1899-12-30T00:06:09Z,1,5,0,0,-3,950,Samoa,750,Tonga,05/08/2023,15:00,13,9,34,9,0,3,70,Apia Park,-1,NA,1,2023,,,,0,,0,,271,Angus Gardner,1000642,Damon Murphy,1000613,Matthew Kellahan,-1,,3,International,Y,W
121,937717,0,,950,Samoa,359.12,360.12,554,1,88,62,95,68,26,Sequences,780,Penalty Kick Touch,415,Own Lineout,0,,0,,0,,0,,0,,0,,0,,0,,7,0,0,0,1899-12-30T00:06:09Z,1,5,0,0,-3,950,Samoa,750,Tonga,05/08/2023,15:00,13,9,34,9,0,3,70,Apia Park,-1,NA,1,2023,,,,0,,0,,271,Angus Gardner,1000642,Damon Murphy,1000613,Matthew Kellahan,-1,,3,International,Y,W
122,937717,27662,Sama Malolo,950,Samoa,377.80,378.76,611,1,95,68,95,58,6,Lineout Throw,372,Throw Middle,376,Won Clean Catch,208,Catch and Pass,0,7,663,Close Left Open Movement Lineout,732,7 Players,724,Halfback in Position,0,,0,,0,,10,0,-1,6,1899-12-30T00:06:28Z,1,6,0,0,-3,950,Samoa,750,Tonga,05/08/2023,15:00,13,9,34,9,0,3,70,Apia Park,-1,NA,1,2023,02,2,Hooker,0,,0,,271,Angus Gardner,1000642,Damon Murphy,1000613,Matthew Kellahan,-1,,3,International,Y,W
123,937717,20766,Chris Vui,950,Samoa,378.76,378.76,612,1,95,58,0,0,27,Lineout Take,387,Lineout Win Middle,376,Won Clean,208,Catch and Pass,396,Clean Catch,0,,0,,0,,0,,0,,0,,0,0,0,0,1899-12-30T00:06:29Z,1,6,0,0,-3,950,Samoa,750,Tonga,05/08/2023,15:00,13,9,34,9,0,3,70,Apia Park,-1,NA,1,2023,05,5,Lock (5),0,,0,,271,Angus Gardner,1000642,Damon Murphy,1000613,Matthew Kellahan,-1,,3,International,Y,W
124,937717,20766,Chris Vui,950,Samoa,379.80,379.96,613,1,95,58,93,58,3,Pass,169,Complete,0,,679,Short Pass,687,Neutral Pass,700,0th Receiver,0,,0,,0,,0,,0,,0,2,2,0,1899-12-30T00:06:30Z,1,6,0,0,-3,950,Samoa,750,Tonga,05/08/2023,15:00,13,9,34,9,0,3,70,Apia Park,-1,NA,1,2023,05,5,Lock (5),0,,0,,271,Angus Gardner,1000642,Damon Murphy,1000613,Matthew Kellahan,-1,,3,International,Y,W
125,937717,10607,Jack Lam,950,Samoa,379.96,379.96,614,1,93,58,0,0,18,Collection,631,General Catch,0,,0,,0,,0,,0,,0,,0,,0,,0,,0,0,0,0,1899-12-30T00:06:30Z,1,6,0,0,-3,950,Samoa,750,Tonga,05/08/2023,15:00,13,9,34,9,0,3,70,Apia Park,-1,NA,1,2023,07,7,Openside Flanker,0,,0,,271,Angus Gardner,1000642,Damon Murphy,1000613,Matthew Kellahan,-1,,3,International,Y,W
126,937717,10607,Jack Lam,950,Samoa,380.56,380.92,614,1,93,58,91,52,3,Pass,169,Complete,0,,686,Medium Pass,681,Left Pass,701,1st Receiver,0,,0,,0,,0,,0,,7,7,3,0,1899-12-30T00:06:31Z,1,6,0,0,-3,950,Samoa,750,Tonga,05/08/2023,15:00,13,9,34,9,0,3,70,Apia Park,-1,NA,1,2023,07,7,Openside Flanker,0,,0,,271,Angus Gardner,1000642,Damon Murphy,1000613,Matthew Kellahan,-1,,3,International,Y,W
127,937717,18506,Steven Luatua,950,Samoa,380.92,380.92,615,1,91,52,0,0,18,Collection,631,General Catch,0,,0,,0,,0,,0,,0,,0,,0,,0,,0,0,0,0,1899-12-30T00:06:31Z,1,6,0,0,-3,950,Samoa,750,Tonga,05/08/2023,15:00,13,9,34,9,0,3,70,Apia Park,-1,NA,1,2023,08,8,Number 8,0,,0,,271,Angus Gardner,1000642,Damon Murphy,1000613,Matthew Kellahan,-1,,3,International,Y,W
128,937717,18506,Steven Luatua,950,Samoa,380.92,382.56,615,1,91,52,94,52,1,Carry,101,One Out Drive,108,Tackled Neutral,111,Failed Gain line,461,Neutral Contact,501,1 Tacklers Committed,702,2nd Receiver,0,,0,,0,,0,,0,3,1,1,1899-12-30T00:06:31Z,1,6,0,0,-3,950,Samoa,750,Tonga,05/08/2023,15:00,13,9,34,9,0,3,70,Apia Park,-1,NA,1,2023,08,8,Number 8,0,,0,,271,Angus Gardner,1000642,Damon Murphy,1000613,Matthew Kellahan,-1,,3,International,Y,W
129,937717,29249,Sione Havili Talitui,750,Tonga,382.12,382.12,616,1,7,17,0,0,2,Tackle,147,Other,153,Complete,0,,474,Neutral Tackle,708,1st Tackler,0,,0,,0,,0,,0,,0,0,0,0,1899-12-30T00:06:32Z,1,6,0,0,-3,950,Samoa,750,Tonga,05/08/2023,15:00,13,9,34,9,0,3,70,Apia Park,-1,NA,1,2023,07,7,Openside Flanker,0,,0,,271,Angus Gardner,1000642,Damon Murphy,1000613,Matthew Kellahan,-1,,3,International,N,L
130,937717,20156,Sonatane Takulua,750,Tonga,382.40,382.40,616,1,7,17,0,0,40,Defensive Action,560,Tackle Arrival,0,,0,,0,,0,,0,,0,,0,,0,,0,,0,0,0,0,1899-12-30T00:06:32Z,1,6,0,0,-3,950,Samoa,750,Tonga,05/08/2023,15:00,13,9,34,9,0,3,70,Apia Park,-1,NA,1,2023,09,9,Scrum Half,0,,0,,271,Angus Gardner,1000642,Damon Murphy,1000613,Matthew Kellahan,-1,,3,International,N,L
131,937717,18506,Steven Luatua,950,Samoa,382.56,384.48,616,1,94,52,0,0,23,Ruck,0,,401,Won Outright,549,Behind Previous Gainline,553,1-2 Seconds,661,Mid Left Open Movement Ruck,0,,0,,0,,0,,0,,0,0,3,12,1899-12-30T00:06:33Z,1,6,0,0,-3,950,Samoa,750,Tonga,05/08/2023,15:00,13,9,34,9,0,3,70,Apia Park,-1,NA,1,2023,08,8,Number 8,0,,0,,271,Angus Gardner,1000642,Damon Murphy,1000613,Matthew Kellahan,-1,,3,International,Y,W
132,937717,22603,Duncan Paia'aua,950,Samoa,383.64,383.64,617,1,94,52,0,0,43,Ruck OOA,574,Secured,583,Own Team 1st Entry,588,OOA Entry 1st Entry- Att,632,Attacking OOA,0,1,0,,0,,0,,0,,0,,0,0,0,0,1899-12-30T00:06:32Z,1,6,0,0,-3,950,Samoa,750,Tonga,05/08/2023,15:00,13,9,34,9,0,3,70,Apia Park,-1,NA,1,2023,12,12,Inside Centre,0,,0,,271,Angus Gardner,1000642,Damon Murphy,1000613,Matthew Kellahan,-1,,3,International,Y,W
133,937717,27662,Sama Malolo,950,Samoa,383.68,383.68,617,1,94,52,0,0,43,Ruck OOA,574,Secured,584,Own Team 2nd Entry,589,OOA Entry 2nd Entry- Att,632,Attacking OOA,0,2,0,,0,,0,,0,,0,,0,0,0,0,1899-12-30T00:06:32Z,1,6,0,0,-3,950,Samoa,750,Tonga,05/08/2023,15:00,13,9,34,9,0,3,70,Apia Park,-1,NA,1,2023,02,2,Hooker,0,,0,,271,Angus Gardner,1000642,Damon Murphy,1000613,Matthew Kellahan,-1,,3,International,Y,W
134,937717,23399,Jonathan Taumateine,950,Samoa,384.48,384.48,618,1,93,52,0,0,18,Collection,631,General Catch,0,,0,,0,,0,,0,,0,,0,,0,,0,,0,0,0,0,1899-12-30T00:06:35Z,2,6,0,0,-3,950,Samoa,750,Tonga,05/08/2023,15:00,13,9,34,9,0,3,70,Apia Park,-1,NA,1,2023,09,9,Scrum Half,0,,0,,271,Angus Gardner,1000642,Damon Murphy,1000613,Matthew Kellahan,-1,,3,International,Y,W
135,937717,23399,Jonathan Taumateine,950,Samoa,384.48,384.48,618,1,93,52,0,0,47,Playmaker Options,671,Halfback at Breakdown,675,Playmaker Option - Pass,0,,0,,0,,0,,0,,0,,0,,0,,0,0,0,0,1899-12-30T00:06:35Z,2,6,0,0,-3,950,Samoa,750,Tonga,05/08/2023,15:00,13,9,34,9,0,3,70,Apia Park,-1,NA,1,2023,09,9,Scrum Half,0,,0,,271,Angus Gardner,1000642,Damon Murphy,1000613,Matthew Kellahan,-1,,3,International,Y,W
136,937717,23399,Jonathan Taumateine,950,Samoa,384.64,385.48,618,1,94,51,90,45,3,Pass,169,Complete,0,,686,Medium Pass,681,Left Pass,700,0th Receiver,0,,0,,0,,0,,0,,6,7,3,0,1899-12-30T00:06:35Z,2,6,0,0,-3,950,Samoa,750,Tonga,05/08/2023,15:00,13,9,34,9,0,3,70,Apia Park,-1,NA,1,2023,09,9,Scrum Half,0,,0,,271,Angus Gardner,1000642,Damon Murphy,1000613,Matthew Kellahan,-1,,3,International,Y,W
137,937717,20766,Chris Vui,950,Samoa,385.48,385.48,619,1,90,45,0,0,18,Collection,631,General Catch,0,,0,,0,,0,,0,,0,,0,,0,,0,,0,0,0,0,1899-12-30T00:06:36Z,2,6,0,0,-3,950,Samoa,750,Tonga,05/08/2023,15:00,13,9,34,9,0,3,70,Apia Park,-1,NA,1,2023,05,5,Lock (5),0,,0,,271,Angus Gardner,1000642,Damon Murphy,1000613,Matthew Kellahan,-1,,3,International,Y,W
138,937717,20766,Chris Vui,950,Samoa,385.48,385.48,619,1,90,45,0,0,47,Playmaker Options,656,First Receiver,673,Playmaker Option - Carry,0,,0,,0,,0,,0,,0,,0,,0,,0,0,0,0,1899-12-30T00:06:36Z,2,6,0,0,-3,950,Samoa,750,Tonga,05/08/2023,15:00,13,9,34,9,0,3,70,Apia Park,-1,NA,1,2023,05,5,Lock (5),0,,0,,271,Angus Gardner,1000642,Damon Murphy,1000613,Matthew Kellahan,-1,,3,International,Y,W
139,937717,20766,Chris Vui,950,Samoa,385.48,387.28,619,1,90,45,97,40,1,Carry,101,One Out Drive,107,Tackled Dominant,109,Crossed Gain line,460,Dominant Contact,501,1 Tacklers Committed,701,1st Receiver,0,,0,,0,,0,,3,7,5,5,1899-12-30T00:06:36Z,2,6,0,0,-3,950,Samoa,750,Tonga,05/08/2023,15:00,13,9,34,9,0,3,70,Apia Park,-1,NA,1,2023,05,5,Lock (5),0,,0,,271,Angus Gardner,1000642,Damon Murphy,1000613,Matthew Kellahan,-1,,3,International,Y,W
140,937717,18807,Ben Tameifuna,750,Tonga,386.32,386.32,620,1,8,25,0,0,2,Tackle,144,Line,160,Passive,0,,475,Ineffective Tackle,708,1st Tackler,0,,0,,0,,0,,0,,0,0,0,0,1899-12-30T00:06:37Z,2,6,0,0,-3,950,Samoa,750,Tonga,05/08/2023,15:00,13,9,34,9,0,3,70,Apia Park,-1,NA,1,2023,03,3,Tighthead Prop,0,,0,,271,Angus Gardner,1000642,Damon Murphy,1000613,Matthew Kellahan,-1,,3,International,N,L
141,937717,20766,Chris Vui,950,Samoa,387.28,389.72,621,1,97,40,0,0,23,Ruck,0,,401,Won Outright,548,Over Previous Gainline,554,2-3 Seconds,663,Close Left Open Movement Ruck,0,,0,,0,,0,,0,,0,0,1,5,1899-12-30T00:06:38Z,2,6,0,0,-3,950,Samoa,750,Tonga,05/08/2023,15:00,13,9,34,9,0,3,70,Apia Park,-1,NA,1,2023,05,5,Lock (5),0,,0,,271,Angus Gardner,1000642,Damon Murphy,1000613,Matthew Kellahan,-1,,3,International,Y,W
142,937717,11292,Steve Mafi,750,Tonga,388.12,388.12,622,1,3,28,0,0,43,Ruck OOA,578,Got Cleaned Out,583,Own Team 1st Entry,603,OOA Entry 1st Entry- Def,633,Defensive OOA,0,1,0,,0,,0,,0,,0,,0,0,0,0,1899-12-30T00:06:36Z,2,6,0,0,-3,950,Samoa,750,Tonga,05/08/2023,15:00,13,9,34,9,0,3,70,Apia Park,-1,NA,1,2023,05,5,Lock (5),0,,0,,271,Angus Gardner,1000642,Damon Murphy,1000613,Matthew Kellahan,-1,,3,International,N,L
143,937717,20806,Brian Alainu'uese,950,Samoa,388.52,388.52,622,1,97,40,0,0,43,Ruck OOA,572,Cleaned Out,583,Own Team 1st Entry,588,OOA Entry 1st Entry- Att,632,Attacking OOA,0,1,0,,0,,0,,0,,0,,0,0,0,0,1899-12-30T00:06:36Z,2,6,0,0,-3,950,Samoa,750,Tonga,05/08/2023,15:00,13,9,34,9,0,3,70,Apia Park,-1,NA,1,2023,04,4,Lock (4),0,,0,,271,Angus Gardner,1000642,Damon Murphy,1000613,Matthew Kellahan,-1,,3,International,Y,W
144,937717,10607,Jack Lam,950,Samoa,389.72,389.72,623,1,96,40,0,0,18,Collection,631,General Catch,0,,0,,0,,0,,0,,0,,0,,0,,0,,0,0,0,0,1899-12-30T00:06:40Z,3,6,0,0,-3,950,Samoa,750,Tonga,05/08/2023,15:00,13,9,34,9,0,3,70,Apia Park,-1,NA,1,2023,07,7,Openside Flanker,0,,0,,271,Angus Gardner,1000642,Damon Murphy,1000613,Matthew Kellahan,-1,,3,International,Y,W
145,937717,10607,Jack Lam,950,Samoa,389.72,389.72,623,1,96,40,0,0,47,Playmaker Options,672,Acting Halfback at Breakdown,673,Playmaker Option - Carry,0,,0,,0,,0,,0,,0,,0,,0,,0,0,0,0,1899-12-30T00:06:40Z,3,6,0,0,-3,950,Samoa,750,Tonga,05/08/2023,15:00,13,9,34,9,0,3,70,Apia Park,-1,NA,1,2023,07,7,Openside Flanker,0,,0,,271,Angus Gardner,1000642,Damon Murphy,1000613,Matthew Kellahan,-1,,3,International,Y,W
146,937717,10607,Jack Lam,950,Samoa,389.72,391.20,623,1,96,40,98,40,1,Carry,102,Pick and Go,122,Off Load,109,Crossed Gain line,462,Ineffective Contact,501,1 Tacklers Committed,700,0th Receiver,0,,0,,0,,0,,1,2,0,0,1899-12-30T00:06:40Z,3,6,0,0,-3,950,Samoa,750,Tonga,05/08/2023,15:00,13,9,34,9,0,3,70,Apia Park,-1,NA,1,2023,07,7,Openside Flanker,0,,0,,271,Angus Gardner,1000642,Damon Murphy,1000613,Matthew Kellahan,-1,,3,International,Y,W
147,937717,9726,Afusipa Taumoepeau,750,Tonga,390.48,390.48,624,1,2,29,0,0,2,Tackle,145,Guard,155,Offload Allowed,0,,473,Dominant Tackle,708,1st Tackler,0,,0,,0,,0,,0,,0,0,0,0,1899-12-30T00:06:41Z,3,6,0,0,-3,950,Samoa,750,Tonga,05/08/2023,15:00,13,9,34,9,0,3,70,Apia Park,-1,NA,1,2023,11,11,Left Wing,0,,0,,271,Angus Gardner,1000642,Damon Murphy,1000613,Matthew Kellahan,-1,,3,International,N,L
148,937717,10607,Jack Lam,950,Samoa,391.20,391.60,625,1,98,40,96,38,3,Pass,151,Offload,128,Own Player,679,Short Pass,681,Left Pass,700,0th Receiver,0,,0,,0,,0,,0,,2,3,2,0,1899-12-30T00:06:42Z,3,6,0,0,-3,950,Samoa,750,Tonga,05/08/2023,15:00,13,9,34,9,0,3,70,Apia Park,-1,NA,1,2023,07,7,Openside Flanker,0,,0,,271,Angus Gardner,1000642,Damon Murphy,1000613,Matthew Kellahan,-1,,3,International,Y,W
149,937717,23399,Jonathan Taumateine,950,Samoa,391.60,391.60,625,1,96,38,0,0,18,Collection,631,General Catch,0,,0,,0,,0,,0,,0,,0,,0,,0,,0,0,0,0,1899-12-30T00:06:42Z,3,6,0,0,-3,950,Samoa,750,Tonga,05/08/2023,15:00,13,9,34,9,0,3,70,Apia Park,-1,NA,1,2023,09,9,Scrum Half,0,,0,,271,Angus Gardner,1000642,Damon Murphy,1000613,Matthew Kellahan,-1,,3,International,Y,W
150,937717,23399,Jonathan Taumateine,950,Samoa,392.56,393.20,626,1,96,38,98,35,3,Pass,174,Incomplete,0,,679,Short Pass,681,Left Pass,701,1st Receiver,0,,0,,0,,0,,0,,3,4,2,0,1899-12-30T00:06:43Z,3,6,0,0,-3,950,Samoa,750,Tonga,05/08/2023,15:00,13,9,34,9,0,3,70,Apia Park,-1,NA,1,2023,09,9,Scrum Half,0,,0,,271,Angus Gardner,1000642,Damon Murphy,1000613,Matthew Kellahan,-1,,3,International,Y,W
151,937717,21998,Michael Alaalatoa,950,Samoa,393.20,393.20,627,1,98,35,0,0,18,Collection,272,Attacking Loose Ball,278,Fail,0,,0,,0,,0,,0,,0,,0,,0,,0,0,0,0,1899-12-30T00:06:44Z,3,6,0,0,-3,950,Samoa,750,Tonga,05/08/2023,15:00,13,9,34,9,0,3,70,Apia Park,-1,NA,1,2023,03,3,Tighthead Prop,0,,0,,271,Angus Gardner,1000642,Damon Murphy,1000613,Matthew Kellahan,-1,,3,International,Y,W
152,937717,21998,Michael Alaalatoa,950,Samoa,393.96,393.96,628,1,98,35,0,0,8,Turnover,254,Dropped Ball Unforced,677,Error on Attack,0,,0,,0,,0,,0,,0,,0,,0,,0,0,0,0,1899-12-30T00:06:44Z,3,6,0,0,-3,950,Samoa,750,Tonga,05/08/2023,15:00,13,9,34,9,0,3,70,Apia Park,-1,NA,1,2023,03,3,Tighthead Prop,0,,0,,271,Angus Gardner,1000642,Damon Murphy,1000613,Matthew Kellahan,-1,,3,International,Y,W
153,937717,21155,Vaea Fifita,750,Tonga,395.44,395.44,629,1,2,33,0,0,18,Collection,274,Defensive Loose Ball,278,Fail,0,,0,,0,,0,,0,,0,,0,,0,,0,0,0,0,1899-12-30T00:06:46Z,3,6,0,0,-3,950,Samoa,750,Tonga,05/08/2023,15:00,13,9,34,9,0,3,70,Apia Park,-1,NA,1,2023,08,8,Number 8,0,,0,,271,Angus Gardner,1000642,Damon Murphy,1000613,Matthew Kellahan,-1,,3,International,N,L
154,937717,0,,950,Samoa,377.80,396.00,630,1,95,68,98,35,15,Possession,306,Lineout,411,Turnover (Scrum),0,,685,Starts inside Opposition 22,0,,0,,0,,0,,0,,0,,2,0,0,0,1899-12-30T00:06:28Z,3,6,0,0,-3,950,Samoa,750,Tonga,05/08/2023,15:00,13,9,34,9,0,3,70,Apia Park,-1,NA,1,2023,,,,0,,0,,271,Angus Gardner,1000642,Damon Murphy,1000613,Matthew Kellahan,-1,,3,International,Y,W
155,937717,0,,950,Samoa,377.80,396.00,630,1,95,68,98,35,26,Sequences,306,Lineout,411,Turnover (Scrum),0,,0,,0,,0,,0,,0,,0,,0,,2,0,0,0,1899-12-30T00:06:28Z,3,6,0,0,-3,950,Samoa,750,Tonga,05/08/2023,15:00,13,9,34,9,0,3,70,Apia Park,-1,NA,1,2023,,,,0,,0,,271,Angus Gardner,1000642,Damon Murphy,1000613,Matthew Kellahan,-1,,3,International,Y,W
156,937717,0,,750,Tonga,491.72,491.72,805,1,5,34,0,0,45,Defensive Exits,630,Kicked out of 22,0,,0,,0,,0,,0,,0,,0,,0,,0,,0,0,0,0,1899-12-30T00:08:22Z,1,6,0,0,-3,950,Samoa,750,Tonga,05/08/2023,15:00,13,9,34,9,0,3,70,Apia Park,-1,NA,1,2023,,,,0,,0,,271,Angus Gardner,1000642,Damon Murphy,1000613,Matthew Kellahan,-1,,3,International,N,L
157,937717,20156,Sonatane Takulua,750,Tonga,491.72,497.52,805,1,5,34,0,0,5,Scrum,0,,356,Won Free Kick,365,Neutral,0,,676,N/A Movement Scrum,0,,0,,0,,0,,0,,0,0,0,0,1899-12-30T00:08:22Z,1,6,0,0,-3,950,Samoa,750,Tonga,05/08/2023,15:00,13,9,34,9,0,3,70,Apia Park,-1,NA,1,2023,09,9,Scrum Half,0,,0,,271,Angus Gardner,1000642,Damon Murphy,1000613,Matthew Kellahan,-1,,3,International,N,L
158,937717,22136,Siegfried Fisi'ihoi,750,Tonga,491.72,497.52,805,1,5,34,0,0,28,,0,,356,Won Free Kick,365,Neutral,0,,0,,0,,0,,0,,0,,0,,0,0,0,0,1899-12-30T00:08:22Z,1,6,0,0,-3,950,Samoa,750,Tonga,05/08/2023,15:00,13,9,34,9,0,3,70,Apia Park,-1,NA,1,2023,01,1,Loosehead Prop,0,,0,,271,Angus Gardner,1000642,Damon Murphy,1000613,Matthew Kellahan,-1,,3,International,N,L
159,937717,35331,Siua Maile,750,Tonga,491.72,497.52,805,1,5,34,0,0,28,,0,,356,Won Free Kick,365,Neutral,0,,0,,0,,0,,0,,0,,0,,0,0,0,0,1899-12-30T00:08:22Z,1,6,0,0,-3,950,Samoa,750,Tonga,05/08/2023,15:00,13,9,34,9,0,3,70,Apia Park,-1,NA,1,2023,02,2,Hooker,0,,0,,271,Angus Gardner,1000642,Damon Murphy,1000613,Matthew Kellahan,-1,,3,International,N,L
160,937717,18807,Ben Tameifuna,750,Tonga,491.72,497.52,805,1,5,34,0,0,28,,0,,356,Won Free Kick,365,Neutral,0,,0,,0,,0,,0,,0,,0,,0,0,0,0,1899-12-30T00:08:22Z,1,6,0,0,-3,950,Samoa,750,Tonga,05/08/2023,15:00,13,9,34,9,0,3,70,Apia Park,-1,NA,1,2023,03,3,Tighthead Prop,0,,0,,271,Angus Gardner,1000642,Damon Murphy,1000613,Matthew Kellahan,-1,,3,International,N,L
161,937717,26114,Leva Fifita,750,Tonga,491.72,497.52,805,1,5,34,0,0,28,,0,,356,Won Free Kick,365,Neutral,0,,0,,0,,0,,0,,0,,0,,0,0,0,0,1899-12-30T00:08:22Z,1,6,0,0,-3,950,Samoa,750,Tonga,05/08/2023,15:00,13,9,34,9,0,3,70,Apia Park,-1,NA,1,2023,04,4,Lock (4),0,,0,,271,Angus Gardner,1000642,Damon Murphy,1000613,Matthew Kellahan,-1,,3,International,N,L
162,937717,11292,Steve Mafi,750,Tonga,491.72,497.52,805,1,5,34,0,0,28,,0,,356,Won Free Kick,365,Neutral,0,,0,,0,,0,,0,,0,,0,,0,0,0,0,1899-12-30T00:08:22Z,1,6,0,0,-3,950,Samoa,750,Tonga,05/08/2023,15:00,13,9,34,9,0,3,70,Apia Park,-1,NA,1,2023,05,5,Lock (5),0,,0,,271,Angus Gardner,1000642,Damon Murphy,1000613,Matthew Kellahan,-1,,3,International,N,L
163,937717,28270,Tanginoa Halaifonua,750,Tonga,491.72,497.52,805,1,5,34,0,0,28,,0,,356,Won Free Kick,365,Neutral,0,,0,,0,,0,,0,,0,,0,,0,0,0,0,1899-12-30T00:08:22Z,1,6,0,0,-3,950,Samoa,750,Tonga,05/08/2023,15:00,13,9,34,9,0,3,70,Apia Park,-1,NA,1,2023,06,6,Blindside Flanker,0,,0,,271,Angus Gardner,1000642,Damon Murphy,1000613,Matthew Kellahan,-1,,3,International,N,L
164,937717,29249,Sione Havili Talitui,750,Tonga,491.72,497.52,805,1,5,34,0,0,28,,0,,356,Won Free Kick,365,Neutral,0,,0,,0,,0,,0,,0,,0,,0,0,0,0,1899-12-30T00:08:22Z,1,6,0,0,-3,950,Samoa,750,Tonga,05/08/2023,15:00,13,9,34,9,0,3,70,Apia Park,-1,NA,1,2023,07,7,Openside Flanker,0,,0,,271,Angus Gardner,1000642,Damon Murphy,1000613,Matthew Kellahan,-1,,3,International,N,L
165,937717,21155,Vaea Fifita,750,Tonga,491.72,497.52,805,1,5,34,0,0,28,,0,,356,Won Free Kick,365,Neutral,0,,0,,0,,0,,0,,0,,0,,0,0,0,0,1899-12-30T00:08:22Z,1,6,0,0,-3,950,Samoa,750,Tonga,05/08/2023,15:00,13,9,34,9,0,3,70,Apia Park,-1,NA,1,2023,08,8,Number 8,0,,0,,271,Angus Gardner,1000642,Damon Murphy,1000613,Matthew Kellahan,-1,,3,International,N,L
166,937717,10081,Charlie Faumuina,950,Samoa,491.72,497.52,805,1,5,34,0,0,29,,0,,356,Won Free Kick,365,Neutral,0,,0,,0,,0,,0,,0,,0,,0,0,0,0,1899-12-30T00:08:22Z,1,6,0,0,-3,950,Samoa,750,Tonga,05/08/2023,15:00,13,9,34,9,0,3,70,Apia Park,-1,NA,1,2023,01,1,Loosehead Prop,0,,0,,271,Angus Gardner,1000642,Damon Murphy,1000613,Matthew Kellahan,-1,,3,International,Y,W
167,937717,27662,Sama Malolo,950,Samoa,491.72,497.52,805,1,5,34,0,0,29,,0,,356,Won Free Kick,365,Neutral,0,,0,,0,,0,,0,,0,,0,,0,0,0,0,1899-12-30T00:08:22Z,1,6,0,0,-3,950,Samoa,750,Tonga,05/08/2023,15:00,13,9,34,9,0,3,70,Apia Park,-1,NA,1,2023,02,2,Hooker,0,,0,,271,Angus Gardner,1000642,Damon Murphy,1000613,Matthew Kellahan,-1,,3,International,Y,W
168,937717,21998,Michael Alaalatoa,950,Samoa,491.72,497.52,805,1,5,34,0,0,29,,0,,356,Won Free Kick,365,Neutral,0,,0,,0,,0,,0,,0,,0,,0,0,0,0,1899-12-30T00:08:22Z,1,6,0,0,-3,950,Samoa,750,Tonga,05/08/2023,15:00,13,9,34,9,0,3,70,Apia Park,-1,NA,1,2023,03,3,Tighthead Prop,0,,0,,271,Angus Gardner,1000642,Damon Murphy,1000613,Matthew Kellahan,-1,,3,International,Y,W
169,937717,20806,Brian Alainu'uese,950,Samoa,491.72,497.52,805,1,5,34,0,0,29,,0,,356,Won Free Kick,365,Neutral,0,,0,,0,,0,,0,,0,,0,,0,0,0,0,1899-12-30T00:08:22Z,1,6,0,0,-3,950,Samoa,750,Tonga,05/08/2023,15:00,13,9,34,9,0,3,70,Apia Park,-1,NA,1,2023,04,4,Lock (4),0,,0,,271,Angus Gardner,1000642,Damon Murphy,1000613,Matthew Kellahan,-1,,3,International,Y,W
170,937717,20766,Chris Vui,950,Samoa,491.72,497.52,805,1,5,34,0,0,29,,0,,356,Won Free Kick,365,Neutral,0,,0,,0,,0,,0,,0,,0,,0,0,0,0,1899-12-30T00:08:22Z,1,6,0,0,-3,950,Samoa,750,Tonga,05/08/2023,15:00,13,9,34,9,0,3,70,Apia Park,-1,NA,1,2023,05,5,Lock (5),0,,0,,271,Angus Gardner,1000642,Damon Murphy,1000613,Matthew Kellahan,-1,,3,International,Y,W
171,937717,43727,Miracle Faiilagi,950,Samoa,491.72,497.52,805,1,5,34,0,0,29,,0,,356,Won Free Kick,365,Neutral,0,,0,,0,,0,,0,,0,,0,,0,0,0,0,1899-12-30T00:08:22Z,1,6,0,0,-3,950,Samoa,750,Tonga,05/08/2023,15:00,13,9,34,9,0,3,70,Apia Park,-1,NA,1,2023,06,6,Blindside Flanker,0,,0,,271,Angus Gardner,1000642,Damon Murphy,1000613,Matthew Kellahan,-1,,3,International,Y,W
172,937717,10607,Jack Lam,950,Samoa,491.72,497.52,805,1,5,34,0,0,29,,0,,356,Won Free Kick,365,Neutral,0,,0,,0,,0,,0,,0,,0,,0,0,0,0,1899-12-30T00:08:22Z,1,6,0,0,-3,950,Samoa,750,Tonga,05/08/2023,15:00,13,9,34,9,0,3,70,Apia Park,-1,NA,1,2023,07,7,Openside Flanker,0,,0,,271,Angus Gardner,1000642,Damon Murphy,1000613,Matthew Kellahan,-1,,3,International,Y,W
173,937717,18506,Steven Luatua,950,Samoa,491.72,497.52,805,1,5,34,0,0,29,,0,,356,Won Free Kick,365,Neutral,0,,0,,0,,0,,0,,0,,0,,0,0,0,0,1899-12-30T00:08:22Z,1,6,0,0,-3,950,Samoa,750,Tonga,05/08/2023,15:00,13,9,34,9,0,3,70,Apia Park,-1,NA,1,2023,08,8,Number 8,0,,0,,271,Angus Gardner,1000642,Damon Murphy,1000613,Matthew Kellahan,-1,,3,International,Y,W
174,937717,10081,Charlie Faumuina,950,Samoa,496.56,496.56,810,1,95,34,0,0,7,Penalty Conceded,222,Scrum Offence,236,No Action,215,Defence,235,Free Kick,450,Early Engagement,0,,0,,0,,0,,0,,0,0,0,0,1899-12-30T00:08:27Z,1,6,0,0,-3,950,Samoa,750,Tonga,05/08/2023,15:00,13,9,34,9,0,3,70,Apia Park,-1,NA,1,2023,01,1,Loosehead Prop,0,,0,,271,Angus Gardner,1000642,Damon Murphy,1000613,Matthew Kellahan,-1,,3,International,Y,W
175,937717,0,,750,Tonga,491.72,497.52,811,1,5,34,5,34,26,Sequences,309,Scrum,320,Other,0,,0,,0,,0,,0,,0,,0,,0,,0,0,0,0,1899-12-30T00:08:22Z,1,6,0,0,-3,950,Samoa,750,Tonga,05/08/2023,15:00,13,9,34,9,0,3,70,Apia Park,-1,NA,1,2023,,,,0,,0,,271,Angus Gardner,1000642,Damon Murphy,1000613,Matthew Kellahan,-1,,3,International,N,L
176,937717,39118,William Havili,750,Tonga,520.60,520.60,834,1,3,34,0,0,18,Collection,631,General Catch,0,,0,,0,,0,,0,,0,,0,,0,,0,,0,0,0,0,1899-12-30T00:08:51Z,1,6,0,0,-3,950,Samoa,750,Tonga,05/08/2023,15:00,13,9,34,9,0,3,70,Apia Park,-1,NA,1,2023,10,10,Fly Half,0,,0,,271,Angus Gardner,1000642,Damon Murphy,1000613,Matthew Kellahan,-1,,3,International,N,L
177,937717,39118,William Havili,750,Tonga,521.32,524.80,835,1,7,35,27,68,4,Kick,347,Touch Kick,193,Kick in Touch (Full),186,Kick in Play (Own 22),0,,0,,0,,0,,0,,0,,0,,20,39,0,0,1899-12-30T00:08:52Z,1,6,0,0,-3,950,Samoa,750,Tonga,05/08/2023,15:00,13,9,34,9,0,3,70,Apia Park,-1,NA,1,2023,10,10,Fly Half,0,,0,,271,Angus Gardner,1000642,Damon Murphy,1000613,Matthew Kellahan,-1,,3,International,N,L
178,937717,0,,750,Tonga,520.56,524.80,838,1,3,34,27,68,26,Sequences,312,Free Kick,315,Kick Out of Play,0,,0,,0,,0,,0,,0,,0,,0,,25,0,0,0,1899-12-30T00:08:51Z,1,6,0,0,-3,950,Samoa,750,Tonga,05/08/2023,15:00,13,9,34,9,0,3,70,Apia Park,-1,NA,1,2023,,,,0,,0,,271,Angus Gardner,1000642,Damon Murphy,1000613,Matthew Kellahan,-1,,3,International,N,L
179,937717,27662,Sama Malolo,950,Samoa,542.16,544.12,856,1,73,0,74,14,6,Lineout Throw,373,Throw Back,381,Lost Not Straight,207,Catch and Drive,0,6+1,676,N/A Movement Lineout,731,6 Players,725,Forward at Halfback (+1),0,,0,,0,,15,0,0,0,1899-12-30T00:09:13Z,1,6,0,0,-3,950,Samoa,750,Tonga,05/08/2023,15:00,13,9,34,9,0,3,70,Apia Park,-1,NA,1,2023,02,2,Hooker,0,,0,,271,Angus Gardner,1000642,Damon Murphy,1000613,Matthew Kellahan,-1,,3,International,Y,W
180,937717,0,,950,Samoa,542.16,544.12,858,1,73,0,74,14,26,Sequences,348,Lineout Steal,320,Other,0,,0,,0,,0,,0,,0,,0,,0,,1,0,0,0,1899-12-30T00:09:13Z,1,6,0,0,-3,950,Samoa,750,Tonga,05/08/2023,15:00,13,9,34,9,0,3,70,Apia Park,-1,NA,1,2023,,,,0,,0,,271,Angus Gardner,1000642,Damon Murphy,1000613,Matthew Kellahan,-1,,3,International,Y,W
181,937717,20156,Sonatane Takulua,750,Tonga,589.48,594.56,943,1,24,53,0,0,5,Scrum,367,Scrum Half Pass,353,Won Outright,365,Neutral,363,Clockwise,661,Mid Left Open Movement Scrum,0,,0,,0,,0,,0,,0,0,2,15,1899-12-30T00:10:00Z,1,7,0,0,-3,950,Samoa,750,Tonga,05/08/2023,15:00,13,9,34,9,0,3,70,Apia Park,-1,NA,1,2023,09,9,Scrum Half,0,,0,,271,Angus Gardner,1000642,Damon Murphy,1000613,Matthew Kellahan,-1,,3,International,N,L
182,937717,22136,Siegfried Fisi'ihoi,750,Tonga,589.48,594.56,943,1,24,53,0,0,28,,367,Scrum Half Pass,353,Won Outright,365,Neutral,363,Clockwise,0,,0,,0,,0,,0,,0,,0,0,0,0,1899-12-30T00:10:00Z,1,7,0,0,-3,950,Samoa,750,Tonga,05/08/2023,15:00,13,9,34,9,0,3,70,Apia Park,-1,NA,1,2023,01,1,Loosehead Prop,0,,0,,271,Angus Gardner,1000642,Damon Murphy,1000613,Matthew Kellahan,-1,,3,International,N,L
183,937717,35331,Siua Maile,750,Tonga,589.48,594.56,943,1,24,53,0,0,28,,367,Scrum Half Pass,353,Won Outright,365,Neutral,363,Clockwise,0,,0,,0,,0,,0,,0,,0,0,0,0,1899-12-30T00:10:00Z,1,7,0,0,-3,950,Samoa,750,Tonga,05/08/2023,15:00,13,9,34,9,0,3,70,Apia Park,-1,NA,1,2023,02,2,Hooker,0,,0,,271,Angus Gardner,1000642,Damon Murphy,1000613,Matthew Kellahan,-1,,3,International,N,L
184,937717,18807,Ben Tameifuna,750,Tonga,589.48,594.56,943,1,24,53,0,0,28,,367,Scrum Half Pass,353,Won Outright,365,Neutral,363,Clockwise,0,,0,,0,,0,,0,,0,,0,0,0,0,1899-12-30T00:10:00Z,1,7,0,0,-3,950,Samoa,750,Tonga,05/08/2023,15:00,13,9,34,9,0,3,70,Apia Park,-1,NA,1,2023,03,3,Tighthead Prop,0,,0,,271,Angus Gardner,1000642,Damon Murphy,1000613,Matthew Kellahan,-1,,3,International,N,L
185,937717,26114,Leva Fifita,750,Tonga,589.48,594.56,943,1,24,53,0,0,28,,367,Scrum Half Pass,353,Won Outright,365,Neutral,363,Clockwise,0,,0,,0,,0,,0,,0,,0,0,0,0,1899-12-30T00:10:00Z,1,7,0,0,-3,950,Samoa,750,Tonga,05/08/2023,15:00,13,9,34,9,0,3,70,Apia Park,-1,NA,1,2023,04,4,Lock (4),0,,0,,271,Angus Gardner,1000642,Damon Murphy,1000613,Matthew Kellahan,-1,,3,International,N,L
186,937717,11292,Steve Mafi,750,Tonga,589.48,594.56,943,1,24,53,0,0,28,,367,Scrum Half Pass,353,Won Outright,365,Neutral,363,Clockwise,0,,0,,0,,0,,0,,0,,0,0,0,0,1899-12-30T00:10:00Z,1,7,0,0,-3,950,Samoa,750,Tonga,05/08/2023,15:00,13,9,34,9,0,3,70,Apia Park,-1,NA,1,2023,05,5,Lock (5),0,,0,,271,Angus Gardner,1000642,Damon Murphy,1000613,Matthew Kellahan,-1,,3,International,N,L
187,937717,28270,Tanginoa Halaifonua,750,Tonga,589.48,594.56,943,1,24,53,0,0,28,,367,Scrum Half Pass,353,Won Outright,365,Neutral,363,Clockwise,0,,0,,0,,0,,0,,0,,0,0,0,0,1899-12-30T00:10:00Z,1,7,0,0,-3,950,Samoa,750,Tonga,05/08/2023,15:00,13,9,34,9,0,3,70,Apia Park,-1,NA,1,2023,06,6,Blindside Flanker,0,,0,,271,Angus Gardner,1000642,Damon Murphy,1000613,Matthew Kellahan,-1,,3,International,N,L
188,937717,29249,Sione Havili Talitui,750,Tonga,589.48,594.56,943,1,24,53,0,0,28,,367,Scrum Half Pass,353,Won Outright,365,Neutral,363,Clockwise,0,,0,,0,,0,,0,,0,,0,0,0,0,1899-12-30T00:10:00Z,1,7,0,0,-3,950,Samoa,750,Tonga,05/08/2023,15:00,13,9,34,9,0,3,70,Apia Park,-1,NA,1,2023,07,7,Openside Flanker,0,,0,,271,Angus Gardner,1000642,Damon Murphy,1000613,Matthew Kellahan,-1,,3,International,N,L
189,937717,21155,Vaea Fifita,750,Tonga,589.48,594.56,943,1,24,53,0,0,28,,367,Scrum Half Pass,353,Won Outright,365,Neutral,363,Clockwise,0,,0,,0,,0,,0,,0,,0,0,0,0,1899-12-30T00:10:00Z,1,7,0,0,-3,950,Samoa,750,Tonga,05/08/2023,15:00,13,9,34,9,0,3,70,Apia Park,-1,NA,1,2023,08,8,Number 8,0,,0,,271,Angus Gardner,1000642,Damon Murphy,1000613,Matthew Kellahan,-1,,3,International,N,L
190,937717,10081,Charlie Faumuina,950,Samoa,589.48,594.56,943,1,24,53,0,0,29,,367,Scrum Half Pass,353,Won Outright,365,Neutral,363,Clockwise,0,,0,,0,,0,,0,,0,,0,0,0,0,1899-12-30T00:10:00Z,1,7,0,0,-3,950,Samoa,750,Tonga,05/08/2023,15:00,13,9,34,9,0,3,70,Apia Park,-1,NA,1,2023,01,1,Loosehead Prop,0,,0,,271,Angus Gardner,1000642,Damon Murphy,1000613,Matthew Kellahan,-1,,3,International,Y,W
191,937717,27662,Sama Malolo,950,Samoa,589.48,594.56,943,1,24,53,0,0,29,,367,Scrum Half Pass,353,Won Outright,365,Neutral,363,Clockwise,0,,0,,0,,0,,0,,0,,0,0,0,0,1899-12-30T00:10:00Z,1,7,0,0,-3,950,Samoa,750,Tonga,05/08/2023,15:00,13,9,34,9,0,3,70,Apia Park,-1,NA,1,2023,02,2,Hooker,0,,0,,271,Angus Gardner,1000642,Damon Murphy,1000613,Matthew Kellahan,-1,,3,International,Y,W
192,937717,21998,Michael Alaalatoa,950,Samoa,589.48,594.56,943,1,24,53,0,0,29,,367,Scrum Half Pass,353,Won Outright,365,Neutral,363,Clockwise,0,,0,,0,,0,,0,,0,,0,0,0,0,1899-12-30T00:10:00Z,1,7,0,0,-3,950,Samoa,750,Tonga,05/08/2023,15:00,13,9,34,9,0,3,70,Apia Park,-1,NA,1,2023,03,3,Tighthead Prop,0,,0,,271,Angus Gardner,1000642,Damon Murphy,1000613,Matthew Kellahan,-1,,3,International,Y,W
193,937717,20806,Brian Alainu'uese,950,Samoa,589.48,594.56,943,1,24,53,0,0,29,,367,Scrum Half Pass,353,Won Outright,365,Neutral,363,Clockwise,0,,0,,0,,0,,0,,0,,0,0,0,0,1899-12-30T00:10:00Z,1,7,0,0,-3,950,Samoa,750,Tonga,05/08/2023,15:00,13,9,34,9,0,3,70,Apia Park,-1,NA,1,2023,04,4,Lock (4),0,,0,,271,Angus Gardner,1000642,Damon Murphy,1000613,Matthew Kellahan,-1,,3,International,Y,W
194,937717,20766,Chris Vui,950,Samoa,589.48,594.56,943,1,24,53,0,0,29,,367,Scrum Half Pass,353,Won Outright,365,Neutral,363,Clockwise,0,,0,,0,,0,,0,,0,,0,0,0,0,1899-12-30T00:10:00Z,1,7,0,0,-3,950,Samoa,750,Tonga,05/08/2023,15:00,13,9,34,9,0,3,70,Apia Park,-1,NA,1,2023,05,5,Lock (5),0,,0,,271,Angus Gardner,1000642,Damon Murphy,1000613,Matthew Kellahan,-1,,3,International,Y,W
195,937717,43727,Miracle Faiilagi,950,Samoa,589.48,594.56,943,1,24,53,0,0,29,,367,Scrum Half Pass,353,Won Outright,365,Neutral,363,Clockwise,0,,0,,0,,0,,0,,0,,0,0,0,0,1899-12-30T00:10:00Z,1,7,0,0,-3,950,Samoa,750,Tonga,05/08/2023,15:00,13,9,34,9,0,3,70,Apia Park,-1,NA,1,2023,06,6,Blindside Flanker,0,,0,,271,Angus Gardner,1000642,Damon Murphy,1000613,Matthew Kellahan,-1,,3,International,Y,W
196,937717,10607,Jack Lam,950,Samoa,589.48,594.56,943,1,24,53,0,0,29,,367,Scrum Half Pass,353,Won Outright,365,Neutral,363,Clockwise,0,,0,,0,,0,,0,,0,,0,0,0,0,1899-12-30T00:10:00Z,1,7,0,0,-3,950,Samoa,750,Tonga,05/08/2023,15:00,13,9,34,9,0,3,70,Apia Park,-1,NA,1,2023,07,7,Openside Flanker,0,,0,,271,Angus Gardner,1000642,Damon Murphy,1000613,Matthew Kellahan,-1,,3,International,Y,W
197,937717,18506,Steven Luatua,950,Samoa,589.48,594.56,943,1,24,53,0,0,29,,367,Scrum Half Pass,353,Won Outright,365,Neutral,363,Clockwise,0,,0,,0,,0,,0,,0,,0,0,0,0,1899-12-30T00:10:00Z,1,7,0,0,-3,950,Samoa,750,Tonga,05/08/2023,15:00,13,9,34,9,0,3,70,Apia Park,-1,NA,1,2023,08,8,Number 8,0,,0,,271,Angus Gardner,1000642,Damon Murphy,1000613,Matthew Kellahan,-1,,3,International,Y,W
198,937717,20156,Sonatane Takulua,750,Tonga,594.56,594.56,948,1,23,52,0,0,18,Collection,631,General Catch,0,,0,,0,,0,,0,,0,,0,,0,,0,,0,0,0,0,1899-12-30T00:10:05Z,1,7,0,0,-3,950,Samoa,750,Tonga,05/08/2023,15:00,13,9,34,9,0,3,70,Apia Park,-1,NA,1,2023,09,9,Scrum Half,0,,0,,271,Angus Gardner,1000642,Damon Murphy,1000613,Matthew Kellahan,-1,,3,International,N,L
199,937717,20156,Sonatane Takulua,750,Tonga,595.16,595.80,949,1,23,52,20,40,3,Pass,169,Complete,0,,686,Medium Pass,681,Left Pass,700,0th Receiver,0,,0,,0,,0,,0,,12,13,3,0,1899-12-30T00:10:06Z,1,7,0,0,-3,950,Samoa,750,Tonga,05/08/2023,15:00,13,9,34,9,0,3,70,Apia Park,-1,NA,1,2023,09,9,Scrum Half,0,,0,,271,Angus Gardner,1000642,Damon Murphy,1000613,Matthew Kellahan,-1,,3,International,N,L
200,937717,39118,William Havili,750,Tonga,595.80,595.80,949,1,20,40,0,0,18,Collection,631,General Catch,0,,0,,0,,0,,0,,0,,0,,0,,0,,0,0,0,0,1899-12-30T00:10:06Z,1,7,0,0,-3,950,Samoa,750,Tonga,05/08/2023,15:00,13,9,34,9,0,3,70,Apia Park,-1,NA,1,2023,10,10,Fly Half,0,,0,,271,Angus Gardner,1000642,Damon Murphy,1000613,Matthew Kellahan,-1,,3,International,N,L
201,937717,0,,750,Tonga,595.80,595.80,949,1,20,40,0,0,45,Defensive Exits,629,Carried out of 22,0,,0,,0,,0,,0,,0,,0,,0,,0,,0,0,0,0,1899-12-30T00:10:06Z,1,7,0,0,-3,950,Samoa,750,Tonga,05/08/2023,15:00,13,9,34,9,0,3,70,Apia Park,-1,NA,1,2023,,,,0,,0,,271,Angus Gardner,1000642,Damon Murphy,1000613,Matthew Kellahan,-1,,3,International,N,L
202,937717,39118,William Havili,750,Tonga,597.36,601.48,951,1,25,38,93,68,4,Kick,190,Territorial,192,Kick in Touch (Bounce),185,Kick in Play,653,50-22,0,,0,,0,,0,,0,,0,,68,74,0,0,1899-12-30T00:10:07Z,1,7,0,0,-3,950,Samoa,750,Tonga,05/08/2023,15:00,13,9,34,9,0,3,70,Apia Park,-1,NA,1,2023,10,10,Fly Half,0,,0,,271,Angus Gardner,1000642,Damon Murphy,1000613,Matthew Kellahan,-1,,3,International,N,L
203,937717,0,,750,Tonga,589.48,601.48,955,1,24,53,93,68,15,Possession,309,Scrum,415,Own Lineout,0,,684,Fails to enter into Opposition 22,0,,0,,0,,0,,0,,0,,69,0,0,0,1899-12-30T00:10:00Z,1,7,0,0,-3,950,Samoa,750,Tonga,05/08/2023,15:00,13,9,34,9,0,3,70,Apia Park,-1,NA,1,2023,,,,0,,0,,271,Angus Gardner,1000642,Damon Murphy,1000613,Matthew Kellahan,-1,,3,International,N,L
204,937717,0,,750,Tonga,589.48,601.48,955,1,24,53,93,68,26,Sequences,309,Scrum,415,Own Lineout,0,,0,,0,,0,,0,,0,,0,,0,,69,0,0,0,1899-12-30T00:10:00Z,1,7,0,0,-3,950,Samoa,750,Tonga,05/08/2023,15:00,13,9,34,9,0,3,70,Apia Park,-1,NA,1,2023,,,,0,,0,,271,Angus Gardner,1000642,Damon Murphy,1000613,Matthew Kellahan,-1,,3,International,N,L
205,937717,35331,Siua Maile,750,Tonga,639.32,640.16,1033,1,93,68,93,59,6,Lineout Throw,372,Throw Middle,376,Won Clean Catch,207,Catch and Drive,0,7+1,676,N/A Movement Lineout,732,7 Players,725,Forward at Halfback (+1),0,,0,,0,,9,0,0,0,1899-12-30T00:10:50Z,1,8,0,0,-3,950,Samoa,750,Tonga,05/08/2023,15:00,13,9,34,9,0,3,70,Apia Park,-1,NA,1,2023,02,2,Hooker,0,,0,,271,Angus Gardner,1000642,Damon Murphy,1000613,Matthew Kellahan,-1,,3,International,N,L
206,937717,0,,750,Tonga,639.32,790.92,1033,1,93,68,97,41,46,Attacking 22 Entry,641,22 Entry Outcome - Penalty Conceded,0,,0,,0,,0,,0,,0,,0,,0,,0,,0,0,0,0,1899-12-30T00:10:50Z,1,8,0,0,-3,950,Samoa,750,Tonga,05/08/2023,15:00,13,9,34,9,0,3,70,Apia Park,-1,NA,1,2023,,,,0,,0,,271,Angus Gardner,1000642,Damon Murphy,1000613,Matthew Kellahan,-1,,3,International,N,L
207,937717,26114,Leva Fifita,750,Tonga,640.16,640.16,1034,1,93,59,0,0,27,Lineout Take,387,Lineout Win Middle,376,Won Clean,207,Catch and Drive,396,Clean Catch,0,,0,,0,,0,,0,,0,,0,0,0,0,1899-12-30T00:10:51Z,1,8,0,0,-3,950,Samoa,750,Tonga,05/08/2023,15:00,13,9,34,9,0,3,70,Apia Park,-1,NA,1,2023,04,4,Lock (4),0,,0,,271,Angus Gardner,1000642,Damon Murphy,1000613,Matthew Kellahan,-1,,3,International,N,L
208,937717,26114,Leva Fifita,750,Tonga,641.04,645.76,1035,1,93,59,0,0,24,Maul,0,,401,Won Outright,0,,0,,661,Mid Left Open Movement Maul,0,,0,,0,,0,,0,,0,0,-1,24,1899-12-30T00:10:51Z,1,8,0,0,-3,950,Samoa,750,Tonga,05/08/2023,15:00,13,9,34,9,0,3,70,Apia Park,-1,NA,1,2023,04,4,Lock (4),0,,0,,271,Angus Gardner,1000642,Damon Murphy,1000613,Matthew Kellahan,-1,,3,International,N,L
209,937717,35331,Siua Maile,750,Tonga,645.76,645.76,1039,1,90,58,0,0,18,Collection,631,General Catch,0,,0,,0,,0,,0,,0,,0,,0,,0,,0,0,0,0,1899-12-30T00:10:56Z,1,8,0,0,-3,950,Samoa,750,Tonga,05/08/2023,15:00,13,9,34,9,0,3,70,Apia Park,-1,NA,1,2023,02,2,Hooker,0,,0,,271,Angus Gardner,1000642,Damon Murphy,1000613,Matthew Kellahan,-1,,3,International,N,L
210,937717,35331,Siua Maile,750,Tonga,645.76,645.76,1039,1,90,58,0,0,47,Playmaker Options,672,Acting Halfback at Breakdown,673,Playmaker Option - Carry,0,,0,,0,,0,,0,,0,,0,,0,,0,0,0,0,1899-12-30T00:10:56Z,1,8,0,0,-3,950,Samoa,750,Tonga,05/08/2023,15:00,13,9,34,9,0,3,70,Apia Park,-1,NA,1,2023,02,2,Hooker,0,,0,,271,Angus Gardner,1000642,Damon Murphy,1000613,Matthew Kellahan,-1,,3,International,N,L
211,937717,35331,Siua Maile,750,Tonga,645.76,655.68,1039,1,90,58,88,34,1,Carry,103,Other Carry,409,Tackled Ineffective,111,Failed Gain line,462,Ineffective Contact,502,2 Tacklers Committed,700,0th Receiver,0,,0,,0,,0,,0,0,0,0,1899-12-30T00:10:56Z,1,8,0,0,-3,950,Samoa,750,Tonga,05/08/2023,15:00,13,9,34,9,0,3,70,Apia Park,-1,NA,1,2023,02,2,Hooker,0,,0,,271,Angus Gardner,1000642,Damon Murphy,1000613,Matthew Kellahan,-1,,3,International,N,L
212,937717,21998,Michael Alaalatoa,950,Samoa,649.08,649.08,1043,1,10,9,0,0,2,Tackle,147,Other,161,Missed,0,,475,Ineffective Tackle,708,1st Tackler,0,,0,,0,,0,,0,,0,0,0,0,1899-12-30T00:10:59Z,1,8,0,0,-3,950,Samoa,750,Tonga,05/08/2023,15:00,13,9,34,9,0,3,70,Apia Park,-1,NA,1,2023,03,3,Tighthead Prop,0,,0,,271,Angus Gardner,1000642,Damon Murphy,1000613,Matthew Kellahan,-1,,3,International,Y,W
213,937717,21998,Michael Alaalatoa,950,Samoa,649.08,649.08,1043,1,10,9,0,0,12,Missed Tackle,162,Bumped Off,166,Tackled,0,,0,,0,,0,,0,,0,,0,,0,,0,0,0,0,1899-12-30T00:10:59Z,1,8,0,0,-3,950,Samoa,750,Tonga,05/08/2023,15:00,13,9,34,9,0,3,70,Apia Park,-1,NA,1,2023,03,3,Tighthead Prop,0,,0,,271,Angus Gardner,1000642,Damon Murphy,1000613,Matthew Kellahan,-1,,3,International,Y,W
214,937717,35331,Siua Maile,750,Tonga,649.12,649.12,1043,1,90,59,0,0,10,Attacking Qualities,116,Defender Beaten,0,,0,,0,,0,,0,,0,,0,,0,,0,,0,0,0,0,1899-12-30T00:10:59Z,1,8,0,0,-3,950,Samoa,750,Tonga,05/08/2023,15:00,13,9,34,9,0,3,70,Apia Park,-1,NA,1,2023,02,2,Hooker,0,,0,,271,Angus Gardner,1000642,Damon Murphy,1000613,Matthew Kellahan,-1,,3,International,N,L
215,937717,25212,D'Angelo Leuila,950,Samoa,651.96,651.96,1046,1,7,30,0,0,2,Tackle,144,Line,159,Sack,441,Assist,473,Dominant Tackle,709,2nd Tackler,0,,0,,0,,0,,0,,0,0,0,0,1899-12-30T00:11:02Z,1,8,0,0,-3,950,Samoa,750,Tonga,05/08/2023,15:00,13,9,34,9,0,3,70,Apia Park,-1,NA,1,2023,10,10,Fly Half,0,,0,,271,Angus Gardner,1000642,Damon Murphy,1000613,Matthew Kellahan,-1,,3,International,Y,W
216,937717,35331,Siua Maile,750,Tonga,655.68,665.88,1049,1,88,34,0,0,23,Ruck,0,,401,Won Outright,549,Behind Previous Gainline,558,6+ Seconds,661,Mid Left Open Movement Ruck,0,,0,,0,,0,,0,,0,0,0,10,1899-12-30T00:11:06Z,1,8,0,0,-3,950,Samoa,750,Tonga,05/08/2023,15:00,13,9,34,9,0,3,70,Apia Park,-1,NA,1,2023,02,2,Hooker,0,,0,,271,Angus Gardner,1000642,Damon Murphy,1000613,Matthew Kellahan,-1,,3,International,N,L
217,937717,20156,Sonatane Takulua,750,Tonga,656.36,656.36,1050,1,88,34,0,0,43,Ruck OOA,574,Secured,583,Own Team 1st Entry,588,OOA Entry 1st Entry- Att,632,Attacking OOA,0,1,0,,0,,0,,0,,0,,0,0,0,0,1899-12-30T00:10:56Z,1,8,0,0,-3,950,Samoa,750,Tonga,05/08/2023,15:00,13,9,34,9,0,3,70,Apia Park,-1,NA,1,2023,09,9,Scrum Half,0,,0,,271,Angus Gardner,1000642,Damon Murphy,1000613,Matthew Kellahan,-1,,3,International,N,L
218,937717,43727,Miracle Faiilagi,950,Samoa,656.60,656.60,1050,1,12,34,0,0,43,Ruck OOA,577,Not Clearing,583,Own Team 1st Entry,603,OOA Entry 1st Entry- Def,633,Defensive OOA,0,1,0,,0,,0,,0,,0,,0,0,0,0,1899-12-30T00:10:56Z,1,8,0,0,-3,950,Samoa,750,Tonga,05/08/2023,15:00,13,9,34,9,0,3,70,Apia Park,-1,NA,1,2023,06,6,Blindside Flanker,0,,0,,271,Angus Gardner,1000642,Damon Murphy,1000613,Matthew Kellahan,-1,,3,International,Y,W
219,937717,27662,Sama Malolo,950,Samoa,657.00,657.00,1051,1,12,34,0,0,43,Ruck OOA,577,Not Clearing,584,Own Team 2nd Entry,604,OOA Entry 2nd Entry- Def,633,Defensive OOA,0,2,0,,0,,0,,0,,0,,0,0,0,0,1899-12-30T00:10:56Z,1,8,0,0,-3,950,Samoa,750,Tonga,05/08/2023,15:00,13,9,34,9,0,3,70,Apia Park,-1,NA,1,2023,02,2,Hooker,0,,0,,271,Angus Gardner,1000642,Damon Murphy,1000613,Matthew Kellahan,-1,,3,International,Y,W
220,937717,28270,Tanginoa Halaifonua,750,Tonga,657.44,657.44,1051,1,88,34,0,0,43,Ruck OOA,574,Secured,584,Own Team 2nd Entry,589,OOA Entry 2nd Entry- Att,632,Attacking OOA,0,2,0,,0,,0,,0,,0,,0,0,0,0,1899-12-30T00:10:56Z,1,8,0,0,-3,950,Samoa,750,Tonga,05/08/2023,15:00,13,9,34,9,0,3,70,Apia Park,-1,NA,1,2023,06,6,Blindside Flanker,0,,0,,271,Angus Gardner,1000642,Damon Murphy,1000613,Matthew Kellahan,-1,,3,International,N,L
221,937717,26114,Leva Fifita,750,Tonga,658.60,658.60,1052,1,88,34,0,0,43,Ruck OOA,574,Secured,585,Own Team 3rd Entry,590,OOA Entry 3rd Entry- Att,632,Attacking OOA,0,3,0,,0,,0,,0,,0,,0,0,0,0,1899-12-30T00:10:57Z,1,8,0,0,-3,950,Samoa,750,Tonga,05/08/2023,15:00,13,9,34,9,0,3,70,Apia Park,-1,NA,1,2023,04,4,Lock (4),0,,0,,271,Angus Gardner,1000642,Damon Murphy,1000613,Matthew Kellahan,-1,,3,International,N,L
222,937717,21155,Vaea Fifita,750,Tonga,665.88,665.88,1059,1,87,34,0,0,18,Collection,631,General Catch,0,,0,,0,,0,,0,,0,,0,,0,,0,,0,0,0,0,1899-12-30T00:11:16Z,2,8,0,0,-3,950,Samoa,750,Tonga,05/08/2023,15:00,13,9,34,9,0,3,70,Apia Park,-1,NA,1,2023,08,8,Number 8,0,,0,,271,Angus Gardner,1000642,Damon Murphy,1000613,Matthew Kellahan,-1,,3,International,N,L
223,937717,21155,Vaea Fifita,750,Tonga,665.88,665.88,1059,1,87,34,0,0,47,Playmaker Options,672,Acting Halfback at Breakdown,675,Playmaker Option - Pass,0,,0,,0,,0,,0,,0,,0,,0,,0,0,0,0,1899-12-30T00:11:16Z,2,8,0,0,-3,950,Samoa,750,Tonga,05/08/2023,15:00,13,9,34,9,0,3,70,Apia Park,-1,NA,1,2023,08,8,Number 8,0,,0,,271,Angus Gardner,1000642,Damon Murphy,1000613,Matthew Kellahan,-1,,3,International,N,L
224,937717,21155,Vaea Fifita,750,Tonga,666.24,666.72,1100,1,87,34,86,26,3,Pass,169,Complete,0,,686,Medium Pass,681,Left Pass,700,0th Receiver,0,,0,,0,,0,,0,,9,9,1,0,1899-12-30T00:11:17Z,2,8,0,0,-3,950,Samoa,750,Tonga,05/08/2023,15:00,13,9,34,9,0,3,70,Apia Park,-1,NA,1,2023,08,8,Number 8,0,,0,,271,Angus Gardner,1000642,Damon Murphy,1000613,Matthew Kellahan,-1,,3,International,N,L
225,937717,18807,Ben Tameifuna,750,Tonga,666.72,666.72,1100,1,86,26,0,0,18,Collection,631,General Catch,0,,0,,0,,0,,0,,0,,0,,0,,0,,0,0,0,0,1899-12-30T00:11:17Z,2,8,0,0,-3,950,Samoa,750,Tonga,05/08/2023,15:00,13,9,34,9,0,3,70,Apia Park,-1,NA,1,2023,03,3,Tighthead Prop,0,,0,,271,Angus Gardner,1000642,Damon Murphy,1000613,Matthew Kellahan,-1,,3,International,N,L
226,937717,18807,Ben Tameifuna,750,Tonga,666.72,666.72,1100,1,86,26,0,0,47,Playmaker Options,656,First Receiver,673,Playmaker Option - Carry,0,,0,,0,,0,,0,,0,,0,,0,,0,0,0,0,1899-12-30T00:11:17Z,2,8,0,0,-3,950,Samoa,750,Tonga,05/08/2023,15:00,13,9,34,9,0,3,70,Apia Park,-1,NA,1,2023,03,3,Tighthead Prop,0,,0,,271,Angus Gardner,1000642,Damon Murphy,1000613,Matthew Kellahan,-1,,3,International,N,L
227,937717,18807,Ben Tameifuna,750,Tonga,666.72,668.44,1100,1,86,26,88,25,1,Carry,101,One Out Drive,210,Penalty Won,110,Neutral Gain line,461,Neutral Contact,502,2 Tacklers Committed,701,1st Receiver,0,,0,,0,,0,,0,2,1,1,1899-12-30T00:11:17Z,2,8,0,0,-3,950,Samoa,750,Tonga,05/08/2023,15:00,13,9,34,9,0,3,70,Apia Park,-1,NA,1,2023,03,3,Tighthead Prop,0,,0,,271,Angus Gardner,1000642,Damon Murphy,1000613,Matthew Kellahan,-1,,3,International,N,L
228,937717,21998,Michael Alaalatoa,950,Samoa,667.48,667.48,1101,1,12,43,0,0,2,Tackle,144,Line,157,Pen Conceded,0,,474,Neutral Tackle,708,1st Tackler,0,,0,,0,,0,,0,,0,0,0,0,1899-12-30T00:11:18Z,2,8,0,0,-3,950,Samoa,750,Tonga,05/08/2023,15:00,13,9,34,9,0,3,70,Apia Park,-1,NA,1,2023,03,3,Tighthead Prop,0,,0,,271,Angus Gardner,1000642,Damon Murphy,1000613,Matthew Kellahan,-1,,3,International,Y,W
229,937717,21998,Michael Alaalatoa,950,Samoa,667.52,667.52,1101,1,12,43,0,0,7,Penalty Conceded,345,Foul Play - Dangerous Throw,236,No Action,215,Defence,233,Full Penalty,0,,0,,0,,0,,0,,0,,0,0,0,0,1899-12-30T00:11:18Z,2,8,0,0,-3,950,Samoa,750,Tonga,05/08/2023,15:00,13,9,34,9,0,3,70,Apia Park,-1,NA,1,2023,03,3,Tighthead Prop,0,,0,,271,Angus Gardner,1000642,Damon Murphy,1000613,Matthew Kellahan,-1,,3,International,Y,W
230,937717,20806,Brian Alainu'uese,950,Samoa,667.56,667.56,1101,1,12,43,0,0,2,Tackle,144,Line,153,Complete,441,Assist,474,Neutral Tackle,709,2nd Tackler,0,,0,,0,,0,,0,,0,0,0,0,1899-12-30T00:11:18Z,2,8,0,0,-3,950,Samoa,750,Tonga,05/08/2023,15:00,13,9,34,9,0,3,70,Apia Park,-1,NA,1,2023,04,4,Lock (4),0,,0,,271,Angus Gardner,1000642,Damon Murphy,1000613,Matthew Kellahan,-1,,3,International,Y,W
231,937717,18807,Ben Tameifuna,750,Tonga,668.44,669.96,1102,1,88,25,0,0,23,Ruck,0,,401,Won Outright,550,Equal to Previous  Gainline,553,1-2 Seconds,676,N/A Movement Ruck,0,,0,,0,,0,,0,,0,0,0,0,1899-12-30T00:11:19Z,2,8,0,0,-3,950,Samoa,750,Tonga,05/08/2023,15:00,13,9,34,9,0,3,70,Apia Park,-1,NA,1,2023,03,3,Tighthead Prop,0,,0,,271,Angus Gardner,1000642,Damon Murphy,1000613,Matthew Kellahan,-1,,3,International,N,L
232,937717,43727,Miracle Faiilagi,950,Samoa,668.48,668.48,1102,1,12,43,0,0,43,Ruck OOA,578,Got Cleaned Out,583,Own Team 1st Entry,603,OOA Entry 1st Entry- Def,633,Defensive OOA,0,1,0,,0,,0,,0,,0,,0,0,0,0,1899-12-30T00:11:18Z,2,8,0,0,-3,950,Samoa,750,Tonga,05/08/2023,15:00,13,9,34,9,0,3,70,Apia Park,-1,NA,1,2023,06,6,Blindside Flanker,0,,0,,271,Angus Gardner,1000642,Damon Murphy,1000613,Matthew Kellahan,-1,,3,International,Y,W
233,937717,11292,Steve Mafi,750,Tonga,668.68,668.68,1102,1,88,25,0,0,43,Ruck OOA,572,Cleaned Out,583,Own Team 1st Entry,588,OOA Entry 1st Entry- Att,632,Attacking OOA,0,1,0,,0,,0,,0,,0,,0,0,0,0,1899-12-30T00:11:18Z,2,8,0,0,-3,950,Samoa,750,Tonga,05/08/2023,15:00,13,9,34,9,0,3,70,Apia Park,-1,NA,1,2023,05,5,Lock (5),0,,0,,271,Angus Gardner,1000642,Damon Murphy,1000613,Matthew Kellahan,-1,,3,International,N,L
234,937717,35331,Siua Maile,750,Tonga,668.84,668.84,1102,1,88,25,0,0,43,Ruck OOA,572,Cleaned Out,584,Own Team 2nd Entry,589,OOA Entry 2nd Entry- Att,632,Attacking OOA,0,2,0,,0,,0,,0,,0,,0,0,0,0,1899-12-30T00:11:18Z,2,8,0,0,-3,950,Samoa,750,Tonga,05/08/2023,15:00,13,9,34,9,0,3,70,Apia Park,-1,NA,1,2023,02,2,Hooker,0,,0,,271,Angus Gardner,1000642,Damon Murphy,1000613,Matthew Kellahan,-1,,3,International,N,L
235,937717,21155,Vaea Fifita,750,Tonga,669.96,669.96,1104,1,88,25,0,0,18,Collection,272,Attacking Loose Ball,278,Fail,0,,0,,0,,0,,0,,0,,0,,0,,0,0,0,0,1899-12-30T00:11:20Z,2,8,0,0,-3,950,Samoa,750,Tonga,05/08/2023,15:00,13,9,34,9,0,3,70,Apia Park,-1,NA,1,2023,08,8,Number 8,0,,0,,271,Angus Gardner,1000642,Damon Murphy,1000613,Matthew Kellahan,-1,,3,International,N,L
236,937717,0,,750,Tonga,639.32,672.68,1106,1,93,68,88,25,15,Possession,306,Lineout,316,Pen Won,0,,685,Starts inside Opposition 22,0,,0,,0,,0,,0,,0,,-5,0,0,0,1899-12-30T00:10:50Z,2,8,0,0,-3,950,Samoa,750,Tonga,05/08/2023,15:00,13,9,34,9,0,3,70,Apia Park,-1,NA,1,2023,,,,0,,0,,271,Angus Gardner,1000642,Damon Murphy,1000613,Matthew Kellahan,-1,,3,International,N,L
237,937717,0,,750,Tonga,639.32,672.68,1106,1,93,68,88,25,26,Sequences,306,Lineout,316,Pen Won,0,,0,,0,,0,,0,,0,,0,,0,,-5,0,0,0,1899-12-30T00:10:50Z,2,8,0,0,-3,950,Samoa,750,Tonga,05/08/2023,15:00,13,9,34,9,0,3,70,Apia Park,-1,NA,1,2023,,,,0,,0,,271,Angus Gardner,1000642,Damon Murphy,1000613,Matthew Kellahan,-1,,3,International,N,L
238,937717,17091,Charles Piutau,750,Tonga,677.68,677.68,1111,1,87,26,0,0,18,Collection,631,General Catch,0,,0,,0,,0,,0,,0,,0,,0,,0,,0,0,0,0,1899-12-30T00:11:28Z,1,9,0,0,-3,950,Samoa,750,Tonga,05/08/2023,15:00,13,9,34,9,0,3,70,Apia Park,-1,NA,1,2023,15,15,Full Back,0,,0,,271,Angus Gardner,1000642,Damon Murphy,1000613,Matthew Kellahan,-1,,3,International,N,L
239,937717,17091,Charles Piutau,750,Tonga,677.68,680.12,1111,1,87,26,91,34,1,Carry,103,Other Carry,122,Off Load,109,Crossed Gain line,461,Neutral Contact,501,1 Tacklers Committed,700,0th Receiver,0,,0,,0,,0,,5,5,0,0,1899-12-30T00:11:28Z,1,9,0,0,-3,950,Samoa,750,Tonga,05/08/2023,15:00,13,9,34,9,0,3,70,Apia Park,-1,NA,1,2023,15,15,Full Back,0,,0,,271,Angus Gardner,1000642,Damon Murphy,1000613,Matthew Kellahan,-1,,3,International,N,L
240,937717,23399,Jonathan Taumateine,950,Samoa,679.96,679.96,1114,1,9,34,0,0,2,Tackle,144,Line,155,Offload Allowed,0,,474,Neutral Tackle,708,1st Tackler,0,,0,,0,,0,,0,,0,0,0,0,1899-12-30T00:11:30Z,1,9,0,0,-3,950,Samoa,750,Tonga,05/08/2023,15:00,13,9,34,9,0,3,70,Apia Park,-1,NA,1,2023,09,9,Scrum Half,0,,0,,271,Angus Gardner,1000642,Damon Murphy,1000613,Matthew Kellahan,-1,,3,International,Y,W
241,937717,17091,Charles Piutau,750,Tonga,680.12,680.76,1114,1,91,34,88,41,3,Pass,151,Offload,128,Own Player,686,Medium Pass,682,Right Pass,700,0th Receiver,0,,0,,0,,0,,0,,7,8,3,0,1899-12-30T00:11:30Z,1,9,0,0,-3,950,Samoa,750,Tonga,05/08/2023,15:00,13,9,34,9,0,3,70,Apia Park,-1,NA,1,2023,15,15,Full Back,0,,0,,271,Angus Gardner,1000642,Damon Murphy,1000613,Matthew Kellahan,-1,,3,International,N,L
242,937717,19128,George Moala,750,Tonga,680.76,680.76,1114,1,88,41,0,0,18,Collection,631,General Catch,0,,0,,0,,0,,0,,0,,0,,0,,0,,0,0,0,0,1899-12-30T00:11:31Z,1,9,0,0,-3,950,Samoa,750,Tonga,05/08/2023,15:00,13,9,34,9,0,3,70,Apia Park,-1,NA,1,2023,13,13,Outside Centre,0,,0,,271,Angus Gardner,1000642,Damon Murphy,1000613,Matthew Kellahan,-1,,3,International,N,L
243,937717,19128,George Moala,750,Tonga,680.76,685.76,1114,1,88,41,91,65,1,Carry,106,Support Carry,409,Tackled Ineffective,110,Neutral Gain line,462,Ineffective Contact,503,3 Tacklers Committed,701,1st Receiver,0,,0,,0,,0,,0,3,3,0,1899-12-30T00:11:31Z,1,9,0,0,-3,950,Samoa,750,Tonga,05/08/2023,15:00,13,9,34,9,0,3,70,Apia Park,-1,NA,1,2023,13,13,Outside Centre,0,,0,,271,Angus Gardner,1000642,Damon Murphy,1000613,Matthew Kellahan,-1,,3,International,N,L
244,937717,22603,Duncan Paia'aua,950,Samoa,682.84,682.84,1116,1,12,27,0,0,2,Tackle,144,Line,161,Missed,0,,475,Ineffective Tackle,708,1st Tackler,0,,0,,0,,0,,0,,0,0,0,0,1899-12-30T00:11:33Z,1,9,0,0,-3,950,Samoa,750,Tonga,05/08/2023,15:00,13,9,34,9,0,3,70,Apia Park,-1,NA,1,2023,12,12,Inside Centre,0,,0,,271,Angus Gardner,1000642,Damon Murphy,1000613,Matthew Kellahan,-1,,3,International,Y,W
245,937717,22603,Duncan Paia'aua,950,Samoa,682.84,682.84,1116,1,12,27,0,0,12,Missed Tackle,162,Bumped Off,166,Tackled,0,,0,,0,,0,,0,,0,,0,,0,,0,0,0,0,1899-12-30T00:11:33Z,1,9,0,0,-3,950,Samoa,750,Tonga,05/08/2023,15:00,13,9,34,9,0,3,70,Apia Park,-1,NA,1,2023,12,12,Inside Centre,0,,0,,271,Angus Gardner,1000642,Damon Murphy,1000613,Matthew Kellahan,-1,,3,International,Y,W
246,937717,19128,George Moala,750,Tonga,683.40,683.40,1117,1,88,41,0,0,10,Attacking Qualities,116,Defender Beaten,0,,0,,0,,0,,0,,0,,0,,0,,0,,0,0,0,0,1899-12-30T00:11:34Z,1,9,0,0,-3,950,Samoa,750,Tonga,05/08/2023,15:00,13,9,34,9,0,3,70,Apia Park,-1,NA,1,2023,13,13,Outside Centre,0,,0,,271,Angus Gardner,1000642,Damon Murphy,1000613,Matthew Kellahan,-1,,3,International,N,L
247,937717,25212,D'Angelo Leuila,950,Samoa,684.76,684.76,1118,1,9,12,0,0,2,Tackle,144,Line,159,Sack,441,Assist,473,Dominant Tackle,709,2nd Tackler,0,,0,,0,,0,,0,,0,0,0,0,1899-12-30T00:11:35Z,1,9,0,0,-3,950,Samoa,750,Tonga,05/08/2023,15:00,13,9,34,9,0,3,70,Apia Park,-1,NA,1,2023,10,10,Fly Half,0,,0,,271,Angus Gardner,1000642,Damon Murphy,1000613,Matthew Kellahan,-1,,3,International,Y,W
248,937717,20546,Nigel Ah Wong,950,Samoa,685.24,685.24,1119,1,9,12,0,0,2,Tackle,144,Line,159,Sack,441,Assist,473,Dominant Tackle,710,3rd Tackler,0,,0,,0,,0,,0,,0,0,0,0,1899-12-30T00:11:36Z,1,9,0,0,-3,950,Samoa,750,Tonga,05/08/2023,15:00,13,9,34,9,0,3,70,Apia Park,-1,NA,1,2023,14,14,Right Wing,0,,0,,271,Angus Gardner,1000642,Damon Murphy,1000613,Matthew Kellahan,-1,,3,International,Y,W
249,937717,19128,George Moala,750,Tonga,685.76,687.72,1119,1,91,65,0,0,23,Ruck,0,,401,Won Outright,548,Over Previous Gainline,553,1-2 Seconds,663,Close Left Open Movement Ruck,0,,0,,0,,0,,0,,0,0,1,9,1899-12-30T00:11:36Z,1,9,0,0,-3,950,Samoa,750,Tonga,05/08/2023,15:00,13,9,34,9,0,3,70,Apia Park,-1,NA,1,2023,13,13,Outside Centre,0,,0,,271,Angus Gardner,1000642,Damon Murphy,1000613,Matthew Kellahan,-1,,3,International,N,L
250,937717,36335,Solomone Kata,750,Tonga,686.56,686.56,1120,1,91,65,0,0,43,Ruck OOA,574,Secured,583,Own Team 1st Entry,588,OOA Entry 1st Entry- Att,632,Attacking OOA,0,1,0,,0,,0,,0,,0,,0,0,0,0,1899-12-30T00:11:35Z,1,9,0,0,-3,950,Samoa,750,Tonga,05/08/2023,15:00,13,9,34,9,0,3,70,Apia Park,-1,NA,1,2023,14,14,Right Wing,0,,0,,271,Angus Gardner,1000642,Damon Murphy,1000613,Matthew Kellahan,-1,,3,International,N,L
251,937717,20156,Sonatane Takulua,750,Tonga,687.32,687.32,1121,1,91,65,0,0,43,Ruck OOA,574,Secured,584,Own Team 2nd Entry,589,OOA Entry 2nd Entry- Att,632,Attacking OOA,0,2,0,,0,,0,,0,,0,,0,0,0,0,1899-12-30T00:11:36Z,1,9,0,0,-3,950,Samoa,750,Tonga,05/08/2023,15:00,13,9,34,9,0,3,70,Apia Park,-1,NA,1,2023,09,9,Scrum Half,0,,0,,271,Angus Gardner,1000642,Damon Murphy,1000613,Matthew Kellahan,-1,,3,International,N,L
252,937717,17091,Charles Piutau,750,Tonga,687.72,687.72,1121,1,90,64,0,0,18,Collection,631,General Catch,0,,0,,0,,0,,0,,0,,0,,0,,0,,0,0,0,0,1899-12-30T00:11:38Z,2,9,0,0,-3,950,Samoa,750,Tonga,05/08/2023,15:00,13,9,34,9,0,3,70,Apia Park,-1,NA,1,2023,15,15,Full Back,0,,0,,271,Angus Gardner,1000642,Damon Murphy,1000613,Matthew Kellahan,-1,,3,International,N,L
253,937717,17091,Charles Piutau,750,Tonga,687.72,687.72,1121,1,90,64,0,0,47,Playmaker Options,672,Acting Halfback at Breakdown,675,Playmaker Option - Pass,0,,0,,0,,0,,0,,0,,0,,0,,0,0,0,0,1899-12-30T00:11:38Z,2,9,0,0,-3,950,Samoa,750,Tonga,05/08/2023,15:00,13,9,34,9,0,3,70,Apia Park,-1,NA,1,2023,15,15,Full Back,0,,0,,271,Angus Gardner,1000642,Damon Murphy,1000613,Matthew Kellahan,-1,,3,International,N,L
254,937717,17091,Charles Piutau,750,Tonga,688.16,688.68,1122,1,90,64,88,56,3,Pass,169,Complete,0,,686,Medium Pass,681,Left Pass,700,0th Receiver,0,,0,,0,,0,,0,,9,9,3,0,1899-12-30T00:11:39Z,2,9,0,0,-3,950,Samoa,750,Tonga,05/08/2023,15:00,13,9,34,9,0,3,70,Apia Park,-1,NA,1,2023,15,15,Full Back,0,,0,,271,Angus Gardner,1000642,Damon Murphy,1000613,Matthew Kellahan,-1,,3,International,N,L
255,937717,26114,Leva Fifita,750,Tonga,688.68,688.68,1122,1,88,56,0,0,18,Collection,631,General Catch,0,,0,,0,,0,,0,,0,,0,,0,,0,,0,0,0,0,1899-12-30T00:11:39Z,2,9,0,0,-3,950,Samoa,750,Tonga,05/08/2023,15:00,13,9,34,9,0,3,70,Apia Park,-1,NA,1,2023,04,4,Lock (4),0,,0,,271,Angus Gardner,1000642,Damon Murphy,1000613,Matthew Kellahan,-1,,3,International,N,L
256,937717,26114,Leva Fifita,750,Tonga,688.68,688.68,1122,1,88,56,0,0,47,Playmaker Options,656,First Receiver,675,Playmaker Option - Pass,0,,0,,0,,0,,0,,0,,0,,0,,0,0,0,0,1899-12-30T00:11:39Z,2,9,0,0,-3,950,Samoa,750,Tonga,05/08/2023,15:00,13,9,34,9,0,3,70,Apia Park,-1,NA,1,2023,04,4,Lock (4),0,,0,,271,Angus Gardner,1000642,Damon Murphy,1000613,Matthew Kellahan,-1,,3,International,N,L
257,937717,26114,Leva Fifita,750,Tonga,689.16,689.56,1123,1,90,55,90,57,3,Pass,169,Complete,0,,679,Short Pass,682,Right Pass,701,1st Receiver,0,,0,,0,,0,,0,,2,2,0,0,1899-12-30T00:11:40Z,2,9,0,0,-3,950,Samoa,750,Tonga,05/08/2023,15:00,13,9,34,9,0,3,70,Apia Park,-1,NA,1,2023,04,4,Lock (4),0,,0,,271,Angus Gardner,1000642,Damon Murphy,1000613,Matthew Kellahan,-1,,3,International,N,L
258,937717,29249,Sione Havili Talitui,750,Tonga,689.56,689.56,1123,1,90,57,0,0,18,Collection,631,General Catch,0,,0,,0,,0,,0,,0,,0,,0,,0,,0,0,0,0,1899-12-30T00:11:40Z,2,9,0,0,-3,950,Samoa,750,Tonga,05/08/2023,15:00,13,9,34,9,0,3,70,Apia Park,-1,NA,1,2023,07,7,Openside Flanker,0,,0,,271,Angus Gardner,1000642,Damon Murphy,1000613,Matthew Kellahan,-1,,3,International,N,L
259,937717,29249,Sione Havili Talitui,750,Tonga,689.56,689.56,1123,1,90,57,0,0,47,Playmaker Options,657,Second Receiver,673,Playmaker Option - Carry,0,,0,,0,,0,,0,,0,,0,,0,,0,0,0,0,1899-12-30T00:11:40Z,2,9,0,0,-3,950,Samoa,750,Tonga,05/08/2023,15:00,13,9,34,9,0,3,70,Apia Park,-1,NA,1,2023,07,7,Openside Flanker,0,,0,,271,Angus Gardner,1000642,Damon Murphy,1000613,Matthew Kellahan,-1,,3,International,N,L
260,937717,29249,Sione Havili Talitui,750,Tonga,689.56,691.04,1123,1,90,57,92,56,1,Carry,103,Other Carry,108,Tackled Neutral,110,Neutral Gain line,462,Ineffective Contact,502,2 Tacklers Committed,702,2nd Receiver,0,,0,,0,,0,,1,2,1,1,1899-12-30T00:11:40Z,2,9,0,0,-3,950,Samoa,750,Tonga,05/08/2023,15:00,13,9,34,9,0,3,70,Apia Park,-1,NA,1,2023,07,7,Openside Flanker,0,,0,,271,Angus Gardner,1000642,Damon Murphy,1000613,Matthew Kellahan,-1,,3,International,N,L
261,937717,20766,Chris Vui,950,Samoa,690.12,690.12,1124,1,9,10,0,0,2,Tackle,144,Line,153,Complete,0,,474,Neutral Tackle,708,1st Tackler,0,,0,,0,,0,,0,,0,0,0,0,1899-12-30T00:11:40Z,2,9,0,0,-3,950,Samoa,750,Tonga,05/08/2023,15:00,13,9,34,9,0,3,70,Apia Park,-1,NA,1,2023,05,5,Lock (5),0,,0,,271,Angus Gardner,1000642,Damon Murphy,1000613,Matthew Kellahan,-1,,3,International,Y,W
262,937717,10081,Charlie Faumuina,950,Samoa,690.28,690.28,1124,1,9,10,0,0,2,Tackle,144,Line,157,Pen Conceded,441,Assist,473,Dominant Tackle,709,2nd Tackler,0,,0,,0,,0,,0,,0,0,0,0,1899-12-30T00:11:41Z,2,9,0,0,-3,950,Samoa,750,Tonga,05/08/2023,15:00,13,9,34,9,0,3,70,Apia Park,-1,NA,1,2023,01,1,Loosehead Prop,0,,0,,271,Angus Gardner,1000642,Damon Murphy,1000613,Matthew Kellahan,-1,,3,International,Y,W
263,937717,29249,Sione Havili Talitui,750,Tonga,691.04,695.12,1125,1,92,56,0,0,23,Ruck,0,,403,Penalty Won,550,Equal to Previous  Gainline,559,N/A Ruck Speed,676,N/A Movement Ruck,0,,0,,0,,0,,0,,0,0,0,0,1899-12-30T00:11:41Z,2,9,0,0,-3,950,Samoa,750,Tonga,05/08/2023,15:00,13,9,34,9,0,3,70,Apia Park,-1,NA,1,2023,07,7,Openside Flanker,0,,0,,271,Angus Gardner,1000642,Damon Murphy,1000613,Matthew Kellahan,-1,,3,International,N,L
264,937717,21998,Michael Alaalatoa,950,Samoa,692.04,692.04,1126,1,8,12,0,0,43,Ruck OOA,576,Nuisance,583,Own Team 1st Entry,603,OOA Entry 1st Entry- Def,633,Defensive OOA,0,1,0,,0,,0,,0,,0,,0,0,0,0,1899-12-30T00:11:38Z,2,9,0,0,-3,950,Samoa,750,Tonga,05/08/2023,15:00,13,9,34,9,0,3,70,Apia Park,-1,NA,1,2023,03,3,Tighthead Prop,0,,0,,271,Angus Gardner,1000642,Damon Murphy,1000613,Matthew Kellahan,-1,,3,International,Y,W
265,937717,35331,Siua Maile,750,Tonga,693.04,693.04,1127,1,92,56,0,0,43,Ruck OOA,573,Failed Clearout,583,Own Team 1st Entry,588,OOA Entry 1st Entry- Att,632,Attacking OOA,0,1,0,,0,,0,,0,,0,,0,0,0,0,1899-12-30T00:11:39Z,2,9,0,0,-3,950,Samoa,750,Tonga,05/08/2023,15:00,13,9,34,9,0,3,70,Apia Park,-1,NA,1,2023,02,2,Hooker,0,,0,,271,Angus Gardner,1000642,Damon Murphy,1000613,Matthew Kellahan,-1,,3,International,N,L
266,937717,26114,Leva Fifita,750,Tonga,693.96,693.96,1128,1,92,56,0,0,43,Ruck OOA,573,Failed Clearout,584,Own Team 2nd Entry,589,OOA Entry 2nd Entry- Att,632,Attacking OOA,0,2,0,,0,,0,,0,,0,,0,0,0,0,1899-12-30T00:11:40Z,2,9,0,0,-3,950,Samoa,750,Tonga,05/08/2023,15:00,13,9,34,9,0,3,70,Apia Park,-1,NA,1,2023,04,4,Lock (4),0,,0,,271,Angus Gardner,1000642,Damon Murphy,1000613,Matthew Kellahan,-1,,3,International,N,L
267,937717,0,,750,Tonga,677.56,695.12,1129,1,87,26,92,56,15,Possession,310,Tap Pen,316,Pen Won,0,,685,Starts inside Opposition 22,0,,0,,0,,0,,0,,0,,5,0,0,0,1899-12-30T00:11:28Z,2,9,0,0,-3,950,Samoa,750,Tonga,05/08/2023,15:00,13,9,34,9,0,3,70,Apia Park,-1,NA,1,2023,,,,0,,0,,271,Angus Gardner,1000642,Damon Murphy,1000613,Matthew Kellahan,-1,,3,International,N,L
268,937717,0,,750,Tonga,677.56,695.12,1129,1,87,26,92,56,26,Sequences,310,Tap Pen,316,Pen Won,0,,0,,0,,0,,0,,0,,0,,0,,5,0,0,0,1899-12-30T00:11:28Z,2,9,0,0,-3,950,Samoa,750,Tonga,05/08/2023,15:00,13,9,34,9,0,3,70,Apia Park,-1,NA,1,2023,,,,0,,0,,271,Angus Gardner,1000642,Damon Murphy,1000613,Matthew Kellahan,-1,,3,International,N,L
269,937717,10081,Charlie Faumuina,950,Samoa,695.04,695.04,1129,1,8,12,0,0,7,Penalty Conceded,225,Not Rolling Away,236,No Action,215,Defence,233,Full Penalty,0,,0,,0,,0,,0,,0,,0,0,0,0,1899-12-30T00:11:44Z,2,9,0,0,-3,950,Samoa,750,Tonga,05/08/2023,15:00,13,9,34,9,0,3,70,Apia Park,-1,NA,1,2023,01,1,Loosehead Prop,0,,0,,271,Angus Gardner,1000642,Damon Murphy,1000613,Matthew Kellahan,-1,,3,International,Y,W
270,937717,0,,950,Samoa,711.44,760.80,1145,1,92,56,0,0,17,Period,0,Period,0,,0,,0,,0,,0,,0,,0,,0,,0,,0,0,0,0,1899-12-30T00:12:50Z,2,9,0,0,-3,950,Samoa,750,Tonga,05/08/2023,15:00,13,9,34,9,0,3,70,Apia Park,-1,NA,1,2023,,,,0,,0,,271,Angus Gardner,1000642,Damon Murphy,1000613,Matthew Kellahan,-1,,3,International,Y,W
271,937717,39118,William Havili,750,Tonga,762.28,763.92,1147,1,92,58,95,68,4,Kick,347,Touch Kick,193,Kick in Touch (Full),148,Penalty Kick,0,,0,,0,,0,,0,,0,,0,,2,10,0,0,1899-12-30T00:12:53Z,1,9,0,0,-3,950,Samoa,750,Tonga,05/08/2023,15:00,13,9,34,9,0,3,70,Apia Park,-1,NA,1,2023,10,10,Fly Half,0,,0,,271,Angus Gardner,1000642,Damon Murphy,1000613,Matthew Kellahan,-1,,3,International,N,L
272,937717,0,,750,Tonga,762.28,763.92,1148,1,92,58,95,68,26,Sequences,780,Penalty Kick Touch,415,Own Lineout,0,,0,,0,,0,,0,,0,,0,,0,,2,0,0,0,1899-12-30T00:12:53Z,1,9,0,0,-3,950,Samoa,750,Tonga,05/08/2023,15:00,13,9,34,9,0,3,70,Apia Park,-1,NA,1,2023,,,,0,,0,,271,Angus Gardner,1000642,Damon Murphy,1000613,Matthew Kellahan,-1,,3,International,N,L
273,937717,35331,Siua Maile,750,Tonga,773.92,776.40,1158,1,95,68,95,58,6,Lineout Throw,372,Throw Middle,376,Won Clean Catch,208,Catch and Pass,0,7+1,663,Close Left Open Movement Lineout,732,7 Players,725,Forward at Halfback (+1),0,,0,,0,,10,0,2,3,1899-12-30T00:13:04Z,1,10,0,0,-3,950,Samoa,750,Tonga,05/08/2023,15:00,13,9,34,9,0,3,70,Apia Park,-1,NA,1,2023,02,2,Hooker,0,,0,,271,Angus Gardner,1000642,Damon Murphy,1000613,Matthew Kellahan,-1,,3,International,N,L
274,937717,26114,Leva Fifita,750,Tonga,776.40,776.40,1201,1,95,58,0,0,27,Lineout Take,387,Lineout Win Middle,376,Won Clean,208,Catch and Pass,396,Clean Catch,0,,0,,0,,0,,0,,0,,0,0,0,0,1899-12-30T00:13:07Z,1,10,0,0,-3,950,Samoa,750,Tonga,05/08/2023,15:00,13,9,34,9,0,3,70,Apia Park,-1,NA,1,2023,04,4,Lock (4),0,,0,,271,Angus Gardner,1000642,Damon Murphy,1000613,Matthew Kellahan,-1,,3,International,N,L
275,937717,26114,Leva Fifita,750,Tonga,776.56,776.60,1201,1,95,58,94,58,3,Pass,169,Complete,0,,679,Short Pass,681,Left Pass,700,0th Receiver,0,,0,,0,,0,,0,,0,1,1,0,1899-12-30T00:13:08Z,1,10,0,0,-3,950,Samoa,750,Tonga,05/08/2023,15:00,13,9,34,9,0,3,70,Apia Park,-1,NA,1,2023,04,4,Lock (4),0,,0,,271,Angus Gardner,1000642,Damon Murphy,1000613,Matthew Kellahan,-1,,3,International,N,L
276,937717,29249,Sione Havili Talitui,750,Tonga,776.60,776.60,1201,1,94,58,0,0,18,Collection,631,General Catch,0,,0,,0,,0,,0,,0,,0,,0,,0,,0,0,0,0,1899-12-30T00:13:07Z,1,10,0,0,-3,950,Samoa,750,Tonga,05/08/2023,15:00,13,9,34,9,0,3,70,Apia Park,-1,NA,1,2023,07,7,Openside Flanker,0,,0,,271,Angus Gardner,1000642,Damon Murphy,1000613,Matthew Kellahan,-1,,3,International,N,L
277,937717,29249,Sione Havili Talitui,750,Tonga,777.00,777.64,1201,1,95,55,91,52,3,Pass,169,Complete,0,,679,Short Pass,681,Left Pass,701,1st Receiver,0,,0,,0,,0,,0,,4,5,3,0,1899-12-30T00:13:08Z,1,10,0,0,-3,950,Samoa,750,Tonga,05/08/2023,15:00,13,9,34,9,0,3,70,Apia Park,-1,NA,1,2023,07,7,Openside Flanker,0,,0,,271,Angus Gardner,1000642,Damon Murphy,1000613,Matthew Kellahan,-1,,3,International,N,L
278,937717,21155,Vaea Fifita,750,Tonga,777.64,777.64,1202,1,91,52,0,0,18,Collection,631,General Catch,0,,0,,0,,0,,0,,0,,0,,0,,0,,0,0,0,0,1899-12-30T00:13:08Z,1,10,0,0,-3,950,Samoa,750,Tonga,05/08/2023,15:00,13,9,34,9,0,3,70,Apia Park,-1,NA,1,2023,08,8,Number 8,0,,0,,271,Angus Gardner,1000642,Damon Murphy,1000613,Matthew Kellahan,-1,,3,International,N,L
279,937717,21155,Vaea Fifita,750,Tonga,777.64,779.88,1202,1,91,52,97,55,1,Carry,101,One Out Drive,107,Tackled Dominant,109,Crossed Gain line,460,Dominant Contact,502,2 Tacklers Committed,702,2nd Receiver,0,,0,,0,,0,,2,6,3,3,1899-12-30T00:13:08Z,1,10,0,0,-3,950,Samoa,750,Tonga,05/08/2023,15:00,13,9,34,9,0,3,70,Apia Park,-1,NA,1,2023,08,8,Number 8,0,,0,,271,Angus Gardner,1000642,Damon Murphy,1000613,Matthew Kellahan,-1,,3,International,N,L
280,937717,43727,Miracle Faiilagi,950,Samoa,778.36,778.36,1203,1,6,16,0,0,2,Tackle,147,Other,160,Passive,0,,475,Ineffective Tackle,708,1st Tackler,0,,0,,0,,0,,0,,0,0,0,0,1899-12-30T00:13:09Z,1,10,0,0,-3,950,Samoa,750,Tonga,05/08/2023,15:00,13,9,34,9,0,3,70,Apia Park,-1,NA,1,2023,06,6,Blindside Flanker,0,,0,,271,Angus Gardner,1000642,Damon Murphy,1000613,Matthew Kellahan,-1,,3,International,Y,W
281,937717,18506,Steven Luatua,950,Samoa,778.92,778.92,1203,1,6,16,0,0,2,Tackle,147,Other,160,Passive,441,Assist,475,Ineffective Tackle,709,2nd Tackler,0,,0,,0,,0,,0,,0,0,0,0,1899-12-30T00:13:09Z,1,10,0,0,-3,950,Samoa,750,Tonga,05/08/2023,15:00,13,9,34,9,0,3,70,Apia Park,-1,NA,1,2023,08,8,Number 8,0,,0,,271,Angus Gardner,1000642,Damon Murphy,1000613,Matthew Kellahan,-1,,3,International,Y,W
282,937717,21155,Vaea Fifita,750,Tonga,779.88,781.76,1204,1,97,55,0,0,23,Ruck,0,,401,Won Outright,548,Over Previous Gainline,553,1-2 Seconds,661,Mid Left Open Movement Ruck,0,,0,,0,,0,,0,,0,0,0,14,1899-12-30T00:13:10Z,1,10,0,0,-3,950,Samoa,750,Tonga,05/08/2023,15:00,13,9,34,9,0,3,70,Apia Park,-1,NA,1,2023,08,8,Number 8,0,,0,,271,Angus Gardner,1000642,Damon Murphy,1000613,Matthew Kellahan,-1,,3,International,N,L
283,937717,29249,Sione Havili Talitui,750,Tonga,780.44,780.44,1205,1,97,55,0,0,43,Ruck OOA,572,Cleaned Out,583,Own Team 1st Entry,588,OOA Entry 1st Entry- Att,632,Attacking OOA,0,1,0,,0,,0,,0,,0,,0,0,0,0,1899-12-30T00:13:09Z,1,10,0,0,-3,950,Samoa,750,Tonga,05/08/2023,15:00,13,9,34,9,0,3,70,Apia Park,-1,NA,1,2023,07,7,Openside Flanker,0,,0,,271,Angus Gardner,1000642,Damon Murphy,1000613,Matthew Kellahan,-1,,3,International,N,L
284,937717,20156,Sonatane Takulua,750,Tonga,781.76,781.76,1206,1,96,55,0,0,18,Collection,631,General Catch,0,,0,,0,,0,,0,,0,,0,,0,,0,,0,0,0,0,1899-12-30T00:13:12Z,2,10,0,0,-3,950,Samoa,750,Tonga,05/08/2023,15:00,13,9,34,9,0,3,70,Apia Park,-1,NA,1,2023,09,9,Scrum Half,0,,0,,271,Angus Gardner,1000642,Damon Murphy,1000613,Matthew Kellahan,-1,,3,International,N,L
285,937717,20156,Sonatane Takulua,750,Tonga,781.76,781.76,1206,1,96,55,0,0,47,Playmaker Options,671,Halfback at Breakdown,675,Playmaker Option - Pass,0,,0,,0,,0,,0,,0,,0,,0,,0,0,0,0,1899-12-30T00:13:12Z,2,10,0,0,-3,950,Samoa,750,Tonga,05/08/2023,15:00,13,9,34,9,0,3,70,Apia Park,-1,NA,1,2023,09,9,Scrum Half,0,,0,,271,Angus Gardner,1000642,Damon Murphy,1000613,Matthew Kellahan,-1,,3,International,N,L
286,937717,20156,Sonatane Takulua,750,Tonga,782.28,782.64,1207,1,96,55,93,44,3,Pass,169,Complete,0,,686,Medium Pass,681,Left Pass,700,0th Receiver,0,,0,,0,,0,,0,,11,11,3,0,1899-12-30T00:13:13Z,2,10,0,0,-3,950,Samoa,750,Tonga,05/08/2023,15:00,13,9,34,9,0,3,70,Apia Park,-1,NA,1,2023,09,9,Scrum Half,0,,0,,271,Angus Gardner,1000642,Damon Murphy,1000613,Matthew Kellahan,-1,,3,International,N,L
287,937717,26114,Leva Fifita,750,Tonga,782.64,782.64,1207,1,93,44,0,0,18,Collection,631,General Catch,0,,0,,0,,0,,0,,0,,0,,0,,0,,0,0,0,0,1899-12-30T00:13:13Z,2,10,0,0,-3,950,Samoa,750,Tonga,05/08/2023,15:00,13,9,34,9,0,3,70,Apia Park,-1,NA,1,2023,04,4,Lock (4),0,,0,,271,Angus Gardner,1000642,Damon Murphy,1000613,Matthew Kellahan,-1,,3,International,N,L
288,937717,26114,Leva Fifita,750,Tonga,782.64,782.64,1207,1,93,44,0,0,47,Playmaker Options,656,First Receiver,673,Playmaker Option - Carry,0,,0,,0,,0,,0,,0,,0,,0,,0,0,0,0,1899-12-30T00:13:13Z,2,10,0,0,-3,950,Samoa,750,Tonga,05/08/2023,15:00,13,9,34,9,0,3,70,Apia Park,-1,NA,1,2023,04,4,Lock (4),0,,0,,271,Angus Gardner,1000642,Damon Murphy,1000613,Matthew Kellahan,-1,,3,International,N,L
289,937717,26114,Leva Fifita,750,Tonga,782.64,785.16,1207,1,93,44,97,41,1,Carry,101,One Out Drive,124,Penalty Conceded,110,Neutral Gain line,461,Neutral Contact,502,2 Tacklers Committed,701,1st Receiver,0,,0,,0,,0,,0,4,0,0,1899-12-30T00:13:13Z,2,10,0,0,-3,950,Samoa,750,Tonga,05/08/2023,15:00,13,9,34,9,0,3,70,Apia Park,-1,NA,1,2023,04,4,Lock (4),0,,0,,271,Angus Gardner,1000642,Damon Murphy,1000613,Matthew Kellahan,-1,,3,International,N,L
290,937717,18506,Steven Luatua,950,Samoa,783.44,783.44,1208,1,3,25,0,0,2,Tackle,144,Line,153,Complete,0,,474,Neutral Tackle,708,1st Tackler,0,,0,,0,,0,,0,,0,0,0,0,1899-12-30T00:13:14Z,2,10,0,0,-3,950,Samoa,750,Tonga,05/08/2023,15:00,13,9,34,9,0,3,70,Apia Park,-1,NA,1,2023,08,8,Number 8,0,,0,,271,Angus Gardner,1000642,Damon Murphy,1000613,Matthew Kellahan,-1,,3,International,Y,W
291,937717,22603,Duncan Paia'aua,950,Samoa,783.60,783.60,1208,1,3,25,0,0,2,Tackle,144,Line,153,Complete,441,Assist,474,Neutral Tackle,709,2nd Tackler,0,,0,,0,,0,,0,,0,0,0,0,1899-12-30T00:13:14Z,2,10,0,0,-3,950,Samoa,750,Tonga,05/08/2023,15:00,13,9,34,9,0,3,70,Apia Park,-1,NA,1,2023,12,12,Inside Centre,0,,0,,271,Angus Gardner,1000642,Damon Murphy,1000613,Matthew Kellahan,-1,,3,International,Y,W
292,937717,26114,Leva Fifita,750,Tonga,785.16,791.00,1209,1,97,41,0,0,23,Ruck,0,,404,Penalty Conceded,550,Equal to Previous  Gainline,559,N/A Ruck Speed,676,N/A Movement Ruck,0,,0,,0,,0,,0,,0,0,0,0,1899-12-30T00:13:16Z,2,10,0,0,-3,950,Samoa,750,Tonga,05/08/2023,15:00,13,9,34,9,0,3,70,Apia Park,-1,NA,1,2023,04,4,Lock (4),0,,0,,271,Angus Gardner,1000642,Damon Murphy,1000613,Matthew Kellahan,-1,,3,International,N,L
293,937717,18506,Steven Luatua,950,Samoa,786.52,786.52,1211,1,3,27,0,0,18,Collection,276,Jackal,277,Success,0,,0,,0,,0,,0,,0,,0,,0,,0,0,0,0,1899-12-30T00:13:20Z,2,10,0,0,-3,950,Samoa,750,Tonga,05/08/2023,15:00,13,9,34,9,0,3,70,Apia Park,-1,NA,1,2023,08,8,Number 8,0,,0,,271,Angus Gardner,1000642,Damon Murphy,1000613,Matthew Kellahan,-1,,3,International,Y,W
294,937717,18506,Steven Luatua,950,Samoa,786.52,786.52,1211,1,3,27,0,0,43,Ruck OOA,580,Penalty Won,583,Own Team 1st Entry,603,OOA Entry 1st Entry- Def,633,Defensive OOA,0,1,0,,0,,0,,0,,0,,0,0,0,0,1899-12-30T00:13:20Z,2,10,0,0,-3,950,Samoa,750,Tonga,05/08/2023,15:00,13,9,34,9,0,3,70,Apia Park,-1,NA,1,2023,08,8,Number 8,0,,0,,271,Angus Gardner,1000642,Damon Murphy,1000613,Matthew Kellahan,-1,,3,International,Y,W
295,937717,11292,Steve Mafi,750,Tonga,786.64,786.64,1211,1,97,41,0,0,43,Ruck OOA,573,Failed Clearout,583,Own Team 1st Entry,588,OOA Entry 1st Entry- Att,632,Attacking OOA,0,1,0,,0,,0,,0,,0,,0,0,0,0,1899-12-30T00:13:20Z,2,10,0,0,-3,950,Samoa,750,Tonga,05/08/2023,15:00,13,9,34,9,0,3,70,Apia Park,-1,NA,1,2023,05,5,Lock (5),0,,0,,271,Angus Gardner,1000642,Damon Murphy,1000613,Matthew Kellahan,-1,,3,International,N,L
296,937717,20156,Sonatane Takulua,750,Tonga,788.04,788.04,1212,1,97,41,0,0,43,Ruck OOA,573,Failed Clearout,584,Own Team 2nd Entry,589,OOA Entry 2nd Entry- Att,632,Attacking OOA,0,2,0,,0,,0,,0,,0,,0,0,0,0,1899-12-30T00:13:21Z,2,10,0,0,-3,950,Samoa,750,Tonga,05/08/2023,15:00,13,9,34,9,0,3,70,Apia Park,-1,NA,1,2023,09,9,Scrum Half,0,,0,,271,Angus Gardner,1000642,Damon Murphy,1000613,Matthew Kellahan,-1,,3,International,N,L
297,937717,0,,750,Tonga,773.92,791.00,1215,1,95,68,97,41,15,Possession,306,Lineout,319,Pen Con,0,,685,Starts inside Opposition 22,0,,0,,0,,0,,0,,0,,2,0,0,0,1899-12-30T00:13:04Z,2,10,0,0,-3,950,Samoa,750,Tonga,05/08/2023,15:00,13,9,34,9,0,3,70,Apia Park,-1,NA,1,2023,,,,0,,0,,271,Angus Gardner,1000642,Damon Murphy,1000613,Matthew Kellahan,-1,,3,International,N,L
298,937717,0,,750,Tonga,773.92,791.00,1215,1,95,68,97,41,26,Sequences,306,Lineout,319,Pen Con,0,,0,,0,,0,,0,,0,,0,,0,,2,0,0,0,1899-12-30T00:13:04Z,2,10,0,0,-3,950,Samoa,750,Tonga,05/08/2023,15:00,13,9,34,9,0,3,70,Apia Park,-1,NA,1,2023,,,,0,,0,,271,Angus Gardner,1000642,Damon Murphy,1000613,Matthew Kellahan,-1,,3,International,N,L
299,937717,26114,Leva Fifita,750,Tonga,790.92,790.92,1215,1,97,41,0,0,7,Penalty Conceded,216,Not Releasing,236,No Action,214,Offence,233,Full Penalty,0,,0,,0,,0,,0,,0,,0,0,0,0,1899-12-30T00:13:18Z,2,10,0,0,-3,950,Samoa,750,Tonga,05/08/2023,15:00,13,9,34,9,0,3,70,Apia Park,-1,NA,1,2023,04,4,Lock (4),0,,0,,271,Angus Gardner,1000642,Damon Murphy,1000613,Matthew Kellahan,-1,,3,International,N,L
300,937717,0,,950,Samoa,813.92,813.92,1238,1,3,27,0,0,45,Defensive Exits,630,Kicked out of 22,0,,0,,0,,0,,0,,0,,0,,0,,0,,0,0,0,0,1899-12-30T00:13:44Z,1,10,0,0,-3,950,Samoa,750,Tonga,05/08/2023,15:00,13,9,34,9,0,3,70,Apia Park,-1,NA,1,2023,,,,0,,0,,271,Angus Gardner,1000642,Damon Murphy,1000613,Matthew Kellahan,-1,,3,International,Y,W
301,937717,25212,D'Angelo Leuila,950,Samoa,813.92,816.52,1238,1,3,27,47,0,4,Kick,347,Touch Kick,193,Kick in Touch (Full),148,Penalty Kick,0,,0,,0,,0,,0,,0,,0,,44,52,0,0,1899-12-30T00:13:44Z,1,10,0,0,-3,950,Samoa,750,Tonga,05/08/2023,15:00,13,9,34,9,0,3,70,Apia Park,-1,NA,1,2023,10,10,Fly Half,0,,0,,271,Angus Gardner,1000642,Damon Murphy,1000613,Matthew Kellahan,-1,,3,International,Y,W
302,937717,0,,950,Samoa,813.92,816.52,1241,1,3,27,47,0,26,Sequences,780,Penalty Kick Touch,415,Own Lineout,0,,0,,0,,0,,0,,0,,0,,0,,44,0,0,0,1899-12-30T00:13:44Z,1,10,0,0,-3,950,Samoa,750,Tonga,05/08/2023,15:00,13,9,34,9,0,3,70,Apia Park,-1,NA,1,2023,,,,0,,0,,271,Angus Gardner,1000642,Damon Murphy,1000613,Matthew Kellahan,-1,,3,International,Y,W
303,937717,27662,Sama Malolo,950,Samoa,849.72,851.00,1314,1,47,0,47,14,6,Lineout Throw,373,Throw Back,377,Won Tap (Scrappy),211,Off The Top,0,5,662,Mid Right Open Movement Lineout,730,5 Players,724,Halfback in Position,0,,0,,0,,14,0,1,14,1899-12-30T00:14:20Z,1,11,0,0,-3,950,Samoa,750,Tonga,05/08/2023,15:00,13,9,34,9,0,3,70,Apia Park,-1,NA,1,2023,02,2,Hooker,0,,0,,271,Angus Gardner,1000642,Damon Murphy,1000613,Matthew Kellahan,-1,,3,International,Y,W
304,937717,20766,Chris Vui,950,Samoa,851.00,851.00,1315,1,47,14,0,0,27,Lineout Take,388,Lineout Win Back,377,Won Tap,211,Off The Top,398,Ineffective Tap,0,,0,,0,,0,,0,,0,,0,0,0,0,1899-12-30T00:14:21Z,1,11,0,0,-3,950,Samoa,750,Tonga,05/08/2023,15:00,13,9,34,9,0,3,70,Apia Park,-1,NA,1,2023,05,5,Lock (5),0,,0,,271,Angus Gardner,1000642,Damon Murphy,1000613,Matthew Kellahan,-1,,3,International,Y,W
305,937717,20766,Chris Vui,950,Samoa,851.00,852.96,1315,1,47,14,40,21,3,Pass,174,Incomplete,0,,686,Medium Pass,682,Right Pass,700,0th Receiver,0,,0,,0,,0,,0,,8,11,7,0,1899-12-30T00:14:21Z,1,11,0,0,-3,950,Samoa,750,Tonga,05/08/2023,15:00,13,9,34,9,0,3,70,Apia Park,-1,NA,1,2023,05,5,Lock (5),0,,0,,271,Angus Gardner,1000642,Damon Murphy,1000613,Matthew Kellahan,-1,,3,International,Y,W
306,937717,22231,Ed Fidow,950,Samoa,852.96,852.96,1317,1,40,21,0,0,18,Collection,272,Attacking Loose Ball,277,Success,0,,0,,0,,0,,0,,0,,0,,0,,0,0,0,0,1899-12-30T00:14:23Z,1,11,0,0,-3,950,Samoa,750,Tonga,05/08/2023,15:00,13,9,34,9,0,3,70,Apia Park,-1,NA,1,2023,11,11,Left Wing,0,,0,,271,Angus Gardner,1000642,Damon Murphy,1000613,Matthew Kellahan,-1,,3,International,Y,W
307,937717,22231,Ed Fidow,950,Samoa,852.96,855.40,1317,1,40,21,48,28,1,Carry,103,Other Carry,108,Tackled Neutral,109,Crossed Gain line,461,Neutral Contact,502,2 Tacklers Committed,701,1st Receiver,0,,0,,0,,0,,1,8,7,3,1899-12-30T00:14:23Z,1,11,0,0,-3,950,Samoa,750,Tonga,05/08/2023,15:00,13,9,34,9,0,3,70,Apia Park,-1,NA,1,2023,11,11,Left Wing,0,,0,,271,Angus Gardner,1000642,Damon Murphy,1000613,Matthew Kellahan,-1,,3,International,Y,W
308,937717,35331,Siua Maile,750,Tonga,853.40,853.40,1318,1,59,47,0,0,2,Tackle,147,Other,161,Missed,0,,475,Ineffective Tackle,708,1st Tackler,0,,0,,0,,0,,0,,0,0,0,0,1899-12-30T00:14:24Z,1,11,0,0,-3,950,Samoa,750,Tonga,05/08/2023,15:00,13,9,34,9,0,3,70,Apia Park,-1,NA,1,2023,02,2,Hooker,0,,0,,271,Angus Gardner,1000642,Damon Murphy,1000613,Matthew Kellahan,-1,,3,International,N,L
309,937717,35331,Siua Maile,750,Tonga,853.40,853.40,1318,1,59,47,0,0,12,Missed Tackle,163,Stepped,166,Tackled,0,,0,,0,,0,,0,,0,,0,,0,,0,0,0,0,1899-12-30T00:14:24Z,1,11,0,0,-3,950,Samoa,750,Tonga,05/08/2023,15:00,13,9,34,9,0,3,70,Apia Park,-1,NA,1,2023,02,2,Hooker,0,,0,,271,Angus Gardner,1000642,Damon Murphy,1000613,Matthew Kellahan,-1,,3,International,N,L
310,937717,22231,Ed Fidow,950,Samoa,853.56,853.56,1318,1,42,21,0,0,10,Attacking Qualities,116,Defender Beaten,0,,0,,0,,0,,0,,0,,0,,0,,0,,0,0,0,0,1899-12-30T00:14:24Z,1,11,0,0,-3,950,Samoa,750,Tonga,05/08/2023,15:00,13,9,34,9,0,3,70,Apia Park,-1,NA,1,2023,11,11,Left Wing,0,,0,,271,Angus Gardner,1000642,Damon Murphy,1000613,Matthew Kellahan,-1,,3,International,Y,W
311,937717,17091,Charles Piutau,750,Tonga,854.88,854.88,1319,1,55,41,0,0,2,Tackle,144,Line,153,Complete,441,Assist,474,Neutral Tackle,709,2nd Tackler,0,,0,,0,,0,,0,,0,0,0,0,1899-12-30T00:14:25Z,1,11,0,0,-3,950,Samoa,750,Tonga,05/08/2023,15:00,13,9,34,9,0,3,70,Apia Park,-1,NA,1,2023,15,15,Full Back,0,,0,,271,Angus Gardner,1000642,Damon Murphy,1000613,Matthew Kellahan,-1,,3,International,N,L
312,937717,22231,Ed Fidow,950,Samoa,855.40,857.80,1320,1,48,28,0,0,23,Ruck,0,,401,Won Outright,548,Over Previous Gainline,554,2-3 Seconds,664,Close Right Open Movement Ruck,0,,0,,0,,0,,0,,0,0,5,4,1899-12-30T00:14:26Z,1,11,0,0,-3,950,Samoa,750,Tonga,05/08/2023,15:00,13,9,34,9,0,3,70,Apia Park,-1,NA,1,2023,11,11,Left Wing,0,,0,,271,Angus Gardner,1000642,Damon Murphy,1000613,Matthew Kellahan,-1,,3,International,Y,W
313,937717,11292,Steve Mafi,750,Tonga,855.96,855.96,1320,1,52,40,0,0,43,Ruck OOA,578,Got Cleaned Out,583,Own Team 1st Entry,603,OOA Entry 1st Entry- Def,633,Defensive OOA,0,1,0,,0,,0,,0,,0,,0,0,0,0,1899-12-30T00:14:24Z,1,11,0,0,-3,950,Samoa,750,Tonga,05/08/2023,15:00,13,9,34,9,0,3,70,Apia Park,-1,NA,1,2023,05,5,Lock (5),0,,0,,271,Angus Gardner,1000642,Damon Murphy,1000613,Matthew Kellahan,-1,,3,International,N,L
314,937717,25212,D'Angelo Leuila,950,Samoa,856.44,856.44,1321,1,48,28,0,0,43,Ruck OOA,572,Cleaned Out,583,Own Team 1st Entry,588,OOA Entry 1st Entry- Att,632,Attacking OOA,0,1,0,,0,,0,,0,,0,,0,0,0,0,1899-12-30T00:14:24Z,1,11,0,0,-3,950,Samoa,750,Tonga,05/08/2023,15:00,13,9,34,9,0,3,70,Apia Park,-1,NA,1,2023,10,10,Fly Half,0,,0,,271,Angus Gardner,1000642,Damon Murphy,1000613,Matthew Kellahan,-1,,3,International,Y,W
315,937717,22603,Duncan Paia'aua,950,Samoa,857.28,857.28,1322,1,48,28,0,0,43,Ruck OOA,574,Secured,584,Own Team 2nd Entry,589,OOA Entry 2nd Entry- Att,632,Attacking OOA,0,2,0,,0,,0,,0,,0,,0,0,0,0,1899-12-30T00:14:25Z,1,11,0,0,-3,950,Samoa,750,Tonga,05/08/2023,15:00,13,9,34,9,0,3,70,Apia Park,-1,NA,1,2023,12,12,Inside Centre,0,,0,,271,Angus Gardner,1000642,Damon Murphy,1000613,Matthew Kellahan,-1,,3,International,Y,W
316,937717,20806,Brian Alainu'uese,950,Samoa,857.80,857.80,1322,1,47,28,0,0,18,Collection,631,General Catch,0,,0,,0,,0,,0,,0,,0,,0,,0,,0,0,0,0,1899-12-30T00:14:28Z,2,11,0,0,-3,950,Samoa,750,Tonga,05/08/2023,15:00,13,9,34,9,0,3,70,Apia Park,-1,NA,1,2023,04,4,Lock (4),0,,0,,271,Angus Gardner,1000642,Damon Murphy,1000613,Matthew Kellahan,-1,,3,International,Y,W
317,937717,20806,Brian Alainu'uese,950,Samoa,857.80,857.80,1322,1,47,28,0,0,47,Playmaker Options,672,Acting Halfback at Breakdown,673,Playmaker Option - Carry,0,,0,,0,,0,,0,,0,,0,,0,,0,0,0,0,1899-12-30T00:14:28Z,2,11,0,0,-3,950,Samoa,750,Tonga,05/08/2023,15:00,13,9,34,9,0,3,70,Apia Park,-1,NA,1,2023,04,4,Lock (4),0,,0,,271,Angus Gardner,1000642,Damon Murphy,1000613,Matthew Kellahan,-1,,3,International,Y,W
318,937717,20806,Brian Alainu'uese,950,Samoa,857.80,860.52,1322,1,47,28,53,32,1,Carry,102,Pick and Go,108,Tackled Neutral,109,Crossed Gain line,461,Neutral Contact,502,2 Tacklers Committed,700,0th Receiver,0,,0,,0,,0,,5,6,2,2,1899-12-30T00:14:28Z,2,11,0,0,-3,950,Samoa,750,Tonga,05/08/2023,15:00,13,9,34,9,0,3,70,Apia Park,-1,NA,1,2023,04,4,Lock (4),0,,0,,271,Angus Gardner,1000642,Damon Murphy,1000613,Matthew Kellahan,-1,,3,International,Y,W
319,937717,26114,Leva Fifita,750,Tonga,858.88,858.88,1323,1,49,36,0,0,2,Tackle,145,Guard,153,Complete,0,,474,Neutral Tackle,708,1st Tackler,0,,0,,0,,0,,0,,0,0,0,0,1899-12-30T00:14:29Z,2,11,0,0,-3,950,Samoa,750,Tonga,05/08/2023,15:00,13,9,34,9,0,3,70,Apia Park,-1,NA,1,2023,04,4,Lock (4),0,,0,,271,Angus Gardner,1000642,Damon Murphy,1000613,Matthew Kellahan,-1,,3,International,N,L
320,937717,18807,Ben Tameifuna,750,Tonga,859.96,859.96,1324,1,49,36,0,0,2,Tackle,144,Line,153,Complete,441,Assist,474,Neutral Tackle,709,2nd Tackler,0,,0,,0,,0,,0,,0,0,0,0,1899-12-30T00:14:30Z,2,11,0,0,-3,950,Samoa,750,Tonga,05/08/2023,15:00,13,9,34,9,0,3,70,Apia Park,-1,NA,1,2023,03,3,Tighthead Prop,0,,0,,271,Angus Gardner,1000642,Damon Murphy,1000613,Matthew Kellahan,-1,,3,International,N,L
321,937717,20806,Brian Alainu'uese,950,Samoa,860.52,862.32,1325,1,53,32,0,0,23,Ruck,0,,401,Won Outright,548,Over Previous Gainline,553,1-2 Seconds,664,Close Right Open Movement Ruck,0,,0,,0,,0,,0,,0,0,4,3,1899-12-30T00:14:31Z,2,11,0,0,-3,950,Samoa,750,Tonga,05/08/2023,15:00,13,9,34,9,0,3,70,Apia Park,-1,NA,1,2023,04,4,Lock (4),0,,0,,271,Angus Gardner,1000642,Damon Murphy,1000613,Matthew Kellahan,-1,,3,International,Y,W
322,937717,18807,Ben Tameifuna,750,Tonga,860.92,860.92,1325,1,47,36,0,0,43,Ruck OOA,578,Got Cleaned Out,583,Own Team 1st Entry,603,OOA Entry 1st Entry- Def,633,Defensive OOA,0,1,0,,0,,0,,0,,0,,0,0,0,0,1899-12-30T00:14:30Z,2,11,0,0,-3,950,Samoa,750,Tonga,05/08/2023,15:00,13,9,34,9,0,3,70,Apia Park,-1,NA,1,2023,03,3,Tighthead Prop,0,,0,,271,Angus Gardner,1000642,Damon Murphy,1000613,Matthew Kellahan,-1,,3,International,N,L
323,937717,20766,Chris Vui,950,Samoa,861.00,861.00,1325,1,53,32,0,0,43,Ruck OOA,572,Cleaned Out,583,Own Team 1st Entry,588,OOA Entry 1st Entry- Att,632,Attacking OOA,0,1,0,,0,,0,,0,,0,,0,0,0,0,1899-12-30T00:14:30Z,2,11,0,0,-3,950,Samoa,750,Tonga,05/08/2023,15:00,13,9,34,9,0,3,70,Apia Park,-1,NA,1,2023,05,5,Lock (5),0,,0,,271,Angus Gardner,1000642,Damon Murphy,1000613,Matthew Kellahan,-1,,3,International,Y,W
324,937717,22603,Duncan Paia'aua,950,Samoa,861.96,861.96,1326,1,53,32,0,0,43,Ruck OOA,574,Secured,584,Own Team 2nd Entry,589,OOA Entry 2nd Entry- Att,632,Attacking OOA,0,2,0,,0,,0,,0,,0,,0,0,0,0,1899-12-30T00:14:31Z,2,11,0,0,-3,950,Samoa,750,Tonga,05/08/2023,15:00,13,9,34,9,0,3,70,Apia Park,-1,NA,1,2023,12,12,Inside Centre,0,,0,,271,Angus Gardner,1000642,Damon Murphy,1000613,Matthew Kellahan,-1,,3,International,Y,W
325,937717,23399,Jonathan Taumateine,950,Samoa,862.32,862.32,1327,1,52,32,0,0,18,Collection,631,General Catch,0,,0,,0,,0,,0,,0,,0,,0,,0,,0,0,0,0,1899-12-30T00:14:33Z,3,11,0,0,-3,950,Samoa,750,Tonga,05/08/2023,15:00,13,9,34,9,0,3,70,Apia Park,-1,NA,1,2023,09,9,Scrum Half,0,,0,,271,Angus Gardner,1000642,Damon Murphy,1000613,Matthew Kellahan,-1,,3,International,Y,W
326,937717,23399,Jonathan Taumateine,950,Samoa,862.32,862.32,1327,1,52,32,0,0,47,Playmaker Options,671,Halfback at Breakdown,675,Playmaker Option - Pass,0,,0,,0,,0,,0,,0,,0,,0,,0,0,0,0,1899-12-30T00:14:33Z,3,11,0,0,-3,950,Samoa,750,Tonga,05/08/2023,15:00,13,9,34,9,0,3,70,Apia Park,-1,NA,1,2023,09,9,Scrum Half,0,,0,,271,Angus Gardner,1000642,Damon Murphy,1000613,Matthew Kellahan,-1,,3,International,Y,W
327,937717,23399,Jonathan Taumateine,950,Samoa,862.36,863.28,1327,1,52,32,51,35,3,Pass,169,Complete,0,,679,Short Pass,682,Right Pass,700,0th Receiver,0,,0,,0,,0,,0,,3,3,1,0,1899-12-30T00:14:33Z,3,11,0,0,-3,950,Samoa,750,Tonga,05/08/2023,15:00,13,9,34,9,0,3,70,Apia Park,-1,NA,1,2023,09,9,Scrum Half,0,,0,,271,Angus Gardner,1000642,Damon Murphy,1000613,Matthew Kellahan,-1,,3,International,Y,W
328,937717,10081,Charlie Faumuina,950,Samoa,863.28,863.28,1328,1,51,35,0,0,18,Collection,631,General Catch,0,,0,,0,,0,,0,,0,,0,,0,,0,,0,0,0,0,1899-12-30T00:14:34Z,3,11,0,0,-3,950,Samoa,750,Tonga,05/08/2023,15:00,13,9,34,9,0,3,70,Apia Park,-1,NA,1,2023,01,1,Loosehead Prop,0,,0,,271,Angus Gardner,1000642,Damon Murphy,1000613,Matthew Kellahan,-1,,3,International,Y,W
329,937717,10081,Charlie Faumuina,950,Samoa,863.28,863.28,1328,1,51,35,0,0,47,Playmaker Options,656,First Receiver,673,Playmaker Option - Carry,0,,0,,0,,0,,0,,0,,0,,0,,0,0,0,0,1899-12-30T00:14:34Z,3,11,0,0,-3,950,Samoa,750,Tonga,05/08/2023,15:00,13,9,34,9,0,3,70,Apia Park,-1,NA,1,2023,01,1,Loosehead Prop,0,,0,,271,Angus Gardner,1000642,Damon Murphy,1000613,Matthew Kellahan,-1,,3,International,Y,W
330,937717,10081,Charlie Faumuina,950,Samoa,863.28,864.88,1328,1,51,35,57,35,1,Carry,101,One Out Drive,107,Tackled Dominant,109,Crossed Gain line,460,Dominant Contact,502,2 Tacklers Committed,701,1st Receiver,0,,0,,0,,0,,4,6,4,4,1899-12-30T00:14:34Z,3,11,0,0,-3,950,Samoa,750,Tonga,05/08/2023,15:00,13,9,34,9,0,3,70,Apia Park,-1,NA,1,2023,01,1,Loosehead Prop,0,,0,,271,Angus Gardner,1000642,Damon Murphy,1000613,Matthew Kellahan,-1,,3,International,Y,W
331,937717,21155,Vaea Fifita,750,Tonga,863.32,863.32,1328,1,48,33,0,0,2,Tackle,144,Line,161,Missed,0,,475,Ineffective Tackle,708,1st Tackler,0,,0,,0,,0,,0,,0,0,0,0,1899-12-30T00:14:34Z,3,11,0,0,-3,950,Samoa,750,Tonga,05/08/2023,15:00,13,9,34,9,0,3,70,Apia Park,-1,NA,1,2023,08,8,Number 8,0,,0,,271,Angus Gardner,1000642,Damon Murphy,1000613,Matthew Kellahan,-1,,3,International,N,L
332,937717,21155,Vaea Fifita,750,Tonga,863.32,863.32,1328,1,48,33,0,0,12,Missed Tackle,165,Positional,166,Tackled,0,,0,,0,,0,,0,,0,,0,,0,,0,0,0,0,1899-12-30T00:14:34Z,3,11,0,0,-3,950,Samoa,750,Tonga,05/08/2023,15:00,13,9,34,9,0,3,70,Apia Park,-1,NA,1,2023,08,8,Number 8,0,,0,,271,Angus Gardner,1000642,Damon Murphy,1000613,Matthew Kellahan,-1,,3,International,N,L
333,937717,10081,Charlie Faumuina,950,Samoa,863.76,863.76,1328,1,52,35,0,0,10,Attacking Qualities,116,Defender Beaten,0,,0,,0,,0,,0,,0,,0,,0,,0,,0,0,0,0,1899-12-30T00:14:35Z,3,11,0,0,-3,950,Samoa,750,Tonga,05/08/2023,15:00,13,9,34,9,0,3,70,Apia Park,-1,NA,1,2023,01,1,Loosehead Prop,0,,0,,271,Angus Gardner,1000642,Damon Murphy,1000613,Matthew Kellahan,-1,,3,International,Y,W
334,937717,35331,Siua Maile,750,Tonga,864.40,864.40,1329,1,47,33,0,0,2,Tackle,144,Line,160,Passive,441,Assist,475,Ineffective Tackle,709,2nd Tackler,0,,0,,0,,0,,0,,0,0,0,0,1899-12-30T00:14:34Z,3,11,0,0,-3,950,Samoa,750,Tonga,05/08/2023,15:00,13,9,34,9,0,3,70,Apia Park,-1,NA,1,2023,02,2,Hooker,0,,0,,271,Angus Gardner,1000642,Damon Murphy,1000613,Matthew Kellahan,-1,,3,International,N,L
335,937717,10081,Charlie Faumuina,950,Samoa,864.88,867.12,1329,1,57,35,0,0,23,Ruck,0,,401,Won Outright,548,Over Previous Gainline,554,2-3 Seconds,661,Mid Left Open Movement Ruck,0,,0,,0,,0,,0,,0,0,-5,10,1899-12-30T00:14:35Z,3,11,0,0,-3,950,Samoa,750,Tonga,05/08/2023,15:00,13,9,34,9,0,3,70,Apia Park,-1,NA,1,2023,01,1,Loosehead Prop,0,,0,,271,Angus Gardner,1000642,Damon Murphy,1000613,Matthew Kellahan,-1,,3,International,Y,W
336,937717,21998,Michael Alaalatoa,950,Samoa,866.52,866.52,1331,1,57,35,0,0,43,Ruck OOA,574,Secured,583,Own Team 1st Entry,588,OOA Entry 1st Entry- Att,632,Attacking OOA,0,1,0,,0,,0,,0,,0,,0,0,0,0,1899-12-30T00:14:34Z,3,11,0,0,-3,950,Samoa,750,Tonga,05/08/2023,15:00,13,9,34,9,0,3,70,Apia Park,-1,NA,1,2023,03,3,Tighthead Prop,0,,0,,271,Angus Gardner,1000642,Damon Murphy,1000613,Matthew Kellahan,-1,,3,International,Y,W
337,937717,23399,Jonathan Taumateine,950,Samoa,867.12,867.12,1331,1,56,35,0,0,18,Collection,631,General Catch,0,,0,,0,,0,,0,,0,,0,,0,,0,,0,0,0,0,1899-12-30T00:14:37Z,4,11,0,0,-3,950,Samoa,750,Tonga,05/08/2023,15:00,13,9,34,9,0,3,70,Apia Park,-1,NA,1,2023,09,9,Scrum Half,0,,0,,271,Angus Gardner,1000642,Damon Murphy,1000613,Matthew Kellahan,-1,,3,International,Y,W
338,937717,23399,Jonathan Taumateine,950,Samoa,867.12,867.12,1331,1,56,35,0,0,47,Playmaker Options,671,Halfback at Breakdown,675,Playmaker Option - Pass,0,,0,,0,,0,,0,,0,,0,,0,,0,0,0,0,1899-12-30T00:14:37Z,4,11,0,0,-3,950,Samoa,750,Tonga,05/08/2023,15:00,13,9,34,9,0,3,70,Apia Park,-1,NA,1,2023,09,9,Scrum Half,0,,0,,271,Angus Gardner,1000642,Damon Murphy,1000613,Matthew Kellahan,-1,,3,International,Y,W
339,937717,23399,Jonathan Taumateine,950,Samoa,867.80,868.44,1332,1,56,35,48,27,3,Pass,169,Complete,0,,686,Medium Pass,681,Left Pass,700,0th Receiver,0,,0,,0,,0,,0,,8,11,8,0,1899-12-30T00:14:38Z,4,11,0,0,-3,950,Samoa,750,Tonga,05/08/2023,15:00,13,9,34,9,0,3,70,Apia Park,-1,NA,1,2023,09,9,Scrum Half,0,,0,,271,Angus Gardner,1000642,Damon Murphy,1000613,Matthew Kellahan,-1,,3,International,Y,W
340,937717,25212,D'Angelo Leuila,950,Samoa,868.44,868.44,1333,1,48,27,0,0,18,Collection,631,General Catch,0,,0,,0,,0,,0,,0,,0,,0,,0,,0,0,0,0,1899-12-30T00:14:39Z,4,11,0,0,-3,950,Samoa,750,Tonga,05/08/2023,15:00,13,9,34,9,0,3,70,Apia Park,-1,NA,1,2023,10,10,Fly Half,0,,0,,271,Angus Gardner,1000642,Damon Murphy,1000613,Matthew Kellahan,-1,,3,International,Y,W
341,937717,25212,D'Angelo Leuila,950,Samoa,868.44,868.44,1333,1,48,27,0,0,47,Playmaker Options,656,First Receiver,674,Playmaker Option - Kick,0,,0,,0,,0,,0,,0,,0,,0,,0,0,0,0,1899-12-30T00:14:39Z,4,11,0,0,-3,950,Samoa,750,Tonga,05/08/2023,15:00,13,9,34,9,0,3,70,Apia Park,-1,NA,1,2023,10,10,Fly Half,0,,0,,271,Angus Gardner,1000642,Damon Murphy,1000613,Matthew Kellahan,-1,,3,International,Y,W
342,937717,25212,D'Angelo Leuila,950,Samoa,869.48,872.16,1334,1,52,25,88,0,4,Kick,347,Touch Kick,195,Error - Out of Play,185,Kick in Play,0,,0,,0,,0,,0,,0,,0,,37,44,0,0,1899-12-30T00:14:40Z,4,11,0,0,-3,950,Samoa,750,Tonga,05/08/2023,15:00,13,9,34,9,0,3,70,Apia Park,-1,NA,1,2023,10,10,Fly Half,0,,0,,271,Angus Gardner,1000642,Damon Murphy,1000613,Matthew Kellahan,-1,,3,International,Y,W
343,937717,25212,D'Angelo Leuila,950,Samoa,872.16,872.16,1336,1,88,0,0,0,8,Turnover,261,Kick Error,677,Error on Attack,0,,0,,0,,0,,0,,0,,0,,0,,0,0,0,0,1899-12-30T00:14:43Z,4,11,0,0,-3,950,Samoa,750,Tonga,05/08/2023,15:00,13,9,34,9,0,3,70,Apia Park,-1,NA,1,2023,10,10,Fly Half,0,,0,,271,Angus Gardner,1000642,Damon Murphy,1000613,Matthew Kellahan,-1,,3,International,Y,W
344,937717,0,,950,Samoa,849.72,873.20,1337,1,47,0,88,0,15,Possession,306,Lineout,413,Kick Error,0,,684,Fails to enter into Opposition 22,0,,0,,0,,0,,0,,0,,42,0,0,0,1899-12-30T00:14:20Z,4,11,0,0,-3,950,Samoa,750,Tonga,05/08/2023,15:00,13,9,34,9,0,3,70,Apia Park,-1,NA,1,2023,,,,0,,0,,271,Angus Gardner,1000642,Damon Murphy,1000613,Matthew Kellahan,-1,,3,International,Y,W
345,937717,0,,950,Samoa,849.72,873.20,1337,1,47,0,88,0,26,Sequences,306,Lineout,413,Kick Error,0,,0,,0,,0,,0,,0,,0,,0,,42,0,0,0,1899-12-30T00:14:20Z,4,11,0,0,-3,950,Samoa,750,Tonga,05/08/2023,15:00,13,9,34,9,0,3,70,Apia Park,-1,NA,1,2023,,,,0,,0,,271,Angus Gardner,1000642,Damon Murphy,1000613,Matthew Kellahan,-1,,3,International,Y,W
346,937717,35331,Siua Maile,750,Tonga,901.84,903.24,1406,1,49,68,49,55,6,Lineout Throw,373,Throw Back,381,Lost Not Straight,211,Off The Top,0,7+1,676,N/A Movement Lineout,732,7 Players,725,Forward at Halfback (+1),0,,0,,0,,13,0,0,0,1899-12-30T00:15:12Z,1,11,0,0,-3,950,Samoa,750,Tonga,05/08/2023,15:00,13,9,34,9,0,3,70,Apia Park,-1,NA,1,2023,02,2,Hooker,0,,0,,271,Angus Gardner,1000642,Damon Murphy,1000613,Matthew Kellahan,-1,,3,International,N,L
347,937717,0,,750,Tonga,901.84,903.24,1407,1,49,68,49,55,26,Sequences,348,Lineout Steal,320,Other,0,,0,,0,,0,,0,,0,,0,,0,,0,0,0,0,1899-12-30T00:15:12Z,1,11,0,0,-3,950,Samoa,750,Tonga,05/08/2023,15:00,13,9,34,9,0,3,70,Apia Park,-1,NA,1,2023,,,,0,,0,,271,Angus Gardner,1000642,Damon Murphy,1000613,Matthew Kellahan,-1,,3,International,N,L
348,937717,23399,Jonathan Taumateine,950,Samoa,956.16,963.96,1500,1,51,13,0,0,5,Scrum,367,Scrum Half Pass,353,Won Outright,364,Positive,363,Clockwise,662,Mid Right Open Movement Scrum,0,,0,,0,,0,,0,,0,0,7,22,1899-12-30T00:16:07Z,1,12,0,0,-3,950,Samoa,750,Tonga,05/08/2023,15:00,13,9,34,9,0,3,70,Apia Park,-1,NA,1,2023,09,9,Scrum Half,0,,0,,271,Angus Gardner,1000642,Damon Murphy,1000613,Matthew Kellahan,-1,,3,International,Y,W
349,937717,10081,Charlie Faumuina,950,Samoa,956.16,963.96,1500,1,51,13,0,0,28,,367,Scrum Half Pass,353,Won Outright,364,Positive,363,Clockwise,0,,0,,0,,0,,0,,0,,0,0,0,0,1899-12-30T00:16:07Z,1,12,0,0,-3,950,Samoa,750,Tonga,05/08/2023,15:00,13,9,34,9,0,3,70,Apia Park,-1,NA,1,2023,01,1,Loosehead Prop,0,,0,,271,Angus Gardner,1000642,Damon Murphy,1000613,Matthew Kellahan,-1,,3,International,Y,W
350,937717,27662,Sama Malolo,950,Samoa,956.16,963.96,1500,1,51,13,0,0,28,,367,Scrum Half Pass,353,Won Outright,364,Positive,363,Clockwise,0,,0,,0,,0,,0,,0,,0,0,0,0,1899-12-30T00:16:07Z,1,12,0,0,-3,950,Samoa,750,Tonga,05/08/2023,15:00,13,9,34,9,0,3,70,Apia Park,-1,NA,1,2023,02,2,Hooker,0,,0,,271,Angus Gardner,1000642,Damon Murphy,1000613,Matthew Kellahan,-1,,3,International,Y,W
351,937717,21998,Michael Alaalatoa,950,Samoa,956.16,963.96,1500,1,51,13,0,0,28,,367,Scrum Half Pass,353,Won Outright,364,Positive,363,Clockwise,0,,0,,0,,0,,0,,0,,0,0,0,0,1899-12-30T00:16:07Z,1,12,0,0,-3,950,Samoa,750,Tonga,05/08/2023,15:00,13,9,34,9,0,3,70,Apia Park,-1,NA,1,2023,03,3,Tighthead Prop,0,,0,,271,Angus Gardner,1000642,Damon Murphy,1000613,Matthew Kellahan,-1,,3,International,Y,W
352,937717,20806,Brian Alainu'uese,950,Samoa,956.16,963.96,1500,1,51,13,0,0,28,,367,Scrum Half Pass,353,Won Outright,364,Positive,363,Clockwise,0,,0,,0,,0,,0,,0,,0,0,0,0,1899-12-30T00:16:07Z,1,12,0,0,-3,950,Samoa,750,Tonga,05/08/2023,15:00,13,9,34,9,0,3,70,Apia Park,-1,NA,1,2023,04,4,Lock (4),0,,0,,271,Angus Gardner,1000642,Damon Murphy,1000613,Matthew Kellahan,-1,,3,International,Y,W
353,937717,20766,Chris Vui,950,Samoa,956.16,963.96,1500,1,51,13,0,0,28,,367,Scrum Half Pass,353,Won Outright,364,Positive,363,Clockwise,0,,0,,0,,0,,0,,0,,0,0,0,0,1899-12-30T00:16:07Z,1,12,0,0,-3,950,Samoa,750,Tonga,05/08/2023,15:00,13,9,34,9,0,3,70,Apia Park,-1,NA,1,2023,05,5,Lock (5),0,,0,,271,Angus Gardner,1000642,Damon Murphy,1000613,Matthew Kellahan,-1,,3,International,Y,W
354,937717,43727,Miracle Faiilagi,950,Samoa,956.16,963.96,1500,1,51,13,0,0,28,,367,Scrum Half Pass,353,Won Outright,364,Positive,363,Clockwise,0,,0,,0,,0,,0,,0,,0,0,0,0,1899-12-30T00:16:07Z,1,12,0,0,-3,950,Samoa,750,Tonga,05/08/2023,15:00,13,9,34,9,0,3,70,Apia Park,-1,NA,1,2023,06,6,Blindside Flanker,0,,0,,271,Angus Gardner,1000642,Damon Murphy,1000613,Matthew Kellahan,-1,,3,International,Y,W
355,937717,10607,Jack Lam,950,Samoa,956.16,963.96,1500,1,51,13,0,0,28,,367,Scrum Half Pass,353,Won Outright,364,Positive,363,Clockwise,0,,0,,0,,0,,0,,0,,0,0,0,0,1899-12-30T00:16:07Z,1,12,0,0,-3,950,Samoa,750,Tonga,05/08/2023,15:00,13,9,34,9,0,3,70,Apia Park,-1,NA,1,2023,07,7,Openside Flanker,0,,0,,271,Angus Gardner,1000642,Damon Murphy,1000613,Matthew Kellahan,-1,,3,International,Y,W
356,937717,18506,Steven Luatua,950,Samoa,956.16,963.96,1500,1,51,13,0,0,28,,367,Scrum Half Pass,353,Won Outright,364,Positive,363,Clockwise,0,,0,,0,,0,,0,,0,,0,0,0,0,1899-12-30T00:16:07Z,1,12,0,0,-3,950,Samoa,750,Tonga,05/08/2023,15:00,13,9,34,9,0,3,70,Apia Park,-1,NA,1,2023,08,8,Number 8,0,,0,,271,Angus Gardner,1000642,Damon Murphy,1000613,Matthew Kellahan,-1,,3,International,Y,W
357,937717,22136,Siegfried Fisi'ihoi,750,Tonga,956.16,963.96,1500,1,51,13,0,0,29,,367,Scrum Half Pass,353,Won Outright,364,Positive,363,Clockwise,0,,0,,0,,0,,0,,0,,0,0,0,0,1899-12-30T00:16:07Z,1,12,0,0,-3,950,Samoa,750,Tonga,05/08/2023,15:00,13,9,34,9,0,3,70,Apia Park,-1,NA,1,2023,01,1,Loosehead Prop,0,,0,,271,Angus Gardner,1000642,Damon Murphy,1000613,Matthew Kellahan,-1,,3,International,N,L
358,937717,35331,Siua Maile,750,Tonga,956.16,963.96,1500,1,51,13,0,0,29,,367,Scrum Half Pass,353,Won Outright,364,Positive,363,Clockwise,0,,0,,0,,0,,0,,0,,0,0,0,0,1899-12-30T00:16:07Z,1,12,0,0,-3,950,Samoa,750,Tonga,05/08/2023,15:00,13,9,34,9,0,3,70,Apia Park,-1,NA,1,2023,02,2,Hooker,0,,0,,271,Angus Gardner,1000642,Damon Murphy,1000613,Matthew Kellahan,-1,,3,International,N,L
359,937717,18807,Ben Tameifuna,750,Tonga,956.16,963.96,1500,1,51,13,0,0,29,,367,Scrum Half Pass,353,Won Outright,364,Positive,363,Clockwise,0,,0,,0,,0,,0,,0,,0,0,0,0,1899-12-30T00:16:07Z,1,12,0,0,-3,950,Samoa,750,Tonga,05/08/2023,15:00,13,9,34,9,0,3,70,Apia Park,-1,NA,1,2023,03,3,Tighthead Prop,0,,0,,271,Angus Gardner,1000642,Damon Murphy,1000613,Matthew Kellahan,-1,,3,International,N,L
360,937717,26114,Leva Fifita,750,Tonga,956.16,963.96,1500,1,51,13,0,0,29,,367,Scrum Half Pass,353,Won Outright,364,Positive,363,Clockwise,0,,0,,0,,0,,0,,0,,0,0,0,0,1899-12-30T00:16:07Z,1,12,0,0,-3,950,Samoa,750,Tonga,05/08/2023,15:00,13,9,34,9,0,3,70,Apia Park,-1,NA,1,2023,04,4,Lock (4),0,,0,,271,Angus Gardner,1000642,Damon Murphy,1000613,Matthew Kellahan,-1,,3,International,N,L
361,937717,11292,Steve Mafi,750,Tonga,956.16,963.96,1500,1,51,13,0,0,29,,367,Scrum Half Pass,353,Won Outright,364,Positive,363,Clockwise,0,,0,,0,,0,,0,,0,,0,0,0,0,1899-12-30T00:16:07Z,1,12,0,0,-3,950,Samoa,750,Tonga,05/08/2023,15:00,13,9,34,9,0,3,70,Apia Park,-1,NA,1,2023,05,5,Lock (5),0,,0,,271,Angus Gardner,1000642,Damon Murphy,1000613,Matthew Kellahan,-1,,3,International,N,L
362,937717,28270,Tanginoa Halaifonua,750,Tonga,956.16,963.96,1500,1,51,13,0,0,29,,367,Scrum Half Pass,353,Won Outright,364,Positive,363,Clockwise,0,,0,,0,,0,,0,,0,,0,0,0,0,1899-12-30T00:16:07Z,1,12,0,0,-3,950,Samoa,750,Tonga,05/08/2023,15:00,13,9,34,9,0,3,70,Apia Park,-1,NA,1,2023,06,6,Blindside Flanker,0,,0,,271,Angus Gardner,1000642,Damon Murphy,1000613,Matthew Kellahan,-1,,3,International,N,L
363,937717,29249,Sione Havili Talitui,750,Tonga,956.16,963.96,1500,1,51,13,0,0,29,,367,Scrum Half Pass,353,Won Outright,364,Positive,363,Clockwise,0,,0,,0,,0,,0,,0,,0,0,0,0,1899-12-30T00:16:07Z,1,12,0,0,-3,950,Samoa,750,Tonga,05/08/2023,15:00,13,9,34,9,0,3,70,Apia Park,-1,NA,1,2023,07,7,Openside Flanker,0,,0,,271,Angus Gardner,1000642,Damon Murphy,1000613,Matthew Kellahan,-1,,3,International,N,L
364,937717,21155,Vaea Fifita,750,Tonga,956.16,963.96,1500,1,51,13,0,0,29,,367,Scrum Half Pass,353,Won Outright,364,Positive,363,Clockwise,0,,0,,0,,0,,0,,0,,0,0,0,0,1899-12-30T00:16:07Z,1,12,0,0,-3,950,Samoa,750,Tonga,05/08/2023,15:00,13,9,34,9,0,3,70,Apia Park,-1,NA,1,2023,08,8,Number 8,0,,0,,271,Angus Gardner,1000642,Damon Murphy,1000613,Matthew Kellahan,-1,,3,International,N,L
365,937717,23399,Jonathan Taumateine,950,Samoa,963.96,963.96,1508,1,50,13,0,0,18,Collection,631,General Catch,0,,0,,0,,0,,0,,0,,0,,0,,0,,0,0,0,0,1899-12-30T00:16:14Z,1,12,0,0,-3,950,Samoa,750,Tonga,05/08/2023,15:00,13,9,34,9,0,3,70,Apia Park,-1,NA,1,2023,09,9,Scrum Half,0,,0,,271,Angus Gardner,1000642,Damon Murphy,1000613,Matthew Kellahan,-1,,3,International,Y,W
366,937717,23399,Jonathan Taumateine,950,Samoa,964.64,965.44,1509,1,50,13,45,32,3,Pass,169,Complete,0,,680,Long Pass,682,Right Pass,700,0th Receiver,0,,0,,0,,0,,0,,20,20,5,0,1899-12-30T00:16:15Z,1,12,0,0,-3,950,Samoa,750,Tonga,05/08/2023,15:00,13,9,34,9,0,3,70,Apia Park,-1,NA,1,2023,09,9,Scrum Half,0,,0,,271,Angus Gardner,1000642,Damon Murphy,1000613,Matthew Kellahan,-1,,3,International,Y,W
367,937717,22603,Duncan Paia'aua,950,Samoa,965.44,965.44,1510,1,45,32,0,0,18,Collection,631,General Catch,0,,0,,0,,0,,0,,0,,0,,0,,0,,0,0,0,0,1899-12-30T00:16:16Z,1,12,0,0,-3,950,Samoa,750,Tonga,05/08/2023,15:00,13,9,34,9,0,3,70,Apia Park,-1,NA,1,2023,12,12,Inside Centre,0,,0,,271,Angus Gardner,1000642,Damon Murphy,1000613,Matthew Kellahan,-1,,3,International,Y,W
368,937717,22603,Duncan Paia'aua,950,Samoa,965.44,967.52,1510,1,45,32,57,34,1,Carry,101,One Out Drive,107,Tackled Dominant,109,Crossed Gain line,460,Dominant Contact,502,2 Tacklers Committed,701,1st Receiver,0,,0,,0,,0,,7,12,4,4,1899-12-30T00:16:16Z,1,12,0,0,-3,950,Samoa,750,Tonga,05/08/2023,15:00,13,9,34,9,0,3,70,Apia Park,-1,NA,1,2023,12,12,Inside Centre,0,,0,,271,Angus Gardner,1000642,Damon Murphy,1000613,Matthew Kellahan,-1,,3,International,Y,W
369,937717,39118,William Havili,750,Tonga,966.88,966.88,1511,1,47,35,0,0,2,Tackle,144,Line,160,Passive,0,,475,Ineffective Tackle,708,1st Tackler,0,,0,,0,,0,,0,,0,0,0,0,1899-12-30T00:16:17Z,1,12,0,0,-3,950,Samoa,750,Tonga,05/08/2023,15:00,13,9,34,9,0,3,70,Apia Park,-1,NA,1,2023,10,10,Fly Half,0,,0,,271,Angus Gardner,1000642,Damon Murphy,1000613,Matthew Kellahan,-1,,3,International,N,L
370,937717,29249,Sione Havili Talitui,750,Tonga,967.00,967.00,1511,1,47,35,0,0,2,Tackle,147,Other,157,Pen Conceded,441,Assist,475,Ineffective Tackle,709,2nd Tackler,0,,0,,0,,0,,0,,0,0,0,0,1899-12-30T00:16:17Z,1,12,0,0,-3,950,Samoa,750,Tonga,05/08/2023,15:00,13,9,34,9,0,3,70,Apia Park,-1,NA,1,2023,07,7,Openside Flanker,0,,0,,271,Angus Gardner,1000642,Damon Murphy,1000613,Matthew Kellahan,-1,,3,International,N,L
371,937717,22603,Duncan Paia'aua,950,Samoa,967.52,971.00,1512,1,57,34,0,0,23,Ruck,0,,403,Penalty Won,548,Over Previous Gainline,559,N/A Ruck Speed,676,N/A Movement Ruck,0,,0,,0,,0,,0,,0,0,0,0,1899-12-30T00:16:18Z,1,12,0,0,-3,950,Samoa,750,Tonga,05/08/2023,15:00,13,9,34,9,0,3,70,Apia Park,-1,NA,1,2023,12,12,Inside Centre,0,,0,,271,Angus Gardner,1000642,Damon Murphy,1000613,Matthew Kellahan,-1,,3,International,Y,W
372,937717,19601,Ulupano Seuteni,950,Samoa,968.40,968.40,1513,1,57,34,0,0,43,Ruck OOA,573,Failed Clearout,583,Own Team 1st Entry,588,OOA Entry 1st Entry- Att,632,Attacking OOA,0,1,0,,0,,0,,0,,0,,0,0,0,0,1899-12-30T00:16:15Z,1,12,0,0,-3,950,Samoa,750,Tonga,05/08/2023,15:00,13,9,34,9,0,3,70,Apia Park,-1,NA,1,2023,13,13,Outside Centre,0,,0,,271,Angus Gardner,1000642,Damon Murphy,1000613,Matthew Kellahan,-1,,3,International,Y,W
373,937717,10607,Jack Lam,950,Samoa,969.64,969.64,1514,1,57,34,0,0,43,Ruck OOA,573,Failed Clearout,584,Own Team 2nd Entry,589,OOA Entry 2nd Entry- Att,632,Attacking OOA,0,2,0,,0,,0,,0,,0,,0,0,0,0,1899-12-30T00:16:16Z,1,12,0,0,-3,950,Samoa,750,Tonga,05/08/2023,15:00,13,9,34,9,0,3,70,Apia Park,-1,NA,1,2023,07,7,Openside Flanker,0,,0,,271,Angus Gardner,1000642,Damon Murphy,1000613,Matthew Kellahan,-1,,3,International,Y,W
374,937717,29249,Sione Havili Talitui,750,Tonga,970.12,970.12,1514,1,43,34,0,0,7,Penalty Conceded,225,Not Rolling Away,236,No Action,215,Defence,233,Full Penalty,0,,0,,0,,0,,0,,0,,0,0,0,0,1899-12-30T00:16:20Z,1,12,0,0,-3,950,Samoa,750,Tonga,05/08/2023,15:00,13,9,34,9,0,3,70,Apia Park,-1,NA,1,2023,07,7,Openside Flanker,0,,0,,271,Angus Gardner,1000642,Damon Murphy,1000613,Matthew Kellahan,-1,,3,International,N,L
375,937717,0,,950,Samoa,956.16,971.00,1515,1,51,13,57,34,15,Possession,309,Scrum,316,Pen Won,0,,684,Fails to enter into Opposition 22,0,,0,,0,,0,,0,,0,,6,0,0,0,1899-12-30T00:16:07Z,1,12,0,0,-3,950,Samoa,750,Tonga,05/08/2023,15:00,13,9,34,9,0,3,70,Apia Park,-1,NA,1,2023,,,,0,,0,,271,Angus Gardner,1000642,Damon Murphy,1000613,Matthew Kellahan,-1,,3,International,Y,W
376,937717,0,,950,Samoa,956.16,971.00,1515,1,51,13,57,34,26,Sequences,309,Scrum,316,Pen Won,0,,0,,0,,0,,0,,0,,0,,0,,6,0,0,0,1899-12-30T00:16:07Z,1,12,0,0,-3,950,Samoa,750,Tonga,05/08/2023,15:00,13,9,34,9,0,3,70,Apia Park,-1,NA,1,2023,,,,0,,0,,271,Angus Gardner,1000642,Damon Murphy,1000613,Matthew Kellahan,-1,,3,International,Y,W
377,937717,25212,D'Angelo Leuila,950,Samoa,1040.64,1043.76,1625,1,56,25,104,36,11,Goal Kick,297,Penalty Goal,299,Goal Kicked,0,,0,,0,,0,,0,,0,,0,,0,,44,45,0,0,1899-12-30T00:17:31Z,1,12,0,0,0,950,Samoa,750,Tonga,05/08/2023,15:00,13,9,34,9,0,3,70,Apia Park,-1,NA,1,2023,10,10,Fly Half,0,,0,,271,Angus Gardner,1000642,Damon Murphy,1000613,Matthew Kellahan,-1,,3,International,Y,W
378,937717,0,,950,Samoa,1040.64,1043.76,1628,1,56,25,104,36,26,Sequences,781,Penalty Goal,783,Penalty Goal Scored,0,,0,,0,,0,,0,,0,,0,,0,,44,0,0,0,1899-12-30T00:17:31Z,1,12,0,0,0,950,Samoa,750,Tonga,05/08/2023,15:00,13,9,34,9,0,3,70,Apia Park,-1,NA,1,2023,,,,0,,0,,271,Angus Gardner,1000642,Damon Murphy,1000613,Matthew Kellahan,-1,,3,International,Y,W
379,937717,39118,William Havili,750,Tonga,1072.16,1074.24,1656,1,50,33,84,13,14,Restart,281,50m Restart,287,Restart Own Error,288,Long,752,Kicked Left,0,,0,,0,,0,,0,,0,,35,40,20,0,1899-12-30T00:18:03Z,1,12,0,0,0,950,Samoa,750,Tonga,05/08/2023,15:00,13,9,34,9,0,3,70,Apia Park,-1,NA,1,2023,10,10,Fly Half,0,,0,,271,Angus Gardner,1000642,Damon Murphy,1000613,Matthew Kellahan,-1,,3,International,N,L
380,937717,20806,Brian Alainu'uese,950,Samoa,1074.24,1074.24,1658,1,16,55,0,0,18,Collection,275,Restart Catch,278,Fail,0,,0,,0,,0,,0,,0,,0,,0,,0,0,0,0,1899-12-30T00:18:05Z,1,12,0,0,0,950,Samoa,750,Tonga,05/08/2023,15:00,13,9,34,9,0,3,70,Apia Park,-1,NA,1,2023,04,4,Lock (4),0,,0,,271,Angus Gardner,1000642,Damon Murphy,1000613,Matthew Kellahan,-1,,3,International,Y,W
381,937717,20156,Sonatane Takulua,750,Tonga,1075.52,1075.52,1700,1,83,14,0,0,8,Turnover,254,Dropped Ball Unforced,678,Error on Defence,0,,0,,0,,0,,0,,0,,0,,0,,0,0,0,0,1899-12-30T00:18:06Z,1,12,0,0,0,950,Samoa,750,Tonga,05/08/2023,15:00,13,9,34,9,3,3,70,Apia Park,-1,NA,1,2023,09,9,Scrum Half,0,,0,,271,Angus Gardner,1000642,Damon Murphy,1000613,Matthew Kellahan,-1,,3,International,N,L
382,937717,10552,Tim Nanai-Williams,950,Samoa,1075.68,1075.68,1700,1,14,53,0,0,18,Collection,274,Defensive Loose Ball,277,Success,0,,0,,0,,0,,0,,0,,0,,0,,0,0,0,0,1899-12-30T00:18:06Z,1,13,0,0,0,950,Samoa,750,Tonga,05/08/2023,15:00,13,9,34,9,3,3,70,Apia Park,-1,NA,1,2023,15,15,Full Back,0,,0,,271,Angus Gardner,1000642,Damon Murphy,1000613,Matthew Kellahan,-1,,3,International,Y,W
383,937717,0,,950,Samoa,1075.68,1075.68,1700,1,14,53,0,0,45,Defensive Exits,630,Kicked out of 22,0,,0,,0,,0,,0,,0,,0,,0,,0,,0,0,0,0,1899-12-30T00:18:06Z,1,13,0,0,0,950,Samoa,750,Tonga,05/08/2023,15:00,13,9,34,9,3,3,70,Apia Park,-1,NA,1,2023,,,,0,,0,,271,Angus Gardner,1000642,Damon Murphy,1000613,Matthew Kellahan,-1,,3,International,Y,W
384,937717,10552,Tim Nanai-Williams,950,Samoa,1075.68,1076.92,1700,1,14,53,18,54,1,Carry,105,Restart Return,108,Tackled Neutral,109,Crossed Gain line,461,Neutral Contact,501,1 Tacklers Committed,700,0th Receiver,0,,0,,0,,0,,4,4,1,1,1899-12-30T00:18:06Z,1,13,0,0,0,950,Samoa,750,Tonga,05/08/2023,15:00,13,9,34,9,3,3,70,Apia Park,-1,NA,1,2023,15,15,Full Back,0,,0,,271,Angus Gardner,1000642,Damon Murphy,1000613,Matthew Kellahan,-1,,3,International,Y,W
385,937717,35331,Siua Maile,750,Tonga,1076.72,1076.72,1701,1,83,15,0,0,2,Tackle,142,Chase,153,Complete,0,,474,Neutral Tackle,708,1st Tackler,0,,0,,0,,0,,0,,0,0,0,0,1899-12-30T00:18:07Z,1,13,0,0,0,950,Samoa,750,Tonga,05/08/2023,15:00,13,9,34,9,3,3,70,Apia Park,-1,NA,1,2023,02,2,Hooker,0,,0,,271,Angus Gardner,1000642,Damon Murphy,1000613,Matthew Kellahan,-1,,3,International,N,L
386,937717,11292,Steve Mafi,750,Tonga,1076.88,1076.88,1701,1,83,15,0,0,40,Defensive Action,560,Tackle Arrival,0,,0,,0,,0,,0,,0,,0,,0,,0,,0,0,0,0,1899-12-30T00:18:07Z,1,13,0,0,0,950,Samoa,750,Tonga,05/08/2023,15:00,13,9,34,9,3,3,70,Apia Park,-1,NA,1,2023,05,5,Lock (5),0,,0,,271,Angus Gardner,1000642,Damon Murphy,1000613,Matthew Kellahan,-1,,3,International,N,L
387,937717,10552,Tim Nanai-Williams,950,Samoa,1076.92,1085.52,1701,1,18,54,0,0,23,Ruck,0,,401,Won Outright,551,N/A Gainline,558,6+ Seconds,670,Tight Right Blindside Movement Ruck,0,,0,,0,,0,,0,,0,0,-2,0,1899-12-30T00:18:07Z,1,13,0,0,0,950,Samoa,750,Tonga,05/08/2023,15:00,13,9,34,9,3,3,70,Apia Park,-1,NA,1,2023,15,15,Full Back,0,,0,,271,Angus Gardner,1000642,Damon Murphy,1000613,Matthew Kellahan,-1,,3,International,Y,W
388,937717,0,,950,Samoa,1077.04,1077.04,1701,1,17,54,0,0,20,Ref Review,245,Advantage,0,,0,,0,,0,,0,,0,,0,,0,,0,,0,0,0,0,1899-12-30T00:17:59Z,1,13,0,0,0,950,Samoa,750,Tonga,05/08/2023,15:00,13,9,34,9,3,3,70,Apia Park,-1,NA,1,2023,,,,0,,0,,271,Angus Gardner,1000642,Damon Murphy,1000613,Matthew Kellahan,-1,,3,International,Y,W
389,937717,27662,Sama Malolo,950,Samoa,1077.88,1077.88,1702,1,17,54,0,0,43,Ruck OOA,574,Secured,583,Own Team 1st Entry,588,OOA Entry 1st Entry- Att,632,Attacking OOA,0,1,0,,0,,0,,0,,0,,0,0,0,0,1899-12-30T00:18:00Z,1,13,0,0,0,950,Samoa,750,Tonga,05/08/2023,15:00,13,9,34,9,3,3,70,Apia Park,-1,NA,1,2023,02,2,Hooker,0,,0,,271,Angus Gardner,1000642,Damon Murphy,1000613,Matthew Kellahan,-1,,3,International,Y,W
390,937717,18506,Steven Luatua,950,Samoa,1077.92,1077.92,1702,1,17,54,0,0,43,Ruck OOA,574,Secured,584,Own Team 2nd Entry,589,OOA Entry 2nd Entry- Att,632,Attacking OOA,0,2,0,,0,,0,,0,,0,,0,0,0,0,1899-12-30T00:18:00Z,1,13,0,0,0,950,Samoa,750,Tonga,05/08/2023,15:00,13,9,34,9,3,3,70,Apia Park,-1,NA,1,2023,08,8,Number 8,0,,0,,271,Angus Gardner,1000642,Damon Murphy,1000613,Matthew Kellahan,-1,,3,International,Y,W
391,937717,20806,Brian Alainu'uese,950,Samoa,1078.16,1078.16,1702,1,17,54,0,0,43,Ruck OOA,574,Secured,585,Own Team 3rd Entry,590,OOA Entry 3rd Entry- Att,632,Attacking OOA,0,3,0,,0,,0,,0,,0,,0,0,0,0,1899-12-30T00:18:00Z,1,13,0,0,0,950,Samoa,750,Tonga,05/08/2023,15:00,13,9,34,9,3,3,70,Apia Park,-1,NA,1,2023,04,4,Lock (4),0,,0,,271,Angus Gardner,1000642,Damon Murphy,1000613,Matthew Kellahan,-1,,3,International,Y,W
392,937717,21998,Michael Alaalatoa,950,Samoa,1083.56,1083.56,1708,1,17,54,0,0,43,Ruck OOA,575,Attended,586,Own Team 4th Entry,591,OOA Entry 4th Entry- Att,632,Attacking OOA,0,4,0,,0,,0,,0,,0,,0,0,0,0,1899-12-30T00:18:05Z,1,13,0,0,0,950,Samoa,750,Tonga,05/08/2023,15:00,13,9,34,9,3,3,70,Apia Park,-1,NA,1,2023,03,3,Tighthead Prop,0,,0,,271,Angus Gardner,1000642,Damon Murphy,1000613,Matthew Kellahan,-1,,3,International,Y,W
393,937717,23399,Jonathan Taumateine,950,Samoa,1085.52,1085.52,1710,1,17,54,0,0,18,Collection,631,General Catch,0,,0,,0,,0,,0,,0,,0,,0,,0,,0,0,0,0,1899-12-30T00:18:16Z,2,13,0,0,0,950,Samoa,750,Tonga,05/08/2023,15:00,13,9,34,9,3,3,70,Apia Park,-1,NA,1,2023,09,9,Scrum Half,0,,0,,271,Angus Gardner,1000642,Damon Murphy,1000613,Matthew Kellahan,-1,,3,International,Y,W
394,937717,23399,Jonathan Taumateine,950,Samoa,1085.52,1085.52,1710,1,17,54,0,0,47,Playmaker Options,671,Halfback at Breakdown,674,Playmaker Option - Kick,0,,0,,0,,0,,0,,0,,0,,0,,0,0,0,0,1899-12-30T00:18:16Z,2,13,0,0,0,950,Samoa,750,Tonga,05/08/2023,15:00,13,9,34,9,3,3,70,Apia Park,-1,NA,1,2023,09,9,Scrum Half,0,,0,,271,Angus Gardner,1000642,Damon Murphy,1000613,Matthew Kellahan,-1,,3,International,Y,W
395,937717,23399,Jonathan Taumateine,950,Samoa,1087.40,1091.24,1712,1,16,54,57,67,4,Kick,346,Box,198,Caught Full,186,Kick in Play (Own 22),0,,0,,0,,0,,0,,0,,0,,41,43,0,0,1899-12-30T00:18:18Z,2,13,0,0,0,950,Samoa,750,Tonga,05/08/2023,15:00,13,9,34,9,3,3,70,Apia Park,-1,NA,1,2023,09,9,Scrum Half,0,,0,,271,Angus Gardner,1000642,Damon Murphy,1000613,Matthew Kellahan,-1,,3,International,Y,W
396,937717,0,,950,Samoa,1075.68,1091.24,1715,1,14,53,57,67,15,Possession,307,50m Restart,351,Kick in Play,0,,684,Fails to enter into Opposition 22,0,,0,,0,,0,,0,,0,,44,0,0,0,1899-12-30T00:18:06Z,2,13,0,0,0,950,Samoa,750,Tonga,05/08/2023,15:00,13,9,34,9,3,3,70,Apia Park,-1,NA,1,2023,,,,0,,0,,271,Angus Gardner,1000642,Damon Murphy,1000613,Matthew Kellahan,-1,,3,International,Y,W
397,937717,17091,Charles Piutau,750,Tonga,1091.24,1091.24,1715,1,43,1,0,0,18,Collection,273,Defensive Catch,277,Success,0,,0,,0,,0,,0,,0,,0,,0,,0,0,0,0,1899-12-30T00:18:22Z,1,14,0,0,0,950,Samoa,750,Tonga,05/08/2023,15:00,13,9,34,9,3,3,70,Apia Park,-1,NA,1,2023,15,15,Full Back,0,,0,,271,Angus Gardner,1000642,Damon Murphy,1000613,Matthew Kellahan,-1,,3,International,N,L
398,937717,17091,Charles Piutau,750,Tonga,1091.24,1091.24,1715,1,43,1,0,0,44,Counter Attack,626,Outcome - Turnover,0,,0,,0,,0,,0,,0,,0,,0,,0,,0,0,0,0,1899-12-30T00:18:22Z,1,14,0,0,0,950,Samoa,750,Tonga,05/08/2023,15:00,13,9,34,9,3,3,70,Apia Park,-1,NA,1,2023,15,15,Full Back,0,,0,,271,Angus Gardner,1000642,Damon Murphy,1000613,Matthew Kellahan,-1,,3,International,N,L
399,937717,17091,Charles Piutau,750,Tonga,1091.24,1096.84,1715,1,43,1,60,6,1,Carry,104,Kick Return,108,Tackled Neutral,109,Crossed Gain line,461,Neutral Contact,502,2 Tacklers Committed,700,0th Receiver,0,,0,,0,,0,,18,18,9,1,1899-12-30T00:18:22Z,1,14,0,0,0,950,Samoa,750,Tonga,05/08/2023,15:00,13,9,34,9,3,3,70,Apia Park,-1,NA,1,2023,15,15,Full Back,0,,0,,271,Angus Gardner,1000642,Damon Murphy,1000613,Matthew Kellahan,-1,,3,International,N,L
400,937717,10552,Tim Nanai-Williams,950,Samoa,1094.48,1094.48,1719,1,48,63,0,0,2,Tackle,142,Chase,161,Missed,0,,475,Ineffective Tackle,708,1st Tackler,0,,0,,0,,0,,0,,0,0,0,0,1899-12-30T00:18:25Z,1,14,0,0,0,950,Samoa,750,Tonga,05/08/2023,15:00,13,9,34,9,3,3,70,Apia Park,-1,NA,1,2023,15,15,Full Back,0,,0,,271,Angus Gardner,1000642,Damon Murphy,1000613,Matthew Kellahan,-1,,3,International,Y,W
401,937717,10552,Tim Nanai-Williams,950,Samoa,1094.48,1094.48,1719,1,48,63,0,0,12,Missed Tackle,162,Bumped Off,166,Tackled,0,,0,,0,,0,,0,,0,,0,,0,,0,0,0,0,1899-12-30T00:18:25Z,1,14,0,0,0,950,Samoa,750,Tonga,05/08/2023,15:00,13,9,34,9,3,3,70,Apia Park,-1,NA,1,2023,15,15,Full Back,0,,0,,271,Angus Gardner,1000642,Damon Murphy,1000613,Matthew Kellahan,-1,,3,International,Y,W
402,937717,17091,Charles Piutau,750,Tonga,1094.76,1094.76,1719,1,52,5,0,0,10,Attacking Qualities,116,Defender Beaten,0,,0,,0,,0,,0,,0,,0,,0,,0,,0,0,0,0,1899-12-30T00:18:25Z,1,14,0,0,0,950,Samoa,750,Tonga,05/08/2023,15:00,13,9,34,9,3,3,70,Apia Park,-1,NA,1,2023,15,15,Full Back,0,,0,,271,Angus Gardner,1000642,Damon Murphy,1000613,Matthew Kellahan,-1,,3,International,N,L
403,937717,20766,Chris Vui,950,Samoa,1095.96,1095.96,1720,1,41,65,0,0,2,Tackle,142,Chase,153,Complete,441,Assist,474,Neutral Tackle,709,2nd Tackler,0,,0,,0,,0,,0,,0,0,0,0,1899-12-30T00:18:26Z,1,14,0,0,0,950,Samoa,750,Tonga,05/08/2023,15:00,13,9,34,9,3,3,70,Apia Park,-1,NA,1,2023,05,5,Lock (5),0,,0,,271,Angus Gardner,1000642,Damon Murphy,1000613,Matthew Kellahan,-1,,3,International,Y,W
404,937717,17091,Charles Piutau,750,Tonga,1096.84,1098.00,1721,1,60,6,0,0,23,Ruck,0,,401,Won Outright,551,N/A Gainline,553,1-2 Seconds,668,Tight Right Open Movement Ruck,0,,0,,0,,0,,0,,0,0,-3,1,1899-12-30T00:18:27Z,1,14,0,0,0,950,Samoa,750,Tonga,05/08/2023,15:00,13,9,34,9,3,3,70,Apia Park,-1,NA,1,2023,15,15,Full Back,0,,0,,271,Angus Gardner,1000642,Damon Murphy,1000613,Matthew Kellahan,-1,,3,International,N,L
405,937717,11292,Steve Mafi,750,Tonga,1098.00,1098.00,1722,1,59,6,0,0,18,Collection,631,General Catch,0,,0,,0,,0,,0,,0,,0,,0,,0,,0,0,0,0,1899-12-30T00:18:28Z,2,14,0,0,0,950,Samoa,750,Tonga,05/08/2023,15:00,13,9,34,9,3,3,70,Apia Park,-1,NA,1,2023,05,5,Lock (5),0,,0,,271,Angus Gardner,1000642,Damon Murphy,1000613,Matthew Kellahan,-1,,3,International,N,L
406,937717,11292,Steve Mafi,750,Tonga,1098.00,1098.00,1722,1,59,6,0,0,47,Playmaker Options,672,Acting Halfback at Breakdown,673,Playmaker Option - Carry,0,,0,,0,,0,,0,,0,,0,,0,,0,0,0,0,1899-12-30T00:18:28Z,2,14,0,0,0,950,Samoa,750,Tonga,05/08/2023,15:00,13,9,34,9,3,3,70,Apia Park,-1,NA,1,2023,05,5,Lock (5),0,,0,,271,Angus Gardner,1000642,Damon Murphy,1000613,Matthew Kellahan,-1,,3,International,N,L
407,937717,11292,Steve Mafi,750,Tonga,1098.00,1099.44,1722,1,59,6,58,7,1,Carry,102,Pick and Go,119,Error,111,Failed Gain line,461,Neutral Contact,501,1 Tacklers Committed,700,0th Receiver,0,,0,,0,,0,,0,0,0,0,1899-12-30T00:18:28Z,2,14,0,0,0,950,Samoa,750,Tonga,05/08/2023,15:00,13,9,34,9,3,3,70,Apia Park,-1,NA,1,2023,05,5,Lock (5),0,,0,,271,Angus Gardner,1000642,Damon Murphy,1000613,Matthew Kellahan,-1,,3,International,N,L
408,937717,18506,Steven Luatua,950,Samoa,1098.48,1098.48,1723,1,41,62,0,0,2,Tackle,145,Guard,156,Turnover Won,0,,474,Neutral Tackle,708,1st Tackler,0,,0,,0,,0,,0,,0,0,0,0,1899-12-30T00:18:27Z,2,14,0,0,0,950,Samoa,750,Tonga,05/08/2023,15:00,13,9,34,9,3,3,70,Apia Park,-1,NA,1,2023,08,8,Number 8,0,,0,,271,Angus Gardner,1000642,Damon Murphy,1000613,Matthew Kellahan,-1,,3,International,Y,W
409,937717,11292,Steve Mafi,750,Tonga,1099.44,1099.44,1724,1,58,7,0,0,8,Turnover,256,Lost Ball Forced,677,Error on Attack,0,,0,,0,,0,,0,,0,,0,,0,,0,0,0,0,1899-12-30T00:18:30Z,2,14,0,0,0,950,Samoa,750,Tonga,05/08/2023,15:00,13,9,34,9,3,3,70,Apia Park,-1,NA,1,2023,05,5,Lock (5),0,,0,,271,Angus Gardner,1000642,Damon Murphy,1000613,Matthew Kellahan,-1,,3,International,N,L
410,937717,0,,750,Tonga,1072.16,1102.36,1727,1,50,33,58,7,26,Sequences,307,50m Restart,411,Turnover (Scrum),0,,0,,0,,0,,0,,0,,0,,0,,8,0,0,0,1899-12-30T00:18:03Z,2,14,0,0,0,950,Samoa,750,Tonga,05/08/2023,15:00,13,9,34,9,3,3,70,Apia Park,-1,NA,1,2023,,,,0,,0,,271,Angus Gardner,1000642,Damon Murphy,1000613,Matthew Kellahan,-1,,3,International,N,L
411,937717,0,,750,Tonga,1091.24,1102.36,1727,1,43,1,58,7,15,Possession,311,Kick Return,411,Turnover (Scrum),0,,684,Fails to enter into Opposition 22,0,,0,,0,,0,,0,,0,,15,0,0,0,1899-12-30T00:18:22Z,2,14,0,0,0,950,Samoa,750,Tonga,05/08/2023,15:00,13,9,34,9,3,3,70,Apia Park,-1,NA,1,2023,,,,0,,0,,271,Angus Gardner,1000642,Damon Murphy,1000613,Matthew Kellahan,-1,,3,International,N,L
412,937717,0,,950,Samoa,1148.52,1238.16,1813,1,58,7,0,0,17,Period,0,Period,0,,0,,0,,0,,0,,0,,0,,0,,0,,0,0,0,0,1899-12-30T00:20:38Z,2,14,0,0,0,950,Samoa,750,Tonga,05/08/2023,15:00,13,9,34,9,3,3,70,Apia Park,-1,NA,1,2023,,,,0,,0,,271,Angus Gardner,1000642,Damon Murphy,1000613,Matthew Kellahan,-1,,3,International,Y,W
413,937717,23399,Jonathan Taumateine,950,Samoa,1256.16,1260.52,1831,1,40,63,0,0,5,Scrum,0,,259,Reset,365,Neutral,363,Clockwise,676,N/A Movement Scrum,0,,0,,0,,0,,0,,0,0,0,0,1899-12-30T00:21:05Z,1,14,0,0,0,950,Samoa,750,Tonga,05/08/2023,15:00,13,9,34,9,3,3,70,Apia Park,-1,NA,1,2023,09,9,Scrum Half,0,,0,,271,Angus Gardner,1000642,Damon Murphy,1000613,Matthew Kellahan,-1,,3,International,Y,W
414,937717,10081,Charlie Faumuina,950,Samoa,1256.16,1260.52,1831,1,40,63,0,0,28,,0,,259,Reset,365,Neutral,363,Clockwise,0,,0,,0,,0,,0,,0,,0,0,0,0,1899-12-30T00:21:05Z,1,14,0,0,0,950,Samoa,750,Tonga,05/08/2023,15:00,13,9,34,9,3,3,70,Apia Park,-1,NA,1,2023,01,1,Loosehead Prop,0,,0,,271,Angus Gardner,1000642,Damon Murphy,1000613,Matthew Kellahan,-1,,3,International,Y,W
415,937717,27662,Sama Malolo,950,Samoa,1256.16,1260.52,1831,1,40,63,0,0,28,,0,,259,Reset,365,Neutral,363,Clockwise,0,,0,,0,,0,,0,,0,,0,0,0,0,1899-12-30T00:21:05Z,1,14,0,0,0,950,Samoa,750,Tonga,05/08/2023,15:00,13,9,34,9,3,3,70,Apia Park,-1,NA,1,2023,02,2,Hooker,0,,0,,271,Angus Gardner,1000642,Damon Murphy,1000613,Matthew Kellahan,-1,,3,International,Y,W
416,937717,21998,Michael Alaalatoa,950,Samoa,1256.16,1260.52,1831,1,40,63,0,0,28,,0,,259,Reset,365,Neutral,363,Clockwise,0,,0,,0,,0,,0,,0,,0,0,0,0,1899-12-30T00:21:05Z,1,14,0,0,0,950,Samoa,750,Tonga,05/08/2023,15:00,13,9,34,9,3,3,70,Apia Park,-1,NA,1,2023,03,3,Tighthead Prop,0,,0,,271,Angus Gardner,1000642,Damon Murphy,1000613,Matthew Kellahan,-1,,3,International,Y,W
417,937717,20806,Brian Alainu'uese,950,Samoa,1256.16,1260.52,1831,1,40,63,0,0,28,,0,,259,Reset,365,Neutral,363,Clockwise,0,,0,,0,,0,,0,,0,,0,0,0,0,1899-12-30T00:21:05Z,1,14,0,0,0,950,Samoa,750,Tonga,05/08/2023,15:00,13,9,34,9,3,3,70,Apia Park,-1,NA,1,2023,04,4,Lock (4),0,,0,,271,Angus Gardner,1000642,Damon Murphy,1000613,Matthew Kellahan,-1,,3,International,Y,W
418,937717,20766,Chris Vui,950,Samoa,1256.16,1260.52,1831,1,40,63,0,0,28,,0,,259,Reset,365,Neutral,363,Clockwise,0,,0,,0,,0,,0,,0,,0,0,0,0,1899-12-30T00:21:05Z,1,14,0,0,0,950,Samoa,750,Tonga,05/08/2023,15:00,13,9,34,9,3,3,70,Apia Park,-1,NA,1,2023,05,5,Lock (5),0,,0,,271,Angus Gardner,1000642,Damon Murphy,1000613,Matthew Kellahan,-1,,3,International,Y,W
419,937717,43727,Miracle Faiilagi,950,Samoa,1256.16,1260.52,1831,1,40,63,0,0,28,,0,,259,Reset,365,Neutral,363,Clockwise,0,,0,,0,,0,,0,,0,,0,0,0,0,1899-12-30T00:21:05Z,1,14,0,0,0,950,Samoa,750,Tonga,05/08/2023,15:00,13,9,34,9,3,3,70,Apia Park,-1,NA,1,2023,06,6,Blindside Flanker,0,,0,,271,Angus Gardner,1000642,Damon Murphy,1000613,Matthew Kellahan,-1,,3,International,Y,W
420,937717,10607,Jack Lam,950,Samoa,1256.16,1260.52,1831,1,40,63,0,0,28,,0,,259,Reset,365,Neutral,363,Clockwise,0,,0,,0,,0,,0,,0,,0,0,0,0,1899-12-30T00:21:05Z,1,14,0,0,0,950,Samoa,750,Tonga,05/08/2023,15:00,13,9,34,9,3,3,70,Apia Park,-1,NA,1,2023,07,7,Openside Flanker,0,,0,,271,Angus Gardner,1000642,Damon Murphy,1000613,Matthew Kellahan,-1,,3,International,Y,W
421,937717,18506,Steven Luatua,950,Samoa,1256.16,1260.52,1831,1,40,63,0,0,28,,0,,259,Reset,365,Neutral,363,Clockwise,0,,0,,0,,0,,0,,0,,0,0,0,0,1899-12-30T00:21:05Z,1,14,0,0,0,950,Samoa,750,Tonga,05/08/2023,15:00,13,9,34,9,3,3,70,Apia Park,-1,NA,1,2023,08,8,Number 8,0,,0,,271,Angus Gardner,1000642,Damon Murphy,1000613,Matthew Kellahan,-1,,3,International,Y,W
422,937717,22136,Siegfried Fisi'ihoi,750,Tonga,1256.16,1260.52,1831,1,40,63,0,0,29,,0,,259,Reset,365,Neutral,363,Clockwise,0,,0,,0,,0,,0,,0,,0,0,0,0,1899-12-30T00:21:05Z,1,14,0,0,0,950,Samoa,750,Tonga,05/08/2023,15:00,13,9,34,9,3,3,70,Apia Park,-1,NA,1,2023,01,1,Loosehead Prop,0,,0,,271,Angus Gardner,1000642,Damon Murphy,1000613,Matthew Kellahan,-1,,3,International,N,L
423,937717,35331,Siua Maile,750,Tonga,1256.16,1260.52,1831,1,40,63,0,0,29,,0,,259,Reset,365,Neutral,363,Clockwise,0,,0,,0,,0,,0,,0,,0,0,0,0,1899-12-30T00:21:05Z,1,14,0,0,0,950,Samoa,750,Tonga,05/08/2023,15:00,13,9,34,9,3,3,70,Apia Park,-1,NA,1,2023,02,2,Hooker,0,,0,,271,Angus Gardner,1000642,Damon Murphy,1000613,Matthew Kellahan,-1,,3,International,N,L
424,937717,18807,Ben Tameifuna,750,Tonga,1256.16,1260.52,1831,1,40,63,0,0,29,,0,,259,Reset,365,Neutral,363,Clockwise,0,,0,,0,,0,,0,,0,,0,0,0,0,1899-12-30T00:21:05Z,1,14,0,0,0,950,Samoa,750,Tonga,05/08/2023,15:00,13,9,34,9,3,3,70,Apia Park,-1,NA,1,2023,03,3,Tighthead Prop,0,,0,,271,Angus Gardner,1000642,Damon Murphy,1000613,Matthew Kellahan,-1,,3,International,N,L
425,937717,26114,Leva Fifita,750,Tonga,1256.16,1260.52,1831,1,40,63,0,0,29,,0,,259,Reset,365,Neutral,363,Clockwise,0,,0,,0,,0,,0,,0,,0,0,0,0,1899-12-30T00:21:05Z,1,14,0,0,0,950,Samoa,750,Tonga,05/08/2023,15:00,13,9,34,9,3,3,70,Apia Park,-1,NA,1,2023,04,4,Lock (4),0,,0,,271,Angus Gardner,1000642,Damon Murphy,1000613,Matthew Kellahan,-1,,3,International,N,L
426,937717,11292,Steve Mafi,750,Tonga,1256.16,1260.52,1831,1,40,63,0,0,29,,0,,259,Reset,365,Neutral,363,Clockwise,0,,0,,0,,0,,0,,0,,0,0,0,0,1899-12-30T00:21:05Z,1,14,0,0,0,950,Samoa,750,Tonga,05/08/2023,15:00,13,9,34,9,3,3,70,Apia Park,-1,NA,1,2023,05,5,Lock (5),0,,0,,271,Angus Gardner,1000642,Damon Murphy,1000613,Matthew Kellahan,-1,,3,International,N,L
427,937717,28270,Tanginoa Halaifonua,750,Tonga,1256.16,1260.52,1831,1,40,63,0,0,29,,0,,259,Reset,365,Neutral,363,Clockwise,0,,0,,0,,0,,0,,0,,0,0,0,0,1899-12-30T00:21:05Z,1,14,0,0,0,950,Samoa,750,Tonga,05/08/2023,15:00,13,9,34,9,3,3,70,Apia Park,-1,NA,1,2023,06,6,Blindside Flanker,0,,0,,271,Angus Gardner,1000642,Damon Murphy,1000613,Matthew Kellahan,-1,,3,International,N,L
428,937717,29249,Sione Havili Talitui,750,Tonga,1256.16,1260.52,1831,1,40,63,0,0,29,,0,,259,Reset,365,Neutral,363,Clockwise,0,,0,,0,,0,,0,,0,,0,0,0,0,1899-12-30T00:21:05Z,1,14,0,0,0,950,Samoa,750,Tonga,05/08/2023,15:00,13,9,34,9,3,3,70,Apia Park,-1,NA,1,2023,07,7,Openside Flanker,0,,0,,271,Angus Gardner,1000642,Damon Murphy,1000613,Matthew Kellahan,-1,,3,International,N,L
429,937717,21155,Vaea Fifita,750,Tonga,1256.16,1260.52,1831,1,40,63,0,0,29,,0,,259,Reset,365,Neutral,363,Clockwise,0,,0,,0,,0,,0,,0,,0,0,0,0,1899-12-30T00:21:05Z,1,14,0,0,0,950,Samoa,750,Tonga,05/08/2023,15:00,13,9,34,9,3,3,70,Apia Park,-1,NA,1,2023,08,8,Number 8,0,,0,,271,Angus Gardner,1000642,Damon Murphy,1000613,Matthew Kellahan,-1,,3,International,N,L
430,937717,0,,950,Samoa,1256.16,1260.52,1835,1,40,63,40,63,26,Sequences,785,Scrum Reset,317,Scrum,0,,0,,0,,0,,0,,0,,0,,0,,0,0,0,0,1899-12-30T00:21:05Z,1,14,0,0,0,950,Samoa,750,Tonga,05/08/2023,15:00,13,9,34,9,3,3,70,Apia Park,-1,NA,1,2023,,,,0,,0,,271,Angus Gardner,1000642,Damon Murphy,1000613,Matthew Kellahan,-1,,3,International,Y,W
431,937717,23399,Jonathan Taumateine,950,Samoa,1308.72,1310.96,1923,1,40,61,0,0,5,Scrum,367,Scrum Half Pass,353,Won Outright,365,Neutral,0,,659,Wide Left Open Movement Scrum,0,,0,,0,,0,,0,,0,0,12,58,1899-12-30T00:21:59Z,1,15,0,0,0,950,Samoa,750,Tonga,05/08/2023,15:00,13,9,34,9,3,3,70,Apia Park,-1,NA,1,2023,09,9,Scrum Half,0,,0,,271,Angus Gardner,1000642,Damon Murphy,1000613,Matthew Kellahan,-1,,3,International,Y,W
432,937717,10081,Charlie Faumuina,950,Samoa,1308.72,1310.96,1923,1,40,61,0,0,28,,367,Scrum Half Pass,353,Won Outright,365,Neutral,0,,0,,0,,0,,0,,0,,0,,0,0,0,0,1899-12-30T00:21:59Z,1,15,0,0,0,950,Samoa,750,Tonga,05/08/2023,15:00,13,9,34,9,3,3,70,Apia Park,-1,NA,1,2023,01,1,Loosehead Prop,0,,0,,271,Angus Gardner,1000642,Damon Murphy,1000613,Matthew Kellahan,-1,,3,International,Y,W
433,937717,27662,Sama Malolo,950,Samoa,1308.72,1310.96,1923,1,40,61,0,0,28,,367,Scrum Half Pass,353,Won Outright,365,Neutral,0,,0,,0,,0,,0,,0,,0,,0,0,0,0,1899-12-30T00:21:59Z,1,15,0,0,0,950,Samoa,750,Tonga,05/08/2023,15:00,13,9,34,9,3,3,70,Apia Park,-1,NA,1,2023,02,2,Hooker,0,,0,,271,Angus Gardner,1000642,Damon Murphy,1000613,Matthew Kellahan,-1,,3,International,Y,W
434,937717,21998,Michael Alaalatoa,950,Samoa,1308.72,1310.96,1923,1,40,61,0,0,28,,367,Scrum Half Pass,353,Won Outright,365,Neutral,0,,0,,0,,0,,0,,0,,0,,0,0,0,0,1899-12-30T00:21:59Z,1,15,0,0,0,950,Samoa,750,Tonga,05/08/2023,15:00,13,9,34,9,3,3,70,Apia Park,-1,NA,1,2023,03,3,Tighthead Prop,0,,0,,271,Angus Gardner,1000642,Damon Murphy,1000613,Matthew Kellahan,-1,,3,International,Y,W
435,937717,20806,Brian Alainu'uese,950,Samoa,1308.72,1310.96,1923,1,40,61,0,0,28,,367,Scrum Half Pass,353,Won Outright,365,Neutral,0,,0,,0,,0,,0,,0,,0,,0,0,0,0,1899-12-30T00:21:59Z,1,15,0,0,0,950,Samoa,750,Tonga,05/08/2023,15:00,13,9,34,9,3,3,70,Apia Park,-1,NA,1,2023,04,4,Lock (4),0,,0,,271,Angus Gardner,1000642,Damon Murphy,1000613,Matthew Kellahan,-1,,3,International,Y,W
436,937717,20766,Chris Vui,950,Samoa,1308.72,1310.96,1923,1,40,61,0,0,28,,367,Scrum Half Pass,353,Won Outright,365,Neutral,0,,0,,0,,0,,0,,0,,0,,0,0,0,0,1899-12-30T00:21:59Z,1,15,0,0,0,950,Samoa,750,Tonga,05/08/2023,15:00,13,9,34,9,3,3,70,Apia Park,-1,NA,1,2023,05,5,Lock (5),0,,0,,271,Angus Gardner,1000642,Damon Murphy,1000613,Matthew Kellahan,-1,,3,International,Y,W
437,937717,43727,Miracle Faiilagi,950,Samoa,1308.72,1310.96,1923,1,40,61,0,0,28,,367,Scrum Half Pass,353,Won Outright,365,Neutral,0,,0,,0,,0,,0,,0,,0,,0,0,0,0,1899-12-30T00:21:59Z,1,15,0,0,0,950,Samoa,750,Tonga,05/08/2023,15:00,13,9,34,9,3,3,70,Apia Park,-1,NA,1,2023,06,6,Blindside Flanker,0,,0,,271,Angus Gardner,1000642,Damon Murphy,1000613,Matthew Kellahan,-1,,3,International,Y,W
438,937717,10607,Jack Lam,950,Samoa,1308.72,1310.96,1923,1,40,61,0,0,28,,367,Scrum Half Pass,353,Won Outright,365,Neutral,0,,0,,0,,0,,0,,0,,0,,0,0,0,0,1899-12-30T00:21:59Z,1,15,0,0,0,950,Samoa,750,Tonga,05/08/2023,15:00,13,9,34,9,3,3,70,Apia Park,-1,NA,1,2023,07,7,Openside Flanker,0,,0,,271,Angus Gardner,1000642,Damon Murphy,1000613,Matthew Kellahan,-1,,3,International,Y,W
439,937717,18506,Steven Luatua,950,Samoa,1308.72,1310.96,1923,1,40,61,0,0,28,,367,Scrum Half Pass,353,Won Outright,365,Neutral,0,,0,,0,,0,,0,,0,,0,,0,0,0,0,1899-12-30T00:21:59Z,1,15,0,0,0,950,Samoa,750,Tonga,05/08/2023,15:00,13,9,34,9,3,3,70,Apia Park,-1,NA,1,2023,08,8,Number 8,0,,0,,271,Angus Gardner,1000642,Damon Murphy,1000613,Matthew Kellahan,-1,,3,International,Y,W
440,937717,22136,Siegfried Fisi'ihoi,750,Tonga,1308.72,1310.96,1923,1,40,61,0,0,29,,367,Scrum Half Pass,353,Won Outright,365,Neutral,0,,0,,0,,0,,0,,0,,0,,0,0,0,0,1899-12-30T00:21:59Z,1,15,0,0,0,950,Samoa,750,Tonga,05/08/2023,15:00,13,9,34,9,3,3,70,Apia Park,-1,NA,1,2023,01,1,Loosehead Prop,0,,0,,271,Angus Gardner,1000642,Damon Murphy,1000613,Matthew Kellahan,-1,,3,International,N,L
441,937717,35331,Siua Maile,750,Tonga,1308.72,1310.96,1923,1,40,61,0,0,29,,367,Scrum Half Pass,353,Won Outright,365,Neutral,0,,0,,0,,0,,0,,0,,0,,0,0,0,0,1899-12-30T00:21:59Z,1,15,0,0,0,950,Samoa,750,Tonga,05/08/2023,15:00,13,9,34,9,3,3,70,Apia Park,-1,NA,1,2023,02,2,Hooker,0,,0,,271,Angus Gardner,1000642,Damon Murphy,1000613,Matthew Kellahan,-1,,3,International,N,L
442,937717,18807,Ben Tameifuna,750,Tonga,1308.72,1310.96,1923,1,40,61,0,0,29,,367,Scrum Half Pass,353,Won Outright,365,Neutral,0,,0,,0,,0,,0,,0,,0,,0,0,0,0,1899-12-30T00:21:59Z,1,15,0,0,0,950,Samoa,750,Tonga,05/08/2023,15:00,13,9,34,9,3,3,70,Apia Park,-1,NA,1,2023,03,3,Tighthead Prop,0,,0,,271,Angus Gardner,1000642,Damon Murphy,1000613,Matthew Kellahan,-1,,3,International,N,L
443,937717,26114,Leva Fifita,750,Tonga,1308.72,1310.96,1923,1,40,61,0,0,29,,367,Scrum Half Pass,353,Won Outright,365,Neutral,0,,0,,0,,0,,0,,0,,0,,0,0,0,0,1899-12-30T00:21:59Z,1,15,0,0,0,950,Samoa,750,Tonga,05/08/2023,15:00,13,9,34,9,3,3,70,Apia Park,-1,NA,1,2023,04,4,Lock (4),0,,0,,271,Angus Gardner,1000642,Damon Murphy,1000613,Matthew Kellahan,-1,,3,International,N,L
444,937717,11292,Steve Mafi,750,Tonga,1308.72,1310.96,1923,1,40,61,0,0,29,,367,Scrum Half Pass,353,Won Outright,365,Neutral,0,,0,,0,,0,,0,,0,,0,,0,0,0,0,1899-12-30T00:21:59Z,1,15,0,0,0,950,Samoa,750,Tonga,05/08/2023,15:00,13,9,34,9,3,3,70,Apia Park,-1,NA,1,2023,05,5,Lock (5),0,,0,,271,Angus Gardner,1000642,Damon Murphy,1000613,Matthew Kellahan,-1,,3,International,N,L
445,937717,28270,Tanginoa Halaifonua,750,Tonga,1308.72,1310.96,1923,1,40,61,0,0,29,,367,Scrum Half Pass,353,Won Outright,365,Neutral,0,,0,,0,,0,,0,,0,,0,,0,0,0,0,1899-12-30T00:21:59Z,1,15,0,0,0,950,Samoa,750,Tonga,05/08/2023,15:00,13,9,34,9,3,3,70,Apia Park,-1,NA,1,2023,06,6,Blindside Flanker,0,,0,,271,Angus Gardner,1000642,Damon Murphy,1000613,Matthew Kellahan,-1,,3,International,N,L
446,937717,29249,Sione Havili Talitui,750,Tonga,1308.72,1310.96,1923,1,40,61,0,0,29,,367,Scrum Half Pass,353,Won Outright,365,Neutral,0,,0,,0,,0,,0,,0,,0,,0,0,0,0,1899-12-30T00:21:59Z,1,15,0,0,0,950,Samoa,750,Tonga,05/08/2023,15:00,13,9,34,9,3,3,70,Apia Park,-1,NA,1,2023,07,7,Openside Flanker,0,,0,,271,Angus Gardner,1000642,Damon Murphy,1000613,Matthew Kellahan,-1,,3,International,N,L
447,937717,21155,Vaea Fifita,750,Tonga,1308.72,1310.96,1923,1,40,61,0,0,29,,367,Scrum Half Pass,353,Won Outright,365,Neutral,0,,0,,0,,0,,0,,0,,0,,0,0,0,0,1899-12-30T00:21:59Z,1,15,0,0,0,950,Samoa,750,Tonga,05/08/2023,15:00,13,9,34,9,3,3,70,Apia Park,-1,NA,1,2023,08,8,Number 8,0,,0,,271,Angus Gardner,1000642,Damon Murphy,1000613,Matthew Kellahan,-1,,3,International,N,L
448,937717,23399,Jonathan Taumateine,950,Samoa,1310.96,1310.96,1926,1,40,61,0,0,18,Collection,631,General Catch,0,,0,,0,,0,,0,,0,,0,,0,,0,,0,0,0,0,1899-12-30T00:22:01Z,1,15,0,0,0,950,Samoa,750,Tonga,05/08/2023,15:00,13,9,34,9,3,3,70,Apia Park,-1,NA,1,2023,09,9,Scrum Half,0,,0,,271,Angus Gardner,1000642,Damon Murphy,1000613,Matthew Kellahan,-1,,3,International,Y,W
449,937717,23399,Jonathan Taumateine,950,Samoa,1311.84,1312.56,1926,1,40,61,32,47,3,Pass,169,Complete,0,,686,Medium Pass,681,Left Pass,700,0th Receiver,0,,0,,0,,0,,0,,14,16,8,0,1899-12-30T00:22:02Z,1,15,0,0,0,950,Samoa,750,Tonga,05/08/2023,15:00,13,9,34,9,3,3,70,Apia Park,-1,NA,1,2023,09,9,Scrum Half,0,,0,,271,Angus Gardner,1000642,Damon Murphy,1000613,Matthew Kellahan,-1,,3,International,Y,W
450,937717,25212,D'Angelo Leuila,950,Samoa,1312.56,1312.56,1927,1,32,47,0,0,18,Collection,631,General Catch,0,,0,,0,,0,,0,,0,,0,,0,,0,,0,0,0,0,1899-12-30T00:22:03Z,1,15,0,0,0,950,Samoa,750,Tonga,05/08/2023,15:00,13,9,34,9,3,3,70,Apia Park,-1,NA,1,2023,10,10,Fly Half,0,,0,,271,Angus Gardner,1000642,Damon Murphy,1000613,Matthew Kellahan,-1,,3,International,Y,W
451,937717,25212,D'Angelo Leuila,950,Samoa,1313.28,1313.72,1928,1,36,44,33,37,3,Pass,169,Complete,0,,686,Medium Pass,681,Left Pass,701,1st Receiver,0,,0,,0,,0,,0,,7,8,3,0,1899-12-30T00:22:04Z,1,15,0,0,0,950,Samoa,750,Tonga,05/08/2023,15:00,13,9,34,9,3,3,70,Apia Park,-1,NA,1,2023,10,10,Fly Half,0,,0,,271,Angus Gardner,1000642,Damon Murphy,1000613,Matthew Kellahan,-1,,3,International,Y,W
452,937717,19601,Ulupano Seuteni,950,Samoa,1313.72,1313.72,1928,1,33,37,0,0,18,Collection,631,General Catch,0,,0,,0,,0,,0,,0,,0,,0,,0,,0,0,0,0,1899-12-30T00:22:04Z,1,15,0,0,0,950,Samoa,750,Tonga,05/08/2023,15:00,13,9,34,9,3,3,70,Apia Park,-1,NA,1,2023,13,13,Outside Centre,0,,0,,271,Angus Gardner,1000642,Damon Murphy,1000613,Matthew Kellahan,-1,,3,International,Y,W
453,937717,19601,Ulupano Seuteni,950,Samoa,1314.60,1314.88,1929,1,37,34,33,29,3,Pass,169,Complete,0,,686,Medium Pass,681,Left Pass,702,2nd Receiver,0,,0,,0,,0,,0,,5,6,3,0,1899-12-30T00:22:05Z,1,15,0,0,0,950,Samoa,750,Tonga,05/08/2023,15:00,13,9,34,9,3,3,70,Apia Park,-1,NA,1,2023,13,13,Outside Centre,0,,0,,271,Angus Gardner,1000642,Damon Murphy,1000613,Matthew Kellahan,-1,,3,International,Y,W
454,937717,20546,Nigel Ah Wong,950,Samoa,1314.88,1314.88,1929,1,33,29,0,0,18,Collection,631,General Catch,0,,0,,0,,0,,0,,0,,0,,0,,0,,0,0,0,0,1899-12-30T00:22:05Z,1,15,0,0,0,950,Samoa,750,Tonga,05/08/2023,15:00,13,9,34,9,3,3,70,Apia Park,-1,NA,1,2023,14,14,Right Wing,0,,0,,271,Angus Gardner,1000642,Damon Murphy,1000613,Matthew Kellahan,-1,,3,International,Y,W
455,937717,20546,Nigel Ah Wong,950,Samoa,1315.84,1316.48,1930,1,38,25,40,8,3,Pass,169,Complete,0,,680,Long Pass,681,Left Pass,703,3rd Receiver,0,,0,,0,,0,,0,,17,17,2,0,1899-12-30T00:22:06Z,1,15,0,0,0,950,Samoa,750,Tonga,05/08/2023,15:00,13,9,34,9,3,3,70,Apia Park,-1,NA,1,2023,14,14,Right Wing,0,,0,,271,Angus Gardner,1000642,Damon Murphy,1000613,Matthew Kellahan,-1,,3,International,Y,W
456,937717,22231,Ed Fidow,950,Samoa,1316.48,1316.48,1931,1,40,8,0,0,18,Collection,631,General Catch,0,,0,,0,,0,,0,,0,,0,,0,,0,,0,0,0,0,1899-12-30T00:22:07Z,1,15,0,0,0,950,Samoa,750,Tonga,05/08/2023,15:00,13,9,34,9,3,3,70,Apia Park,-1,NA,1,2023,11,11,Left Wing,0,,0,,271,Angus Gardner,1000642,Damon Murphy,1000613,Matthew Kellahan,-1,,3,International,Y,W
457,937717,22231,Ed Fidow,950,Samoa,1316.48,1318.28,1931,1,40,8,51,4,1,Carry,103,Other Carry,120,Kick,109,Crossed Gain line,0,,500,0 Tacklers Committed,704,4th Receiver,0,,0,,0,,0,,12,12,0,0,1899-12-30T00:22:07Z,1,15,0,0,0,950,Samoa,750,Tonga,05/08/2023,15:00,13,9,34,9,3,3,70,Apia Park,-1,NA,1,2023,11,11,Left Wing,0,,0,,271,Angus Gardner,1000642,Damon Murphy,1000613,Matthew Kellahan,-1,,3,International,Y,W
458,937717,22231,Ed Fidow,950,Samoa,1318.28,1320.20,1933,1,51,4,70,0,4,Kick,347,Touch Kick,192,Kick in Touch (Bounce),185,Kick in Play,0,,0,,0,,0,,0,,0,,0,,19,19,0,0,1899-12-30T00:22:09Z,1,15,0,0,0,950,Samoa,750,Tonga,05/08/2023,15:00,13,9,34,9,3,3,70,Apia Park,-1,NA,1,2023,11,11,Left Wing,0,,0,,271,Angus Gardner,1000642,Damon Murphy,1000613,Matthew Kellahan,-1,,3,International,Y,W
459,937717,0,,950,Samoa,1308.72,1320.20,1935,1,40,61,70,0,15,Possession,309,Scrum,315,Kick Out of Play,0,,684,Fails to enter into Opposition 22,0,,0,,0,,0,,0,,0,,30,0,0,0,1899-12-30T00:21:59Z,1,15,0,0,0,950,Samoa,750,Tonga,05/08/2023,15:00,13,9,34,9,3,3,70,Apia Park,-1,NA,1,2023,,,,0,,0,,271,Angus Gardner,1000642,Damon Murphy,1000613,Matthew Kellahan,-1,,3,International,Y,W
460,937717,0,,950,Samoa,1308.72,1320.20,1935,1,40,61,70,0,26,Sequences,309,Scrum,315,Kick Out of Play,0,,0,,0,,0,,0,,0,,0,,0,,30,0,0,0,1899-12-30T00:21:59Z,1,15,0,0,0,950,Samoa,750,Tonga,05/08/2023,15:00,13,9,34,9,3,3,70,Apia Park,-1,NA,1,2023,,,,0,,0,,271,Angus Gardner,1000642,Damon Murphy,1000613,Matthew Kellahan,-1,,3,International,Y,W
461,937717,35331,Siua Maile,750,Tonga,1353.72,1354.28,2008,1,30,68,30,61,6,Lineout Throw,371,Throw Front,376,Won Clean Catch,207,Catch and Drive,0,5+1,676,N/A Movement Lineout,730,5 Players,725,Forward at Halfback (+1),0,,0,,0,,7,0,0,0,1899-12-30T00:22:44Z,1,16,0,0,0,950,Samoa,750,Tonga,05/08/2023,15:00,13,9,34,9,3,3,70,Apia Park,-1,NA,1,2023,02,2,Hooker,0,,0,,271,Angus Gardner,1000642,Damon Murphy,1000613,Matthew Kellahan,-1,,3,International,N,L
462,937717,26114,Leva Fifita,750,Tonga,1354.28,1354.28,2009,1,30,61,0,0,27,Lineout Take,386,Lineout Win Front,376,Won Clean,207,Catch and Drive,396,Clean Catch,0,,0,,0,,0,,0,,0,,0,0,0,0,1899-12-30T00:22:45Z,1,16,0,0,0,950,Samoa,750,Tonga,05/08/2023,15:00,13,9,34,9,3,3,70,Apia Park,-1,NA,1,2023,04,4,Lock (4),0,,0,,271,Angus Gardner,1000642,Damon Murphy,1000613,Matthew Kellahan,-1,,3,International,N,L
463,937717,26114,Leva Fifita,750,Tonga,1355.36,1367.52,2010,1,30,61,0,0,24,Maul,0,,401,Won Outright,0,,0,,661,Mid Left Open Movement Maul,0,,0,,0,,0,,0,,0,0,2,17,1899-12-30T00:22:46Z,1,16,0,0,0,950,Samoa,750,Tonga,05/08/2023,15:00,13,9,34,9,3,3,70,Apia Park,-1,NA,1,2023,04,4,Lock (4),0,,0,,271,Angus Gardner,1000642,Damon Murphy,1000613,Matthew Kellahan,-1,,3,International,N,L
464,937717,20156,Sonatane Takulua,750,Tonga,1367.52,1367.52,2022,1,28,62,0,0,18,Collection,631,General Catch,0,,0,,0,,0,,0,,0,,0,,0,,0,,0,0,0,0,1899-12-30T00:22:58Z,1,16,0,0,0,950,Samoa,750,Tonga,05/08/2023,15:00,13,9,34,9,3,3,70,Apia Park,-1,NA,1,2023,09,9,Scrum Half,0,,0,,271,Angus Gardner,1000642,Damon Murphy,1000613,Matthew Kellahan,-1,,3,International,N,L
465,937717,20156,Sonatane Takulua,750,Tonga,1367.52,1367.52,2022,1,28,62,0,0,47,Playmaker Options,671,Halfback at Breakdown,675,Playmaker Option - Pass,0,,0,,0,,0,,0,,0,,0,,0,,0,0,0,0,1899-12-30T00:22:58Z,1,16,0,0,0,950,Samoa,750,Tonga,05/08/2023,15:00,13,9,34,9,3,3,70,Apia Park,-1,NA,1,2023,09,9,Scrum Half,0,,0,,271,Angus Gardner,1000642,Damon Murphy,1000613,Matthew Kellahan,-1,,3,International,N,L
466,937717,20156,Sonatane Takulua,750,Tonga,1367.84,1368.56,2022,1,28,62,22,53,3,Pass,169,Complete,0,,686,Medium Pass,681,Left Pass,700,0th Receiver,0,,0,,0,,0,,0,,10,12,7,0,1899-12-30T00:22:58Z,1,16,0,0,0,950,Samoa,750,Tonga,05/08/2023,15:00,13,9,34,9,3,3,70,Apia Park,-1,NA,1,2023,09,9,Scrum Half,0,,0,,271,Angus Gardner,1000642,Damon Murphy,1000613,Matthew Kellahan,-1,,3,International,N,L
467,937717,19128,George Moala,750,Tonga,1368.56,1368.56,2023,1,22,53,0,0,18,Collection,631,General Catch,0,,0,,0,,0,,0,,0,,0,,0,,0,,0,0,0,0,1899-12-30T00:22:59Z,1,16,0,0,0,950,Samoa,750,Tonga,05/08/2023,15:00,13,9,34,9,3,3,70,Apia Park,-1,NA,1,2023,13,13,Outside Centre,0,,0,,271,Angus Gardner,1000642,Damon Murphy,1000613,Matthew Kellahan,-1,,3,International,N,L
468,937717,0,,750,Tonga,1368.56,1368.56,2023,1,22,53,0,0,45,Defensive Exits,630,Kicked out of 22,0,,0,,0,,0,,0,,0,,0,,0,,0,,0,0,0,0,1899-12-30T00:22:59Z,1,16,0,0,0,950,Samoa,750,Tonga,05/08/2023,15:00,13,9,34,9,3,3,70,Apia Park,-1,NA,1,2023,,,,0,,0,,271,Angus Gardner,1000642,Damon Murphy,1000613,Matthew Kellahan,-1,,3,International,N,L
469,937717,19128,George Moala,750,Tonga,1368.56,1368.56,2023,1,22,53,0,0,47,Playmaker Options,656,First Receiver,673,Playmaker Option - Carry,0,,0,,0,,0,,0,,0,,0,,0,,0,0,0,0,1899-12-30T00:22:59Z,1,16,0,0,0,950,Samoa,750,Tonga,05/08/2023,15:00,13,9,34,9,3,3,70,Apia Park,-1,NA,1,2023,13,13,Outside Centre,0,,0,,271,Angus Gardner,1000642,Damon Murphy,1000613,Matthew Kellahan,-1,,3,International,N,L
470,937717,19128,George Moala,750,Tonga,1368.56,1371.56,2023,1,22,53,30,46,1,Carry,103,Other Carry,108,Tackled Neutral,109,Crossed Gain line,461,Neutral Contact,502,2 Tacklers Committed,701,1st Receiver,0,,0,,0,,0,,2,9,3,3,1899-12-30T00:22:59Z,1,16,0,0,0,950,Samoa,750,Tonga,05/08/2023,15:00,13,9,34,9,3,3,70,Apia Park,-1,NA,1,2023,13,13,Outside Centre,0,,0,,271,Angus Gardner,1000642,Damon Murphy,1000613,Matthew Kellahan,-1,,3,International,N,L
471,937717,27662,Sama Malolo,950,Samoa,1369.92,1369.92,2025,1,73,20,0,0,2,Tackle,144,Line,153,Complete,0,,474,Neutral Tackle,708,1st Tackler,0,,0,,0,,0,,0,,0,0,0,0,1899-12-30T00:23:00Z,1,16,0,0,0,950,Samoa,750,Tonga,05/08/2023,15:00,13,9,34,9,3,3,70,Apia Park,-1,NA,1,2023,02,2,Hooker,0,,0,,271,Angus Gardner,1000642,Damon Murphy,1000613,Matthew Kellahan,-1,,3,International,Y,W
472,937717,18506,Steven Luatua,950,Samoa,1370.08,1370.08,2025,1,73,20,0,0,2,Tackle,144,Line,153,Complete,441,Assist,474,Neutral Tackle,709,2nd Tackler,0,,0,,0,,0,,0,,0,0,0,0,1899-12-30T00:23:00Z,1,16,0,0,0,950,Samoa,750,Tonga,05/08/2023,15:00,13,9,34,9,3,3,70,Apia Park,-1,NA,1,2023,08,8,Number 8,0,,0,,271,Angus Gardner,1000642,Damon Murphy,1000613,Matthew Kellahan,-1,,3,International,Y,W
473,937717,19128,George Moala,750,Tonga,1371.56,1374.36,2026,1,30,46,0,0,23,Ruck,0,,401,Won Outright,548,Over Previous Gainline,554,2-3 Seconds,663,Close Left Open Movement Ruck,0,,0,,0,,0,,0,,0,0,-8,9,1899-12-30T00:23:02Z,1,16,0,0,0,950,Samoa,750,Tonga,05/08/2023,15:00,13,9,34,9,3,3,70,Apia Park,-1,NA,1,2023,13,13,Outside Centre,0,,0,,271,Angus Gardner,1000642,Damon Murphy,1000613,Matthew Kellahan,-1,,3,International,N,L
474,937717,28270,Tanginoa Halaifonua,750,Tonga,1371.88,1371.88,2026,1,30,46,0,0,43,Ruck OOA,572,Cleaned Out,583,Own Team 1st Entry,588,OOA Entry 1st Entry- Att,632,Attacking OOA,0,1,0,,0,,0,,0,,0,,0,0,0,0,1899-12-30T00:23:00Z,1,16,0,0,0,950,Samoa,750,Tonga,05/08/2023,15:00,13,9,34,9,3,3,70,Apia Park,-1,NA,1,2023,06,6,Blindside Flanker,0,,0,,271,Angus Gardner,1000642,Damon Murphy,1000613,Matthew Kellahan,-1,,3,International,N,L
475,937717,36335,Solomone Kata,750,Tonga,1372.60,1372.60,2027,1,30,46,0,0,43,Ruck OOA,574,Secured,584,Own Team 2nd Entry,589,OOA Entry 2nd Entry- Att,632,Attacking OOA,0,2,0,,0,,0,,0,,0,,0,0,0,0,1899-12-30T00:23:01Z,1,16,0,0,0,950,Samoa,750,Tonga,05/08/2023,15:00,13,9,34,9,3,3,70,Apia Park,-1,NA,1,2023,14,14,Right Wing,0,,0,,271,Angus Gardner,1000642,Damon Murphy,1000613,Matthew Kellahan,-1,,3,International,N,L
476,937717,20156,Sonatane Takulua,750,Tonga,1374.36,1374.36,2029,1,29,46,0,0,18,Collection,631,General Catch,0,,0,,0,,0,,0,,0,,0,,0,,0,,0,0,0,0,1899-12-30T00:23:05Z,2,16,0,0,0,950,Samoa,750,Tonga,05/08/2023,15:00,13,9,34,9,3,3,70,Apia Park,-1,NA,1,2023,09,9,Scrum Half,0,,0,,271,Angus Gardner,1000642,Damon Murphy,1000613,Matthew Kellahan,-1,,3,International,N,L
477,937717,20156,Sonatane Takulua,750,Tonga,1374.36,1374.36,2029,1,29,46,0,0,47,Playmaker Options,671,Halfback at Breakdown,675,Playmaker Option - Pass,0,,0,,0,,0,,0,,0,,0,,0,,0,0,0,0,1899-12-30T00:23:05Z,2,16,0,0,0,950,Samoa,750,Tonga,05/08/2023,15:00,13,9,34,9,3,3,70,Apia Park,-1,NA,1,2023,09,9,Scrum Half,0,,0,,271,Angus Gardner,1000642,Damon Murphy,1000613,Matthew Kellahan,-1,,3,International,N,L
478,937717,20156,Sonatane Takulua,750,Tonga,1375.04,1375.92,2030,1,29,46,18,38,3,Pass,169,Complete,0,,686,Medium Pass,681,Left Pass,700,0th Receiver,0,,0,,0,,0,,0,,8,14,11,0,1899-12-30T00:23:05Z,2,16,0,0,0,950,Samoa,750,Tonga,05/08/2023,15:00,13,9,34,9,3,3,70,Apia Park,-1,NA,1,2023,09,9,Scrum Half,0,,0,,271,Angus Gardner,1000642,Damon Murphy,1000613,Matthew Kellahan,-1,,3,International,N,L
479,937717,39118,William Havili,750,Tonga,1375.92,1375.92,2031,1,18,38,0,0,18,Collection,631,General Catch,0,,0,,0,,0,,0,,0,,0,,0,,0,,0,0,0,0,1899-12-30T00:23:06Z,2,16,0,0,0,950,Samoa,750,Tonga,05/08/2023,15:00,13,9,34,9,3,3,70,Apia Park,-1,NA,1,2023,10,10,Fly Half,0,,0,,271,Angus Gardner,1000642,Damon Murphy,1000613,Matthew Kellahan,-1,,3,International,N,L
480,937717,39118,William Havili,750,Tonga,1375.92,1375.92,2031,1,18,38,0,0,47,Playmaker Options,656,First Receiver,674,Playmaker Option - Kick,0,,0,,0,,0,,0,,0,,0,,0,,0,0,0,0,1899-12-30T00:23:06Z,2,16,0,0,0,950,Samoa,750,Tonga,05/08/2023,15:00,13,9,34,9,3,3,70,Apia Park,-1,NA,1,2023,10,10,Fly Half,0,,0,,271,Angus Gardner,1000642,Damon Murphy,1000613,Matthew Kellahan,-1,,3,International,N,L
481,937717,39118,William Havili,750,Tonga,1376.84,1377.04,2031,1,22,38,22,38,4,Kick,190,Territorial,194,Error - Charged Down,186,Kick in Play (Own 22),0,,0,,0,,0,,0,,0,,0,,0,0,0,0,1899-12-30T00:23:07Z,2,16,0,0,0,950,Samoa,750,Tonga,05/08/2023,15:00,13,9,34,9,3,3,70,Apia Park,-1,NA,1,2023,10,10,Fly Half,0,,0,,271,Angus Gardner,1000642,Damon Murphy,1000613,Matthew Kellahan,-1,,3,International,N,L
482,937717,39118,William Havili,750,Tonga,1377.04,1377.04,2032,1,22,38,0,0,8,Turnover,261,Kick Error,677,Error on Attack,0,,0,,0,,0,,0,,0,,0,,0,,0,0,0,0,1899-12-30T00:23:08Z,2,16,0,0,0,950,Samoa,750,Tonga,05/08/2023,15:00,13,9,34,9,3,3,70,Apia Park,-1,NA,1,2023,10,10,Fly Half,0,,0,,271,Angus Gardner,1000642,Damon Murphy,1000613,Matthew Kellahan,-1,,3,International,N,L
483,937717,10607,Jack Lam,950,Samoa,1377.08,1377.08,2032,1,74,26,0,0,18,Collection,438,Charge Down,277,Success,0,,0,,0,,0,,0,,0,,0,,0,,0,0,0,0,1899-12-30T00:23:08Z,2,16,0,0,0,950,Samoa,750,Tonga,05/08/2023,15:00,13,9,34,9,3,3,70,Apia Park,-1,NA,1,2023,07,7,Openside Flanker,0,,0,,271,Angus Gardner,1000642,Damon Murphy,1000613,Matthew Kellahan,-1,,3,International,Y,W
484,937717,0,,750,Tonga,1353.72,1378.32,2033,1,30,68,36,47,15,Possession,306,Lineout,413,Kick Error,0,,684,Fails to enter into Opposition 22,0,,0,,0,,0,,0,,0,,5,0,0,0,1899-12-30T00:22:44Z,2,16,0,0,0,950,Samoa,750,Tonga,05/08/2023,15:00,13,9,34,9,3,3,70,Apia Park,-1,NA,1,2023,,,,0,,0,,271,Angus Gardner,1000642,Damon Murphy,1000613,Matthew Kellahan,-1,,3,International,N,L
485,937717,20806,Brian Alainu'uese,950,Samoa,1378.32,1378.32,2033,1,65,21,0,0,18,Collection,274,Defensive Loose Ball,277,Success,0,,0,,0,,0,,0,,0,,0,,0,,0,0,0,0,1899-12-30T00:23:09Z,1,17,0,0,0,950,Samoa,750,Tonga,05/08/2023,15:00,13,9,34,9,3,3,70,Apia Park,-1,NA,1,2023,04,4,Lock (4),0,,0,,271,Angus Gardner,1000642,Damon Murphy,1000613,Matthew Kellahan,-1,,3,International,Y,W
486,937717,20806,Brian Alainu'uese,950,Samoa,1378.32,1378.32,2033,1,65,21,0,0,44,Counter Attack,619,Outcome - Kick To Opposition,0,,0,,0,,0,,0,,0,,0,,0,,0,,0,0,0,0,1899-12-30T00:23:09Z,1,17,0,0,0,950,Samoa,750,Tonga,05/08/2023,15:00,13,9,34,9,3,3,70,Apia Park,-1,NA,1,2023,04,4,Lock (4),0,,0,,271,Angus Gardner,1000642,Damon Murphy,1000613,Matthew Kellahan,-1,,3,International,Y,W
487,937717,20806,Brian Alainu'uese,950,Samoa,1378.96,1379.32,2034,1,65,21,61,31,3,Pass,169,Complete,0,,686,Medium Pass,682,Right Pass,700,0th Receiver,0,,0,,0,,0,,0,,10,11,3,0,1899-12-30T00:23:09Z,1,17,0,0,0,950,Samoa,750,Tonga,05/08/2023,15:00,13,9,34,9,3,3,70,Apia Park,-1,NA,1,2023,04,4,Lock (4),0,,0,,271,Angus Gardner,1000642,Damon Murphy,1000613,Matthew Kellahan,-1,,3,International,Y,W
488,937717,23399,Jonathan Taumateine,950,Samoa,1379.32,1379.32,2034,1,61,31,0,0,18,Collection,631,General Catch,0,,0,,0,,0,,0,,0,,0,,0,,0,,0,0,0,0,1899-12-30T00:23:10Z,1,17,0,0,0,950,Samoa,750,Tonga,05/08/2023,15:00,13,9,34,9,3,3,70,Apia Park,-1,NA,1,2023,09,9,Scrum Half,0,,0,,271,Angus Gardner,1000642,Damon Murphy,1000613,Matthew Kellahan,-1,,3,International,Y,W
489,937717,23399,Jonathan Taumateine,950,Samoa,1379.32,1383.08,2034,1,61,31,78,33,1,Carry,103,Other Carry,107,Tackled Dominant,109,Crossed Gain line,460,Dominant Contact,504,4+ Tacklers Committed,701,1st Receiver,0,,0,,0,,0,,14,17,15,9,1899-12-30T00:23:10Z,1,17,0,0,0,950,Samoa,750,Tonga,05/08/2023,15:00,13,9,34,9,3,3,70,Apia Park,-1,NA,1,2023,09,9,Scrum Half,0,,0,,271,Angus Gardner,1000642,Damon Murphy,1000613,Matthew Kellahan,-1,,3,International,Y,W
490,937717,18936,Pita Ahki,750,Tonga,1380.48,1380.48,2035,1,37,33,0,0,2,Tackle,144,Line,161,Missed,0,,475,Ineffective Tackle,708,1st Tackler,0,,0,,0,,0,,0,,0,0,0,0,1899-12-30T00:23:11Z,1,17,0,0,0,950,Samoa,750,Tonga,05/08/2023,15:00,13,9,34,9,3,3,70,Apia Park,-1,NA,1,2023,12,12,Inside Centre,0,,0,,271,Angus Gardner,1000642,Damon Murphy,1000613,Matthew Kellahan,-1,,3,International,N,L
491,937717,18936,Pita Ahki,750,Tonga,1380.48,1380.48,2035,1,37,33,0,0,12,Missed Tackle,163,Stepped,166,Tackled,0,,0,,0,,0,,0,,0,,0,,0,,0,0,0,0,1899-12-30T00:23:11Z,1,17,0,0,0,950,Samoa,750,Tonga,05/08/2023,15:00,13,9,34,9,3,3,70,Apia Park,-1,NA,1,2023,12,12,Inside Centre,0,,0,,271,Angus Gardner,1000642,Damon Murphy,1000613,Matthew Kellahan,-1,,3,International,N,L
492,937717,23399,Jonathan Taumateine,950,Samoa,1380.80,1380.80,2035,1,63,35,0,0,10,Attacking Qualities,116,Defender Beaten,0,,0,,0,,0,,0,,0,,0,,0,,0,,0,0,0,0,1899-12-30T00:23:11Z,1,17,0,0,0,950,Samoa,750,Tonga,05/08/2023,15:00,13,9,34,9,3,3,70,Apia Park,-1,NA,1,2023,09,9,Scrum Half,0,,0,,271,Angus Gardner,1000642,Damon Murphy,1000613,Matthew Kellahan,-1,,3,International,Y,W
493,937717,39118,William Havili,750,Tonga,1381.32,1381.32,2036,1,37,33,0,0,2,Tackle,144,Line,161,Missed,441,Assist,475,Ineffective Tackle,709,2nd Tackler,0,,0,,0,,0,,0,,0,0,0,0,1899-12-30T00:23:12Z,1,17,0,0,0,950,Samoa,750,Tonga,05/08/2023,15:00,13,9,34,9,3,3,70,Apia Park,-1,NA,1,2023,10,10,Fly Half,0,,0,,271,Angus Gardner,1000642,Damon Murphy,1000613,Matthew Kellahan,-1,,3,International,N,L
494,937717,39118,William Havili,750,Tonga,1381.32,1381.32,2036,1,37,33,0,0,12,Missed Tackle,162,Bumped Off,166,Tackled,0,,0,,0,,0,,0,,0,,0,,0,,0,0,0,0,1899-12-30T00:23:12Z,1,17,0,0,0,950,Samoa,750,Tonga,05/08/2023,15:00,13,9,34,9,3,3,70,Apia Park,-1,NA,1,2023,10,10,Fly Half,0,,0,,271,Angus Gardner,1000642,Damon Murphy,1000613,Matthew Kellahan,-1,,3,International,N,L
495,937717,23399,Jonathan Taumateine,950,Samoa,1381.52,1381.52,2036,1,63,35,0,0,10,Attacking Qualities,116,Defender Beaten,0,,0,,0,,0,,0,,0,,0,,0,,0,,0,0,0,0,1899-12-30T00:23:12Z,1,17,0,0,0,950,Samoa,750,Tonga,05/08/2023,15:00,13,9,34,9,3,3,70,Apia Park,-1,NA,1,2023,09,9,Scrum Half,0,,0,,271,Angus Gardner,1000642,Damon Murphy,1000613,Matthew Kellahan,-1,,3,International,Y,W
496,937717,26114,Leva Fifita,750,Tonga,1382.52,1382.52,2037,1,31,36,0,0,2,Tackle,144,Line,160,Passive,441,Assist,475,Ineffective Tackle,710,3rd Tackler,0,,0,,0,,0,,0,,0,0,0,0,1899-12-30T00:23:13Z,1,17,0,0,0,950,Samoa,750,Tonga,05/08/2023,15:00,13,9,34,9,3,3,70,Apia Park,-1,NA,1,2023,04,4,Lock (4),0,,0,,271,Angus Gardner,1000642,Damon Murphy,1000613,Matthew Kellahan,-1,,3,International,N,L
497,937717,35331,Siua Maile,750,Tonga,1382.76,1382.76,2037,1,31,36,0,0,2,Tackle,144,Line,160,Passive,441,Assist,475,Ineffective Tackle,711,4th Tackler,0,,0,,0,,0,,0,,0,0,0,0,1899-12-30T00:23:13Z,1,17,0,0,0,950,Samoa,750,Tonga,05/08/2023,15:00,13,9,34,9,3,3,70,Apia Park,-1,NA,1,2023,02,2,Hooker,0,,0,,271,Angus Gardner,1000642,Damon Murphy,1000613,Matthew Kellahan,-1,,3,International,N,L
498,937717,23399,Jonathan Taumateine,950,Samoa,1383.08,1385.44,2038,1,78,33,0,0,23,Ruck,0,,401,Won Outright,551,N/A Gainline,554,2-3 Seconds,664,Close Right Open Movement Ruck,0,,0,,0,,0,,0,,0,0,5,4,1899-12-30T00:23:13Z,1,17,0,0,0,950,Samoa,750,Tonga,05/08/2023,15:00,13,9,34,9,3,3,70,Apia Park,-1,NA,1,2023,09,9,Scrum Half,0,,0,,271,Angus Gardner,1000642,Damon Murphy,1000613,Matthew Kellahan,-1,,3,International,Y,W
499,937717,0,,950,Samoa,1383.08,1429.64,2038,1,78,33,67,24,46,Attacking 22 Entry,639,22 Entry Outcome - Kick Turnover,0,,0,,0,,0,,0,,0,,0,,0,,0,,0,0,0,0,1899-12-30T00:23:13Z,1,17,0,0,0,950,Samoa,750,Tonga,05/08/2023,15:00,13,9,34,9,3,3,70,Apia Park,-1,NA,1,2023,,,,0,,0,,271,Angus Gardner,1000642,Damon Murphy,1000613,Matthew Kellahan,-1,,3,International,Y,W
500,937717,10607,Jack Lam,950,Samoa,1384.36,1384.36,2039,1,78,33,0,0,43,Ruck OOA,574,Secured,583,Own Team 1st Entry,588,OOA Entry 1st Entry- Att,632,Attacking OOA,0,1,0,,0,,0,,0,,0,,0,0,0,0,1899-12-30T00:22:28Z,1,17,0,0,0,950,Samoa,750,Tonga,05/08/2023,15:00,13,9,34,9,3,3,70,Apia Park,-1,NA,1,2023,07,7,Openside Flanker,0,,0,,271,Angus Gardner,1000642,Damon Murphy,1000613,Matthew Kellahan,-1,,3,International,Y,W
501,937717,22603,Duncan Paia'aua,950,Samoa,1384.80,1384.80,2039,1,78,33,0,0,43,Ruck OOA,574,Secured,584,Own Team 2nd Entry,589,OOA Entry 2nd Entry- Att,632,Attacking OOA,0,2,0,,0,,0,,0,,0,,0,0,0,0,1899-12-30T00:22:28Z,1,17,0,0,0,950,Samoa,750,Tonga,05/08/2023,15:00,13,9,34,9,3,3,70,Apia Park,-1,NA,1,2023,12,12,Inside Centre,0,,0,,271,Angus Gardner,1000642,Damon Murphy,1000613,Matthew Kellahan,-1,,3,International,Y,W
502,937717,20806,Brian Alainu'uese,950,Samoa,1385.44,1385.44,2040,1,78,33,0,0,18,Collection,631,General Catch,0,,0,,0,,0,,0,,0,,0,,0,,0,,0,0,0,0,1899-12-30T00:23:16Z,2,17,0,0,0,950,Samoa,750,Tonga,05/08/2023,15:00,13,9,34,9,3,3,70,Apia Park,-1,NA,1,2023,04,4,Lock (4),0,,0,,271,Angus Gardner,1000642,Damon Murphy,1000613,Matthew Kellahan,-1,,3,International,Y,W
503,937717,20806,Brian Alainu'uese,950,Samoa,1385.44,1385.44,2040,1,78,33,0,0,47,Playmaker Options,672,Acting Halfback at Breakdown,673,Playmaker Option - Carry,0,,0,,0,,0,,0,,0,,0,,0,,0,0,0,0,1899-12-30T00:23:16Z,2,17,0,0,0,950,Samoa,750,Tonga,05/08/2023,15:00,13,9,34,9,3,3,70,Apia Park,-1,NA,1,2023,04,4,Lock (4),0,,0,,271,Angus Gardner,1000642,Damon Murphy,1000613,Matthew Kellahan,-1,,3,International,Y,W
504,937717,20806,Brian Alainu'uese,950,Samoa,1385.44,1388.08,2040,1,78,33,83,37,1,Carry,102,Pick and Go,108,Tackled Neutral,109,Crossed Gain line,461,Neutral Contact,502,2 Tacklers Committed,700,0th Receiver,0,,0,,0,,0,,5,5,3,3,1899-12-30T00:23:16Z,2,17,0,0,0,950,Samoa,750,Tonga,05/08/2023,15:00,13,9,34,9,3,3,70,Apia Park,-1,NA,1,2023,04,4,Lock (4),0,,0,,271,Angus Gardner,1000642,Damon Murphy,1000613,Matthew Kellahan,-1,,3,International,Y,W
505,937717,20156,Sonatane Takulua,750,Tonga,1386.48,1386.48,2041,1,21,31,0,0,2,Tackle,145,Guard,153,Complete,0,,474,Neutral Tackle,708,1st Tackler,0,,0,,0,,0,,0,,0,0,0,0,1899-12-30T00:23:17Z,2,17,0,0,0,950,Samoa,750,Tonga,05/08/2023,15:00,13,9,34,9,3,3,70,Apia Park,-1,NA,1,2023,09,9,Scrum Half,0,,0,,271,Angus Gardner,1000642,Damon Murphy,1000613,Matthew Kellahan,-1,,3,International,N,L
506,937717,26114,Leva Fifita,750,Tonga,1386.64,1386.64,2041,1,21,31,0,0,2,Tackle,144,Line,153,Complete,441,Assist,474,Neutral Tackle,709,2nd Tackler,0,,0,,0,,0,,0,,0,0,0,0,1899-12-30T00:23:17Z,2,17,0,0,0,950,Samoa,750,Tonga,05/08/2023,15:00,13,9,34,9,3,3,70,Apia Park,-1,NA,1,2023,04,4,Lock (4),0,,0,,271,Angus Gardner,1000642,Damon Murphy,1000613,Matthew Kellahan,-1,,3,International,N,L
507,937717,20806,Brian Alainu'uese,950,Samoa,1388.08,1389.92,2043,1,83,37,0,0,23,Ruck,0,,401,Won Outright,548,Over Previous Gainline,553,1-2 Seconds,662,Mid Right Open Movement Ruck,0,,0,,0,,0,,0,,0,0,-7,14,1899-12-30T00:23:18Z,2,17,0,0,0,950,Samoa,750,Tonga,05/08/2023,15:00,13,9,34,9,3,3,70,Apia Park,-1,NA,1,2023,04,4,Lock (4),0,,0,,271,Angus Gardner,1000642,Damon Murphy,1000613,Matthew Kellahan,-1,,3,International,Y,W
508,937717,18807,Ben Tameifuna,750,Tonga,1388.64,1388.64,2043,1,17,31,0,0,43,Ruck OOA,578,Got Cleaned Out,583,Own Team 1st Entry,603,OOA Entry 1st Entry- Def,633,Defensive OOA,0,1,0,,0,,0,,0,,0,,0,0,0,0,1899-12-30T00:23:17Z,2,17,0,0,0,950,Samoa,750,Tonga,05/08/2023,15:00,13,9,34,9,3,3,70,Apia Park,-1,NA,1,2023,03,3,Tighthead Prop,0,,0,,271,Angus Gardner,1000642,Damon Murphy,1000613,Matthew Kellahan,-1,,3,International,N,L
509,937717,21998,Michael Alaalatoa,950,Samoa,1388.80,1388.80,2043,1,83,37,0,0,43,Ruck OOA,572,Cleaned Out,583,Own Team 1st Entry,588,OOA Entry 1st Entry- Att,632,Attacking OOA,0,1,0,,0,,0,,0,,0,,0,0,0,0,1899-12-30T00:23:17Z,2,17,0,0,0,950,Samoa,750,Tonga,05/08/2023,15:00,13,9,34,9,3,3,70,Apia Park,-1,NA,1,2023,03,3,Tighthead Prop,0,,0,,271,Angus Gardner,1000642,Damon Murphy,1000613,Matthew Kellahan,-1,,3,International,Y,W
510,937717,20766,Chris Vui,950,Samoa,1388.92,1388.92,2044,1,83,37,0,0,43,Ruck OOA,572,Cleaned Out,584,Own Team 2nd Entry,589,OOA Entry 2nd Entry- Att,632,Attacking OOA,0,2,0,,0,,0,,0,,0,,0,0,0,0,1899-12-30T00:23:17Z,2,17,0,0,0,950,Samoa,750,Tonga,05/08/2023,15:00,13,9,34,9,3,3,70,Apia Park,-1,NA,1,2023,05,5,Lock (5),0,,0,,271,Angus Gardner,1000642,Damon Murphy,1000613,Matthew Kellahan,-1,,3,International,Y,W
511,937717,10552,Tim Nanai-Williams,950,Samoa,1389.92,1389.92,2045,1,82,37,0,0,18,Collection,631,General Catch,0,,0,,0,,0,,0,,0,,0,,0,,0,,0,0,0,0,1899-12-30T00:23:20Z,3,17,0,0,0,950,Samoa,750,Tonga,05/08/2023,15:00,13,9,34,9,3,3,70,Apia Park,-1,NA,1,2023,15,15,Full Back,0,,0,,271,Angus Gardner,1000642,Damon Murphy,1000613,Matthew Kellahan,-1,,3,International,Y,W
512,937717,10552,Tim Nanai-Williams,950,Samoa,1389.92,1389.92,2045,1,82,37,0,0,47,Playmaker Options,672,Acting Halfback at Breakdown,675,Playmaker Option - Pass,0,,0,,0,,0,,0,,0,,0,,0,,0,0,0,0,1899-12-30T00:23:20Z,3,17,0,0,0,950,Samoa,750,Tonga,05/08/2023,15:00,13,9,34,9,3,3,70,Apia Park,-1,NA,1,2023,15,15,Full Back,0,,0,,271,Angus Gardner,1000642,Damon Murphy,1000613,Matthew Kellahan,-1,,3,International,Y,W
513,937717,10552,Tim Nanai-Williams,950,Samoa,1390.32,1390.80,2045,1,82,37,76,43,3,Pass,169,Complete,0,,686,Medium Pass,682,Right Pass,700,0th Receiver,0,,0,,0,,0,,0,,6,9,6,0,1899-12-30T00:23:21Z,3,17,0,0,0,950,Samoa,750,Tonga,05/08/2023,15:00,13,9,34,9,3,3,70,Apia Park,-1,NA,1,2023,15,15,Full Back,0,,0,,271,Angus Gardner,1000642,Damon Murphy,1000613,Matthew Kellahan,-1,,3,International,Y,W
514,937717,18506,Steven Luatua,950,Samoa,1390.80,1390.80,2045,1,76,43,0,0,18,Collection,631,General Catch,0,,0,,0,,0,,0,,0,,0,,0,,0,,0,0,0,0,1899-12-30T00:23:21Z,3,17,0,0,0,950,Samoa,750,Tonga,05/08/2023,15:00,13,9,34,9,3,3,70,Apia Park,-1,NA,1,2023,08,8,Number 8,0,,0,,271,Angus Gardner,1000642,Damon Murphy,1000613,Matthew Kellahan,-1,,3,International,Y,W
515,937717,18506,Steven Luatua,950,Samoa,1390.80,1390.80,2045,1,76,43,0,0,47,Playmaker Options,656,First Receiver,675,Playmaker Option - Pass,0,,0,,0,,0,,0,,0,,0,,0,,0,0,0,0,1899-12-30T00:23:21Z,3,17,0,0,0,950,Samoa,750,Tonga,05/08/2023,15:00,13,9,34,9,3,3,70,Apia Park,-1,NA,1,2023,08,8,Number 8,0,,0,,271,Angus Gardner,1000642,Damon Murphy,1000613,Matthew Kellahan,-1,,3,International,Y,W
516,937717,18506,Steven Luatua,950,Samoa,1391.36,1392.28,2046,1,76,43,68,53,3,Pass,169,Complete,0,,686,Medium Pass,682,Right Pass,701,1st Receiver,0,,0,,0,,0,,0,,10,13,7,0,1899-12-30T00:23:22Z,3,17,0,0,0,950,Samoa,750,Tonga,05/08/2023,15:00,13,9,34,9,3,3,70,Apia Park,-1,NA,1,2023,08,8,Number 8,0,,0,,271,Angus Gardner,1000642,Damon Murphy,1000613,Matthew Kellahan,-1,,3,International,Y,W
517,937717,19601,Ulupano Seuteni,950,Samoa,1392.28,1392.28,2047,1,68,53,0,0,18,Collection,631,General Catch,0,,0,,0,,0,,0,,0,,0,,0,,0,,0,0,0,0,1899-12-30T00:23:23Z,3,17,0,0,0,950,Samoa,750,Tonga,05/08/2023,15:00,13,9,34,9,3,3,70,Apia Park,-1,NA,1,2023,13,13,Outside Centre,0,,0,,271,Angus Gardner,1000642,Damon Murphy,1000613,Matthew Kellahan,-1,,3,International,Y,W
518,937717,19601,Ulupano Seuteni,950,Samoa,1392.28,1392.28,2047,1,68,53,0,0,47,Playmaker Options,657,Second Receiver,673,Playmaker Option - Carry,0,,0,,0,,0,,0,,0,,0,,0,,0,0,0,0,1899-12-30T00:23:23Z,3,17,0,0,0,950,Samoa,750,Tonga,05/08/2023,15:00,13,9,34,9,3,3,70,Apia Park,-1,NA,1,2023,13,13,Outside Centre,0,,0,,271,Angus Gardner,1000642,Damon Murphy,1000613,Matthew Kellahan,-1,,3,International,Y,W
519,937717,19601,Ulupano Seuteni,950,Samoa,1392.28,1394.88,2047,1,68,53,71,52,1,Carry,103,Other Carry,122,Off Load,111,Failed Gain line,461,Neutral Contact,501,1 Tacklers Committed,702,2nd Receiver,0,,0,,0,,0,,0,3,1,1,1899-12-30T00:23:23Z,3,17,0,0,0,950,Samoa,750,Tonga,05/08/2023,15:00,13,9,34,9,3,3,70,Apia Park,-1,NA,1,2023,13,13,Outside Centre,0,,0,,271,Angus Gardner,1000642,Damon Murphy,1000613,Matthew Kellahan,-1,,3,International,Y,W
520,937717,18936,Pita Ahki,750,Tonga,1394.08,1394.08,2049,1,30,15,0,0,2,Tackle,144,Line,155,Offload Allowed,0,,474,Neutral Tackle,708,1st Tackler,0,,0,,0,,0,,0,,0,0,0,0,1899-12-30T00:23:24Z,3,17,0,0,0,950,Samoa,750,Tonga,05/08/2023,15:00,13,9,34,9,3,3,70,Apia Park,-1,NA,1,2023,12,12,Inside Centre,0,,0,,271,Angus Gardner,1000642,Damon Murphy,1000613,Matthew Kellahan,-1,,3,International,N,L
521,937717,19601,Ulupano Seuteni,950,Samoa,1394.88,1395.24,2049,1,71,52,69,52,3,Pass,151,Offload,128,Own Player,679,Short Pass,687,Neutral Pass,702,2nd Receiver,0,,0,,0,,0,,0,,0,2,2,0,1899-12-30T00:23:25Z,3,17,0,0,0,950,Samoa,750,Tonga,05/08/2023,15:00,13,9,34,9,3,3,70,Apia Park,-1,NA,1,2023,13,13,Outside Centre,0,,0,,271,Angus Gardner,1000642,Damon Murphy,1000613,Matthew Kellahan,-1,,3,International,Y,W
522,937717,22231,Ed Fidow,950,Samoa,1395.24,1395.24,2050,1,69,52,0,0,18,Collection,631,General Catch,0,,0,,0,,0,,0,,0,,0,,0,,0,,0,0,0,0,1899-12-30T00:23:26Z,3,17,0,0,0,950,Samoa,750,Tonga,05/08/2023,15:00,13,9,34,9,3,3,70,Apia Park,-1,NA,1,2023,11,11,Left Wing,0,,0,,271,Angus Gardner,1000642,Damon Murphy,1000613,Matthew Kellahan,-1,,3,International,Y,W
523,937717,22231,Ed Fidow,950,Samoa,1395.24,1397.08,2050,1,69,52,75,51,1,Carry,106,Support Carry,107,Tackled Dominant,111,Failed Gain line,460,Dominant Contact,502,2 Tacklers Committed,703,3rd Receiver,0,,0,,0,,0,,0,6,3,1,1899-12-30T00:23:26Z,3,17,0,0,0,950,Samoa,750,Tonga,05/08/2023,15:00,13,9,34,9,3,3,70,Apia Park,-1,NA,1,2023,11,11,Left Wing,0,,0,,271,Angus Gardner,1000642,Damon Murphy,1000613,Matthew Kellahan,-1,,3,International,Y,W
524,937717,17091,Charles Piutau,750,Tonga,1395.96,1395.96,2051,1,28,14,0,0,2,Tackle,144,Line,161,Missed,0,,475,Ineffective Tackle,708,1st Tackler,0,,0,,0,,0,,0,,0,0,0,0,1899-12-30T00:23:26Z,3,17,0,0,0,950,Samoa,750,Tonga,05/08/2023,15:00,13,9,34,9,3,3,70,Apia Park,-1,NA,1,2023,15,15,Full Back,0,,0,,271,Angus Gardner,1000642,Damon Murphy,1000613,Matthew Kellahan,-1,,3,International,N,L
525,937717,17091,Charles Piutau,750,Tonga,1395.96,1395.96,2051,1,28,14,0,0,12,Missed Tackle,162,Bumped Off,166,Tackled,0,,0,,0,,0,,0,,0,,0,,0,,0,0,0,0,1899-12-30T00:23:26Z,3,17,0,0,0,950,Samoa,750,Tonga,05/08/2023,15:00,13,9,34,9,3,3,70,Apia Park,-1,NA,1,2023,15,15,Full Back,0,,0,,271,Angus Gardner,1000642,Damon Murphy,1000613,Matthew Kellahan,-1,,3,International,N,L
526,937717,22231,Ed Fidow,950,Samoa,1396.16,1396.16,2051,1,72,54,0,0,10,Attacking Qualities,116,Defender Beaten,0,,0,,0,,0,,0,,0,,0,,0,,0,,0,0,0,0,1899-12-30T00:23:27Z,3,17,0,0,0,950,Samoa,750,Tonga,05/08/2023,15:00,13,9,34,9,3,3,70,Apia Park,-1,NA,1,2023,11,11,Left Wing,0,,0,,271,Angus Gardner,1000642,Damon Murphy,1000613,Matthew Kellahan,-1,,3,International,Y,W
527,937717,28270,Tanginoa Halaifonua,750,Tonga,1396.92,1396.92,2052,1,26,17,0,0,2,Tackle,144,Line,160,Passive,441,Assist,475,Ineffective Tackle,709,2nd Tackler,0,,0,,0,,0,,0,,0,0,0,0,1899-12-30T00:23:27Z,3,17,0,0,0,950,Samoa,750,Tonga,05/08/2023,15:00,13,9,34,9,3,3,70,Apia Park,-1,NA,1,2023,06,6,Blindside Flanker,0,,0,,271,Angus Gardner,1000642,Damon Murphy,1000613,Matthew Kellahan,-1,,3,International,N,L
528,937717,22231,Ed Fidow,950,Samoa,1397.08,1399.04,2052,1,75,51,0,0,23,Ruck,0,,401,Won Outright,549,Behind Previous Gainline,553,1-2 Seconds,661,Mid Left Open Movement Ruck,0,,0,,0,,0,,0,,0,0,-2,12,1899-12-30T00:23:27Z,3,17,0,0,0,950,Samoa,750,Tonga,05/08/2023,15:00,13,9,34,9,3,3,70,Apia Park,-1,NA,1,2023,11,11,Left Wing,0,,0,,271,Angus Gardner,1000642,Damon Murphy,1000613,Matthew Kellahan,-1,,3,International,Y,W
529,937717,18807,Ben Tameifuna,750,Tonga,1397.60,1397.60,2052,1,25,17,0,0,43,Ruck OOA,578,Got Cleaned Out,583,Own Team 1st Entry,603,OOA Entry 1st Entry- Def,633,Defensive OOA,0,1,0,,0,,0,,0,,0,,0,0,0,0,1899-12-30T00:23:26Z,3,17,0,0,0,950,Samoa,750,Tonga,05/08/2023,15:00,13,9,34,9,3,3,70,Apia Park,-1,NA,1,2023,03,3,Tighthead Prop,0,,0,,271,Angus Gardner,1000642,Damon Murphy,1000613,Matthew Kellahan,-1,,3,International,N,L
530,937717,18506,Steven Luatua,950,Samoa,1397.88,1397.88,2052,1,75,51,0,0,43,Ruck OOA,572,Cleaned Out,583,Own Team 1st Entry,588,OOA Entry 1st Entry- Att,632,Attacking OOA,0,1,0,,0,,0,,0,,0,,0,0,0,0,1899-12-30T00:23:26Z,3,17,0,0,0,950,Samoa,750,Tonga,05/08/2023,15:00,13,9,34,9,3,3,70,Apia Park,-1,NA,1,2023,08,8,Number 8,0,,0,,271,Angus Gardner,1000642,Damon Murphy,1000613,Matthew Kellahan,-1,,3,International,Y,W
531,937717,23399,Jonathan Taumateine,950,Samoa,1399.04,1399.04,2054,1,74,51,0,0,18,Collection,631,General Catch,0,,0,,0,,0,,0,,0,,0,,0,,0,,0,0,0,0,1899-12-30T00:23:29Z,4,17,0,0,0,950,Samoa,750,Tonga,05/08/2023,15:00,13,9,34,9,3,3,70,Apia Park,-1,NA,1,2023,09,9,Scrum Half,0,,0,,271,Angus Gardner,1000642,Damon Murphy,1000613,Matthew Kellahan,-1,,3,International,Y,W
532,937717,23399,Jonathan Taumateine,950,Samoa,1399.04,1399.04,2054,1,74,51,0,0,47,Playmaker Options,671,Halfback at Breakdown,675,Playmaker Option - Pass,0,,0,,0,,0,,0,,0,,0,,0,,0,0,0,0,1899-12-30T00:23:29Z,4,17,0,0,0,950,Samoa,750,Tonga,05/08/2023,15:00,13,9,34,9,3,3,70,Apia Park,-1,NA,1,2023,09,9,Scrum Half,0,,0,,271,Angus Gardner,1000642,Damon Murphy,1000613,Matthew Kellahan,-1,,3,International,Y,W
533,937717,23399,Jonathan Taumateine,950,Samoa,1399.52,1400.08,2054,1,74,51,69,41,3,Pass,169,Complete,0,,686,Medium Pass,681,Left Pass,700,0th Receiver,0,,0,,0,,0,,0,,10,11,5,0,1899-12-30T00:23:30Z,4,17,0,0,0,950,Samoa,750,Tonga,05/08/2023,15:00,13,9,34,9,3,3,70,Apia Park,-1,NA,1,2023,09,9,Scrum Half,0,,0,,271,Angus Gardner,1000642,Damon Murphy,1000613,Matthew Kellahan,-1,,3,International,Y,W
534,937717,20766,Chris Vui,950,Samoa,1400.08,1400.08,2055,1,69,41,0,0,18,Collection,631,General Catch,0,,0,,0,,0,,0,,0,,0,,0,,0,,0,0,0,0,1899-12-30T00:23:30Z,4,17,0,0,0,950,Samoa,750,Tonga,05/08/2023,15:00,13,9,34,9,3,3,70,Apia Park,-1,NA,1,2023,05,5,Lock (5),0,,0,,271,Angus Gardner,1000642,Damon Murphy,1000613,Matthew Kellahan,-1,,3,International,Y,W
535,937717,20766,Chris Vui,950,Samoa,1400.08,1400.08,2055,1,69,41,0,0,47,Playmaker Options,656,First Receiver,673,Playmaker Option - Carry,0,,0,,0,,0,,0,,0,,0,,0,,0,0,0,0,1899-12-30T00:23:30Z,4,17,0,0,0,950,Samoa,750,Tonga,05/08/2023,15:00,13,9,34,9,3,3,70,Apia Park,-1,NA,1,2023,05,5,Lock (5),0,,0,,271,Angus Gardner,1000642,Damon Murphy,1000613,Matthew Kellahan,-1,,3,International,Y,W
536,937717,20766,Chris Vui,950,Samoa,1400.08,1401.88,2055,1,69,41,73,39,1,Carry,101,One Out Drive,108,Tackled Neutral,111,Failed Gain line,461,Neutral Contact,502,2 Tacklers Committed,701,1st Receiver,0,,0,,0,,0,,0,4,0,0,1899-12-30T00:23:30Z,4,17,0,0,0,950,Samoa,750,Tonga,05/08/2023,15:00,13,9,34,9,3,3,70,Apia Park,-1,NA,1,2023,05,5,Lock (5),0,,0,,271,Angus Gardner,1000642,Damon Murphy,1000613,Matthew Kellahan,-1,,3,International,Y,W
537,937717,29249,Sione Havili Talitui,750,Tonga,1401.32,1401.32,2056,1,27,29,0,0,2,Tackle,144,Line,153,Complete,0,,474,Neutral Tackle,708,1st Tackler,0,,0,,0,,0,,0,,0,0,0,0,1899-12-30T00:23:32Z,4,17,0,0,0,950,Samoa,750,Tonga,05/08/2023,15:00,13,9,34,9,3,3,70,Apia Park,-1,NA,1,2023,07,7,Openside Flanker,0,,0,,271,Angus Gardner,1000642,Damon Murphy,1000613,Matthew Kellahan,-1,,3,International,N,L
538,937717,26114,Leva Fifita,750,Tonga,1401.60,1401.60,2056,1,27,29,0,0,2,Tackle,144,Line,153,Complete,441,Assist,474,Neutral Tackle,709,2nd Tackler,0,,0,,0,,0,,0,,0,0,0,0,1899-12-30T00:23:32Z,4,17,0,0,0,950,Samoa,750,Tonga,05/08/2023,15:00,13,9,34,9,3,3,70,Apia Park,-1,NA,1,2023,04,4,Lock (4),0,,0,,271,Angus Gardner,1000642,Damon Murphy,1000613,Matthew Kellahan,-1,,3,International,N,L
539,937717,20766,Chris Vui,950,Samoa,1401.88,1406.48,2056,1,73,39,0,0,23,Ruck,0,,401,Won Outright,549,Behind Previous Gainline,556,4-5 Seconds,661,Mid Left Open Movement Ruck,0,,0,,0,,0,,0,,0,0,-5,20,1899-12-30T00:23:32Z,4,17,0,0,0,950,Samoa,750,Tonga,05/08/2023,15:00,13,9,34,9,3,3,70,Apia Park,-1,NA,1,2023,05,5,Lock (5),0,,0,,271,Angus Gardner,1000642,Damon Murphy,1000613,Matthew Kellahan,-1,,3,International,Y,W
540,937717,26114,Leva Fifita,750,Tonga,1401.92,1401.92,2057,1,27,29,0,0,43,Ruck OOA,578,Got Cleaned Out,583,Own Team 1st Entry,603,OOA Entry 1st Entry- Def,633,Defensive OOA,0,1,0,,0,,0,,0,,0,,0,0,0,0,1899-12-30T00:23:27Z,4,17,0,0,0,950,Samoa,750,Tonga,05/08/2023,15:00,13,9,34,9,3,3,70,Apia Park,-1,NA,1,2023,04,4,Lock (4),0,,0,,271,Angus Gardner,1000642,Damon Murphy,1000613,Matthew Kellahan,-1,,3,International,N,L
541,937717,27662,Sama Malolo,950,Samoa,1402.44,1402.44,2057,1,73,39,0,0,43,Ruck OOA,572,Cleaned Out,583,Own Team 1st Entry,588,OOA Entry 1st Entry- Att,632,Attacking OOA,0,1,0,,0,,0,,0,,0,,0,0,0,0,1899-12-30T00:23:28Z,4,17,0,0,0,950,Samoa,750,Tonga,05/08/2023,15:00,13,9,34,9,3,3,70,Apia Park,-1,NA,1,2023,02,2,Hooker,0,,0,,271,Angus Gardner,1000642,Damon Murphy,1000613,Matthew Kellahan,-1,,3,International,Y,W
542,937717,21998,Michael Alaalatoa,950,Samoa,1403.36,1403.36,2058,1,73,39,0,0,43,Ruck OOA,572,Cleaned Out,584,Own Team 2nd Entry,589,OOA Entry 2nd Entry- Att,632,Attacking OOA,0,2,0,,0,,0,,0,,0,,0,0,0,0,1899-12-30T00:23:29Z,4,17,0,0,0,950,Samoa,750,Tonga,05/08/2023,15:00,13,9,34,9,3,3,70,Apia Park,-1,NA,1,2023,03,3,Tighthead Prop,0,,0,,271,Angus Gardner,1000642,Damon Murphy,1000613,Matthew Kellahan,-1,,3,International,Y,W
543,937717,23399,Jonathan Taumateine,950,Samoa,1406.48,1406.48,2101,1,72,38,0,0,18,Collection,631,General Catch,0,,0,,0,,0,,0,,0,,0,,0,,0,,0,0,0,0,1899-12-30T00:23:37Z,5,17,0,0,0,950,Samoa,750,Tonga,05/08/2023,15:00,13,9,34,9,3,3,70,Apia Park,-1,NA,1,2023,09,9,Scrum Half,0,,0,,271,Angus Gardner,1000642,Damon Murphy,1000613,Matthew Kellahan,-1,,3,International,Y,W
544,937717,23399,Jonathan Taumateine,950,Samoa,1406.48,1406.48,2101,1,72,38,0,0,47,Playmaker Options,671,Halfback at Breakdown,675,Playmaker Option - Pass,0,,0,,0,,0,,0,,0,,0,,0,,0,0,0,0,1899-12-30T00:23:37Z,5,17,0,0,0,950,Samoa,750,Tonga,05/08/2023,15:00,13,9,34,9,3,3,70,Apia Park,-1,NA,1,2023,09,9,Scrum Half,0,,0,,271,Angus Gardner,1000642,Damon Murphy,1000613,Matthew Kellahan,-1,,3,International,Y,W
545,937717,23399,Jonathan Taumateine,950,Samoa,1406.76,1407.32,2101,1,72,38,62,24,3,Pass,169,Complete,0,,686,Medium Pass,681,Left Pass,700,0th Receiver,0,,0,,0,,0,,0,,15,18,10,0,1899-12-30T00:23:37Z,5,17,0,0,0,950,Samoa,750,Tonga,05/08/2023,15:00,13,9,34,9,3,3,70,Apia Park,-1,NA,1,2023,09,9,Scrum Half,0,,0,,271,Angus Gardner,1000642,Damon Murphy,1000613,Matthew Kellahan,-1,,3,International,Y,W
546,937717,22603,Duncan Paia'aua,950,Samoa,1407.32,1407.32,2102,1,62,24,0,0,18,Collection,631,General Catch,0,,0,,0,,0,,0,,0,,0,,0,,0,,0,0,0,0,1899-12-30T00:23:38Z,5,17,0,0,0,950,Samoa,750,Tonga,05/08/2023,15:00,13,9,34,9,3,3,70,Apia Park,-1,NA,1,2023,12,12,Inside Centre,0,,0,,271,Angus Gardner,1000642,Damon Murphy,1000613,Matthew Kellahan,-1,,3,International,Y,W
547,937717,22603,Duncan Paia'aua,950,Samoa,1407.32,1407.32,2102,1,62,24,0,0,47,Playmaker Options,656,First Receiver,675,Playmaker Option - Pass,0,,0,,0,,0,,0,,0,,0,,0,,0,0,0,0,1899-12-30T00:23:38Z,5,17,0,0,0,950,Samoa,750,Tonga,05/08/2023,15:00,13,9,34,9,3,3,70,Apia Park,-1,NA,1,2023,12,12,Inside Centre,0,,0,,271,Angus Gardner,1000642,Damon Murphy,1000613,Matthew Kellahan,-1,,3,International,Y,W
548,937717,22603,Duncan Paia'aua,950,Samoa,1408.12,1408.28,2103,1,67,21,66,19,3,Pass,169,Complete,0,,679,Short Pass,681,Left Pass,701,1st Receiver,0,,0,,0,,0,,0,,2,2,1,0,1899-12-30T00:23:38Z,5,17,0,0,0,950,Samoa,750,Tonga,05/08/2023,15:00,13,9,34,9,3,3,70,Apia Park,-1,NA,1,2023,12,12,Inside Centre,0,,0,,271,Angus Gardner,1000642,Damon Murphy,1000613,Matthew Kellahan,-1,,3,International,Y,W
549,937717,10081,Charlie Faumuina,950,Samoa,1408.28,1408.28,2103,1,66,19,0,0,18,Collection,631,General Catch,0,,0,,0,,0,,0,,0,,0,,0,,0,,0,0,0,0,1899-12-30T00:23:39Z,5,17,0,0,0,950,Samoa,750,Tonga,05/08/2023,15:00,13,9,34,9,3,3,70,Apia Park,-1,NA,1,2023,01,1,Loosehead Prop,0,,0,,271,Angus Gardner,1000642,Damon Murphy,1000613,Matthew Kellahan,-1,,3,International,Y,W
550,937717,10081,Charlie Faumuina,950,Samoa,1408.28,1408.28,2103,1,66,19,0,0,47,Playmaker Options,657,Second Receiver,673,Playmaker Option - Carry,0,,0,,0,,0,,0,,0,,0,,0,,0,0,0,0,1899-12-30T00:23:39Z,5,17,0,0,0,950,Samoa,750,Tonga,05/08/2023,15:00,13,9,34,9,3,3,70,Apia Park,-1,NA,1,2023,01,1,Loosehead Prop,0,,0,,271,Angus Gardner,1000642,Damon Murphy,1000613,Matthew Kellahan,-1,,3,International,Y,W
551,937717,10081,Charlie Faumuina,950,Samoa,1408.28,1410.48,2103,1,66,19,68,20,1,Carry,103,Other Carry,409,Tackled Ineffective,111,Failed Gain line,462,Ineffective Contact,502,2 Tacklers Committed,702,2nd Receiver,0,,0,,0,,0,,0,3,0,0,1899-12-30T00:23:39Z,5,17,0,0,0,950,Samoa,750,Tonga,05/08/2023,15:00,13,9,34,9,3,3,70,Apia Park,-1,NA,1,2023,01,1,Loosehead Prop,0,,0,,271,Angus Gardner,1000642,Damon Murphy,1000613,Matthew Kellahan,-1,,3,International,Y,W
552,937717,22136,Siegfried Fisi'ihoi,750,Tonga,1408.96,1408.96,2104,1,32,49,0,0,2,Tackle,144,Line,159,Sack,0,,473,Dominant Tackle,708,1st Tackler,0,,0,,0,,0,,0,,0,0,0,0,1899-12-30T00:23:39Z,5,17,0,0,0,950,Samoa,750,Tonga,05/08/2023,15:00,13,9,34,9,3,3,70,Apia Park,-1,NA,1,2023,01,1,Loosehead Prop,0,,0,,271,Angus Gardner,1000642,Damon Murphy,1000613,Matthew Kellahan,-1,,3,International,N,L
553,937717,20156,Sonatane Takulua,750,Tonga,1409.36,1409.36,2104,1,32,49,0,0,2,Tackle,144,Line,153,Complete,441,Assist,474,Neutral Tackle,709,2nd Tackler,0,,0,,0,,0,,0,,0,0,0,0,1899-12-30T00:23:40Z,5,17,0,0,0,950,Samoa,750,Tonga,05/08/2023,15:00,13,9,34,9,3,3,70,Apia Park,-1,NA,1,2023,09,9,Scrum Half,0,,0,,271,Angus Gardner,1000642,Damon Murphy,1000613,Matthew Kellahan,-1,,3,International,N,L
554,937717,10081,Charlie Faumuina,950,Samoa,1410.48,1412.68,2105,1,68,20,0,0,23,Ruck,0,,401,Won Outright,549,Behind Previous Gainline,554,2-3 Seconds,722,Mid Left Blindside Movement Ruck,0,,0,,0,,0,,0,,0,0,-4,15,1899-12-30T00:23:41Z,5,17,0,0,0,950,Samoa,750,Tonga,05/08/2023,15:00,13,9,34,9,3,3,70,Apia Park,-1,NA,1,2023,01,1,Loosehead Prop,0,,0,,271,Angus Gardner,1000642,Damon Murphy,1000613,Matthew Kellahan,-1,,3,International,Y,W
555,937717,20806,Brian Alainu'uese,950,Samoa,1411.00,1411.00,2106,1,68,20,0,0,43,Ruck OOA,574,Secured,583,Own Team 1st Entry,588,OOA Entry 1st Entry- Att,632,Attacking OOA,0,1,0,,0,,0,,0,,0,,0,0,0,0,1899-12-30T00:23:39Z,5,17,0,0,0,950,Samoa,750,Tonga,05/08/2023,15:00,13,9,34,9,3,3,70,Apia Park,-1,NA,1,2023,04,4,Lock (4),0,,0,,271,Angus Gardner,1000642,Damon Murphy,1000613,Matthew Kellahan,-1,,3,International,Y,W
556,937717,23399,Jonathan Taumateine,950,Samoa,1412.68,1412.68,2107,1,67,20,0,0,18,Collection,631,General Catch,0,,0,,0,,0,,0,,0,,0,,0,,0,,0,0,0,0,1899-12-30T00:23:43Z,6,17,0,0,0,950,Samoa,750,Tonga,05/08/2023,15:00,13,9,34,9,3,3,70,Apia Park,-1,NA,1,2023,09,9,Scrum Half,0,,0,,271,Angus Gardner,1000642,Damon Murphy,1000613,Matthew Kellahan,-1,,3,International,Y,W
557,937717,23399,Jonathan Taumateine,950,Samoa,1412.68,1412.68,2107,1,67,20,0,0,47,Playmaker Options,671,Halfback at Breakdown,675,Playmaker Option - Pass,0,,0,,0,,0,,0,,0,,0,,0,,0,0,0,0,1899-12-30T00:23:43Z,6,17,0,0,0,950,Samoa,750,Tonga,05/08/2023,15:00,13,9,34,9,3,3,70,Apia Park,-1,NA,1,2023,09,9,Scrum Half,0,,0,,271,Angus Gardner,1000642,Damon Murphy,1000613,Matthew Kellahan,-1,,3,International,Y,W
558,937717,23399,Jonathan Taumateine,950,Samoa,1413.08,1413.88,2108,1,67,20,61,7,3,Pass,169,Complete,0,,686,Medium Pass,681,Left Pass,700,0th Receiver,0,,0,,0,,0,,0,,13,14,6,0,1899-12-30T00:23:43Z,6,17,0,0,0,950,Samoa,750,Tonga,05/08/2023,15:00,13,9,34,9,3,3,70,Apia Park,-1,NA,1,2023,09,9,Scrum Half,0,,0,,271,Angus Gardner,1000642,Damon Murphy,1000613,Matthew Kellahan,-1,,3,International,Y,W
559,937717,10552,Tim Nanai-Williams,950,Samoa,1413.88,1413.88,2108,1,61,7,0,0,18,Collection,631,General Catch,0,,0,,0,,0,,0,,0,,0,,0,,0,,0,0,0,0,1899-12-30T00:23:44Z,6,17,0,0,0,950,Samoa,750,Tonga,05/08/2023,15:00,13,9,34,9,3,3,70,Apia Park,-1,NA,1,2023,15,15,Full Back,0,,0,,271,Angus Gardner,1000642,Damon Murphy,1000613,Matthew Kellahan,-1,,3,International,Y,W
560,937717,10552,Tim Nanai-Williams,950,Samoa,1413.88,1413.88,2108,1,61,7,0,0,47,Playmaker Options,656,First Receiver,673,Playmaker Option - Carry,0,,0,,0,,0,,0,,0,,0,,0,,0,0,0,0,1899-12-30T00:23:44Z,6,17,0,0,0,950,Samoa,750,Tonga,05/08/2023,15:00,13,9,34,9,3,3,70,Apia Park,-1,NA,1,2023,15,15,Full Back,0,,0,,271,Angus Gardner,1000642,Damon Murphy,1000613,Matthew Kellahan,-1,,3,International,Y,W
561,937717,10552,Tim Nanai-Williams,950,Samoa,1413.88,1415.68,2108,1,61,7,65,6,1,Carry,101,One Out Drive,108,Tackled Neutral,111,Failed Gain line,461,Neutral Contact,501,1 Tacklers Committed,701,1st Receiver,0,,0,,0,,0,,0,4,0,0,1899-12-30T00:23:44Z,6,17,0,0,0,950,Samoa,750,Tonga,05/08/2023,15:00,13,9,34,9,3,3,70,Apia Park,-1,NA,1,2023,15,15,Full Back,0,,0,,271,Angus Gardner,1000642,Damon Murphy,1000613,Matthew Kellahan,-1,,3,International,Y,W
562,937717,36335,Solomone Kata,750,Tonga,1415.44,1415.44,2110,1,36,63,0,0,2,Tackle,146,Edge,153,Complete,0,,474,Neutral Tackle,708,1st Tackler,0,,0,,0,,0,,0,,0,0,0,0,1899-12-30T00:23:46Z,6,17,0,0,0,950,Samoa,750,Tonga,05/08/2023,15:00,13,9,34,9,3,3,70,Apia Park,-1,NA,1,2023,14,14,Right Wing,0,,0,,271,Angus Gardner,1000642,Damon Murphy,1000613,Matthew Kellahan,-1,,3,International,N,L
563,937717,10552,Tim Nanai-Williams,950,Samoa,1415.68,1420.48,2110,1,65,6,0,0,23,Ruck,0,,401,Won Outright,549,Behind Previous Gainline,556,4-5 Seconds,664,Close Right Open Movement Ruck,0,,0,,0,,0,,0,,0,0,11,9,1899-12-30T00:23:46Z,6,17,0,0,0,950,Samoa,750,Tonga,05/08/2023,15:00,13,9,34,9,3,3,70,Apia Park,-1,NA,1,2023,15,15,Full Back,0,,0,,271,Angus Gardner,1000642,Damon Murphy,1000613,Matthew Kellahan,-1,,3,International,Y,W
564,937717,43727,Miracle Faiilagi,950,Samoa,1416.88,1416.88,2111,1,65,6,0,0,43,Ruck OOA,574,Secured,583,Own Team 1st Entry,588,OOA Entry 1st Entry- Att,632,Attacking OOA,0,1,0,,0,,0,,0,,0,,0,0,0,0,1899-12-30T00:23:42Z,6,17,0,0,0,950,Samoa,750,Tonga,05/08/2023,15:00,13,9,34,9,3,3,70,Apia Park,-1,NA,1,2023,06,6,Blindside Flanker,0,,0,,271,Angus Gardner,1000642,Damon Murphy,1000613,Matthew Kellahan,-1,,3,International,Y,W
565,937717,25212,D'Angelo Leuila,950,Samoa,1418.24,1418.24,2113,1,65,6,0,0,43,Ruck OOA,574,Secured,584,Own Team 2nd Entry,589,OOA Entry 2nd Entry- Att,632,Attacking OOA,0,2,0,,0,,0,,0,,0,,0,0,0,0,1899-12-30T00:23:43Z,6,17,0,0,0,950,Samoa,750,Tonga,05/08/2023,15:00,13,9,34,9,3,3,70,Apia Park,-1,NA,1,2023,10,10,Fly Half,0,,0,,271,Angus Gardner,1000642,Damon Murphy,1000613,Matthew Kellahan,-1,,3,International,Y,W
566,937717,23399,Jonathan Taumateine,950,Samoa,1420.48,1420.48,2115,1,64,6,0,0,18,Collection,631,General Catch,0,,0,,0,,0,,0,,0,,0,,0,,0,,0,0,0,0,1899-12-30T00:23:51Z,7,17,0,0,0,950,Samoa,750,Tonga,05/08/2023,15:00,13,9,34,9,3,3,70,Apia Park,-1,NA,1,2023,09,9,Scrum Half,0,,0,,271,Angus Gardner,1000642,Damon Murphy,1000613,Matthew Kellahan,-1,,3,International,Y,W
567,937717,23399,Jonathan Taumateine,950,Samoa,1420.48,1420.48,2115,1,64,6,0,0,47,Playmaker Options,671,Halfback at Breakdown,675,Playmaker Option - Pass,0,,0,,0,,0,,0,,0,,0,,0,,0,0,0,0,1899-12-30T00:23:51Z,7,17,0,0,0,950,Samoa,750,Tonga,05/08/2023,15:00,13,9,34,9,3,3,70,Apia Park,-1,NA,1,2023,09,9,Scrum Half,0,,0,,271,Angus Gardner,1000642,Damon Murphy,1000613,Matthew Kellahan,-1,,3,International,Y,W
568,937717,23399,Jonathan Taumateine,950,Samoa,1420.68,1421.24,2115,1,64,6,60,13,3,Pass,169,Complete,0,,686,Medium Pass,682,Right Pass,700,0th Receiver,0,,0,,0,,0,,0,,7,8,4,0,1899-12-30T00:23:51Z,7,17,0,0,0,950,Samoa,750,Tonga,05/08/2023,15:00,13,9,34,9,3,3,70,Apia Park,-1,NA,1,2023,09,9,Scrum Half,0,,0,,271,Angus Gardner,1000642,Damon Murphy,1000613,Matthew Kellahan,-1,,3,International,Y,W
569,937717,20806,Brian Alainu'uese,950,Samoa,1421.24,1421.24,2116,1,60,13,0,0,18,Collection,631,General Catch,0,,0,,0,,0,,0,,0,,0,,0,,0,,0,0,0,0,1899-12-30T00:23:52Z,7,17,0,0,0,950,Samoa,750,Tonga,05/08/2023,15:00,13,9,34,9,3,3,70,Apia Park,-1,NA,1,2023,04,4,Lock (4),0,,0,,271,Angus Gardner,1000642,Damon Murphy,1000613,Matthew Kellahan,-1,,3,International,Y,W
570,937717,20806,Brian Alainu'uese,950,Samoa,1421.24,1421.24,2116,1,60,13,0,0,47,Playmaker Options,656,First Receiver,673,Playmaker Option - Carry,0,,0,,0,,0,,0,,0,,0,,0,,0,0,0,0,1899-12-30T00:23:52Z,7,17,0,0,0,950,Samoa,750,Tonga,05/08/2023,15:00,13,9,34,9,3,3,70,Apia Park,-1,NA,1,2023,04,4,Lock (4),0,,0,,271,Angus Gardner,1000642,Damon Murphy,1000613,Matthew Kellahan,-1,,3,International,Y,W
571,937717,20806,Brian Alainu'uese,950,Samoa,1421.24,1421.96,2116,1,60,13,63,15,1,Carry,103,Other Carry,121,Pass,111,Failed Gain line,0,,500,0 Tacklers Committed,701,1st Receiver,0,,0,,0,,0,,0,4,0,0,1899-12-30T00:23:52Z,7,17,0,0,0,950,Samoa,750,Tonga,05/08/2023,15:00,13,9,34,9,3,3,70,Apia Park,-1,NA,1,2023,04,4,Lock (4),0,,0,,271,Angus Gardner,1000642,Damon Murphy,1000613,Matthew Kellahan,-1,,3,International,Y,W
572,937717,20806,Brian Alainu'uese,950,Samoa,1421.96,1422.16,2117,1,63,15,63,16,3,Pass,169,Complete,0,,679,Short Pass,682,Right Pass,701,1st Receiver,0,,0,,0,,0,,0,,1,1,1,0,1899-12-30T00:23:52Z,7,17,0,0,0,950,Samoa,750,Tonga,05/08/2023,15:00,13,9,34,9,3,3,70,Apia Park,-1,NA,1,2023,04,4,Lock (4),0,,0,,271,Angus Gardner,1000642,Damon Murphy,1000613,Matthew Kellahan,-1,,3,International,Y,W
573,937717,27662,Sama Malolo,950,Samoa,1422.16,1422.16,2117,1,63,16,0,0,18,Collection,631,General Catch,0,,0,,0,,0,,0,,0,,0,,0,,0,,0,0,0,0,1899-12-30T00:23:53Z,7,17,0,0,0,950,Samoa,750,Tonga,05/08/2023,15:00,13,9,34,9,3,3,70,Apia Park,-1,NA,1,2023,02,2,Hooker,0,,0,,271,Angus Gardner,1000642,Damon Murphy,1000613,Matthew Kellahan,-1,,3,International,Y,W
574,937717,27662,Sama Malolo,950,Samoa,1422.16,1426.12,2117,1,63,16,75,14,1,Carry,103,Other Carry,107,Tackled Dominant,109,Crossed Gain line,460,Dominant Contact,502,2 Tacklers Committed,702,2nd Receiver,0,,0,,0,,0,,11,13,10,10,1899-12-30T00:23:53Z,7,17,0,0,0,950,Samoa,750,Tonga,05/08/2023,15:00,13,9,34,9,3,3,70,Apia Park,-1,NA,1,2023,02,2,Hooker,0,,0,,271,Angus Gardner,1000642,Damon Murphy,1000613,Matthew Kellahan,-1,,3,International,Y,W
575,937717,35331,Siua Maile,750,Tonga,1423.00,1423.00,2118,1,34,53,0,0,2,Tackle,144,Line,160,Passive,0,,475,Ineffective Tackle,708,1st Tackler,0,,0,,0,,0,,0,,0,0,0,0,1899-12-30T00:23:53Z,7,17,0,0,0,950,Samoa,750,Tonga,05/08/2023,15:00,13,9,34,9,3,3,70,Apia Park,-1,NA,1,2023,02,2,Hooker,0,,0,,271,Angus Gardner,1000642,Damon Murphy,1000613,Matthew Kellahan,-1,,3,International,N,L
576,937717,20156,Sonatane Takulua,750,Tonga,1425.48,1425.48,2120,1,34,53,0,0,2,Tackle,144,Line,160,Passive,441,Assist,475,Ineffective Tackle,709,2nd Tackler,0,,0,,0,,0,,0,,0,0,0,0,1899-12-30T00:23:56Z,7,17,0,0,0,950,Samoa,750,Tonga,05/08/2023,15:00,13,9,34,9,3,3,70,Apia Park,-1,NA,1,2023,09,9,Scrum Half,0,,0,,271,Angus Gardner,1000642,Damon Murphy,1000613,Matthew Kellahan,-1,,3,International,N,L
577,937717,27662,Sama Malolo,950,Samoa,1426.12,1428.28,2121,1,75,14,0,0,23,Ruck,0,,401,Won Outright,548,Over Previous Gainline,554,2-3 Seconds,664,Close Right Open Movement Ruck,0,,0,,0,,0,,0,,0,0,-8,10,1899-12-30T00:23:56Z,7,17,0,0,0,950,Samoa,750,Tonga,05/08/2023,15:00,13,9,34,9,3,3,70,Apia Park,-1,NA,1,2023,02,2,Hooker,0,,0,,271,Angus Gardner,1000642,Damon Murphy,1000613,Matthew Kellahan,-1,,3,International,Y,W
578,937717,10081,Charlie Faumuina,950,Samoa,1427.08,1427.08,2122,1,75,14,0,0,43,Ruck OOA,572,Cleaned Out,583,Own Team 1st Entry,588,OOA Entry 1st Entry- Att,632,Attacking OOA,0,1,0,,0,,0,,0,,0,,0,0,0,0,1899-12-30T00:23:55Z,7,17,0,0,0,950,Samoa,750,Tonga,05/08/2023,15:00,13,9,34,9,3,3,70,Apia Park,-1,NA,1,2023,01,1,Loosehead Prop,0,,0,,271,Angus Gardner,1000642,Damon Murphy,1000613,Matthew Kellahan,-1,,3,International,Y,W
579,937717,20806,Brian Alainu'uese,950,Samoa,1427.52,1427.52,2122,1,75,14,0,0,43,Ruck OOA,574,Secured,584,Own Team 2nd Entry,589,OOA Entry 2nd Entry- Att,632,Attacking OOA,0,2,0,,0,,0,,0,,0,,0,0,0,0,1899-12-30T00:23:55Z,7,17,0,0,0,950,Samoa,750,Tonga,05/08/2023,15:00,13,9,34,9,3,3,70,Apia Park,-1,NA,1,2023,04,4,Lock (4),0,,0,,271,Angus Gardner,1000642,Damon Murphy,1000613,Matthew Kellahan,-1,,3,International,Y,W
580,937717,10607,Jack Lam,950,Samoa,1427.88,1427.88,2122,1,75,14,0,0,43,Ruck OOA,575,Attended,585,Own Team 3rd Entry,590,OOA Entry 3rd Entry- Att,632,Attacking OOA,0,3,0,,0,,0,,0,,0,,0,0,0,0,1899-12-30T00:23:55Z,7,17,0,0,0,950,Samoa,750,Tonga,05/08/2023,15:00,13,9,34,9,3,3,70,Apia Park,-1,NA,1,2023,07,7,Openside Flanker,0,,0,,271,Angus Gardner,1000642,Damon Murphy,1000613,Matthew Kellahan,-1,,3,International,Y,W
581,937717,23399,Jonathan Taumateine,950,Samoa,1428.28,1428.28,2123,1,74,14,0,0,18,Collection,631,General Catch,0,,0,,0,,0,,0,,0,,0,,0,,0,,0,0,0,0,1899-12-30T00:23:59Z,8,17,0,0,0,950,Samoa,750,Tonga,05/08/2023,15:00,13,9,34,9,3,3,70,Apia Park,-1,NA,1,2023,09,9,Scrum Half,0,,0,,271,Angus Gardner,1000642,Damon Murphy,1000613,Matthew Kellahan,-1,,3,International,Y,W
582,937717,23399,Jonathan Taumateine,950,Samoa,1428.28,1428.28,2123,1,74,14,0,0,47,Playmaker Options,671,Halfback at Breakdown,675,Playmaker Option - Pass,0,,0,,0,,0,,0,,0,,0,,0,,0,0,0,0,1899-12-30T00:23:59Z,8,17,0,0,0,950,Samoa,750,Tonga,05/08/2023,15:00,13,9,34,9,3,3,70,Apia Park,-1,NA,1,2023,09,9,Scrum Half,0,,0,,271,Angus Gardner,1000642,Damon Murphy,1000613,Matthew Kellahan,-1,,3,International,Y,W
583,937717,23399,Jonathan Taumateine,950,Samoa,1428.52,1429.12,2123,1,74,14,63,24,3,Pass,169,Complete,0,,686,Medium Pass,682,Right Pass,700,0th Receiver,0,,0,,0,,0,,0,,10,14,11,0,1899-12-30T00:23:59Z,8,17,0,0,0,950,Samoa,750,Tonga,05/08/2023,15:00,13,9,34,9,3,3,70,Apia Park,-1,NA,1,2023,09,9,Scrum Half,0,,0,,271,Angus Gardner,1000642,Damon Murphy,1000613,Matthew Kellahan,-1,,3,International,Y,W
584,937717,25212,D'Angelo Leuila,950,Samoa,1429.12,1429.12,2124,1,63,24,0,0,18,Collection,631,General Catch,0,,0,,0,,0,,0,,0,,0,,0,,0,,0,0,0,0,1899-12-30T00:23:59Z,8,17,0,0,0,950,Samoa,750,Tonga,05/08/2023,15:00,13,9,34,9,3,3,70,Apia Park,-1,NA,1,2023,10,10,Fly Half,0,,0,,271,Angus Gardner,1000642,Damon Murphy,1000613,Matthew Kellahan,-1,,3,International,Y,W
585,937717,25212,D'Angelo Leuila,950,Samoa,1429.12,1429.12,2124,1,63,24,0,0,47,Playmaker Options,656,First Receiver,674,Playmaker Option - Kick,0,,0,,0,,0,,0,,0,,0,,0,,0,0,0,0,1899-12-30T00:23:59Z,8,17,0,0,0,950,Samoa,750,Tonga,05/08/2023,15:00,13,9,34,9,3,3,70,Apia Park,-1,NA,1,2023,10,10,Fly Half,0,,0,,271,Angus Gardner,1000642,Damon Murphy,1000613,Matthew Kellahan,-1,,3,International,Y,W
586,937717,25212,D'Angelo Leuila,950,Samoa,1429.64,1432.84,2124,1,67,24,89,24,4,Kick,188,Chip,199,Collected Bounce,185,Kick in Play,0,,0,,0,,0,,0,,0,,0,,22,22,0,0,1899-12-30T00:24:00Z,8,17,0,0,0,950,Samoa,750,Tonga,05/08/2023,15:00,13,9,34,9,3,3,70,Apia Park,-1,NA,1,2023,10,10,Fly Half,0,,0,,271,Angus Gardner,1000642,Damon Murphy,1000613,Matthew Kellahan,-1,,3,International,Y,W
587,937717,0,,750,Tonga,1432.84,1432.84,2127,1,11,44,0,0,45,Defensive Exits,628,Failed Exit From 22,0,,0,,0,,0,,0,,0,,0,,0,,0,,0,0,0,0,1899-12-30T00:24:03Z,8,17,0,0,0,950,Samoa,750,Tonga,05/08/2023,15:00,13,9,34,9,3,3,70,Apia Park,-1,NA,1,2023,,,,0,,0,,271,Angus Gardner,1000642,Damon Murphy,1000613,Matthew Kellahan,-1,,3,International,N,L
588,937717,17091,Charles Piutau,750,Tonga,1432.84,1432.92,2127,1,11,44,11,44,4,Kick,347,Touch Kick,197,Error - Dead Ball,186,Kick in Play (Own 22),0,,0,,0,,0,,0,,0,,0,,0,0,0,0,1899-12-30T00:24:03Z,8,17,0,0,0,950,Samoa,750,Tonga,05/08/2023,15:00,13,9,34,9,3,3,70,Apia Park,-1,NA,1,2023,15,15,Full Back,0,,0,,271,Angus Gardner,1000642,Damon Murphy,1000613,Matthew Kellahan,-1,,3,International,N,L
589,937717,17091,Charles Piutau,750,Tonga,1432.92,1432.92,2128,1,11,44,0,0,8,Turnover,261,Kick Error,677,Error on Attack,0,,0,,0,,0,,0,,0,,0,,0,,0,0,0,0,1899-12-30T00:24:03Z,1,17,0,0,0,950,Samoa,750,Tonga,05/08/2023,15:00,13,9,34,9,3,3,70,Apia Park,-1,NA,1,2023,15,15,Full Back,0,,0,,271,Angus Gardner,1000642,Damon Murphy,1000613,Matthew Kellahan,-1,,3,International,N,L
590,937717,0,,750,Tonga,1353.72,1437.20,2132,1,30,68,5,68,26,Sequences,306,Lineout,411,Turnover (Scrum),0,,0,,0,,0,,0,,0,,0,,0,,-25,0,0,0,1899-12-30T00:22:44Z,1,17,0,0,0,950,Samoa,750,Tonga,05/08/2023,15:00,13,9,34,9,3,3,70,Apia Park,-1,NA,1,2023,,,,0,,0,,271,Angus Gardner,1000642,Damon Murphy,1000613,Matthew Kellahan,-1,,3,International,N,L
591,937717,0,,950,Samoa,1378.32,1437.20,2132,1,65,21,95,0,15,Possession,308,Turnover Won,351,Kick in Play,0,,683,Enters into Opposition 22,0,,0,,0,,0,,0,,0,,31,0,0,0,1899-12-30T00:23:09Z,8,17,0,0,0,950,Samoa,750,Tonga,05/08/2023,15:00,13,9,34,9,3,3,70,Apia Park,-1,NA,1,2023,,,,0,,0,,271,Angus Gardner,1000642,Damon Murphy,1000613,Matthew Kellahan,-1,,3,International,Y,W
592,937717,0,,950,Samoa,1463.04,1576.88,2158,1,5,68,0,0,17,Period,0,Period,0,,0,,0,,0,,0,,0,,0,,0,,0,,0,0,0,0,1899-12-30T00:25:29Z,1,17,0,0,0,950,Samoa,750,Tonga,05/08/2023,15:00,13,9,34,9,3,3,70,Apia Park,-1,NA,1,2023,,,,0,,0,,271,Angus Gardner,1000642,Damon Murphy,1000613,Matthew Kellahan,-1,,3,International,Y,W
593,937717,23399,Jonathan Taumateine,950,Samoa,1586.76,1593.12,2208,1,95,18,0,0,5,Scrum,367,Scrum Half Pass,353,Won Outright,365,Neutral,0,,664,Close Right Open Movement Scrum,0,,0,,0,,0,,0,,0,0,3,10,1899-12-30T00:26:37Z,1,18,0,0,0,950,Samoa,750,Tonga,05/08/2023,15:00,13,9,34,9,3,3,70,Apia Park,-1,NA,1,2023,09,9,Scrum Half,0,,0,,271,Angus Gardner,1000642,Damon Murphy,1000613,Matthew Kellahan,-1,,3,International,Y,W
594,937717,10081,Charlie Faumuina,950,Samoa,1586.76,1593.12,2208,1,95,18,0,0,28,,367,Scrum Half Pass,353,Won Outright,365,Neutral,0,,0,,0,,0,,0,,0,,0,,0,0,0,0,1899-12-30T00:26:37Z,1,18,0,0,0,950,Samoa,750,Tonga,05/08/2023,15:00,13,9,34,9,3,3,70,Apia Park,-1,NA,1,2023,01,1,Loosehead Prop,0,,0,,271,Angus Gardner,1000642,Damon Murphy,1000613,Matthew Kellahan,-1,,3,International,Y,W
595,937717,27662,Sama Malolo,950,Samoa,1586.76,1593.12,2208,1,95,18,0,0,28,,367,Scrum Half Pass,353,Won Outright,365,Neutral,0,,0,,0,,0,,0,,0,,0,,0,0,0,0,1899-12-30T00:26:37Z,1,18,0,0,0,950,Samoa,750,Tonga,05/08/2023,15:00,13,9,34,9,3,3,70,Apia Park,-1,NA,1,2023,02,2,Hooker,0,,0,,271,Angus Gardner,1000642,Damon Murphy,1000613,Matthew Kellahan,-1,,3,International,Y,W
596,937717,21998,Michael Alaalatoa,950,Samoa,1586.76,1593.12,2208,1,95,18,0,0,28,,367,Scrum Half Pass,353,Won Outright,365,Neutral,0,,0,,0,,0,,0,,0,,0,,0,0,0,0,1899-12-30T00:26:37Z,1,18,0,0,0,950,Samoa,750,Tonga,05/08/2023,15:00,13,9,34,9,3,3,70,Apia Park,-1,NA,1,2023,03,3,Tighthead Prop,0,,0,,271,Angus Gardner,1000642,Damon Murphy,1000613,Matthew Kellahan,-1,,3,International,Y,W
597,937717,20806,Brian Alainu'uese,950,Samoa,1586.76,1593.12,2208,1,95,18,0,0,28,,367,Scrum Half Pass,353,Won Outright,365,Neutral,0,,0,,0,,0,,0,,0,,0,,0,0,0,0,1899-12-30T00:26:37Z,1,18,0,0,0,950,Samoa,750,Tonga,05/08/2023,15:00,13,9,34,9,3,3,70,Apia Park,-1,NA,1,2023,04,4,Lock (4),0,,0,,271,Angus Gardner,1000642,Damon Murphy,1000613,Matthew Kellahan,-1,,3,International,Y,W
598,937717,20766,Chris Vui,950,Samoa,1586.76,1593.12,2208,1,95,18,0,0,28,,367,Scrum Half Pass,353,Won Outright,365,Neutral,0,,0,,0,,0,,0,,0,,0,,0,0,0,0,1899-12-30T00:26:37Z,1,18,0,0,0,950,Samoa,750,Tonga,05/08/2023,15:00,13,9,34,9,3,3,70,Apia Park,-1,NA,1,2023,05,5,Lock (5),0,,0,,271,Angus Gardner,1000642,Damon Murphy,1000613,Matthew Kellahan,-1,,3,International,Y,W
599,937717,43727,Miracle Faiilagi,950,Samoa,1586.76,1593.12,2208,1,95,18,0,0,28,,367,Scrum Half Pass,353,Won Outright,365,Neutral,0,,0,,0,,0,,0,,0,,0,,0,0,0,0,1899-12-30T00:26:37Z,1,18,0,0,0,950,Samoa,750,Tonga,05/08/2023,15:00,13,9,34,9,3,3,70,Apia Park,-1,NA,1,2023,06,6,Blindside Flanker,0,,0,,271,Angus Gardner,1000642,Damon Murphy,1000613,Matthew Kellahan,-1,,3,International,Y,W
600,937717,10607,Jack Lam,950,Samoa,1586.76,1593.12,2208,1,95,18,0,0,28,,367,Scrum Half Pass,353,Won Outright,365,Neutral,0,,0,,0,,0,,0,,0,,0,,0,0,0,0,1899-12-30T00:26:37Z,1,18,0,0,0,950,Samoa,750,Tonga,05/08/2023,15:00,13,9,34,9,3,3,70,Apia Park,-1,NA,1,2023,07,7,Openside Flanker,0,,0,,271,Angus Gardner,1000642,Damon Murphy,1000613,Matthew Kellahan,-1,,3,International,Y,W
601,937717,18506,Steven Luatua,950,Samoa,1586.76,1593.12,2208,1,95,18,0,0,28,,367,Scrum Half Pass,353,Won Outright,365,Neutral,0,,0,,0,,0,,0,,0,,0,,0,0,0,0,1899-12-30T00:26:37Z,1,18,0,0,0,950,Samoa,750,Tonga,05/08/2023,15:00,13,9,34,9,3,3,70,Apia Park,-1,NA,1,2023,08,8,Number 8,0,,0,,271,Angus Gardner,1000642,Damon Murphy,1000613,Matthew Kellahan,-1,,3,International,Y,W
602,937717,22136,Siegfried Fisi'ihoi,750,Tonga,1586.76,1593.12,2208,1,95,18,0,0,29,,367,Scrum Half Pass,353,Won Outright,365,Neutral,0,,0,,0,,0,,0,,0,,0,,0,0,0,0,1899-12-30T00:26:37Z,1,18,0,0,0,950,Samoa,750,Tonga,05/08/2023,15:00,13,9,34,9,3,3,70,Apia Park,-1,NA,1,2023,01,1,Loosehead Prop,0,,0,,271,Angus Gardner,1000642,Damon Murphy,1000613,Matthew Kellahan,-1,,3,International,N,L
603,937717,35331,Siua Maile,750,Tonga,1586.76,1593.12,2208,1,95,18,0,0,29,,367,Scrum Half Pass,353,Won Outright,365,Neutral,0,,0,,0,,0,,0,,0,,0,,0,0,0,0,1899-12-30T00:26:37Z,1,18,0,0,0,950,Samoa,750,Tonga,05/08/2023,15:00,13,9,34,9,3,3,70,Apia Park,-1,NA,1,2023,02,2,Hooker,0,,0,,271,Angus Gardner,1000642,Damon Murphy,1000613,Matthew Kellahan,-1,,3,International,N,L
604,937717,18807,Ben Tameifuna,750,Tonga,1586.76,1593.12,2208,1,95,18,0,0,29,,367,Scrum Half Pass,353,Won Outright,365,Neutral,0,,0,,0,,0,,0,,0,,0,,0,0,0,0,1899-12-30T00:26:37Z,1,18,0,0,0,950,Samoa,750,Tonga,05/08/2023,15:00,13,9,34,9,3,3,70,Apia Park,-1,NA,1,2023,03,3,Tighthead Prop,0,,0,,271,Angus Gardner,1000642,Damon Murphy,1000613,Matthew Kellahan,-1,,3,International,N,L
605,937717,26114,Leva Fifita,750,Tonga,1586.76,1593.12,2208,1,95,18,0,0,29,,367,Scrum Half Pass,353,Won Outright,365,Neutral,0,,0,,0,,0,,0,,0,,0,,0,0,0,0,1899-12-30T00:26:37Z,1,18,0,0,0,950,Samoa,750,Tonga,05/08/2023,15:00,13,9,34,9,3,3,70,Apia Park,-1,NA,1,2023,04,4,Lock (4),0,,0,,271,Angus Gardner,1000642,Damon Murphy,1000613,Matthew Kellahan,-1,,3,International,N,L
606,937717,11292,Steve Mafi,750,Tonga,1586.76,1593.12,2208,1,95,18,0,0,29,,367,Scrum Half Pass,353,Won Outright,365,Neutral,0,,0,,0,,0,,0,,0,,0,,0,0,0,0,1899-12-30T00:26:37Z,1,18,0,0,0,950,Samoa,750,Tonga,05/08/2023,15:00,13,9,34,9,3,3,70,Apia Park,-1,NA,1,2023,05,5,Lock (5),0,,0,,271,Angus Gardner,1000642,Damon Murphy,1000613,Matthew Kellahan,-1,,3,International,N,L
607,937717,28270,Tanginoa Halaifonua,750,Tonga,1586.76,1593.12,2208,1,95,18,0,0,29,,367,Scrum Half Pass,353,Won Outright,365,Neutral,0,,0,,0,,0,,0,,0,,0,,0,0,0,0,1899-12-30T00:26:37Z,1,18,0,0,0,950,Samoa,750,Tonga,05/08/2023,15:00,13,9,34,9,3,3,70,Apia Park,-1,NA,1,2023,06,6,Blindside Flanker,0,,0,,271,Angus Gardner,1000642,Damon Murphy,1000613,Matthew Kellahan,-1,,3,International,N,L
608,937717,29249,Sione Havili Talitui,750,Tonga,1586.76,1593.12,2208,1,95,18,0,0,29,,367,Scrum Half Pass,353,Won Outright,365,Neutral,0,,0,,0,,0,,0,,0,,0,,0,0,0,0,1899-12-30T00:26:37Z,1,18,0,0,0,950,Samoa,750,Tonga,05/08/2023,15:00,13,9,34,9,3,3,70,Apia Park,-1,NA,1,2023,07,7,Openside Flanker,0,,0,,271,Angus Gardner,1000642,Damon Murphy,1000613,Matthew Kellahan,-1,,3,International,N,L
609,937717,21155,Vaea Fifita,750,Tonga,1586.76,1593.12,2208,1,95,18,0,0,29,,367,Scrum Half Pass,353,Won Outright,365,Neutral,0,,0,,0,,0,,0,,0,,0,,0,0,0,0,1899-12-30T00:26:37Z,1,18,0,0,0,950,Samoa,750,Tonga,05/08/2023,15:00,13,9,34,9,3,3,70,Apia Park,-1,NA,1,2023,08,8,Number 8,0,,0,,271,Angus Gardner,1000642,Damon Murphy,1000613,Matthew Kellahan,-1,,3,International,N,L
610,937717,0,,950,Samoa,1586.76,1639.76,2208,1,95,18,101,34,46,Attacking 22 Entry,645,22 Entry Outcome - Try,650,22 Entry Points - Try and Conversion,0,,0,,0,,0,,0,,0,,0,,0,,0,0,0,0,1899-12-30T00:26:37Z,1,18,0,0,0,950,Samoa,750,Tonga,05/08/2023,15:00,13,9,34,9,3,3,70,Apia Park,-1,NA,1,2023,,,,0,,0,,271,Angus Gardner,1000642,Damon Murphy,1000613,Matthew Kellahan,-1,,3,International,Y,W
611,937717,23399,Jonathan Taumateine,950,Samoa,1593.12,1593.12,2214,1,94,18,0,0,18,Collection,631,General Catch,0,,0,,0,,0,,0,,0,,0,,0,,0,,0,0,0,0,1899-12-30T00:26:43Z,1,18,0,0,0,950,Samoa,750,Tonga,05/08/2023,15:00,13,9,34,9,3,3,70,Apia Park,-1,NA,1,2023,09,9,Scrum Half,0,,0,,271,Angus Gardner,1000642,Damon Murphy,1000613,Matthew Kellahan,-1,,3,International,Y,W
612,937717,23399,Jonathan Taumateine,950,Samoa,1594.00,1594.36,2215,1,94,18,90,26,3,Pass,169,Complete,0,,686,Medium Pass,682,Right Pass,700,0th Receiver,0,,0,,0,,0,,0,,8,9,4,0,1899-12-30T00:26:44Z,1,18,0,0,0,950,Samoa,750,Tonga,05/08/2023,15:00,13,9,34,9,3,3,70,Apia Park,-1,NA,1,2023,09,9,Scrum Half,0,,0,,271,Angus Gardner,1000642,Damon Murphy,1000613,Matthew Kellahan,-1,,3,International,Y,W
613,937717,22603,Duncan Paia'aua,950,Samoa,1594.36,1594.36,2215,1,90,26,0,0,18,Collection,631,General Catch,0,,0,,0,,0,,0,,0,,0,,0,,0,,0,0,0,0,1899-12-30T00:26:45Z,1,18,0,0,0,950,Samoa,750,Tonga,05/08/2023,15:00,13,9,34,9,3,3,70,Apia Park,-1,NA,1,2023,12,12,Inside Centre,0,,0,,271,Angus Gardner,1000642,Damon Murphy,1000613,Matthew Kellahan,-1,,3,International,Y,W
614,937717,22603,Duncan Paia'aua,950,Samoa,1594.36,1595.92,2215,1,90,26,97,27,1,Carry,101,One Out Drive,108,Tackled Neutral,109,Crossed Gain line,461,Neutral Contact,502,2 Tacklers Committed,701,1st Receiver,0,,0,,0,,0,,3,7,2,2,1899-12-30T00:26:45Z,1,18,0,0,0,950,Samoa,750,Tonga,05/08/2023,15:00,13,9,34,9,3,3,70,Apia Park,-1,NA,1,2023,12,12,Inside Centre,0,,0,,271,Angus Gardner,1000642,Damon Murphy,1000613,Matthew Kellahan,-1,,3,International,Y,W
615,937717,39118,William Havili,750,Tonga,1595.36,1595.36,2216,1,6,42,0,0,2,Tackle,144,Line,153,Complete,0,,474,Neutral Tackle,708,1st Tackler,0,,0,,0,,0,,0,,0,0,0,0,1899-12-30T00:26:46Z,1,18,0,0,0,950,Samoa,750,Tonga,05/08/2023,15:00,13,9,34,9,3,3,70,Apia Park,-1,NA,1,2023,10,10,Fly Half,0,,0,,271,Angus Gardner,1000642,Damon Murphy,1000613,Matthew Kellahan,-1,,3,International,N,L
616,937717,29249,Sione Havili Talitui,750,Tonga,1595.40,1595.40,2216,1,6,42,0,0,2,Tackle,147,Other,153,Complete,441,Assist,474,Neutral Tackle,709,2nd Tackler,0,,0,,0,,0,,0,,0,0,0,0,1899-12-30T00:26:46Z,1,18,0,0,0,950,Samoa,750,Tonga,05/08/2023,15:00,13,9,34,9,3,3,70,Apia Park,-1,NA,1,2023,07,7,Openside Flanker,0,,0,,271,Angus Gardner,1000642,Damon Murphy,1000613,Matthew Kellahan,-1,,3,International,N,L
617,937717,22603,Duncan Paia'aua,950,Samoa,1595.92,1598.32,2217,1,97,27,0,0,23,Ruck,0,,401,Won Outright,548,Over Previous Gainline,554,2-3 Seconds,664,Close Right Open Movement Ruck,0,,0,,0,,0,,0,,0,0,3,2,1899-12-30T00:26:46Z,1,18,0,0,0,950,Samoa,750,Tonga,05/08/2023,15:00,13,9,34,9,3,3,70,Apia Park,-1,NA,1,2023,12,12,Inside Centre,0,,0,,271,Angus Gardner,1000642,Damon Murphy,1000613,Matthew Kellahan,-1,,3,International,Y,W
618,937717,19601,Ulupano Seuteni,950,Samoa,1596.28,1596.28,2217,1,97,27,0,0,43,Ruck OOA,572,Cleaned Out,583,Own Team 1st Entry,588,OOA Entry 1st Entry- Att,632,Attacking OOA,0,1,0,,0,,0,,0,,0,,0,0,0,0,1899-12-30T00:26:44Z,1,18,0,0,0,950,Samoa,750,Tonga,05/08/2023,15:00,13,9,34,9,3,3,70,Apia Park,-1,NA,1,2023,13,13,Outside Centre,0,,0,,271,Angus Gardner,1000642,Damon Murphy,1000613,Matthew Kellahan,-1,,3,International,Y,W
619,937717,18506,Steven Luatua,950,Samoa,1597.64,1597.64,2218,1,97,27,0,0,43,Ruck OOA,574,Secured,584,Own Team 2nd Entry,589,OOA Entry 2nd Entry- Att,632,Attacking OOA,0,2,0,,0,,0,,0,,0,,0,0,0,0,1899-12-30T00:26:45Z,1,18,0,0,0,950,Samoa,750,Tonga,05/08/2023,15:00,13,9,34,9,3,3,70,Apia Park,-1,NA,1,2023,08,8,Number 8,0,,0,,271,Angus Gardner,1000642,Damon Murphy,1000613,Matthew Kellahan,-1,,3,International,Y,W
620,937717,10607,Jack Lam,950,Samoa,1597.84,1597.84,2219,1,97,27,0,0,43,Ruck OOA,574,Secured,585,Own Team 3rd Entry,590,OOA Entry 3rd Entry- Att,632,Attacking OOA,0,3,0,,0,,0,,0,,0,,0,0,0,0,1899-12-30T00:26:45Z,1,18,0,0,0,950,Samoa,750,Tonga,05/08/2023,15:00,13,9,34,9,3,3,70,Apia Park,-1,NA,1,2023,07,7,Openside Flanker,0,,0,,271,Angus Gardner,1000642,Damon Murphy,1000613,Matthew Kellahan,-1,,3,International,Y,W
621,937717,23399,Jonathan Taumateine,950,Samoa,1598.32,1598.32,2219,1,95,27,0,0,18,Collection,631,General Catch,0,,0,,0,,0,,0,,0,,0,,0,,0,,0,0,0,0,1899-12-30T00:26:49Z,2,18,0,0,0,950,Samoa,750,Tonga,05/08/2023,15:00,13,9,34,9,3,3,70,Apia Park,-1,NA,1,2023,09,9,Scrum Half,0,,0,,271,Angus Gardner,1000642,Damon Murphy,1000613,Matthew Kellahan,-1,,3,International,Y,W
622,937717,23399,Jonathan Taumateine,950,Samoa,1598.32,1598.32,2219,1,95,27,0,0,47,Playmaker Options,671,Halfback at Breakdown,675,Playmaker Option - Pass,0,,0,,0,,0,,0,,0,,0,,0,,0,0,0,0,1899-12-30T00:26:49Z,2,18,0,0,0,950,Samoa,750,Tonga,05/08/2023,15:00,13,9,34,9,3,3,70,Apia Park,-1,NA,1,2023,09,9,Scrum Half,0,,0,,271,Angus Gardner,1000642,Damon Murphy,1000613,Matthew Kellahan,-1,,3,International,Y,W
623,937717,23399,Jonathan Taumateine,950,Samoa,1598.64,1598.92,2219,1,95,27,92,31,3,Pass,169,Complete,0,,679,Short Pass,682,Right Pass,700,0th Receiver,0,,0,,0,,0,,0,,3,4,3,0,1899-12-30T00:26:49Z,2,18,0,0,0,950,Samoa,750,Tonga,05/08/2023,15:00,13,9,34,9,3,3,70,Apia Park,-1,NA,1,2023,09,9,Scrum Half,0,,0,,271,Angus Gardner,1000642,Damon Murphy,1000613,Matthew Kellahan,-1,,3,International,Y,W
624,937717,20806,Brian Alainu'uese,950,Samoa,1598.92,1598.92,2220,1,92,31,0,0,18,Collection,631,General Catch,0,,0,,0,,0,,0,,0,,0,,0,,0,,0,0,0,0,1899-12-30T00:26:49Z,2,18,0,0,0,950,Samoa,750,Tonga,05/08/2023,15:00,13,9,34,9,3,3,70,Apia Park,-1,NA,1,2023,04,4,Lock (4),0,,0,,271,Angus Gardner,1000642,Damon Murphy,1000613,Matthew Kellahan,-1,,3,International,Y,W
625,937717,20806,Brian Alainu'uese,950,Samoa,1598.92,1598.92,2220,1,92,31,0,0,47,Playmaker Options,656,First Receiver,673,Playmaker Option - Carry,0,,0,,0,,0,,0,,0,,0,,0,,0,0,0,0,1899-12-30T00:26:49Z,2,18,0,0,0,950,Samoa,750,Tonga,05/08/2023,15:00,13,9,34,9,3,3,70,Apia Park,-1,NA,1,2023,04,4,Lock (4),0,,0,,271,Angus Gardner,1000642,Damon Murphy,1000613,Matthew Kellahan,-1,,3,International,Y,W
626,937717,20806,Brian Alainu'uese,950,Samoa,1598.92,1600.56,2220,1,92,31,100,30,1,Carry,101,One Out Drive,108,Tackled Neutral,109,Crossed Gain line,461,Neutral Contact,502,2 Tacklers Committed,701,1st Receiver,0,,0,,0,,0,,3,7,3,3,1899-12-30T00:26:49Z,2,18,0,0,0,950,Samoa,750,Tonga,05/08/2023,15:00,13,9,34,9,3,3,70,Apia Park,-1,NA,1,2023,04,4,Lock (4),0,,0,,271,Angus Gardner,1000642,Damon Murphy,1000613,Matthew Kellahan,-1,,3,International,Y,W
627,937717,21155,Vaea Fifita,750,Tonga,1599.88,1599.88,2221,1,4,38,0,0,2,Tackle,144,Line,153,Complete,0,,474,Neutral Tackle,708,1st Tackler,0,,0,,0,,0,,0,,0,0,0,0,1899-12-30T00:26:50Z,2,18,0,0,0,950,Samoa,750,Tonga,05/08/2023,15:00,13,9,34,9,3,3,70,Apia Park,-1,NA,1,2023,08,8,Number 8,0,,0,,271,Angus Gardner,1000642,Damon Murphy,1000613,Matthew Kellahan,-1,,3,International,N,L
628,937717,28270,Tanginoa Halaifonua,750,Tonga,1600.24,1600.24,2221,1,4,38,0,0,2,Tackle,144,Line,153,Complete,441,Assist,474,Neutral Tackle,709,2nd Tackler,0,,0,,0,,0,,0,,0,0,0,0,1899-12-30T00:26:51Z,2,18,0,0,0,950,Samoa,750,Tonga,05/08/2023,15:00,13,9,34,9,3,3,70,Apia Park,-1,NA,1,2023,06,6,Blindside Flanker,0,,0,,271,Angus Gardner,1000642,Damon Murphy,1000613,Matthew Kellahan,-1,,3,International,N,L
629,937717,20806,Brian Alainu'uese,950,Samoa,1600.56,1605.16,2221,1,100,30,0,0,23,Ruck,0,,401,Won Outright,548,Over Previous Gainline,556,4-5 Seconds,664,Close Right Open Movement Ruck,0,,0,,0,,0,,0,,0,0,0,4,1899-12-30T00:26:51Z,2,18,0,0,0,950,Samoa,750,Tonga,05/08/2023,15:00,13,9,34,9,3,3,70,Apia Park,-1,NA,1,2023,04,4,Lock (4),0,,0,,271,Angus Gardner,1000642,Damon Murphy,1000613,Matthew Kellahan,-1,,3,International,Y,W
630,937717,43727,Miracle Faiilagi,950,Samoa,1601.28,1601.28,2222,1,100,30,0,0,43,Ruck OOA,572,Cleaned Out,583,Own Team 1st Entry,588,OOA Entry 1st Entry- Att,632,Attacking OOA,0,1,0,,0,,0,,0,,0,,0,0,0,0,1899-12-30T00:26:47Z,2,18,0,0,0,950,Samoa,750,Tonga,05/08/2023,15:00,13,9,34,9,3,3,70,Apia Park,-1,NA,1,2023,06,6,Blindside Flanker,0,,0,,271,Angus Gardner,1000642,Damon Murphy,1000613,Matthew Kellahan,-1,,3,International,Y,W
631,937717,0,,950,Samoa,1601.76,1601.76,2223,1,99,30,0,0,20,Ref Review,245,Advantage,0,,0,,0,,0,,0,,0,,0,,0,,0,,0,0,0,0,1899-12-30T00:26:47Z,2,18,0,0,0,950,Samoa,750,Tonga,05/08/2023,15:00,13,9,34,9,3,3,70,Apia Park,-1,NA,1,2023,,,,0,,0,,271,Angus Gardner,1000642,Damon Murphy,1000613,Matthew Kellahan,-1,,3,International,Y,W
632,937717,18506,Steven Luatua,950,Samoa,1605.16,1605.16,2226,1,99,30,0,0,18,Collection,631,General Catch,0,,0,,0,,0,,0,,0,,0,,0,,0,,0,0,0,0,1899-12-30T00:26:56Z,3,18,0,0,0,950,Samoa,750,Tonga,05/08/2023,15:00,13,9,34,9,3,3,70,Apia Park,-1,NA,1,2023,08,8,Number 8,0,,0,,271,Angus Gardner,1000642,Damon Murphy,1000613,Matthew Kellahan,-1,,3,International,Y,W
633,937717,18506,Steven Luatua,950,Samoa,1605.16,1605.16,2226,1,99,30,0,0,47,Playmaker Options,672,Acting Halfback at Breakdown,673,Playmaker Option - Carry,0,,0,,0,,0,,0,,0,,0,,0,,0,0,0,0,1899-12-30T00:26:56Z,3,18,0,0,0,950,Samoa,750,Tonga,05/08/2023,15:00,13,9,34,9,3,3,70,Apia Park,-1,NA,1,2023,08,8,Number 8,0,,0,,271,Angus Gardner,1000642,Damon Murphy,1000613,Matthew Kellahan,-1,,3,International,Y,W
634,937717,18506,Steven Luatua,950,Samoa,1605.16,1608.68,2226,1,99,30,100,34,1,Carry,102,Pick and Go,108,Tackled Neutral,110,Neutral Gain line,461,Neutral Contact,503,3 Tacklers Committed,700,0th Receiver,0,,0,,0,,0,,0,1,0,0,1899-12-30T00:26:56Z,3,18,0,0,0,950,Samoa,750,Tonga,05/08/2023,15:00,13,9,34,9,3,3,70,Apia Park,-1,NA,1,2023,08,8,Number 8,0,,0,,271,Angus Gardner,1000642,Damon Murphy,1000613,Matthew Kellahan,-1,,3,International,Y,W
635,937717,29249,Sione Havili Talitui,750,Tonga,1606.20,1606.20,2227,1,1,35,0,0,2,Tackle,145,Guard,153,Complete,0,,474,Neutral Tackle,708,1st Tackler,0,,0,,0,,0,,0,,0,0,0,0,1899-12-30T00:26:57Z,3,18,0,0,0,950,Samoa,750,Tonga,05/08/2023,15:00,13,9,34,9,3,3,70,Apia Park,-1,NA,1,2023,07,7,Openside Flanker,0,,0,,271,Angus Gardner,1000642,Damon Murphy,1000613,Matthew Kellahan,-1,,3,International,N,L
636,937717,39118,William Havili,750,Tonga,1606.44,1606.44,2227,1,1,35,0,0,2,Tackle,144,Line,153,Complete,441,Assist,474,Neutral Tackle,709,2nd Tackler,0,,0,,0,,0,,0,,0,0,0,0,1899-12-30T00:26:57Z,3,18,0,0,0,950,Samoa,750,Tonga,05/08/2023,15:00,13,9,34,9,3,3,70,Apia Park,-1,NA,1,2023,10,10,Fly Half,0,,0,,271,Angus Gardner,1000642,Damon Murphy,1000613,Matthew Kellahan,-1,,3,International,N,L
637,937717,28270,Tanginoa Halaifonua,750,Tonga,1606.68,1606.68,2227,1,1,35,0,0,2,Tackle,144,Line,153,Complete,441,Assist,474,Neutral Tackle,710,3rd Tackler,0,,0,,0,,0,,0,,0,0,0,0,1899-12-30T00:26:57Z,3,18,0,0,0,950,Samoa,750,Tonga,05/08/2023,15:00,13,9,34,9,3,3,70,Apia Park,-1,NA,1,2023,06,6,Blindside Flanker,0,,0,,271,Angus Gardner,1000642,Damon Murphy,1000613,Matthew Kellahan,-1,,3,International,N,L
638,937717,18506,Steven Luatua,950,Samoa,1608.68,1613.60,2229,1,100,34,0,0,23,Ruck,0,,401,Won Outright,550,Equal to Previous  Gainline,556,4-5 Seconds,668,Tight Right Open Movement Ruck,0,,0,,0,,0,,0,,0,0,0,1,1899-12-30T00:26:59Z,3,18,0,0,0,950,Samoa,750,Tonga,05/08/2023,15:00,13,9,34,9,3,3,70,Apia Park,-1,NA,1,2023,08,8,Number 8,0,,0,,271,Angus Gardner,1000642,Damon Murphy,1000613,Matthew Kellahan,-1,,3,International,Y,W
639,937717,27662,Sama Malolo,950,Samoa,1613.60,1613.60,2234,1,99,34,0,0,18,Collection,631,General Catch,0,,0,,0,,0,,0,,0,,0,,0,,0,,0,0,0,0,1899-12-30T00:27:04Z,4,18,0,0,0,950,Samoa,750,Tonga,05/08/2023,15:00,13,9,34,9,3,3,70,Apia Park,-1,NA,1,2023,02,2,Hooker,0,,0,,271,Angus Gardner,1000642,Damon Murphy,1000613,Matthew Kellahan,-1,,3,International,Y,W
640,937717,27662,Sama Malolo,950,Samoa,1613.60,1613.60,2234,1,99,34,0,0,47,Playmaker Options,672,Acting Halfback at Breakdown,673,Playmaker Option - Carry,0,,0,,0,,0,,0,,0,,0,,0,,0,0,0,0,1899-12-30T00:27:04Z,4,18,0,0,0,950,Samoa,750,Tonga,05/08/2023,15:00,13,9,34,9,3,3,70,Apia Park,-1,NA,1,2023,02,2,Hooker,0,,0,,271,Angus Gardner,1000642,Damon Murphy,1000613,Matthew Kellahan,-1,,3,International,Y,W
641,937717,27662,Sama Malolo,950,Samoa,1613.60,1614.12,2234,1,99,34,100,35,1,Carry,102,Pick and Go,108,Tackled Neutral,110,Neutral Gain line,461,Neutral Contact,501,1 Tacklers Committed,700,0th Receiver,0,,0,,0,,0,,0,0,0,0,1899-12-30T00:27:04Z,4,18,0,0,0,950,Samoa,750,Tonga,05/08/2023,15:00,13,9,34,9,3,3,70,Apia Park,-1,NA,1,2023,02,2,Hooker,0,,0,,271,Angus Gardner,1000642,Damon Murphy,1000613,Matthew Kellahan,-1,,3,International,Y,W
642,937717,19128,George Moala,750,Tonga,1613.96,1613.96,2235,1,0,33,0,0,2,Tackle,145,Guard,153,Complete,0,,474,Neutral Tackle,708,1st Tackler,0,,0,,0,,0,,0,,0,0,0,0,1899-12-30T00:27:04Z,4,18,0,0,0,950,Samoa,750,Tonga,05/08/2023,15:00,13,9,34,9,3,3,70,Apia Park,-1,NA,1,2023,13,13,Outside Centre,0,,0,,271,Angus Gardner,1000642,Damon Murphy,1000613,Matthew Kellahan,-1,,3,International,N,L
643,937717,27662,Sama Malolo,950,Samoa,1614.12,1619.96,2235,1,100,35,0,0,23,Ruck,0,,401,Won Outright,550,Equal to Previous  Gainline,557,5-6 Seconds,664,Close Right Open Movement Ruck,0,,0,,0,,0,,0,,0,0,-1,4,1899-12-30T00:27:04Z,4,18,0,0,0,950,Samoa,750,Tonga,05/08/2023,15:00,13,9,34,9,3,3,70,Apia Park,-1,NA,1,2023,02,2,Hooker,0,,0,,271,Angus Gardner,1000642,Damon Murphy,1000613,Matthew Kellahan,-1,,3,International,Y,W
644,937717,10607,Jack Lam,950,Samoa,1615.88,1615.88,2237,1,100,35,0,0,43,Ruck OOA,574,Secured,583,Own Team 1st Entry,588,OOA Entry 1st Entry- Att,632,Attacking OOA,0,1,0,,0,,0,,0,,0,,0,0,0,0,1899-12-30T00:27:00Z,4,18,0,0,0,950,Samoa,750,Tonga,05/08/2023,15:00,13,9,34,9,3,3,70,Apia Park,-1,NA,1,2023,07,7,Openside Flanker,0,,0,,271,Angus Gardner,1000642,Damon Murphy,1000613,Matthew Kellahan,-1,,3,International,Y,W
645,937717,23399,Jonathan Taumateine,950,Samoa,1619.96,1619.96,2241,1,99,35,0,0,18,Collection,631,General Catch,0,,0,,0,,0,,0,,0,,0,,0,,0,,0,0,0,0,1899-12-30T00:27:10Z,5,18,0,0,0,950,Samoa,750,Tonga,05/08/2023,15:00,13,9,34,9,3,3,70,Apia Park,-1,NA,1,2023,09,9,Scrum Half,0,,0,,271,Angus Gardner,1000642,Damon Murphy,1000613,Matthew Kellahan,-1,,3,International,Y,W
646,937717,23399,Jonathan Taumateine,950,Samoa,1619.96,1619.96,2241,1,99,35,0,0,47,Playmaker Options,671,Halfback at Breakdown,675,Playmaker Option - Pass,0,,0,,0,,0,,0,,0,,0,,0,,0,0,0,0,1899-12-30T00:27:10Z,5,18,0,0,0,950,Samoa,750,Tonga,05/08/2023,15:00,13,9,34,9,3,3,70,Apia Park,-1,NA,1,2023,09,9,Scrum Half,0,,0,,271,Angus Gardner,1000642,Damon Murphy,1000613,Matthew Kellahan,-1,,3,International,Y,W
647,937717,23399,Jonathan Taumateine,950,Samoa,1620.08,1620.32,2241,1,99,35,98,39,3,Pass,169,Complete,0,,679,Short Pass,682,Right Pass,700,0th Receiver,0,,0,,0,,0,,0,,4,5,2,0,1899-12-30T00:27:10Z,5,18,0,0,0,950,Samoa,750,Tonga,05/08/2023,15:00,13,9,34,9,3,3,70,Apia Park,-1,NA,1,2023,09,9,Scrum Half,0,,0,,271,Angus Gardner,1000642,Damon Murphy,1000613,Matthew Kellahan,-1,,3,International,Y,W
648,937717,10081,Charlie Faumuina,950,Samoa,1620.32,1620.32,2241,1,98,39,0,0,18,Collection,631,General Catch,0,,0,,0,,0,,0,,0,,0,,0,,0,,0,0,0,0,1899-12-30T00:27:11Z,5,18,0,0,0,950,Samoa,750,Tonga,05/08/2023,15:00,13,9,34,9,3,3,70,Apia Park,-1,NA,1,2023,01,1,Loosehead Prop,0,,0,,271,Angus Gardner,1000642,Damon Murphy,1000613,Matthew Kellahan,-1,,3,International,Y,W
649,937717,10081,Charlie Faumuina,950,Samoa,1620.32,1620.32,2241,1,98,39,0,0,47,Playmaker Options,656,First Receiver,673,Playmaker Option - Carry,0,,0,,0,,0,,0,,0,,0,,0,,0,0,0,0,1899-12-30T00:27:11Z,5,18,0,0,0,950,Samoa,750,Tonga,05/08/2023,15:00,13,9,34,9,3,3,70,Apia Park,-1,NA,1,2023,01,1,Loosehead Prop,0,,0,,271,Angus Gardner,1000642,Damon Murphy,1000613,Matthew Kellahan,-1,,3,International,Y,W
650,937717,10081,Charlie Faumuina,950,Samoa,1620.32,1622.16,2241,1,98,39,99,39,1,Carry,101,One Out Drive,108,Tackled Neutral,111,Failed Gain line,461,Neutral Contact,502,2 Tacklers Committed,701,1st Receiver,0,,0,,0,,0,,0,1,0,0,1899-12-30T00:27:11Z,5,18,0,0,0,950,Samoa,750,Tonga,05/08/2023,15:00,13,9,34,9,3,3,70,Apia Park,-1,NA,1,2023,01,1,Loosehead Prop,0,,0,,271,Angus Gardner,1000642,Damon Murphy,1000613,Matthew Kellahan,-1,,3,International,Y,W
651,937717,21155,Vaea Fifita,750,Tonga,1621.00,1621.00,2242,1,1,29,0,0,2,Tackle,144,Line,153,Complete,0,,474,Neutral Tackle,708,1st Tackler,0,,0,,0,,0,,0,,0,0,0,0,1899-12-30T00:27:11Z,5,18,0,0,0,950,Samoa,750,Tonga,05/08/2023,15:00,13,9,34,9,3,3,70,Apia Park,-1,NA,1,2023,08,8,Number 8,0,,0,,271,Angus Gardner,1000642,Damon Murphy,1000613,Matthew Kellahan,-1,,3,International,N,L
652,937717,18807,Ben Tameifuna,750,Tonga,1622.04,1622.04,2243,1,1,29,0,0,2,Tackle,144,Line,153,Complete,441,Assist,474,Neutral Tackle,709,2nd Tackler,0,,0,,0,,0,,0,,0,0,0,0,1899-12-30T00:27:12Z,5,18,0,0,0,950,Samoa,750,Tonga,05/08/2023,15:00,13,9,34,9,3,3,70,Apia Park,-1,NA,1,2023,03,3,Tighthead Prop,0,,0,,271,Angus Gardner,1000642,Damon Murphy,1000613,Matthew Kellahan,-1,,3,International,N,L
653,937717,10081,Charlie Faumuina,950,Samoa,1622.16,1623.60,2243,1,99,39,0,0,23,Ruck,0,,401,Won Outright,549,Behind Previous Gainline,553,1-2 Seconds,663,Close Left Open Movement Ruck,0,,0,,0,,0,,0,,0,0,0,3,1899-12-30T00:27:13Z,5,18,0,0,0,950,Samoa,750,Tonga,05/08/2023,15:00,13,9,34,9,3,3,70,Apia Park,-1,NA,1,2023,01,1,Loosehead Prop,0,,0,,271,Angus Gardner,1000642,Damon Murphy,1000613,Matthew Kellahan,-1,,3,International,Y,W
654,937717,20806,Brian Alainu'uese,950,Samoa,1623.60,1623.60,2244,1,98,39,0,0,18,Collection,631,General Catch,0,,0,,0,,0,,0,,0,,0,,0,,0,,0,0,0,0,1899-12-30T00:27:14Z,6,18,0,0,0,950,Samoa,750,Tonga,05/08/2023,15:00,13,9,34,9,3,3,70,Apia Park,-1,NA,1,2023,04,4,Lock (4),0,,0,,271,Angus Gardner,1000642,Damon Murphy,1000613,Matthew Kellahan,-1,,3,International,Y,W
655,937717,20806,Brian Alainu'uese,950,Samoa,1623.60,1623.60,2244,1,98,39,0,0,47,Playmaker Options,672,Acting Halfback at Breakdown,673,Playmaker Option - Carry,0,,0,,0,,0,,0,,0,,0,,0,,0,0,0,0,1899-12-30T00:27:14Z,6,18,0,0,0,950,Samoa,750,Tonga,05/08/2023,15:00,13,9,34,9,3,3,70,Apia Park,-1,NA,1,2023,04,4,Lock (4),0,,0,,271,Angus Gardner,1000642,Damon Murphy,1000613,Matthew Kellahan,-1,,3,International,Y,W
656,937717,20806,Brian Alainu'uese,950,Samoa,1623.60,1624.88,2244,1,98,39,99,36,1,Carry,102,Pick and Go,108,Tackled Neutral,110,Neutral Gain line,461,Neutral Contact,502,2 Tacklers Committed,700,0th Receiver,0,,0,,0,,0,,0,2,1,1,1899-12-30T00:27:14Z,6,18,0,0,0,950,Samoa,750,Tonga,05/08/2023,15:00,13,9,34,9,3,3,70,Apia Park,-1,NA,1,2023,04,4,Lock (4),0,,0,,271,Angus Gardner,1000642,Damon Murphy,1000613,Matthew Kellahan,-1,,3,International,Y,W
657,937717,29249,Sione Havili Talitui,750,Tonga,1624.16,1624.16,2245,1,2,31,0,0,2,Tackle,145,Guard,153,Complete,0,,474,Neutral Tackle,708,1st Tackler,0,,0,,0,,0,,0,,0,0,0,0,1899-12-30T00:27:13Z,6,18,0,0,0,950,Samoa,750,Tonga,05/08/2023,15:00,13,9,34,9,3,3,70,Apia Park,-1,NA,1,2023,07,7,Openside Flanker,0,,0,,271,Angus Gardner,1000642,Damon Murphy,1000613,Matthew Kellahan,-1,,3,International,N,L
658,937717,26114,Leva Fifita,750,Tonga,1624.20,1624.20,2245,1,2,31,0,0,2,Tackle,144,Line,153,Complete,441,Assist,474,Neutral Tackle,709,2nd Tackler,0,,0,,0,,0,,0,,0,0,0,0,1899-12-30T00:27:15Z,6,18,0,0,0,950,Samoa,750,Tonga,05/08/2023,15:00,13,9,34,9,3,3,70,Apia Park,-1,NA,1,2023,04,4,Lock (4),0,,0,,271,Angus Gardner,1000642,Damon Murphy,1000613,Matthew Kellahan,-1,,3,International,N,L
659,937717,20806,Brian Alainu'uese,950,Samoa,1624.88,1637.04,2246,1,99,36,0,0,23,Ruck,0,,401,Won Outright,550,Equal to Previous  Gainline,558,6+ Seconds,663,Close Left Open Movement Ruck,0,,0,,0,,0,,0,,0,0,1,3,1899-12-30T00:27:15Z,6,18,0,0,0,950,Samoa,750,Tonga,05/08/2023,15:00,13,9,34,9,3,3,70,Apia Park,-1,NA,1,2023,04,4,Lock (4),0,,0,,271,Angus Gardner,1000642,Damon Murphy,1000613,Matthew Kellahan,-1,,3,International,Y,W
660,937717,21998,Michael Alaalatoa,950,Samoa,1625.68,1625.68,2246,1,99,36,0,0,43,Ruck OOA,572,Cleaned Out,583,Own Team 1st Entry,588,OOA Entry 1st Entry- Att,632,Attacking OOA,0,1,0,,0,,0,,0,,0,,0,0,0,0,1899-12-30T00:27:04Z,6,18,0,0,0,950,Samoa,750,Tonga,05/08/2023,15:00,13,9,34,9,3,3,70,Apia Park,-1,NA,1,2023,03,3,Tighthead Prop,0,,0,,271,Angus Gardner,1000642,Damon Murphy,1000613,Matthew Kellahan,-1,,3,International,Y,W
661,937717,43727,Miracle Faiilagi,950,Samoa,1626.72,1626.72,2247,1,99,36,0,0,43,Ruck OOA,572,Cleaned Out,584,Own Team 2nd Entry,589,OOA Entry 2nd Entry- Att,632,Attacking OOA,0,2,0,,0,,0,,0,,0,,0,0,0,0,1899-12-30T00:27:05Z,6,18,0,0,0,950,Samoa,750,Tonga,05/08/2023,15:00,13,9,34,9,3,3,70,Apia Park,-1,NA,1,2023,06,6,Blindside Flanker,0,,0,,271,Angus Gardner,1000642,Damon Murphy,1000613,Matthew Kellahan,-1,,3,International,Y,W
662,937717,10607,Jack Lam,950,Samoa,1628.40,1628.40,2249,1,99,36,0,0,43,Ruck OOA,574,Secured,585,Own Team 3rd Entry,590,OOA Entry 3rd Entry- Att,632,Attacking OOA,0,3,0,,0,,0,,0,,0,,0,0,0,0,1899-12-30T00:27:07Z,6,18,0,0,0,950,Samoa,750,Tonga,05/08/2023,15:00,13,9,34,9,3,3,70,Apia Park,-1,NA,1,2023,07,7,Openside Flanker,0,,0,,271,Angus Gardner,1000642,Damon Murphy,1000613,Matthew Kellahan,-1,,3,International,Y,W
663,937717,27662,Sama Malolo,950,Samoa,1637.04,1637.04,2258,1,99,36,0,0,18,Collection,631,General Catch,0,,0,,0,,0,,0,,0,,0,,0,,0,,0,0,0,0,1899-12-30T00:27:27Z,7,18,0,0,0,950,Samoa,750,Tonga,05/08/2023,15:00,13,9,34,9,3,3,70,Apia Park,-1,NA,1,2023,02,2,Hooker,0,,0,,271,Angus Gardner,1000642,Damon Murphy,1000613,Matthew Kellahan,-1,,3,International,Y,W
664,937717,27662,Sama Malolo,950,Samoa,1637.04,1637.04,2258,1,99,36,0,0,47,Playmaker Options,672,Acting Halfback at Breakdown,673,Playmaker Option - Carry,0,,0,,0,,0,,0,,0,,0,,0,,0,0,0,0,1899-12-30T00:27:27Z,7,18,0,0,0,950,Samoa,750,Tonga,05/08/2023,15:00,13,9,34,9,3,3,70,Apia Park,-1,NA,1,2023,02,2,Hooker,0,,0,,271,Angus Gardner,1000642,Damon Murphy,1000613,Matthew Kellahan,-1,,3,International,Y,W
665,937717,27662,Sama Malolo,950,Samoa,1637.04,1639.76,2258,1,99,36,101,34,1,Carry,102,Pick and Go,117,Try Scored,109,Crossed Gain line,461,Neutral Contact,501,1 Tacklers Committed,700,0th Receiver,0,,0,,0,,0,,1,2,1,1,1899-12-30T00:27:27Z,7,18,0,0,0,950,Samoa,750,Tonga,05/08/2023,15:00,13,9,34,9,3,3,70,Apia Park,-1,NA,1,2023,02,2,Hooker,0,,0,,271,Angus Gardner,1000642,Damon Murphy,1000613,Matthew Kellahan,-1,,3,International,Y,W
666,937717,0,,950,Samoa,1639.08,1639.08,2300,1,99,33,0,0,20,Ref Review,245,Advantage,0,,0,,0,,0,,0,,0,,0,,0,,0,,0,0,0,0,1899-12-30T00:27:26Z,7,18,0,0,0,950,Samoa,750,Tonga,05/08/2023,15:00,13,9,34,9,3,3,70,Apia Park,-1,NA,1,2023,,,,0,,0,,271,Angus Gardner,1000642,Damon Murphy,1000613,Matthew Kellahan,-1,,3,International,Y,W
667,937717,19128,George Moala,750,Tonga,1639.12,1639.12,2300,1,1,35,0,0,2,Tackle,145,Guard,467,Ineffective,0,,474,Neutral Tackle,708,1st Tackler,0,,0,,0,,0,,0,,0,0,0,0,1899-12-30T00:27:29Z,7,18,0,0,0,950,Samoa,750,Tonga,05/08/2023,15:00,13,9,34,9,3,3,70,Apia Park,-1,NA,1,2023,13,13,Outside Centre,0,,0,,271,Angus Gardner,1000642,Damon Murphy,1000613,Matthew Kellahan,-1,,3,International,N,L
668,937717,0,,950,Samoa,1586.76,1640.52,2301,1,95,18,101,34,15,Possession,309,Scrum,314,Try,0,,685,Starts inside Opposition 22,0,,0,,0,,0,,0,,0,,5,0,0,0,1899-12-30T00:26:37Z,7,18,0,0,0,950,Samoa,750,Tonga,05/08/2023,15:00,13,9,34,9,3,3,70,Apia Park,-1,NA,1,2023,,,,0,,0,,271,Angus Gardner,1000642,Damon Murphy,1000613,Matthew Kellahan,-1,,3,International,Y,W
669,937717,0,,950,Samoa,1586.76,1640.52,2301,1,95,18,101,34,26,Sequences,309,Scrum,314,Try,0,,0,,0,,0,,0,,0,,0,,0,,5,0,0,0,1899-12-30T00:26:37Z,7,18,0,0,0,950,Samoa,750,Tonga,05/08/2023,15:00,13,9,34,9,3,3,70,Apia Park,-1,NA,1,2023,,,,0,,0,,271,Angus Gardner,1000642,Damon Murphy,1000613,Matthew Kellahan,-1,,3,International,Y,W
670,937717,27662,Sama Malolo,950,Samoa,1639.76,1639.76,2301,1,101,34,0,0,9,Try,0,Try,0,,0,,0,,0,,0,,0,,0,,0,,0,,0,0,0,0,1899-12-30T00:27:30Z,7,18,0,0,5,950,Samoa,750,Tonga,05/08/2023,15:00,13,9,34,9,3,3,70,Apia Park,-1,NA,1,2023,02,2,Hooker,0,,0,,271,Angus Gardner,1000642,Damon Murphy,1000613,Matthew Kellahan,-1,,3,International,Y,W
671,937717,25212,D'Angelo Leuila,950,Samoa,1715.84,1716.80,2417,1,89,34,102,35,11,Goal Kick,295,Conversion,299,Goal Kicked,0,,0,,0,,0,,0,,0,,0,,0,,11,11,0,0,1899-12-30T00:28:46Z,1,18,0,0,7,950,Samoa,750,Tonga,05/08/2023,15:00,13,9,34,9,8,3,70,Apia Park,-1,NA,1,2023,10,10,Fly Half,0,,0,,271,Angus Gardner,1000642,Damon Murphy,1000613,Matthew Kellahan,-1,,3,International,Y,W
672,937717,0,,950,Samoa,1739.56,1743.32,2440,1,-2,33,0,0,17,Period,0,Period,0,,0,,0,,0,,0,,0,,0,,0,,0,,0,0,0,0,1899-12-30T00:29:13Z,1,18,0,0,7,950,Samoa,750,Tonga,05/08/2023,15:00,13,9,34,9,8,3,70,Apia Park,-1,NA,1,2023,,,,0,,0,,271,Angus Gardner,1000642,Damon Murphy,1000613,Matthew Kellahan,-1,,3,International,Y,W
673,937717,39118,William Havili,750,Tonga,1768.68,1768.68,2506,1,-2,33,0,0,41,Sub Out,563,Injury,0,,0,,0,,0,,0,,0,,0,,0,,0,,0,0,0,0,1899-12-30T00:29:39Z,1,18,0,1,7,950,Samoa,750,Tonga,05/08/2023,15:00,13,9,34,9,10,3,70,Apia Park,-1,NA,1,2023,10,10,Fly Half,0,,0,,271,Angus Gardner,1000642,Damon Murphy,1000613,Matthew Kellahan,-1,,3,International,N,L
674,937717,28913,Otumaka Mausia,750,Tonga,1768.72,1768.72,2506,1,-2,33,0,0,42,Sub In,563,Injury,0,,0,,0,,0,,0,,0,,0,,0,,0,,0,0,0,0,1899-12-30T00:29:39Z,1,18,0,0,7,950,Samoa,750,Tonga,05/08/2023,15:00,13,9,34,9,10,3,70,Apia Park,-1,NA,1,2023,22,10,Fly Half,0,,0,,271,Angus Gardner,1000642,Damon Murphy,1000613,Matthew Kellahan,-1,,3,International,N,L
675,937717,28913,Otumaka Mausia,750,Tonga,1782.08,1785.28,2519,1,50,33,62,14,14,Restart,281,50m Restart,286,Restart Opp Collection,289,Short,752,Kicked Left,0,,0,,0,,0,,0,,0,,12,23,20,0,1899-12-30T00:29:52Z,1,18,0,0,7,950,Samoa,750,Tonga,05/08/2023,15:00,13,9,34,9,10,3,70,Apia Park,-1,NA,1,2023,22,10,Fly Half,0,,0,,271,Angus Gardner,1000642,Damon Murphy,1000613,Matthew Kellahan,-1,,3,International,N,L
676,937717,20766,Chris Vui,950,Samoa,1785.28,1785.28,2522,1,39,54,0,0,18,Collection,275,Restart Catch,278,Fail,0,,0,,0,,0,,0,,0,,0,,0,,0,0,0,0,1899-12-30T00:29:56Z,1,18,0,0,7,950,Samoa,750,Tonga,05/08/2023,15:00,13,9,34,9,10,3,70,Apia Park,-1,NA,1,2023,05,5,Lock (5),0,,0,,271,Angus Gardner,1000642,Damon Murphy,1000613,Matthew Kellahan,-1,,3,International,Y,W
677,937717,10552,Tim Nanai-Williams,950,Samoa,1786.88,1786.88,2524,1,24,50,0,0,18,Collection,274,Defensive Loose Ball,277,Success,0,,0,,0,,0,,0,,0,,0,,0,,0,0,0,0,1899-12-30T00:29:57Z,1,19,0,0,7,950,Samoa,750,Tonga,05/08/2023,15:00,13,9,34,9,10,3,70,Apia Park,-1,NA,1,2023,15,15,Full Back,0,,0,,271,Angus Gardner,1000642,Damon Murphy,1000613,Matthew Kellahan,-1,,3,International,Y,W
678,937717,10552,Tim Nanai-Williams,950,Samoa,1786.88,1790.40,2524,1,24,50,29,41,1,Carry,105,Restart Return,107,Tackled Dominant,109,Crossed Gain line,460,Dominant Contact,501,1 Tacklers Committed,700,0th Receiver,0,,0,,0,,0,,5,5,4,4,1899-12-30T00:29:57Z,1,19,0,0,7,950,Samoa,750,Tonga,05/08/2023,15:00,13,9,34,9,10,3,70,Apia Park,-1,NA,1,2023,15,15,Full Back,0,,0,,271,Angus Gardner,1000642,Damon Murphy,1000613,Matthew Kellahan,-1,,3,International,Y,W
679,937717,35331,Siua Maile,750,Tonga,1789.12,1789.12,2526,1,75,25,0,0,2,Tackle,142,Chase,160,Passive,0,,475,Ineffective Tackle,708,1st Tackler,0,,0,,0,,0,,0,,0,0,0,0,1899-12-30T00:29:59Z,1,19,0,0,7,950,Samoa,750,Tonga,05/08/2023,15:00,13,9,34,9,10,3,70,Apia Park,-1,NA,1,2023,02,2,Hooker,0,,0,,271,Angus Gardner,1000642,Damon Murphy,1000613,Matthew Kellahan,-1,,3,International,N,L
680,937717,10552,Tim Nanai-Williams,950,Samoa,1790.40,1793.12,2527,1,29,41,0,0,23,Ruck,0,,401,Won Outright,551,N/A Gainline,554,2-3 Seconds,676,N/A Movement Ruck,0,,0,,0,,0,,0,,0,0,0,0,1899-12-30T00:30:01Z,1,19,0,0,7,950,Samoa,750,Tonga,05/08/2023,15:00,13,9,34,9,10,3,70,Apia Park,-1,NA,1,2023,15,15,Full Back,0,,0,,271,Angus Gardner,1000642,Damon Murphy,1000613,Matthew Kellahan,-1,,3,International,Y,W
681,937717,20806,Brian Alainu'uese,950,Samoa,1791.32,1791.32,2528,1,29,41,0,0,43,Ruck OOA,572,Cleaned Out,583,Own Team 1st Entry,588,OOA Entry 1st Entry- Att,632,Attacking OOA,0,1,0,,0,,0,,0,,0,,0,0,0,0,1899-12-30T00:29:59Z,1,19,0,0,7,950,Samoa,750,Tonga,05/08/2023,15:00,13,9,34,9,10,3,70,Apia Park,-1,NA,1,2023,04,4,Lock (4),0,,0,,271,Angus Gardner,1000642,Damon Murphy,1000613,Matthew Kellahan,-1,,3,International,Y,W
682,937717,10081,Charlie Faumuina,950,Samoa,1791.72,1791.72,2529,1,29,41,0,0,43,Ruck OOA,572,Cleaned Out,584,Own Team 2nd Entry,589,OOA Entry 2nd Entry- Att,632,Attacking OOA,0,2,0,,0,,0,,0,,0,,0,0,0,0,1899-12-30T00:29:59Z,1,19,0,0,7,950,Samoa,750,Tonga,05/08/2023,15:00,13,9,34,9,10,3,70,Apia Park,-1,NA,1,2023,01,1,Loosehead Prop,0,,0,,271,Angus Gardner,1000642,Damon Murphy,1000613,Matthew Kellahan,-1,,3,International,Y,W
683,937717,23399,Jonathan Taumateine,950,Samoa,1793.12,1793.12,2530,1,29,41,0,0,18,Collection,272,Attacking Loose Ball,278,Fail,0,,0,,0,,0,,0,,0,,0,,0,,0,0,0,0,1899-12-30T00:30:03Z,1,19,0,0,7,950,Samoa,750,Tonga,05/08/2023,15:00,13,9,34,9,10,3,70,Apia Park,-1,NA,1,2023,09,9,Scrum Half,0,,0,,271,Angus Gardner,1000642,Damon Murphy,1000613,Matthew Kellahan,-1,,3,International,Y,W
684,937717,0,,750,Tonga,1782.08,1795.96,2533,1,50,33,71,27,26,Sequences,307,50m Restart,411,Turnover (Scrum),0,,0,,0,,0,,0,,0,,0,,0,,21,0,0,0,1899-12-30T00:29:52Z,1,19,0,0,7,950,Samoa,750,Tonga,05/08/2023,15:00,13,9,34,9,10,3,70,Apia Park,-1,NA,1,2023,,,,0,,0,,271,Angus Gardner,1000642,Damon Murphy,1000613,Matthew Kellahan,-1,,3,International,N,L
685,937717,0,,950,Samoa,1786.88,1795.96,2533,1,24,50,29,41,15,Possession,307,50m Restart,411,Turnover (Scrum),0,,684,Fails to enter into Opposition 22,0,,0,,0,,0,,0,,0,,5,0,0,0,1899-12-30T00:29:57Z,1,19,0,0,7,950,Samoa,750,Tonga,05/08/2023,15:00,13,9,34,9,10,3,70,Apia Park,-1,NA,1,2023,,,,0,,0,,271,Angus Gardner,1000642,Damon Murphy,1000613,Matthew Kellahan,-1,,3,International,Y,W
686,937717,23399,Jonathan Taumateine,950,Samoa,1795.76,1795.76,2533,1,29,41,0,0,8,Turnover,254,Dropped Ball Unforced,677,Error on Attack,0,,0,,0,,0,,0,,0,,0,,0,,0,0,0,0,1899-12-30T00:30:06Z,1,19,0,0,7,950,Samoa,750,Tonga,05/08/2023,15:00,13,9,34,9,10,3,70,Apia Park,-1,NA,1,2023,09,9,Scrum Half,0,,0,,271,Angus Gardner,1000642,Damon Murphy,1000613,Matthew Kellahan,-1,,3,International,Y,W
687,937717,20156,Sonatane Takulua,750,Tonga,1855.68,1862.48,2633,1,71,27,0,0,5,Scrum,0,,259,Reset,365,Neutral,363,Clockwise,676,N/A Movement Scrum,0,,0,,0,,0,,0,,0,0,0,0,1899-12-30T00:31:06Z,1,19,0,0,7,950,Samoa,750,Tonga,05/08/2023,15:00,13,9,34,9,10,3,70,Apia Park,-1,NA,1,2023,09,9,Scrum Half,0,,0,,271,Angus Gardner,1000642,Damon Murphy,1000613,Matthew Kellahan,-1,,3,International,N,L
688,937717,22136,Siegfried Fisi'ihoi,750,Tonga,1855.68,1862.48,2633,1,71,27,0,0,28,,0,,259,Reset,365,Neutral,363,Clockwise,0,,0,,0,,0,,0,,0,,0,0,0,0,1899-12-30T00:31:06Z,1,19,0,0,7,950,Samoa,750,Tonga,05/08/2023,15:00,13,9,34,9,10,3,70,Apia Park,-1,NA,1,2023,01,1,Loosehead Prop,0,,0,,271,Angus Gardner,1000642,Damon Murphy,1000613,Matthew Kellahan,-1,,3,International,N,L
689,937717,35331,Siua Maile,750,Tonga,1855.68,1862.48,2633,1,71,27,0,0,28,,0,,259,Reset,365,Neutral,363,Clockwise,0,,0,,0,,0,,0,,0,,0,0,0,0,1899-12-30T00:31:06Z,1,19,0,0,7,950,Samoa,750,Tonga,05/08/2023,15:00,13,9,34,9,10,3,70,Apia Park,-1,NA,1,2023,02,2,Hooker,0,,0,,271,Angus Gardner,1000642,Damon Murphy,1000613,Matthew Kellahan,-1,,3,International,N,L
690,937717,18807,Ben Tameifuna,750,Tonga,1855.68,1862.48,2633,1,71,27,0,0,28,,0,,259,Reset,365,Neutral,363,Clockwise,0,,0,,0,,0,,0,,0,,0,0,0,0,1899-12-30T00:31:06Z,1,19,0,0,7,950,Samoa,750,Tonga,05/08/2023,15:00,13,9,34,9,10,3,70,Apia Park,-1,NA,1,2023,03,3,Tighthead Prop,0,,0,,271,Angus Gardner,1000642,Damon Murphy,1000613,Matthew Kellahan,-1,,3,International,N,L
691,937717,26114,Leva Fifita,750,Tonga,1855.68,1862.48,2633,1,71,27,0,0,28,,0,,259,Reset,365,Neutral,363,Clockwise,0,,0,,0,,0,,0,,0,,0,0,0,0,1899-12-30T00:31:06Z,1,19,0,0,7,950,Samoa,750,Tonga,05/08/2023,15:00,13,9,34,9,10,3,70,Apia Park,-1,NA,1,2023,04,4,Lock (4),0,,0,,271,Angus Gardner,1000642,Damon Murphy,1000613,Matthew Kellahan,-1,,3,International,N,L
692,937717,11292,Steve Mafi,750,Tonga,1855.68,1862.48,2633,1,71,27,0,0,28,,0,,259,Reset,365,Neutral,363,Clockwise,0,,0,,0,,0,,0,,0,,0,0,0,0,1899-12-30T00:31:06Z,1,19,0,0,7,950,Samoa,750,Tonga,05/08/2023,15:00,13,9,34,9,10,3,70,Apia Park,-1,NA,1,2023,05,5,Lock (5),0,,0,,271,Angus Gardner,1000642,Damon Murphy,1000613,Matthew Kellahan,-1,,3,International,N,L
693,937717,28270,Tanginoa Halaifonua,750,Tonga,1855.68,1862.48,2633,1,71,27,0,0,28,,0,,259,Reset,365,Neutral,363,Clockwise,0,,0,,0,,0,,0,,0,,0,0,0,0,1899-12-30T00:31:06Z,1,19,0,0,7,950,Samoa,750,Tonga,05/08/2023,15:00,13,9,34,9,10,3,70,Apia Park,-1,NA,1,2023,06,6,Blindside Flanker,0,,0,,271,Angus Gardner,1000642,Damon Murphy,1000613,Matthew Kellahan,-1,,3,International,N,L
694,937717,29249,Sione Havili Talitui,750,Tonga,1855.68,1862.48,2633,1,71,27,0,0,28,,0,,259,Reset,365,Neutral,363,Clockwise,0,,0,,0,,0,,0,,0,,0,0,0,0,1899-12-30T00:31:06Z,1,19,0,0,7,950,Samoa,750,Tonga,05/08/2023,15:00,13,9,34,9,10,3,70,Apia Park,-1,NA,1,2023,07,7,Openside Flanker,0,,0,,271,Angus Gardner,1000642,Damon Murphy,1000613,Matthew Kellahan,-1,,3,International,N,L
695,937717,21155,Vaea Fifita,750,Tonga,1855.68,1862.48,2633,1,71,27,0,0,28,,0,,259,Reset,365,Neutral,363,Clockwise,0,,0,,0,,0,,0,,0,,0,0,0,0,1899-12-30T00:31:06Z,1,19,0,0,7,950,Samoa,750,Tonga,05/08/2023,15:00,13,9,34,9,10,3,70,Apia Park,-1,NA,1,2023,08,8,Number 8,0,,0,,271,Angus Gardner,1000642,Damon Murphy,1000613,Matthew Kellahan,-1,,3,International,N,L
696,937717,10081,Charlie Faumuina,950,Samoa,1855.68,1862.48,2633,1,71,27,0,0,29,,0,,259,Reset,365,Neutral,363,Clockwise,0,,0,,0,,0,,0,,0,,0,0,0,0,1899-12-30T00:31:06Z,1,19,0,0,7,950,Samoa,750,Tonga,05/08/2023,15:00,13,9,34,9,10,3,70,Apia Park,-1,NA,1,2023,01,1,Loosehead Prop,0,,0,,271,Angus Gardner,1000642,Damon Murphy,1000613,Matthew Kellahan,-1,,3,International,Y,W
697,937717,27662,Sama Malolo,950,Samoa,1855.68,1862.48,2633,1,71,27,0,0,29,,0,,259,Reset,365,Neutral,363,Clockwise,0,,0,,0,,0,,0,,0,,0,0,0,0,1899-12-30T00:31:06Z,1,19,0,0,7,950,Samoa,750,Tonga,05/08/2023,15:00,13,9,34,9,10,3,70,Apia Park,-1,NA,1,2023,02,2,Hooker,0,,0,,271,Angus Gardner,1000642,Damon Murphy,1000613,Matthew Kellahan,-1,,3,International,Y,W
698,937717,21998,Michael Alaalatoa,950,Samoa,1855.68,1862.48,2633,1,71,27,0,0,29,,0,,259,Reset,365,Neutral,363,Clockwise,0,,0,,0,,0,,0,,0,,0,0,0,0,1899-12-30T00:31:06Z,1,19,0,0,7,950,Samoa,750,Tonga,05/08/2023,15:00,13,9,34,9,10,3,70,Apia Park,-1,NA,1,2023,03,3,Tighthead Prop,0,,0,,271,Angus Gardner,1000642,Damon Murphy,1000613,Matthew Kellahan,-1,,3,International,Y,W
699,937717,20806,Brian Alainu'uese,950,Samoa,1855.68,1862.48,2633,1,71,27,0,0,29,,0,,259,Reset,365,Neutral,363,Clockwise,0,,0,,0,,0,,0,,0,,0,0,0,0,1899-12-30T00:31:06Z,1,19,0,0,7,950,Samoa,750,Tonga,05/08/2023,15:00,13,9,34,9,10,3,70,Apia Park,-1,NA,1,2023,04,4,Lock (4),0,,0,,271,Angus Gardner,1000642,Damon Murphy,1000613,Matthew Kellahan,-1,,3,International,Y,W
700,937717,20766,Chris Vui,950,Samoa,1855.68,1862.48,2633,1,71,27,0,0,29,,0,,259,Reset,365,Neutral,363,Clockwise,0,,0,,0,,0,,0,,0,,0,0,0,0,1899-12-30T00:31:06Z,1,19,0,0,7,950,Samoa,750,Tonga,05/08/2023,15:00,13,9,34,9,10,3,70,Apia Park,-1,NA,1,2023,05,5,Lock (5),0,,0,,271,Angus Gardner,1000642,Damon Murphy,1000613,Matthew Kellahan,-1,,3,International,Y,W
701,937717,43727,Miracle Faiilagi,950,Samoa,1855.68,1862.48,2633,1,71,27,0,0,29,,0,,259,Reset,365,Neutral,363,Clockwise,0,,0,,0,,0,,0,,0,,0,0,0,0,1899-12-30T00:31:06Z,1,19,0,0,7,950,Samoa,750,Tonga,05/08/2023,15:00,13,9,34,9,10,3,70,Apia Park,-1,NA,1,2023,06,6,Blindside Flanker,0,,0,,271,Angus Gardner,1000642,Damon Murphy,1000613,Matthew Kellahan,-1,,3,International,Y,W
702,937717,10607,Jack Lam,950,Samoa,1855.68,1862.48,2633,1,71,27,0,0,29,,0,,259,Reset,365,Neutral,363,Clockwise,0,,0,,0,,0,,0,,0,,0,0,0,0,1899-12-30T00:31:06Z,1,19,0,0,7,950,Samoa,750,Tonga,05/08/2023,15:00,13,9,34,9,10,3,70,Apia Park,-1,NA,1,2023,07,7,Openside Flanker,0,,0,,271,Angus Gardner,1000642,Damon Murphy,1000613,Matthew Kellahan,-1,,3,International,Y,W
703,937717,18506,Steven Luatua,950,Samoa,1855.68,1862.48,2633,1,71,27,0,0,29,,0,,259,Reset,365,Neutral,363,Clockwise,0,,0,,0,,0,,0,,0,,0,0,0,0,1899-12-30T00:31:06Z,1,19,0,0,7,950,Samoa,750,Tonga,05/08/2023,15:00,13,9,34,9,10,3,70,Apia Park,-1,NA,1,2023,08,8,Number 8,0,,0,,271,Angus Gardner,1000642,Damon Murphy,1000613,Matthew Kellahan,-1,,3,International,Y,W
704,937717,0,,750,Tonga,1855.68,1862.48,2639,1,71,27,71,27,26,Sequences,785,Scrum Reset,317,Scrum,0,,0,,0,,0,,0,,0,,0,,0,,0,0,0,0,1899-12-30T00:31:06Z,1,19,0,0,7,950,Samoa,750,Tonga,05/08/2023,15:00,13,9,34,9,10,3,70,Apia Park,-1,NA,1,2023,,,,0,,0,,271,Angus Gardner,1000642,Damon Murphy,1000613,Matthew Kellahan,-1,,3,International,N,L
705,937717,20156,Sonatane Takulua,750,Tonga,1916.84,1922.00,2734,1,71,27,0,0,5,Scrum,370,No 8 Pick Up,353,Won Outright,365,Neutral,0,,663,Close Left Open Movement Scrum,0,,0,,0,,0,,0,,0,0,5,2,1899-12-30T00:32:07Z,1,20,0,0,7,950,Samoa,750,Tonga,05/08/2023,15:00,13,9,34,9,10,3,70,Apia Park,-1,NA,1,2023,09,9,Scrum Half,0,,0,,271,Angus Gardner,1000642,Damon Murphy,1000613,Matthew Kellahan,-1,,3,International,N,L
706,937717,22136,Siegfried Fisi'ihoi,750,Tonga,1916.84,1922.00,2734,1,71,27,0,0,28,,370,No 8 Pick Up,353,Won Outright,365,Neutral,0,,0,,0,,0,,0,,0,,0,,0,0,0,0,1899-12-30T00:32:07Z,1,20,0,0,7,950,Samoa,750,Tonga,05/08/2023,15:00,13,9,34,9,10,3,70,Apia Park,-1,NA,1,2023,01,1,Loosehead Prop,0,,0,,271,Angus Gardner,1000642,Damon Murphy,1000613,Matthew Kellahan,-1,,3,International,N,L
707,937717,35331,Siua Maile,750,Tonga,1916.84,1922.00,2734,1,71,27,0,0,28,,370,No 8 Pick Up,353,Won Outright,365,Neutral,0,,0,,0,,0,,0,,0,,0,,0,0,0,0,1899-12-30T00:32:07Z,1,20,0,0,7,950,Samoa,750,Tonga,05/08/2023,15:00,13,9,34,9,10,3,70,Apia Park,-1,NA,1,2023,02,2,Hooker,0,,0,,271,Angus Gardner,1000642,Damon Murphy,1000613,Matthew Kellahan,-1,,3,International,N,L
708,937717,18807,Ben Tameifuna,750,Tonga,1916.84,1922.00,2734,1,71,27,0,0,28,,370,No 8 Pick Up,353,Won Outright,365,Neutral,0,,0,,0,,0,,0,,0,,0,,0,0,0,0,1899-12-30T00:32:07Z,1,20,0,0,7,950,Samoa,750,Tonga,05/08/2023,15:00,13,9,34,9,10,3,70,Apia Park,-1,NA,1,2023,03,3,Tighthead Prop,0,,0,,271,Angus Gardner,1000642,Damon Murphy,1000613,Matthew Kellahan,-1,,3,International,N,L
709,937717,26114,Leva Fifita,750,Tonga,1916.84,1922.00,2734,1,71,27,0,0,28,,370,No 8 Pick Up,353,Won Outright,365,Neutral,0,,0,,0,,0,,0,,0,,0,,0,0,0,0,1899-12-30T00:32:07Z,1,20,0,0,7,950,Samoa,750,Tonga,05/08/2023,15:00,13,9,34,9,10,3,70,Apia Park,-1,NA,1,2023,04,4,Lock (4),0,,0,,271,Angus Gardner,1000642,Damon Murphy,1000613,Matthew Kellahan,-1,,3,International,N,L
710,937717,11292,Steve Mafi,750,Tonga,1916.84,1922.00,2734,1,71,27,0,0,28,,370,No 8 Pick Up,353,Won Outright,365,Neutral,0,,0,,0,,0,,0,,0,,0,,0,0,0,0,1899-12-30T00:32:07Z,1,20,0,0,7,950,Samoa,750,Tonga,05/08/2023,15:00,13,9,34,9,10,3,70,Apia Park,-1,NA,1,2023,05,5,Lock (5),0,,0,,271,Angus Gardner,1000642,Damon Murphy,1000613,Matthew Kellahan,-1,,3,International,N,L
711,937717,28270,Tanginoa Halaifonua,750,Tonga,1916.84,1922.00,2734,1,71,27,0,0,28,,370,No 8 Pick Up,353,Won Outright,365,Neutral,0,,0,,0,,0,,0,,0,,0,,0,0,0,0,1899-12-30T00:32:07Z,1,20,0,0,7,950,Samoa,750,Tonga,05/08/2023,15:00,13,9,34,9,10,3,70,Apia Park,-1,NA,1,2023,06,6,Blindside Flanker,0,,0,,271,Angus Gardner,1000642,Damon Murphy,1000613,Matthew Kellahan,-1,,3,International,N,L
712,937717,29249,Sione Havili Talitui,750,Tonga,1916.84,1922.00,2734,1,71,27,0,0,28,,370,No 8 Pick Up,353,Won Outright,365,Neutral,0,,0,,0,,0,,0,,0,,0,,0,0,0,0,1899-12-30T00:32:07Z,1,20,0,0,7,950,Samoa,750,Tonga,05/08/2023,15:00,13,9,34,9,10,3,70,Apia Park,-1,NA,1,2023,07,7,Openside Flanker,0,,0,,271,Angus Gardner,1000642,Damon Murphy,1000613,Matthew Kellahan,-1,,3,International,N,L
713,937717,21155,Vaea Fifita,750,Tonga,1916.84,1922.00,2734,1,71,27,0,0,28,,370,No 8 Pick Up,353,Won Outright,365,Neutral,0,,0,,0,,0,,0,,0,,0,,0,0,0,0,1899-12-30T00:32:07Z,1,20,0,0,7,950,Samoa,750,Tonga,05/08/2023,15:00,13,9,34,9,10,3,70,Apia Park,-1,NA,1,2023,08,8,Number 8,0,,0,,271,Angus Gardner,1000642,Damon Murphy,1000613,Matthew Kellahan,-1,,3,International,N,L
714,937717,10081,Charlie Faumuina,950,Samoa,1916.84,1922.00,2734,1,71,27,0,0,29,,370,No 8 Pick Up,353,Won Outright,365,Neutral,0,,0,,0,,0,,0,,0,,0,,0,0,0,0,1899-12-30T00:32:07Z,1,20,0,0,7,950,Samoa,750,Tonga,05/08/2023,15:00,13,9,34,9,10,3,70,Apia Park,-1,NA,1,2023,01,1,Loosehead Prop,0,,0,,271,Angus Gardner,1000642,Damon Murphy,1000613,Matthew Kellahan,-1,,3,International,Y,W
715,937717,27662,Sama Malolo,950,Samoa,1916.84,1922.00,2734,1,71,27,0,0,29,,370,No 8 Pick Up,353,Won Outright,365,Neutral,0,,0,,0,,0,,0,,0,,0,,0,0,0,0,1899-12-30T00:32:07Z,1,20,0,0,7,950,Samoa,750,Tonga,05/08/2023,15:00,13,9,34,9,10,3,70,Apia Park,-1,NA,1,2023,02,2,Hooker,0,,0,,271,Angus Gardner,1000642,Damon Murphy,1000613,Matthew Kellahan,-1,,3,International,Y,W
716,937717,21998,Michael Alaalatoa,950,Samoa,1916.84,1922.00,2734,1,71,27,0,0,29,,370,No 8 Pick Up,353,Won Outright,365,Neutral,0,,0,,0,,0,,0,,0,,0,,0,0,0,0,1899-12-30T00:32:07Z,1,20,0,0,7,950,Samoa,750,Tonga,05/08/2023,15:00,13,9,34,9,10,3,70,Apia Park,-1,NA,1,2023,03,3,Tighthead Prop,0,,0,,271,Angus Gardner,1000642,Damon Murphy,1000613,Matthew Kellahan,-1,,3,International,Y,W
717,937717,20806,Brian Alainu'uese,950,Samoa,1916.84,1922.00,2734,1,71,27,0,0,29,,370,No 8 Pick Up,353,Won Outright,365,Neutral,0,,0,,0,,0,,0,,0,,0,,0,0,0,0,1899-12-30T00:32:07Z,1,20,0,0,7,950,Samoa,750,Tonga,05/08/2023,15:00,13,9,34,9,10,3,70,Apia Park,-1,NA,1,2023,04,4,Lock (4),0,,0,,271,Angus Gardner,1000642,Damon Murphy,1000613,Matthew Kellahan,-1,,3,International,Y,W
718,937717,20766,Chris Vui,950,Samoa,1916.84,1922.00,2734,1,71,27,0,0,29,,370,No 8 Pick Up,353,Won Outright,365,Neutral,0,,0,,0,,0,,0,,0,,0,,0,0,0,0,1899-12-30T00:32:07Z,1,20,0,0,7,950,Samoa,750,Tonga,05/08/2023,15:00,13,9,34,9,10,3,70,Apia Park,-1,NA,1,2023,05,5,Lock (5),0,,0,,271,Angus Gardner,1000642,Damon Murphy,1000613,Matthew Kellahan,-1,,3,International,Y,W
719,937717,43727,Miracle Faiilagi,950,Samoa,1916.84,1922.00,2734,1,71,27,0,0,29,,370,No 8 Pick Up,353,Won Outright,365,Neutral,0,,0,,0,,0,,0,,0,,0,,0,0,0,0,1899-12-30T00:32:07Z,1,20,0,0,7,950,Samoa,750,Tonga,05/08/2023,15:00,13,9,34,9,10,3,70,Apia Park,-1,NA,1,2023,06,6,Blindside Flanker,0,,0,,271,Angus Gardner,1000642,Damon Murphy,1000613,Matthew Kellahan,-1,,3,International,Y,W
720,937717,10607,Jack Lam,950,Samoa,1916.84,1922.00,2734,1,71,27,0,0,29,,370,No 8 Pick Up,353,Won Outright,365,Neutral,0,,0,,0,,0,,0,,0,,0,,0,0,0,0,1899-12-30T00:32:07Z,1,20,0,0,7,950,Samoa,750,Tonga,05/08/2023,15:00,13,9,34,9,10,3,70,Apia Park,-1,NA,1,2023,07,7,Openside Flanker,0,,0,,271,Angus Gardner,1000642,Damon Murphy,1000613,Matthew Kellahan,-1,,3,International,Y,W
721,937717,18506,Steven Luatua,950,Samoa,1916.84,1922.00,2734,1,71,27,0,0,29,,370,No 8 Pick Up,353,Won Outright,365,Neutral,0,,0,,0,,0,,0,,0,,0,,0,0,0,0,1899-12-30T00:32:07Z,1,20,0,0,7,950,Samoa,750,Tonga,05/08/2023,15:00,13,9,34,9,10,3,70,Apia Park,-1,NA,1,2023,08,8,Number 8,0,,0,,271,Angus Gardner,1000642,Damon Murphy,1000613,Matthew Kellahan,-1,,3,International,Y,W
722,937717,21155,Vaea Fifita,750,Tonga,1922.00,1922.00,2739,1,70,27,0,0,18,Collection,631,General Catch,0,,0,,0,,0,,0,,0,,0,,0,,0,,0,0,0,0,1899-12-30T00:32:12Z,1,20,0,0,7,950,Samoa,750,Tonga,05/08/2023,15:00,13,9,34,9,10,3,70,Apia Park,-1,NA,1,2023,08,8,Number 8,0,,0,,271,Angus Gardner,1000642,Damon Murphy,1000613,Matthew Kellahan,-1,,3,International,N,L
723,937717,21155,Vaea Fifita,750,Tonga,1922.00,1924.48,2739,1,70,27,75,25,1,Carry,102,Pick and Go,107,Tackled Dominant,109,Crossed Gain line,460,Dominant Contact,501,1 Tacklers Committed,700,0th Receiver,0,,0,,0,,0,,5,5,6,6,1899-12-30T00:32:12Z,1,20,0,0,7,950,Samoa,750,Tonga,05/08/2023,15:00,13,9,34,9,10,3,70,Apia Park,-1,NA,1,2023,08,8,Number 8,0,,0,,271,Angus Gardner,1000642,Damon Murphy,1000613,Matthew Kellahan,-1,,3,International,N,L
724,937717,23399,Jonathan Taumateine,950,Samoa,1923.52,1923.52,2741,1,31,42,0,0,2,Tackle,147,Other,160,Passive,0,,475,Ineffective Tackle,708,1st Tackler,0,,0,,0,,0,,0,,0,0,0,0,1899-12-30T00:32:14Z,1,20,0,0,7,950,Samoa,750,Tonga,05/08/2023,15:00,13,9,34,9,10,3,70,Apia Park,-1,NA,1,2023,09,9,Scrum Half,0,,0,,271,Angus Gardner,1000642,Damon Murphy,1000613,Matthew Kellahan,-1,,3,International,Y,W
725,937717,21155,Vaea Fifita,750,Tonga,1924.48,1926.36,2741,1,75,25,0,0,23,Ruck,0,,401,Won Outright,548,Over Previous Gainline,553,1-2 Seconds,663,Close Left Open Movement Ruck,0,,0,,0,,0,,0,,0,0,1,9,1899-12-30T00:32:15Z,1,20,0,0,7,950,Samoa,750,Tonga,05/08/2023,15:00,13,9,34,9,10,3,70,Apia Park,-1,NA,1,2023,08,8,Number 8,0,,0,,271,Angus Gardner,1000642,Damon Murphy,1000613,Matthew Kellahan,-1,,3,International,N,L
726,937717,29249,Sione Havili Talitui,750,Tonga,1925.24,1925.24,2742,1,75,25,0,0,43,Ruck OOA,574,Secured,583,Own Team 1st Entry,588,OOA Entry 1st Entry- Att,632,Attacking OOA,0,1,0,,0,,0,,0,,0,,0,0,0,0,1899-12-30T00:32:14Z,1,20,0,0,7,950,Samoa,750,Tonga,05/08/2023,15:00,13,9,34,9,10,3,70,Apia Park,-1,NA,1,2023,07,7,Openside Flanker,0,,0,,271,Angus Gardner,1000642,Damon Murphy,1000613,Matthew Kellahan,-1,,3,International,N,L
727,937717,28913,Otumaka Mausia,750,Tonga,1925.28,1925.28,2742,1,75,25,0,0,43,Ruck OOA,574,Secured,584,Own Team 2nd Entry,589,OOA Entry 2nd Entry- Att,632,Attacking OOA,0,2,0,,0,,0,,0,,0,,0,0,0,0,1899-12-30T00:32:14Z,1,20,0,0,7,950,Samoa,750,Tonga,05/08/2023,15:00,13,9,34,9,10,3,70,Apia Park,-1,NA,1,2023,22,10,Fly Half,0,,0,,271,Angus Gardner,1000642,Damon Murphy,1000613,Matthew Kellahan,-1,,3,International,N,L
728,937717,20156,Sonatane Takulua,750,Tonga,1926.36,1926.36,2743,1,75,25,0,0,18,Collection,631,General Catch,0,,0,,0,,0,,0,,0,,0,,0,,0,,0,0,0,0,1899-12-30T00:32:17Z,2,20,0,0,7,950,Samoa,750,Tonga,05/08/2023,15:00,13,9,34,9,10,3,70,Apia Park,-1,NA,1,2023,09,9,Scrum Half,0,,0,,271,Angus Gardner,1000642,Damon Murphy,1000613,Matthew Kellahan,-1,,3,International,N,L
729,937717,20156,Sonatane Takulua,750,Tonga,1926.36,1926.36,2743,1,75,25,0,0,47,Playmaker Options,671,Halfback at Breakdown,675,Playmaker Option - Pass,0,,0,,0,,0,,0,,0,,0,,0,,0,0,0,0,1899-12-30T00:32:17Z,2,20,0,0,7,950,Samoa,750,Tonga,05/08/2023,15:00,13,9,34,9,10,3,70,Apia Park,-1,NA,1,2023,09,9,Scrum Half,0,,0,,271,Angus Gardner,1000642,Damon Murphy,1000613,Matthew Kellahan,-1,,3,International,N,L
730,937717,20156,Sonatane Takulua,750,Tonga,1927.64,1928.08,2745,1,75,25,72,19,3,Pass,169,Complete,0,,686,Medium Pass,681,Left Pass,700,0th Receiver,0,,0,,0,,0,,0,,6,7,3,0,1899-12-30T00:32:18Z,2,20,0,0,7,950,Samoa,750,Tonga,05/08/2023,15:00,13,9,34,9,10,3,70,Apia Park,-1,NA,1,2023,09,9,Scrum Half,0,,0,,271,Angus Gardner,1000642,Damon Murphy,1000613,Matthew Kellahan,-1,,3,International,N,L
731,937717,11292,Steve Mafi,750,Tonga,1928.08,1928.08,2745,1,72,19,0,0,18,Collection,631,General Catch,0,,0,,0,,0,,0,,0,,0,,0,,0,,0,0,0,0,1899-12-30T00:32:18Z,2,20,0,0,7,950,Samoa,750,Tonga,05/08/2023,15:00,13,9,34,9,10,3,70,Apia Park,-1,NA,1,2023,05,5,Lock (5),0,,0,,271,Angus Gardner,1000642,Damon Murphy,1000613,Matthew Kellahan,-1,,3,International,N,L
732,937717,11292,Steve Mafi,750,Tonga,1928.08,1928.08,2745,1,72,19,0,0,47,Playmaker Options,656,First Receiver,673,Playmaker Option - Carry,0,,0,,0,,0,,0,,0,,0,,0,,0,0,0,0,1899-12-30T00:32:18Z,2,20,0,0,7,950,Samoa,750,Tonga,05/08/2023,15:00,13,9,34,9,10,3,70,Apia Park,-1,NA,1,2023,05,5,Lock (5),0,,0,,271,Angus Gardner,1000642,Damon Murphy,1000613,Matthew Kellahan,-1,,3,International,N,L
733,937717,11292,Steve Mafi,750,Tonga,1928.08,1929.96,2745,1,72,19,76,16,1,Carry,101,One Out Drive,108,Tackled Neutral,109,Crossed Gain line,461,Neutral Contact,501,1 Tacklers Committed,701,1st Receiver,0,,0,,0,,0,,1,5,1,1,1899-12-30T00:32:18Z,2,20,0,0,7,950,Samoa,750,Tonga,05/08/2023,15:00,13,9,34,9,10,3,70,Apia Park,-1,NA,1,2023,05,5,Lock (5),0,,0,,271,Angus Gardner,1000642,Damon Murphy,1000613,Matthew Kellahan,-1,,3,International,N,L
734,937717,10607,Jack Lam,950,Samoa,1929.44,1929.44,2746,1,24,51,0,0,7,Penalty Conceded,219,Offside,236,No Action,215,Defence,233,Full Penalty,444,Offside in General Play,0,,0,,0,,0,,0,,0,0,0,0,1899-12-30T00:32:20Z,2,20,0,0,7,950,Samoa,750,Tonga,05/08/2023,15:00,13,9,34,9,10,3,70,Apia Park,-1,NA,1,2023,07,7,Openside Flanker,0,,0,,271,Angus Gardner,1000642,Damon Murphy,1000613,Matthew Kellahan,-1,,3,International,Y,W
735,937717,10607,Jack Lam,950,Samoa,1929.64,1929.64,2747,1,24,51,0,0,2,Tackle,144,Line,153,Complete,0,,474,Neutral Tackle,708,1st Tackler,0,,0,,0,,0,,0,,0,0,0,0,1899-12-30T00:32:20Z,2,20,0,0,7,950,Samoa,750,Tonga,05/08/2023,15:00,13,9,34,9,10,3,70,Apia Park,-1,NA,1,2023,07,7,Openside Flanker,0,,0,,271,Angus Gardner,1000642,Damon Murphy,1000613,Matthew Kellahan,-1,,3,International,Y,W
736,937717,11292,Steve Mafi,750,Tonga,1929.96,1932.00,2747,1,76,16,0,0,23,Ruck,0,,401,Won Outright,548,Over Previous Gainline,554,2-3 Seconds,662,Mid Right Open Movement Ruck,0,,0,,0,,0,,0,,0,0,-3,11,1899-12-30T00:32:20Z,2,20,0,0,7,950,Samoa,750,Tonga,05/08/2023,15:00,13,9,34,9,10,3,70,Apia Park,-1,NA,1,2023,05,5,Lock (5),0,,0,,271,Angus Gardner,1000642,Damon Murphy,1000613,Matthew Kellahan,-1,,3,International,N,L
737,937717,28270,Tanginoa Halaifonua,750,Tonga,1930.00,1930.00,2747,1,76,16,0,0,43,Ruck OOA,574,Secured,583,Own Team 1st Entry,588,OOA Entry 1st Entry- Att,632,Attacking OOA,0,1,0,,0,,0,,0,,0,,0,0,0,0,1899-12-30T00:32:18Z,2,20,0,0,7,950,Samoa,750,Tonga,05/08/2023,15:00,13,9,34,9,10,3,70,Apia Park,-1,NA,1,2023,06,6,Blindside Flanker,0,,0,,271,Angus Gardner,1000642,Damon Murphy,1000613,Matthew Kellahan,-1,,3,International,N,L
738,937717,26114,Leva Fifita,750,Tonga,1930.40,1930.40,2747,1,76,16,0,0,43,Ruck OOA,574,Secured,584,Own Team 2nd Entry,589,OOA Entry 2nd Entry- Att,632,Attacking OOA,0,2,0,,0,,0,,0,,0,,0,0,0,0,1899-12-30T00:32:18Z,2,20,0,0,7,950,Samoa,750,Tonga,05/08/2023,15:00,13,9,34,9,10,3,70,Apia Park,-1,NA,1,2023,04,4,Lock (4),0,,0,,271,Angus Gardner,1000642,Damon Murphy,1000613,Matthew Kellahan,-1,,3,International,N,L
739,937717,0,,750,Tonga,1931.24,1931.24,2748,1,75,16,0,0,20,Ref Review,245,Advantage,0,,0,,0,,0,,0,,0,,0,,0,,0,,0,0,0,0,1899-12-30T00:32:19Z,2,20,0,0,7,950,Samoa,750,Tonga,05/08/2023,15:00,13,9,34,9,10,3,70,Apia Park,-1,NA,1,2023,,,,0,,0,,271,Angus Gardner,1000642,Damon Murphy,1000613,Matthew Kellahan,-1,,3,International,N,L
740,937717,20156,Sonatane Takulua,750,Tonga,1932.00,1932.00,2749,1,75,16,0,0,18,Collection,631,General Catch,0,,0,,0,,0,,0,,0,,0,,0,,0,,0,0,0,0,1899-12-30T00:32:22Z,3,20,0,0,7,950,Samoa,750,Tonga,05/08/2023,15:00,13,9,34,9,10,3,70,Apia Park,-1,NA,1,2023,09,9,Scrum Half,0,,0,,271,Angus Gardner,1000642,Damon Murphy,1000613,Matthew Kellahan,-1,,3,International,N,L
741,937717,20156,Sonatane Takulua,750,Tonga,1932.00,1932.00,2749,1,75,16,0,0,47,Playmaker Options,671,Halfback at Breakdown,675,Playmaker Option - Pass,0,,0,,0,,0,,0,,0,,0,,0,,0,0,0,0,1899-12-30T00:32:22Z,3,20,0,0,7,950,Samoa,750,Tonga,05/08/2023,15:00,13,9,34,9,10,3,70,Apia Park,-1,NA,1,2023,09,9,Scrum Half,0,,0,,271,Angus Gardner,1000642,Damon Murphy,1000613,Matthew Kellahan,-1,,3,International,N,L
742,937717,20156,Sonatane Takulua,750,Tonga,1932.40,1932.88,2749,1,75,16,71,26,3,Pass,169,Complete,0,,686,Medium Pass,682,Right Pass,700,0th Receiver,0,,0,,0,,0,,0,,10,11,4,0,1899-12-30T00:32:23Z,3,20,0,0,7,950,Samoa,750,Tonga,05/08/2023,15:00,13,9,34,9,10,3,70,Apia Park,-1,NA,1,2023,09,9,Scrum Half,0,,0,,271,Angus Gardner,1000642,Damon Murphy,1000613,Matthew Kellahan,-1,,3,International,N,L
743,937717,18807,Ben Tameifuna,750,Tonga,1932.88,1932.88,2750,1,71,26,0,0,18,Collection,631,General Catch,0,,0,,0,,0,,0,,0,,0,,0,,0,,0,0,0,0,1899-12-30T00:32:23Z,3,20,0,0,7,950,Samoa,750,Tonga,05/08/2023,15:00,13,9,34,9,10,3,70,Apia Park,-1,NA,1,2023,03,3,Tighthead Prop,0,,0,,271,Angus Gardner,1000642,Damon Murphy,1000613,Matthew Kellahan,-1,,3,International,N,L
744,937717,18807,Ben Tameifuna,750,Tonga,1932.88,1932.88,2750,1,71,26,0,0,47,Playmaker Options,656,First Receiver,673,Playmaker Option - Carry,0,,0,,0,,0,,0,,0,,0,,0,,0,0,0,0,1899-12-30T00:32:23Z,3,20,0,0,7,950,Samoa,750,Tonga,05/08/2023,15:00,13,9,34,9,10,3,70,Apia Park,-1,NA,1,2023,03,3,Tighthead Prop,0,,0,,271,Angus Gardner,1000642,Damon Murphy,1000613,Matthew Kellahan,-1,,3,International,N,L
745,937717,18807,Ben Tameifuna,750,Tonga,1932.88,1935.08,2750,1,71,26,73,26,1,Carry,101,One Out Drive,108,Tackled Neutral,111,Failed Gain line,461,Neutral Contact,502,2 Tacklers Committed,701,1st Receiver,0,,0,,0,,0,,0,2,0,0,1899-12-30T00:32:23Z,3,20,0,0,7,950,Samoa,750,Tonga,05/08/2023,15:00,13,9,34,9,10,3,70,Apia Park,-1,NA,1,2023,03,3,Tighthead Prop,0,,0,,271,Angus Gardner,1000642,Damon Murphy,1000613,Matthew Kellahan,-1,,3,International,N,L
746,937717,20766,Chris Vui,950,Samoa,1933.88,1933.88,2751,1,27,42,0,0,2,Tackle,144,Line,153,Complete,0,,474,Neutral Tackle,708,1st Tackler,0,,0,,0,,0,,0,,0,0,0,0,1899-12-30T00:32:24Z,3,20,0,0,7,950,Samoa,750,Tonga,05/08/2023,15:00,13,9,34,9,10,3,70,Apia Park,-1,NA,1,2023,05,5,Lock (5),0,,0,,271,Angus Gardner,1000642,Damon Murphy,1000613,Matthew Kellahan,-1,,3,International,Y,W
747,937717,21998,Michael Alaalatoa,950,Samoa,1934.00,1934.00,2751,1,27,42,0,0,2,Tackle,144,Line,153,Complete,441,Assist,474,Neutral Tackle,709,2nd Tackler,0,,0,,0,,0,,0,,0,0,0,0,1899-12-30T00:32:24Z,3,20,0,0,7,950,Samoa,750,Tonga,05/08/2023,15:00,13,9,34,9,10,3,70,Apia Park,-1,NA,1,2023,03,3,Tighthead Prop,0,,0,,271,Angus Gardner,1000642,Damon Murphy,1000613,Matthew Kellahan,-1,,3,International,Y,W
748,937717,18807,Ben Tameifuna,750,Tonga,1935.08,1936.36,2752,1,73,26,0,0,23,Ruck,0,,401,Won Outright,549,Behind Previous Gainline,553,1-2 Seconds,662,Mid Right Open Movement Ruck,0,,0,,0,,0,,0,,0,0,-13,27,1899-12-30T00:32:25Z,3,20,0,0,7,950,Samoa,750,Tonga,05/08/2023,15:00,13,9,34,9,10,3,70,Apia Park,-1,NA,1,2023,03,3,Tighthead Prop,0,,0,,271,Angus Gardner,1000642,Damon Murphy,1000613,Matthew Kellahan,-1,,3,International,N,L
749,937717,21155,Vaea Fifita,750,Tonga,1935.80,1935.80,2753,1,73,26,0,0,43,Ruck OOA,574,Secured,583,Own Team 1st Entry,588,OOA Entry 1st Entry- Att,632,Attacking OOA,0,1,0,,0,,0,,0,,0,,0,0,0,0,1899-12-30T00:32:24Z,3,20,0,0,7,950,Samoa,750,Tonga,05/08/2023,15:00,13,9,34,9,10,3,70,Apia Park,-1,NA,1,2023,08,8,Number 8,0,,0,,271,Angus Gardner,1000642,Damon Murphy,1000613,Matthew Kellahan,-1,,3,International,N,L
750,937717,20156,Sonatane Takulua,750,Tonga,1936.36,1936.36,2753,1,72,27,0,0,18,Collection,631,General Catch,0,,0,,0,,0,,0,,0,,0,,0,,0,,0,0,0,0,1899-12-30T00:32:27Z,4,20,0,0,7,950,Samoa,750,Tonga,05/08/2023,15:00,13,9,34,9,10,3,70,Apia Park,-1,NA,1,2023,09,9,Scrum Half,0,,0,,271,Angus Gardner,1000642,Damon Murphy,1000613,Matthew Kellahan,-1,,3,International,N,L
751,937717,20156,Sonatane Takulua,750,Tonga,1936.36,1936.36,2753,1,72,27,0,0,47,Playmaker Options,671,Halfback at Breakdown,675,Playmaker Option - Pass,0,,0,,0,,0,,0,,0,,0,,0,,0,0,0,0,1899-12-30T00:32:27Z,4,20,0,0,7,950,Samoa,750,Tonga,05/08/2023,15:00,13,9,34,9,10,3,70,Apia Park,-1,NA,1,2023,09,9,Scrum Half,0,,0,,271,Angus Gardner,1000642,Damon Murphy,1000613,Matthew Kellahan,-1,,3,International,N,L
752,937717,20156,Sonatane Takulua,750,Tonga,1936.60,1937.24,2754,1,72,27,66,35,3,Pass,169,Complete,0,,686,Medium Pass,682,Right Pass,700,0th Receiver,0,,0,,0,,0,,0,,8,10,6,0,1899-12-30T00:32:27Z,4,20,0,0,7,950,Samoa,750,Tonga,05/08/2023,15:00,13,9,34,9,10,3,70,Apia Park,-1,NA,1,2023,09,9,Scrum Half,0,,0,,271,Angus Gardner,1000642,Damon Murphy,1000613,Matthew Kellahan,-1,,3,International,N,L
753,937717,28913,Otumaka Mausia,750,Tonga,1937.24,1937.24,2754,1,66,35,0,0,18,Collection,631,General Catch,0,,0,,0,,0,,0,,0,,0,,0,,0,,0,0,0,0,1899-12-30T00:32:28Z,4,20,0,0,7,950,Samoa,750,Tonga,05/08/2023,15:00,13,9,34,9,10,3,70,Apia Park,-1,NA,1,2023,22,10,Fly Half,0,,0,,271,Angus Gardner,1000642,Damon Murphy,1000613,Matthew Kellahan,-1,,3,International,N,L
754,937717,28913,Otumaka Mausia,750,Tonga,1937.24,1937.24,2754,1,66,35,0,0,47,Playmaker Options,656,First Receiver,675,Playmaker Option - Pass,0,,0,,0,,0,,0,,0,,0,,0,,0,0,0,0,1899-12-30T00:32:28Z,4,20,0,0,7,950,Samoa,750,Tonga,05/08/2023,15:00,13,9,34,9,10,3,70,Apia Park,-1,NA,1,2023,22,10,Fly Half,0,,0,,271,Angus Gardner,1000642,Damon Murphy,1000613,Matthew Kellahan,-1,,3,International,N,L
755,937717,28913,Otumaka Mausia,750,Tonga,1937.96,1941.16,2755,1,68,37,60,53,3,Pass,174,Incomplete,0,,680,Long Pass,682,Right Pass,701,1st Receiver,0,,0,,0,,0,,0,,16,18,8,0,1899-12-30T00:32:28Z,4,20,0,0,7,950,Samoa,750,Tonga,05/08/2023,15:00,13,9,34,9,10,3,70,Apia Park,-1,NA,1,2023,22,10,Fly Half,0,,0,,271,Angus Gardner,1000642,Damon Murphy,1000613,Matthew Kellahan,-1,,3,International,N,L
756,937717,0,,750,Tonga,1916.84,1941.16,2758,1,71,27,60,53,15,Possession,309,Scrum,316,Pen Won,0,,684,Fails to enter into Opposition 22,0,,0,,0,,0,,0,,0,,-11,0,0,0,1899-12-30T00:32:07Z,4,20,0,0,7,950,Samoa,750,Tonga,05/08/2023,15:00,13,9,34,9,10,3,70,Apia Park,-1,NA,1,2023,,,,0,,0,,271,Angus Gardner,1000642,Damon Murphy,1000613,Matthew Kellahan,-1,,3,International,N,L
757,937717,0,,750,Tonga,1916.84,1941.16,2758,1,71,27,60,53,26,Sequences,309,Scrum,316,Pen Won,0,,0,,0,,0,,0,,0,,0,,0,,-11,0,0,0,1899-12-30T00:32:07Z,4,20,0,0,7,950,Samoa,750,Tonga,05/08/2023,15:00,13,9,34,9,10,3,70,Apia Park,-1,NA,1,2023,,,,0,,0,,271,Angus Gardner,1000642,Damon Murphy,1000613,Matthew Kellahan,-1,,3,International,N,L
758,937717,28913,Otumaka Mausia,750,Tonga,2016.48,2018.56,2913,1,74,20,103,35,11,Goal Kick,297,Penalty Goal,299,Goal Kicked,0,,0,,0,,0,,0,,0,,0,,0,,26,29,0,0,1899-12-30T00:33:47Z,1,20,0,0,4,950,Samoa,750,Tonga,05/08/2023,15:00,13,9,34,9,10,3,70,Apia Park,-1,NA,1,2023,22,10,Fly Half,0,,0,,271,Angus Gardner,1000642,Damon Murphy,1000613,Matthew Kellahan,-1,,3,International,N,L
759,937717,0,,750,Tonga,2016.48,2018.56,2916,1,74,20,103,35,26,Sequences,781,Penalty Goal,783,Penalty Goal Scored,0,,0,,0,,0,,0,,0,,0,,0,,26,0,0,0,1899-12-30T00:33:47Z,1,20,0,0,4,950,Samoa,750,Tonga,05/08/2023,15:00,13,9,34,9,10,3,70,Apia Park,-1,NA,1,2023,,,,0,,0,,271,Angus Gardner,1000642,Damon Murphy,1000613,Matthew Kellahan,-1,,3,International,N,L
760,937717,25212,D'Angelo Leuila,950,Samoa,2047.36,2051.60,2944,1,50,34,85,53,14,Restart,281,50m Restart,286,Restart Opp Collection,288,Long,753,Kicked Right,0,,0,,0,,0,,0,,0,,36,41,20,0,1899-12-30T00:34:18Z,1,20,0,0,4,950,Samoa,750,Tonga,05/08/2023,15:00,13,9,34,9,10,3,70,Apia Park,-1,NA,1,2023,10,10,Fly Half,0,,0,,271,Angus Gardner,1000642,Damon Murphy,1000613,Matthew Kellahan,-1,,3,International,Y,W
761,937717,28913,Otumaka Mausia,750,Tonga,2051.60,2051.60,2949,1,15,15,0,0,18,Collection,275,Restart Catch,277,Success,0,,0,,0,,0,,0,,0,,0,,0,,0,0,0,0,1899-12-30T00:34:22Z,1,21,0,0,4,950,Samoa,750,Tonga,05/08/2023,15:00,13,9,34,9,10,3,70,Apia Park,-1,NA,1,2023,22,10,Fly Half,0,,0,,271,Angus Gardner,1000642,Damon Murphy,1000613,Matthew Kellahan,-1,,3,International,N,L
762,937717,0,,750,Tonga,2051.60,2051.60,2949,1,15,15,0,0,45,Defensive Exits,629,Carried out of 22,0,,0,,0,,0,,0,,0,,0,,0,,0,,0,0,0,0,1899-12-30T00:34:22Z,1,21,0,0,4,950,Samoa,750,Tonga,05/08/2023,15:00,13,9,34,9,10,3,70,Apia Park,-1,NA,1,2023,,,,0,,0,,271,Angus Gardner,1000642,Damon Murphy,1000613,Matthew Kellahan,-1,,3,International,N,L
763,937717,28913,Otumaka Mausia,750,Tonga,2051.60,2055.40,2949,1,15,15,22,11,1,Carry,105,Restart Return,122,Off Load,109,Crossed Gain line,460,Dominant Contact,503,3 Tacklers Committed,700,0th Receiver,0,,0,,0,,0,,7,7,7,4,1899-12-30T00:34:22Z,1,21,0,0,4,950,Samoa,750,Tonga,05/08/2023,15:00,13,9,34,9,10,3,70,Apia Park,-1,NA,1,2023,22,10,Fly Half,0,,0,,271,Angus Gardner,1000642,Damon Murphy,1000613,Matthew Kellahan,-1,,3,International,N,L
764,937717,19601,Ulupano Seuteni,950,Samoa,2052.04,2052.04,2949,1,85,52,0,0,2,Tackle,142,Chase,161,Missed,0,,475,Ineffective Tackle,708,1st Tackler,0,,0,,0,,0,,0,,0,0,0,0,1899-12-30T00:34:22Z,1,21,0,0,4,950,Samoa,750,Tonga,05/08/2023,15:00,13,9,34,9,10,3,70,Apia Park,-1,NA,1,2023,13,13,Outside Centre,0,,0,,271,Angus Gardner,1000642,Damon Murphy,1000613,Matthew Kellahan,-1,,3,International,Y,W
765,937717,19601,Ulupano Seuteni,950,Samoa,2052.04,2052.04,2949,1,85,52,0,0,12,Missed Tackle,162,Bumped Off,166,Tackled,0,,0,,0,,0,,0,,0,,0,,0,,0,0,0,0,1899-12-30T00:34:22Z,1,21,0,0,4,950,Samoa,750,Tonga,05/08/2023,15:00,13,9,34,9,10,3,70,Apia Park,-1,NA,1,2023,13,13,Outside Centre,0,,0,,271,Angus Gardner,1000642,Damon Murphy,1000613,Matthew Kellahan,-1,,3,International,Y,W
766,937717,28913,Otumaka Mausia,750,Tonga,2052.32,2052.32,2949,1,15,16,0,0,10,Attacking Qualities,116,Defender Beaten,0,,0,,0,,0,,0,,0,,0,,0,,0,,0,0,0,0,1899-12-30T00:34:23Z,1,21,0,0,4,950,Samoa,750,Tonga,05/08/2023,15:00,13,9,34,9,10,3,70,Apia Park,-1,NA,1,2023,22,10,Fly Half,0,,0,,271,Angus Gardner,1000642,Damon Murphy,1000613,Matthew Kellahan,-1,,3,International,N,L
767,937717,20766,Chris Vui,950,Samoa,2053.60,2053.60,2951,1,83,57,0,0,2,Tackle,142,Chase,161,Missed,441,Assist,475,Ineffective Tackle,709,2nd Tackler,0,,0,,0,,0,,0,,0,0,0,0,1899-12-30T00:34:24Z,1,21,0,0,4,950,Samoa,750,Tonga,05/08/2023,15:00,13,9,34,9,10,3,70,Apia Park,-1,NA,1,2023,05,5,Lock (5),0,,0,,271,Angus Gardner,1000642,Damon Murphy,1000613,Matthew Kellahan,-1,,3,International,Y,W
768,937717,20766,Chris Vui,950,Samoa,2053.60,2053.60,2951,1,83,57,0,0,12,Missed Tackle,162,Bumped Off,166,Tackled,0,,0,,0,,0,,0,,0,,0,,0,,0,0,0,0,1899-12-30T00:34:24Z,1,21,0,0,4,950,Samoa,750,Tonga,05/08/2023,15:00,13,9,34,9,10,3,70,Apia Park,-1,NA,1,2023,05,5,Lock (5),0,,0,,271,Angus Gardner,1000642,Damon Murphy,1000613,Matthew Kellahan,-1,,3,International,Y,W
769,937717,28913,Otumaka Mausia,750,Tonga,2054.00,2054.00,2951,1,17,11,0,0,10,Attacking Qualities,116,Defender Beaten,0,,0,,0,,0,,0,,0,,0,,0,,0,,0,0,0,0,1899-12-30T00:34:24Z,1,21,0,0,4,950,Samoa,750,Tonga,05/08/2023,15:00,13,9,34,9,10,3,70,Apia Park,-1,NA,1,2023,22,10,Fly Half,0,,0,,271,Angus Gardner,1000642,Damon Murphy,1000613,Matthew Kellahan,-1,,3,International,N,L
770,937717,20546,Nigel Ah Wong,950,Samoa,2054.32,2054.32,2951,1,82,58,0,0,2,Tackle,142,Chase,155,Offload Allowed,441,Assist,475,Ineffective Tackle,710,3rd Tackler,0,,0,,0,,0,,0,,0,0,0,0,1899-12-30T00:34:25Z,1,21,0,0,4,950,Samoa,750,Tonga,05/08/2023,15:00,13,9,34,9,10,3,70,Apia Park,-1,NA,1,2023,14,14,Right Wing,0,,0,,271,Angus Gardner,1000642,Damon Murphy,1000613,Matthew Kellahan,-1,,3,International,Y,W
771,937717,28913,Otumaka Mausia,750,Tonga,2055.40,2055.40,2952,1,22,11,0,0,8,Turnover,250,Bad Offload,677,Error on Attack,0,,0,,0,,0,,0,,0,,0,,0,,0,0,0,0,1899-12-30T00:34:26Z,1,21,0,0,4,950,Samoa,750,Tonga,05/08/2023,15:00,13,9,34,9,10,3,70,Apia Park,-1,NA,1,2023,22,10,Fly Half,0,,0,,271,Angus Gardner,1000642,Damon Murphy,1000613,Matthew Kellahan,-1,,3,International,N,L
772,937717,28913,Otumaka Mausia,750,Tonga,2055.40,2055.96,2952,1,22,11,23,7,3,Pass,151,Offload,130,To Opposition,679,Short Pass,681,Left Pass,700,0th Receiver,0,,0,,0,,0,,0,,5,5,1,0,1899-12-30T00:34:26Z,1,21,0,0,4,950,Samoa,750,Tonga,05/08/2023,15:00,13,9,34,9,10,3,70,Apia Park,-1,NA,1,2023,22,10,Fly Half,0,,0,,271,Angus Gardner,1000642,Damon Murphy,1000613,Matthew Kellahan,-1,,3,International,N,L
773,937717,43727,Miracle Faiilagi,950,Samoa,2055.96,2058.08,2953,1,77,61,63,64,4,Kick,191,Low,201,Own Player - Collected,185,Kick in Play,0,,0,,0,,0,,0,,0,,0,,0,14,0,0,1899-12-30T00:34:28Z,1,21,0,0,4,950,Samoa,750,Tonga,05/08/2023,15:00,13,9,34,9,10,3,70,Apia Park,-1,NA,1,2023,06,6,Blindside Flanker,0,,0,,271,Angus Gardner,1000642,Damon Murphy,1000613,Matthew Kellahan,-1,,3,International,Y,W
774,937717,0,,750,Tonga,2051.60,2058.08,2955,1,15,15,37,4,15,Possession,307,50m Restart,318,Turnover,0,,684,Fails to enter into Opposition 22,0,,0,,0,,0,,0,,0,,22,0,0,0,1899-12-30T00:34:22Z,1,21,0,0,4,950,Samoa,750,Tonga,05/08/2023,15:00,13,9,34,9,10,3,70,Apia Park,-1,NA,1,2023,,,,0,,0,,271,Angus Gardner,1000642,Damon Murphy,1000613,Matthew Kellahan,-1,,3,International,N,L
775,937717,43727,Miracle Faiilagi,950,Samoa,2058.08,2058.08,2955,1,63,64,0,0,18,Collection,274,Defensive Loose Ball,277,Success,0,,0,,0,,0,,0,,0,,0,,0,,0,0,0,0,1899-12-30T00:34:28Z,1,22,0,0,4,950,Samoa,750,Tonga,05/08/2023,15:00,13,9,34,9,10,3,70,Apia Park,-1,NA,1,2023,06,6,Blindside Flanker,0,,0,,271,Angus Gardner,1000642,Damon Murphy,1000613,Matthew Kellahan,-1,,3,International,Y,W
776,937717,43727,Miracle Faiilagi,950,Samoa,2058.08,2058.92,2955,1,63,64,64,66,1,Carry,104,Kick Return,107,Tackled Dominant,109,Crossed Gain line,460,Dominant Contact,501,1 Tacklers Committed,700,0th Receiver,0,,0,,0,,0,,1,1,0,0,1899-12-30T00:34:28Z,1,22,0,0,4,950,Samoa,750,Tonga,05/08/2023,15:00,13,9,34,9,10,3,70,Apia Park,-1,NA,1,2023,06,6,Blindside Flanker,0,,0,,271,Angus Gardner,1000642,Damon Murphy,1000613,Matthew Kellahan,-1,,3,International,Y,W
777,937717,11292,Steve Mafi,750,Tonga,2059.12,2059.12,2956,1,36,2,0,0,2,Tackle,142,Chase,160,Passive,0,,475,Ineffective Tackle,708,1st Tackler,0,,0,,0,,0,,0,,0,0,0,0,1899-12-30T00:34:28Z,1,22,0,0,4,950,Samoa,750,Tonga,05/08/2023,15:00,13,9,34,9,10,3,70,Apia Park,-1,NA,1,2023,05,5,Lock (5),0,,0,,271,Angus Gardner,1000642,Damon Murphy,1000613,Matthew Kellahan,-1,,3,International,N,L
778,937717,0,,950,Samoa,2047.36,2060.88,2958,1,50,34,64,66,26,Sequences,307,50m Restart,317,Scrum,0,,0,,0,,0,,0,,0,,0,,0,,14,0,0,0,1899-12-30T00:34:18Z,1,22,0,0,4,950,Samoa,750,Tonga,05/08/2023,15:00,13,9,34,9,10,3,70,Apia Park,-1,NA,1,2023,,,,0,,0,,271,Angus Gardner,1000642,Damon Murphy,1000613,Matthew Kellahan,-1,,3,International,Y,W
779,937717,0,,950,Samoa,2058.08,2060.88,2958,1,63,64,64,66,15,Possession,308,Turnover Won,317,Scrum,0,,684,Fails to enter into Opposition 22,0,,0,,0,,0,,0,,0,,1,0,0,0,1899-12-30T00:34:28Z,1,22,0,0,4,950,Samoa,750,Tonga,05/08/2023,15:00,13,9,34,9,10,3,70,Apia Park,-1,NA,1,2023,,,,0,,0,,271,Angus Gardner,1000642,Damon Murphy,1000613,Matthew Kellahan,-1,,3,International,Y,W
780,937717,0,,950,Samoa,2081.80,2327.40,3019,1,36,2,0,0,17,Period,0,Period,0,,0,,0,,0,,0,,0,,0,,0,,0,,0,0,0,0,1899-12-30T00:38:55Z,1,22,0,0,4,950,Samoa,750,Tonga,05/08/2023,15:00,13,9,34,9,10,6,70,Apia Park,-1,NA,1,2023,,,,0,,0,,271,Angus Gardner,1000642,Damon Murphy,1000613,Matthew Kellahan,-1,,3,International,Y,W
781,937717,19601,Ulupano Seuteni,950,Samoa,2218.96,2218.96,3019,1,64,66,0,0,41,Sub Out,563,Injury,0,,0,,0,,0,,0,,0,,0,,0,,0,,0,0,0,0,1899-12-30T00:37:09Z,1,22,0,-1,4,950,Samoa,750,Tonga,05/08/2023,15:00,13,9,34,9,10,6,70,Apia Park,-1,NA,1,2023,13,13,Outside Centre,0,,0,,271,Angus Gardner,1000642,Damon Murphy,1000613,Matthew Kellahan,-1,,3,International,Y,W
782,937717,9023,Christian Leali'ifano,950,Samoa,2219.00,2219.00,3019,1,64,66,0,0,42,Sub In,563,Injury,0,,0,,0,,0,,0,,0,,0,,0,,0,,0,0,0,0,1899-12-30T00:37:09Z,1,22,0,0,4,950,Samoa,750,Tonga,05/08/2023,15:00,13,9,34,9,10,6,70,Apia Park,-1,NA,1,2023,22,10,Fly Half,0,,0,,271,Angus Gardner,1000642,Damon Murphy,1000613,Matthew Kellahan,-1,,3,International,Y,W
783,937717,23399,Jonathan Taumateine,950,Samoa,2348.48,2353.00,3040,1,74,63,0,0,5,Scrum,0,,357,Won Penalty,365,Neutral,0,,676,N/A Movement Scrum,0,,0,,0,,0,,0,,0,0,0,0,1899-12-30T00:39:19Z,1,22,0,0,4,950,Samoa,750,Tonga,05/08/2023,15:00,13,9,34,9,10,6,70,Apia Park,-1,NA,1,2023,09,9,Scrum Half,0,,0,,271,Angus Gardner,1000642,Damon Murphy,1000613,Matthew Kellahan,-1,,3,International,Y,W
784,937717,10081,Charlie Faumuina,950,Samoa,2348.48,2353.00,3040,1,74,63,0,0,28,,0,,357,Won Penalty,365,Neutral,0,,0,,0,,0,,0,,0,,0,,0,0,0,0,1899-12-30T00:39:19Z,1,22,0,0,4,950,Samoa,750,Tonga,05/08/2023,15:00,13,9,34,9,10,6,70,Apia Park,-1,NA,1,2023,01,1,Loosehead Prop,0,,0,,271,Angus Gardner,1000642,Damon Murphy,1000613,Matthew Kellahan,-1,,3,International,Y,W
785,937717,27662,Sama Malolo,950,Samoa,2348.48,2353.00,3040,1,74,63,0,0,28,,0,,357,Won Penalty,365,Neutral,0,,0,,0,,0,,0,,0,,0,,0,0,0,0,1899-12-30T00:39:19Z,1,22,0,0,4,950,Samoa,750,Tonga,05/08/2023,15:00,13,9,34,9,10,6,70,Apia Park,-1,NA,1,2023,02,2,Hooker,0,,0,,271,Angus Gardner,1000642,Damon Murphy,1000613,Matthew Kellahan,-1,,3,International,Y,W
786,937717,21998,Michael Alaalatoa,950,Samoa,2348.48,2353.00,3040,1,74,63,0,0,28,,0,,357,Won Penalty,365,Neutral,0,,0,,0,,0,,0,,0,,0,,0,0,0,0,1899-12-30T00:39:19Z,1,22,0,0,4,950,Samoa,750,Tonga,05/08/2023,15:00,13,9,34,9,10,6,70,Apia Park,-1,NA,1,2023,03,3,Tighthead Prop,0,,0,,271,Angus Gardner,1000642,Damon Murphy,1000613,Matthew Kellahan,-1,,3,International,Y,W
787,937717,20806,Brian Alainu'uese,950,Samoa,2348.48,2353.00,3040,1,74,63,0,0,28,,0,,357,Won Penalty,365,Neutral,0,,0,,0,,0,,0,,0,,0,,0,0,0,0,1899-12-30T00:39:19Z,1,22,0,0,4,950,Samoa,750,Tonga,05/08/2023,15:00,13,9,34,9,10,6,70,Apia Park,-1,NA,1,2023,04,4,Lock (4),0,,0,,271,Angus Gardner,1000642,Damon Murphy,1000613,Matthew Kellahan,-1,,3,International,Y,W
788,937717,20766,Chris Vui,950,Samoa,2348.48,2353.00,3040,1,74,63,0,0,28,,0,,357,Won Penalty,365,Neutral,0,,0,,0,,0,,0,,0,,0,,0,0,0,0,1899-12-30T00:39:19Z,1,22,0,0,4,950,Samoa,750,Tonga,05/08/2023,15:00,13,9,34,9,10,6,70,Apia Park,-1,NA,1,2023,05,5,Lock (5),0,,0,,271,Angus Gardner,1000642,Damon Murphy,1000613,Matthew Kellahan,-1,,3,International,Y,W
789,937717,43727,Miracle Faiilagi,950,Samoa,2348.48,2353.00,3040,1,74,63,0,0,28,,0,,357,Won Penalty,365,Neutral,0,,0,,0,,0,,0,,0,,0,,0,0,0,0,1899-12-30T00:39:19Z,1,22,0,0,4,950,Samoa,750,Tonga,05/08/2023,15:00,13,9,34,9,10,6,70,Apia Park,-1,NA,1,2023,06,6,Blindside Flanker,0,,0,,271,Angus Gardner,1000642,Damon Murphy,1000613,Matthew Kellahan,-1,,3,International,Y,W
790,937717,10607,Jack Lam,950,Samoa,2348.48,2353.00,3040,1,74,63,0,0,28,,0,,357,Won Penalty,365,Neutral,0,,0,,0,,0,,0,,0,,0,,0,0,0,0,1899-12-30T00:39:19Z,1,22,0,0,4,950,Samoa,750,Tonga,05/08/2023,15:00,13,9,34,9,10,6,70,Apia Park,-1,NA,1,2023,07,7,Openside Flanker,0,,0,,271,Angus Gardner,1000642,Damon Murphy,1000613,Matthew Kellahan,-1,,3,International,Y,W
791,937717,18506,Steven Luatua,950,Samoa,2348.48,2353.00,3040,1,74,63,0,0,28,,0,,357,Won Penalty,365,Neutral,0,,0,,0,,0,,0,,0,,0,,0,0,0,0,1899-12-30T00:39:19Z,1,22,0,0,4,950,Samoa,750,Tonga,05/08/2023,15:00,13,9,34,9,10,6,70,Apia Park,-1,NA,1,2023,08,8,Number 8,0,,0,,271,Angus Gardner,1000642,Damon Murphy,1000613,Matthew Kellahan,-1,,3,International,Y,W
792,937717,22136,Siegfried Fisi'ihoi,750,Tonga,2348.48,2353.00,3040,1,74,63,0,0,29,,0,,357,Won Penalty,365,Neutral,0,,0,,0,,0,,0,,0,,0,,0,0,0,0,1899-12-30T00:39:19Z,1,22,0,0,4,950,Samoa,750,Tonga,05/08/2023,15:00,13,9,34,9,10,6,70,Apia Park,-1,NA,1,2023,01,1,Loosehead Prop,0,,0,,271,Angus Gardner,1000642,Damon Murphy,1000613,Matthew Kellahan,-1,,3,International,N,L
793,937717,35331,Siua Maile,750,Tonga,2348.48,2353.00,3040,1,74,63,0,0,29,,0,,357,Won Penalty,365,Neutral,0,,0,,0,,0,,0,,0,,0,,0,0,0,0,1899-12-30T00:39:19Z,1,22,0,0,4,950,Samoa,750,Tonga,05/08/2023,15:00,13,9,34,9,10,6,70,Apia Park,-1,NA,1,2023,02,2,Hooker,0,,0,,271,Angus Gardner,1000642,Damon Murphy,1000613,Matthew Kellahan,-1,,3,International,N,L
794,937717,18807,Ben Tameifuna,750,Tonga,2348.48,2353.00,3040,1,74,63,0,0,29,,0,,357,Won Penalty,365,Neutral,0,,0,,0,,0,,0,,0,,0,,0,0,0,0,1899-12-30T00:39:19Z,1,22,0,0,4,950,Samoa,750,Tonga,05/08/2023,15:00,13,9,34,9,10,6,70,Apia Park,-1,NA,1,2023,03,3,Tighthead Prop,0,,0,,271,Angus Gardner,1000642,Damon Murphy,1000613,Matthew Kellahan,-1,,3,International,N,L
795,937717,26114,Leva Fifita,750,Tonga,2348.48,2353.00,3040,1,74,63,0,0,29,,0,,357,Won Penalty,365,Neutral,0,,0,,0,,0,,0,,0,,0,,0,0,0,0,1899-12-30T00:39:19Z,1,22,0,0,4,950,Samoa,750,Tonga,05/08/2023,15:00,13,9,34,9,10,6,70,Apia Park,-1,NA,1,2023,04,4,Lock (4),0,,0,,271,Angus Gardner,1000642,Damon Murphy,1000613,Matthew Kellahan,-1,,3,International,N,L
796,937717,11292,Steve Mafi,750,Tonga,2348.48,2353.00,3040,1,74,63,0,0,29,,0,,357,Won Penalty,365,Neutral,0,,0,,0,,0,,0,,0,,0,,0,0,0,0,1899-12-30T00:39:19Z,1,22,0,0,4,950,Samoa,750,Tonga,05/08/2023,15:00,13,9,34,9,10,6,70,Apia Park,-1,NA,1,2023,05,5,Lock (5),0,,0,,271,Angus Gardner,1000642,Damon Murphy,1000613,Matthew Kellahan,-1,,3,International,N,L
797,937717,28270,Tanginoa Halaifonua,750,Tonga,2348.48,2353.00,3040,1,74,63,0,0,29,,0,,357,Won Penalty,365,Neutral,0,,0,,0,,0,,0,,0,,0,,0,0,0,0,1899-12-30T00:39:19Z,1,22,0,0,4,950,Samoa,750,Tonga,05/08/2023,15:00,13,9,34,9,10,6,70,Apia Park,-1,NA,1,2023,06,6,Blindside Flanker,0,,0,,271,Angus Gardner,1000642,Damon Murphy,1000613,Matthew Kellahan,-1,,3,International,N,L
798,937717,29249,Sione Havili Talitui,750,Tonga,2348.48,2353.00,3040,1,74,63,0,0,29,,0,,357,Won Penalty,365,Neutral,0,,0,,0,,0,,0,,0,,0,,0,0,0,0,1899-12-30T00:39:19Z,1,22,0,0,4,950,Samoa,750,Tonga,05/08/2023,15:00,13,9,34,9,10,6,70,Apia Park,-1,NA,1,2023,07,7,Openside Flanker,0,,0,,271,Angus Gardner,1000642,Damon Murphy,1000613,Matthew Kellahan,-1,,3,International,N,L
799,937717,21155,Vaea Fifita,750,Tonga,2348.48,2353.00,3040,1,74,63,0,0,29,,0,,357,Won Penalty,365,Neutral,0,,0,,0,,0,,0,,0,,0,,0,0,0,0,1899-12-30T00:39:19Z,1,22,0,0,4,950,Samoa,750,Tonga,05/08/2023,15:00,13,9,34,9,10,6,70,Apia Park,-1,NA,1,2023,08,8,Number 8,0,,0,,271,Angus Gardner,1000642,Damon Murphy,1000613,Matthew Kellahan,-1,,3,International,N,L
800,937717,18807,Ben Tameifuna,750,Tonga,2351.40,2351.40,3043,1,26,5,0,0,7,Penalty Conceded,222,Scrum Offence,236,No Action,215,Defence,233,Full Penalty,426,Collapsing,0,,0,,0,,0,,0,,0,0,0,0,1899-12-30T00:39:22Z,1,22,0,0,4,950,Samoa,750,Tonga,05/08/2023,15:00,13,9,34,9,10,6,70,Apia Park,-1,NA,1,2023,03,3,Tighthead Prop,0,,0,,271,Angus Gardner,1000642,Damon Murphy,1000613,Matthew Kellahan,-1,,3,International,N,L
801,937717,0,,950,Samoa,2348.48,2353.00,3044,1,74,63,74,63,26,Sequences,309,Scrum,316,Pen Won,0,,0,,0,,0,,0,,0,,0,,0,,0,0,0,0,1899-12-30T00:39:19Z,1,22,0,0,4,950,Samoa,750,Tonga,05/08/2023,15:00,13,9,34,9,10,6,70,Apia Park,-1,NA,1,2023,,,,0,,0,,271,Angus Gardner,1000642,Damon Murphy,1000613,Matthew Kellahan,-1,,3,International,Y,W
802,937717,25212,D'Angelo Leuila,950,Samoa,2433.76,2436.28,3205,1,66,63,102,38,11,Goal Kick,297,Penalty Goal,298,Goal Missed,534,Missed Right,0,,0,,0,,0,,0,,0,,0,,34,45,0,0,1899-12-30T00:40:44Z,1,22,0,0,4,950,Samoa,750,Tonga,05/08/2023,15:00,13,9,34,9,10,6,70,Apia Park,-1,NA,1,2023,10,10,Fly Half,0,,0,,271,Angus Gardner,1000642,Damon Murphy,1000613,Matthew Kellahan,-1,,3,International,Y,W
803,937717,0,,950,Samoa,2433.76,2436.28,3208,1,66,63,102,38,26,Sequences,781,Penalty Goal,784,Penalty Goal Missed,0,,0,,0,,0,,0,,0,,0,,0,,34,0,0,0,1899-12-30T00:40:44Z,1,22,0,0,4,950,Samoa,750,Tonga,05/08/2023,15:00,13,9,34,9,10,6,70,Apia Park,-1,NA,1,2023,,,,0,,0,,271,Angus Gardner,1000642,Damon Murphy,1000613,Matthew Kellahan,-1,,3,International,Y,W
804,937717,0,,750,Tonga,2465.64,2465.64,3237,1,22,37,0,0,45,Defensive Exits,630,Kicked out of 22,0,,0,,0,,0,,0,,0,,0,,0,,0,,0,0,0,0,1899-12-30T00:41:16Z,1,22,0,0,4,950,Samoa,750,Tonga,05/08/2023,15:00,13,9,34,9,10,6,70,Apia Park,-1,NA,1,2023,,,,0,,0,,271,Angus Gardner,1000642,Damon Murphy,1000613,Matthew Kellahan,-1,,3,International,N,L
805,937717,28913,Otumaka Mausia,750,Tonga,2465.64,2470.28,3237,1,22,37,88,47,14,Restart,282,22m Restart,286,Restart Opp Collection,288,Long,753,Kicked Right,0,,0,,0,,0,,0,,0,,66,67,11,0,1899-12-30T00:41:16Z,1,22,0,0,4,950,Samoa,750,Tonga,05/08/2023,15:00,13,9,34,9,10,6,70,Apia Park,-1,NA,1,2023,22,10,Fly Half,0,,0,,271,Angus Gardner,1000642,Damon Murphy,1000613,Matthew Kellahan,-1,,3,International,N,L
806,937717,10552,Tim Nanai-Williams,950,Samoa,2470.28,2470.28,3242,1,12,21,0,0,18,Collection,275,Restart Catch,277,Success,0,,0,,0,,0,,0,,0,,0,,0,,0,0,0,0,1899-12-30T00:41:21Z,1,23,0,0,4,950,Samoa,750,Tonga,05/08/2023,15:00,13,9,34,9,10,6,70,Apia Park,-1,NA,1,2023,15,15,Full Back,0,,0,,271,Angus Gardner,1000642,Damon Murphy,1000613,Matthew Kellahan,-1,,3,International,Y,W
807,937717,0,,950,Samoa,2470.28,2470.28,3242,1,12,21,0,0,45,Defensive Exits,629,Carried out of 22,0,,0,,0,,0,,0,,0,,0,,0,,0,,0,0,0,0,1899-12-30T00:41:21Z,1,23,0,0,4,950,Samoa,750,Tonga,05/08/2023,15:00,13,9,34,9,10,6,70,Apia Park,-1,NA,1,2023,,,,0,,0,,271,Angus Gardner,1000642,Damon Murphy,1000613,Matthew Kellahan,-1,,3,International,Y,W
808,937717,10552,Tim Nanai-Williams,950,Samoa,2470.28,2473.56,3242,1,12,21,22,17,1,Carry,105,Restart Return,120,Kick,109,Crossed Gain line,0,,500,0 Tacklers Committed,700,0th Receiver,0,,0,,0,,0,,10,10,0,0,1899-12-30T00:41:21Z,1,23,0,0,4,950,Samoa,750,Tonga,05/08/2023,15:00,13,9,34,9,10,6,70,Apia Park,-1,NA,1,2023,15,15,Full Back,0,,0,,271,Angus Gardner,1000642,Damon Murphy,1000613,Matthew Kellahan,-1,,3,International,Y,W
809,937717,10552,Tim Nanai-Williams,950,Samoa,2473.56,2476.56,3245,1,22,17,55,0,4,Kick,347,Touch Kick,193,Kick in Touch (Full),185,Kick in Play,0,,0,,0,,0,,0,,0,,0,,33,37,0,0,1899-12-30T00:41:24Z,1,23,0,0,4,950,Samoa,750,Tonga,05/08/2023,15:00,13,9,34,9,10,6,70,Apia Park,-1,NA,1,2023,15,15,Full Back,0,,0,,271,Angus Gardner,1000642,Damon Murphy,1000613,Matthew Kellahan,-1,,3,International,Y,W
810,937717,0,,750,Tonga,2465.64,2476.56,3248,1,22,37,45,68,26,Sequences,305,22m Restart,315,Kick Out of Play,0,,0,,0,,0,,0,,0,,0,,0,,24,0,0,0,1899-12-30T00:41:16Z,1,23,0,0,4,950,Samoa,750,Tonga,05/08/2023,15:00,13,9,34,9,10,6,70,Apia Park,-1,NA,1,2023,,,,0,,0,,271,Angus Gardner,1000642,Damon Murphy,1000613,Matthew Kellahan,-1,,3,International,N,L
811,937717,0,,950,Samoa,2470.28,2476.56,3248,1,12,21,55,0,15,Possession,305,22m Restart,315,Kick Out of Play,0,,684,Fails to enter into Opposition 22,0,,0,,0,,0,,0,,0,,43,0,0,0,1899-12-30T00:41:21Z,1,23,0,0,4,950,Samoa,750,Tonga,05/08/2023,15:00,13,9,34,9,10,6,70,Apia Park,-1,NA,1,2023,,,,0,,0,,271,Angus Gardner,1000642,Damon Murphy,1000613,Matthew Kellahan,-1,,3,International,Y,W
812,937717,35331,Siua Maile,750,Tonga,2499.80,2503.80,3311,1,45,68,45,55,6,Lineout Throw,373,Throw Back,381,Lost Not Straight,207,Catch and Drive,0,5+1,676,N/A Movement Lineout,730,5 Players,725,Forward at Halfback (+1),0,,0,,0,,13,0,0,0,1899-12-30T00:41:50Z,1,23,0,0,4,950,Samoa,750,Tonga,05/08/2023,15:00,13,9,34,9,10,6,70,Apia Park,-1,NA,1,2023,02,2,Hooker,0,,0,,271,Angus Gardner,1000642,Damon Murphy,1000613,Matthew Kellahan,-1,,3,International,N,L
813,937717,0,,750,Tonga,2499.80,2503.80,3315,1,45,68,45,55,26,Sequences,348,Lineout Steal,320,Other,0,,0,,0,,0,,0,,0,,0,,0,,0,0,0,0,1899-12-30T00:41:50Z,1,23,0,0,4,950,Samoa,750,Tonga,05/08/2023,15:00,13,9,34,9,10,6,70,Apia Park,-1,NA,1,2023,,,,0,,0,,271,Angus Gardner,1000642,Damon Murphy,1000613,Matthew Kellahan,-1,,3,International,N,L
814,937717,23399,Jonathan Taumateine,950,Samoa,2570.48,2573.24,3422,1,55,15,0,0,5,Scrum,370,No 8 Pick Up,353,Won Outright,366,Negative,363,Clockwise,660,Wide Right Open Movement Scrum,0,,0,,0,,0,,0,,0,0,-7,40,1899-12-30T00:43:01Z,1,24,0,0,4,950,Samoa,750,Tonga,05/08/2023,15:00,13,9,34,9,10,6,70,Apia Park,-1,NA,1,2023,09,9,Scrum Half,0,,0,,271,Angus Gardner,1000642,Damon Murphy,1000613,Matthew Kellahan,-1,,3,International,Y,W
815,937717,10081,Charlie Faumuina,950,Samoa,2570.48,2573.24,3422,1,55,15,0,0,28,,370,No 8 Pick Up,353,Won Outright,366,Negative,363,Clockwise,0,,0,,0,,0,,0,,0,,0,0,0,0,1899-12-30T00:43:01Z,1,24,0,0,4,950,Samoa,750,Tonga,05/08/2023,15:00,13,9,34,9,10,6,70,Apia Park,-1,NA,1,2023,01,1,Loosehead Prop,0,,0,,271,Angus Gardner,1000642,Damon Murphy,1000613,Matthew Kellahan,-1,,3,International,Y,W
816,937717,27662,Sama Malolo,950,Samoa,2570.48,2573.24,3422,1,55,15,0,0,28,,370,No 8 Pick Up,353,Won Outright,366,Negative,363,Clockwise,0,,0,,0,,0,,0,,0,,0,0,0,0,1899-12-30T00:43:01Z,1,24,0,0,4,950,Samoa,750,Tonga,05/08/2023,15:00,13,9,34,9,10,6,70,Apia Park,-1,NA,1,2023,02,2,Hooker,0,,0,,271,Angus Gardner,1000642,Damon Murphy,1000613,Matthew Kellahan,-1,,3,International,Y,W
817,937717,21998,Michael Alaalatoa,950,Samoa,2570.48,2573.24,3422,1,55,15,0,0,28,,370,No 8 Pick Up,353,Won Outright,366,Negative,363,Clockwise,0,,0,,0,,0,,0,,0,,0,0,0,0,1899-12-30T00:43:01Z,1,24,0,0,4,950,Samoa,750,Tonga,05/08/2023,15:00,13,9,34,9,10,6,70,Apia Park,-1,NA,1,2023,03,3,Tighthead Prop,0,,0,,271,Angus Gardner,1000642,Damon Murphy,1000613,Matthew Kellahan,-1,,3,International,Y,W
818,937717,20806,Brian Alainu'uese,950,Samoa,2570.48,2573.24,3422,1,55,15,0,0,28,,370,No 8 Pick Up,353,Won Outright,366,Negative,363,Clockwise,0,,0,,0,,0,,0,,0,,0,0,0,0,1899-12-30T00:43:01Z,1,24,0,0,4,950,Samoa,750,Tonga,05/08/2023,15:00,13,9,34,9,10,6,70,Apia Park,-1,NA,1,2023,04,4,Lock (4),0,,0,,271,Angus Gardner,1000642,Damon Murphy,1000613,Matthew Kellahan,-1,,3,International,Y,W
819,937717,20766,Chris Vui,950,Samoa,2570.48,2573.24,3422,1,55,15,0,0,28,,370,No 8 Pick Up,353,Won Outright,366,Negative,363,Clockwise,0,,0,,0,,0,,0,,0,,0,0,0,0,1899-12-30T00:43:01Z,1,24,0,0,4,950,Samoa,750,Tonga,05/08/2023,15:00,13,9,34,9,10,6,70,Apia Park,-1,NA,1,2023,05,5,Lock (5),0,,0,,271,Angus Gardner,1000642,Damon Murphy,1000613,Matthew Kellahan,-1,,3,International,Y,W
820,937717,43727,Miracle Faiilagi,950,Samoa,2570.48,2573.24,3422,1,55,15,0,0,28,,370,No 8 Pick Up,353,Won Outright,366,Negative,363,Clockwise,0,,0,,0,,0,,0,,0,,0,0,0,0,1899-12-30T00:43:01Z,1,24,0,0,4,950,Samoa,750,Tonga,05/08/2023,15:00,13,9,34,9,10,6,70,Apia Park,-1,NA,1,2023,06,6,Blindside Flanker,0,,0,,271,Angus Gardner,1000642,Damon Murphy,1000613,Matthew Kellahan,-1,,3,International,Y,W
821,937717,10607,Jack Lam,950,Samoa,2570.48,2573.24,3422,1,55,15,0,0,28,,370,No 8 Pick Up,353,Won Outright,366,Negative,363,Clockwise,0,,0,,0,,0,,0,,0,,0,0,0,0,1899-12-30T00:43:01Z,1,24,0,0,4,950,Samoa,750,Tonga,05/08/2023,15:00,13,9,34,9,10,6,70,Apia Park,-1,NA,1,2023,07,7,Openside Flanker,0,,0,,271,Angus Gardner,1000642,Damon Murphy,1000613,Matthew Kellahan,-1,,3,International,Y,W
822,937717,18506,Steven Luatua,950,Samoa,2570.48,2573.24,3422,1,55,15,0,0,28,,370,No 8 Pick Up,353,Won Outright,366,Negative,363,Clockwise,0,,0,,0,,0,,0,,0,,0,0,0,0,1899-12-30T00:43:01Z,1,24,0,0,4,950,Samoa,750,Tonga,05/08/2023,15:00,13,9,34,9,10,6,70,Apia Park,-1,NA,1,2023,08,8,Number 8,0,,0,,271,Angus Gardner,1000642,Damon Murphy,1000613,Matthew Kellahan,-1,,3,International,Y,W
823,937717,22136,Siegfried Fisi'ihoi,750,Tonga,2570.48,2573.24,3422,1,55,15,0,0,29,,370,No 8 Pick Up,353,Won Outright,366,Negative,363,Clockwise,0,,0,,0,,0,,0,,0,,0,0,0,0,1899-12-30T00:43:01Z,1,24,0,0,4,950,Samoa,750,Tonga,05/08/2023,15:00,13,9,34,9,10,6,70,Apia Park,-1,NA,1,2023,01,1,Loosehead Prop,0,,0,,271,Angus Gardner,1000642,Damon Murphy,1000613,Matthew Kellahan,-1,,3,International,N,L
824,937717,35331,Siua Maile,750,Tonga,2570.48,2573.24,3422,1,55,15,0,0,29,,370,No 8 Pick Up,353,Won Outright,366,Negative,363,Clockwise,0,,0,,0,,0,,0,,0,,0,0,0,0,1899-12-30T00:43:01Z,1,24,0,0,4,950,Samoa,750,Tonga,05/08/2023,15:00,13,9,34,9,10,6,70,Apia Park,-1,NA,1,2023,02,2,Hooker,0,,0,,271,Angus Gardner,1000642,Damon Murphy,1000613,Matthew Kellahan,-1,,3,International,N,L
825,937717,18807,Ben Tameifuna,750,Tonga,2570.48,2573.24,3422,1,55,15,0,0,29,,370,No 8 Pick Up,353,Won Outright,366,Negative,363,Clockwise,0,,0,,0,,0,,0,,0,,0,0,0,0,1899-12-30T00:43:01Z,1,24,0,0,4,950,Samoa,750,Tonga,05/08/2023,15:00,13,9,34,9,10,6,70,Apia Park,-1,NA,1,2023,03,3,Tighthead Prop,0,,0,,271,Angus Gardner,1000642,Damon Murphy,1000613,Matthew Kellahan,-1,,3,International,N,L
826,937717,26114,Leva Fifita,750,Tonga,2570.48,2573.24,3422,1,55,15,0,0,29,,370,No 8 Pick Up,353,Won Outright,366,Negative,363,Clockwise,0,,0,,0,,0,,0,,0,,0,0,0,0,1899-12-30T00:43:01Z,1,24,0,0,4,950,Samoa,750,Tonga,05/08/2023,15:00,13,9,34,9,10,6,70,Apia Park,-1,NA,1,2023,04,4,Lock (4),0,,0,,271,Angus Gardner,1000642,Damon Murphy,1000613,Matthew Kellahan,-1,,3,International,N,L
827,937717,11292,Steve Mafi,750,Tonga,2570.48,2573.24,3422,1,55,15,0,0,29,,370,No 8 Pick Up,353,Won Outright,366,Negative,363,Clockwise,0,,0,,0,,0,,0,,0,,0,0,0,0,1899-12-30T00:43:01Z,1,24,0,0,4,950,Samoa,750,Tonga,05/08/2023,15:00,13,9,34,9,10,6,70,Apia Park,-1,NA,1,2023,05,5,Lock (5),0,,0,,271,Angus Gardner,1000642,Damon Murphy,1000613,Matthew Kellahan,-1,,3,International,N,L
828,937717,28270,Tanginoa Halaifonua,750,Tonga,2570.48,2573.24,3422,1,55,15,0,0,29,,370,No 8 Pick Up,353,Won Outright,366,Negative,363,Clockwise,0,,0,,0,,0,,0,,0,,0,0,0,0,1899-12-30T00:43:01Z,1,24,0,0,4,950,Samoa,750,Tonga,05/08/2023,15:00,13,9,34,9,10,6,70,Apia Park,-1,NA,1,2023,06,6,Blindside Flanker,0,,0,,271,Angus Gardner,1000642,Damon Murphy,1000613,Matthew Kellahan,-1,,3,International,N,L
829,937717,29249,Sione Havili Talitui,750,Tonga,2570.48,2573.24,3422,1,55,15,0,0,29,,370,No 8 Pick Up,353,Won Outright,366,Negative,363,Clockwise,0,,0,,0,,0,,0,,0,,0,0,0,0,1899-12-30T00:43:01Z,1,24,0,0,4,950,Samoa,750,Tonga,05/08/2023,15:00,13,9,34,9,10,6,70,Apia Park,-1,NA,1,2023,07,7,Openside Flanker,0,,0,,271,Angus Gardner,1000642,Damon Murphy,1000613,Matthew Kellahan,-1,,3,International,N,L
830,937717,21155,Vaea Fifita,750,Tonga,2570.48,2573.24,3422,1,55,15,0,0,29,,370,No 8 Pick Up,353,Won Outright,366,Negative,363,Clockwise,0,,0,,0,,0,,0,,0,,0,0,0,0,1899-12-30T00:43:01Z,1,24,0,0,4,950,Samoa,750,Tonga,05/08/2023,15:00,13,9,34,9,10,6,70,Apia Park,-1,NA,1,2023,08,8,Number 8,0,,0,,271,Angus Gardner,1000642,Damon Murphy,1000613,Matthew Kellahan,-1,,3,International,N,L
831,937717,18506,Steven Luatua,950,Samoa,2573.24,2573.24,3425,1,54,15,0,0,18,Collection,631,General Catch,0,,0,,0,,0,,0,,0,,0,,0,,0,,0,0,0,0,1899-12-30T00:43:04Z,1,24,0,0,4,950,Samoa,750,Tonga,05/08/2023,15:00,13,9,34,9,10,6,70,Apia Park,-1,NA,1,2023,08,8,Number 8,0,,0,,271,Angus Gardner,1000642,Damon Murphy,1000613,Matthew Kellahan,-1,,3,International,Y,W
832,937717,18506,Steven Luatua,950,Samoa,2573.24,2575.28,3425,1,54,15,52,28,1,Carry,103,Other Carry,121,Pass,111,Failed Gain line,0,,500,0 Tacklers Committed,700,0th Receiver,0,,0,,0,,0,,0,0,0,0,1899-12-30T00:43:04Z,1,24,0,0,4,950,Samoa,750,Tonga,05/08/2023,15:00,13,9,34,9,10,6,70,Apia Park,-1,NA,1,2023,08,8,Number 8,0,,0,,271,Angus Gardner,1000642,Damon Murphy,1000613,Matthew Kellahan,-1,,3,International,Y,W
833,937717,18506,Steven Luatua,950,Samoa,2575.28,2577.16,3427,1,52,28,43,45,3,Pass,174,Incomplete,0,,680,Long Pass,682,Right Pass,700,0th Receiver,0,,0,,0,,0,,0,,18,20,10,0,1899-12-30T00:43:06Z,1,24,0,0,4,950,Samoa,750,Tonga,05/08/2023,15:00,13,9,34,9,10,6,70,Apia Park,-1,NA,1,2023,08,8,Number 8,0,,0,,271,Angus Gardner,1000642,Damon Murphy,1000613,Matthew Kellahan,-1,,3,International,Y,W
834,937717,9023,Christian Leali'ifano,950,Samoa,2577.16,2577.16,3429,1,43,45,0,0,18,Collection,272,Attacking Loose Ball,277,Success,0,,0,,0,,0,,0,,0,,0,,0,,0,0,0,0,1899-12-30T00:43:08Z,1,24,0,0,4,950,Samoa,750,Tonga,05/08/2023,15:00,13,9,34,9,10,6,70,Apia Park,-1,NA,1,2023,22,10,Fly Half,0,,0,,271,Angus Gardner,1000642,Damon Murphy,1000613,Matthew Kellahan,-1,,3,International,Y,W
835,937717,9023,Christian Leali'ifano,950,Samoa,2577.72,2578.08,3429,1,43,45,40,53,3,Pass,169,Complete,0,,686,Medium Pass,682,Right Pass,701,1st Receiver,0,,0,,0,,0,,0,,8,9,3,0,1899-12-30T00:43:08Z,1,24,0,0,4,950,Samoa,750,Tonga,05/08/2023,15:00,13,9,34,9,10,6,70,Apia Park,-1,NA,1,2023,22,10,Fly Half,0,,0,,271,Angus Gardner,1000642,Damon Murphy,1000613,Matthew Kellahan,-1,,3,International,Y,W
836,937717,10552,Tim Nanai-Williams,950,Samoa,2578.08,2578.08,3429,1,40,53,0,0,18,Collection,631,General Catch,0,,0,,0,,0,,0,,0,,0,,0,,0,,0,0,0,0,1899-12-30T00:43:08Z,1,24,0,0,4,950,Samoa,750,Tonga,05/08/2023,15:00,13,9,34,9,10,6,70,Apia Park,-1,NA,1,2023,15,15,Full Back,0,,0,,271,Angus Gardner,1000642,Damon Murphy,1000613,Matthew Kellahan,-1,,3,International,Y,W
837,937717,10552,Tim Nanai-Williams,950,Samoa,2578.08,2581.24,3429,1,40,53,47,53,1,Carry,103,Other Carry,107,Tackled Dominant,111,Failed Gain line,460,Dominant Contact,501,1 Tacklers Committed,702,2nd Receiver,0,,0,,0,,0,,0,7,3,3,1899-12-30T00:43:08Z,1,24,0,0,4,950,Samoa,750,Tonga,05/08/2023,15:00,13,9,34,9,10,6,70,Apia Park,-1,NA,1,2023,15,15,Full Back,0,,0,,271,Angus Gardner,1000642,Damon Murphy,1000613,Matthew Kellahan,-1,,3,International,Y,W
838,937717,19128,George Moala,750,Tonga,2580.32,2580.32,3432,1,56,15,0,0,2,Tackle,144,Line,160,Passive,0,,475,Ineffective Tackle,708,1st Tackler,0,,0,,0,,0,,0,,0,0,0,0,1899-12-30T00:43:11Z,1,24,0,0,4,950,Samoa,750,Tonga,05/08/2023,15:00,13,9,34,9,10,6,70,Apia Park,-1,NA,1,2023,13,13,Outside Centre,0,,0,,271,Angus Gardner,1000642,Damon Murphy,1000613,Matthew Kellahan,-1,,3,International,N,L
839,937717,10552,Tim Nanai-Williams,950,Samoa,2581.24,2585.88,3433,1,47,53,0,0,23,Ruck,0,,401,Won Outright,549,Behind Previous Gainline,556,4-5 Seconds,663,Close Left Open Movement Ruck,0,,0,,0,,0,,0,,0,0,7,10,1899-12-30T00:43:12Z,1,24,0,0,4,950,Samoa,750,Tonga,05/08/2023,15:00,13,9,34,9,10,6,70,Apia Park,-1,NA,1,2023,15,15,Full Back,0,,0,,271,Angus Gardner,1000642,Damon Murphy,1000613,Matthew Kellahan,-1,,3,International,Y,W
840,937717,18506,Steven Luatua,950,Samoa,2582.44,2582.44,3434,1,47,53,0,0,43,Ruck OOA,574,Secured,583,Own Team 1st Entry,588,OOA Entry 1st Entry- Att,632,Attacking OOA,0,1,0,,0,,0,,0,,0,,0,0,0,0,1899-12-30T00:43:09Z,1,24,0,0,4,950,Samoa,750,Tonga,05/08/2023,15:00,13,9,34,9,10,6,70,Apia Park,-1,NA,1,2023,08,8,Number 8,0,,0,,271,Angus Gardner,1000642,Damon Murphy,1000613,Matthew Kellahan,-1,,3,International,Y,W
841,937717,10607,Jack Lam,950,Samoa,2584.36,2584.36,3436,1,47,53,0,0,43,Ruck OOA,574,Secured,584,Own Team 2nd Entry,589,OOA Entry 2nd Entry- Att,632,Attacking OOA,0,2,0,,0,,0,,0,,0,,0,0,0,0,1899-12-30T00:43:11Z,1,24,0,0,4,950,Samoa,750,Tonga,05/08/2023,15:00,13,9,34,9,10,6,70,Apia Park,-1,NA,1,2023,07,7,Openside Flanker,0,,0,,271,Angus Gardner,1000642,Damon Murphy,1000613,Matthew Kellahan,-1,,3,International,Y,W
842,937717,23399,Jonathan Taumateine,950,Samoa,2585.88,2585.88,3437,1,46,53,0,0,18,Collection,631,General Catch,0,,0,,0,,0,,0,,0,,0,,0,,0,,0,0,0,0,1899-12-30T00:43:16Z,2,24,0,0,4,950,Samoa,750,Tonga,05/08/2023,15:00,13,9,34,9,10,6,70,Apia Park,-1,NA,1,2023,09,9,Scrum Half,0,,0,,271,Angus Gardner,1000642,Damon Murphy,1000613,Matthew Kellahan,-1,,3,International,Y,W
843,937717,23399,Jonathan Taumateine,950,Samoa,2585.88,2585.88,3437,1,46,53,0,0,47,Playmaker Options,671,Halfback at Breakdown,675,Playmaker Option - Pass,0,,0,,0,,0,,0,,0,,0,,0,,0,0,0,0,1899-12-30T00:43:16Z,2,24,0,0,4,950,Samoa,750,Tonga,05/08/2023,15:00,13,9,34,9,10,6,70,Apia Park,-1,NA,1,2023,09,9,Scrum Half,0,,0,,271,Angus Gardner,1000642,Damon Murphy,1000613,Matthew Kellahan,-1,,3,International,Y,W
844,937717,23399,Jonathan Taumateine,950,Samoa,2586.12,2586.56,3438,1,46,53,42,44,3,Pass,169,Complete,0,,686,Medium Pass,681,Left Pass,700,0th Receiver,0,,0,,0,,0,,0,,9,10,5,0,1899-12-30T00:43:16Z,2,24,0,0,4,950,Samoa,750,Tonga,05/08/2023,15:00,13,9,34,9,10,6,70,Apia Park,-1,NA,1,2023,09,9,Scrum Half,0,,0,,271,Angus Gardner,1000642,Damon Murphy,1000613,Matthew Kellahan,-1,,3,International,Y,W
845,937717,20806,Brian Alainu'uese,950,Samoa,2586.56,2586.56,3438,1,42,44,0,0,18,Collection,631,General Catch,0,,0,,0,,0,,0,,0,,0,,0,,0,,0,0,0,0,1899-12-30T00:43:17Z,2,24,0,0,4,950,Samoa,750,Tonga,05/08/2023,15:00,13,9,34,9,10,6,70,Apia Park,-1,NA,1,2023,04,4,Lock (4),0,,0,,271,Angus Gardner,1000642,Damon Murphy,1000613,Matthew Kellahan,-1,,3,International,Y,W
846,937717,20806,Brian Alainu'uese,950,Samoa,2586.56,2586.56,3438,1,42,44,0,0,47,Playmaker Options,656,First Receiver,673,Playmaker Option - Carry,0,,0,,0,,0,,0,,0,,0,,0,,0,0,0,0,1899-12-30T00:43:17Z,2,24,0,0,4,950,Samoa,750,Tonga,05/08/2023,15:00,13,9,34,9,10,6,70,Apia Park,-1,NA,1,2023,04,4,Lock (4),0,,0,,271,Angus Gardner,1000642,Damon Murphy,1000613,Matthew Kellahan,-1,,3,International,Y,W
847,937717,20806,Brian Alainu'uese,950,Samoa,2586.56,2590.16,3438,1,42,44,47,44,1,Carry,101,One Out Drive,122,Off Load,110,Neutral Gain line,460,Dominant Contact,502,2 Tacklers Committed,701,1st Receiver,0,,0,,0,,0,,0,6,3,0,1899-12-30T00:43:17Z,2,24,0,0,4,950,Samoa,750,Tonga,05/08/2023,15:00,13,9,34,9,10,6,70,Apia Park,-1,NA,1,2023,04,4,Lock (4),0,,0,,271,Angus Gardner,1000642,Damon Murphy,1000613,Matthew Kellahan,-1,,3,International,Y,W
848,937717,28270,Tanginoa Halaifonua,750,Tonga,2588.44,2588.44,3440,1,55,24,0,0,2,Tackle,144,Line,161,Missed,0,,475,Ineffective Tackle,708,1st Tackler,0,,0,,0,,0,,0,,0,0,0,0,1899-12-30T00:43:19Z,2,24,0,0,4,950,Samoa,750,Tonga,05/08/2023,15:00,13,9,34,9,10,6,70,Apia Park,-1,NA,1,2023,06,6,Blindside Flanker,0,,0,,271,Angus Gardner,1000642,Damon Murphy,1000613,Matthew Kellahan,-1,,3,International,N,L
849,937717,28270,Tanginoa Halaifonua,750,Tonga,2588.44,2588.44,3440,1,55,24,0,0,12,Missed Tackle,162,Bumped Off,166,Tackled,0,,0,,0,,0,,0,,0,,0,,0,,0,0,0,0,1899-12-30T00:43:19Z,2,24,0,0,4,950,Samoa,750,Tonga,05/08/2023,15:00,13,9,34,9,10,6,70,Apia Park,-1,NA,1,2023,06,6,Blindside Flanker,0,,0,,271,Angus Gardner,1000642,Damon Murphy,1000613,Matthew Kellahan,-1,,3,International,N,L
850,937717,20806,Brian Alainu'uese,950,Samoa,2589.16,2589.16,3441,1,45,44,0,0,10,Attacking Qualities,116,Defender Beaten,0,,0,,0,,0,,0,,0,,0,,0,,0,,0,0,0,0,1899-12-30T00:43:20Z,2,24,0,0,4,950,Samoa,750,Tonga,05/08/2023,15:00,13,9,34,9,10,6,70,Apia Park,-1,NA,1,2023,04,4,Lock (4),0,,0,,271,Angus Gardner,1000642,Damon Murphy,1000613,Matthew Kellahan,-1,,3,International,Y,W
851,937717,21155,Vaea Fifita,750,Tonga,2589.72,2589.72,3441,1,53,23,0,0,2,Tackle,144,Line,155,Offload Allowed,441,Assist,475,Ineffective Tackle,709,2nd Tackler,0,,0,,0,,0,,0,,0,0,0,0,1899-12-30T00:43:20Z,2,24,0,0,4,950,Samoa,750,Tonga,05/08/2023,15:00,13,9,34,9,10,6,70,Apia Park,-1,NA,1,2023,08,8,Number 8,0,,0,,271,Angus Gardner,1000642,Damon Murphy,1000613,Matthew Kellahan,-1,,3,International,N,L
852,937717,20806,Brian Alainu'uese,950,Samoa,2590.16,2590.36,3442,1,47,44,47,43,3,Pass,151,Offload,128,Own Player,679,Short Pass,681,Left Pass,701,1st Receiver,0,,0,,0,,0,,0,,2,2,0,0,1899-12-30T00:43:21Z,2,24,0,0,4,950,Samoa,750,Tonga,05/08/2023,15:00,13,9,34,9,10,6,70,Apia Park,-1,NA,1,2023,04,4,Lock (4),0,,0,,271,Angus Gardner,1000642,Damon Murphy,1000613,Matthew Kellahan,-1,,3,International,Y,W
853,937717,20766,Chris Vui,950,Samoa,2590.36,2590.36,3442,1,47,43,0,0,18,Collection,631,General Catch,0,,0,,0,,0,,0,,0,,0,,0,,0,,0,0,0,0,1899-12-30T00:43:21Z,2,24,0,0,4,950,Samoa,750,Tonga,05/08/2023,15:00,13,9,34,9,10,6,70,Apia Park,-1,NA,1,2023,05,5,Lock (5),0,,0,,271,Angus Gardner,1000642,Damon Murphy,1000613,Matthew Kellahan,-1,,3,International,Y,W
854,937717,20766,Chris Vui,950,Samoa,2590.36,2591.96,3442,1,47,43,54,44,1,Carry,106,Support Carry,124,Penalty Conceded,109,Crossed Gain line,460,Dominant Contact,502,2 Tacklers Committed,702,2nd Receiver,0,,0,,0,,0,,7,7,2,2,1899-12-30T00:43:21Z,2,24,0,0,4,950,Samoa,750,Tonga,05/08/2023,15:00,13,9,34,9,10,6,70,Apia Park,-1,NA,1,2023,05,5,Lock (5),0,,0,,271,Angus Gardner,1000642,Damon Murphy,1000613,Matthew Kellahan,-1,,3,International,Y,W
855,937717,28913,Otumaka Mausia,750,Tonga,2591.40,2591.40,3443,1,49,25,0,0,2,Tackle,144,Line,160,Passive,0,,475,Ineffective Tackle,708,1st Tackler,0,,0,,0,,0,,0,,0,0,0,0,1899-12-30T00:43:22Z,2,24,0,0,4,950,Samoa,750,Tonga,05/08/2023,15:00,13,9,34,9,10,6,70,Apia Park,-1,NA,1,2023,22,10,Fly Half,0,,0,,271,Angus Gardner,1000642,Damon Murphy,1000613,Matthew Kellahan,-1,,3,International,N,L
856,937717,29249,Sione Havili Talitui,750,Tonga,2591.92,2591.92,3443,1,49,25,0,0,2,Tackle,144,Line,160,Passive,441,Assist,475,Ineffective Tackle,709,2nd Tackler,0,,0,,0,,0,,0,,0,0,0,0,1899-12-30T00:43:23Z,2,24,0,0,4,950,Samoa,750,Tonga,05/08/2023,15:00,13,9,34,9,10,6,70,Apia Park,-1,NA,1,2023,07,7,Openside Flanker,0,,0,,271,Angus Gardner,1000642,Damon Murphy,1000613,Matthew Kellahan,-1,,3,International,N,L
857,937717,20766,Chris Vui,950,Samoa,2591.96,2597.44,3443,1,54,44,0,0,23,Ruck,0,,404,Penalty Conceded,548,Over Previous Gainline,559,N/A Ruck Speed,676,N/A Movement Ruck,0,,0,,0,,0,,0,,0,0,0,0,1899-12-30T00:43:22Z,2,24,0,0,4,950,Samoa,750,Tonga,05/08/2023,15:00,13,9,34,9,10,6,70,Apia Park,-1,NA,1,2023,05,5,Lock (5),0,,0,,271,Angus Gardner,1000642,Damon Murphy,1000613,Matthew Kellahan,-1,,3,International,Y,W
858,937717,29249,Sione Havili Talitui,750,Tonga,2592.88,2592.88,3444,1,46,24,0,0,18,Collection,276,Jackal,277,Success,0,,0,,0,,0,,0,,0,,0,,0,,0,0,0,0,1899-12-30T00:43:24Z,2,24,0,0,4,950,Samoa,750,Tonga,05/08/2023,15:00,13,9,34,9,10,6,70,Apia Park,-1,NA,1,2023,07,7,Openside Flanker,0,,0,,271,Angus Gardner,1000642,Damon Murphy,1000613,Matthew Kellahan,-1,,3,International,N,L
859,937717,29249,Sione Havili Talitui,750,Tonga,2592.88,2592.88,3444,1,46,24,0,0,43,Ruck OOA,580,Penalty Won,583,Own Team 1st Entry,603,OOA Entry 1st Entry- Def,633,Defensive OOA,0,1,0,,0,,0,,0,,0,,0,0,0,0,1899-12-30T00:43:24Z,2,24,0,0,4,950,Samoa,750,Tonga,05/08/2023,15:00,13,9,34,9,10,6,70,Apia Park,-1,NA,1,2023,07,7,Openside Flanker,0,,0,,271,Angus Gardner,1000642,Damon Murphy,1000613,Matthew Kellahan,-1,,3,International,N,L
860,937717,23399,Jonathan Taumateine,950,Samoa,2592.92,2592.92,3444,1,54,44,0,0,43,Ruck OOA,573,Failed Clearout,583,Own Team 1st Entry,588,OOA Entry 1st Entry- Att,632,Attacking OOA,0,1,0,,0,,0,,0,,0,,0,0,0,0,1899-12-30T00:43:24Z,2,24,0,0,4,950,Samoa,750,Tonga,05/08/2023,15:00,13,9,34,9,10,6,70,Apia Park,-1,NA,1,2023,09,9,Scrum Half,0,,0,,271,Angus Gardner,1000642,Damon Murphy,1000613,Matthew Kellahan,-1,,3,International,Y,W
861,937717,11292,Steve Mafi,750,Tonga,2594.08,2594.08,3445,1,46,24,0,0,43,Ruck OOA,576,Nuisance,584,Own Team 2nd Entry,604,OOA Entry 2nd Entry- Def,633,Defensive OOA,0,2,0,,0,,0,,0,,0,,0,0,0,0,1899-12-30T00:43:25Z,2,24,0,0,4,950,Samoa,750,Tonga,05/08/2023,15:00,13,9,34,9,10,6,70,Apia Park,-1,NA,1,2023,05,5,Lock (5),0,,0,,271,Angus Gardner,1000642,Damon Murphy,1000613,Matthew Kellahan,-1,,3,International,N,L
862,937717,27662,Sama Malolo,950,Samoa,2595.08,2595.08,3446,1,54,44,0,0,43,Ruck OOA,573,Failed Clearout,584,Own Team 2nd Entry,589,OOA Entry 2nd Entry- Att,632,Attacking OOA,0,2,0,,0,,0,,0,,0,,0,0,0,0,1899-12-30T00:43:26Z,2,24,0,0,4,950,Samoa,750,Tonga,05/08/2023,15:00,13,9,34,9,10,6,70,Apia Park,-1,NA,1,2023,02,2,Hooker,0,,0,,271,Angus Gardner,1000642,Damon Murphy,1000613,Matthew Kellahan,-1,,3,International,Y,W
863,937717,18506,Steven Luatua,950,Samoa,2595.28,2595.28,3447,1,54,44,0,0,43,Ruck OOA,573,Failed Clearout,585,Own Team 3rd Entry,590,OOA Entry 3rd Entry- Att,632,Attacking OOA,0,3,0,,0,,0,,0,,0,,0,0,0,0,1899-12-30T00:43:26Z,2,24,0,0,4,950,Samoa,750,Tonga,05/08/2023,15:00,13,9,34,9,10,6,70,Apia Park,-1,NA,1,2023,08,8,Number 8,0,,0,,271,Angus Gardner,1000642,Damon Murphy,1000613,Matthew Kellahan,-1,,3,International,Y,W
864,937717,20766,Chris Vui,950,Samoa,2595.76,2595.76,3447,1,54,44,0,0,7,Penalty Conceded,216,Not Releasing,236,No Action,214,Offence,233,Full Penalty,0,,0,,0,,0,,0,,0,,0,0,0,0,1899-12-30T00:43:26Z,2,24,0,0,4,950,Samoa,750,Tonga,05/08/2023,15:00,13,9,34,9,10,6,70,Apia Park,-1,NA,1,2023,05,5,Lock (5),0,,0,,271,Angus Gardner,1000642,Damon Murphy,1000613,Matthew Kellahan,-1,,3,International,Y,W
865,937717,0,,950,Samoa,2570.48,2597.44,3449,1,55,15,54,44,15,Possession,309,Scrum,319,Pen Con,0,,684,Fails to enter into Opposition 22,0,,0,,0,,0,,0,,0,,-1,0,0,0,1899-12-30T00:43:01Z,2,24,0,0,4,950,Samoa,750,Tonga,05/08/2023,15:00,13,9,34,9,10,6,70,Apia Park,-1,NA,1,2023,,,,0,,0,,271,Angus Gardner,1000642,Damon Murphy,1000613,Matthew Kellahan,-1,,3,International,Y,W
866,937717,0,,950,Samoa,2570.48,2597.44,3449,1,55,15,54,44,26,Sequences,309,Scrum,319,Pen Con,0,,0,,0,,0,,0,,0,,0,,0,,-1,0,0,0,1899-12-30T00:43:01Z,2,24,0,0,4,950,Samoa,750,Tonga,05/08/2023,15:00,13,9,34,9,10,6,70,Apia Park,-1,NA,1,2023,,,,0,,0,,271,Angus Gardner,1000642,Damon Murphy,1000613,Matthew Kellahan,-1,,3,International,Y,W
867,937717,28913,Otumaka Mausia,750,Tonga,2682.32,2686.64,3614,1,46,24,105,34,11,Goal Kick,297,Penalty Goal,299,Goal Kicked,0,,0,,0,,0,,0,,0,,0,,0,,54,55,0,0,1899-12-30T00:44:53Z,1,24,0,0,1,950,Samoa,750,Tonga,05/08/2023,15:00,13,9,34,9,10,6,70,Apia Park,-1,NA,1,2023,22,10,Fly Half,0,,0,,271,Angus Gardner,1000642,Damon Murphy,1000613,Matthew Kellahan,-1,,3,International,N,L
868,937717,0,,750,Tonga,2682.32,2686.64,3618,1,46,24,105,34,26,Sequences,781,Penalty Goal,783,Penalty Goal Scored,0,,0,,0,,0,,0,,0,,0,,0,,54,0,0,0,1899-12-30T00:44:53Z,1,24,0,0,1,950,Samoa,750,Tonga,05/08/2023,15:00,13,9,34,9,10,6,70,Apia Park,-1,NA,1,2023,,,,0,,0,,271,Angus Gardner,1000642,Damon Murphy,1000613,Matthew Kellahan,-1,,3,International,N,L
869,937717,25212,D'Angelo Leuila,950,Samoa,2708.44,2713.12,3640,1,50,33,81,55,14,Restart,281,50m Restart,285,Restart Opp Error,288,Long,753,Kicked Right,0,,0,,0,,0,,0,,0,,31,38,22,0,1899-12-30T00:45:19Z,1,25,0,0,1,950,Samoa,750,Tonga,05/08/2023,15:00,13,9,34,9,10,6,70,Apia Park,-1,NA,1,2023,10,10,Fly Half,0,,0,,271,Angus Gardner,1000642,Damon Murphy,1000613,Matthew Kellahan,-1,,3,International,Y,W
870,937717,28270,Tanginoa Halaifonua,750,Tonga,2713.12,2713.12,3645,1,19,13,0,0,18,Collection,275,Restart Catch,278,Fail,0,,0,,0,,0,,0,,0,,0,,0,,0,0,0,0,1899-12-30T00:45:23Z,1,25,0,0,1,950,Samoa,750,Tonga,05/08/2023,15:00,13,9,34,9,10,6,70,Apia Park,-1,NA,1,2023,06,6,Blindside Flanker,0,,0,,271,Angus Gardner,1000642,Damon Murphy,1000613,Matthew Kellahan,-1,,3,International,N,L
871,937717,28270,Tanginoa Halaifonua,750,Tonga,2713.24,2713.24,3645,1,19,13,0,0,8,Turnover,254,Dropped Ball Unforced,678,Error on Defence,0,,0,,0,,0,,0,,0,,0,,0,,0,0,0,0,1899-12-30T00:45:24Z,1,25,0,0,1,950,Samoa,750,Tonga,05/08/2023,15:00,13,9,34,9,10,6,70,Apia Park,-1,NA,1,2023,06,6,Blindside Flanker,0,,0,,271,Angus Gardner,1000642,Damon Murphy,1000613,Matthew Kellahan,-1,,3,International,N,L
872,937717,21998,Michael Alaalatoa,950,Samoa,2713.80,2713.80,3645,1,83,50,0,0,18,Collection,272,Attacking Loose Ball,277,Success,0,,0,,0,,0,,0,,0,,0,,0,,0,0,0,0,1899-12-30T00:45:24Z,1,25,0,0,1,950,Samoa,750,Tonga,05/08/2023,15:00,13,9,34,9,10,6,70,Apia Park,-1,NA,1,2023,03,3,Tighthead Prop,0,,0,,271,Angus Gardner,1000642,Damon Murphy,1000613,Matthew Kellahan,-1,,3,International,Y,W
873,937717,0,,950,Samoa,2713.80,2964.84,3645,1,83,50,86,24,46,Attacking 22 Entry,642,22 Entry Outcome - Penalty Goal Attempt,648,22 Entry Points - Penalty Goal,0,,0,,0,,0,,0,,0,,0,,0,,0,0,0,0,1899-12-30T00:45:24Z,1,25,0,0,1,950,Samoa,750,Tonga,05/08/2023,15:00,13,9,34,9,10,6,70,Apia Park,-1,NA,1,2023,,,,0,,0,,271,Angus Gardner,1000642,Damon Murphy,1000613,Matthew Kellahan,-1,,3,International,Y,W
874,937717,21998,Michael Alaalatoa,950,Samoa,2714.48,2714.96,3646,1,83,50,80,46,3,Pass,169,Complete,0,,679,Short Pass,681,Left Pass,700,0th Receiver,0,,0,,0,,0,,0,,4,5,3,0,1899-12-30T00:45:25Z,1,25,0,0,1,950,Samoa,750,Tonga,05/08/2023,15:00,13,9,34,9,10,6,70,Apia Park,-1,NA,1,2023,03,3,Tighthead Prop,0,,0,,271,Angus Gardner,1000642,Damon Murphy,1000613,Matthew Kellahan,-1,,3,International,Y,W
875,937717,20766,Chris Vui,950,Samoa,2714.96,2714.96,3646,1,80,46,0,0,18,Collection,631,General Catch,0,,0,,0,,0,,0,,0,,0,,0,,0,,0,0,0,0,1899-12-30T00:45:25Z,1,25,0,0,1,950,Samoa,750,Tonga,05/08/2023,15:00,13,9,34,9,10,6,70,Apia Park,-1,NA,1,2023,05,5,Lock (5),0,,0,,271,Angus Gardner,1000642,Damon Murphy,1000613,Matthew Kellahan,-1,,3,International,Y,W
876,937717,20766,Chris Vui,950,Samoa,2714.96,2717.96,3646,1,80,46,84,45,1,Carry,103,Other Carry,107,Tackled Dominant,109,Crossed Gain line,460,Dominant Contact,501,1 Tacklers Committed,701,1st Receiver,0,,0,,0,,0,,2,4,4,4,1899-12-30T00:45:25Z,1,25,0,0,1,950,Samoa,750,Tonga,05/08/2023,15:00,13,9,34,9,10,6,70,Apia Park,-1,NA,1,2023,05,5,Lock (5),0,,0,,271,Angus Gardner,1000642,Damon Murphy,1000613,Matthew Kellahan,-1,,3,International,Y,W
877,937717,35331,Siua Maile,750,Tonga,2716.32,2716.32,3648,1,20,23,0,0,2,Tackle,142,Chase,160,Passive,0,,475,Ineffective Tackle,708,1st Tackler,0,,0,,0,,0,,0,,0,0,0,0,1899-12-30T00:45:27Z,1,25,0,0,1,950,Samoa,750,Tonga,05/08/2023,15:00,13,9,34,9,10,6,70,Apia Park,-1,NA,1,2023,02,2,Hooker,0,,0,,271,Angus Gardner,1000642,Damon Murphy,1000613,Matthew Kellahan,-1,,3,International,N,L
878,937717,26114,Leva Fifita,750,Tonga,2717.48,2717.48,3649,1,20,23,0,0,40,Defensive Action,560,Tackle Arrival,0,,0,,0,,0,,0,,0,,0,,0,,0,,0,0,0,0,1899-12-30T00:45:28Z,1,25,0,0,1,950,Samoa,750,Tonga,05/08/2023,15:00,13,9,34,9,10,6,70,Apia Park,-1,NA,1,2023,04,4,Lock (4),0,,0,,271,Angus Gardner,1000642,Damon Murphy,1000613,Matthew Kellahan,-1,,3,International,N,L
879,937717,20766,Chris Vui,950,Samoa,2717.96,2720.64,3649,1,84,45,0,0,23,Ruck,0,,401,Won Outright,551,N/A Gainline,554,2-3 Seconds,661,Mid Left Open Movement Ruck,0,,0,,0,,0,,0,,0,0,-1,16,1899-12-30T00:45:28Z,1,25,0,0,1,950,Samoa,750,Tonga,05/08/2023,15:00,13,9,34,9,10,6,70,Apia Park,-1,NA,1,2023,05,5,Lock (5),0,,0,,271,Angus Gardner,1000642,Damon Murphy,1000613,Matthew Kellahan,-1,,3,International,Y,W
880,937717,0,,950,Samoa,2718.44,2718.44,3650,1,84,45,0,0,20,Ref Review,245,Advantage,0,,0,,0,,0,,0,,0,,0,,0,,0,,0,0,0,0,1899-12-30T00:45:26Z,1,25,0,0,1,950,Samoa,750,Tonga,05/08/2023,15:00,13,9,34,9,10,6,70,Apia Park,-1,NA,1,2023,,,,0,,0,,271,Angus Gardner,1000642,Damon Murphy,1000613,Matthew Kellahan,-1,,3,International,Y,W
881,937717,10081,Charlie Faumuina,950,Samoa,2718.92,2718.92,3650,1,84,45,0,0,43,Ruck OOA,575,Attended,583,Own Team 1st Entry,588,OOA Entry 1st Entry- Att,632,Attacking OOA,0,1,0,,0,,0,,0,,0,,0,0,0,0,1899-12-30T00:45:26Z,1,25,0,0,1,950,Samoa,750,Tonga,05/08/2023,15:00,13,9,34,9,10,6,70,Apia Park,-1,NA,1,2023,01,1,Loosehead Prop,0,,0,,271,Angus Gardner,1000642,Damon Murphy,1000613,Matthew Kellahan,-1,,3,International,Y,W
882,937717,27662,Sama Malolo,950,Samoa,2719.00,2719.00,3650,1,84,45,0,0,43,Ruck OOA,574,Secured,584,Own Team 2nd Entry,589,OOA Entry 2nd Entry- Att,632,Attacking OOA,0,2,0,,0,,0,,0,,0,,0,0,0,0,1899-12-30T00:45:26Z,1,25,0,0,1,950,Samoa,750,Tonga,05/08/2023,15:00,13,9,34,9,10,6,70,Apia Park,-1,NA,1,2023,02,2,Hooker,0,,0,,271,Angus Gardner,1000642,Damon Murphy,1000613,Matthew Kellahan,-1,,3,International,Y,W
883,937717,23399,Jonathan Taumateine,950,Samoa,2720.64,2720.64,3652,1,84,45,0,0,18,Collection,631,General Catch,0,,0,,0,,0,,0,,0,,0,,0,,0,,0,0,0,0,1899-12-30T00:45:31Z,2,25,0,0,1,950,Samoa,750,Tonga,05/08/2023,15:00,13,9,34,9,10,6,70,Apia Park,-1,NA,1,2023,09,9,Scrum Half,0,,0,,271,Angus Gardner,1000642,Damon Murphy,1000613,Matthew Kellahan,-1,,3,International,Y,W
884,937717,23399,Jonathan Taumateine,950,Samoa,2720.64,2720.64,3652,1,84,45,0,0,47,Playmaker Options,671,Halfback at Breakdown,675,Playmaker Option - Pass,0,,0,,0,,0,,0,,0,,0,,0,,0,0,0,0,1899-12-30T00:45:31Z,2,25,0,0,1,950,Samoa,750,Tonga,05/08/2023,15:00,13,9,34,9,10,6,70,Apia Park,-1,NA,1,2023,09,9,Scrum Half,0,,0,,271,Angus Gardner,1000642,Damon Murphy,1000613,Matthew Kellahan,-1,,3,International,Y,W
885,937717,23399,Jonathan Taumateine,950,Samoa,2720.96,2721.76,3652,1,84,45,75,33,3,Pass,169,Complete,0,,686,Medium Pass,681,Left Pass,700,0th Receiver,0,,0,,0,,0,,0,,12,15,8,0,1899-12-30T00:45:31Z,2,25,0,0,1,950,Samoa,750,Tonga,05/08/2023,15:00,13,9,34,9,10,6,70,Apia Park,-1,NA,1,2023,09,9,Scrum Half,0,,0,,271,Angus Gardner,1000642,Damon Murphy,1000613,Matthew Kellahan,-1,,3,International,Y,W
886,937717,22603,Duncan Paia'aua,950,Samoa,2721.76,2721.76,3653,1,75,33,0,0,18,Collection,631,General Catch,0,,0,,0,,0,,0,,0,,0,,0,,0,,0,0,0,0,1899-12-30T00:45:32Z,2,25,0,0,1,950,Samoa,750,Tonga,05/08/2023,15:00,13,9,34,9,10,6,70,Apia Park,-1,NA,1,2023,12,12,Inside Centre,0,,0,,271,Angus Gardner,1000642,Damon Murphy,1000613,Matthew Kellahan,-1,,3,International,Y,W
887,937717,22603,Duncan Paia'aua,950,Samoa,2721.76,2721.76,3653,1,75,33,0,0,47,Playmaker Options,656,First Receiver,673,Playmaker Option - Carry,0,,0,,0,,0,,0,,0,,0,,0,,0,0,0,0,1899-12-30T00:45:32Z,2,25,0,0,1,950,Samoa,750,Tonga,05/08/2023,15:00,13,9,34,9,10,6,70,Apia Park,-1,NA,1,2023,12,12,Inside Centre,0,,0,,271,Angus Gardner,1000642,Damon Murphy,1000613,Matthew Kellahan,-1,,3,International,Y,W
888,937717,22603,Duncan Paia'aua,950,Samoa,2721.76,2724.84,3653,1,75,33,83,30,1,Carry,101,One Out Drive,108,Tackled Neutral,111,Failed Gain line,461,Neutral Contact,503,3 Tacklers Committed,701,1st Receiver,0,,0,,0,,0,,0,8,1,0,1899-12-30T00:45:32Z,2,25,0,0,1,950,Samoa,750,Tonga,05/08/2023,15:00,13,9,34,9,10,6,70,Apia Park,-1,NA,1,2023,12,12,Inside Centre,0,,0,,271,Angus Gardner,1000642,Damon Murphy,1000613,Matthew Kellahan,-1,,3,International,Y,W
889,937717,22136,Siegfried Fisi'ihoi,750,Tonga,2724.04,2724.04,3655,1,18,41,0,0,2,Tackle,144,Line,161,Missed,0,,475,Ineffective Tackle,708,1st Tackler,0,,0,,0,,0,,0,,0,0,0,0,1899-12-30T00:45:34Z,2,25,0,0,1,950,Samoa,750,Tonga,05/08/2023,15:00,13,9,34,9,10,6,70,Apia Park,-1,NA,1,2023,01,1,Loosehead Prop,0,,0,,271,Angus Gardner,1000642,Damon Murphy,1000613,Matthew Kellahan,-1,,3,International,N,L
890,937717,22136,Siegfried Fisi'ihoi,750,Tonga,2724.04,2724.04,3655,1,18,41,0,0,12,Missed Tackle,163,Stepped,166,Tackled,0,,0,,0,,0,,0,,0,,0,,0,,0,0,0,0,1899-12-30T00:45:34Z,2,25,0,0,1,950,Samoa,750,Tonga,05/08/2023,15:00,13,9,34,9,10,6,70,Apia Park,-1,NA,1,2023,01,1,Loosehead Prop,0,,0,,271,Angus Gardner,1000642,Damon Murphy,1000613,Matthew Kellahan,-1,,3,International,N,L
891,937717,22603,Duncan Paia'aua,950,Samoa,2724.24,2724.24,3656,1,82,27,0,0,10,Attacking Qualities,116,Defender Beaten,0,,0,,0,,0,,0,,0,,0,,0,,0,,0,0,0,0,1899-12-30T00:45:35Z,2,25,0,0,1,950,Samoa,750,Tonga,05/08/2023,15:00,13,9,34,9,10,6,70,Apia Park,-1,NA,1,2023,12,12,Inside Centre,0,,0,,271,Angus Gardner,1000642,Damon Murphy,1000613,Matthew Kellahan,-1,,3,International,Y,W
892,937717,19128,George Moala,750,Tonga,2725.04,2725.04,3656,1,17,38,0,0,2,Tackle,144,Line,153,Complete,441,Assist,474,Neutral Tackle,709,2nd Tackler,0,,0,,0,,0,,0,,0,0,0,0,1899-12-30T00:45:35Z,2,25,0,0,1,950,Samoa,750,Tonga,05/08/2023,15:00,13,9,34,9,10,6,70,Apia Park,-1,NA,1,2023,13,13,Outside Centre,0,,0,,271,Angus Gardner,1000642,Damon Murphy,1000613,Matthew Kellahan,-1,,3,International,N,L
893,937717,20156,Sonatane Takulua,750,Tonga,2725.24,2725.24,3657,1,17,38,0,0,2,Tackle,144,Line,153,Complete,441,Assist,474,Neutral Tackle,710,3rd Tackler,0,,0,,0,,0,,0,,0,0,0,0,1899-12-30T00:45:36Z,2,25,0,0,1,950,Samoa,750,Tonga,05/08/2023,15:00,13,9,34,9,10,6,70,Apia Park,-1,NA,1,2023,09,9,Scrum Half,0,,0,,271,Angus Gardner,1000642,Damon Murphy,1000613,Matthew Kellahan,-1,,3,International,N,L
894,937717,0,,950,Samoa,2708.44,2729.16,3701,1,50,33,83,29,15,Possession,350,50m Restart Retained,317,Scrum,0,,683,Enters into Opposition 22,0,,0,,0,,0,,0,,0,,33,0,0,0,1899-12-30T00:45:19Z,2,25,0,0,1,950,Samoa,750,Tonga,05/08/2023,15:00,13,9,34,9,10,9,70,Apia Park,-1,NA,1,2023,,,,0,,0,,271,Angus Gardner,1000642,Damon Murphy,1000613,Matthew Kellahan,-1,,3,International,Y,W
895,937717,0,,950,Samoa,2708.44,2729.16,3701,1,50,33,83,29,26,Sequences,307,50m Restart,317,Scrum,0,,0,,0,,0,,0,,0,,0,,0,,33,0,0,0,1899-12-30T00:45:19Z,2,25,0,0,1,950,Samoa,750,Tonga,05/08/2023,15:00,13,9,34,9,10,9,70,Apia Park,-1,NA,1,2023,,,,0,,0,,271,Angus Gardner,1000642,Damon Murphy,1000613,Matthew Kellahan,-1,,3,International,Y,W
896,937717,0,,950,Samoa,2768.12,2786.44,3740,1,17,39,0,0,17,Period,0,Period,0,,0,,0,,0,,0,,0,,0,,0,,0,,0,0,0,0,1899-12-30T00:46:16Z,2,25,0,0,1,950,Samoa,750,Tonga,05/08/2023,15:00,13,9,34,9,10,9,70,Apia Park,-1,NA,1,2023,,,,0,,0,,271,Angus Gardner,1000642,Damon Murphy,1000613,Matthew Kellahan,-1,,3,International,Y,W
897,937717,23399,Jonathan Taumateine,950,Samoa,2823.16,2823.68,3816,1,81,53,0,0,5,Scrum,0,,356,Won Free Kick,365,Neutral,0,,676,N/A Movement Scrum,0,,0,,0,,0,,0,,0,0,0,0,1899-12-30T00:47:14Z,1,25,0,0,1,950,Samoa,750,Tonga,05/08/2023,15:00,13,9,34,9,10,9,70,Apia Park,-1,NA,1,2023,09,9,Scrum Half,0,,0,,271,Angus Gardner,1000642,Damon Murphy,1000613,Matthew Kellahan,-1,,3,International,Y,W
898,937717,10081,Charlie Faumuina,950,Samoa,2823.16,2823.68,3816,1,81,53,0,0,28,,0,,356,Won Free Kick,365,Neutral,0,,0,,0,,0,,0,,0,,0,,0,0,0,0,1899-12-30T00:47:14Z,1,25,0,0,1,950,Samoa,750,Tonga,05/08/2023,15:00,13,9,34,9,10,9,70,Apia Park,-1,NA,1,2023,01,1,Loosehead Prop,0,,0,,271,Angus Gardner,1000642,Damon Murphy,1000613,Matthew Kellahan,-1,,3,International,Y,W
899,937717,27662,Sama Malolo,950,Samoa,2823.16,2823.68,3816,1,81,53,0,0,28,,0,,356,Won Free Kick,365,Neutral,0,,0,,0,,0,,0,,0,,0,,0,0,0,0,1899-12-30T00:47:14Z,1,25,0,0,1,950,Samoa,750,Tonga,05/08/2023,15:00,13,9,34,9,10,9,70,Apia Park,-1,NA,1,2023,02,2,Hooker,0,,0,,271,Angus Gardner,1000642,Damon Murphy,1000613,Matthew Kellahan,-1,,3,International,Y,W
900,937717,21998,Michael Alaalatoa,950,Samoa,2823.16,2823.68,3816,1,81,53,0,0,28,,0,,356,Won Free Kick,365,Neutral,0,,0,,0,,0,,0,,0,,0,,0,0,0,0,1899-12-30T00:47:14Z,1,25,0,0,1,950,Samoa,750,Tonga,05/08/2023,15:00,13,9,34,9,10,9,70,Apia Park,-1,NA,1,2023,03,3,Tighthead Prop,0,,0,,271,Angus Gardner,1000642,Damon Murphy,1000613,Matthew Kellahan,-1,,3,International,Y,W
901,937717,20806,Brian Alainu'uese,950,Samoa,2823.16,2823.68,3816,1,81,53,0,0,28,,0,,356,Won Free Kick,365,Neutral,0,,0,,0,,0,,0,,0,,0,,0,0,0,0,1899-12-30T00:47:14Z,1,25,0,0,1,950,Samoa,750,Tonga,05/08/2023,15:00,13,9,34,9,10,9,70,Apia Park,-1,NA,1,2023,04,4,Lock (4),0,,0,,271,Angus Gardner,1000642,Damon Murphy,1000613,Matthew Kellahan,-1,,3,International,Y,W
902,937717,20766,Chris Vui,950,Samoa,2823.16,2823.68,3816,1,81,53,0,0,28,,0,,356,Won Free Kick,365,Neutral,0,,0,,0,,0,,0,,0,,0,,0,0,0,0,1899-12-30T00:47:14Z,1,25,0,0,1,950,Samoa,750,Tonga,05/08/2023,15:00,13,9,34,9,10,9,70,Apia Park,-1,NA,1,2023,05,5,Lock (5),0,,0,,271,Angus Gardner,1000642,Damon Murphy,1000613,Matthew Kellahan,-1,,3,International,Y,W
903,937717,43727,Miracle Faiilagi,950,Samoa,2823.16,2823.68,3816,1,81,53,0,0,28,,0,,356,Won Free Kick,365,Neutral,0,,0,,0,,0,,0,,0,,0,,0,0,0,0,1899-12-30T00:47:14Z,1,25,0,0,1,950,Samoa,750,Tonga,05/08/2023,15:00,13,9,34,9,10,9,70,Apia Park,-1,NA,1,2023,06,6,Blindside Flanker,0,,0,,271,Angus Gardner,1000642,Damon Murphy,1000613,Matthew Kellahan,-1,,3,International,Y,W
904,937717,10607,Jack Lam,950,Samoa,2823.16,2823.68,3816,1,81,53,0,0,28,,0,,356,Won Free Kick,365,Neutral,0,,0,,0,,0,,0,,0,,0,,0,0,0,0,1899-12-30T00:47:14Z,1,25,0,0,1,950,Samoa,750,Tonga,05/08/2023,15:00,13,9,34,9,10,9,70,Apia Park,-1,NA,1,2023,07,7,Openside Flanker,0,,0,,271,Angus Gardner,1000642,Damon Murphy,1000613,Matthew Kellahan,-1,,3,International,Y,W
905,937717,18506,Steven Luatua,950,Samoa,2823.16,2823.68,3816,1,81,53,0,0,28,,0,,356,Won Free Kick,365,Neutral,0,,0,,0,,0,,0,,0,,0,,0,0,0,0,1899-12-30T00:47:14Z,1,25,0,0,1,950,Samoa,750,Tonga,05/08/2023,15:00,13,9,34,9,10,9,70,Apia Park,-1,NA,1,2023,08,8,Number 8,0,,0,,271,Angus Gardner,1000642,Damon Murphy,1000613,Matthew Kellahan,-1,,3,International,Y,W
906,937717,22136,Siegfried Fisi'ihoi,750,Tonga,2823.16,2823.68,3816,1,81,53,0,0,29,,0,,356,Won Free Kick,365,Neutral,0,,0,,0,,0,,0,,0,,0,,0,0,0,0,1899-12-30T00:47:14Z,1,25,0,0,1,950,Samoa,750,Tonga,05/08/2023,15:00,13,9,34,9,10,9,70,Apia Park,-1,NA,1,2023,01,1,Loosehead Prop,0,,0,,271,Angus Gardner,1000642,Damon Murphy,1000613,Matthew Kellahan,-1,,3,International,N,L
907,937717,35331,Siua Maile,750,Tonga,2823.16,2823.68,3816,1,81,53,0,0,29,,0,,356,Won Free Kick,365,Neutral,0,,0,,0,,0,,0,,0,,0,,0,0,0,0,1899-12-30T00:47:14Z,1,25,0,0,1,950,Samoa,750,Tonga,05/08/2023,15:00,13,9,34,9,10,9,70,Apia Park,-1,NA,1,2023,02,2,Hooker,0,,0,,271,Angus Gardner,1000642,Damon Murphy,1000613,Matthew Kellahan,-1,,3,International,N,L
908,937717,18807,Ben Tameifuna,750,Tonga,2823.16,2823.68,3816,1,81,53,0,0,29,,0,,356,Won Free Kick,365,Neutral,0,,0,,0,,0,,0,,0,,0,,0,0,0,0,1899-12-30T00:47:14Z,1,25,0,0,1,950,Samoa,750,Tonga,05/08/2023,15:00,13,9,34,9,10,9,70,Apia Park,-1,NA,1,2023,03,3,Tighthead Prop,0,,0,,271,Angus Gardner,1000642,Damon Murphy,1000613,Matthew Kellahan,-1,,3,International,N,L
909,937717,26114,Leva Fifita,750,Tonga,2823.16,2823.68,3816,1,81,53,0,0,29,,0,,356,Won Free Kick,365,Neutral,0,,0,,0,,0,,0,,0,,0,,0,0,0,0,1899-12-30T00:47:14Z,1,25,0,0,1,950,Samoa,750,Tonga,05/08/2023,15:00,13,9,34,9,10,9,70,Apia Park,-1,NA,1,2023,04,4,Lock (4),0,,0,,271,Angus Gardner,1000642,Damon Murphy,1000613,Matthew Kellahan,-1,,3,International,N,L
910,937717,11292,Steve Mafi,750,Tonga,2823.16,2823.68,3816,1,81,53,0,0,29,,0,,356,Won Free Kick,365,Neutral,0,,0,,0,,0,,0,,0,,0,,0,0,0,0,1899-12-30T00:47:14Z,1,25,0,0,1,950,Samoa,750,Tonga,05/08/2023,15:00,13,9,34,9,10,9,70,Apia Park,-1,NA,1,2023,05,5,Lock (5),0,,0,,271,Angus Gardner,1000642,Damon Murphy,1000613,Matthew Kellahan,-1,,3,International,N,L
911,937717,28270,Tanginoa Halaifonua,750,Tonga,2823.16,2823.68,3816,1,81,53,0,0,29,,0,,356,Won Free Kick,365,Neutral,0,,0,,0,,0,,0,,0,,0,,0,0,0,0,1899-12-30T00:47:14Z,1,25,0,0,1,950,Samoa,750,Tonga,05/08/2023,15:00,13,9,34,9,10,9,70,Apia Park,-1,NA,1,2023,06,6,Blindside Flanker,0,,0,,271,Angus Gardner,1000642,Damon Murphy,1000613,Matthew Kellahan,-1,,3,International,N,L
912,937717,29249,Sione Havili Talitui,750,Tonga,2823.16,2823.68,3816,1,81,53,0,0,29,,0,,356,Won Free Kick,365,Neutral,0,,0,,0,,0,,0,,0,,0,,0,0,0,0,1899-12-30T00:47:14Z,1,25,0,0,1,950,Samoa,750,Tonga,05/08/2023,15:00,13,9,34,9,10,9,70,Apia Park,-1,NA,1,2023,07,7,Openside Flanker,0,,0,,271,Angus Gardner,1000642,Damon Murphy,1000613,Matthew Kellahan,-1,,3,International,N,L
913,937717,21155,Vaea Fifita,750,Tonga,2823.16,2823.68,3816,1,81,53,0,0,29,,0,,356,Won Free Kick,365,Neutral,0,,0,,0,,0,,0,,0,,0,,0,0,0,0,1899-12-30T00:47:14Z,1,25,0,0,1,950,Samoa,750,Tonga,05/08/2023,15:00,13,9,34,9,10,9,70,Apia Park,-1,NA,1,2023,08,8,Number 8,0,,0,,271,Angus Gardner,1000642,Damon Murphy,1000613,Matthew Kellahan,-1,,3,International,N,L
914,937717,750,,750,Tonga,2823.32,2823.32,3816,1,19,15,0,0,7,Penalty Conceded,222,Scrum Offence,236,No Action,215,Defence,235,Free Kick,450,Early Engagement,0,,0,,0,,0,,0,,0,0,0,0,1899-12-30T00:47:14Z,1,25,0,0,1,950,Samoa,750,Tonga,05/08/2023,15:00,13,9,34,9,10,9,70,Apia Park,-1,NA,1,2023,,,,0,,0,,271,Angus Gardner,1000642,Damon Murphy,1000613,Matthew Kellahan,-1,,3,International,N,L
915,937717,0,,950,Samoa,2823.16,2823.68,3817,1,81,53,81,53,26,Sequences,309,Scrum,317,Scrum,0,,0,,0,,0,,0,,0,,0,,0,,0,0,0,0,1899-12-30T00:47:14Z,1,25,0,0,1,950,Samoa,750,Tonga,05/08/2023,15:00,13,9,34,9,10,9,70,Apia Park,-1,NA,1,2023,,,,0,,0,,271,Angus Gardner,1000642,Damon Murphy,1000613,Matthew Kellahan,-1,,3,International,Y,W
916,937717,23399,Jonathan Taumateine,950,Samoa,2869.32,2872.76,3902,1,81,53,0,0,5,Scrum,367,Scrum Half Pass,353,Won Outright,365,Neutral,0,,663,Close Left Open Movement Scrum,0,,0,,0,,0,,0,,0,0,3,9,1899-12-30T00:48:00Z,1,26,0,0,1,950,Samoa,750,Tonga,05/08/2023,15:00,13,9,34,9,10,9,70,Apia Park,-1,NA,1,2023,09,9,Scrum Half,0,,0,,271,Angus Gardner,1000642,Damon Murphy,1000613,Matthew Kellahan,-1,,3,International,Y,W
917,937717,10081,Charlie Faumuina,950,Samoa,2869.32,2872.76,3902,1,81,53,0,0,28,,367,Scrum Half Pass,353,Won Outright,365,Neutral,0,,0,,0,,0,,0,,0,,0,,0,0,0,0,1899-12-30T00:48:00Z,1,26,0,0,1,950,Samoa,750,Tonga,05/08/2023,15:00,13,9,34,9,10,9,70,Apia Park,-1,NA,1,2023,01,1,Loosehead Prop,0,,0,,271,Angus Gardner,1000642,Damon Murphy,1000613,Matthew Kellahan,-1,,3,International,Y,W
918,937717,27662,Sama Malolo,950,Samoa,2869.32,2872.76,3902,1,81,53,0,0,28,,367,Scrum Half Pass,353,Won Outright,365,Neutral,0,,0,,0,,0,,0,,0,,0,,0,0,0,0,1899-12-30T00:48:00Z,1,26,0,0,1,950,Samoa,750,Tonga,05/08/2023,15:00,13,9,34,9,10,9,70,Apia Park,-1,NA,1,2023,02,2,Hooker,0,,0,,271,Angus Gardner,1000642,Damon Murphy,1000613,Matthew Kellahan,-1,,3,International,Y,W
919,937717,21998,Michael Alaalatoa,950,Samoa,2869.32,2872.76,3902,1,81,53,0,0,28,,367,Scrum Half Pass,353,Won Outright,365,Neutral,0,,0,,0,,0,,0,,0,,0,,0,0,0,0,1899-12-30T00:48:00Z,1,26,0,0,1,950,Samoa,750,Tonga,05/08/2023,15:00,13,9,34,9,10,9,70,Apia Park,-1,NA,1,2023,03,3,Tighthead Prop,0,,0,,271,Angus Gardner,1000642,Damon Murphy,1000613,Matthew Kellahan,-1,,3,International,Y,W
920,937717,20806,Brian Alainu'uese,950,Samoa,2869.32,2872.76,3902,1,81,53,0,0,28,,367,Scrum Half Pass,353,Won Outright,365,Neutral,0,,0,,0,,0,,0,,0,,0,,0,0,0,0,1899-12-30T00:48:00Z,1,26,0,0,1,950,Samoa,750,Tonga,05/08/2023,15:00,13,9,34,9,10,9,70,Apia Park,-1,NA,1,2023,04,4,Lock (4),0,,0,,271,Angus Gardner,1000642,Damon Murphy,1000613,Matthew Kellahan,-1,,3,International,Y,W
921,937717,20766,Chris Vui,950,Samoa,2869.32,2872.76,3902,1,81,53,0,0,28,,367,Scrum Half Pass,353,Won Outright,365,Neutral,0,,0,,0,,0,,0,,0,,0,,0,0,0,0,1899-12-30T00:48:00Z,1,26,0,0,1,950,Samoa,750,Tonga,05/08/2023,15:00,13,9,34,9,10,9,70,Apia Park,-1,NA,1,2023,05,5,Lock (5),0,,0,,271,Angus Gardner,1000642,Damon Murphy,1000613,Matthew Kellahan,-1,,3,International,Y,W
922,937717,43727,Miracle Faiilagi,950,Samoa,2869.32,2872.76,3902,1,81,53,0,0,28,,367,Scrum Half Pass,353,Won Outright,365,Neutral,0,,0,,0,,0,,0,,0,,0,,0,0,0,0,1899-12-30T00:48:00Z,1,26,0,0,1,950,Samoa,750,Tonga,05/08/2023,15:00,13,9,34,9,10,9,70,Apia Park,-1,NA,1,2023,06,6,Blindside Flanker,0,,0,,271,Angus Gardner,1000642,Damon Murphy,1000613,Matthew Kellahan,-1,,3,International,Y,W
923,937717,10607,Jack Lam,950,Samoa,2869.32,2872.76,3902,1,81,53,0,0,28,,367,Scrum Half Pass,353,Won Outright,365,Neutral,0,,0,,0,,0,,0,,0,,0,,0,0,0,0,1899-12-30T00:48:00Z,1,26,0,0,1,950,Samoa,750,Tonga,05/08/2023,15:00,13,9,34,9,10,9,70,Apia Park,-1,NA,1,2023,07,7,Openside Flanker,0,,0,,271,Angus Gardner,1000642,Damon Murphy,1000613,Matthew Kellahan,-1,,3,International,Y,W
924,937717,18506,Steven Luatua,950,Samoa,2869.32,2872.76,3902,1,81,53,0,0,28,,367,Scrum Half Pass,353,Won Outright,365,Neutral,0,,0,,0,,0,,0,,0,,0,,0,0,0,0,1899-12-30T00:48:00Z,1,26,0,0,1,950,Samoa,750,Tonga,05/08/2023,15:00,13,9,34,9,10,9,70,Apia Park,-1,NA,1,2023,08,8,Number 8,0,,0,,271,Angus Gardner,1000642,Damon Murphy,1000613,Matthew Kellahan,-1,,3,International,Y,W
925,937717,22136,Siegfried Fisi'ihoi,750,Tonga,2869.32,2872.76,3902,1,81,53,0,0,29,,367,Scrum Half Pass,353,Won Outright,365,Neutral,0,,0,,0,,0,,0,,0,,0,,0,0,0,0,1899-12-30T00:48:00Z,1,26,0,0,1,950,Samoa,750,Tonga,05/08/2023,15:00,13,9,34,9,10,9,70,Apia Park,-1,NA,1,2023,01,1,Loosehead Prop,0,,0,,271,Angus Gardner,1000642,Damon Murphy,1000613,Matthew Kellahan,-1,,3,International,N,L
926,937717,35331,Siua Maile,750,Tonga,2869.32,2872.76,3902,1,81,53,0,0,29,,367,Scrum Half Pass,353,Won Outright,365,Neutral,0,,0,,0,,0,,0,,0,,0,,0,0,0,0,1899-12-30T00:48:00Z,1,26,0,0,1,950,Samoa,750,Tonga,05/08/2023,15:00,13,9,34,9,10,9,70,Apia Park,-1,NA,1,2023,02,2,Hooker,0,,0,,271,Angus Gardner,1000642,Damon Murphy,1000613,Matthew Kellahan,-1,,3,International,N,L
927,937717,18807,Ben Tameifuna,750,Tonga,2869.32,2872.76,3902,1,81,53,0,0,29,,367,Scrum Half Pass,353,Won Outright,365,Neutral,0,,0,,0,,0,,0,,0,,0,,0,0,0,0,1899-12-30T00:48:00Z,1,26,0,0,1,950,Samoa,750,Tonga,05/08/2023,15:00,13,9,34,9,10,9,70,Apia Park,-1,NA,1,2023,03,3,Tighthead Prop,0,,0,,271,Angus Gardner,1000642,Damon Murphy,1000613,Matthew Kellahan,-1,,3,International,N,L
928,937717,26114,Leva Fifita,750,Tonga,2869.32,2872.76,3902,1,81,53,0,0,29,,367,Scrum Half Pass,353,Won Outright,365,Neutral,0,,0,,0,,0,,0,,0,,0,,0,0,0,0,1899-12-30T00:48:00Z,1,26,0,0,1,950,Samoa,750,Tonga,05/08/2023,15:00,13,9,34,9,10,9,70,Apia Park,-1,NA,1,2023,04,4,Lock (4),0,,0,,271,Angus Gardner,1000642,Damon Murphy,1000613,Matthew Kellahan,-1,,3,International,N,L
929,937717,11292,Steve Mafi,750,Tonga,2869.32,2872.76,3902,1,81,53,0,0,29,,367,Scrum Half Pass,353,Won Outright,365,Neutral,0,,0,,0,,0,,0,,0,,0,,0,0,0,0,1899-12-30T00:48:00Z,1,26,0,0,1,950,Samoa,750,Tonga,05/08/2023,15:00,13,9,34,9,10,9,70,Apia Park,-1,NA,1,2023,05,5,Lock (5),0,,0,,271,Angus Gardner,1000642,Damon Murphy,1000613,Matthew Kellahan,-1,,3,International,N,L
930,937717,28270,Tanginoa Halaifonua,750,Tonga,2869.32,2872.76,3902,1,81,53,0,0,29,,367,Scrum Half Pass,353,Won Outright,365,Neutral,0,,0,,0,,0,,0,,0,,0,,0,0,0,0,1899-12-30T00:48:00Z,1,26,0,0,1,950,Samoa,750,Tonga,05/08/2023,15:00,13,9,34,9,10,9,70,Apia Park,-1,NA,1,2023,06,6,Blindside Flanker,0,,0,,271,Angus Gardner,1000642,Damon Murphy,1000613,Matthew Kellahan,-1,,3,International,N,L
931,937717,29249,Sione Havili Talitui,750,Tonga,2869.32,2872.76,3902,1,81,53,0,0,29,,367,Scrum Half Pass,353,Won Outright,365,Neutral,0,,0,,0,,0,,0,,0,,0,,0,0,0,0,1899-12-30T00:48:00Z,1,26,0,0,1,950,Samoa,750,Tonga,05/08/2023,15:00,13,9,34,9,10,9,70,Apia Park,-1,NA,1,2023,07,7,Openside Flanker,0,,0,,271,Angus Gardner,1000642,Damon Murphy,1000613,Matthew Kellahan,-1,,3,International,N,L
932,937717,21155,Vaea Fifita,750,Tonga,2869.32,2872.76,3902,1,81,53,0,0,29,,367,Scrum Half Pass,353,Won Outright,365,Neutral,0,,0,,0,,0,,0,,0,,0,,0,0,0,0,1899-12-30T00:48:00Z,1,26,0,0,1,950,Samoa,750,Tonga,05/08/2023,15:00,13,9,34,9,10,9,70,Apia Park,-1,NA,1,2023,08,8,Number 8,0,,0,,271,Angus Gardner,1000642,Damon Murphy,1000613,Matthew Kellahan,-1,,3,International,N,L
933,937717,23399,Jonathan Taumateine,950,Samoa,2872.76,2872.76,3906,1,80,52,0,0,18,Collection,631,General Catch,0,,0,,0,,0,,0,,0,,0,,0,,0,,0,0,0,0,1899-12-30T00:48:03Z,1,26,0,0,1,950,Samoa,750,Tonga,05/08/2023,15:00,13,9,34,9,10,9,70,Apia Park,-1,NA,1,2023,09,9,Scrum Half,0,,0,,271,Angus Gardner,1000642,Damon Murphy,1000613,Matthew Kellahan,-1,,3,International,Y,W
934,937717,23399,Jonathan Taumateine,950,Samoa,2873.48,2874.16,3907,1,80,52,75,43,3,Pass,169,Complete,0,,686,Medium Pass,681,Left Pass,700,0th Receiver,0,,0,,0,,0,,0,,10,11,6,0,1899-12-30T00:48:04Z,1,26,0,0,1,950,Samoa,750,Tonga,05/08/2023,15:00,13,9,34,9,10,9,70,Apia Park,-1,NA,1,2023,09,9,Scrum Half,0,,0,,271,Angus Gardner,1000642,Damon Murphy,1000613,Matthew Kellahan,-1,,3,International,Y,W
935,937717,25212,D'Angelo Leuila,950,Samoa,2874.16,2874.16,3907,1,75,43,0,0,18,Collection,631,General Catch,0,,0,,0,,0,,0,,0,,0,,0,,0,,0,0,0,0,1899-12-30T00:48:05Z,1,26,0,0,1,950,Samoa,750,Tonga,05/08/2023,15:00,13,9,34,9,10,9,70,Apia Park,-1,NA,1,2023,10,10,Fly Half,0,,0,,271,Angus Gardner,1000642,Damon Murphy,1000613,Matthew Kellahan,-1,,3,International,Y,W
936,937717,25212,D'Angelo Leuila,950,Samoa,2874.16,2876.96,3907,1,75,43,84,44,1,Carry,101,One Out Drive,107,Tackled Dominant,109,Crossed Gain line,460,Dominant Contact,502,2 Tacklers Committed,701,1st Receiver,0,,0,,0,,0,,3,9,2,2,1899-12-30T00:48:05Z,1,26,0,0,1,950,Samoa,750,Tonga,05/08/2023,15:00,13,9,34,9,10,9,70,Apia Park,-1,NA,1,2023,10,10,Fly Half,0,,0,,271,Angus Gardner,1000642,Damon Murphy,1000613,Matthew Kellahan,-1,,3,International,Y,W
937,937717,28913,Otumaka Mausia,750,Tonga,2875.72,2875.72,3909,1,18,27,0,0,2,Tackle,144,Line,160,Passive,0,,475,Ineffective Tackle,708,1st Tackler,0,,0,,0,,0,,0,,0,0,0,0,1899-12-30T00:48:06Z,1,26,0,0,1,950,Samoa,750,Tonga,05/08/2023,15:00,13,9,34,9,10,9,70,Apia Park,-1,NA,1,2023,22,10,Fly Half,0,,0,,271,Angus Gardner,1000642,Damon Murphy,1000613,Matthew Kellahan,-1,,3,International,N,L
938,937717,19128,George Moala,750,Tonga,2876.88,2876.88,3910,1,18,27,0,0,2,Tackle,144,Line,160,Passive,441,Assist,475,Ineffective Tackle,709,2nd Tackler,0,,0,,0,,0,,0,,0,0,0,0,1899-12-30T00:48:07Z,1,26,0,0,1,950,Samoa,750,Tonga,05/08/2023,15:00,13,9,34,9,10,9,70,Apia Park,-1,NA,1,2023,13,13,Outside Centre,0,,0,,271,Angus Gardner,1000642,Damon Murphy,1000613,Matthew Kellahan,-1,,3,International,N,L
939,937717,25212,D'Angelo Leuila,950,Samoa,2876.96,2879.96,3910,1,84,44,0,0,23,Ruck,0,,401,Won Outright,548,Over Previous Gainline,554,2-3 Seconds,663,Close Left Open Movement Ruck,0,,0,,0,,0,,0,,0,0,1,9,1899-12-30T00:48:07Z,1,26,0,0,1,950,Samoa,750,Tonga,05/08/2023,15:00,13,9,34,9,10,9,70,Apia Park,-1,NA,1,2023,10,10,Fly Half,0,,0,,271,Angus Gardner,1000642,Damon Murphy,1000613,Matthew Kellahan,-1,,3,International,Y,W
940,937717,19128,George Moala,750,Tonga,2877.04,2877.04,3910,1,17,24,0,0,43,Ruck OOA,578,Got Cleaned Out,583,Own Team 1st Entry,603,OOA Entry 1st Entry- Def,633,Defensive OOA,0,1,0,,0,,0,,0,,0,,0,0,0,0,1899-12-30T00:48:04Z,1,26,0,0,1,950,Samoa,750,Tonga,05/08/2023,15:00,13,9,34,9,10,9,70,Apia Park,-1,NA,1,2023,13,13,Outside Centre,0,,0,,271,Angus Gardner,1000642,Damon Murphy,1000613,Matthew Kellahan,-1,,3,International,N,L
941,937717,10607,Jack Lam,950,Samoa,2877.24,2877.24,3910,1,84,44,0,0,43,Ruck OOA,572,Cleaned Out,583,Own Team 1st Entry,588,OOA Entry 1st Entry- Att,632,Attacking OOA,0,1,0,,0,,0,,0,,0,,0,0,0,0,1899-12-30T00:48:04Z,1,26,0,0,1,950,Samoa,750,Tonga,05/08/2023,15:00,13,9,34,9,10,9,70,Apia Park,-1,NA,1,2023,07,7,Openside Flanker,0,,0,,271,Angus Gardner,1000642,Damon Murphy,1000613,Matthew Kellahan,-1,,3,International,Y,W
942,937717,22603,Duncan Paia'aua,950,Samoa,2877.36,2877.36,3910,1,84,44,0,0,43,Ruck OOA,572,Cleaned Out,584,Own Team 2nd Entry,589,OOA Entry 2nd Entry- Att,632,Attacking OOA,0,2,0,,0,,0,,0,,0,,0,0,0,0,1899-12-30T00:48:04Z,1,26,0,0,1,950,Samoa,750,Tonga,05/08/2023,15:00,13,9,34,9,10,9,70,Apia Park,-1,NA,1,2023,12,12,Inside Centre,0,,0,,271,Angus Gardner,1000642,Damon Murphy,1000613,Matthew Kellahan,-1,,3,International,Y,W
943,937717,18506,Steven Luatua,950,Samoa,2878.44,2878.44,3912,1,84,44,0,0,43,Ruck OOA,574,Secured,585,Own Team 3rd Entry,590,OOA Entry 3rd Entry- Att,632,Attacking OOA,0,3,0,,0,,0,,0,,0,,0,0,0,0,1899-12-30T00:48:05Z,1,26,0,0,1,950,Samoa,750,Tonga,05/08/2023,15:00,13,9,34,9,10,9,70,Apia Park,-1,NA,1,2023,08,8,Number 8,0,,0,,271,Angus Gardner,1000642,Damon Murphy,1000613,Matthew Kellahan,-1,,3,International,Y,W
944,937717,23399,Jonathan Taumateine,950,Samoa,2879.96,2879.96,3913,1,83,44,0,0,18,Collection,631,General Catch,0,,0,,0,,0,,0,,0,,0,,0,,0,,0,0,0,0,1899-12-30T00:48:10Z,2,26,0,0,1,950,Samoa,750,Tonga,05/08/2023,15:00,13,9,34,9,10,9,70,Apia Park,-1,NA,1,2023,09,9,Scrum Half,0,,0,,271,Angus Gardner,1000642,Damon Murphy,1000613,Matthew Kellahan,-1,,3,International,Y,W
945,937717,23399,Jonathan Taumateine,950,Samoa,2879.96,2879.96,3913,1,83,44,0,0,47,Playmaker Options,671,Halfback at Breakdown,675,Playmaker Option - Pass,0,,0,,0,,0,,0,,0,,0,,0,,0,0,0,0,1899-12-30T00:48:10Z,2,26,0,0,1,950,Samoa,750,Tonga,05/08/2023,15:00,13,9,34,9,10,9,70,Apia Park,-1,NA,1,2023,09,9,Scrum Half,0,,0,,271,Angus Gardner,1000642,Damon Murphy,1000613,Matthew Kellahan,-1,,3,International,Y,W
946,937717,23399,Jonathan Taumateine,950,Samoa,2880.08,2880.72,3913,1,83,44,81,37,3,Pass,169,Complete,0,,686,Medium Pass,681,Left Pass,700,0th Receiver,0,,0,,0,,0,,0,,7,7,2,0,1899-12-30T00:48:10Z,2,26,0,0,1,950,Samoa,750,Tonga,05/08/2023,15:00,13,9,34,9,10,9,70,Apia Park,-1,NA,1,2023,09,9,Scrum Half,0,,0,,271,Angus Gardner,1000642,Damon Murphy,1000613,Matthew Kellahan,-1,,3,International,Y,W
947,937717,20766,Chris Vui,950,Samoa,2880.72,2880.72,3914,1,81,37,0,0,18,Collection,631,General Catch,0,,0,,0,,0,,0,,0,,0,,0,,0,,0,0,0,0,1899-12-30T00:48:11Z,2,26,0,0,1,950,Samoa,750,Tonga,05/08/2023,15:00,13,9,34,9,10,9,70,Apia Park,-1,NA,1,2023,05,5,Lock (5),0,,0,,271,Angus Gardner,1000642,Damon Murphy,1000613,Matthew Kellahan,-1,,3,International,Y,W
948,937717,20766,Chris Vui,950,Samoa,2880.72,2880.72,3914,1,81,37,0,0,47,Playmaker Options,656,First Receiver,673,Playmaker Option - Carry,0,,0,,0,,0,,0,,0,,0,,0,,0,0,0,0,1899-12-30T00:48:11Z,2,26,0,0,1,950,Samoa,750,Tonga,05/08/2023,15:00,13,9,34,9,10,9,70,Apia Park,-1,NA,1,2023,05,5,Lock (5),0,,0,,271,Angus Gardner,1000642,Damon Murphy,1000613,Matthew Kellahan,-1,,3,International,Y,W
949,937717,20766,Chris Vui,950,Samoa,2880.72,2882.80,3914,1,81,37,84,36,1,Carry,101,One Out Drive,108,Tackled Neutral,109,Crossed Gain line,461,Neutral Contact,501,1 Tacklers Committed,701,1st Receiver,0,,0,,0,,0,,1,4,0,0,1899-12-30T00:48:11Z,2,26,0,0,1,950,Samoa,750,Tonga,05/08/2023,15:00,13,9,34,9,10,9,70,Apia Park,-1,NA,1,2023,05,5,Lock (5),0,,0,,271,Angus Gardner,1000642,Damon Murphy,1000613,Matthew Kellahan,-1,,3,International,Y,W
950,937717,21155,Vaea Fifita,750,Tonga,2881.84,2881.84,3915,1,16,32,0,0,2,Tackle,144,Line,153,Complete,0,,474,Neutral Tackle,708,1st Tackler,0,,0,,0,,0,,0,,0,0,0,0,1899-12-30T00:48:12Z,2,26,0,0,1,950,Samoa,750,Tonga,05/08/2023,15:00,13,9,34,9,10,9,70,Apia Park,-1,NA,1,2023,08,8,Number 8,0,,0,,271,Angus Gardner,1000642,Damon Murphy,1000613,Matthew Kellahan,-1,,3,International,N,L
951,937717,20766,Chris Vui,950,Samoa,2882.80,2889.12,3916,1,84,36,0,0,23,Ruck,0,,401,Won Outright,548,Over Previous Gainline,558,6+ Seconds,664,Close Right Open Movement Ruck,0,,0,,0,,0,,0,,0,0,16,4,1899-12-30T00:48:13Z,2,26,0,0,1,950,Samoa,750,Tonga,05/08/2023,15:00,13,9,34,9,10,9,70,Apia Park,-1,NA,1,2023,05,5,Lock (5),0,,0,,271,Angus Gardner,1000642,Damon Murphy,1000613,Matthew Kellahan,-1,,3,International,Y,W
952,937717,20156,Sonatane Takulua,750,Tonga,2883.16,2883.16,3916,1,16,32,0,0,43,Ruck OOA,578,Got Cleaned Out,583,Own Team 1st Entry,603,OOA Entry 1st Entry- Def,633,Defensive OOA,0,1,0,,0,,0,,0,,0,,0,0,0,0,1899-12-30T00:48:07Z,2,26,0,0,1,950,Samoa,750,Tonga,05/08/2023,15:00,13,9,34,9,10,9,70,Apia Park,-1,NA,1,2023,09,9,Scrum Half,0,,0,,271,Angus Gardner,1000642,Damon Murphy,1000613,Matthew Kellahan,-1,,3,International,N,L
953,937717,20806,Brian Alainu'uese,950,Samoa,2883.64,2883.64,3917,1,84,36,0,0,43,Ruck OOA,572,Cleaned Out,583,Own Team 1st Entry,588,OOA Entry 1st Entry- Att,632,Attacking OOA,0,1,0,,0,,0,,0,,0,,0,0,0,0,1899-12-30T00:48:07Z,2,26,0,0,1,950,Samoa,750,Tonga,05/08/2023,15:00,13,9,34,9,10,9,70,Apia Park,-1,NA,1,2023,04,4,Lock (4),0,,0,,271,Angus Gardner,1000642,Damon Murphy,1000613,Matthew Kellahan,-1,,3,International,Y,W
954,937717,10552,Tim Nanai-Williams,950,Samoa,2885.60,2885.60,3919,1,84,36,0,0,43,Ruck OOA,574,Secured,584,Own Team 2nd Entry,589,OOA Entry 2nd Entry- Att,632,Attacking OOA,0,2,0,,0,,0,,0,,0,,0,0,0,0,1899-12-30T00:48:09Z,2,26,0,0,1,950,Samoa,750,Tonga,05/08/2023,15:00,13,9,34,9,10,9,70,Apia Park,-1,NA,1,2023,15,15,Full Back,0,,0,,271,Angus Gardner,1000642,Damon Murphy,1000613,Matthew Kellahan,-1,,3,International,Y,W
955,937717,23399,Jonathan Taumateine,950,Samoa,2885.96,2885.96,3919,1,84,36,0,0,43,Ruck OOA,574,Secured,585,Own Team 3rd Entry,590,OOA Entry 3rd Entry- Att,632,Attacking OOA,0,3,0,,0,,0,,0,,0,,0,0,0,0,1899-12-30T00:48:09Z,2,26,0,0,1,950,Samoa,750,Tonga,05/08/2023,15:00,13,9,34,9,10,9,70,Apia Park,-1,NA,1,2023,09,9,Scrum Half,0,,0,,271,Angus Gardner,1000642,Damon Murphy,1000613,Matthew Kellahan,-1,,3,International,Y,W
956,937717,29249,Sione Havili Talitui,750,Tonga,2887.04,2887.04,3920,1,16,32,0,0,7,Penalty Conceded,219,Offside,236,No Action,215,Defence,233,Full Penalty,444,Offside in General Play,0,,0,,0,,0,,0,,0,0,0,0,1899-12-30T00:48:17Z,2,26,0,0,1,950,Samoa,750,Tonga,05/08/2023,15:00,13,9,34,9,10,9,70,Apia Park,-1,NA,1,2023,07,7,Openside Flanker,0,,0,,271,Angus Gardner,1000642,Damon Murphy,1000613,Matthew Kellahan,-1,,3,International,N,L
957,937717,0,,950,Samoa,2887.36,2887.36,3920,1,84,35,0,0,20,Ref Review,245,Advantage,0,,0,,0,,0,,0,,0,,0,,0,,0,,0,0,0,0,1899-12-30T00:48:17Z,2,26,0,0,1,950,Samoa,750,Tonga,05/08/2023,15:00,13,9,34,9,10,9,70,Apia Park,-1,NA,1,2023,,,,0,,0,,271,Angus Gardner,1000642,Damon Murphy,1000613,Matthew Kellahan,-1,,3,International,Y,W
958,937717,18506,Steven Luatua,950,Samoa,2887.44,2887.44,3921,1,84,35,0,0,43,Ruck OOA,575,Attended,586,Own Team 4th Entry,591,OOA Entry 4th Entry- Att,632,Attacking OOA,0,4,0,,0,,0,,0,,0,,0,0,0,0,1899-12-30T00:48:17Z,2,26,0,0,1,950,Samoa,750,Tonga,05/08/2023,15:00,13,9,34,9,10,9,70,Apia Park,-1,NA,1,2023,08,8,Number 8,0,,0,,271,Angus Gardner,1000642,Damon Murphy,1000613,Matthew Kellahan,-1,,3,International,Y,W
959,937717,9023,Christian Leali'ifano,950,Samoa,2889.12,2889.12,3922,1,78,34,0,0,18,Collection,272,Attacking Loose Ball,277,Success,0,,0,,0,,0,,0,,0,,0,,0,,0,0,0,0,1899-12-30T00:48:19Z,3,26,0,0,1,950,Samoa,750,Tonga,05/08/2023,15:00,13,9,34,9,10,9,70,Apia Park,-1,NA,1,2023,22,10,Fly Half,0,,0,,271,Angus Gardner,1000642,Damon Murphy,1000613,Matthew Kellahan,-1,,3,International,Y,W
960,937717,9023,Christian Leali'ifano,950,Samoa,2889.88,2891.12,3923,1,78,34,75,42,3,Pass,169,Complete,0,,686,Medium Pass,682,Right Pass,700,0th Receiver,0,,0,,0,,0,,0,,9,10,4,0,1899-12-30T00:48:20Z,3,26,0,0,1,950,Samoa,750,Tonga,05/08/2023,15:00,13,9,34,9,10,9,70,Apia Park,-1,NA,1,2023,22,10,Fly Half,0,,0,,271,Angus Gardner,1000642,Damon Murphy,1000613,Matthew Kellahan,-1,,3,International,Y,W
961,937717,22603,Duncan Paia'aua,950,Samoa,2891.12,2891.12,3924,1,75,42,0,0,18,Collection,631,General Catch,0,,0,,0,,0,,0,,0,,0,,0,,0,,0,0,0,0,1899-12-30T00:48:20Z,3,26,0,0,1,950,Samoa,750,Tonga,05/08/2023,15:00,13,9,34,9,10,9,70,Apia Park,-1,NA,1,2023,12,12,Inside Centre,0,,0,,271,Angus Gardner,1000642,Damon Murphy,1000613,Matthew Kellahan,-1,,3,International,Y,W
962,937717,22603,Duncan Paia'aua,950,Samoa,2891.36,2895.68,3924,1,75,42,105,40,11,Goal Kick,296,Drop Goal,298,Goal Missed,534,Missed Right,0,,0,,0,,0,,0,,0,,0,,25,27,0,0,1899-12-30T00:48:22Z,3,26,0,0,1,950,Samoa,750,Tonga,05/08/2023,15:00,13,9,34,9,10,9,70,Apia Park,-1,NA,1,2023,12,12,Inside Centre,0,,0,,271,Angus Gardner,1000642,Damon Murphy,1000613,Matthew Kellahan,-1,,3,International,Y,W
963,937717,0,,950,Samoa,2869.32,2895.68,3929,1,81,53,105,40,15,Possession,309,Scrum,316,Pen Won,0,,685,Starts inside Opposition 22,0,,0,,0,,0,,0,,0,,19,0,0,0,1899-12-30T00:48:00Z,3,26,0,0,1,950,Samoa,750,Tonga,05/08/2023,15:00,13,9,34,9,10,9,70,Apia Park,-1,NA,1,2023,,,,0,,0,,271,Angus Gardner,1000642,Damon Murphy,1000613,Matthew Kellahan,-1,,3,International,Y,W
964,937717,0,,950,Samoa,2869.32,2895.68,3929,1,81,53,105,40,26,Sequences,309,Scrum,316,Pen Won,0,,0,,0,,0,,0,,0,,0,,0,,19,0,0,0,1899-12-30T00:48:00Z,3,26,0,0,1,950,Samoa,750,Tonga,05/08/2023,15:00,13,9,34,9,10,9,70,Apia Park,-1,NA,1,2023,,,,0,,0,,271,Angus Gardner,1000642,Damon Murphy,1000613,Matthew Kellahan,-1,,3,International,Y,W
965,937717,25212,D'Angelo Leuila,950,Samoa,2964.84,2966.16,4038,1,86,24,102,36,11,Goal Kick,297,Penalty Goal,299,Goal Kicked,0,,0,,0,,0,,0,,0,,0,,0,,14,18,0,0,1899-12-30T00:49:35Z,1,26,0,0,4,950,Samoa,750,Tonga,05/08/2023,15:00,13,9,34,9,10,9,70,Apia Park,-1,NA,1,2023,10,10,Fly Half,0,,0,,271,Angus Gardner,1000642,Damon Murphy,1000613,Matthew Kellahan,-1,,3,International,Y,W
966,937717,0,,950,Samoa,2964.84,2966.16,4039,1,86,24,102,36,26,Sequences,781,Penalty Goal,783,Penalty Goal Scored,0,,0,,0,,0,,0,,0,,0,,0,,14,0,0,0,1899-12-30T00:49:35Z,1,26,0,0,4,950,Samoa,750,Tonga,05/08/2023,15:00,13,9,34,9,10,9,70,Apia Park,-1,NA,1,2023,,,,0,,0,,271,Angus Gardner,1000642,Damon Murphy,1000613,Matthew Kellahan,-1,,3,International,Y,W
967,937717,28913,Otumaka Mausia,750,Tonga,3001.40,3001.40,4114,1,50,34,0,0,8,Turnover,261,Kick Error,677,Error on Attack,0,,0,,0,,0,,0,,0,,0,,0,,0,0,0,0,1899-12-30T00:50:12Z,1,26,0,0,4,950,Samoa,750,Tonga,05/08/2023,15:00,13,9,34,9,13,9,70,Apia Park,-1,NA,1,2023,22,10,Fly Half,0,,0,,271,Angus Gardner,1000642,Damon Murphy,1000613,Matthew Kellahan,-1,,3,International,N,L
968,937717,28913,Otumaka Mausia,750,Tonga,3001.40,3006.56,4114,1,50,34,110,28,14,Restart,281,50m Restart,287,Restart Own Error,288,Long,752,Kicked Left,0,,0,,0,,0,,0,,0,,50,60,6,0,1899-12-30T00:50:12Z,1,26,0,0,4,950,Samoa,750,Tonga,05/08/2023,15:00,13,9,34,9,13,9,70,Apia Park,-1,NA,1,2023,22,10,Fly Half,0,,0,,271,Angus Gardner,1000642,Damon Murphy,1000613,Matthew Kellahan,-1,,3,International,N,L
969,937717,0,,750,Tonga,3001.40,3006.56,4120,1,50,34,110,28,26,Sequences,307,50m Restart,413,Kick Error,0,,0,,0,,0,,0,,0,,0,,0,,50,0,0,0,1899-12-30T00:50:12Z,1,26,0,0,4,950,Samoa,750,Tonga,05/08/2023,15:00,13,9,34,9,13,9,70,Apia Park,-1,NA,1,2023,,,,0,,0,,271,Angus Gardner,1000642,Damon Murphy,1000613,Matthew Kellahan,-1,,3,International,N,L
970,937717,23399,Jonathan Taumateine,950,Samoa,3076.32,3083.60,4229,1,50,34,0,0,5,Scrum,410,No 8 Pass,353,Won Outright,365,Neutral,0,,662,Mid Right Open Movement Scrum,0,,0,,0,,0,,0,,0,0,15,24,1899-12-30T00:51:27Z,1,27,0,0,4,950,Samoa,750,Tonga,05/08/2023,15:00,13,9,34,9,13,9,70,Apia Park,-1,NA,1,2023,09,9,Scrum Half,0,,0,,271,Angus Gardner,1000642,Damon Murphy,1000613,Matthew Kellahan,-1,,3,International,Y,W
971,937717,10081,Charlie Faumuina,950,Samoa,3076.32,3083.60,4229,1,50,34,0,0,28,,410,No 8 Pass,353,Won Outright,365,Neutral,0,,0,,0,,0,,0,,0,,0,,0,0,0,0,1899-12-30T00:51:27Z,1,27,0,0,4,950,Samoa,750,Tonga,05/08/2023,15:00,13,9,34,9,13,9,70,Apia Park,-1,NA,1,2023,01,1,Loosehead Prop,0,,0,,271,Angus Gardner,1000642,Damon Murphy,1000613,Matthew Kellahan,-1,,3,International,Y,W
972,937717,27662,Sama Malolo,950,Samoa,3076.32,3083.60,4229,1,50,34,0,0,28,,410,No 8 Pass,353,Won Outright,365,Neutral,0,,0,,0,,0,,0,,0,,0,,0,0,0,0,1899-12-30T00:51:27Z,1,27,0,0,4,950,Samoa,750,Tonga,05/08/2023,15:00,13,9,34,9,13,9,70,Apia Park,-1,NA,1,2023,02,2,Hooker,0,,0,,271,Angus Gardner,1000642,Damon Murphy,1000613,Matthew Kellahan,-1,,3,International,Y,W
973,937717,21998,Michael Alaalatoa,950,Samoa,3076.32,3083.60,4229,1,50,34,0,0,28,,410,No 8 Pass,353,Won Outright,365,Neutral,0,,0,,0,,0,,0,,0,,0,,0,0,0,0,1899-12-30T00:51:27Z,1,27,0,0,4,950,Samoa,750,Tonga,05/08/2023,15:00,13,9,34,9,13,9,70,Apia Park,-1,NA,1,2023,03,3,Tighthead Prop,0,,0,,271,Angus Gardner,1000642,Damon Murphy,1000613,Matthew Kellahan,-1,,3,International,Y,W
974,937717,20806,Brian Alainu'uese,950,Samoa,3076.32,3083.60,4229,1,50,34,0,0,28,,410,No 8 Pass,353,Won Outright,365,Neutral,0,,0,,0,,0,,0,,0,,0,,0,0,0,0,1899-12-30T00:51:27Z,1,27,0,0,4,950,Samoa,750,Tonga,05/08/2023,15:00,13,9,34,9,13,9,70,Apia Park,-1,NA,1,2023,04,4,Lock (4),0,,0,,271,Angus Gardner,1000642,Damon Murphy,1000613,Matthew Kellahan,-1,,3,International,Y,W
975,937717,20766,Chris Vui,950,Samoa,3076.32,3083.60,4229,1,50,34,0,0,28,,410,No 8 Pass,353,Won Outright,365,Neutral,0,,0,,0,,0,,0,,0,,0,,0,0,0,0,1899-12-30T00:51:27Z,1,27,0,0,4,950,Samoa,750,Tonga,05/08/2023,15:00,13,9,34,9,13,9,70,Apia Park,-1,NA,1,2023,05,5,Lock (5),0,,0,,271,Angus Gardner,1000642,Damon Murphy,1000613,Matthew Kellahan,-1,,3,International,Y,W
976,937717,43727,Miracle Faiilagi,950,Samoa,3076.32,3083.60,4229,1,50,34,0,0,28,,410,No 8 Pass,353,Won Outright,365,Neutral,0,,0,,0,,0,,0,,0,,0,,0,0,0,0,1899-12-30T00:51:27Z,1,27,0,0,4,950,Samoa,750,Tonga,05/08/2023,15:00,13,9,34,9,13,9,70,Apia Park,-1,NA,1,2023,06,6,Blindside Flanker,0,,0,,271,Angus Gardner,1000642,Damon Murphy,1000613,Matthew Kellahan,-1,,3,International,Y,W
977,937717,10607,Jack Lam,950,Samoa,3076.32,3083.60,4229,1,50,34,0,0,28,,410,No 8 Pass,353,Won Outright,365,Neutral,0,,0,,0,,0,,0,,0,,0,,0,0,0,0,1899-12-30T00:51:27Z,1,27,0,0,4,950,Samoa,750,Tonga,05/08/2023,15:00,13,9,34,9,13,9,70,Apia Park,-1,NA,1,2023,07,7,Openside Flanker,0,,0,,271,Angus Gardner,1000642,Damon Murphy,1000613,Matthew Kellahan,-1,,3,International,Y,W
978,937717,18506,Steven Luatua,950,Samoa,3076.32,3083.60,4229,1,50,34,0,0,28,,410,No 8 Pass,353,Won Outright,365,Neutral,0,,0,,0,,0,,0,,0,,0,,0,0,0,0,1899-12-30T00:51:27Z,1,27,0,0,4,950,Samoa,750,Tonga,05/08/2023,15:00,13,9,34,9,13,9,70,Apia Park,-1,NA,1,2023,08,8,Number 8,0,,0,,271,Angus Gardner,1000642,Damon Murphy,1000613,Matthew Kellahan,-1,,3,International,Y,W
979,937717,22136,Siegfried Fisi'ihoi,750,Tonga,3076.32,3083.60,4229,1,50,34,0,0,29,,410,No 8 Pass,353,Won Outright,365,Neutral,0,,0,,0,,0,,0,,0,,0,,0,0,0,0,1899-12-30T00:51:27Z,1,27,0,0,4,950,Samoa,750,Tonga,05/08/2023,15:00,13,9,34,9,13,9,70,Apia Park,-1,NA,1,2023,01,1,Loosehead Prop,0,,0,,271,Angus Gardner,1000642,Damon Murphy,1000613,Matthew Kellahan,-1,,3,International,N,L
980,937717,35331,Siua Maile,750,Tonga,3076.32,3083.60,4229,1,50,34,0,0,29,,410,No 8 Pass,353,Won Outright,365,Neutral,0,,0,,0,,0,,0,,0,,0,,0,0,0,0,1899-12-30T00:51:27Z,1,27,0,0,4,950,Samoa,750,Tonga,05/08/2023,15:00,13,9,34,9,13,9,70,Apia Park,-1,NA,1,2023,02,2,Hooker,0,,0,,271,Angus Gardner,1000642,Damon Murphy,1000613,Matthew Kellahan,-1,,3,International,N,L
981,937717,18807,Ben Tameifuna,750,Tonga,3076.32,3083.60,4229,1,50,34,0,0,29,,410,No 8 Pass,353,Won Outright,365,Neutral,0,,0,,0,,0,,0,,0,,0,,0,0,0,0,1899-12-30T00:51:27Z,1,27,0,0,4,950,Samoa,750,Tonga,05/08/2023,15:00,13,9,34,9,13,9,70,Apia Park,-1,NA,1,2023,03,3,Tighthead Prop,0,,0,,271,Angus Gardner,1000642,Damon Murphy,1000613,Matthew Kellahan,-1,,3,International,N,L
982,937717,26114,Leva Fifita,750,Tonga,3076.32,3083.60,4229,1,50,34,0,0,29,,410,No 8 Pass,353,Won Outright,365,Neutral,0,,0,,0,,0,,0,,0,,0,,0,0,0,0,1899-12-30T00:51:27Z,1,27,0,0,4,950,Samoa,750,Tonga,05/08/2023,15:00,13,9,34,9,13,9,70,Apia Park,-1,NA,1,2023,04,4,Lock (4),0,,0,,271,Angus Gardner,1000642,Damon Murphy,1000613,Matthew Kellahan,-1,,3,International,N,L
983,937717,11292,Steve Mafi,750,Tonga,3076.32,3083.60,4229,1,50,34,0,0,29,,410,No 8 Pass,353,Won Outright,365,Neutral,0,,0,,0,,0,,0,,0,,0,,0,0,0,0,1899-12-30T00:51:27Z,1,27,0,0,4,950,Samoa,750,Tonga,05/08/2023,15:00,13,9,34,9,13,9,70,Apia Park,-1,NA,1,2023,05,5,Lock (5),0,,0,,271,Angus Gardner,1000642,Damon Murphy,1000613,Matthew Kellahan,-1,,3,International,N,L
984,937717,28270,Tanginoa Halaifonua,750,Tonga,3076.32,3083.60,4229,1,50,34,0,0,29,,410,No 8 Pass,353,Won Outright,365,Neutral,0,,0,,0,,0,,0,,0,,0,,0,0,0,0,1899-12-30T00:51:27Z,1,27,0,0,4,950,Samoa,750,Tonga,05/08/2023,15:00,13,9,34,9,13,9,70,Apia Park,-1,NA,1,2023,06,6,Blindside Flanker,0,,0,,271,Angus Gardner,1000642,Damon Murphy,1000613,Matthew Kellahan,-1,,3,International,N,L
985,937717,29249,Sione Havili Talitui,750,Tonga,3076.32,3083.60,4229,1,50,34,0,0,29,,410,No 8 Pass,353,Won Outright,365,Neutral,0,,0,,0,,0,,0,,0,,0,,0,0,0,0,1899-12-30T00:51:27Z,1,27,0,0,4,950,Samoa,750,Tonga,05/08/2023,15:00,13,9,34,9,13,9,70,Apia Park,-1,NA,1,2023,07,7,Openside Flanker,0,,0,,271,Angus Gardner,1000642,Damon Murphy,1000613,Matthew Kellahan,-1,,3,International,N,L
986,937717,21155,Vaea Fifita,750,Tonga,3076.32,3083.60,4229,1,50,34,0,0,29,,410,No 8 Pass,353,Won Outright,365,Neutral,0,,0,,0,,0,,0,,0,,0,,0,0,0,0,1899-12-30T00:51:27Z,1,27,0,0,4,950,Samoa,750,Tonga,05/08/2023,15:00,13,9,34,9,13,9,70,Apia Park,-1,NA,1,2023,08,8,Number 8,0,,0,,271,Angus Gardner,1000642,Damon Murphy,1000613,Matthew Kellahan,-1,,3,International,N,L
987,937717,18506,Steven Luatua,950,Samoa,3083.60,3083.60,4237,1,49,34,0,0,18,Collection,631,General Catch,0,,0,,0,,0,,0,,0,,0,,0,,0,,0,0,0,0,1899-12-30T00:51:34Z,1,27,0,0,4,950,Samoa,750,Tonga,05/08/2023,15:00,13,9,34,9,13,9,70,Apia Park,-1,NA,1,2023,08,8,Number 8,0,,0,,271,Angus Gardner,1000642,Damon Murphy,1000613,Matthew Kellahan,-1,,3,International,Y,W
988,937717,18506,Steven Luatua,950,Samoa,3083.96,3084.32,4237,1,49,34,46,38,3,Pass,169,Complete,0,,679,Short Pass,682,Right Pass,700,0th Receiver,0,,0,,0,,0,,0,,4,5,3,0,1899-12-30T00:51:34Z,1,27,0,0,4,950,Samoa,750,Tonga,05/08/2023,15:00,13,9,34,9,13,9,70,Apia Park,-1,NA,1,2023,08,8,Number 8,0,,0,,271,Angus Gardner,1000642,Damon Murphy,1000613,Matthew Kellahan,-1,,3,International,Y,W
989,937717,23399,Jonathan Taumateine,950,Samoa,3084.32,3084.32,4237,1,46,38,0,0,18,Collection,631,General Catch,0,,0,,0,,0,,0,,0,,0,,0,,0,,0,0,0,0,1899-12-30T00:51:35Z,1,27,0,0,4,950,Samoa,750,Tonga,05/08/2023,15:00,13,9,34,9,13,9,70,Apia Park,-1,NA,1,2023,09,9,Scrum Half,0,,0,,271,Angus Gardner,1000642,Damon Murphy,1000613,Matthew Kellahan,-1,,3,International,Y,W
990,937717,23399,Jonathan Taumateine,950,Samoa,3084.88,3085.24,4238,1,46,40,44,50,3,Pass,169,Complete,0,,686,Medium Pass,682,Right Pass,701,1st Receiver,0,,0,,0,,0,,0,,10,11,2,0,1899-12-30T00:51:35Z,1,27,0,0,4,950,Samoa,750,Tonga,05/08/2023,15:00,13,9,34,9,13,9,70,Apia Park,-1,NA,1,2023,09,9,Scrum Half,0,,0,,271,Angus Gardner,1000642,Damon Murphy,1000613,Matthew Kellahan,-1,,3,International,Y,W
991,937717,9023,Christian Leali'ifano,950,Samoa,3085.24,3085.24,4238,1,44,50,0,0,18,Collection,631,General Catch,0,,0,,0,,0,,0,,0,,0,,0,,0,,0,0,0,0,1899-12-30T00:51:36Z,1,27,0,0,4,950,Samoa,750,Tonga,05/08/2023,15:00,13,9,34,9,13,9,70,Apia Park,-1,NA,1,2023,22,10,Fly Half,0,,0,,271,Angus Gardner,1000642,Damon Murphy,1000613,Matthew Kellahan,-1,,3,International,Y,W
992,937717,9023,Christian Leali'ifano,950,Samoa,3085.24,3086.44,4238,1,44,50,52,51,1,Carry,105,Restart Return,121,Pass,109,Crossed Gain line,0,,500,0 Tacklers Committed,702,2nd Receiver,0,,0,,0,,0,,4,8,0,0,1899-12-30T00:51:36Z,1,27,0,0,4,950,Samoa,750,Tonga,05/08/2023,15:00,13,9,34,9,13,9,70,Apia Park,-1,NA,1,2023,22,10,Fly Half,0,,0,,271,Angus Gardner,1000642,Damon Murphy,1000613,Matthew Kellahan,-1,,3,International,Y,W
993,937717,9023,Christian Leali'ifano,950,Samoa,3086.44,3086.56,4240,1,52,51,48,53,3,Pass,169,Complete,0,,679,Short Pass,682,Right Pass,702,2nd Receiver,0,,0,,0,,0,,0,,2,4,4,0,1899-12-30T00:51:37Z,1,27,0,0,4,950,Samoa,750,Tonga,05/08/2023,15:00,13,9,34,9,13,9,70,Apia Park,-1,NA,1,2023,22,10,Fly Half,0,,0,,271,Angus Gardner,1000642,Damon Murphy,1000613,Matthew Kellahan,-1,,3,International,Y,W
994,937717,23399,Jonathan Taumateine,950,Samoa,3086.56,3086.56,4240,1,48,53,0,0,18,Collection,631,General Catch,0,,0,,0,,0,,0,,0,,0,,0,,0,,0,0,0,0,1899-12-30T00:51:37Z,1,27,0,0,4,950,Samoa,750,Tonga,05/08/2023,15:00,13,9,34,9,13,9,70,Apia Park,-1,NA,1,2023,09,9,Scrum Half,0,,0,,271,Angus Gardner,1000642,Damon Murphy,1000613,Matthew Kellahan,-1,,3,International,Y,W
995,937717,23399,Jonathan Taumateine,950,Samoa,3086.56,3089.44,4240,1,48,53,64,57,1,Carry,105,Restart Return,119,Error,109,Crossed Gain line,460,Dominant Contact,503,3 Tacklers Committed,703,3rd Receiver,0,,0,,0,,0,,11,15,11,3,1899-12-30T00:51:37Z,1,27,0,0,4,950,Samoa,750,Tonga,05/08/2023,15:00,13,9,34,9,13,9,70,Apia Park,-1,NA,1,2023,09,9,Scrum Half,0,,0,,271,Angus Gardner,1000642,Damon Murphy,1000613,Matthew Kellahan,-1,,3,International,Y,W
996,937717,19128,George Moala,750,Tonga,3087.52,3087.52,4241,1,47,12,0,0,2,Tackle,144,Line,161,Missed,0,,475,Ineffective Tackle,708,1st Tackler,0,,0,,0,,0,,0,,0,0,0,0,1899-12-30T00:51:38Z,1,27,0,0,4,950,Samoa,750,Tonga,05/08/2023,15:00,13,9,34,9,13,9,70,Apia Park,-1,NA,1,2023,13,13,Outside Centre,0,,0,,271,Angus Gardner,1000642,Damon Murphy,1000613,Matthew Kellahan,-1,,3,International,N,L
997,937717,19128,George Moala,750,Tonga,3087.52,3087.52,4241,1,47,12,0,0,12,Missed Tackle,163,Stepped,166,Tackled,0,,0,,0,,0,,0,,0,,0,,0,,0,0,0,0,1899-12-30T00:51:38Z,1,27,0,0,4,950,Samoa,750,Tonga,05/08/2023,15:00,13,9,34,9,13,9,70,Apia Park,-1,NA,1,2023,13,13,Outside Centre,0,,0,,271,Angus Gardner,1000642,Damon Murphy,1000613,Matthew Kellahan,-1,,3,International,N,L
998,937717,23399,Jonathan Taumateine,950,Samoa,3087.80,3087.80,4241,1,53,56,0,0,10,Attacking Qualities,116,Defender Beaten,0,,0,,0,,0,,0,,0,,0,,0,,0,,0,0,0,0,1899-12-30T00:51:38Z,1,27,0,0,4,950,Samoa,750,Tonga,05/08/2023,15:00,13,9,34,9,13,9,70,Apia Park,-1,NA,1,2023,09,9,Scrum Half,0,,0,,271,Angus Gardner,1000642,Damon Murphy,1000613,Matthew Kellahan,-1,,3,International,Y,W
999,937717,28913,Otumaka Mausia,750,Tonga,3088.64,3088.64,4242,1,43,12,0,0,2,Tackle,144,Line,161,Missed,441,Assist,475,Ineffective Tackle,709,2nd Tackler,0,,0,,0,,0,,0,,0,0,0,0,1899-12-30T00:51:39Z,1,27,0,0,4,950,Samoa,750,Tonga,05/08/2023,15:00,13,9,34,9,13,9,70,Apia Park,-1,NA,1,2023,22,10,Fly Half,0,,0,,271,Angus Gardner,1000642,Damon Murphy,1000613,Matthew Kellahan,-1,,3,International,N,L
1000,937717,28913,Otumaka Mausia,750,Tonga,3088.64,3088.64,4242,1,43,12,0,0,12,Missed Tackle,163,Stepped,166,Tackled,0,,0,,0,,0,,0,,0,,0,,0,,0,0,0,0,1899-12-30T00:51:39Z,1,27,0,0,4,950,Samoa,750,Tonga,05/08/2023,15:00,13,9,34,9,13,9,70,Apia Park,-1,NA,1,2023,22,10,Fly Half,0,,0,,271,Angus Gardner,1000642,Damon Murphy,1000613,Matthew Kellahan,-1,,3,International,N,L
1001,937717,23399,Jonathan Taumateine,950,Samoa,3088.88,3088.88,4242,1,57,56,0,0,10,Attacking Qualities,116,Defender Beaten,0,,0,,0,,0,,0,,0,,0,,0,,0,,0,0,0,0,1899-12-30T00:51:39Z,1,27,0,0,4,950,Samoa,750,Tonga,05/08/2023,15:00,13,9,34,9,13,9,70,Apia Park,-1,NA,1,2023,09,9,Scrum Half,0,,0,,271,Angus Gardner,1000642,Damon Murphy,1000613,Matthew Kellahan,-1,,3,International,Y,W
1002,937717,28270,Tanginoa Halaifonua,750,Tonga,3089.40,3089.40,4242,1,40,13,0,0,2,Tackle,144,Line,156,Turnover Won,441,Assist,475,Ineffective Tackle,710,3rd Tackler,0,,0,,0,,0,,0,,0,0,0,0,1899-12-30T00:51:40Z,1,27,0,0,4,950,Samoa,750,Tonga,05/08/2023,15:00,13,9,34,9,13,9,70,Apia Park,-1,NA,1,2023,06,6,Blindside Flanker,0,,0,,271,Angus Gardner,1000642,Damon Murphy,1000613,Matthew Kellahan,-1,,3,International,N,L
1003,937717,23399,Jonathan Taumateine,950,Samoa,3089.44,3089.44,4243,1,64,57,0,0,8,Turnover,256,Lost Ball Forced,677,Error on Attack,0,,0,,0,,0,,0,,0,,0,,0,,0,0,0,0,1899-12-30T00:51:40Z,1,27,0,0,4,950,Samoa,750,Tonga,05/08/2023,15:00,13,9,34,9,13,9,70,Apia Park,-1,NA,1,2023,09,9,Scrum Half,0,,0,,271,Angus Gardner,1000642,Damon Murphy,1000613,Matthew Kellahan,-1,,3,International,Y,W
1004,937717,0,,950,Samoa,3076.32,3092.84,4246,1,50,34,64,57,15,Possession,309,Scrum,321,End of Play,0,,684,Fails to enter into Opposition 22,0,,0,,0,,0,,0,,0,,14,0,0,0,1899-12-30T00:51:27Z,1,27,0,0,4,950,Samoa,750,Tonga,05/08/2023,15:00,13,9,34,9,13,9,70,Apia Park,-1,NA,1,2023,,,,0,,0,,271,Angus Gardner,1000642,Damon Murphy,1000613,Matthew Kellahan,-1,,3,International,Y,W
1005,937717,0,,950,Samoa,3076.32,3092.84,4246,1,50,34,64,57,26,Sequences,309,Scrum,321,End of Play,0,,0,,0,,0,,0,,0,,0,,0,,14,0,0,0,1899-12-30T00:51:27Z,1,27,0,0,4,950,Samoa,750,Tonga,05/08/2023,15:00,13,9,34,9,13,9,70,Apia Park,-1,NA,1,2023,,,,0,,0,,271,Angus Gardner,1000642,Damon Murphy,1000613,Matthew Kellahan,-1,,3,International,Y,W
1006,937717,950,,950,Samoa,3938.00,3940.76,4000,2,50,34,0,0,17,,407,,0,,0,,0,,0,,0,,0,,0,,0,,0,,0,0,0,0,1899-12-30T01:05:35Z,0,27,0,0,0,950,Samoa,750,Tonga,05/08/2023,15:00,13,9,34,9,10,9,70,Apia Park,-1,NA,1,2023,,,,0,,0,,271,Angus Gardner,1000642,Damon Murphy,1000613,Matthew Kellahan,-1,,3,International,Y,W
1007,937717,28913,Otumaka Mausia,750,Tonga,3938.00,3940.76,4000,2,50,34,77,68,14,Restart,281,50m Restart,416,Kick in Touch,289,Short,753,Kicked Right,0,,0,,0,,0,,0,,0,,27,44,34,0,1899-12-30T01:05:48Z,1,27,0,0,4,950,Samoa,750,Tonga,05/08/2023,15:00,13,9,34,9,10,9,70,Apia Park,-1,NA,1,2023,22,10,Fly Half,0,,0,,271,Angus Gardner,1000642,Damon Murphy,1000613,Matthew Kellahan,-1,,3,International,N,L
1008,937717,0,,750,Tonga,3938.00,3940.76,4002,2,50,34,77,68,26,Sequences,307,50m Restart,315,Kick Out of Play,0,,0,,0,,0,,0,,0,,0,,0,,27,0,0,0,1899-12-30T01:05:48Z,1,27,0,0,4,950,Samoa,750,Tonga,05/08/2023,15:00,13,9,34,9,10,9,70,Apia Park,-1,NA,1,2023,,,,0,,0,,271,Angus Gardner,1000642,Damon Murphy,1000613,Matthew Kellahan,-1,,3,International,N,L
1009,937717,27662,Sama Malolo,950,Samoa,3973.92,3975.96,4036,2,23,0,23,6,6,Lineout Throw,371,Throw Front,376,Won Clean Catch,208,Catch and Pass,0,5,662,Mid Right Open Movement Lineout,730,5 Players,724,Halfback in Position,0,,0,,0,,6,0,-12,28,1899-12-30T01:06:26Z,1,28,0,0,4,950,Samoa,750,Tonga,05/08/2023,15:00,13,9,34,9,10,9,70,Apia Park,-1,NA,1,2023,02,2,Hooker,0,,0,,271,Angus Gardner,1000642,Damon Murphy,1000613,Matthew Kellahan,-1,,3,International,Y,W
1010,937717,43727,Miracle Faiilagi,950,Samoa,3975.96,3975.96,4038,2,23,6,0,0,27,Lineout Take,386,Lineout Win Front,376,Won Clean,208,Catch and Pass,396,Clean Catch,0,,0,,0,,0,,0,,0,,0,0,0,0,1899-12-30T01:06:26Z,1,28,0,0,4,950,Samoa,750,Tonga,05/08/2023,15:00,13,9,34,9,10,9,70,Apia Park,-1,NA,1,2023,06,6,Blindside Flanker,0,,0,,271,Angus Gardner,1000642,Damon Murphy,1000613,Matthew Kellahan,-1,,3,International,Y,W
1011,937717,43727,Miracle Faiilagi,950,Samoa,3977.12,3977.40,4039,2,23,6,18,6,3,Pass,169,Complete,0,,679,Short Pass,682,Right Pass,700,0th Receiver,0,,0,,0,,0,,0,,1,5,5,0,1899-12-30T01:06:27Z,1,28,0,0,4,950,Samoa,750,Tonga,05/08/2023,15:00,13,9,34,9,10,9,70,Apia Park,-1,NA,1,2023,06,6,Blindside Flanker,0,,0,,271,Angus Gardner,1000642,Damon Murphy,1000613,Matthew Kellahan,-1,,3,International,Y,W
1012,937717,23399,Jonathan Taumateine,950,Samoa,3977.40,3977.40,4039,2,18,6,0,0,18,Collection,631,General Catch,0,,0,,0,,0,,0,,0,,0,,0,,0,,0,0,0,0,1899-12-30T01:06:28Z,1,28,0,0,4,950,Samoa,750,Tonga,05/08/2023,15:00,13,9,34,9,10,9,70,Apia Park,-1,NA,1,2023,09,9,Scrum Half,0,,0,,271,Angus Gardner,1000642,Damon Murphy,1000613,Matthew Kellahan,-1,,3,International,Y,W
1013,937717,0,,950,Samoa,3977.40,3977.40,4039,2,18,6,0,0,45,Defensive Exits,630,Kicked out of 22,0,,0,,0,,0,,0,,0,,0,,0,,0,,0,0,0,0,1899-12-30T01:06:28Z,1,28,0,0,4,950,Samoa,750,Tonga,05/08/2023,15:00,13,9,34,9,10,9,70,Apia Park,-1,NA,1,2023,,,,0,,0,,271,Angus Gardner,1000642,Damon Murphy,1000613,Matthew Kellahan,-1,,3,International,Y,W
1014,937717,23399,Jonathan Taumateine,950,Samoa,3977.84,3978.56,4039,2,18,6,11,14,3,Pass,169,Complete,0,,686,Medium Pass,682,Right Pass,701,1st Receiver,0,,0,,0,,0,,0,,8,11,7,0,1899-12-30T01:06:28Z,1,28,0,0,4,950,Samoa,750,Tonga,05/08/2023,15:00,13,9,34,9,10,9,70,Apia Park,-1,NA,1,2023,09,9,Scrum Half,0,,0,,271,Angus Gardner,1000642,Damon Murphy,1000613,Matthew Kellahan,-1,,3,International,Y,W
1015,937717,25212,D'Angelo Leuila,950,Samoa,3978.56,3978.56,4040,2,11,14,0,0,18,Collection,631,General Catch,0,,0,,0,,0,,0,,0,,0,,0,,0,,0,0,0,0,1899-12-30T01:06:29Z,1,28,0,0,4,950,Samoa,750,Tonga,05/08/2023,15:00,13,9,34,9,10,9,70,Apia Park,-1,NA,1,2023,10,10,Fly Half,0,,0,,271,Angus Gardner,1000642,Damon Murphy,1000613,Matthew Kellahan,-1,,3,International,Y,W
1016,937717,25212,D'Angelo Leuila,950,Samoa,3979.32,3979.96,4041,2,11,17,8,29,3,Pass,169,Complete,0,,686,Medium Pass,682,Right Pass,702,2nd Receiver,0,,0,,0,,0,,0,,12,12,3,0,1899-12-30T01:06:30Z,1,28,0,0,4,950,Samoa,750,Tonga,05/08/2023,15:00,13,9,34,9,10,9,70,Apia Park,-1,NA,1,2023,10,10,Fly Half,0,,0,,271,Angus Gardner,1000642,Damon Murphy,1000613,Matthew Kellahan,-1,,3,International,Y,W
1017,937717,9023,Christian Leali'ifano,950,Samoa,3979.96,3979.96,4042,2,8,29,0,0,18,Collection,631,General Catch,0,,0,,0,,0,,0,,0,,0,,0,,0,,0,0,0,0,1899-12-30T01:06:30Z,1,28,0,0,4,950,Samoa,750,Tonga,05/08/2023,15:00,13,9,34,9,10,9,70,Apia Park,-1,NA,1,2023,22,10,Fly Half,0,,0,,271,Angus Gardner,1000642,Damon Murphy,1000613,Matthew Kellahan,-1,,3,International,Y,W
1018,937717,9023,Christian Leali'ifano,950,Samoa,3981.08,3985.04,4043,2,11,33,42,49,4,Kick,187,Bomb,198,Caught Full,186,Kick in Play (Own 22),0,,0,,0,,0,,0,,0,,0,,31,35,0,0,1899-12-30T01:06:31Z,1,28,0,0,4,950,Samoa,750,Tonga,05/08/2023,15:00,13,9,34,9,10,9,70,Apia Park,-1,NA,1,2023,22,10,Fly Half,0,,0,,271,Angus Gardner,1000642,Damon Murphy,1000613,Matthew Kellahan,-1,,3,International,Y,W
1019,937717,0,,950,Samoa,3973.92,3985.04,4047,2,23,0,42,49,15,Possession,306,Lineout,351,Kick in Play,0,,684,Fails to enter into Opposition 22,0,,0,,0,,0,,0,,0,,20,0,0,0,1899-12-30T01:06:26Z,1,28,0,0,4,950,Samoa,750,Tonga,05/08/2023,15:00,13,9,34,9,10,9,70,Apia Park,-1,NA,1,2023,,,,0,,0,,271,Angus Gardner,1000642,Damon Murphy,1000613,Matthew Kellahan,-1,,3,International,Y,W
1020,937717,9726,Afusipa Taumoepeau,750,Tonga,3985.04,3985.04,4047,2,58,19,0,0,18,Collection,273,Defensive Catch,277,Success,0,,0,,0,,0,,0,,0,,0,,0,,0,0,0,0,1899-12-30T01:06:35Z,1,29,0,0,4,950,Samoa,750,Tonga,05/08/2023,15:00,13,9,34,9,10,9,70,Apia Park,-1,NA,1,2023,11,11,Left Wing,0,,0,,271,Angus Gardner,1000642,Damon Murphy,1000613,Matthew Kellahan,-1,,3,International,N,L
1021,937717,9726,Afusipa Taumoepeau,750,Tonga,3985.04,3986.28,4047,2,58,19,56,18,1,Carry,104,Kick Return,409,Tackled Ineffective,111,Failed Gain line,462,Ineffective Contact,501,1 Tacklers Committed,700,0th Receiver,0,,0,,0,,0,,0,0,0,0,1899-12-30T01:06:35Z,1,29,0,0,4,950,Samoa,750,Tonga,05/08/2023,15:00,13,9,34,9,10,9,70,Apia Park,-1,NA,1,2023,11,11,Left Wing,0,,0,,271,Angus Gardner,1000642,Damon Murphy,1000613,Matthew Kellahan,-1,,3,International,N,L
1022,937717,22603,Duncan Paia'aua,950,Samoa,3985.96,3985.96,4048,2,42,49,0,0,40,Defensive Action,560,Tackle Arrival,0,,0,,0,,0,,0,,0,,0,,0,,0,,0,0,0,0,1899-12-30T01:06:35Z,1,29,0,0,4,950,Samoa,750,Tonga,05/08/2023,15:00,13,9,34,9,10,9,70,Apia Park,-1,NA,1,2023,12,12,Inside Centre,0,,0,,271,Angus Gardner,1000642,Damon Murphy,1000613,Matthew Kellahan,-1,,3,International,Y,W
1023,937717,10552,Tim Nanai-Williams,950,Samoa,3986.00,3986.00,4048,2,42,49,0,0,2,Tackle,142,Chase,159,Sack,0,,473,Dominant Tackle,708,1st Tackler,0,,0,,0,,0,,0,,0,0,0,0,1899-12-30T01:06:36Z,1,29,0,0,4,950,Samoa,750,Tonga,05/08/2023,15:00,13,9,34,9,10,9,70,Apia Park,-1,NA,1,2023,15,15,Full Back,0,,0,,271,Angus Gardner,1000642,Damon Murphy,1000613,Matthew Kellahan,-1,,3,International,Y,W
1024,937717,9726,Afusipa Taumoepeau,750,Tonga,3986.28,3989.04,4048,2,56,18,0,0,23,Ruck,0,,401,Won Outright,551,N/A Gainline,554,2-3 Seconds,664,Close Right Open Movement Ruck,0,,0,,0,,0,,0,,0,0,-3,8,1899-12-30T01:06:37Z,1,29,0,0,4,950,Samoa,750,Tonga,05/08/2023,15:00,13,9,34,9,10,9,70,Apia Park,-1,NA,1,2023,11,11,Left Wing,0,,0,,271,Angus Gardner,1000642,Damon Murphy,1000613,Matthew Kellahan,-1,,3,International,N,L
1025,937717,17091,Charles Piutau,750,Tonga,3987.40,3987.40,4049,2,56,18,0,0,43,Ruck OOA,575,Attended,583,Own Team 1st Entry,588,OOA Entry 1st Entry- Att,632,Attacking OOA,0,1,0,,0,,0,,0,,0,,0,0,0,0,1899-12-30T01:06:35Z,1,29,0,0,4,950,Samoa,750,Tonga,05/08/2023,15:00,13,9,34,9,10,9,70,Apia Park,-1,NA,1,2023,15,15,Full Back,0,,0,,271,Angus Gardner,1000642,Damon Murphy,1000613,Matthew Kellahan,-1,,3,International,N,L
1026,937717,10552,Tim Nanai-Williams,950,Samoa,3987.68,3987.68,4049,2,44,50,0,0,43,Ruck OOA,576,Nuisance,583,Own Team 1st Entry,603,OOA Entry 1st Entry- Def,633,Defensive OOA,0,1,0,,0,,0,,0,,0,,0,0,0,0,1899-12-30T01:06:35Z,1,29,0,0,4,950,Samoa,750,Tonga,05/08/2023,15:00,13,9,34,9,10,9,70,Apia Park,-1,NA,1,2023,15,15,Full Back,0,,0,,271,Angus Gardner,1000642,Damon Murphy,1000613,Matthew Kellahan,-1,,3,International,Y,W
1027,937717,22603,Duncan Paia'aua,950,Samoa,3987.72,3987.72,4049,2,44,50,0,0,43,Ruck OOA,576,Nuisance,584,Own Team 2nd Entry,604,OOA Entry 2nd Entry- Def,633,Defensive OOA,0,2,0,,0,,0,,0,,0,,0,0,0,0,1899-12-30T01:06:35Z,1,29,0,0,4,950,Samoa,750,Tonga,05/08/2023,15:00,13,9,34,9,10,9,70,Apia Park,-1,NA,1,2023,12,12,Inside Centre,0,,0,,271,Angus Gardner,1000642,Damon Murphy,1000613,Matthew Kellahan,-1,,3,International,Y,W
1028,937717,28913,Otumaka Mausia,750,Tonga,3989.04,3989.04,4051,2,52,21,0,0,18,Collection,272,Attacking Loose Ball,277,Success,0,,0,,0,,0,,0,,0,,0,,0,,0,0,0,0,1899-12-30T01:06:39Z,2,29,0,0,4,950,Samoa,750,Tonga,05/08/2023,15:00,13,9,34,9,10,9,70,Apia Park,-1,NA,1,2023,22,10,Fly Half,0,,0,,271,Angus Gardner,1000642,Damon Murphy,1000613,Matthew Kellahan,-1,,3,International,N,L
1029,937717,28913,Otumaka Mausia,750,Tonga,3989.04,3990.32,4051,2,52,21,52,26,1,Carry,103,Other Carry,108,Tackled Neutral,111,Failed Gain line,461,Neutral Contact,501,1 Tacklers Committed,700,0th Receiver,0,,0,,0,,0,,0,0,1,1,1899-12-30T01:06:39Z,2,29,0,0,4,950,Samoa,750,Tonga,05/08/2023,15:00,13,9,34,9,10,9,70,Apia Park,-1,NA,1,2023,22,10,Fly Half,0,,0,,271,Angus Gardner,1000642,Damon Murphy,1000613,Matthew Kellahan,-1,,3,International,N,L
1030,937717,10607,Jack Lam,950,Samoa,3989.96,3989.96,4052,2,49,45,0,0,2,Tackle,144,Line,153,Complete,0,,474,Neutral Tackle,708,1st Tackler,0,,0,,0,,0,,0,,0,0,0,0,1899-12-30T01:06:40Z,2,29,0,0,4,950,Samoa,750,Tonga,05/08/2023,15:00,13,9,34,9,10,9,70,Apia Park,-1,NA,1,2023,07,7,Openside Flanker,0,,0,,271,Angus Gardner,1000642,Damon Murphy,1000613,Matthew Kellahan,-1,,3,International,Y,W
1031,937717,28913,Otumaka Mausia,750,Tonga,3990.32,3992.76,4052,2,52,26,0,0,23,Ruck,0,,401,Won Outright,549,Behind Previous Gainline,554,2-3 Seconds,661,Mid Left Open Movement Ruck,0,,0,,0,,0,,0,,0,0,1,12,1899-12-30T01:06:41Z,2,29,0,0,4,950,Samoa,750,Tonga,05/08/2023,15:00,13,9,34,9,10,9,70,Apia Park,-1,NA,1,2023,22,10,Fly Half,0,,0,,271,Angus Gardner,1000642,Damon Murphy,1000613,Matthew Kellahan,-1,,3,International,N,L
1032,937717,20766,Chris Vui,950,Samoa,3991.16,3991.16,4053,2,48,42,0,0,43,Ruck OOA,578,Got Cleaned Out,583,Own Team 1st Entry,603,OOA Entry 1st Entry- Def,633,Defensive OOA,0,1,0,,0,,0,,0,,0,,0,0,0,0,1899-12-30T01:06:39Z,2,29,0,0,4,950,Samoa,750,Tonga,05/08/2023,15:00,13,9,34,9,10,9,70,Apia Park,-1,NA,1,2023,05,5,Lock (5),0,,0,,271,Angus Gardner,1000642,Damon Murphy,1000613,Matthew Kellahan,-1,,3,International,Y,W
1033,937717,35331,Siua Maile,750,Tonga,3991.28,3991.28,4053,2,52,26,0,0,43,Ruck OOA,572,Cleaned Out,583,Own Team 1st Entry,588,OOA Entry 1st Entry- Att,632,Attacking OOA,0,1,0,,0,,0,,0,,0,,0,0,0,0,1899-12-30T01:06:39Z,2,29,0,0,4,950,Samoa,750,Tonga,05/08/2023,15:00,13,9,34,9,10,9,70,Apia Park,-1,NA,1,2023,02,2,Hooker,0,,0,,271,Angus Gardner,1000642,Damon Murphy,1000613,Matthew Kellahan,-1,,3,International,N,L
1034,937717,11292,Steve Mafi,750,Tonga,3992.28,3992.28,4054,2,52,26,0,0,43,Ruck OOA,574,Secured,584,Own Team 2nd Entry,589,OOA Entry 2nd Entry- Att,632,Attacking OOA,0,2,0,,0,,0,,0,,0,,0,0,0,0,1899-12-30T01:06:40Z,2,29,0,0,4,950,Samoa,750,Tonga,05/08/2023,15:00,13,9,34,9,10,9,70,Apia Park,-1,NA,1,2023,05,5,Lock (5),0,,0,,271,Angus Gardner,1000642,Damon Murphy,1000613,Matthew Kellahan,-1,,3,International,N,L
1035,937717,20156,Sonatane Takulua,750,Tonga,3992.76,3992.76,4054,2,51,26,0,0,18,Collection,631,General Catch,0,,0,,0,,0,,0,,0,,0,,0,,0,,0,0,0,0,1899-12-30T01:06:43Z,3,29,0,0,4,950,Samoa,750,Tonga,05/08/2023,15:00,13,9,34,9,10,9,70,Apia Park,-1,NA,1,2023,09,9,Scrum Half,0,,0,,271,Angus Gardner,1000642,Damon Murphy,1000613,Matthew Kellahan,-1,,3,International,N,L
1036,937717,20156,Sonatane Takulua,750,Tonga,3992.76,3992.76,4054,2,51,26,0,0,47,Playmaker Options,671,Halfback at Breakdown,675,Playmaker Option - Pass,0,,0,,0,,0,,0,,0,,0,,0,,0,0,0,0,1899-12-30T01:06:43Z,3,29,0,0,4,950,Samoa,750,Tonga,05/08/2023,15:00,13,9,34,9,10,9,70,Apia Park,-1,NA,1,2023,09,9,Scrum Half,0,,0,,271,Angus Gardner,1000642,Damon Murphy,1000613,Matthew Kellahan,-1,,3,International,N,L
1037,937717,20156,Sonatane Takulua,750,Tonga,3993.16,3993.84,4055,2,51,26,46,15,3,Pass,169,Complete,0,,686,Medium Pass,681,Left Pass,700,0th Receiver,0,,0,,0,,0,,0,,11,13,5,0,1899-12-30T01:06:44Z,3,29,0,0,4,950,Samoa,750,Tonga,05/08/2023,15:00,13,9,34,9,10,9,70,Apia Park,-1,NA,1,2023,09,9,Scrum Half,0,,0,,271,Angus Gardner,1000642,Damon Murphy,1000613,Matthew Kellahan,-1,,3,International,N,L
1038,937717,9726,Afusipa Taumoepeau,750,Tonga,3993.84,3993.84,4055,2,46,15,0,0,18,Collection,631,General Catch,0,,0,,0,,0,,0,,0,,0,,0,,0,,0,0,0,0,1899-12-30T01:06:44Z,3,29,0,0,4,950,Samoa,750,Tonga,05/08/2023,15:00,13,9,34,9,10,9,70,Apia Park,-1,NA,1,2023,11,11,Left Wing,0,,0,,271,Angus Gardner,1000642,Damon Murphy,1000613,Matthew Kellahan,-1,,3,International,N,L
1039,937717,9726,Afusipa Taumoepeau,750,Tonga,3993.84,3993.84,4055,2,46,15,0,0,47,Playmaker Options,656,First Receiver,673,Playmaker Option - Carry,0,,0,,0,,0,,0,,0,,0,,0,,0,0,0,0,1899-12-30T01:06:44Z,3,29,0,0,4,950,Samoa,750,Tonga,05/08/2023,15:00,13,9,34,9,10,9,70,Apia Park,-1,NA,1,2023,11,11,Left Wing,0,,0,,271,Angus Gardner,1000642,Damon Murphy,1000613,Matthew Kellahan,-1,,3,International,N,L
1040,937717,9726,Afusipa Taumoepeau,750,Tonga,3993.84,3997.04,4055,2,46,15,53,15,1,Carry,101,One Out Drive,107,Tackled Dominant,109,Crossed Gain line,460,Dominant Contact,502,2 Tacklers Committed,701,1st Receiver,0,,0,,0,,0,,1,7,3,3,1899-12-30T01:06:44Z,3,29,0,0,4,950,Samoa,750,Tonga,05/08/2023,15:00,13,9,34,9,10,9,70,Apia Park,-1,NA,1,2023,11,11,Left Wing,0,,0,,271,Angus Gardner,1000642,Damon Murphy,1000613,Matthew Kellahan,-1,,3,International,N,L
1041,937717,10552,Tim Nanai-Williams,950,Samoa,3995.60,3995.60,4057,2,50,55,0,0,2,Tackle,144,Line,160,Passive,0,,475,Ineffective Tackle,708,1st Tackler,0,,0,,0,,0,,0,,0,0,0,0,1899-12-30T01:06:46Z,3,29,0,0,4,950,Samoa,750,Tonga,05/08/2023,15:00,13,9,34,9,10,9,70,Apia Park,-1,NA,1,2023,15,15,Full Back,0,,0,,271,Angus Gardner,1000642,Damon Murphy,1000613,Matthew Kellahan,-1,,3,International,Y,W
1042,937717,43727,Miracle Faiilagi,950,Samoa,3996.00,3996.00,4058,2,50,55,0,0,2,Tackle,144,Line,160,Passive,441,Assist,475,Ineffective Tackle,709,2nd Tackler,0,,0,,0,,0,,0,,0,0,0,0,1899-12-30T01:06:46Z,3,29,0,0,4,950,Samoa,750,Tonga,05/08/2023,15:00,13,9,34,9,10,9,70,Apia Park,-1,NA,1,2023,06,6,Blindside Flanker,0,,0,,271,Angus Gardner,1000642,Damon Murphy,1000613,Matthew Kellahan,-1,,3,International,Y,W
1043,937717,9726,Afusipa Taumoepeau,750,Tonga,3997.04,3999.40,4059,2,53,15,0,0,23,Ruck,0,,401,Won Outright,548,Over Previous Gainline,554,2-3 Seconds,662,Mid Right Open Movement Ruck,0,,0,,0,,0,,0,,0,0,0,19,1899-12-30T01:06:47Z,3,29,0,0,4,950,Samoa,750,Tonga,05/08/2023,15:00,13,9,34,9,10,9,70,Apia Park,-1,NA,1,2023,11,11,Left Wing,0,,0,,271,Angus Gardner,1000642,Damon Murphy,1000613,Matthew Kellahan,-1,,3,International,N,L
1044,937717,43727,Miracle Faiilagi,950,Samoa,3997.12,3997.12,4059,2,47,53,0,0,43,Ruck OOA,578,Got Cleaned Out,583,Own Team 1st Entry,603,OOA Entry 1st Entry- Def,633,Defensive OOA,0,1,0,,0,,0,,0,,0,,0,0,0,0,1899-12-30T01:06:45Z,3,29,0,0,4,950,Samoa,750,Tonga,05/08/2023,15:00,13,9,34,9,10,9,70,Apia Park,-1,NA,1,2023,06,6,Blindside Flanker,0,,0,,271,Angus Gardner,1000642,Damon Murphy,1000613,Matthew Kellahan,-1,,3,International,Y,W
1045,937717,17091,Charles Piutau,750,Tonga,3997.72,3997.72,4059,2,53,15,0,0,43,Ruck OOA,572,Cleaned Out,583,Own Team 1st Entry,588,OOA Entry 1st Entry- Att,632,Attacking OOA,0,1,0,,0,,0,,0,,0,,0,0,0,0,1899-12-30T01:06:46Z,3,29,0,0,4,950,Samoa,750,Tonga,05/08/2023,15:00,13,9,34,9,10,9,70,Apia Park,-1,NA,1,2023,15,15,Full Back,0,,0,,271,Angus Gardner,1000642,Damon Murphy,1000613,Matthew Kellahan,-1,,3,International,N,L
1046,937717,29249,Sione Havili Talitui,750,Tonga,3998.32,3998.32,4100,2,53,15,0,0,43,Ruck OOA,574,Secured,584,Own Team 2nd Entry,589,OOA Entry 2nd Entry- Att,632,Attacking OOA,0,2,0,,0,,0,,0,,0,,0,0,0,0,1899-12-30T01:06:47Z,3,29,0,0,4,950,Samoa,750,Tonga,05/08/2023,15:00,13,9,34,9,13,9,70,Apia Park,-1,NA,1,2023,07,7,Openside Flanker,0,,0,,271,Angus Gardner,1000642,Damon Murphy,1000613,Matthew Kellahan,-1,,3,International,N,L
1047,937717,20156,Sonatane Takulua,750,Tonga,3999.40,3999.40,4101,2,53,15,0,0,18,Collection,631,General Catch,0,,0,,0,,0,,0,,0,,0,,0,,0,,0,0,0,0,1899-12-30T01:06:50Z,4,29,0,0,4,950,Samoa,750,Tonga,05/08/2023,15:00,13,9,34,9,13,9,70,Apia Park,-1,NA,1,2023,09,9,Scrum Half,0,,0,,271,Angus Gardner,1000642,Damon Murphy,1000613,Matthew Kellahan,-1,,3,International,N,L
1048,937717,20156,Sonatane Takulua,750,Tonga,3999.40,3999.40,4101,2,53,15,0,0,47,Playmaker Options,671,Halfback at Breakdown,675,Playmaker Option - Pass,0,,0,,0,,0,,0,,0,,0,,0,,0,0,0,0,1899-12-30T01:06:50Z,4,29,0,0,4,950,Samoa,750,Tonga,05/08/2023,15:00,13,9,34,9,13,9,70,Apia Park,-1,NA,1,2023,09,9,Scrum Half,0,,0,,271,Angus Gardner,1000642,Damon Murphy,1000613,Matthew Kellahan,-1,,3,International,N,L
1049,937717,20156,Sonatane Takulua,750,Tonga,3999.60,4000.04,4101,2,53,15,49,25,3,Pass,169,Complete,0,,686,Medium Pass,682,Right Pass,700,0th Receiver,0,,0,,0,,0,,0,,11,11,3,0,1899-12-30T01:06:50Z,4,29,0,0,4,950,Samoa,750,Tonga,05/08/2023,15:00,13,9,34,9,13,9,70,Apia Park,-1,NA,1,2023,09,9,Scrum Half,0,,0,,271,Angus Gardner,1000642,Damon Murphy,1000613,Matthew Kellahan,-1,,3,International,N,L
1050,937717,18807,Ben Tameifuna,750,Tonga,4000.04,4000.04,4102,2,49,25,0,0,18,Collection,631,General Catch,0,,0,,0,,0,,0,,0,,0,,0,,0,,0,0,0,0,1899-12-30T01:06:50Z,4,29,0,0,4,950,Samoa,750,Tonga,05/08/2023,15:00,13,9,34,9,13,9,70,Apia Park,-1,NA,1,2023,03,3,Tighthead Prop,0,,0,,271,Angus Gardner,1000642,Damon Murphy,1000613,Matthew Kellahan,-1,,3,International,N,L
1051,937717,18807,Ben Tameifuna,750,Tonga,4000.04,4000.04,4102,2,49,25,0,0,47,Playmaker Options,656,First Receiver,675,Playmaker Option - Pass,0,,0,,0,,0,,0,,0,,0,,0,,0,0,0,0,1899-12-30T01:06:50Z,4,29,0,0,4,950,Samoa,750,Tonga,05/08/2023,15:00,13,9,34,9,13,9,70,Apia Park,-1,NA,1,2023,03,3,Tighthead Prop,0,,0,,271,Angus Gardner,1000642,Damon Murphy,1000613,Matthew Kellahan,-1,,3,International,N,L
1052,937717,18807,Ben Tameifuna,750,Tonga,4000.60,4001.24,4102,2,51,27,49,33,3,Pass,169,Complete,0,,686,Medium Pass,682,Right Pass,701,1st Receiver,0,,0,,0,,0,,0,,6,6,2,0,1899-12-30T01:06:51Z,4,29,0,0,4,950,Samoa,750,Tonga,05/08/2023,15:00,13,9,34,9,13,9,70,Apia Park,-1,NA,1,2023,03,3,Tighthead Prop,0,,0,,271,Angus Gardner,1000642,Damon Murphy,1000613,Matthew Kellahan,-1,,3,International,N,L
1053,937717,28270,Tanginoa Halaifonua,750,Tonga,4001.24,4001.24,4103,2,49,33,0,0,18,Collection,631,General Catch,0,,0,,0,,0,,0,,0,,0,,0,,0,,0,0,0,0,1899-12-30T01:06:52Z,4,29,0,0,4,950,Samoa,750,Tonga,05/08/2023,15:00,13,9,34,9,13,9,70,Apia Park,-1,NA,1,2023,06,6,Blindside Flanker,0,,0,,271,Angus Gardner,1000642,Damon Murphy,1000613,Matthew Kellahan,-1,,3,International,N,L
1054,937717,28270,Tanginoa Halaifonua,750,Tonga,4001.24,4001.24,4103,2,49,33,0,0,47,Playmaker Options,657,Second Receiver,673,Playmaker Option - Carry,0,,0,,0,,0,,0,,0,,0,,0,,0,0,0,0,1899-12-30T01:06:52Z,4,29,0,0,4,950,Samoa,750,Tonga,05/08/2023,15:00,13,9,34,9,13,9,70,Apia Park,-1,NA,1,2023,06,6,Blindside Flanker,0,,0,,271,Angus Gardner,1000642,Damon Murphy,1000613,Matthew Kellahan,-1,,3,International,N,L
1055,937717,28270,Tanginoa Halaifonua,750,Tonga,4001.24,4003.20,4103,2,49,33,53,34,1,Carry,103,Other Carry,108,Tackled Neutral,110,Neutral Gain line,461,Neutral Contact,501,1 Tacklers Committed,702,2nd Receiver,0,,0,,0,,0,,0,4,1,1,1899-12-30T01:06:52Z,4,29,0,0,4,950,Samoa,750,Tonga,05/08/2023,15:00,13,9,34,9,13,9,70,Apia Park,-1,NA,1,2023,06,6,Blindside Flanker,0,,0,,271,Angus Gardner,1000642,Damon Murphy,1000613,Matthew Kellahan,-1,,3,International,N,L
1056,937717,20806,Brian Alainu'uese,950,Samoa,4002.64,4002.64,4104,2,48,34,0,0,2,Tackle,144,Line,153,Complete,0,,474,Neutral Tackle,708,1st Tackler,0,,0,,0,,0,,0,,0,0,0,0,1899-12-30T01:06:53Z,4,29,0,0,4,950,Samoa,750,Tonga,05/08/2023,15:00,13,9,34,9,13,9,70,Apia Park,-1,NA,1,2023,04,4,Lock (4),0,,0,,271,Angus Gardner,1000642,Damon Murphy,1000613,Matthew Kellahan,-1,,3,International,Y,W
1057,937717,27662,Sama Malolo,950,Samoa,4002.80,4002.80,4104,2,48,34,0,0,40,Defensive Action,560,Tackle Arrival,0,,0,,0,,0,,0,,0,,0,,0,,0,,0,0,0,0,1899-12-30T01:06:53Z,4,29,0,0,4,950,Samoa,750,Tonga,05/08/2023,15:00,13,9,34,9,13,9,70,Apia Park,-1,NA,1,2023,02,2,Hooker,0,,0,,271,Angus Gardner,1000642,Damon Murphy,1000613,Matthew Kellahan,-1,,3,International,Y,W
1058,937717,28270,Tanginoa Halaifonua,750,Tonga,4003.20,4006.72,4105,2,53,34,0,0,23,Ruck,0,,401,Won Outright,550,Equal to Previous  Gainline,555,3-4 Seconds,668,Tight Right Open Movement Ruck,0,,0,,0,,0,,0,,0,0,-7,1,1899-12-30T01:06:54Z,4,29,0,0,4,950,Samoa,750,Tonga,05/08/2023,15:00,13,9,34,9,13,9,70,Apia Park,-1,NA,1,2023,06,6,Blindside Flanker,0,,0,,271,Angus Gardner,1000642,Damon Murphy,1000613,Matthew Kellahan,-1,,3,International,N,L
1059,937717,20806,Brian Alainu'uese,950,Samoa,4003.68,4003.68,4105,2,47,34,0,0,43,Ruck OOA,578,Got Cleaned Out,583,Own Team 1st Entry,603,OOA Entry 1st Entry- Def,633,Defensive OOA,0,1,0,,0,,0,,0,,0,,0,0,0,0,1899-12-30T01:06:51Z,4,29,0,0,4,950,Samoa,750,Tonga,05/08/2023,15:00,13,9,34,9,13,9,70,Apia Park,-1,NA,1,2023,04,4,Lock (4),0,,0,,271,Angus Gardner,1000642,Damon Murphy,1000613,Matthew Kellahan,-1,,3,International,Y,W
1060,937717,27662,Sama Malolo,950,Samoa,4003.76,4003.76,4105,2,47,34,0,0,43,Ruck OOA,577,Not Clearing,584,Own Team 2nd Entry,604,OOA Entry 2nd Entry- Def,633,Defensive OOA,0,2,0,,0,,0,,0,,0,,0,0,0,0,1899-12-30T01:06:51Z,4,29,0,0,4,950,Samoa,750,Tonga,05/08/2023,15:00,13,9,34,9,13,9,70,Apia Park,-1,NA,1,2023,02,2,Hooker,0,,0,,271,Angus Gardner,1000642,Damon Murphy,1000613,Matthew Kellahan,-1,,3,International,Y,W
1061,937717,35331,Siua Maile,750,Tonga,4003.92,4003.92,4106,2,53,34,0,0,43,Ruck OOA,574,Secured,583,Own Team 1st Entry,588,OOA Entry 1st Entry- Att,632,Attacking OOA,0,1,0,,0,,0,,0,,0,,0,0,0,0,1899-12-30T01:06:51Z,4,29,0,0,4,950,Samoa,750,Tonga,05/08/2023,15:00,13,9,34,9,13,9,70,Apia Park,-1,NA,1,2023,02,2,Hooker,0,,0,,271,Angus Gardner,1000642,Damon Murphy,1000613,Matthew Kellahan,-1,,3,International,N,L
1062,937717,18807,Ben Tameifuna,750,Tonga,4004.28,4004.28,4106,2,53,34,0,0,43,Ruck OOA,572,Cleaned Out,584,Own Team 2nd Entry,589,OOA Entry 2nd Entry- Att,632,Attacking OOA,0,2,0,,0,,0,,0,,0,,0,0,0,0,1899-12-30T01:06:51Z,4,29,0,0,4,950,Samoa,750,Tonga,05/08/2023,15:00,13,9,34,9,13,9,70,Apia Park,-1,NA,1,2023,03,3,Tighthead Prop,0,,0,,271,Angus Gardner,1000642,Damon Murphy,1000613,Matthew Kellahan,-1,,3,International,N,L
1063,937717,20156,Sonatane Takulua,750,Tonga,4006.72,4006.72,4108,2,52,33,0,0,18,Collection,631,General Catch,0,,0,,0,,0,,0,,0,,0,,0,,0,,0,0,0,0,1899-12-30T01:06:57Z,5,29,0,0,4,950,Samoa,750,Tonga,05/08/2023,15:00,13,9,34,9,13,9,70,Apia Park,-1,NA,1,2023,09,9,Scrum Half,0,,0,,271,Angus Gardner,1000642,Damon Murphy,1000613,Matthew Kellahan,-1,,3,International,N,L
1064,937717,20156,Sonatane Takulua,750,Tonga,4006.72,4006.72,4108,2,52,33,0,0,47,Playmaker Options,671,Halfback at Breakdown,675,Playmaker Option - Pass,0,,0,,0,,0,,0,,0,,0,,0,,0,0,0,0,1899-12-30T01:06:57Z,5,29,0,0,4,950,Samoa,750,Tonga,05/08/2023,15:00,13,9,34,9,13,9,70,Apia Park,-1,NA,1,2023,09,9,Scrum Half,0,,0,,271,Angus Gardner,1000642,Damon Murphy,1000613,Matthew Kellahan,-1,,3,International,N,L
1065,937717,20156,Sonatane Takulua,750,Tonga,4007.20,4007.80,4109,2,52,33,43,33,3,Pass,169,Complete,0,,679,Short Pass,681,Left Pass,700,0th Receiver,0,,0,,0,,0,,0,,0,8,8,0,1899-12-30T01:06:58Z,5,29,0,0,4,950,Samoa,750,Tonga,05/08/2023,15:00,13,9,34,9,13,9,70,Apia Park,-1,NA,1,2023,09,9,Scrum Half,0,,0,,271,Angus Gardner,1000642,Damon Murphy,1000613,Matthew Kellahan,-1,,3,International,N,L
1066,937717,28913,Otumaka Mausia,750,Tonga,4007.80,4007.80,4109,2,43,33,0,0,18,Collection,631,General Catch,0,,0,,0,,0,,0,,0,,0,,0,,0,,0,0,0,0,1899-12-30T01:06:58Z,5,29,0,0,4,950,Samoa,750,Tonga,05/08/2023,15:00,13,9,34,9,13,9,70,Apia Park,-1,NA,1,2023,22,10,Fly Half,0,,0,,271,Angus Gardner,1000642,Damon Murphy,1000613,Matthew Kellahan,-1,,3,International,N,L
1067,937717,28913,Otumaka Mausia,750,Tonga,4007.80,4007.80,4109,2,43,33,0,0,47,Playmaker Options,656,First Receiver,674,Playmaker Option - Kick,0,,0,,0,,0,,0,,0,,0,,0,,0,0,0,0,1899-12-30T01:06:58Z,5,29,0,0,4,950,Samoa,750,Tonga,05/08/2023,15:00,13,9,34,9,13,9,70,Apia Park,-1,NA,1,2023,22,10,Fly Half,0,,0,,271,Angus Gardner,1000642,Damon Murphy,1000613,Matthew Kellahan,-1,,3,International,N,L
1068,937717,28913,Otumaka Mausia,750,Tonga,4008.80,4012.72,4110,2,46,35,82,52,4,Kick,190,Territorial,198,Caught Full,185,Kick in Play,0,,0,,0,,0,,0,,0,,0,,37,41,0,0,1899-12-30T01:06:59Z,5,29,0,0,4,950,Samoa,750,Tonga,05/08/2023,15:00,13,9,34,9,13,9,70,Apia Park,-1,NA,1,2023,22,10,Fly Half,0,,0,,271,Angus Gardner,1000642,Damon Murphy,1000613,Matthew Kellahan,-1,,3,International,N,L
1069,937717,0,,750,Tonga,3985.04,4012.72,4114,2,58,19,82,52,15,Possession,311,Kick Return,351,Kick in Play,0,,684,Fails to enter into Opposition 22,0,,0,,0,,0,,0,,0,,25,0,0,0,1899-12-30T01:06:35Z,5,29,0,0,4,950,Samoa,750,Tonga,05/08/2023,15:00,13,9,34,9,13,9,70,Apia Park,-1,NA,1,2023,,,,0,,0,,271,Angus Gardner,1000642,Damon Murphy,1000613,Matthew Kellahan,-1,,3,International,N,L
1070,937717,9023,Christian Leali'ifano,950,Samoa,4012.72,4012.72,4114,2,18,16,0,0,18,Collection,270,Mark,277,Success,0,,0,,0,,0,,0,,0,,0,,0,,0,0,0,0,1899-12-30T01:07:03Z,1,29,0,0,4,950,Samoa,750,Tonga,05/08/2023,15:00,13,9,34,9,13,9,70,Apia Park,-1,NA,1,2023,22,10,Fly Half,0,,0,,271,Angus Gardner,1000642,Damon Murphy,1000613,Matthew Kellahan,-1,,3,International,Y,W
1071,937717,0,,950,Samoa,4012.72,4012.72,4114,2,18,16,0,0,45,Defensive Exits,630,Kicked out of 22,0,,0,,0,,0,,0,,0,,0,,0,,0,,0,0,0,0,1899-12-30T01:07:03Z,1,29,0,0,4,950,Samoa,750,Tonga,05/08/2023,15:00,13,9,34,9,13,9,70,Apia Park,-1,NA,1,2023,,,,0,,0,,271,Angus Gardner,1000642,Damon Murphy,1000613,Matthew Kellahan,-1,,3,International,Y,W
1072,937717,0,,950,Samoa,3973.92,4014.28,4116,2,23,0,18,16,26,Sequences,306,Lineout,351,Kick in Play,0,,0,,0,,0,,0,,0,,0,,0,,-5,0,0,0,1899-12-30T01:06:26Z,1,29,0,0,4,950,Samoa,750,Tonga,05/08/2023,15:00,13,9,34,9,13,9,70,Apia Park,-1,NA,1,2023,,,,0,,0,,271,Angus Gardner,1000642,Damon Murphy,1000613,Matthew Kellahan,-1,,3,International,Y,W
1073,937717,9023,Christian Leali'ifano,950,Samoa,4018.56,4018.56,4120,2,17,16,0,0,18,Collection,631,General Catch,0,,0,,0,,0,,0,,0,,0,,0,,0,,0,0,0,0,1899-12-30T01:07:09Z,1,29,0,0,4,950,Samoa,750,Tonga,05/08/2023,15:00,13,9,34,9,13,9,70,Apia Park,-1,NA,1,2023,22,10,Fly Half,0,,0,,271,Angus Gardner,1000642,Damon Murphy,1000613,Matthew Kellahan,-1,,3,International,Y,W
1074,937717,9023,Christian Leali'ifano,950,Samoa,4018.84,4023.32,4120,2,21,16,75,4,4,Kick,190,Territorial,198,Caught Full,186,Kick in Play (Own 22),0,,0,,0,,0,,0,,0,,0,,55,56,0,0,1899-12-30T01:07:09Z,1,29,0,0,4,950,Samoa,750,Tonga,05/08/2023,15:00,13,9,34,9,13,9,70,Apia Park,-1,NA,1,2023,22,10,Fly Half,0,,0,,271,Angus Gardner,1000642,Damon Murphy,1000613,Matthew Kellahan,-1,,3,International,Y,W
1075,937717,28913,Otumaka Mausia,750,Tonga,4023.32,4023.32,4125,2,25,64,0,0,18,Collection,275,Restart Catch,277,Success,0,,0,,0,,0,,0,,0,,0,,0,,0,0,0,0,1899-12-30T01:07:14Z,1,30,0,0,4,950,Samoa,750,Tonga,05/08/2023,15:00,13,9,34,9,13,9,70,Apia Park,-1,NA,1,2023,22,10,Fly Half,0,,0,,271,Angus Gardner,1000642,Damon Murphy,1000613,Matthew Kellahan,-1,,3,International,N,L
1076,937717,28913,Otumaka Mausia,750,Tonga,4025.64,4029.32,4127,2,26,60,85,67,4,Kick,190,Territorial,198,Caught Full,185,Kick in Play,0,,0,,0,,0,,0,,0,,0,,60,60,0,0,1899-12-30T01:07:16Z,1,30,0,0,4,950,Samoa,750,Tonga,05/08/2023,15:00,13,9,34,9,13,9,70,Apia Park,-1,NA,1,2023,22,10,Fly Half,0,,0,,271,Angus Gardner,1000642,Damon Murphy,1000613,Matthew Kellahan,-1,,3,International,N,L
1077,937717,0,,750,Tonga,4023.32,4029.32,4131,2,25,64,85,67,15,Possession,311,Kick Return,351,Kick in Play,0,,684,Fails to enter into Opposition 22,0,,0,,0,,0,,0,,0,,60,0,0,0,1899-12-30T01:07:14Z,1,30,0,0,4,950,Samoa,750,Tonga,05/08/2023,15:00,13,9,34,9,13,9,70,Apia Park,-1,NA,1,2023,,,,0,,0,,271,Angus Gardner,1000642,Damon Murphy,1000613,Matthew Kellahan,-1,,3,International,N,L
1078,937717,25212,D'Angelo Leuila,950,Samoa,4029.32,4029.32,4131,2,15,1,0,0,18,Collection,275,Restart Catch,277,Success,0,,0,,0,,0,,0,,0,,0,,0,,0,0,0,0,1899-12-30T01:07:20Z,1,31,0,0,4,950,Samoa,750,Tonga,05/08/2023,15:00,13,9,34,9,13,9,70,Apia Park,-1,NA,1,2023,10,10,Fly Half,0,,0,,271,Angus Gardner,1000642,Damon Murphy,1000613,Matthew Kellahan,-1,,3,International,Y,W
1079,937717,0,,950,Samoa,4029.32,4029.32,4131,2,15,1,0,0,45,Defensive Exits,630,Kicked out of 22,0,,0,,0,,0,,0,,0,,0,,0,,0,,0,0,0,0,1899-12-30T01:07:20Z,1,31,0,0,4,950,Samoa,750,Tonga,05/08/2023,15:00,13,9,34,9,13,9,70,Apia Park,-1,NA,1,2023,,,,0,,0,,271,Angus Gardner,1000642,Damon Murphy,1000613,Matthew Kellahan,-1,,3,International,Y,W
1080,937717,25212,D'Angelo Leuila,950,Samoa,4029.32,4034.16,4131,2,15,1,20,7,1,Carry,104,Kick Return,120,Kick,109,Crossed Gain line,0,,500,0 Tacklers Committed,700,0th Receiver,0,,0,,0,,0,,5,5,0,0,1899-12-30T01:07:20Z,1,31,0,0,4,950,Samoa,750,Tonga,05/08/2023,15:00,13,9,34,9,13,9,70,Apia Park,-1,NA,1,2023,10,10,Fly Half,0,,0,,271,Angus Gardner,1000642,Damon Murphy,1000613,Matthew Kellahan,-1,,3,International,Y,W
1081,937717,25212,D'Angelo Leuila,950,Samoa,4034.16,4036.44,4136,2,20,7,43,0,4,Kick,347,Touch Kick,193,Kick in Touch (Full),186,Kick in Play (Own 22),0,,0,,0,,0,,0,,0,,0,,22,23,0,0,1899-12-30T01:07:25Z,1,31,0,0,4,950,Samoa,750,Tonga,05/08/2023,15:00,13,9,34,9,13,9,70,Apia Park,-1,NA,1,2023,10,10,Fly Half,0,,0,,271,Angus Gardner,1000642,Damon Murphy,1000613,Matthew Kellahan,-1,,3,International,Y,W
1082,937717,0,,950,Samoa,4018.28,4036.44,4138,2,17,16,43,0,26,Sequences,312,Free Kick,315,Kick Out of Play,0,,0,,0,,0,,0,,0,,0,,0,,25,0,0,0,1899-12-30T01:07:09Z,1,31,0,0,4,950,Samoa,750,Tonga,05/08/2023,15:00,13,9,34,9,13,9,70,Apia Park,-1,NA,1,2023,,,,0,,0,,271,Angus Gardner,1000642,Damon Murphy,1000613,Matthew Kellahan,-1,,3,International,Y,W
1083,937717,0,,950,Samoa,4029.32,4036.44,4138,2,15,1,43,0,15,Possession,311,Kick Return,315,Kick Out of Play,0,,684,Fails to enter into Opposition 22,0,,0,,0,,0,,0,,0,,28,0,0,0,1899-12-30T01:07:20Z,1,31,0,0,4,950,Samoa,750,Tonga,05/08/2023,15:00,13,9,34,9,13,9,70,Apia Park,-1,NA,1,2023,,,,0,,0,,271,Angus Gardner,1000642,Damon Murphy,1000613,Matthew Kellahan,-1,,3,International,Y,W
1084,937717,35331,Siua Maile,750,Tonga,4060.16,4062.64,4202,2,58,68,57,59,6,Lineout Throw,371,Throw Front,376,Won Clean Catch,211,Off The Top,0,7,661,Mid Left Open Movement Lineout,732,7 Players,724,Halfback in Position,0,,0,,0,,10,0,3,23,1899-12-30T01:07:52Z,1,32,0,0,4,950,Samoa,750,Tonga,05/08/2023,15:00,13,9,34,9,13,9,70,Apia Park,-1,NA,1,2023,02,2,Hooker,0,,0,,271,Angus Gardner,1000642,Damon Murphy,1000613,Matthew Kellahan,-1,,3,International,N,L
1085,937717,28270,Tanginoa Halaifonua,750,Tonga,4062.64,4062.64,4204,2,57,59,0,0,27,Lineout Take,386,Lineout Win Front,376,Won Clean,211,Off The Top,396,Clean Catch,0,,0,,0,,0,,0,,0,,0,0,0,0,1899-12-30T01:07:53Z,1,32,0,0,4,950,Samoa,750,Tonga,05/08/2023,15:00,13,9,34,9,13,9,70,Apia Park,-1,NA,1,2023,06,6,Blindside Flanker,0,,0,,271,Angus Gardner,1000642,Damon Murphy,1000613,Matthew Kellahan,-1,,3,International,N,L
1086,937717,28270,Tanginoa Halaifonua,750,Tonga,4063.00,4063.36,4205,2,57,59,54,60,3,Pass,169,Complete,0,,679,Short Pass,682,Right Pass,700,0th Receiver,0,,0,,0,,0,,0,,1,3,3,0,1899-12-30T01:07:53Z,1,32,0,0,4,950,Samoa,750,Tonga,05/08/2023,15:00,13,9,34,9,13,9,70,Apia Park,-1,NA,1,2023,06,6,Blindside Flanker,0,,0,,271,Angus Gardner,1000642,Damon Murphy,1000613,Matthew Kellahan,-1,,3,International,N,L
1087,937717,20156,Sonatane Takulua,750,Tonga,4063.36,4063.36,4205,2,54,60,0,0,18,Collection,631,General Catch,0,,0,,0,,0,,0,,0,,0,,0,,0,,0,0,0,0,1899-12-30T01:07:54Z,1,32,0,0,4,950,Samoa,750,Tonga,05/08/2023,15:00,13,9,34,9,13,9,70,Apia Park,-1,NA,1,2023,09,9,Scrum Half,0,,0,,271,Angus Gardner,1000642,Damon Murphy,1000613,Matthew Kellahan,-1,,3,International,N,L
1088,937717,20156,Sonatane Takulua,750,Tonga,4064.16,4064.96,4206,2,54,60,51,44,3,Pass,169,Complete,0,,680,Long Pass,681,Left Pass,701,1st Receiver,0,,0,,0,,0,,0,,16,16,3,0,1899-12-30T01:07:55Z,1,32,0,0,4,950,Samoa,750,Tonga,05/08/2023,15:00,13,9,34,9,13,9,70,Apia Park,-1,NA,1,2023,09,9,Scrum Half,0,,0,,271,Angus Gardner,1000642,Damon Murphy,1000613,Matthew Kellahan,-1,,3,International,N,L
1089,937717,36335,Solomone Kata,750,Tonga,4064.96,4064.96,4207,2,51,44,0,0,18,Collection,631,General Catch,0,,0,,0,,0,,0,,0,,0,,0,,0,,0,0,0,0,1899-12-30T01:07:55Z,1,32,0,0,4,950,Samoa,750,Tonga,05/08/2023,15:00,13,9,34,9,13,9,70,Apia Park,-1,NA,1,2023,14,14,Right Wing,0,,0,,271,Angus Gardner,1000642,Damon Murphy,1000613,Matthew Kellahan,-1,,3,International,N,L
1090,937717,36335,Solomone Kata,750,Tonga,4064.96,4068.60,4207,2,51,44,59,36,1,Carry,101,One Out Drive,108,Tackled Neutral,109,Crossed Gain line,461,Neutral Contact,502,2 Tacklers Committed,702,2nd Receiver,0,,0,,0,,0,,2,9,3,3,1899-12-30T01:07:55Z,1,32,0,0,4,950,Samoa,750,Tonga,05/08/2023,15:00,13,9,34,9,13,9,70,Apia Park,-1,NA,1,2023,14,14,Right Wing,0,,0,,271,Angus Gardner,1000642,Damon Murphy,1000613,Matthew Kellahan,-1,,3,International,N,L
1091,937717,23399,Jonathan Taumateine,950,Samoa,4066.56,4066.56,4208,2,44,28,0,0,2,Tackle,147,Other,161,Missed,0,,475,Ineffective Tackle,708,1st Tackler,0,,0,,0,,0,,0,,0,0,0,0,1899-12-30T01:07:57Z,1,32,0,0,4,950,Samoa,750,Tonga,05/08/2023,15:00,13,9,34,9,13,9,70,Apia Park,-1,NA,1,2023,09,9,Scrum Half,0,,0,,271,Angus Gardner,1000642,Damon Murphy,1000613,Matthew Kellahan,-1,,3,International,Y,W
1092,937717,23399,Jonathan Taumateine,950,Samoa,4066.56,4066.56,4208,2,44,28,0,0,12,Missed Tackle,162,Bumped Off,166,Tackled,0,,0,,0,,0,,0,,0,,0,,0,,0,0,0,0,1899-12-30T01:07:57Z,1,32,0,0,4,950,Samoa,750,Tonga,05/08/2023,15:00,13,9,34,9,13,9,70,Apia Park,-1,NA,1,2023,09,9,Scrum Half,0,,0,,271,Angus Gardner,1000642,Damon Murphy,1000613,Matthew Kellahan,-1,,3,International,Y,W
1093,937717,36335,Solomone Kata,750,Tonga,4066.80,4066.80,4208,2,56,40,0,0,10,Attacking Qualities,116,Defender Beaten,0,,0,,0,,0,,0,,0,,0,,0,,0,,0,0,0,0,1899-12-30T01:07:57Z,1,32,0,0,4,950,Samoa,750,Tonga,05/08/2023,15:00,13,9,34,9,13,9,70,Apia Park,-1,NA,1,2023,14,14,Right Wing,0,,0,,271,Angus Gardner,1000642,Damon Murphy,1000613,Matthew Kellahan,-1,,3,International,N,L
1094,937717,10081,Charlie Faumuina,950,Samoa,4067.20,4067.20,4209,2,44,30,0,0,2,Tackle,144,Line,153,Complete,441,Assist,474,Neutral Tackle,709,2nd Tackler,0,,0,,0,,0,,0,,0,0,0,0,1899-12-30T01:07:58Z,1,32,0,0,4,950,Samoa,750,Tonga,05/08/2023,15:00,13,9,34,9,13,9,70,Apia Park,-1,NA,1,2023,01,1,Loosehead Prop,0,,0,,271,Angus Gardner,1000642,Damon Murphy,1000613,Matthew Kellahan,-1,,3,International,Y,W
1095,937717,36335,Solomone Kata,750,Tonga,4068.60,4070.36,4210,2,59,36,0,0,23,Ruck,0,,401,Won Outright,548,Over Previous Gainline,553,1-2 Seconds,661,Mid Left Open Movement Ruck,0,,0,,0,,0,,0,,0,0,0,20,1899-12-30T01:07:59Z,1,32,0,0,4,950,Samoa,750,Tonga,05/08/2023,15:00,13,9,34,9,13,9,70,Apia Park,-1,NA,1,2023,14,14,Right Wing,0,,0,,271,Angus Gardner,1000642,Damon Murphy,1000613,Matthew Kellahan,-1,,3,International,N,L
1096,937717,19128,George Moala,750,Tonga,4069.36,4069.36,4211,2,59,36,0,0,43,Ruck OOA,575,Attended,583,Own Team 1st Entry,588,OOA Entry 1st Entry- Att,632,Attacking OOA,0,1,0,,0,,0,,0,,0,,0,0,0,0,1899-12-30T01:07:58Z,1,32,0,0,4,950,Samoa,750,Tonga,05/08/2023,15:00,13,9,34,9,13,9,70,Apia Park,-1,NA,1,2023,13,13,Outside Centre,0,,0,,271,Angus Gardner,1000642,Damon Murphy,1000613,Matthew Kellahan,-1,,3,International,N,L
1097,937717,29249,Sione Havili Talitui,750,Tonga,4069.60,4069.60,4211,2,59,36,0,0,43,Ruck OOA,574,Secured,584,Own Team 2nd Entry,589,OOA Entry 2nd Entry- Att,632,Attacking OOA,0,2,0,,0,,0,,0,,0,,0,0,0,0,1899-12-30T01:07:58Z,1,32,0,0,4,950,Samoa,750,Tonga,05/08/2023,15:00,13,9,34,9,13,9,70,Apia Park,-1,NA,1,2023,07,7,Openside Flanker,0,,0,,271,Angus Gardner,1000642,Damon Murphy,1000613,Matthew Kellahan,-1,,3,International,N,L
1098,937717,20156,Sonatane Takulua,750,Tonga,4070.36,4070.36,4212,2,59,36,0,0,18,Collection,631,General Catch,0,,0,,0,,0,,0,,0,,0,,0,,0,,0,0,0,0,1899-12-30T01:08:01Z,2,32,0,0,4,950,Samoa,750,Tonga,05/08/2023,15:00,13,9,34,9,13,9,70,Apia Park,-1,NA,1,2023,09,9,Scrum Half,0,,0,,271,Angus Gardner,1000642,Damon Murphy,1000613,Matthew Kellahan,-1,,3,International,N,L
1099,937717,20156,Sonatane Takulua,750,Tonga,4070.36,4070.36,4212,2,59,36,0,0,47,Playmaker Options,671,Halfback at Breakdown,675,Playmaker Option - Pass,0,,0,,0,,0,,0,,0,,0,,0,,0,0,0,0,1899-12-30T01:08:01Z,2,32,0,0,4,950,Samoa,750,Tonga,05/08/2023,15:00,13,9,34,9,13,9,70,Apia Park,-1,NA,1,2023,09,9,Scrum Half,0,,0,,271,Angus Gardner,1000642,Damon Murphy,1000613,Matthew Kellahan,-1,,3,International,N,L
1100,937717,20156,Sonatane Takulua,750,Tonga,4070.68,4071.52,4212,2,59,36,56,21,3,Pass,169,Complete,0,,680,Long Pass,681,Left Pass,700,0th Receiver,0,,0,,0,,0,,0,,15,15,3,0,1899-12-30T01:08:01Z,2,32,0,0,4,950,Samoa,750,Tonga,05/08/2023,15:00,13,9,34,9,13,9,70,Apia Park,-1,NA,1,2023,09,9,Scrum Half,0,,0,,271,Angus Gardner,1000642,Damon Murphy,1000613,Matthew Kellahan,-1,,3,International,N,L
1101,937717,11292,Steve Mafi,750,Tonga,4071.52,4071.52,4213,2,56,21,0,0,18,Collection,631,General Catch,0,,0,,0,,0,,0,,0,,0,,0,,0,,0,0,0,0,1899-12-30T01:08:02Z,2,32,0,0,4,950,Samoa,750,Tonga,05/08/2023,15:00,13,9,34,9,13,9,70,Apia Park,-1,NA,1,2023,05,5,Lock (5),0,,0,,271,Angus Gardner,1000642,Damon Murphy,1000613,Matthew Kellahan,-1,,3,International,N,L
1102,937717,11292,Steve Mafi,750,Tonga,4071.52,4071.52,4213,2,56,21,0,0,47,Playmaker Options,656,First Receiver,673,Playmaker Option - Carry,0,,0,,0,,0,,0,,0,,0,,0,,0,0,0,0,1899-12-30T01:08:02Z,2,32,0,0,4,950,Samoa,750,Tonga,05/08/2023,15:00,13,9,34,9,13,9,70,Apia Park,-1,NA,1,2023,05,5,Lock (5),0,,0,,271,Angus Gardner,1000642,Damon Murphy,1000613,Matthew Kellahan,-1,,3,International,N,L
1103,937717,11292,Steve Mafi,750,Tonga,4071.52,4072.76,4213,2,56,21,60,17,1,Carry,101,One Out Drive,124,Penalty Conceded,110,Neutral Gain line,461,Neutral Contact,501,1 Tacklers Committed,701,1st Receiver,0,,0,,0,,0,,0,4,1,1,1899-12-30T01:08:02Z,2,32,0,0,4,950,Samoa,750,Tonga,05/08/2023,15:00,13,9,34,9,13,9,70,Apia Park,-1,NA,1,2023,05,5,Lock (5),0,,0,,271,Angus Gardner,1000642,Damon Murphy,1000613,Matthew Kellahan,-1,,3,International,N,L
1104,937717,18506,Steven Luatua,950,Samoa,4072.36,4072.36,4214,2,41,47,0,0,2,Tackle,144,Line,153,Complete,0,,474,Neutral Tackle,708,1st Tackler,0,,0,,0,,0,,0,,0,0,0,0,1899-12-30T01:08:03Z,2,32,0,0,4,950,Samoa,750,Tonga,05/08/2023,15:00,13,9,34,9,13,9,70,Apia Park,-1,NA,1,2023,08,8,Number 8,0,,0,,271,Angus Gardner,1000642,Damon Murphy,1000613,Matthew Kellahan,-1,,3,International,Y,W
1105,937717,11292,Steve Mafi,750,Tonga,4072.76,4075.96,4214,2,60,17,0,0,23,Ruck,0,,404,Penalty Conceded,550,Equal to Previous  Gainline,559,N/A Ruck Speed,676,N/A Movement Ruck,0,,0,,0,,0,,0,,0,0,0,0,1899-12-30T01:08:03Z,2,32,0,0,4,950,Samoa,750,Tonga,05/08/2023,15:00,13,9,34,9,13,9,70,Apia Park,-1,NA,1,2023,05,5,Lock (5),0,,0,,271,Angus Gardner,1000642,Damon Murphy,1000613,Matthew Kellahan,-1,,3,International,N,L
1106,937717,22603,Duncan Paia'aua,950,Samoa,4073.28,4073.28,4215,2,40,51,0,0,18,Collection,276,Jackal,277,Success,0,,0,,0,,0,,0,,0,,0,,0,,0,0,0,0,1899-12-30T01:08:00Z,2,32,0,0,4,950,Samoa,750,Tonga,05/08/2023,15:00,13,9,34,9,13,9,70,Apia Park,-1,NA,1,2023,12,12,Inside Centre,0,,0,,271,Angus Gardner,1000642,Damon Murphy,1000613,Matthew Kellahan,-1,,3,International,Y,W
1107,937717,22603,Duncan Paia'aua,950,Samoa,4073.28,4073.28,4215,2,40,51,0,0,43,Ruck OOA,580,Penalty Won,583,Own Team 1st Entry,603,OOA Entry 1st Entry- Def,633,Defensive OOA,0,1,0,,0,,0,,0,,0,,0,0,0,0,1899-12-30T01:08:00Z,2,32,0,0,4,950,Samoa,750,Tonga,05/08/2023,15:00,13,9,34,9,13,9,70,Apia Park,-1,NA,1,2023,12,12,Inside Centre,0,,0,,271,Angus Gardner,1000642,Damon Murphy,1000613,Matthew Kellahan,-1,,3,International,Y,W
1108,937717,27662,Sama Malolo,950,Samoa,4073.40,4073.40,4215,2,40,51,0,0,43,Ruck OOA,577,Not Clearing,584,Own Team 2nd Entry,604,OOA Entry 2nd Entry- Def,633,Defensive OOA,0,2,0,,0,,0,,0,,0,,0,0,0,0,1899-12-30T01:08:00Z,2,32,0,0,4,950,Samoa,750,Tonga,05/08/2023,15:00,13,9,34,9,13,9,70,Apia Park,-1,NA,1,2023,02,2,Hooker,0,,0,,271,Angus Gardner,1000642,Damon Murphy,1000613,Matthew Kellahan,-1,,3,International,Y,W
1109,937717,26114,Leva Fifita,750,Tonga,4073.68,4073.68,4215,2,60,17,0,0,43,Ruck OOA,573,Failed Clearout,583,Own Team 1st Entry,588,OOA Entry 1st Entry- Att,632,Attacking OOA,0,1,0,,0,,0,,0,,0,,0,0,0,0,1899-12-30T01:08:00Z,2,32,0,0,4,950,Samoa,750,Tonga,05/08/2023,15:00,13,9,34,9,13,9,70,Apia Park,-1,NA,1,2023,04,4,Lock (4),0,,0,,271,Angus Gardner,1000642,Damon Murphy,1000613,Matthew Kellahan,-1,,3,International,N,L
1110,937717,18936,Pita Ahki,750,Tonga,4074.00,4074.00,4216,2,60,17,0,0,43,Ruck OOA,573,Failed Clearout,584,Own Team 2nd Entry,589,OOA Entry 2nd Entry- Att,632,Attacking OOA,0,2,0,,0,,0,,0,,0,,0,0,0,0,1899-12-30T01:08:00Z,2,32,0,0,4,950,Samoa,750,Tonga,05/08/2023,15:00,13,9,34,9,13,9,70,Apia Park,-1,NA,1,2023,12,12,Inside Centre,0,,0,,271,Angus Gardner,1000642,Damon Murphy,1000613,Matthew Kellahan,-1,,3,International,N,L
1111,937717,11292,Steve Mafi,750,Tonga,4074.24,4074.24,4216,2,60,17,0,0,7,Penalty Conceded,216,Not Releasing,236,No Action,214,Offence,233,Full Penalty,0,,0,,0,,0,,0,,0,,0,0,0,0,1899-12-30T01:08:04Z,2,32,0,0,4,950,Samoa,750,Tonga,05/08/2023,15:00,13,9,34,9,13,9,70,Apia Park,-1,NA,1,2023,05,5,Lock (5),0,,0,,271,Angus Gardner,1000642,Damon Murphy,1000613,Matthew Kellahan,-1,,3,International,N,L
1112,937717,0,,750,Tonga,4060.16,4075.96,4218,2,58,68,60,17,15,Possession,306,Lineout,319,Pen Con,0,,684,Fails to enter into Opposition 22,0,,0,,0,,0,,0,,0,,2,0,0,0,1899-12-30T01:07:52Z,2,32,0,0,4,950,Samoa,750,Tonga,05/08/2023,15:00,13,9,34,9,13,9,70,Apia Park,-1,NA,1,2023,,,,0,,0,,271,Angus Gardner,1000642,Damon Murphy,1000613,Matthew Kellahan,-1,,3,International,N,L
1113,937717,0,,750,Tonga,4060.16,4075.96,4218,2,58,68,60,17,26,Sequences,306,Lineout,319,Pen Con,0,,0,,0,,0,,0,,0,,0,,0,,2,0,0,0,1899-12-30T01:07:52Z,2,32,0,0,4,950,Samoa,750,Tonga,05/08/2023,15:00,13,9,34,9,13,9,70,Apia Park,-1,NA,1,2023,,,,0,,0,,271,Angus Gardner,1000642,Damon Murphy,1000613,Matthew Kellahan,-1,,3,International,N,L
1114,937717,25212,D'Angelo Leuila,950,Samoa,4100.64,4103.24,4242,2,42,53,76,67,4,Kick,347,Touch Kick,193,Kick in Touch (Full),148,Penalty Kick,0,,0,,0,,0,,0,,0,,0,,34,37,0,0,1899-12-30T01:08:31Z,1,32,0,0,4,950,Samoa,750,Tonga,05/08/2023,15:00,13,9,34,9,13,9,70,Apia Park,-1,NA,1,2023,10,10,Fly Half,0,,0,,271,Angus Gardner,1000642,Damon Murphy,1000613,Matthew Kellahan,-1,,3,International,Y,W
1115,937717,0,,950,Samoa,4100.64,4103.24,4245,2,42,53,76,67,26,Sequences,780,Penalty Kick Touch,415,Own Lineout,0,,0,,0,,0,,0,,0,,0,,0,,34,0,0,0,1899-12-30T01:08:31Z,1,32,0,0,4,950,Samoa,750,Tonga,05/08/2023,15:00,13,9,34,9,13,9,70,Apia Park,-1,NA,1,2023,,,,0,,0,,271,Angus Gardner,1000642,Damon Murphy,1000613,Matthew Kellahan,-1,,3,International,Y,W
1116,937717,27662,Sama Malolo,950,Samoa,4122.60,4125.72,4304,2,76,67,76,46,6,Lineout Throw,374,Throw 15m+,376,Won Clean Catch,420,Catch and Run,0,6+1,663,Close Left Open Movement Lineout,731,6 Players,725,Forward at Halfback (+1),0,,0,,0,,22,0,2,5,1899-12-30T01:08:54Z,1,33,0,0,4,950,Samoa,750,Tonga,05/08/2023,15:00,13,9,34,9,13,9,70,Apia Park,-1,NA,1,2023,02,2,Hooker,0,,0,,271,Angus Gardner,1000642,Damon Murphy,1000613,Matthew Kellahan,-1,,3,International,Y,W
1117,937717,10607,Jack Lam,950,Samoa,4125.72,4125.72,4307,2,76,46,0,0,27,Lineout Take,389,Lineout Win 15m+,376,Won Clean,420,Catch and Run,396,Clean Catch,0,,0,,0,,0,,0,,0,,0,0,0,0,1899-12-30T01:08:56Z,1,33,0,0,4,950,Samoa,750,Tonga,05/08/2023,15:00,13,9,34,9,13,9,70,Apia Park,-1,NA,1,2023,07,7,Openside Flanker,0,,0,,271,Angus Gardner,1000642,Damon Murphy,1000613,Matthew Kellahan,-1,,3,International,Y,W
1118,937717,10607,Jack Lam,950,Samoa,4125.72,4128.20,4307,2,76,46,78,41,1,Carry,103,Other Carry,118,Other,109,Crossed Gain line,0,,500,0 Tacklers Committed,700,0th Receiver,0,,0,,0,,0,,2,2,0,0,1899-12-30T01:08:56Z,1,33,0,0,4,950,Samoa,750,Tonga,05/08/2023,15:00,13,9,34,9,13,9,70,Apia Park,-1,NA,1,2023,07,7,Openside Flanker,0,,0,,271,Angus Gardner,1000642,Damon Murphy,1000613,Matthew Kellahan,-1,,3,International,Y,W
1119,937717,0,,950,Samoa,4122.60,4130.24,4312,2,76,67,78,41,15,Possession,306,Lineout,319,Pen Con,0,,683,Enters into Opposition 22,0,,0,,0,,0,,0,,0,,2,0,0,0,1899-12-30T01:08:54Z,1,33,0,0,4,950,Samoa,750,Tonga,05/08/2023,15:00,13,9,34,9,13,9,70,Apia Park,-1,NA,1,2023,,,,0,,0,,271,Angus Gardner,1000642,Damon Murphy,1000613,Matthew Kellahan,-1,,3,International,Y,W
1120,937717,0,,950,Samoa,4122.60,4130.24,4312,2,76,67,78,41,26,Sequences,306,Lineout,319,Pen Con,0,,0,,0,,0,,0,,0,,0,,0,,2,0,0,0,1899-12-30T01:08:54Z,1,33,0,0,4,950,Samoa,750,Tonga,05/08/2023,15:00,13,9,34,9,13,9,70,Apia Park,-1,NA,1,2023,,,,0,,0,,271,Angus Gardner,1000642,Damon Murphy,1000613,Matthew Kellahan,-1,,3,International,Y,W
1121,937717,25212,D'Angelo Leuila,950,Samoa,4130.04,4130.04,4312,2,78,41,0,0,7,Penalty Conceded,231,Obstruction,236,No Action,214,Offence,233,Full Penalty,0,,0,,0,,0,,0,,0,,0,0,0,0,1899-12-30T01:09:00Z,1,33,0,0,4,950,Samoa,750,Tonga,05/08/2023,15:00,13,9,34,9,13,9,70,Apia Park,-1,NA,1,2023,10,10,Fly Half,0,,0,,271,Angus Gardner,1000642,Damon Murphy,1000613,Matthew Kellahan,-1,,3,International,Y,W
1122,937717,0,,950,Samoa,4130.04,4130.04,4312,2,78,41,78,41,46,Attacking 22 Entry,641,22 Entry Outcome - Penalty Conceded,0,,0,,0,,0,,0,,0,,0,,0,,0,,0,0,0,0,1899-12-30T01:09:00Z,1,33,0,0,4,950,Samoa,750,Tonga,05/08/2023,15:00,13,9,34,9,13,9,70,Apia Park,-1,NA,1,2023,,,,0,,0,,271,Angus Gardner,1000642,Damon Murphy,1000613,Matthew Kellahan,-1,,3,International,Y,W
1123,937717,28913,Otumaka Mausia,750,Tonga,4151.16,4152.48,4333,2,22,25,60,0,4,Kick,347,Touch Kick,193,Kick in Touch (Full),148,Penalty Kick,0,,0,,0,,0,,0,,0,,0,,37,45,0,0,1899-12-30T01:09:22Z,1,33,0,0,4,950,Samoa,750,Tonga,05/08/2023,15:00,13,9,34,9,13,9,70,Apia Park,-1,NA,1,2023,22,10,Fly Half,0,,0,,271,Angus Gardner,1000642,Damon Murphy,1000613,Matthew Kellahan,-1,,3,International,N,L
1124,937717,0,,750,Tonga,4151.16,4152.48,4334,2,22,25,60,0,26,Sequences,780,Penalty Kick Touch,415,Own Lineout,0,,0,,0,,0,,0,,0,,0,,0,,37,0,0,0,1899-12-30T01:09:22Z,1,33,0,0,4,950,Samoa,750,Tonga,05/08/2023,15:00,13,9,34,9,13,9,70,Apia Park,-1,NA,1,2023,,,,0,,0,,271,Angus Gardner,1000642,Damon Murphy,1000613,Matthew Kellahan,-1,,3,International,N,L
1125,937717,35331,Siua Maile,750,Tonga,4173.52,4175.76,4355,2,60,0,60,10,6,Lineout Throw,372,Throw Middle,376,Won Clean Catch,211,Off The Top,0,5,662,Mid Right Open Movement Lineout,730,5 Players,724,Halfback in Position,0,,0,,0,,10,0,5,25,1899-12-30T01:09:45Z,1,34,0,0,4,950,Samoa,750,Tonga,05/08/2023,15:00,13,9,34,9,13,9,70,Apia Park,-1,NA,1,2023,02,2,Hooker,0,,0,,271,Angus Gardner,1000642,Damon Murphy,1000613,Matthew Kellahan,-1,,3,International,N,L
1126,937717,28270,Tanginoa Halaifonua,750,Tonga,4175.76,4175.76,4357,2,60,10,0,0,27,Lineout Take,387,Lineout Win Middle,376,Won Clean,211,Off The Top,396,Clean Catch,0,,0,,0,,0,,0,,0,,0,0,0,0,1899-12-30T01:09:46Z,1,34,0,0,4,950,Samoa,750,Tonga,05/08/2023,15:00,13,9,34,9,13,9,70,Apia Park,-1,NA,1,2023,06,6,Blindside Flanker,0,,0,,271,Angus Gardner,1000642,Damon Murphy,1000613,Matthew Kellahan,-1,,3,International,N,L
1127,937717,28270,Tanginoa Halaifonua,750,Tonga,4176.12,4176.68,4358,2,60,10,56,11,3,Pass,169,Complete,0,,679,Short Pass,682,Right Pass,700,0th Receiver,0,,0,,0,,0,,0,,1,4,4,0,1899-12-30T01:09:46Z,1,34,0,0,4,950,Samoa,750,Tonga,05/08/2023,15:00,13,9,34,9,13,9,70,Apia Park,-1,NA,1,2023,06,6,Blindside Flanker,0,,0,,271,Angus Gardner,1000642,Damon Murphy,1000613,Matthew Kellahan,-1,,3,International,N,L
1128,937717,20156,Sonatane Takulua,750,Tonga,4176.68,4176.68,4358,2,56,11,0,0,18,Collection,631,General Catch,0,,0,,0,,0,,0,,0,,0,,0,,0,,0,0,0,0,1899-12-30T01:09:47Z,1,34,0,0,4,950,Samoa,750,Tonga,05/08/2023,15:00,13,9,34,9,13,9,70,Apia Park,-1,NA,1,2023,09,9,Scrum Half,0,,0,,271,Angus Gardner,1000642,Damon Murphy,1000613,Matthew Kellahan,-1,,3,International,N,L
1129,937717,20156,Sonatane Takulua,750,Tonga,4177.32,4178.16,4359,2,56,11,53,32,3,Pass,169,Complete,0,,680,Long Pass,682,Right Pass,701,1st Receiver,0,,0,,0,,0,,0,,22,22,2,0,1899-12-30T01:09:48Z,1,34,0,0,4,950,Samoa,750,Tonga,05/08/2023,15:00,13,9,34,9,13,9,70,Apia Park,-1,NA,1,2023,09,9,Scrum Half,0,,0,,271,Angus Gardner,1000642,Damon Murphy,1000613,Matthew Kellahan,-1,,3,International,N,L
1130,937717,19128,George Moala,750,Tonga,4178.16,4178.16,4400,2,53,32,0,0,18,Collection,631,General Catch,0,,0,,0,,0,,0,,0,,0,,0,,0,,0,0,0,0,1899-12-30T01:09:49Z,1,34,0,0,4,950,Samoa,750,Tonga,05/08/2023,15:00,13,9,34,9,13,9,70,Apia Park,-1,NA,1,2023,13,13,Outside Centre,0,,0,,271,Angus Gardner,1000642,Damon Murphy,1000613,Matthew Kellahan,-1,,3,International,N,L
1131,937717,19128,George Moala,750,Tonga,4178.16,4181.32,4400,2,53,32,65,35,1,Carry,101,One Out Drive,107,Tackled Dominant,109,Crossed Gain line,460,Dominant Contact,502,2 Tacklers Committed,702,2nd Receiver,0,,0,,0,,0,,5,11,7,5,1899-12-30T01:09:49Z,1,34,0,0,4,950,Samoa,750,Tonga,05/08/2023,15:00,13,9,34,9,13,9,70,Apia Park,-1,NA,1,2023,13,13,Outside Centre,0,,0,,271,Angus Gardner,1000642,Damon Murphy,1000613,Matthew Kellahan,-1,,3,International,N,L
1132,937717,18506,Steven Luatua,950,Samoa,4179.44,4179.44,4401,2,43,36,0,0,2,Tackle,144,Line,161,Missed,0,,475,Ineffective Tackle,708,1st Tackler,0,,0,,0,,0,,0,,0,0,0,0,1899-12-30T01:09:50Z,1,34,0,0,4,950,Samoa,750,Tonga,05/08/2023,15:00,13,9,34,9,13,9,70,Apia Park,-1,NA,1,2023,08,8,Number 8,0,,0,,271,Angus Gardner,1000642,Damon Murphy,1000613,Matthew Kellahan,-1,,3,International,Y,W
1133,937717,18506,Steven Luatua,950,Samoa,4179.44,4179.44,4401,2,43,36,0,0,12,Missed Tackle,165,Positional,166,Tackled,0,,0,,0,,0,,0,,0,,0,,0,,0,0,0,0,1899-12-30T01:09:50Z,1,34,0,0,4,950,Samoa,750,Tonga,05/08/2023,15:00,13,9,34,9,13,9,70,Apia Park,-1,NA,1,2023,08,8,Number 8,0,,0,,271,Angus Gardner,1000642,Damon Murphy,1000613,Matthew Kellahan,-1,,3,International,Y,W
1134,937717,19128,George Moala,750,Tonga,4179.64,4179.64,4401,2,58,32,0,0,10,Attacking Qualities,116,Defender Beaten,0,,0,,0,,0,,0,,0,,0,,0,,0,,0,0,0,0,1899-12-30T01:09:50Z,1,34,0,0,4,950,Samoa,750,Tonga,05/08/2023,15:00,13,9,34,9,13,9,70,Apia Park,-1,NA,1,2023,13,13,Outside Centre,0,,0,,271,Angus Gardner,1000642,Damon Murphy,1000613,Matthew Kellahan,-1,,3,International,N,L
1135,937717,27662,Sama Malolo,950,Samoa,4180.80,4180.80,4402,2,41,37,0,0,2,Tackle,144,Line,160,Passive,441,Assist,475,Ineffective Tackle,709,2nd Tackler,0,,0,,0,,0,,0,,0,0,0,0,1899-12-30T01:09:51Z,1,34,0,0,4,950,Samoa,750,Tonga,05/08/2023,15:00,13,9,34,9,13,9,70,Apia Park,-1,NA,1,2023,02,2,Hooker,0,,0,,271,Angus Gardner,1000642,Damon Murphy,1000613,Matthew Kellahan,-1,,3,International,Y,W
1136,937717,19128,George Moala,750,Tonga,4181.32,4184.08,4403,2,65,35,0,0,23,Ruck,0,,401,Won Outright,548,Over Previous Gainline,554,2-3 Seconds,662,Mid Right Open Movement Ruck,0,,0,,0,,0,,0,,0,0,3,19,1899-12-30T01:09:52Z,1,34,0,0,4,950,Samoa,750,Tonga,05/08/2023,15:00,13,9,34,9,13,9,70,Apia Park,-1,NA,1,2023,13,13,Outside Centre,0,,0,,271,Angus Gardner,1000642,Damon Murphy,1000613,Matthew Kellahan,-1,,3,International,N,L
1137,937717,23399,Jonathan Taumateine,950,Samoa,4182.12,4182.12,4404,2,35,33,0,0,43,Ruck OOA,578,Got Cleaned Out,583,Own Team 1st Entry,603,OOA Entry 1st Entry- Def,633,Defensive OOA,0,1,0,,0,,0,,0,,0,,0,0,0,0,1899-12-30T01:09:50Z,1,34,0,0,4,950,Samoa,750,Tonga,05/08/2023,15:00,13,9,34,9,13,9,70,Apia Park,-1,NA,1,2023,09,9,Scrum Half,0,,0,,271,Angus Gardner,1000642,Damon Murphy,1000613,Matthew Kellahan,-1,,3,International,Y,W
1138,937717,29249,Sione Havili Talitui,750,Tonga,4182.40,4182.40,4404,2,65,35,0,0,43,Ruck OOA,572,Cleaned Out,583,Own Team 1st Entry,588,OOA Entry 1st Entry- Att,632,Attacking OOA,0,1,0,,0,,0,,0,,0,,0,0,0,0,1899-12-30T01:09:50Z,1,34,0,0,4,950,Samoa,750,Tonga,05/08/2023,15:00,13,9,34,9,13,9,70,Apia Park,-1,NA,1,2023,07,7,Openside Flanker,0,,0,,271,Angus Gardner,1000642,Damon Murphy,1000613,Matthew Kellahan,-1,,3,International,N,L
1139,937717,28270,Tanginoa Halaifonua,750,Tonga,4183.52,4183.52,4405,2,65,35,0,0,43,Ruck OOA,575,Attended,584,Own Team 2nd Entry,589,OOA Entry 2nd Entry- Att,632,Attacking OOA,0,2,0,,0,,0,,0,,0,,0,0,0,0,1899-12-30T01:09:51Z,1,34,0,0,4,950,Samoa,750,Tonga,05/08/2023,15:00,13,9,34,9,13,9,70,Apia Park,-1,NA,1,2023,06,6,Blindside Flanker,0,,0,,271,Angus Gardner,1000642,Damon Murphy,1000613,Matthew Kellahan,-1,,3,International,N,L
1140,937717,20156,Sonatane Takulua,750,Tonga,4184.08,4184.08,4406,2,64,34,0,0,18,Collection,631,General Catch,0,,0,,0,,0,,0,,0,,0,,0,,0,,0,0,0,0,1899-12-30T01:09:54Z,2,34,0,0,4,950,Samoa,750,Tonga,05/08/2023,15:00,13,9,34,9,13,9,70,Apia Park,-1,NA,1,2023,09,9,Scrum Half,0,,0,,271,Angus Gardner,1000642,Damon Murphy,1000613,Matthew Kellahan,-1,,3,International,N,L
1141,937717,20156,Sonatane Takulua,750,Tonga,4184.08,4184.08,4406,2,64,34,0,0,47,Playmaker Options,671,Halfback at Breakdown,675,Playmaker Option - Pass,0,,0,,0,,0,,0,,0,,0,,0,,0,0,0,0,1899-12-30T01:09:54Z,2,34,0,0,4,950,Samoa,750,Tonga,05/08/2023,15:00,13,9,34,9,13,9,70,Apia Park,-1,NA,1,2023,09,9,Scrum Half,0,,0,,271,Angus Gardner,1000642,Damon Murphy,1000613,Matthew Kellahan,-1,,3,International,N,L
1142,937717,20156,Sonatane Takulua,750,Tonga,4184.40,4185.00,4406,2,64,34,59,46,3,Pass,169,Complete,0,,686,Medium Pass,682,Right Pass,700,0th Receiver,0,,0,,0,,0,,0,,12,13,5,0,1899-12-30T01:09:55Z,2,34,0,0,4,950,Samoa,750,Tonga,05/08/2023,15:00,13,9,34,9,13,9,70,Apia Park,-1,NA,1,2023,09,9,Scrum Half,0,,0,,271,Angus Gardner,1000642,Damon Murphy,1000613,Matthew Kellahan,-1,,3,International,N,L
1143,937717,21155,Vaea Fifita,750,Tonga,4185.00,4185.00,4407,2,59,46,0,0,18,Collection,631,General Catch,0,,0,,0,,0,,0,,0,,0,,0,,0,,0,0,0,0,1899-12-30T01:09:55Z,2,34,0,0,4,950,Samoa,750,Tonga,05/08/2023,15:00,13,9,34,9,13,9,70,Apia Park,-1,NA,1,2023,08,8,Number 8,0,,0,,271,Angus Gardner,1000642,Damon Murphy,1000613,Matthew Kellahan,-1,,3,International,N,L
1144,937717,21155,Vaea Fifita,750,Tonga,4185.00,4185.00,4407,2,59,46,0,0,47,Playmaker Options,656,First Receiver,675,Playmaker Option - Pass,0,,0,,0,,0,,0,,0,,0,,0,,0,0,0,0,1899-12-30T01:09:55Z,2,34,0,0,4,950,Samoa,750,Tonga,05/08/2023,15:00,13,9,34,9,13,9,70,Apia Park,-1,NA,1,2023,08,8,Number 8,0,,0,,271,Angus Gardner,1000642,Damon Murphy,1000613,Matthew Kellahan,-1,,3,International,N,L
1145,937717,21155,Vaea Fifita,750,Tonga,4185.92,4186.28,4407,2,63,47,60,50,3,Pass,169,Complete,0,,679,Short Pass,682,Right Pass,701,1st Receiver,0,,0,,0,,0,,0,,4,5,3,0,1899-12-30T01:09:56Z,2,34,0,0,4,950,Samoa,750,Tonga,05/08/2023,15:00,13,9,34,9,13,9,70,Apia Park,-1,NA,1,2023,08,8,Number 8,0,,0,,271,Angus Gardner,1000642,Damon Murphy,1000613,Matthew Kellahan,-1,,3,International,N,L
1146,937717,28913,Otumaka Mausia,750,Tonga,4186.28,4186.28,4408,2,60,50,0,0,18,Collection,631,General Catch,0,,0,,0,,0,,0,,0,,0,,0,,0,,0,0,0,0,1899-12-30T01:09:57Z,2,34,0,0,4,950,Samoa,750,Tonga,05/08/2023,15:00,13,9,34,9,13,9,70,Apia Park,-1,NA,1,2023,22,10,Fly Half,0,,0,,271,Angus Gardner,1000642,Damon Murphy,1000613,Matthew Kellahan,-1,,3,International,N,L
1147,937717,28913,Otumaka Mausia,750,Tonga,4186.28,4186.28,4408,2,60,50,0,0,47,Playmaker Options,657,Second Receiver,673,Playmaker Option - Carry,0,,0,,0,,0,,0,,0,,0,,0,,0,0,0,0,1899-12-30T01:09:57Z,2,34,0,0,4,950,Samoa,750,Tonga,05/08/2023,15:00,13,9,34,9,13,9,70,Apia Park,-1,NA,1,2023,22,10,Fly Half,0,,0,,271,Angus Gardner,1000642,Damon Murphy,1000613,Matthew Kellahan,-1,,3,International,N,L
1148,937717,28913,Otumaka Mausia,750,Tonga,4186.28,4189.24,4408,2,60,50,67,53,1,Carry,101,One Out Drive,108,Tackled Neutral,109,Crossed Gain line,461,Neutral Contact,502,2 Tacklers Committed,702,2nd Receiver,0,,0,,0,,0,,3,8,6,4,1899-12-30T01:09:57Z,2,34,0,0,4,950,Samoa,750,Tonga,05/08/2023,15:00,13,9,34,9,13,9,70,Apia Park,-1,NA,1,2023,22,10,Fly Half,0,,0,,271,Angus Gardner,1000642,Damon Murphy,1000613,Matthew Kellahan,-1,,3,International,N,L
1149,937717,22603,Duncan Paia'aua,950,Samoa,4186.88,4186.88,4408,2,39,15,0,0,2,Tackle,144,Line,161,Missed,0,,475,Ineffective Tackle,708,1st Tackler,0,,0,,0,,0,,0,,0,0,0,0,1899-12-30T01:09:57Z,2,34,0,0,4,950,Samoa,750,Tonga,05/08/2023,15:00,13,9,34,9,13,9,70,Apia Park,-1,NA,1,2023,12,12,Inside Centre,0,,0,,271,Angus Gardner,1000642,Damon Murphy,1000613,Matthew Kellahan,-1,,3,International,Y,W
1150,937717,22603,Duncan Paia'aua,950,Samoa,4186.88,4186.88,4408,2,39,15,0,0,12,Missed Tackle,162,Bumped Off,166,Tackled,0,,0,,0,,0,,0,,0,,0,,0,,0,0,0,0,1899-12-30T01:09:57Z,2,34,0,0,4,950,Samoa,750,Tonga,05/08/2023,15:00,13,9,34,9,13,9,70,Apia Park,-1,NA,1,2023,12,12,Inside Centre,0,,0,,271,Angus Gardner,1000642,Damon Murphy,1000613,Matthew Kellahan,-1,,3,International,Y,W
1151,937717,28913,Otumaka Mausia,750,Tonga,4187.24,4187.24,4409,2,61,53,0,0,10,Attacking Qualities,116,Defender Beaten,0,,0,,0,,0,,0,,0,,0,,0,,0,,0,0,0,0,1899-12-30T01:09:58Z,2,34,0,0,4,950,Samoa,750,Tonga,05/08/2023,15:00,13,9,34,9,13,9,70,Apia Park,-1,NA,1,2023,22,10,Fly Half,0,,0,,271,Angus Gardner,1000642,Damon Murphy,1000613,Matthew Kellahan,-1,,3,International,N,L
1152,937717,21998,Michael Alaalatoa,950,Samoa,4188.24,4188.24,4410,2,37,16,0,0,2,Tackle,144,Line,157,Pen Conceded,441,Assist,474,Neutral Tackle,709,2nd Tackler,0,,0,,0,,0,,0,,0,0,0,0,1899-12-30T01:09:59Z,2,34,0,0,4,950,Samoa,750,Tonga,05/08/2023,15:00,13,9,34,9,13,9,70,Apia Park,-1,NA,1,2023,03,3,Tighthead Prop,0,,0,,271,Angus Gardner,1000642,Damon Murphy,1000613,Matthew Kellahan,-1,,3,International,Y,W
1153,937717,28913,Otumaka Mausia,750,Tonga,4189.24,4197.16,4411,2,67,53,0,0,23,Ruck,0,,403,Penalty Won,548,Over Previous Gainline,559,N/A Ruck Speed,723,Mid Right Blindside Movement Ruck,0,,0,,0,,0,,0,,0,0,1,10,1899-12-30T01:10:00Z,2,34,0,0,4,950,Samoa,750,Tonga,05/08/2023,15:00,13,9,34,9,13,9,70,Apia Park,-1,NA,1,2023,22,10,Fly Half,0,,0,,271,Angus Gardner,1000642,Damon Murphy,1000613,Matthew Kellahan,-1,,3,International,N,L
1154,937717,21155,Vaea Fifita,750,Tonga,4190.28,4190.28,4412,2,67,53,0,0,43,Ruck OOA,574,Secured,583,Own Team 1st Entry,588,OOA Entry 1st Entry- Att,632,Attacking OOA,0,1,0,,0,,0,,0,,0,,0,0,0,0,1899-12-30T01:09:53Z,2,34,0,0,4,950,Samoa,750,Tonga,05/08/2023,15:00,13,9,34,9,13,9,70,Apia Park,-1,NA,1,2023,08,8,Number 8,0,,0,,271,Angus Gardner,1000642,Damon Murphy,1000613,Matthew Kellahan,-1,,3,International,N,L
1155,937717,11292,Steve Mafi,750,Tonga,4190.76,4190.76,4412,2,67,53,0,0,43,Ruck OOA,574,Secured,584,Own Team 2nd Entry,589,OOA Entry 2nd Entry- Att,632,Attacking OOA,0,2,0,,0,,0,,0,,0,,0,0,0,0,1899-12-30T01:09:53Z,2,34,0,0,4,950,Samoa,750,Tonga,05/08/2023,15:00,13,9,34,9,13,9,70,Apia Park,-1,NA,1,2023,05,5,Lock (5),0,,0,,271,Angus Gardner,1000642,Damon Murphy,1000613,Matthew Kellahan,-1,,3,International,N,L
1156,937717,21998,Michael Alaalatoa,950,Samoa,4193.12,4193.12,4415,2,33,15,0,0,7,Penalty Conceded,225,Not Rolling Away,236,No Action,215,Defence,233,Full Penalty,0,,0,,0,,0,,0,,0,,0,0,0,0,1899-12-30T01:10:03Z,2,34,0,0,4,950,Samoa,750,Tonga,05/08/2023,15:00,13,9,34,9,13,9,70,Apia Park,-1,NA,1,2023,03,3,Tighthead Prop,0,,0,,271,Angus Gardner,1000642,Damon Murphy,1000613,Matthew Kellahan,-1,,3,International,Y,W
1157,937717,0,,750,Tonga,4194.24,4194.24,4416,2,67,53,0,0,20,Ref Review,245,Advantage,0,,0,,0,,0,,0,,0,,0,,0,,0,,0,0,0,0,1899-12-30T01:10:04Z,2,34,0,0,4,950,Samoa,750,Tonga,05/08/2023,15:00,13,9,34,9,13,9,70,Apia Park,-1,NA,1,2023,,,,0,,0,,271,Angus Gardner,1000642,Damon Murphy,1000613,Matthew Kellahan,-1,,3,International,N,L
1158,937717,20156,Sonatane Takulua,750,Tonga,4197.16,4197.16,4419,2,67,53,0,0,18,Collection,631,General Catch,0,,0,,0,,0,,0,,0,,0,,0,,0,,0,0,0,0,1899-12-30T01:10:08Z,3,34,0,0,4,950,Samoa,750,Tonga,05/08/2023,15:00,13,9,34,9,13,9,70,Apia Park,-1,NA,1,2023,09,9,Scrum Half,0,,0,,271,Angus Gardner,1000642,Damon Murphy,1000613,Matthew Kellahan,-1,,3,International,N,L
1159,937717,20156,Sonatane Takulua,750,Tonga,4197.16,4197.16,4419,2,67,53,0,0,47,Playmaker Options,671,Halfback at Breakdown,675,Playmaker Option - Pass,0,,0,,0,,0,,0,,0,,0,,0,,0,0,0,0,1899-12-30T01:10:08Z,3,34,0,0,4,950,Samoa,750,Tonga,05/08/2023,15:00,13,9,34,9,13,9,70,Apia Park,-1,NA,1,2023,09,9,Scrum Half,0,,0,,271,Angus Gardner,1000642,Damon Murphy,1000613,Matthew Kellahan,-1,,3,International,N,L
1160,937717,20156,Sonatane Takulua,750,Tonga,4197.28,4197.64,4419,2,67,53,64,59,3,Pass,169,Complete,0,,686,Medium Pass,682,Right Pass,700,0th Receiver,0,,0,,0,,0,,0,,5,6,2,0,1899-12-30T01:10:08Z,3,34,0,0,4,950,Samoa,750,Tonga,05/08/2023,15:00,13,9,34,9,13,9,70,Apia Park,-1,NA,1,2023,09,9,Scrum Half,0,,0,,271,Angus Gardner,1000642,Damon Murphy,1000613,Matthew Kellahan,-1,,3,International,N,L
1161,937717,17091,Charles Piutau,750,Tonga,4197.64,4197.64,4419,2,64,59,0,0,18,Collection,631,General Catch,0,,0,,0,,0,,0,,0,,0,,0,,0,,0,0,0,0,1899-12-30T01:10:08Z,3,34,0,0,4,950,Samoa,750,Tonga,05/08/2023,15:00,13,9,34,9,13,9,70,Apia Park,-1,NA,1,2023,15,15,Full Back,0,,0,,271,Angus Gardner,1000642,Damon Murphy,1000613,Matthew Kellahan,-1,,3,International,N,L
1162,937717,17091,Charles Piutau,750,Tonga,4197.64,4197.64,4419,2,64,59,0,0,47,Playmaker Options,656,First Receiver,673,Playmaker Option - Carry,0,,0,,0,,0,,0,,0,,0,,0,,0,0,0,0,1899-12-30T01:10:08Z,3,34,0,0,4,950,Samoa,750,Tonga,05/08/2023,15:00,13,9,34,9,13,9,70,Apia Park,-1,NA,1,2023,15,15,Full Back,0,,0,,271,Angus Gardner,1000642,Damon Murphy,1000613,Matthew Kellahan,-1,,3,International,N,L
1163,937717,17091,Charles Piutau,750,Tonga,4197.64,4199.84,4419,2,64,59,68,63,1,Carry,101,One Out Drive,108,Tackled Neutral,109,Crossed Gain line,461,Neutral Contact,502,2 Tacklers Committed,701,1st Receiver,0,,0,,0,,0,,1,4,2,2,1899-12-30T01:10:08Z,3,34,0,0,4,950,Samoa,750,Tonga,05/08/2023,15:00,13,9,34,9,13,9,70,Apia Park,-1,NA,1,2023,15,15,Full Back,0,,0,,271,Angus Gardner,1000642,Damon Murphy,1000613,Matthew Kellahan,-1,,3,International,N,L
1164,937717,22231,Ed Fidow,950,Samoa,4198.88,4198.88,4420,2,34,7,0,0,2,Tackle,144,Line,153,Complete,0,,474,Neutral Tackle,708,1st Tackler,0,,0,,0,,0,,0,,0,0,0,0,1899-12-30T01:10:09Z,3,34,0,0,4,950,Samoa,750,Tonga,05/08/2023,15:00,13,9,34,9,13,9,70,Apia Park,-1,NA,1,2023,11,11,Left Wing,0,,0,,271,Angus Gardner,1000642,Damon Murphy,1000613,Matthew Kellahan,-1,,3,International,Y,W
1165,937717,22603,Duncan Paia'aua,950,Samoa,4198.96,4198.96,4421,2,34,7,0,0,2,Tackle,144,Line,153,Complete,441,Assist,474,Neutral Tackle,709,2nd Tackler,0,,0,,0,,0,,0,,0,0,0,0,1899-12-30T01:10:09Z,3,34,0,0,4,950,Samoa,750,Tonga,05/08/2023,15:00,13,9,34,9,13,9,70,Apia Park,-1,NA,1,2023,12,12,Inside Centre,0,,0,,271,Angus Gardner,1000642,Damon Murphy,1000613,Matthew Kellahan,-1,,3,International,Y,W
1166,937717,17091,Charles Piutau,750,Tonga,4199.84,4203.20,4421,2,68,63,0,0,23,Ruck,0,,452,Unplayable,548,Over Previous Gainline,559,N/A Ruck Speed,676,N/A Movement Ruck,0,,0,,0,,0,,0,,0,0,0,0,1899-12-30T01:10:10Z,3,34,0,0,4,950,Samoa,750,Tonga,05/08/2023,15:00,13,9,34,9,13,9,70,Apia Park,-1,NA,1,2023,15,15,Full Back,0,,0,,271,Angus Gardner,1000642,Damon Murphy,1000613,Matthew Kellahan,-1,,3,International,N,L
1167,937717,22603,Duncan Paia'aua,950,Samoa,4200.40,4200.40,4422,2,32,5,0,0,43,Ruck OOA,578,Got Cleaned Out,583,Own Team 1st Entry,603,OOA Entry 1st Entry- Def,633,Defensive OOA,0,1,0,,0,,0,,0,,0,,0,0,0,0,1899-12-30T01:10:07Z,3,34,0,0,4,950,Samoa,750,Tonga,05/08/2023,15:00,13,9,34,9,13,9,70,Apia Park,-1,NA,1,2023,12,12,Inside Centre,0,,0,,271,Angus Gardner,1000642,Damon Murphy,1000613,Matthew Kellahan,-1,,3,International,Y,W
1168,937717,36335,Solomone Kata,750,Tonga,4200.80,4200.80,4422,2,68,63,0,0,43,Ruck OOA,572,Cleaned Out,583,Own Team 1st Entry,588,OOA Entry 1st Entry- Att,632,Attacking OOA,0,1,0,,0,,0,,0,,0,,0,0,0,0,1899-12-30T01:10:07Z,3,34,0,0,4,950,Samoa,750,Tonga,05/08/2023,15:00,13,9,34,9,13,9,70,Apia Park,-1,NA,1,2023,14,14,Right Wing,0,,0,,271,Angus Gardner,1000642,Damon Murphy,1000613,Matthew Kellahan,-1,,3,International,N,L
1169,937717,0,,750,Tonga,4173.52,4203.20,4425,2,60,0,68,63,15,Possession,306,Lineout,316,Pen Won,0,,684,Fails to enter into Opposition 22,0,,0,,0,,0,,0,,0,,9,0,0,0,1899-12-30T01:09:45Z,3,34,0,0,4,950,Samoa,750,Tonga,05/08/2023,15:00,13,9,34,9,13,9,70,Apia Park,-1,NA,1,2023,,,,0,,0,,271,Angus Gardner,1000642,Damon Murphy,1000613,Matthew Kellahan,-1,,3,International,N,L
1170,937717,0,,750,Tonga,4173.52,4203.20,4425,2,60,0,68,63,26,Sequences,306,Lineout,316,Pen Won,0,,0,,0,,0,,0,,0,,0,,0,,9,0,0,0,1899-12-30T01:09:45Z,3,34,0,0,4,950,Samoa,750,Tonga,05/08/2023,15:00,13,9,34,9,13,9,70,Apia Park,-1,NA,1,2023,,,,0,,0,,271,Angus Gardner,1000642,Damon Murphy,1000613,Matthew Kellahan,-1,,3,International,N,L
1171,937717,0,,950,Samoa,4221.52,4313.52,4443,2,68,63,0,0,17,Period,0,Period,0,,0,,0,,0,,0,,0,,0,,0,,0,,0,0,0,0,1899-12-30T01:11:35Z,3,34,0,0,4,950,Samoa,750,Tonga,05/08/2023,15:00,13,9,34,9,13,9,70,Apia Park,-1,NA,1,2023,,,,0,,0,,271,Angus Gardner,1000642,Damon Murphy,1000613,Matthew Kellahan,-1,,3,International,Y,W
1172,937717,17091,Charles Piutau,750,Tonga,4316.16,4316.16,4446,2,68,63,0,0,41,Sub Out,563,Injury,0,,0,,0,,0,,0,,0,,0,,0,,0,,0,0,0,0,1899-12-30T01:12:07Z,3,34,0,1,4,950,Samoa,750,Tonga,05/08/2023,15:00,13,9,34,9,13,9,70,Apia Park,-1,NA,1,2023,15,15,Full Back,0,,0,,271,Angus Gardner,1000642,Damon Murphy,1000613,Matthew Kellahan,-1,,3,International,N,L
1173,937717,20059,Malakai Fekitoa,750,Tonga,4316.20,4316.20,4446,2,68,63,0,0,42,Sub In,563,Injury,0,,0,,0,,0,,0,,0,,0,,0,,0,,0,0,0,0,1899-12-30T01:12:07Z,3,34,0,0,4,950,Samoa,750,Tonga,05/08/2023,15:00,13,9,34,9,13,9,70,Apia Park,-1,NA,1,2023,23,11,Left Wing,0,,0,,271,Angus Gardner,1000642,Damon Murphy,1000613,Matthew Kellahan,-1,,3,International,N,L
1174,937717,28913,Otumaka Mausia,750,Tonga,4319.12,4321.92,4449,2,75,54,89,68,4,Kick,347,Touch Kick,193,Kick in Touch (Full),148,Penalty Kick,0,,0,,0,,0,,0,,0,,0,,14,20,0,0,1899-12-30T01:12:09Z,1,34,0,0,4,950,Samoa,750,Tonga,05/08/2023,15:00,13,9,34,9,13,9,70,Apia Park,-1,NA,1,2023,22,10,Fly Half,0,,0,,271,Angus Gardner,1000642,Damon Murphy,1000613,Matthew Kellahan,-1,,3,International,N,L
1175,937717,0,,750,Tonga,4319.12,4321.92,4451,2,75,54,89,68,26,Sequences,780,Penalty Kick Touch,415,Own Lineout,0,,0,,0,,0,,0,,0,,0,,0,,14,0,0,0,1899-12-30T01:12:09Z,1,34,0,0,4,950,Samoa,750,Tonga,05/08/2023,15:00,13,9,34,9,13,9,70,Apia Park,-1,NA,1,2023,,,,0,,0,,271,Angus Gardner,1000642,Damon Murphy,1000613,Matthew Kellahan,-1,,3,International,N,L
1176,937717,0,,750,Tonga,4340.52,4340.52,4510,2,89,68,89,68,46,Attacking 22 Entry,646,22 Entry Outcome - Turnover,0,,0,,0,,0,,0,,0,,0,,0,,0,,0,0,0,0,1899-12-30T01:12:33Z,1,34,0,0,4,950,Samoa,750,Tonga,05/08/2023,15:00,13,9,34,9,13,9,70,Apia Park,-1,NA,1,2023,,,,0,,0,,271,Angus Gardner,1000642,Damon Murphy,1000613,Matthew Kellahan,-1,,3,International,N,L
1177,937717,35331,Siua Maile,750,Tonga,4340.52,4343.64,4510,2,89,68,88,59,6,Lineout Throw,372,Throw Middle,382,Lost Clean,420,Catch and Run,0,6+1,676,N/A Movement Lineout,731,6 Players,725,Forward at Halfback (+1),0,,0,,0,,10,0,0,0,1899-12-30T01:12:33Z,1,34,0,0,4,950,Samoa,750,Tonga,05/08/2023,15:00,13,9,34,9,13,9,70,Apia Park,-1,NA,1,2023,02,2,Hooker,0,,0,,271,Angus Gardner,1000642,Damon Murphy,1000613,Matthew Kellahan,-1,,3,International,N,L
1178,937717,20766,Chris Vui,950,Samoa,4343.64,4343.64,4513,2,12,9,0,0,27,Lineout Take,392,Lineout Steal Middle,382,Lost Clean,420,Catch and Run,396,Clean Catch,0,,0,,0,,0,,0,,0,,0,0,0,0,1899-12-30T01:12:34Z,1,35,0,0,4,950,Samoa,750,Tonga,05/08/2023,15:00,13,9,34,9,13,9,70,Apia Park,-1,NA,1,2023,05,5,Lock (5),0,,0,,271,Angus Gardner,1000642,Damon Murphy,1000613,Matthew Kellahan,-1,,3,International,Y,W
1179,937717,0,,950,Samoa,4345.48,4345.48,4515,2,12,9,0,0,45,Defensive Exits,630,Kicked out of 22,0,,0,,0,,0,,0,,0,,0,,0,,0,,0,0,0,0,1899-12-30T01:12:36Z,1,35,0,0,4,950,Samoa,750,Tonga,05/08/2023,15:00,13,9,34,9,13,9,70,Apia Park,-1,NA,1,2023,,,,0,,0,,271,Angus Gardner,1000642,Damon Murphy,1000613,Matthew Kellahan,-1,,3,International,Y,W
1180,937717,20766,Chris Vui,950,Samoa,4345.48,4354.32,4515,2,12,9,0,0,23,Ruck,0,,401,Won Outright,551,N/A Gainline,558,6+ Seconds,664,Close Right Open Movement Ruck,0,,0,,0,,0,,0,,0,0,-9,5,1899-12-30T01:12:36Z,1,35,0,0,4,950,Samoa,750,Tonga,05/08/2023,15:00,13,9,34,9,13,9,70,Apia Park,-1,NA,1,2023,05,5,Lock (5),0,,0,,271,Angus Gardner,1000642,Damon Murphy,1000613,Matthew Kellahan,-1,,3,International,Y,W
1181,937717,21998,Michael Alaalatoa,950,Samoa,4346.04,4346.04,4516,2,12,9,0,0,43,Ruck OOA,575,Attended,583,Own Team 1st Entry,588,OOA Entry 1st Entry- Att,632,Attacking OOA,0,1,0,,0,,0,,0,,0,,0,0,0,0,1899-12-30T01:12:28Z,1,35,0,0,4,950,Samoa,750,Tonga,05/08/2023,15:00,13,9,34,9,13,9,70,Apia Park,-1,NA,1,2023,03,3,Tighthead Prop,0,,0,,271,Angus Gardner,1000642,Damon Murphy,1000613,Matthew Kellahan,-1,,3,International,Y,W
1182,937717,27662,Sama Malolo,950,Samoa,4346.36,4346.36,4516,2,12,9,0,0,43,Ruck OOA,574,Secured,584,Own Team 2nd Entry,589,OOA Entry 2nd Entry- Att,632,Attacking OOA,0,2,0,,0,,0,,0,,0,,0,0,0,0,1899-12-30T01:12:28Z,1,35,0,0,4,950,Samoa,750,Tonga,05/08/2023,15:00,13,9,34,9,13,9,70,Apia Park,-1,NA,1,2023,02,2,Hooker,0,,0,,271,Angus Gardner,1000642,Damon Murphy,1000613,Matthew Kellahan,-1,,3,International,Y,W
1183,937717,43727,Miracle Faiilagi,950,Samoa,4347.80,4347.80,4517,2,12,9,0,0,43,Ruck OOA,575,Attended,585,Own Team 3rd Entry,590,OOA Entry 3rd Entry- Att,632,Attacking OOA,0,3,0,,0,,0,,0,,0,,0,0,0,0,1899-12-30T01:12:29Z,1,35,0,0,4,950,Samoa,750,Tonga,05/08/2023,15:00,13,9,34,9,13,9,70,Apia Park,-1,NA,1,2023,06,6,Blindside Flanker,0,,0,,271,Angus Gardner,1000642,Damon Murphy,1000613,Matthew Kellahan,-1,,3,International,Y,W
1184,937717,10607,Jack Lam,950,Samoa,4350.80,4350.80,4520,2,12,9,0,0,43,Ruck OOA,575,Attended,586,Own Team 4th Entry,591,OOA Entry 4th Entry- Att,632,Attacking OOA,0,4,0,,0,,0,,0,,0,,0,0,0,0,1899-12-30T01:12:32Z,1,35,0,0,4,950,Samoa,750,Tonga,05/08/2023,15:00,13,9,34,9,13,9,70,Apia Park,-1,NA,1,2023,07,7,Openside Flanker,0,,0,,271,Angus Gardner,1000642,Damon Murphy,1000613,Matthew Kellahan,-1,,3,International,Y,W
1185,937717,23399,Jonathan Taumateine,950,Samoa,4354.32,4354.32,4524,2,11,8,0,0,18,Collection,631,General Catch,0,,0,,0,,0,,0,,0,,0,,0,,0,,0,0,0,0,1899-12-30T01:12:45Z,2,35,0,0,4,950,Samoa,750,Tonga,05/08/2023,15:00,13,9,34,9,13,9,70,Apia Park,-1,NA,1,2023,09,9,Scrum Half,0,,0,,271,Angus Gardner,1000642,Damon Murphy,1000613,Matthew Kellahan,-1,,3,International,Y,W
1186,937717,23399,Jonathan Taumateine,950,Samoa,4354.32,4354.32,4524,2,11,8,0,0,47,Playmaker Options,671,Halfback at Breakdown,675,Playmaker Option - Pass,0,,0,,0,,0,,0,,0,,0,,0,,0,0,0,0,1899-12-30T01:12:45Z,2,35,0,0,4,950,Samoa,750,Tonga,05/08/2023,15:00,13,9,34,9,13,9,70,Apia Park,-1,NA,1,2023,09,9,Scrum Half,0,,0,,271,Angus Gardner,1000642,Damon Murphy,1000613,Matthew Kellahan,-1,,3,International,Y,W
1187,937717,23399,Jonathan Taumateine,950,Samoa,4354.48,4355.20,4524,2,11,8,-1,16,3,Pass,169,Complete,0,,686,Medium Pass,682,Right Pass,700,0th Receiver,0,,0,,0,,0,,0,,8,14,12,0,1899-12-30T01:12:45Z,2,35,0,0,4,950,Samoa,750,Tonga,05/08/2023,15:00,13,9,34,9,13,9,70,Apia Park,-1,NA,1,2023,09,9,Scrum Half,0,,0,,271,Angus Gardner,1000642,Damon Murphy,1000613,Matthew Kellahan,-1,,3,International,Y,W
1188,937717,25212,D'Angelo Leuila,950,Samoa,4355.20,4355.20,4525,2,-1,16,0,0,18,Collection,631,General Catch,0,,0,,0,,0,,0,,0,,0,,0,,0,,0,0,0,0,1899-12-30T01:12:46Z,2,35,0,0,4,950,Samoa,750,Tonga,05/08/2023,15:00,13,9,34,9,13,9,70,Apia Park,-1,NA,1,2023,10,10,Fly Half,0,,0,,271,Angus Gardner,1000642,Damon Murphy,1000613,Matthew Kellahan,-1,,3,International,Y,W
1189,937717,25212,D'Angelo Leuila,950,Samoa,4355.20,4355.20,4525,2,-1,16,0,0,47,Playmaker Options,656,First Receiver,674,Playmaker Option - Kick,0,,0,,0,,0,,0,,0,,0,,0,,0,0,0,0,1899-12-30T01:12:46Z,2,35,0,0,4,950,Samoa,750,Tonga,05/08/2023,15:00,13,9,34,9,13,9,70,Apia Park,-1,NA,1,2023,10,10,Fly Half,0,,0,,271,Angus Gardner,1000642,Damon Murphy,1000613,Matthew Kellahan,-1,,3,International,Y,W
1190,937717,25212,D'Angelo Leuila,950,Samoa,4356.48,4360.16,4526,2,2,14,60,5,4,Kick,190,Territorial,198,Caught Full,186,Kick in Play (Own 22),0,,0,,0,,0,,0,,0,,0,,58,59,0,0,1899-12-30T01:12:47Z,2,35,0,0,4,950,Samoa,750,Tonga,05/08/2023,15:00,13,9,34,9,13,9,70,Apia Park,-1,NA,1,2023,10,10,Fly Half,0,,0,,271,Angus Gardner,1000642,Damon Murphy,1000613,Matthew Kellahan,-1,,3,International,Y,W
1191,937717,0,,950,Samoa,4343.64,4360.16,4530,2,12,9,60,5,15,Possession,348,Lineout Steal,351,Kick in Play,0,,684,Fails to enter into Opposition 22,0,,0,,0,,0,,0,,0,,49,0,0,0,1899-12-30T01:12:34Z,2,35,0,0,4,950,Samoa,750,Tonga,05/08/2023,15:00,13,9,34,9,13,9,70,Apia Park,-1,NA,1,2023,,,,0,,0,,271,Angus Gardner,1000642,Damon Murphy,1000613,Matthew Kellahan,-1,,3,International,Y,W
1192,937717,36335,Solomone Kata,750,Tonga,4360.16,4360.16,4530,2,40,63,0,0,18,Collection,273,Defensive Catch,277,Success,0,,0,,0,,0,,0,,0,,0,,0,,0,0,0,0,1899-12-30T01:12:51Z,1,36,0,0,4,950,Samoa,750,Tonga,05/08/2023,15:00,13,9,34,9,13,9,70,Apia Park,-1,NA,1,2023,14,14,Right Wing,0,,0,,271,Angus Gardner,1000642,Damon Murphy,1000613,Matthew Kellahan,-1,,3,International,N,L
1193,937717,36335,Solomone Kata,750,Tonga,4360.16,4360.16,4530,2,40,63,0,0,44,Counter Attack,626,Outcome - Turnover,0,,0,,0,,0,,0,,0,,0,,0,,0,,0,0,0,0,1899-12-30T01:12:51Z,1,36,0,0,4,950,Samoa,750,Tonga,05/08/2023,15:00,13,9,34,9,13,9,70,Apia Park,-1,NA,1,2023,14,14,Right Wing,0,,0,,271,Angus Gardner,1000642,Damon Murphy,1000613,Matthew Kellahan,-1,,3,International,N,L
1194,937717,36335,Solomone Kata,750,Tonga,4360.16,4367.72,4530,2,40,63,63,34,1,Carry,104,Kick Return,107,Tackled Dominant,109,Crossed Gain line,460,Dominant Contact,503,3 Tacklers Committed,700,0th Receiver,0,,0,,0,,0,,23,23,7,5,1899-12-30T01:12:51Z,1,36,0,0,4,950,Samoa,750,Tonga,05/08/2023,15:00,13,9,34,9,13,9,70,Apia Park,-1,NA,1,2023,14,14,Right Wing,0,,0,,271,Angus Gardner,1000642,Damon Murphy,1000613,Matthew Kellahan,-1,,3,International,N,L
1195,937717,9023,Christian Leali'ifano,950,Samoa,4365.80,4365.80,4535,2,44,34,0,0,2,Tackle,142,Chase,161,Missed,0,,475,Ineffective Tackle,708,1st Tackler,0,,0,,0,,0,,0,,0,0,0,0,1899-12-30T01:12:56Z,1,36,0,0,4,950,Samoa,750,Tonga,05/08/2023,15:00,13,9,34,9,13,9,70,Apia Park,-1,NA,1,2023,22,10,Fly Half,0,,0,,271,Angus Gardner,1000642,Damon Murphy,1000613,Matthew Kellahan,-1,,3,International,Y,W
1196,937717,9023,Christian Leali'ifano,950,Samoa,4365.80,4365.80,4535,2,44,34,0,0,12,Missed Tackle,162,Bumped Off,166,Tackled,0,,0,,0,,0,,0,,0,,0,,0,,0,0,0,0,1899-12-30T01:12:56Z,1,36,0,0,4,950,Samoa,750,Tonga,05/08/2023,15:00,13,9,34,9,13,9,70,Apia Park,-1,NA,1,2023,22,10,Fly Half,0,,0,,271,Angus Gardner,1000642,Damon Murphy,1000613,Matthew Kellahan,-1,,3,International,Y,W
1197,937717,36335,Solomone Kata,750,Tonga,4366.08,4366.08,4536,2,56,34,0,0,10,Attacking Qualities,116,Defender Beaten,0,,0,,0,,0,,0,,0,,0,,0,,0,,0,0,0,0,1899-12-30T01:12:56Z,1,36,0,0,4,950,Samoa,750,Tonga,05/08/2023,15:00,13,9,34,9,13,9,70,Apia Park,-1,NA,1,2023,14,14,Right Wing,0,,0,,271,Angus Gardner,1000642,Damon Murphy,1000613,Matthew Kellahan,-1,,3,International,N,L
1198,937717,22603,Duncan Paia'aua,950,Samoa,4367.28,4367.28,4537,2,43,33,0,0,2,Tackle,142,Chase,160,Passive,441,Assist,475,Ineffective Tackle,709,2nd Tackler,0,,0,,0,,0,,0,,0,0,0,0,1899-12-30T01:12:58Z,1,36,0,0,4,950,Samoa,750,Tonga,05/08/2023,15:00,13,9,34,9,13,9,70,Apia Park,-1,NA,1,2023,12,12,Inside Centre,0,,0,,271,Angus Gardner,1000642,Damon Murphy,1000613,Matthew Kellahan,-1,,3,International,Y,W
1199,937717,9023,Christian Leali'ifano,950,Samoa,4367.44,4367.44,4537,2,43,33,0,0,2,Tackle,142,Chase,160,Passive,441,Assist,475,Ineffective Tackle,710,3rd Tackler,0,,0,,0,,0,,0,,0,0,0,0,1899-12-30T01:12:58Z,1,36,0,0,4,950,Samoa,750,Tonga,05/08/2023,15:00,13,9,34,9,13,9,70,Apia Park,-1,NA,1,2023,22,10,Fly Half,0,,0,,271,Angus Gardner,1000642,Damon Murphy,1000613,Matthew Kellahan,-1,,3,International,Y,W
1200,937717,36335,Solomone Kata,750,Tonga,4367.72,4370.64,4537,2,63,34,0,0,23,Ruck,0,,401,Won Outright,551,N/A Gainline,554,2-3 Seconds,661,Mid Left Open Movement Ruck,0,,0,,0,,0,,0,,0,0,1,22,1899-12-30T01:12:58Z,1,36,0,0,4,950,Samoa,750,Tonga,05/08/2023,15:00,13,9,34,9,13,9,70,Apia Park,-1,NA,1,2023,14,14,Right Wing,0,,0,,271,Angus Gardner,1000642,Damon Murphy,1000613,Matthew Kellahan,-1,,3,International,N,L
1201,937717,18807,Ben Tameifuna,750,Tonga,4369.16,4369.16,4539,2,63,34,0,0,43,Ruck OOA,575,Attended,583,Own Team 1st Entry,588,OOA Entry 1st Entry- Att,632,Attacking OOA,0,1,0,,0,,0,,0,,0,,0,0,0,0,1899-12-30T01:12:57Z,1,36,0,0,4,950,Samoa,750,Tonga,05/08/2023,15:00,13,9,34,9,13,9,70,Apia Park,-1,NA,1,2023,03,3,Tighthead Prop,0,,0,,271,Angus Gardner,1000642,Damon Murphy,1000613,Matthew Kellahan,-1,,3,International,N,L
1202,937717,9726,Afusipa Taumoepeau,750,Tonga,4369.52,4369.52,4539,2,63,34,0,0,43,Ruck OOA,575,Attended,584,Own Team 2nd Entry,589,OOA Entry 2nd Entry- Att,632,Attacking OOA,0,2,0,,0,,0,,0,,0,,0,0,0,0,1899-12-30T01:12:57Z,1,36,0,0,4,950,Samoa,750,Tonga,05/08/2023,15:00,13,9,34,9,13,9,70,Apia Park,-1,NA,1,2023,11,11,Left Wing,0,,0,,271,Angus Gardner,1000642,Damon Murphy,1000613,Matthew Kellahan,-1,,3,International,N,L
1203,937717,20156,Sonatane Takulua,750,Tonga,4370.64,4370.64,4540,2,62,34,0,0,18,Collection,631,General Catch,0,,0,,0,,0,,0,,0,,0,,0,,0,,0,0,0,0,1899-12-30T01:13:01Z,2,36,0,0,4,950,Samoa,750,Tonga,05/08/2023,15:00,13,9,34,9,13,9,70,Apia Park,-1,NA,1,2023,09,9,Scrum Half,0,,0,,271,Angus Gardner,1000642,Damon Murphy,1000613,Matthew Kellahan,-1,,3,International,N,L
1204,937717,20156,Sonatane Takulua,750,Tonga,4370.64,4370.64,4540,2,62,34,0,0,47,Playmaker Options,671,Halfback at Breakdown,675,Playmaker Option - Pass,0,,0,,0,,0,,0,,0,,0,,0,,0,0,0,0,1899-12-30T01:13:01Z,2,36,0,0,4,950,Samoa,750,Tonga,05/08/2023,15:00,13,9,34,9,13,9,70,Apia Park,-1,NA,1,2023,09,9,Scrum Half,0,,0,,271,Angus Gardner,1000642,Damon Murphy,1000613,Matthew Kellahan,-1,,3,International,N,L
1205,937717,20156,Sonatane Takulua,750,Tonga,4371.16,4371.68,4541,2,62,34,58,22,3,Pass,169,Complete,0,,686,Medium Pass,681,Left Pass,700,0th Receiver,0,,0,,0,,0,,0,,12,12,4,0,1899-12-30T01:13:02Z,2,36,0,0,4,950,Samoa,750,Tonga,05/08/2023,15:00,13,9,34,9,13,9,70,Apia Park,-1,NA,1,2023,09,9,Scrum Half,0,,0,,271,Angus Gardner,1000642,Damon Murphy,1000613,Matthew Kellahan,-1,,3,International,N,L
1206,937717,21155,Vaea Fifita,750,Tonga,4371.68,4371.68,4541,2,58,22,0,0,18,Collection,631,General Catch,0,,0,,0,,0,,0,,0,,0,,0,,0,,0,0,0,0,1899-12-30T01:13:02Z,2,36,0,0,4,950,Samoa,750,Tonga,05/08/2023,15:00,13,9,34,9,13,9,70,Apia Park,-1,NA,1,2023,08,8,Number 8,0,,0,,271,Angus Gardner,1000642,Damon Murphy,1000613,Matthew Kellahan,-1,,3,International,N,L
1207,937717,21155,Vaea Fifita,750,Tonga,4371.68,4371.68,4541,2,58,22,0,0,47,Playmaker Options,656,First Receiver,675,Playmaker Option - Pass,0,,0,,0,,0,,0,,0,,0,,0,,0,0,0,0,1899-12-30T01:13:02Z,2,36,0,0,4,950,Samoa,750,Tonga,05/08/2023,15:00,13,9,34,9,13,9,70,Apia Park,-1,NA,1,2023,08,8,Number 8,0,,0,,271,Angus Gardner,1000642,Damon Murphy,1000613,Matthew Kellahan,-1,,3,International,N,L
1208,937717,21155,Vaea Fifita,750,Tonga,4372.68,4372.88,4542,2,60,21,57,15,3,Pass,169,Complete,0,,686,Medium Pass,681,Left Pass,701,1st Receiver,0,,0,,0,,0,,0,,6,7,4,0,1899-12-30T01:13:03Z,2,36,0,0,4,950,Samoa,750,Tonga,05/08/2023,15:00,13,9,34,9,13,9,70,Apia Park,-1,NA,1,2023,08,8,Number 8,0,,0,,271,Angus Gardner,1000642,Damon Murphy,1000613,Matthew Kellahan,-1,,3,International,N,L
1209,937717,18936,Pita Ahki,750,Tonga,4372.88,4372.88,4542,2,57,15,0,0,18,Collection,631,General Catch,0,,0,,0,,0,,0,,0,,0,,0,,0,,0,0,0,0,1899-12-30T01:13:03Z,2,36,0,0,4,950,Samoa,750,Tonga,05/08/2023,15:00,13,9,34,9,13,9,70,Apia Park,-1,NA,1,2023,12,12,Inside Centre,0,,0,,271,Angus Gardner,1000642,Damon Murphy,1000613,Matthew Kellahan,-1,,3,International,N,L
1210,937717,18936,Pita Ahki,750,Tonga,4372.88,4372.88,4542,2,57,15,0,0,47,Playmaker Options,657,Second Receiver,673,Playmaker Option - Carry,0,,0,,0,,0,,0,,0,,0,,0,,0,0,0,0,1899-12-30T01:13:03Z,2,36,0,0,4,950,Samoa,750,Tonga,05/08/2023,15:00,13,9,34,9,13,9,70,Apia Park,-1,NA,1,2023,12,12,Inside Centre,0,,0,,271,Angus Gardner,1000642,Damon Murphy,1000613,Matthew Kellahan,-1,,3,International,N,L
1211,937717,18936,Pita Ahki,750,Tonga,4372.88,4376.72,4542,2,57,15,64,13,1,Carry,103,Other Carry,107,Tackled Dominant,109,Crossed Gain line,460,Dominant Contact,502,2 Tacklers Committed,702,2nd Receiver,0,,0,,0,,0,,1,7,3,2,1899-12-30T01:13:03Z,2,36,0,0,4,950,Samoa,750,Tonga,05/08/2023,15:00,13,9,34,9,13,9,70,Apia Park,-1,NA,1,2023,12,12,Inside Centre,0,,0,,271,Angus Gardner,1000642,Damon Murphy,1000613,Matthew Kellahan,-1,,3,International,N,L
1212,937717,22231,Ed Fidow,950,Samoa,4375.52,4375.52,4545,2,40,55,0,0,2,Tackle,144,Line,161,Missed,0,,475,Ineffective Tackle,708,1st Tackler,0,,0,,0,,0,,0,,0,0,0,0,1899-12-30T01:13:06Z,2,36,0,0,4,950,Samoa,750,Tonga,05/08/2023,15:00,13,9,34,9,13,9,70,Apia Park,-1,NA,1,2023,11,11,Left Wing,0,,0,,271,Angus Gardner,1000642,Damon Murphy,1000613,Matthew Kellahan,-1,,3,International,Y,W
1213,937717,22231,Ed Fidow,950,Samoa,4375.52,4375.52,4545,2,40,55,0,0,12,Missed Tackle,162,Bumped Off,166,Tackled,0,,0,,0,,0,,0,,0,,0,,0,,0,0,0,0,1899-12-30T01:13:06Z,2,36,0,0,4,950,Samoa,750,Tonga,05/08/2023,15:00,13,9,34,9,13,9,70,Apia Park,-1,NA,1,2023,11,11,Left Wing,0,,0,,271,Angus Gardner,1000642,Damon Murphy,1000613,Matthew Kellahan,-1,,3,International,Y,W
1214,937717,18936,Pita Ahki,750,Tonga,4375.80,4375.80,4545,2,60,13,0,0,10,Attacking Qualities,116,Defender Beaten,0,,0,,0,,0,,0,,0,,0,,0,,0,,0,0,0,0,1899-12-30T01:13:06Z,2,36,0,0,4,950,Samoa,750,Tonga,05/08/2023,15:00,13,9,34,9,13,9,70,Apia Park,-1,NA,1,2023,12,12,Inside Centre,0,,0,,271,Angus Gardner,1000642,Damon Murphy,1000613,Matthew Kellahan,-1,,3,International,N,L
1215,937717,10081,Charlie Faumuina,950,Samoa,4376.08,4376.08,4546,2,38,54,0,0,2,Tackle,144,Line,160,Passive,441,Assist,475,Ineffective Tackle,709,2nd Tackler,0,,0,,0,,0,,0,,0,0,0,0,1899-12-30T01:13:06Z,2,36,0,0,4,950,Samoa,750,Tonga,05/08/2023,15:00,13,9,34,9,13,9,70,Apia Park,-1,NA,1,2023,01,1,Loosehead Prop,0,,0,,271,Angus Gardner,1000642,Damon Murphy,1000613,Matthew Kellahan,-1,,3,International,Y,W
1216,937717,18936,Pita Ahki,750,Tonga,4376.72,4379.28,4546,2,64,13,0,0,23,Ruck,0,,401,Won Outright,548,Over Previous Gainline,554,2-3 Seconds,662,Mid Right Open Movement Ruck,0,,0,,0,,0,,0,,0,0,2,16,1899-12-30T01:13:07Z,2,36,0,0,4,950,Samoa,750,Tonga,05/08/2023,15:00,13,9,34,9,13,9,70,Apia Park,-1,NA,1,2023,12,12,Inside Centre,0,,0,,271,Angus Gardner,1000642,Damon Murphy,1000613,Matthew Kellahan,-1,,3,International,N,L
1217,937717,29249,Sione Havili Talitui,750,Tonga,4377.80,4377.80,4547,2,64,13,0,0,43,Ruck OOA,574,Secured,583,Own Team 1st Entry,588,OOA Entry 1st Entry- Att,632,Attacking OOA,0,1,0,,0,,0,,0,,0,,0,0,0,0,1899-12-30T01:13:06Z,2,36,0,0,4,950,Samoa,750,Tonga,05/08/2023,15:00,13,9,34,9,13,9,70,Apia Park,-1,NA,1,2023,07,7,Openside Flanker,0,,0,,271,Angus Gardner,1000642,Damon Murphy,1000613,Matthew Kellahan,-1,,3,International,N,L
1218,937717,21155,Vaea Fifita,750,Tonga,4378.16,4378.16,4548,2,64,13,0,0,43,Ruck OOA,575,Attended,584,Own Team 2nd Entry,589,OOA Entry 2nd Entry- Att,632,Attacking OOA,0,2,0,,0,,0,,0,,0,,0,0,0,0,1899-12-30T01:13:06Z,2,36,0,0,4,950,Samoa,750,Tonga,05/08/2023,15:00,13,9,34,9,13,9,70,Apia Park,-1,NA,1,2023,08,8,Number 8,0,,0,,271,Angus Gardner,1000642,Damon Murphy,1000613,Matthew Kellahan,-1,,3,International,N,L
1219,937717,20156,Sonatane Takulua,750,Tonga,4379.28,4379.28,4549,2,63,13,0,0,18,Collection,631,General Catch,0,,0,,0,,0,,0,,0,,0,,0,,0,,0,0,0,0,1899-12-30T01:13:10Z,3,36,0,0,4,950,Samoa,750,Tonga,05/08/2023,15:00,13,9,34,9,13,9,70,Apia Park,-1,NA,1,2023,09,9,Scrum Half,0,,0,,271,Angus Gardner,1000642,Damon Murphy,1000613,Matthew Kellahan,-1,,3,International,N,L
1220,937717,20156,Sonatane Takulua,750,Tonga,4379.28,4379.28,4549,2,63,13,0,0,47,Playmaker Options,671,Halfback at Breakdown,675,Playmaker Option - Pass,0,,0,,0,,0,,0,,0,,0,,0,,0,0,0,0,1899-12-30T01:13:10Z,3,36,0,0,4,950,Samoa,750,Tonga,05/08/2023,15:00,13,9,34,9,13,9,70,Apia Park,-1,NA,1,2023,09,9,Scrum Half,0,,0,,271,Angus Gardner,1000642,Damon Murphy,1000613,Matthew Kellahan,-1,,3,International,N,L
1221,937717,20156,Sonatane Takulua,750,Tonga,4379.80,4380.48,4549,2,63,13,58,24,3,Pass,169,Complete,0,,686,Medium Pass,682,Right Pass,700,0th Receiver,0,,0,,0,,0,,0,,12,13,5,0,1899-12-30T01:13:10Z,3,36,0,0,4,950,Samoa,750,Tonga,05/08/2023,15:00,13,9,34,9,13,9,70,Apia Park,-1,NA,1,2023,09,9,Scrum Half,0,,0,,271,Angus Gardner,1000642,Damon Murphy,1000613,Matthew Kellahan,-1,,3,International,N,L
1222,937717,18807,Ben Tameifuna,750,Tonga,4380.48,4380.48,4550,2,58,24,0,0,18,Collection,631,General Catch,0,,0,,0,,0,,0,,0,,0,,0,,0,,0,0,0,0,1899-12-30T01:13:11Z,3,36,0,0,4,950,Samoa,750,Tonga,05/08/2023,15:00,13,9,34,9,13,9,70,Apia Park,-1,NA,1,2023,03,3,Tighthead Prop,0,,0,,271,Angus Gardner,1000642,Damon Murphy,1000613,Matthew Kellahan,-1,,3,International,N,L
1223,937717,18807,Ben Tameifuna,750,Tonga,4380.48,4380.48,4550,2,58,24,0,0,47,Playmaker Options,656,First Receiver,675,Playmaker Option - Pass,0,,0,,0,,0,,0,,0,,0,,0,,0,0,0,0,1899-12-30T01:13:11Z,3,36,0,0,4,950,Samoa,750,Tonga,05/08/2023,15:00,13,9,34,9,13,9,70,Apia Park,-1,NA,1,2023,03,3,Tighthead Prop,0,,0,,271,Angus Gardner,1000642,Damon Murphy,1000613,Matthew Kellahan,-1,,3,International,N,L
1224,937717,18807,Ben Tameifuna,750,Tonga,4381.00,4381.12,4551,2,60,25,60,27,3,Pass,169,Complete,0,,679,Short Pass,682,Right Pass,701,1st Receiver,0,,0,,0,,0,,0,,3,3,0,0,1899-12-30T01:13:11Z,3,36,0,0,4,950,Samoa,750,Tonga,05/08/2023,15:00,13,9,34,9,13,9,70,Apia Park,-1,NA,1,2023,03,3,Tighthead Prop,0,,0,,271,Angus Gardner,1000642,Damon Murphy,1000613,Matthew Kellahan,-1,,3,International,N,L
1225,937717,28270,Tanginoa Halaifonua,750,Tonga,4381.12,4381.12,4551,2,60,27,0,0,18,Collection,631,General Catch,0,,0,,0,,0,,0,,0,,0,,0,,0,,0,0,0,0,1899-12-30T01:13:11Z,3,36,0,0,4,950,Samoa,750,Tonga,05/08/2023,15:00,13,9,34,9,13,9,70,Apia Park,-1,NA,1,2023,06,6,Blindside Flanker,0,,0,,271,Angus Gardner,1000642,Damon Murphy,1000613,Matthew Kellahan,-1,,3,International,N,L
1226,937717,28270,Tanginoa Halaifonua,750,Tonga,4381.12,4381.12,4551,2,60,27,0,0,47,Playmaker Options,657,Second Receiver,673,Playmaker Option - Carry,0,,0,,0,,0,,0,,0,,0,,0,,0,0,0,0,1899-12-30T01:13:11Z,3,36,0,0,4,950,Samoa,750,Tonga,05/08/2023,15:00,13,9,34,9,13,9,70,Apia Park,-1,NA,1,2023,06,6,Blindside Flanker,0,,0,,271,Angus Gardner,1000642,Damon Murphy,1000613,Matthew Kellahan,-1,,3,International,N,L
1227,937717,28270,Tanginoa Halaifonua,750,Tonga,4381.12,4382.36,4551,2,60,27,66,28,1,Carry,103,Other Carry,107,Tackled Dominant,109,Crossed Gain line,460,Dominant Contact,503,3 Tacklers Committed,702,2nd Receiver,0,,0,,0,,0,,2,6,5,5,1899-12-30T01:13:11Z,3,36,0,0,4,950,Samoa,750,Tonga,05/08/2023,15:00,13,9,34,9,13,9,70,Apia Park,-1,NA,1,2023,06,6,Blindside Flanker,0,,0,,271,Angus Gardner,1000642,Damon Murphy,1000613,Matthew Kellahan,-1,,3,International,N,L
1228,937717,10607,Jack Lam,950,Samoa,4381.88,4381.88,4551,2,39,40,0,0,2,Tackle,144,Line,160,Passive,0,,475,Ineffective Tackle,708,1st Tackler,0,,0,,0,,0,,0,,0,0,0,0,1899-12-30T01:13:12Z,3,36,0,0,4,950,Samoa,750,Tonga,05/08/2023,15:00,13,9,34,9,13,9,70,Apia Park,-1,NA,1,2023,07,7,Openside Flanker,0,,0,,271,Angus Gardner,1000642,Damon Murphy,1000613,Matthew Kellahan,-1,,3,International,Y,W
1229,937717,43727,Miracle Faiilagi,950,Samoa,4382.00,4382.00,4552,2,39,40,0,0,2,Tackle,144,Line,160,Passive,441,Assist,475,Ineffective Tackle,709,2nd Tackler,0,,0,,0,,0,,0,,0,0,0,0,1899-12-30T01:13:12Z,3,36,0,0,4,950,Samoa,750,Tonga,05/08/2023,15:00,13,9,34,9,13,9,70,Apia Park,-1,NA,1,2023,06,6,Blindside Flanker,0,,0,,271,Angus Gardner,1000642,Damon Murphy,1000613,Matthew Kellahan,-1,,3,International,Y,W
1230,937717,21998,Michael Alaalatoa,950,Samoa,4382.16,4382.16,4552,2,39,40,0,0,2,Tackle,144,Line,160,Passive,441,Assist,475,Ineffective Tackle,710,3rd Tackler,0,,0,,0,,0,,0,,0,0,0,0,1899-12-30T01:13:13Z,3,36,0,0,4,950,Samoa,750,Tonga,05/08/2023,15:00,13,9,34,9,13,9,70,Apia Park,-1,NA,1,2023,03,3,Tighthead Prop,0,,0,,271,Angus Gardner,1000642,Damon Murphy,1000613,Matthew Kellahan,-1,,3,International,Y,W
1231,937717,28270,Tanginoa Halaifonua,750,Tonga,4382.36,4384.56,4552,2,66,28,0,0,23,Ruck,0,,401,Won Outright,548,Over Previous Gainline,554,2-3 Seconds,662,Mid Right Open Movement Ruck,0,,0,,0,,0,,0,,0,0,10,10,1899-12-30T01:13:13Z,3,36,0,0,4,950,Samoa,750,Tonga,05/08/2023,15:00,13,9,34,9,13,9,70,Apia Park,-1,NA,1,2023,06,6,Blindside Flanker,0,,0,,271,Angus Gardner,1000642,Damon Murphy,1000613,Matthew Kellahan,-1,,3,International,N,L
1232,937717,23399,Jonathan Taumateine,950,Samoa,4383.28,4383.28,4553,2,34,40,0,0,43,Ruck OOA,577,Not Clearing,583,Own Team 1st Entry,603,OOA Entry 1st Entry- Def,633,Defensive OOA,0,1,0,,0,,0,,0,,0,,0,0,0,0,1899-12-30T01:13:12Z,3,36,0,0,4,950,Samoa,750,Tonga,05/08/2023,15:00,13,9,34,9,13,9,70,Apia Park,-1,NA,1,2023,09,9,Scrum Half,0,,0,,271,Angus Gardner,1000642,Damon Murphy,1000613,Matthew Kellahan,-1,,3,International,Y,W
1233,937717,18807,Ben Tameifuna,750,Tonga,4383.92,4383.92,4553,2,66,28,0,0,43,Ruck OOA,575,Attended,583,Own Team 1st Entry,588,OOA Entry 1st Entry- Att,632,Attacking OOA,0,1,0,,0,,0,,0,,0,,0,0,0,0,1899-12-30T01:13:13Z,3,36,0,0,4,950,Samoa,750,Tonga,05/08/2023,15:00,13,9,34,9,13,9,70,Apia Park,-1,NA,1,2023,03,3,Tighthead Prop,0,,0,,271,Angus Gardner,1000642,Damon Murphy,1000613,Matthew Kellahan,-1,,3,International,N,L
1234,937717,22136,Siegfried Fisi'ihoi,750,Tonga,4384.16,4384.16,4554,2,66,28,0,0,43,Ruck OOA,575,Attended,584,Own Team 2nd Entry,589,OOA Entry 2nd Entry- Att,632,Attacking OOA,0,2,0,,0,,0,,0,,0,,0,0,0,0,1899-12-30T01:13:13Z,3,36,0,0,4,950,Samoa,750,Tonga,05/08/2023,15:00,13,9,34,9,13,9,70,Apia Park,-1,NA,1,2023,01,1,Loosehead Prop,0,,0,,271,Angus Gardner,1000642,Damon Murphy,1000613,Matthew Kellahan,-1,,3,International,N,L
1235,937717,20156,Sonatane Takulua,750,Tonga,4384.56,4384.56,4554,2,65,28,0,0,18,Collection,631,General Catch,0,,0,,0,,0,,0,,0,,0,,0,,0,,0,0,0,0,1899-12-30T01:13:15Z,4,36,0,0,4,950,Samoa,750,Tonga,05/08/2023,15:00,13,9,34,9,13,9,70,Apia Park,-1,NA,1,2023,09,9,Scrum Half,0,,0,,271,Angus Gardner,1000642,Damon Murphy,1000613,Matthew Kellahan,-1,,3,International,N,L
1236,937717,20156,Sonatane Takulua,750,Tonga,4384.56,4384.56,4554,2,65,28,0,0,47,Playmaker Options,671,Halfback at Breakdown,675,Playmaker Option - Pass,0,,0,,0,,0,,0,,0,,0,,0,,0,0,0,0,1899-12-30T01:13:15Z,4,36,0,0,4,950,Samoa,750,Tonga,05/08/2023,15:00,13,9,34,9,13,9,70,Apia Park,-1,NA,1,2023,09,9,Scrum Half,0,,0,,271,Angus Gardner,1000642,Damon Murphy,1000613,Matthew Kellahan,-1,,3,International,N,L
1237,937717,20156,Sonatane Takulua,750,Tonga,4384.92,4385.44,4554,2,65,28,61,36,3,Pass,169,Complete,0,,686,Medium Pass,682,Right Pass,700,0th Receiver,0,,0,,0,,0,,0,,8,9,4,0,1899-12-30T01:13:15Z,4,36,0,0,4,950,Samoa,750,Tonga,05/08/2023,15:00,13,9,34,9,13,9,70,Apia Park,-1,NA,1,2023,09,9,Scrum Half,0,,0,,271,Angus Gardner,1000642,Damon Murphy,1000613,Matthew Kellahan,-1,,3,International,N,L
1238,937717,28913,Otumaka Mausia,750,Tonga,4385.44,4385.44,4555,2,61,36,0,0,18,Collection,631,General Catch,0,,0,,0,,0,,0,,0,,0,,0,,0,,0,0,0,0,1899-12-30T01:13:16Z,4,36,0,0,4,950,Samoa,750,Tonga,05/08/2023,15:00,13,9,34,9,13,9,70,Apia Park,-1,NA,1,2023,22,10,Fly Half,0,,0,,271,Angus Gardner,1000642,Damon Murphy,1000613,Matthew Kellahan,-1,,3,International,N,L
1239,937717,28913,Otumaka Mausia,750,Tonga,4385.44,4385.44,4555,2,61,36,0,0,47,Playmaker Options,656,First Receiver,675,Playmaker Option - Pass,0,,0,,0,,0,,0,,0,,0,,0,,0,0,0,0,1899-12-30T01:13:16Z,4,36,0,0,4,950,Samoa,750,Tonga,05/08/2023,15:00,13,9,34,9,13,9,70,Apia Park,-1,NA,1,2023,22,10,Fly Half,0,,0,,271,Angus Gardner,1000642,Damon Murphy,1000613,Matthew Kellahan,-1,,3,International,N,L
1240,937717,28913,Otumaka Mausia,750,Tonga,4386.04,4386.44,4556,2,64,37,62,34,3,Pass,169,Complete,0,,679,Short Pass,681,Left Pass,701,1st Receiver,0,,0,,0,,0,,0,,3,4,2,0,1899-12-30T01:13:16Z,4,36,0,0,4,950,Samoa,750,Tonga,05/08/2023,15:00,13,9,34,9,13,9,70,Apia Park,-1,NA,1,2023,22,10,Fly Half,0,,0,,271,Angus Gardner,1000642,Damon Murphy,1000613,Matthew Kellahan,-1,,3,International,N,L
1241,937717,20059,Malakai Fekitoa,750,Tonga,4386.44,4386.44,4556,2,62,34,0,0,18,Collection,631,General Catch,0,,0,,0,,0,,0,,0,,0,,0,,0,,0,0,0,0,1899-12-30T01:13:17Z,4,36,0,0,4,950,Samoa,750,Tonga,05/08/2023,15:00,13,9,34,9,13,9,70,Apia Park,-1,NA,1,2023,23,11,Left Wing,0,,0,,271,Angus Gardner,1000642,Damon Murphy,1000613,Matthew Kellahan,-1,,3,International,N,L
1242,937717,20059,Malakai Fekitoa,750,Tonga,4386.44,4386.44,4556,2,62,34,0,0,47,Playmaker Options,657,Second Receiver,673,Playmaker Option - Carry,0,,0,,0,,0,,0,,0,,0,,0,,0,0,0,0,1899-12-30T01:13:17Z,4,36,0,0,4,950,Samoa,750,Tonga,05/08/2023,15:00,13,9,34,9,13,9,70,Apia Park,-1,NA,1,2023,23,11,Left Wing,0,,0,,271,Angus Gardner,1000642,Damon Murphy,1000613,Matthew Kellahan,-1,,3,International,N,L
1243,937717,20059,Malakai Fekitoa,750,Tonga,4386.44,4388.96,4556,2,62,34,75,38,1,Carry,103,Other Carry,107,Tackled Dominant,109,Crossed Gain line,460,Dominant Contact,502,2 Tacklers Committed,702,2nd Receiver,0,,0,,0,,0,,10,13,11,9,1899-12-30T01:13:17Z,4,36,0,0,4,950,Samoa,750,Tonga,05/08/2023,15:00,13,9,34,9,13,9,70,Apia Park,-1,NA,1,2023,23,11,Left Wing,0,,0,,271,Angus Gardner,1000642,Damon Murphy,1000613,Matthew Kellahan,-1,,3,International,N,L
1244,937717,23399,Jonathan Taumateine,950,Samoa,4386.80,4386.80,4556,2,36,35,0,0,2,Tackle,144,Line,161,Missed,0,,475,Ineffective Tackle,708,1st Tackler,0,,0,,0,,0,,0,,0,0,0,0,1899-12-30T01:13:17Z,4,36,0,0,4,950,Samoa,750,Tonga,05/08/2023,15:00,13,9,34,9,13,9,70,Apia Park,-1,NA,1,2023,09,9,Scrum Half,0,,0,,271,Angus Gardner,1000642,Damon Murphy,1000613,Matthew Kellahan,-1,,3,International,Y,W
1245,937717,23399,Jonathan Taumateine,950,Samoa,4386.80,4386.80,4556,2,36,35,0,0,12,Missed Tackle,162,Bumped Off,166,Tackled,0,,0,,0,,0,,0,,0,,0,,0,,0,0,0,0,1899-12-30T01:13:17Z,4,36,0,0,4,950,Samoa,750,Tonga,05/08/2023,15:00,13,9,34,9,13,9,70,Apia Park,-1,NA,1,2023,09,9,Scrum Half,0,,0,,271,Angus Gardner,1000642,Damon Murphy,1000613,Matthew Kellahan,-1,,3,International,Y,W
1246,937717,20059,Malakai Fekitoa,750,Tonga,4386.92,4386.92,4556,2,64,33,0,0,10,Attacking Qualities,116,Defender Beaten,0,,0,,0,,0,,0,,0,,0,,0,,0,,0,0,0,0,1899-12-30T01:13:17Z,4,36,0,0,4,950,Samoa,750,Tonga,05/08/2023,15:00,13,9,34,9,13,9,70,Apia Park,-1,NA,1,2023,23,11,Left Wing,0,,0,,271,Angus Gardner,1000642,Damon Murphy,1000613,Matthew Kellahan,-1,,3,International,N,L
1247,937717,21998,Michael Alaalatoa,950,Samoa,4387.44,4387.44,4557,2,34,31,0,0,2,Tackle,144,Line,160,Passive,441,Assist,475,Ineffective Tackle,709,2nd Tackler,0,,0,,0,,0,,0,,0,0,0,0,1899-12-30T01:13:18Z,4,36,0,0,4,950,Samoa,750,Tonga,05/08/2023,15:00,13,9,34,9,13,9,70,Apia Park,-1,NA,1,2023,03,3,Tighthead Prop,0,,0,,271,Angus Gardner,1000642,Damon Murphy,1000613,Matthew Kellahan,-1,,3,International,Y,W
1248,937717,18506,Steven Luatua,950,Samoa,4388.44,4388.44,4558,2,34,31,0,0,40,Defensive Action,560,Tackle Arrival,0,,0,,0,,0,,0,,0,,0,,0,,0,,0,0,0,0,1899-12-30T01:13:19Z,4,36,0,0,4,950,Samoa,750,Tonga,05/08/2023,15:00,13,9,34,9,13,9,70,Apia Park,-1,NA,1,2023,08,8,Number 8,0,,0,,271,Angus Gardner,1000642,Damon Murphy,1000613,Matthew Kellahan,-1,,3,International,Y,W
1249,937717,20059,Malakai Fekitoa,750,Tonga,4388.96,4391.04,4559,2,75,38,0,0,23,Ruck,0,,401,Won Outright,548,Over Previous Gainline,554,2-3 Seconds,662,Mid Right Open Movement Ruck,0,,0,,0,,0,,0,,0,0,-8,25,1899-12-30T01:13:19Z,4,36,0,0,4,950,Samoa,750,Tonga,05/08/2023,15:00,13,9,34,9,13,9,70,Apia Park,-1,NA,1,2023,23,11,Left Wing,0,,0,,271,Angus Gardner,1000642,Damon Murphy,1000613,Matthew Kellahan,-1,,3,International,N,L
1250,937717,26114,Leva Fifita,750,Tonga,4390.52,4390.52,4600,2,75,38,0,0,43,Ruck OOA,574,Secured,583,Own Team 1st Entry,588,OOA Entry 1st Entry- Att,632,Attacking OOA,0,1,0,,0,,0,,0,,0,,0,0,0,0,1899-12-30T01:13:18Z,4,36,0,0,4,950,Samoa,750,Tonga,05/08/2023,15:00,13,9,34,9,13,9,70,Apia Park,-1,NA,1,2023,04,4,Lock (4),0,,0,,271,Angus Gardner,1000642,Damon Murphy,1000613,Matthew Kellahan,-1,,3,International,N,L
1251,937717,11292,Steve Mafi,750,Tonga,4390.88,4390.88,4600,2,75,38,0,0,43,Ruck OOA,574,Secured,584,Own Team 2nd Entry,589,OOA Entry 2nd Entry- Att,632,Attacking OOA,0,2,0,,0,,0,,0,,0,,0,0,0,0,1899-12-30T01:13:18Z,4,36,0,0,4,950,Samoa,750,Tonga,05/08/2023,15:00,13,9,34,9,13,9,70,Apia Park,-1,NA,1,2023,05,5,Lock (5),0,,0,,271,Angus Gardner,1000642,Damon Murphy,1000613,Matthew Kellahan,-1,,3,International,N,L
1252,937717,20156,Sonatane Takulua,750,Tonga,4391.04,4391.04,4601,2,75,38,0,0,18,Collection,631,General Catch,0,,0,,0,,0,,0,,0,,0,,0,,0,,0,0,0,0,1899-12-30T01:13:21Z,5,36,0,0,4,950,Samoa,750,Tonga,05/08/2023,15:00,13,9,34,9,13,9,70,Apia Park,-1,NA,1,2023,09,9,Scrum Half,0,,0,,271,Angus Gardner,1000642,Damon Murphy,1000613,Matthew Kellahan,-1,,3,International,N,L
1253,937717,20156,Sonatane Takulua,750,Tonga,4391.04,4391.04,4601,2,75,38,0,0,47,Playmaker Options,671,Halfback at Breakdown,675,Playmaker Option - Pass,0,,0,,0,,0,,0,,0,,0,,0,,0,0,0,0,1899-12-30T01:13:21Z,5,36,0,0,4,950,Samoa,750,Tonga,05/08/2023,15:00,13,9,34,9,13,9,70,Apia Park,-1,NA,1,2023,09,9,Scrum Half,0,,0,,271,Angus Gardner,1000642,Damon Murphy,1000613,Matthew Kellahan,-1,,3,International,N,L
1254,937717,20156,Sonatane Takulua,750,Tonga,4391.36,4392.04,4601,2,75,38,68,46,3,Pass,169,Complete,0,,686,Medium Pass,682,Right Pass,700,0th Receiver,0,,0,,0,,0,,0,,7,10,7,0,1899-12-30T01:13:22Z,5,36,0,0,4,950,Samoa,750,Tonga,05/08/2023,15:00,13,9,34,9,13,9,70,Apia Park,-1,NA,1,2023,09,9,Scrum Half,0,,0,,271,Angus Gardner,1000642,Damon Murphy,1000613,Matthew Kellahan,-1,,3,International,N,L
1255,937717,28913,Otumaka Mausia,750,Tonga,4392.04,4392.04,4602,2,68,46,0,0,18,Collection,631,General Catch,0,,0,,0,,0,,0,,0,,0,,0,,0,,0,0,0,0,1899-12-30T01:13:22Z,5,36,0,0,4,950,Samoa,750,Tonga,05/08/2023,15:00,13,9,34,9,13,9,70,Apia Park,-1,NA,1,2023,22,10,Fly Half,0,,0,,271,Angus Gardner,1000642,Damon Murphy,1000613,Matthew Kellahan,-1,,3,International,N,L
1256,937717,28913,Otumaka Mausia,750,Tonga,4392.04,4392.04,4602,2,68,46,0,0,47,Playmaker Options,656,First Receiver,673,Playmaker Option - Carry,0,,0,,0,,0,,0,,0,,0,,0,,0,0,0,0,1899-12-30T01:13:22Z,5,36,0,0,4,950,Samoa,750,Tonga,05/08/2023,15:00,13,9,34,9,13,9,70,Apia Park,-1,NA,1,2023,22,10,Fly Half,0,,0,,271,Angus Gardner,1000642,Damon Murphy,1000613,Matthew Kellahan,-1,,3,International,N,L
1257,937717,28913,Otumaka Mausia,750,Tonga,4392.04,4393.00,4602,2,68,46,76,51,1,Carry,103,Other Carry,121,Pass,110,Neutral Gain line,0,,500,0 Tacklers Committed,701,1st Receiver,0,,0,,0,,0,,0,8,0,0,1899-12-30T01:13:22Z,5,36,0,0,4,950,Samoa,750,Tonga,05/08/2023,15:00,13,9,34,9,13,9,70,Apia Park,-1,NA,1,2023,22,10,Fly Half,0,,0,,271,Angus Gardner,1000642,Damon Murphy,1000613,Matthew Kellahan,-1,,3,International,N,L
1258,937717,28913,Otumaka Mausia,750,Tonga,4393.00,4394.36,4603,2,76,51,67,62,3,Pass,174,Incomplete,0,,686,Medium Pass,682,Right Pass,701,1st Receiver,0,,0,,0,,0,,0,,12,15,9,0,1899-12-30T01:13:23Z,5,36,0,0,4,950,Samoa,750,Tonga,05/08/2023,15:00,13,9,34,9,13,9,70,Apia Park,-1,NA,1,2023,22,10,Fly Half,0,,0,,271,Angus Gardner,1000642,Damon Murphy,1000613,Matthew Kellahan,-1,,3,International,N,L
1259,937717,35331,Siua Maile,750,Tonga,4394.36,4394.36,4604,2,67,62,0,0,8,Turnover,254,Dropped Ball Unforced,677,Error on Attack,0,,0,,0,,0,,0,,0,,0,,0,,0,0,0,0,1899-12-30T01:13:25Z,5,36,0,0,4,950,Samoa,750,Tonga,05/08/2023,15:00,13,9,34,9,13,9,70,Apia Park,-1,NA,1,2023,02,2,Hooker,0,,0,,271,Angus Gardner,1000642,Damon Murphy,1000613,Matthew Kellahan,-1,,3,International,N,L
1260,937717,0,,750,Tonga,4360.16,4396.40,4606,2,40,63,72,55,15,Possession,311,Kick Return,318,Turnover,0,,684,Fails to enter into Opposition 22,0,,0,,0,,0,,0,,0,,33,0,0,0,1899-12-30T01:12:51Z,5,36,0,0,4,950,Samoa,750,Tonga,05/08/2023,15:00,13,9,34,9,13,9,70,Apia Park,-1,NA,1,2023,,,,0,,0,,271,Angus Gardner,1000642,Damon Murphy,1000613,Matthew Kellahan,-1,,3,International,N,L
1261,937717,20766,Chris Vui,950,Samoa,4396.40,4396.40,4606,2,28,13,0,0,18,Collection,274,Defensive Loose Ball,277,Success,0,,0,,0,,0,,0,,0,,0,,0,,0,0,0,0,1899-12-30T01:13:27Z,1,37,0,0,4,950,Samoa,750,Tonga,05/08/2023,15:00,13,9,34,9,13,9,70,Apia Park,-1,NA,1,2023,05,5,Lock (5),0,,0,,271,Angus Gardner,1000642,Damon Murphy,1000613,Matthew Kellahan,-1,,3,International,Y,W
1262,937717,20766,Chris Vui,950,Samoa,4396.40,4396.40,4606,2,28,13,0,0,44,Counter Attack,623,Outcome - Penalty Won,0,,0,,0,,0,,0,,0,,0,,0,,0,,0,0,0,0,1899-12-30T01:13:27Z,1,37,0,0,4,950,Samoa,750,Tonga,05/08/2023,15:00,13,9,34,9,13,9,70,Apia Park,-1,NA,1,2023,05,5,Lock (5),0,,0,,271,Angus Gardner,1000642,Damon Murphy,1000613,Matthew Kellahan,-1,,3,International,Y,W
1263,937717,20766,Chris Vui,950,Samoa,4396.40,4398.12,4606,2,28,13,41,16,1,Carry,103,Other Carry,122,Off Load,109,Crossed Gain line,460,Dominant Contact,501,1 Tacklers Committed,700,0th Receiver,0,,0,,0,,0,,13,13,5,5,1899-12-30T01:13:27Z,1,37,0,0,4,950,Samoa,750,Tonga,05/08/2023,15:00,13,9,34,9,13,9,70,Apia Park,-1,NA,1,2023,05,5,Lock (5),0,,0,,271,Angus Gardner,1000642,Damon Murphy,1000613,Matthew Kellahan,-1,,3,International,Y,W
1264,937717,35331,Siua Maile,750,Tonga,4398.08,4398.08,4608,2,64,54,0,0,2,Tackle,144,Line,155,Offload Allowed,0,,475,Ineffective Tackle,708,1st Tackler,0,,0,,0,,0,,0,,0,0,0,0,1899-12-30T01:13:29Z,1,37,0,0,4,950,Samoa,750,Tonga,05/08/2023,15:00,13,9,34,9,13,9,70,Apia Park,-1,NA,1,2023,02,2,Hooker,0,,0,,271,Angus Gardner,1000642,Damon Murphy,1000613,Matthew Kellahan,-1,,3,International,N,L
1265,937717,20766,Chris Vui,950,Samoa,4398.12,4401.56,4608,2,41,16,39,14,3,Pass,151,Offload,129,To Ground,679,Short Pass,681,Left Pass,700,0th Receiver,0,,0,,0,,0,,0,,2,3,2,0,1899-12-30T01:13:28Z,1,37,0,0,4,950,Samoa,750,Tonga,05/08/2023,15:00,13,9,34,9,13,9,70,Apia Park,-1,NA,1,2023,05,5,Lock (5),0,,0,,271,Angus Gardner,1000642,Damon Murphy,1000613,Matthew Kellahan,-1,,3,International,Y,W
1266,937717,28913,Otumaka Mausia,750,Tonga,4398.68,4398.68,4608,2,61,54,0,0,7,Penalty Conceded,231,Obstruction,236,No Action,215,Defence,233,Full Penalty,0,,0,,0,,0,,0,,0,,0,0,0,0,1899-12-30T01:13:29Z,1,37,0,0,4,950,Samoa,750,Tonga,05/08/2023,15:00,13,9,34,9,13,9,70,Apia Park,-1,NA,1,2023,22,10,Fly Half,0,,0,,271,Angus Gardner,1000642,Damon Murphy,1000613,Matthew Kellahan,-1,,3,International,N,L
1267,937717,0,,750,Tonga,4340.52,4401.56,4611,2,89,68,61,54,26,Sequences,348,Lineout Steal,316,Pen Won,0,,0,,0,,0,,0,,0,,0,,0,,-27,0,0,0,1899-12-30T01:12:33Z,1,37,0,0,4,950,Samoa,750,Tonga,05/08/2023,15:00,13,9,34,9,13,9,70,Apia Park,-1,NA,1,2023,,,,0,,0,,271,Angus Gardner,1000642,Damon Murphy,1000613,Matthew Kellahan,-1,,3,International,N,L
1268,937717,0,,950,Samoa,4396.40,4401.56,4611,2,28,13,39,14,15,Possession,308,Turnover Won,316,Pen Won,0,,684,Fails to enter into Opposition 22,0,,0,,0,,0,,0,,0,,11,0,0,0,1899-12-30T01:13:27Z,1,37,0,0,4,950,Samoa,750,Tonga,05/08/2023,15:00,13,9,34,9,13,9,70,Apia Park,-1,NA,1,2023,,,,0,,0,,271,Angus Gardner,1000642,Damon Murphy,1000613,Matthew Kellahan,-1,,3,International,Y,W
1269,937717,0,,950,Samoa,4420.92,4617.32,4630,2,61,54,0,0,17,Period,0,Period,0,,0,,0,,0,,0,,0,,0,,0,,0,,0,0,0,0,1899-12-30T01:17:03Z,1,37,0,0,4,950,Samoa,750,Tonga,05/08/2023,15:00,13,9,34,9,13,9,70,Apia Park,-1,NA,1,2023,,,,0,,0,,271,Angus Gardner,1000642,Damon Murphy,1000613,Matthew Kellahan,-1,,3,International,Y,W
1270,937717,25212,D'Angelo Leuila,950,Samoa,4434.88,4437.36,4630,2,43,14,80,0,4,Kick,347,Touch Kick,193,Kick in Touch (Full),148,Penalty Kick,0,,0,,0,,0,,0,,0,,0,,38,40,0,0,1899-12-30T01:14:05Z,1,37,0,0,4,950,Samoa,750,Tonga,05/08/2023,15:00,13,9,34,9,13,9,70,Apia Park,-1,NA,1,2023,10,10,Fly Half,0,,0,,271,Angus Gardner,1000642,Damon Murphy,1000613,Matthew Kellahan,-1,,3,International,Y,W
1271,937717,0,,950,Samoa,4434.88,4437.36,4630,2,43,14,80,0,26,Sequences,780,Penalty Kick Touch,415,Own Lineout,0,,0,,0,,0,,0,,0,,0,,0,,38,0,0,0,1899-12-30T01:14:05Z,1,37,0,0,4,950,Samoa,750,Tonga,05/08/2023,15:00,13,9,34,9,13,9,70,Apia Park,-1,NA,1,2023,,,,0,,0,,271,Angus Gardner,1000642,Damon Murphy,1000613,Matthew Kellahan,-1,,3,International,Y,W
1272,937717,27662,Sama Malolo,950,Samoa,4463.36,4465.60,4630,2,83,0,83,6,6,Lineout Throw,371,Throw Front,376,Won Clean Catch,208,Catch and Pass,0,6,662,Mid Right Open Movement Lineout,731,6 Players,724,Halfback in Position,0,,0,,0,,6,0,-5,15,1899-12-30T01:14:35Z,1,38,0,0,4,950,Samoa,750,Tonga,05/08/2023,15:00,13,9,34,9,13,9,70,Apia Park,-1,NA,1,2023,02,2,Hooker,0,,0,,271,Angus Gardner,1000642,Damon Murphy,1000613,Matthew Kellahan,-1,,3,International,Y,W
1273,937717,0,,950,Samoa,4463.36,4499.20,4630,2,83,0,89,55,15,Possession,306,Lineout,316,Pen Won,0,,685,Starts inside Opposition 22,0,,0,,0,,0,,0,,0,,6,0,0,0,1899-12-30T01:14:35Z,5,38,0,0,4,950,Samoa,750,Tonga,05/08/2023,15:00,13,9,34,9,13,9,70,Apia Park,-1,NA,1,2023,,,,0,,0,,271,Angus Gardner,1000642,Damon Murphy,1000613,Matthew Kellahan,-1,,3,International,Y,W
1274,937717,0,,950,Samoa,4463.36,4499.20,4630,2,83,0,89,55,26,Sequences,306,Lineout,316,Pen Won,0,,0,,0,,0,,0,,0,,0,,0,,6,0,0,0,1899-12-30T01:14:35Z,5,38,0,0,4,950,Samoa,750,Tonga,05/08/2023,15:00,13,9,34,9,13,9,70,Apia Park,-1,NA,1,2023,,,,0,,0,,271,Angus Gardner,1000642,Damon Murphy,1000613,Matthew Kellahan,-1,,3,International,Y,W
1275,937717,0,,950,Samoa,4463.36,4593.92,4630,2,83,0,100,62,46,Attacking 22 Entry,645,22 Entry Outcome - Try,650,22 Entry Points - Try and Conversion,0,,0,,0,,0,,0,,0,,0,,0,,0,0,0,0,1899-12-30T01:14:35Z,1,38,0,0,4,950,Samoa,750,Tonga,05/08/2023,15:00,13,9,34,9,13,9,70,Apia Park,-1,NA,1,2023,,,,0,,0,,271,Angus Gardner,1000642,Damon Murphy,1000613,Matthew Kellahan,-1,,3,International,Y,W
1276,937717,43727,Miracle Faiilagi,950,Samoa,4465.60,4465.60,4630,2,83,6,0,0,27,Lineout Take,386,Lineout Win Front,376,Won Clean,208,Catch and Pass,396,Clean Catch,0,,0,,0,,0,,0,,0,,0,0,0,0,1899-12-30T01:14:36Z,1,38,0,0,4,950,Samoa,750,Tonga,05/08/2023,15:00,13,9,34,9,13,9,70,Apia Park,-1,NA,1,2023,06,6,Blindside Flanker,0,,0,,271,Angus Gardner,1000642,Damon Murphy,1000613,Matthew Kellahan,-1,,3,International,Y,W
1277,937717,43727,Miracle Faiilagi,950,Samoa,4466.80,4467.24,4630,2,83,6,79,7,3,Pass,169,Complete,0,,679,Short Pass,682,Right Pass,700,0th Receiver,0,,0,,0,,0,,0,,1,4,4,0,1899-12-30T01:14:37Z,1,38,0,0,4,950,Samoa,750,Tonga,05/08/2023,15:00,13,9,34,9,13,9,70,Apia Park,-1,NA,1,2023,06,6,Blindside Flanker,0,,0,,271,Angus Gardner,1000642,Damon Murphy,1000613,Matthew Kellahan,-1,,3,International,Y,W
1278,937717,18506,Steven Luatua,950,Samoa,4467.24,4467.24,4630,2,79,7,0,0,18,Collection,631,General Catch,0,,0,,0,,0,,0,,0,,0,,0,,0,,0,0,0,0,1899-12-30T01:14:38Z,1,38,0,0,4,950,Samoa,750,Tonga,05/08/2023,15:00,13,9,34,9,13,9,70,Apia Park,-1,NA,1,2023,08,8,Number 8,0,,0,,271,Angus Gardner,1000642,Damon Murphy,1000613,Matthew Kellahan,-1,,3,International,Y,W
1279,937717,18506,Steven Luatua,950,Samoa,4467.72,4468.52,4630,2,79,7,73,17,3,Pass,169,Complete,0,,686,Medium Pass,682,Right Pass,701,1st Receiver,0,,0,,0,,0,,0,,10,12,6,0,1899-12-30T01:14:38Z,1,38,0,0,4,950,Samoa,750,Tonga,05/08/2023,15:00,13,9,34,9,13,9,70,Apia Park,-1,NA,1,2023,08,8,Number 8,0,,0,,271,Angus Gardner,1000642,Damon Murphy,1000613,Matthew Kellahan,-1,,3,International,Y,W
1280,937717,23399,Jonathan Taumateine,950,Samoa,4468.52,4468.52,4630,2,73,17,0,0,18,Collection,631,General Catch,0,,0,,0,,0,,0,,0,,0,,0,,0,,0,0,0,0,1899-12-30T01:14:39Z,1,38,0,0,4,950,Samoa,750,Tonga,05/08/2023,15:00,13,9,34,9,13,9,70,Apia Park,-1,NA,1,2023,09,9,Scrum Half,0,,0,,271,Angus Gardner,1000642,Damon Murphy,1000613,Matthew Kellahan,-1,,3,International,Y,W
1281,937717,23399,Jonathan Taumateine,950,Samoa,4468.52,4470.04,4630,2,73,17,78,21,1,Carry,101,One Out Drive,107,Tackled Dominant,111,Failed Gain line,460,Dominant Contact,501,1 Tacklers Committed,702,2nd Receiver,0,,0,,0,,0,,0,5,2,2,1899-12-30T01:14:39Z,1,38,0,0,4,950,Samoa,750,Tonga,05/08/2023,15:00,13,9,34,9,13,9,70,Apia Park,-1,NA,1,2023,09,9,Scrum Half,0,,0,,271,Angus Gardner,1000642,Damon Murphy,1000613,Matthew Kellahan,-1,,3,International,Y,W
1282,937717,29249,Sione Havili Talitui,750,Tonga,4469.84,4469.84,4630,2,24,51,0,0,40,Defensive Action,560,Tackle Arrival,0,,0,,0,,0,,0,,0,,0,,0,,0,,0,0,0,0,1899-12-30T01:14:39Z,1,38,0,0,4,950,Samoa,750,Tonga,05/08/2023,15:00,13,9,34,9,13,9,70,Apia Park,-1,NA,1,2023,07,7,Openside Flanker,0,,0,,271,Angus Gardner,1000642,Damon Murphy,1000613,Matthew Kellahan,-1,,3,International,N,L
1283,937717,21155,Vaea Fifita,750,Tonga,4469.88,4469.88,4630,2,24,51,0,0,2,Tackle,147,Other,160,Passive,0,,475,Ineffective Tackle,708,1st Tackler,0,,0,,0,,0,,0,,0,0,0,0,1899-12-30T01:14:40Z,1,38,0,0,4,950,Samoa,750,Tonga,05/08/2023,15:00,13,9,34,9,13,9,70,Apia Park,-1,NA,1,2023,08,8,Number 8,0,,0,,271,Angus Gardner,1000642,Damon Murphy,1000613,Matthew Kellahan,-1,,3,International,N,L
1284,937717,23399,Jonathan Taumateine,950,Samoa,4470.04,4472.48,4630,2,78,21,0,0,23,Ruck,0,,401,Won Outright,549,Behind Previous Gainline,554,2-3 Seconds,664,Close Right Open Movement Ruck,0,,0,,0,,0,,0,,0,0,3,10,1899-12-30T01:14:40Z,1,38,0,0,4,950,Samoa,750,Tonga,05/08/2023,15:00,13,9,34,9,13,9,70,Apia Park,-1,NA,1,2023,09,9,Scrum Half,0,,0,,271,Angus Gardner,1000642,Damon Murphy,1000613,Matthew Kellahan,-1,,3,International,Y,W
1285,937717,29249,Sione Havili Talitui,750,Tonga,4470.96,4470.96,4630,2,22,47,0,0,43,Ruck OOA,578,Got Cleaned Out,583,Own Team 1st Entry,603,OOA Entry 1st Entry- Def,633,Defensive OOA,0,1,0,,0,,0,,0,,0,,0,0,0,0,1899-12-30T01:14:38Z,1,38,0,0,4,950,Samoa,750,Tonga,05/08/2023,15:00,13,9,34,9,13,9,70,Apia Park,-1,NA,1,2023,07,7,Openside Flanker,0,,0,,271,Angus Gardner,1000642,Damon Murphy,1000613,Matthew Kellahan,-1,,3,International,N,L
1286,937717,22231,Ed Fidow,950,Samoa,4471.64,4471.64,4630,2,78,21,0,0,43,Ruck OOA,572,Cleaned Out,583,Own Team 1st Entry,588,OOA Entry 1st Entry- Att,632,Attacking OOA,0,1,0,,0,,0,,0,,0,,0,0,0,0,1899-12-30T01:14:39Z,1,38,0,0,4,950,Samoa,750,Tonga,05/08/2023,15:00,13,9,34,9,13,9,70,Apia Park,-1,NA,1,2023,11,11,Left Wing,0,,0,,271,Angus Gardner,1000642,Damon Murphy,1000613,Matthew Kellahan,-1,,3,International,Y,W
1287,937717,21998,Michael Alaalatoa,950,Samoa,4472.04,4472.04,4630,2,78,21,0,0,43,Ruck OOA,572,Cleaned Out,584,Own Team 2nd Entry,589,OOA Entry 2nd Entry- Att,632,Attacking OOA,0,2,0,,0,,0,,0,,0,,0,0,0,0,1899-12-30T01:14:39Z,1,38,0,0,4,950,Samoa,750,Tonga,05/08/2023,15:00,13,9,34,9,13,9,70,Apia Park,-1,NA,1,2023,03,3,Tighthead Prop,0,,0,,271,Angus Gardner,1000642,Damon Murphy,1000613,Matthew Kellahan,-1,,3,International,Y,W
1288,937717,27662,Sama Malolo,950,Samoa,4472.48,4472.48,4630,2,77,22,0,0,18,Collection,631,General Catch,0,,0,,0,,0,,0,,0,,0,,0,,0,,0,0,0,0,1899-12-30T01:14:43Z,2,38,0,0,4,950,Samoa,750,Tonga,05/08/2023,15:00,13,9,34,9,13,9,70,Apia Park,-1,NA,1,2023,02,2,Hooker,0,,0,,271,Angus Gardner,1000642,Damon Murphy,1000613,Matthew Kellahan,-1,,3,International,Y,W
1289,937717,27662,Sama Malolo,950,Samoa,4472.48,4472.48,4630,2,77,22,0,0,47,Playmaker Options,672,Acting Halfback at Breakdown,673,Playmaker Option - Carry,0,,0,,0,,0,,0,,0,,0,,0,,0,0,0,0,1899-12-30T01:14:43Z,2,38,0,0,4,950,Samoa,750,Tonga,05/08/2023,15:00,13,9,34,9,13,9,70,Apia Park,-1,NA,1,2023,02,2,Hooker,0,,0,,271,Angus Gardner,1000642,Damon Murphy,1000613,Matthew Kellahan,-1,,3,International,Y,W
1290,937717,27662,Sama Malolo,950,Samoa,4472.48,4476.12,4630,2,77,22,81,30,1,Carry,102,Pick and Go,108,Tackled Neutral,109,Crossed Gain line,461,Neutral Contact,502,2 Tacklers Committed,700,0th Receiver,0,,0,,0,,0,,3,4,3,1,1899-12-30T01:14:43Z,2,38,0,0,4,950,Samoa,750,Tonga,05/08/2023,15:00,13,9,34,9,13,9,70,Apia Park,-1,NA,1,2023,02,2,Hooker,0,,0,,271,Angus Gardner,1000642,Damon Murphy,1000613,Matthew Kellahan,-1,,3,International,Y,W
1291,937717,18807,Ben Tameifuna,750,Tonga,4474.72,4474.72,4630,2,22,41,0,0,2,Tackle,144,Line,161,Missed,0,,475,Ineffective Tackle,708,1st Tackler,0,,0,,0,,0,,0,,0,0,0,0,1899-12-30T01:14:45Z,2,38,0,0,4,950,Samoa,750,Tonga,05/08/2023,15:00,13,9,34,9,13,9,70,Apia Park,-1,NA,1,2023,03,3,Tighthead Prop,0,,0,,271,Angus Gardner,1000642,Damon Murphy,1000613,Matthew Kellahan,-1,,3,International,N,L
1292,937717,18807,Ben Tameifuna,750,Tonga,4474.72,4474.72,4630,2,22,41,0,0,12,Missed Tackle,162,Bumped Off,166,Tackled,0,,0,,0,,0,,0,,0,,0,,0,,0,0,0,0,1899-12-30T01:14:45Z,2,38,0,0,4,950,Samoa,750,Tonga,05/08/2023,15:00,13,9,34,9,13,9,70,Apia Park,-1,NA,1,2023,03,3,Tighthead Prop,0,,0,,271,Angus Gardner,1000642,Damon Murphy,1000613,Matthew Kellahan,-1,,3,International,N,L
1293,937717,27662,Sama Malolo,950,Samoa,4475.24,4475.24,4630,2,78,27,0,0,10,Attacking Qualities,116,Defender Beaten,0,,0,,0,,0,,0,,0,,0,,0,,0,,0,0,0,0,1899-12-30T01:14:46Z,2,38,0,0,4,950,Samoa,750,Tonga,05/08/2023,15:00,13,9,34,9,13,9,70,Apia Park,-1,NA,1,2023,02,2,Hooker,0,,0,,271,Angus Gardner,1000642,Damon Murphy,1000613,Matthew Kellahan,-1,,3,International,Y,W
1294,937717,11292,Steve Mafi,750,Tonga,4475.76,4475.76,4630,2,20,37,0,0,2,Tackle,144,Line,153,Complete,441,Assist,474,Neutral Tackle,709,2nd Tackler,0,,0,,0,,0,,0,,0,0,0,0,1899-12-30T01:14:47Z,2,38,0,0,4,950,Samoa,750,Tonga,05/08/2023,15:00,13,9,34,9,13,9,70,Apia Park,-1,NA,1,2023,05,5,Lock (5),0,,0,,271,Angus Gardner,1000642,Damon Murphy,1000613,Matthew Kellahan,-1,,3,International,N,L
1295,937717,27662,Sama Malolo,950,Samoa,4476.12,4479.32,4630,2,81,30,0,0,23,Ruck,0,,401,Won Outright,548,Over Previous Gainline,555,3-4 Seconds,662,Mid Right Open Movement Ruck,0,,0,,0,,0,,0,,0,0,1,19,1899-12-30T01:14:46Z,2,38,0,0,4,950,Samoa,750,Tonga,05/08/2023,15:00,13,9,34,9,13,9,70,Apia Park,-1,NA,1,2023,02,2,Hooker,0,,0,,271,Angus Gardner,1000642,Damon Murphy,1000613,Matthew Kellahan,-1,,3,International,Y,W
1296,937717,11292,Steve Mafi,750,Tonga,4476.76,4476.76,4630,2,19,38,0,0,43,Ruck OOA,577,Not Clearing,583,Own Team 1st Entry,603,OOA Entry 1st Entry- Def,633,Defensive OOA,0,1,0,,0,,0,,0,,0,,0,0,0,0,1899-12-30T01:14:43Z,2,38,0,0,4,950,Samoa,750,Tonga,05/08/2023,15:00,13,9,34,9,13,9,70,Apia Park,-1,NA,1,2023,05,5,Lock (5),0,,0,,271,Angus Gardner,1000642,Damon Murphy,1000613,Matthew Kellahan,-1,,3,International,N,L
1297,937717,18506,Steven Luatua,950,Samoa,4477.08,4477.08,4630,2,81,30,0,0,43,Ruck OOA,575,Attended,583,Own Team 1st Entry,588,OOA Entry 1st Entry- Att,632,Attacking OOA,0,1,0,,0,,0,,0,,0,,0,0,0,0,1899-12-30T01:14:43Z,2,38,0,0,4,950,Samoa,750,Tonga,05/08/2023,15:00,13,9,34,9,13,9,70,Apia Park,-1,NA,1,2023,08,8,Number 8,0,,0,,271,Angus Gardner,1000642,Damon Murphy,1000613,Matthew Kellahan,-1,,3,International,Y,W
1298,937717,10607,Jack Lam,950,Samoa,4478.12,4478.12,4630,2,81,30,0,0,43,Ruck OOA,574,Secured,584,Own Team 2nd Entry,589,OOA Entry 2nd Entry- Att,632,Attacking OOA,0,2,0,,0,,0,,0,,0,,0,0,0,0,1899-12-30T01:14:44Z,2,38,0,0,4,950,Samoa,750,Tonga,05/08/2023,15:00,13,9,34,9,13,9,70,Apia Park,-1,NA,1,2023,07,7,Openside Flanker,0,,0,,271,Angus Gardner,1000642,Damon Murphy,1000613,Matthew Kellahan,-1,,3,International,Y,W
1299,937717,35331,Siua Maile,750,Tonga,4478.56,4478.56,4630,2,19,38,0,0,43,Ruck OOA,577,Not Clearing,584,Own Team 2nd Entry,604,OOA Entry 2nd Entry- Def,633,Defensive OOA,0,2,0,,0,,0,,0,,0,,0,0,0,0,1899-12-30T01:14:44Z,2,38,0,0,4,950,Samoa,750,Tonga,05/08/2023,15:00,13,9,34,9,13,9,70,Apia Park,-1,NA,1,2023,02,2,Hooker,0,,0,,271,Angus Gardner,1000642,Damon Murphy,1000613,Matthew Kellahan,-1,,3,International,N,L
1300,937717,23399,Jonathan Taumateine,950,Samoa,4479.32,4479.32,4630,2,80,31,0,0,18,Collection,631,General Catch,0,,0,,0,,0,,0,,0,,0,,0,,0,,0,0,0,0,1899-12-30T01:14:50Z,3,38,0,0,4,950,Samoa,750,Tonga,05/08/2023,15:00,13,9,34,9,13,9,70,Apia Park,-1,NA,1,2023,09,9,Scrum Half,0,,0,,271,Angus Gardner,1000642,Damon Murphy,1000613,Matthew Kellahan,-1,,3,International,Y,W
1301,937717,23399,Jonathan Taumateine,950,Samoa,4479.32,4479.32,4630,2,80,31,0,0,47,Playmaker Options,671,Halfback at Breakdown,675,Playmaker Option - Pass,0,,0,,0,,0,,0,,0,,0,,0,,0,0,0,0,1899-12-30T01:14:50Z,3,38,0,0,4,950,Samoa,750,Tonga,05/08/2023,15:00,13,9,34,9,13,9,70,Apia Park,-1,NA,1,2023,09,9,Scrum Half,0,,0,,271,Angus Gardner,1000642,Damon Murphy,1000613,Matthew Kellahan,-1,,3,International,Y,W
1302,937717,23399,Jonathan Taumateine,950,Samoa,4479.76,4480.32,4630,2,80,31,75,44,3,Pass,169,Complete,0,,686,Medium Pass,682,Right Pass,700,0th Receiver,0,,0,,0,,0,,0,,14,15,5,0,1899-12-30T01:14:50Z,3,38,0,0,4,950,Samoa,750,Tonga,05/08/2023,15:00,13,9,34,9,13,9,70,Apia Park,-1,NA,1,2023,09,9,Scrum Half,0,,0,,271,Angus Gardner,1000642,Damon Murphy,1000613,Matthew Kellahan,-1,,3,International,Y,W
1303,937717,20806,Brian Alainu'uese,950,Samoa,4480.32,4480.32,4630,2,75,44,0,0,18,Collection,631,General Catch,0,,0,,0,,0,,0,,0,,0,,0,,0,,0,0,0,0,1899-12-30T01:14:51Z,3,38,0,0,4,950,Samoa,750,Tonga,05/08/2023,15:00,13,9,34,9,13,9,70,Apia Park,-1,NA,1,2023,04,4,Lock (4),0,,0,,271,Angus Gardner,1000642,Damon Murphy,1000613,Matthew Kellahan,-1,,3,International,Y,W
1304,937717,20806,Brian Alainu'uese,950,Samoa,4480.32,4480.32,4630,2,75,44,0,0,47,Playmaker Options,656,First Receiver,673,Playmaker Option - Carry,0,,0,,0,,0,,0,,0,,0,,0,,0,0,0,0,1899-12-30T01:14:51Z,3,38,0,0,4,950,Samoa,750,Tonga,05/08/2023,15:00,13,9,34,9,13,9,70,Apia Park,-1,NA,1,2023,04,4,Lock (4),0,,0,,271,Angus Gardner,1000642,Damon Murphy,1000613,Matthew Kellahan,-1,,3,International,Y,W
1305,937717,20806,Brian Alainu'uese,950,Samoa,4480.32,4482.64,4630,2,75,44,82,49,1,Carry,101,One Out Drive,107,Tackled Dominant,109,Crossed Gain line,460,Dominant Contact,501,1 Tacklers Committed,701,1st Receiver,0,,0,,0,,0,,1,7,4,4,1899-12-30T01:14:51Z,3,38,0,0,4,950,Samoa,750,Tonga,05/08/2023,15:00,13,9,34,9,13,9,70,Apia Park,-1,NA,1,2023,04,4,Lock (4),0,,0,,271,Angus Gardner,1000642,Damon Murphy,1000613,Matthew Kellahan,-1,,3,International,Y,W
1306,937717,20059,Malakai Fekitoa,750,Tonga,4481.52,4481.52,4630,2,22,21,0,0,40,Defensive Action,560,Tackle Arrival,0,,0,,0,,0,,0,,0,,0,,0,,0,,0,0,0,0,1899-12-30T01:14:50Z,3,38,0,0,4,950,Samoa,750,Tonga,05/08/2023,15:00,13,9,34,9,13,9,70,Apia Park,-1,NA,1,2023,23,11,Left Wing,0,,0,,271,Angus Gardner,1000642,Damon Murphy,1000613,Matthew Kellahan,-1,,3,International,N,L
1307,937717,18936,Pita Ahki,750,Tonga,4481.56,4481.56,4630,2,22,21,0,0,2,Tackle,144,Line,160,Passive,0,,475,Ineffective Tackle,708,1st Tackler,0,,0,,0,,0,,0,,0,0,0,0,1899-12-30T01:14:52Z,3,38,0,0,4,950,Samoa,750,Tonga,05/08/2023,15:00,13,9,34,9,13,9,70,Apia Park,-1,NA,1,2023,12,12,Inside Centre,0,,0,,271,Angus Gardner,1000642,Damon Murphy,1000613,Matthew Kellahan,-1,,3,International,N,L
1308,937717,20806,Brian Alainu'uese,950,Samoa,4482.64,4484.88,4630,2,82,49,0,0,23,Ruck,0,,401,Won Outright,548,Over Previous Gainline,554,2-3 Seconds,723,Mid Right Blindside Movement Ruck,0,,0,,0,,0,,0,,0,0,6,14,1899-12-30T01:14:53Z,3,38,0,0,4,950,Samoa,750,Tonga,05/08/2023,15:00,13,9,34,9,13,9,70,Apia Park,-1,NA,1,2023,04,4,Lock (4),0,,0,,271,Angus Gardner,1000642,Damon Murphy,1000613,Matthew Kellahan,-1,,3,International,Y,W
1309,937717,22603,Duncan Paia'aua,950,Samoa,4483.28,4483.28,4630,2,82,49,0,0,43,Ruck OOA,575,Attended,583,Own Team 1st Entry,588,OOA Entry 1st Entry- Att,632,Attacking OOA,0,1,0,,0,,0,,0,,0,,0,0,0,0,1899-12-30T01:14:51Z,3,38,0,0,4,950,Samoa,750,Tonga,05/08/2023,15:00,13,9,34,9,13,9,70,Apia Park,-1,NA,1,2023,12,12,Inside Centre,0,,0,,271,Angus Gardner,1000642,Damon Murphy,1000613,Matthew Kellahan,-1,,3,International,Y,W
1310,937717,21155,Vaea Fifita,750,Tonga,4483.36,4483.36,4630,2,18,19,0,0,43,Ruck OOA,578,Got Cleaned Out,583,Own Team 1st Entry,603,OOA Entry 1st Entry- Def,633,Defensive OOA,0,1,0,,0,,0,,0,,0,,0,0,0,0,1899-12-30T01:14:51Z,3,38,0,0,4,950,Samoa,750,Tonga,05/08/2023,15:00,13,9,34,9,13,9,70,Apia Park,-1,NA,1,2023,08,8,Number 8,0,,0,,271,Angus Gardner,1000642,Damon Murphy,1000613,Matthew Kellahan,-1,,3,International,N,L
1311,937717,20766,Chris Vui,950,Samoa,4483.72,4483.72,4630,2,82,49,0,0,43,Ruck OOA,572,Cleaned Out,584,Own Team 2nd Entry,589,OOA Entry 2nd Entry- Att,632,Attacking OOA,0,2,0,,0,,0,,0,,0,,0,0,0,0,1899-12-30T01:14:51Z,3,38,0,0,4,950,Samoa,750,Tonga,05/08/2023,15:00,13,9,34,9,13,9,70,Apia Park,-1,NA,1,2023,05,5,Lock (5),0,,0,,271,Angus Gardner,1000642,Damon Murphy,1000613,Matthew Kellahan,-1,,3,International,Y,W
1312,937717,23399,Jonathan Taumateine,950,Samoa,4484.88,4484.88,4630,2,80,49,0,0,18,Collection,631,General Catch,0,,0,,0,,0,,0,,0,,0,,0,,0,,0,0,0,0,1899-12-30T01:14:55Z,4,38,0,0,4,950,Samoa,750,Tonga,05/08/2023,15:00,13,9,34,9,13,9,70,Apia Park,-1,NA,1,2023,09,9,Scrum Half,0,,0,,271,Angus Gardner,1000642,Damon Murphy,1000613,Matthew Kellahan,-1,,3,International,Y,W
1313,937717,23399,Jonathan Taumateine,950,Samoa,4484.88,4484.88,4630,2,80,49,0,0,47,Playmaker Options,671,Halfback at Breakdown,675,Playmaker Option - Pass,0,,0,,0,,0,,0,,0,,0,,0,,0,0,0,0,1899-12-30T01:14:55Z,4,38,0,0,4,950,Samoa,750,Tonga,05/08/2023,15:00,13,9,34,9,13,9,70,Apia Park,-1,NA,1,2023,09,9,Scrum Half,0,,0,,271,Angus Gardner,1000642,Damon Murphy,1000613,Matthew Kellahan,-1,,3,International,Y,W
1314,937717,23399,Jonathan Taumateine,950,Samoa,4485.44,4486.00,4630,2,82,52,81,61,3,Pass,169,Complete,0,,686,Medium Pass,682,Right Pass,700,0th Receiver,0,,0,,0,,0,,0,,10,10,1,0,1899-12-30T01:14:56Z,4,38,0,0,4,950,Samoa,750,Tonga,05/08/2023,15:00,13,9,34,9,13,9,70,Apia Park,-1,NA,1,2023,09,9,Scrum Half,0,,0,,271,Angus Gardner,1000642,Damon Murphy,1000613,Matthew Kellahan,-1,,3,International,Y,W
1315,937717,9023,Christian Leali'ifano,950,Samoa,4486.00,4486.00,4630,2,81,61,0,0,18,Collection,631,General Catch,0,,0,,0,,0,,0,,0,,0,,0,,0,,0,0,0,0,1899-12-30T01:14:56Z,4,38,0,0,4,950,Samoa,750,Tonga,05/08/2023,15:00,13,9,34,9,13,9,70,Apia Park,-1,NA,1,2023,22,10,Fly Half,0,,0,,271,Angus Gardner,1000642,Damon Murphy,1000613,Matthew Kellahan,-1,,3,International,Y,W
1316,937717,9023,Christian Leali'ifano,950,Samoa,4486.00,4486.00,4630,2,81,61,0,0,47,Playmaker Options,656,First Receiver,673,Playmaker Option - Carry,0,,0,,0,,0,,0,,0,,0,,0,,0,0,0,0,1899-12-30T01:14:56Z,4,38,0,0,4,950,Samoa,750,Tonga,05/08/2023,15:00,13,9,34,9,13,9,70,Apia Park,-1,NA,1,2023,22,10,Fly Half,0,,0,,271,Angus Gardner,1000642,Damon Murphy,1000613,Matthew Kellahan,-1,,3,International,Y,W
1317,937717,9023,Christian Leali'ifano,950,Samoa,4486.00,4487.64,4630,2,81,61,87,63,1,Carry,101,One Out Drive,107,Tackled Dominant,109,Crossed Gain line,460,Dominant Contact,501,1 Tacklers Committed,701,1st Receiver,0,,0,,0,,0,,6,7,4,4,1899-12-30T01:14:56Z,4,38,0,0,4,950,Samoa,750,Tonga,05/08/2023,15:00,13,9,34,9,13,9,70,Apia Park,-1,NA,1,2023,22,10,Fly Half,0,,0,,271,Angus Gardner,1000642,Damon Murphy,1000613,Matthew Kellahan,-1,,3,International,Y,W
1318,937717,20059,Malakai Fekitoa,750,Tonga,4486.92,4486.92,4630,2,17,6,0,0,2,Tackle,144,Line,160,Passive,0,,475,Ineffective Tackle,708,1st Tackler,0,,0,,0,,0,,0,,0,0,0,0,1899-12-30T01:14:57Z,4,38,0,0,4,950,Samoa,750,Tonga,05/08/2023,15:00,13,9,34,9,13,9,70,Apia Park,-1,NA,1,2023,23,11,Left Wing,0,,0,,271,Angus Gardner,1000642,Damon Murphy,1000613,Matthew Kellahan,-1,,3,International,N,L
1319,937717,9726,Afusipa Taumoepeau,750,Tonga,4487.16,4487.16,4630,2,17,6,0,0,40,Defensive Action,560,Tackle Arrival,0,,0,,0,,0,,0,,0,,0,,0,,0,,0,0,0,0,1899-12-30T01:14:57Z,4,38,0,0,4,950,Samoa,750,Tonga,05/08/2023,15:00,13,9,34,9,13,9,70,Apia Park,-1,NA,1,2023,11,11,Left Wing,0,,0,,271,Angus Gardner,1000642,Damon Murphy,1000613,Matthew Kellahan,-1,,3,International,N,L
1320,937717,9023,Christian Leali'ifano,950,Samoa,4487.64,4491.40,4630,2,87,63,0,0,23,Ruck,0,,401,Won Outright,548,Over Previous Gainline,555,3-4 Seconds,663,Close Left Open Movement Ruck,0,,0,,0,,0,,0,,0,0,1,8,1899-12-30T01:14:58Z,4,38,0,0,4,950,Samoa,750,Tonga,05/08/2023,15:00,13,9,34,9,13,9,70,Apia Park,-1,NA,1,2023,22,10,Fly Half,0,,0,,271,Angus Gardner,1000642,Damon Murphy,1000613,Matthew Kellahan,-1,,3,International,Y,W
1321,937717,10552,Tim Nanai-Williams,950,Samoa,4489.12,4489.12,4630,2,87,63,0,0,43,Ruck OOA,575,Attended,583,Own Team 1st Entry,588,OOA Entry 1st Entry- Att,632,Attacking OOA,0,1,0,,0,,0,,0,,0,,0,0,0,0,1899-12-30T01:14:56Z,4,38,0,0,4,950,Samoa,750,Tonga,05/08/2023,15:00,13,9,34,9,13,9,70,Apia Park,-1,NA,1,2023,15,15,Full Back,0,,0,,271,Angus Gardner,1000642,Damon Murphy,1000613,Matthew Kellahan,-1,,3,International,Y,W
1322,937717,20806,Brian Alainu'uese,950,Samoa,4489.48,4489.48,4630,2,87,63,0,0,43,Ruck OOA,574,Secured,584,Own Team 2nd Entry,589,OOA Entry 2nd Entry- Att,632,Attacking OOA,0,2,0,,0,,0,,0,,0,,0,0,0,0,1899-12-30T01:14:56Z,4,38,0,0,4,950,Samoa,750,Tonga,05/08/2023,15:00,13,9,34,9,13,9,70,Apia Park,-1,NA,1,2023,04,4,Lock (4),0,,0,,271,Angus Gardner,1000642,Damon Murphy,1000613,Matthew Kellahan,-1,,3,International,Y,W
1323,937717,10081,Charlie Faumuina,950,Samoa,4490.84,4490.84,4630,2,87,63,0,0,43,Ruck OOA,575,Attended,585,Own Team 3rd Entry,590,OOA Entry 3rd Entry- Att,632,Attacking OOA,0,3,0,,0,,0,,0,,0,,0,0,0,0,1899-12-30T01:14:57Z,4,38,0,0,4,950,Samoa,750,Tonga,05/08/2023,15:00,13,9,34,9,13,9,70,Apia Park,-1,NA,1,2023,01,1,Loosehead Prop,0,,0,,271,Angus Gardner,1000642,Damon Murphy,1000613,Matthew Kellahan,-1,,3,International,Y,W
1324,937717,23399,Jonathan Taumateine,950,Samoa,4491.40,4491.40,4630,2,86,62,0,0,18,Collection,631,General Catch,0,,0,,0,,0,,0,,0,,0,,0,,0,,0,0,0,0,1899-12-30T01:15:02Z,5,38,0,0,4,950,Samoa,750,Tonga,05/08/2023,15:00,13,9,34,9,13,9,70,Apia Park,-1,NA,1,2023,09,9,Scrum Half,0,,0,,271,Angus Gardner,1000642,Damon Murphy,1000613,Matthew Kellahan,-1,,3,International,Y,W
1325,937717,23399,Jonathan Taumateine,950,Samoa,4491.40,4491.40,4630,2,86,62,0,0,47,Playmaker Options,671,Halfback at Breakdown,675,Playmaker Option - Pass,0,,0,,0,,0,,0,,0,,0,,0,,0,0,0,0,1899-12-30T01:15:02Z,5,38,0,0,4,950,Samoa,750,Tonga,05/08/2023,15:00,13,9,34,9,13,9,70,Apia Park,-1,NA,1,2023,09,9,Scrum Half,0,,0,,271,Angus Gardner,1000642,Damon Murphy,1000613,Matthew Kellahan,-1,,3,International,Y,W
1326,937717,23399,Jonathan Taumateine,950,Samoa,4491.80,4492.40,4630,2,86,62,83,55,3,Pass,169,Complete,0,,686,Medium Pass,681,Left Pass,700,0th Receiver,0,,0,,0,,0,,0,,7,8,3,0,1899-12-30T01:15:02Z,5,38,0,0,4,950,Samoa,750,Tonga,05/08/2023,15:00,13,9,34,9,13,9,70,Apia Park,-1,NA,1,2023,09,9,Scrum Half,0,,0,,271,Angus Gardner,1000642,Damon Murphy,1000613,Matthew Kellahan,-1,,3,International,Y,W
1327,937717,21998,Michael Alaalatoa,950,Samoa,4492.40,4492.40,4630,2,83,55,0,0,18,Collection,631,General Catch,0,,0,,0,,0,,0,,0,,0,,0,,0,,0,0,0,0,1899-12-30T01:15:03Z,5,38,0,0,4,950,Samoa,750,Tonga,05/08/2023,15:00,13,9,34,9,13,9,70,Apia Park,-1,NA,1,2023,03,3,Tighthead Prop,0,,0,,271,Angus Gardner,1000642,Damon Murphy,1000613,Matthew Kellahan,-1,,3,International,Y,W
1328,937717,21998,Michael Alaalatoa,950,Samoa,4492.40,4492.40,4630,2,83,55,0,0,47,Playmaker Options,656,First Receiver,673,Playmaker Option - Carry,0,,0,,0,,0,,0,,0,,0,,0,,0,0,0,0,1899-12-30T01:15:03Z,5,38,0,0,4,950,Samoa,750,Tonga,05/08/2023,15:00,13,9,34,9,13,9,70,Apia Park,-1,NA,1,2023,03,3,Tighthead Prop,0,,0,,271,Angus Gardner,1000642,Damon Murphy,1000613,Matthew Kellahan,-1,,3,International,Y,W
1329,937717,21998,Michael Alaalatoa,950,Samoa,4492.40,4494.68,4630,2,83,55,89,55,1,Carry,101,One Out Drive,108,Tackled Neutral,109,Crossed Gain line,461,Neutral Contact,501,1 Tacklers Committed,701,1st Receiver,0,,0,,0,,0,,1,5,2,2,1899-12-30T01:15:03Z,5,38,0,0,4,950,Samoa,750,Tonga,05/08/2023,15:00,13,9,34,9,13,9,70,Apia Park,-1,NA,1,2023,03,3,Tighthead Prop,0,,0,,271,Angus Gardner,1000642,Damon Murphy,1000613,Matthew Kellahan,-1,,3,International,Y,W
1330,937717,35331,Siua Maile,750,Tonga,4493.36,4493.36,4630,2,13,14,0,0,2,Tackle,144,Line,153,Complete,0,,474,Neutral Tackle,708,1st Tackler,0,,0,,0,,0,,0,,0,0,0,0,1899-12-30T01:15:04Z,5,38,0,0,4,950,Samoa,750,Tonga,05/08/2023,15:00,13,9,34,9,13,9,70,Apia Park,-1,NA,1,2023,02,2,Hooker,0,,0,,271,Angus Gardner,1000642,Damon Murphy,1000613,Matthew Kellahan,-1,,3,International,N,L
1331,937717,22136,Siegfried Fisi'ihoi,750,Tonga,4493.60,4493.60,4630,2,13,14,0,0,40,Defensive Action,560,Tackle Arrival,0,,0,,0,,0,,0,,0,,0,,0,,0,,0,0,0,0,1899-12-30T01:15:04Z,5,38,0,0,4,950,Samoa,750,Tonga,05/08/2023,15:00,13,9,34,9,13,9,70,Apia Park,-1,NA,1,2023,01,1,Loosehead Prop,0,,0,,271,Angus Gardner,1000642,Damon Murphy,1000613,Matthew Kellahan,-1,,3,International,N,L
1332,937717,21155,Vaea Fifita,750,Tonga,4493.68,4493.68,4630,2,13,14,0,0,7,Penalty Conceded,231,Obstruction,236,No Action,215,Defence,233,Full Penalty,0,,0,,0,,0,,0,,0,,0,0,0,0,1899-12-30T01:15:04Z,5,38,0,0,4,950,Samoa,750,Tonga,05/08/2023,15:00,13,9,34,9,13,9,70,Apia Park,-1,NA,1,2023,08,8,Number 8,0,,0,,271,Angus Gardner,1000642,Damon Murphy,1000613,Matthew Kellahan,-1,,3,International,N,L
1333,937717,21998,Michael Alaalatoa,950,Samoa,4494.68,4499.20,4630,2,89,55,0,0,23,Ruck,0,,452,Unplayable,548,Over Previous Gainline,559,N/A Ruck Speed,676,N/A Movement Ruck,0,,0,,0,,0,,0,,0,0,0,0,1899-12-30T01:15:05Z,5,38,0,0,4,950,Samoa,750,Tonga,05/08/2023,15:00,13,9,34,9,13,9,70,Apia Park,-1,NA,1,2023,03,3,Tighthead Prop,0,,0,,271,Angus Gardner,1000642,Damon Murphy,1000613,Matthew Kellahan,-1,,3,International,Y,W
1334,937717,20059,Malakai Fekitoa,750,Tonga,4495.28,4495.28,4630,2,12,13,0,0,43,Ruck OOA,578,Got Cleaned Out,583,Own Team 1st Entry,603,OOA Entry 1st Entry- Def,633,Defensive OOA,0,1,0,,0,,0,,0,,0,,0,0,0,0,1899-12-30T01:15:01Z,5,38,0,0,4,950,Samoa,750,Tonga,05/08/2023,15:00,13,9,34,9,13,9,70,Apia Park,-1,NA,1,2023,23,11,Left Wing,0,,0,,271,Angus Gardner,1000642,Damon Murphy,1000613,Matthew Kellahan,-1,,3,International,N,L
1335,937717,10081,Charlie Faumuina,950,Samoa,4495.32,4495.32,4630,2,89,55,0,0,43,Ruck OOA,574,Secured,583,Own Team 1st Entry,588,OOA Entry 1st Entry- Att,632,Attacking OOA,0,1,0,,0,,0,,0,,0,,0,0,0,0,1899-12-30T01:15:01Z,5,38,0,0,4,950,Samoa,750,Tonga,05/08/2023,15:00,13,9,34,9,13,9,70,Apia Park,-1,NA,1,2023,01,1,Loosehead Prop,0,,0,,271,Angus Gardner,1000642,Damon Murphy,1000613,Matthew Kellahan,-1,,3,International,Y,W
1336,937717,0,,950,Samoa,4496.00,4496.00,4630,2,89,55,0,0,20,Ref Review,245,Advantage,0,,0,,0,,0,,0,,0,,0,,0,,0,,0,0,0,0,1899-12-30T01:15:02Z,5,38,0,0,4,950,Samoa,750,Tonga,05/08/2023,15:00,13,9,34,9,13,9,70,Apia Park,-1,NA,1,2023,,,,0,,0,,271,Angus Gardner,1000642,Damon Murphy,1000613,Matthew Kellahan,-1,,3,International,Y,W
1337,937717,20806,Brian Alainu'uese,950,Samoa,4498.36,4498.36,4630,2,89,55,0,0,43,Ruck OOA,572,Cleaned Out,584,Own Team 2nd Entry,589,OOA Entry 2nd Entry- Att,632,Attacking OOA,0,2,0,,0,,0,,0,,0,,0,0,0,0,1899-12-30T01:15:04Z,5,38,0,0,4,950,Samoa,750,Tonga,05/08/2023,15:00,13,9,34,9,13,9,70,Apia Park,-1,NA,1,2023,04,4,Lock (4),0,,0,,271,Angus Gardner,1000642,Damon Murphy,1000613,Matthew Kellahan,-1,,3,International,Y,W
1338,937717,20766,Chris Vui,950,Samoa,4498.40,4498.40,4630,2,89,55,0,0,43,Ruck OOA,572,Cleaned Out,585,Own Team 3rd Entry,590,OOA Entry 3rd Entry- Att,632,Attacking OOA,0,3,0,,0,,0,,0,,0,,0,0,0,0,1899-12-30T01:15:04Z,5,38,0,0,4,950,Samoa,750,Tonga,05/08/2023,15:00,13,9,34,9,13,9,70,Apia Park,-1,NA,1,2023,05,5,Lock (5),0,,0,,271,Angus Gardner,1000642,Damon Murphy,1000613,Matthew Kellahan,-1,,3,International,Y,W
1339,937717,27662,Sama Malolo,950,Samoa,4519.68,4519.68,4630,2,89,55,0,0,41,Sub Out,562,Tactical,0,,0,,0,,0,,0,,0,,0,,0,,0,,0,0,0,0,1899-12-30T01:15:30Z,5,38,0,-1,4,950,Samoa,750,Tonga,05/08/2023,15:00,13,9,34,9,13,9,70,Apia Park,-1,NA,1,2023,02,2,Hooker,0,,0,,271,Angus Gardner,1000642,Damon Murphy,1000613,Matthew Kellahan,-1,,3,International,Y,W
1340,937717,31482,Luteru Tolai,950,Samoa,4519.72,4519.72,4630,2,89,55,0,0,42,Sub In,562,Tactical,0,,0,,0,,0,,0,,0,,0,,0,,0,,0,0,0,0,1899-12-30T01:15:30Z,5,38,0,0,4,950,Samoa,750,Tonga,05/08/2023,15:00,13,9,34,9,13,9,70,Apia Park,-1,NA,1,2023,16,2,Hooker,0,,0,,271,Angus Gardner,1000642,Damon Murphy,1000613,Matthew Kellahan,-1,,3,International,Y,W
1341,937717,25212,D'Angelo Leuila,950,Samoa,4566.00,4567.68,4630,2,88,58,95,68,4,Kick,347,Touch Kick,193,Kick in Touch (Full),148,Penalty Kick,0,,0,,0,,0,,0,,0,,0,,8,13,0,0,1899-12-30T01:16:16Z,1,38,0,0,4,950,Samoa,750,Tonga,05/08/2023,15:00,13,9,34,9,13,9,70,Apia Park,-1,NA,1,2023,10,10,Fly Half,0,,0,,271,Angus Gardner,1000642,Damon Murphy,1000613,Matthew Kellahan,-1,,3,International,Y,W
1342,937717,0,,950,Samoa,4566.00,4567.68,4630,2,88,58,95,68,26,Sequences,780,Penalty Kick Touch,415,Own Lineout,0,,0,,0,,0,,0,,0,,0,,0,,8,0,0,0,1899-12-30T01:16:16Z,1,38,0,0,4,950,Samoa,750,Tonga,05/08/2023,15:00,13,9,34,9,13,9,70,Apia Park,-1,NA,1,2023,,,,0,,0,,271,Angus Gardner,1000642,Damon Murphy,1000613,Matthew Kellahan,-1,,3,International,Y,W
1343,937717,20806,Brian Alainu'uese,950,Samoa,4579.36,4579.36,4630,2,95,68,0,0,41,Sub Out,562,Tactical,0,,0,,0,,0,,0,,0,,0,,0,,0,,0,0,0,0,1899-12-30T01:16:30Z,1,38,0,-1,4,950,Samoa,750,Tonga,05/08/2023,15:00,13,9,34,9,13,9,70,Apia Park,-1,NA,1,2023,04,4,Lock (4),0,,0,,271,Angus Gardner,1000642,Damon Murphy,1000613,Matthew Kellahan,-1,,3,International,Y,W
1344,937717,36890,Theo McFarland,950,Samoa,4579.40,4579.40,4630,2,95,68,0,0,42,Sub In,562,Tactical,0,,0,,0,,0,,0,,0,,0,,0,,0,,0,0,0,0,1899-12-30T01:16:30Z,1,38,0,0,4,950,Samoa,750,Tonga,05/08/2023,15:00,13,9,34,9,13,9,70,Apia Park,-1,NA,1,2023,19,4,Lock (4),0,,0,,271,Angus Gardner,1000642,Damon Murphy,1000613,Matthew Kellahan,-1,,3,International,Y,W
1345,937717,10607,Jack Lam,950,Samoa,4579.52,4579.52,4630,2,95,68,0,0,41,Sub Out,562,Tactical,0,,0,,0,,0,,0,,0,,0,,0,,0,,0,0,0,0,1899-12-30T01:16:30Z,1,38,0,-1,4,950,Samoa,750,Tonga,05/08/2023,15:00,13,9,34,9,13,9,70,Apia Park,-1,NA,1,2023,07,7,Openside Flanker,0,,0,,271,Angus Gardner,1000642,Damon Murphy,1000613,Matthew Kellahan,-1,,3,International,Y,W
1346,937717,1927,Fritz Lee,950,Samoa,4579.56,4579.56,4630,2,95,68,0,0,42,Sub In,562,Tactical,0,,0,,0,,0,,0,,0,,0,,0,,0,,0,0,0,0,1899-12-30T01:16:30Z,1,38,0,0,4,950,Samoa,750,Tonga,05/08/2023,15:00,13,9,34,9,13,9,70,Apia Park,-1,NA,1,2023,20,8,Number 8,0,,0,,271,Angus Gardner,1000642,Damon Murphy,1000613,Matthew Kellahan,-1,,3,International,Y,W
1347,937717,31482,Luteru Tolai,950,Samoa,4580.24,4581.40,4630,2,95,68,95,57,6,Lineout Throw,372,Throw Middle,376,Won Clean Catch,211,Off The Top,0,6+1,670,Tight Right Blindside Movement Lineout,731,6 Players,725,Forward at Halfback (+1),0,,0,,0,,11,0,0,1,1899-12-30T01:16:31Z,1,39,0,0,4,950,Samoa,750,Tonga,05/08/2023,15:00,13,9,34,9,13,9,70,Apia Park,-1,NA,1,2023,16,2,Hooker,0,,0,,271,Angus Gardner,1000642,Damon Murphy,1000613,Matthew Kellahan,-1,,3,International,Y,W
1348,937717,0,,950,Samoa,4580.24,4593.96,4630,2,95,68,100,62,15,Possession,306,Lineout,314,Try,0,,685,Starts inside Opposition 22,0,,0,,0,,0,,0,,0,,5,0,0,0,1899-12-30T01:16:31Z,2,39,0,0,4,950,Samoa,750,Tonga,05/08/2023,15:00,13,9,34,9,13,9,70,Apia Park,-1,NA,1,2023,,,,0,,0,,271,Angus Gardner,1000642,Damon Murphy,1000613,Matthew Kellahan,-1,,3,International,Y,W
1349,937717,0,,950,Samoa,4580.24,4593.96,4630,2,95,68,100,62,26,Sequences,306,Lineout,314,Try,0,,0,,0,,0,,0,,0,,0,,0,,5,0,0,0,1899-12-30T01:16:31Z,2,39,0,0,4,950,Samoa,750,Tonga,05/08/2023,15:00,13,9,34,9,13,9,70,Apia Park,-1,NA,1,2023,,,,0,,0,,271,Angus Gardner,1000642,Damon Murphy,1000613,Matthew Kellahan,-1,,3,International,Y,W
1350,937717,36890,Theo McFarland,950,Samoa,4581.40,4581.40,4630,2,95,57,0,0,27,Lineout Take,387,Lineout Win Middle,376,Won Clean,211,Off The Top,396,Clean Catch,0,,0,,0,,0,,0,,0,,0,0,0,0,1899-12-30T01:16:32Z,1,39,0,0,4,950,Samoa,750,Tonga,05/08/2023,15:00,13,9,34,9,13,9,70,Apia Park,-1,NA,1,2023,19,4,Lock (4),0,,0,,271,Angus Gardner,1000642,Damon Murphy,1000613,Matthew Kellahan,-1,,3,International,Y,W
1351,937717,36890,Theo McFarland,950,Samoa,4582.08,4582.12,4630,2,95,57,93,59,3,Pass,169,Complete,0,,679,Short Pass,682,Right Pass,700,0th Receiver,0,,0,,0,,0,,0,,2,3,2,0,1899-12-30T01:16:32Z,1,39,0,0,4,950,Samoa,750,Tonga,05/08/2023,15:00,13,9,34,9,13,9,70,Apia Park,-1,NA,1,2023,19,4,Lock (4),0,,0,,271,Angus Gardner,1000642,Damon Murphy,1000613,Matthew Kellahan,-1,,3,International,Y,W
1352,937717,20766,Chris Vui,950,Samoa,4582.12,4582.12,4630,2,93,59,0,0,18,Collection,631,General Catch,0,,0,,0,,0,,0,,0,,0,,0,,0,,0,0,0,0,1899-12-30T01:16:32Z,1,39,0,0,4,950,Samoa,750,Tonga,05/08/2023,15:00,13,9,34,9,13,9,70,Apia Park,-1,NA,1,2023,05,5,Lock (5),0,,0,,271,Angus Gardner,1000642,Damon Murphy,1000613,Matthew Kellahan,-1,,3,International,Y,W
1353,937717,20766,Chris Vui,950,Samoa,4582.12,4583.40,4630,2,93,59,95,58,1,Carry,103,Other Carry,108,Tackled Neutral,110,Neutral Gain line,461,Neutral Contact,501,1 Tacklers Committed,701,1st Receiver,0,,0,,0,,0,,0,1,0,0,1899-12-30T01:16:33Z,1,39,0,0,4,950,Samoa,750,Tonga,05/08/2023,15:00,13,9,34,9,13,9,70,Apia Park,-1,NA,1,2023,05,5,Lock (5),0,,0,,271,Angus Gardner,1000642,Damon Murphy,1000613,Matthew Kellahan,-1,,3,International,Y,W
1354,937717,26114,Leva Fifita,750,Tonga,4583.36,4583.36,4630,2,5,10,0,0,2,Tackle,147,Other,153,Complete,0,,474,Neutral Tackle,708,1st Tackler,0,,0,,0,,0,,0,,0,0,0,0,1899-12-30T01:16:33Z,1,39,0,0,4,950,Samoa,750,Tonga,05/08/2023,15:00,13,9,34,9,13,9,70,Apia Park,-1,NA,1,2023,04,4,Lock (4),0,,0,,271,Angus Gardner,1000642,Damon Murphy,1000613,Matthew Kellahan,-1,,3,International,N,L
1355,937717,20766,Chris Vui,950,Samoa,4583.40,4583.48,4630,2,95,58,0,0,24,Maul,0,,405,Try Scored,0,,0,,666,Close Right Blindside Movement Maul,0,,0,,0,,0,,0,,0,0,6,4,1899-12-30T01:16:33Z,1,39,0,0,4,950,Samoa,750,Tonga,05/08/2023,15:00,13,9,34,9,13,9,70,Apia Park,-1,NA,1,2023,05,5,Lock (5),0,,0,,271,Angus Gardner,1000642,Damon Murphy,1000613,Matthew Kellahan,-1,,3,International,Y,W
1356,937717,43727,Miracle Faiilagi,950,Samoa,4583.48,4583.48,4630,2,94,58,0,0,18,Collection,631,General Catch,0,,0,,0,,0,,0,,0,,0,,0,,0,,0,0,0,0,1899-12-30T01:16:34Z,2,39,0,0,4,950,Samoa,750,Tonga,05/08/2023,15:00,13,9,34,9,13,9,70,Apia Park,-1,NA,1,2023,06,6,Blindside Flanker,0,,0,,271,Angus Gardner,1000642,Damon Murphy,1000613,Matthew Kellahan,-1,,3,International,Y,W
1357,937717,43727,Miracle Faiilagi,950,Samoa,4583.48,4583.48,4630,2,94,58,0,0,47,Playmaker Options,672,Acting Halfback at Breakdown,673,Playmaker Option - Carry,0,,0,,0,,0,,0,,0,,0,,0,,0,0,0,0,1899-12-30T01:16:34Z,2,39,0,0,4,950,Samoa,750,Tonga,05/08/2023,15:00,13,9,34,9,13,9,70,Apia Park,-1,NA,1,2023,06,6,Blindside Flanker,0,,0,,271,Angus Gardner,1000642,Damon Murphy,1000613,Matthew Kellahan,-1,,3,International,Y,W
1358,937717,43727,Miracle Faiilagi,950,Samoa,4583.48,4593.92,4630,2,94,58,100,62,1,Carry,103,Other Carry,117,Try Scored,109,Crossed Gain line,0,,500,0 Tacklers Committed,700,0th Receiver,0,,0,,0,,0,,6,7,0,0,1899-12-30T01:16:34Z,2,39,0,0,4,950,Samoa,750,Tonga,05/08/2023,15:00,13,9,34,9,13,9,70,Apia Park,-1,NA,1,2023,06,6,Blindside Flanker,0,,0,,271,Angus Gardner,1000642,Damon Murphy,1000613,Matthew Kellahan,-1,,3,International,Y,W
1359,937717,43727,Miracle Faiilagi,950,Samoa,4593.92,4593.92,4630,2,100,62,0,0,9,Try,0,Try,0,,0,,0,,0,,0,,0,,0,,0,,0,,0,0,0,0,1899-12-30T01:16:44Z,2,39,0,0,9,950,Samoa,750,Tonga,05/08/2023,15:00,13,9,34,9,13,9,70,Apia Park,-1,NA,1,2023,06,6,Blindside Flanker,0,,0,,271,Angus Gardner,1000642,Damon Murphy,1000613,Matthew Kellahan,-1,,3,International,Y,W
1360,937717,25212,D'Angelo Leuila,950,Samoa,4695.76,4699.08,4749,2,72,61,101,33,11,Goal Kick,295,Conversion,299,Goal Kicked,0,,0,,0,,0,,0,,0,,0,,0,,28,40,0,0,1899-12-30T01:18:26Z,1,39,0,0,11,950,Samoa,750,Tonga,05/08/2023,15:00,13,9,34,9,18,9,70,Apia Park,-1,NA,1,2023,10,10,Fly Half,0,,0,,271,Angus Gardner,1000642,Damon Murphy,1000613,Matthew Kellahan,-1,,3,International,Y,W
1361,937717,28913,Otumaka Mausia,750,Tonga,4727.20,4730.68,4820,2,50,35,82,46,14,Restart,281,50m Restart,286,Restart Opp Collection,288,Long,753,Kicked Right,0,,0,,0,,0,,0,,0,,31,34,12,0,1899-12-30T01:18:58Z,1,39,0,0,11,950,Samoa,750,Tonga,05/08/2023,15:00,13,9,34,9,20,9,70,Apia Park,-1,NA,1,2023,22,10,Fly Half,0,,0,,271,Angus Gardner,1000642,Damon Murphy,1000613,Matthew Kellahan,-1,,3,International,N,L
1362,937717,1927,Fritz Lee,950,Samoa,4730.68,4730.68,4824,2,19,22,0,0,18,Collection,275,Restart Catch,277,Success,0,,0,,0,,0,,0,,0,,0,,0,,0,0,0,0,1899-12-30T01:19:01Z,1,40,0,0,11,950,Samoa,750,Tonga,05/08/2023,15:00,13,9,34,9,20,9,70,Apia Park,-1,NA,1,2023,20,8,Number 8,0,,0,,271,Angus Gardner,1000642,Damon Murphy,1000613,Matthew Kellahan,-1,,3,International,Y,W
1363,937717,0,,950,Samoa,4730.68,4730.68,4824,2,19,22,0,0,45,Defensive Exits,630,Kicked out of 22,0,,0,,0,,0,,0,,0,,0,,0,,0,,0,0,0,0,1899-12-30T01:19:01Z,1,40,0,0,11,950,Samoa,750,Tonga,05/08/2023,15:00,13,9,34,9,20,9,70,Apia Park,-1,NA,1,2023,,,,0,,0,,271,Angus Gardner,1000642,Damon Murphy,1000613,Matthew Kellahan,-1,,3,International,Y,W
1364,937717,1927,Fritz Lee,950,Samoa,4730.68,4731.68,4824,2,19,22,13,21,1,Carry,105,Restart Return,409,Tackled Ineffective,111,Failed Gain line,462,Ineffective Contact,501,1 Tacklers Committed,700,0th Receiver,0,,0,,0,,0,,0,0,0,0,1899-12-30T01:19:01Z,1,40,0,0,11,950,Samoa,750,Tonga,05/08/2023,15:00,13,9,34,9,20,9,70,Apia Park,-1,NA,1,2023,20,8,Number 8,0,,0,,271,Angus Gardner,1000642,Damon Murphy,1000613,Matthew Kellahan,-1,,3,International,Y,W
1365,937717,20156,Sonatane Takulua,750,Tonga,4731.40,4731.40,4825,2,82,46,0,0,2,Tackle,142,Chase,159,Sack,0,,473,Dominant Tackle,708,1st Tackler,0,,0,,0,,0,,0,,0,0,0,0,1899-12-30T01:19:02Z,1,40,0,0,11,950,Samoa,750,Tonga,05/08/2023,15:00,13,9,34,9,20,9,70,Apia Park,-1,NA,1,2023,09,9,Scrum Half,0,,0,,271,Angus Gardner,1000642,Damon Murphy,1000613,Matthew Kellahan,-1,,3,International,N,L
1366,937717,1927,Fritz Lee,950,Samoa,4731.68,4741.20,4825,2,13,21,0,0,23,Ruck,0,,401,Won Outright,551,N/A Gainline,558,6+ Seconds,664,Close Right Open Movement Ruck,0,,0,,0,,0,,0,,0,0,-10,5,1899-12-30T01:19:02Z,1,40,0,0,11,950,Samoa,750,Tonga,05/08/2023,15:00,13,9,34,9,20,9,70,Apia Park,-1,NA,1,2023,20,8,Number 8,0,,0,,271,Angus Gardner,1000642,Damon Murphy,1000613,Matthew Kellahan,-1,,3,International,Y,W
1367,937717,20766,Chris Vui,950,Samoa,4732.96,4732.96,4826,2,13,21,0,0,43,Ruck OOA,575,Attended,583,Own Team 1st Entry,588,OOA Entry 1st Entry- Att,632,Attacking OOA,0,1,0,,0,,0,,0,,0,,0,0,0,0,1899-12-30T01:18:54Z,1,40,0,0,11,950,Samoa,750,Tonga,05/08/2023,15:00,13,9,34,9,20,9,70,Apia Park,-1,NA,1,2023,05,5,Lock (5),0,,0,,271,Angus Gardner,1000642,Damon Murphy,1000613,Matthew Kellahan,-1,,3,International,Y,W
1368,937717,22603,Duncan Paia'aua,950,Samoa,4733.72,4733.72,4827,2,13,21,0,0,43,Ruck OOA,574,Secured,584,Own Team 2nd Entry,589,OOA Entry 2nd Entry- Att,632,Attacking OOA,0,2,0,,0,,0,,0,,0,,0,0,0,0,1899-12-30T01:18:55Z,1,40,0,0,11,950,Samoa,750,Tonga,05/08/2023,15:00,13,9,34,9,20,9,70,Apia Park,-1,NA,1,2023,12,12,Inside Centre,0,,0,,271,Angus Gardner,1000642,Damon Murphy,1000613,Matthew Kellahan,-1,,3,International,Y,W
1369,937717,31482,Luteru Tolai,950,Samoa,4733.80,4733.80,4827,2,13,21,0,0,43,Ruck OOA,575,Attended,585,Own Team 3rd Entry,590,OOA Entry 3rd Entry- Att,632,Attacking OOA,0,3,0,,0,,0,,0,,0,,0,0,0,0,1899-12-30T01:18:55Z,1,40,0,0,11,950,Samoa,750,Tonga,05/08/2023,15:00,13,9,34,9,20,9,70,Apia Park,-1,NA,1,2023,16,2,Hooker,0,,0,,271,Angus Gardner,1000642,Damon Murphy,1000613,Matthew Kellahan,-1,,3,International,Y,W
1370,937717,21998,Michael Alaalatoa,950,Samoa,4735.16,4735.16,4828,2,13,21,0,0,43,Ruck OOA,575,Attended,586,Own Team 4th Entry,591,OOA Entry 4th Entry- Att,632,Attacking OOA,0,4,0,,0,,0,,0,,0,,0,0,0,0,1899-12-30T01:18:56Z,1,40,0,0,11,950,Samoa,750,Tonga,05/08/2023,15:00,13,9,34,9,20,9,70,Apia Park,-1,NA,1,2023,03,3,Tighthead Prop,0,,0,,271,Angus Gardner,1000642,Damon Murphy,1000613,Matthew Kellahan,-1,,3,International,Y,W
1371,937717,23399,Jonathan Taumateine,950,Samoa,4741.20,4741.20,4834,2,12,21,0,0,18,Collection,631,General Catch,0,,0,,0,,0,,0,,0,,0,,0,,0,,0,0,0,0,1899-12-30T01:19:12Z,2,40,0,0,11,950,Samoa,750,Tonga,05/08/2023,15:00,13,9,34,9,20,9,70,Apia Park,-1,NA,1,2023,09,9,Scrum Half,0,,0,,271,Angus Gardner,1000642,Damon Murphy,1000613,Matthew Kellahan,-1,,3,International,Y,W
1372,937717,23399,Jonathan Taumateine,950,Samoa,4741.20,4741.20,4834,2,12,21,0,0,47,Playmaker Options,671,Halfback at Breakdown,675,Playmaker Option - Pass,0,,0,,0,,0,,0,,0,,0,,0,,0,0,0,0,1899-12-30T01:19:12Z,2,40,0,0,11,950,Samoa,750,Tonga,05/08/2023,15:00,13,9,34,9,20,9,70,Apia Park,-1,NA,1,2023,09,9,Scrum Half,0,,0,,271,Angus Gardner,1000642,Damon Murphy,1000613,Matthew Kellahan,-1,,3,International,Y,W
1373,937717,23399,Jonathan Taumateine,950,Samoa,4741.40,4742.12,4835,2,12,21,2,31,3,Pass,169,Complete,0,,686,Medium Pass,682,Right Pass,700,0th Receiver,0,,0,,0,,0,,0,,10,14,10,0,1899-12-30T01:19:12Z,2,40,0,0,11,950,Samoa,750,Tonga,05/08/2023,15:00,13,9,34,9,20,9,70,Apia Park,-1,NA,1,2023,09,9,Scrum Half,0,,0,,271,Angus Gardner,1000642,Damon Murphy,1000613,Matthew Kellahan,-1,,3,International,Y,W
1374,937717,25212,D'Angelo Leuila,950,Samoa,4742.12,4742.12,4835,2,2,31,0,0,18,Collection,631,General Catch,0,,0,,0,,0,,0,,0,,0,,0,,0,,0,0,0,0,1899-12-30T01:19:12Z,2,40,0,0,11,950,Samoa,750,Tonga,05/08/2023,15:00,13,9,34,9,20,9,70,Apia Park,-1,NA,1,2023,10,10,Fly Half,0,,0,,271,Angus Gardner,1000642,Damon Murphy,1000613,Matthew Kellahan,-1,,3,International,Y,W
1375,937717,25212,D'Angelo Leuila,950,Samoa,4742.12,4742.12,4835,2,2,31,0,0,47,Playmaker Options,656,First Receiver,674,Playmaker Option - Kick,0,,0,,0,,0,,0,,0,,0,,0,,0,0,0,0,1899-12-30T01:19:12Z,2,40,0,0,11,950,Samoa,750,Tonga,05/08/2023,15:00,13,9,34,9,20,9,70,Apia Park,-1,NA,1,2023,10,10,Fly Half,0,,0,,271,Angus Gardner,1000642,Damon Murphy,1000613,Matthew Kellahan,-1,,3,International,Y,W
1376,937717,25212,D'Angelo Leuila,950,Samoa,4743.48,4748.04,4837,2,3,26,44,0,4,Kick,347,Touch Kick,193,Kick in Touch (Full),186,Kick in Play (Own 22),0,,0,,0,,0,,0,,0,,0,,41,49,0,0,1899-12-30T01:19:14Z,2,40,0,0,11,950,Samoa,750,Tonga,05/08/2023,15:00,13,9,34,9,20,9,70,Apia Park,-1,NA,1,2023,10,10,Fly Half,0,,0,,271,Angus Gardner,1000642,Damon Murphy,1000613,Matthew Kellahan,-1,,3,International,Y,W
1377,937717,0,,750,Tonga,4727.20,4748.04,4841,2,50,35,56,68,26,Sequences,307,50m Restart,315,Kick Out of Play,0,,0,,0,,0,,0,,0,,0,,0,,6,0,0,0,1899-12-30T01:18:58Z,2,40,0,0,11,950,Samoa,750,Tonga,05/08/2023,15:00,13,9,34,9,20,9,70,Apia Park,-1,NA,1,2023,,,,0,,0,,271,Angus Gardner,1000642,Damon Murphy,1000613,Matthew Kellahan,-1,,3,International,N,L
1378,937717,0,,950,Samoa,4730.68,4748.04,4841,2,19,22,44,0,15,Possession,307,50m Restart,315,Kick Out of Play,0,,684,Fails to enter into Opposition 22,0,,0,,0,,0,,0,,0,,26,0,0,0,1899-12-30T01:19:01Z,2,40,0,0,11,950,Samoa,750,Tonga,05/08/2023,15:00,13,9,34,9,20,9,70,Apia Park,-1,NA,1,2023,,,,0,,0,,271,Angus Gardner,1000642,Damon Murphy,1000613,Matthew Kellahan,-1,,3,International,Y,W
1379,937717,21998,Michael Alaalatoa,950,Samoa,4750.24,4750.24,4843,2,44,0,0,0,41,Sub Out,562,Tactical,0,,0,,0,,0,,0,,0,,0,,0,,0,,0,0,0,0,1899-12-30T01:19:21Z,2,40,0,-1,11,950,Samoa,750,Tonga,05/08/2023,15:00,13,9,34,9,20,9,70,Apia Park,-1,NA,1,2023,03,3,Tighthead Prop,0,,0,,271,Angus Gardner,1000642,Damon Murphy,1000613,Matthew Kellahan,-1,,3,International,Y,W
1380,937717,17201,Paul Alo-Emile,950,Samoa,4750.28,4750.28,4843,2,44,0,0,0,42,Sub In,562,Tactical,0,,0,,0,,0,,0,,0,,0,,0,,0,,0,0,0,0,1899-12-30T01:19:21Z,2,40,0,0,11,950,Samoa,750,Tonga,05/08/2023,15:00,13,9,34,9,20,9,70,Apia Park,-1,NA,1,2023,18,3,Tighthead Prop,0,,0,,271,Angus Gardner,1000642,Damon Murphy,1000613,Matthew Kellahan,-1,,3,International,Y,W
1381,937717,10081,Charlie Faumuina,950,Samoa,4750.64,4750.64,4844,2,44,0,0,0,41,Sub Out,562,Tactical,0,,0,,0,,0,,0,,0,,0,,0,,0,,0,0,0,0,1899-12-30T01:19:21Z,2,40,0,-1,11,950,Samoa,750,Tonga,05/08/2023,15:00,13,9,34,9,20,9,70,Apia Park,-1,NA,1,2023,01,1,Loosehead Prop,0,,0,,271,Angus Gardner,1000642,Damon Murphy,1000613,Matthew Kellahan,-1,,3,International,Y,W
1382,937717,21149,Titi Lamositele,950,Samoa,4750.68,4750.68,4844,2,44,0,0,0,42,Sub In,562,Tactical,0,,0,,0,,0,,0,,0,,0,,0,,0,,0,0,0,0,1899-12-30T01:19:21Z,2,40,0,0,11,950,Samoa,750,Tonga,05/08/2023,15:00,13,9,34,9,20,9,70,Apia Park,-1,NA,1,2023,17,1,Loosehead Prop,0,,0,,271,Angus Gardner,1000642,Damon Murphy,1000613,Matthew Kellahan,-1,,3,International,Y,W
1383,937717,0,,950,Samoa,4759.16,4785.16,4852,2,56,68,0,0,17,Period,0,Period,0,,0,,0,,0,,0,,0,,0,,0,,0,,0,0,0,0,1899-12-30T01:19:55Z,2,40,0,0,11,950,Samoa,750,Tonga,05/08/2023,15:00,13,9,34,9,20,9,70,Apia Park,-1,NA,1,2023,,,,0,,0,,271,Angus Gardner,1000642,Damon Murphy,1000613,Matthew Kellahan,-1,,3,International,Y,W
1384,937717,11292,Steve Mafi,750,Tonga,4769.96,4769.96,4852,2,56,68,0,0,41,Sub Out,562,Tactical,0,,0,,0,,0,,0,,0,,0,,0,,0,,0,0,0,0,1899-12-30T01:19:40Z,2,40,0,1,11,950,Samoa,750,Tonga,05/08/2023,15:00,13,9,34,9,20,9,70,Apia Park,-1,NA,1,2023,05,5,Lock (5),0,,0,,271,Angus Gardner,1000642,Damon Murphy,1000613,Matthew Kellahan,-1,,3,International,N,L
1385,937717,19606,Lopeti Timani,750,Tonga,4770.00,4770.00,4852,2,56,68,0,0,42,Sub In,562,Tactical,0,,0,,0,,0,,0,,0,,0,,0,,0,,0,0,0,0,1899-12-30T01:19:40Z,2,40,0,0,11,950,Samoa,750,Tonga,05/08/2023,15:00,13,9,34,9,20,9,70,Apia Park,-1,NA,1,2023,19,6,Blindside Flanker,0,,0,,271,Angus Gardner,1000642,Damon Murphy,1000613,Matthew Kellahan,-1,,3,International,N,L
1386,937717,35331,Siua Maile,750,Tonga,4793.16,4795.32,4900,2,56,68,56,62,6,Lineout Throw,371,Throw Front,377,Won Tap (Scrappy),211,Off The Top,0,5,663,Close Left Open Movement Lineout,730,5 Players,724,Halfback in Position,0,,0,,0,,6,0,-10,6,1899-12-30T01:20:05Z,1,41,0,0,11,950,Samoa,750,Tonga,05/08/2023,15:00,13,9,34,9,20,9,70,Apia Park,-1,NA,1,2023,02,2,Hooker,0,,0,,271,Angus Gardner,1000642,Damon Murphy,1000613,Matthew Kellahan,-1,,3,International,N,L
1387,937717,26114,Leva Fifita,750,Tonga,4795.32,4795.32,4902,2,56,62,0,0,27,Lineout Take,386,Lineout Win Front,377,Won Tap,211,Off The Top,398,Ineffective Tap,0,,0,,0,,0,,0,,0,,0,0,0,0,1899-12-30T01:20:06Z,1,41,0,0,11,950,Samoa,750,Tonga,05/08/2023,15:00,13,9,34,9,20,9,70,Apia Park,-1,NA,1,2023,04,4,Lock (4),0,,0,,271,Angus Gardner,1000642,Damon Murphy,1000613,Matthew Kellahan,-1,,3,International,N,L
1388,937717,26114,Leva Fifita,750,Tonga,4795.32,4796.32,4902,2,56,62,54,56,3,Pass,174,Incomplete,0,,686,Medium Pass,681,Left Pass,700,0th Receiver,0,,0,,0,,0,,0,,6,6,2,0,1899-12-30T01:20:06Z,1,41,0,0,11,950,Samoa,750,Tonga,05/08/2023,15:00,13,9,34,9,20,9,70,Apia Park,-1,NA,1,2023,04,4,Lock (4),0,,0,,271,Angus Gardner,1000642,Damon Murphy,1000613,Matthew Kellahan,-1,,3,International,N,L
1389,937717,18807,Ben Tameifuna,750,Tonga,4796.32,4796.32,4903,2,54,56,0,0,18,Collection,437,Tap Back,277,Success,0,,0,,0,,0,,0,,0,,0,,0,,0,0,0,0,1899-12-30T01:20:07Z,1,41,0,0,11,950,Samoa,750,Tonga,05/08/2023,15:00,13,9,34,9,20,9,70,Apia Park,-1,NA,1,2023,03,3,Tighthead Prop,0,,0,,271,Angus Gardner,1000642,Damon Murphy,1000613,Matthew Kellahan,-1,,3,International,N,L
1390,937717,18807,Ben Tameifuna,750,Tonga,4796.32,4798.04,4903,2,54,56,48,55,3,Pass,169,Complete,0,,679,Short Pass,681,Left Pass,701,1st Receiver,0,,0,,0,,0,,0,,1,7,7,0,1899-12-30T01:20:07Z,1,41,0,0,11,950,Samoa,750,Tonga,05/08/2023,15:00,13,9,34,9,20,9,70,Apia Park,-1,NA,1,2023,03,3,Tighthead Prop,0,,0,,271,Angus Gardner,1000642,Damon Murphy,1000613,Matthew Kellahan,-1,,3,International,N,L
1391,937717,20156,Sonatane Takulua,750,Tonga,4798.04,4798.04,4905,2,48,55,0,0,18,Collection,272,Attacking Loose Ball,277,Success,0,,0,,0,,0,,0,,0,,0,,0,,0,0,0,0,1899-12-30T01:20:08Z,1,41,0,0,11,950,Samoa,750,Tonga,05/08/2023,15:00,13,9,34,9,20,9,70,Apia Park,-1,NA,1,2023,09,9,Scrum Half,0,,0,,271,Angus Gardner,1000642,Damon Murphy,1000613,Matthew Kellahan,-1,,3,International,N,L
1392,937717,20156,Sonatane Takulua,750,Tonga,4798.68,4807.00,4906,2,45,56,0,0,23,Ruck,0,,401,Won Outright,549,Behind Previous Gainline,558,6+ Seconds,663,Close Left Open Movement Ruck,0,,0,,0,,0,,0,,0,0,-3,6,1899-12-30T01:20:09Z,1,41,0,0,11,950,Samoa,750,Tonga,05/08/2023,15:00,13,9,34,9,20,9,70,Apia Park,-1,NA,1,2023,09,9,Scrum Half,0,,0,,271,Angus Gardner,1000642,Damon Murphy,1000613,Matthew Kellahan,-1,,3,International,N,L
1393,937717,17201,Paul Alo-Emile,950,Samoa,4799.32,4799.32,4906,2,55,12,0,0,43,Ruck OOA,577,Not Clearing,583,Own Team 1st Entry,603,OOA Entry 1st Entry- Def,633,Defensive OOA,0,1,0,,0,,0,,0,,0,,0,0,0,0,1899-12-30T01:20:01Z,1,41,0,0,11,950,Samoa,750,Tonga,05/08/2023,15:00,13,9,34,9,20,9,70,Apia Park,-1,NA,1,2023,18,3,Tighthead Prop,0,,0,,271,Angus Gardner,1000642,Damon Murphy,1000613,Matthew Kellahan,-1,,3,International,Y,W
1394,937717,18807,Ben Tameifuna,750,Tonga,4800.48,4800.48,4908,2,45,56,0,0,43,Ruck OOA,574,Secured,583,Own Team 1st Entry,588,OOA Entry 1st Entry- Att,632,Attacking OOA,0,1,0,,0,,0,,0,,0,,0,0,0,0,1899-12-30T01:20:02Z,1,41,0,0,11,950,Samoa,750,Tonga,05/08/2023,15:00,13,9,34,9,20,9,70,Apia Park,-1,NA,1,2023,03,3,Tighthead Prop,0,,0,,271,Angus Gardner,1000642,Damon Murphy,1000613,Matthew Kellahan,-1,,3,International,N,L
1395,937717,36890,Theo McFarland,950,Samoa,4800.52,4800.52,4908,2,55,12,0,0,43,Ruck OOA,577,Not Clearing,584,Own Team 2nd Entry,604,OOA Entry 2nd Entry- Def,633,Defensive OOA,0,2,0,,0,,0,,0,,0,,0,0,0,0,1899-12-30T01:20:02Z,1,41,0,0,11,950,Samoa,750,Tonga,05/08/2023,15:00,13,9,34,9,20,9,70,Apia Park,-1,NA,1,2023,19,4,Lock (4),0,,0,,271,Angus Gardner,1000642,Damon Murphy,1000613,Matthew Kellahan,-1,,3,International,Y,W
1396,937717,28270,Tanginoa Halaifonua,750,Tonga,4800.88,4800.88,4908,2,45,56,0,0,43,Ruck OOA,575,Attended,584,Own Team 2nd Entry,589,OOA Entry 2nd Entry- Att,632,Attacking OOA,0,2,0,,0,,0,,0,,0,,0,0,0,0,1899-12-30T01:20:02Z,1,41,0,0,11,950,Samoa,750,Tonga,05/08/2023,15:00,13,9,34,9,20,9,70,Apia Park,-1,NA,1,2023,06,6,Blindside Flanker,0,,0,,271,Angus Gardner,1000642,Damon Murphy,1000613,Matthew Kellahan,-1,,3,International,N,L
1397,937717,31482,Luteru Tolai,950,Samoa,4802.16,4802.16,4909,2,56,16,0,0,7,Penalty Conceded,219,Offside,236,No Action,215,Defence,233,Full Penalty,444,Offside in General Play,0,,0,,0,,0,,0,,0,0,0,0,1899-12-30T01:20:13Z,1,41,0,0,11,950,Samoa,750,Tonga,05/08/2023,15:00,13,9,34,9,20,9,70,Apia Park,-1,NA,1,2023,16,2,Hooker,0,,0,,271,Angus Gardner,1000642,Damon Murphy,1000613,Matthew Kellahan,-1,,3,International,Y,W
1398,937717,22136,Siegfried Fisi'ihoi,750,Tonga,4802.32,4802.32,4909,2,44,52,0,0,43,Ruck OOA,574,Secured,585,Own Team 3rd Entry,590,OOA Entry 3rd Entry- Att,632,Attacking OOA,0,3,0,,0,,0,,0,,0,,0,0,0,0,1899-12-30T01:20:13Z,1,41,0,0,11,950,Samoa,750,Tonga,05/08/2023,15:00,13,9,34,9,20,9,70,Apia Park,-1,NA,1,2023,01,1,Loosehead Prop,0,,0,,271,Angus Gardner,1000642,Damon Murphy,1000613,Matthew Kellahan,-1,,3,International,N,L
1399,937717,21155,Vaea Fifita,750,Tonga,4807.00,4807.00,4914,2,45,57,0,0,18,Collection,631,General Catch,0,,0,,0,,0,,0,,0,,0,,0,,0,,0,0,0,0,1899-12-30T01:20:17Z,1,41,0,0,11,950,Samoa,750,Tonga,05/08/2023,15:00,13,9,34,9,20,9,70,Apia Park,-1,NA,1,2023,08,8,Number 8,0,,0,,271,Angus Gardner,1000642,Damon Murphy,1000613,Matthew Kellahan,-1,,3,International,N,L
1400,937717,21155,Vaea Fifita,750,Tonga,4807.00,4807.00,4914,2,45,57,0,0,47,Playmaker Options,672,Acting Halfback at Breakdown,675,Playmaker Option - Pass,0,,0,,0,,0,,0,,0,,0,,0,,0,0,0,0,1899-12-30T01:20:17Z,1,41,0,0,11,950,Samoa,750,Tonga,05/08/2023,15:00,13,9,34,9,20,9,70,Apia Park,-1,NA,1,2023,08,8,Number 8,0,,0,,271,Angus Gardner,1000642,Damon Murphy,1000613,Matthew Kellahan,-1,,3,International,N,L
1401,937717,21155,Vaea Fifita,750,Tonga,4807.16,4807.68,4914,2,45,57,40,51,3,Pass,169,Complete,0,,686,Medium Pass,681,Left Pass,700,0th Receiver,0,,0,,0,,0,,0,,6,8,5,0,1899-12-30T01:20:18Z,1,41,0,0,11,950,Samoa,750,Tonga,05/08/2023,15:00,13,9,34,9,20,9,70,Apia Park,-1,NA,1,2023,08,8,Number 8,0,,0,,271,Angus Gardner,1000642,Damon Murphy,1000613,Matthew Kellahan,-1,,3,International,N,L
1402,937717,26114,Leva Fifita,750,Tonga,4807.68,4807.68,4915,2,40,51,0,0,18,Collection,631,General Catch,0,,0,,0,,0,,0,,0,,0,,0,,0,,0,0,0,0,1899-12-30T01:20:18Z,1,41,0,0,11,950,Samoa,750,Tonga,05/08/2023,15:00,13,9,34,9,20,9,70,Apia Park,-1,NA,1,2023,04,4,Lock (4),0,,0,,271,Angus Gardner,1000642,Damon Murphy,1000613,Matthew Kellahan,-1,,3,International,N,L
1403,937717,26114,Leva Fifita,750,Tonga,4807.68,4807.68,4915,2,40,51,0,0,47,Playmaker Options,656,First Receiver,673,Playmaker Option - Carry,0,,0,,0,,0,,0,,0,,0,,0,,0,0,0,0,1899-12-30T01:20:18Z,1,41,0,0,11,950,Samoa,750,Tonga,05/08/2023,15:00,13,9,34,9,20,9,70,Apia Park,-1,NA,1,2023,04,4,Lock (4),0,,0,,271,Angus Gardner,1000642,Damon Murphy,1000613,Matthew Kellahan,-1,,3,International,N,L
1404,937717,26114,Leva Fifita,750,Tonga,4807.68,4808.52,4915,2,40,51,43,50,1,Carry,101,One Out Drive,108,Tackled Neutral,111,Failed Gain line,461,Neutral Contact,502,2 Tacklers Committed,701,1st Receiver,0,,0,,0,,0,,0,3,0,0,1899-12-30T01:20:18Z,1,41,0,0,11,950,Samoa,750,Tonga,05/08/2023,15:00,13,9,34,9,20,9,70,Apia Park,-1,NA,1,2023,04,4,Lock (4),0,,0,,271,Angus Gardner,1000642,Damon Murphy,1000613,Matthew Kellahan,-1,,3,International,N,L
1405,937717,31482,Luteru Tolai,950,Samoa,4808.72,4808.72,4916,2,57,18,0,0,2,Tackle,144,Line,153,Complete,0,,474,Neutral Tackle,708,1st Tackler,0,,0,,0,,0,,0,,0,0,0,0,1899-12-30T01:20:19Z,1,41,0,0,11,950,Samoa,750,Tonga,05/08/2023,15:00,13,9,34,9,20,9,70,Apia Park,-1,NA,1,2023,16,2,Hooker,0,,0,,271,Angus Gardner,1000642,Damon Murphy,1000613,Matthew Kellahan,-1,,3,International,Y,W
1406,937717,18506,Steven Luatua,950,Samoa,4808.88,4808.88,4916,2,57,18,0,0,2,Tackle,144,Line,153,Complete,441,Assist,474,Neutral Tackle,709,2nd Tackler,0,,0,,0,,0,,0,,0,0,0,0,1899-12-30T01:20:19Z,1,41,0,0,11,950,Samoa,750,Tonga,05/08/2023,15:00,13,9,34,9,20,9,70,Apia Park,-1,NA,1,2023,08,8,Number 8,0,,0,,271,Angus Gardner,1000642,Damon Murphy,1000613,Matthew Kellahan,-1,,3,International,Y,W
1407,937717,0,,750,Tonga,4793.16,4810.16,4917,2,56,68,43,50,15,Possession,306,Lineout,316,Pen Won,0,,684,Fails to enter into Opposition 22,0,,0,,0,,0,,0,,0,,-13,0,0,0,1899-12-30T01:20:05Z,1,41,0,0,11,950,Samoa,750,Tonga,05/08/2023,15:00,13,9,34,9,20,9,70,Apia Park,-1,NA,1,2023,,,,0,,0,,271,Angus Gardner,1000642,Damon Murphy,1000613,Matthew Kellahan,-1,,3,International,N,L
1408,937717,0,,750,Tonga,4793.16,4810.16,4917,2,56,68,43,50,26,Sequences,306,Lineout,316,Pen Won,0,,0,,0,,0,,0,,0,,0,,0,,-13,0,0,0,1899-12-30T01:20:05Z,1,41,0,0,11,950,Samoa,750,Tonga,05/08/2023,15:00,13,9,34,9,20,9,70,Apia Park,-1,NA,1,2023,,,,0,,0,,271,Angus Gardner,1000642,Damon Murphy,1000613,Matthew Kellahan,-1,,3,International,N,L
1409,937717,28913,Otumaka Mausia,750,Tonga,4835.00,4837.68,4942,2,47,50,74,68,4,Kick,347,Touch Kick,193,Kick in Touch (Full),148,Penalty Kick,0,,0,,0,,0,,0,,0,,0,,27,33,0,0,1899-12-30T01:20:45Z,1,41,0,0,11,950,Samoa,750,Tonga,05/08/2023,15:00,13,9,34,9,20,9,70,Apia Park,-1,NA,1,2023,22,10,Fly Half,0,,0,,271,Angus Gardner,1000642,Damon Murphy,1000613,Matthew Kellahan,-1,,3,International,N,L
1410,937717,0,,750,Tonga,4835.00,4837.68,4945,2,47,50,74,68,26,Sequences,780,Penalty Kick Touch,415,Own Lineout,0,,0,,0,,0,,0,,0,,0,,0,,27,0,0,0,1899-12-30T01:20:45Z,1,41,0,0,11,950,Samoa,750,Tonga,05/08/2023,15:00,13,9,34,9,20,9,70,Apia Park,-1,NA,1,2023,,,,0,,0,,271,Angus Gardner,1000642,Damon Murphy,1000613,Matthew Kellahan,-1,,3,International,N,L
1411,937717,35331,Siua Maile,750,Tonga,4862.04,4864.20,5009,2,74,68,74,62,6,Lineout Throw,371,Throw Front,377,Won Clean Tap,211,Off The Top,0,7+1,670,Tight Right Blindside Movement Lineout,732,7 Players,725,Forward at Halfback (+1),0,,0,,0,,6,0,-12,0,1899-12-30T01:21:14Z,1,42,0,0,11,950,Samoa,750,Tonga,05/08/2023,15:00,13,9,34,9,20,9,70,Apia Park,-1,NA,1,2023,02,2,Hooker,0,,0,,271,Angus Gardner,1000642,Damon Murphy,1000613,Matthew Kellahan,-1,,3,International,N,L
1412,937717,26114,Leva Fifita,750,Tonga,4864.20,4864.20,5011,2,74,62,0,0,27,Lineout Take,386,Lineout Win Front,377,Won Tap,211,Off The Top,397,Clean Tap,0,,0,,0,,0,,0,,0,,0,0,0,0,1899-12-30T01:21:15Z,1,42,0,0,11,950,Samoa,750,Tonga,05/08/2023,15:00,13,9,34,9,20,9,70,Apia Park,-1,NA,1,2023,04,4,Lock (4),0,,0,,271,Angus Gardner,1000642,Damon Murphy,1000613,Matthew Kellahan,-1,,3,International,N,L
1413,937717,26114,Leva Fifita,750,Tonga,4864.20,4865.24,5011,2,74,62,66,62,3,Pass,169,Complete,0,,679,Short Pass,687,Neutral Pass,700,0th Receiver,0,,0,,0,,0,,0,,0,8,8,0,1899-12-30T01:21:15Z,1,42,0,0,11,950,Samoa,750,Tonga,05/08/2023,15:00,13,9,34,9,20,9,70,Apia Park,-1,NA,1,2023,04,4,Lock (4),0,,0,,271,Angus Gardner,1000642,Damon Murphy,1000613,Matthew Kellahan,-1,,3,International,N,L
1414,937717,20156,Sonatane Takulua,750,Tonga,4865.24,4865.24,5012,2,66,62,0,0,18,Collection,631,General Catch,0,,0,,0,,0,,0,,0,,0,,0,,0,,0,0,0,0,1899-12-30T01:21:16Z,1,42,0,0,11,950,Samoa,750,Tonga,05/08/2023,15:00,13,9,34,9,20,9,70,Apia Park,-1,NA,1,2023,09,9,Scrum Half,0,,0,,271,Angus Gardner,1000642,Damon Murphy,1000613,Matthew Kellahan,-1,,3,International,N,L
1415,937717,20156,Sonatane Takulua,750,Tonga,4865.24,4866.48,5012,2,66,62,62,62,1,Carry,103,Other Carry,409,Tackled Ineffective,111,Failed Gain line,462,Ineffective Contact,501,1 Tacklers Committed,701,1st Receiver,0,,0,,0,,0,,0,0,0,0,1899-12-30T01:21:16Z,1,42,0,0,11,950,Samoa,750,Tonga,05/08/2023,15:00,13,9,34,9,20,9,70,Apia Park,-1,NA,1,2023,09,9,Scrum Half,0,,0,,271,Angus Gardner,1000642,Damon Murphy,1000613,Matthew Kellahan,-1,,3,International,N,L
1416,937717,20766,Chris Vui,950,Samoa,4866.24,4866.24,5013,2,34,6,0,0,2,Tackle,147,Other,159,Sack,0,,473,Dominant Tackle,708,1st Tackler,0,,0,,0,,0,,0,,0,0,0,0,1899-12-30T01:21:17Z,1,42,0,0,11,950,Samoa,750,Tonga,05/08/2023,15:00,13,9,34,9,20,9,70,Apia Park,-1,NA,1,2023,05,5,Lock (5),0,,0,,271,Angus Gardner,1000642,Damon Murphy,1000613,Matthew Kellahan,-1,,3,International,Y,W
1417,937717,20156,Sonatane Takulua,750,Tonga,4866.48,4873.72,5014,2,62,62,0,0,23,Ruck,0,,401,Won Outright,549,Behind Previous Gainline,558,6+ Seconds,661,Mid Left Open Movement Ruck,0,,0,,0,,0,,0,,0,0,0,10,1899-12-30T01:21:17Z,1,42,0,0,11,950,Samoa,750,Tonga,05/08/2023,15:00,13,9,34,9,20,9,70,Apia Park,-1,NA,1,2023,09,9,Scrum Half,0,,0,,271,Angus Gardner,1000642,Damon Murphy,1000613,Matthew Kellahan,-1,,3,International,N,L
1418,937717,35331,Siua Maile,750,Tonga,4867.64,4867.64,5015,2,62,62,0,0,43,Ruck OOA,575,Attended,583,Own Team 1st Entry,588,OOA Entry 1st Entry- Att,632,Attacking OOA,0,1,0,,0,,0,,0,,0,,0,0,0,0,1899-12-30T01:21:11Z,1,42,0,0,11,950,Samoa,750,Tonga,05/08/2023,15:00,13,9,34,9,20,9,70,Apia Park,-1,NA,1,2023,02,2,Hooker,0,,0,,271,Angus Gardner,1000642,Damon Murphy,1000613,Matthew Kellahan,-1,,3,International,N,L
1419,937717,29249,Sione Havili Talitui,750,Tonga,4867.80,4867.80,5015,2,62,62,0,0,43,Ruck OOA,574,Secured,584,Own Team 2nd Entry,589,OOA Entry 2nd Entry- Att,632,Attacking OOA,0,2,0,,0,,0,,0,,0,,0,0,0,0,1899-12-30T01:21:11Z,1,42,0,0,11,950,Samoa,750,Tonga,05/08/2023,15:00,13,9,34,9,20,9,70,Apia Park,-1,NA,1,2023,07,7,Openside Flanker,0,,0,,271,Angus Gardner,1000642,Damon Murphy,1000613,Matthew Kellahan,-1,,3,International,N,L
1420,937717,18807,Ben Tameifuna,750,Tonga,4867.96,4867.96,5015,2,62,62,0,0,43,Ruck OOA,574,Secured,585,Own Team 3rd Entry,590,OOA Entry 3rd Entry- Att,632,Attacking OOA,0,3,0,,0,,0,,0,,0,,0,0,0,0,1899-12-30T01:21:11Z,1,42,0,0,11,950,Samoa,750,Tonga,05/08/2023,15:00,13,9,34,9,20,9,70,Apia Park,-1,NA,1,2023,03,3,Tighthead Prop,0,,0,,271,Angus Gardner,1000642,Damon Murphy,1000613,Matthew Kellahan,-1,,3,International,N,L
1421,937717,17201,Paul Alo-Emile,950,Samoa,4868.48,4868.48,5016,2,38,6,0,0,43,Ruck OOA,577,Not Clearing,583,Own Team 1st Entry,603,OOA Entry 1st Entry- Def,633,Defensive OOA,0,1,0,,0,,0,,0,,0,,0,0,0,0,1899-12-30T01:21:12Z,1,42,0,0,11,950,Samoa,750,Tonga,05/08/2023,15:00,13,9,34,9,20,9,70,Apia Park,-1,NA,1,2023,18,3,Tighthead Prop,0,,0,,271,Angus Gardner,1000642,Damon Murphy,1000613,Matthew Kellahan,-1,,3,International,Y,W
1422,937717,20766,Chris Vui,950,Samoa,4868.88,4868.88,5016,2,38,6,0,0,43,Ruck OOA,577,Not Clearing,584,Own Team 2nd Entry,604,OOA Entry 2nd Entry- Def,633,Defensive OOA,0,2,0,,0,,0,,0,,0,,0,0,0,0,1899-12-30T01:21:12Z,1,42,0,0,11,950,Samoa,750,Tonga,05/08/2023,15:00,13,9,34,9,20,9,70,Apia Park,-1,NA,1,2023,05,5,Lock (5),0,,0,,271,Angus Gardner,1000642,Damon Murphy,1000613,Matthew Kellahan,-1,,3,International,Y,W
1423,937717,19606,Lopeti Timani,750,Tonga,4870.04,4870.04,5017,2,62,62,0,0,43,Ruck OOA,574,Secured,586,Own Team 4th Entry,591,OOA Entry 4th Entry- Att,632,Attacking OOA,0,4,0,,0,,0,,0,,0,,0,0,0,0,1899-12-30T01:21:13Z,1,42,0,0,11,950,Samoa,750,Tonga,05/08/2023,15:00,13,9,34,9,20,9,70,Apia Park,-1,NA,1,2023,19,6,Blindside Flanker,0,,0,,271,Angus Gardner,1000642,Damon Murphy,1000613,Matthew Kellahan,-1,,3,International,N,L
1424,937717,22136,Siegfried Fisi'ihoi,750,Tonga,4870.48,4870.48,5018,2,62,62,0,0,43,Ruck OOA,574,Secured,587,Own Team 5th+ Entry,592,OOA Entry 5th Entry- Att,632,Attacking OOA,0,5,0,,0,,0,,0,,0,,0,0,0,0,1899-12-30T01:21:13Z,1,42,0,0,11,950,Samoa,750,Tonga,05/08/2023,15:00,13,9,34,9,20,9,70,Apia Park,-1,NA,1,2023,01,1,Loosehead Prop,0,,0,,271,Angus Gardner,1000642,Damon Murphy,1000613,Matthew Kellahan,-1,,3,International,N,L
1425,937717,28913,Otumaka Mausia,750,Tonga,4873.72,4873.72,5021,2,61,62,0,0,18,Collection,631,General Catch,0,,0,,0,,0,,0,,0,,0,,0,,0,,0,0,0,0,1899-12-30T01:21:24Z,2,42,0,0,11,950,Samoa,750,Tonga,05/08/2023,15:00,13,9,34,9,20,9,70,Apia Park,-1,NA,1,2023,22,10,Fly Half,0,,0,,271,Angus Gardner,1000642,Damon Murphy,1000613,Matthew Kellahan,-1,,3,International,N,L
1426,937717,28913,Otumaka Mausia,750,Tonga,4873.72,4873.72,5021,2,61,62,0,0,47,Playmaker Options,672,Acting Halfback at Breakdown,675,Playmaker Option - Pass,0,,0,,0,,0,,0,,0,,0,,0,,0,0,0,0,1899-12-30T01:21:24Z,2,42,0,0,11,950,Samoa,750,Tonga,05/08/2023,15:00,13,9,34,9,20,9,70,Apia Park,-1,NA,1,2023,22,10,Fly Half,0,,0,,271,Angus Gardner,1000642,Damon Murphy,1000613,Matthew Kellahan,-1,,3,International,N,L
1427,937717,28913,Otumaka Mausia,750,Tonga,4874.04,4874.44,5021,2,61,62,56,52,3,Pass,169,Complete,0,,686,Medium Pass,681,Left Pass,700,0th Receiver,0,,0,,0,,0,,0,,11,12,5,0,1899-12-30T01:21:24Z,2,42,0,0,11,950,Samoa,750,Tonga,05/08/2023,15:00,13,9,34,9,20,9,70,Apia Park,-1,NA,1,2023,22,10,Fly Half,0,,0,,271,Angus Gardner,1000642,Damon Murphy,1000613,Matthew Kellahan,-1,,3,International,N,L
1428,937717,26114,Leva Fifita,750,Tonga,4874.44,4874.44,5022,2,56,52,0,0,18,Collection,631,General Catch,0,,0,,0,,0,,0,,0,,0,,0,,0,,0,0,0,0,1899-12-30T01:21:25Z,2,42,0,0,11,950,Samoa,750,Tonga,05/08/2023,15:00,13,9,34,9,20,9,70,Apia Park,-1,NA,1,2023,04,4,Lock (4),0,,0,,271,Angus Gardner,1000642,Damon Murphy,1000613,Matthew Kellahan,-1,,3,International,N,L
1429,937717,26114,Leva Fifita,750,Tonga,4874.44,4874.44,5022,2,56,52,0,0,47,Playmaker Options,656,First Receiver,673,Playmaker Option - Carry,0,,0,,0,,0,,0,,0,,0,,0,,0,0,0,0,1899-12-30T01:21:25Z,2,42,0,0,11,950,Samoa,750,Tonga,05/08/2023,15:00,13,9,34,9,20,9,70,Apia Park,-1,NA,1,2023,04,4,Lock (4),0,,0,,271,Angus Gardner,1000642,Damon Murphy,1000613,Matthew Kellahan,-1,,3,International,N,L
1430,937717,26114,Leva Fifita,750,Tonga,4874.44,4876.80,5022,2,56,52,62,52,1,Carry,101,One Out Drive,119,Error,110,Neutral Gain line,461,Neutral Contact,501,1 Tacklers Committed,701,1st Receiver,0,,0,,0,,0,,0,6,2,2,1899-12-30T01:21:25Z,2,42,0,0,11,950,Samoa,750,Tonga,05/08/2023,15:00,13,9,34,9,20,9,70,Apia Park,-1,NA,1,2023,04,4,Lock (4),0,,0,,271,Angus Gardner,1000642,Damon Murphy,1000613,Matthew Kellahan,-1,,3,International,N,L
1431,937717,21149,Titi Lamositele,950,Samoa,4875.92,4875.92,5023,2,40,18,0,0,2,Tackle,144,Line,153,Complete,0,,474,Neutral Tackle,708,1st Tackler,0,,0,,0,,0,,0,,0,0,0,0,1899-12-30T01:21:26Z,2,42,0,0,11,950,Samoa,750,Tonga,05/08/2023,15:00,13,9,34,9,20,9,70,Apia Park,-1,NA,1,2023,17,1,Loosehead Prop,0,,0,,271,Angus Gardner,1000642,Damon Murphy,1000613,Matthew Kellahan,-1,,3,International,Y,W
1432,937717,31482,Luteru Tolai,950,Samoa,4876.08,4876.08,5023,2,40,18,0,0,40,Defensive Action,560,Tackle Arrival,0,,0,,0,,0,,0,,0,,0,,0,,0,,0,0,0,0,1899-12-30T01:21:26Z,2,42,0,0,11,950,Samoa,750,Tonga,05/08/2023,15:00,13,9,34,9,20,9,70,Apia Park,-1,NA,1,2023,16,2,Hooker,0,,0,,271,Angus Gardner,1000642,Damon Murphy,1000613,Matthew Kellahan,-1,,3,International,Y,W
1433,937717,26114,Leva Fifita,750,Tonga,4876.80,4880.52,5024,2,62,52,0,0,23,Ruck,0,,401,Won Outright,550,Equal to Previous  Gainline,555,3-4 Seconds,676,N/A Movement Ruck,0,,0,,0,,0,,0,,0,0,0,0,1899-12-30T01:21:27Z,2,42,0,0,11,950,Samoa,750,Tonga,05/08/2023,15:00,13,9,34,9,20,9,70,Apia Park,-1,NA,1,2023,04,4,Lock (4),0,,0,,271,Angus Gardner,1000642,Damon Murphy,1000613,Matthew Kellahan,-1,,3,International,N,L
1434,937717,31482,Luteru Tolai,950,Samoa,4877.04,4877.04,5024,2,38,16,0,0,43,Ruck OOA,578,Got Cleaned Out,583,Own Team 1st Entry,603,OOA Entry 1st Entry- Def,633,Defensive OOA,0,1,0,,0,,0,,0,,0,,0,0,0,0,1899-12-30T01:21:24Z,2,42,0,0,11,950,Samoa,750,Tonga,05/08/2023,15:00,13,9,34,9,20,9,70,Apia Park,-1,NA,1,2023,16,2,Hooker,0,,0,,271,Angus Gardner,1000642,Damon Murphy,1000613,Matthew Kellahan,-1,,3,International,Y,W
1435,937717,21155,Vaea Fifita,750,Tonga,4877.12,4877.12,5024,2,62,52,0,0,43,Ruck OOA,572,Cleaned Out,583,Own Team 1st Entry,588,OOA Entry 1st Entry- Att,632,Attacking OOA,0,1,0,,0,,0,,0,,0,,0,0,0,0,1899-12-30T01:21:24Z,2,42,0,0,11,950,Samoa,750,Tonga,05/08/2023,15:00,13,9,34,9,20,9,70,Apia Park,-1,NA,1,2023,08,8,Number 8,0,,0,,271,Angus Gardner,1000642,Damon Murphy,1000613,Matthew Kellahan,-1,,3,International,N,L
1436,937717,28270,Tanginoa Halaifonua,750,Tonga,4877.88,4877.88,5025,2,62,52,0,0,43,Ruck OOA,574,Secured,584,Own Team 2nd Entry,589,OOA Entry 2nd Entry- Att,632,Attacking OOA,0,2,0,,0,,0,,0,,0,,0,0,0,0,1899-12-30T01:21:25Z,2,42,0,0,11,950,Samoa,750,Tonga,05/08/2023,15:00,13,9,34,9,20,9,70,Apia Park,-1,NA,1,2023,06,6,Blindside Flanker,0,,0,,271,Angus Gardner,1000642,Damon Murphy,1000613,Matthew Kellahan,-1,,3,International,N,L
1437,937717,26114,Leva Fifita,750,Tonga,4879.88,4879.88,5027,2,61,53,0,0,8,Turnover,260,Other Error,677,Error on Attack,0,,0,,0,,0,,0,,0,,0,,0,,0,0,0,0,1899-12-30T01:21:27Z,2,42,0,0,11,950,Samoa,750,Tonga,05/08/2023,15:00,13,9,34,9,20,9,70,Apia Park,-1,NA,1,2023,04,4,Lock (4),0,,0,,271,Angus Gardner,1000642,Damon Murphy,1000613,Matthew Kellahan,-1,,3,International,N,L
1438,937717,0,,750,Tonga,4862.04,4880.52,5028,2,74,68,61,52,15,Possession,306,Lineout,318,Turnover,0,,684,Fails to enter into Opposition 22,0,,0,,0,,0,,0,,0,,-13,0,0,0,1899-12-30T01:21:14Z,2,42,0,0,11,950,Samoa,750,Tonga,05/08/2023,15:00,13,9,34,9,20,9,70,Apia Park,-1,NA,1,2023,,,,0,,0,,271,Angus Gardner,1000642,Damon Murphy,1000613,Matthew Kellahan,-1,,3,International,N,L
1439,937717,36890,Theo McFarland,950,Samoa,4880.52,4880.52,5028,2,39,16,0,0,18,Collection,274,Defensive Loose Ball,277,Success,0,,0,,0,,0,,0,,0,,0,,0,,0,0,0,0,1899-12-30T01:21:31Z,1,43,0,0,11,950,Samoa,750,Tonga,05/08/2023,15:00,13,9,34,9,20,9,70,Apia Park,-1,NA,1,2023,19,4,Lock (4),0,,0,,271,Angus Gardner,1000642,Damon Murphy,1000613,Matthew Kellahan,-1,,3,International,Y,W
1440,937717,36890,Theo McFarland,950,Samoa,4880.52,4883.36,5028,2,39,16,43,13,1,Carry,103,Other Carry,108,Tackled Neutral,109,Crossed Gain line,461,Neutral Contact,501,1 Tacklers Committed,700,0th Receiver,0,,0,,0,,0,,4,4,1,1,1899-12-30T01:21:31Z,1,43,0,0,11,950,Samoa,750,Tonga,05/08/2023,15:00,13,9,34,9,20,9,70,Apia Park,-1,NA,1,2023,19,4,Lock (4),0,,0,,271,Angus Gardner,1000642,Damon Murphy,1000613,Matthew Kellahan,-1,,3,International,Y,W
1441,937717,29249,Sione Havili Talitui,750,Tonga,4882.48,4882.48,5030,2,58,54,0,0,2,Tackle,144,Line,153,Complete,0,,474,Neutral Tackle,708,1st Tackler,0,,0,,0,,0,,0,,0,0,0,0,1899-12-30T01:21:33Z,1,43,0,0,11,950,Samoa,750,Tonga,05/08/2023,15:00,13,9,34,9,20,9,70,Apia Park,-1,NA,1,2023,07,7,Openside Flanker,0,,0,,271,Angus Gardner,1000642,Damon Murphy,1000613,Matthew Kellahan,-1,,3,International,N,L
1442,937717,36890,Theo McFarland,950,Samoa,4883.36,4886.44,5031,2,43,13,0,0,23,Ruck,0,,401,Won Outright,551,N/A Gainline,555,3-4 Seconds,660,Wide Right Open Movement Ruck,0,,0,,0,,0,,0,,0,0,7,53,1899-12-30T01:21:34Z,1,43,0,0,11,950,Samoa,750,Tonga,05/08/2023,15:00,13,9,34,9,20,9,70,Apia Park,-1,NA,1,2023,19,4,Lock (4),0,,0,,271,Angus Gardner,1000642,Damon Murphy,1000613,Matthew Kellahan,-1,,3,International,Y,W
1443,937717,29249,Sione Havili Talitui,750,Tonga,4883.72,4883.72,5031,2,57,55,0,0,43,Ruck OOA,578,Got Cleaned Out,583,Own Team 1st Entry,603,OOA Entry 1st Entry- Def,633,Defensive OOA,0,1,0,,0,,0,,0,,0,,0,0,0,0,1899-12-30T01:21:31Z,1,43,0,0,11,950,Samoa,750,Tonga,05/08/2023,15:00,13,9,34,9,20,9,70,Apia Park,-1,NA,1,2023,07,7,Openside Flanker,0,,0,,271,Angus Gardner,1000642,Damon Murphy,1000613,Matthew Kellahan,-1,,3,International,N,L
1444,937717,31482,Luteru Tolai,950,Samoa,4884.32,4884.32,5031,2,43,13,0,0,43,Ruck OOA,574,Secured,583,Own Team 1st Entry,588,OOA Entry 1st Entry- Att,632,Attacking OOA,0,1,0,,0,,0,,0,,0,,0,0,0,0,1899-12-30T01:21:32Z,1,43,0,0,11,950,Samoa,750,Tonga,05/08/2023,15:00,13,9,34,9,20,9,70,Apia Park,-1,NA,1,2023,16,2,Hooker,0,,0,,271,Angus Gardner,1000642,Damon Murphy,1000613,Matthew Kellahan,-1,,3,International,Y,W
1445,937717,9023,Christian Leali'ifano,950,Samoa,4884.36,4884.36,5032,2,43,13,0,0,43,Ruck OOA,572,Cleaned Out,584,Own Team 2nd Entry,589,OOA Entry 2nd Entry- Att,632,Attacking OOA,0,2,0,,0,,0,,0,,0,,0,0,0,0,1899-12-30T01:21:32Z,1,43,0,0,11,950,Samoa,750,Tonga,05/08/2023,15:00,13,9,34,9,20,9,70,Apia Park,-1,NA,1,2023,22,10,Fly Half,0,,0,,271,Angus Gardner,1000642,Damon Murphy,1000613,Matthew Kellahan,-1,,3,International,Y,W
1446,937717,18506,Steven Luatua,950,Samoa,4885.40,4885.40,5033,2,43,13,0,0,43,Ruck OOA,575,Attended,585,Own Team 3rd Entry,590,OOA Entry 3rd Entry- Att,632,Attacking OOA,0,3,0,,0,,0,,0,,0,,0,0,0,0,1899-12-30T01:21:33Z,1,43,0,0,11,950,Samoa,750,Tonga,05/08/2023,15:00,13,9,34,9,20,9,70,Apia Park,-1,NA,1,2023,08,8,Number 8,0,,0,,271,Angus Gardner,1000642,Damon Murphy,1000613,Matthew Kellahan,-1,,3,International,Y,W
1447,937717,23399,Jonathan Taumateine,950,Samoa,4886.44,4886.44,5034,2,42,13,0,0,18,Collection,631,General Catch,0,,0,,0,,0,,0,,0,,0,,0,,0,,0,0,0,0,1899-12-30T01:21:37Z,2,43,0,0,11,950,Samoa,750,Tonga,05/08/2023,15:00,13,9,34,9,20,9,70,Apia Park,-1,NA,1,2023,09,9,Scrum Half,0,,0,,271,Angus Gardner,1000642,Damon Murphy,1000613,Matthew Kellahan,-1,,3,International,Y,W
1448,937717,23399,Jonathan Taumateine,950,Samoa,4886.44,4886.44,5034,2,42,13,0,0,47,Playmaker Options,671,Halfback at Breakdown,675,Playmaker Option - Pass,0,,0,,0,,0,,0,,0,,0,,0,,0,0,0,0,1899-12-30T01:21:37Z,2,43,0,0,11,950,Samoa,750,Tonga,05/08/2023,15:00,13,9,34,9,20,9,70,Apia Park,-1,NA,1,2023,09,9,Scrum Half,0,,0,,271,Angus Gardner,1000642,Damon Murphy,1000613,Matthew Kellahan,-1,,3,International,Y,W
1449,937717,23399,Jonathan Taumateine,950,Samoa,4886.84,4887.68,5034,2,42,13,32,25,3,Pass,169,Complete,0,,686,Medium Pass,682,Right Pass,700,0th Receiver,0,,0,,0,,0,,0,,13,16,10,0,1899-12-30T01:21:37Z,2,43,0,0,11,950,Samoa,750,Tonga,05/08/2023,15:00,13,9,34,9,20,9,70,Apia Park,-1,NA,1,2023,09,9,Scrum Half,0,,0,,271,Angus Gardner,1000642,Damon Murphy,1000613,Matthew Kellahan,-1,,3,International,Y,W
1450,937717,25212,D'Angelo Leuila,950,Samoa,4887.68,4887.68,5035,2,32,25,0,0,18,Collection,631,General Catch,0,,0,,0,,0,,0,,0,,0,,0,,0,,0,0,0,0,1899-12-30T01:21:38Z,2,43,0,0,11,950,Samoa,750,Tonga,05/08/2023,15:00,13,9,34,9,20,9,70,Apia Park,-1,NA,1,2023,10,10,Fly Half,0,,0,,271,Angus Gardner,1000642,Damon Murphy,1000613,Matthew Kellahan,-1,,3,International,Y,W
1451,937717,25212,D'Angelo Leuila,950,Samoa,4887.68,4887.68,5035,2,32,25,0,0,47,Playmaker Options,656,First Receiver,675,Playmaker Option - Pass,0,,0,,0,,0,,0,,0,,0,,0,,0,0,0,0,1899-12-30T01:21:38Z,2,43,0,0,11,950,Samoa,750,Tonga,05/08/2023,15:00,13,9,34,9,20,9,70,Apia Park,-1,NA,1,2023,10,10,Fly Half,0,,0,,271,Angus Gardner,1000642,Damon Murphy,1000613,Matthew Kellahan,-1,,3,International,Y,W
1452,937717,25212,D'Angelo Leuila,950,Samoa,4888.80,4889.72,5036,2,32,26,22,43,3,Pass,169,Complete,0,,680,Long Pass,682,Right Pass,701,1st Receiver,0,,0,,0,,0,,0,,18,20,10,0,1899-12-30T01:21:39Z,2,43,0,0,11,950,Samoa,750,Tonga,05/08/2023,15:00,13,9,34,9,20,9,70,Apia Park,-1,NA,1,2023,10,10,Fly Half,0,,0,,271,Angus Gardner,1000642,Damon Murphy,1000613,Matthew Kellahan,-1,,3,International,Y,W
1453,937717,22603,Duncan Paia'aua,950,Samoa,4889.72,4889.72,5037,2,22,43,0,0,18,Collection,631,General Catch,0,,0,,0,,0,,0,,0,,0,,0,,0,,0,0,0,0,1899-12-30T01:21:40Z,2,43,0,0,11,950,Samoa,750,Tonga,05/08/2023,15:00,13,9,34,9,20,9,70,Apia Park,-1,NA,1,2023,12,12,Inside Centre,0,,0,,271,Angus Gardner,1000642,Damon Murphy,1000613,Matthew Kellahan,-1,,3,International,Y,W
1454,937717,0,,950,Samoa,4889.72,4889.72,5037,2,22,43,0,0,45,Defensive Exits,629,Carried out of 22,0,,0,,0,,0,,0,,0,,0,,0,,0,,0,0,0,0,1899-12-30T01:21:40Z,2,43,0,0,11,950,Samoa,750,Tonga,05/08/2023,15:00,13,9,34,9,20,9,70,Apia Park,-1,NA,1,2023,,,,0,,0,,271,Angus Gardner,1000642,Damon Murphy,1000613,Matthew Kellahan,-1,,3,International,Y,W
1455,937717,22603,Duncan Paia'aua,950,Samoa,4889.72,4889.72,5037,2,22,43,0,0,47,Playmaker Options,657,Second Receiver,675,Playmaker Option - Pass,0,,0,,0,,0,,0,,0,,0,,0,,0,0,0,0,1899-12-30T01:21:40Z,2,43,0,0,11,950,Samoa,750,Tonga,05/08/2023,15:00,13,9,34,9,20,9,70,Apia Park,-1,NA,1,2023,12,12,Inside Centre,0,,0,,271,Angus Gardner,1000642,Damon Murphy,1000613,Matthew Kellahan,-1,,3,International,Y,W
1456,937717,22603,Duncan Paia'aua,950,Samoa,4890.56,4891.76,5038,2,25,49,25,65,3,Pass,169,Complete,0,,680,Long Pass,682,Right Pass,702,2nd Receiver,0,,0,,0,,0,,0,,16,16,0,0,1899-12-30T01:21:41Z,2,43,0,0,11,950,Samoa,750,Tonga,05/08/2023,15:00,13,9,34,9,20,9,70,Apia Park,-1,NA,1,2023,12,12,Inside Centre,0,,0,,271,Angus Gardner,1000642,Damon Murphy,1000613,Matthew Kellahan,-1,,3,International,Y,W
1457,937717,20546,Nigel Ah Wong,950,Samoa,4891.76,4891.76,5039,2,25,65,0,0,18,Collection,631,General Catch,0,,0,,0,,0,,0,,0,,0,,0,,0,,0,0,0,0,1899-12-30T01:21:42Z,2,43,0,0,11,950,Samoa,750,Tonga,05/08/2023,15:00,13,9,34,9,20,9,70,Apia Park,-1,NA,1,2023,14,14,Right Wing,0,,0,,271,Angus Gardner,1000642,Damon Murphy,1000613,Matthew Kellahan,-1,,3,International,Y,W
1458,937717,20546,Nigel Ah Wong,950,Samoa,4891.76,4891.76,5039,2,25,65,0,0,47,Playmaker Options,658,Third Receiver,673,Playmaker Option - Carry,0,,0,,0,,0,,0,,0,,0,,0,,0,0,0,0,1899-12-30T01:21:42Z,2,43,0,0,11,950,Samoa,750,Tonga,05/08/2023,15:00,13,9,34,9,20,9,70,Apia Park,-1,NA,1,2023,14,14,Right Wing,0,,0,,271,Angus Gardner,1000642,Damon Murphy,1000613,Matthew Kellahan,-1,,3,International,Y,W
1459,937717,20546,Nigel Ah Wong,950,Samoa,4891.76,4894.44,5039,2,25,65,46,65,1,Carry,103,Other Carry,122,Off Load,109,Crossed Gain line,460,Dominant Contact,501,1 Tacklers Committed,703,3rd Receiver,0,,0,,0,,0,,3,21,5,5,1899-12-30T01:21:42Z,2,43,0,0,11,950,Samoa,750,Tonga,05/08/2023,15:00,13,9,34,9,20,9,70,Apia Park,-1,NA,1,2023,14,14,Right Wing,0,,0,,271,Angus Gardner,1000642,Damon Murphy,1000613,Matthew Kellahan,-1,,3,International,Y,W
1460,937717,20059,Malakai Fekitoa,750,Tonga,4894.04,4894.04,5041,2,59,4,0,0,2,Tackle,146,Edge,155,Offload Allowed,0,,475,Ineffective Tackle,708,1st Tackler,0,,0,,0,,0,,0,,0,0,0,0,1899-12-30T01:21:44Z,2,43,0,0,11,950,Samoa,750,Tonga,05/08/2023,15:00,13,9,34,9,20,9,70,Apia Park,-1,NA,1,2023,23,11,Left Wing,0,,0,,271,Angus Gardner,1000642,Damon Murphy,1000613,Matthew Kellahan,-1,,3,International,N,L
1461,937717,20546,Nigel Ah Wong,950,Samoa,4894.44,4894.76,5042,2,46,65,44,64,3,Pass,151,Offload,128,Own Player,679,Short Pass,681,Left Pass,703,3rd Receiver,0,,0,,0,,0,,0,,1,3,2,0,1899-12-30T01:21:45Z,2,43,0,0,11,950,Samoa,750,Tonga,05/08/2023,15:00,13,9,34,9,20,9,70,Apia Park,-1,NA,1,2023,14,14,Right Wing,0,,0,,271,Angus Gardner,1000642,Damon Murphy,1000613,Matthew Kellahan,-1,,3,International,Y,W
1462,937717,22603,Duncan Paia'aua,950,Samoa,4894.76,4894.76,5042,2,44,64,0,0,18,Collection,631,General Catch,0,,0,,0,,0,,0,,0,,0,,0,,0,,0,0,0,0,1899-12-30T01:21:45Z,2,43,0,0,11,950,Samoa,750,Tonga,05/08/2023,15:00,13,9,34,9,20,9,70,Apia Park,-1,NA,1,2023,12,12,Inside Centre,0,,0,,271,Angus Gardner,1000642,Damon Murphy,1000613,Matthew Kellahan,-1,,3,International,Y,W
1463,937717,22603,Duncan Paia'aua,950,Samoa,4894.76,4896.32,5042,2,44,64,50,65,1,Carry,106,Support Carry,107,Tackled Dominant,109,Crossed Gain line,460,Dominant Contact,501,1 Tacklers Committed,704,4th Receiver,0,,0,,0,,0,,4,6,2,2,1899-12-30T01:21:45Z,2,43,0,0,11,950,Samoa,750,Tonga,05/08/2023,15:00,13,9,34,9,20,9,70,Apia Park,-1,NA,1,2023,12,12,Inside Centre,0,,0,,271,Angus Gardner,1000642,Damon Murphy,1000613,Matthew Kellahan,-1,,3,International,Y,W
1464,937717,18936,Pita Ahki,750,Tonga,4895.72,4895.72,5043,2,53,3,0,0,40,Defensive Action,560,Tackle Arrival,0,,0,,0,,0,,0,,0,,0,,0,,0,,0,0,0,0,1899-12-30T01:21:44Z,2,43,0,0,11,950,Samoa,750,Tonga,05/08/2023,15:00,13,9,34,9,20,9,70,Apia Park,-1,NA,1,2023,12,12,Inside Centre,0,,0,,271,Angus Gardner,1000642,Damon Murphy,1000613,Matthew Kellahan,-1,,3,International,N,L
1465,937717,19128,George Moala,750,Tonga,4895.92,4895.92,5043,2,53,3,0,0,2,Tackle,144,Line,160,Passive,0,,475,Ineffective Tackle,708,1st Tackler,0,,0,,0,,0,,0,,0,0,0,0,1899-12-30T01:21:46Z,2,43,0,0,11,950,Samoa,750,Tonga,05/08/2023,15:00,13,9,34,9,20,9,70,Apia Park,-1,NA,1,2023,13,13,Outside Centre,0,,0,,271,Angus Gardner,1000642,Damon Murphy,1000613,Matthew Kellahan,-1,,3,International,N,L
1466,937717,22603,Duncan Paia'aua,950,Samoa,4896.32,4899.80,5043,2,50,65,0,0,23,Ruck,0,,401,Won Outright,548,Over Previous Gainline,555,3-4 Seconds,661,Mid Left Open Movement Ruck,0,,0,,0,,0,,0,,0,0,0,10,1899-12-30T01:21:47Z,2,43,0,0,11,950,Samoa,750,Tonga,05/08/2023,15:00,13,9,34,9,20,9,70,Apia Park,-1,NA,1,2023,12,12,Inside Centre,0,,0,,271,Angus Gardner,1000642,Damon Murphy,1000613,Matthew Kellahan,-1,,3,International,Y,W
1467,937717,1927,Fritz Lee,950,Samoa,4897.44,4897.44,5045,2,50,65,0,0,43,Ruck OOA,574,Secured,583,Own Team 1st Entry,588,OOA Entry 1st Entry- Att,632,Attacking OOA,0,1,0,,0,,0,,0,,0,,0,0,0,0,1899-12-30T01:21:45Z,2,43,0,0,11,950,Samoa,750,Tonga,05/08/2023,15:00,13,9,34,9,20,9,70,Apia Park,-1,NA,1,2023,20,8,Number 8,0,,0,,271,Angus Gardner,1000642,Damon Murphy,1000613,Matthew Kellahan,-1,,3,International,Y,W
1468,937717,20546,Nigel Ah Wong,950,Samoa,4897.80,4897.80,5045,2,50,65,0,0,43,Ruck OOA,574,Secured,584,Own Team 2nd Entry,589,OOA Entry 2nd Entry- Att,632,Attacking OOA,0,2,0,,0,,0,,0,,0,,0,0,0,0,1899-12-30T01:21:45Z,2,43,0,0,11,950,Samoa,750,Tonga,05/08/2023,15:00,13,9,34,9,20,9,70,Apia Park,-1,NA,1,2023,14,14,Right Wing,0,,0,,271,Angus Gardner,1000642,Damon Murphy,1000613,Matthew Kellahan,-1,,3,International,Y,W
1469,937717,10552,Tim Nanai-Williams,950,Samoa,4898.44,4898.44,5046,2,50,65,0,0,43,Ruck OOA,575,Attended,585,Own Team 3rd Entry,590,OOA Entry 3rd Entry- Att,632,Attacking OOA,0,3,0,,0,,0,,0,,0,,0,0,0,0,1899-12-30T01:21:46Z,2,43,0,0,11,950,Samoa,750,Tonga,05/08/2023,15:00,13,9,34,9,20,9,70,Apia Park,-1,NA,1,2023,15,15,Full Back,0,,0,,271,Angus Gardner,1000642,Damon Murphy,1000613,Matthew Kellahan,-1,,3,International,Y,W
1470,937717,23399,Jonathan Taumateine,950,Samoa,4899.80,4899.80,5047,2,49,65,0,0,18,Collection,631,General Catch,0,,0,,0,,0,,0,,0,,0,,0,,0,,0,0,0,0,1899-12-30T01:21:50Z,3,43,0,0,11,950,Samoa,750,Tonga,05/08/2023,15:00,13,9,34,9,20,9,70,Apia Park,-1,NA,1,2023,09,9,Scrum Half,0,,0,,271,Angus Gardner,1000642,Damon Murphy,1000613,Matthew Kellahan,-1,,3,International,Y,W
1471,937717,23399,Jonathan Taumateine,950,Samoa,4899.80,4899.80,5047,2,49,65,0,0,47,Playmaker Options,671,Halfback at Breakdown,675,Playmaker Option - Pass,0,,0,,0,,0,,0,,0,,0,,0,,0,0,0,0,1899-12-30T01:21:50Z,3,43,0,0,11,950,Samoa,750,Tonga,05/08/2023,15:00,13,9,34,9,20,9,70,Apia Park,-1,NA,1,2023,09,9,Scrum Half,0,,0,,271,Angus Gardner,1000642,Damon Murphy,1000613,Matthew Kellahan,-1,,3,International,Y,W
1472,937717,23399,Jonathan Taumateine,950,Samoa,4900.04,4900.40,5047,2,49,65,47,58,3,Pass,169,Complete,0,,686,Medium Pass,681,Left Pass,700,0th Receiver,0,,0,,0,,0,,0,,7,7,2,0,1899-12-30T01:21:50Z,3,43,0,0,11,950,Samoa,750,Tonga,05/08/2023,15:00,13,9,34,9,20,9,70,Apia Park,-1,NA,1,2023,09,9,Scrum Half,0,,0,,271,Angus Gardner,1000642,Damon Murphy,1000613,Matthew Kellahan,-1,,3,International,Y,W
1473,937717,20766,Chris Vui,950,Samoa,4900.40,4900.40,5048,2,47,58,0,0,18,Collection,631,General Catch,0,,0,,0,,0,,0,,0,,0,,0,,0,,0,0,0,0,1899-12-30T01:21:51Z,3,43,0,0,11,950,Samoa,750,Tonga,05/08/2023,15:00,13,9,34,9,20,9,70,Apia Park,-1,NA,1,2023,05,5,Lock (5),0,,0,,271,Angus Gardner,1000642,Damon Murphy,1000613,Matthew Kellahan,-1,,3,International,Y,W
1474,937717,20766,Chris Vui,950,Samoa,4900.40,4900.40,5048,2,47,58,0,0,47,Playmaker Options,656,First Receiver,673,Playmaker Option - Carry,0,,0,,0,,0,,0,,0,,0,,0,,0,0,0,0,1899-12-30T01:21:51Z,3,43,0,0,11,950,Samoa,750,Tonga,05/08/2023,15:00,13,9,34,9,20,9,70,Apia Park,-1,NA,1,2023,05,5,Lock (5),0,,0,,271,Angus Gardner,1000642,Damon Murphy,1000613,Matthew Kellahan,-1,,3,International,Y,W
1475,937717,20766,Chris Vui,950,Samoa,4900.40,4901.92,5048,2,47,58,50,55,1,Carry,101,One Out Drive,107,Tackled Dominant,110,Neutral Gain line,460,Dominant Contact,501,1 Tacklers Committed,701,1st Receiver,0,,0,,0,,0,,0,3,2,2,1899-12-30T01:21:51Z,3,43,0,0,11,950,Samoa,750,Tonga,05/08/2023,15:00,13,9,34,9,20,9,70,Apia Park,-1,NA,1,2023,05,5,Lock (5),0,,0,,271,Angus Gardner,1000642,Damon Murphy,1000613,Matthew Kellahan,-1,,3,International,Y,W
1476,937717,28270,Tanginoa Halaifonua,750,Tonga,4901.44,4901.44,5049,2,52,12,0,0,2,Tackle,144,Line,160,Passive,0,,475,Ineffective Tackle,708,1st Tackler,0,,0,,0,,0,,0,,0,0,0,0,1899-12-30T01:21:52Z,3,43,0,0,11,950,Samoa,750,Tonga,05/08/2023,15:00,13,9,34,9,20,9,70,Apia Park,-1,NA,1,2023,06,6,Blindside Flanker,0,,0,,271,Angus Gardner,1000642,Damon Murphy,1000613,Matthew Kellahan,-1,,3,International,N,L
1477,937717,22136,Siegfried Fisi'ihoi,750,Tonga,4901.88,4901.88,5049,2,52,12,0,0,40,Defensive Action,560,Tackle Arrival,0,,0,,0,,0,,0,,0,,0,,0,,0,,0,0,0,0,1899-12-30T01:21:52Z,3,43,0,0,11,950,Samoa,750,Tonga,05/08/2023,15:00,13,9,34,9,20,9,70,Apia Park,-1,NA,1,2023,01,1,Loosehead Prop,0,,0,,271,Angus Gardner,1000642,Damon Murphy,1000613,Matthew Kellahan,-1,,3,International,N,L
1478,937717,20766,Chris Vui,950,Samoa,4901.92,4905.28,5049,2,50,55,0,0,23,Ruck,0,,401,Won Outright,550,Equal to Previous  Gainline,555,3-4 Seconds,659,Wide Left Open Movement Ruck,0,,0,,0,,0,,0,,0,0,-18,39,1899-12-30T01:21:52Z,3,43,0,0,11,950,Samoa,750,Tonga,05/08/2023,15:00,13,9,34,9,20,9,70,Apia Park,-1,NA,1,2023,05,5,Lock (5),0,,0,,271,Angus Gardner,1000642,Damon Murphy,1000613,Matthew Kellahan,-1,,3,International,Y,W
1479,937717,17201,Paul Alo-Emile,950,Samoa,4903.12,4903.12,5050,2,50,55,0,0,43,Ruck OOA,575,Attended,583,Own Team 1st Entry,588,OOA Entry 1st Entry- Att,632,Attacking OOA,0,1,0,,0,,0,,0,,0,,0,0,0,0,1899-12-30T01:21:50Z,3,43,0,0,11,950,Samoa,750,Tonga,05/08/2023,15:00,13,9,34,9,20,9,70,Apia Park,-1,NA,1,2023,18,3,Tighthead Prop,0,,0,,271,Angus Gardner,1000642,Damon Murphy,1000613,Matthew Kellahan,-1,,3,International,Y,W
1480,937717,21149,Titi Lamositele,950,Samoa,4904.92,4904.92,5052,2,50,55,0,0,43,Ruck OOA,575,Attended,584,Own Team 2nd Entry,589,OOA Entry 2nd Entry- Att,632,Attacking OOA,0,2,0,,0,,0,,0,,0,,0,0,0,0,1899-12-30T01:21:52Z,3,43,0,0,11,950,Samoa,750,Tonga,05/08/2023,15:00,13,9,34,9,20,9,70,Apia Park,-1,NA,1,2023,17,1,Loosehead Prop,0,,0,,271,Angus Gardner,1000642,Damon Murphy,1000613,Matthew Kellahan,-1,,3,International,Y,W
1481,937717,23399,Jonathan Taumateine,950,Samoa,4905.28,4905.28,5052,2,49,55,0,0,18,Collection,631,General Catch,0,,0,,0,,0,,0,,0,,0,,0,,0,,0,0,0,0,1899-12-30T01:21:56Z,4,43,0,0,11,950,Samoa,750,Tonga,05/08/2023,15:00,13,9,34,9,20,9,70,Apia Park,-1,NA,1,2023,09,9,Scrum Half,0,,0,,271,Angus Gardner,1000642,Damon Murphy,1000613,Matthew Kellahan,-1,,3,International,Y,W
1482,937717,23399,Jonathan Taumateine,950,Samoa,4905.28,4905.28,5052,2,49,55,0,0,47,Playmaker Options,671,Halfback at Breakdown,675,Playmaker Option - Pass,0,,0,,0,,0,,0,,0,,0,,0,,0,0,0,0,1899-12-30T01:21:56Z,4,43,0,0,11,950,Samoa,750,Tonga,05/08/2023,15:00,13,9,34,9,20,9,70,Apia Park,-1,NA,1,2023,09,9,Scrum Half,0,,0,,271,Angus Gardner,1000642,Damon Murphy,1000613,Matthew Kellahan,-1,,3,International,Y,W
1483,937717,23399,Jonathan Taumateine,950,Samoa,4905.80,4906.40,5053,2,49,55,44,43,3,Pass,169,Complete,0,,686,Medium Pass,681,Left Pass,700,0th Receiver,0,,0,,0,,0,,0,,12,13,5,0,1899-12-30T01:21:56Z,4,43,0,0,11,950,Samoa,750,Tonga,05/08/2023,15:00,13,9,34,9,20,9,70,Apia Park,-1,NA,1,2023,09,9,Scrum Half,0,,0,,271,Angus Gardner,1000642,Damon Murphy,1000613,Matthew Kellahan,-1,,3,International,Y,W
1484,937717,25212,D'Angelo Leuila,950,Samoa,4906.40,4906.40,5054,2,44,43,0,0,18,Collection,631,General Catch,0,,0,,0,,0,,0,,0,,0,,0,,0,,0,0,0,0,1899-12-30T01:21:57Z,4,43,0,0,11,950,Samoa,750,Tonga,05/08/2023,15:00,13,9,34,9,20,9,70,Apia Park,-1,NA,1,2023,10,10,Fly Half,0,,0,,271,Angus Gardner,1000642,Damon Murphy,1000613,Matthew Kellahan,-1,,3,International,Y,W
1485,937717,25212,D'Angelo Leuila,950,Samoa,4906.40,4906.40,5054,2,44,43,0,0,47,Playmaker Options,656,First Receiver,675,Playmaker Option - Pass,0,,0,,0,,0,,0,,0,,0,,0,,0,0,0,0,1899-12-30T01:21:57Z,4,43,0,0,11,950,Samoa,750,Tonga,05/08/2023,15:00,13,9,34,9,20,9,70,Apia Park,-1,NA,1,2023,10,10,Fly Half,0,,0,,271,Angus Gardner,1000642,Damon Murphy,1000613,Matthew Kellahan,-1,,3,International,Y,W
1486,937717,25212,D'Angelo Leuila,950,Samoa,4907.04,4907.56,5054,2,46,41,40,32,3,Pass,169,Complete,0,,686,Medium Pass,681,Left Pass,701,1st Receiver,0,,0,,0,,0,,0,,9,11,6,0,1899-12-30T01:21:57Z,4,43,0,0,11,950,Samoa,750,Tonga,05/08/2023,15:00,13,9,34,9,20,9,70,Apia Park,-1,NA,1,2023,10,10,Fly Half,0,,0,,271,Angus Gardner,1000642,Damon Murphy,1000613,Matthew Kellahan,-1,,3,International,Y,W
1487,937717,9023,Christian Leali'ifano,950,Samoa,4907.56,4907.56,5055,2,40,32,0,0,18,Collection,631,General Catch,0,,0,,0,,0,,0,,0,,0,,0,,0,,0,0,0,0,1899-12-30T01:21:58Z,4,43,0,0,11,950,Samoa,750,Tonga,05/08/2023,15:00,13,9,34,9,20,9,70,Apia Park,-1,NA,1,2023,22,10,Fly Half,0,,0,,271,Angus Gardner,1000642,Damon Murphy,1000613,Matthew Kellahan,-1,,3,International,Y,W
1488,937717,9023,Christian Leali'ifano,950,Samoa,4907.56,4907.56,5055,2,40,32,0,0,47,Playmaker Options,657,Second Receiver,675,Playmaker Option - Pass,0,,0,,0,,0,,0,,0,,0,,0,,0,0,0,0,1899-12-30T01:21:58Z,4,43,0,0,11,950,Samoa,750,Tonga,05/08/2023,15:00,13,9,34,9,20,9,70,Apia Park,-1,NA,1,2023,22,10,Fly Half,0,,0,,271,Angus Gardner,1000642,Damon Murphy,1000613,Matthew Kellahan,-1,,3,International,Y,W
1489,937717,9023,Christian Leali'ifano,950,Samoa,4908.16,4908.72,5055,2,42,30,37,23,3,Pass,169,Complete,0,,686,Medium Pass,681,Left Pass,702,2nd Receiver,0,,0,,0,,0,,0,,8,9,5,0,1899-12-30T01:21:59Z,4,43,0,0,11,950,Samoa,750,Tonga,05/08/2023,15:00,13,9,34,9,20,9,70,Apia Park,-1,NA,1,2023,22,10,Fly Half,0,,0,,271,Angus Gardner,1000642,Damon Murphy,1000613,Matthew Kellahan,-1,,3,International,Y,W
1490,937717,22231,Ed Fidow,950,Samoa,4908.72,4908.72,5056,2,37,23,0,0,18,Collection,631,General Catch,0,,0,,0,,0,,0,,0,,0,,0,,0,,0,0,0,0,1899-12-30T01:21:59Z,4,43,0,0,11,950,Samoa,750,Tonga,05/08/2023,15:00,13,9,34,9,20,9,70,Apia Park,-1,NA,1,2023,11,11,Left Wing,0,,0,,271,Angus Gardner,1000642,Damon Murphy,1000613,Matthew Kellahan,-1,,3,International,Y,W
1491,937717,22231,Ed Fidow,950,Samoa,4908.72,4908.72,5056,2,37,23,0,0,47,Playmaker Options,658,Third Receiver,675,Playmaker Option - Pass,0,,0,,0,,0,,0,,0,,0,,0,,0,0,0,0,1899-12-30T01:21:59Z,4,43,0,0,11,950,Samoa,750,Tonga,05/08/2023,15:00,13,9,34,9,20,9,70,Apia Park,-1,NA,1,2023,11,11,Left Wing,0,,0,,271,Angus Gardner,1000642,Damon Murphy,1000613,Matthew Kellahan,-1,,3,International,Y,W
1492,937717,22231,Ed Fidow,950,Samoa,4909.76,4910.88,5057,2,43,18,42,4,3,Pass,169,Complete,0,,686,Medium Pass,681,Left Pass,703,3rd Receiver,0,,0,,0,,0,,0,,14,14,0,0,1899-12-30T01:22:00Z,4,43,0,0,11,950,Samoa,750,Tonga,05/08/2023,15:00,13,9,34,9,20,9,70,Apia Park,-1,NA,1,2023,11,11,Left Wing,0,,0,,271,Angus Gardner,1000642,Damon Murphy,1000613,Matthew Kellahan,-1,,3,International,Y,W
1493,937717,43727,Miracle Faiilagi,950,Samoa,4910.88,4910.88,5058,2,42,4,0,0,18,Collection,631,General Catch,0,,0,,0,,0,,0,,0,,0,,0,,0,,0,0,0,0,1899-12-30T01:22:01Z,4,43,0,0,11,950,Samoa,750,Tonga,05/08/2023,15:00,13,9,34,9,20,9,70,Apia Park,-1,NA,1,2023,06,6,Blindside Flanker,0,,0,,271,Angus Gardner,1000642,Damon Murphy,1000613,Matthew Kellahan,-1,,3,International,Y,W
1494,937717,43727,Miracle Faiilagi,950,Samoa,4910.88,4911.36,5058,2,42,4,48,2,1,Carry,103,Other Carry,108,Tackled Neutral,111,Failed Gain line,461,Neutral Contact,501,1 Tacklers Committed,704,4th Receiver,0,,0,,0,,0,,0,2,0,0,1899-12-30T01:22:01Z,4,43,0,0,11,950,Samoa,750,Tonga,05/08/2023,15:00,13,9,34,9,20,9,70,Apia Park,-1,NA,1,2023,06,6,Blindside Flanker,0,,0,,271,Angus Gardner,1000642,Damon Murphy,1000613,Matthew Kellahan,-1,,3,International,Y,W
1495,937717,36335,Solomone Kata,750,Tonga,4911.40,4911.40,5059,2,52,66,0,0,2,Tackle,146,Edge,153,Complete,0,,474,Neutral Tackle,708,1st Tackler,0,,0,,0,,0,,0,,0,0,0,0,1899-12-30T01:22:01Z,4,43,0,0,11,950,Samoa,750,Tonga,05/08/2023,15:00,13,9,34,9,20,9,70,Apia Park,-1,NA,1,2023,14,14,Right Wing,0,,0,,271,Angus Gardner,1000642,Damon Murphy,1000613,Matthew Kellahan,-1,,3,International,N,L
1496,937717,36890,Theo McFarland,950,Samoa,4912.96,4912.96,5100,2,44,0,0,0,18,Collection,272,Attacking Loose Ball,277,Success,0,,0,,0,,0,,0,,0,,0,,0,,0,0,0,0,1899-12-30T01:22:03Z,4,43,0,0,11,950,Samoa,750,Tonga,05/08/2023,15:00,13,9,34,9,20,9,70,Apia Park,-1,NA,1,2023,19,4,Lock (4),0,,0,,271,Angus Gardner,1000642,Damon Murphy,1000613,Matthew Kellahan,-1,,3,International,Y,W
1497,937717,36890,Theo McFarland,950,Samoa,4912.96,4914.24,5100,2,44,0,37,1,1,Carry,103,Other Carry,121,Pass,111,Failed Gain line,0,,500,0 Tacklers Committed,704,4th Receiver,0,,0,,0,,0,,0,0,0,0,1899-12-30T01:22:03Z,4,43,0,0,11,950,Samoa,750,Tonga,05/08/2023,15:00,13,9,34,9,20,9,70,Apia Park,-1,NA,1,2023,19,4,Lock (4),0,,0,,271,Angus Gardner,1000642,Damon Murphy,1000613,Matthew Kellahan,-1,,3,International,Y,W
1498,937717,36890,Theo McFarland,950,Samoa,4914.24,4914.92,5101,2,37,1,36,12,3,Pass,169,Complete,0,,686,Medium Pass,682,Right Pass,704,4th Receiver,0,,0,,0,,0,,0,,11,11,1,0,1899-12-30T01:22:05Z,4,43,0,0,11,950,Samoa,750,Tonga,05/08/2023,15:00,13,9,34,9,20,9,70,Apia Park,-1,NA,1,2023,19,4,Lock (4),0,,0,,271,Angus Gardner,1000642,Damon Murphy,1000613,Matthew Kellahan,-1,,3,International,Y,W
1499,937717,9023,Christian Leali'ifano,950,Samoa,4914.92,4914.92,5102,2,36,12,0,0,18,Collection,631,General Catch,0,,0,,0,,0,,0,,0,,0,,0,,0,,0,0,0,0,1899-12-30T01:22:05Z,4,43,0,0,11,950,Samoa,750,Tonga,05/08/2023,15:00,13,9,34,9,20,9,70,Apia Park,-1,NA,1,2023,22,10,Fly Half,0,,0,,271,Angus Gardner,1000642,Damon Murphy,1000613,Matthew Kellahan,-1,,3,International,Y,W
1500,937717,9023,Christian Leali'ifano,950,Samoa,4914.92,4917.00,5102,2,36,12,32,17,1,Carry,103,Other Carry,120,Kick,111,Failed Gain line,0,,500,0 Tacklers Committed,705,5th+ Receiver,0,,0,,0,,0,,0,0,0,0,1899-12-30T01:22:05Z,4,43,0,0,11,950,Samoa,750,Tonga,05/08/2023,15:00,13,9,34,9,20,9,70,Apia Park,-1,NA,1,2023,22,10,Fly Half,0,,0,,271,Angus Gardner,1000642,Damon Murphy,1000613,Matthew Kellahan,-1,,3,International,Y,W
1501,937717,9023,Christian Leali'ifano,950,Samoa,4917.00,4921.56,5104,2,32,17,88,54,4,Kick,190,Territorial,199,Collected Bounce,185,Kick in Play,0,,0,,0,,0,,0,,0,,0,,56,67,0,0,1899-12-30T01:22:08Z,4,43,0,0,11,950,Samoa,750,Tonga,05/08/2023,15:00,13,9,34,9,20,9,70,Apia Park,-1,NA,1,2023,22,10,Fly Half,0,,0,,271,Angus Gardner,1000642,Damon Murphy,1000613,Matthew Kellahan,-1,,3,International,Y,W
1502,937717,0,,950,Samoa,4880.52,4921.56,5109,2,39,16,88,54,15,Possession,308,Turnover Won,351,Kick in Play,0,,684,Fails to enter into Opposition 22,0,,0,,0,,0,,0,,0,,49,0,0,0,1899-12-30T01:21:31Z,4,43,0,0,11,950,Samoa,750,Tonga,05/08/2023,15:00,13,9,34,9,20,9,70,Apia Park,-1,NA,1,2023,,,,0,,0,,271,Angus Gardner,1000642,Damon Murphy,1000613,Matthew Kellahan,-1,,3,International,Y,W
1503,937717,9726,Afusipa Taumoepeau,750,Tonga,4921.56,4921.56,5109,2,12,14,0,0,18,Collection,274,Defensive Loose Ball,277,Success,0,,0,,0,,0,,0,,0,,0,,0,,0,0,0,0,1899-12-30T01:22:12Z,1,44,0,0,11,950,Samoa,750,Tonga,05/08/2023,15:00,13,9,34,9,20,9,70,Apia Park,-1,NA,1,2023,11,11,Left Wing,0,,0,,271,Angus Gardner,1000642,Damon Murphy,1000613,Matthew Kellahan,-1,,3,International,N,L
1504,937717,0,,750,Tonga,4921.56,4921.56,5109,2,12,14,0,0,45,Defensive Exits,630,Kicked out of 22,0,,0,,0,,0,,0,,0,,0,,0,,0,,0,0,0,0,1899-12-30T01:22:12Z,1,44,0,0,11,950,Samoa,750,Tonga,05/08/2023,15:00,13,9,34,9,20,9,70,Apia Park,-1,NA,1,2023,,,,0,,0,,271,Angus Gardner,1000642,Damon Murphy,1000613,Matthew Kellahan,-1,,3,International,N,L
1505,937717,9726,Afusipa Taumoepeau,750,Tonga,4924.52,4926.92,5112,2,11,9,72,0,4,Kick,347,Touch Kick,193,Kick in Touch (Full),186,Kick in Play (Own 22),0,,0,,0,,0,,0,,0,,0,,61,61,0,0,1899-12-30T01:22:15Z,1,44,0,0,11,950,Samoa,750,Tonga,05/08/2023,15:00,13,9,34,9,20,9,70,Apia Park,-1,NA,1,2023,11,11,Left Wing,0,,0,,271,Angus Gardner,1000642,Damon Murphy,1000613,Matthew Kellahan,-1,,3,International,N,L
1506,937717,0,,750,Tonga,4862.04,4926.92,5114,2,74,68,72,0,26,Sequences,306,Lineout,315,Kick Out of Play,0,,0,,0,,0,,0,,0,,0,,0,,-3,0,0,0,1899-12-30T01:21:14Z,1,44,0,0,11,950,Samoa,750,Tonga,05/08/2023,15:00,13,9,34,9,20,9,70,Apia Park,-1,NA,1,2023,,,,0,,0,,271,Angus Gardner,1000642,Damon Murphy,1000613,Matthew Kellahan,-1,,3,International,N,L
1507,937717,0,,750,Tonga,4921.56,4926.92,5114,2,12,14,72,0,15,Possession,311,Kick Return,315,Kick Out of Play,0,,684,Fails to enter into Opposition 22,0,,0,,0,,0,,0,,0,,59,0,0,0,1899-12-30T01:22:12Z,1,44,0,0,11,950,Samoa,750,Tonga,05/08/2023,15:00,13,9,34,9,20,9,70,Apia Park,-1,NA,1,2023,,,,0,,0,,271,Angus Gardner,1000642,Damon Murphy,1000613,Matthew Kellahan,-1,,3,International,N,L
1508,937717,25212,D'Angelo Leuila,950,Samoa,4930.56,4930.56,5118,2,28,68,0,0,44,Counter Attack,623,Outcome - Penalty Won,0,,0,,0,,0,,0,,0,,0,,0,,0,,0,0,0,0,1899-12-30T01:22:21Z,1,45,0,0,11,950,Samoa,750,Tonga,05/08/2023,15:00,13,9,34,9,20,9,70,Apia Park,-1,NA,1,2023,10,10,Fly Half,0,,0,,271,Angus Gardner,1000642,Damon Murphy,1000613,Matthew Kellahan,-1,,3,International,Y,W
1509,937717,25212,D'Angelo Leuila,950,Samoa,4930.56,4931.88,5118,2,28,68,26,52,6,Lineout Throw,375,Throw Quick,376,Won Clean Catch,420,Catch and Run,0,1,723,Mid Right Blindside Movement Lineout,726,1 Player,0,,0,,0,,0,,16,0,17,16,1899-12-30T01:22:21Z,1,45,0,0,11,950,Samoa,750,Tonga,05/08/2023,15:00,13,9,34,9,20,9,70,Apia Park,-1,NA,1,2023,10,10,Fly Half,0,,0,,271,Angus Gardner,1000642,Damon Murphy,1000613,Matthew Kellahan,-1,,3,International,Y,W
1510,937717,10552,Tim Nanai-Williams,950,Samoa,4931.88,4931.88,5119,2,26,52,0,0,27,Lineout Take,390,Lineout Win Quick,376,Won Clean,420,Catch and Run,396,Clean Catch,0,,0,,0,,0,,0,,0,,0,0,0,0,1899-12-30T01:22:22Z,1,45,0,0,11,950,Samoa,750,Tonga,05/08/2023,15:00,13,9,34,9,20,9,70,Apia Park,-1,NA,1,2023,15,15,Full Back,0,,0,,271,Angus Gardner,1000642,Damon Murphy,1000613,Matthew Kellahan,-1,,3,International,Y,W
1511,937717,10552,Tim Nanai-Williams,950,Samoa,4931.88,4933.92,5119,2,26,52,38,55,1,Carry,103,Other Carry,121,Pass,109,Crossed Gain line,0,,500,0 Tacklers Committed,700,0th Receiver,0,,0,,0,,0,,10,12,0,0,1899-12-30T01:22:22Z,1,45,0,0,11,950,Samoa,750,Tonga,05/08/2023,15:00,13,9,34,9,20,9,70,Apia Park,-1,NA,1,2023,15,15,Full Back,0,,0,,271,Angus Gardner,1000642,Damon Murphy,1000613,Matthew Kellahan,-1,,3,International,Y,W
1512,937717,10552,Tim Nanai-Williams,950,Samoa,4933.92,4934.52,5121,2,38,55,37,65,3,Pass,169,Complete,0,,686,Medium Pass,682,Right Pass,700,0th Receiver,0,,0,,0,,0,,0,,10,10,1,0,1899-12-30T01:22:24Z,1,45,0,0,11,950,Samoa,750,Tonga,05/08/2023,15:00,13,9,34,9,20,9,70,Apia Park,-1,NA,1,2023,15,15,Full Back,0,,0,,271,Angus Gardner,1000642,Damon Murphy,1000613,Matthew Kellahan,-1,,3,International,Y,W
1513,937717,25212,D'Angelo Leuila,950,Samoa,4934.52,4934.52,5122,2,37,65,0,0,18,Collection,631,General Catch,0,,0,,0,,0,,0,,0,,0,,0,,0,,0,0,0,0,1899-12-30T01:22:25Z,1,45,0,0,11,950,Samoa,750,Tonga,05/08/2023,15:00,13,9,34,9,20,9,70,Apia Park,-1,NA,1,2023,10,10,Fly Half,0,,0,,271,Angus Gardner,1000642,Damon Murphy,1000613,Matthew Kellahan,-1,,3,International,Y,W
1514,937717,25212,D'Angelo Leuila,950,Samoa,4934.52,4936.96,5122,2,37,65,43,67,1,Carry,103,Other Carry,210,Penalty Won,109,Crossed Gain line,460,Dominant Contact,501,1 Tacklers Committed,701,1st Receiver,0,,0,,0,,0,,5,6,2,2,1899-12-30T01:22:25Z,1,45,0,0,11,950,Samoa,750,Tonga,05/08/2023,15:00,13,9,34,9,20,9,70,Apia Park,-1,NA,1,2023,10,10,Fly Half,0,,0,,271,Angus Gardner,1000642,Damon Murphy,1000613,Matthew Kellahan,-1,,3,International,Y,W
1515,937717,21155,Vaea Fifita,750,Tonga,4936.48,4936.48,5124,2,59,4,0,0,2,Tackle,146,Edge,157,Pen Conceded,0,,475,Ineffective Tackle,708,1st Tackler,0,,0,,0,,0,,0,,0,0,0,0,1899-12-30T01:22:27Z,1,45,0,0,11,950,Samoa,750,Tonga,05/08/2023,15:00,13,9,34,9,20,9,70,Apia Park,-1,NA,1,2023,08,8,Number 8,0,,0,,271,Angus Gardner,1000642,Damon Murphy,1000613,Matthew Kellahan,-1,,3,International,N,L
1516,937717,21155,Vaea Fifita,750,Tonga,4936.88,4936.88,5124,2,59,4,0,0,7,Penalty Conceded,228,Foul Play - High Tackle,236,No Action,215,Defence,233,Full Penalty,0,,0,,0,,0,,0,,0,,0,0,0,0,1899-12-30T01:22:28Z,1,45,0,0,11,950,Samoa,750,Tonga,05/08/2023,15:00,13,9,34,9,20,9,70,Apia Park,-1,NA,1,2023,08,8,Number 8,0,,0,,271,Angus Gardner,1000642,Damon Murphy,1000613,Matthew Kellahan,-1,,3,International,N,L
1517,937717,25212,D'Angelo Leuila,950,Samoa,4936.96,4939.96,5124,2,43,67,0,0,23,Ruck,0,,452,Unplayable,548,Over Previous Gainline,559,N/A Ruck Speed,676,N/A Movement Ruck,0,,0,,0,,0,,0,,0,0,0,0,1899-12-30T01:22:27Z,1,45,0,0,11,950,Samoa,750,Tonga,05/08/2023,15:00,13,9,34,9,20,9,70,Apia Park,-1,NA,1,2023,10,10,Fly Half,0,,0,,271,Angus Gardner,1000642,Damon Murphy,1000613,Matthew Kellahan,-1,,3,International,Y,W
1518,937717,0,,950,Samoa,4930.56,4939.96,5127,2,28,68,43,67,15,Possession,306,Lineout,316,Pen Won,0,,684,Fails to enter into Opposition 22,0,,0,,0,,0,,0,,0,,15,0,0,0,1899-12-30T01:22:21Z,1,45,0,0,11,950,Samoa,750,Tonga,05/08/2023,15:00,13,9,34,9,20,9,70,Apia Park,-1,NA,1,2023,,,,0,,0,,271,Angus Gardner,1000642,Damon Murphy,1000613,Matthew Kellahan,-1,,3,International,Y,W
1519,937717,0,,950,Samoa,4930.56,4939.96,5127,2,28,68,43,67,26,Sequences,306,Lineout,316,Pen Won,0,,0,,0,,0,,0,,0,,0,,0,,15,0,0,0,1899-12-30T01:22:21Z,1,45,0,0,11,950,Samoa,750,Tonga,05/08/2023,15:00,13,9,34,9,20,9,70,Apia Park,-1,NA,1,2023,,,,0,,0,,271,Angus Gardner,1000642,Damon Murphy,1000613,Matthew Kellahan,-1,,3,International,Y,W
1520,937717,25212,D'Angelo Leuila,950,Samoa,4971.36,4974.24,5159,2,45,63,78,68,4,Kick,347,Touch Kick,193,Kick in Touch (Full),148,Penalty Kick,0,,0,,0,,0,,0,,0,,0,,33,33,0,0,1899-12-30T01:23:02Z,1,45,0,0,11,950,Samoa,750,Tonga,05/08/2023,15:00,13,9,34,9,20,9,70,Apia Park,-1,NA,1,2023,10,10,Fly Half,0,,0,,271,Angus Gardner,1000642,Damon Murphy,1000613,Matthew Kellahan,-1,,3,International,Y,W
1521,937717,0,,950,Samoa,4971.36,4974.24,5201,2,45,63,78,68,26,Sequences,780,Penalty Kick Touch,415,Own Lineout,0,,0,,0,,0,,0,,0,,0,,0,,33,0,0,0,1899-12-30T01:23:02Z,1,45,0,0,11,950,Samoa,750,Tonga,05/08/2023,15:00,13,9,34,9,20,9,70,Apia Park,-1,NA,1,2023,,,,0,,0,,271,Angus Gardner,1000642,Damon Murphy,1000613,Matthew Kellahan,-1,,3,International,Y,W
1522,937717,20156,Sonatane Takulua,750,Tonga,4997.52,4997.52,5225,2,22,0,0,0,41,Sub Out,562,Tactical,0,,0,,0,,0,,0,,0,,0,,0,,0,,0,0,0,0,1899-12-30T01:23:28Z,1,45,0,1,11,950,Samoa,750,Tonga,05/08/2023,15:00,13,9,34,9,20,9,70,Apia Park,-1,NA,1,2023,09,9,Scrum Half,0,,0,,271,Angus Gardner,1000642,Damon Murphy,1000613,Matthew Kellahan,-1,,3,International,N,L
1523,937717,36012,Manu Paea,750,Tonga,4997.56,4997.56,5225,2,22,0,0,0,42,Sub In,562,Tactical,0,,0,,0,,0,,0,,0,,0,,0,,0,,0,0,0,0,1899-12-30T01:23:28Z,1,45,0,0,11,950,Samoa,750,Tonga,05/08/2023,15:00,13,9,34,9,20,9,70,Apia Park,-1,NA,1,2023,21,9,Scrum Half,0,,0,,271,Angus Gardner,1000642,Damon Murphy,1000613,Matthew Kellahan,-1,,3,International,N,L
1524,937717,31482,Luteru Tolai,950,Samoa,5084.28,5086.44,5351,2,78,68,78,58,6,Lineout Throw,372,Throw Middle,376,Won Clean Catch,207,Catch and Drive,0,7,676,N/A Movement Lineout,732,7 Players,724,Halfback in Position,0,,0,,0,,10,0,0,0,1899-12-30T01:24:56Z,1,46,0,0,11,950,Samoa,750,Tonga,05/08/2023,15:00,13,9,34,9,20,9,70,Apia Park,-1,NA,1,2023,16,2,Hooker,0,,0,,271,Angus Gardner,1000642,Damon Murphy,1000613,Matthew Kellahan,-1,,3,International,Y,W
1525,937717,0,,950,Samoa,5084.28,5092.16,5351,2,78,68,78,58,46,Attacking 22 Entry,641,22 Entry Outcome - Penalty Conceded,0,,0,,0,,0,,0,,0,,0,,0,,0,,0,0,0,0,1899-12-30T01:24:56Z,1,46,0,0,11,950,Samoa,750,Tonga,05/08/2023,15:00,13,9,34,9,20,9,70,Apia Park,-1,NA,1,2023,,,,0,,0,,271,Angus Gardner,1000642,Damon Murphy,1000613,Matthew Kellahan,-1,,3,International,Y,W
1526,937717,36890,Theo McFarland,950,Samoa,5086.44,5086.44,5354,2,78,58,0,0,27,Lineout Take,387,Lineout Win Middle,376,Won Clean,207,Catch and Drive,396,Clean Catch,0,,0,,0,,0,,0,,0,,0,0,0,0,1899-12-30T01:24:57Z,1,46,0,0,11,950,Samoa,750,Tonga,05/08/2023,15:00,13,9,34,9,20,9,70,Apia Park,-1,NA,1,2023,19,4,Lock (4),0,,0,,271,Angus Gardner,1000642,Damon Murphy,1000613,Matthew Kellahan,-1,,3,International,Y,W
1527,937717,36890,Theo McFarland,950,Samoa,5087.36,5094.48,5355,2,78,58,0,0,24,Maul,0,,404,Penalty Conceded,0,,0,,676,N/A Movement Maul,0,,0,,0,,0,,0,,0,0,0,0,1899-12-30T01:24:58Z,1,46,0,0,11,950,Samoa,750,Tonga,05/08/2023,15:00,13,9,34,9,20,9,70,Apia Park,-1,NA,1,2023,19,4,Lock (4),0,,0,,271,Angus Gardner,1000642,Damon Murphy,1000613,Matthew Kellahan,-1,,3,International,Y,W
1528,937717,20766,Chris Vui,950,Samoa,5092.16,5092.16,5359,2,78,58,0,0,7,Penalty Conceded,446,Maul Obstruction,236,No Action,214,Offence,233,Full Penalty,0,,0,,0,,0,,0,,0,,0,0,0,0,1899-12-30T01:25:03Z,1,46,0,0,11,950,Samoa,750,Tonga,05/08/2023,15:00,13,9,34,9,20,9,70,Apia Park,-1,NA,1,2023,05,5,Lock (5),0,,0,,271,Angus Gardner,1000642,Damon Murphy,1000613,Matthew Kellahan,-1,,3,International,Y,W
1529,937717,0,,950,Samoa,5084.28,5094.48,5402,2,78,68,78,58,15,Possession,306,Lineout,319,Pen Con,0,,685,Starts inside Opposition 22,0,,0,,0,,0,,0,,0,,0,0,0,0,1899-12-30T01:24:56Z,1,46,0,0,11,950,Samoa,750,Tonga,05/08/2023,15:00,13,9,34,9,20,9,70,Apia Park,-1,NA,1,2023,,,,0,,0,,271,Angus Gardner,1000642,Damon Murphy,1000613,Matthew Kellahan,-1,,3,International,Y,W
1530,937717,0,,950,Samoa,5084.28,5094.48,5402,2,78,68,78,58,26,Sequences,306,Lineout,319,Pen Con,0,,0,,0,,0,,0,,0,,0,,0,,0,0,0,0,1899-12-30T01:24:56Z,1,46,0,0,11,950,Samoa,750,Tonga,05/08/2023,15:00,13,9,34,9,20,9,70,Apia Park,-1,NA,1,2023,,,,0,,0,,271,Angus Gardner,1000642,Damon Murphy,1000613,Matthew Kellahan,-1,,3,International,Y,W
1531,937717,28913,Otumaka Mausia,750,Tonga,5114.00,5116.64,5421,2,24,15,48,0,4,Kick,347,Touch Kick,193,Kick in Touch (Full),148,Penalty Kick,0,,0,,0,,0,,0,,0,,0,,24,28,0,0,1899-12-30T01:25:24Z,1,46,0,0,11,950,Samoa,750,Tonga,05/08/2023,15:00,13,9,34,9,20,9,70,Apia Park,-1,NA,1,2023,22,10,Fly Half,0,,0,,271,Angus Gardner,1000642,Damon Murphy,1000613,Matthew Kellahan,-1,,3,International,N,L
1532,937717,0,,750,Tonga,5114.00,5116.64,5424,2,24,15,48,0,26,Sequences,780,Penalty Kick Touch,415,Own Lineout,0,,0,,0,,0,,0,,0,,0,,0,,24,0,0,0,1899-12-30T01:25:24Z,1,46,0,0,11,950,Samoa,750,Tonga,05/08/2023,15:00,13,9,34,9,20,9,70,Apia Park,-1,NA,1,2023,,,,0,,0,,271,Angus Gardner,1000642,Damon Murphy,1000613,Matthew Kellahan,-1,,3,International,N,L
1533,937717,35331,Siua Maile,750,Tonga,5136.16,5136.84,5443,2,48,0,49,8,6,Lineout Throw,371,Throw Front,377,Won Tap (Scrappy),211,Off The Top,0,5+1,664,Close Right Open Movement Lineout,730,5 Players,725,Forward at Halfback (+1),0,,0,,0,,8,0,6,7,1899-12-30T01:25:47Z,1,47,0,0,11,950,Samoa,750,Tonga,05/08/2023,15:00,13,9,34,9,20,9,70,Apia Park,-1,NA,1,2023,02,2,Hooker,0,,0,,271,Angus Gardner,1000642,Damon Murphy,1000613,Matthew Kellahan,-1,,3,International,N,L
1534,937717,26114,Leva Fifita,750,Tonga,5136.84,5136.84,5444,2,49,8,0,0,27,Lineout Take,386,Lineout Win Front,377,Won Tap,211,Off The Top,398,Ineffective Tap,0,,0,,0,,0,,0,,0,,0,0,0,0,1899-12-30T01:25:47Z,1,47,0,0,11,950,Samoa,750,Tonga,05/08/2023,15:00,13,9,34,9,20,9,70,Apia Park,-1,NA,1,2023,04,4,Lock (4),0,,0,,271,Angus Gardner,1000642,Damon Murphy,1000613,Matthew Kellahan,-1,,3,International,N,L
1535,937717,26114,Leva Fifita,750,Tonga,5136.84,5138.68,5444,2,49,8,42,13,3,Pass,174,Incomplete,0,,679,Short Pass,682,Right Pass,700,0th Receiver,0,,0,,0,,0,,0,,5,8,7,0,1899-12-30T01:25:47Z,1,47,0,0,11,950,Samoa,750,Tonga,05/08/2023,15:00,13,9,34,9,20,9,70,Apia Park,-1,NA,1,2023,04,4,Lock (4),0,,0,,271,Angus Gardner,1000642,Damon Murphy,1000613,Matthew Kellahan,-1,,3,International,N,L
1536,937717,36012,Manu Paea,750,Tonga,5138.68,5138.68,5446,2,42,13,0,0,18,Collection,272,Attacking Loose Ball,277,Success,0,,0,,0,,0,,0,,0,,0,,0,,0,0,0,0,1899-12-30T01:25:49Z,1,47,0,0,11,950,Samoa,750,Tonga,05/08/2023,15:00,13,9,34,9,20,9,70,Apia Park,-1,NA,1,2023,21,9,Scrum Half,0,,0,,271,Angus Gardner,1000642,Damon Murphy,1000613,Matthew Kellahan,-1,,3,International,N,L
1537,937717,36012,Manu Paea,750,Tonga,5138.68,5140.00,5446,2,42,13,44,16,1,Carry,103,Other Carry,122,Off Load,111,Failed Gain line,461,Neutral Contact,501,1 Tacklers Committed,701,1st Receiver,0,,0,,0,,0,,0,2,1,1,1899-12-30T01:25:49Z,1,47,0,0,11,950,Samoa,750,Tonga,05/08/2023,15:00,13,9,34,9,20,9,70,Apia Park,-1,NA,1,2023,21,9,Scrum Half,0,,0,,271,Angus Gardner,1000642,Damon Murphy,1000613,Matthew Kellahan,-1,,3,International,N,L
1538,937717,17201,Paul Alo-Emile,950,Samoa,5139.84,5139.84,5447,2,57,53,0,0,2,Tackle,147,Other,155,Offload Allowed,0,,474,Neutral Tackle,708,1st Tackler,0,,0,,0,,0,,0,,0,0,0,0,1899-12-30T01:25:50Z,1,47,0,0,11,950,Samoa,750,Tonga,05/08/2023,15:00,13,9,34,9,20,9,70,Apia Park,-1,NA,1,2023,18,3,Tighthead Prop,0,,0,,271,Angus Gardner,1000642,Damon Murphy,1000613,Matthew Kellahan,-1,,3,International,Y,W
1539,937717,36012,Manu Paea,750,Tonga,5140.00,5140.40,5447,2,44,16,43,18,3,Pass,151,Offload,128,Own Player,679,Short Pass,682,Right Pass,701,1st Receiver,0,,0,,0,,0,,0,,2,2,1,0,1899-12-30T01:25:50Z,1,47,0,0,11,950,Samoa,750,Tonga,05/08/2023,15:00,13,9,34,9,20,9,70,Apia Park,-1,NA,1,2023,21,9,Scrum Half,0,,0,,271,Angus Gardner,1000642,Damon Murphy,1000613,Matthew Kellahan,-1,,3,International,N,L
1540,937717,28913,Otumaka Mausia,750,Tonga,5140.40,5140.40,5448,2,43,18,0,0,18,Collection,631,General Catch,0,,0,,0,,0,,0,,0,,0,,0,,0,,0,0,0,0,1899-12-30T01:25:51Z,1,47,0,0,11,950,Samoa,750,Tonga,05/08/2023,15:00,13,9,34,9,20,9,70,Apia Park,-1,NA,1,2023,22,10,Fly Half,0,,0,,271,Angus Gardner,1000642,Damon Murphy,1000613,Matthew Kellahan,-1,,3,International,N,L
1541,937717,28913,Otumaka Mausia,750,Tonga,5140.40,5144.76,5448,2,43,18,54,15,1,Carry,106,Support Carry,107,Tackled Dominant,109,Crossed Gain line,460,Dominant Contact,503,3 Tacklers Committed,702,2nd Receiver,0,,0,,0,,0,,6,11,9,6,1899-12-30T01:25:51Z,1,47,0,0,11,950,Samoa,750,Tonga,05/08/2023,15:00,13,9,34,9,20,9,70,Apia Park,-1,NA,1,2023,22,10,Fly Half,0,,0,,271,Angus Gardner,1000642,Damon Murphy,1000613,Matthew Kellahan,-1,,3,International,N,L
1542,937717,20766,Chris Vui,950,Samoa,5141.96,5141.96,5449,2,55,52,0,0,2,Tackle,147,Other,161,Missed,0,,475,Ineffective Tackle,708,1st Tackler,0,,0,,0,,0,,0,,0,0,0,0,1899-12-30T01:25:52Z,1,47,0,0,11,950,Samoa,750,Tonga,05/08/2023,15:00,13,9,34,9,20,9,70,Apia Park,-1,NA,1,2023,05,5,Lock (5),0,,0,,271,Angus Gardner,1000642,Damon Murphy,1000613,Matthew Kellahan,-1,,3,International,Y,W
1543,937717,20766,Chris Vui,950,Samoa,5141.96,5141.96,5449,2,55,52,0,0,12,Missed Tackle,162,Bumped Off,166,Tackled,0,,0,,0,,0,,0,,0,,0,,0,,0,0,0,0,1899-12-30T01:25:52Z,1,47,0,0,11,950,Samoa,750,Tonga,05/08/2023,15:00,13,9,34,9,20,9,70,Apia Park,-1,NA,1,2023,05,5,Lock (5),0,,0,,271,Angus Gardner,1000642,Damon Murphy,1000613,Matthew Kellahan,-1,,3,International,Y,W
1544,937717,28913,Otumaka Mausia,750,Tonga,5142.16,5142.16,5449,2,45,16,0,0,10,Attacking Qualities,116,Defender Beaten,0,,0,,0,,0,,0,,0,,0,,0,,0,,0,0,0,0,1899-12-30T01:25:53Z,1,47,0,0,11,950,Samoa,750,Tonga,05/08/2023,15:00,13,9,34,9,20,9,70,Apia Park,-1,NA,1,2023,22,10,Fly Half,0,,0,,271,Angus Gardner,1000642,Damon Murphy,1000613,Matthew Kellahan,-1,,3,International,N,L
1545,937717,21149,Titi Lamositele,950,Samoa,5142.84,5142.84,5450,2,53,55,0,0,2,Tackle,147,Other,161,Missed,441,Assist,475,Ineffective Tackle,709,2nd Tackler,0,,0,,0,,0,,0,,0,0,0,0,1899-12-30T01:25:53Z,1,47,0,0,11,950,Samoa,750,Tonga,05/08/2023,15:00,13,9,34,9,20,9,70,Apia Park,-1,NA,1,2023,17,1,Loosehead Prop,0,,0,,271,Angus Gardner,1000642,Damon Murphy,1000613,Matthew Kellahan,-1,,3,International,Y,W
1546,937717,21149,Titi Lamositele,950,Samoa,5142.84,5142.84,5450,2,53,55,0,0,12,Missed Tackle,165,Positional,166,Tackled,0,,0,,0,,0,,0,,0,,0,,0,,0,0,0,0,1899-12-30T01:25:53Z,1,47,0,0,11,950,Samoa,750,Tonga,05/08/2023,15:00,13,9,34,9,20,9,70,Apia Park,-1,NA,1,2023,17,1,Loosehead Prop,0,,0,,271,Angus Gardner,1000642,Damon Murphy,1000613,Matthew Kellahan,-1,,3,International,Y,W
1547,937717,28913,Otumaka Mausia,750,Tonga,5143.00,5143.00,5450,2,47,13,0,0,10,Attacking Qualities,116,Defender Beaten,0,,0,,0,,0,,0,,0,,0,,0,,0,,0,0,0,0,1899-12-30T01:25:53Z,1,47,0,0,11,950,Samoa,750,Tonga,05/08/2023,15:00,13,9,34,9,20,9,70,Apia Park,-1,NA,1,2023,22,10,Fly Half,0,,0,,271,Angus Gardner,1000642,Damon Murphy,1000613,Matthew Kellahan,-1,,3,International,N,L
1548,937717,36890,Theo McFarland,950,Samoa,5143.32,5143.32,5450,2,52,54,0,0,2,Tackle,147,Other,160,Passive,441,Assist,475,Ineffective Tackle,710,3rd Tackler,0,,0,,0,,0,,0,,0,0,0,0,1899-12-30T01:25:54Z,1,47,0,0,11,950,Samoa,750,Tonga,05/08/2023,15:00,13,9,34,9,20,9,70,Apia Park,-1,NA,1,2023,19,4,Lock (4),0,,0,,271,Angus Gardner,1000642,Damon Murphy,1000613,Matthew Kellahan,-1,,3,International,Y,W
1549,937717,28913,Otumaka Mausia,750,Tonga,5144.76,5149.48,5452,2,54,15,0,0,23,Ruck,0,,403,Penalty Won,548,Over Previous Gainline,559,N/A Ruck Speed,676,N/A Movement Ruck,0,,0,,0,,0,,0,,0,0,0,0,1899-12-30T01:25:55Z,1,47,0,0,11,950,Samoa,750,Tonga,05/08/2023,15:00,13,9,34,9,20,9,70,Apia Park,-1,NA,1,2023,22,10,Fly Half,0,,0,,271,Angus Gardner,1000642,Damon Murphy,1000613,Matthew Kellahan,-1,,3,International,N,L
1550,937717,36890,Theo McFarland,950,Samoa,5145.24,5145.24,5452,2,46,53,0,0,43,Ruck OOA,581,Penalty Conceded,583,Own Team 1st Entry,603,OOA Entry 1st Entry- Def,633,Defensive OOA,0,1,0,,0,,0,,0,,0,,0,0,0,0,1899-12-30T01:25:51Z,1,47,0,0,11,950,Samoa,750,Tonga,05/08/2023,15:00,13,9,34,9,20,9,70,Apia Park,-1,NA,1,2023,19,4,Lock (4),0,,0,,271,Angus Gardner,1000642,Damon Murphy,1000613,Matthew Kellahan,-1,,3,International,Y,W
1551,937717,35331,Siua Maile,750,Tonga,5145.80,5145.80,5453,2,54,15,0,0,43,Ruck OOA,572,Cleaned Out,583,Own Team 1st Entry,588,OOA Entry 1st Entry- Att,632,Attacking OOA,0,1,0,,0,,0,,0,,0,,0,0,0,0,1899-12-30T01:25:52Z,1,47,0,0,11,950,Samoa,750,Tonga,05/08/2023,15:00,13,9,34,9,20,9,70,Apia Park,-1,NA,1,2023,02,2,Hooker,0,,0,,271,Angus Gardner,1000642,Damon Murphy,1000613,Matthew Kellahan,-1,,3,International,N,L
1552,937717,19606,Lopeti Timani,750,Tonga,5145.92,5145.92,5453,2,54,15,0,0,43,Ruck OOA,572,Cleaned Out,584,Own Team 2nd Entry,589,OOA Entry 2nd Entry- Att,632,Attacking OOA,0,2,0,,0,,0,,0,,0,,0,0,0,0,1899-12-30T01:25:52Z,1,47,0,0,11,950,Samoa,750,Tonga,05/08/2023,15:00,13,9,34,9,20,9,70,Apia Park,-1,NA,1,2023,19,6,Blindside Flanker,0,,0,,271,Angus Gardner,1000642,Damon Murphy,1000613,Matthew Kellahan,-1,,3,International,N,L
1553,937717,36890,Theo McFarland,950,Samoa,5148.56,5148.56,5456,2,46,53,0,0,7,Penalty Conceded,224,Off Feet at Ruck,236,No Action,215,Defence,233,Full Penalty,0,,0,,0,,0,,0,,0,,0,0,0,0,1899-12-30T01:25:56Z,1,47,0,0,11,950,Samoa,750,Tonga,05/08/2023,15:00,13,9,34,9,20,9,70,Apia Park,-1,NA,1,2023,19,4,Lock (4),0,,0,,271,Angus Gardner,1000642,Damon Murphy,1000613,Matthew Kellahan,-1,,3,International,Y,W
1554,937717,36890,Theo McFarland,950,Samoa,5148.56,5148.56,5456,2,46,53,0,0,18,Collection,276,Jackal,278,Fail,0,,0,,0,,0,,0,,0,,0,,0,,0,0,0,0,1899-12-30T01:25:56Z,1,47,0,0,11,950,Samoa,750,Tonga,05/08/2023,15:00,13,9,34,9,20,9,70,Apia Park,-1,NA,1,2023,19,4,Lock (4),0,,0,,271,Angus Gardner,1000642,Damon Murphy,1000613,Matthew Kellahan,-1,,3,International,Y,W
1555,937717,0,,750,Tonga,5136.16,5149.48,5457,2,48,0,54,15,15,Possession,306,Lineout,316,Pen Won,0,,684,Fails to enter into Opposition 22,0,,0,,0,,0,,0,,0,,6,0,0,0,1899-12-30T01:25:47Z,1,47,0,0,11,950,Samoa,750,Tonga,05/08/2023,15:00,13,9,34,9,20,9,70,Apia Park,-1,NA,1,2023,,,,0,,0,,271,Angus Gardner,1000642,Damon Murphy,1000613,Matthew Kellahan,-1,,3,International,N,L
1556,937717,0,,750,Tonga,5136.16,5149.48,5457,2,48,0,54,15,26,Sequences,306,Lineout,316,Pen Won,0,,0,,0,,0,,0,,0,,0,,0,,6,0,0,0,1899-12-30T01:25:47Z,1,47,0,0,11,950,Samoa,750,Tonga,05/08/2023,15:00,13,9,34,9,20,9,70,Apia Park,-1,NA,1,2023,,,,0,,0,,271,Angus Gardner,1000642,Damon Murphy,1000613,Matthew Kellahan,-1,,3,International,N,L
1557,937717,0,,950,Samoa,5176.52,5253.64,5524,2,54,15,0,0,17,Period,0,Period,0,,0,,0,,0,,0,,0,,0,,0,,0,,0,0,0,0,1899-12-30T01:27:31Z,1,47,0,0,11,950,Samoa,750,Tonga,05/08/2023,15:00,13,9,34,9,20,9,70,Apia Park,-1,NA,1,2023,,,,0,,0,,271,Angus Gardner,1000642,Damon Murphy,1000613,Matthew Kellahan,-1,,3,International,Y,W
1558,937717,28913,Otumaka Mausia,750,Tonga,5252.28,5255.48,5524,2,59,14,78,0,4,Kick,347,Touch Kick,193,Kick in Touch (Full),148,Penalty Kick,0,,0,,0,,0,,0,,0,,0,,19,24,0,0,1899-12-30T01:27:43Z,1,47,0,0,11,950,Samoa,750,Tonga,05/08/2023,15:00,13,9,34,9,20,9,70,Apia Park,-1,NA,1,2023,22,10,Fly Half,0,,0,,271,Angus Gardner,1000642,Damon Murphy,1000613,Matthew Kellahan,-1,,3,International,N,L
1559,937717,0,,750,Tonga,5252.28,5255.48,5526,2,59,14,78,0,26,Sequences,780,Penalty Kick Touch,415,Own Lineout,0,,0,,0,,0,,0,,0,,0,,0,,19,0,0,0,1899-12-30T01:27:43Z,1,47,0,0,11,950,Samoa,750,Tonga,05/08/2023,15:00,13,9,34,9,20,9,70,Apia Park,-1,NA,1,2023,,,,0,,0,,271,Angus Gardner,1000642,Damon Murphy,1000613,Matthew Kellahan,-1,,3,International,N,L
1560,937717,0,,750,Tonga,5273.48,5273.48,5544,2,82,0,82,0,46,Attacking 22 Entry,646,22 Entry Outcome - Turnover,0,,0,,0,,0,,0,,0,,0,,0,,0,,0,0,0,0,1899-12-30T01:28:05Z,1,47,0,0,11,950,Samoa,750,Tonga,05/08/2023,15:00,13,9,34,9,20,9,70,Apia Park,-1,NA,1,2023,,,,0,,0,,271,Angus Gardner,1000642,Damon Murphy,1000613,Matthew Kellahan,-1,,3,International,N,L
1561,937717,35331,Siua Maile,750,Tonga,5273.48,5277.12,5544,2,82,0,81,14,6,Lineout Throw,371,Throw Front,419,Lost Overthrown,208,Catch and Pass,0,7,676,N/A Movement Lineout,732,7 Players,724,Halfback in Position,0,,0,,0,,15,0,0,0,1899-12-30T01:28:05Z,1,47,0,0,11,950,Samoa,750,Tonga,05/08/2023,15:00,13,9,34,9,20,9,70,Apia Park,-1,NA,1,2023,02,2,Hooker,0,,0,,271,Angus Gardner,1000642,Damon Murphy,1000613,Matthew Kellahan,-1,,3,International,N,L
1562,937717,31482,Luteru Tolai,950,Samoa,5277.12,5277.12,5547,2,19,54,0,0,18,Collection,274,Defensive Loose Ball,277,Success,0,,0,,0,,0,,0,,0,,0,,0,,0,0,0,0,1899-12-30T01:28:07Z,1,48,0,0,11,950,Samoa,750,Tonga,05/08/2023,15:00,13,9,34,9,20,9,70,Apia Park,-1,NA,1,2023,16,2,Hooker,0,,0,,271,Angus Gardner,1000642,Damon Murphy,1000613,Matthew Kellahan,-1,,3,International,Y,W
1563,937717,31482,Luteru Tolai,950,Samoa,5277.12,5277.12,5547,2,19,54,0,0,44,Counter Attack,625,Outcome - Try Scored,0,,0,,0,,0,,0,,0,,0,,0,,0,,0,0,0,0,1899-12-30T01:28:07Z,1,48,0,0,11,950,Samoa,750,Tonga,05/08/2023,15:00,13,9,34,9,20,9,70,Apia Park,-1,NA,1,2023,16,2,Hooker,0,,0,,271,Angus Gardner,1000642,Damon Murphy,1000613,Matthew Kellahan,-1,,3,International,Y,W
1564,937717,0,,950,Samoa,5277.12,5277.12,5547,2,19,54,0,0,45,Defensive Exits,629,Carried out of 22,0,,0,,0,,0,,0,,0,,0,,0,,0,,0,0,0,0,1899-12-30T01:28:07Z,1,48,0,0,11,950,Samoa,750,Tonga,05/08/2023,15:00,13,9,34,9,20,9,70,Apia Park,-1,NA,1,2023,,,,0,,0,,271,Angus Gardner,1000642,Damon Murphy,1000613,Matthew Kellahan,-1,,3,International,Y,W
1565,937717,31482,Luteru Tolai,950,Samoa,5277.60,5278.20,5548,2,21,49,18,37,3,Pass,169,Complete,0,,686,Medium Pass,681,Left Pass,700,0th Receiver,0,,0,,0,,0,,0,,12,12,3,0,1899-12-30T01:28:08Z,1,48,0,0,11,950,Samoa,750,Tonga,05/08/2023,15:00,13,9,34,9,20,9,70,Apia Park,-1,NA,1,2023,16,2,Hooker,0,,0,,271,Angus Gardner,1000642,Damon Murphy,1000613,Matthew Kellahan,-1,,3,International,Y,W
1566,937717,1927,Fritz Lee,950,Samoa,5278.20,5278.20,5548,2,18,37,0,0,18,Collection,631,General Catch,0,,0,,0,,0,,0,,0,,0,,0,,0,,0,0,0,0,1899-12-30T01:28:10Z,1,48,0,0,11,950,Samoa,750,Tonga,05/08/2023,15:00,13,9,34,9,20,9,70,Apia Park,-1,NA,1,2023,20,8,Number 8,0,,0,,271,Angus Gardner,1000642,Damon Murphy,1000613,Matthew Kellahan,-1,,3,International,Y,W
1567,937717,1927,Fritz Lee,950,Samoa,5278.20,5279.80,5548,2,18,37,26,31,1,Carry,103,Other Carry,121,Pass,109,Crossed Gain line,0,,500,0 Tacklers Committed,701,1st Receiver,0,,0,,0,,0,,6,8,0,0,1899-12-30T01:28:10Z,1,48,0,0,11,950,Samoa,750,Tonga,05/08/2023,15:00,13,9,34,9,20,9,70,Apia Park,-1,NA,1,2023,20,8,Number 8,0,,0,,271,Angus Gardner,1000642,Damon Murphy,1000613,Matthew Kellahan,-1,,3,International,Y,W
1568,937717,1927,Fritz Lee,950,Samoa,5279.80,5280.52,5550,2,26,31,23,22,3,Pass,169,Complete,0,,686,Medium Pass,681,Left Pass,701,1st Receiver,0,,0,,0,,0,,0,,9,9,3,0,1899-12-30T01:28:11Z,1,48,0,0,11,950,Samoa,750,Tonga,05/08/2023,15:00,13,9,34,9,20,9,70,Apia Park,-1,NA,1,2023,20,8,Number 8,0,,0,,271,Angus Gardner,1000642,Damon Murphy,1000613,Matthew Kellahan,-1,,3,International,Y,W
1569,937717,22603,Duncan Paia'aua,950,Samoa,5280.52,5280.52,5551,2,23,22,0,0,18,Collection,631,General Catch,0,,0,,0,,0,,0,,0,,0,,0,,0,,0,0,0,0,1899-12-30T01:28:13Z,1,48,0,0,11,950,Samoa,750,Tonga,05/08/2023,15:00,13,9,34,9,20,9,70,Apia Park,-1,NA,1,2023,12,12,Inside Centre,0,,0,,271,Angus Gardner,1000642,Damon Murphy,1000613,Matthew Kellahan,-1,,3,International,Y,W
1570,937717,22603,Duncan Paia'aua,950,Samoa,5280.52,5282.36,5551,2,23,22,40,15,1,Carry,103,Other Carry,121,Pass,109,Crossed Gain line,0,,500,0 Tacklers Committed,702,2nd Receiver,0,,0,,0,,0,,14,18,0,0,1899-12-30T01:28:13Z,1,48,0,0,11,950,Samoa,750,Tonga,05/08/2023,15:00,13,9,34,9,20,9,70,Apia Park,-1,NA,1,2023,12,12,Inside Centre,0,,0,,271,Angus Gardner,1000642,Damon Murphy,1000613,Matthew Kellahan,-1,,3,International,Y,W
1571,937717,22603,Duncan Paia'aua,950,Samoa,5282.36,5282.96,5552,2,40,15,39,6,3,Pass,169,Complete,0,,686,Medium Pass,681,Left Pass,702,2nd Receiver,0,,0,,0,,0,,0,,9,9,1,0,1899-12-30T01:28:13Z,1,48,0,0,11,950,Samoa,750,Tonga,05/08/2023,15:00,13,9,34,9,20,9,70,Apia Park,-1,NA,1,2023,12,12,Inside Centre,0,,0,,271,Angus Gardner,1000642,Damon Murphy,1000613,Matthew Kellahan,-1,,3,International,Y,W
1572,937717,22231,Ed Fidow,950,Samoa,5282.96,5282.96,5553,2,39,6,0,0,18,Collection,631,General Catch,0,,0,,0,,0,,0,,0,,0,,0,,0,,0,0,0,0,1899-12-30T01:28:16Z,1,48,0,0,11,950,Samoa,750,Tonga,05/08/2023,15:00,13,9,34,9,20,9,70,Apia Park,-1,NA,1,2023,11,11,Left Wing,0,,0,,271,Angus Gardner,1000642,Damon Murphy,1000613,Matthew Kellahan,-1,,3,International,Y,W
1573,937717,22231,Ed Fidow,950,Samoa,5282.96,5286.72,5553,2,39,6,64,5,1,Carry,103,Other Carry,107,Tackled Dominant,109,Crossed Gain line,460,Dominant Contact,501,1 Tacklers Committed,703,3rd Receiver,0,,0,,0,,0,,23,25,4,4,1899-12-30T01:28:16Z,1,48,0,0,11,950,Samoa,750,Tonga,05/08/2023,15:00,13,9,34,9,20,9,70,Apia Park,-1,NA,1,2023,11,11,Left Wing,0,,0,,271,Angus Gardner,1000642,Damon Murphy,1000613,Matthew Kellahan,-1,,3,International,Y,W
1574,937717,36335,Solomone Kata,750,Tonga,5285.88,5285.88,5556,2,40,64,0,0,40,Defensive Action,560,Tackle Arrival,0,,0,,0,,0,,0,,0,,0,,0,,0,,0,0,0,0,1899-12-30T01:28:15Z,1,48,0,0,11,950,Samoa,750,Tonga,05/08/2023,15:00,13,9,34,9,20,9,70,Apia Park,-1,NA,1,2023,14,14,Right Wing,0,,0,,271,Angus Gardner,1000642,Damon Murphy,1000613,Matthew Kellahan,-1,,3,International,N,L
1575,937717,18936,Pita Ahki,750,Tonga,5285.96,5285.96,5556,2,40,64,0,0,2,Tackle,144,Line,160,Passive,0,,475,Ineffective Tackle,708,1st Tackler,0,,0,,0,,0,,0,,0,0,0,0,1899-12-30T01:28:17Z,1,48,0,0,11,950,Samoa,750,Tonga,05/08/2023,15:00,13,9,34,9,20,9,70,Apia Park,-1,NA,1,2023,12,12,Inside Centre,0,,0,,271,Angus Gardner,1000642,Damon Murphy,1000613,Matthew Kellahan,-1,,3,International,N,L
1576,937717,22231,Ed Fidow,950,Samoa,5286.72,5288.92,5557,2,64,5,0,0,23,Ruck,0,,401,Won Outright,551,N/A Gainline,554,2-3 Seconds,662,Mid Right Open Movement Ruck,0,,0,,0,,0,,0,,0,0,21,10,1899-12-30T01:28:17Z,1,48,0,0,11,950,Samoa,750,Tonga,05/08/2023,15:00,13,9,34,9,20,9,70,Apia Park,-1,NA,1,2023,11,11,Left Wing,0,,0,,271,Angus Gardner,1000642,Damon Murphy,1000613,Matthew Kellahan,-1,,3,International,Y,W
1577,937717,1927,Fritz Lee,950,Samoa,5287.60,5287.60,5558,2,64,5,0,0,43,Ruck OOA,574,Secured,583,Own Team 1st Entry,588,OOA Entry 1st Entry- Att,632,Attacking OOA,0,1,0,,0,,0,,0,,0,,0,0,0,0,1899-12-30T01:28:16Z,1,48,0,0,11,950,Samoa,750,Tonga,05/08/2023,15:00,13,9,34,9,20,9,70,Apia Park,-1,NA,1,2023,20,8,Number 8,0,,0,,271,Angus Gardner,1000642,Damon Murphy,1000613,Matthew Kellahan,-1,,3,International,Y,W
1578,937717,10552,Tim Nanai-Williams,950,Samoa,5287.96,5287.96,5558,2,64,5,0,0,43,Ruck OOA,574,Secured,584,Own Team 2nd Entry,589,OOA Entry 2nd Entry- Att,632,Attacking OOA,0,2,0,,0,,0,,0,,0,,0,0,0,0,1899-12-30T01:28:16Z,1,48,0,0,11,950,Samoa,750,Tonga,05/08/2023,15:00,13,9,34,9,20,9,70,Apia Park,-1,NA,1,2023,15,15,Full Back,0,,0,,271,Angus Gardner,1000642,Damon Murphy,1000613,Matthew Kellahan,-1,,3,International,Y,W
1579,937717,22603,Duncan Paia'aua,950,Samoa,5288.32,5288.32,5558,2,64,5,0,0,43,Ruck OOA,575,Attended,585,Own Team 3rd Entry,590,OOA Entry 3rd Entry- Att,632,Attacking OOA,0,3,0,,0,,0,,0,,0,,0,0,0,0,1899-12-30T01:28:16Z,1,48,0,0,11,950,Samoa,750,Tonga,05/08/2023,15:00,13,9,34,9,20,9,70,Apia Park,-1,NA,1,2023,12,12,Inside Centre,0,,0,,271,Angus Gardner,1000642,Damon Murphy,1000613,Matthew Kellahan,-1,,3,International,Y,W
1580,937717,23399,Jonathan Taumateine,950,Samoa,5288.92,5288.92,5559,2,63,5,0,0,18,Collection,631,General Catch,0,,0,,0,,0,,0,,0,,0,,0,,0,,0,0,0,0,1899-12-30T01:28:20Z,2,48,0,0,11,950,Samoa,750,Tonga,05/08/2023,15:00,13,9,34,9,20,9,70,Apia Park,-1,NA,1,2023,09,9,Scrum Half,0,,0,,271,Angus Gardner,1000642,Damon Murphy,1000613,Matthew Kellahan,-1,,3,International,Y,W
1581,937717,23399,Jonathan Taumateine,950,Samoa,5288.92,5288.92,5559,2,63,5,0,0,47,Playmaker Options,671,Halfback at Breakdown,675,Playmaker Option - Pass,0,,0,,0,,0,,0,,0,,0,,0,,0,0,0,0,1899-12-30T01:28:20Z,2,48,0,0,11,950,Samoa,750,Tonga,05/08/2023,15:00,13,9,34,9,20,9,70,Apia Park,-1,NA,1,2023,09,9,Scrum Half,0,,0,,271,Angus Gardner,1000642,Damon Murphy,1000613,Matthew Kellahan,-1,,3,International,Y,W
1582,937717,23399,Jonathan Taumateine,950,Samoa,5289.32,5290.12,5559,2,63,5,60,14,3,Pass,169,Complete,0,,686,Medium Pass,682,Right Pass,700,0th Receiver,0,,0,,0,,0,,0,,9,9,3,0,1899-12-30T01:28:20Z,2,48,0,0,11,950,Samoa,750,Tonga,05/08/2023,15:00,13,9,34,9,20,9,70,Apia Park,-1,NA,1,2023,09,9,Scrum Half,0,,0,,271,Angus Gardner,1000642,Damon Murphy,1000613,Matthew Kellahan,-1,,3,International,Y,W
1583,937717,36890,Theo McFarland,950,Samoa,5290.12,5290.12,5600,2,60,14,0,0,18,Collection,631,General Catch,0,,0,,0,,0,,0,,0,,0,,0,,0,,0,0,0,0,1899-12-30T01:28:22Z,2,48,0,0,11,950,Samoa,750,Tonga,05/08/2023,15:00,13,9,34,9,20,9,70,Apia Park,-1,NA,1,2023,19,4,Lock (4),0,,0,,271,Angus Gardner,1000642,Damon Murphy,1000613,Matthew Kellahan,-1,,3,International,Y,W
1584,937717,36890,Theo McFarland,950,Samoa,5290.12,5290.12,5600,2,60,14,0,0,47,Playmaker Options,656,First Receiver,673,Playmaker Option - Carry,0,,0,,0,,0,,0,,0,,0,,0,,0,0,0,0,1899-12-30T01:28:22Z,2,48,0,0,11,950,Samoa,750,Tonga,05/08/2023,15:00,13,9,34,9,20,9,70,Apia Park,-1,NA,1,2023,19,4,Lock (4),0,,0,,271,Angus Gardner,1000642,Damon Murphy,1000613,Matthew Kellahan,-1,,3,International,Y,W
1585,937717,36890,Theo McFarland,950,Samoa,5290.12,5294.84,5600,2,60,14,85,15,1,Carry,101,One Out Drive,107,Tackled Dominant,109,Crossed Gain line,460,Dominant Contact,503,3 Tacklers Committed,701,1st Receiver,0,,0,,0,,0,,21,25,22,11,1899-12-30T01:28:22Z,2,48,0,0,11,950,Samoa,750,Tonga,05/08/2023,15:00,13,9,34,9,20,9,70,Apia Park,-1,NA,1,2023,19,4,Lock (4),0,,0,,271,Angus Gardner,1000642,Damon Murphy,1000613,Matthew Kellahan,-1,,3,International,Y,W
1586,937717,29249,Sione Havili Talitui,750,Tonga,5290.96,5290.96,5601,2,37,54,0,0,2,Tackle,144,Line,161,Missed,0,,475,Ineffective Tackle,708,1st Tackler,0,,0,,0,,0,,0,,0,0,0,0,1899-12-30T01:28:21Z,2,48,0,0,11,950,Samoa,750,Tonga,05/08/2023,15:00,13,9,34,9,20,9,70,Apia Park,-1,NA,1,2023,07,7,Openside Flanker,0,,0,,271,Angus Gardner,1000642,Damon Murphy,1000613,Matthew Kellahan,-1,,3,International,N,L
1587,937717,29249,Sione Havili Talitui,750,Tonga,5290.96,5290.96,5601,2,37,54,0,0,12,Missed Tackle,162,Bumped Off,166,Tackled,0,,0,,0,,0,,0,,0,,0,,0,,0,0,0,0,1899-12-30T01:28:21Z,2,48,0,0,11,950,Samoa,750,Tonga,05/08/2023,15:00,13,9,34,9,20,9,70,Apia Park,-1,NA,1,2023,07,7,Openside Flanker,0,,0,,271,Angus Gardner,1000642,Damon Murphy,1000613,Matthew Kellahan,-1,,3,International,N,L
1588,937717,36890,Theo McFarland,950,Samoa,5291.36,5291.36,5601,2,63,14,0,0,10,Attacking Qualities,116,Defender Beaten,0,,0,,0,,0,,0,,0,,0,,0,,0,,0,0,0,0,1899-12-30T01:28:21Z,2,48,0,0,11,950,Samoa,750,Tonga,05/08/2023,15:00,13,9,34,9,20,9,70,Apia Park,-1,NA,1,2023,19,4,Lock (4),0,,0,,271,Angus Gardner,1000642,Damon Murphy,1000613,Matthew Kellahan,-1,,3,International,Y,W
1589,937717,19128,George Moala,750,Tonga,5293.44,5293.44,5603,2,26,54,0,0,2,Tackle,144,Line,160,Passive,441,Assist,475,Ineffective Tackle,709,2nd Tackler,0,,0,,0,,0,,0,,0,0,0,0,1899-12-30T01:28:24Z,2,48,0,0,11,950,Samoa,750,Tonga,05/08/2023,15:00,13,9,34,9,20,9,70,Apia Park,-1,NA,1,2023,13,13,Outside Centre,0,,0,,271,Angus Gardner,1000642,Damon Murphy,1000613,Matthew Kellahan,-1,,3,International,N,L
1590,937717,28913,Otumaka Mausia,750,Tonga,5293.52,5293.52,5604,2,26,54,0,0,2,Tackle,144,Line,160,Passive,441,Assist,475,Ineffective Tackle,710,3rd Tackler,0,,0,,0,,0,,0,,0,0,0,0,1899-12-30T01:28:26Z,2,48,0,0,11,950,Samoa,750,Tonga,05/08/2023,15:00,13,9,34,9,20,9,70,Apia Park,-1,NA,1,2023,22,10,Fly Half,0,,0,,271,Angus Gardner,1000642,Damon Murphy,1000613,Matthew Kellahan,-1,,3,International,N,L
1591,937717,36890,Theo McFarland,950,Samoa,5294.84,5297.64,5605,2,85,15,0,0,23,Ruck,0,,401,Won Outright,548,Over Previous Gainline,554,2-3 Seconds,665,Close Left Blindside Movement Ruck,0,,0,,0,,0,,0,,0,0,9,10,1899-12-30T01:28:25Z,2,48,0,0,11,950,Samoa,750,Tonga,05/08/2023,15:00,13,9,34,9,20,9,70,Apia Park,-1,NA,1,2023,19,4,Lock (4),0,,0,,271,Angus Gardner,1000642,Damon Murphy,1000613,Matthew Kellahan,-1,,3,International,Y,W
1592,937717,0,,950,Samoa,5294.84,5339.68,5605,2,85,15,109,41,46,Attacking 22 Entry,645,22 Entry Outcome - Try,650,22 Entry Points - Try and Conversion,0,,0,,0,,0,,0,,0,,0,,0,,0,0,0,0,1899-12-30T01:28:25Z,2,48,0,0,11,950,Samoa,750,Tonga,05/08/2023,15:00,13,9,34,9,20,9,70,Apia Park,-1,NA,1,2023,,,,0,,0,,271,Angus Gardner,1000642,Damon Murphy,1000613,Matthew Kellahan,-1,,3,International,Y,W
1593,937717,22231,Ed Fidow,950,Samoa,5296.04,5296.04,5606,2,85,15,0,0,43,Ruck OOA,574,Secured,583,Own Team 1st Entry,588,OOA Entry 1st Entry- Att,632,Attacking OOA,0,1,0,,0,,0,,0,,0,,0,0,0,0,1899-12-30T01:27:41Z,2,48,0,0,11,950,Samoa,750,Tonga,05/08/2023,15:00,13,9,34,9,20,9,70,Apia Park,-1,NA,1,2023,11,11,Left Wing,0,,0,,271,Angus Gardner,1000642,Damon Murphy,1000613,Matthew Kellahan,-1,,3,International,Y,W
1594,937717,31482,Luteru Tolai,950,Samoa,5296.36,5296.36,5606,2,85,15,0,0,43,Ruck OOA,574,Secured,584,Own Team 2nd Entry,589,OOA Entry 2nd Entry- Att,632,Attacking OOA,0,2,0,,0,,0,,0,,0,,0,0,0,0,1899-12-30T01:27:41Z,2,48,0,0,11,950,Samoa,750,Tonga,05/08/2023,15:00,13,9,34,9,20,9,70,Apia Park,-1,NA,1,2023,16,2,Hooker,0,,0,,271,Angus Gardner,1000642,Damon Murphy,1000613,Matthew Kellahan,-1,,3,International,Y,W
1595,937717,17201,Paul Alo-Emile,950,Samoa,5296.72,5296.72,5607,2,85,15,0,0,43,Ruck OOA,575,Attended,585,Own Team 3rd Entry,590,OOA Entry 3rd Entry- Att,632,Attacking OOA,0,3,0,,0,,0,,0,,0,,0,0,0,0,1899-12-30T01:27:41Z,2,48,0,0,11,950,Samoa,750,Tonga,05/08/2023,15:00,13,9,34,9,20,9,70,Apia Park,-1,NA,1,2023,18,3,Tighthead Prop,0,,0,,271,Angus Gardner,1000642,Damon Murphy,1000613,Matthew Kellahan,-1,,3,International,Y,W
1596,937717,23399,Jonathan Taumateine,950,Samoa,5297.64,5297.64,5608,2,84,15,0,0,18,Collection,631,General Catch,0,,0,,0,,0,,0,,0,,0,,0,,0,,0,0,0,0,1899-12-30T01:28:28Z,3,48,0,0,11,950,Samoa,750,Tonga,05/08/2023,15:00,13,9,34,9,20,9,70,Apia Park,-1,NA,1,2023,09,9,Scrum Half,0,,0,,271,Angus Gardner,1000642,Damon Murphy,1000613,Matthew Kellahan,-1,,3,International,Y,W
1597,937717,23399,Jonathan Taumateine,950,Samoa,5297.64,5297.64,5608,2,84,15,0,0,47,Playmaker Options,671,Halfback at Breakdown,675,Playmaker Option - Pass,0,,0,,0,,0,,0,,0,,0,,0,,0,0,0,0,1899-12-30T01:28:28Z,3,48,0,0,11,950,Samoa,750,Tonga,05/08/2023,15:00,13,9,34,9,20,9,70,Apia Park,-1,NA,1,2023,09,9,Scrum Half,0,,0,,271,Angus Gardner,1000642,Damon Murphy,1000613,Matthew Kellahan,-1,,3,International,Y,W
1598,937717,23399,Jonathan Taumateine,950,Samoa,5297.88,5298.44,5608,2,84,15,83,7,3,Pass,169,Complete,0,,686,Medium Pass,681,Left Pass,700,0th Receiver,0,,0,,0,,0,,0,,8,8,1,0,1899-12-30T01:28:28Z,3,48,0,0,11,950,Samoa,750,Tonga,05/08/2023,15:00,13,9,34,9,20,9,70,Apia Park,-1,NA,1,2023,09,9,Scrum Half,0,,0,,271,Angus Gardner,1000642,Damon Murphy,1000613,Matthew Kellahan,-1,,3,International,Y,W
1599,937717,10552,Tim Nanai-Williams,950,Samoa,5298.44,5298.44,5608,2,83,7,0,0,18,Collection,631,General Catch,0,,0,,0,,0,,0,,0,,0,,0,,0,,0,0,0,0,1899-12-30T01:28:29Z,3,48,0,0,11,950,Samoa,750,Tonga,05/08/2023,15:00,13,9,34,9,20,9,70,Apia Park,-1,NA,1,2023,15,15,Full Back,0,,0,,271,Angus Gardner,1000642,Damon Murphy,1000613,Matthew Kellahan,-1,,3,International,Y,W
1600,937717,10552,Tim Nanai-Williams,950,Samoa,5298.44,5298.44,5608,2,83,7,0,0,47,Playmaker Options,656,First Receiver,673,Playmaker Option - Carry,0,,0,,0,,0,,0,,0,,0,,0,,0,0,0,0,1899-12-30T01:28:29Z,3,48,0,0,11,950,Samoa,750,Tonga,05/08/2023,15:00,13,9,34,9,20,9,70,Apia Park,-1,NA,1,2023,15,15,Full Back,0,,0,,271,Angus Gardner,1000642,Damon Murphy,1000613,Matthew Kellahan,-1,,3,International,Y,W
1601,937717,10552,Tim Nanai-Williams,950,Samoa,5298.44,5298.80,5608,2,83,7,83,7,1,Carry,103,Other Carry,121,Pass,111,Failed Gain line,0,,500,0 Tacklers Committed,701,1st Receiver,0,,0,,0,,0,,0,0,0,0,1899-12-30T01:28:29Z,3,48,0,0,11,950,Samoa,750,Tonga,05/08/2023,15:00,13,9,34,9,20,9,70,Apia Park,-1,NA,1,2023,15,15,Full Back,0,,0,,271,Angus Gardner,1000642,Damon Murphy,1000613,Matthew Kellahan,-1,,3,International,Y,W
1602,937717,10552,Tim Nanai-Williams,950,Samoa,5298.80,5298.92,5609,2,83,7,83,5,3,Pass,169,Complete,0,,679,Short Pass,681,Left Pass,701,1st Receiver,0,,0,,0,,0,,0,,3,3,1,0,1899-12-30T01:28:29Z,3,48,0,0,11,950,Samoa,750,Tonga,05/08/2023,15:00,13,9,34,9,20,9,70,Apia Park,-1,NA,1,2023,15,15,Full Back,0,,0,,271,Angus Gardner,1000642,Damon Murphy,1000613,Matthew Kellahan,-1,,3,International,Y,W
1603,937717,20766,Chris Vui,950,Samoa,5298.92,5298.92,5609,2,83,5,0,0,18,Collection,631,General Catch,0,,0,,0,,0,,0,,0,,0,,0,,0,,0,0,0,0,1899-12-30T01:28:31Z,3,48,0,0,11,950,Samoa,750,Tonga,05/08/2023,15:00,13,9,34,9,20,9,70,Apia Park,-1,NA,1,2023,05,5,Lock (5),0,,0,,271,Angus Gardner,1000642,Damon Murphy,1000613,Matthew Kellahan,-1,,3,International,Y,W
1604,937717,20766,Chris Vui,950,Samoa,5298.92,5301.92,5609,2,83,5,94,5,1,Carry,103,Other Carry,107,Tackled Dominant,109,Crossed Gain line,460,Dominant Contact,502,2 Tacklers Committed,702,2nd Receiver,0,,0,,0,,0,,9,12,4,4,1899-12-30T01:28:31Z,3,48,0,0,11,950,Samoa,750,Tonga,05/08/2023,15:00,13,9,34,9,20,9,70,Apia Park,-1,NA,1,2023,05,5,Lock (5),0,,0,,271,Angus Gardner,1000642,Damon Murphy,1000613,Matthew Kellahan,-1,,3,International,Y,W
1605,937717,18936,Pita Ahki,750,Tonga,5300.92,5300.92,5611,2,10,63,0,0,2,Tackle,144,Line,160,Passive,0,,475,Ineffective Tackle,708,1st Tackler,0,,0,,0,,0,,0,,0,0,0,0,1899-12-30T01:28:32Z,3,48,0,0,11,950,Samoa,750,Tonga,05/08/2023,15:00,13,9,34,9,20,9,70,Apia Park,-1,NA,1,2023,12,12,Inside Centre,0,,0,,271,Angus Gardner,1000642,Damon Murphy,1000613,Matthew Kellahan,-1,,3,International,N,L
1606,937717,28270,Tanginoa Halaifonua,750,Tonga,5301.36,5301.36,5611,2,10,63,0,0,2,Tackle,144,Line,160,Passive,441,Assist,475,Ineffective Tackle,709,2nd Tackler,0,,0,,0,,0,,0,,0,0,0,0,1899-12-30T01:28:32Z,3,48,0,0,11,950,Samoa,750,Tonga,05/08/2023,15:00,13,9,34,9,20,9,70,Apia Park,-1,NA,1,2023,06,6,Blindside Flanker,0,,0,,271,Angus Gardner,1000642,Damon Murphy,1000613,Matthew Kellahan,-1,,3,International,N,L
1607,937717,20766,Chris Vui,950,Samoa,5301.92,5303.40,5612,2,94,5,0,0,23,Ruck,0,,401,Won Outright,548,Over Previous Gainline,553,1-2 Seconds,668,Tight Right Open Movement Ruck,0,,0,,0,,0,,0,,0,0,2,0,1899-12-30T01:28:32Z,3,48,0,0,11,950,Samoa,750,Tonga,05/08/2023,15:00,13,9,34,9,20,9,70,Apia Park,-1,NA,1,2023,05,5,Lock (5),0,,0,,271,Angus Gardner,1000642,Damon Murphy,1000613,Matthew Kellahan,-1,,3,International,Y,W
1608,937717,1927,Fritz Lee,950,Samoa,5302.80,5302.80,5613,2,94,5,0,0,43,Ruck OOA,574,Secured,583,Own Team 1st Entry,588,OOA Entry 1st Entry- Att,632,Attacking OOA,0,1,0,,0,,0,,0,,0,,0,0,0,0,1899-12-30T01:28:31Z,3,48,0,0,11,950,Samoa,750,Tonga,05/08/2023,15:00,13,9,34,9,20,9,70,Apia Park,-1,NA,1,2023,20,8,Number 8,0,,0,,271,Angus Gardner,1000642,Damon Murphy,1000613,Matthew Kellahan,-1,,3,International,Y,W
1609,937717,23399,Jonathan Taumateine,950,Samoa,5303.40,5303.40,5613,2,93,6,0,0,18,Collection,631,General Catch,0,,0,,0,,0,,0,,0,,0,,0,,0,,0,0,0,0,1899-12-30T01:28:35Z,4,48,0,0,11,950,Samoa,750,Tonga,05/08/2023,15:00,13,9,34,9,20,9,70,Apia Park,-1,NA,1,2023,09,9,Scrum Half,0,,0,,271,Angus Gardner,1000642,Damon Murphy,1000613,Matthew Kellahan,-1,,3,International,Y,W
1610,937717,23399,Jonathan Taumateine,950,Samoa,5303.40,5303.40,5613,2,93,6,0,0,47,Playmaker Options,671,Halfback at Breakdown,675,Playmaker Option - Pass,0,,0,,0,,0,,0,,0,,0,,0,,0,0,0,0,1899-12-30T01:28:35Z,4,48,0,0,11,950,Samoa,750,Tonga,05/08/2023,15:00,13,9,34,9,20,9,70,Apia Park,-1,NA,1,2023,09,9,Scrum Half,0,,0,,271,Angus Gardner,1000642,Damon Murphy,1000613,Matthew Kellahan,-1,,3,International,Y,W
1611,937717,23399,Jonathan Taumateine,950,Samoa,5303.80,5304.40,5614,2,93,6,90,13,3,Pass,169,Complete,0,,686,Medium Pass,682,Right Pass,700,0th Receiver,0,,0,,0,,0,,0,,8,8,3,0,1899-12-30T01:28:35Z,4,48,0,0,11,950,Samoa,750,Tonga,05/08/2023,15:00,13,9,34,9,20,9,70,Apia Park,-1,NA,1,2023,09,9,Scrum Half,0,,0,,271,Angus Gardner,1000642,Damon Murphy,1000613,Matthew Kellahan,-1,,3,International,Y,W
1612,937717,17201,Paul Alo-Emile,950,Samoa,5304.40,5304.40,5614,2,90,13,0,0,18,Collection,631,General Catch,0,,0,,0,,0,,0,,0,,0,,0,,0,,0,0,0,0,1899-12-30T01:28:35Z,4,48,0,0,11,950,Samoa,750,Tonga,05/08/2023,15:00,13,9,34,9,20,9,70,Apia Park,-1,NA,1,2023,18,3,Tighthead Prop,0,,0,,271,Angus Gardner,1000642,Damon Murphy,1000613,Matthew Kellahan,-1,,3,International,Y,W
1613,937717,17201,Paul Alo-Emile,950,Samoa,5304.40,5304.40,5614,2,90,13,0,0,47,Playmaker Options,656,First Receiver,673,Playmaker Option - Carry,0,,0,,0,,0,,0,,0,,0,,0,,0,0,0,0,1899-12-30T01:28:35Z,4,48,0,0,11,950,Samoa,750,Tonga,05/08/2023,15:00,13,9,34,9,20,9,70,Apia Park,-1,NA,1,2023,18,3,Tighthead Prop,0,,0,,271,Angus Gardner,1000642,Damon Murphy,1000613,Matthew Kellahan,-1,,3,International,Y,W
1614,937717,17201,Paul Alo-Emile,950,Samoa,5304.40,5307.52,5614,2,90,13,96,6,1,Carry,101,One Out Drive,108,Tackled Neutral,109,Crossed Gain line,461,Neutral Contact,501,1 Tacklers Committed,701,1st Receiver,0,,0,,0,,0,,2,6,2,2,1899-12-30T01:28:35Z,4,48,0,0,11,950,Samoa,750,Tonga,05/08/2023,15:00,13,9,34,9,20,9,70,Apia Park,-1,NA,1,2023,18,3,Tighthead Prop,0,,0,,271,Angus Gardner,1000642,Damon Murphy,1000613,Matthew Kellahan,-1,,3,International,Y,W
1615,937717,21155,Vaea Fifita,750,Tonga,5305.40,5305.40,5615,2,6,55,0,0,2,Tackle,144,Line,153,Complete,0,,474,Neutral Tackle,708,1st Tackler,0,,0,,0,,0,,0,,0,0,0,0,1899-12-30T01:28:37Z,4,48,0,0,11,950,Samoa,750,Tonga,05/08/2023,15:00,13,9,34,9,20,9,70,Apia Park,-1,NA,1,2023,08,8,Number 8,0,,0,,271,Angus Gardner,1000642,Damon Murphy,1000613,Matthew Kellahan,-1,,3,International,N,L
1616,937717,17201,Paul Alo-Emile,950,Samoa,5307.52,5315.20,5618,2,96,6,0,0,23,Ruck,0,,401,Won Outright,548,Over Previous Gainline,558,6+ Seconds,668,Tight Right Open Movement Ruck,0,,0,,0,,0,,0,,0,0,2,1,1899-12-30T01:28:38Z,4,48,0,0,11,950,Samoa,750,Tonga,05/08/2023,15:00,13,9,34,9,20,9,70,Apia Park,-1,NA,1,2023,18,3,Tighthead Prop,0,,0,,271,Angus Gardner,1000642,Damon Murphy,1000613,Matthew Kellahan,-1,,3,International,Y,W
1617,937717,28270,Tanginoa Halaifonua,750,Tonga,5307.96,5307.96,5618,2,4,62,0,0,43,Ruck OOA,578,Got Cleaned Out,583,Own Team 1st Entry,603,OOA Entry 1st Entry- Def,633,Defensive OOA,0,1,0,,0,,0,,0,,0,,0,0,0,0,1899-12-30T01:28:31Z,4,48,0,0,11,950,Samoa,750,Tonga,05/08/2023,15:00,13,9,34,9,20,9,70,Apia Park,-1,NA,1,2023,06,6,Blindside Flanker,0,,0,,271,Angus Gardner,1000642,Damon Murphy,1000613,Matthew Kellahan,-1,,3,International,N,L
1618,937717,31482,Luteru Tolai,950,Samoa,5308.08,5308.08,5618,2,96,6,0,0,43,Ruck OOA,574,Secured,583,Own Team 1st Entry,588,OOA Entry 1st Entry- Att,632,Attacking OOA,0,1,0,,0,,0,,0,,0,,0,0,0,0,1899-12-30T01:28:31Z,4,48,0,0,11,950,Samoa,750,Tonga,05/08/2023,15:00,13,9,34,9,20,9,70,Apia Park,-1,NA,1,2023,16,2,Hooker,0,,0,,271,Angus Gardner,1000642,Damon Murphy,1000613,Matthew Kellahan,-1,,3,International,Y,W
1619,937717,22231,Ed Fidow,950,Samoa,5308.32,5308.32,5618,2,96,6,0,0,43,Ruck OOA,572,Cleaned Out,584,Own Team 2nd Entry,589,OOA Entry 2nd Entry- Att,632,Attacking OOA,0,2,0,,0,,0,,0,,0,,0,0,0,0,1899-12-30T01:28:31Z,4,48,0,0,11,950,Samoa,750,Tonga,05/08/2023,15:00,13,9,34,9,20,9,70,Apia Park,-1,NA,1,2023,11,11,Left Wing,0,,0,,271,Angus Gardner,1000642,Damon Murphy,1000613,Matthew Kellahan,-1,,3,International,Y,W
1620,937717,20766,Chris Vui,950,Samoa,5308.36,5308.36,5618,2,96,6,0,0,43,Ruck OOA,572,Cleaned Out,585,Own Team 3rd Entry,590,OOA Entry 3rd Entry- Att,632,Attacking OOA,0,3,0,,0,,0,,0,,0,,0,0,0,0,1899-12-30T01:28:31Z,4,48,0,0,11,950,Samoa,750,Tonga,05/08/2023,15:00,13,9,34,9,20,9,70,Apia Park,-1,NA,1,2023,05,5,Lock (5),0,,0,,271,Angus Gardner,1000642,Damon Murphy,1000613,Matthew Kellahan,-1,,3,International,Y,W
1621,937717,1927,Fritz Lee,950,Samoa,5315.20,5315.20,5625,2,96,6,0,0,18,Collection,631,General Catch,0,,0,,0,,0,,0,,0,,0,,0,,0,,0,0,0,0,1899-12-30T01:28:46Z,5,48,0,0,11,950,Samoa,750,Tonga,05/08/2023,15:00,13,9,34,9,20,9,70,Apia Park,-1,NA,1,2023,20,8,Number 8,0,,0,,271,Angus Gardner,1000642,Damon Murphy,1000613,Matthew Kellahan,-1,,3,International,Y,W
1622,937717,1927,Fritz Lee,950,Samoa,5315.20,5315.20,5625,2,96,6,0,0,47,Playmaker Options,672,Acting Halfback at Breakdown,673,Playmaker Option - Carry,0,,0,,0,,0,,0,,0,,0,,0,,0,0,0,0,1899-12-30T01:28:46Z,5,48,0,0,11,950,Samoa,750,Tonga,05/08/2023,15:00,13,9,34,9,20,9,70,Apia Park,-1,NA,1,2023,20,8,Number 8,0,,0,,271,Angus Gardner,1000642,Damon Murphy,1000613,Matthew Kellahan,-1,,3,International,Y,W
1623,937717,1927,Fritz Lee,950,Samoa,5315.20,5316.60,5625,2,96,6,99,7,1,Carry,102,Pick and Go,108,Tackled Neutral,109,Crossed Gain line,461,Neutral Contact,502,2 Tacklers Committed,700,0th Receiver,0,,0,,0,,0,,2,3,2,2,1899-12-30T01:28:46Z,5,48,0,0,11,950,Samoa,750,Tonga,05/08/2023,15:00,13,9,34,9,20,9,70,Apia Park,-1,NA,1,2023,20,8,Number 8,0,,0,,271,Angus Gardner,1000642,Damon Murphy,1000613,Matthew Kellahan,-1,,3,International,Y,W
1624,937717,43727,Miracle Faiilagi,950,Samoa,5315.52,5315.52,5626,2,96,6,0,0,10,Attacking Qualities,529,Snake,0,,0,,0,,0,,0,,0,,0,,0,,0,,0,0,0,0,1899-12-30T01:28:45Z,5,48,0,0,11,950,Samoa,750,Tonga,05/08/2023,15:00,13,9,34,9,20,9,70,Apia Park,-1,NA,1,2023,06,6,Blindside Flanker,0,,0,,271,Angus Gardner,1000642,Damon Murphy,1000613,Matthew Kellahan,-1,,3,International,Y,W
1625,937717,18936,Pita Ahki,750,Tonga,5315.92,5315.92,5626,2,3,61,0,0,2,Tackle,145,Guard,153,Complete,0,,474,Neutral Tackle,708,1st Tackler,0,,0,,0,,0,,0,,0,0,0,0,1899-12-30T01:28:46Z,5,48,0,0,11,950,Samoa,750,Tonga,05/08/2023,15:00,13,9,34,9,20,9,70,Apia Park,-1,NA,1,2023,12,12,Inside Centre,0,,0,,271,Angus Gardner,1000642,Damon Murphy,1000613,Matthew Kellahan,-1,,3,International,N,L
1626,937717,35331,Siua Maile,750,Tonga,5316.08,5316.08,5626,2,3,61,0,0,2,Tackle,144,Line,153,Complete,441,Assist,474,Neutral Tackle,709,2nd Tackler,0,,0,,0,,0,,0,,0,0,0,0,1899-12-30T01:28:46Z,5,48,0,0,11,950,Samoa,750,Tonga,05/08/2023,15:00,13,9,34,9,20,9,70,Apia Park,-1,NA,1,2023,02,2,Hooker,0,,0,,271,Angus Gardner,1000642,Damon Murphy,1000613,Matthew Kellahan,-1,,3,International,N,L
1627,937717,1927,Fritz Lee,950,Samoa,5316.60,5319.80,5627,2,99,7,0,0,23,Ruck,0,,401,Won Outright,548,Over Previous Gainline,555,3-4 Seconds,664,Close Right Open Movement Ruck,0,,0,,0,,0,,0,,0,0,1,5,1899-12-30T01:28:47Z,5,48,0,0,11,950,Samoa,750,Tonga,05/08/2023,15:00,13,9,34,9,20,9,70,Apia Park,-1,NA,1,2023,20,8,Number 8,0,,0,,271,Angus Gardner,1000642,Damon Murphy,1000613,Matthew Kellahan,-1,,3,International,Y,W
1628,937717,21149,Titi Lamositele,950,Samoa,5317.52,5317.52,5628,2,99,7,0,0,43,Ruck OOA,572,Cleaned Out,583,Own Team 1st Entry,588,OOA Entry 1st Entry- Att,632,Attacking OOA,0,1,0,,0,,0,,0,,0,,0,0,0,0,1899-12-30T01:28:45Z,5,48,0,0,11,950,Samoa,750,Tonga,05/08/2023,15:00,13,9,34,9,20,9,70,Apia Park,-1,NA,1,2023,17,1,Loosehead Prop,0,,0,,271,Angus Gardner,1000642,Damon Murphy,1000613,Matthew Kellahan,-1,,3,International,Y,W
1629,937717,31482,Luteru Tolai,950,Samoa,5319.80,5319.80,5630,2,98,7,0,0,18,Collection,631,General Catch,0,,0,,0,,0,,0,,0,,0,,0,,0,,0,0,0,0,1899-12-30T01:28:51Z,6,48,0,0,11,950,Samoa,750,Tonga,05/08/2023,15:00,13,9,34,9,20,9,70,Apia Park,-1,NA,1,2023,16,2,Hooker,0,,0,,271,Angus Gardner,1000642,Damon Murphy,1000613,Matthew Kellahan,-1,,3,International,Y,W
1630,937717,31482,Luteru Tolai,950,Samoa,5319.80,5319.80,5630,2,98,7,0,0,47,Playmaker Options,672,Acting Halfback at Breakdown,675,Playmaker Option - Pass,0,,0,,0,,0,,0,,0,,0,,0,,0,0,0,0,1899-12-30T01:28:51Z,6,48,0,0,11,950,Samoa,750,Tonga,05/08/2023,15:00,13,9,34,9,20,9,70,Apia Park,-1,NA,1,2023,16,2,Hooker,0,,0,,271,Angus Gardner,1000642,Damon Murphy,1000613,Matthew Kellahan,-1,,3,International,Y,W
1631,937717,31482,Luteru Tolai,950,Samoa,5320.12,5320.40,5630,2,98,7,96,13,3,Pass,169,Complete,0,,686,Medium Pass,682,Right Pass,700,0th Receiver,0,,0,,0,,0,,0,,7,7,2,0,1899-12-30T01:28:51Z,6,48,0,0,11,950,Samoa,750,Tonga,05/08/2023,15:00,13,9,34,9,20,9,70,Apia Park,-1,NA,1,2023,16,2,Hooker,0,,0,,271,Angus Gardner,1000642,Damon Murphy,1000613,Matthew Kellahan,-1,,3,International,Y,W
1632,937717,18506,Steven Luatua,950,Samoa,5320.40,5320.40,5630,2,96,13,0,0,18,Collection,631,General Catch,0,,0,,0,,0,,0,,0,,0,,0,,0,,0,0,0,0,1899-12-30T01:28:51Z,6,48,0,0,11,950,Samoa,750,Tonga,05/08/2023,15:00,13,9,34,9,20,9,70,Apia Park,-1,NA,1,2023,08,8,Number 8,0,,0,,271,Angus Gardner,1000642,Damon Murphy,1000613,Matthew Kellahan,-1,,3,International,Y,W
1633,937717,18506,Steven Luatua,950,Samoa,5320.40,5320.40,5630,2,96,13,0,0,47,Playmaker Options,656,First Receiver,673,Playmaker Option - Carry,0,,0,,0,,0,,0,,0,,0,,0,,0,0,0,0,1899-12-30T01:28:51Z,6,48,0,0,11,950,Samoa,750,Tonga,05/08/2023,15:00,13,9,34,9,20,9,70,Apia Park,-1,NA,1,2023,08,8,Number 8,0,,0,,271,Angus Gardner,1000642,Damon Murphy,1000613,Matthew Kellahan,-1,,3,International,Y,W
1634,937717,18506,Steven Luatua,950,Samoa,5320.40,5321.48,5630,2,96,13,100,12,1,Carry,101,One Out Drive,108,Tackled Neutral,109,Crossed Gain line,461,Neutral Contact,502,2 Tacklers Committed,701,1st Receiver,0,,0,,0,,0,,1,4,2,2,1899-12-30T01:28:51Z,6,48,0,0,11,950,Samoa,750,Tonga,05/08/2023,15:00,13,9,34,9,20,9,70,Apia Park,-1,NA,1,2023,08,8,Number 8,0,,0,,271,Angus Gardner,1000642,Damon Murphy,1000613,Matthew Kellahan,-1,,3,International,Y,W
1635,937717,29249,Sione Havili Talitui,750,Tonga,5321.04,5321.04,5631,2,2,56,0,0,2,Tackle,144,Line,153,Complete,0,,474,Neutral Tackle,708,1st Tackler,0,,0,,0,,0,,0,,0,0,0,0,1899-12-30T01:28:51Z,6,48,0,0,11,950,Samoa,750,Tonga,05/08/2023,15:00,13,9,34,9,20,9,70,Apia Park,-1,NA,1,2023,07,7,Openside Flanker,0,,0,,271,Angus Gardner,1000642,Damon Murphy,1000613,Matthew Kellahan,-1,,3,International,N,L
1636,937717,19606,Lopeti Timani,750,Tonga,5321.24,5321.24,5631,2,2,56,0,0,2,Tackle,144,Line,153,Complete,441,Assist,474,Neutral Tackle,709,2nd Tackler,0,,0,,0,,0,,0,,0,0,0,0,1899-12-30T01:28:52Z,6,48,0,0,11,950,Samoa,750,Tonga,05/08/2023,15:00,13,9,34,9,20,9,70,Apia Park,-1,NA,1,2023,19,6,Blindside Flanker,0,,0,,271,Angus Gardner,1000642,Damon Murphy,1000613,Matthew Kellahan,-1,,3,International,N,L
1637,937717,18506,Steven Luatua,950,Samoa,5321.48,5326.60,5632,2,100,12,0,0,23,Ruck,0,,401,Won Outright,548,Over Previous Gainline,557,5-6 Seconds,664,Close Right Open Movement Ruck,0,,0,,0,,0,,0,,0,0,-1,10,1899-12-30T01:28:52Z,6,48,0,0,11,950,Samoa,750,Tonga,05/08/2023,15:00,13,9,34,9,20,9,70,Apia Park,-1,NA,1,2023,08,8,Number 8,0,,0,,271,Angus Gardner,1000642,Damon Murphy,1000613,Matthew Kellahan,-1,,3,International,Y,W
1638,937717,0,,950,Samoa,5322.00,5322.00,5632,2,99,12,0,0,20,Ref Review,245,Advantage,0,,0,,0,,0,,0,,0,,0,,0,,0,,0,0,0,0,1899-12-30T01:28:47Z,6,48,0,0,11,950,Samoa,750,Tonga,05/08/2023,15:00,13,9,34,9,20,9,70,Apia Park,-1,NA,1,2023,,,,0,,0,,271,Angus Gardner,1000642,Damon Murphy,1000613,Matthew Kellahan,-1,,3,International,Y,W
1639,937717,31482,Luteru Tolai,950,Samoa,5322.88,5322.88,5633,2,99,12,0,0,43,Ruck OOA,574,Secured,583,Own Team 1st Entry,588,OOA Entry 1st Entry- Att,632,Attacking OOA,0,1,0,,0,,0,,0,,0,,0,0,0,0,1899-12-30T01:28:48Z,6,48,0,0,11,950,Samoa,750,Tonga,05/08/2023,15:00,13,9,34,9,20,9,70,Apia Park,-1,NA,1,2023,16,2,Hooker,0,,0,,271,Angus Gardner,1000642,Damon Murphy,1000613,Matthew Kellahan,-1,,3,International,Y,W
1640,937717,36890,Theo McFarland,950,Samoa,5323.20,5323.20,5633,2,99,12,0,0,43,Ruck OOA,574,Secured,584,Own Team 2nd Entry,589,OOA Entry 2nd Entry- Att,632,Attacking OOA,0,2,0,,0,,0,,0,,0,,0,0,0,0,1899-12-30T01:28:48Z,6,48,0,0,11,950,Samoa,750,Tonga,05/08/2023,15:00,13,9,34,9,20,9,70,Apia Park,-1,NA,1,2023,19,4,Lock (4),0,,0,,271,Angus Gardner,1000642,Damon Murphy,1000613,Matthew Kellahan,-1,,3,International,Y,W
1641,937717,17201,Paul Alo-Emile,950,Samoa,5326.60,5326.60,5637,2,99,12,0,0,18,Collection,631,General Catch,0,,0,,0,,0,,0,,0,,0,,0,,0,,0,0,0,0,1899-12-30T01:28:57Z,7,48,0,0,11,950,Samoa,750,Tonga,05/08/2023,15:00,13,9,34,9,20,9,70,Apia Park,-1,NA,1,2023,18,3,Tighthead Prop,0,,0,,271,Angus Gardner,1000642,Damon Murphy,1000613,Matthew Kellahan,-1,,3,International,Y,W
1642,937717,17201,Paul Alo-Emile,950,Samoa,5326.60,5326.60,5637,2,99,12,0,0,47,Playmaker Options,672,Acting Halfback at Breakdown,675,Playmaker Option - Pass,0,,0,,0,,0,,0,,0,,0,,0,,0,0,0,0,1899-12-30T01:28:57Z,7,48,0,0,11,950,Samoa,750,Tonga,05/08/2023,15:00,13,9,34,9,20,9,70,Apia Park,-1,NA,1,2023,18,3,Tighthead Prop,0,,0,,271,Angus Gardner,1000642,Damon Murphy,1000613,Matthew Kellahan,-1,,3,International,Y,W
1643,937717,17201,Paul Alo-Emile,950,Samoa,5326.76,5327.36,5637,2,99,12,97,19,3,Pass,169,Complete,0,,686,Medium Pass,682,Right Pass,700,0th Receiver,0,,0,,0,,0,,0,,7,7,2,0,1899-12-30T01:28:57Z,7,48,0,0,11,950,Samoa,750,Tonga,05/08/2023,15:00,13,9,34,9,20,9,70,Apia Park,-1,NA,1,2023,18,3,Tighthead Prop,0,,0,,271,Angus Gardner,1000642,Damon Murphy,1000613,Matthew Kellahan,-1,,3,International,Y,W
1644,937717,43727,Miracle Faiilagi,950,Samoa,5327.36,5327.36,5637,2,97,19,0,0,18,Collection,631,General Catch,0,,0,,0,,0,,0,,0,,0,,0,,0,,0,0,0,0,1899-12-30T01:28:58Z,7,48,0,0,11,950,Samoa,750,Tonga,05/08/2023,15:00,13,9,34,9,20,9,70,Apia Park,-1,NA,1,2023,06,6,Blindside Flanker,0,,0,,271,Angus Gardner,1000642,Damon Murphy,1000613,Matthew Kellahan,-1,,3,International,Y,W
1645,937717,43727,Miracle Faiilagi,950,Samoa,5327.36,5327.36,5637,2,97,19,0,0,47,Playmaker Options,656,First Receiver,673,Playmaker Option - Carry,0,,0,,0,,0,,0,,0,,0,,0,,0,0,0,0,1899-12-30T01:28:58Z,7,48,0,0,11,950,Samoa,750,Tonga,05/08/2023,15:00,13,9,34,9,20,9,70,Apia Park,-1,NA,1,2023,06,6,Blindside Flanker,0,,0,,271,Angus Gardner,1000642,Damon Murphy,1000613,Matthew Kellahan,-1,,3,International,Y,W
1646,937717,43727,Miracle Faiilagi,950,Samoa,5327.36,5328.44,5637,2,97,19,98,21,1,Carry,101,One Out Drive,108,Tackled Neutral,111,Failed Gain line,461,Neutral Contact,501,1 Tacklers Committed,701,1st Receiver,0,,0,,0,,0,,0,2,1,1,1899-12-30T01:28:58Z,7,48,0,0,11,950,Samoa,750,Tonga,05/08/2023,15:00,13,9,34,9,20,9,70,Apia Park,-1,NA,1,2023,06,6,Blindside Flanker,0,,0,,271,Angus Gardner,1000642,Damon Murphy,1000613,Matthew Kellahan,-1,,3,International,Y,W
1647,937717,18807,Ben Tameifuna,750,Tonga,5328.00,5328.00,5638,2,2,48,0,0,2,Tackle,144,Line,153,Complete,0,,474,Neutral Tackle,708,1st Tackler,0,,0,,0,,0,,0,,0,0,0,0,1899-12-30T01:28:59Z,7,48,0,0,11,950,Samoa,750,Tonga,05/08/2023,15:00,13,9,34,9,20,9,70,Apia Park,-1,NA,1,2023,03,3,Tighthead Prop,0,,0,,271,Angus Gardner,1000642,Damon Murphy,1000613,Matthew Kellahan,-1,,3,International,N,L
1648,937717,43727,Miracle Faiilagi,950,Samoa,5328.44,5332.28,5638,2,98,21,0,0,23,Ruck,0,,401,Won Outright,549,Behind Previous Gainline,555,3-4 Seconds,662,Mid Right Open Movement Ruck,0,,0,,0,,0,,0,,0,0,2,21,1899-12-30T01:28:59Z,7,48,0,0,11,950,Samoa,750,Tonga,05/08/2023,15:00,13,9,34,9,20,9,70,Apia Park,-1,NA,1,2023,06,6,Blindside Flanker,0,,0,,271,Angus Gardner,1000642,Damon Murphy,1000613,Matthew Kellahan,-1,,3,International,Y,W
1649,937717,29249,Sione Havili Talitui,750,Tonga,5329.24,5329.24,5639,2,2,47,0,0,43,Ruck OOA,578,Got Cleaned Out,583,Own Team 1st Entry,603,OOA Entry 1st Entry- Def,633,Defensive OOA,0,1,0,,0,,0,,0,,0,,0,0,0,0,1899-12-30T01:28:56Z,7,48,0,0,11,950,Samoa,750,Tonga,05/08/2023,15:00,13,9,34,9,20,9,70,Apia Park,-1,NA,1,2023,07,7,Openside Flanker,0,,0,,271,Angus Gardner,1000642,Damon Murphy,1000613,Matthew Kellahan,-1,,3,International,N,L
1650,937717,1927,Fritz Lee,950,Samoa,5329.48,5329.48,5640,2,98,21,0,0,43,Ruck OOA,572,Cleaned Out,583,Own Team 1st Entry,588,OOA Entry 1st Entry- Att,632,Attacking OOA,0,1,0,,0,,0,,0,,0,,0,0,0,0,1899-12-30T01:28:56Z,7,48,0,0,11,950,Samoa,750,Tonga,05/08/2023,15:00,13,9,34,9,20,9,70,Apia Park,-1,NA,1,2023,20,8,Number 8,0,,0,,271,Angus Gardner,1000642,Damon Murphy,1000613,Matthew Kellahan,-1,,3,International,Y,W
1651,937717,20766,Chris Vui,950,Samoa,5329.84,5329.84,5640,2,98,21,0,0,43,Ruck OOA,572,Cleaned Out,584,Own Team 2nd Entry,589,OOA Entry 2nd Entry- Att,632,Attacking OOA,0,2,0,,0,,0,,0,,0,,0,0,0,0,1899-12-30T01:28:56Z,7,48,0,0,11,950,Samoa,750,Tonga,05/08/2023,15:00,13,9,34,9,20,9,70,Apia Park,-1,NA,1,2023,05,5,Lock (5),0,,0,,271,Angus Gardner,1000642,Damon Murphy,1000613,Matthew Kellahan,-1,,3,International,Y,W
1652,937717,23399,Jonathan Taumateine,950,Samoa,5332.28,5332.28,5642,2,98,21,0,0,18,Collection,631,General Catch,0,,0,,0,,0,,0,,0,,0,,0,,0,,0,0,0,0,1899-12-30T01:29:04Z,8,48,0,0,11,950,Samoa,750,Tonga,05/08/2023,15:00,13,9,34,9,20,9,70,Apia Park,-1,NA,1,2023,09,9,Scrum Half,0,,0,,271,Angus Gardner,1000642,Damon Murphy,1000613,Matthew Kellahan,-1,,3,International,Y,W
1653,937717,23399,Jonathan Taumateine,950,Samoa,5332.28,5332.28,5642,2,98,21,0,0,47,Playmaker Options,671,Halfback at Breakdown,675,Playmaker Option - Pass,0,,0,,0,,0,,0,,0,,0,,0,,0,0,0,0,1899-12-30T01:29:04Z,8,48,0,0,11,950,Samoa,750,Tonga,05/08/2023,15:00,13,9,34,9,20,9,70,Apia Park,-1,NA,1,2023,09,9,Scrum Half,0,,0,,271,Angus Gardner,1000642,Damon Murphy,1000613,Matthew Kellahan,-1,,3,International,Y,W
1654,937717,23399,Jonathan Taumateine,950,Samoa,5332.68,5333.40,5643,2,98,21,92,32,3,Pass,169,Complete,0,,686,Medium Pass,682,Right Pass,700,0th Receiver,0,,0,,0,,0,,0,,11,13,6,0,1899-12-30T01:29:04Z,8,48,0,0,11,950,Samoa,750,Tonga,05/08/2023,15:00,13,9,34,9,20,9,70,Apia Park,-1,NA,1,2023,09,9,Scrum Half,0,,0,,271,Angus Gardner,1000642,Damon Murphy,1000613,Matthew Kellahan,-1,,3,International,Y,W
1655,937717,25212,D'Angelo Leuila,950,Samoa,5333.40,5333.40,5643,2,92,32,0,0,18,Collection,631,General Catch,0,,0,,0,,0,,0,,0,,0,,0,,0,,0,0,0,0,1899-12-30T01:29:05Z,8,48,0,0,11,950,Samoa,750,Tonga,05/08/2023,15:00,13,9,34,9,20,9,70,Apia Park,-1,NA,1,2023,10,10,Fly Half,0,,0,,271,Angus Gardner,1000642,Damon Murphy,1000613,Matthew Kellahan,-1,,3,International,Y,W
1656,937717,25212,D'Angelo Leuila,950,Samoa,5333.40,5333.40,5643,2,92,32,0,0,47,Playmaker Options,656,First Receiver,673,Playmaker Option - Carry,0,,0,,0,,0,,0,,0,,0,,0,,0,0,0,0,1899-12-30T01:29:05Z,8,48,0,0,11,950,Samoa,750,Tonga,05/08/2023,15:00,13,9,34,9,20,9,70,Apia Park,-1,NA,1,2023,10,10,Fly Half,0,,0,,271,Angus Gardner,1000642,Damon Murphy,1000613,Matthew Kellahan,-1,,3,International,Y,W
1657,937717,25212,D'Angelo Leuila,950,Samoa,5333.40,5334.16,5643,2,92,32,93,34,1,Carry,103,Other Carry,121,Pass,111,Failed Gain line,0,,500,0 Tacklers Committed,701,1st Receiver,0,,0,,0,,0,,0,2,0,0,1899-12-30T01:29:05Z,8,48,0,0,11,950,Samoa,750,Tonga,05/08/2023,15:00,13,9,34,9,20,9,70,Apia Park,-1,NA,1,2023,10,10,Fly Half,0,,0,,271,Angus Gardner,1000642,Damon Murphy,1000613,Matthew Kellahan,-1,,3,International,Y,W
1658,937717,25212,D'Angelo Leuila,950,Samoa,5334.16,5334.80,5644,2,93,34,91,44,3,Pass,169,Complete,0,,686,Medium Pass,682,Right Pass,701,1st Receiver,0,,0,,0,,0,,0,,10,10,3,0,1899-12-30T01:29:05Z,8,48,0,0,11,950,Samoa,750,Tonga,05/08/2023,15:00,13,9,34,9,20,9,70,Apia Park,-1,NA,1,2023,10,10,Fly Half,0,,0,,271,Angus Gardner,1000642,Damon Murphy,1000613,Matthew Kellahan,-1,,3,International,Y,W
1659,937717,9023,Christian Leali'ifano,950,Samoa,5334.80,5334.80,5645,2,91,44,0,0,18,Collection,631,General Catch,0,,0,,0,,0,,0,,0,,0,,0,,0,,0,0,0,0,1899-12-30T01:29:06Z,8,48,0,0,11,950,Samoa,750,Tonga,05/08/2023,15:00,13,9,34,9,20,9,70,Apia Park,-1,NA,1,2023,22,10,Fly Half,0,,0,,271,Angus Gardner,1000642,Damon Murphy,1000613,Matthew Kellahan,-1,,3,International,Y,W
1660,937717,9023,Christian Leali'ifano,950,Samoa,5335.00,5335.76,5645,2,92,45,91,53,3,Pass,178,Try,0,,686,Medium Pass,682,Right Pass,702,2nd Receiver,0,,0,,0,,0,,0,,9,9,1,0,1899-12-30T01:29:06Z,8,48,0,0,11,950,Samoa,750,Tonga,05/08/2023,15:00,13,9,34,9,20,9,70,Apia Park,-1,NA,1,2023,22,10,Fly Half,0,,0,,271,Angus Gardner,1000642,Damon Murphy,1000613,Matthew Kellahan,-1,,3,International,Y,W
1661,937717,9023,Christian Leali'ifano,950,Samoa,5335.12,5335.12,5645,2,92,45,0,0,10,Attacking Qualities,527,Break Assist,0,,0,,0,,0,,0,,0,,0,,0,,0,,0,0,0,0,1899-12-30T01:29:06Z,8,48,0,0,11,950,Samoa,750,Tonga,05/08/2023,15:00,13,9,34,9,20,9,70,Apia Park,-1,NA,1,2023,22,10,Fly Half,0,,0,,271,Angus Gardner,1000642,Damon Murphy,1000613,Matthew Kellahan,-1,,3,International,Y,W
1662,937717,9023,Christian Leali'ifano,950,Samoa,5335.12,5335.12,5645,2,92,45,0,0,10,Attacking Qualities,526,Try Assist,0,,0,,0,,0,,0,,0,,0,,0,,0,,0,0,0,0,1899-12-30T01:29:06Z,8,48,0,0,11,950,Samoa,750,Tonga,05/08/2023,15:00,13,9,34,9,20,9,70,Apia Park,-1,NA,1,2023,22,10,Fly Half,0,,0,,271,Angus Gardner,1000642,Damon Murphy,1000613,Matthew Kellahan,-1,,3,International,Y,W
1663,937717,22603,Duncan Paia'aua,950,Samoa,5335.76,5335.76,5646,2,91,53,0,0,18,Collection,631,General Catch,0,,0,,0,,0,,0,,0,,0,,0,,0,,0,0,0,0,1899-12-30T01:29:10Z,8,48,0,0,11,950,Samoa,750,Tonga,05/08/2023,15:00,13,9,34,9,20,9,70,Apia Park,-1,NA,1,2023,12,12,Inside Centre,0,,0,,271,Angus Gardner,1000642,Damon Murphy,1000613,Matthew Kellahan,-1,,3,International,Y,W
1664,937717,22603,Duncan Paia'aua,950,Samoa,5335.76,5339.68,5646,2,91,53,109,41,1,Carry,103,Other Carry,117,Try Scored,109,Crossed Gain line,0,,500,0 Tacklers Committed,703,3rd Receiver,0,,0,,0,,0,,2,19,0,0,1899-12-30T01:29:10Z,8,48,0,0,11,950,Samoa,750,Tonga,05/08/2023,15:00,13,9,34,9,20,9,70,Apia Park,-1,NA,1,2023,12,12,Inside Centre,0,,0,,271,Angus Gardner,1000642,Damon Murphy,1000613,Matthew Kellahan,-1,,3,International,Y,W
1665,937717,22603,Duncan Paia'aua,950,Samoa,5336.48,5336.48,5647,2,96,53,0,0,10,Attacking Qualities,112,Initial Break,530,Line Break,0,,0,,0,,0,,0,,0,,0,,0,,0,0,0,0,1899-12-30T01:29:07Z,8,48,0,0,11,950,Samoa,750,Tonga,05/08/2023,15:00,13,9,34,9,20,9,70,Apia Park,-1,NA,1,2023,12,12,Inside Centre,0,,0,,271,Angus Gardner,1000642,Damon Murphy,1000613,Matthew Kellahan,-1,,3,International,Y,W
1666,937717,0,,750,Tonga,5273.48,5339.84,5650,2,82,0,-9,27,26,Sequences,348,Lineout Steal,314,Try,0,,0,,0,,0,,0,,0,,0,,0,,-82,0,0,0,1899-12-30T01:28:05Z,8,48,0,0,11,950,Samoa,750,Tonga,05/08/2023,15:00,13,9,34,9,20,9,70,Apia Park,-1,NA,1,2023,,,,0,,0,,271,Angus Gardner,1000642,Damon Murphy,1000613,Matthew Kellahan,-1,,3,International,N,L
1667,937717,0,,950,Samoa,5277.12,5339.84,5650,2,19,54,109,41,15,Possession,348,Lineout Steal,314,Try,112,Initial Break,683,Enters into Opposition 22,0,,0,,0,,0,,0,,0,,81,0,0,0,1899-12-30T01:28:07Z,8,48,0,0,11,950,Samoa,750,Tonga,05/08/2023,15:00,13,9,34,9,20,9,70,Apia Park,-1,NA,1,2023,,,,0,,0,,271,Angus Gardner,1000642,Damon Murphy,1000613,Matthew Kellahan,-1,,3,International,Y,W
1668,937717,22603,Duncan Paia'aua,950,Samoa,5339.68,5339.68,5650,2,109,41,0,0,9,Try,0,Try,0,,0,,0,,0,,0,,0,,0,,0,,0,,0,0,0,0,1899-12-30T01:29:10Z,8,48,0,0,16,950,Samoa,750,Tonga,05/08/2023,15:00,13,9,34,9,20,9,70,Apia Park,-1,NA,1,2023,12,12,Inside Centre,0,,0,,271,Angus Gardner,1000642,Damon Murphy,1000613,Matthew Kellahan,-1,,3,International,Y,W
1669,937717,25212,D'Angelo Leuila,950,Samoa,5412.36,5413.80,5802,2,87,42,103,33,11,Goal Kick,295,Conversion,299,Goal Kicked,0,,0,,0,,0,,0,,0,,0,,0,,13,15,0,0,1899-12-30T01:30:23Z,1,48,0,0,18,950,Samoa,750,Tonga,05/08/2023,15:00,13,9,34,9,25,9,70,Apia Park,-1,NA,1,2023,10,10,Fly Half,0,,0,,271,Angus Gardner,1000642,Damon Murphy,1000613,Matthew Kellahan,-1,,3,International,Y,W
1670,937717,23399,Jonathan Taumateine,950,Samoa,5436.24,5436.24,5826,2,103,33,0,0,41,Sub Out,562,Tactical,0,,0,,0,,0,,0,,0,,0,,0,,0,,0,0,0,0,1899-12-30T01:30:47Z,1,48,0,-1,18,950,Samoa,750,Tonga,05/08/2023,15:00,13,9,34,9,25,9,70,Apia Park,-1,NA,1,2023,09,9,Scrum Half,0,,0,,271,Angus Gardner,1000642,Damon Murphy,1000613,Matthew Kellahan,-1,,3,International,Y,W
1671,937717,23395,Melani Matavao,950,Samoa,5436.28,5436.28,5826,2,103,33,0,0,42,Sub In,562,Tactical,0,,0,,0,,0,,0,,0,,0,,0,,0,,0,0,0,0,1899-12-30T01:30:47Z,1,48,0,0,18,950,Samoa,750,Tonga,05/08/2023,15:00,13,9,34,9,25,9,70,Apia Park,-1,NA,1,2023,21,9,Scrum Half,0,,0,,271,Angus Gardner,1000642,Damon Murphy,1000613,Matthew Kellahan,-1,,3,International,Y,W
1672,937717,35331,Siua Maile,750,Tonga,5436.68,5436.68,5827,2,-3,35,0,0,41,Sub Out,562,Tactical,0,,0,,0,,0,,0,,0,,0,,0,,0,,0,0,0,0,1899-12-30T01:30:47Z,1,48,0,1,18,950,Samoa,750,Tonga,05/08/2023,15:00,13,9,34,9,25,9,70,Apia Park,-1,NA,1,2023,02,2,Hooker,0,,0,,271,Angus Gardner,1000642,Damon Murphy,1000613,Matthew Kellahan,-1,,3,International,N,L
1673,937717,17144,Paula Ngauamo,750,Tonga,5436.72,5436.72,5827,2,-3,35,0,0,42,Sub In,562,Tactical,0,,0,,0,,0,,0,,0,,0,,0,,0,,0,0,0,0,1899-12-30T01:30:47Z,1,48,0,0,18,950,Samoa,750,Tonga,05/08/2023,15:00,13,9,34,9,25,9,70,Apia Park,-1,NA,1,2023,16,2,Hooker,0,,0,,271,Angus Gardner,1000642,Damon Murphy,1000613,Matthew Kellahan,-1,,3,International,N,L
1674,937717,28913,Otumaka Mausia,750,Tonga,5444.60,5447.92,5835,2,50,35,83,10,14,Restart,281,50m Restart,286,Restart Opp Collection,288,Long,752,Kicked Left,0,,0,,0,,0,,0,,0,,33,41,26,0,1899-12-30T01:30:56Z,1,48,0,0,18,950,Samoa,750,Tonga,05/08/2023,15:00,13,9,34,9,25,9,70,Apia Park,-1,NA,1,2023,22,10,Fly Half,0,,0,,271,Angus Gardner,1000642,Damon Murphy,1000613,Matthew Kellahan,-1,,3,International,N,L
1675,937717,36890,Theo McFarland,950,Samoa,5447.92,5447.92,5838,2,18,58,0,0,18,Collection,275,Restart Catch,277,Success,0,,0,,0,,0,,0,,0,,0,,0,,0,0,0,0,1899-12-30T01:30:58Z,1,49,0,0,18,950,Samoa,750,Tonga,05/08/2023,15:00,13,9,34,9,25,9,70,Apia Park,-1,NA,1,2023,19,4,Lock (4),0,,0,,271,Angus Gardner,1000642,Damon Murphy,1000613,Matthew Kellahan,-1,,3,International,Y,W
1676,937717,0,,950,Samoa,5447.92,5447.92,5838,2,18,58,0,0,45,Defensive Exits,629,Carried out of 22,0,,0,,0,,0,,0,,0,,0,,0,,0,,0,0,0,0,1899-12-30T01:30:58Z,1,49,0,0,18,950,Samoa,750,Tonga,05/08/2023,15:00,13,9,34,9,25,9,70,Apia Park,-1,NA,1,2023,,,,0,,0,,271,Angus Gardner,1000642,Damon Murphy,1000613,Matthew Kellahan,-1,,3,International,Y,W
1677,937717,36890,Theo McFarland,950,Samoa,5447.92,5453.68,5838,2,18,58,23,50,1,Carry,105,Restart Return,107,Tackled Dominant,109,Crossed Gain line,460,Dominant Contact,504,4+ Tacklers Committed,700,0th Receiver,0,,0,,0,,0,,6,6,4,4,1899-12-30T01:30:58Z,1,49,0,0,18,950,Samoa,750,Tonga,05/08/2023,15:00,13,9,34,9,25,9,70,Apia Park,-1,NA,1,2023,19,4,Lock (4),0,,0,,271,Angus Gardner,1000642,Damon Murphy,1000613,Matthew Kellahan,-1,,3,International,Y,W
1678,937717,29249,Sione Havili Talitui,750,Tonga,5451.00,5451.00,5841,2,81,22,0,0,2,Tackle,142,Chase,161,Missed,0,,475,Ineffective Tackle,708,1st Tackler,0,,0,,0,,0,,0,,0,0,0,0,1899-12-30T01:31:02Z,1,49,0,0,18,950,Samoa,750,Tonga,05/08/2023,15:00,13,9,34,9,25,9,70,Apia Park,-1,NA,1,2023,07,7,Openside Flanker,0,,0,,271,Angus Gardner,1000642,Damon Murphy,1000613,Matthew Kellahan,-1,,3,International,N,L
1679,937717,29249,Sione Havili Talitui,750,Tonga,5451.00,5451.00,5841,2,81,22,0,0,12,Missed Tackle,162,Bumped Off,166,Tackled,0,,0,,0,,0,,0,,0,,0,,0,,0,0,0,0,1899-12-30T01:31:02Z,1,49,0,0,18,950,Samoa,750,Tonga,05/08/2023,15:00,13,9,34,9,25,9,70,Apia Park,-1,NA,1,2023,07,7,Openside Flanker,0,,0,,271,Angus Gardner,1000642,Damon Murphy,1000613,Matthew Kellahan,-1,,3,International,N,L
1680,937717,36890,Theo McFarland,950,Samoa,5451.12,5451.12,5841,2,19,46,0,0,10,Attacking Qualities,116,Defender Beaten,0,,0,,0,,0,,0,,0,,0,,0,,0,,0,0,0,0,1899-12-30T01:31:02Z,1,49,0,0,18,950,Samoa,750,Tonga,05/08/2023,15:00,13,9,34,9,25,9,70,Apia Park,-1,NA,1,2023,19,4,Lock (4),0,,0,,271,Angus Gardner,1000642,Damon Murphy,1000613,Matthew Kellahan,-1,,3,International,Y,W
1681,937717,17144,Paula Ngauamo,750,Tonga,5451.28,5451.28,5841,2,82,20,0,0,2,Tackle,142,Chase,161,Missed,441,Assist,475,Ineffective Tackle,709,2nd Tackler,0,,0,,0,,0,,0,,0,0,0,0,1899-12-30T01:31:02Z,1,49,0,0,18,950,Samoa,750,Tonga,05/08/2023,15:00,13,9,34,9,25,9,70,Apia Park,-1,NA,1,2023,16,2,Hooker,0,,0,,271,Angus Gardner,1000642,Damon Murphy,1000613,Matthew Kellahan,-1,,3,International,N,L
1682,937717,17144,Paula Ngauamo,750,Tonga,5451.28,5451.28,5841,2,82,20,0,0,12,Missed Tackle,162,Bumped Off,166,Tackled,0,,0,,0,,0,,0,,0,,0,,0,,0,0,0,0,1899-12-30T01:31:02Z,1,49,0,0,18,950,Samoa,750,Tonga,05/08/2023,15:00,13,9,34,9,25,9,70,Apia Park,-1,NA,1,2023,16,2,Hooker,0,,0,,271,Angus Gardner,1000642,Damon Murphy,1000613,Matthew Kellahan,-1,,3,International,N,L
1683,937717,36890,Theo McFarland,950,Samoa,5451.36,5451.36,5841,2,18,48,0,0,10,Attacking Qualities,116,Defender Beaten,0,,0,,0,,0,,0,,0,,0,,0,,0,,0,0,0,0,1899-12-30T01:31:02Z,1,49,0,0,18,950,Samoa,750,Tonga,05/08/2023,15:00,13,9,34,9,25,9,70,Apia Park,-1,NA,1,2023,19,4,Lock (4),0,,0,,271,Angus Gardner,1000642,Damon Murphy,1000613,Matthew Kellahan,-1,,3,International,Y,W
1684,937717,19606,Lopeti Timani,750,Tonga,5452.56,5452.56,5843,2,81,21,0,0,2,Tackle,142,Chase,160,Passive,441,Assist,475,Ineffective Tackle,710,3rd Tackler,0,,0,,0,,0,,0,,0,0,0,0,1899-12-30T01:31:04Z,1,49,0,0,18,950,Samoa,750,Tonga,05/08/2023,15:00,13,9,34,9,25,9,70,Apia Park,-1,NA,1,2023,19,6,Blindside Flanker,0,,0,,271,Angus Gardner,1000642,Damon Murphy,1000613,Matthew Kellahan,-1,,3,International,N,L
1685,937717,22136,Siegfried Fisi'ihoi,750,Tonga,5453.28,5453.28,5843,2,81,21,0,0,2,Tackle,142,Chase,160,Passive,441,Assist,475,Ineffective Tackle,711,4th Tackler,0,,0,,0,,0,,0,,0,0,0,0,1899-12-30T01:31:05Z,1,49,0,0,18,950,Samoa,750,Tonga,05/08/2023,15:00,13,9,34,9,25,9,70,Apia Park,-1,NA,1,2023,01,1,Loosehead Prop,0,,0,,271,Angus Gardner,1000642,Damon Murphy,1000613,Matthew Kellahan,-1,,3,International,N,L
1686,937717,36890,Theo McFarland,950,Samoa,5453.68,5456.00,5844,2,23,50,0,0,23,Ruck,0,,401,Won Outright,551,N/A Gainline,554,2-3 Seconds,670,Tight Right Blindside Movement Ruck,0,,0,,0,,0,,0,,0,0,8,2,1899-12-30T01:31:04Z,1,49,0,0,18,950,Samoa,750,Tonga,05/08/2023,15:00,13,9,34,9,25,9,70,Apia Park,-1,NA,1,2023,19,4,Lock (4),0,,0,,271,Angus Gardner,1000642,Damon Murphy,1000613,Matthew Kellahan,-1,,3,International,Y,W
1687,937717,19606,Lopeti Timani,750,Tonga,5454.36,5454.36,5844,2,77,18,0,0,43,Ruck OOA,578,Got Cleaned Out,583,Own Team 1st Entry,603,OOA Entry 1st Entry- Def,633,Defensive OOA,0,1,0,,0,,0,,0,,0,,0,0,0,0,1899-12-30T01:31:02Z,1,49,0,0,18,950,Samoa,750,Tonga,05/08/2023,15:00,13,9,34,9,25,9,70,Apia Park,-1,NA,1,2023,19,6,Blindside Flanker,0,,0,,271,Angus Gardner,1000642,Damon Murphy,1000613,Matthew Kellahan,-1,,3,International,N,L
1688,937717,43727,Miracle Faiilagi,950,Samoa,5454.40,5454.40,5844,2,23,50,0,0,43,Ruck OOA,572,Cleaned Out,583,Own Team 1st Entry,588,OOA Entry 1st Entry- Att,632,Attacking OOA,0,1,0,,0,,0,,0,,0,,0,0,0,0,1899-12-30T01:31:02Z,1,49,0,0,18,950,Samoa,750,Tonga,05/08/2023,15:00,13,9,34,9,25,9,70,Apia Park,-1,NA,1,2023,06,6,Blindside Flanker,0,,0,,271,Angus Gardner,1000642,Damon Murphy,1000613,Matthew Kellahan,-1,,3,International,Y,W
1689,937717,31482,Luteru Tolai,950,Samoa,5454.88,5454.88,5845,2,23,50,0,0,43,Ruck OOA,572,Cleaned Out,584,Own Team 2nd Entry,589,OOA Entry 2nd Entry- Att,632,Attacking OOA,0,2,0,,0,,0,,0,,0,,0,0,0,0,1899-12-30T01:31:02Z,1,49,0,0,18,950,Samoa,750,Tonga,05/08/2023,15:00,13,9,34,9,25,9,70,Apia Park,-1,NA,1,2023,16,2,Hooker,0,,0,,271,Angus Gardner,1000642,Damon Murphy,1000613,Matthew Kellahan,-1,,3,International,Y,W
1690,937717,23395,Melani Matavao,950,Samoa,5456.00,5456.00,5846,2,22,50,0,0,18,Collection,631,General Catch,0,,0,,0,,0,,0,,0,,0,,0,,0,,0,0,0,0,1899-12-30T01:31:07Z,2,49,0,0,18,950,Samoa,750,Tonga,05/08/2023,15:00,13,9,34,9,25,9,70,Apia Park,-1,NA,1,2023,21,9,Scrum Half,0,,0,,271,Angus Gardner,1000642,Damon Murphy,1000613,Matthew Kellahan,-1,,3,International,Y,W
1691,937717,23395,Melani Matavao,950,Samoa,5456.00,5456.00,5846,2,22,50,0,0,47,Playmaker Options,671,Halfback at Breakdown,673,Playmaker Option - Carry,0,,0,,0,,0,,0,,0,,0,,0,,0,0,0,0,1899-12-30T01:31:07Z,2,49,0,0,18,950,Samoa,750,Tonga,05/08/2023,15:00,13,9,34,9,25,9,70,Apia Park,-1,NA,1,2023,21,9,Scrum Half,0,,0,,271,Angus Gardner,1000642,Damon Murphy,1000613,Matthew Kellahan,-1,,3,International,Y,W
1692,937717,23395,Melani Matavao,950,Samoa,5456.00,5459.36,5846,2,22,50,32,58,1,Carry,102,Pick and Go,122,Off Load,109,Crossed Gain line,460,Dominant Contact,501,1 Tacklers Committed,700,0th Receiver,0,,0,,0,,0,,9,10,7,7,1899-12-30T01:31:07Z,2,49,0,0,18,950,Samoa,750,Tonga,05/08/2023,15:00,13,9,34,9,25,9,70,Apia Park,-1,NA,1,2023,21,9,Scrum Half,0,,0,,271,Angus Gardner,1000642,Damon Murphy,1000613,Matthew Kellahan,-1,,3,International,Y,W
1693,937717,21155,Vaea Fifita,750,Tonga,5458.36,5458.36,5848,2,75,13,0,0,2,Tackle,145,Guard,155,Offload Allowed,0,,475,Ineffective Tackle,708,1st Tackler,0,,0,,0,,0,,0,,0,0,0,0,1899-12-30T01:31:10Z,2,49,0,0,18,950,Samoa,750,Tonga,05/08/2023,15:00,13,9,34,9,25,9,70,Apia Park,-1,NA,1,2023,08,8,Number 8,0,,0,,271,Angus Gardner,1000642,Damon Murphy,1000613,Matthew Kellahan,-1,,3,International,N,L
1694,937717,23395,Melani Matavao,950,Samoa,5459.36,5459.36,5849,2,32,58,0,0,8,Turnover,250,Bad Offload,677,Error on Attack,0,,0,,0,,0,,0,,0,,0,,0,,0,0,0,0,1899-12-30T01:31:10Z,2,49,0,0,18,950,Samoa,750,Tonga,05/08/2023,15:00,13,9,34,9,25,9,70,Apia Park,-1,NA,1,2023,21,9,Scrum Half,0,,0,,271,Angus Gardner,1000642,Damon Murphy,1000613,Matthew Kellahan,-1,,3,International,Y,W
1695,937717,23395,Melani Matavao,950,Samoa,5459.36,5461.44,5849,2,32,58,31,52,3,Pass,151,Offload,130,To Opposition,686,Medium Pass,681,Left Pass,700,0th Receiver,0,,0,,0,,0,,0,,7,7,0,0,1899-12-30T01:31:10Z,2,49,0,0,18,950,Samoa,750,Tonga,05/08/2023,15:00,13,9,34,9,25,9,70,Apia Park,-1,NA,1,2023,21,9,Scrum Half,0,,0,,271,Angus Gardner,1000642,Damon Murphy,1000613,Matthew Kellahan,-1,,3,International,Y,W
1696,937717,28270,Tanginoa Halaifonua,750,Tonga,5461.44,5461.44,5851,2,69,16,0,0,18,Collection,274,Defensive Loose Ball,278,Fail,0,,0,,0,,0,,0,,0,,0,,0,,0,0,0,0,1899-12-30T01:31:12Z,2,49,0,0,18,950,Samoa,750,Tonga,05/08/2023,15:00,13,9,34,9,25,9,70,Apia Park,-1,NA,1,2023,06,6,Blindside Flanker,0,,0,,271,Angus Gardner,1000642,Damon Murphy,1000613,Matthew Kellahan,-1,,3,International,N,L
1697,937717,17201,Paul Alo-Emile,950,Samoa,5462.76,5462.76,5853,2,31,52,0,0,18,Collection,272,Attacking Loose Ball,278,Fail,0,,0,,0,,0,,0,,0,,0,,0,,0,0,0,0,1899-12-30T01:31:13Z,2,49,0,0,18,950,Samoa,750,Tonga,05/08/2023,15:00,13,9,34,9,25,9,70,Apia Park,-1,NA,1,2023,18,3,Tighthead Prop,0,,0,,271,Angus Gardner,1000642,Damon Murphy,1000613,Matthew Kellahan,-1,,3,International,Y,W
1698,937717,0,,950,Samoa,5447.92,5463.60,5854,2,18,58,37,52,15,Possession,307,50m Restart,318,Turnover,0,,684,Fails to enter into Opposition 22,0,,0,,0,,0,,0,,0,,20,0,0,0,1899-12-30T01:30:58Z,2,49,0,0,18,950,Samoa,750,Tonga,05/08/2023,15:00,13,9,34,9,25,9,70,Apia Park,-1,NA,1,2023,,,,0,,0,,271,Angus Gardner,1000642,Damon Murphy,1000613,Matthew Kellahan,-1,,3,International,Y,W
1699,937717,18807,Ben Tameifuna,750,Tonga,5463.60,5463.60,5854,2,63,16,0,0,18,Collection,274,Defensive Loose Ball,277,Success,0,,0,,0,,0,,0,,0,,0,,0,,0,0,0,0,1899-12-30T01:31:14Z,1,50,0,0,18,950,Samoa,750,Tonga,05/08/2023,15:00,13,9,34,9,25,9,70,Apia Park,-1,NA,1,2023,03,3,Tighthead Prop,0,,0,,271,Angus Gardner,1000642,Damon Murphy,1000613,Matthew Kellahan,-1,,3,International,N,L
1700,937717,18807,Ben Tameifuna,750,Tonga,5463.80,5465.68,5854,2,63,16,57,17,3,Pass,174,Incomplete,0,,679,Short Pass,682,Right Pass,700,0th Receiver,0,,0,,0,,0,,0,,2,6,6,0,1899-12-30T01:31:14Z,1,50,0,0,18,950,Samoa,750,Tonga,05/08/2023,15:00,13,9,34,9,25,9,70,Apia Park,-1,NA,1,2023,03,3,Tighthead Prop,0,,0,,271,Angus Gardner,1000642,Damon Murphy,1000613,Matthew Kellahan,-1,,3,International,N,L
1701,937717,26114,Leva Fifita,750,Tonga,5465.68,5465.68,5856,2,57,17,0,0,18,Collection,272,Attacking Loose Ball,278,Fail,0,,0,,0,,0,,0,,0,,0,,0,,0,0,0,0,1899-12-30T01:31:16Z,1,50,0,0,18,950,Samoa,750,Tonga,05/08/2023,15:00,13,9,34,9,25,9,70,Apia Park,-1,NA,1,2023,04,4,Lock (4),0,,0,,271,Angus Gardner,1000642,Damon Murphy,1000613,Matthew Kellahan,-1,,3,International,N,L
1702,937717,9726,Afusipa Taumoepeau,750,Tonga,5467.16,5467.16,5857,2,53,22,0,0,18,Collection,272,Attacking Loose Ball,277,Success,0,,0,,0,,0,,0,,0,,0,,0,,0,0,0,0,1899-12-30T01:31:17Z,1,50,0,0,18,950,Samoa,750,Tonga,05/08/2023,15:00,13,9,34,9,25,9,70,Apia Park,-1,NA,1,2023,11,11,Left Wing,0,,0,,271,Angus Gardner,1000642,Damon Murphy,1000613,Matthew Kellahan,-1,,3,International,N,L
1703,937717,9726,Afusipa Taumoepeau,750,Tonga,5467.32,5467.84,5857,2,53,22,51,29,3,Pass,169,Complete,0,,686,Medium Pass,682,Right Pass,701,1st Receiver,0,,0,,0,,0,,0,,7,7,2,0,1899-12-30T01:31:18Z,1,50,0,0,18,950,Samoa,750,Tonga,05/08/2023,15:00,13,9,34,9,25,9,70,Apia Park,-1,NA,1,2023,11,11,Left Wing,0,,0,,271,Angus Gardner,1000642,Damon Murphy,1000613,Matthew Kellahan,-1,,3,International,N,L
1704,937717,28913,Otumaka Mausia,750,Tonga,5467.84,5467.84,5858,2,51,29,0,0,18,Collection,631,General Catch,0,,0,,0,,0,,0,,0,,0,,0,,0,,0,0,0,0,1899-12-30T01:31:19Z,1,50,0,0,18,950,Samoa,750,Tonga,05/08/2023,15:00,13,9,34,9,25,9,70,Apia Park,-1,NA,1,2023,22,10,Fly Half,0,,0,,271,Angus Gardner,1000642,Damon Murphy,1000613,Matthew Kellahan,-1,,3,International,N,L
1705,937717,28913,Otumaka Mausia,750,Tonga,5467.84,5470.36,5858,2,51,29,57,28,1,Carry,101,One Out Drive,108,Tackled Neutral,111,Failed Gain line,461,Neutral Contact,503,3 Tacklers Committed,702,2nd Receiver,0,,0,,0,,0,,0,7,5,2,1899-12-30T01:31:19Z,1,50,0,0,18,950,Samoa,750,Tonga,05/08/2023,15:00,13,9,34,9,25,9,70,Apia Park,-1,NA,1,2023,22,10,Fly Half,0,,0,,271,Angus Gardner,1000642,Damon Murphy,1000613,Matthew Kellahan,-1,,3,International,N,L
1706,937717,20766,Chris Vui,950,Samoa,5468.88,5468.88,5859,2,48,38,0,0,2,Tackle,144,Line,161,Missed,0,,475,Ineffective Tackle,708,1st Tackler,0,,0,,0,,0,,0,,0,0,0,0,1899-12-30T01:31:19Z,1,50,0,0,18,950,Samoa,750,Tonga,05/08/2023,15:00,13,9,34,9,25,9,70,Apia Park,-1,NA,1,2023,05,5,Lock (5),0,,0,,271,Angus Gardner,1000642,Damon Murphy,1000613,Matthew Kellahan,-1,,3,International,Y,W
1707,937717,20766,Chris Vui,950,Samoa,5468.88,5468.88,5859,2,48,38,0,0,12,Missed Tackle,162,Bumped Off,166,Tackled,0,,0,,0,,0,,0,,0,,0,,0,,0,0,0,0,1899-12-30T01:31:19Z,1,50,0,0,18,950,Samoa,750,Tonga,05/08/2023,15:00,13,9,34,9,25,9,70,Apia Park,-1,NA,1,2023,05,5,Lock (5),0,,0,,271,Angus Gardner,1000642,Damon Murphy,1000613,Matthew Kellahan,-1,,3,International,Y,W
1708,937717,28913,Otumaka Mausia,750,Tonga,5469.04,5469.04,5859,2,52,30,0,0,10,Attacking Qualities,116,Defender Beaten,0,,0,,0,,0,,0,,0,,0,,0,,0,,0,0,0,0,1899-12-30T01:31:19Z,1,50,0,0,18,950,Samoa,750,Tonga,05/08/2023,15:00,13,9,34,9,25,9,70,Apia Park,-1,NA,1,2023,22,10,Fly Half,0,,0,,271,Angus Gardner,1000642,Damon Murphy,1000613,Matthew Kellahan,-1,,3,International,N,L
1709,937717,36890,Theo McFarland,950,Samoa,5469.64,5469.64,5900,2,45,42,0,0,2,Tackle,144,Line,153,Complete,441,Assist,474,Neutral Tackle,709,2nd Tackler,0,,0,,0,,0,,0,,0,0,0,0,1899-12-30T01:31:20Z,1,50,0,0,18,950,Samoa,750,Tonga,05/08/2023,15:00,13,9,34,9,27,9,70,Apia Park,-1,NA,1,2023,19,4,Lock (4),0,,0,,271,Angus Gardner,1000642,Damon Murphy,1000613,Matthew Kellahan,-1,,3,International,Y,W
1710,937717,31482,Luteru Tolai,950,Samoa,5469.88,5469.88,5900,2,45,42,0,0,2,Tackle,144,Line,153,Complete,441,Assist,474,Neutral Tackle,710,3rd Tackler,0,,0,,0,,0,,0,,0,0,0,0,1899-12-30T01:31:20Z,1,50,0,0,18,950,Samoa,750,Tonga,05/08/2023,15:00,13,9,34,9,27,9,70,Apia Park,-1,NA,1,2023,16,2,Hooker,0,,0,,271,Angus Gardner,1000642,Damon Murphy,1000613,Matthew Kellahan,-1,,3,International,Y,W
1711,937717,28913,Otumaka Mausia,750,Tonga,5470.36,5472.92,5900,2,57,28,0,0,23,Ruck,0,,401,Won Outright,551,N/A Gainline,554,2-3 Seconds,663,Close Left Open Movement Ruck,0,,0,,0,,0,,0,,0,0,-6,6,1899-12-30T01:31:22Z,1,50,0,0,18,950,Samoa,750,Tonga,05/08/2023,15:00,13,9,34,9,27,9,70,Apia Park,-1,NA,1,2023,22,10,Fly Half,0,,0,,271,Angus Gardner,1000642,Damon Murphy,1000613,Matthew Kellahan,-1,,3,International,N,L
1712,937717,31482,Luteru Tolai,950,Samoa,5471.24,5471.24,5901,2,43,40,0,0,43,Ruck OOA,578,Got Cleaned Out,583,Own Team 1st Entry,603,OOA Entry 1st Entry- Def,633,Defensive OOA,0,1,0,,0,,0,,0,,0,,0,0,0,0,1899-12-30T01:31:20Z,1,50,0,0,18,950,Samoa,750,Tonga,05/08/2023,15:00,13,9,34,9,27,9,70,Apia Park,-1,NA,1,2023,16,2,Hooker,0,,0,,271,Angus Gardner,1000642,Damon Murphy,1000613,Matthew Kellahan,-1,,3,International,Y,W
1713,937717,9726,Afusipa Taumoepeau,750,Tonga,5471.28,5471.28,5901,2,57,28,0,0,43,Ruck OOA,572,Cleaned Out,583,Own Team 1st Entry,588,OOA Entry 1st Entry- Att,632,Attacking OOA,0,1,0,,0,,0,,0,,0,,0,0,0,0,1899-12-30T01:31:20Z,1,50,0,0,18,950,Samoa,750,Tonga,05/08/2023,15:00,13,9,34,9,27,9,70,Apia Park,-1,NA,1,2023,11,11,Left Wing,0,,0,,271,Angus Gardner,1000642,Damon Murphy,1000613,Matthew Kellahan,-1,,3,International,N,L
1714,937717,28270,Tanginoa Halaifonua,750,Tonga,5471.52,5471.52,5902,2,57,28,0,0,43,Ruck OOA,572,Cleaned Out,584,Own Team 2nd Entry,589,OOA Entry 2nd Entry- Att,632,Attacking OOA,0,2,0,,0,,0,,0,,0,,0,0,0,0,1899-12-30T01:31:20Z,1,50,0,0,18,950,Samoa,750,Tonga,05/08/2023,15:00,13,9,34,9,27,9,70,Apia Park,-1,NA,1,2023,06,6,Blindside Flanker,0,,0,,271,Angus Gardner,1000642,Damon Murphy,1000613,Matthew Kellahan,-1,,3,International,N,L
1715,937717,26114,Leva Fifita,750,Tonga,5472.92,5472.92,5903,2,54,26,0,0,18,Collection,272,Attacking Loose Ball,277,Success,0,,0,,0,,0,,0,,0,,0,,0,,0,0,0,0,1899-12-30T01:31:24Z,2,50,0,0,18,950,Samoa,750,Tonga,05/08/2023,15:00,13,9,34,9,27,9,70,Apia Park,-1,NA,1,2023,04,4,Lock (4),0,,0,,271,Angus Gardner,1000642,Damon Murphy,1000613,Matthew Kellahan,-1,,3,International,N,L
1716,937717,26114,Leva Fifita,750,Tonga,5473.60,5475.00,5904,2,54,26,51,22,3,Pass,174,Incomplete,0,,679,Short Pass,681,Left Pass,700,0th Receiver,0,,0,,0,,0,,0,,4,5,3,0,1899-12-30T01:31:24Z,2,50,0,0,18,950,Samoa,750,Tonga,05/08/2023,15:00,13,9,34,9,27,9,70,Apia Park,-1,NA,1,2023,04,4,Lock (4),0,,0,,271,Angus Gardner,1000642,Damon Murphy,1000613,Matthew Kellahan,-1,,3,International,N,L
1717,937717,19606,Lopeti Timani,750,Tonga,5475.00,5475.00,5905,2,51,22,0,0,18,Collection,272,Attacking Loose Ball,277,Success,0,,0,,0,,0,,0,,0,,0,,0,,0,0,0,0,1899-12-30T01:31:26Z,2,50,0,0,18,950,Samoa,750,Tonga,05/08/2023,15:00,13,9,34,9,27,9,70,Apia Park,-1,NA,1,2023,19,6,Blindside Flanker,0,,0,,271,Angus Gardner,1000642,Damon Murphy,1000613,Matthew Kellahan,-1,,3,International,N,L
1718,937717,19606,Lopeti Timani,750,Tonga,5476.08,5478.76,5906,2,51,22,0,0,23,Ruck,0,,401,Won Outright,549,Behind Previous Gainline,554,2-3 Seconds,665,Close Left Blindside Movement Ruck,0,,0,,0,,0,,0,,0,0,7,4,1899-12-30T01:31:27Z,2,50,0,0,18,950,Samoa,750,Tonga,05/08/2023,15:00,13,9,34,9,27,9,70,Apia Park,-1,NA,1,2023,19,6,Blindside Flanker,0,,0,,271,Angus Gardner,1000642,Damon Murphy,1000613,Matthew Kellahan,-1,,3,International,N,L
1719,937717,23395,Melani Matavao,950,Samoa,5476.84,5476.84,5907,2,49,46,0,0,43,Ruck OOA,578,Got Cleaned Out,583,Own Team 1st Entry,603,OOA Entry 1st Entry- Def,633,Defensive OOA,0,1,0,,0,,0,,0,,0,,0,0,0,0,1899-12-30T01:31:25Z,2,50,0,0,18,950,Samoa,750,Tonga,05/08/2023,15:00,13,9,34,9,27,9,70,Apia Park,-1,NA,1,2023,21,9,Scrum Half,0,,0,,271,Angus Gardner,1000642,Damon Murphy,1000613,Matthew Kellahan,-1,,3,International,Y,W
1720,937717,17201,Paul Alo-Emile,950,Samoa,5477.00,5477.00,5907,2,49,46,0,0,43,Ruck OOA,578,Got Cleaned Out,584,Own Team 2nd Entry,604,OOA Entry 2nd Entry- Def,633,Defensive OOA,0,2,0,,0,,0,,0,,0,,0,0,0,0,1899-12-30T01:31:25Z,2,50,0,0,18,950,Samoa,750,Tonga,05/08/2023,15:00,13,9,34,9,27,9,70,Apia Park,-1,NA,1,2023,18,3,Tighthead Prop,0,,0,,271,Angus Gardner,1000642,Damon Murphy,1000613,Matthew Kellahan,-1,,3,International,Y,W
1721,937717,17144,Paula Ngauamo,750,Tonga,5477.44,5477.44,5907,2,51,22,0,0,43,Ruck OOA,572,Cleaned Out,583,Own Team 1st Entry,588,OOA Entry 1st Entry- Att,632,Attacking OOA,0,1,0,,0,,0,,0,,0,,0,0,0,0,1899-12-30T01:31:25Z,2,50,0,0,18,950,Samoa,750,Tonga,05/08/2023,15:00,13,9,34,9,27,9,70,Apia Park,-1,NA,1,2023,16,2,Hooker,0,,0,,271,Angus Gardner,1000642,Damon Murphy,1000613,Matthew Kellahan,-1,,3,International,N,L
1722,937717,36012,Manu Paea,750,Tonga,5477.92,5477.92,5908,2,51,22,0,0,43,Ruck OOA,572,Cleaned Out,584,Own Team 2nd Entry,589,OOA Entry 2nd Entry- Att,632,Attacking OOA,0,2,0,,0,,0,,0,,0,,0,0,0,0,1899-12-30T01:31:25Z,2,50,0,0,18,950,Samoa,750,Tonga,05/08/2023,15:00,13,9,34,9,27,9,70,Apia Park,-1,NA,1,2023,21,9,Scrum Half,0,,0,,271,Angus Gardner,1000642,Damon Murphy,1000613,Matthew Kellahan,-1,,3,International,N,L
1723,937717,18807,Ben Tameifuna,750,Tonga,5478.32,5478.32,5908,2,51,22,0,0,43,Ruck OOA,574,Secured,585,Own Team 3rd Entry,590,OOA Entry 3rd Entry- Att,632,Attacking OOA,0,3,0,,0,,0,,0,,0,,0,0,0,0,1899-12-30T01:31:25Z,2,50,0,0,18,950,Samoa,750,Tonga,05/08/2023,15:00,13,9,34,9,27,9,70,Apia Park,-1,NA,1,2023,03,3,Tighthead Prop,0,,0,,271,Angus Gardner,1000642,Damon Murphy,1000613,Matthew Kellahan,-1,,3,International,N,L
1724,937717,19128,George Moala,750,Tonga,5478.76,5478.76,5909,2,51,22,0,0,18,Collection,631,General Catch,0,,0,,0,,0,,0,,0,,0,,0,,0,,0,0,0,0,1899-12-30T01:31:33Z,3,50,0,0,18,950,Samoa,750,Tonga,05/08/2023,15:00,13,9,34,9,27,9,70,Apia Park,-1,NA,1,2023,13,13,Outside Centre,0,,0,,271,Angus Gardner,1000642,Damon Murphy,1000613,Matthew Kellahan,-1,,3,International,N,L
1725,937717,19128,George Moala,750,Tonga,5478.76,5478.76,5909,2,51,22,0,0,47,Playmaker Options,672,Acting Halfback at Breakdown,673,Playmaker Option - Carry,0,,0,,0,,0,,0,,0,,0,,0,,0,0,0,0,1899-12-30T01:31:33Z,3,50,0,0,18,950,Samoa,750,Tonga,05/08/2023,15:00,13,9,34,9,27,9,70,Apia Park,-1,NA,1,2023,13,13,Outside Centre,0,,0,,271,Angus Gardner,1000642,Damon Murphy,1000613,Matthew Kellahan,-1,,3,International,N,L
1726,937717,19128,George Moala,750,Tonga,5478.76,5481.68,5909,2,51,22,59,18,1,Carry,102,Pick and Go,119,Error,109,Crossed Gain line,460,Dominant Contact,503,3 Tacklers Committed,700,0th Receiver,0,,0,,0,,0,,7,8,7,2,1899-12-30T01:31:33Z,3,50,0,0,18,950,Samoa,750,Tonga,05/08/2023,15:00,13,9,34,9,27,9,70,Apia Park,-1,NA,1,2023,13,13,Outside Centre,0,,0,,271,Angus Gardner,1000642,Damon Murphy,1000613,Matthew Kellahan,-1,,3,International,N,L
1727,937717,23395,Melani Matavao,950,Samoa,5479.88,5479.88,5910,2,48,43,0,0,2,Tackle,145,Guard,161,Missed,0,,475,Ineffective Tackle,708,1st Tackler,0,,0,,0,,0,,0,,0,0,0,0,1899-12-30T01:31:31Z,3,50,0,0,18,950,Samoa,750,Tonga,05/08/2023,15:00,13,9,34,9,27,9,70,Apia Park,-1,NA,1,2023,21,9,Scrum Half,0,,0,,271,Angus Gardner,1000642,Damon Murphy,1000613,Matthew Kellahan,-1,,3,International,Y,W
1728,937717,23395,Melani Matavao,950,Samoa,5479.88,5479.88,5910,2,48,43,0,0,12,Missed Tackle,165,Positional,166,Tackled,0,,0,,0,,0,,0,,0,,0,,0,,0,0,0,0,1899-12-30T01:31:31Z,3,50,0,0,18,950,Samoa,750,Tonga,05/08/2023,15:00,13,9,34,9,27,9,70,Apia Park,-1,NA,1,2023,21,9,Scrum Half,0,,0,,271,Angus Gardner,1000642,Damon Murphy,1000613,Matthew Kellahan,-1,,3,International,Y,W
1729,937717,19128,George Moala,750,Tonga,5479.96,5479.96,5910,2,52,25,0,0,10,Attacking Qualities,116,Defender Beaten,0,,0,,0,,0,,0,,0,,0,,0,,0,,0,0,0,0,1899-12-30T01:31:31Z,3,50,0,0,18,950,Samoa,750,Tonga,05/08/2023,15:00,13,9,34,9,27,9,70,Apia Park,-1,NA,1,2023,13,13,Outside Centre,0,,0,,271,Angus Gardner,1000642,Damon Murphy,1000613,Matthew Kellahan,-1,,3,International,N,L
1730,937717,1927,Fritz Lee,950,Samoa,5480.24,5480.24,5910,2,47,48,0,0,2,Tackle,144,Line,161,Missed,441,Assist,475,Ineffective Tackle,709,2nd Tackler,0,,0,,0,,0,,0,,0,0,0,0,1899-12-30T01:31:30Z,3,50,0,0,18,950,Samoa,750,Tonga,05/08/2023,15:00,13,9,34,9,27,9,70,Apia Park,-1,NA,1,2023,20,8,Number 8,0,,0,,271,Angus Gardner,1000642,Damon Murphy,1000613,Matthew Kellahan,-1,,3,International,Y,W
1731,937717,1927,Fritz Lee,950,Samoa,5480.24,5480.24,5910,2,47,48,0,0,12,Missed Tackle,162,Bumped Off,166,Tackled,0,,0,,0,,0,,0,,0,,0,,0,,0,0,0,0,1899-12-30T01:31:30Z,3,50,0,0,18,950,Samoa,750,Tonga,05/08/2023,15:00,13,9,34,9,27,9,70,Apia Park,-1,NA,1,2023,20,8,Number 8,0,,0,,271,Angus Gardner,1000642,Damon Murphy,1000613,Matthew Kellahan,-1,,3,International,Y,W
1732,937717,19128,George Moala,750,Tonga,5480.28,5480.28,5910,2,53,20,0,0,10,Attacking Qualities,116,Defender Beaten,0,,0,,0,,0,,0,,0,,0,,0,,0,,0,0,0,0,1899-12-30T01:31:31Z,3,50,0,0,18,950,Samoa,750,Tonga,05/08/2023,15:00,13,9,34,9,27,9,70,Apia Park,-1,NA,1,2023,13,13,Outside Centre,0,,0,,271,Angus Gardner,1000642,Damon Murphy,1000613,Matthew Kellahan,-1,,3,International,N,L
1733,937717,0,,750,Tonga,5463.60,5482.24,5912,2,63,16,59,18,15,Possession,308,Turnover Won,318,Turnover,0,,684,Fails to enter into Opposition 22,0,,0,,0,,0,,0,,0,,-4,0,0,0,1899-12-30T01:31:14Z,3,50,0,0,18,950,Samoa,750,Tonga,05/08/2023,15:00,13,9,34,9,27,9,70,Apia Park,-1,NA,1,2023,,,,0,,0,,271,Angus Gardner,1000642,Damon Murphy,1000613,Matthew Kellahan,-1,,3,International,N,L
1734,937717,20766,Chris Vui,950,Samoa,5481.52,5481.52,5912,2,44,48,0,0,2,Tackle,144,Line,156,Turnover Won,441,Assist,475,Ineffective Tackle,710,3rd Tackler,0,,0,,0,,0,,0,,0,0,0,0,1899-12-30T01:31:31Z,3,50,0,0,18,950,Samoa,750,Tonga,05/08/2023,15:00,13,9,34,9,27,9,70,Apia Park,-1,NA,1,2023,05,5,Lock (5),0,,0,,271,Angus Gardner,1000642,Damon Murphy,1000613,Matthew Kellahan,-1,,3,International,Y,W
1735,937717,19128,George Moala,750,Tonga,5481.68,5481.68,5912,2,59,18,0,0,8,Turnover,256,Lost Ball Forced,677,Error on Attack,0,,0,,0,,0,,0,,0,,0,,0,,0,0,0,0,1899-12-30T01:31:33Z,3,50,0,0,18,950,Samoa,750,Tonga,05/08/2023,15:00,13,9,34,9,27,9,70,Apia Park,-1,NA,1,2023,13,13,Outside Centre,0,,0,,271,Angus Gardner,1000642,Damon Murphy,1000613,Matthew Kellahan,-1,,3,International,N,L
1736,937717,20766,Chris Vui,950,Samoa,5482.24,5482.24,5912,2,42,50,0,0,18,Collection,274,Defensive Loose Ball,277,Success,0,,0,,0,,0,,0,,0,,0,,0,,0,0,0,0,1899-12-30T01:31:33Z,1,51,0,0,18,950,Samoa,750,Tonga,05/08/2023,15:00,13,9,34,9,27,9,70,Apia Park,-1,NA,1,2023,05,5,Lock (5),0,,0,,271,Angus Gardner,1000642,Damon Murphy,1000613,Matthew Kellahan,-1,,3,International,Y,W
1737,937717,20766,Chris Vui,950,Samoa,5482.24,5485.44,5912,2,42,50,50,53,1,Carry,103,Other Carry,107,Tackled Dominant,109,Crossed Gain line,460,Dominant Contact,503,3 Tacklers Committed,700,0th Receiver,0,,0,,0,,0,,9,9,6,2,1899-12-30T01:31:33Z,1,51,0,0,18,950,Samoa,750,Tonga,05/08/2023,15:00,13,9,34,9,27,9,70,Apia Park,-1,NA,1,2023,05,5,Lock (5),0,,0,,271,Angus Gardner,1000642,Damon Murphy,1000613,Matthew Kellahan,-1,,3,International,Y,W
1738,937717,22136,Siegfried Fisi'ihoi,750,Tonga,5483.16,5483.16,5913,2,56,16,0,0,2,Tackle,144,Line,161,Missed,0,,475,Ineffective Tackle,708,1st Tackler,0,,0,,0,,0,,0,,0,0,0,0,1899-12-30T01:31:34Z,1,51,0,0,18,950,Samoa,750,Tonga,05/08/2023,15:00,13,9,34,9,27,9,70,Apia Park,-1,NA,1,2023,01,1,Loosehead Prop,0,,0,,271,Angus Gardner,1000642,Damon Murphy,1000613,Matthew Kellahan,-1,,3,International,N,L
1739,937717,22136,Siegfried Fisi'ihoi,750,Tonga,5483.16,5483.16,5913,2,56,16,0,0,12,Missed Tackle,162,Bumped Off,166,Tackled,0,,0,,0,,0,,0,,0,,0,,0,,0,0,0,0,1899-12-30T01:31:34Z,1,51,0,0,18,950,Samoa,750,Tonga,05/08/2023,15:00,13,9,34,9,27,9,70,Apia Park,-1,NA,1,2023,01,1,Loosehead Prop,0,,0,,271,Angus Gardner,1000642,Damon Murphy,1000613,Matthew Kellahan,-1,,3,International,N,L
1740,937717,20766,Chris Vui,950,Samoa,5483.32,5483.32,5913,2,44,52,0,0,10,Attacking Qualities,116,Defender Beaten,0,,0,,0,,0,,0,,0,,0,,0,,0,,0,0,0,0,1899-12-30T01:31:34Z,1,51,0,0,18,950,Samoa,750,Tonga,05/08/2023,15:00,13,9,34,9,27,9,70,Apia Park,-1,NA,1,2023,05,5,Lock (5),0,,0,,271,Angus Gardner,1000642,Damon Murphy,1000613,Matthew Kellahan,-1,,3,International,Y,W
1741,937717,9726,Afusipa Taumoepeau,750,Tonga,5483.48,5483.48,5914,2,54,17,0,0,2,Tackle,144,Line,161,Missed,441,Assist,475,Ineffective Tackle,709,2nd Tackler,0,,0,,0,,0,,0,,0,0,0,0,1899-12-30T01:31:34Z,1,51,0,0,18,950,Samoa,750,Tonga,05/08/2023,15:00,13,9,34,9,27,9,70,Apia Park,-1,NA,1,2023,11,11,Left Wing,0,,0,,271,Angus Gardner,1000642,Damon Murphy,1000613,Matthew Kellahan,-1,,3,International,N,L
1742,937717,9726,Afusipa Taumoepeau,750,Tonga,5483.48,5483.48,5914,2,54,17,0,0,12,Missed Tackle,162,Bumped Off,166,Tackled,0,,0,,0,,0,,0,,0,,0,,0,,0,0,0,0,1899-12-30T01:31:34Z,1,51,0,0,18,950,Samoa,750,Tonga,05/08/2023,15:00,13,9,34,9,27,9,70,Apia Park,-1,NA,1,2023,11,11,Left Wing,0,,0,,271,Angus Gardner,1000642,Damon Murphy,1000613,Matthew Kellahan,-1,,3,International,N,L
1743,937717,20766,Chris Vui,950,Samoa,5483.64,5483.64,5914,2,46,51,0,0,10,Attacking Qualities,116,Defender Beaten,0,,0,,0,,0,,0,,0,,0,,0,,0,,0,0,0,0,1899-12-30T01:31:34Z,1,51,0,0,18,950,Samoa,750,Tonga,05/08/2023,15:00,13,9,34,9,27,9,70,Apia Park,-1,NA,1,2023,05,5,Lock (5),0,,0,,271,Angus Gardner,1000642,Damon Murphy,1000613,Matthew Kellahan,-1,,3,International,Y,W
1744,937717,20059,Malakai Fekitoa,750,Tonga,5484.68,5484.68,5915,2,52,16,0,0,2,Tackle,147,Other,160,Passive,441,Assist,475,Ineffective Tackle,710,3rd Tackler,0,,0,,0,,0,,0,,0,0,0,0,1899-12-30T01:31:36Z,1,51,0,0,18,950,Samoa,750,Tonga,05/08/2023,15:00,13,9,34,9,27,9,70,Apia Park,-1,NA,1,2023,23,11,Left Wing,0,,0,,271,Angus Gardner,1000642,Damon Murphy,1000613,Matthew Kellahan,-1,,3,International,N,L
1745,937717,20766,Chris Vui,950,Samoa,5485.44,5488.40,5915,2,50,53,0,0,23,Ruck,0,,401,Won Outright,551,N/A Gainline,554,2-3 Seconds,667,Tight Left Open Movement Ruck,0,,0,,0,,0,,0,,0,0,-2,1,1899-12-30T01:31:36Z,1,51,0,0,18,950,Samoa,750,Tonga,05/08/2023,15:00,13,9,34,9,27,9,70,Apia Park,-1,NA,1,2023,05,5,Lock (5),0,,0,,271,Angus Gardner,1000642,Damon Murphy,1000613,Matthew Kellahan,-1,,3,International,Y,W
1746,937717,18807,Ben Tameifuna,750,Tonga,5486.16,5486.16,5916,2,50,15,0,0,43,Ruck OOA,578,Got Cleaned Out,583,Own Team 1st Entry,603,OOA Entry 1st Entry- Def,633,Defensive OOA,0,1,0,,0,,0,,0,,0,,0,0,0,0,1899-12-30T01:31:34Z,1,51,0,0,18,950,Samoa,750,Tonga,05/08/2023,15:00,13,9,34,9,27,9,70,Apia Park,-1,NA,1,2023,03,3,Tighthead Prop,0,,0,,271,Angus Gardner,1000642,Damon Murphy,1000613,Matthew Kellahan,-1,,3,International,N,L
1747,937717,1927,Fritz Lee,950,Samoa,5486.56,5486.56,5917,2,50,53,0,0,43,Ruck OOA,572,Cleaned Out,583,Own Team 1st Entry,588,OOA Entry 1st Entry- Att,632,Attacking OOA,0,1,0,,0,,0,,0,,0,,0,0,0,0,1899-12-30T01:31:34Z,1,51,0,0,18,950,Samoa,750,Tonga,05/08/2023,15:00,13,9,34,9,27,9,70,Apia Park,-1,NA,1,2023,20,8,Number 8,0,,0,,271,Angus Gardner,1000642,Damon Murphy,1000613,Matthew Kellahan,-1,,3,International,Y,W
1748,937717,23395,Melani Matavao,950,Samoa,5487.44,5487.44,5917,2,50,53,0,0,43,Ruck OOA,574,Secured,584,Own Team 2nd Entry,589,OOA Entry 2nd Entry- Att,632,Attacking OOA,0,2,0,,0,,0,,0,,0,,0,0,0,0,1899-12-30T01:31:35Z,1,51,0,0,18,950,Samoa,750,Tonga,05/08/2023,15:00,13,9,34,9,27,9,70,Apia Park,-1,NA,1,2023,21,9,Scrum Half,0,,0,,271,Angus Gardner,1000642,Damon Murphy,1000613,Matthew Kellahan,-1,,3,International,Y,W
1749,937717,25212,D'Angelo Leuila,950,Samoa,5488.40,5488.40,5918,2,49,54,0,0,18,Collection,631,General Catch,0,,0,,0,,0,,0,,0,,0,,0,,0,,0,0,0,0,1899-12-30T01:31:40Z,2,51,0,0,18,950,Samoa,750,Tonga,05/08/2023,15:00,13,9,34,9,27,9,70,Apia Park,-1,NA,1,2023,10,10,Fly Half,0,,0,,271,Angus Gardner,1000642,Damon Murphy,1000613,Matthew Kellahan,-1,,3,International,Y,W
1750,937717,25212,D'Angelo Leuila,950,Samoa,5488.40,5488.40,5918,2,49,54,0,0,47,Playmaker Options,672,Acting Halfback at Breakdown,674,Playmaker Option - Kick,0,,0,,0,,0,,0,,0,,0,,0,,0,0,0,0,1899-12-30T01:31:40Z,2,51,0,0,18,950,Samoa,750,Tonga,05/08/2023,15:00,13,9,34,9,27,9,70,Apia Park,-1,NA,1,2023,10,10,Fly Half,0,,0,,271,Angus Gardner,1000642,Damon Murphy,1000613,Matthew Kellahan,-1,,3,International,Y,W
1751,937717,25212,D'Angelo Leuila,950,Samoa,5489.20,5493.36,5919,2,48,53,84,48,4,Kick,346,Box,199,Collected Bounce,185,Kick in Play,0,,0,,0,,0,,0,,0,,0,,36,37,0,0,1899-12-30T01:31:40Z,2,51,0,0,18,950,Samoa,750,Tonga,05/08/2023,15:00,13,9,34,9,27,9,70,Apia Park,-1,NA,1,2023,10,10,Fly Half,0,,0,,271,Angus Gardner,1000642,Damon Murphy,1000613,Matthew Kellahan,-1,,3,International,Y,W
1752,937717,0,,950,Samoa,5482.24,5493.36,5923,2,42,50,84,48,15,Possession,308,Turnover Won,351,Kick in Play,0,,684,Fails to enter into Opposition 22,0,,0,,0,,0,,0,,0,,43,0,0,0,1899-12-30T01:31:33Z,2,51,0,0,18,950,Samoa,750,Tonga,05/08/2023,15:00,13,9,34,9,27,9,70,Apia Park,-1,NA,1,2023,,,,0,,0,,271,Angus Gardner,1000642,Damon Murphy,1000613,Matthew Kellahan,-1,,3,International,Y,W
1753,937717,9726,Afusipa Taumoepeau,750,Tonga,5493.36,5493.36,5923,2,16,20,0,0,18,Collection,274,Defensive Loose Ball,277,Success,0,,0,,0,,0,,0,,0,,0,,0,,0,0,0,0,1899-12-30T01:31:45Z,1,52,0,0,18,950,Samoa,750,Tonga,05/08/2023,15:00,13,9,34,9,27,9,70,Apia Park,-1,NA,1,2023,11,11,Left Wing,0,,0,,271,Angus Gardner,1000642,Damon Murphy,1000613,Matthew Kellahan,-1,,3,International,N,L
1754,937717,0,,750,Tonga,5493.36,5493.36,5923,2,16,20,0,0,45,Defensive Exits,630,Kicked out of 22,0,,0,,0,,0,,0,,0,,0,,0,,0,,0,0,0,0,1899-12-30T01:31:45Z,1,52,0,0,18,950,Samoa,750,Tonga,05/08/2023,15:00,13,9,34,9,27,9,70,Apia Park,-1,NA,1,2023,,,,0,,0,,271,Angus Gardner,1000642,Damon Murphy,1000613,Matthew Kellahan,-1,,3,International,N,L
1755,937717,9726,Afusipa Taumoepeau,750,Tonga,5495.04,5499.48,5925,2,16,16,81,0,4,Kick,347,Touch Kick,192,Kick in Touch (Bounce),186,Kick in Play (Own 22),0,,0,,0,,0,,0,,0,,0,,65,67,0,0,1899-12-30T01:31:46Z,1,52,0,0,18,950,Samoa,750,Tonga,05/08/2023,15:00,13,9,34,9,27,9,70,Apia Park,-1,NA,1,2023,11,11,Left Wing,0,,0,,271,Angus Gardner,1000642,Damon Murphy,1000613,Matthew Kellahan,-1,,3,International,N,L
1756,937717,0,,750,Tonga,5444.60,5499.48,5930,2,50,35,81,0,26,Sequences,307,50m Restart,315,Kick Out of Play,0,,0,,0,,0,,0,,0,,0,,0,,31,0,0,0,1899-12-30T01:30:56Z,1,52,0,0,18,950,Samoa,750,Tonga,05/08/2023,15:00,13,9,34,9,27,9,70,Apia Park,-1,NA,1,2023,,,,0,,0,,271,Angus Gardner,1000642,Damon Murphy,1000613,Matthew Kellahan,-1,,3,International,N,L
1757,937717,0,,750,Tonga,5493.36,5499.48,5930,2,16,20,81,0,15,Possession,311,Kick Return,315,Kick Out of Play,0,,684,Fails to enter into Opposition 22,0,,0,,0,,0,,0,,0,,66,0,0,0,1899-12-30T01:31:45Z,1,52,0,0,18,950,Samoa,750,Tonga,05/08/2023,15:00,13,9,34,9,27,9,70,Apia Park,-1,NA,1,2023,,,,0,,0,,271,Angus Gardner,1000642,Damon Murphy,1000613,Matthew Kellahan,-1,,3,International,N,L
1758,937717,10552,Tim Nanai-Williams,950,Samoa,5501.84,5501.84,5932,2,9,68,0,0,44,Counter Attack,622,Outcome - Penalty Conceded,0,,0,,0,,0,,0,,0,,0,,0,,0,,0,0,0,0,1899-12-30T01:31:55Z,1,53,0,0,18,950,Samoa,750,Tonga,05/08/2023,15:00,13,9,34,9,27,9,70,Apia Park,-1,NA,1,2023,15,15,Full Back,0,,0,,271,Angus Gardner,1000642,Damon Murphy,1000613,Matthew Kellahan,-1,,3,International,Y,W
1759,937717,0,,950,Samoa,5501.84,5501.84,5932,2,9,68,0,0,45,Defensive Exits,629,Carried out of 22,0,,0,,0,,0,,0,,0,,0,,0,,0,,0,0,0,0,1899-12-30T01:31:55Z,1,53,0,0,18,950,Samoa,750,Tonga,05/08/2023,15:00,13,9,34,9,27,9,70,Apia Park,-1,NA,1,2023,,,,0,,0,,271,Angus Gardner,1000642,Damon Murphy,1000613,Matthew Kellahan,-1,,3,International,Y,W
1760,937717,10552,Tim Nanai-Williams,950,Samoa,5501.84,5503.36,5932,2,9,68,4,60,6,Lineout Throw,375,Throw Quick,376,Won Clean Catch,208,Catch and Pass,0,1,661,Mid Left Open Movement Lineout,726,1 Player,0,,0,,0,,0,,8,0,72,24,1899-12-30T01:31:55Z,1,53,0,0,18,950,Samoa,750,Tonga,05/08/2023,15:00,13,9,34,9,27,9,70,Apia Park,-1,NA,1,2023,15,15,Full Back,0,,0,,271,Angus Gardner,1000642,Damon Murphy,1000613,Matthew Kellahan,-1,,3,International,Y,W
1761,937717,10552,Tim Nanai-Williams,950,Samoa,5503.36,5503.36,5933,2,4,60,0,0,27,Lineout Take,390,Lineout Win Quick,376,Won Clean,208,Catch and Pass,396,Clean Catch,0,,0,,0,,0,,0,,0,,0,0,0,0,1899-12-30T01:31:56Z,1,53,0,0,18,950,Samoa,750,Tonga,05/08/2023,15:00,13,9,34,9,27,9,70,Apia Park,-1,NA,1,2023,15,15,Full Back,0,,0,,271,Angus Gardner,1000642,Damon Murphy,1000613,Matthew Kellahan,-1,,3,International,Y,W
1762,937717,10552,Tim Nanai-Williams,950,Samoa,5503.36,5507.72,5933,2,4,60,16,56,1,Carry,103,Other Carry,121,Pass,109,Crossed Gain line,0,,500,0 Tacklers Committed,700,0th Receiver,0,,0,,0,,0,,7,12,0,0,1899-12-30T01:31:56Z,1,53,0,0,18,950,Samoa,750,Tonga,05/08/2023,15:00,13,9,34,9,27,9,70,Apia Park,-1,NA,1,2023,15,15,Full Back,0,,0,,271,Angus Gardner,1000642,Damon Murphy,1000613,Matthew Kellahan,-1,,3,International,Y,W
1763,937717,10552,Tim Nanai-Williams,950,Samoa,5507.72,5508.72,5938,2,16,56,16,43,3,Pass,169,Complete,0,,686,Medium Pass,681,Left Pass,700,0th Receiver,0,,0,,0,,0,,0,,14,14,0,0,1899-12-30T01:31:58Z,1,53,0,0,18,950,Samoa,750,Tonga,05/08/2023,15:00,13,9,34,9,27,9,70,Apia Park,-1,NA,1,2023,15,15,Full Back,0,,0,,271,Angus Gardner,1000642,Damon Murphy,1000613,Matthew Kellahan,-1,,3,International,Y,W
1764,937717,22231,Ed Fidow,950,Samoa,5508.72,5508.72,5939,2,16,43,0,0,18,Collection,631,General Catch,0,,0,,0,,0,,0,,0,,0,,0,,0,,0,0,0,0,1899-12-30T01:32:05Z,1,53,0,0,18,950,Samoa,750,Tonga,05/08/2023,15:00,13,9,34,9,27,9,70,Apia Park,-1,NA,1,2023,11,11,Left Wing,0,,0,,271,Angus Gardner,1000642,Damon Murphy,1000613,Matthew Kellahan,-1,,3,International,Y,W
1765,937717,22231,Ed Fidow,950,Samoa,5508.72,5515.32,5939,2,16,43,52,35,1,Carry,103,Other Carry,122,Off Load,109,Crossed Gain line,460,Dominant Contact,504,4+ Tacklers Committed,701,1st Receiver,0,,0,,0,,0,,36,36,34,5,1899-12-30T01:32:05Z,1,53,0,0,18,950,Samoa,750,Tonga,05/08/2023,15:00,13,9,34,9,27,9,70,Apia Park,-1,NA,1,2023,11,11,Left Wing,0,,0,,271,Angus Gardner,1000642,Damon Murphy,1000613,Matthew Kellahan,-1,,3,International,Y,W
1766,937717,20059,Malakai Fekitoa,750,Tonga,5509.84,5509.84,5940,2,82,26,0,0,2,Tackle,147,Other,161,Missed,0,,475,Ineffective Tackle,708,1st Tackler,0,,0,,0,,0,,0,,0,0,0,0,1899-12-30T01:32:01Z,1,53,0,0,18,950,Samoa,750,Tonga,05/08/2023,15:00,13,9,34,9,27,9,70,Apia Park,-1,NA,1,2023,23,11,Left Wing,0,,0,,271,Angus Gardner,1000642,Damon Murphy,1000613,Matthew Kellahan,-1,,3,International,N,L
1767,937717,20059,Malakai Fekitoa,750,Tonga,5509.84,5509.84,5940,2,82,26,0,0,12,Missed Tackle,163,Stepped,167,Clean Break,0,,0,,0,,0,,0,,0,,0,,0,,0,0,0,0,1899-12-30T01:32:01Z,1,53,0,0,18,950,Samoa,750,Tonga,05/08/2023,15:00,13,9,34,9,27,9,70,Apia Park,-1,NA,1,2023,23,11,Left Wing,0,,0,,271,Angus Gardner,1000642,Damon Murphy,1000613,Matthew Kellahan,-1,,3,International,N,L
1768,937717,22231,Ed Fidow,950,Samoa,5510.04,5510.04,5940,2,19,42,0,0,10,Attacking Qualities,116,Defender Beaten,0,,0,,0,,0,,0,,0,,0,,0,,0,,0,0,0,0,1899-12-30T01:32:00Z,1,53,0,0,18,950,Samoa,750,Tonga,05/08/2023,15:00,13,9,34,9,27,9,70,Apia Park,-1,NA,1,2023,11,11,Left Wing,0,,0,,271,Angus Gardner,1000642,Damon Murphy,1000613,Matthew Kellahan,-1,,3,International,Y,W
1769,937717,17144,Paula Ngauamo,750,Tonga,5512.88,5512.88,5943,2,60,26,0,0,2,Tackle,147,Other,161,Missed,441,Assist,475,Ineffective Tackle,709,2nd Tackler,0,,0,,0,,0,,0,,0,0,0,0,1899-12-30T01:32:04Z,1,53,0,0,18,950,Samoa,750,Tonga,05/08/2023,15:00,13,9,34,9,27,9,70,Apia Park,-1,NA,1,2023,16,2,Hooker,0,,0,,271,Angus Gardner,1000642,Damon Murphy,1000613,Matthew Kellahan,-1,,3,International,N,L
1770,937717,17144,Paula Ngauamo,750,Tonga,5512.88,5512.88,5943,2,60,26,0,0,12,Missed Tackle,163,Stepped,167,Clean Break,0,,0,,0,,0,,0,,0,,0,,0,,0,0,0,0,1899-12-30T01:32:04Z,1,53,0,0,18,950,Samoa,750,Tonga,05/08/2023,15:00,13,9,34,9,27,9,70,Apia Park,-1,NA,1,2023,16,2,Hooker,0,,0,,271,Angus Gardner,1000642,Damon Murphy,1000613,Matthew Kellahan,-1,,3,International,N,L
1771,937717,22231,Ed Fidow,950,Samoa,5513.08,5513.08,5943,2,40,42,0,0,10,Attacking Qualities,116,Defender Beaten,0,,0,,0,,0,,0,,0,,0,,0,,0,,0,0,0,0,1899-12-30T01:32:03Z,1,53,0,0,18,950,Samoa,750,Tonga,05/08/2023,15:00,13,9,34,9,27,9,70,Apia Park,-1,NA,1,2023,11,11,Left Wing,0,,0,,271,Angus Gardner,1000642,Damon Murphy,1000613,Matthew Kellahan,-1,,3,International,Y,W
1772,937717,19128,George Moala,750,Tonga,5514.24,5514.24,5944,2,54,33,0,0,2,Tackle,147,Other,161,Missed,441,Assist,475,Ineffective Tackle,710,3rd Tackler,0,,0,,0,,0,,0,,0,0,0,0,1899-12-30T01:32:04Z,1,53,0,0,18,950,Samoa,750,Tonga,05/08/2023,15:00,13,9,34,9,27,9,70,Apia Park,-1,NA,1,2023,13,13,Outside Centre,0,,0,,271,Angus Gardner,1000642,Damon Murphy,1000613,Matthew Kellahan,-1,,3,International,N,L
1773,937717,19128,George Moala,750,Tonga,5514.24,5514.24,5944,2,54,33,0,0,12,Missed Tackle,162,Bumped Off,167,Clean Break,0,,0,,0,,0,,0,,0,,0,,0,,0,0,0,0,1899-12-30T01:32:04Z,1,53,0,0,18,950,Samoa,750,Tonga,05/08/2023,15:00,13,9,34,9,27,9,70,Apia Park,-1,NA,1,2023,13,13,Outside Centre,0,,0,,271,Angus Gardner,1000642,Damon Murphy,1000613,Matthew Kellahan,-1,,3,International,N,L
1774,937717,22231,Ed Fidow,950,Samoa,5514.28,5514.28,5944,2,46,35,0,0,10,Attacking Qualities,116,Defender Beaten,0,,0,,0,,0,,0,,0,,0,,0,,0,,0,0,0,0,1899-12-30T01:32:04Z,1,53,0,0,18,950,Samoa,750,Tonga,05/08/2023,15:00,13,9,34,9,27,9,70,Apia Park,-1,NA,1,2023,11,11,Left Wing,0,,0,,271,Angus Gardner,1000642,Damon Murphy,1000613,Matthew Kellahan,-1,,3,International,Y,W
1775,937717,26114,Leva Fifita,750,Tonga,5515.28,5515.28,5945,2,53,33,0,0,2,Tackle,147,Other,155,Offload Allowed,441,Assist,475,Ineffective Tackle,711,4th Tackler,0,,0,,0,,0,,0,,0,0,0,0,1899-12-30T01:32:05Z,1,53,0,0,18,950,Samoa,750,Tonga,05/08/2023,15:00,13,9,34,9,27,9,70,Apia Park,-1,NA,1,2023,04,4,Lock (4),0,,0,,271,Angus Gardner,1000642,Damon Murphy,1000613,Matthew Kellahan,-1,,3,International,N,L
1776,937717,22231,Ed Fidow,950,Samoa,5515.32,5515.60,5945,2,52,35,52,34,3,Pass,172,Break,128,Own Player,679,Short Pass,681,Left Pass,701,1st Receiver,0,,0,,0,,0,,0,,1,1,0,0,1899-12-30T01:32:06Z,1,53,0,0,18,950,Samoa,750,Tonga,05/08/2023,15:00,13,9,34,9,27,9,70,Apia Park,-1,NA,1,2023,11,11,Left Wing,0,,0,,271,Angus Gardner,1000642,Damon Murphy,1000613,Matthew Kellahan,-1,,3,International,Y,W
1777,937717,22231,Ed Fidow,950,Samoa,5515.36,5515.36,5945,2,52,35,0,0,10,Attacking Qualities,527,Break Assist,0,,0,,0,,0,,0,,0,,0,,0,,0,,0,0,0,0,1899-12-30T01:32:06Z,1,53,0,0,18,950,Samoa,750,Tonga,05/08/2023,15:00,13,9,34,9,27,9,70,Apia Park,-1,NA,1,2023,11,11,Left Wing,0,,0,,271,Angus Gardner,1000642,Damon Murphy,1000613,Matthew Kellahan,-1,,3,International,Y,W
1778,937717,22603,Duncan Paia'aua,950,Samoa,5515.60,5515.60,5946,2,52,34,0,0,18,Collection,631,General Catch,0,,0,,0,,0,,0,,0,,0,,0,,0,,0,0,0,0,1899-12-30T01:32:07Z,1,53,0,0,18,950,Samoa,750,Tonga,05/08/2023,15:00,13,9,34,9,27,9,70,Apia Park,-1,NA,1,2023,12,12,Inside Centre,0,,0,,271,Angus Gardner,1000642,Damon Murphy,1000613,Matthew Kellahan,-1,,3,International,Y,W
1779,937717,22603,Duncan Paia'aua,950,Samoa,5515.60,5517.80,5946,2,52,34,60,34,1,Carry,106,Support Carry,122,Off Load,109,Crossed Gain line,460,Dominant Contact,501,1 Tacklers Committed,702,2nd Receiver,0,,0,,0,,0,,8,8,2,2,1899-12-30T01:32:07Z,1,53,0,0,18,950,Samoa,750,Tonga,05/08/2023,15:00,13,9,34,9,27,9,70,Apia Park,-1,NA,1,2023,12,12,Inside Centre,0,,0,,271,Angus Gardner,1000642,Damon Murphy,1000613,Matthew Kellahan,-1,,3,International,Y,W
1780,937717,22603,Duncan Paia'aua,950,Samoa,5515.80,5515.80,5946,2,52,34,0,0,10,Attacking Qualities,112,Initial Break,530,Line Break,0,,0,,0,,0,,0,,0,,0,,0,,0,0,0,0,1899-12-30T01:32:06Z,1,53,0,0,18,950,Samoa,750,Tonga,05/08/2023,15:00,13,9,34,9,27,9,70,Apia Park,-1,NA,1,2023,12,12,Inside Centre,0,,0,,271,Angus Gardner,1000642,Damon Murphy,1000613,Matthew Kellahan,-1,,3,International,Y,W
1781,937717,18807,Ben Tameifuna,750,Tonga,5517.32,5517.32,5947,2,42,34,0,0,2,Tackle,143,Cover,155,Offload Allowed,0,,475,Ineffective Tackle,708,1st Tackler,0,,0,,0,,0,,0,,0,0,0,0,1899-12-30T01:32:08Z,1,53,0,0,18,950,Samoa,750,Tonga,05/08/2023,15:00,13,9,34,9,27,9,70,Apia Park,-1,NA,1,2023,03,3,Tighthead Prop,0,,0,,271,Angus Gardner,1000642,Damon Murphy,1000613,Matthew Kellahan,-1,,3,International,N,L
1782,937717,22603,Duncan Paia'aua,950,Samoa,5517.80,5518.08,5948,2,60,34,59,36,3,Pass,151,Offload,128,Own Player,679,Short Pass,682,Right Pass,702,2nd Receiver,0,,0,,0,,0,,0,,2,2,1,0,1899-12-30T01:32:08Z,1,53,0,0,18,950,Samoa,750,Tonga,05/08/2023,15:00,13,9,34,9,27,9,70,Apia Park,-1,NA,1,2023,12,12,Inside Centre,0,,0,,271,Angus Gardner,1000642,Damon Murphy,1000613,Matthew Kellahan,-1,,3,International,Y,W
1783,937717,23395,Melani Matavao,950,Samoa,5518.08,5518.08,5948,2,59,36,0,0,10,Attacking Qualities,113,Supported Break,0,,0,,0,,0,,0,,0,,0,,0,,0,,0,0,0,0,1899-12-30T01:32:09Z,1,53,0,0,18,950,Samoa,750,Tonga,05/08/2023,15:00,13,9,34,9,27,9,70,Apia Park,-1,NA,1,2023,21,9,Scrum Half,0,,0,,271,Angus Gardner,1000642,Damon Murphy,1000613,Matthew Kellahan,-1,,3,International,Y,W
1784,937717,23395,Melani Matavao,950,Samoa,5518.08,5518.08,5948,2,59,36,0,0,18,Collection,631,General Catch,0,,0,,0,,0,,0,,0,,0,,0,,0,,0,0,0,0,1899-12-30T01:32:09Z,1,53,0,0,18,950,Samoa,750,Tonga,05/08/2023,15:00,13,9,34,9,27,9,70,Apia Park,-1,NA,1,2023,21,9,Scrum Half,0,,0,,271,Angus Gardner,1000642,Damon Murphy,1000613,Matthew Kellahan,-1,,3,International,Y,W
1785,937717,23395,Melani Matavao,950,Samoa,5518.08,5521.16,5948,2,59,36,77,37,1,Carry,106,Support Carry,118,Other,109,Crossed Gain line,0,,501,1 Tacklers Committed,703,3rd Receiver,0,,0,,0,,0,,16,17,11,0,1899-12-30T01:32:09Z,1,53,0,0,18,950,Samoa,750,Tonga,05/08/2023,15:00,13,9,34,9,27,9,70,Apia Park,-1,NA,1,2023,21,9,Scrum Half,0,,0,,271,Angus Gardner,1000642,Damon Murphy,1000613,Matthew Kellahan,-1,,3,International,Y,W
1786,937717,36012,Manu Paea,750,Tonga,5518.40,5518.40,5948,2,34,28,0,0,2,Tackle,143,Cover,161,Missed,0,,475,Ineffective Tackle,708,1st Tackler,0,,0,,0,,0,,0,,0,0,0,0,1899-12-30T01:32:06Z,1,53,0,0,18,950,Samoa,750,Tonga,05/08/2023,15:00,13,9,34,9,27,9,70,Apia Park,-1,NA,1,2023,21,9,Scrum Half,0,,0,,271,Angus Gardner,1000642,Damon Murphy,1000613,Matthew Kellahan,-1,,3,International,N,L
1787,937717,36012,Manu Paea,750,Tonga,5518.40,5518.40,5948,2,34,28,0,0,12,Missed Tackle,164,Outpaced,167,Clean Break,0,,0,,0,,0,,0,,0,,0,,0,,0,0,0,0,1899-12-30T01:32:06Z,1,53,0,0,18,950,Samoa,750,Tonga,05/08/2023,15:00,13,9,34,9,27,9,70,Apia Park,-1,NA,1,2023,21,9,Scrum Half,0,,0,,271,Angus Gardner,1000642,Damon Murphy,1000613,Matthew Kellahan,-1,,3,International,N,L
1788,937717,23395,Melani Matavao,950,Samoa,5518.76,5518.76,5949,2,66,40,0,0,10,Attacking Qualities,116,Defender Beaten,0,,0,,0,,0,,0,,0,,0,,0,,0,,0,0,0,0,1899-12-30T01:32:09Z,1,53,0,0,18,950,Samoa,750,Tonga,05/08/2023,15:00,13,9,34,9,27,9,70,Apia Park,-1,NA,1,2023,21,9,Scrum Half,0,,0,,271,Angus Gardner,1000642,Damon Murphy,1000613,Matthew Kellahan,-1,,3,International,Y,W
1789,937717,23395,Melani Matavao,950,Samoa,5521.16,5522.52,5951,2,77,37,0,0,23,Ruck,0,,401,Won Outright,548,Over Previous Gainline,553,1-2 Seconds,661,Mid Left Open Movement Ruck,0,,0,,0,,0,,0,,0,0,7,14,1899-12-30T01:32:11Z,1,53,0,0,18,950,Samoa,750,Tonga,05/08/2023,15:00,13,9,34,9,27,9,70,Apia Park,-1,NA,1,2023,21,9,Scrum Half,0,,0,,271,Angus Gardner,1000642,Damon Murphy,1000613,Matthew Kellahan,-1,,3,International,Y,W
1790,937717,22231,Ed Fidow,950,Samoa,5521.84,5521.84,5952,2,77,37,0,0,43,Ruck OOA,574,Secured,583,Own Team 1st Entry,588,OOA Entry 1st Entry- Att,632,Attacking OOA,0,1,0,,0,,0,,0,,0,,0,0,0,0,1899-12-30T01:32:10Z,1,53,0,0,18,950,Samoa,750,Tonga,05/08/2023,15:00,13,9,34,9,27,9,70,Apia Park,-1,NA,1,2023,11,11,Left Wing,0,,0,,271,Angus Gardner,1000642,Damon Murphy,1000613,Matthew Kellahan,-1,,3,International,Y,W
1791,937717,9023,Christian Leali'ifano,950,Samoa,5521.88,5521.88,5952,2,77,37,0,0,43,Ruck OOA,574,Secured,584,Own Team 2nd Entry,589,OOA Entry 2nd Entry- Att,632,Attacking OOA,0,2,0,,0,,0,,0,,0,,0,0,0,0,1899-12-30T01:32:10Z,1,53,0,0,18,950,Samoa,750,Tonga,05/08/2023,15:00,13,9,34,9,27,9,70,Apia Park,-1,NA,1,2023,22,10,Fly Half,0,,0,,271,Angus Gardner,1000642,Damon Murphy,1000613,Matthew Kellahan,-1,,3,International,Y,W
1792,937717,29249,Sione Havili Talitui,750,Tonga,5521.92,5521.92,5952,2,24,31,0,0,43,Ruck OOA,577,Not Clearing,583,Own Team 1st Entry,603,OOA Entry 1st Entry- Def,633,Defensive OOA,0,1,0,,0,,0,,0,,0,,0,0,0,0,1899-12-30T01:32:10Z,1,53,0,0,18,950,Samoa,750,Tonga,05/08/2023,15:00,13,9,34,9,27,9,70,Apia Park,-1,NA,1,2023,07,7,Openside Flanker,0,,0,,271,Angus Gardner,1000642,Damon Murphy,1000613,Matthew Kellahan,-1,,3,International,N,L
1793,937717,20766,Chris Vui,950,Samoa,5522.52,5522.52,5953,2,78,37,0,0,18,Collection,631,General Catch,0,,0,,0,,0,,0,,0,,0,,0,,0,,0,0,0,0,1899-12-30T01:32:13Z,2,53,0,0,18,950,Samoa,750,Tonga,05/08/2023,15:00,13,9,34,9,27,9,70,Apia Park,-1,NA,1,2023,05,5,Lock (5),0,,0,,271,Angus Gardner,1000642,Damon Murphy,1000613,Matthew Kellahan,-1,,3,International,Y,W
1794,937717,20766,Chris Vui,950,Samoa,5522.52,5522.52,5953,2,78,37,0,0,47,Playmaker Options,672,Acting Halfback at Breakdown,675,Playmaker Option - Pass,0,,0,,0,,0,,0,,0,,0,,0,,0,0,0,0,1899-12-30T01:32:13Z,2,53,0,0,18,950,Samoa,750,Tonga,05/08/2023,15:00,13,9,34,9,27,9,70,Apia Park,-1,NA,1,2023,05,5,Lock (5),0,,0,,271,Angus Gardner,1000642,Damon Murphy,1000613,Matthew Kellahan,-1,,3,International,Y,W
1795,937717,0,,950,Samoa,5522.52,5536.16,5953,2,78,37,83,22,46,Attacking 22 Entry,641,22 Entry Outcome - Penalty Conceded,0,,0,,0,,0,,0,,0,,0,,0,,0,,0,0,0,0,1899-12-30T01:32:13Z,2,53,0,0,18,950,Samoa,750,Tonga,05/08/2023,15:00,13,9,34,9,27,9,70,Apia Park,-1,NA,1,2023,,,,0,,0,,271,Angus Gardner,1000642,Damon Murphy,1000613,Matthew Kellahan,-1,,3,International,Y,W
1796,937717,20766,Chris Vui,950,Samoa,5522.96,5523.44,5953,2,78,37,77,28,3,Pass,169,Complete,0,,686,Medium Pass,681,Left Pass,700,0th Receiver,0,,0,,0,,0,,0,,9,9,1,0,1899-12-30T01:32:13Z,2,53,0,0,18,950,Samoa,750,Tonga,05/08/2023,15:00,13,9,34,9,27,9,70,Apia Park,-1,NA,1,2023,05,5,Lock (5),0,,0,,271,Angus Gardner,1000642,Damon Murphy,1000613,Matthew Kellahan,-1,,3,International,Y,W
1797,937717,36890,Theo McFarland,950,Samoa,5523.44,5523.44,5953,2,77,28,0,0,18,Collection,631,General Catch,0,,0,,0,,0,,0,,0,,0,,0,,0,,0,0,0,0,1899-12-30T01:32:15Z,2,53,0,0,18,950,Samoa,750,Tonga,05/08/2023,15:00,13,9,34,9,27,9,70,Apia Park,-1,NA,1,2023,19,4,Lock (4),0,,0,,271,Angus Gardner,1000642,Damon Murphy,1000613,Matthew Kellahan,-1,,3,International,Y,W
1798,937717,36890,Theo McFarland,950,Samoa,5523.44,5523.44,5953,2,77,28,0,0,47,Playmaker Options,656,First Receiver,673,Playmaker Option - Carry,0,,0,,0,,0,,0,,0,,0,,0,,0,0,0,0,1899-12-30T01:32:15Z,2,53,0,0,18,950,Samoa,750,Tonga,05/08/2023,15:00,13,9,34,9,27,9,70,Apia Park,-1,NA,1,2023,19,4,Lock (4),0,,0,,271,Angus Gardner,1000642,Damon Murphy,1000613,Matthew Kellahan,-1,,3,International,Y,W
1799,937717,36890,Theo McFarland,950,Samoa,5523.44,5525.28,5953,2,77,28,82,27,1,Carry,101,One Out Drive,122,Off Load,109,Crossed Gain line,461,Neutral Contact,502,2 Tacklers Committed,701,1st Receiver,0,,0,,0,,0,,4,6,3,3,1899-12-30T01:32:15Z,2,53,0,0,18,950,Samoa,750,Tonga,05/08/2023,15:00,13,9,34,9,27,9,70,Apia Park,-1,NA,1,2023,19,4,Lock (4),0,,0,,271,Angus Gardner,1000642,Damon Murphy,1000613,Matthew Kellahan,-1,,3,International,Y,W
1800,937717,19606,Lopeti Timani,750,Tonga,5524.64,5524.64,5955,2,21,41,0,0,2,Tackle,144,Line,155,Offload Allowed,0,,474,Neutral Tackle,708,1st Tackler,0,,0,,0,,0,,0,,0,0,0,0,1899-12-30T01:32:16Z,2,53,0,0,18,950,Samoa,750,Tonga,05/08/2023,15:00,13,9,34,9,27,9,70,Apia Park,-1,NA,1,2023,19,6,Blindside Flanker,0,,0,,271,Angus Gardner,1000642,Damon Murphy,1000613,Matthew Kellahan,-1,,3,International,N,L
1801,937717,29249,Sione Havili Talitui,750,Tonga,5525.00,5525.00,5955,2,21,41,0,0,2,Tackle,144,Line,155,Offload Allowed,441,Assist,474,Neutral Tackle,709,2nd Tackler,0,,0,,0,,0,,0,,0,0,0,0,1899-12-30T01:32:16Z,2,53,0,0,18,950,Samoa,750,Tonga,05/08/2023,15:00,13,9,34,9,27,9,70,Apia Park,-1,NA,1,2023,07,7,Openside Flanker,0,,0,,271,Angus Gardner,1000642,Damon Murphy,1000613,Matthew Kellahan,-1,,3,International,N,L
1802,937717,36890,Theo McFarland,950,Samoa,5525.28,5525.64,5955,2,82,27,80,24,3,Pass,151,Offload,128,Own Player,679,Short Pass,681,Left Pass,701,1st Receiver,0,,0,,0,,0,,0,,3,4,2,0,1899-12-30T01:32:16Z,2,53,0,0,18,950,Samoa,750,Tonga,05/08/2023,15:00,13,9,34,9,27,9,70,Apia Park,-1,NA,1,2023,19,4,Lock (4),0,,0,,271,Angus Gardner,1000642,Damon Murphy,1000613,Matthew Kellahan,-1,,3,International,Y,W
1803,937717,22603,Duncan Paia'aua,950,Samoa,5525.64,5525.64,5956,2,80,24,0,0,18,Collection,631,General Catch,0,,0,,0,,0,,0,,0,,0,,0,,0,,0,0,0,0,1899-12-30T01:32:16Z,2,53,0,0,18,950,Samoa,750,Tonga,05/08/2023,15:00,13,9,34,9,27,9,70,Apia Park,-1,NA,1,2023,12,12,Inside Centre,0,,0,,271,Angus Gardner,1000642,Damon Murphy,1000613,Matthew Kellahan,-1,,3,International,Y,W
1804,937717,22603,Duncan Paia'aua,950,Samoa,5525.64,5527.32,5956,2,80,24,83,23,1,Carry,106,Support Carry,108,Tackled Neutral,109,Crossed Gain line,461,Neutral Contact,501,1 Tacklers Committed,702,2nd Receiver,0,,0,,0,,0,,1,3,2,2,1899-12-30T01:32:16Z,2,53,0,0,18,950,Samoa,750,Tonga,05/08/2023,15:00,13,9,34,9,27,9,70,Apia Park,-1,NA,1,2023,12,12,Inside Centre,0,,0,,271,Angus Gardner,1000642,Damon Murphy,1000613,Matthew Kellahan,-1,,3,International,Y,W
1805,937717,29249,Sione Havili Talitui,750,Tonga,5526.32,5526.32,5956,2,18,46,0,0,2,Tackle,144,Line,153,Complete,0,,474,Neutral Tackle,708,1st Tackler,0,,0,,0,,0,,0,,0,0,0,0,1899-12-30T01:32:18Z,2,53,0,0,18,950,Samoa,750,Tonga,05/08/2023,15:00,13,9,34,9,27,9,70,Apia Park,-1,NA,1,2023,07,7,Openside Flanker,0,,0,,271,Angus Gardner,1000642,Damon Murphy,1000613,Matthew Kellahan,-1,,3,International,N,L
1806,937717,22603,Duncan Paia'aua,950,Samoa,5527.32,5528.72,5957,2,83,23,0,0,23,Ruck,0,,401,Won Outright,548,Over Previous Gainline,553,1-2 Seconds,667,Tight Left Open Movement Ruck,0,,0,,0,,0,,0,,0,0,0,1,1899-12-30T01:32:18Z,2,53,0,0,18,950,Samoa,750,Tonga,05/08/2023,15:00,13,9,34,9,27,9,70,Apia Park,-1,NA,1,2023,12,12,Inside Centre,0,,0,,271,Angus Gardner,1000642,Damon Murphy,1000613,Matthew Kellahan,-1,,3,International,Y,W
1807,937717,28270,Tanginoa Halaifonua,750,Tonga,5528.16,5528.16,5958,2,17,45,0,0,43,Ruck OOA,578,Got Cleaned Out,583,Own Team 1st Entry,603,OOA Entry 1st Entry- Def,633,Defensive OOA,0,1,0,,0,,0,,0,,0,,0,0,0,0,1899-12-30T01:32:17Z,2,53,0,0,18,950,Samoa,750,Tonga,05/08/2023,15:00,13,9,34,9,27,9,70,Apia Park,-1,NA,1,2023,06,6,Blindside Flanker,0,,0,,271,Angus Gardner,1000642,Damon Murphy,1000613,Matthew Kellahan,-1,,3,International,N,L
1808,937717,31482,Luteru Tolai,950,Samoa,5528.36,5528.36,5958,2,83,23,0,0,43,Ruck OOA,574,Secured,583,Own Team 1st Entry,588,OOA Entry 1st Entry- Att,632,Attacking OOA,0,1,0,,0,,0,,0,,0,,0,0,0,0,1899-12-30T01:32:17Z,2,53,0,0,18,950,Samoa,750,Tonga,05/08/2023,15:00,13,9,34,9,27,9,70,Apia Park,-1,NA,1,2023,16,2,Hooker,0,,0,,271,Angus Gardner,1000642,Damon Murphy,1000613,Matthew Kellahan,-1,,3,International,Y,W
1809,937717,20766,Chris Vui,950,Samoa,5528.52,5528.52,5959,2,83,23,0,0,43,Ruck OOA,572,Cleaned Out,584,Own Team 2nd Entry,589,OOA Entry 2nd Entry- Att,632,Attacking OOA,0,2,0,,0,,0,,0,,0,,0,0,0,0,1899-12-30T01:32:17Z,2,53,0,0,18,950,Samoa,750,Tonga,05/08/2023,15:00,13,9,34,9,27,9,70,Apia Park,-1,NA,1,2023,05,5,Lock (5),0,,0,,271,Angus Gardner,1000642,Damon Murphy,1000613,Matthew Kellahan,-1,,3,International,Y,W
1810,937717,17201,Paul Alo-Emile,950,Samoa,5528.72,5528.72,5959,2,81,23,0,0,18,Collection,631,General Catch,0,,0,,0,,0,,0,,0,,0,,0,,0,,0,0,0,0,1899-12-30T01:32:20Z,3,53,0,0,18,950,Samoa,750,Tonga,05/08/2023,15:00,13,9,34,9,27,9,70,Apia Park,-1,NA,1,2023,18,3,Tighthead Prop,0,,0,,271,Angus Gardner,1000642,Damon Murphy,1000613,Matthew Kellahan,-1,,3,International,Y,W
1811,937717,17201,Paul Alo-Emile,950,Samoa,5528.72,5528.72,5959,2,81,23,0,0,47,Playmaker Options,672,Acting Halfback at Breakdown,673,Playmaker Option - Carry,0,,0,,0,,0,,0,,0,,0,,0,,0,0,0,0,1899-12-30T01:32:20Z,3,53,0,0,18,950,Samoa,750,Tonga,05/08/2023,15:00,13,9,34,9,27,9,70,Apia Park,-1,NA,1,2023,18,3,Tighthead Prop,0,,0,,271,Angus Gardner,1000642,Damon Murphy,1000613,Matthew Kellahan,-1,,3,International,Y,W
1812,937717,17201,Paul Alo-Emile,950,Samoa,5528.72,5531.00,5959,2,81,23,83,22,1,Carry,102,Pick and Go,124,Penalty Conceded,110,Neutral Gain line,461,Neutral Contact,501,1 Tacklers Committed,700,0th Receiver,0,,0,,0,,0,,0,2,1,1,1899-12-30T01:32:20Z,3,53,0,0,18,950,Samoa,750,Tonga,05/08/2023,15:00,13,9,34,9,27,9,70,Apia Park,-1,NA,1,2023,18,3,Tighthead Prop,0,,0,,271,Angus Gardner,1000642,Damon Murphy,1000613,Matthew Kellahan,-1,,3,International,Y,W
1813,937717,17144,Paula Ngauamo,750,Tonga,5529.96,5529.96,6000,2,17,44,0,0,2,Tackle,145,Guard,153,Complete,0,,474,Neutral Tackle,708,1st Tackler,0,,0,,0,,0,,0,,0,0,0,0,1899-12-30T01:32:20Z,3,53,0,0,18,950,Samoa,750,Tonga,05/08/2023,15:00,13,9,34,9,27,9,70,Apia Park,-1,NA,1,2023,16,2,Hooker,0,,0,,271,Angus Gardner,1000642,Damon Murphy,1000613,Matthew Kellahan,-1,,3,International,N,L
1814,937717,17201,Paul Alo-Emile,950,Samoa,5531.00,5536.36,6001,2,83,22,0,0,23,Ruck,0,,404,Penalty Conceded,550,Equal to Previous  Gainline,559,N/A Ruck Speed,676,N/A Movement Ruck,0,,0,,0,,0,,0,,0,0,0,0,1899-12-30T01:32:22Z,3,53,0,0,18,950,Samoa,750,Tonga,05/08/2023,15:00,13,9,34,9,27,9,70,Apia Park,-1,NA,1,2023,18,3,Tighthead Prop,0,,0,,271,Angus Gardner,1000642,Damon Murphy,1000613,Matthew Kellahan,-1,,3,International,Y,W
1815,937717,18936,Pita Ahki,750,Tonga,5531.44,5531.44,6001,2,17,46,0,0,18,Collection,276,Jackal,277,Success,0,,0,,0,,0,,0,,0,,0,,0,,0,0,0,0,1899-12-30T01:32:23Z,3,53,0,0,18,950,Samoa,750,Tonga,05/08/2023,15:00,13,9,34,9,27,9,70,Apia Park,-1,NA,1,2023,12,12,Inside Centre,0,,0,,271,Angus Gardner,1000642,Damon Murphy,1000613,Matthew Kellahan,-1,,3,International,N,L
1816,937717,18936,Pita Ahki,750,Tonga,5531.44,5531.44,6001,2,17,46,0,0,43,Ruck OOA,580,Penalty Won,583,Own Team 1st Entry,603,OOA Entry 1st Entry- Def,633,Defensive OOA,0,1,0,,0,,0,,0,,0,,0,0,0,0,1899-12-30T01:32:23Z,3,53,0,0,18,950,Samoa,750,Tonga,05/08/2023,15:00,13,9,34,9,27,9,70,Apia Park,-1,NA,1,2023,12,12,Inside Centre,0,,0,,271,Angus Gardner,1000642,Damon Murphy,1000613,Matthew Kellahan,-1,,3,International,N,L
1817,937717,36890,Theo McFarland,950,Samoa,5532.80,5532.80,6003,2,83,22,0,0,43,Ruck OOA,573,Failed Clearout,583,Own Team 1st Entry,588,OOA Entry 1st Entry- Att,632,Attacking OOA,0,1,0,,0,,0,,0,,0,,0,0,0,0,1899-12-30T01:32:24Z,3,53,0,0,18,950,Samoa,750,Tonga,05/08/2023,15:00,13,9,34,9,27,9,70,Apia Park,-1,NA,1,2023,19,4,Lock (4),0,,0,,271,Angus Gardner,1000642,Damon Murphy,1000613,Matthew Kellahan,-1,,3,International,Y,W
1818,937717,9023,Christian Leali'ifano,950,Samoa,5533.04,5533.04,6003,2,83,22,0,0,43,Ruck OOA,573,Failed Clearout,584,Own Team 2nd Entry,589,OOA Entry 2nd Entry- Att,632,Attacking OOA,0,2,0,,0,,0,,0,,0,,0,0,0,0,1899-12-30T01:32:24Z,3,53,0,0,18,950,Samoa,750,Tonga,05/08/2023,15:00,13,9,34,9,27,9,70,Apia Park,-1,NA,1,2023,22,10,Fly Half,0,,0,,271,Angus Gardner,1000642,Damon Murphy,1000613,Matthew Kellahan,-1,,3,International,Y,W
1819,937717,0,,950,Samoa,5501.84,5536.36,6006,2,9,68,83,22,15,Possession,306,Lineout,319,Pen Con,112,Initial Break,683,Enters into Opposition 22,0,,0,,0,,0,,0,,0,,74,0,0,0,1899-12-30T01:31:55Z,3,53,0,0,18,950,Samoa,750,Tonga,05/08/2023,15:00,13,9,34,9,27,9,70,Apia Park,-1,NA,1,2023,,,,0,,0,,271,Angus Gardner,1000642,Damon Murphy,1000613,Matthew Kellahan,-1,,3,International,Y,W
1820,937717,0,,950,Samoa,5501.84,5536.36,6006,2,9,68,83,22,26,Sequences,306,Lineout,319,Pen Con,0,,0,,0,,0,,0,,0,,0,,0,,74,0,0,0,1899-12-30T01:31:55Z,3,53,0,0,18,950,Samoa,750,Tonga,05/08/2023,15:00,13,9,34,9,27,9,70,Apia Park,-1,NA,1,2023,,,,0,,0,,271,Angus Gardner,1000642,Damon Murphy,1000613,Matthew Kellahan,-1,,3,International,Y,W
1821,937717,17201,Paul Alo-Emile,950,Samoa,5536.16,5536.16,6006,2,83,22,0,0,7,Penalty Conceded,216,Not Releasing,236,No Action,214,Offence,233,Full Penalty,0,,0,,0,,0,,0,,0,,0,0,0,0,1899-12-30T01:32:26Z,3,53,0,0,18,950,Samoa,750,Tonga,05/08/2023,15:00,13,9,34,9,27,9,70,Apia Park,-1,NA,1,2023,18,3,Tighthead Prop,0,,0,,271,Angus Gardner,1000642,Damon Murphy,1000613,Matthew Kellahan,-1,,3,International,Y,W
1822,937717,0,,750,Tonga,5580.04,5580.04,6050,2,18,46,0,0,45,Defensive Exits,630,Kicked out of 22,0,,0,,0,,0,,0,,0,,0,,0,,0,,0,0,0,0,1899-12-30T01:33:11Z,1,53,0,0,18,950,Samoa,750,Tonga,05/08/2023,15:00,13,9,34,9,27,9,70,Apia Park,-1,NA,1,2023,,,,0,,0,,271,Angus Gardner,1000642,Damon Murphy,1000613,Matthew Kellahan,-1,,3,International,N,L
1823,937717,28913,Otumaka Mausia,750,Tonga,5580.04,5583.20,6050,2,18,46,44,68,4,Kick,347,Touch Kick,193,Kick in Touch (Full),148,Penalty Kick,0,,0,,0,,0,,0,,0,,0,,26,34,0,0,1899-12-30T01:33:11Z,1,53,0,0,18,950,Samoa,750,Tonga,05/08/2023,15:00,13,9,34,9,27,9,70,Apia Park,-1,NA,1,2023,22,10,Fly Half,0,,0,,271,Angus Gardner,1000642,Damon Murphy,1000613,Matthew Kellahan,-1,,3,International,N,L
1824,937717,0,,750,Tonga,5580.04,5583.20,6053,2,18,46,44,68,26,Sequences,780,Penalty Kick Touch,415,Own Lineout,0,,0,,0,,0,,0,,0,,0,,0,,26,0,0,0,1899-12-30T01:33:11Z,1,53,0,0,18,950,Samoa,750,Tonga,05/08/2023,15:00,13,9,34,9,27,9,70,Apia Park,-1,NA,1,2023,,,,0,,0,,271,Angus Gardner,1000642,Damon Murphy,1000613,Matthew Kellahan,-1,,3,International,N,L
1825,937717,18807,Ben Tameifuna,750,Tonga,5588.28,5588.28,6058,2,44,68,0,0,41,Sub Out,563,Injury,0,,0,,0,,0,,0,,0,,0,,0,,0,,0,0,0,0,1899-12-30T01:33:19Z,1,53,0,1,18,950,Samoa,750,Tonga,05/08/2023,15:00,13,9,34,9,27,9,70,Apia Park,-1,NA,1,2023,03,3,Tighthead Prop,0,,0,,271,Angus Gardner,1000642,Damon Murphy,1000613,Matthew Kellahan,-1,,3,International,N,L
1826,937717,22321,David Lolohea,750,Tonga,5588.32,5588.32,6058,2,44,68,0,0,42,Sub In,563,Injury,0,,0,,0,,0,,0,,0,,0,,0,,0,,0,0,0,0,1899-12-30T01:33:19Z,1,53,0,0,18,950,Samoa,750,Tonga,05/08/2023,15:00,13,9,34,9,27,9,70,Apia Park,-1,NA,1,2023,18,3,Tighthead Prop,0,,0,,271,Angus Gardner,1000642,Damon Murphy,1000613,Matthew Kellahan,-1,,3,International,N,L
1827,937717,17144,Paula Ngauamo,750,Tonga,5615.80,5617.24,6126,2,44,68,44,55,6,Lineout Throw,373,Throw Back,376,Won Clean Catch,207,Catch and Drive,0,5+1,676,N/A Movement Lineout,730,5 Players,725,Forward at Halfback (+1),0,,0,,0,,13,0,0,0,1899-12-30T01:33:47Z,1,54,0,0,18,950,Samoa,750,Tonga,05/08/2023,15:00,13,9,34,9,27,9,70,Apia Park,-1,NA,1,2023,16,2,Hooker,0,,0,,271,Angus Gardner,1000642,Damon Murphy,1000613,Matthew Kellahan,-1,,3,International,N,L
1828,937717,26114,Leva Fifita,750,Tonga,5617.24,5617.24,6127,2,44,55,0,0,27,Lineout Take,388,Lineout Win Back,376,Won Clean,207,Catch and Drive,396,Clean Catch,0,,0,,0,,0,,0,,0,,0,0,0,0,1899-12-30T01:33:48Z,1,54,0,0,18,950,Samoa,750,Tonga,05/08/2023,15:00,13,9,34,9,27,9,70,Apia Park,-1,NA,1,2023,04,4,Lock (4),0,,0,,271,Angus Gardner,1000642,Damon Murphy,1000613,Matthew Kellahan,-1,,3,International,N,L
1829,937717,26114,Leva Fifita,750,Tonga,5617.96,5626.48,6128,2,44,55,0,0,24,Maul,0,,403,Penalty Won,0,,0,,676,N/A Movement Maul,0,,0,,0,,0,,0,,6,6,0,0,1899-12-30T01:33:48Z,1,54,0,0,18,950,Samoa,750,Tonga,05/08/2023,15:00,13,9,34,9,27,9,70,Apia Park,-1,NA,1,2023,04,4,Lock (4),0,,0,,271,Angus Gardner,1000642,Damon Murphy,1000613,Matthew Kellahan,-1,,3,International,N,L
1830,937717,20766,Chris Vui,950,Samoa,5622.64,5622.64,6133,2,56,13,0,0,7,Penalty Conceded,221,Collapsing Maul,236,No Action,215,Defence,233,Full Penalty,0,,0,,0,,0,,0,,0,,0,0,0,0,1899-12-30T01:33:49Z,1,54,0,0,18,950,Samoa,750,Tonga,05/08/2023,15:00,13,9,34,9,27,9,70,Apia Park,-1,NA,1,2023,05,5,Lock (5),0,,0,,271,Angus Gardner,1000642,Damon Murphy,1000613,Matthew Kellahan,-1,,3,International,Y,W
1831,937717,0,,750,Tonga,5615.80,5626.48,6137,2,44,68,50,53,15,Possession,306,Lineout,316,Pen Won,0,,684,Fails to enter into Opposition 22,0,,0,,0,,0,,0,,0,,6,0,0,0,1899-12-30T01:33:47Z,1,54,0,0,18,950,Samoa,750,Tonga,05/08/2023,15:00,13,9,34,9,27,9,70,Apia Park,-1,NA,1,2023,,,,0,,0,,271,Angus Gardner,1000642,Damon Murphy,1000613,Matthew Kellahan,-1,,3,International,N,L
1832,937717,0,,750,Tonga,5615.80,5626.48,6137,2,44,68,50,53,26,Sequences,306,Lineout,316,Pen Won,0,,0,,0,,0,,0,,0,,0,,0,,6,0,0,0,1899-12-30T01:33:47Z,1,54,0,0,18,950,Samoa,750,Tonga,05/08/2023,15:00,13,9,34,9,27,9,70,Apia Park,-1,NA,1,2023,,,,0,,0,,271,Angus Gardner,1000642,Damon Murphy,1000613,Matthew Kellahan,-1,,3,International,N,L
1833,937717,28913,Otumaka Mausia,750,Tonga,5642.36,5642.36,6152,2,55,54,0,0,8,Turnover,262,Failure To Find Touch,677,Error on Attack,0,,0,,0,,0,,0,,0,,0,,0,,0,0,0,0,1899-12-30T01:34:13Z,1,54,0,0,18,950,Samoa,750,Tonga,05/08/2023,15:00,13,9,34,9,27,9,70,Apia Park,-1,NA,1,2023,22,10,Fly Half,0,,0,,271,Angus Gardner,1000642,Damon Murphy,1000613,Matthew Kellahan,-1,,3,International,N,L
1834,937717,28913,Otumaka Mausia,750,Tonga,5642.36,5644.16,6152,2,55,54,101,66,4,Kick,347,Touch Kick,196,Error - Territorial Loss,148,Penalty Kick,0,,0,,0,,0,,0,,0,,0,,45,47,0,0,1899-12-30T01:34:13Z,1,54,0,0,18,950,Samoa,750,Tonga,05/08/2023,15:00,13,9,34,9,27,9,70,Apia Park,-1,NA,1,2023,22,10,Fly Half,0,,0,,271,Angus Gardner,1000642,Damon Murphy,1000613,Matthew Kellahan,-1,,3,International,N,L
1835,937717,22231,Ed Fidow,950,Samoa,5644.16,5644.16,6154,2,-1,2,0,0,18,Collection,275,Restart Catch,277,Success,0,,0,,0,,0,,0,,0,,0,,0,,0,0,0,0,1899-12-30T01:34:14Z,1,55,0,0,18,950,Samoa,750,Tonga,05/08/2023,15:00,13,9,34,9,27,9,70,Apia Park,-1,NA,1,2023,11,11,Left Wing,0,,0,,271,Angus Gardner,1000642,Damon Murphy,1000613,Matthew Kellahan,-1,,3,International,Y,W
1836,937717,0,,950,Samoa,5644.16,5644.16,6154,2,-1,2,0,0,45,Defensive Exits,630,Kicked out of 22,0,,0,,0,,0,,0,,0,,0,,0,,0,,0,0,0,0,1899-12-30T01:34:14Z,1,55,0,0,18,950,Samoa,750,Tonga,05/08/2023,15:00,13,9,34,9,27,9,70,Apia Park,-1,NA,1,2023,,,,0,,0,,271,Angus Gardner,1000642,Damon Murphy,1000613,Matthew Kellahan,-1,,3,International,Y,W
1837,937717,22231,Ed Fidow,950,Samoa,5644.88,5645.92,6155,2,-1,2,-3,16,3,Pass,169,Complete,0,,686,Medium Pass,682,Right Pass,700,0th Receiver,0,,0,,0,,0,,0,,14,15,2,0,1899-12-30T01:34:15Z,1,55,0,0,18,950,Samoa,750,Tonga,05/08/2023,15:00,13,9,34,9,27,9,70,Apia Park,-1,NA,1,2023,11,11,Left Wing,0,,0,,271,Angus Gardner,1000642,Damon Murphy,1000613,Matthew Kellahan,-1,,3,International,Y,W
1838,937717,10552,Tim Nanai-Williams,950,Samoa,5645.92,5645.92,6156,2,-3,16,0,0,18,Collection,631,General Catch,0,,0,,0,,0,,0,,0,,0,,0,,0,,0,0,0,0,1899-12-30T01:34:20Z,1,55,0,0,18,950,Samoa,750,Tonga,05/08/2023,15:00,13,9,34,9,27,9,70,Apia Park,-1,NA,1,2023,15,15,Full Back,0,,0,,271,Angus Gardner,1000642,Damon Murphy,1000613,Matthew Kellahan,-1,,3,International,Y,W
1839,937717,10552,Tim Nanai-Williams,950,Samoa,5645.92,5649.68,6156,2,-3,16,13,19,1,Carry,104,Kick Return,120,Kick,109,Crossed Gain line,0,,500,0 Tacklers Committed,701,1st Receiver,0,,0,,0,,0,,13,16,0,0,1899-12-30T01:34:20Z,1,55,0,0,18,950,Samoa,750,Tonga,05/08/2023,15:00,13,9,34,9,27,9,70,Apia Park,-1,NA,1,2023,15,15,Full Back,0,,0,,271,Angus Gardner,1000642,Damon Murphy,1000613,Matthew Kellahan,-1,,3,International,Y,W
1840,937717,10552,Tim Nanai-Williams,950,Samoa,5649.68,5652.44,6200,2,13,19,43,0,4,Kick,347,Touch Kick,193,Kick in Touch (Full),186,Kick in Play (Own 22),0,,0,,0,,0,,0,,0,,0,,30,36,0,0,1899-12-30T01:34:20Z,1,55,0,0,18,950,Samoa,750,Tonga,05/08/2023,15:00,13,9,34,9,27,9,70,Apia Park,-1,NA,1,2023,15,15,Full Back,0,,0,,271,Angus Gardner,1000642,Damon Murphy,1000613,Matthew Kellahan,-1,,3,International,Y,W
1841,937717,0,,750,Tonga,5642.36,5652.44,6202,2,55,54,57,68,26,Sequences,780,Penalty Kick Touch,315,Kick Out of Play,0,,0,,0,,0,,0,,0,,0,,0,,2,0,0,0,1899-12-30T01:34:13Z,1,55,0,0,18,950,Samoa,750,Tonga,05/08/2023,15:00,13,9,34,9,27,9,70,Apia Park,-1,NA,1,2023,,,,0,,0,,271,Angus Gardner,1000642,Damon Murphy,1000613,Matthew Kellahan,-1,,3,International,N,L
1842,937717,0,,950,Samoa,5644.16,5652.44,6202,2,-1,2,43,0,15,Possession,311,Kick Return,315,Kick Out of Play,0,,684,Fails to enter into Opposition 22,0,,0,,0,,0,,0,,0,,43,0,0,0,1899-12-30T01:34:14Z,1,55,0,0,18,950,Samoa,750,Tonga,05/08/2023,15:00,13,9,34,9,27,9,70,Apia Park,-1,NA,1,2023,,,,0,,0,,271,Angus Gardner,1000642,Damon Murphy,1000613,Matthew Kellahan,-1,,3,International,Y,W
1843,937717,17144,Paula Ngauamo,750,Tonga,5677.72,5678.84,6228,2,57,68,57,62,6,Lineout Throw,372,Throw Middle,417,Lost Handling Error,211,Off The Top,0,7,676,N/A Movement Lineout,732,7 Players,724,Halfback in Position,0,,0,,0,,6,0,0,0,1899-12-30T01:34:48Z,1,55,0,0,18,950,Samoa,750,Tonga,05/08/2023,15:00,13,9,34,9,27,9,70,Apia Park,-1,NA,1,2023,16,2,Hooker,0,,0,,271,Angus Gardner,1000642,Damon Murphy,1000613,Matthew Kellahan,-1,,3,International,N,L
1844,937717,28270,Tanginoa Halaifonua,750,Tonga,5678.84,5678.84,6229,2,57,62,0,0,8,Turnover,254,Dropped Ball Unforced,677,Error on Attack,0,,0,,0,,0,,0,,0,,0,,0,,0,0,0,0,1899-12-30T01:34:49Z,1,55,0,0,18,950,Samoa,750,Tonga,05/08/2023,15:00,13,9,34,9,27,9,70,Apia Park,-1,NA,1,2023,06,6,Blindside Flanker,0,,0,,271,Angus Gardner,1000642,Damon Murphy,1000613,Matthew Kellahan,-1,,3,International,N,L
1845,937717,20766,Chris Vui,950,Samoa,5679.40,5679.40,6229,2,43,10,0,0,18,Collection,274,Defensive Loose Ball,277,Success,0,,0,,0,,0,,0,,0,,0,,0,,0,0,0,0,1899-12-30T01:34:50Z,1,56,0,0,18,950,Samoa,750,Tonga,05/08/2023,15:00,13,9,34,9,27,9,70,Apia Park,-1,NA,1,2023,05,5,Lock (5),0,,0,,271,Angus Gardner,1000642,Damon Murphy,1000613,Matthew Kellahan,-1,,3,International,Y,W
1846,937717,20766,Chris Vui,950,Samoa,5679.40,5682.68,6229,2,43,10,52,14,1,Carry,103,Other Carry,107,Tackled Dominant,109,Crossed Gain line,460,Dominant Contact,502,2 Tacklers Committed,700,0th Receiver,0,,0,,0,,0,,9,9,4,4,1899-12-30T01:34:50Z,1,56,0,0,18,950,Samoa,750,Tonga,05/08/2023,15:00,13,9,34,9,27,9,70,Apia Park,-1,NA,1,2023,05,5,Lock (5),0,,0,,271,Angus Gardner,1000642,Damon Murphy,1000613,Matthew Kellahan,-1,,3,International,Y,W
1847,937717,29249,Sione Havili Talitui,750,Tonga,5681.80,5681.80,6232,2,52,56,0,0,2,Tackle,144,Line,160,Passive,0,,475,Ineffective Tackle,708,1st Tackler,0,,0,,0,,0,,0,,0,0,0,0,1899-12-30T01:34:53Z,1,56,0,0,18,950,Samoa,750,Tonga,05/08/2023,15:00,13,9,34,9,27,9,70,Apia Park,-1,NA,1,2023,07,7,Openside Flanker,0,,0,,271,Angus Gardner,1000642,Damon Murphy,1000613,Matthew Kellahan,-1,,3,International,N,L
1848,937717,26114,Leva Fifita,750,Tonga,5682.04,5682.04,6232,2,52,56,0,0,2,Tackle,147,Other,160,Passive,441,Assist,475,Ineffective Tackle,709,2nd Tackler,0,,0,,0,,0,,0,,0,0,0,0,1899-12-30T01:34:53Z,1,56,0,0,18,950,Samoa,750,Tonga,05/08/2023,15:00,13,9,34,9,27,9,70,Apia Park,-1,NA,1,2023,04,4,Lock (4),0,,0,,271,Angus Gardner,1000642,Damon Murphy,1000613,Matthew Kellahan,-1,,3,International,N,L
1849,937717,36012,Manu Paea,750,Tonga,5682.20,5682.20,6232,2,52,56,0,0,40,Defensive Action,560,Tackle Arrival,0,,0,,0,,0,,0,,0,,0,,0,,0,,0,0,0,0,1899-12-30T01:34:53Z,1,56,0,0,18,950,Samoa,750,Tonga,05/08/2023,15:00,13,9,34,9,27,9,70,Apia Park,-1,NA,1,2023,21,9,Scrum Half,0,,0,,271,Angus Gardner,1000642,Damon Murphy,1000613,Matthew Kellahan,-1,,3,International,N,L
1850,937717,20766,Chris Vui,950,Samoa,5682.68,5683.96,6233,2,52,14,0,0,23,Ruck,0,,401,Won Outright,551,N/A Gainline,553,1-2 Seconds,660,Wide Right Open Movement Ruck,0,,0,,0,,0,,0,,0,0,24,49,1899-12-30T01:34:53Z,1,56,0,0,18,950,Samoa,750,Tonga,05/08/2023,15:00,13,9,34,9,27,9,70,Apia Park,-1,NA,1,2023,05,5,Lock (5),0,,0,,271,Angus Gardner,1000642,Damon Murphy,1000613,Matthew Kellahan,-1,,3,International,Y,W
1851,937717,0,,950,Samoa,5682.84,5682.84,6233,2,51,14,0,0,20,Ref Review,245,Advantage,0,,0,,0,,0,,0,,0,,0,,0,,0,,0,0,0,0,1899-12-30T01:34:52Z,1,56,0,0,18,950,Samoa,750,Tonga,05/08/2023,15:00,13,9,34,9,27,9,70,Apia Park,-1,NA,1,2023,,,,0,,0,,271,Angus Gardner,1000642,Damon Murphy,1000613,Matthew Kellahan,-1,,3,International,Y,W
1852,937717,17201,Paul Alo-Emile,950,Samoa,5683.68,5683.68,6234,2,51,14,0,0,43,Ruck OOA,572,Cleaned Out,583,Own Team 1st Entry,588,OOA Entry 1st Entry- Att,632,Attacking OOA,0,1,0,,0,,0,,0,,0,,0,0,0,0,1899-12-30T01:34:53Z,1,56,0,0,18,950,Samoa,750,Tonga,05/08/2023,15:00,13,9,34,9,27,9,70,Apia Park,-1,NA,1,2023,18,3,Tighthead Prop,0,,0,,271,Angus Gardner,1000642,Damon Murphy,1000613,Matthew Kellahan,-1,,3,International,Y,W
1853,937717,36890,Theo McFarland,950,Samoa,5683.92,5683.92,6234,2,51,14,0,0,43,Ruck OOA,574,Secured,584,Own Team 2nd Entry,589,OOA Entry 2nd Entry- Att,632,Attacking OOA,0,2,0,,0,,0,,0,,0,,0,0,0,0,1899-12-30T01:34:53Z,1,56,0,0,18,950,Samoa,750,Tonga,05/08/2023,15:00,13,9,34,9,27,9,70,Apia Park,-1,NA,1,2023,19,4,Lock (4),0,,0,,271,Angus Gardner,1000642,Damon Murphy,1000613,Matthew Kellahan,-1,,3,International,Y,W
1854,937717,23395,Melani Matavao,950,Samoa,5683.96,5683.96,6234,2,51,14,0,0,18,Collection,631,General Catch,0,,0,,0,,0,,0,,0,,0,,0,,0,,0,0,0,0,1899-12-30T01:34:55Z,2,56,0,0,18,950,Samoa,750,Tonga,05/08/2023,15:00,13,9,34,9,27,9,70,Apia Park,-1,NA,1,2023,21,9,Scrum Half,0,,0,,271,Angus Gardner,1000642,Damon Murphy,1000613,Matthew Kellahan,-1,,3,International,Y,W
1855,937717,23395,Melani Matavao,950,Samoa,5683.96,5683.96,6234,2,51,14,0,0,47,Playmaker Options,671,Halfback at Breakdown,675,Playmaker Option - Pass,0,,0,,0,,0,,0,,0,,0,,0,,0,0,0,0,1899-12-30T01:34:55Z,2,56,0,0,18,950,Samoa,750,Tonga,05/08/2023,15:00,13,9,34,9,27,9,70,Apia Park,-1,NA,1,2023,21,9,Scrum Half,0,,0,,271,Angus Gardner,1000642,Damon Murphy,1000613,Matthew Kellahan,-1,,3,International,Y,W
1856,937717,23395,Melani Matavao,950,Samoa,5684.76,5685.60,6235,2,51,14,44,21,3,Pass,169,Complete,0,,686,Medium Pass,682,Right Pass,700,0th Receiver,0,,0,,0,,0,,0,,8,10,6,0,1899-12-30T01:34:55Z,2,56,0,0,18,950,Samoa,750,Tonga,05/08/2023,15:00,13,9,34,9,27,9,70,Apia Park,-1,NA,1,2023,21,9,Scrum Half,0,,0,,271,Angus Gardner,1000642,Damon Murphy,1000613,Matthew Kellahan,-1,,3,International,Y,W
1857,937717,43727,Miracle Faiilagi,950,Samoa,5685.16,5685.16,6235,2,51,14,0,0,10,Attacking Qualities,528,Decoy,0,,0,,0,,0,,0,,0,,0,,0,,0,,0,0,0,0,1899-12-30T01:34:55Z,2,56,0,0,18,950,Samoa,750,Tonga,05/08/2023,15:00,13,9,34,9,27,9,70,Apia Park,-1,NA,1,2023,06,6,Blindside Flanker,0,,0,,271,Angus Gardner,1000642,Damon Murphy,1000613,Matthew Kellahan,-1,,3,International,Y,W
1858,937717,18506,Steven Luatua,950,Samoa,5685.60,5685.60,6236,2,44,21,0,0,18,Collection,631,General Catch,0,,0,,0,,0,,0,,0,,0,,0,,0,,0,0,0,0,1899-12-30T01:34:57Z,2,56,0,0,18,950,Samoa,750,Tonga,05/08/2023,15:00,13,9,34,9,27,9,70,Apia Park,-1,NA,1,2023,08,8,Number 8,0,,0,,271,Angus Gardner,1000642,Damon Murphy,1000613,Matthew Kellahan,-1,,3,International,Y,W
1859,937717,18506,Steven Luatua,950,Samoa,5685.60,5685.60,6236,2,44,21,0,0,47,Playmaker Options,656,First Receiver,675,Playmaker Option - Pass,0,,0,,0,,0,,0,,0,,0,,0,,0,0,0,0,1899-12-30T01:34:57Z,2,56,0,0,18,950,Samoa,750,Tonga,05/08/2023,15:00,13,9,34,9,27,9,70,Apia Park,-1,NA,1,2023,08,8,Number 8,0,,0,,271,Angus Gardner,1000642,Damon Murphy,1000613,Matthew Kellahan,-1,,3,International,Y,W
1860,937717,18506,Steven Luatua,950,Samoa,5686.24,5686.92,6236,2,45,23,39,33,3,Pass,169,Complete,0,,686,Medium Pass,682,Right Pass,701,1st Receiver,0,,0,,0,,0,,0,,10,11,5,0,1899-12-30T01:34:57Z,2,56,0,0,18,950,Samoa,750,Tonga,05/08/2023,15:00,13,9,34,9,27,9,70,Apia Park,-1,NA,1,2023,08,8,Number 8,0,,0,,271,Angus Gardner,1000642,Damon Murphy,1000613,Matthew Kellahan,-1,,3,International,Y,W
1861,937717,9023,Christian Leali'ifano,950,Samoa,5686.92,5686.92,6237,2,39,33,0,0,18,Collection,631,General Catch,0,,0,,0,,0,,0,,0,,0,,0,,0,,0,0,0,0,1899-12-30T01:34:58Z,2,56,0,0,18,950,Samoa,750,Tonga,05/08/2023,15:00,13,9,34,9,27,9,70,Apia Park,-1,NA,1,2023,22,10,Fly Half,0,,0,,271,Angus Gardner,1000642,Damon Murphy,1000613,Matthew Kellahan,-1,,3,International,Y,W
1862,937717,9023,Christian Leali'ifano,950,Samoa,5686.92,5686.92,6237,2,39,33,0,0,47,Playmaker Options,657,Second Receiver,675,Playmaker Option - Pass,0,,0,,0,,0,,0,,0,,0,,0,,0,0,0,0,1899-12-30T01:34:58Z,2,56,0,0,18,950,Samoa,750,Tonga,05/08/2023,15:00,13,9,34,9,27,9,70,Apia Park,-1,NA,1,2023,22,10,Fly Half,0,,0,,271,Angus Gardner,1000642,Damon Murphy,1000613,Matthew Kellahan,-1,,3,International,Y,W
1863,937717,9023,Christian Leali'ifano,950,Samoa,5687.84,5689.44,6238,2,44,38,39,57,3,Pass,174,Incomplete,0,,680,Long Pass,682,Right Pass,702,2nd Receiver,0,,0,,0,,0,,0,,19,20,6,0,1899-12-30T01:34:58Z,2,56,0,0,18,950,Samoa,750,Tonga,05/08/2023,15:00,13,9,34,9,27,9,70,Apia Park,-1,NA,1,2023,22,10,Fly Half,0,,0,,271,Angus Gardner,1000642,Damon Murphy,1000613,Matthew Kellahan,-1,,3,International,Y,W
1864,937717,10552,Tim Nanai-Williams,950,Samoa,5689.44,5689.44,6239,2,39,57,0,0,18,Collection,272,Attacking Loose Ball,277,Success,0,,0,,0,,0,,0,,0,,0,,0,,0,0,0,0,1899-12-30T01:35:00Z,2,56,0,0,18,950,Samoa,750,Tonga,05/08/2023,15:00,13,9,34,9,27,9,70,Apia Park,-1,NA,1,2023,15,15,Full Back,0,,0,,271,Angus Gardner,1000642,Damon Murphy,1000613,Matthew Kellahan,-1,,3,International,Y,W
1865,937717,10552,Tim Nanai-Williams,950,Samoa,5689.44,5689.44,6239,2,39,57,0,0,47,Playmaker Options,658,Third Receiver,673,Playmaker Option - Carry,0,,0,,0,,0,,0,,0,,0,,0,,0,0,0,0,1899-12-30T01:35:00Z,2,56,0,0,18,950,Samoa,750,Tonga,05/08/2023,15:00,13,9,34,9,27,9,70,Apia Park,-1,NA,1,2023,15,15,Full Back,0,,0,,271,Angus Gardner,1000642,Damon Murphy,1000613,Matthew Kellahan,-1,,3,International,Y,W
1866,937717,10552,Tim Nanai-Williams,950,Samoa,5689.44,5691.12,6239,2,39,57,48,59,1,Carry,103,Other Carry,121,Pass,111,Failed Gain line,0,,500,0 Tacklers Committed,703,3rd Receiver,0,,0,,0,,0,,0,9,0,0,1899-12-30T01:35:00Z,2,56,0,0,18,950,Samoa,750,Tonga,05/08/2023,15:00,13,9,34,9,27,9,70,Apia Park,-1,NA,1,2023,15,15,Full Back,0,,0,,271,Angus Gardner,1000642,Damon Murphy,1000613,Matthew Kellahan,-1,,3,International,Y,W
1867,937717,10552,Tim Nanai-Williams,950,Samoa,5691.12,5691.76,6241,2,48,59,45,63,3,Pass,169,Complete,0,,679,Short Pass,682,Right Pass,703,3rd Receiver,0,,0,,0,,0,,0,,4,5,2,0,1899-12-30T01:35:02Z,2,56,0,0,18,950,Samoa,750,Tonga,05/08/2023,15:00,13,9,34,9,27,9,70,Apia Park,-1,NA,1,2023,15,15,Full Back,0,,0,,271,Angus Gardner,1000642,Damon Murphy,1000613,Matthew Kellahan,-1,,3,International,Y,W
1868,937717,22603,Duncan Paia'aua,950,Samoa,5691.76,5691.76,6242,2,45,63,0,0,18,Collection,631,General Catch,0,,0,,0,,0,,0,,0,,0,,0,,0,,0,0,0,0,1899-12-30T01:35:03Z,2,56,0,0,18,950,Samoa,750,Tonga,05/08/2023,15:00,13,9,34,9,27,9,70,Apia Park,-1,NA,1,2023,12,12,Inside Centre,0,,0,,271,Angus Gardner,1000642,Damon Murphy,1000613,Matthew Kellahan,-1,,3,International,Y,W
1869,937717,22603,Duncan Paia'aua,950,Samoa,5691.76,5692.56,6242,2,45,63,53,65,1,Carry,103,Other Carry,121,Pass,109,Crossed Gain line,0,,500,0 Tacklers Committed,704,4th Receiver,0,,0,,0,,0,,1,8,0,0,1899-12-30T01:35:03Z,2,56,0,0,18,950,Samoa,750,Tonga,05/08/2023,15:00,13,9,34,9,27,9,70,Apia Park,-1,NA,1,2023,12,12,Inside Centre,0,,0,,271,Angus Gardner,1000642,Damon Murphy,1000613,Matthew Kellahan,-1,,3,International,Y,W
1870,937717,22603,Duncan Paia'aua,950,Samoa,5692.56,5693.08,6243,2,53,65,52,66,3,Pass,169,Complete,0,,679,Short Pass,682,Right Pass,704,4th Receiver,0,,0,,0,,0,,0,,0,1,1,0,1899-12-30T01:35:04Z,2,56,0,0,18,950,Samoa,750,Tonga,05/08/2023,15:00,13,9,34,9,27,9,70,Apia Park,-1,NA,1,2023,12,12,Inside Centre,0,,0,,271,Angus Gardner,1000642,Damon Murphy,1000613,Matthew Kellahan,-1,,3,International,Y,W
1871,937717,20546,Nigel Ah Wong,950,Samoa,5693.08,5693.08,6243,2,52,66,0,0,18,Collection,631,General Catch,0,,0,,0,,0,,0,,0,,0,,0,,0,,0,0,0,0,1899-12-30T01:35:05Z,2,56,0,0,18,950,Samoa,750,Tonga,05/08/2023,15:00,13,9,34,9,27,9,70,Apia Park,-1,NA,1,2023,14,14,Right Wing,0,,0,,271,Angus Gardner,1000642,Damon Murphy,1000613,Matthew Kellahan,-1,,3,International,Y,W
1872,937717,20546,Nigel Ah Wong,950,Samoa,5693.08,5696.04,6243,2,52,66,57,64,1,Carry,103,Other Carry,122,Off Load,109,Crossed Gain line,461,Neutral Contact,502,2 Tacklers Committed,705,5th+ Receiver,0,,0,,0,,0,,4,5,1,1,1899-12-30T01:35:05Z,2,56,0,0,18,950,Samoa,750,Tonga,05/08/2023,15:00,13,9,34,9,27,9,70,Apia Park,-1,NA,1,2023,14,14,Right Wing,0,,0,,271,Angus Gardner,1000642,Damon Murphy,1000613,Matthew Kellahan,-1,,3,International,Y,W
1873,937717,18936,Pita Ahki,750,Tonga,5694.76,5694.76,6245,2,45,4,0,0,2,Tackle,146,Edge,155,Offload Allowed,0,,474,Neutral Tackle,708,1st Tackler,0,,0,,0,,0,,0,,0,0,0,0,1899-12-30T01:35:06Z,2,56,0,0,18,950,Samoa,750,Tonga,05/08/2023,15:00,13,9,34,9,27,9,70,Apia Park,-1,NA,1,2023,12,12,Inside Centre,0,,0,,271,Angus Gardner,1000642,Damon Murphy,1000613,Matthew Kellahan,-1,,3,International,N,L
1874,937717,28913,Otumaka Mausia,750,Tonga,5694.92,5694.92,6245,2,45,4,0,0,2,Tackle,144,Line,155,Offload Allowed,441,Assist,474,Neutral Tackle,709,2nd Tackler,0,,0,,0,,0,,0,,0,0,0,0,1899-12-30T01:35:07Z,2,56,0,0,18,950,Samoa,750,Tonga,05/08/2023,15:00,13,9,34,9,27,9,70,Apia Park,-1,NA,1,2023,22,10,Fly Half,0,,0,,271,Angus Gardner,1000642,Damon Murphy,1000613,Matthew Kellahan,-1,,3,International,N,L
1875,937717,20546,Nigel Ah Wong,950,Samoa,5696.04,5696.68,6246,2,57,64,56,63,3,Pass,172,Break,128,Own Player,679,Short Pass,681,Left Pass,705,5th+ Receiver,0,,0,,0,,0,,0,,1,1,1,0,1899-12-30T01:35:07Z,2,56,0,0,18,950,Samoa,750,Tonga,05/08/2023,15:00,13,9,34,9,27,9,70,Apia Park,-1,NA,1,2023,14,14,Right Wing,0,,0,,271,Angus Gardner,1000642,Damon Murphy,1000613,Matthew Kellahan,-1,,3,International,Y,W
1876,937717,20546,Nigel Ah Wong,950,Samoa,5696.20,5696.20,6246,2,57,64,0,0,10,Attacking Qualities,527,Break Assist,0,,0,,0,,0,,0,,0,,0,,0,,0,,0,0,0,0,1899-12-30T01:35:07Z,2,56,0,0,18,950,Samoa,750,Tonga,05/08/2023,15:00,13,9,34,9,27,9,70,Apia Park,-1,NA,1,2023,14,14,Right Wing,0,,0,,271,Angus Gardner,1000642,Damon Murphy,1000613,Matthew Kellahan,-1,,3,International,Y,W
1877,937717,1927,Fritz Lee,950,Samoa,5696.68,5696.68,6247,2,56,63,0,0,18,Collection,631,General Catch,0,,0,,0,,0,,0,,0,,0,,0,,0,,0,0,0,0,1899-12-30T01:35:09Z,2,56,0,0,18,950,Samoa,750,Tonga,05/08/2023,15:00,13,9,34,9,27,9,70,Apia Park,-1,NA,1,2023,20,8,Number 8,0,,0,,271,Angus Gardner,1000642,Damon Murphy,1000613,Matthew Kellahan,-1,,3,International,Y,W
1878,937717,1927,Fritz Lee,950,Samoa,5696.68,5700.64,6247,2,56,63,76,61,1,Carry,106,Support Carry,108,Tackled Neutral,109,Crossed Gain line,461,Neutral Contact,501,1 Tacklers Committed,705,5th+ Receiver,0,,0,,0,,0,,19,20,1,1,1899-12-30T01:35:09Z,2,56,0,0,18,950,Samoa,750,Tonga,05/08/2023,15:00,13,9,34,9,27,9,70,Apia Park,-1,NA,1,2023,20,8,Number 8,0,,0,,271,Angus Gardner,1000642,Damon Murphy,1000613,Matthew Kellahan,-1,,3,International,Y,W
1879,937717,1927,Fritz Lee,950,Samoa,5697.28,5697.28,6247,2,56,63,0,0,10,Attacking Qualities,112,Initial Break,530,Line Break,0,,0,,0,,0,,0,,0,,0,,0,,0,0,0,0,1899-12-30T01:35:07Z,2,56,0,0,18,950,Samoa,750,Tonga,05/08/2023,15:00,13,9,34,9,27,9,70,Apia Park,-1,NA,1,2023,20,8,Number 8,0,,0,,271,Angus Gardner,1000642,Damon Murphy,1000613,Matthew Kellahan,-1,,3,International,Y,W
1880,937717,9726,Afusipa Taumoepeau,750,Tonga,5699.76,5699.76,6250,2,25,4,0,0,2,Tackle,143,Cover,157,Pen Conceded,0,,474,Neutral Tackle,708,1st Tackler,0,,0,,0,,0,,0,,0,0,0,0,1899-12-30T01:35:10Z,2,56,0,0,18,950,Samoa,750,Tonga,05/08/2023,15:00,13,9,34,9,27,9,70,Apia Park,-1,NA,1,2023,11,11,Left Wing,0,,0,,271,Angus Gardner,1000642,Damon Murphy,1000613,Matthew Kellahan,-1,,3,International,N,L
1881,937717,1927,Fritz Lee,950,Samoa,5700.64,5707.92,6251,2,76,61,0,0,23,Ruck,0,,403,Penalty Won,548,Over Previous Gainline,559,N/A Ruck Speed,676,N/A Movement Ruck,0,,0,,0,,0,,0,,0,0,0,0,1899-12-30T01:35:11Z,2,56,0,0,18,950,Samoa,750,Tonga,05/08/2023,15:00,13,9,34,9,27,9,70,Apia Park,-1,NA,1,2023,20,8,Number 8,0,,0,,271,Angus Gardner,1000642,Damon Murphy,1000613,Matthew Kellahan,-1,,3,International,Y,W
1882,937717,23395,Melani Matavao,950,Samoa,5701.48,5701.48,6252,2,76,61,0,0,43,Ruck OOA,574,Secured,583,Own Team 1st Entry,588,OOA Entry 1st Entry- Att,632,Attacking OOA,0,1,0,,0,,0,,0,,0,,0,0,0,0,1899-12-30T01:35:05Z,2,56,0,0,18,950,Samoa,750,Tonga,05/08/2023,15:00,13,9,34,9,27,9,70,Apia Park,-1,NA,1,2023,21,9,Scrum Half,0,,0,,271,Angus Gardner,1000642,Damon Murphy,1000613,Matthew Kellahan,-1,,3,International,Y,W
1883,937717,19128,George Moala,750,Tonga,5701.60,5701.60,6252,2,24,7,0,0,43,Ruck OOA,577,Not Clearing,583,Own Team 1st Entry,603,OOA Entry 1st Entry- Def,633,Defensive OOA,0,1,0,,0,,0,,0,,0,,0,0,0,0,1899-12-30T01:35:05Z,2,56,0,0,18,950,Samoa,750,Tonga,05/08/2023,15:00,13,9,34,9,27,9,70,Apia Park,-1,NA,1,2023,13,13,Outside Centre,0,,0,,271,Angus Gardner,1000642,Damon Murphy,1000613,Matthew Kellahan,-1,,3,International,N,L
1884,937717,22603,Duncan Paia'aua,950,Samoa,5702.28,5702.28,6252,2,76,61,0,0,43,Ruck OOA,574,Secured,584,Own Team 2nd Entry,589,OOA Entry 2nd Entry- Att,632,Attacking OOA,0,2,0,,0,,0,,0,,0,,0,0,0,0,1899-12-30T01:35:06Z,2,56,0,0,18,950,Samoa,750,Tonga,05/08/2023,15:00,13,9,34,9,27,9,70,Apia Park,-1,NA,1,2023,12,12,Inside Centre,0,,0,,271,Angus Gardner,1000642,Damon Murphy,1000613,Matthew Kellahan,-1,,3,International,Y,W
1885,937717,10552,Tim Nanai-Williams,950,Samoa,5706.64,5706.64,6257,2,76,61,0,0,43,Ruck OOA,575,Attended,585,Own Team 3rd Entry,590,OOA Entry 3rd Entry- Att,632,Attacking OOA,0,3,0,,0,,0,,0,,0,,0,0,0,0,1899-12-30T01:35:10Z,2,56,0,0,18,950,Samoa,750,Tonga,05/08/2023,15:00,13,9,34,9,27,9,70,Apia Park,-1,NA,1,2023,15,15,Full Back,0,,0,,271,Angus Gardner,1000642,Damon Murphy,1000613,Matthew Kellahan,-1,,3,International,Y,W
1886,937717,9726,Afusipa Taumoepeau,750,Tonga,5706.80,5706.80,6257,2,24,7,0,0,7,Penalty Conceded,225,Not Rolling Away,236,No Action,215,Defence,233,Full Penalty,0,,0,,0,,0,,0,,0,,0,0,0,0,1899-12-30T01:35:14Z,2,56,0,0,18,950,Samoa,750,Tonga,05/08/2023,15:00,13,9,34,9,27,9,70,Apia Park,-1,NA,1,2023,11,11,Left Wing,0,,0,,271,Angus Gardner,1000642,Damon Murphy,1000613,Matthew Kellahan,-1,,3,International,N,L
1887,937717,0,,750,Tonga,5677.72,5707.92,6258,2,57,68,24,7,26,Sequences,348,Lineout Steal,316,Pen Won,0,,0,,0,,0,,0,,0,,0,,0,,-33,0,0,0,1899-12-30T01:34:48Z,2,56,0,0,18,950,Samoa,750,Tonga,05/08/2023,15:00,13,9,34,9,27,9,70,Apia Park,-1,NA,1,2023,,,,0,,0,,271,Angus Gardner,1000642,Damon Murphy,1000613,Matthew Kellahan,-1,,3,International,N,L
1888,937717,0,,950,Samoa,5679.40,5707.92,6258,2,43,10,76,61,15,Possession,348,Lineout Steal,316,Pen Won,112,Initial Break,684,Fails to enter into Opposition 22,0,,0,,0,,0,,0,,0,,33,0,0,0,1899-12-30T01:34:50Z,2,56,0,0,18,950,Samoa,750,Tonga,05/08/2023,15:00,13,9,34,9,27,9,70,Apia Park,-1,NA,1,2023,,,,0,,0,,271,Angus Gardner,1000642,Damon Murphy,1000613,Matthew Kellahan,-1,,3,International,Y,W
1889,937717,23395,Melani Matavao,950,Samoa,5710.12,5710.12,6300,2,76,59,0,0,18,Collection,631,General Catch,0,,0,,0,,0,,0,,0,,0,,0,,0,,0,0,0,0,1899-12-30T01:35:25Z,1,57,0,0,18,950,Samoa,750,Tonga,05/08/2023,15:00,13,9,34,9,27,9,70,Apia Park,-1,NA,1,2023,21,9,Scrum Half,0,,0,,271,Angus Gardner,1000642,Damon Murphy,1000613,Matthew Kellahan,-1,,3,International,Y,W
1890,937717,23395,Melani Matavao,950,Samoa,5710.12,5715.40,6300,2,76,59,104,55,1,Carry,103,Other Carry,117,Try Scored,109,Crossed Gain line,0,,501,1 Tacklers Committed,700,0th Receiver,0,,0,,0,,0,,24,29,15,0,1899-12-30T01:35:25Z,1,57,0,0,18,950,Samoa,750,Tonga,05/08/2023,15:00,13,9,34,9,27,9,70,Apia Park,-1,NA,1,2023,21,9,Scrum Half,0,,0,,271,Angus Gardner,1000642,Damon Murphy,1000613,Matthew Kellahan,-1,,3,International,Y,W
1891,937717,23395,Melani Matavao,950,Samoa,5711.44,5711.44,6301,2,81,61,0,0,10,Attacking Qualities,112,Initial Break,530,Line Break,0,,0,,0,,0,,0,,0,,0,,0,,0,0,0,0,1899-12-30T01:35:22Z,1,57,0,0,18,950,Samoa,750,Tonga,05/08/2023,15:00,13,9,34,9,27,9,70,Apia Park,-1,NA,1,2023,21,9,Scrum Half,0,,0,,271,Angus Gardner,1000642,Damon Murphy,1000613,Matthew Kellahan,-1,,3,International,Y,W
1892,937717,0,,950,Samoa,5711.44,5715.40,6301,2,81,61,104,55,46,Attacking 22 Entry,645,22 Entry Outcome - Try,650,22 Entry Points - Try and Conversion,0,,0,,0,,0,,0,,0,,0,,0,,0,0,0,0,1899-12-30T01:35:22Z,1,57,0,0,18,950,Samoa,750,Tonga,05/08/2023,15:00,13,9,34,9,27,9,70,Apia Park,-1,NA,1,2023,,,,0,,0,,271,Angus Gardner,1000642,Damon Murphy,1000613,Matthew Kellahan,-1,,3,International,Y,W
1893,937717,21155,Vaea Fifita,750,Tonga,5712.44,5712.44,6302,2,11,7,0,0,2,Tackle,143,Cover,161,Missed,0,,475,Ineffective Tackle,708,1st Tackler,0,,0,,0,,0,,0,,0,0,0,0,1899-12-30T01:35:24Z,1,57,0,0,18,950,Samoa,750,Tonga,05/08/2023,15:00,13,9,34,9,27,9,70,Apia Park,-1,NA,1,2023,08,8,Number 8,0,,0,,271,Angus Gardner,1000642,Damon Murphy,1000613,Matthew Kellahan,-1,,3,International,N,L
1894,937717,21155,Vaea Fifita,750,Tonga,5712.44,5712.44,6302,2,11,7,0,0,12,Missed Tackle,163,Stepped,168,Try,0,,0,,0,,0,,0,,0,,0,,0,,0,0,0,0,1899-12-30T01:35:24Z,1,57,0,0,18,950,Samoa,750,Tonga,05/08/2023,15:00,13,9,34,9,27,9,70,Apia Park,-1,NA,1,2023,08,8,Number 8,0,,0,,271,Angus Gardner,1000642,Damon Murphy,1000613,Matthew Kellahan,-1,,3,International,N,L
1895,937717,23395,Melani Matavao,950,Samoa,5712.72,5712.72,6303,2,89,61,0,0,10,Attacking Qualities,116,Defender Beaten,0,,0,,0,,0,,0,,0,,0,,0,,0,,0,0,0,0,1899-12-30T01:35:23Z,1,57,0,0,18,950,Samoa,750,Tonga,05/08/2023,15:00,13,9,34,9,27,9,70,Apia Park,-1,NA,1,2023,21,9,Scrum Half,0,,0,,271,Angus Gardner,1000642,Damon Murphy,1000613,Matthew Kellahan,-1,,3,International,Y,W
1896,937717,23395,Melani Matavao,950,Samoa,5715.40,5715.40,6305,2,104,55,0,0,9,Try,0,Try,0,,0,,0,,0,,0,,0,,0,,0,,0,,0,0,0,0,1899-12-30T01:35:26Z,1,57,0,0,23,950,Samoa,750,Tonga,05/08/2023,15:00,13,9,34,9,27,9,70,Apia Park,-1,NA,1,2023,21,9,Scrum Half,0,,0,,271,Angus Gardner,1000642,Damon Murphy,1000613,Matthew Kellahan,-1,,3,International,Y,W
1897,937717,0,,950,Samoa,5710.04,5716.36,6306,2,76,59,104,55,15,Possession,310,Tap Pen,314,Try,112,Initial Break,683,Enters into Opposition 22,0,,0,,0,,0,,0,,0,,24,0,0,0,1899-12-30T01:35:21Z,1,57,0,0,18,950,Samoa,750,Tonga,05/08/2023,15:00,13,9,34,9,27,9,70,Apia Park,-1,NA,1,2023,,,,0,,0,,271,Angus Gardner,1000642,Damon Murphy,1000613,Matthew Kellahan,-1,,3,International,Y,W
1898,937717,0,,950,Samoa,5710.04,5716.36,6306,2,76,59,104,55,26,Sequences,310,Tap Pen,314,Try,0,,0,,0,,0,,0,,0,,0,,0,,24,0,0,0,1899-12-30T01:35:21Z,1,57,0,0,18,950,Samoa,750,Tonga,05/08/2023,15:00,13,9,34,9,27,9,70,Apia Park,-1,NA,1,2023,,,,0,,0,,271,Angus Gardner,1000642,Damon Murphy,1000613,Matthew Kellahan,-1,,3,International,Y,W
1899,937717,25212,D'Angelo Leuila,950,Samoa,5801.52,5804.32,6432,2,71,65,102,32,11,Goal Kick,295,Conversion,299,Goal Kicked,0,,0,,0,,0,,0,,0,,0,,0,,30,43,0,0,1899-12-30T01:36:52Z,1,57,0,0,25,950,Samoa,750,Tonga,05/08/2023,15:00,13,9,34,9,32,9,70,Apia Park,-1,NA,1,2023,10,10,Fly Half,0,,0,,271,Angus Gardner,1000642,Damon Murphy,1000613,Matthew Kellahan,-1,,3,International,Y,W
1900,937717,25212,D'Angelo Leuila,950,Samoa,5811.80,5811.80,6442,2,102,32,0,0,41,Sub Out,562,Tactical,0,,0,,0,,0,,0,,0,,0,,0,,0,,0,0,0,0,1899-12-30T01:37:02Z,1,57,0,-1,25,950,Samoa,750,Tonga,05/08/2023,15:00,13,9,34,9,32,9,70,Apia Park,-1,NA,1,2023,10,10,Fly Half,0,,0,,271,Angus Gardner,1000642,Damon Murphy,1000613,Matthew Kellahan,-1,,3,International,Y,W
1901,937717,27345,Neria Fomai,950,Samoa,5811.84,5811.84,6442,2,102,32,0,0,42,Sub In,562,Tactical,0,,0,,0,,0,,0,,0,,0,,0,,0,,0,0,0,0,1899-12-30T01:37:02Z,1,57,0,0,25,950,Samoa,750,Tonga,05/08/2023,15:00,13,9,34,9,32,9,70,Apia Park,-1,NA,1,2023,23,14,Right Wing,0,,0,,271,Angus Gardner,1000642,Damon Murphy,1000613,Matthew Kellahan,-1,,3,International,Y,W
1902,937717,36012,Manu Paea,750,Tonga,5832.56,5832.56,6503,2,-1,36,0,0,41,Sub Out,563,Injury,0,,0,,0,,0,,0,,0,,0,,0,,0,,0,0,0,0,1899-12-30T01:37:23Z,1,57,0,1,25,950,Samoa,750,Tonga,05/08/2023,15:00,13,9,34,9,34,9,70,Apia Park,-1,NA,1,2023,21,9,Scrum Half,0,,0,,271,Angus Gardner,1000642,Damon Murphy,1000613,Matthew Kellahan,-1,,3,International,N,L
1903,937717,30895,Solomone Funaki,750,Tonga,5832.60,5832.60,6503,2,-1,36,0,0,42,Sub In,563,Injury,0,,0,,0,,0,,0,,0,,0,,0,,0,,0,0,0,0,1899-12-30T01:37:23Z,1,57,0,0,25,950,Samoa,750,Tonga,05/08/2023,15:00,13,9,34,9,34,9,70,Apia Park,-1,NA,1,2023,20,7,Openside Flanker,0,,0,,271,Angus Gardner,1000642,Damon Murphy,1000613,Matthew Kellahan,-1,,3,International,N,L
1904,937717,28913,Otumaka Mausia,750,Tonga,5843.52,5846.76,6514,2,50,34,81,47,14,Restart,281,50m Restart,286,Restart Opp Collection,288,Long,753,Kicked Right,0,,0,,0,,0,,0,,0,,31,34,14,0,1899-12-30T01:37:34Z,1,57,0,0,25,950,Samoa,750,Tonga,05/08/2023,15:00,13,9,34,9,34,9,70,Apia Park,-1,NA,1,2023,22,10,Fly Half,0,,0,,271,Angus Gardner,1000642,Damon Murphy,1000613,Matthew Kellahan,-1,,3,International,N,L
1905,937717,1927,Fritz Lee,950,Samoa,5846.76,5846.76,6517,2,19,21,0,0,18,Collection,275,Restart Catch,277,Success,0,,0,,0,,0,,0,,0,,0,,0,,0,0,0,0,1899-12-30T01:37:37Z,1,58,0,0,25,950,Samoa,750,Tonga,05/08/2023,15:00,13,9,34,9,34,9,70,Apia Park,-1,NA,1,2023,20,8,Number 8,0,,0,,271,Angus Gardner,1000642,Damon Murphy,1000613,Matthew Kellahan,-1,,3,International,Y,W
1906,937717,0,,950,Samoa,5846.76,5846.76,6517,2,19,21,0,0,45,Defensive Exits,630,Kicked out of 22,0,,0,,0,,0,,0,,0,,0,,0,,0,,0,0,0,0,1899-12-30T01:37:37Z,1,58,0,0,25,950,Samoa,750,Tonga,05/08/2023,15:00,13,9,34,9,34,9,70,Apia Park,-1,NA,1,2023,,,,0,,0,,271,Angus Gardner,1000642,Damon Murphy,1000613,Matthew Kellahan,-1,,3,International,Y,W
1907,937717,1927,Fritz Lee,950,Samoa,5846.76,5849.04,6517,2,19,21,14,18,1,Carry,105,Restart Return,409,Tackled Ineffective,111,Failed Gain line,462,Ineffective Contact,501,1 Tacklers Committed,700,0th Receiver,0,,0,,0,,0,,0,0,0,0,1899-12-30T01:37:37Z,1,58,0,0,25,950,Samoa,750,Tonga,05/08/2023,15:00,13,9,34,9,34,9,70,Apia Park,-1,NA,1,2023,20,8,Number 8,0,,0,,271,Angus Gardner,1000642,Damon Murphy,1000613,Matthew Kellahan,-1,,3,International,Y,W
1908,937717,22321,David Lolohea,750,Tonga,5848.80,5848.80,6519,2,81,47,0,0,2,Tackle,142,Chase,159,Sack,0,,473,Dominant Tackle,708,1st Tackler,0,,0,,0,,0,,0,,0,0,0,0,1899-12-30T01:37:40Z,1,58,0,0,25,950,Samoa,750,Tonga,05/08/2023,15:00,13,9,34,9,34,9,70,Apia Park,-1,NA,1,2023,18,3,Tighthead Prop,0,,0,,271,Angus Gardner,1000642,Damon Murphy,1000613,Matthew Kellahan,-1,,3,International,N,L
1909,937717,1927,Fritz Lee,950,Samoa,5849.04,5857.76,6519,2,14,18,0,0,23,Ruck,0,,401,Won Outright,551,N/A Gainline,558,6+ Seconds,662,Mid Right Open Movement Ruck,0,,0,,0,,0,,0,,0,0,-11,15,1899-12-30T01:37:40Z,1,58,0,0,25,950,Samoa,750,Tonga,05/08/2023,15:00,13,9,34,9,34,9,70,Apia Park,-1,NA,1,2023,20,8,Number 8,0,,0,,271,Angus Gardner,1000642,Damon Murphy,1000613,Matthew Kellahan,-1,,3,International,Y,W
1910,937717,22603,Duncan Paia'aua,950,Samoa,5850.16,5850.16,6520,2,14,18,0,0,43,Ruck OOA,574,Secured,583,Own Team 1st Entry,588,OOA Entry 1st Entry- Att,632,Attacking OOA,0,1,0,,0,,0,,0,,0,,0,0,0,0,1899-12-30T01:37:32Z,1,58,0,0,25,950,Samoa,750,Tonga,05/08/2023,15:00,13,9,34,9,34,9,70,Apia Park,-1,NA,1,2023,12,12,Inside Centre,0,,0,,271,Angus Gardner,1000642,Damon Murphy,1000613,Matthew Kellahan,-1,,3,International,Y,W
1911,937717,26114,Leva Fifita,750,Tonga,5850.28,5850.28,6520,2,86,50,0,0,43,Ruck OOA,576,Nuisance,583,Own Team 1st Entry,603,OOA Entry 1st Entry- Def,633,Defensive OOA,0,1,0,,0,,0,,0,,0,,0,0,0,0,1899-12-30T01:37:32Z,1,58,0,0,25,950,Samoa,750,Tonga,05/08/2023,15:00,13,9,34,9,34,9,70,Apia Park,-1,NA,1,2023,04,4,Lock (4),0,,0,,271,Angus Gardner,1000642,Damon Murphy,1000613,Matthew Kellahan,-1,,3,International,N,L
1912,937717,22321,David Lolohea,750,Tonga,5850.80,5850.80,6521,2,86,50,0,0,43,Ruck OOA,576,Nuisance,584,Own Team 2nd Entry,604,OOA Entry 2nd Entry- Def,633,Defensive OOA,0,2,0,,0,,0,,0,,0,,0,0,0,0,1899-12-30T01:37:33Z,1,58,0,0,25,950,Samoa,750,Tonga,05/08/2023,15:00,13,9,34,9,34,9,70,Apia Park,-1,NA,1,2023,18,3,Tighthead Prop,0,,0,,271,Angus Gardner,1000642,Damon Murphy,1000613,Matthew Kellahan,-1,,3,International,N,L
1913,937717,23395,Melani Matavao,950,Samoa,5851.08,5851.08,6521,2,14,18,0,0,43,Ruck OOA,574,Secured,584,Own Team 2nd Entry,589,OOA Entry 2nd Entry- Att,632,Attacking OOA,0,2,0,,0,,0,,0,,0,,0,0,0,0,1899-12-30T01:37:33Z,1,58,0,0,25,950,Samoa,750,Tonga,05/08/2023,15:00,13,9,34,9,34,9,70,Apia Park,-1,NA,1,2023,21,9,Scrum Half,0,,0,,271,Angus Gardner,1000642,Damon Murphy,1000613,Matthew Kellahan,-1,,3,International,Y,W
1914,937717,18506,Steven Luatua,950,Samoa,5852.00,5852.00,6522,2,14,18,0,0,43,Ruck OOA,574,Secured,585,Own Team 3rd Entry,590,OOA Entry 3rd Entry- Att,632,Attacking OOA,0,3,0,,0,,0,,0,,0,,0,0,0,0,1899-12-30T01:37:34Z,1,58,0,0,25,950,Samoa,750,Tonga,05/08/2023,15:00,13,9,34,9,34,9,70,Apia Park,-1,NA,1,2023,08,8,Number 8,0,,0,,271,Angus Gardner,1000642,Damon Murphy,1000613,Matthew Kellahan,-1,,3,International,Y,W
1915,937717,21149,Titi Lamositele,950,Samoa,5852.56,5852.56,6523,2,14,18,0,0,43,Ruck OOA,574,Secured,586,Own Team 4th Entry,591,OOA Entry 4th Entry- Att,632,Attacking OOA,0,4,0,,0,,0,,0,,0,,0,0,0,0,1899-12-30T01:37:35Z,1,58,0,0,25,950,Samoa,750,Tonga,05/08/2023,15:00,13,9,34,9,34,9,70,Apia Park,-1,NA,1,2023,17,1,Loosehead Prop,0,,0,,271,Angus Gardner,1000642,Damon Murphy,1000613,Matthew Kellahan,-1,,3,International,Y,W
1916,937717,31482,Luteru Tolai,950,Samoa,5857.76,5857.76,6528,2,13,18,0,0,18,Collection,631,General Catch,0,,0,,0,,0,,0,,0,,0,,0,,0,,0,0,0,0,1899-12-30T01:37:49Z,2,58,0,0,25,950,Samoa,750,Tonga,05/08/2023,15:00,13,9,34,9,34,9,70,Apia Park,-1,NA,1,2023,16,2,Hooker,0,,0,,271,Angus Gardner,1000642,Damon Murphy,1000613,Matthew Kellahan,-1,,3,International,Y,W
1917,937717,31482,Luteru Tolai,950,Samoa,5857.76,5857.76,6528,2,13,18,0,0,47,Playmaker Options,672,Acting Halfback at Breakdown,675,Playmaker Option - Pass,0,,0,,0,,0,,0,,0,,0,,0,,0,0,0,0,1899-12-30T01:37:49Z,2,58,0,0,25,950,Samoa,750,Tonga,05/08/2023,15:00,13,9,34,9,34,9,70,Apia Park,-1,NA,1,2023,16,2,Hooker,0,,0,,271,Angus Gardner,1000642,Damon Murphy,1000613,Matthew Kellahan,-1,,3,International,Y,W
1918,937717,31482,Luteru Tolai,950,Samoa,5858.04,5858.80,6528,2,13,18,3,28,3,Pass,169,Complete,0,,686,Medium Pass,682,Right Pass,700,0th Receiver,0,,0,,0,,0,,0,,11,15,10,0,1899-12-30T01:37:49Z,2,58,0,0,25,950,Samoa,750,Tonga,05/08/2023,15:00,13,9,34,9,34,9,70,Apia Park,-1,NA,1,2023,16,2,Hooker,0,,0,,271,Angus Gardner,1000642,Damon Murphy,1000613,Matthew Kellahan,-1,,3,International,Y,W
1919,937717,27345,Neria Fomai,950,Samoa,5858.80,5858.80,6529,2,3,28,0,0,18,Collection,631,General Catch,0,,0,,0,,0,,0,,0,,0,,0,,0,,0,0,0,0,1899-12-30T01:37:51Z,2,58,0,0,25,950,Samoa,750,Tonga,05/08/2023,15:00,13,9,34,9,34,9,70,Apia Park,-1,NA,1,2023,23,14,Right Wing,0,,0,,271,Angus Gardner,1000642,Damon Murphy,1000613,Matthew Kellahan,-1,,3,International,Y,W
1920,937717,27345,Neria Fomai,950,Samoa,5858.80,5858.80,6529,2,3,28,0,0,47,Playmaker Options,656,First Receiver,674,Playmaker Option - Kick,0,,0,,0,,0,,0,,0,,0,,0,,0,0,0,0,1899-12-30T01:37:51Z,2,58,0,0,25,950,Samoa,750,Tonga,05/08/2023,15:00,13,9,34,9,34,9,70,Apia Park,-1,NA,1,2023,23,14,Right Wing,0,,0,,271,Angus Gardner,1000642,Damon Murphy,1000613,Matthew Kellahan,-1,,3,International,Y,W
1921,937717,27345,Neria Fomai,950,Samoa,5859.88,5864.52,6530,2,3,33,52,68,4,Kick,347,Touch Kick,193,Kick in Touch (Full),186,Kick in Play (Own 22),0,,0,,0,,0,,0,,0,,0,,49,60,0,0,1899-12-30T01:37:51Z,2,58,0,0,25,950,Samoa,750,Tonga,05/08/2023,15:00,13,9,34,9,34,9,70,Apia Park,-1,NA,1,2023,23,14,Right Wing,0,,0,,271,Angus Gardner,1000642,Damon Murphy,1000613,Matthew Kellahan,-1,,3,International,Y,W
1922,937717,0,,750,Tonga,5843.52,5864.52,6535,2,50,34,48,0,26,Sequences,307,50m Restart,315,Kick Out of Play,0,,0,,0,,0,,0,,0,,0,,0,,-2,0,0,0,1899-12-30T01:37:34Z,2,58,0,0,25,950,Samoa,750,Tonga,05/08/2023,15:00,13,9,34,9,34,9,70,Apia Park,-1,NA,1,2023,,,,0,,0,,271,Angus Gardner,1000642,Damon Murphy,1000613,Matthew Kellahan,-1,,3,International,N,L
1923,937717,0,,950,Samoa,5846.76,5864.52,6535,2,19,21,52,68,15,Possession,307,50m Restart,315,Kick Out of Play,0,,684,Fails to enter into Opposition 22,0,,0,,0,,0,,0,,0,,33,0,0,0,1899-12-30T01:37:37Z,2,58,0,0,25,950,Samoa,750,Tonga,05/08/2023,15:00,13,9,34,9,34,9,70,Apia Park,-1,NA,1,2023,,,,0,,0,,271,Angus Gardner,1000642,Damon Murphy,1000613,Matthew Kellahan,-1,,3,International,Y,W
1924,937717,0,,950,Samoa,5879.32,5924.48,6549,2,48,0,0,0,17,Period,0,Period,0,,0,,0,,0,,0,,0,,0,,0,,0,,0,0,0,0,1899-12-30T01:38:37Z,2,58,0,0,25,950,Samoa,750,Tonga,05/08/2023,15:00,13,9,34,9,34,9,70,Apia Park,-1,NA,1,2023,,,,0,,0,,271,Angus Gardner,1000642,Damon Murphy,1000613,Matthew Kellahan,-1,,3,International,Y,W
1925,937717,22136,Siegfried Fisi'ihoi,750,Tonga,5885.76,5885.76,6549,2,48,0,0,0,41,Sub Out,562,Tactical,0,,0,,0,,0,,0,,0,,0,,0,,0,,0,0,0,0,1899-12-30T01:38:16Z,2,58,0,1,25,950,Samoa,750,Tonga,05/08/2023,15:00,13,9,34,9,34,9,70,Apia Park,-1,NA,1,2023,01,1,Loosehead Prop,0,,0,,271,Angus Gardner,1000642,Damon Murphy,1000613,Matthew Kellahan,-1,,3,International,N,L
1926,937717,21731,Tau Koloamatangi,750,Tonga,5885.80,5885.80,6549,2,48,0,0,0,42,Sub In,562,Tactical,0,,0,,0,,0,,0,,0,,0,,0,,0,,0,0,0,0,1899-12-30T01:38:16Z,2,58,0,0,25,950,Samoa,750,Tonga,05/08/2023,15:00,13,9,34,9,34,9,70,Apia Park,-1,NA,1,2023,17,1,Loosehead Prop,0,,0,,271,Angus Gardner,1000642,Damon Murphy,1000613,Matthew Kellahan,-1,,3,International,N,L
1927,937717,17144,Paula Ngauamo,750,Tonga,5925.96,5926.92,6551,2,48,0,48,6,6,Lineout Throw,371,Throw Front,376,Won Clean Catch,208,Catch and Pass,0,5+1,676,N/A Movement Lineout,730,5 Players,725,Forward at Halfback (+1),0,,0,,0,,6,0,0,0,1899-12-30T01:38:56Z,1,59,0,0,25,950,Samoa,750,Tonga,05/08/2023,15:00,13,9,34,9,34,9,70,Apia Park,-1,NA,1,2023,16,2,Hooker,0,,0,,271,Angus Gardner,1000642,Damon Murphy,1000613,Matthew Kellahan,-1,,3,International,N,L
1928,937717,26114,Leva Fifita,750,Tonga,5926.92,5926.92,6552,2,48,6,0,0,27,Lineout Take,386,Lineout Win Front,376,Won Clean,208,Catch and Pass,396,Clean Catch,0,,0,,0,,0,,0,,0,,0,0,0,0,1899-12-30T01:38:57Z,1,59,0,0,25,950,Samoa,750,Tonga,05/08/2023,15:00,13,9,34,9,34,9,70,Apia Park,-1,NA,1,2023,04,4,Lock (4),0,,0,,271,Angus Gardner,1000642,Damon Murphy,1000613,Matthew Kellahan,-1,,3,International,N,L
1929,937717,26114,Leva Fifita,750,Tonga,5928.56,5930.32,6553,2,48,6,48,6,3,Pass,174,Incomplete,0,,679,Short Pass,687,Neutral Pass,700,0th Receiver,0,,0,,0,,0,,0,,0,0,0,0,1899-12-30T01:38:58Z,1,59,0,0,25,950,Samoa,750,Tonga,05/08/2023,15:00,13,9,34,9,34,9,70,Apia Park,-1,NA,1,2023,04,4,Lock (4),0,,0,,271,Angus Gardner,1000642,Damon Murphy,1000613,Matthew Kellahan,-1,,3,International,N,L
1930,937717,30895,Solomone Funaki,750,Tonga,5930.32,5930.32,6555,2,48,6,0,0,8,Turnover,254,Dropped Ball Unforced,677,Error on Attack,0,,0,,0,,0,,0,,0,,0,,0,,0,0,0,0,1899-12-30T01:38:59Z,1,59,0,0,25,950,Samoa,750,Tonga,05/08/2023,15:00,13,9,34,9,34,9,70,Apia Park,-1,NA,1,2023,20,7,Openside Flanker,0,,0,,271,Angus Gardner,1000642,Damon Murphy,1000613,Matthew Kellahan,-1,,3,International,N,L
1931,937717,0,,750,Tonga,5925.96,5931.08,6556,2,48,0,48,6,15,Possession,306,Lineout,411,Turnover (Scrum),0,,684,Fails to enter into Opposition 22,0,,0,,0,,0,,0,,0,,0,0,0,0,1899-12-30T01:38:56Z,1,59,0,0,25,950,Samoa,750,Tonga,05/08/2023,15:00,13,9,34,9,34,9,70,Apia Park,-1,NA,1,2023,,,,0,,0,,271,Angus Gardner,1000642,Damon Murphy,1000613,Matthew Kellahan,-1,,3,International,N,L
1932,937717,0,,750,Tonga,5925.96,5931.08,6556,2,48,0,48,6,26,Sequences,306,Lineout,411,Turnover (Scrum),0,,0,,0,,0,,0,,0,,0,,0,,0,0,0,0,1899-12-30T01:38:56Z,1,59,0,0,25,950,Samoa,750,Tonga,05/08/2023,15:00,13,9,34,9,34,9,70,Apia Park,-1,NA,1,2023,,,,0,,0,,271,Angus Gardner,1000642,Damon Murphy,1000613,Matthew Kellahan,-1,,3,International,N,L
1933,937717,23395,Melani Matavao,950,Samoa,5982.28,5991.04,6647,2,52,62,0,0,5,Scrum,0,,357,Won Penalty,365,Neutral,363,Clockwise,676,N/A Movement Scrum,0,,0,,0,,0,,0,,0,0,0,0,1899-12-30T01:39:55Z,1,59,0,0,25,950,Samoa,750,Tonga,05/08/2023,15:00,13,9,34,9,34,9,70,Apia Park,-1,NA,1,2023,21,9,Scrum Half,0,,0,,271,Angus Gardner,1000642,Damon Murphy,1000613,Matthew Kellahan,-1,,3,International,Y,W
1934,937717,20766,Chris Vui,950,Samoa,5982.28,5991.04,6647,2,52,62,0,0,28,,0,,357,Won Penalty,365,Neutral,363,Clockwise,0,,0,,0,,0,,0,,0,,0,0,0,0,1899-12-30T01:39:55Z,1,59,0,0,25,950,Samoa,750,Tonga,05/08/2023,15:00,13,9,34,9,34,9,70,Apia Park,-1,NA,1,2023,05,5,Lock (5),0,,0,,271,Angus Gardner,1000642,Damon Murphy,1000613,Matthew Kellahan,-1,,3,International,Y,W
1935,937717,43727,Miracle Faiilagi,950,Samoa,5982.28,5991.04,6647,2,52,62,0,0,28,,0,,357,Won Penalty,365,Neutral,363,Clockwise,0,,0,,0,,0,,0,,0,,0,0,0,0,1899-12-30T01:39:55Z,1,59,0,0,25,950,Samoa,750,Tonga,05/08/2023,15:00,13,9,34,9,34,9,70,Apia Park,-1,NA,1,2023,06,6,Blindside Flanker,0,,0,,271,Angus Gardner,1000642,Damon Murphy,1000613,Matthew Kellahan,-1,,3,International,Y,W
1936,937717,18506,Steven Luatua,950,Samoa,5982.28,5991.04,6647,2,52,62,0,0,28,,0,,357,Won Penalty,365,Neutral,363,Clockwise,0,,0,,0,,0,,0,,0,,0,0,0,0,1899-12-30T01:39:55Z,1,59,0,0,25,950,Samoa,750,Tonga,05/08/2023,15:00,13,9,34,9,34,9,70,Apia Park,-1,NA,1,2023,08,8,Number 8,0,,0,,271,Angus Gardner,1000642,Damon Murphy,1000613,Matthew Kellahan,-1,,3,International,Y,W
1937,937717,31482,Luteru Tolai,950,Samoa,5982.28,5991.04,6647,2,52,62,0,0,28,,0,,357,Won Penalty,365,Neutral,363,Clockwise,0,,0,,0,,0,,0,,0,,0,0,0,0,1899-12-30T01:39:55Z,1,59,0,0,25,950,Samoa,750,Tonga,05/08/2023,15:00,13,9,34,9,34,9,70,Apia Park,-1,NA,1,2023,16,2,Hooker,0,,0,,271,Angus Gardner,1000642,Damon Murphy,1000613,Matthew Kellahan,-1,,3,International,Y,W
1938,937717,21149,Titi Lamositele,950,Samoa,5982.28,5991.04,6647,2,52,62,0,0,28,,0,,357,Won Penalty,365,Neutral,363,Clockwise,0,,0,,0,,0,,0,,0,,0,0,0,0,1899-12-30T01:39:55Z,1,59,0,0,25,950,Samoa,750,Tonga,05/08/2023,15:00,13,9,34,9,34,9,70,Apia Park,-1,NA,1,2023,17,1,Loosehead Prop,0,,0,,271,Angus Gardner,1000642,Damon Murphy,1000613,Matthew Kellahan,-1,,3,International,Y,W
1939,937717,17201,Paul Alo-Emile,950,Samoa,5982.28,5991.04,6647,2,52,62,0,0,28,,0,,357,Won Penalty,365,Neutral,363,Clockwise,0,,0,,0,,0,,0,,0,,0,0,0,0,1899-12-30T01:39:55Z,1,59,0,0,25,950,Samoa,750,Tonga,05/08/2023,15:00,13,9,34,9,34,9,70,Apia Park,-1,NA,1,2023,18,3,Tighthead Prop,0,,0,,271,Angus Gardner,1000642,Damon Murphy,1000613,Matthew Kellahan,-1,,3,International,Y,W
1940,937717,36890,Theo McFarland,950,Samoa,5982.28,5991.04,6647,2,52,62,0,0,28,,0,,357,Won Penalty,365,Neutral,363,Clockwise,0,,0,,0,,0,,0,,0,,0,0,0,0,1899-12-30T01:39:55Z,1,59,0,0,25,950,Samoa,750,Tonga,05/08/2023,15:00,13,9,34,9,34,9,70,Apia Park,-1,NA,1,2023,19,4,Lock (4),0,,0,,271,Angus Gardner,1000642,Damon Murphy,1000613,Matthew Kellahan,-1,,3,International,Y,W
1941,937717,1927,Fritz Lee,950,Samoa,5982.28,5991.04,6647,2,52,62,0,0,28,,0,,357,Won Penalty,365,Neutral,363,Clockwise,0,,0,,0,,0,,0,,0,,0,0,0,0,1899-12-30T01:39:55Z,1,59,0,0,25,950,Samoa,750,Tonga,05/08/2023,15:00,13,9,34,9,34,9,70,Apia Park,-1,NA,1,2023,20,8,Number 8,0,,0,,271,Angus Gardner,1000642,Damon Murphy,1000613,Matthew Kellahan,-1,,3,International,Y,W
1942,937717,26114,Leva Fifita,750,Tonga,5982.28,5991.04,6647,2,52,62,0,0,29,,0,,357,Won Penalty,365,Neutral,363,Clockwise,0,,0,,0,,0,,0,,0,,0,0,0,0,1899-12-30T01:39:55Z,1,59,0,0,25,950,Samoa,750,Tonga,05/08/2023,15:00,13,9,34,9,34,9,70,Apia Park,-1,NA,1,2023,04,4,Lock (4),0,,0,,271,Angus Gardner,1000642,Damon Murphy,1000613,Matthew Kellahan,-1,,3,International,N,L
1943,937717,28270,Tanginoa Halaifonua,750,Tonga,5982.28,5991.04,6647,2,52,62,0,0,29,,0,,357,Won Penalty,365,Neutral,363,Clockwise,0,,0,,0,,0,,0,,0,,0,0,0,0,1899-12-30T01:39:55Z,1,59,0,0,25,950,Samoa,750,Tonga,05/08/2023,15:00,13,9,34,9,34,9,70,Apia Park,-1,NA,1,2023,06,6,Blindside Flanker,0,,0,,271,Angus Gardner,1000642,Damon Murphy,1000613,Matthew Kellahan,-1,,3,International,N,L
1944,937717,29249,Sione Havili Talitui,750,Tonga,5982.28,5991.04,6647,2,52,62,0,0,29,,0,,357,Won Penalty,365,Neutral,363,Clockwise,0,,0,,0,,0,,0,,0,,0,0,0,0,1899-12-30T01:39:55Z,1,59,0,0,25,950,Samoa,750,Tonga,05/08/2023,15:00,13,9,34,9,34,9,70,Apia Park,-1,NA,1,2023,07,7,Openside Flanker,0,,0,,271,Angus Gardner,1000642,Damon Murphy,1000613,Matthew Kellahan,-1,,3,International,N,L
1945,937717,21155,Vaea Fifita,750,Tonga,5982.28,5991.04,6647,2,52,62,0,0,29,,0,,357,Won Penalty,365,Neutral,363,Clockwise,0,,0,,0,,0,,0,,0,,0,0,0,0,1899-12-30T01:39:55Z,1,59,0,0,25,950,Samoa,750,Tonga,05/08/2023,15:00,13,9,34,9,34,9,70,Apia Park,-1,NA,1,2023,08,8,Number 8,0,,0,,271,Angus Gardner,1000642,Damon Murphy,1000613,Matthew Kellahan,-1,,3,International,N,L
1946,937717,17144,Paula Ngauamo,750,Tonga,5982.28,5991.04,6647,2,52,62,0,0,29,,0,,357,Won Penalty,365,Neutral,363,Clockwise,0,,0,,0,,0,,0,,0,,0,0,0,0,1899-12-30T01:39:55Z,1,59,0,0,25,950,Samoa,750,Tonga,05/08/2023,15:00,13,9,34,9,34,9,70,Apia Park,-1,NA,1,2023,16,2,Hooker,0,,0,,271,Angus Gardner,1000642,Damon Murphy,1000613,Matthew Kellahan,-1,,3,International,N,L
1947,937717,21731,Tau Koloamatangi,750,Tonga,5982.28,5991.04,6647,2,52,62,0,0,29,,0,,357,Won Penalty,365,Neutral,363,Clockwise,0,,0,,0,,0,,0,,0,,0,0,0,0,1899-12-30T01:39:55Z,1,59,0,0,25,950,Samoa,750,Tonga,05/08/2023,15:00,13,9,34,9,34,9,70,Apia Park,-1,NA,1,2023,17,1,Loosehead Prop,0,,0,,271,Angus Gardner,1000642,Damon Murphy,1000613,Matthew Kellahan,-1,,3,International,N,L
1948,937717,22321,David Lolohea,750,Tonga,5982.28,5991.04,6647,2,52,62,0,0,29,,0,,357,Won Penalty,365,Neutral,363,Clockwise,0,,0,,0,,0,,0,,0,,0,0,0,0,1899-12-30T01:39:55Z,1,59,0,0,25,950,Samoa,750,Tonga,05/08/2023,15:00,13,9,34,9,34,9,70,Apia Park,-1,NA,1,2023,18,3,Tighthead Prop,0,,0,,271,Angus Gardner,1000642,Damon Murphy,1000613,Matthew Kellahan,-1,,3,International,N,L
1949,937717,19606,Lopeti Timani,750,Tonga,5982.28,5991.04,6647,2,52,62,0,0,29,,0,,357,Won Penalty,365,Neutral,363,Clockwise,0,,0,,0,,0,,0,,0,,0,0,0,0,1899-12-30T01:39:55Z,1,59,0,0,25,950,Samoa,750,Tonga,05/08/2023,15:00,13,9,34,9,34,9,70,Apia Park,-1,NA,1,2023,19,6,Blindside Flanker,0,,0,,271,Angus Gardner,1000642,Damon Murphy,1000613,Matthew Kellahan,-1,,3,International,N,L
1950,937717,30895,Solomone Funaki,750,Tonga,5982.28,5991.04,6647,2,52,62,0,0,29,,0,,357,Won Penalty,365,Neutral,363,Clockwise,0,,0,,0,,0,,0,,0,,0,0,0,0,1899-12-30T01:39:55Z,1,59,0,0,25,950,Samoa,750,Tonga,05/08/2023,15:00,13,9,34,9,34,9,70,Apia Park,-1,NA,1,2023,20,7,Openside Flanker,0,,0,,271,Angus Gardner,1000642,Damon Murphy,1000613,Matthew Kellahan,-1,,3,International,N,L
1951,937717,22321,David Lolohea,750,Tonga,5990.00,5990.00,6655,2,49,6,0,0,7,Penalty Conceded,222,Scrum Offence,236,No Action,215,Defence,233,Full Penalty,426,Collapsing,0,,0,,0,,0,,0,,0,0,0,0,1899-12-30T01:39:59Z,1,59,0,0,25,950,Samoa,750,Tonga,05/08/2023,15:00,13,9,34,9,34,9,70,Apia Park,-1,NA,1,2023,18,3,Tighthead Prop,0,,0,,271,Angus Gardner,1000642,Damon Murphy,1000613,Matthew Kellahan,-1,,3,International,N,L
1952,937717,0,,950,Samoa,5982.28,5991.04,6656,2,52,62,52,62,26,Sequences,309,Scrum,316,Pen Won,0,,0,,0,,0,,0,,0,,0,,0,,0,0,0,0,1899-12-30T01:39:55Z,1,59,0,0,25,950,Samoa,750,Tonga,05/08/2023,15:00,13,9,34,9,34,9,70,Apia Park,-1,NA,1,2023,,,,0,,0,,271,Angus Gardner,1000642,Damon Murphy,1000613,Matthew Kellahan,-1,,3,International,Y,W
1953,937717,9023,Christian Leali'ifano,950,Samoa,6018.12,6020.44,6723,2,55,53,78,68,4,Kick,347,Touch Kick,193,Kick in Touch (Full),148,Penalty Kick,0,,0,,0,,0,,0,,0,,0,,23,28,0,0,1899-12-30T01:40:28Z,1,59,0,0,25,950,Samoa,750,Tonga,05/08/2023,15:00,13,9,34,9,34,9,70,Apia Park,-1,NA,1,2023,22,10,Fly Half,0,,0,,271,Angus Gardner,1000642,Damon Murphy,1000613,Matthew Kellahan,-1,,3,International,Y,W
1954,937717,0,,950,Samoa,6018.12,6020.44,6725,2,55,53,78,68,26,Sequences,780,Penalty Kick Touch,415,Own Lineout,0,,0,,0,,0,,0,,0,,0,,0,,23,0,0,0,1899-12-30T01:40:28Z,1,59,0,0,25,950,Samoa,750,Tonga,05/08/2023,15:00,13,9,34,9,34,9,70,Apia Park,-1,NA,1,2023,,,,0,,0,,271,Angus Gardner,1000642,Damon Murphy,1000613,Matthew Kellahan,-1,,3,International,Y,W
1955,937717,31482,Luteru Tolai,950,Samoa,6046.88,6047.84,6752,2,78,68,78,57,6,Lineout Throw,373,Throw Back,376,Won Clean Catch,207,Catch and Drive,0,6+1,676,N/A Movement Lineout,731,6 Players,725,Forward at Halfback (+1),0,,0,,0,,12,0,0,0,1899-12-30T01:40:57Z,1,60,0,0,25,950,Samoa,750,Tonga,05/08/2023,15:00,13,9,34,9,34,9,70,Apia Park,-1,NA,1,2023,16,2,Hooker,0,,0,,271,Angus Gardner,1000642,Damon Murphy,1000613,Matthew Kellahan,-1,,3,International,Y,W
1956,937717,0,,950,Samoa,6046.88,6048.76,6752,2,78,68,78,57,46,Attacking 22 Entry,641,22 Entry Outcome - Penalty Conceded,0,,0,,0,,0,,0,,0,,0,,0,,0,,0,0,0,0,1899-12-30T01:40:57Z,1,60,0,0,25,950,Samoa,750,Tonga,05/08/2023,15:00,13,9,34,9,34,9,70,Apia Park,-1,NA,1,2023,,,,0,,0,,271,Angus Gardner,1000642,Damon Murphy,1000613,Matthew Kellahan,-1,,3,International,Y,W
1957,937717,20766,Chris Vui,950,Samoa,6047.84,6047.84,6753,2,78,57,0,0,27,Lineout Take,388,Lineout Win Back,376,Won Clean,207,Catch and Drive,396,Clean Catch,0,,0,,0,,0,,0,,0,,0,0,0,0,1899-12-30T01:40:58Z,1,60,0,0,25,950,Samoa,750,Tonga,05/08/2023,15:00,13,9,34,9,34,9,70,Apia Park,-1,NA,1,2023,05,5,Lock (5),0,,0,,271,Angus Gardner,1000642,Damon Murphy,1000613,Matthew Kellahan,-1,,3,International,Y,W
1958,937717,20766,Chris Vui,950,Samoa,6048.68,6051.64,6754,2,78,57,0,0,24,Maul,0,,404,Penalty Conceded,0,,0,,676,N/A Movement Maul,0,,0,,0,,0,,0,,0,0,0,0,1899-12-30T01:41:00Z,1,60,0,0,25,950,Samoa,750,Tonga,05/08/2023,15:00,13,9,34,9,34,9,70,Apia Park,-1,NA,1,2023,05,5,Lock (5),0,,0,,271,Angus Gardner,1000642,Damon Murphy,1000613,Matthew Kellahan,-1,,3,International,Y,W
1959,937717,36890,Theo McFarland,950,Samoa,6048.76,6048.76,6754,2,78,57,0,0,7,Penalty Conceded,446,Maul Obstruction,236,No Action,214,Offence,233,Full Penalty,0,,0,,0,,0,,0,,0,,0,0,0,0,1899-12-30T01:41:00Z,1,60,0,0,25,950,Samoa,750,Tonga,05/08/2023,15:00,13,9,34,9,34,9,70,Apia Park,-1,NA,1,2023,19,4,Lock (4),0,,0,,271,Angus Gardner,1000642,Damon Murphy,1000613,Matthew Kellahan,-1,,3,International,Y,W
1960,937717,0,,950,Samoa,6046.88,6051.64,6757,2,78,68,78,57,15,Possession,306,Lineout,319,Pen Con,0,,685,Starts inside Opposition 22,0,,0,,0,,0,,0,,0,,0,0,0,0,1899-12-30T01:40:57Z,1,60,0,0,25,950,Samoa,750,Tonga,05/08/2023,15:00,13,9,34,9,34,9,70,Apia Park,-1,NA,1,2023,,,,0,,0,,271,Angus Gardner,1000642,Damon Murphy,1000613,Matthew Kellahan,-1,,3,International,Y,W
1961,937717,0,,950,Samoa,6046.88,6051.64,6757,2,78,68,78,57,26,Sequences,306,Lineout,319,Pen Con,0,,0,,0,,0,,0,,0,,0,,0,,0,0,0,0,1899-12-30T01:40:57Z,1,60,0,0,25,950,Samoa,750,Tonga,05/08/2023,15:00,13,9,34,9,34,9,70,Apia Park,-1,NA,1,2023,,,,0,,0,,271,Angus Gardner,1000642,Damon Murphy,1000613,Matthew Kellahan,-1,,3,International,Y,W
1962,937717,28913,Otumaka Mausia,750,Tonga,6083.64,6085.52,6829,2,25,14,49,0,4,Kick,347,Touch Kick,193,Kick in Touch (Full),148,Penalty Kick,0,,0,,0,,0,,0,,0,,0,,24,28,0,0,1899-12-30T01:41:34Z,1,60,0,0,25,950,Samoa,750,Tonga,05/08/2023,15:00,13,9,34,9,34,9,70,Apia Park,-1,NA,1,2023,22,10,Fly Half,0,,0,,271,Angus Gardner,1000642,Damon Murphy,1000613,Matthew Kellahan,-1,,3,International,N,L
1963,937717,0,,750,Tonga,6083.64,6085.52,6830,2,25,14,49,0,26,Sequences,780,Penalty Kick Touch,415,Own Lineout,0,,0,,0,,0,,0,,0,,0,,0,,24,0,0,0,1899-12-30T01:41:34Z,1,60,0,0,25,950,Samoa,750,Tonga,05/08/2023,15:00,13,9,34,9,34,9,70,Apia Park,-1,NA,1,2023,,,,0,,0,,271,Angus Gardner,1000642,Damon Murphy,1000613,Matthew Kellahan,-1,,3,International,N,L
1964,937717,17144,Paula Ngauamo,750,Tonga,6109.88,6110.60,6855,2,49,0,50,6,6,Lineout Throw,371,Throw Front,378,Won Penalty,208,Catch and Pass,0,4,676,N/A Movement Lineout,729,4 Players,724,Halfback in Position,0,,0,,0,,6,0,0,0,1899-12-30T01:42:00Z,1,61,0,0,25,950,Samoa,750,Tonga,05/08/2023,15:00,13,9,34,9,34,9,70,Apia Park,-1,NA,1,2023,16,2,Hooker,0,,0,,271,Angus Gardner,1000642,Damon Murphy,1000613,Matthew Kellahan,-1,,3,International,N,L
1965,937717,21155,Vaea Fifita,750,Tonga,6110.60,6110.60,6855,2,50,6,0,0,27,Lineout Take,386,Lineout Win Front,378,Won Penalty,208,Catch and Pass,396,Clean Catch,0,,0,,0,,0,,0,,0,,0,0,0,0,1899-12-30T01:42:01Z,1,61,0,0,25,950,Samoa,750,Tonga,05/08/2023,15:00,13,9,34,9,34,9,70,Apia Park,-1,NA,1,2023,08,8,Number 8,0,,0,,271,Angus Gardner,1000642,Damon Murphy,1000613,Matthew Kellahan,-1,,3,International,N,L
1966,937717,43727,Miracle Faiilagi,950,Samoa,6110.76,6110.76,6856,2,51,62,0,0,7,Penalty Conceded,223,Lineout Offence,236,No Action,215,Defence,233,Full Penalty,436,Taking Man in Air,0,,0,,0,,0,,0,,0,0,0,0,1899-12-30T01:42:01Z,1,61,0,0,25,950,Samoa,750,Tonga,05/08/2023,15:00,13,9,34,9,34,9,70,Apia Park,-1,NA,1,2023,06,6,Blindside Flanker,0,,0,,271,Angus Gardner,1000642,Damon Murphy,1000613,Matthew Kellahan,-1,,3,International,Y,W
1967,937717,0,,750,Tonga,6109.88,6113.76,6859,2,49,0,50,6,15,Possession,306,Lineout,316,Pen Won,0,,684,Fails to enter into Opposition 22,0,,0,,0,,0,,0,,0,,0,0,0,0,1899-12-30T01:42:00Z,1,61,0,0,25,950,Samoa,750,Tonga,05/08/2023,15:00,13,9,34,9,34,9,70,Apia Park,-1,NA,1,2023,,,,0,,0,,271,Angus Gardner,1000642,Damon Murphy,1000613,Matthew Kellahan,-1,,3,International,N,L
1968,937717,0,,750,Tonga,6109.88,6113.76,6859,2,49,0,50,6,26,Sequences,306,Lineout,316,Pen Won,0,,0,,0,,0,,0,,0,,0,,0,,0,0,0,0,1899-12-30T01:42:00Z,1,61,0,0,25,950,Samoa,750,Tonga,05/08/2023,15:00,13,9,34,9,34,9,70,Apia Park,-1,NA,1,2023,,,,0,,0,,271,Angus Gardner,1000642,Damon Murphy,1000613,Matthew Kellahan,-1,,3,International,N,L
1969,937717,28913,Otumaka Mausia,750,Tonga,6122.20,6127.00,6907,2,54,12,78,0,4,Kick,347,Touch Kick,193,Kick in Touch (Full),148,Penalty Kick,0,,0,,0,,0,,0,,0,,0,,24,27,0,0,1899-12-30T01:42:13Z,1,61,0,0,25,950,Samoa,750,Tonga,05/08/2023,15:00,13,9,34,9,34,9,70,Apia Park,-1,NA,1,2023,22,10,Fly Half,0,,0,,271,Angus Gardner,1000642,Damon Murphy,1000613,Matthew Kellahan,-1,,3,International,N,L
1970,937717,0,,750,Tonga,6122.20,6127.00,6912,2,54,12,78,0,26,Sequences,780,Penalty Kick Touch,415,Own Lineout,0,,0,,0,,0,,0,,0,,0,,0,,24,0,0,0,1899-12-30T01:42:13Z,1,61,0,0,25,950,Samoa,750,Tonga,05/08/2023,15:00,13,9,34,9,34,9,70,Apia Park,-1,NA,1,2023,,,,0,,0,,271,Angus Gardner,1000642,Damon Murphy,1000613,Matthew Kellahan,-1,,3,International,N,L
1971,937717,17144,Paula Ngauamo,750,Tonga,6146.00,6146.96,6931,2,78,0,78,10,6,Lineout Throw,372,Throw Middle,376,Won Clean Catch,208,Catch and Pass,0,6+1,662,Mid Right Open Movement Lineout,731,6 Players,725,Forward at Halfback (+1),0,,0,,0,,10,0,6,15,1899-12-30T01:42:37Z,1,62,0,0,25,950,Samoa,750,Tonga,05/08/2023,15:00,13,9,34,9,34,9,70,Apia Park,-1,NA,1,2023,16,2,Hooker,0,,0,,271,Angus Gardner,1000642,Damon Murphy,1000613,Matthew Kellahan,-1,,3,International,N,L
1972,937717,0,,750,Tonga,6146.00,6205.28,6931,2,78,0,84,37,46,Attacking 22 Entry,646,22 Entry Outcome - Turnover,0,,0,,0,,0,,0,,0,,0,,0,,0,,0,0,0,0,1899-12-30T01:42:37Z,1,62,0,0,25,950,Samoa,750,Tonga,05/08/2023,15:00,13,9,34,9,34,9,70,Apia Park,-1,NA,1,2023,,,,0,,0,,271,Angus Gardner,1000642,Damon Murphy,1000613,Matthew Kellahan,-1,,3,International,N,L
1973,937717,26114,Leva Fifita,750,Tonga,6146.96,6146.96,6932,2,78,10,0,0,27,Lineout Take,387,Lineout Win Middle,376,Won Clean,208,Catch and Pass,396,Clean Catch,0,,0,,0,,0,,0,,0,,0,0,0,0,1899-12-30T01:42:38Z,1,62,0,0,25,950,Samoa,750,Tonga,05/08/2023,15:00,13,9,34,9,34,9,70,Apia Park,-1,NA,1,2023,04,4,Lock (4),0,,0,,271,Angus Gardner,1000642,Damon Murphy,1000613,Matthew Kellahan,-1,,3,International,N,L
1974,937717,26114,Leva Fifita,750,Tonga,6147.52,6148.72,6932,2,78,10,77,10,3,Pass,169,Complete,0,,679,Short Pass,682,Right Pass,700,0th Receiver,0,,0,,0,,0,,0,,0,2,2,0,1899-12-30T01:42:39Z,1,62,0,0,25,950,Samoa,750,Tonga,05/08/2023,15:00,13,9,34,9,34,9,70,Apia Park,-1,NA,1,2023,04,4,Lock (4),0,,0,,271,Angus Gardner,1000642,Damon Murphy,1000613,Matthew Kellahan,-1,,3,International,N,L
1975,937717,30895,Solomone Funaki,750,Tonga,6148.72,6148.72,6934,2,77,10,0,0,18,Collection,631,General Catch,0,,0,,0,,0,,0,,0,,0,,0,,0,,0,0,0,0,1899-12-30T01:42:40Z,1,62,0,0,25,950,Samoa,750,Tonga,05/08/2023,15:00,13,9,34,9,34,9,70,Apia Park,-1,NA,1,2023,20,7,Openside Flanker,0,,0,,271,Angus Gardner,1000642,Damon Murphy,1000613,Matthew Kellahan,-1,,3,International,N,L
1976,937717,30895,Solomone Funaki,750,Tonga,6149.40,6149.88,6934,2,77,10,74,14,3,Pass,169,Complete,0,,679,Short Pass,682,Right Pass,701,1st Receiver,0,,0,,0,,0,,0,,4,5,3,0,1899-12-30T01:42:40Z,1,62,0,0,25,950,Samoa,750,Tonga,05/08/2023,15:00,13,9,34,9,34,9,70,Apia Park,-1,NA,1,2023,20,7,Openside Flanker,0,,0,,271,Angus Gardner,1000642,Damon Murphy,1000613,Matthew Kellahan,-1,,3,International,N,L
1977,937717,20059,Malakai Fekitoa,750,Tonga,6149.88,6149.88,6935,2,74,14,0,0,18,Collection,631,General Catch,0,,0,,0,,0,,0,,0,,0,,0,,0,,0,0,0,0,1899-12-30T01:42:42Z,1,62,0,0,25,950,Samoa,750,Tonga,05/08/2023,15:00,13,9,34,9,34,9,70,Apia Park,-1,NA,1,2023,23,11,Left Wing,0,,0,,271,Angus Gardner,1000642,Damon Murphy,1000613,Matthew Kellahan,-1,,3,International,N,L
1978,937717,20059,Malakai Fekitoa,750,Tonga,6149.88,6152.64,6935,2,74,14,84,24,1,Carry,101,One Out Drive,108,Tackled Neutral,109,Crossed Gain line,461,Neutral Contact,501,1 Tacklers Committed,702,2nd Receiver,0,,0,,0,,0,,6,10,2,2,1899-12-30T01:42:42Z,1,62,0,0,25,950,Samoa,750,Tonga,05/08/2023,15:00,13,9,34,9,34,9,70,Apia Park,-1,NA,1,2023,23,11,Left Wing,0,,0,,271,Angus Gardner,1000642,Damon Murphy,1000613,Matthew Kellahan,-1,,3,International,N,L
1979,937717,31482,Luteru Tolai,950,Samoa,6152.12,6152.12,6937,2,18,46,0,0,2,Tackle,144,Line,153,Complete,0,,474,Neutral Tackle,708,1st Tackler,0,,0,,0,,0,,0,,0,0,0,0,1899-12-30T01:42:42Z,1,62,0,0,25,950,Samoa,750,Tonga,05/08/2023,15:00,13,9,34,9,34,9,70,Apia Park,-1,NA,1,2023,16,2,Hooker,0,,0,,271,Angus Gardner,1000642,Damon Murphy,1000613,Matthew Kellahan,-1,,3,International,Y,W
1980,937717,20059,Malakai Fekitoa,750,Tonga,6152.64,6155.40,6938,2,84,24,0,0,23,Ruck,0,,401,Won Outright,548,Over Previous Gainline,554,2-3 Seconds,662,Mid Right Open Movement Ruck,0,,0,,0,,0,,0,,0,0,-3,11,1899-12-30T01:42:43Z,1,62,0,0,25,950,Samoa,750,Tonga,05/08/2023,15:00,13,9,34,9,34,9,70,Apia Park,-1,NA,1,2023,23,11,Left Wing,0,,0,,271,Angus Gardner,1000642,Damon Murphy,1000613,Matthew Kellahan,-1,,3,International,N,L
1981,937717,19128,George Moala,750,Tonga,6153.48,6153.48,6938,2,84,24,0,0,43,Ruck OOA,575,Attended,583,Own Team 1st Entry,588,OOA Entry 1st Entry- Att,632,Attacking OOA,0,1,0,,0,,0,,0,,0,,0,0,0,0,1899-12-30T01:42:41Z,1,62,0,0,25,950,Samoa,750,Tonga,05/08/2023,15:00,13,9,34,9,34,9,70,Apia Park,-1,NA,1,2023,13,13,Outside Centre,0,,0,,271,Angus Gardner,1000642,Damon Murphy,1000613,Matthew Kellahan,-1,,3,International,N,L
1982,937717,17144,Paula Ngauamo,750,Tonga,6153.88,6153.88,6939,2,84,24,0,0,43,Ruck OOA,575,Attended,584,Own Team 2nd Entry,589,OOA Entry 2nd Entry- Att,632,Attacking OOA,0,2,0,,0,,0,,0,,0,,0,0,0,0,1899-12-30T01:42:41Z,1,62,0,0,25,950,Samoa,750,Tonga,05/08/2023,15:00,13,9,34,9,34,9,70,Apia Park,-1,NA,1,2023,16,2,Hooker,0,,0,,271,Angus Gardner,1000642,Damon Murphy,1000613,Matthew Kellahan,-1,,3,International,N,L
1983,937717,30895,Solomone Funaki,750,Tonga,6153.96,6153.96,6939,2,84,24,0,0,43,Ruck OOA,574,Secured,585,Own Team 3rd Entry,590,OOA Entry 3rd Entry- Att,632,Attacking OOA,0,3,0,,0,,0,,0,,0,,0,0,0,0,1899-12-30T01:42:41Z,1,62,0,0,25,950,Samoa,750,Tonga,05/08/2023,15:00,13,9,34,9,34,9,70,Apia Park,-1,NA,1,2023,20,7,Openside Flanker,0,,0,,271,Angus Gardner,1000642,Damon Murphy,1000613,Matthew Kellahan,-1,,3,International,N,L
1984,937717,23395,Melani Matavao,950,Samoa,6154.52,6154.52,6939,2,16,44,0,0,43,Ruck OOA,577,Not Clearing,583,Own Team 1st Entry,603,OOA Entry 1st Entry- Def,633,Defensive OOA,0,1,0,,0,,0,,0,,0,,0,0,0,0,1899-12-30T01:42:42Z,1,62,0,0,25,950,Samoa,750,Tonga,05/08/2023,15:00,13,9,34,9,34,9,70,Apia Park,-1,NA,1,2023,21,9,Scrum Half,0,,0,,271,Angus Gardner,1000642,Damon Murphy,1000613,Matthew Kellahan,-1,,3,International,Y,W
1985,937717,28913,Otumaka Mausia,750,Tonga,6155.40,6155.40,6940,2,83,24,0,0,18,Collection,631,General Catch,0,,0,,0,,0,,0,,0,,0,,0,,0,,0,0,0,0,1899-12-30T01:42:47Z,2,62,0,0,25,950,Samoa,750,Tonga,05/08/2023,15:00,13,9,34,9,34,9,70,Apia Park,-1,NA,1,2023,22,10,Fly Half,0,,0,,271,Angus Gardner,1000642,Damon Murphy,1000613,Matthew Kellahan,-1,,3,International,N,L
1986,937717,28913,Otumaka Mausia,750,Tonga,6155.40,6155.40,6940,2,83,24,0,0,47,Playmaker Options,672,Acting Halfback at Breakdown,675,Playmaker Option - Pass,0,,0,,0,,0,,0,,0,,0,,0,,0,0,0,0,1899-12-30T01:42:47Z,2,62,0,0,25,950,Samoa,750,Tonga,05/08/2023,15:00,13,9,34,9,34,9,70,Apia Park,-1,NA,1,2023,22,10,Fly Half,0,,0,,271,Angus Gardner,1000642,Damon Murphy,1000613,Matthew Kellahan,-1,,3,International,N,L
1987,937717,28913,Otumaka Mausia,750,Tonga,6155.72,6156.28,6941,2,83,24,80,36,3,Pass,169,Complete,0,,686,Medium Pass,682,Right Pass,700,0th Receiver,0,,0,,0,,0,,0,,12,12,3,0,1899-12-30T01:42:47Z,2,62,0,0,25,950,Samoa,750,Tonga,05/08/2023,15:00,13,9,34,9,34,9,70,Apia Park,-1,NA,1,2023,22,10,Fly Half,0,,0,,271,Angus Gardner,1000642,Damon Murphy,1000613,Matthew Kellahan,-1,,3,International,N,L
1988,937717,22321,David Lolohea,750,Tonga,6156.28,6156.28,6941,2,80,36,0,0,18,Collection,631,General Catch,0,,0,,0,,0,,0,,0,,0,,0,,0,,0,0,0,0,1899-12-30T01:42:47Z,2,62,0,0,25,950,Samoa,750,Tonga,05/08/2023,15:00,13,9,34,9,34,9,70,Apia Park,-1,NA,1,2023,18,3,Tighthead Prop,0,,0,,271,Angus Gardner,1000642,Damon Murphy,1000613,Matthew Kellahan,-1,,3,International,N,L
1989,937717,22321,David Lolohea,750,Tonga,6156.28,6156.28,6941,2,80,36,0,0,47,Playmaker Options,656,First Receiver,673,Playmaker Option - Carry,0,,0,,0,,0,,0,,0,,0,,0,,0,0,0,0,1899-12-30T01:42:47Z,2,62,0,0,25,950,Samoa,750,Tonga,05/08/2023,15:00,13,9,34,9,34,9,70,Apia Park,-1,NA,1,2023,18,3,Tighthead Prop,0,,0,,271,Angus Gardner,1000642,Damon Murphy,1000613,Matthew Kellahan,-1,,3,International,N,L
1990,937717,22321,David Lolohea,750,Tonga,6156.28,6158.96,6941,2,80,36,82,35,1,Carry,101,One Out Drive,409,Tackled Ineffective,111,Failed Gain line,462,Ineffective Contact,502,2 Tacklers Committed,701,1st Receiver,0,,0,,0,,0,,0,1,0,0,1899-12-30T01:42:47Z,2,62,0,0,25,950,Samoa,750,Tonga,05/08/2023,15:00,13,9,34,9,34,9,70,Apia Park,-1,NA,1,2023,18,3,Tighthead Prop,0,,0,,271,Angus Gardner,1000642,Damon Murphy,1000613,Matthew Kellahan,-1,,3,International,N,L
1991,937717,36890,Theo McFarland,950,Samoa,6157.80,6157.80,6943,2,19,32,0,0,2,Tackle,144,Line,159,Sack,0,,473,Dominant Tackle,708,1st Tackler,0,,0,,0,,0,,0,,0,0,0,0,1899-12-30T01:42:48Z,2,62,0,0,25,950,Samoa,750,Tonga,05/08/2023,15:00,13,9,34,9,34,9,70,Apia Park,-1,NA,1,2023,19,4,Lock (4),0,,0,,271,Angus Gardner,1000642,Damon Murphy,1000613,Matthew Kellahan,-1,,3,International,Y,W
1992,937717,18506,Steven Luatua,950,Samoa,6158.76,6158.76,6944,2,19,32,0,0,2,Tackle,144,Line,159,Sack,441,Assist,473,Dominant Tackle,709,2nd Tackler,0,,0,,0,,0,,0,,0,0,0,0,1899-12-30T01:42:47Z,2,62,0,0,25,950,Samoa,750,Tonga,05/08/2023,15:00,13,9,34,9,34,9,70,Apia Park,-1,NA,1,2023,08,8,Number 8,0,,0,,271,Angus Gardner,1000642,Damon Murphy,1000613,Matthew Kellahan,-1,,3,International,Y,W
1993,937717,22321,David Lolohea,750,Tonga,6158.96,6160.24,6944,2,82,35,0,0,23,Ruck,0,,401,Won Outright,549,Behind Previous Gainline,553,1-2 Seconds,662,Mid Right Open Movement Ruck,0,,0,,0,,0,,0,,0,0,0,12,1899-12-30T01:42:49Z,2,62,0,0,25,950,Samoa,750,Tonga,05/08/2023,15:00,13,9,34,9,34,9,70,Apia Park,-1,NA,1,2023,18,3,Tighthead Prop,0,,0,,271,Angus Gardner,1000642,Damon Murphy,1000613,Matthew Kellahan,-1,,3,International,N,L
1994,937717,19606,Lopeti Timani,750,Tonga,6159.16,6159.16,6944,2,82,35,0,0,43,Ruck OOA,574,Secured,583,Own Team 1st Entry,588,OOA Entry 1st Entry- Att,632,Attacking OOA,0,1,0,,0,,0,,0,,0,,0,0,0,0,1899-12-30T01:42:48Z,2,62,0,0,25,950,Samoa,750,Tonga,05/08/2023,15:00,13,9,34,9,34,9,70,Apia Park,-1,NA,1,2023,19,6,Blindside Flanker,0,,0,,271,Angus Gardner,1000642,Damon Murphy,1000613,Matthew Kellahan,-1,,3,International,N,L
1995,937717,29249,Sione Havili Talitui,750,Tonga,6159.52,6159.52,6944,2,82,35,0,0,43,Ruck OOA,574,Secured,584,Own Team 2nd Entry,589,OOA Entry 2nd Entry- Att,632,Attacking OOA,0,2,0,,0,,0,,0,,0,,0,0,0,0,1899-12-30T01:42:48Z,2,62,0,0,25,950,Samoa,750,Tonga,05/08/2023,15:00,13,9,34,9,34,9,70,Apia Park,-1,NA,1,2023,07,7,Openside Flanker,0,,0,,271,Angus Gardner,1000642,Damon Murphy,1000613,Matthew Kellahan,-1,,3,International,N,L
1996,937717,28913,Otumaka Mausia,750,Tonga,6160.24,6160.24,6945,2,81,35,0,0,18,Collection,631,General Catch,0,,0,,0,,0,,0,,0,,0,,0,,0,,0,0,0,0,1899-12-30T01:42:52Z,3,62,0,0,25,950,Samoa,750,Tonga,05/08/2023,15:00,13,9,34,9,34,9,70,Apia Park,-1,NA,1,2023,22,10,Fly Half,0,,0,,271,Angus Gardner,1000642,Damon Murphy,1000613,Matthew Kellahan,-1,,3,International,N,L
1997,937717,28913,Otumaka Mausia,750,Tonga,6160.24,6160.24,6945,2,81,35,0,0,47,Playmaker Options,672,Acting Halfback at Breakdown,675,Playmaker Option - Pass,0,,0,,0,,0,,0,,0,,0,,0,,0,0,0,0,1899-12-30T01:42:52Z,3,62,0,0,25,950,Samoa,750,Tonga,05/08/2023,15:00,13,9,34,9,34,9,70,Apia Park,-1,NA,1,2023,22,10,Fly Half,0,,0,,271,Angus Gardner,1000642,Damon Murphy,1000613,Matthew Kellahan,-1,,3,International,N,L
1998,937717,28913,Otumaka Mausia,750,Tonga,6161.08,6161.56,6946,2,81,35,76,43,3,Pass,169,Complete,0,,686,Medium Pass,682,Right Pass,700,0th Receiver,0,,0,,0,,0,,0,,8,9,5,0,1899-12-30T01:42:52Z,3,62,0,0,25,950,Samoa,750,Tonga,05/08/2023,15:00,13,9,34,9,34,9,70,Apia Park,-1,NA,1,2023,22,10,Fly Half,0,,0,,271,Angus Gardner,1000642,Damon Murphy,1000613,Matthew Kellahan,-1,,3,International,N,L
1999,937717,30895,Solomone Funaki,750,Tonga,6161.56,6161.56,6946,2,76,43,0,0,18,Collection,631,General Catch,0,,0,,0,,0,,0,,0,,0,,0,,0,,0,0,0,0,1899-12-30T01:42:53Z,3,62,0,0,25,950,Samoa,750,Tonga,05/08/2023,15:00,13,9,34,9,34,9,70,Apia Park,-1,NA,1,2023,20,7,Openside Flanker,0,,0,,271,Angus Gardner,1000642,Damon Murphy,1000613,Matthew Kellahan,-1,,3,International,N,L
2000,937717,30895,Solomone Funaki,750,Tonga,6161.56,6161.56,6946,2,76,43,0,0,47,Playmaker Options,656,First Receiver,673,Playmaker Option - Carry,0,,0,,0,,0,,0,,0,,0,,0,,0,0,0,0,1899-12-30T01:42:53Z,3,62,0,0,25,950,Samoa,750,Tonga,05/08/2023,15:00,13,9,34,9,34,9,70,Apia Park,-1,NA,1,2023,20,7,Openside Flanker,0,,0,,271,Angus Gardner,1000642,Damon Murphy,1000613,Matthew Kellahan,-1,,3,International,N,L
2001,937717,30895,Solomone Funaki,750,Tonga,6161.56,6164.72,6946,2,76,43,82,47,1,Carry,101,One Out Drive,107,Tackled Dominant,110,Neutral Gain line,460,Dominant Contact,502,2 Tacklers Committed,701,1st Receiver,0,,0,,0,,0,,0,6,5,5,1899-12-30T01:42:53Z,3,62,0,0,25,950,Samoa,750,Tonga,05/08/2023,15:00,13,9,34,9,34,9,70,Apia Park,-1,NA,1,2023,20,7,Openside Flanker,0,,0,,271,Angus Gardner,1000642,Damon Murphy,1000613,Matthew Kellahan,-1,,3,International,N,L
2002,937717,17201,Paul Alo-Emile,950,Samoa,6162.20,6162.20,6947,2,23,24,0,0,2,Tackle,144,Line,160,Passive,0,,475,Ineffective Tackle,708,1st Tackler,0,,0,,0,,0,,0,,0,0,0,0,1899-12-30T01:42:53Z,3,62,0,0,25,950,Samoa,750,Tonga,05/08/2023,15:00,13,9,34,9,34,9,70,Apia Park,-1,NA,1,2023,18,3,Tighthead Prop,0,,0,,271,Angus Gardner,1000642,Damon Murphy,1000613,Matthew Kellahan,-1,,3,International,Y,W
2003,937717,31482,Luteru Tolai,950,Samoa,6162.48,6162.48,6947,2,23,24,0,0,2,Tackle,144,Line,160,Passive,441,Assist,475,Ineffective Tackle,709,2nd Tackler,0,,0,,0,,0,,0,,0,0,0,0,1899-12-30T01:42:54Z,3,62,0,0,25,950,Samoa,750,Tonga,05/08/2023,15:00,13,9,34,9,34,9,70,Apia Park,-1,NA,1,2023,16,2,Hooker,0,,0,,271,Angus Gardner,1000642,Damon Murphy,1000613,Matthew Kellahan,-1,,3,International,Y,W
2004,937717,30895,Solomone Funaki,750,Tonga,6164.72,6166.72,6950,2,82,47,0,0,23,Ruck,0,,401,Won Outright,550,Equal to Previous  Gainline,553,1-2 Seconds,666,Close Right Blindside Movement Ruck,0,,0,,0,,0,,0,,0,0,-1,8,1899-12-30T01:42:55Z,3,62,0,0,25,950,Samoa,750,Tonga,05/08/2023,15:00,13,9,34,9,34,9,70,Apia Park,-1,NA,1,2023,20,7,Openside Flanker,0,,0,,271,Angus Gardner,1000642,Damon Murphy,1000613,Matthew Kellahan,-1,,3,International,N,L
2005,937717,29249,Sione Havili Talitui,750,Tonga,6165.24,6165.24,6950,2,82,47,0,0,43,Ruck OOA,572,Cleaned Out,583,Own Team 1st Entry,588,OOA Entry 1st Entry- Att,632,Attacking OOA,0,1,0,,0,,0,,0,,0,,0,0,0,0,1899-12-30T01:42:54Z,3,62,0,0,25,950,Samoa,750,Tonga,05/08/2023,15:00,13,9,34,9,34,9,70,Apia Park,-1,NA,1,2023,07,7,Openside Flanker,0,,0,,271,Angus Gardner,1000642,Damon Murphy,1000613,Matthew Kellahan,-1,,3,International,N,L
2006,937717,22321,David Lolohea,750,Tonga,6166.36,6166.36,6951,2,82,47,0,0,43,Ruck OOA,574,Secured,584,Own Team 2nd Entry,589,OOA Entry 2nd Entry- Att,632,Attacking OOA,0,2,0,,0,,0,,0,,0,,0,0,0,0,1899-12-30T01:42:55Z,3,62,0,0,25,950,Samoa,750,Tonga,05/08/2023,15:00,13,9,34,9,34,9,70,Apia Park,-1,NA,1,2023,18,3,Tighthead Prop,0,,0,,271,Angus Gardner,1000642,Damon Murphy,1000613,Matthew Kellahan,-1,,3,International,N,L
2007,937717,28913,Otumaka Mausia,750,Tonga,6166.72,6166.72,6952,2,81,47,0,0,18,Collection,631,General Catch,0,,0,,0,,0,,0,,0,,0,,0,,0,,0,0,0,0,1899-12-30T01:42:58Z,4,62,0,0,25,950,Samoa,750,Tonga,05/08/2023,15:00,13,9,34,9,34,9,70,Apia Park,-1,NA,1,2023,22,10,Fly Half,0,,0,,271,Angus Gardner,1000642,Damon Murphy,1000613,Matthew Kellahan,-1,,3,International,N,L
2008,937717,28913,Otumaka Mausia,750,Tonga,6166.72,6166.72,6952,2,81,47,0,0,47,Playmaker Options,672,Acting Halfback at Breakdown,675,Playmaker Option - Pass,0,,0,,0,,0,,0,,0,,0,,0,,0,0,0,0,1899-12-30T01:42:58Z,4,62,0,0,25,950,Samoa,750,Tonga,05/08/2023,15:00,13,9,34,9,34,9,70,Apia Park,-1,NA,1,2023,22,10,Fly Half,0,,0,,271,Angus Gardner,1000642,Damon Murphy,1000613,Matthew Kellahan,-1,,3,International,N,L
2009,937717,28913,Otumaka Mausia,750,Tonga,6167.20,6167.72,6952,2,81,47,76,52,3,Pass,169,Complete,0,,686,Medium Pass,682,Right Pass,700,0th Receiver,0,,0,,0,,0,,0,,6,7,5,0,1899-12-30T01:42:58Z,4,62,0,0,25,950,Samoa,750,Tonga,05/08/2023,15:00,13,9,34,9,34,9,70,Apia Park,-1,NA,1,2023,22,10,Fly Half,0,,0,,271,Angus Gardner,1000642,Damon Murphy,1000613,Matthew Kellahan,-1,,3,International,N,L
2010,937717,17144,Paula Ngauamo,750,Tonga,6167.72,6167.72,6953,2,76,52,0,0,18,Collection,631,General Catch,0,,0,,0,,0,,0,,0,,0,,0,,0,,0,0,0,0,1899-12-30T01:42:59Z,4,62,0,0,25,950,Samoa,750,Tonga,05/08/2023,15:00,13,9,34,9,34,9,70,Apia Park,-1,NA,1,2023,16,2,Hooker,0,,0,,271,Angus Gardner,1000642,Damon Murphy,1000613,Matthew Kellahan,-1,,3,International,N,L
2011,937717,17144,Paula Ngauamo,750,Tonga,6167.72,6167.72,6953,2,76,52,0,0,47,Playmaker Options,656,First Receiver,673,Playmaker Option - Carry,0,,0,,0,,0,,0,,0,,0,,0,,0,0,0,0,1899-12-30T01:42:59Z,4,62,0,0,25,950,Samoa,750,Tonga,05/08/2023,15:00,13,9,34,9,34,9,70,Apia Park,-1,NA,1,2023,16,2,Hooker,0,,0,,271,Angus Gardner,1000642,Damon Murphy,1000613,Matthew Kellahan,-1,,3,International,N,L
2012,937717,17144,Paula Ngauamo,750,Tonga,6167.72,6169.64,6953,2,76,52,81,55,1,Carry,101,One Out Drive,108,Tackled Neutral,111,Failed Gain line,461,Neutral Contact,502,2 Tacklers Committed,701,1st Receiver,0,,0,,0,,0,,0,4,2,2,1899-12-30T01:42:59Z,4,62,0,0,25,950,Samoa,750,Tonga,05/08/2023,15:00,13,9,34,9,34,9,70,Apia Park,-1,NA,1,2023,16,2,Hooker,0,,0,,271,Angus Gardner,1000642,Damon Murphy,1000613,Matthew Kellahan,-1,,3,International,N,L
2013,937717,18506,Steven Luatua,950,Samoa,6168.92,6168.92,6954,2,22,14,0,0,2,Tackle,144,Line,153,Complete,0,,474,Neutral Tackle,708,1st Tackler,0,,0,,0,,0,,0,,0,0,0,0,1899-12-30T01:42:59Z,4,62,0,0,25,950,Samoa,750,Tonga,05/08/2023,15:00,13,9,34,9,34,9,70,Apia Park,-1,NA,1,2023,08,8,Number 8,0,,0,,271,Angus Gardner,1000642,Damon Murphy,1000613,Matthew Kellahan,-1,,3,International,Y,W
2014,937717,27345,Neria Fomai,950,Samoa,6169.08,6169.08,6954,2,22,14,0,0,2,Tackle,144,Line,153,Complete,441,Assist,474,Neutral Tackle,709,2nd Tackler,0,,0,,0,,0,,0,,0,0,0,0,1899-12-30T01:43:00Z,4,62,0,0,25,950,Samoa,750,Tonga,05/08/2023,15:00,13,9,34,9,34,9,70,Apia Park,-1,NA,1,2023,23,14,Right Wing,0,,0,,271,Angus Gardner,1000642,Damon Murphy,1000613,Matthew Kellahan,-1,,3,International,Y,W
2015,937717,17144,Paula Ngauamo,750,Tonga,6169.64,6172.96,6955,2,81,55,0,0,23,Ruck,0,,401,Won Outright,549,Behind Previous Gainline,555,3-4 Seconds,661,Mid Left Open Movement Ruck,0,,0,,0,,0,,0,,0,0,-1,30,1899-12-30T01:43:00Z,4,62,0,0,25,950,Samoa,750,Tonga,05/08/2023,15:00,13,9,34,9,34,9,70,Apia Park,-1,NA,1,2023,16,2,Hooker,0,,0,,271,Angus Gardner,1000642,Damon Murphy,1000613,Matthew Kellahan,-1,,3,International,N,L
2016,937717,26114,Leva Fifita,750,Tonga,6170.44,6170.44,6955,2,81,55,0,0,43,Ruck OOA,574,Secured,583,Own Team 1st Entry,588,OOA Entry 1st Entry- Att,632,Attacking OOA,0,1,0,,0,,0,,0,,0,,0,0,0,0,1899-12-30T01:42:57Z,4,62,0,0,25,950,Samoa,750,Tonga,05/08/2023,15:00,13,9,34,9,34,9,70,Apia Park,-1,NA,1,2023,04,4,Lock (4),0,,0,,271,Angus Gardner,1000642,Damon Murphy,1000613,Matthew Kellahan,-1,,3,International,N,L
2017,937717,9726,Afusipa Taumoepeau,750,Tonga,6171.00,6171.00,6956,2,81,55,0,0,43,Ruck OOA,574,Secured,584,Own Team 2nd Entry,589,OOA Entry 2nd Entry- Att,632,Attacking OOA,0,2,0,,0,,0,,0,,0,,0,0,0,0,1899-12-30T01:42:58Z,4,62,0,0,25,950,Samoa,750,Tonga,05/08/2023,15:00,13,9,34,9,34,9,70,Apia Park,-1,NA,1,2023,11,11,Left Wing,0,,0,,271,Angus Gardner,1000642,Damon Murphy,1000613,Matthew Kellahan,-1,,3,International,N,L
2018,937717,28913,Otumaka Mausia,750,Tonga,6172.96,6172.96,6958,2,80,55,0,0,18,Collection,631,General Catch,0,,0,,0,,0,,0,,0,,0,,0,,0,,0,0,0,0,1899-12-30T01:43:04Z,5,62,0,0,25,950,Samoa,750,Tonga,05/08/2023,15:00,13,9,34,9,34,9,70,Apia Park,-1,NA,1,2023,22,10,Fly Half,0,,0,,271,Angus Gardner,1000642,Damon Murphy,1000613,Matthew Kellahan,-1,,3,International,N,L
2019,937717,28913,Otumaka Mausia,750,Tonga,6172.96,6172.96,6958,2,80,55,0,0,47,Playmaker Options,672,Acting Halfback at Breakdown,675,Playmaker Option - Pass,0,,0,,0,,0,,0,,0,,0,,0,,0,0,0,0,1899-12-30T01:43:04Z,5,62,0,0,25,950,Samoa,750,Tonga,05/08/2023,15:00,13,9,34,9,34,9,70,Apia Park,-1,NA,1,2023,22,10,Fly Half,0,,0,,271,Angus Gardner,1000642,Damon Murphy,1000613,Matthew Kellahan,-1,,3,International,N,L
2020,937717,28913,Otumaka Mausia,750,Tonga,6173.20,6173.76,6958,2,80,55,76,48,3,Pass,169,Complete,0,,686,Medium Pass,681,Left Pass,700,0th Receiver,0,,0,,0,,0,,0,,7,8,4,0,1899-12-30T01:43:04Z,5,62,0,0,25,950,Samoa,750,Tonga,05/08/2023,15:00,13,9,34,9,34,9,70,Apia Park,-1,NA,1,2023,22,10,Fly Half,0,,0,,271,Angus Gardner,1000642,Damon Murphy,1000613,Matthew Kellahan,-1,,3,International,N,L
2021,937717,22321,David Lolohea,750,Tonga,6173.76,6173.76,6959,2,76,48,0,0,18,Collection,631,General Catch,0,,0,,0,,0,,0,,0,,0,,0,,0,,0,0,0,0,1899-12-30T01:43:05Z,5,62,0,0,25,950,Samoa,750,Tonga,05/08/2023,15:00,13,9,34,9,34,9,70,Apia Park,-1,NA,1,2023,18,3,Tighthead Prop,0,,0,,271,Angus Gardner,1000642,Damon Murphy,1000613,Matthew Kellahan,-1,,3,International,N,L
2022,937717,22321,David Lolohea,750,Tonga,6173.76,6173.76,6959,2,76,48,0,0,47,Playmaker Options,656,First Receiver,675,Playmaker Option - Pass,0,,0,,0,,0,,0,,0,,0,,0,,0,0,0,0,1899-12-30T01:43:05Z,5,62,0,0,25,950,Samoa,750,Tonga,05/08/2023,15:00,13,9,34,9,34,9,70,Apia Park,-1,NA,1,2023,18,3,Tighthead Prop,0,,0,,271,Angus Gardner,1000642,Damon Murphy,1000613,Matthew Kellahan,-1,,3,International,N,L
2023,937717,22321,David Lolohea,750,Tonga,6174.32,6174.76,6959,2,78,48,72,43,3,Pass,169,Complete,0,,679,Short Pass,681,Left Pass,701,1st Receiver,0,,0,,0,,0,,0,,5,7,6,0,1899-12-30T01:43:05Z,5,62,0,0,25,950,Samoa,750,Tonga,05/08/2023,15:00,13,9,34,9,34,9,70,Apia Park,-1,NA,1,2023,18,3,Tighthead Prop,0,,0,,271,Angus Gardner,1000642,Damon Murphy,1000613,Matthew Kellahan,-1,,3,International,N,L
2024,937717,28913,Otumaka Mausia,750,Tonga,6174.76,6174.76,7000,2,72,43,0,0,18,Collection,631,General Catch,0,,0,,0,,0,,0,,0,,0,,0,,0,,0,0,0,0,1899-12-30T01:43:06Z,5,62,0,0,25,950,Samoa,750,Tonga,05/08/2023,15:00,13,9,34,9,34,9,70,Apia Park,-1,NA,1,2023,22,10,Fly Half,0,,0,,271,Angus Gardner,1000642,Damon Murphy,1000613,Matthew Kellahan,-1,,3,International,N,L
2025,937717,28913,Otumaka Mausia,750,Tonga,6174.76,6174.76,7000,2,72,43,0,0,47,Playmaker Options,657,Second Receiver,675,Playmaker Option - Pass,0,,0,,0,,0,,0,,0,,0,,0,,0,0,0,0,1899-12-30T01:43:06Z,5,62,0,0,25,950,Samoa,750,Tonga,05/08/2023,15:00,13,9,34,9,34,9,70,Apia Park,-1,NA,1,2023,22,10,Fly Half,0,,0,,271,Angus Gardner,1000642,Damon Murphy,1000613,Matthew Kellahan,-1,,3,International,N,L
2026,937717,28913,Otumaka Mausia,750,Tonga,6175.76,6176.20,7001,2,74,42,73,36,3,Pass,169,Complete,0,,686,Medium Pass,681,Left Pass,702,2nd Receiver,0,,0,,0,,0,,0,,6,6,1,0,1899-12-30T01:43:06Z,5,62,0,0,25,950,Samoa,750,Tonga,05/08/2023,15:00,13,9,34,9,34,9,70,Apia Park,-1,NA,1,2023,22,10,Fly Half,0,,0,,271,Angus Gardner,1000642,Damon Murphy,1000613,Matthew Kellahan,-1,,3,International,N,L
2027,937717,28270,Tanginoa Halaifonua,750,Tonga,6176.20,6176.20,7001,2,73,36,0,0,18,Collection,631,General Catch,0,,0,,0,,0,,0,,0,,0,,0,,0,,0,0,0,0,1899-12-30T01:43:08Z,5,62,0,0,25,950,Samoa,750,Tonga,05/08/2023,15:00,13,9,34,9,34,9,70,Apia Park,-1,NA,1,2023,06,6,Blindside Flanker,0,,0,,271,Angus Gardner,1000642,Damon Murphy,1000613,Matthew Kellahan,-1,,3,International,N,L
2028,937717,28270,Tanginoa Halaifonua,750,Tonga,6176.20,6176.20,7001,2,73,36,0,0,47,Playmaker Options,658,Third Receiver,673,Playmaker Option - Carry,0,,0,,0,,0,,0,,0,,0,,0,,0,0,0,0,1899-12-30T01:43:08Z,5,62,0,0,25,950,Samoa,750,Tonga,05/08/2023,15:00,13,9,34,9,34,9,70,Apia Park,-1,NA,1,2023,06,6,Blindside Flanker,0,,0,,271,Angus Gardner,1000642,Damon Murphy,1000613,Matthew Kellahan,-1,,3,International,N,L
2029,937717,28270,Tanginoa Halaifonua,750,Tonga,6176.20,6177.56,7001,2,73,36,76,34,1,Carry,103,Other Carry,122,Off Load,111,Failed Gain line,461,Neutral Contact,502,2 Tacklers Committed,703,3rd Receiver,0,,0,,0,,0,,0,3,2,0,1899-12-30T01:43:08Z,5,62,0,0,25,950,Samoa,750,Tonga,05/08/2023,15:00,13,9,34,9,34,9,70,Apia Park,-1,NA,1,2023,06,6,Blindside Flanker,0,,0,,271,Angus Gardner,1000642,Damon Murphy,1000613,Matthew Kellahan,-1,,3,International,N,L
2030,937717,1927,Fritz Lee,950,Samoa,6176.32,6176.32,7001,2,26,29,0,0,2,Tackle,144,Line,161,Missed,0,,475,Ineffective Tackle,708,1st Tackler,0,,0,,0,,0,,0,,0,0,0,0,1899-12-30T01:43:06Z,5,62,0,0,25,950,Samoa,750,Tonga,05/08/2023,15:00,13,9,34,9,34,9,70,Apia Park,-1,NA,1,2023,20,8,Number 8,0,,0,,271,Angus Gardner,1000642,Damon Murphy,1000613,Matthew Kellahan,-1,,3,International,Y,W
2031,937717,1927,Fritz Lee,950,Samoa,6176.32,6176.32,7001,2,26,29,0,0,12,Missed Tackle,165,Positional,166,Tackled,0,,0,,0,,0,,0,,0,,0,,0,,0,0,0,0,1899-12-30T01:43:06Z,5,62,0,0,25,950,Samoa,750,Tonga,05/08/2023,15:00,13,9,34,9,34,9,70,Apia Park,-1,NA,1,2023,20,8,Number 8,0,,0,,271,Angus Gardner,1000642,Damon Murphy,1000613,Matthew Kellahan,-1,,3,International,Y,W
2032,937717,28270,Tanginoa Halaifonua,750,Tonga,6176.48,6176.48,7001,2,74,39,0,0,10,Attacking Qualities,116,Defender Beaten,0,,0,,0,,0,,0,,0,,0,,0,,0,,0,0,0,0,1899-12-30T01:43:07Z,5,62,0,0,25,950,Samoa,750,Tonga,05/08/2023,15:00,13,9,34,9,34,9,70,Apia Park,-1,NA,1,2023,06,6,Blindside Flanker,0,,0,,271,Angus Gardner,1000642,Damon Murphy,1000613,Matthew Kellahan,-1,,3,International,N,L
2033,937717,43727,Miracle Faiilagi,950,Samoa,6177.36,6177.36,7002,2,24,34,0,0,2,Tackle,144,Line,155,Offload Allowed,441,Assist,474,Neutral Tackle,709,2nd Tackler,0,,0,,0,,0,,0,,0,0,0,0,1899-12-30T01:43:08Z,5,62,0,0,25,950,Samoa,750,Tonga,05/08/2023,15:00,13,9,34,9,34,9,70,Apia Park,-1,NA,1,2023,06,6,Blindside Flanker,0,,0,,271,Angus Gardner,1000642,Damon Murphy,1000613,Matthew Kellahan,-1,,3,International,Y,W
2034,937717,28270,Tanginoa Halaifonua,750,Tonga,6177.56,6178.04,7002,2,76,34,75,28,3,Pass,151,Offload,128,Own Player,686,Medium Pass,681,Left Pass,703,3rd Receiver,0,,0,,0,,0,,0,,6,6,1,0,1899-12-30T01:43:08Z,5,62,0,0,25,950,Samoa,750,Tonga,05/08/2023,15:00,13,9,34,9,34,9,70,Apia Park,-1,NA,1,2023,06,6,Blindside Flanker,0,,0,,271,Angus Gardner,1000642,Damon Murphy,1000613,Matthew Kellahan,-1,,3,International,N,L
2035,937717,21731,Tau Koloamatangi,750,Tonga,6178.04,6178.04,7003,2,75,28,0,0,18,Collection,631,General Catch,0,,0,,0,,0,,0,,0,,0,,0,,0,,0,0,0,0,1899-12-30T01:43:09Z,5,62,0,0,25,950,Samoa,750,Tonga,05/08/2023,15:00,13,9,34,9,34,9,70,Apia Park,-1,NA,1,2023,17,1,Loosehead Prop,0,,0,,271,Angus Gardner,1000642,Damon Murphy,1000613,Matthew Kellahan,-1,,3,International,N,L
2036,937717,21731,Tau Koloamatangi,750,Tonga,6178.04,6180.08,7003,2,75,28,79,26,1,Carry,106,Support Carry,108,Tackled Neutral,111,Failed Gain line,461,Neutral Contact,501,1 Tacklers Committed,704,4th Receiver,0,,0,,0,,0,,0,5,3,3,1899-12-30T01:43:09Z,5,62,0,0,25,950,Samoa,750,Tonga,05/08/2023,15:00,13,9,34,9,34,9,70,Apia Park,-1,NA,1,2023,17,1,Loosehead Prop,0,,0,,271,Angus Gardner,1000642,Damon Murphy,1000613,Matthew Kellahan,-1,,3,International,N,L
2037,937717,22603,Duncan Paia'aua,950,Samoa,6178.88,6178.88,7004,2,23,40,0,0,2,Tackle,145,Guard,153,Complete,0,,474,Neutral Tackle,708,1st Tackler,0,,0,,0,,0,,0,,0,0,0,0,1899-12-30T01:43:09Z,5,62,0,0,25,950,Samoa,750,Tonga,05/08/2023,15:00,13,9,34,9,34,9,70,Apia Park,-1,NA,1,2023,12,12,Inside Centre,0,,0,,271,Angus Gardner,1000642,Damon Murphy,1000613,Matthew Kellahan,-1,,3,International,Y,W
2038,937717,21731,Tau Koloamatangi,750,Tonga,6180.08,6183.12,7005,2,79,26,0,0,23,Ruck,0,,401,Won Outright,549,Behind Previous Gainline,555,3-4 Seconds,663,Close Left Open Movement Ruck,0,,0,,0,,0,,0,,0,0,2,10,1899-12-30T01:43:11Z,5,62,0,0,25,950,Samoa,750,Tonga,05/08/2023,15:00,13,9,34,9,34,9,70,Apia Park,-1,NA,1,2023,17,1,Loosehead Prop,0,,0,,271,Angus Gardner,1000642,Damon Murphy,1000613,Matthew Kellahan,-1,,3,International,N,L
2039,937717,29249,Sione Havili Talitui,750,Tonga,6180.60,6180.60,7005,2,79,26,0,0,43,Ruck OOA,574,Secured,583,Own Team 1st Entry,588,OOA Entry 1st Entry- Att,632,Attacking OOA,0,1,0,,0,,0,,0,,0,,0,0,0,0,1899-12-30T01:43:08Z,5,62,0,0,25,950,Samoa,750,Tonga,05/08/2023,15:00,13,9,34,9,34,9,70,Apia Park,-1,NA,1,2023,07,7,Openside Flanker,0,,0,,271,Angus Gardner,1000642,Damon Murphy,1000613,Matthew Kellahan,-1,,3,International,N,L
2040,937717,19606,Lopeti Timani,750,Tonga,6180.88,6180.88,7006,2,79,26,0,0,43,Ruck OOA,574,Secured,584,Own Team 2nd Entry,589,OOA Entry 2nd Entry- Att,632,Attacking OOA,0,2,0,,0,,0,,0,,0,,0,0,0,0,1899-12-30T01:43:08Z,5,62,0,0,25,950,Samoa,750,Tonga,05/08/2023,15:00,13,9,34,9,34,9,70,Apia Park,-1,NA,1,2023,19,6,Blindside Flanker,0,,0,,271,Angus Gardner,1000642,Damon Murphy,1000613,Matthew Kellahan,-1,,3,International,N,L
2041,937717,28913,Otumaka Mausia,750,Tonga,6183.12,6183.12,7008,2,78,26,0,0,18,Collection,631,General Catch,0,,0,,0,,0,,0,,0,,0,,0,,0,,0,0,0,0,1899-12-30T01:43:14Z,6,62,0,0,25,950,Samoa,750,Tonga,05/08/2023,15:00,13,9,34,9,34,9,70,Apia Park,-1,NA,1,2023,22,10,Fly Half,0,,0,,271,Angus Gardner,1000642,Damon Murphy,1000613,Matthew Kellahan,-1,,3,International,N,L
2042,937717,28913,Otumaka Mausia,750,Tonga,6183.12,6183.12,7008,2,78,26,0,0,47,Playmaker Options,672,Acting Halfback at Breakdown,675,Playmaker Option - Pass,0,,0,,0,,0,,0,,0,,0,,0,,0,0,0,0,1899-12-30T01:43:14Z,6,62,0,0,25,950,Samoa,750,Tonga,05/08/2023,15:00,13,9,34,9,34,9,70,Apia Park,-1,NA,1,2023,22,10,Fly Half,0,,0,,271,Angus Gardner,1000642,Damon Murphy,1000613,Matthew Kellahan,-1,,3,International,N,L
2043,937717,28913,Otumaka Mausia,750,Tonga,6183.56,6184.08,7008,2,78,26,76,20,3,Pass,169,Complete,0,,686,Medium Pass,681,Left Pass,700,0th Receiver,0,,0,,0,,0,,0,,6,6,2,0,1899-12-30T01:43:15Z,6,62,0,0,25,950,Samoa,750,Tonga,05/08/2023,15:00,13,9,34,9,34,9,70,Apia Park,-1,NA,1,2023,22,10,Fly Half,0,,0,,271,Angus Gardner,1000642,Damon Murphy,1000613,Matthew Kellahan,-1,,3,International,N,L
2044,937717,30895,Solomone Funaki,750,Tonga,6184.08,6184.08,7009,2,76,20,0,0,18,Collection,631,General Catch,0,,0,,0,,0,,0,,0,,0,,0,,0,,0,0,0,0,1899-12-30T01:43:15Z,6,62,0,0,25,950,Samoa,750,Tonga,05/08/2023,15:00,13,9,34,9,34,9,70,Apia Park,-1,NA,1,2023,20,7,Openside Flanker,0,,0,,271,Angus Gardner,1000642,Damon Murphy,1000613,Matthew Kellahan,-1,,3,International,N,L
2045,937717,30895,Solomone Funaki,750,Tonga,6184.08,6184.08,7009,2,76,20,0,0,47,Playmaker Options,656,First Receiver,673,Playmaker Option - Carry,0,,0,,0,,0,,0,,0,,0,,0,,0,0,0,0,1899-12-30T01:43:15Z,6,62,0,0,25,950,Samoa,750,Tonga,05/08/2023,15:00,13,9,34,9,34,9,70,Apia Park,-1,NA,1,2023,20,7,Openside Flanker,0,,0,,271,Angus Gardner,1000642,Damon Murphy,1000613,Matthew Kellahan,-1,,3,International,N,L
2046,937717,30895,Solomone Funaki,750,Tonga,6184.08,6186.56,7009,2,76,20,81,17,1,Carry,101,One Out Drive,107,Tackled Dominant,109,Crossed Gain line,460,Dominant Contact,502,2 Tacklers Committed,701,1st Receiver,0,,0,,0,,0,,2,5,3,3,1899-12-30T01:43:15Z,6,62,0,0,25,950,Samoa,750,Tonga,05/08/2023,15:00,13,9,34,9,34,9,70,Apia Park,-1,NA,1,2023,20,7,Openside Flanker,0,,0,,271,Angus Gardner,1000642,Damon Murphy,1000613,Matthew Kellahan,-1,,3,International,N,L
2047,937717,43727,Miracle Faiilagi,950,Samoa,6185.16,6185.16,7010,2,22,49,0,0,2,Tackle,144,Line,160,Passive,0,,475,Ineffective Tackle,708,1st Tackler,0,,0,,0,,0,,0,,0,0,0,0,1899-12-30T01:43:16Z,6,62,0,0,25,950,Samoa,750,Tonga,05/08/2023,15:00,13,9,34,9,34,9,70,Apia Park,-1,NA,1,2023,06,6,Blindside Flanker,0,,0,,271,Angus Gardner,1000642,Damon Murphy,1000613,Matthew Kellahan,-1,,3,International,Y,W
2048,937717,17201,Paul Alo-Emile,950,Samoa,6185.48,6185.48,7010,2,22,49,0,0,2,Tackle,144,Line,160,Passive,441,Assist,475,Ineffective Tackle,709,2nd Tackler,0,,0,,0,,0,,0,,0,0,0,0,1899-12-30T01:43:16Z,6,62,0,0,25,950,Samoa,750,Tonga,05/08/2023,15:00,13,9,34,9,34,9,70,Apia Park,-1,NA,1,2023,18,3,Tighthead Prop,0,,0,,271,Angus Gardner,1000642,Damon Murphy,1000613,Matthew Kellahan,-1,,3,International,Y,W
2049,937717,22603,Duncan Paia'aua,950,Samoa,6186.48,6186.48,7011,2,22,49,0,0,40,Defensive Action,560,Tackle Arrival,0,,0,,0,,0,,0,,0,,0,,0,,0,,0,0,0,0,1899-12-30T01:43:17Z,6,62,0,0,25,950,Samoa,750,Tonga,05/08/2023,15:00,13,9,34,9,34,9,70,Apia Park,-1,NA,1,2023,12,12,Inside Centre,0,,0,,271,Angus Gardner,1000642,Damon Murphy,1000613,Matthew Kellahan,-1,,3,International,Y,W
2050,937717,30895,Solomone Funaki,750,Tonga,6186.56,6189.08,7011,2,81,17,0,0,23,Ruck,0,,401,Won Outright,548,Over Previous Gainline,554,2-3 Seconds,722,Mid Left Blindside Movement Ruck,0,,0,,0,,0,,0,,0,0,5,12,1899-12-30T01:43:17Z,6,62,0,0,25,950,Samoa,750,Tonga,05/08/2023,15:00,13,9,34,9,34,9,70,Apia Park,-1,NA,1,2023,20,7,Openside Flanker,0,,0,,271,Angus Gardner,1000642,Damon Murphy,1000613,Matthew Kellahan,-1,,3,International,N,L
2051,937717,22603,Duncan Paia'aua,950,Samoa,6187.28,6187.28,7012,2,19,51,0,0,43,Ruck OOA,578,Got Cleaned Out,583,Own Team 1st Entry,603,OOA Entry 1st Entry- Def,633,Defensive OOA,0,1,0,,0,,0,,0,,0,,0,0,0,0,1899-12-30T01:43:15Z,6,62,0,0,25,950,Samoa,750,Tonga,05/08/2023,15:00,13,9,34,9,34,9,70,Apia Park,-1,NA,1,2023,12,12,Inside Centre,0,,0,,271,Angus Gardner,1000642,Damon Murphy,1000613,Matthew Kellahan,-1,,3,International,Y,W
2052,937717,20059,Malakai Fekitoa,750,Tonga,6187.44,6187.44,7012,2,81,17,0,0,43,Ruck OOA,572,Cleaned Out,583,Own Team 1st Entry,588,OOA Entry 1st Entry- Att,632,Attacking OOA,0,1,0,,0,,0,,0,,0,,0,0,0,0,1899-12-30T01:43:15Z,6,62,0,0,25,950,Samoa,750,Tonga,05/08/2023,15:00,13,9,34,9,34,9,70,Apia Park,-1,NA,1,2023,23,11,Left Wing,0,,0,,271,Angus Gardner,1000642,Damon Murphy,1000613,Matthew Kellahan,-1,,3,International,N,L
2053,937717,22321,David Lolohea,750,Tonga,6187.88,6187.88,7013,2,81,17,0,0,43,Ruck OOA,574,Secured,584,Own Team 2nd Entry,589,OOA Entry 2nd Entry- Att,632,Attacking OOA,0,2,0,,0,,0,,0,,0,,0,0,0,0,1899-12-30T01:43:15Z,6,62,0,0,25,950,Samoa,750,Tonga,05/08/2023,15:00,13,9,34,9,34,9,70,Apia Park,-1,NA,1,2023,18,3,Tighthead Prop,0,,0,,271,Angus Gardner,1000642,Damon Murphy,1000613,Matthew Kellahan,-1,,3,International,N,L
2054,937717,28913,Otumaka Mausia,750,Tonga,6189.08,6189.08,7014,2,80,16,0,0,18,Collection,631,General Catch,0,,0,,0,,0,,0,,0,,0,,0,,0,,0,0,0,0,1899-12-30T01:43:20Z,7,62,0,0,25,950,Samoa,750,Tonga,05/08/2023,15:00,13,9,34,9,34,9,70,Apia Park,-1,NA,1,2023,22,10,Fly Half,0,,0,,271,Angus Gardner,1000642,Damon Murphy,1000613,Matthew Kellahan,-1,,3,International,N,L
2055,937717,28913,Otumaka Mausia,750,Tonga,6189.08,6189.08,7014,2,80,16,0,0,47,Playmaker Options,672,Acting Halfback at Breakdown,675,Playmaker Option - Pass,0,,0,,0,,0,,0,,0,,0,,0,,0,0,0,0,1899-12-30T01:43:20Z,7,62,0,0,25,950,Samoa,750,Tonga,05/08/2023,15:00,13,9,34,9,34,9,70,Apia Park,-1,NA,1,2023,22,10,Fly Half,0,,0,,271,Angus Gardner,1000642,Damon Murphy,1000613,Matthew Kellahan,-1,,3,International,N,L
2056,937717,28913,Otumaka Mausia,750,Tonga,6189.36,6189.92,7014,2,80,16,77,11,3,Pass,169,Complete,0,,679,Short Pass,681,Left Pass,700,0th Receiver,0,,0,,0,,0,,0,,5,6,3,0,1899-12-30T01:43:20Z,7,62,0,0,25,950,Samoa,750,Tonga,05/08/2023,15:00,13,9,34,9,34,9,70,Apia Park,-1,NA,1,2023,22,10,Fly Half,0,,0,,271,Angus Gardner,1000642,Damon Murphy,1000613,Matthew Kellahan,-1,,3,International,N,L
2057,937717,18936,Pita Ahki,750,Tonga,6189.92,6189.92,7015,2,77,11,0,0,18,Collection,631,General Catch,0,,0,,0,,0,,0,,0,,0,,0,,0,,0,0,0,0,1899-12-30T01:43:21Z,7,62,0,0,25,950,Samoa,750,Tonga,05/08/2023,15:00,13,9,34,9,34,9,70,Apia Park,-1,NA,1,2023,12,12,Inside Centre,0,,0,,271,Angus Gardner,1000642,Damon Murphy,1000613,Matthew Kellahan,-1,,3,International,N,L
2058,937717,18936,Pita Ahki,750,Tonga,6189.92,6189.92,7015,2,77,11,0,0,47,Playmaker Options,656,First Receiver,675,Playmaker Option - Pass,0,,0,,0,,0,,0,,0,,0,,0,,0,0,0,0,1899-12-30T01:43:21Z,7,62,0,0,25,950,Samoa,750,Tonga,05/08/2023,15:00,13,9,34,9,34,9,70,Apia Park,-1,NA,1,2023,12,12,Inside Centre,0,,0,,271,Angus Gardner,1000642,Damon Murphy,1000613,Matthew Kellahan,-1,,3,International,N,L
2059,937717,18936,Pita Ahki,750,Tonga,6190.44,6190.64,7015,2,79,10,79,7,3,Pass,169,Complete,0,,679,Short Pass,681,Left Pass,701,1st Receiver,0,,0,,0,,0,,0,,3,3,0,0,1899-12-30T01:43:21Z,7,62,0,0,25,950,Samoa,750,Tonga,05/08/2023,15:00,13,9,34,9,34,9,70,Apia Park,-1,NA,1,2023,12,12,Inside Centre,0,,0,,271,Angus Gardner,1000642,Damon Murphy,1000613,Matthew Kellahan,-1,,3,International,N,L
2060,937717,19128,George Moala,750,Tonga,6190.64,6190.64,7016,2,79,7,0,0,18,Collection,631,General Catch,0,,0,,0,,0,,0,,0,,0,,0,,0,,0,0,0,0,1899-12-30T01:43:22Z,7,62,0,0,25,950,Samoa,750,Tonga,05/08/2023,15:00,13,9,34,9,34,9,70,Apia Park,-1,NA,1,2023,13,13,Outside Centre,0,,0,,271,Angus Gardner,1000642,Damon Murphy,1000613,Matthew Kellahan,-1,,3,International,N,L
2061,937717,19128,George Moala,750,Tonga,6190.64,6190.64,7016,2,79,7,0,0,47,Playmaker Options,657,Second Receiver,673,Playmaker Option - Carry,0,,0,,0,,0,,0,,0,,0,,0,,0,0,0,0,1899-12-30T01:43:22Z,7,62,0,0,25,950,Samoa,750,Tonga,05/08/2023,15:00,13,9,34,9,34,9,70,Apia Park,-1,NA,1,2023,13,13,Outside Centre,0,,0,,271,Angus Gardner,1000642,Damon Murphy,1000613,Matthew Kellahan,-1,,3,International,N,L
2062,937717,19128,George Moala,750,Tonga,6190.64,6192.80,7016,2,79,7,86,5,1,Carry,103,Other Carry,107,Tackled Dominant,109,Crossed Gain line,460,Dominant Contact,502,2 Tacklers Committed,702,2nd Receiver,0,,0,,0,,0,,5,8,5,5,1899-12-30T01:43:22Z,7,62,0,0,25,950,Samoa,750,Tonga,05/08/2023,15:00,13,9,34,9,34,9,70,Apia Park,-1,NA,1,2023,13,13,Outside Centre,0,,0,,271,Angus Gardner,1000642,Damon Murphy,1000613,Matthew Kellahan,-1,,3,International,N,L
2063,937717,20546,Nigel Ah Wong,950,Samoa,6191.96,6191.96,7017,2,19,62,0,0,2,Tackle,146,Edge,160,Passive,0,,475,Ineffective Tackle,708,1st Tackler,0,,0,,0,,0,,0,,0,0,0,0,1899-12-30T01:43:22Z,7,62,0,0,25,950,Samoa,750,Tonga,05/08/2023,15:00,13,9,34,9,34,9,70,Apia Park,-1,NA,1,2023,14,14,Right Wing,0,,0,,271,Angus Gardner,1000642,Damon Murphy,1000613,Matthew Kellahan,-1,,3,International,Y,W
2064,937717,9023,Christian Leali'ifano,950,Samoa,6192.36,6192.36,7017,2,19,62,0,0,2,Tackle,144,Line,153,Complete,441,Assist,474,Neutral Tackle,709,2nd Tackler,0,,0,,0,,0,,0,,0,0,0,0,1899-12-30T01:43:23Z,7,62,0,0,25,950,Samoa,750,Tonga,05/08/2023,15:00,13,9,34,9,34,9,70,Apia Park,-1,NA,1,2023,22,10,Fly Half,0,,0,,271,Angus Gardner,1000642,Damon Murphy,1000613,Matthew Kellahan,-1,,3,International,Y,W
2065,937717,19128,George Moala,750,Tonga,6192.80,6197.00,7018,2,86,5,0,0,23,Ruck,0,,401,Won Outright,548,Over Previous Gainline,556,4-5 Seconds,662,Mid Right Open Movement Ruck,0,,0,,0,,0,,0,,0,0,-1,12,1899-12-30T01:43:23Z,7,62,0,0,25,950,Samoa,750,Tonga,05/08/2023,15:00,13,9,34,9,34,9,70,Apia Park,-1,NA,1,2023,13,13,Outside Centre,0,,0,,271,Angus Gardner,1000642,Damon Murphy,1000613,Matthew Kellahan,-1,,3,International,N,L
2066,937717,17201,Paul Alo-Emile,950,Samoa,6194.40,6194.40,7019,2,14,63,0,0,43,Ruck OOA,578,Got Cleaned Out,583,Own Team 1st Entry,603,OOA Entry 1st Entry- Def,633,Defensive OOA,0,1,0,,0,,0,,0,,0,,0,0,0,0,1899-12-30T01:43:20Z,7,62,0,0,25,950,Samoa,750,Tonga,05/08/2023,15:00,13,9,34,9,34,9,70,Apia Park,-1,NA,1,2023,18,3,Tighthead Prop,0,,0,,271,Angus Gardner,1000642,Damon Murphy,1000613,Matthew Kellahan,-1,,3,International,Y,W
2067,937717,21155,Vaea Fifita,750,Tonga,6194.56,6194.56,7019,2,86,5,0,0,43,Ruck OOA,572,Cleaned Out,583,Own Team 1st Entry,588,OOA Entry 1st Entry- Att,632,Attacking OOA,0,1,0,,0,,0,,0,,0,,0,0,0,0,1899-12-30T01:43:20Z,7,62,0,0,25,950,Samoa,750,Tonga,05/08/2023,15:00,13,9,34,9,34,9,70,Apia Park,-1,NA,1,2023,08,8,Number 8,0,,0,,271,Angus Gardner,1000642,Damon Murphy,1000613,Matthew Kellahan,-1,,3,International,N,L
2068,937717,28913,Otumaka Mausia,750,Tonga,6195.60,6195.60,7020,2,86,5,0,0,43,Ruck OOA,574,Secured,584,Own Team 2nd Entry,589,OOA Entry 2nd Entry- Att,632,Attacking OOA,0,2,0,,0,,0,,0,,0,,0,0,0,0,1899-12-30T01:43:21Z,7,62,0,0,25,950,Samoa,750,Tonga,05/08/2023,15:00,13,9,34,9,34,9,70,Apia Park,-1,NA,1,2023,22,10,Fly Half,0,,0,,271,Angus Gardner,1000642,Damon Murphy,1000613,Matthew Kellahan,-1,,3,International,N,L
2069,937717,18936,Pita Ahki,750,Tonga,6197.00,6197.00,7022,2,85,5,0,0,18,Collection,631,General Catch,0,,0,,0,,0,,0,,0,,0,,0,,0,,0,0,0,0,1899-12-30T01:43:29Z,8,62,0,0,25,950,Samoa,750,Tonga,05/08/2023,15:00,13,9,34,9,34,9,70,Apia Park,-1,NA,1,2023,12,12,Inside Centre,0,,0,,271,Angus Gardner,1000642,Damon Murphy,1000613,Matthew Kellahan,-1,,3,International,N,L
2070,937717,18936,Pita Ahki,750,Tonga,6197.00,6197.00,7022,2,85,5,0,0,47,Playmaker Options,672,Acting Halfback at Breakdown,675,Playmaker Option - Pass,0,,0,,0,,0,,0,,0,,0,,0,,0,0,0,0,1899-12-30T01:43:29Z,8,62,0,0,25,950,Samoa,750,Tonga,05/08/2023,15:00,13,9,34,9,34,9,70,Apia Park,-1,NA,1,2023,12,12,Inside Centre,0,,0,,271,Angus Gardner,1000642,Damon Murphy,1000613,Matthew Kellahan,-1,,3,International,N,L
2071,937717,18936,Pita Ahki,750,Tonga,6197.40,6198.20,7022,2,85,5,81,15,3,Pass,169,Complete,0,,686,Medium Pass,682,Right Pass,700,0th Receiver,0,,0,,0,,0,,0,,10,11,5,0,1899-12-30T01:43:29Z,8,62,0,0,25,950,Samoa,750,Tonga,05/08/2023,15:00,13,9,34,9,34,9,70,Apia Park,-1,NA,1,2023,12,12,Inside Centre,0,,0,,271,Angus Gardner,1000642,Damon Murphy,1000613,Matthew Kellahan,-1,,3,International,N,L
2072,937717,30895,Solomone Funaki,750,Tonga,6198.20,6198.20,7023,2,81,15,0,0,18,Collection,631,General Catch,0,,0,,0,,0,,0,,0,,0,,0,,0,,0,0,0,0,1899-12-30T01:43:30Z,8,62,0,0,25,950,Samoa,750,Tonga,05/08/2023,15:00,13,9,34,9,34,9,70,Apia Park,-1,NA,1,2023,20,7,Openside Flanker,0,,0,,271,Angus Gardner,1000642,Damon Murphy,1000613,Matthew Kellahan,-1,,3,International,N,L
2073,937717,30895,Solomone Funaki,750,Tonga,6198.20,6198.20,7023,2,81,15,0,0,47,Playmaker Options,656,First Receiver,673,Playmaker Option - Carry,0,,0,,0,,0,,0,,0,,0,,0,,0,0,0,0,1899-12-30T01:43:30Z,8,62,0,0,25,950,Samoa,750,Tonga,05/08/2023,15:00,13,9,34,9,34,9,70,Apia Park,-1,NA,1,2023,20,7,Openside Flanker,0,,0,,271,Angus Gardner,1000642,Damon Murphy,1000613,Matthew Kellahan,-1,,3,International,N,L
2074,937717,30895,Solomone Funaki,750,Tonga,6198.20,6199.72,7023,2,81,15,85,16,1,Carry,101,One Out Drive,108,Tackled Neutral,111,Failed Gain line,461,Neutral Contact,502,2 Tacklers Committed,701,1st Receiver,0,,0,,0,,0,,0,5,1,1,1899-12-30T01:43:30Z,8,62,0,0,25,950,Samoa,750,Tonga,05/08/2023,15:00,13,9,34,9,34,9,70,Apia Park,-1,NA,1,2023,20,7,Openside Flanker,0,,0,,271,Angus Gardner,1000642,Damon Murphy,1000613,Matthew Kellahan,-1,,3,International,N,L
2075,937717,17201,Paul Alo-Emile,950,Samoa,6199.32,6199.32,7024,2,16,51,0,0,2,Tackle,144,Line,153,Complete,0,,474,Neutral Tackle,708,1st Tackler,0,,0,,0,,0,,0,,0,0,0,0,1899-12-30T01:43:30Z,8,62,0,0,25,950,Samoa,750,Tonga,05/08/2023,15:00,13,9,34,9,34,9,70,Apia Park,-1,NA,1,2023,18,3,Tighthead Prop,0,,0,,271,Angus Gardner,1000642,Damon Murphy,1000613,Matthew Kellahan,-1,,3,International,Y,W
2076,937717,1927,Fritz Lee,950,Samoa,6199.60,6199.60,7024,2,16,51,0,0,2,Tackle,144,Line,153,Complete,441,Assist,474,Neutral Tackle,709,2nd Tackler,0,,0,,0,,0,,0,,0,0,0,0,1899-12-30T01:43:30Z,8,62,0,0,25,950,Samoa,750,Tonga,05/08/2023,15:00,13,9,34,9,34,9,70,Apia Park,-1,NA,1,2023,20,8,Number 8,0,,0,,271,Angus Gardner,1000642,Damon Murphy,1000613,Matthew Kellahan,-1,,3,International,Y,W
2077,937717,30895,Solomone Funaki,750,Tonga,6199.72,6202.44,7025,2,85,16,0,0,23,Ruck,0,,401,Won Outright,549,Behind Previous Gainline,554,2-3 Seconds,662,Mid Right Open Movement Ruck,0,,0,,0,,0,,0,,0,0,-1,22,1899-12-30T01:43:30Z,8,62,0,0,25,950,Samoa,750,Tonga,05/08/2023,15:00,13,9,34,9,34,9,70,Apia Park,-1,NA,1,2023,20,7,Openside Flanker,0,,0,,271,Angus Gardner,1000642,Damon Murphy,1000613,Matthew Kellahan,-1,,3,International,N,L
2078,937717,43727,Miracle Faiilagi,950,Samoa,6200.80,6200.80,7026,2,15,52,0,0,43,Ruck OOA,578,Got Cleaned Out,583,Own Team 1st Entry,603,OOA Entry 1st Entry- Def,633,Defensive OOA,0,1,0,,0,,0,,0,,0,,0,0,0,0,1899-12-30T01:43:28Z,8,62,0,0,25,950,Samoa,750,Tonga,05/08/2023,15:00,13,9,34,9,34,9,70,Apia Park,-1,NA,1,2023,06,6,Blindside Flanker,0,,0,,271,Angus Gardner,1000642,Damon Murphy,1000613,Matthew Kellahan,-1,,3,International,Y,W
2079,937717,19606,Lopeti Timani,750,Tonga,6201.16,6201.16,7026,2,85,16,0,0,43,Ruck OOA,572,Cleaned Out,583,Own Team 1st Entry,588,OOA Entry 1st Entry- Att,632,Attacking OOA,0,1,0,,0,,0,,0,,0,,0,0,0,0,1899-12-30T01:43:28Z,8,62,0,0,25,950,Samoa,750,Tonga,05/08/2023,15:00,13,9,34,9,34,9,70,Apia Park,-1,NA,1,2023,19,6,Blindside Flanker,0,,0,,271,Angus Gardner,1000642,Damon Murphy,1000613,Matthew Kellahan,-1,,3,International,N,L
2080,937717,29249,Sione Havili Talitui,750,Tonga,6201.40,6201.40,7026,2,85,16,0,0,43,Ruck OOA,572,Cleaned Out,584,Own Team 2nd Entry,589,OOA Entry 2nd Entry- Att,632,Attacking OOA,0,2,0,,0,,0,,0,,0,,0,0,0,0,1899-12-30T01:43:28Z,8,62,0,0,25,950,Samoa,750,Tonga,05/08/2023,15:00,13,9,34,9,34,9,70,Apia Park,-1,NA,1,2023,07,7,Openside Flanker,0,,0,,271,Angus Gardner,1000642,Damon Murphy,1000613,Matthew Kellahan,-1,,3,International,N,L
2081,937717,28270,Tanginoa Halaifonua,750,Tonga,6202.04,6202.04,7027,2,85,16,0,0,43,Ruck OOA,574,Secured,585,Own Team 3rd Entry,590,OOA Entry 3rd Entry- Att,632,Attacking OOA,0,3,0,,0,,0,,0,,0,,0,0,0,0,1899-12-30T01:43:29Z,8,62,0,0,25,950,Samoa,750,Tonga,05/08/2023,15:00,13,9,34,9,34,9,70,Apia Park,-1,NA,1,2023,06,6,Blindside Flanker,0,,0,,271,Angus Gardner,1000642,Damon Murphy,1000613,Matthew Kellahan,-1,,3,International,N,L
2082,937717,18936,Pita Ahki,750,Tonga,6202.44,6202.44,7027,2,84,16,0,0,18,Collection,631,General Catch,0,,0,,0,,0,,0,,0,,0,,0,,0,,0,0,0,0,1899-12-30T01:43:34Z,9,62,0,0,25,950,Samoa,750,Tonga,05/08/2023,15:00,13,9,34,9,34,9,70,Apia Park,-1,NA,1,2023,12,12,Inside Centre,0,,0,,271,Angus Gardner,1000642,Damon Murphy,1000613,Matthew Kellahan,-1,,3,International,N,L
2083,937717,18936,Pita Ahki,750,Tonga,6202.44,6202.44,7027,2,84,16,0,0,47,Playmaker Options,672,Acting Halfback at Breakdown,675,Playmaker Option - Pass,0,,0,,0,,0,,0,,0,,0,,0,,0,0,0,0,1899-12-30T01:43:34Z,9,62,0,0,25,950,Samoa,750,Tonga,05/08/2023,15:00,13,9,34,9,34,9,70,Apia Park,-1,NA,1,2023,12,12,Inside Centre,0,,0,,271,Angus Gardner,1000642,Damon Murphy,1000613,Matthew Kellahan,-1,,3,International,N,L
2084,937717,18936,Pita Ahki,750,Tonga,6203.04,6203.92,7028,2,84,18,81,31,3,Pass,169,Complete,0,,686,Medium Pass,682,Right Pass,700,0th Receiver,0,,0,,0,,0,,0,,13,14,3,0,1899-12-30T01:43:34Z,9,62,0,0,25,950,Samoa,750,Tonga,05/08/2023,15:00,13,9,34,9,34,9,70,Apia Park,-1,NA,1,2023,12,12,Inside Centre,0,,0,,271,Angus Gardner,1000642,Damon Murphy,1000613,Matthew Kellahan,-1,,3,International,N,L
2085,937717,17144,Paula Ngauamo,750,Tonga,6203.92,6203.92,7029,2,81,31,0,0,18,Collection,631,General Catch,0,,0,,0,,0,,0,,0,,0,,0,,0,,0,0,0,0,1899-12-30T01:43:35Z,9,62,0,0,25,950,Samoa,750,Tonga,05/08/2023,15:00,13,9,34,9,34,9,70,Apia Park,-1,NA,1,2023,16,2,Hooker,0,,0,,271,Angus Gardner,1000642,Damon Murphy,1000613,Matthew Kellahan,-1,,3,International,N,L
2086,937717,17144,Paula Ngauamo,750,Tonga,6203.92,6203.92,7029,2,81,31,0,0,47,Playmaker Options,656,First Receiver,675,Playmaker Option - Pass,0,,0,,0,,0,,0,,0,,0,,0,,0,0,0,0,1899-12-30T01:43:35Z,9,62,0,0,25,950,Samoa,750,Tonga,05/08/2023,15:00,13,9,34,9,34,9,70,Apia Park,-1,NA,1,2023,16,2,Hooker,0,,0,,271,Angus Gardner,1000642,Damon Murphy,1000613,Matthew Kellahan,-1,,3,International,N,L
2087,937717,17144,Paula Ngauamo,750,Tonga,6204.68,6204.84,7030,2,84,31,82,36,3,Pass,169,Complete,0,,679,Short Pass,682,Right Pass,701,1st Receiver,0,,0,,0,,0,,0,,5,5,2,0,1899-12-30T01:43:35Z,9,62,0,0,25,950,Samoa,750,Tonga,05/08/2023,15:00,13,9,34,9,34,9,70,Apia Park,-1,NA,1,2023,16,2,Hooker,0,,0,,271,Angus Gardner,1000642,Damon Murphy,1000613,Matthew Kellahan,-1,,3,International,N,L
2088,937717,21731,Tau Koloamatangi,750,Tonga,6204.84,6204.84,7030,2,82,36,0,0,18,Collection,631,General Catch,0,,0,,0,,0,,0,,0,,0,,0,,0,,0,0,0,0,1899-12-30T01:43:36Z,9,62,0,0,25,950,Samoa,750,Tonga,05/08/2023,15:00,13,9,34,9,34,9,70,Apia Park,-1,NA,1,2023,17,1,Loosehead Prop,0,,0,,271,Angus Gardner,1000642,Damon Murphy,1000613,Matthew Kellahan,-1,,3,International,N,L
2089,937717,21731,Tau Koloamatangi,750,Tonga,6204.84,6204.84,7030,2,82,36,0,0,47,Playmaker Options,657,Second Receiver,675,Playmaker Option - Pass,0,,0,,0,,0,,0,,0,,0,,0,,0,0,0,0,1899-12-30T01:43:36Z,9,62,0,0,25,950,Samoa,750,Tonga,05/08/2023,15:00,13,9,34,9,34,9,70,Apia Park,-1,NA,1,2023,17,1,Loosehead Prop,0,,0,,271,Angus Gardner,1000642,Damon Murphy,1000613,Matthew Kellahan,-1,,3,International,N,L
2090,937717,21731,Tau Koloamatangi,750,Tonga,6205.28,6205.28,7030,2,84,37,0,0,8,Turnover,251,Bad Pass,677,Error on Attack,0,,0,,0,,0,,0,,0,,0,,0,,0,0,0,0,1899-12-30T01:43:36Z,9,62,0,0,25,950,Samoa,750,Tonga,05/08/2023,15:00,13,9,34,9,34,9,70,Apia Park,-1,NA,1,2023,17,1,Loosehead Prop,0,,0,,271,Angus Gardner,1000642,Damon Murphy,1000613,Matthew Kellahan,-1,,3,International,N,L
2091,937717,21731,Tau Koloamatangi,750,Tonga,6205.28,6206.52,7030,2,84,37,79,42,3,Pass,180,Error,0,,686,Medium Pass,682,Right Pass,702,2nd Receiver,0,,0,,0,,0,,0,,6,8,5,0,1899-12-30T01:43:36Z,9,62,0,0,25,950,Samoa,750,Tonga,05/08/2023,15:00,13,9,34,9,34,9,70,Apia Park,-1,NA,1,2023,17,1,Loosehead Prop,0,,0,,271,Angus Gardner,1000642,Damon Murphy,1000613,Matthew Kellahan,-1,,3,International,N,L
2092,937717,0,,750,Tonga,6146.00,6206.52,7031,2,78,0,79,42,15,Possession,306,Lineout,318,Turnover,0,,685,Starts inside Opposition 22,0,,0,,0,,0,,0,,0,,1,0,0,0,1899-12-30T01:42:37Z,9,62,0,0,25,950,Samoa,750,Tonga,05/08/2023,15:00,13,9,34,9,34,9,70,Apia Park,-1,NA,1,2023,,,,0,,0,,271,Angus Gardner,1000642,Damon Murphy,1000613,Matthew Kellahan,-1,,3,International,N,L
2093,937717,27345,Neria Fomai,950,Samoa,6206.52,6206.52,7031,2,21,26,0,0,18,Collection,274,Defensive Loose Ball,277,Success,0,,0,,0,,0,,0,,0,,0,,0,,0,0,0,0,1899-12-30T01:43:37Z,1,63,0,0,25,950,Samoa,750,Tonga,05/08/2023,15:00,13,9,34,9,34,9,70,Apia Park,-1,NA,1,2023,23,14,Right Wing,0,,0,,271,Angus Gardner,1000642,Damon Murphy,1000613,Matthew Kellahan,-1,,3,International,Y,W
2094,937717,27345,Neria Fomai,950,Samoa,6206.52,6206.52,7031,2,21,26,0,0,44,Counter Attack,622,Outcome - Penalty Conceded,0,,0,,0,,0,,0,,0,,0,,0,,0,,0,0,0,0,1899-12-30T01:43:37Z,1,63,0,0,25,950,Samoa,750,Tonga,05/08/2023,15:00,13,9,34,9,34,9,70,Apia Park,-1,NA,1,2023,23,14,Right Wing,0,,0,,271,Angus Gardner,1000642,Damon Murphy,1000613,Matthew Kellahan,-1,,3,International,Y,W
2095,937717,0,,950,Samoa,6206.52,6206.52,7031,2,21,26,0,0,45,Defensive Exits,629,Carried out of 22,0,,0,,0,,0,,0,,0,,0,,0,,0,,0,0,0,0,1899-12-30T01:43:37Z,1,63,0,0,25,950,Samoa,750,Tonga,05/08/2023,15:00,13,9,34,9,34,9,70,Apia Park,-1,NA,1,2023,,,,0,,0,,271,Angus Gardner,1000642,Damon Murphy,1000613,Matthew Kellahan,-1,,3,International,Y,W
2096,937717,27345,Neria Fomai,950,Samoa,6206.52,6207.68,7031,2,21,26,28,27,1,Carry,103,Other Carry,122,Off Load,109,Crossed Gain line,460,Dominant Contact,501,1 Tacklers Committed,700,0th Receiver,0,,0,,0,,0,,7,7,2,2,1899-12-30T01:43:37Z,1,63,0,0,25,950,Samoa,750,Tonga,05/08/2023,15:00,13,9,34,9,34,9,70,Apia Park,-1,NA,1,2023,23,14,Right Wing,0,,0,,271,Angus Gardner,1000642,Damon Murphy,1000613,Matthew Kellahan,-1,,3,International,Y,W
2097,937717,26114,Leva Fifita,750,Tonga,6207.56,6207.56,7032,2,74,41,0,0,2,Tackle,147,Other,155,Offload Allowed,0,,475,Ineffective Tackle,708,1st Tackler,0,,0,,0,,0,,0,,0,0,0,0,1899-12-30T01:43:39Z,1,63,0,0,25,950,Samoa,750,Tonga,05/08/2023,15:00,13,9,34,9,34,9,70,Apia Park,-1,NA,1,2023,04,4,Lock (4),0,,0,,271,Angus Gardner,1000642,Damon Murphy,1000613,Matthew Kellahan,-1,,3,International,N,L
2098,937717,27345,Neria Fomai,950,Samoa,6207.68,6208.20,7033,2,28,27,27,24,3,Pass,172,Break,128,Own Player,679,Short Pass,681,Left Pass,700,0th Receiver,0,,0,,0,,0,,0,,3,3,1,0,1899-12-30T01:43:39Z,1,63,0,0,25,950,Samoa,750,Tonga,05/08/2023,15:00,13,9,34,9,34,9,70,Apia Park,-1,NA,1,2023,23,14,Right Wing,0,,0,,271,Angus Gardner,1000642,Damon Murphy,1000613,Matthew Kellahan,-1,,3,International,Y,W
2099,937717,27345,Neria Fomai,950,Samoa,6207.76,6207.76,7033,2,28,27,0,0,10,Attacking Qualities,527,Break Assist,0,,0,,0,,0,,0,,0,,0,,0,,0,,0,0,0,0,1899-12-30T01:43:39Z,1,63,0,0,25,950,Samoa,750,Tonga,05/08/2023,15:00,13,9,34,9,34,9,70,Apia Park,-1,NA,1,2023,23,14,Right Wing,0,,0,,271,Angus Gardner,1000642,Damon Murphy,1000613,Matthew Kellahan,-1,,3,International,Y,W
2100,937717,22603,Duncan Paia'aua,950,Samoa,6208.20,6208.20,7033,2,27,24,0,0,18,Collection,631,General Catch,0,,0,,0,,0,,0,,0,,0,,0,,0,,0,0,0,0,1899-12-30T01:43:44Z,1,63,0,0,25,950,Samoa,750,Tonga,05/08/2023,15:00,13,9,34,9,34,9,70,Apia Park,-1,NA,1,2023,12,12,Inside Centre,0,,0,,271,Angus Gardner,1000642,Damon Murphy,1000613,Matthew Kellahan,-1,,3,International,Y,W
2101,937717,22603,Duncan Paia'aua,950,Samoa,6208.20,6213.80,7033,2,27,24,79,6,1,Carry,106,Support Carry,121,Pass,109,Crossed Gain line,0,,500,0 Tacklers Committed,701,1st Receiver,0,,0,,0,,0,,51,52,0,0,1899-12-30T01:43:44Z,1,63,0,0,25,950,Samoa,750,Tonga,05/08/2023,15:00,13,9,34,9,34,9,70,Apia Park,-1,NA,1,2023,12,12,Inside Centre,0,,0,,271,Angus Gardner,1000642,Damon Murphy,1000613,Matthew Kellahan,-1,,3,International,Y,W
2102,937717,22603,Duncan Paia'aua,950,Samoa,6209.12,6209.12,7034,2,27,24,0,0,10,Attacking Qualities,112,Initial Break,530,Line Break,0,,0,,0,,0,,0,,0,,0,,0,,0,0,0,0,1899-12-30T01:43:39Z,1,63,0,0,25,950,Samoa,750,Tonga,05/08/2023,15:00,13,9,34,9,34,9,70,Apia Park,-1,NA,1,2023,12,12,Inside Centre,0,,0,,271,Angus Gardner,1000642,Damon Murphy,1000613,Matthew Kellahan,-1,,3,International,Y,W
2103,937717,0,,950,Samoa,6213.44,6220.64,7038,2,79,6,97,5,46,Attacking 22 Entry,641,22 Entry Outcome - Penalty Conceded,0,,0,,0,,0,,0,,0,,0,,0,,0,,0,0,0,0,1899-12-30T01:43:51Z,1,63,0,0,25,950,Samoa,750,Tonga,05/08/2023,15:00,13,9,34,9,34,9,70,Apia Park,-1,NA,1,2023,,,,0,,0,,271,Angus Gardner,1000642,Damon Murphy,1000613,Matthew Kellahan,-1,,3,International,Y,W
2104,937717,22603,Duncan Paia'aua,950,Samoa,6213.80,6214.16,7039,2,79,6,77,8,3,Pass,169,Complete,0,,679,Short Pass,682,Right Pass,701,1st Receiver,0,,0,,0,,0,,0,,2,3,2,0,1899-12-30T01:43:45Z,1,63,0,0,25,950,Samoa,750,Tonga,05/08/2023,15:00,13,9,34,9,34,9,70,Apia Park,-1,NA,1,2023,12,12,Inside Centre,0,,0,,271,Angus Gardner,1000642,Damon Murphy,1000613,Matthew Kellahan,-1,,3,International,Y,W
2105,937717,22231,Ed Fidow,950,Samoa,6214.16,6214.16,7039,2,77,8,0,0,10,Attacking Qualities,113,Supported Break,0,,0,,0,,0,,0,,0,,0,,0,,0,,0,0,0,0,1899-12-30T01:43:46Z,1,63,0,0,25,950,Samoa,750,Tonga,05/08/2023,15:00,13,9,34,9,34,9,70,Apia Park,-1,NA,1,2023,11,11,Left Wing,0,,0,,271,Angus Gardner,1000642,Damon Murphy,1000613,Matthew Kellahan,-1,,3,International,Y,W
2106,937717,22231,Ed Fidow,950,Samoa,6214.16,6214.16,7039,2,77,8,0,0,18,Collection,631,General Catch,0,,0,,0,,0,,0,,0,,0,,0,,0,,0,0,0,0,1899-12-30T01:43:46Z,1,63,0,0,25,950,Samoa,750,Tonga,05/08/2023,15:00,13,9,34,9,34,9,70,Apia Park,-1,NA,1,2023,11,11,Left Wing,0,,0,,271,Angus Gardner,1000642,Damon Murphy,1000613,Matthew Kellahan,-1,,3,International,Y,W
2107,937717,22231,Ed Fidow,950,Samoa,6214.16,6217.24,7039,2,77,8,97,7,1,Carry,106,Support Carry,124,Penalty Conceded,109,Crossed Gain line,460,Dominant Contact,502,2 Tacklers Committed,702,2nd Receiver,0,,0,,0,,0,,18,20,11,10,1899-12-30T01:43:46Z,1,63,0,0,25,950,Samoa,750,Tonga,05/08/2023,15:00,13,9,34,9,34,9,70,Apia Park,-1,NA,1,2023,11,11,Left Wing,0,,0,,271,Angus Gardner,1000642,Damon Murphy,1000613,Matthew Kellahan,-1,,3,International,Y,W
2108,937717,9726,Afusipa Taumoepeau,750,Tonga,6215.28,6215.28,7040,2,14,63,0,0,2,Tackle,143,Cover,161,Missed,0,,475,Ineffective Tackle,708,1st Tackler,0,,0,,0,,0,,0,,0,0,0,0,1899-12-30T01:43:46Z,1,63,0,0,25,950,Samoa,750,Tonga,05/08/2023,15:00,13,9,34,9,34,9,70,Apia Park,-1,NA,1,2023,11,11,Left Wing,0,,0,,271,Angus Gardner,1000642,Damon Murphy,1000613,Matthew Kellahan,-1,,3,International,N,L
2109,937717,9726,Afusipa Taumoepeau,750,Tonga,6215.28,6215.28,7040,2,14,63,0,0,12,Missed Tackle,165,Positional,167,Clean Break,0,,0,,0,,0,,0,,0,,0,,0,,0,0,0,0,1899-12-30T01:43:46Z,1,63,0,0,25,950,Samoa,750,Tonga,05/08/2023,15:00,13,9,34,9,34,9,70,Apia Park,-1,NA,1,2023,11,11,Left Wing,0,,0,,271,Angus Gardner,1000642,Damon Murphy,1000613,Matthew Kellahan,-1,,3,International,N,L
2110,937717,22231,Ed Fidow,950,Samoa,6215.40,6215.40,7040,2,86,5,0,0,10,Attacking Qualities,116,Defender Beaten,0,,0,,0,,0,,0,,0,,0,,0,,0,,0,0,0,0,1899-12-30T01:43:46Z,1,63,0,0,25,950,Samoa,750,Tonga,05/08/2023,15:00,13,9,34,9,34,9,70,Apia Park,-1,NA,1,2023,11,11,Left Wing,0,,0,,271,Angus Gardner,1000642,Damon Murphy,1000613,Matthew Kellahan,-1,,3,International,Y,W
2111,937717,18936,Pita Ahki,750,Tonga,6216.24,6216.24,7041,2,13,61,0,0,2,Tackle,143,Cover,160,Passive,441,Assist,475,Ineffective Tackle,709,2nd Tackler,0,,0,,0,,0,,0,,0,0,0,0,1899-12-30T01:43:48Z,1,63,0,0,25,950,Samoa,750,Tonga,05/08/2023,15:00,13,9,34,9,34,9,70,Apia Park,-1,NA,1,2023,12,12,Inside Centre,0,,0,,271,Angus Gardner,1000642,Damon Murphy,1000613,Matthew Kellahan,-1,,3,International,N,L
2112,937717,22231,Ed Fidow,950,Samoa,6217.24,6221.40,7042,2,97,7,0,0,23,Ruck,0,,404,Penalty Conceded,551,N/A Gainline,559,N/A Ruck Speed,676,N/A Movement Ruck,0,,0,,0,,0,,0,,0,0,0,0,1899-12-30T01:43:53Z,1,63,0,0,25,950,Samoa,750,Tonga,05/08/2023,15:00,13,9,34,9,34,9,70,Apia Park,-1,NA,1,2023,11,11,Left Wing,0,,0,,271,Angus Gardner,1000642,Damon Murphy,1000613,Matthew Kellahan,-1,,3,International,Y,W
2113,937717,0,,750,Tonga,6146.00,6221.40,7046,2,78,0,3,63,26,Sequences,306,Lineout,319,Pen Con,0,,0,,0,,0,,0,,0,,0,,0,,-75,0,0,0,1899-12-30T01:42:37Z,1,63,0,0,25,950,Samoa,750,Tonga,05/08/2023,15:00,13,9,34,9,34,9,70,Apia Park,-1,NA,1,2023,,,,0,,0,,271,Angus Gardner,1000642,Damon Murphy,1000613,Matthew Kellahan,-1,,3,International,N,L
2114,937717,0,,950,Samoa,6206.52,6221.40,7046,2,21,26,97,5,15,Possession,308,Turnover Won,319,Pen Con,112,Initial Break,683,Enters into Opposition 22,0,,0,,0,,0,,0,,0,,76,0,0,0,1899-12-30T01:43:37Z,1,63,0,0,25,950,Samoa,750,Tonga,05/08/2023,15:00,13,9,34,9,34,9,70,Apia Park,-1,NA,1,2023,,,,0,,0,,271,Angus Gardner,1000642,Damon Murphy,1000613,Matthew Kellahan,-1,,3,International,Y,W
2115,937717,22231,Ed Fidow,950,Samoa,6220.64,6220.64,7046,2,97,5,0,0,7,Penalty Conceded,216,Not Releasing,236,No Action,214,Offence,233,Full Penalty,0,,0,,0,,0,,0,,0,,0,0,0,0,1899-12-30T01:43:48Z,1,63,0,0,25,950,Samoa,750,Tonga,05/08/2023,15:00,13,9,34,9,34,9,70,Apia Park,-1,NA,1,2023,11,11,Left Wing,0,,0,,271,Angus Gardner,1000642,Damon Murphy,1000613,Matthew Kellahan,-1,,3,International,Y,W
2116,937717,0,,750,Tonga,6252.84,6252.84,7118,2,9,57,0,0,45,Defensive Exits,630,Kicked out of 22,0,,0,,0,,0,,0,,0,,0,,0,,0,,0,0,0,0,1899-12-30T01:44:23Z,1,63,0,0,25,950,Samoa,750,Tonga,05/08/2023,15:00,13,9,34,9,34,9,70,Apia Park,-1,NA,1,2023,,,,0,,0,,271,Angus Gardner,1000642,Damon Murphy,1000613,Matthew Kellahan,-1,,3,International,N,L
2117,937717,28913,Otumaka Mausia,750,Tonga,6252.84,6255.88,7118,2,9,57,37,68,4,Kick,347,Touch Kick,193,Kick in Touch (Full),148,Penalty Kick,0,,0,,0,,0,,0,,0,,0,,28,30,0,0,1899-12-30T01:44:23Z,1,63,0,0,25,950,Samoa,750,Tonga,05/08/2023,15:00,13,9,34,9,34,9,70,Apia Park,-1,NA,1,2023,22,10,Fly Half,0,,0,,271,Angus Gardner,1000642,Damon Murphy,1000613,Matthew Kellahan,-1,,3,International,N,L
2118,937717,0,,750,Tonga,6252.84,6255.88,7121,2,9,57,37,68,26,Sequences,780,Penalty Kick Touch,415,Own Lineout,0,,0,,0,,0,,0,,0,,0,,0,,28,0,0,0,1899-12-30T01:44:23Z,1,63,0,0,25,950,Samoa,750,Tonga,05/08/2023,15:00,13,9,34,9,34,9,70,Apia Park,-1,NA,1,2023,,,,0,,0,,271,Angus Gardner,1000642,Damon Murphy,1000613,Matthew Kellahan,-1,,3,International,N,L
2119,937717,0,,950,Samoa,6278.04,6285.88,7143,2,37,68,0,0,17,Period,0,Period,0,,0,,0,,0,,0,,0,,0,,0,,0,,0,0,0,0,1899-12-30T01:44:53Z,1,63,0,0,25,950,Samoa,750,Tonga,05/08/2023,15:00,13,9,34,9,34,9,70,Apia Park,-1,NA,1,2023,,,,0,,0,,271,Angus Gardner,1000642,Damon Murphy,1000613,Matthew Kellahan,-1,,3,International,Y,W
2120,937717,17144,Paula Ngauamo,750,Tonga,6287.32,6287.92,7144,2,37,68,37,62,6,Lineout Throw,371,Throw Front,376,Won Clean Catch,420,Catch and Run,0,4,666,Close Right Blindside Movement Lineout,729,4 Players,724,Halfback in Position,0,,0,,0,,6,0,1,3,1899-12-30T01:44:58Z,1,64,0,0,25,950,Samoa,750,Tonga,05/08/2023,15:00,13,9,34,9,34,9,70,Apia Park,-1,NA,1,2023,16,2,Hooker,0,,0,,271,Angus Gardner,1000642,Damon Murphy,1000613,Matthew Kellahan,-1,,3,International,N,L
2121,937717,21155,Vaea Fifita,750,Tonga,6287.92,6287.92,7145,2,37,62,0,0,27,Lineout Take,386,Lineout Win Front,376,Won Clean,420,Catch and Run,396,Clean Catch,0,,0,,0,,0,,0,,0,,0,0,0,0,1899-12-30T01:44:59Z,1,64,0,0,25,950,Samoa,750,Tonga,05/08/2023,15:00,13,9,34,9,34,9,70,Apia Park,-1,NA,1,2023,08,8,Number 8,0,,0,,271,Angus Gardner,1000642,Damon Murphy,1000613,Matthew Kellahan,-1,,3,International,N,L
2122,937717,21155,Vaea Fifita,750,Tonga,6287.92,6290.44,7145,2,37,62,38,65,1,Carry,103,Other Carry,108,Tackled Neutral,109,Crossed Gain line,461,Neutral Contact,502,2 Tacklers Committed,700,0th Receiver,0,,0,,0,,0,,1,1,1,1,1899-12-30T01:44:59Z,1,64,0,0,25,950,Samoa,750,Tonga,05/08/2023,15:00,13,9,34,9,34,9,70,Apia Park,-1,NA,1,2023,08,8,Number 8,0,,0,,271,Angus Gardner,1000642,Damon Murphy,1000613,Matthew Kellahan,-1,,3,International,N,L
2123,937717,21149,Titi Lamositele,950,Samoa,6288.64,6288.64,7146,2,63,6,0,0,2,Tackle,147,Other,153,Complete,0,,474,Neutral Tackle,708,1st Tackler,0,,0,,0,,0,,0,,0,0,0,0,1899-12-30T01:44:59Z,1,64,0,0,25,950,Samoa,750,Tonga,05/08/2023,15:00,13,9,34,9,34,9,70,Apia Park,-1,NA,1,2023,17,1,Loosehead Prop,0,,0,,271,Angus Gardner,1000642,Damon Murphy,1000613,Matthew Kellahan,-1,,3,International,Y,W
2124,937717,20766,Chris Vui,950,Samoa,6289.36,6289.36,7146,2,63,6,0,0,2,Tackle,147,Other,153,Complete,441,Assist,474,Neutral Tackle,709,2nd Tackler,0,,0,,0,,0,,0,,0,0,0,0,1899-12-30T01:45:00Z,1,64,0,0,25,950,Samoa,750,Tonga,05/08/2023,15:00,13,9,34,9,34,9,70,Apia Park,-1,NA,1,2023,05,5,Lock (5),0,,0,,271,Angus Gardner,1000642,Damon Murphy,1000613,Matthew Kellahan,-1,,3,International,Y,W
2125,937717,21155,Vaea Fifita,750,Tonga,6290.44,6294.68,7147,2,38,65,0,0,23,Ruck,0,,403,Penalty Won,548,Over Previous Gainline,559,N/A Ruck Speed,663,Close Left Open Movement Ruck,0,,0,,0,,0,,0,,0,0,-1,8,1899-12-30T01:45:01Z,1,64,0,0,25,950,Samoa,750,Tonga,05/08/2023,15:00,13,9,34,9,34,9,70,Apia Park,-1,NA,1,2023,08,8,Number 8,0,,0,,271,Angus Gardner,1000642,Damon Murphy,1000613,Matthew Kellahan,-1,,3,International,N,L
2126,937717,9023,Christian Leali'ifano,950,Samoa,6291.28,6291.28,7148,2,62,3,0,0,43,Ruck OOA,581,Penalty Conceded,583,Own Team 1st Entry,603,OOA Entry 1st Entry- Def,633,Defensive OOA,0,1,0,,0,,0,,0,,0,,0,0,0,0,1899-12-30T01:44:58Z,1,64,0,0,25,950,Samoa,750,Tonga,05/08/2023,15:00,13,9,34,9,34,9,70,Apia Park,-1,NA,1,2023,22,10,Fly Half,0,,0,,271,Angus Gardner,1000642,Damon Murphy,1000613,Matthew Kellahan,-1,,3,International,Y,W
2127,937717,26114,Leva Fifita,750,Tonga,6291.72,6291.72,7149,2,38,65,0,0,43,Ruck OOA,572,Cleaned Out,583,Own Team 1st Entry,588,OOA Entry 1st Entry- Att,632,Attacking OOA,0,1,0,,0,,0,,0,,0,,0,0,0,0,1899-12-30T01:44:58Z,1,64,0,0,25,950,Samoa,750,Tonga,05/08/2023,15:00,13,9,34,9,34,9,70,Apia Park,-1,NA,1,2023,04,4,Lock (4),0,,0,,271,Angus Gardner,1000642,Damon Murphy,1000613,Matthew Kellahan,-1,,3,International,N,L
2128,937717,17144,Paula Ngauamo,750,Tonga,6291.92,6291.92,7149,2,38,65,0,0,43,Ruck OOA,572,Cleaned Out,584,Own Team 2nd Entry,589,OOA Entry 2nd Entry- Att,632,Attacking OOA,0,2,0,,0,,0,,0,,0,,0,0,0,0,1899-12-30T01:44:58Z,1,64,0,0,25,950,Samoa,750,Tonga,05/08/2023,15:00,13,9,34,9,34,9,70,Apia Park,-1,NA,1,2023,16,2,Hooker,0,,0,,271,Angus Gardner,1000642,Damon Murphy,1000613,Matthew Kellahan,-1,,3,International,N,L
2129,937717,29249,Sione Havili Talitui,750,Tonga,6292.24,6292.24,7149,2,38,65,0,0,43,Ruck OOA,574,Secured,585,Own Team 3rd Entry,590,OOA Entry 3rd Entry- Att,632,Attacking OOA,0,3,0,,0,,0,,0,,0,,0,0,0,0,1899-12-30T01:44:58Z,1,64,0,0,25,950,Samoa,750,Tonga,05/08/2023,15:00,13,9,34,9,34,9,70,Apia Park,-1,NA,1,2023,07,7,Openside Flanker,0,,0,,271,Angus Gardner,1000642,Damon Murphy,1000613,Matthew Kellahan,-1,,3,International,N,L
2130,937717,21731,Tau Koloamatangi,750,Tonga,6292.40,6292.40,7149,2,38,65,0,0,43,Ruck OOA,574,Secured,586,Own Team 4th Entry,591,OOA Entry 4th Entry- Att,632,Attacking OOA,0,4,0,,0,,0,,0,,0,,0,0,0,0,1899-12-30T01:44:58Z,1,64,0,0,25,950,Samoa,750,Tonga,05/08/2023,15:00,13,9,34,9,34,9,70,Apia Park,-1,NA,1,2023,17,1,Loosehead Prop,0,,0,,271,Angus Gardner,1000642,Damon Murphy,1000613,Matthew Kellahan,-1,,3,International,N,L
2131,937717,21149,Titi Lamositele,950,Samoa,6292.84,6292.84,7150,2,62,3,0,0,43,Ruck OOA,578,Got Cleaned Out,584,Own Team 2nd Entry,604,OOA Entry 2nd Entry- Def,633,Defensive OOA,0,2,0,,0,,0,,0,,0,,0,0,0,0,1899-12-30T01:44:58Z,1,64,0,0,25,950,Samoa,750,Tonga,05/08/2023,15:00,13,9,34,9,34,9,70,Apia Park,-1,NA,1,2023,17,1,Loosehead Prop,0,,0,,271,Angus Gardner,1000642,Damon Murphy,1000613,Matthew Kellahan,-1,,3,International,Y,W
2132,937717,9023,Christian Leali'ifano,950,Samoa,6293.72,6293.72,7151,2,62,3,0,0,7,Penalty Conceded,421,Wrong Side at Ruck,236,No Action,215,Defence,233,Full Penalty,0,,0,,0,,0,,0,,0,,0,0,0,0,1899-12-30T01:45:02Z,1,64,0,0,25,950,Samoa,750,Tonga,05/08/2023,15:00,13,9,34,9,34,9,70,Apia Park,-1,NA,1,2023,22,10,Fly Half,0,,0,,271,Angus Gardner,1000642,Damon Murphy,1000613,Matthew Kellahan,-1,,3,International,Y,W
2133,937717,28913,Otumaka Mausia,750,Tonga,6294.68,6294.68,7152,2,37,65,0,0,18,Collection,631,General Catch,0,,0,,0,,0,,0,,0,,0,,0,,0,,0,0,0,0,1899-12-30T01:45:06Z,2,64,0,0,25,950,Samoa,750,Tonga,05/08/2023,15:00,13,9,34,9,34,9,70,Apia Park,-1,NA,1,2023,22,10,Fly Half,0,,0,,271,Angus Gardner,1000642,Damon Murphy,1000613,Matthew Kellahan,-1,,3,International,N,L
2134,937717,28913,Otumaka Mausia,750,Tonga,6294.68,6294.68,7152,2,37,65,0,0,47,Playmaker Options,672,Acting Halfback at Breakdown,675,Playmaker Option - Pass,0,,0,,0,,0,,0,,0,,0,,0,,0,0,0,0,1899-12-30T01:45:06Z,2,64,0,0,25,950,Samoa,750,Tonga,05/08/2023,15:00,13,9,34,9,34,9,70,Apia Park,-1,NA,1,2023,22,10,Fly Half,0,,0,,271,Angus Gardner,1000642,Damon Murphy,1000613,Matthew Kellahan,-1,,3,International,N,L
2135,937717,28913,Otumaka Mausia,750,Tonga,6295.00,6295.72,7152,2,37,65,34,55,3,Pass,169,Complete,0,,686,Medium Pass,681,Left Pass,700,0th Receiver,0,,0,,0,,0,,0,,10,11,3,0,1899-12-30T01:45:06Z,2,64,0,0,25,950,Samoa,750,Tonga,05/08/2023,15:00,13,9,34,9,34,9,70,Apia Park,-1,NA,1,2023,22,10,Fly Half,0,,0,,271,Angus Gardner,1000642,Damon Murphy,1000613,Matthew Kellahan,-1,,3,International,N,L
2136,937717,22321,David Lolohea,750,Tonga,6295.72,6295.72,7153,2,34,55,0,0,18,Collection,631,General Catch,0,,0,,0,,0,,0,,0,,0,,0,,0,,0,0,0,0,1899-12-30T01:45:07Z,2,64,0,0,25,950,Samoa,750,Tonga,05/08/2023,15:00,13,9,34,9,34,9,70,Apia Park,-1,NA,1,2023,18,3,Tighthead Prop,0,,0,,271,Angus Gardner,1000642,Damon Murphy,1000613,Matthew Kellahan,-1,,3,International,N,L
2137,937717,22321,David Lolohea,750,Tonga,6295.72,6295.72,7153,2,34,55,0,0,47,Playmaker Options,656,First Receiver,673,Playmaker Option - Carry,0,,0,,0,,0,,0,,0,,0,,0,,0,0,0,0,1899-12-30T01:45:07Z,2,64,0,0,25,950,Samoa,750,Tonga,05/08/2023,15:00,13,9,34,9,34,9,70,Apia Park,-1,NA,1,2023,18,3,Tighthead Prop,0,,0,,271,Angus Gardner,1000642,Damon Murphy,1000613,Matthew Kellahan,-1,,3,International,N,L
2138,937717,22321,David Lolohea,750,Tonga,6295.72,6297.48,7153,2,34,55,37,57,1,Carry,101,One Out Drive,409,Tackled Ineffective,111,Failed Gain line,462,Ineffective Contact,502,2 Tacklers Committed,701,1st Receiver,0,,0,,0,,0,,0,3,0,0,1899-12-30T01:45:07Z,2,64,0,0,25,950,Samoa,750,Tonga,05/08/2023,15:00,13,9,34,9,34,9,70,Apia Park,-1,NA,1,2023,18,3,Tighthead Prop,0,,0,,271,Angus Gardner,1000642,Damon Murphy,1000613,Matthew Kellahan,-1,,3,International,N,L
2139,937717,20766,Chris Vui,950,Samoa,6296.56,6296.56,7154,2,63,14,0,0,2,Tackle,144,Line,159,Sack,0,,473,Dominant Tackle,708,1st Tackler,0,,0,,0,,0,,0,,0,0,0,0,1899-12-30T01:45:07Z,2,64,0,0,25,950,Samoa,750,Tonga,05/08/2023,15:00,13,9,34,9,34,9,70,Apia Park,-1,NA,1,2023,05,5,Lock (5),0,,0,,271,Angus Gardner,1000642,Damon Murphy,1000613,Matthew Kellahan,-1,,3,International,Y,W
2140,937717,17201,Paul Alo-Emile,950,Samoa,6296.84,6296.84,7154,2,63,14,0,0,2,Tackle,144,Line,159,Sack,441,Assist,473,Dominant Tackle,709,2nd Tackler,0,,0,,0,,0,,0,,0,0,0,0,1899-12-30T01:45:07Z,2,64,0,0,25,950,Samoa,750,Tonga,05/08/2023,15:00,13,9,34,9,34,9,70,Apia Park,-1,NA,1,2023,18,3,Tighthead Prop,0,,0,,271,Angus Gardner,1000642,Damon Murphy,1000613,Matthew Kellahan,-1,,3,International,Y,W
2141,937717,22321,David Lolohea,750,Tonga,6297.48,6301.04,7155,2,37,57,0,0,23,Ruck,0,,452,Unplayable,549,Behind Previous Gainline,559,N/A Ruck Speed,676,N/A Movement Ruck,0,,0,,0,,0,,0,,0,0,0,0,1899-12-30T01:45:08Z,2,64,0,0,25,950,Samoa,750,Tonga,05/08/2023,15:00,13,9,34,9,34,9,70,Apia Park,-1,NA,1,2023,18,3,Tighthead Prop,0,,0,,271,Angus Gardner,1000642,Damon Murphy,1000613,Matthew Kellahan,-1,,3,International,N,L
2142,937717,43727,Miracle Faiilagi,950,Samoa,6298.88,6298.88,7156,2,63,11,0,0,43,Ruck OOA,578,Got Cleaned Out,583,Own Team 1st Entry,603,OOA Entry 1st Entry- Def,633,Defensive OOA,0,1,0,,0,,0,,0,,0,,0,0,0,0,1899-12-30T01:45:06Z,2,64,0,0,25,950,Samoa,750,Tonga,05/08/2023,15:00,13,9,34,9,34,9,70,Apia Park,-1,NA,1,2023,06,6,Blindside Flanker,0,,0,,271,Angus Gardner,1000642,Damon Murphy,1000613,Matthew Kellahan,-1,,3,International,Y,W
2143,937717,28270,Tanginoa Halaifonua,750,Tonga,6299.00,6299.00,7156,2,37,57,0,0,43,Ruck OOA,572,Cleaned Out,583,Own Team 1st Entry,588,OOA Entry 1st Entry- Att,632,Attacking OOA,0,1,0,,0,,0,,0,,0,,0,0,0,0,1899-12-30T01:45:06Z,2,64,0,0,25,950,Samoa,750,Tonga,05/08/2023,15:00,13,9,34,9,34,9,70,Apia Park,-1,NA,1,2023,06,6,Blindside Flanker,0,,0,,271,Angus Gardner,1000642,Damon Murphy,1000613,Matthew Kellahan,-1,,3,International,N,L
2144,937717,28913,Otumaka Mausia,750,Tonga,6299.04,6299.04,7156,2,37,57,0,0,43,Ruck OOA,572,Cleaned Out,584,Own Team 2nd Entry,589,OOA Entry 2nd Entry- Att,632,Attacking OOA,0,2,0,,0,,0,,0,,0,,0,0,0,0,1899-12-30T01:45:06Z,2,64,0,0,25,950,Samoa,750,Tonga,05/08/2023,15:00,13,9,34,9,34,9,70,Apia Park,-1,NA,1,2023,22,10,Fly Half,0,,0,,271,Angus Gardner,1000642,Damon Murphy,1000613,Matthew Kellahan,-1,,3,International,N,L
2145,937717,0,,750,Tonga,6287.32,6301.04,7158,2,37,68,37,57,15,Possession,306,Lineout,316,Pen Won,0,,684,Fails to enter into Opposition 22,0,,0,,0,,0,,0,,0,,0,0,0,0,1899-12-30T01:44:58Z,2,64,0,0,25,950,Samoa,750,Tonga,05/08/2023,15:00,13,9,34,9,34,9,70,Apia Park,-1,NA,1,2023,,,,0,,0,,271,Angus Gardner,1000642,Damon Murphy,1000613,Matthew Kellahan,-1,,3,International,N,L
2146,937717,0,,750,Tonga,6287.32,6301.04,7158,2,37,68,37,57,26,Sequences,306,Lineout,316,Pen Won,0,,0,,0,,0,,0,,0,,0,,0,,0,0,0,0,1899-12-30T01:44:58Z,2,64,0,0,25,950,Samoa,750,Tonga,05/08/2023,15:00,13,9,34,9,34,9,70,Apia Park,-1,NA,1,2023,,,,0,,0,,271,Angus Gardner,1000642,Damon Murphy,1000613,Matthew Kellahan,-1,,3,International,N,L
2147,937717,36335,Solomone Kata,750,Tonga,6314.72,6314.72,7212,2,39,61,0,0,8,Turnover,262,Failure To Find Touch,677,Error on Attack,0,,0,,0,,0,,0,,0,,0,,0,,0,0,0,0,1899-12-30T01:45:25Z,1,64,0,0,25,950,Samoa,750,Tonga,05/08/2023,15:00,13,9,34,9,34,9,70,Apia Park,-1,NA,1,2023,14,14,Right Wing,0,,0,,271,Angus Gardner,1000642,Damon Murphy,1000613,Matthew Kellahan,-1,,3,International,N,L
2148,937717,36335,Solomone Kata,750,Tonga,6314.72,6318.28,7212,2,39,61,91,66,4,Kick,347,Touch Kick,196,Error - Territorial Loss,148,Penalty Kick,0,,0,,0,,0,,0,,0,,0,,52,52,0,0,1899-12-30T01:45:25Z,1,64,0,0,25,950,Samoa,750,Tonga,05/08/2023,15:00,13,9,34,9,34,9,70,Apia Park,-1,NA,1,2023,14,14,Right Wing,0,,0,,271,Angus Gardner,1000642,Damon Murphy,1000613,Matthew Kellahan,-1,,3,International,N,L
2149,937717,10552,Tim Nanai-Williams,950,Samoa,6318.28,6318.28,7215,2,10,2,0,0,18,Collection,275,Restart Catch,277,Success,0,,0,,0,,0,,0,,0,,0,,0,,0,0,0,0,1899-12-30T01:45:30Z,1,65,0,0,25,950,Samoa,750,Tonga,05/08/2023,15:00,13,9,34,9,34,9,70,Apia Park,-1,NA,1,2023,15,15,Full Back,0,,0,,271,Angus Gardner,1000642,Damon Murphy,1000613,Matthew Kellahan,-1,,3,International,Y,W
2150,937717,10552,Tim Nanai-Williams,950,Samoa,6318.28,6318.28,7215,2,10,2,0,0,44,Counter Attack,626,Outcome - Turnover,0,,0,,0,,0,,0,,0,,0,,0,,0,,0,0,0,0,1899-12-30T01:45:30Z,1,65,0,0,25,950,Samoa,750,Tonga,05/08/2023,15:00,13,9,34,9,34,9,70,Apia Park,-1,NA,1,2023,15,15,Full Back,0,,0,,271,Angus Gardner,1000642,Damon Murphy,1000613,Matthew Kellahan,-1,,3,International,Y,W
2151,937717,0,,950,Samoa,6318.28,6318.28,7215,2,10,2,0,0,45,Defensive Exits,628,Failed Exit From 22,0,,0,,0,,0,,0,,0,,0,,0,,0,,0,0,0,0,1899-12-30T01:45:30Z,1,65,0,0,25,950,Samoa,750,Tonga,05/08/2023,15:00,13,9,34,9,34,9,70,Apia Park,-1,NA,1,2023,,,,0,,0,,271,Angus Gardner,1000642,Damon Murphy,1000613,Matthew Kellahan,-1,,3,International,Y,W
2152,937717,10552,Tim Nanai-Williams,950,Samoa,6318.28,6325.88,7215,2,10,2,20,10,1,Carry,104,Kick Return,119,Error,109,Crossed Gain line,460,Dominant Contact,501,1 Tacklers Committed,700,0th Receiver,0,,0,,0,,0,,11,11,1,1,1899-12-30T01:45:30Z,1,65,0,0,25,950,Samoa,750,Tonga,05/08/2023,15:00,13,9,34,9,34,9,70,Apia Park,-1,NA,1,2023,15,15,Full Back,0,,0,,271,Angus Gardner,1000642,Damon Murphy,1000613,Matthew Kellahan,-1,,3,International,Y,W
2153,937717,36335,Solomone Kata,750,Tonga,6323.44,6323.44,7220,2,81,58,0,0,2,Tackle,142,Chase,156,Turnover Won,0,,475,Ineffective Tackle,708,1st Tackler,0,,0,,0,,0,,0,,0,0,0,0,1899-12-30T01:45:37Z,1,65,0,0,25,950,Samoa,750,Tonga,05/08/2023,15:00,13,9,34,9,34,9,70,Apia Park,-1,NA,1,2023,14,14,Right Wing,0,,0,,271,Angus Gardner,1000642,Damon Murphy,1000613,Matthew Kellahan,-1,,3,International,N,L
2154,937717,10552,Tim Nanai-Williams,950,Samoa,6325.88,6325.88,7223,2,20,10,0,0,8,Turnover,256,Lost Ball Forced,677,Error on Attack,0,,0,,0,,0,,0,,0,,0,,0,,0,0,0,0,1899-12-30T01:45:39Z,1,65,0,0,25,950,Samoa,750,Tonga,05/08/2023,15:00,13,9,34,9,34,9,70,Apia Park,-1,NA,1,2023,15,15,Full Back,0,,0,,271,Angus Gardner,1000642,Damon Murphy,1000613,Matthew Kellahan,-1,,3,International,Y,W
2155,937717,0,,750,Tonga,6314.72,6329.72,7227,2,39,61,69,68,26,Sequences,780,Penalty Kick Touch,411,Turnover (Scrum),0,,0,,0,,0,,0,,0,,0,,0,,30,0,0,0,1899-12-30T01:45:25Z,1,65,0,0,25,950,Samoa,750,Tonga,05/08/2023,15:00,13,9,34,9,34,9,70,Apia Park,-1,NA,1,2023,,,,0,,0,,271,Angus Gardner,1000642,Damon Murphy,1000613,Matthew Kellahan,-1,,3,International,N,L
2156,937717,0,,950,Samoa,6318.28,6329.72,7227,2,10,2,31,0,15,Possession,311,Kick Return,411,Turnover (Scrum),0,,684,Fails to enter into Opposition 22,0,,0,,0,,0,,0,,0,,22,0,0,0,1899-12-30T01:45:30Z,1,65,0,0,25,950,Samoa,750,Tonga,05/08/2023,15:00,13,9,34,9,34,9,70,Apia Park,-1,NA,1,2023,,,,0,,0,,271,Angus Gardner,1000642,Damon Murphy,1000613,Matthew Kellahan,-1,,3,International,Y,W
2157,937717,21149,Titi Lamositele,950,Samoa,6396.08,6396.08,7333,2,31,0,0,0,41,Sub Out,563,Injury,0,,0,,0,,0,,0,,0,,0,,0,,0,,0,0,0,0,1899-12-30T01:46:46Z,1,65,0,-1,25,950,Samoa,750,Tonga,05/08/2023,15:00,13,9,34,9,34,9,70,Apia Park,-1,NA,1,2023,17,1,Loosehead Prop,0,,0,,271,Angus Gardner,1000642,Damon Murphy,1000613,Matthew Kellahan,-1,,3,International,Y,W
2158,937717,10081,Charlie Faumuina,950,Samoa,6396.12,6396.12,7333,2,31,0,0,0,42,Sub In,563,Injury,0,,0,,0,,0,,0,,0,,0,,0,,0,,0,0,0,0,1899-12-30T01:46:46Z,1,65,0,0,25,950,Samoa,750,Tonga,05/08/2023,15:00,13,9,34,9,34,9,70,Apia Park,-1,NA,1,2023,01,1,Loosehead Prop,0,,0,,271,Angus Gardner,1000642,Damon Murphy,1000613,Matthew Kellahan,-1,,3,International,Y,W
2159,937717,0,,950,Samoa,6495.96,6505.96,7513,2,69,68,0,0,17,Period,0,Period,0,,0,,0,,0,,0,,0,,0,,0,,0,,0,0,0,0,1899-12-30T01:48:36Z,1,65,0,0,25,950,Samoa,750,Tonga,05/08/2023,15:00,13,9,34,9,34,9,70,Apia Park,-1,NA,1,2023,,,,0,,0,,271,Angus Gardner,1000642,Damon Murphy,1000613,Matthew Kellahan,-1,,3,International,Y,W
2160,937717,0,,750,Tonga,6570.92,6574.44,7618,2,78,55,78,55,46,Attacking 22 Entry,641,22 Entry Outcome - Penalty Conceded,0,,0,,0,,0,,0,,0,,0,,0,,0,,0,0,0,0,1899-12-30T01:49:41Z,1,65,0,0,25,950,Samoa,750,Tonga,05/08/2023,15:00,13,9,34,9,34,9,70,Apia Park,-1,NA,1,2023,,,,0,,0,,271,Angus Gardner,1000642,Damon Murphy,1000613,Matthew Kellahan,-1,,3,International,N,L
2161,937717,29249,Sione Havili Talitui,750,Tonga,6570.92,6575.52,7618,2,78,55,0,0,5,Scrum,0,,359,Lost Pen Con,365,Neutral,0,,676,N/A Movement Scrum,0,,0,,0,,0,,0,,0,0,0,0,1899-12-30T01:49:41Z,1,65,0,0,25,950,Samoa,750,Tonga,05/08/2023,15:00,13,9,34,9,34,9,70,Apia Park,-1,NA,1,2023,07,7,Openside Flanker,0,,0,,271,Angus Gardner,1000642,Damon Murphy,1000613,Matthew Kellahan,-1,,3,International,N,L
2162,937717,26114,Leva Fifita,750,Tonga,6570.92,6575.52,7618,2,78,55,0,0,28,,0,,359,Lost Pen Con,365,Neutral,0,,0,,0,,0,,0,,0,,0,,0,0,0,0,1899-12-30T01:49:41Z,1,65,0,0,25,950,Samoa,750,Tonga,05/08/2023,15:00,13,9,34,9,34,9,70,Apia Park,-1,NA,1,2023,04,4,Lock (4),0,,0,,271,Angus Gardner,1000642,Damon Murphy,1000613,Matthew Kellahan,-1,,3,International,N,L
2163,937717,28270,Tanginoa Halaifonua,750,Tonga,6570.92,6575.52,7618,2,78,55,0,0,28,,0,,359,Lost Pen Con,365,Neutral,0,,0,,0,,0,,0,,0,,0,,0,0,0,0,1899-12-30T01:49:41Z,1,65,0,0,25,950,Samoa,750,Tonga,05/08/2023,15:00,13,9,34,9,34,9,70,Apia Park,-1,NA,1,2023,06,6,Blindside Flanker,0,,0,,271,Angus Gardner,1000642,Damon Murphy,1000613,Matthew Kellahan,-1,,3,International,N,L
2164,937717,29249,Sione Havili Talitui,750,Tonga,6570.92,6575.52,7618,2,78,55,0,0,28,,0,,359,Lost Pen Con,365,Neutral,0,,0,,0,,0,,0,,0,,0,,0,0,0,0,1899-12-30T01:49:41Z,1,65,0,0,25,950,Samoa,750,Tonga,05/08/2023,15:00,13,9,34,9,34,9,70,Apia Park,-1,NA,1,2023,07,7,Openside Flanker,0,,0,,271,Angus Gardner,1000642,Damon Murphy,1000613,Matthew Kellahan,-1,,3,International,N,L
2165,937717,21155,Vaea Fifita,750,Tonga,6570.92,6575.52,7618,2,78,55,0,0,28,,0,,359,Lost Pen Con,365,Neutral,0,,0,,0,,0,,0,,0,,0,,0,0,0,0,1899-12-30T01:49:41Z,1,65,0,0,25,950,Samoa,750,Tonga,05/08/2023,15:00,13,9,34,9,34,9,70,Apia Park,-1,NA,1,2023,08,8,Number 8,0,,0,,271,Angus Gardner,1000642,Damon Murphy,1000613,Matthew Kellahan,-1,,3,International,N,L
2166,937717,17144,Paula Ngauamo,750,Tonga,6570.92,6575.52,7618,2,78,55,0,0,28,,0,,359,Lost Pen Con,365,Neutral,0,,0,,0,,0,,0,,0,,0,,0,0,0,0,1899-12-30T01:49:41Z,1,65,0,0,25,950,Samoa,750,Tonga,05/08/2023,15:00,13,9,34,9,34,9,70,Apia Park,-1,NA,1,2023,16,2,Hooker,0,,0,,271,Angus Gardner,1000642,Damon Murphy,1000613,Matthew Kellahan,-1,,3,International,N,L
2167,937717,21731,Tau Koloamatangi,750,Tonga,6570.92,6575.52,7618,2,78,55,0,0,28,,0,,359,Lost Pen Con,365,Neutral,0,,0,,0,,0,,0,,0,,0,,0,0,0,0,1899-12-30T01:49:41Z,1,65,0,0,25,950,Samoa,750,Tonga,05/08/2023,15:00,13,9,34,9,34,9,70,Apia Park,-1,NA,1,2023,17,1,Loosehead Prop,0,,0,,271,Angus Gardner,1000642,Damon Murphy,1000613,Matthew Kellahan,-1,,3,International,N,L
2168,937717,22321,David Lolohea,750,Tonga,6570.92,6575.52,7618,2,78,55,0,0,28,,0,,359,Lost Pen Con,365,Neutral,0,,0,,0,,0,,0,,0,,0,,0,0,0,0,1899-12-30T01:49:41Z,1,65,0,0,25,950,Samoa,750,Tonga,05/08/2023,15:00,13,9,34,9,34,9,70,Apia Park,-1,NA,1,2023,18,3,Tighthead Prop,0,,0,,271,Angus Gardner,1000642,Damon Murphy,1000613,Matthew Kellahan,-1,,3,International,N,L
2169,937717,19606,Lopeti Timani,750,Tonga,6570.92,6575.52,7618,2,78,55,0,0,28,,0,,359,Lost Pen Con,365,Neutral,0,,0,,0,,0,,0,,0,,0,,0,0,0,0,1899-12-30T01:49:41Z,1,65,0,0,25,950,Samoa,750,Tonga,05/08/2023,15:00,13,9,34,9,34,9,70,Apia Park,-1,NA,1,2023,19,6,Blindside Flanker,0,,0,,271,Angus Gardner,1000642,Damon Murphy,1000613,Matthew Kellahan,-1,,3,International,N,L
2170,937717,30895,Solomone Funaki,750,Tonga,6570.92,6575.52,7618,2,78,55,0,0,28,,0,,359,Lost Pen Con,365,Neutral,0,,0,,0,,0,,0,,0,,0,,0,0,0,0,1899-12-30T01:49:41Z,1,65,0,0,25,950,Samoa,750,Tonga,05/08/2023,15:00,13,9,34,9,34,9,70,Apia Park,-1,NA,1,2023,20,7,Openside Flanker,0,,0,,271,Angus Gardner,1000642,Damon Murphy,1000613,Matthew Kellahan,-1,,3,International,N,L
2171,937717,10081,Charlie Faumuina,950,Samoa,6570.92,6575.52,7618,2,78,55,0,0,29,,0,,359,Lost Pen Con,365,Neutral,0,,0,,0,,0,,0,,0,,0,,0,0,0,0,1899-12-30T01:49:41Z,1,65,0,0,25,950,Samoa,750,Tonga,05/08/2023,15:00,13,9,34,9,34,9,70,Apia Park,-1,NA,1,2023,01,1,Loosehead Prop,0,,0,,271,Angus Gardner,1000642,Damon Murphy,1000613,Matthew Kellahan,-1,,3,International,Y,W
2172,937717,20766,Chris Vui,950,Samoa,6570.92,6575.52,7618,2,78,55,0,0,29,,0,,359,Lost Pen Con,365,Neutral,0,,0,,0,,0,,0,,0,,0,,0,0,0,0,1899-12-30T01:49:41Z,1,65,0,0,25,950,Samoa,750,Tonga,05/08/2023,15:00,13,9,34,9,34,9,70,Apia Park,-1,NA,1,2023,05,5,Lock (5),0,,0,,271,Angus Gardner,1000642,Damon Murphy,1000613,Matthew Kellahan,-1,,3,International,Y,W
2173,937717,43727,Miracle Faiilagi,950,Samoa,6570.92,6575.52,7618,2,78,55,0,0,29,,0,,359,Lost Pen Con,365,Neutral,0,,0,,0,,0,,0,,0,,0,,0,0,0,0,1899-12-30T01:49:41Z,1,65,0,0,25,950,Samoa,750,Tonga,05/08/2023,15:00,13,9,34,9,34,9,70,Apia Park,-1,NA,1,2023,06,6,Blindside Flanker,0,,0,,271,Angus Gardner,1000642,Damon Murphy,1000613,Matthew Kellahan,-1,,3,International,Y,W
2174,937717,18506,Steven Luatua,950,Samoa,6570.92,6575.52,7618,2,78,55,0,0,29,,0,,359,Lost Pen Con,365,Neutral,0,,0,,0,,0,,0,,0,,0,,0,0,0,0,1899-12-30T01:49:41Z,1,65,0,0,25,950,Samoa,750,Tonga,05/08/2023,15:00,13,9,34,9,34,9,70,Apia Park,-1,NA,1,2023,08,8,Number 8,0,,0,,271,Angus Gardner,1000642,Damon Murphy,1000613,Matthew Kellahan,-1,,3,International,Y,W
2175,937717,31482,Luteru Tolai,950,Samoa,6570.92,6575.52,7618,2,78,55,0,0,29,,0,,359,Lost Pen Con,365,Neutral,0,,0,,0,,0,,0,,0,,0,,0,0,0,0,1899-12-30T01:49:41Z,1,65,0,0,25,950,Samoa,750,Tonga,05/08/2023,15:00,13,9,34,9,34,9,70,Apia Park,-1,NA,1,2023,16,2,Hooker,0,,0,,271,Angus Gardner,1000642,Damon Murphy,1000613,Matthew Kellahan,-1,,3,International,Y,W
2176,937717,17201,Paul Alo-Emile,950,Samoa,6570.92,6575.52,7618,2,78,55,0,0,29,,0,,359,Lost Pen Con,365,Neutral,0,,0,,0,,0,,0,,0,,0,,0,0,0,0,1899-12-30T01:49:41Z,1,65,0,0,25,950,Samoa,750,Tonga,05/08/2023,15:00,13,9,34,9,34,9,70,Apia Park,-1,NA,1,2023,18,3,Tighthead Prop,0,,0,,271,Angus Gardner,1000642,Damon Murphy,1000613,Matthew Kellahan,-1,,3,International,Y,W
2177,937717,36890,Theo McFarland,950,Samoa,6570.92,6575.52,7618,2,78,55,0,0,29,,0,,359,Lost Pen Con,365,Neutral,0,,0,,0,,0,,0,,0,,0,,0,0,0,0,1899-12-30T01:49:41Z,1,65,0,0,25,950,Samoa,750,Tonga,05/08/2023,15:00,13,9,34,9,34,9,70,Apia Park,-1,NA,1,2023,19,4,Lock (4),0,,0,,271,Angus Gardner,1000642,Damon Murphy,1000613,Matthew Kellahan,-1,,3,International,Y,W
2178,937717,1927,Fritz Lee,950,Samoa,6570.92,6575.52,7618,2,78,55,0,0,29,,0,,359,Lost Pen Con,365,Neutral,0,,0,,0,,0,,0,,0,,0,,0,0,0,0,1899-12-30T01:49:41Z,1,65,0,0,25,950,Samoa,750,Tonga,05/08/2023,15:00,13,9,34,9,34,9,70,Apia Park,-1,NA,1,2023,20,8,Number 8,0,,0,,271,Angus Gardner,1000642,Damon Murphy,1000613,Matthew Kellahan,-1,,3,International,Y,W
2179,937717,21731,Tau Koloamatangi,750,Tonga,6574.44,6574.44,7621,2,78,55,0,0,7,Penalty Conceded,222,Scrum Offence,236,No Action,214,Offence,233,Full Penalty,426,Collapsing,0,,0,,0,,0,,0,,0,0,0,0,1899-12-30T01:49:43Z,1,65,0,0,25,950,Samoa,750,Tonga,05/08/2023,15:00,13,9,34,9,34,9,70,Apia Park,-1,NA,1,2023,17,1,Loosehead Prop,0,,0,,271,Angus Gardner,1000642,Damon Murphy,1000613,Matthew Kellahan,-1,,3,International,N,L
2180,937717,0,,750,Tonga,6570.92,6575.52,7623,2,78,55,78,55,26,Sequences,412,Scrum Steal,319,Pen Con,0,,0,,0,,0,,0,,0,,0,,0,,0,0,0,0,1899-12-30T01:49:41Z,1,65,0,0,25,950,Samoa,750,Tonga,05/08/2023,15:00,13,9,34,9,34,9,70,Apia Park,-1,NA,1,2023,,,,0,,0,,271,Angus Gardner,1000642,Damon Murphy,1000613,Matthew Kellahan,-1,,3,International,N,L
2181,937717,9023,Christian Leali'ifano,950,Samoa,6601.76,6601.76,7649,2,30,14,0,0,8,Turnover,262,Failure To Find Touch,677,Error on Attack,0,,0,,0,,0,,0,,0,,0,,0,,0,0,0,0,1899-12-30T01:50:12Z,1,65,0,0,25,950,Samoa,750,Tonga,05/08/2023,15:00,13,9,34,9,34,9,70,Apia Park,-1,NA,1,2023,22,10,Fly Half,0,,0,,271,Angus Gardner,1000642,Damon Murphy,1000613,Matthew Kellahan,-1,,3,International,Y,W
2182,937717,9023,Christian Leali'ifano,950,Samoa,6601.76,6605.88,7649,2,30,14,75,1,4,Kick,347,Touch Kick,196,Error - Territorial Loss,148,Penalty Kick,0,,0,,0,,0,,0,,0,,0,,44,46,0,0,1899-12-30T01:50:12Z,1,65,0,0,25,950,Samoa,750,Tonga,05/08/2023,15:00,13,9,34,9,34,9,70,Apia Park,-1,NA,1,2023,22,10,Fly Half,0,,0,,271,Angus Gardner,1000642,Damon Murphy,1000613,Matthew Kellahan,-1,,3,International,Y,W
2183,937717,28913,Otumaka Mausia,750,Tonga,6605.88,6605.88,7653,2,26,67,0,0,18,Collection,275,Restart Catch,277,Success,0,,0,,0,,0,,0,,0,,0,,0,,0,0,0,0,1899-12-30T01:50:16Z,1,66,0,0,25,950,Samoa,750,Tonga,05/08/2023,15:00,13,9,34,9,34,9,70,Apia Park,-1,NA,1,2023,22,10,Fly Half,0,,0,,271,Angus Gardner,1000642,Damon Murphy,1000613,Matthew Kellahan,-1,,3,International,N,L
2184,937717,28913,Otumaka Mausia,750,Tonga,6605.88,6605.88,7653,2,26,67,0,0,44,Counter Attack,623,Outcome - Penalty Won,0,,0,,0,,0,,0,,0,,0,,0,,0,,0,0,0,0,1899-12-30T01:50:16Z,1,66,0,0,25,950,Samoa,750,Tonga,05/08/2023,15:00,13,9,34,9,34,9,70,Apia Park,-1,NA,1,2023,22,10,Fly Half,0,,0,,271,Angus Gardner,1000642,Damon Murphy,1000613,Matthew Kellahan,-1,,3,International,N,L
2185,937717,28913,Otumaka Mausia,750,Tonga,6606.56,6606.92,7654,2,26,67,24,63,3,Pass,169,Complete,0,,679,Short Pass,681,Left Pass,700,0th Receiver,0,,0,,0,,0,,0,,4,4,1,0,1899-12-30T01:50:18Z,1,66,0,0,25,950,Samoa,750,Tonga,05/08/2023,15:00,13,9,34,9,34,9,70,Apia Park,-1,NA,1,2023,22,10,Fly Half,0,,0,,271,Angus Gardner,1000642,Damon Murphy,1000613,Matthew Kellahan,-1,,3,International,N,L
2186,937717,36335,Solomone Kata,750,Tonga,6606.92,6606.92,7654,2,24,63,0,0,18,Collection,631,General Catch,0,,0,,0,,0,,0,,0,,0,,0,,0,,0,0,0,0,1899-12-30T01:50:22Z,1,66,0,0,25,950,Samoa,750,Tonga,05/08/2023,15:00,13,9,34,9,34,9,70,Apia Park,-1,NA,1,2023,14,14,Right Wing,0,,0,,271,Angus Gardner,1000642,Damon Murphy,1000613,Matthew Kellahan,-1,,3,International,N,L
2187,937717,36335,Solomone Kata,750,Tonga,6606.92,6611.20,7654,2,24,63,41,44,1,Carry,104,Kick Return,121,Pass,109,Crossed Gain line,0,,500,0 Tacklers Committed,701,1st Receiver,0,,0,,0,,0,,16,17,0,0,1899-12-30T01:50:22Z,1,66,0,0,25,950,Samoa,750,Tonga,05/08/2023,15:00,13,9,34,9,34,9,70,Apia Park,-1,NA,1,2023,14,14,Right Wing,0,,0,,271,Angus Gardner,1000642,Damon Murphy,1000613,Matthew Kellahan,-1,,3,International,N,L
2188,937717,36335,Solomone Kata,750,Tonga,6611.20,6612.76,7658,2,41,44,36,15,3,Pass,169,Complete,0,,680,Long Pass,681,Left Pass,701,1st Receiver,0,,0,,0,,0,,0,,29,30,6,0,1899-12-30T01:50:23Z,1,66,0,0,25,950,Samoa,750,Tonga,05/08/2023,15:00,13,9,34,9,34,9,70,Apia Park,-1,NA,1,2023,14,14,Right Wing,0,,0,,271,Angus Gardner,1000642,Damon Murphy,1000613,Matthew Kellahan,-1,,3,International,N,L
2189,937717,30895,Solomone Funaki,750,Tonga,6612.76,6612.76,7700,2,36,15,0,0,18,Collection,631,General Catch,0,,0,,0,,0,,0,,0,,0,,0,,0,,0,0,0,0,1899-12-30T01:50:24Z,1,66,0,0,25,950,Samoa,750,Tonga,05/08/2023,15:00,13,9,34,9,34,9,70,Apia Park,-1,NA,1,2023,20,7,Openside Flanker,0,,0,,271,Angus Gardner,1000642,Damon Murphy,1000613,Matthew Kellahan,-1,,3,International,N,L
2190,937717,30895,Solomone Funaki,750,Tonga,6613.36,6614.44,7700,2,39,14,37,4,3,Pass,172,Break,0,,686,Medium Pass,681,Left Pass,702,2nd Receiver,0,,0,,0,,0,,0,,10,10,1,0,1899-12-30T01:50:24Z,1,66,0,0,25,950,Samoa,750,Tonga,05/08/2023,15:00,13,9,34,9,34,9,70,Apia Park,-1,NA,1,2023,20,7,Openside Flanker,0,,0,,271,Angus Gardner,1000642,Damon Murphy,1000613,Matthew Kellahan,-1,,3,International,N,L
2191,937717,30895,Solomone Funaki,750,Tonga,6613.44,6613.44,7700,2,39,14,0,0,10,Attacking Qualities,527,Break Assist,0,,0,,0,,0,,0,,0,,0,,0,,0,,0,0,0,0,1899-12-30T01:50:23Z,1,66,0,0,25,950,Samoa,750,Tonga,05/08/2023,15:00,13,9,34,9,34,9,70,Apia Park,-1,NA,1,2023,20,7,Openside Flanker,0,,0,,271,Angus Gardner,1000642,Damon Murphy,1000613,Matthew Kellahan,-1,,3,International,N,L
2192,937717,20059,Malakai Fekitoa,750,Tonga,6614.44,6614.44,7701,2,37,4,0,0,18,Collection,631,General Catch,0,,0,,0,,0,,0,,0,,0,,0,,0,,0,0,0,0,1899-12-30T01:50:28Z,1,66,0,0,25,950,Samoa,750,Tonga,05/08/2023,15:00,13,9,34,9,34,9,70,Apia Park,-1,NA,1,2023,23,11,Left Wing,0,,0,,271,Angus Gardner,1000642,Damon Murphy,1000613,Matthew Kellahan,-1,,3,International,N,L
2193,937717,20059,Malakai Fekitoa,750,Tonga,6614.44,6619.36,7701,2,37,4,58,4,1,Carry,104,Kick Return,210,Penalty Won,109,Crossed Gain line,460,Dominant Contact,502,2 Tacklers Committed,703,3rd Receiver,0,,0,,0,,0,,17,21,21,9,1899-12-30T01:50:28Z,1,66,0,0,25,950,Samoa,750,Tonga,05/08/2023,15:00,13,9,34,9,34,9,70,Apia Park,-1,NA,1,2023,23,11,Left Wing,0,,0,,271,Angus Gardner,1000642,Damon Murphy,1000613,Matthew Kellahan,-1,,3,International,N,L
2194,937717,27345,Neria Fomai,950,Samoa,6616.12,6616.12,7703,2,63,64,0,0,2,Tackle,142,Chase,161,Missed,0,,475,Ineffective Tackle,708,1st Tackler,0,,0,,0,,0,,0,,0,0,0,0,1899-12-30T01:50:26Z,1,66,0,0,25,950,Samoa,750,Tonga,05/08/2023,15:00,13,9,34,9,34,9,70,Apia Park,-1,NA,1,2023,23,14,Right Wing,0,,0,,271,Angus Gardner,1000642,Damon Murphy,1000613,Matthew Kellahan,-1,,3,International,Y,W
2195,937717,27345,Neria Fomai,950,Samoa,6616.12,6616.12,7703,2,63,64,0,0,12,Missed Tackle,162,Bumped Off,167,Clean Break,0,,0,,0,,0,,0,,0,,0,,0,,0,0,0,0,1899-12-30T01:50:26Z,1,66,0,0,25,950,Samoa,750,Tonga,05/08/2023,15:00,13,9,34,9,34,9,70,Apia Park,-1,NA,1,2023,23,14,Right Wing,0,,0,,271,Angus Gardner,1000642,Damon Murphy,1000613,Matthew Kellahan,-1,,3,International,Y,W
2196,937717,20059,Malakai Fekitoa,750,Tonga,6616.16,6616.16,7703,2,37,4,0,0,10,Attacking Qualities,116,Defender Beaten,0,,0,,0,,0,,0,,0,,0,,0,,0,,0,0,0,0,1899-12-30T01:50:26Z,1,66,0,0,25,950,Samoa,750,Tonga,05/08/2023,15:00,13,9,34,9,34,9,70,Apia Park,-1,NA,1,2023,23,11,Left Wing,0,,0,,271,Angus Gardner,1000642,Damon Murphy,1000613,Matthew Kellahan,-1,,3,International,N,L
2197,937717,27345,Neria Fomai,950,Samoa,6616.20,6616.20,7703,2,53,65,0,0,7,Penalty Conceded,345,Foul Play - Dangerous Throw,237,Yellow Card,215,Defence,233,Full Penalty,0,,0,,0,,0,,0,,0,,0,0,0,0,1899-12-30T01:50:27Z,1,66,0,0,25,950,Samoa,750,Tonga,05/08/2023,15:00,13,9,34,9,34,9,70,Apia Park,-1,NA,1,2023,23,14,Right Wing,0,,0,,271,Angus Gardner,1000642,Damon Murphy,1000613,Matthew Kellahan,-1,,3,International,Y,W
2198,937717,27345,Neria Fomai,950,Samoa,6616.24,6657.88,7703,2,53,65,0,0,21,Card,246,Yellow Card,542,Foul Play,0,,0,,0,,0,,0,,0,,0,,0,,0,0,0,0,1899-12-30T01:50:27Z,1,66,0,0,25,950,Samoa,750,Tonga,05/08/2023,15:00,13,9,34,9,34,9,70,Apia Park,-1,NA,1,2023,23,14,Right Wing,0,,0,,271,Angus Gardner,1000642,Damon Murphy,1000613,Matthew Kellahan,-1,,3,International,Y,W
2199,937717,20059,Malakai Fekitoa,750,Tonga,6616.40,6616.40,7703,2,49,4,0,0,10,Attacking Qualities,112,Initial Break,530,Line Break,0,,0,,0,,0,,0,,0,,0,,0,,0,0,0,0,1899-12-30T01:49:46Z,1,66,0,0,25,950,Samoa,750,Tonga,05/08/2023,15:00,13,9,34,9,34,9,70,Apia Park,-1,NA,1,2023,23,11,Left Wing,0,,0,,271,Angus Gardner,1000642,Damon Murphy,1000613,Matthew Kellahan,-1,,3,International,N,L
2200,937717,20546,Nigel Ah Wong,950,Samoa,6618.24,6618.24,7705,2,50,64,0,0,2,Tackle,143,Cover,160,Passive,441,Assist,475,Ineffective Tackle,709,2nd Tackler,0,,0,,0,,0,,0,,0,0,0,0,1899-12-30T01:50:29Z,1,66,0,0,25,950,Samoa,750,Tonga,05/08/2023,15:00,13,9,34,9,34,9,70,Apia Park,-1,NA,1,2023,14,14,Right Wing,0,,0,,271,Angus Gardner,1000642,Damon Murphy,1000613,Matthew Kellahan,-1,,3,International,Y,W
2201,937717,20059,Malakai Fekitoa,750,Tonga,6619.36,6622.92,7706,2,58,4,0,0,23,Ruck,0,,401,Won Outright,551,N/A Gainline,555,3-4 Seconds,662,Mid Right Open Movement Ruck,0,,0,,0,,0,,0,,0,0,0,10,1899-12-30T01:50:30Z,1,66,0,0,25,950,Samoa,750,Tonga,05/08/2023,15:00,13,9,34,9,34,9,70,Apia Park,-1,NA,1,2023,23,11,Left Wing,0,,0,,271,Angus Gardner,1000642,Damon Murphy,1000613,Matthew Kellahan,-1,,3,International,N,L
2202,937717,23395,Melani Matavao,950,Samoa,6619.68,6619.68,7707,2,42,64,0,0,43,Ruck OOA,578,Got Cleaned Out,583,Own Team 1st Entry,603,OOA Entry 1st Entry- Def,633,Defensive OOA,0,1,0,,0,,0,,0,,0,,0,0,0,0,1899-12-30T01:50:27Z,1,66,0,0,25,950,Samoa,750,Tonga,05/08/2023,15:00,13,9,34,9,34,9,70,Apia Park,-1,NA,1,2023,21,9,Scrum Half,0,,0,,271,Angus Gardner,1000642,Damon Murphy,1000613,Matthew Kellahan,-1,,3,International,Y,W
2203,937717,19128,George Moala,750,Tonga,6619.72,6619.72,7707,2,58,4,0,0,43,Ruck OOA,572,Cleaned Out,583,Own Team 1st Entry,588,OOA Entry 1st Entry- Att,632,Attacking OOA,0,1,0,,0,,0,,0,,0,,0,0,0,0,1899-12-30T01:50:27Z,1,66,0,0,25,950,Samoa,750,Tonga,05/08/2023,15:00,13,9,34,9,34,9,70,Apia Park,-1,NA,1,2023,13,13,Outside Centre,0,,0,,271,Angus Gardner,1000642,Damon Murphy,1000613,Matthew Kellahan,-1,,3,International,N,L
2204,937717,30895,Solomone Funaki,750,Tonga,6620.44,6620.44,7707,2,58,4,0,0,43,Ruck OOA,572,Cleaned Out,584,Own Team 2nd Entry,589,OOA Entry 2nd Entry- Att,632,Attacking OOA,0,2,0,,0,,0,,0,,0,,0,0,0,0,1899-12-30T01:50:28Z,1,66,0,0,25,950,Samoa,750,Tonga,05/08/2023,15:00,13,9,34,9,34,9,70,Apia Park,-1,NA,1,2023,20,7,Openside Flanker,0,,0,,271,Angus Gardner,1000642,Damon Murphy,1000613,Matthew Kellahan,-1,,3,International,N,L
2205,937717,0,,750,Tonga,6621.20,6621.20,7708,2,58,4,0,0,20,Ref Review,245,Advantage,0,,0,,0,,0,,0,,0,,0,,0,,0,,0,0,0,0,1899-12-30T01:50:29Z,1,66,0,0,25,950,Samoa,750,Tonga,05/08/2023,15:00,13,9,34,9,34,9,70,Apia Park,-1,NA,1,2023,,,,0,,0,,271,Angus Gardner,1000642,Damon Murphy,1000613,Matthew Kellahan,-1,,3,International,N,L
2206,937717,9726,Afusipa Taumoepeau,750,Tonga,6622.92,6622.92,7710,2,58,4,0,0,18,Collection,631,General Catch,0,,0,,0,,0,,0,,0,,0,,0,,0,,0,0,0,0,1899-12-30T01:50:34Z,2,66,0,0,25,950,Samoa,750,Tonga,05/08/2023,15:00,13,9,34,9,34,9,70,Apia Park,-1,NA,1,2023,11,11,Left Wing,0,,0,,271,Angus Gardner,1000642,Damon Murphy,1000613,Matthew Kellahan,-1,,3,International,N,L
2207,937717,9726,Afusipa Taumoepeau,750,Tonga,6622.92,6622.92,7710,2,58,4,0,0,47,Playmaker Options,672,Acting Halfback at Breakdown,675,Playmaker Option - Pass,0,,0,,0,,0,,0,,0,,0,,0,,0,0,0,0,1899-12-30T01:50:34Z,2,66,0,0,25,950,Samoa,750,Tonga,05/08/2023,15:00,13,9,34,9,34,9,70,Apia Park,-1,NA,1,2023,11,11,Left Wing,0,,0,,271,Angus Gardner,1000642,Damon Murphy,1000613,Matthew Kellahan,-1,,3,International,N,L
2208,937717,9726,Afusipa Taumoepeau,750,Tonga,6623.24,6623.88,7710,2,58,4,52,13,3,Pass,169,Complete,0,,686,Medium Pass,682,Right Pass,700,0th Receiver,0,,0,,0,,0,,0,,9,11,6,0,1899-12-30T01:50:34Z,2,66,0,0,25,950,Samoa,750,Tonga,05/08/2023,15:00,13,9,34,9,34,9,70,Apia Park,-1,NA,1,2023,11,11,Left Wing,0,,0,,271,Angus Gardner,1000642,Damon Murphy,1000613,Matthew Kellahan,-1,,3,International,N,L
2209,937717,29249,Sione Havili Talitui,750,Tonga,6623.88,6623.88,7711,2,52,13,0,0,18,Collection,631,General Catch,0,,0,,0,,0,,0,,0,,0,,0,,0,,0,0,0,0,1899-12-30T01:50:36Z,2,66,0,0,25,950,Samoa,750,Tonga,05/08/2023,15:00,13,9,34,9,34,9,70,Apia Park,-1,NA,1,2023,07,7,Openside Flanker,0,,0,,271,Angus Gardner,1000642,Damon Murphy,1000613,Matthew Kellahan,-1,,3,International,N,L
2210,937717,29249,Sione Havili Talitui,750,Tonga,6623.88,6623.88,7711,2,52,13,0,0,47,Playmaker Options,656,First Receiver,673,Playmaker Option - Carry,0,,0,,0,,0,,0,,0,,0,,0,,0,0,0,0,1899-12-30T01:50:36Z,2,66,0,0,25,950,Samoa,750,Tonga,05/08/2023,15:00,13,9,34,9,34,9,70,Apia Park,-1,NA,1,2023,07,7,Openside Flanker,0,,0,,271,Angus Gardner,1000642,Damon Murphy,1000613,Matthew Kellahan,-1,,3,International,N,L
2211,937717,29249,Sione Havili Talitui,750,Tonga,6623.88,6625.84,7711,2,52,13,58,14,1,Carry,101,One Out Drive,107,Tackled Dominant,110,Neutral Gain line,460,Dominant Contact,501,1 Tacklers Committed,701,1st Receiver,0,,0,,0,,0,,0,6,1,1,1899-12-30T01:50:36Z,2,66,0,0,25,950,Samoa,750,Tonga,05/08/2023,15:00,13,9,34,9,34,9,70,Apia Park,-1,NA,1,2023,07,7,Openside Flanker,0,,0,,271,Angus Gardner,1000642,Damon Murphy,1000613,Matthew Kellahan,-1,,3,International,N,L
2212,937717,31482,Luteru Tolai,950,Samoa,6625.60,6625.60,7713,2,43,54,0,0,2,Tackle,144,Line,160,Passive,0,,475,Ineffective Tackle,708,1st Tackler,0,,0,,0,,0,,0,,0,0,0,0,1899-12-30T01:50:36Z,2,66,0,0,25,950,Samoa,750,Tonga,05/08/2023,15:00,13,9,34,9,34,9,70,Apia Park,-1,NA,1,2023,16,2,Hooker,0,,0,,271,Angus Gardner,1000642,Damon Murphy,1000613,Matthew Kellahan,-1,,3,International,Y,W
2213,937717,29249,Sione Havili Talitui,750,Tonga,6625.84,6628.96,7713,2,58,14,0,0,23,Ruck,0,,452,Unplayable,550,Equal to Previous  Gainline,559,N/A Ruck Speed,676,N/A Movement Ruck,0,,0,,0,,0,,0,,0,0,0,0,1899-12-30T01:50:36Z,2,66,0,0,25,950,Samoa,750,Tonga,05/08/2023,15:00,13,9,34,9,34,9,70,Apia Park,-1,NA,1,2023,07,7,Openside Flanker,0,,0,,271,Angus Gardner,1000642,Damon Murphy,1000613,Matthew Kellahan,-1,,3,International,N,L
2214,937717,1927,Fritz Lee,950,Samoa,6626.40,6626.40,7713,2,42,54,0,0,43,Ruck OOA,576,Nuisance,583,Own Team 1st Entry,603,OOA Entry 1st Entry- Def,633,Defensive OOA,0,1,0,,0,,0,,0,,0,,0,0,0,0,1899-12-30T01:50:33Z,2,66,0,0,25,950,Samoa,750,Tonga,05/08/2023,15:00,13,9,34,9,34,9,70,Apia Park,-1,NA,1,2023,20,8,Number 8,0,,0,,271,Angus Gardner,1000642,Damon Murphy,1000613,Matthew Kellahan,-1,,3,International,Y,W
2215,937717,19606,Lopeti Timani,750,Tonga,6626.48,6626.48,7714,2,58,14,0,0,43,Ruck OOA,573,Failed Clearout,583,Own Team 1st Entry,588,OOA Entry 1st Entry- Att,632,Attacking OOA,0,1,0,,0,,0,,0,,0,,0,0,0,0,1899-12-30T01:50:33Z,2,66,0,0,25,950,Samoa,750,Tonga,05/08/2023,15:00,13,9,34,9,34,9,70,Apia Park,-1,NA,1,2023,19,6,Blindside Flanker,0,,0,,271,Angus Gardner,1000642,Damon Murphy,1000613,Matthew Kellahan,-1,,3,International,N,L
2216,937717,28270,Tanginoa Halaifonua,750,Tonga,6627.88,6627.88,7715,2,58,14,0,0,43,Ruck OOA,573,Failed Clearout,584,Own Team 2nd Entry,589,OOA Entry 2nd Entry- Att,632,Attacking OOA,0,2,0,,0,,0,,0,,0,,0,0,0,0,1899-12-30T01:50:34Z,2,66,0,0,25,950,Samoa,750,Tonga,05/08/2023,15:00,13,9,34,9,34,9,70,Apia Park,-1,NA,1,2023,06,6,Blindside Flanker,0,,0,,271,Angus Gardner,1000642,Damon Murphy,1000613,Matthew Kellahan,-1,,3,International,N,L
2217,937717,0,,950,Samoa,6601.76,6628.96,7716,2,30,14,42,54,26,Sequences,780,Penalty Kick Touch,316,Pen Won,0,,0,,0,,0,,0,,0,,0,,0,,12,0,0,0,1899-12-30T01:50:12Z,2,66,0,0,25,950,Samoa,750,Tonga,05/08/2023,15:00,13,9,34,9,34,9,70,Apia Park,-1,NA,1,2023,,,,0,,0,,271,Angus Gardner,1000642,Damon Murphy,1000613,Matthew Kellahan,-1,,3,International,Y,W
2218,937717,0,,750,Tonga,6605.88,6628.96,7716,2,26,67,58,14,15,Possession,311,Kick Return,316,Pen Won,112,Initial Break,684,Fails to enter into Opposition 22,0,,0,,0,,0,,0,,0,,32,0,0,0,1899-12-30T01:50:16Z,2,66,0,0,25,950,Samoa,750,Tonga,05/08/2023,15:00,13,9,34,9,34,9,70,Apia Park,-1,NA,1,2023,,,,0,,0,,271,Angus Gardner,1000642,Damon Murphy,1000613,Matthew Kellahan,-1,,3,International,N,L
2219,937717,0,,950,Samoa,6654.96,6664.40,7742,2,58,14,0,0,17,Period,0,Period,0,,0,,0,,0,,0,,0,,0,,0,,0,,0,0,0,0,1899-12-30T01:50:51Z,2,66,0,0,25,950,Samoa,750,Tonga,05/08/2023,15:00,13,9,34,9,34,9,70,Apia Park,-1,NA,1,2023,,,,0,,0,,271,Angus Gardner,1000642,Damon Murphy,1000613,Matthew Kellahan,-1,,3,International,Y,W
2220,937717,27345,Neria Fomai,950,Samoa,6657.88,6657.88,7742,2,42,54,0,0,41,Sub Out,570,Yellow Card,0,,0,,0,,0,,0,,0,,0,,0,,0,,0,0,0,0,1899-12-30T01:50:44Z,2,66,0,-1,25,950,Samoa,750,Tonga,05/08/2023,15:00,13,9,34,9,34,9,70,Apia Park,-1,NA,1,2023,23,14,Right Wing,0,,0,,271,Angus Gardner,1000642,Damon Murphy,1000613,Matthew Kellahan,-1,,3,International,Y,W
2221,937717,36335,Solomone Kata,750,Tonga,6664.44,6665.68,7742,2,48,5,60,0,4,Kick,347,Touch Kick,193,Kick in Touch (Full),148,Penalty Kick,0,,0,,0,,0,,0,,0,,0,,12,13,0,0,1899-12-30T01:51:14Z,1,66,0,-1,25,950,Samoa,750,Tonga,05/08/2023,15:00,13,9,34,9,34,9,70,Apia Park,-1,NA,1,2023,14,14,Right Wing,0,,0,,271,Angus Gardner,1000642,Damon Murphy,1000613,Matthew Kellahan,-1,,3,International,N,L
2222,937717,0,,750,Tonga,6664.44,6665.68,7743,2,48,5,60,0,26,Sequences,780,Penalty Kick Touch,415,Own Lineout,0,,0,,0,,0,,0,,0,,0,,0,,12,0,0,0,1899-12-30T01:51:14Z,1,66,0,-1,25,950,Samoa,750,Tonga,05/08/2023,15:00,13,9,34,9,34,9,70,Apia Park,-1,NA,1,2023,,,,0,,0,,271,Angus Gardner,1000642,Damon Murphy,1000613,Matthew Kellahan,-1,,3,International,N,L
2223,937717,0,,950,Samoa,6665.72,6679.92,7743,2,60,0,0,0,17,Period,0,Period,0,,0,,0,,0,,0,,0,,0,,0,,0,,0,0,0,0,1899-12-30T01:51:28Z,1,66,0,-1,25,950,Samoa,750,Tonga,05/08/2023,15:00,13,9,34,9,34,9,70,Apia Park,-1,NA,1,2023,,,,0,,0,,271,Angus Gardner,1000642,Damon Murphy,1000613,Matthew Kellahan,-1,,3,International,Y,W
2224,937717,17144,Paula Ngauamo,750,Tonga,6686.64,6688.64,7750,2,60,0,59,20,6,Lineout Throw,373,Throw Back,419,Lost Overthrown,420,Catch and Run,0,5,676,N/A Movement Lineout,730,5 Players,724,Halfback in Position,0,,0,,0,,20,0,0,0,1899-12-30T01:51:37Z,1,66,0,-1,25,950,Samoa,750,Tonga,05/08/2023,15:00,13,9,34,9,34,9,70,Apia Park,-1,NA,1,2023,16,2,Hooker,0,,0,,271,Angus Gardner,1000642,Damon Murphy,1000613,Matthew Kellahan,-1,,3,International,N,L
2225,937717,23395,Melani Matavao,950,Samoa,6688.64,6688.64,7752,2,41,48,0,0,27,Lineout Take,393,Lineout Steal Back,419,Lost Overthrown,420,Catch and Run,396,Clean Catch,0,,0,,0,,0,,0,,0,,0,0,0,0,1899-12-30T01:51:39Z,1,67,0,-1,25,950,Samoa,750,Tonga,05/08/2023,15:00,13,9,34,9,34,9,70,Apia Park,-1,NA,1,2023,21,9,Scrum Half,0,,0,,271,Angus Gardner,1000642,Damon Murphy,1000613,Matthew Kellahan,-1,,3,International,Y,W
2226,937717,23395,Melani Matavao,950,Samoa,6688.64,6689.88,7752,2,41,48,44,42,1,Carry,103,Other Carry,121,Pass,110,Neutral Gain line,0,,500,0 Tacklers Committed,700,0th Receiver,0,,0,,0,,0,,3,3,0,0,1899-12-30T01:51:39Z,1,67,0,-1,25,950,Samoa,750,Tonga,05/08/2023,15:00,13,9,34,9,34,9,70,Apia Park,-1,NA,1,2023,21,9,Scrum Half,0,,0,,271,Angus Gardner,1000642,Damon Murphy,1000613,Matthew Kellahan,-1,,3,International,Y,W
2227,937717,23395,Melani Matavao,950,Samoa,6689.88,6690.76,7753,2,44,42,37,26,3,Pass,169,Complete,0,,680,Long Pass,681,Left Pass,700,0th Receiver,0,,0,,0,,0,,0,,17,18,7,0,1899-12-30T01:51:40Z,1,67,0,-1,25,950,Samoa,750,Tonga,05/08/2023,15:00,13,9,34,9,34,9,70,Apia Park,-1,NA,1,2023,21,9,Scrum Half,0,,0,,271,Angus Gardner,1000642,Damon Murphy,1000613,Matthew Kellahan,-1,,3,International,Y,W
2228,937717,1927,Fritz Lee,950,Samoa,6690.76,6690.76,7754,2,37,26,0,0,18,Collection,631,General Catch,0,,0,,0,,0,,0,,0,,0,,0,,0,,0,0,0,0,1899-12-30T01:51:42Z,1,67,0,-1,25,950,Samoa,750,Tonga,05/08/2023,15:00,13,9,34,9,34,9,70,Apia Park,-1,NA,1,2023,20,8,Number 8,0,,0,,271,Angus Gardner,1000642,Damon Murphy,1000613,Matthew Kellahan,-1,,3,International,Y,W
2229,937717,1927,Fritz Lee,950,Samoa,6692.08,6696.16,7755,2,43,20,92,28,4,Kick,190,Territorial,199,Collected Bounce,185,Kick in Play,0,,0,,0,,0,,0,,0,,0,,50,50,0,0,1899-12-30T01:51:42Z,1,67,0,-1,25,950,Samoa,750,Tonga,05/08/2023,15:00,13,9,34,9,34,9,70,Apia Park,-1,NA,1,2023,20,8,Number 8,0,,0,,271,Angus Gardner,1000642,Damon Murphy,1000613,Matthew Kellahan,-1,,3,International,Y,W
2230,937717,0,,950,Samoa,6688.64,6696.16,7800,2,41,48,92,28,15,Possession,348,Lineout Steal,351,Kick in Play,0,,684,Fails to enter into Opposition 22,0,,0,,0,,0,,0,,0,,51,0,0,0,1899-12-30T01:51:39Z,1,67,0,-1,25,950,Samoa,750,Tonga,05/08/2023,15:00,13,9,34,9,34,9,70,Apia Park,-1,NA,1,2023,,,,0,,0,,271,Angus Gardner,1000642,Damon Murphy,1000613,Matthew Kellahan,-1,,3,International,Y,W
2231,937717,9726,Afusipa Taumoepeau,750,Tonga,6696.16,6696.16,7800,2,8,40,0,0,18,Collection,274,Defensive Loose Ball,277,Success,0,,0,,0,,0,,0,,0,,0,,0,,0,0,0,0,1899-12-30T01:51:48Z,1,68,0,-1,25,950,Samoa,750,Tonga,05/08/2023,15:00,13,9,34,9,34,9,70,Apia Park,-1,NA,1,2023,11,11,Left Wing,0,,0,,271,Angus Gardner,1000642,Damon Murphy,1000613,Matthew Kellahan,-1,,3,International,N,L
2232,937717,0,,750,Tonga,6696.16,6696.16,7800,2,8,40,0,0,45,Defensive Exits,630,Kicked out of 22,0,,0,,0,,0,,0,,0,,0,,0,,0,,0,0,0,0,1899-12-30T01:51:48Z,1,68,0,-1,25,950,Samoa,750,Tonga,05/08/2023,15:00,13,9,34,9,34,9,70,Apia Park,-1,NA,1,2023,,,,0,,0,,271,Angus Gardner,1000642,Damon Murphy,1000613,Matthew Kellahan,-1,,3,International,N,L
2233,937717,9726,Afusipa Taumoepeau,750,Tonga,6696.16,6699.72,7800,2,8,40,9,22,1,Carry,104,Kick Return,120,Kick,109,Crossed Gain line,0,,500,0 Tacklers Committed,700,0th Receiver,0,,0,,0,,0,,1,1,0,0,1899-12-30T01:51:48Z,1,68,0,-1,25,950,Samoa,750,Tonga,05/08/2023,15:00,13,9,34,9,34,9,70,Apia Park,-1,NA,1,2023,11,11,Left Wing,0,,0,,271,Angus Gardner,1000642,Damon Murphy,1000613,Matthew Kellahan,-1,,3,International,N,L
2234,937717,9726,Afusipa Taumoepeau,750,Tonga,6699.72,6704.12,7803,2,9,22,40,0,4,Kick,347,Touch Kick,193,Kick in Touch (Full),186,Kick in Play (Own 22),0,,0,,0,,0,,0,,0,,0,,31,39,0,0,1899-12-30T01:51:50Z,1,68,0,-1,25,950,Samoa,750,Tonga,05/08/2023,15:00,13,9,34,9,34,9,70,Apia Park,-1,NA,1,2023,11,11,Left Wing,0,,0,,271,Angus Gardner,1000642,Damon Murphy,1000613,Matthew Kellahan,-1,,3,International,N,L
2235,937717,0,,750,Tonga,6686.64,6704.12,7808,2,60,0,40,0,26,Sequences,348,Lineout Steal,315,Kick Out of Play,0,,0,,0,,0,,0,,0,,0,,0,,-20,0,0,0,1899-12-30T01:51:37Z,1,68,0,-1,25,950,Samoa,750,Tonga,05/08/2023,15:00,13,9,34,9,34,9,70,Apia Park,-1,NA,1,2023,,,,0,,0,,271,Angus Gardner,1000642,Damon Murphy,1000613,Matthew Kellahan,-1,,3,International,N,L
2236,937717,0,,750,Tonga,6696.16,6704.12,7808,2,8,40,40,0,15,Possession,311,Kick Return,315,Kick Out of Play,0,,684,Fails to enter into Opposition 22,0,,0,,0,,0,,0,,0,,32,0,0,0,1899-12-30T01:51:48Z,1,68,0,-1,25,950,Samoa,750,Tonga,05/08/2023,15:00,13,9,34,9,34,9,70,Apia Park,-1,NA,1,2023,,,,0,,0,,271,Angus Gardner,1000642,Damon Murphy,1000613,Matthew Kellahan,-1,,3,International,N,L
2237,937717,31482,Luteru Tolai,950,Samoa,6742.28,6743.60,7846,2,60,68,60,59,6,Lineout Throw,371,Throw Front,417,Lost Handling Error,207,Catch and Drive,0,5+1,676,N/A Movement Lineout,730,5 Players,725,Forward at Halfback (+1),0,,0,,0,,10,0,0,0,1899-12-30T01:52:33Z,1,68,0,-1,25,950,Samoa,750,Tonga,05/08/2023,15:00,13,9,34,9,34,9,70,Apia Park,-1,NA,1,2023,16,2,Hooker,0,,0,,271,Angus Gardner,1000642,Damon Murphy,1000613,Matthew Kellahan,-1,,3,International,Y,W
2238,937717,36890,Theo McFarland,950,Samoa,6743.60,6743.60,7847,2,60,59,0,0,8,Turnover,254,Dropped Ball Unforced,677,Error on Attack,0,,0,,0,,0,,0,,0,,0,,0,,0,0,0,0,1899-12-30T01:52:34Z,1,68,0,-1,25,950,Samoa,750,Tonga,05/08/2023,15:00,13,9,34,9,34,9,70,Apia Park,-1,NA,1,2023,19,4,Lock (4),0,,0,,271,Angus Gardner,1000642,Damon Murphy,1000613,Matthew Kellahan,-1,,3,International,Y,W
2239,937717,0,,950,Samoa,6742.28,6746.56,7850,2,60,68,60,59,26,Sequences,348,Lineout Steal,411,Turnover (Scrum),0,,0,,0,,0,,0,,0,,0,,0,,0,0,0,0,1899-12-30T01:52:33Z,1,68,0,-1,25,950,Samoa,750,Tonga,05/08/2023,15:00,13,9,34,9,34,9,70,Apia Park,-1,NA,1,2023,,,,0,,0,,271,Angus Gardner,1000642,Damon Murphy,1000613,Matthew Kellahan,-1,,3,International,Y,W
2240,937717,29249,Sione Havili Talitui,750,Tonga,6802.20,6805.32,7946,2,40,15,0,0,5,Scrum,0,,357,Won Penalty,365,Neutral,0,,676,N/A Movement Scrum,0,,0,,0,,0,,0,,0,0,0,0,1899-12-30T01:53:33Z,1,68,0,-1,25,950,Samoa,750,Tonga,05/08/2023,15:00,13,9,34,9,34,9,70,Apia Park,-1,NA,1,2023,07,7,Openside Flanker,0,,0,,271,Angus Gardner,1000642,Damon Murphy,1000613,Matthew Kellahan,-1,,3,International,N,L
2241,937717,26114,Leva Fifita,750,Tonga,6802.20,6805.32,7946,2,40,15,0,0,28,,0,,357,Won Penalty,365,Neutral,0,,0,,0,,0,,0,,0,,0,,0,0,0,0,1899-12-30T01:53:33Z,1,68,0,-1,25,950,Samoa,750,Tonga,05/08/2023,15:00,13,9,34,9,34,9,70,Apia Park,-1,NA,1,2023,04,4,Lock (4),0,,0,,271,Angus Gardner,1000642,Damon Murphy,1000613,Matthew Kellahan,-1,,3,International,N,L
2242,937717,28270,Tanginoa Halaifonua,750,Tonga,6802.20,6805.32,7946,2,40,15,0,0,28,,0,,357,Won Penalty,365,Neutral,0,,0,,0,,0,,0,,0,,0,,0,0,0,0,1899-12-30T01:53:33Z,1,68,0,-1,25,950,Samoa,750,Tonga,05/08/2023,15:00,13,9,34,9,34,9,70,Apia Park,-1,NA,1,2023,06,6,Blindside Flanker,0,,0,,271,Angus Gardner,1000642,Damon Murphy,1000613,Matthew Kellahan,-1,,3,International,N,L
2243,937717,29249,Sione Havili Talitui,750,Tonga,6802.20,6805.32,7946,2,40,15,0,0,28,,0,,357,Won Penalty,365,Neutral,0,,0,,0,,0,,0,,0,,0,,0,0,0,0,1899-12-30T01:53:33Z,1,68,0,-1,25,950,Samoa,750,Tonga,05/08/2023,15:00,13,9,34,9,34,9,70,Apia Park,-1,NA,1,2023,07,7,Openside Flanker,0,,0,,271,Angus Gardner,1000642,Damon Murphy,1000613,Matthew Kellahan,-1,,3,International,N,L
2244,937717,21155,Vaea Fifita,750,Tonga,6802.20,6805.32,7946,2,40,15,0,0,28,,0,,357,Won Penalty,365,Neutral,0,,0,,0,,0,,0,,0,,0,,0,0,0,0,1899-12-30T01:53:33Z,1,68,0,-1,25,950,Samoa,750,Tonga,05/08/2023,15:00,13,9,34,9,34,9,70,Apia Park,-1,NA,1,2023,08,8,Number 8,0,,0,,271,Angus Gardner,1000642,Damon Murphy,1000613,Matthew Kellahan,-1,,3,International,N,L
2245,937717,17144,Paula Ngauamo,750,Tonga,6802.20,6805.32,7946,2,40,15,0,0,28,,0,,357,Won Penalty,365,Neutral,0,,0,,0,,0,,0,,0,,0,,0,0,0,0,1899-12-30T01:53:33Z,1,68,0,-1,25,950,Samoa,750,Tonga,05/08/2023,15:00,13,9,34,9,34,9,70,Apia Park,-1,NA,1,2023,16,2,Hooker,0,,0,,271,Angus Gardner,1000642,Damon Murphy,1000613,Matthew Kellahan,-1,,3,International,N,L
2246,937717,21731,Tau Koloamatangi,750,Tonga,6802.20,6805.32,7946,2,40,15,0,0,28,,0,,357,Won Penalty,365,Neutral,0,,0,,0,,0,,0,,0,,0,,0,0,0,0,1899-12-30T01:53:33Z,1,68,0,-1,25,950,Samoa,750,Tonga,05/08/2023,15:00,13,9,34,9,34,9,70,Apia Park,-1,NA,1,2023,17,1,Loosehead Prop,0,,0,,271,Angus Gardner,1000642,Damon Murphy,1000613,Matthew Kellahan,-1,,3,International,N,L
2247,937717,22321,David Lolohea,750,Tonga,6802.20,6805.32,7946,2,40,15,0,0,28,,0,,357,Won Penalty,365,Neutral,0,,0,,0,,0,,0,,0,,0,,0,0,0,0,1899-12-30T01:53:33Z,1,68,0,-1,25,950,Samoa,750,Tonga,05/08/2023,15:00,13,9,34,9,34,9,70,Apia Park,-1,NA,1,2023,18,3,Tighthead Prop,0,,0,,271,Angus Gardner,1000642,Damon Murphy,1000613,Matthew Kellahan,-1,,3,International,N,L
2248,937717,19606,Lopeti Timani,750,Tonga,6802.20,6805.32,7946,2,40,15,0,0,28,,0,,357,Won Penalty,365,Neutral,0,,0,,0,,0,,0,,0,,0,,0,0,0,0,1899-12-30T01:53:33Z,1,68,0,-1,25,950,Samoa,750,Tonga,05/08/2023,15:00,13,9,34,9,34,9,70,Apia Park,-1,NA,1,2023,19,6,Blindside Flanker,0,,0,,271,Angus Gardner,1000642,Damon Murphy,1000613,Matthew Kellahan,-1,,3,International,N,L
2249,937717,30895,Solomone Funaki,750,Tonga,6802.20,6805.32,7946,2,40,15,0,0,28,,0,,357,Won Penalty,365,Neutral,0,,0,,0,,0,,0,,0,,0,,0,0,0,0,1899-12-30T01:53:33Z,1,68,0,-1,25,950,Samoa,750,Tonga,05/08/2023,15:00,13,9,34,9,34,9,70,Apia Park,-1,NA,1,2023,20,7,Openside Flanker,0,,0,,271,Angus Gardner,1000642,Damon Murphy,1000613,Matthew Kellahan,-1,,3,International,N,L
2250,937717,10081,Charlie Faumuina,950,Samoa,6802.20,6805.32,7946,2,40,15,0,0,29,,0,,357,Won Penalty,365,Neutral,0,,0,,0,,0,,0,,0,,0,,0,0,0,0,1899-12-30T01:53:33Z,1,68,0,-1,25,950,Samoa,750,Tonga,05/08/2023,15:00,13,9,34,9,34,9,70,Apia Park,-1,NA,1,2023,01,1,Loosehead Prop,0,,0,,271,Angus Gardner,1000642,Damon Murphy,1000613,Matthew Kellahan,-1,,3,International,Y,W
2251,937717,20766,Chris Vui,950,Samoa,6802.20,6805.32,7946,2,40,15,0,0,29,,0,,357,Won Penalty,365,Neutral,0,,0,,0,,0,,0,,0,,0,,0,0,0,0,1899-12-30T01:53:33Z,1,68,0,-1,25,950,Samoa,750,Tonga,05/08/2023,15:00,13,9,34,9,34,9,70,Apia Park,-1,NA,1,2023,05,5,Lock (5),0,,0,,271,Angus Gardner,1000642,Damon Murphy,1000613,Matthew Kellahan,-1,,3,International,Y,W
2252,937717,43727,Miracle Faiilagi,950,Samoa,6802.20,6805.32,7946,2,40,15,0,0,29,,0,,357,Won Penalty,365,Neutral,0,,0,,0,,0,,0,,0,,0,,0,0,0,0,1899-12-30T01:53:33Z,1,68,0,-1,25,950,Samoa,750,Tonga,05/08/2023,15:00,13,9,34,9,34,9,70,Apia Park,-1,NA,1,2023,06,6,Blindside Flanker,0,,0,,271,Angus Gardner,1000642,Damon Murphy,1000613,Matthew Kellahan,-1,,3,International,Y,W
2253,937717,18506,Steven Luatua,950,Samoa,6802.20,6805.32,7946,2,40,15,0,0,29,,0,,357,Won Penalty,365,Neutral,0,,0,,0,,0,,0,,0,,0,,0,0,0,0,1899-12-30T01:53:33Z,1,68,0,-1,25,950,Samoa,750,Tonga,05/08/2023,15:00,13,9,34,9,34,9,70,Apia Park,-1,NA,1,2023,08,8,Number 8,0,,0,,271,Angus Gardner,1000642,Damon Murphy,1000613,Matthew Kellahan,-1,,3,International,Y,W
2254,937717,31482,Luteru Tolai,950,Samoa,6802.20,6805.32,7946,2,40,15,0,0,29,,0,,357,Won Penalty,365,Neutral,0,,0,,0,,0,,0,,0,,0,,0,0,0,0,1899-12-30T01:53:33Z,1,68,0,-1,25,950,Samoa,750,Tonga,05/08/2023,15:00,13,9,34,9,34,9,70,Apia Park,-1,NA,1,2023,16,2,Hooker,0,,0,,271,Angus Gardner,1000642,Damon Murphy,1000613,Matthew Kellahan,-1,,3,International,Y,W
2255,937717,17201,Paul Alo-Emile,950,Samoa,6802.20,6805.32,7946,2,40,15,0,0,29,,0,,357,Won Penalty,365,Neutral,0,,0,,0,,0,,0,,0,,0,,0,0,0,0,1899-12-30T01:53:33Z,1,68,0,-1,25,950,Samoa,750,Tonga,05/08/2023,15:00,13,9,34,9,34,9,70,Apia Park,-1,NA,1,2023,18,3,Tighthead Prop,0,,0,,271,Angus Gardner,1000642,Damon Murphy,1000613,Matthew Kellahan,-1,,3,International,Y,W
2256,937717,36890,Theo McFarland,950,Samoa,6802.20,6805.32,7946,2,40,15,0,0,29,,0,,357,Won Penalty,365,Neutral,0,,0,,0,,0,,0,,0,,0,,0,0,0,0,1899-12-30T01:53:33Z,1,68,0,-1,25,950,Samoa,750,Tonga,05/08/2023,15:00,13,9,34,9,34,9,70,Apia Park,-1,NA,1,2023,19,4,Lock (4),0,,0,,271,Angus Gardner,1000642,Damon Murphy,1000613,Matthew Kellahan,-1,,3,International,Y,W
2257,937717,1927,Fritz Lee,950,Samoa,6802.20,6805.32,7946,2,40,15,0,0,29,,0,,357,Won Penalty,365,Neutral,0,,0,,0,,0,,0,,0,,0,,0,0,0,0,1899-12-30T01:53:33Z,1,68,0,-1,25,950,Samoa,750,Tonga,05/08/2023,15:00,13,9,34,9,34,9,70,Apia Park,-1,NA,1,2023,20,8,Number 8,0,,0,,271,Angus Gardner,1000642,Damon Murphy,1000613,Matthew Kellahan,-1,,3,International,Y,W
2258,937717,0,,750,Tonga,6802.20,6805.32,7949,2,40,15,40,15,26,Sequences,309,Scrum,316,Pen Won,0,,0,,0,,0,,0,,0,,0,,0,,0,0,0,0,1899-12-30T01:53:33Z,1,68,0,-1,25,950,Samoa,750,Tonga,05/08/2023,15:00,13,9,34,9,34,9,70,Apia Park,-1,NA,1,2023,,,,0,,0,,271,Angus Gardner,1000642,Damon Murphy,1000613,Matthew Kellahan,-1,,3,International,N,L
2259,937717,17201,Paul Alo-Emile,950,Samoa,6805.16,6805.16,7949,2,60,53,0,0,7,Penalty Conceded,222,Scrum Offence,236,No Action,215,Defence,233,Full Penalty,426,Collapsing,0,,0,,0,,0,,0,,0,0,0,0,1899-12-30T01:53:34Z,1,68,0,-1,25,950,Samoa,750,Tonga,05/08/2023,15:00,13,9,34,9,34,9,70,Apia Park,-1,NA,1,2023,18,3,Tighthead Prop,0,,0,,271,Angus Gardner,1000642,Damon Murphy,1000613,Matthew Kellahan,-1,,3,International,Y,W
2260,937717,21155,Vaea Fifita,750,Tonga,6810.76,6810.76,7954,2,40,14,0,0,18,Collection,631,General Catch,0,,0,,0,,0,,0,,0,,0,,0,,0,,0,0,0,0,1899-12-30T01:53:44Z,1,69,0,-1,25,950,Samoa,750,Tonga,05/08/2023,15:00,13,9,34,9,34,9,70,Apia Park,-1,NA,1,2023,08,8,Number 8,0,,0,,271,Angus Gardner,1000642,Damon Murphy,1000613,Matthew Kellahan,-1,,3,International,N,L
2261,937717,21155,Vaea Fifita,750,Tonga,6810.76,6814.00,7954,2,40,14,52,2,1,Carry,103,Other Carry,122,Off Load,109,Crossed Gain line,461,Neutral Contact,501,1 Tacklers Committed,700,0th Receiver,0,,0,,0,,0,,12,12,4,4,1899-12-30T01:53:44Z,1,69,0,-1,25,950,Samoa,750,Tonga,05/08/2023,15:00,13,9,34,9,34,9,70,Apia Park,-1,NA,1,2023,08,8,Number 8,0,,0,,271,Angus Gardner,1000642,Damon Murphy,1000613,Matthew Kellahan,-1,,3,International,N,L
2262,937717,23395,Melani Matavao,950,Samoa,6813.80,6813.80,7957,2,52,64,0,0,2,Tackle,147,Other,155,Offload Allowed,0,,474,Neutral Tackle,708,1st Tackler,0,,0,,0,,0,,0,,0,0,0,0,1899-12-30T01:53:44Z,1,69,0,-1,25,950,Samoa,750,Tonga,05/08/2023,15:00,13,9,34,9,34,9,70,Apia Park,-1,NA,1,2023,21,9,Scrum Half,0,,0,,271,Angus Gardner,1000642,Damon Murphy,1000613,Matthew Kellahan,-1,,3,International,Y,W
2263,937717,21155,Vaea Fifita,750,Tonga,6814.00,6814.52,7957,2,52,2,51,4,3,Pass,151,Offload,128,Own Player,679,Short Pass,682,Right Pass,700,0th Receiver,0,,0,,0,,0,,0,,2,2,1,0,1899-12-30T01:53:45Z,1,69,0,-1,25,950,Samoa,750,Tonga,05/08/2023,15:00,13,9,34,9,34,9,70,Apia Park,-1,NA,1,2023,08,8,Number 8,0,,0,,271,Angus Gardner,1000642,Damon Murphy,1000613,Matthew Kellahan,-1,,3,International,N,L
2264,937717,19606,Lopeti Timani,750,Tonga,6814.52,6814.52,7958,2,51,4,0,0,18,Collection,631,General Catch,0,,0,,0,,0,,0,,0,,0,,0,,0,,0,0,0,0,1899-12-30T01:53:46Z,1,69,0,-1,25,950,Samoa,750,Tonga,05/08/2023,15:00,13,9,34,9,34,9,70,Apia Park,-1,NA,1,2023,19,6,Blindside Flanker,0,,0,,271,Angus Gardner,1000642,Damon Murphy,1000613,Matthew Kellahan,-1,,3,International,N,L
2265,937717,19606,Lopeti Timani,750,Tonga,6814.52,6815.88,7958,2,51,4,51,2,1,Carry,106,Support Carry,122,Off Load,111,Failed Gain line,462,Ineffective Contact,501,1 Tacklers Committed,701,1st Receiver,0,,0,,0,,0,,0,0,0,0,1899-12-30T01:53:46Z,1,69,0,-1,25,950,Samoa,750,Tonga,05/08/2023,15:00,13,9,34,9,34,9,70,Apia Park,-1,NA,1,2023,19,6,Blindside Flanker,0,,0,,271,Angus Gardner,1000642,Damon Murphy,1000613,Matthew Kellahan,-1,,3,International,N,L
2266,937717,1927,Fritz Lee,950,Samoa,6815.40,6815.40,7959,2,48,64,0,0,2,Tackle,147,Other,155,Offload Allowed,0,,473,Dominant Tackle,708,1st Tackler,0,,0,,0,,0,,0,,0,0,0,0,1899-12-30T01:53:46Z,1,69,0,-1,25,950,Samoa,750,Tonga,05/08/2023,15:00,13,9,34,9,34,9,70,Apia Park,-1,NA,1,2023,20,8,Number 8,0,,0,,271,Angus Gardner,1000642,Damon Murphy,1000613,Matthew Kellahan,-1,,3,International,Y,W
2267,937717,19606,Lopeti Timani,750,Tonga,6815.88,6816.28,7959,2,51,2,50,3,3,Pass,151,Offload,128,Own Player,679,Short Pass,682,Right Pass,701,1st Receiver,0,,0,,0,,0,,0,,1,1,1,0,1899-12-30T01:53:46Z,1,69,0,-1,25,950,Samoa,750,Tonga,05/08/2023,15:00,13,9,34,9,34,9,70,Apia Park,-1,NA,1,2023,19,6,Blindside Flanker,0,,0,,271,Angus Gardner,1000642,Damon Murphy,1000613,Matthew Kellahan,-1,,3,International,N,L
2268,937717,29249,Sione Havili Talitui,750,Tonga,6816.28,6816.28,8000,2,50,3,0,0,18,Collection,631,General Catch,0,,0,,0,,0,,0,,0,,0,,0,,0,,0,0,0,0,1899-12-30T01:53:47Z,1,69,0,-1,25,950,Samoa,750,Tonga,05/08/2023,15:00,13,9,34,9,34,9,70,Apia Park,-1,NA,1,2023,07,7,Openside Flanker,0,,0,,271,Angus Gardner,1000642,Damon Murphy,1000613,Matthew Kellahan,-1,,3,International,N,L
2269,937717,29249,Sione Havili Talitui,750,Tonga,6816.52,6816.80,8000,2,49,2,46,7,3,Pass,169,Complete,0,,679,Short Pass,682,Right Pass,702,2nd Receiver,0,,0,,0,,0,,0,,4,5,3,0,1899-12-30T01:53:47Z,1,69,0,-1,25,950,Samoa,750,Tonga,05/08/2023,15:00,13,9,34,9,34,9,70,Apia Park,-1,NA,1,2023,07,7,Openside Flanker,0,,0,,271,Angus Gardner,1000642,Damon Murphy,1000613,Matthew Kellahan,-1,,3,International,N,L
2270,937717,28913,Otumaka Mausia,750,Tonga,6816.80,6816.80,8000,2,46,7,0,0,18,Collection,631,General Catch,0,,0,,0,,0,,0,,0,,0,,0,,0,,0,0,0,0,1899-12-30T01:53:49Z,1,69,0,-1,25,950,Samoa,750,Tonga,05/08/2023,15:00,13,9,34,9,34,9,70,Apia Park,-1,NA,1,2023,22,10,Fly Half,0,,0,,271,Angus Gardner,1000642,Damon Murphy,1000613,Matthew Kellahan,-1,,3,International,N,L
2271,937717,28913,Otumaka Mausia,750,Tonga,6818.00,6818.40,8001,2,48,7,46,12,3,Pass,169,Complete,0,,679,Short Pass,682,Right Pass,703,3rd Receiver,0,,0,,0,,0,,0,,5,5,2,0,1899-12-30T01:53:49Z,1,69,0,-1,25,950,Samoa,750,Tonga,05/08/2023,15:00,13,9,34,9,34,9,70,Apia Park,-1,NA,1,2023,22,10,Fly Half,0,,0,,271,Angus Gardner,1000642,Damon Murphy,1000613,Matthew Kellahan,-1,,3,International,N,L
2272,937717,26114,Leva Fifita,750,Tonga,6818.40,6818.40,8002,2,46,12,0,0,18,Collection,631,General Catch,0,,0,,0,,0,,0,,0,,0,,0,,0,,0,0,0,0,1899-12-30T01:53:50Z,1,69,0,-1,25,950,Samoa,750,Tonga,05/08/2023,15:00,13,9,34,9,34,9,70,Apia Park,-1,NA,1,2023,04,4,Lock (4),0,,0,,271,Angus Gardner,1000642,Damon Murphy,1000613,Matthew Kellahan,-1,,3,International,N,L
2273,937717,26114,Leva Fifita,750,Tonga,6818.40,6819.96,8002,2,46,12,50,13,1,Carry,106,Support Carry,107,Tackled Dominant,111,Failed Gain line,460,Dominant Contact,501,1 Tacklers Committed,704,4th Receiver,0,,0,,0,,0,,0,3,1,1,1899-12-30T01:53:50Z,1,69,0,-1,25,950,Samoa,750,Tonga,05/08/2023,15:00,13,9,34,9,34,9,70,Apia Park,-1,NA,1,2023,04,4,Lock (4),0,,0,,271,Angus Gardner,1000642,Damon Murphy,1000613,Matthew Kellahan,-1,,3,International,N,L
2274,937717,10081,Charlie Faumuina,950,Samoa,6819.52,6819.52,8003,2,52,55,0,0,2,Tackle,147,Other,160,Passive,0,,475,Ineffective Tackle,708,1st Tackler,0,,0,,0,,0,,0,,0,0,0,0,1899-12-30T01:53:50Z,1,69,0,-1,25,950,Samoa,750,Tonga,05/08/2023,15:00,13,9,34,9,34,9,70,Apia Park,-1,NA,1,2023,01,1,Loosehead Prop,0,,0,,271,Angus Gardner,1000642,Damon Murphy,1000613,Matthew Kellahan,-1,,3,International,Y,W
2275,937717,26114,Leva Fifita,750,Tonga,6819.96,6821.72,8003,2,50,13,0,0,23,Ruck,0,,401,Won Outright,548,Over Previous Gainline,553,1-2 Seconds,662,Mid Right Open Movement Ruck,0,,0,,0,,0,,0,,0,0,0,22,1899-12-30T01:53:51Z,1,69,0,-1,25,950,Samoa,750,Tonga,05/08/2023,15:00,13,9,34,9,34,9,70,Apia Park,-1,NA,1,2023,04,4,Lock (4),0,,0,,271,Angus Gardner,1000642,Damon Murphy,1000613,Matthew Kellahan,-1,,3,International,N,L
2276,937717,36890,Theo McFarland,950,Samoa,6820.76,6820.76,8004,2,51,55,0,0,43,Ruck OOA,578,Got Cleaned Out,583,Own Team 1st Entry,603,OOA Entry 1st Entry- Def,633,Defensive OOA,0,1,0,,0,,0,,0,,0,,0,0,0,0,1899-12-30T01:53:50Z,1,69,0,-1,25,950,Samoa,750,Tonga,05/08/2023,15:00,13,9,34,9,34,9,70,Apia Park,-1,NA,1,2023,19,4,Lock (4),0,,0,,271,Angus Gardner,1000642,Damon Murphy,1000613,Matthew Kellahan,-1,,3,International,Y,W
2277,937717,28270,Tanginoa Halaifonua,750,Tonga,6820.92,6820.92,8004,2,50,13,0,0,43,Ruck OOA,572,Cleaned Out,583,Own Team 1st Entry,588,OOA Entry 1st Entry- Att,632,Attacking OOA,0,1,0,,0,,0,,0,,0,,0,0,0,0,1899-12-30T01:53:50Z,1,69,0,-1,25,950,Samoa,750,Tonga,05/08/2023,15:00,13,9,34,9,34,9,70,Apia Park,-1,NA,1,2023,06,6,Blindside Flanker,0,,0,,271,Angus Gardner,1000642,Damon Murphy,1000613,Matthew Kellahan,-1,,3,International,N,L
2278,937717,22321,David Lolohea,750,Tonga,6821.32,6821.32,8005,2,50,13,0,0,43,Ruck OOA,572,Cleaned Out,584,Own Team 2nd Entry,589,OOA Entry 2nd Entry- Att,632,Attacking OOA,0,2,0,,0,,0,,0,,0,,0,0,0,0,1899-12-30T01:53:50Z,1,69,0,-1,25,950,Samoa,750,Tonga,05/08/2023,15:00,13,9,34,9,34,9,70,Apia Park,-1,NA,1,2023,18,3,Tighthead Prop,0,,0,,271,Angus Gardner,1000642,Damon Murphy,1000613,Matthew Kellahan,-1,,3,International,N,L
2279,937717,28913,Otumaka Mausia,750,Tonga,6821.72,6821.72,8005,2,48,13,0,0,18,Collection,631,General Catch,0,,0,,0,,0,,0,,0,,0,,0,,0,,0,0,0,0,1899-12-30T01:53:53Z,2,69,0,-1,25,950,Samoa,750,Tonga,05/08/2023,15:00,13,9,34,9,34,9,70,Apia Park,-1,NA,1,2023,22,10,Fly Half,0,,0,,271,Angus Gardner,1000642,Damon Murphy,1000613,Matthew Kellahan,-1,,3,International,N,L
2280,937717,28913,Otumaka Mausia,750,Tonga,6821.72,6821.72,8005,2,48,13,0,0,47,Playmaker Options,672,Acting Halfback at Breakdown,675,Playmaker Option - Pass,0,,0,,0,,0,,0,,0,,0,,0,,0,0,0,0,1899-12-30T01:53:53Z,2,69,0,-1,25,950,Samoa,750,Tonga,05/08/2023,15:00,13,9,34,9,34,9,70,Apia Park,-1,NA,1,2023,22,10,Fly Half,0,,0,,271,Angus Gardner,1000642,Damon Murphy,1000613,Matthew Kellahan,-1,,3,International,N,L
2281,937717,28913,Otumaka Mausia,750,Tonga,6821.96,6822.68,8005,2,48,13,43,25,3,Pass,169,Complete,0,,686,Medium Pass,682,Right Pass,700,0th Receiver,0,,0,,0,,0,,0,,12,13,5,0,1899-12-30T01:53:53Z,2,69,0,-1,25,950,Samoa,750,Tonga,05/08/2023,15:00,13,9,34,9,34,9,70,Apia Park,-1,NA,1,2023,22,10,Fly Half,0,,0,,271,Angus Gardner,1000642,Damon Murphy,1000613,Matthew Kellahan,-1,,3,International,N,L
2282,937717,30895,Solomone Funaki,750,Tonga,6822.68,6822.68,8006,2,43,25,0,0,18,Collection,631,General Catch,0,,0,,0,,0,,0,,0,,0,,0,,0,,0,0,0,0,1899-12-30T01:53:55Z,2,69,0,-1,25,950,Samoa,750,Tonga,05/08/2023,15:00,13,9,34,9,34,9,70,Apia Park,-1,NA,1,2023,20,7,Openside Flanker,0,,0,,271,Angus Gardner,1000642,Damon Murphy,1000613,Matthew Kellahan,-1,,3,International,N,L
2283,937717,30895,Solomone Funaki,750,Tonga,6822.68,6822.68,8006,2,43,25,0,0,47,Playmaker Options,656,First Receiver,673,Playmaker Option - Carry,0,,0,,0,,0,,0,,0,,0,,0,,0,0,0,0,1899-12-30T01:53:55Z,2,69,0,-1,25,950,Samoa,750,Tonga,05/08/2023,15:00,13,9,34,9,34,9,70,Apia Park,-1,NA,1,2023,20,7,Openside Flanker,0,,0,,271,Angus Gardner,1000642,Damon Murphy,1000613,Matthew Kellahan,-1,,3,International,N,L
2284,937717,30895,Solomone Funaki,750,Tonga,6822.68,6826.08,8006,2,43,25,50,35,1,Carry,101,One Out Drive,108,Tackled Neutral,110,Neutral Gain line,461,Neutral Contact,502,2 Tacklers Committed,701,1st Receiver,0,,0,,0,,0,,0,7,2,2,1899-12-30T01:53:55Z,2,69,0,-1,25,950,Samoa,750,Tonga,05/08/2023,15:00,13,9,34,9,34,9,70,Apia Park,-1,NA,1,2023,20,7,Openside Flanker,0,,0,,271,Angus Gardner,1000642,Damon Murphy,1000613,Matthew Kellahan,-1,,3,International,N,L
2285,937717,9023,Christian Leali'ifano,950,Samoa,6824.68,6824.68,8008,2,52,37,0,0,2,Tackle,144,Line,153,Complete,0,,474,Neutral Tackle,708,1st Tackler,0,,0,,0,,0,,0,,0,0,0,0,1899-12-30T01:53:55Z,2,69,0,-1,25,950,Samoa,750,Tonga,05/08/2023,15:00,13,9,34,9,34,9,70,Apia Park,-1,NA,1,2023,22,10,Fly Half,0,,0,,271,Angus Gardner,1000642,Damon Murphy,1000613,Matthew Kellahan,-1,,3,International,Y,W
2286,937717,17201,Paul Alo-Emile,950,Samoa,6825.16,6825.16,8009,2,52,37,0,0,2,Tackle,144,Line,153,Complete,441,Assist,474,Neutral Tackle,709,2nd Tackler,0,,0,,0,,0,,0,,0,0,0,0,1899-12-30T01:53:55Z,2,69,0,-1,25,950,Samoa,750,Tonga,05/08/2023,15:00,13,9,34,9,34,9,70,Apia Park,-1,NA,1,2023,18,3,Tighthead Prop,0,,0,,271,Angus Gardner,1000642,Damon Murphy,1000613,Matthew Kellahan,-1,,3,International,Y,W
2287,937717,30895,Solomone Funaki,750,Tonga,6826.08,6828.12,8009,2,50,35,0,0,23,Ruck,0,,401,Won Outright,550,Equal to Previous  Gainline,554,2-3 Seconds,660,Wide Right Open Movement Ruck,0,,0,,0,,0,,0,,0,0,5,32,1899-12-30T01:53:56Z,2,69,0,-1,25,950,Samoa,750,Tonga,05/08/2023,15:00,13,9,34,9,34,9,70,Apia Park,-1,NA,1,2023,20,7,Openside Flanker,0,,0,,271,Angus Gardner,1000642,Damon Murphy,1000613,Matthew Kellahan,-1,,3,International,N,L
2288,937717,17144,Paula Ngauamo,750,Tonga,6826.84,6826.84,8010,2,50,35,0,0,43,Ruck OOA,574,Secured,583,Own Team 1st Entry,588,OOA Entry 1st Entry- Att,632,Attacking OOA,0,1,0,,0,,0,,0,,0,,0,0,0,0,1899-12-30T01:53:55Z,2,69,0,-1,25,950,Samoa,750,Tonga,05/08/2023,15:00,13,9,34,9,34,9,70,Apia Park,-1,NA,1,2023,16,2,Hooker,0,,0,,271,Angus Gardner,1000642,Damon Murphy,1000613,Matthew Kellahan,-1,,3,International,N,L
2289,937717,28913,Otumaka Mausia,750,Tonga,6828.12,6828.12,8012,2,49,35,0,0,18,Collection,631,General Catch,0,,0,,0,,0,,0,,0,,0,,0,,0,,0,0,0,0,1899-12-30T01:53:59Z,3,69,0,-1,25,950,Samoa,750,Tonga,05/08/2023,15:00,13,9,34,9,34,9,70,Apia Park,-1,NA,1,2023,22,10,Fly Half,0,,0,,271,Angus Gardner,1000642,Damon Murphy,1000613,Matthew Kellahan,-1,,3,International,N,L
2290,937717,28913,Otumaka Mausia,750,Tonga,6828.12,6828.12,8012,2,49,35,0,0,47,Playmaker Options,672,Acting Halfback at Breakdown,675,Playmaker Option - Pass,0,,0,,0,,0,,0,,0,,0,,0,,0,0,0,0,1899-12-30T01:53:59Z,3,69,0,-1,25,950,Samoa,750,Tonga,05/08/2023,15:00,13,9,34,9,34,9,70,Apia Park,-1,NA,1,2023,22,10,Fly Half,0,,0,,271,Angus Gardner,1000642,Damon Murphy,1000613,Matthew Kellahan,-1,,3,International,N,L
2291,937717,28913,Otumaka Mausia,750,Tonga,6828.32,6828.96,8012,2,49,35,45,45,3,Pass,169,Complete,0,,686,Medium Pass,682,Right Pass,700,0th Receiver,0,,0,,0,,0,,0,,10,11,4,0,1899-12-30T01:53:59Z,3,69,0,-1,25,950,Samoa,750,Tonga,05/08/2023,15:00,13,9,34,9,34,9,70,Apia Park,-1,NA,1,2023,22,10,Fly Half,0,,0,,271,Angus Gardner,1000642,Damon Murphy,1000613,Matthew Kellahan,-1,,3,International,N,L
2292,937717,18936,Pita Ahki,750,Tonga,6828.96,6828.96,8012,2,45,45,0,0,18,Collection,631,General Catch,0,,0,,0,,0,,0,,0,,0,,0,,0,,0,0,0,0,1899-12-30T01:54:01Z,3,69,0,-1,25,950,Samoa,750,Tonga,05/08/2023,15:00,13,9,34,9,34,9,70,Apia Park,-1,NA,1,2023,12,12,Inside Centre,0,,0,,271,Angus Gardner,1000642,Damon Murphy,1000613,Matthew Kellahan,-1,,3,International,N,L
2293,937717,18936,Pita Ahki,750,Tonga,6828.96,6828.96,8012,2,45,45,0,0,47,Playmaker Options,656,First Receiver,675,Playmaker Option - Pass,0,,0,,0,,0,,0,,0,,0,,0,,0,0,0,0,1899-12-30T01:54:01Z,3,69,0,-1,25,950,Samoa,750,Tonga,05/08/2023,15:00,13,9,34,9,34,9,70,Apia Park,-1,NA,1,2023,12,12,Inside Centre,0,,0,,271,Angus Gardner,1000642,Damon Murphy,1000613,Matthew Kellahan,-1,,3,International,N,L
2294,937717,18936,Pita Ahki,750,Tonga,6829.80,6830.28,8013,2,48,48,44,54,3,Pass,169,Complete,0,,686,Medium Pass,682,Right Pass,701,1st Receiver,0,,0,,0,,0,,0,,6,8,5,0,1899-12-30T01:54:01Z,3,69,0,-1,25,950,Samoa,750,Tonga,05/08/2023,15:00,13,9,34,9,34,9,70,Apia Park,-1,NA,1,2023,12,12,Inside Centre,0,,0,,271,Angus Gardner,1000642,Damon Murphy,1000613,Matthew Kellahan,-1,,3,International,N,L
2295,937717,20059,Malakai Fekitoa,750,Tonga,6830.28,6830.28,8014,2,44,54,0,0,18,Collection,631,General Catch,0,,0,,0,,0,,0,,0,,0,,0,,0,,0,0,0,0,1899-12-30T01:54:02Z,3,69,0,-1,25,950,Samoa,750,Tonga,05/08/2023,15:00,13,9,34,9,34,9,70,Apia Park,-1,NA,1,2023,23,11,Left Wing,0,,0,,271,Angus Gardner,1000642,Damon Murphy,1000613,Matthew Kellahan,-1,,3,International,N,L
2296,937717,20059,Malakai Fekitoa,750,Tonga,6830.28,6830.28,8014,2,44,54,0,0,47,Playmaker Options,657,Second Receiver,673,Playmaker Option - Carry,0,,0,,0,,0,,0,,0,,0,,0,,0,0,0,0,1899-12-30T01:54:02Z,3,69,0,-1,25,950,Samoa,750,Tonga,05/08/2023,15:00,13,9,34,9,34,9,70,Apia Park,-1,NA,1,2023,23,11,Left Wing,0,,0,,271,Angus Gardner,1000642,Damon Murphy,1000613,Matthew Kellahan,-1,,3,International,N,L
2297,937717,20059,Malakai Fekitoa,750,Tonga,6830.28,6831.44,8014,2,44,54,45,55,1,Carry,103,Other Carry,122,Off Load,111,Failed Gain line,461,Neutral Contact,501,1 Tacklers Committed,702,2nd Receiver,0,,0,,0,,0,,0,1,1,1,1899-12-30T01:54:02Z,3,69,0,-1,25,950,Samoa,750,Tonga,05/08/2023,15:00,13,9,34,9,34,9,70,Apia Park,-1,NA,1,2023,23,11,Left Wing,0,,0,,271,Angus Gardner,1000642,Damon Murphy,1000613,Matthew Kellahan,-1,,3,International,N,L
2298,937717,22603,Duncan Paia'aua,950,Samoa,6830.92,6830.92,8014,2,56,14,0,0,2,Tackle,144,Line,155,Offload Allowed,0,,474,Neutral Tackle,708,1st Tackler,0,,0,,0,,0,,0,,0,0,0,0,1899-12-30T01:54:01Z,3,69,0,-1,25,950,Samoa,750,Tonga,05/08/2023,15:00,13,9,34,9,34,9,70,Apia Park,-1,NA,1,2023,12,12,Inside Centre,0,,0,,271,Angus Gardner,1000642,Damon Murphy,1000613,Matthew Kellahan,-1,,3,International,Y,W
2299,937717,20059,Malakai Fekitoa,750,Tonga,6831.44,6832.32,8015,2,45,55,44,62,3,Pass,151,Offload,128,Own Player,686,Medium Pass,682,Right Pass,702,2nd Receiver,0,,0,,0,,0,,0,,7,7,1,0,1899-12-30T01:54:02Z,3,69,0,-1,25,950,Samoa,750,Tonga,05/08/2023,15:00,13,9,34,9,34,9,70,Apia Park,-1,NA,1,2023,23,11,Left Wing,0,,0,,271,Angus Gardner,1000642,Damon Murphy,1000613,Matthew Kellahan,-1,,3,International,N,L
2300,937717,9726,Afusipa Taumoepeau,750,Tonga,6832.32,6832.32,8016,2,44,62,0,0,18,Collection,631,General Catch,0,,0,,0,,0,,0,,0,,0,,0,,0,,0,0,0,0,1899-12-30T01:54:04Z,3,69,0,-1,25,950,Samoa,750,Tonga,05/08/2023,15:00,13,9,34,9,34,9,70,Apia Park,-1,NA,1,2023,11,11,Left Wing,0,,0,,271,Angus Gardner,1000642,Damon Murphy,1000613,Matthew Kellahan,-1,,3,International,N,L
2301,937717,9726,Afusipa Taumoepeau,750,Tonga,6833.16,6833.72,8017,2,47,63,47,66,3,Pass,169,Complete,0,,679,Short Pass,682,Right Pass,703,3rd Receiver,0,,0,,0,,0,,0,,3,3,0,0,1899-12-30T01:54:04Z,3,69,0,-1,25,950,Samoa,750,Tonga,05/08/2023,15:00,13,9,34,9,34,9,70,Apia Park,-1,NA,1,2023,11,11,Left Wing,0,,0,,271,Angus Gardner,1000642,Damon Murphy,1000613,Matthew Kellahan,-1,,3,International,N,L
2302,937717,36335,Solomone Kata,750,Tonga,6833.72,6833.72,8017,2,47,66,0,0,18,Collection,631,General Catch,0,,0,,0,,0,,0,,0,,0,,0,,0,,0,0,0,0,1899-12-30T01:54:05Z,3,69,0,-1,25,950,Samoa,750,Tonga,05/08/2023,15:00,13,9,34,9,34,9,70,Apia Park,-1,NA,1,2023,14,14,Right Wing,0,,0,,271,Angus Gardner,1000642,Damon Murphy,1000613,Matthew Kellahan,-1,,3,International,N,L
2303,937717,36335,Solomone Kata,750,Tonga,6833.72,6837.12,8017,2,47,66,55,66,1,Carry,106,Support Carry,108,Tackled Neutral,109,Crossed Gain line,461,Neutral Contact,502,2 Tacklers Committed,704,4th Receiver,0,,0,,0,,0,,5,8,2,2,1899-12-30T01:54:05Z,3,69,0,-1,25,950,Samoa,750,Tonga,05/08/2023,15:00,13,9,34,9,34,9,70,Apia Park,-1,NA,1,2023,14,14,Right Wing,0,,0,,271,Angus Gardner,1000642,Damon Murphy,1000613,Matthew Kellahan,-1,,3,International,N,L
2304,937717,22231,Ed Fidow,950,Samoa,6834.96,6834.96,8018,2,47,1,0,0,2,Tackle,146,Edge,153,Complete,0,,474,Neutral Tackle,708,1st Tackler,0,,0,,0,,0,,0,,0,0,0,0,1899-12-30T01:54:05Z,3,69,0,-1,25,950,Samoa,750,Tonga,05/08/2023,15:00,13,9,34,9,34,9,70,Apia Park,-1,NA,1,2023,11,11,Left Wing,0,,0,,271,Angus Gardner,1000642,Damon Murphy,1000613,Matthew Kellahan,-1,,3,International,Y,W
2305,937717,18506,Steven Luatua,950,Samoa,6835.24,6835.24,8019,2,47,1,0,0,2,Tackle,144,Line,153,Complete,441,Assist,474,Neutral Tackle,709,2nd Tackler,0,,0,,0,,0,,0,,0,0,0,0,1899-12-30T01:54:06Z,3,69,0,-1,25,950,Samoa,750,Tonga,05/08/2023,15:00,13,9,34,9,34,9,70,Apia Park,-1,NA,1,2023,08,8,Number 8,0,,0,,271,Angus Gardner,1000642,Damon Murphy,1000613,Matthew Kellahan,-1,,3,International,Y,W
2306,937717,36335,Solomone Kata,750,Tonga,6837.12,6840.00,8021,2,55,66,0,0,23,Ruck,0,,401,Won Outright,548,Over Previous Gainline,554,2-3 Seconds,667,Tight Left Open Movement Ruck,0,,0,,0,,0,,0,,0,0,5,0,1899-12-30T01:54:07Z,3,69,0,-1,25,950,Samoa,750,Tonga,05/08/2023,15:00,13,9,34,9,34,9,70,Apia Park,-1,NA,1,2023,14,14,Right Wing,0,,0,,271,Angus Gardner,1000642,Damon Murphy,1000613,Matthew Kellahan,-1,,3,International,N,L
2307,937717,9023,Christian Leali'ifano,950,Samoa,6837.16,6837.16,8021,2,45,2,0,0,43,Ruck OOA,578,Got Cleaned Out,583,Own Team 1st Entry,603,OOA Entry 1st Entry- Def,633,Defensive OOA,0,1,0,,0,,0,,0,,0,,0,0,0,0,1899-12-30T01:54:04Z,3,69,0,-1,25,950,Samoa,750,Tonga,05/08/2023,15:00,13,9,34,9,34,9,70,Apia Park,-1,NA,1,2023,22,10,Fly Half,0,,0,,271,Angus Gardner,1000642,Damon Murphy,1000613,Matthew Kellahan,-1,,3,International,Y,W
2308,937717,9726,Afusipa Taumoepeau,750,Tonga,6838.00,6838.00,8021,2,55,66,0,0,43,Ruck OOA,572,Cleaned Out,583,Own Team 1st Entry,588,OOA Entry 1st Entry- Att,632,Attacking OOA,0,1,0,,0,,0,,0,,0,,0,0,0,0,1899-12-30T01:54:05Z,3,69,0,-1,25,950,Samoa,750,Tonga,05/08/2023,15:00,13,9,34,9,34,9,70,Apia Park,-1,NA,1,2023,11,11,Left Wing,0,,0,,271,Angus Gardner,1000642,Damon Murphy,1000613,Matthew Kellahan,-1,,3,International,N,L
2309,937717,28913,Otumaka Mausia,750,Tonga,6839.48,6839.48,8023,2,55,66,0,0,43,Ruck OOA,574,Secured,584,Own Team 2nd Entry,589,OOA Entry 2nd Entry- Att,632,Attacking OOA,0,2,0,,0,,0,,0,,0,,0,0,0,0,1899-12-30T01:54:06Z,3,69,0,-1,25,950,Samoa,750,Tonga,05/08/2023,15:00,13,9,34,9,34,9,70,Apia Park,-1,NA,1,2023,22,10,Fly Half,0,,0,,271,Angus Gardner,1000642,Damon Murphy,1000613,Matthew Kellahan,-1,,3,International,N,L
2310,937717,19128,George Moala,750,Tonga,6840.00,6840.00,8023,2,54,65,0,0,18,Collection,631,General Catch,0,,0,,0,,0,,0,,0,,0,,0,,0,,0,0,0,0,1899-12-30T01:54:11Z,4,69,0,-1,25,950,Samoa,750,Tonga,05/08/2023,15:00,13,9,34,9,34,9,70,Apia Park,-1,NA,1,2023,13,13,Outside Centre,0,,0,,271,Angus Gardner,1000642,Damon Murphy,1000613,Matthew Kellahan,-1,,3,International,N,L
2311,937717,19128,George Moala,750,Tonga,6840.00,6840.00,8023,2,54,65,0,0,47,Playmaker Options,672,Acting Halfback at Breakdown,673,Playmaker Option - Carry,0,,0,,0,,0,,0,,0,,0,,0,,0,0,0,0,1899-12-30T01:54:11Z,4,69,0,-1,25,950,Samoa,750,Tonga,05/08/2023,15:00,13,9,34,9,34,9,70,Apia Park,-1,NA,1,2023,13,13,Outside Centre,0,,0,,271,Angus Gardner,1000642,Damon Murphy,1000613,Matthew Kellahan,-1,,3,International,N,L
2312,937717,19128,George Moala,750,Tonga,6840.00,6842.12,8023,2,54,65,60,65,1,Carry,102,Pick and Go,107,Tackled Dominant,109,Crossed Gain line,460,Dominant Contact,502,2 Tacklers Committed,700,0th Receiver,0,,0,,0,,0,,5,6,3,3,1899-12-30T01:54:11Z,4,69,0,-1,25,950,Samoa,750,Tonga,05/08/2023,15:00,13,9,34,9,34,9,70,Apia Park,-1,NA,1,2023,13,13,Outside Centre,0,,0,,271,Angus Gardner,1000642,Damon Murphy,1000613,Matthew Kellahan,-1,,3,International,N,L
2313,937717,23395,Melani Matavao,950,Samoa,6840.88,6840.88,8024,2,43,4,0,0,2,Tackle,145,Guard,160,Passive,0,,475,Ineffective Tackle,708,1st Tackler,0,,0,,0,,0,,0,,0,0,0,0,1899-12-30T01:54:10Z,4,69,0,-1,25,950,Samoa,750,Tonga,05/08/2023,15:00,13,9,34,9,34,9,70,Apia Park,-1,NA,1,2023,21,9,Scrum Half,0,,0,,271,Angus Gardner,1000642,Damon Murphy,1000613,Matthew Kellahan,-1,,3,International,Y,W
2314,937717,43727,Miracle Faiilagi,950,Samoa,6841.36,6841.36,8025,2,43,4,0,0,2,Tackle,144,Line,160,Passive,441,Assist,475,Ineffective Tackle,709,2nd Tackler,0,,0,,0,,0,,0,,0,0,0,0,1899-12-30T01:54:11Z,4,69,0,-1,25,950,Samoa,750,Tonga,05/08/2023,15:00,13,9,34,9,34,9,70,Apia Park,-1,NA,1,2023,06,6,Blindside Flanker,0,,0,,271,Angus Gardner,1000642,Damon Murphy,1000613,Matthew Kellahan,-1,,3,International,Y,W
2315,937717,19128,George Moala,750,Tonga,6842.12,6846.96,8026,2,60,65,0,0,23,Ruck,0,,401,Won Outright,548,Over Previous Gainline,556,4-5 Seconds,661,Mid Left Open Movement Ruck,0,,0,,0,,0,,0,,0,0,-22,27,1899-12-30T01:54:12Z,4,69,0,-1,25,950,Samoa,750,Tonga,05/08/2023,15:00,13,9,34,9,34,9,70,Apia Park,-1,NA,1,2023,13,13,Outside Centre,0,,0,,271,Angus Gardner,1000642,Damon Murphy,1000613,Matthew Kellahan,-1,,3,International,N,L
2316,937717,23395,Melani Matavao,950,Samoa,6842.68,6842.68,8026,2,41,3,0,0,43,Ruck OOA,578,Got Cleaned Out,583,Own Team 1st Entry,603,OOA Entry 1st Entry- Def,633,Defensive OOA,0,1,0,,0,,0,,0,,0,,0,0,0,0,1899-12-30T01:54:08Z,4,69,0,-1,25,950,Samoa,750,Tonga,05/08/2023,15:00,13,9,34,9,34,9,70,Apia Park,-1,NA,1,2023,21,9,Scrum Half,0,,0,,271,Angus Gardner,1000642,Damon Murphy,1000613,Matthew Kellahan,-1,,3,International,Y,W
2317,937717,28913,Otumaka Mausia,750,Tonga,6843.32,6843.32,8027,2,60,65,0,0,43,Ruck OOA,572,Cleaned Out,583,Own Team 1st Entry,588,OOA Entry 1st Entry- Att,632,Attacking OOA,0,1,0,,0,,0,,0,,0,,0,0,0,0,1899-12-30T01:54:09Z,4,69,0,-1,25,950,Samoa,750,Tonga,05/08/2023,15:00,13,9,34,9,34,9,70,Apia Park,-1,NA,1,2023,22,10,Fly Half,0,,0,,271,Angus Gardner,1000642,Damon Murphy,1000613,Matthew Kellahan,-1,,3,International,N,L
2318,937717,30895,Solomone Funaki,750,Tonga,6843.56,6843.56,8027,2,60,65,0,0,43,Ruck OOA,572,Cleaned Out,584,Own Team 2nd Entry,589,OOA Entry 2nd Entry- Att,632,Attacking OOA,0,2,0,,0,,0,,0,,0,,0,0,0,0,1899-12-30T01:54:09Z,4,69,0,-1,25,950,Samoa,750,Tonga,05/08/2023,15:00,13,9,34,9,34,9,70,Apia Park,-1,NA,1,2023,20,7,Openside Flanker,0,,0,,271,Angus Gardner,1000642,Damon Murphy,1000613,Matthew Kellahan,-1,,3,International,N,L
2319,937717,36335,Solomone Kata,750,Tonga,6846.96,6846.96,8030,2,59,64,0,0,18,Collection,631,General Catch,0,,0,,0,,0,,0,,0,,0,,0,,0,,0,0,0,0,1899-12-30T01:54:18Z,5,69,0,-1,25,950,Samoa,750,Tonga,05/08/2023,15:00,13,9,34,9,34,9,70,Apia Park,-1,NA,1,2023,14,14,Right Wing,0,,0,,271,Angus Gardner,1000642,Damon Murphy,1000613,Matthew Kellahan,-1,,3,International,N,L
2320,937717,36335,Solomone Kata,750,Tonga,6846.96,6846.96,8030,2,59,64,0,0,47,Playmaker Options,672,Acting Halfback at Breakdown,675,Playmaker Option - Pass,0,,0,,0,,0,,0,,0,,0,,0,,0,0,0,0,1899-12-30T01:54:18Z,5,69,0,-1,25,950,Samoa,750,Tonga,05/08/2023,15:00,13,9,34,9,34,9,70,Apia Park,-1,NA,1,2023,14,14,Right Wing,0,,0,,271,Angus Gardner,1000642,Damon Murphy,1000613,Matthew Kellahan,-1,,3,International,N,L
2321,937717,36335,Solomone Kata,750,Tonga,6847.24,6847.68,8031,2,59,64,53,55,3,Pass,169,Complete,0,,686,Medium Pass,681,Left Pass,700,0th Receiver,0,,0,,0,,0,,0,,10,12,6,0,1899-12-30T01:54:18Z,5,69,0,-1,25,950,Samoa,750,Tonga,05/08/2023,15:00,13,9,34,9,34,9,70,Apia Park,-1,NA,1,2023,14,14,Right Wing,0,,0,,271,Angus Gardner,1000642,Damon Murphy,1000613,Matthew Kellahan,-1,,3,International,N,L
2322,937717,22321,David Lolohea,750,Tonga,6847.68,6847.68,8031,2,53,55,0,0,18,Collection,631,General Catch,0,,0,,0,,0,,0,,0,,0,,0,,0,,0,0,0,0,1899-12-30T01:54:19Z,5,69,0,-1,25,950,Samoa,750,Tonga,05/08/2023,15:00,13,9,34,9,34,9,70,Apia Park,-1,NA,1,2023,18,3,Tighthead Prop,0,,0,,271,Angus Gardner,1000642,Damon Murphy,1000613,Matthew Kellahan,-1,,3,International,N,L
2323,937717,22321,David Lolohea,750,Tonga,6847.68,6847.68,8031,2,53,55,0,0,47,Playmaker Options,656,First Receiver,675,Playmaker Option - Pass,0,,0,,0,,0,,0,,0,,0,,0,,0,0,0,0,1899-12-30T01:54:19Z,5,69,0,-1,25,950,Samoa,750,Tonga,05/08/2023,15:00,13,9,34,9,34,9,70,Apia Park,-1,NA,1,2023,18,3,Tighthead Prop,0,,0,,271,Angus Gardner,1000642,Damon Murphy,1000613,Matthew Kellahan,-1,,3,International,N,L
2324,937717,22321,David Lolohea,750,Tonga,6848.24,6848.76,8032,2,54,55,51,51,3,Pass,169,Complete,0,,679,Short Pass,681,Left Pass,701,1st Receiver,0,,0,,0,,0,,0,,4,5,3,0,1899-12-30T01:54:19Z,5,69,0,-1,25,950,Samoa,750,Tonga,05/08/2023,15:00,13,9,34,9,34,9,70,Apia Park,-1,NA,1,2023,18,3,Tighthead Prop,0,,0,,271,Angus Gardner,1000642,Damon Murphy,1000613,Matthew Kellahan,-1,,3,International,N,L
2325,937717,18936,Pita Ahki,750,Tonga,6848.76,6848.76,8032,2,51,51,0,0,18,Collection,631,General Catch,0,,0,,0,,0,,0,,0,,0,,0,,0,,0,0,0,0,1899-12-30T01:54:20Z,5,69,0,-1,25,950,Samoa,750,Tonga,05/08/2023,15:00,13,9,34,9,34,9,70,Apia Park,-1,NA,1,2023,12,12,Inside Centre,0,,0,,271,Angus Gardner,1000642,Damon Murphy,1000613,Matthew Kellahan,-1,,3,International,N,L
2326,937717,18936,Pita Ahki,750,Tonga,6848.76,6848.76,8032,2,51,51,0,0,47,Playmaker Options,657,Second Receiver,675,Playmaker Option - Pass,0,,0,,0,,0,,0,,0,,0,,0,,0,0,0,0,1899-12-30T01:54:20Z,5,69,0,-1,25,950,Samoa,750,Tonga,05/08/2023,15:00,13,9,34,9,34,9,70,Apia Park,-1,NA,1,2023,12,12,Inside Centre,0,,0,,271,Angus Gardner,1000642,Damon Murphy,1000613,Matthew Kellahan,-1,,3,International,N,L
2327,937717,18936,Pita Ahki,750,Tonga,6849.36,6849.88,8033,2,51,50,45,42,3,Pass,169,Complete,0,,686,Medium Pass,681,Left Pass,702,2nd Receiver,0,,0,,0,,0,,0,,9,11,6,0,1899-12-30T01:54:20Z,5,69,0,-1,25,950,Samoa,750,Tonga,05/08/2023,15:00,13,9,34,9,34,9,70,Apia Park,-1,NA,1,2023,12,12,Inside Centre,0,,0,,271,Angus Gardner,1000642,Damon Murphy,1000613,Matthew Kellahan,-1,,3,International,N,L
2328,937717,20059,Malakai Fekitoa,750,Tonga,6849.88,6849.88,8033,2,45,42,0,0,18,Collection,631,General Catch,0,,0,,0,,0,,0,,0,,0,,0,,0,,0,0,0,0,1899-12-30T01:54:22Z,5,69,0,-1,25,950,Samoa,750,Tonga,05/08/2023,15:00,13,9,34,9,34,9,70,Apia Park,-1,NA,1,2023,23,11,Left Wing,0,,0,,271,Angus Gardner,1000642,Damon Murphy,1000613,Matthew Kellahan,-1,,3,International,N,L
2329,937717,20059,Malakai Fekitoa,750,Tonga,6849.88,6849.88,8033,2,45,42,0,0,47,Playmaker Options,658,Third Receiver,673,Playmaker Option - Carry,0,,0,,0,,0,,0,,0,,0,,0,,0,0,0,0,1899-12-30T01:54:22Z,5,69,0,-1,25,950,Samoa,750,Tonga,05/08/2023,15:00,13,9,34,9,34,9,70,Apia Park,-1,NA,1,2023,23,11,Left Wing,0,,0,,271,Angus Gardner,1000642,Damon Murphy,1000613,Matthew Kellahan,-1,,3,International,N,L
2330,937717,20059,Malakai Fekitoa,750,Tonga,6849.88,6851.56,8033,2,45,42,45,43,1,Carry,102,Pick and Go,122,Off Load,111,Failed Gain line,461,Neutral Contact,501,1 Tacklers Committed,703,3rd Receiver,0,,0,,0,,0,,0,0,0,0,1899-12-30T01:54:22Z,5,69,0,-1,25,950,Samoa,750,Tonga,05/08/2023,15:00,13,9,34,9,34,9,70,Apia Park,-1,NA,1,2023,23,11,Left Wing,0,,0,,271,Angus Gardner,1000642,Damon Murphy,1000613,Matthew Kellahan,-1,,3,International,N,L
2331,937717,36890,Theo McFarland,950,Samoa,6851.20,6851.20,8035,2,55,26,0,0,2,Tackle,144,Line,155,Offload Allowed,0,,474,Neutral Tackle,708,1st Tackler,0,,0,,0,,0,,0,,0,0,0,0,1899-12-30T01:54:23Z,5,69,0,-1,25,950,Samoa,750,Tonga,05/08/2023,15:00,13,9,34,9,34,9,70,Apia Park,-1,NA,1,2023,19,4,Lock (4),0,,0,,271,Angus Gardner,1000642,Damon Murphy,1000613,Matthew Kellahan,-1,,3,International,Y,W
2332,937717,20059,Malakai Fekitoa,750,Tonga,6851.56,6852.76,8035,2,45,43,43,49,3,Pass,151,Offload,128,Own Player,686,Medium Pass,682,Right Pass,703,3rd Receiver,0,,0,,0,,0,,0,,7,7,2,0,1899-12-30T01:54:23Z,5,69,0,-1,25,950,Samoa,750,Tonga,05/08/2023,15:00,13,9,34,9,34,9,70,Apia Park,-1,NA,1,2023,23,11,Left Wing,0,,0,,271,Angus Gardner,1000642,Damon Murphy,1000613,Matthew Kellahan,-1,,3,International,N,L
2333,937717,18936,Pita Ahki,750,Tonga,6852.76,6852.76,8036,2,43,49,0,0,18,Collection,631,General Catch,0,,0,,0,,0,,0,,0,,0,,0,,0,,0,0,0,0,1899-12-30T01:54:25Z,5,69,0,-1,25,950,Samoa,750,Tonga,05/08/2023,15:00,13,9,34,9,34,9,70,Apia Park,-1,NA,1,2023,12,12,Inside Centre,0,,0,,271,Angus Gardner,1000642,Damon Murphy,1000613,Matthew Kellahan,-1,,3,International,N,L
2334,937717,18936,Pita Ahki,750,Tonga,6852.76,6855.40,8036,2,43,49,44,46,1,Carry,106,Support Carry,122,Off Load,111,Failed Gain line,461,Neutral Contact,502,2 Tacklers Committed,704,4th Receiver,0,,0,,0,,0,,0,1,1,1,1899-12-30T01:54:25Z,5,69,0,-1,25,950,Samoa,750,Tonga,05/08/2023,15:00,13,9,34,9,34,9,70,Apia Park,-1,NA,1,2023,12,12,Inside Centre,0,,0,,271,Angus Gardner,1000642,Damon Murphy,1000613,Matthew Kellahan,-1,,3,International,N,L
2335,937717,1927,Fritz Lee,950,Samoa,6854.96,6854.96,8038,2,57,22,0,0,2,Tackle,144,Line,155,Offload Allowed,0,,474,Neutral Tackle,708,1st Tackler,0,,0,,0,,0,,0,,0,0,0,0,1899-12-30T01:54:25Z,5,69,0,-1,25,950,Samoa,750,Tonga,05/08/2023,15:00,13,9,34,9,34,9,70,Apia Park,-1,NA,1,2023,20,8,Number 8,0,,0,,271,Angus Gardner,1000642,Damon Murphy,1000613,Matthew Kellahan,-1,,3,International,Y,W
2336,937717,20766,Chris Vui,950,Samoa,6855.24,6855.24,8039,2,57,22,0,0,2,Tackle,144,Line,155,Offload Allowed,441,Assist,474,Neutral Tackle,709,2nd Tackler,0,,0,,0,,0,,0,,0,0,0,0,1899-12-30T01:54:25Z,5,69,0,-1,25,950,Samoa,750,Tonga,05/08/2023,15:00,13,9,34,9,34,9,70,Apia Park,-1,NA,1,2023,05,5,Lock (5),0,,0,,271,Angus Gardner,1000642,Damon Murphy,1000613,Matthew Kellahan,-1,,3,International,Y,W
2337,937717,18936,Pita Ahki,750,Tonga,6855.40,6856.88,8039,2,44,46,37,37,3,Pass,151,Offload,129,To Ground,686,Medium Pass,681,Left Pass,704,4th Receiver,0,,0,,0,,0,,0,,9,12,7,0,1899-12-30T01:54:26Z,5,69,0,-1,25,950,Samoa,750,Tonga,05/08/2023,15:00,13,9,34,9,34,9,70,Apia Park,-1,NA,1,2023,12,12,Inside Centre,0,,0,,271,Angus Gardner,1000642,Damon Murphy,1000613,Matthew Kellahan,-1,,3,International,N,L
2338,937717,9726,Afusipa Taumoepeau,750,Tonga,6856.88,6856.88,8040,2,37,37,0,0,18,Collection,272,Attacking Loose Ball,277,Success,0,,0,,0,,0,,0,,0,,0,,0,,0,0,0,0,1899-12-30T01:54:27Z,5,69,0,-1,25,950,Samoa,750,Tonga,05/08/2023,15:00,13,9,34,9,34,9,70,Apia Park,-1,NA,1,2023,11,11,Left Wing,0,,0,,271,Angus Gardner,1000642,Damon Murphy,1000613,Matthew Kellahan,-1,,3,International,N,L
2339,937717,9726,Afusipa Taumoepeau,750,Tonga,6856.88,6859.24,8040,2,37,37,38,39,1,Carry,106,Support Carry,108,Tackled Neutral,111,Failed Gain line,461,Neutral Contact,501,1 Tacklers Committed,705,5th+ Receiver,0,,0,,0,,0,,0,1,1,1,1899-12-30T01:54:27Z,5,69,0,-1,25,950,Samoa,750,Tonga,05/08/2023,15:00,13,9,34,9,34,9,70,Apia Park,-1,NA,1,2023,11,11,Left Wing,0,,0,,271,Angus Gardner,1000642,Damon Murphy,1000613,Matthew Kellahan,-1,,3,International,N,L
2340,937717,20546,Nigel Ah Wong,950,Samoa,6857.88,6857.88,8041,2,63,31,0,0,2,Tackle,144,Line,153,Complete,0,,474,Neutral Tackle,708,1st Tackler,0,,0,,0,,0,,0,,0,0,0,0,1899-12-30T01:54:28Z,5,69,0,-1,25,950,Samoa,750,Tonga,05/08/2023,15:00,13,9,34,9,34,9,70,Apia Park,-1,NA,1,2023,14,14,Right Wing,0,,0,,271,Angus Gardner,1000642,Damon Murphy,1000613,Matthew Kellahan,-1,,3,International,Y,W
2341,937717,9023,Christian Leali'ifano,950,Samoa,6858.84,6858.84,8042,2,63,31,0,0,40,Defensive Action,560,Tackle Arrival,0,,0,,0,,0,,0,,0,,0,,0,,0,,0,0,0,0,1899-12-30T01:54:29Z,5,69,0,-1,25,950,Samoa,750,Tonga,05/08/2023,15:00,13,9,34,9,34,9,70,Apia Park,-1,NA,1,2023,22,10,Fly Half,0,,0,,271,Angus Gardner,1000642,Damon Murphy,1000613,Matthew Kellahan,-1,,3,International,Y,W
2342,937717,9726,Afusipa Taumoepeau,750,Tonga,6859.24,6865.32,8043,2,38,39,0,0,23,Ruck,0,,401,Won Outright,549,Behind Previous Gainline,558,6+ Seconds,661,Mid Left Open Movement Ruck,0,,0,,0,,0,,0,,0,0,-10,16,1899-12-30T01:54:29Z,5,69,0,-1,25,950,Samoa,750,Tonga,05/08/2023,15:00,13,9,34,9,34,9,70,Apia Park,-1,NA,1,2023,11,11,Left Wing,0,,0,,271,Angus Gardner,1000642,Damon Murphy,1000613,Matthew Kellahan,-1,,3,International,N,L
2343,937717,19606,Lopeti Timani,750,Tonga,6859.84,6859.84,8043,2,38,39,0,0,43,Ruck OOA,572,Cleaned Out,583,Own Team 1st Entry,588,OOA Entry 1st Entry- Att,632,Attacking OOA,0,1,0,,0,,0,,0,,0,,0,0,0,0,1899-12-30T01:54:24Z,5,69,0,-1,25,950,Samoa,750,Tonga,05/08/2023,15:00,13,9,34,9,34,9,70,Apia Park,-1,NA,1,2023,19,6,Blindside Flanker,0,,0,,271,Angus Gardner,1000642,Damon Murphy,1000613,Matthew Kellahan,-1,,3,International,N,L
2344,937717,9023,Christian Leali'ifano,950,Samoa,6859.88,6859.88,8043,2,62,29,0,0,43,Ruck OOA,578,Got Cleaned Out,583,Own Team 1st Entry,603,OOA Entry 1st Entry- Def,633,Defensive OOA,0,1,0,,0,,0,,0,,0,,0,0,0,0,1899-12-30T01:54:24Z,5,69,0,-1,25,950,Samoa,750,Tonga,05/08/2023,15:00,13,9,34,9,34,9,70,Apia Park,-1,NA,1,2023,22,10,Fly Half,0,,0,,271,Angus Gardner,1000642,Damon Murphy,1000613,Matthew Kellahan,-1,,3,International,Y,W
2345,937717,26114,Leva Fifita,750,Tonga,6860.20,6860.20,8044,2,38,39,0,0,43,Ruck OOA,572,Cleaned Out,584,Own Team 2nd Entry,589,OOA Entry 2nd Entry- Att,632,Attacking OOA,0,2,0,,0,,0,,0,,0,,0,0,0,0,1899-12-30T01:54:24Z,5,69,0,-1,25,950,Samoa,750,Tonga,05/08/2023,15:00,13,9,34,9,34,9,70,Apia Park,-1,NA,1,2023,04,4,Lock (4),0,,0,,271,Angus Gardner,1000642,Damon Murphy,1000613,Matthew Kellahan,-1,,3,International,N,L
2346,937717,22321,David Lolohea,750,Tonga,6863.00,6863.00,8046,2,38,39,0,0,43,Ruck OOA,574,Secured,585,Own Team 3rd Entry,590,OOA Entry 3rd Entry- Att,632,Attacking OOA,0,3,0,,0,,0,,0,,0,,0,0,0,0,1899-12-30T01:54:27Z,5,69,0,-1,25,950,Samoa,750,Tonga,05/08/2023,15:00,13,9,34,9,34,9,70,Apia Park,-1,NA,1,2023,18,3,Tighthead Prop,0,,0,,271,Angus Gardner,1000642,Damon Murphy,1000613,Matthew Kellahan,-1,,3,International,N,L
2347,937717,20059,Malakai Fekitoa,750,Tonga,6865.32,6865.32,8049,2,37,39,0,0,18,Collection,631,General Catch,0,,0,,0,,0,,0,,0,,0,,0,,0,,0,0,0,0,1899-12-30T01:54:37Z,6,69,0,-1,25,950,Samoa,750,Tonga,05/08/2023,15:00,13,9,34,9,34,9,70,Apia Park,-1,NA,1,2023,23,11,Left Wing,0,,0,,271,Angus Gardner,1000642,Damon Murphy,1000613,Matthew Kellahan,-1,,3,International,N,L
2348,937717,20059,Malakai Fekitoa,750,Tonga,6865.32,6865.32,8049,2,37,39,0,0,47,Playmaker Options,672,Acting Halfback at Breakdown,675,Playmaker Option - Pass,0,,0,,0,,0,,0,,0,,0,,0,,0,0,0,0,1899-12-30T01:54:37Z,6,69,0,-1,25,950,Samoa,750,Tonga,05/08/2023,15:00,13,9,34,9,34,9,70,Apia Park,-1,NA,1,2023,23,11,Left Wing,0,,0,,271,Angus Gardner,1000642,Damon Murphy,1000613,Matthew Kellahan,-1,,3,International,N,L
2349,937717,20059,Malakai Fekitoa,750,Tonga,6865.76,6866.56,8049,2,37,39,32,27,3,Pass,169,Complete,0,,686,Medium Pass,681,Left Pass,700,0th Receiver,0,,0,,0,,0,,0,,13,14,6,0,1899-12-30T01:54:37Z,6,69,0,-1,25,950,Samoa,750,Tonga,05/08/2023,15:00,13,9,34,9,34,9,70,Apia Park,-1,NA,1,2023,23,11,Left Wing,0,,0,,271,Angus Gardner,1000642,Damon Murphy,1000613,Matthew Kellahan,-1,,3,International,N,L
2350,937717,10552,Tim Nanai-Williams,950,Samoa,6866.20,6866.20,8050,2,64,45,0,0,7,Penalty Conceded,219,Offside,236,No Action,215,Defence,233,Full Penalty,444,Offside in General Play,0,,0,,0,,0,,0,,0,0,0,0,1899-12-30T01:54:36Z,6,69,0,-1,25,950,Samoa,750,Tonga,05/08/2023,15:00,13,9,34,9,34,9,70,Apia Park,-1,NA,1,2023,15,15,Full Back,0,,0,,271,Angus Gardner,1000642,Damon Murphy,1000613,Matthew Kellahan,-1,,3,International,Y,W
2351,937717,21731,Tau Koloamatangi,750,Tonga,6866.56,6866.56,8050,2,32,27,0,0,18,Collection,631,General Catch,0,,0,,0,,0,,0,,0,,0,,0,,0,,0,0,0,0,1899-12-30T01:54:38Z,6,69,0,-1,25,950,Samoa,750,Tonga,05/08/2023,15:00,13,9,34,9,34,9,70,Apia Park,-1,NA,1,2023,17,1,Loosehead Prop,0,,0,,271,Angus Gardner,1000642,Damon Murphy,1000613,Matthew Kellahan,-1,,3,International,N,L
2352,937717,21731,Tau Koloamatangi,750,Tonga,6866.56,6866.56,8050,2,32,27,0,0,47,Playmaker Options,656,First Receiver,675,Playmaker Option - Pass,0,,0,,0,,0,,0,,0,,0,,0,,0,0,0,0,1899-12-30T01:54:38Z,6,69,0,-1,25,950,Samoa,750,Tonga,05/08/2023,15:00,13,9,34,9,34,9,70,Apia Park,-1,NA,1,2023,17,1,Loosehead Prop,0,,0,,271,Angus Gardner,1000642,Damon Murphy,1000613,Matthew Kellahan,-1,,3,International,N,L
2353,937717,21731,Tau Koloamatangi,750,Tonga,6866.92,6871.08,8050,2,32,27,28,24,3,Pass,174,Incomplete,0,,679,Short Pass,681,Left Pass,701,1st Receiver,0,,0,,0,,0,,0,,3,5,4,0,1899-12-30T01:54:38Z,6,69,0,-1,25,950,Samoa,750,Tonga,05/08/2023,15:00,13,9,34,9,34,9,70,Apia Park,-1,NA,1,2023,17,1,Loosehead Prop,0,,0,,271,Angus Gardner,1000642,Damon Murphy,1000613,Matthew Kellahan,-1,,3,International,N,L
2354,937717,0,,750,Tonga,6810.20,6871.08,8054,2,40,14,28,24,15,Possession,310,Tap Pen,316,Pen Won,0,,684,Fails to enter into Opposition 22,0,,0,,0,,0,,0,,0,,-12,0,0,0,1899-12-30T01:53:41Z,6,69,0,-1,25,950,Samoa,750,Tonga,05/08/2023,15:00,13,9,34,9,34,9,70,Apia Park,-1,NA,1,2023,,,,0,,0,,271,Angus Gardner,1000642,Damon Murphy,1000613,Matthew Kellahan,-1,,3,International,N,L
2355,937717,0,,750,Tonga,6810.20,6871.08,8054,2,40,14,28,24,26,Sequences,310,Tap Pen,316,Pen Won,0,,0,,0,,0,,0,,0,,0,,0,,-12,0,0,0,1899-12-30T01:53:41Z,6,69,0,-1,25,950,Samoa,750,Tonga,05/08/2023,15:00,13,9,34,9,34,9,70,Apia Park,-1,NA,1,2023,,,,0,,0,,271,Angus Gardner,1000642,Damon Murphy,1000613,Matthew Kellahan,-1,,3,International,N,L
2356,937717,36335,Solomone Kata,750,Tonga,6902.24,6902.24,8126,2,41,17,0,0,18,Collection,631,General Catch,0,,0,,0,,0,,0,,0,,0,,0,,0,,0,0,0,0,1899-12-30T01:55:15Z,1,70,0,-1,25,950,Samoa,750,Tonga,05/08/2023,15:00,13,9,34,9,34,9,70,Apia Park,-1,NA,1,2023,14,14,Right Wing,0,,0,,271,Angus Gardner,1000642,Damon Murphy,1000613,Matthew Kellahan,-1,,3,International,N,L
2357,937717,36335,Solomone Kata,750,Tonga,6902.24,6905.96,8126,2,41,17,48,28,1,Carry,103,Other Carry,108,Tackled Neutral,109,Crossed Gain line,461,Neutral Contact,502,2 Tacklers Committed,700,0th Receiver,0,,0,,0,,0,,8,8,2,2,1899-12-30T01:55:15Z,1,70,0,-1,25,950,Samoa,750,Tonga,05/08/2023,15:00,13,9,34,9,34,9,70,Apia Park,-1,NA,1,2023,14,14,Right Wing,0,,0,,271,Angus Gardner,1000642,Damon Murphy,1000613,Matthew Kellahan,-1,,3,International,N,L
2358,937717,43727,Miracle Faiilagi,950,Samoa,6904.64,6904.64,8128,2,54,40,0,0,2,Tackle,147,Other,153,Complete,0,,474,Neutral Tackle,708,1st Tackler,0,,0,,0,,0,,0,,0,0,0,0,1899-12-30T01:55:15Z,1,70,0,-1,25,950,Samoa,750,Tonga,05/08/2023,15:00,13,9,34,9,34,9,70,Apia Park,-1,NA,1,2023,06,6,Blindside Flanker,0,,0,,271,Angus Gardner,1000642,Damon Murphy,1000613,Matthew Kellahan,-1,,3,International,Y,W
2359,937717,1927,Fritz Lee,950,Samoa,6905.00,6905.00,8128,2,54,40,0,0,2,Tackle,147,Other,153,Complete,441,Assist,474,Neutral Tackle,709,2nd Tackler,0,,0,,0,,0,,0,,0,0,0,0,1899-12-30T01:55:15Z,1,70,0,-1,25,950,Samoa,750,Tonga,05/08/2023,15:00,13,9,34,9,34,9,70,Apia Park,-1,NA,1,2023,20,8,Number 8,0,,0,,271,Angus Gardner,1000642,Damon Murphy,1000613,Matthew Kellahan,-1,,3,International,Y,W
2360,937717,36335,Solomone Kata,750,Tonga,6905.96,6907.44,8129,2,48,28,0,0,23,Ruck,0,,401,Won Outright,548,Over Previous Gainline,553,1-2 Seconds,662,Mid Right Open Movement Ruck,0,,0,,0,,0,,0,,0,0,4,26,1899-12-30T01:55:16Z,1,70,0,-1,25,950,Samoa,750,Tonga,05/08/2023,15:00,13,9,34,9,34,9,70,Apia Park,-1,NA,1,2023,14,14,Right Wing,0,,0,,271,Angus Gardner,1000642,Damon Murphy,1000613,Matthew Kellahan,-1,,3,International,N,L
2361,937717,1927,Fritz Lee,950,Samoa,6906.00,6906.00,8129,2,52,40,0,0,43,Ruck OOA,578,Got Cleaned Out,583,Own Team 1st Entry,603,OOA Entry 1st Entry- Def,633,Defensive OOA,0,1,0,,0,,0,,0,,0,,0,0,0,0,1899-12-30T01:55:15Z,1,70,0,-1,25,950,Samoa,750,Tonga,05/08/2023,15:00,13,9,34,9,34,9,70,Apia Park,-1,NA,1,2023,20,8,Number 8,0,,0,,271,Angus Gardner,1000642,Damon Murphy,1000613,Matthew Kellahan,-1,,3,International,Y,W
2362,937717,43727,Miracle Faiilagi,950,Samoa,6906.12,6906.12,8130,2,52,40,0,0,43,Ruck OOA,578,Got Cleaned Out,584,Own Team 2nd Entry,604,OOA Entry 2nd Entry- Def,633,Defensive OOA,0,2,0,,0,,0,,0,,0,,0,0,0,0,1899-12-30T01:55:15Z,1,70,0,-1,25,950,Samoa,750,Tonga,05/08/2023,15:00,13,9,34,9,34,9,70,Apia Park,-1,NA,1,2023,06,6,Blindside Flanker,0,,0,,271,Angus Gardner,1000642,Damon Murphy,1000613,Matthew Kellahan,-1,,3,International,Y,W
2363,937717,19606,Lopeti Timani,750,Tonga,6906.36,6906.36,8130,2,48,28,0,0,43,Ruck OOA,572,Cleaned Out,583,Own Team 1st Entry,588,OOA Entry 1st Entry- Att,632,Attacking OOA,0,1,0,,0,,0,,0,,0,,0,0,0,0,1899-12-30T01:55:15Z,1,70,0,-1,25,950,Samoa,750,Tonga,05/08/2023,15:00,13,9,34,9,34,9,70,Apia Park,-1,NA,1,2023,19,6,Blindside Flanker,0,,0,,271,Angus Gardner,1000642,Damon Murphy,1000613,Matthew Kellahan,-1,,3,International,N,L
2364,937717,26114,Leva Fifita,750,Tonga,6906.40,6906.40,8130,2,48,28,0,0,43,Ruck OOA,572,Cleaned Out,584,Own Team 2nd Entry,589,OOA Entry 2nd Entry- Att,632,Attacking OOA,0,2,0,,0,,0,,0,,0,,0,0,0,0,1899-12-30T01:55:15Z,1,70,0,-1,25,950,Samoa,750,Tonga,05/08/2023,15:00,13,9,34,9,34,9,70,Apia Park,-1,NA,1,2023,04,4,Lock (4),0,,0,,271,Angus Gardner,1000642,Damon Murphy,1000613,Matthew Kellahan,-1,,3,International,N,L
2365,937717,29249,Sione Havili Talitui,750,Tonga,6907.44,6907.44,8131,2,47,28,0,0,18,Collection,631,General Catch,0,,0,,0,,0,,0,,0,,0,,0,,0,,0,0,0,0,1899-12-30T01:55:19Z,2,70,0,-1,25,950,Samoa,750,Tonga,05/08/2023,15:00,13,9,34,9,34,9,70,Apia Park,-1,NA,1,2023,07,7,Openside Flanker,0,,0,,271,Angus Gardner,1000642,Damon Murphy,1000613,Matthew Kellahan,-1,,3,International,N,L
2366,937717,29249,Sione Havili Talitui,750,Tonga,6907.44,6907.44,8131,2,47,28,0,0,47,Playmaker Options,672,Acting Halfback at Breakdown,675,Playmaker Option - Pass,0,,0,,0,,0,,0,,0,,0,,0,,0,0,0,0,1899-12-30T01:55:19Z,2,70,0,-1,25,950,Samoa,750,Tonga,05/08/2023,15:00,13,9,34,9,34,9,70,Apia Park,-1,NA,1,2023,07,7,Openside Flanker,0,,0,,271,Angus Gardner,1000642,Damon Murphy,1000613,Matthew Kellahan,-1,,3,International,N,L
2367,937717,29249,Sione Havili Talitui,750,Tonga,6907.76,6908.56,8131,2,47,28,44,40,3,Pass,169,Complete,0,,686,Medium Pass,682,Right Pass,700,0th Receiver,0,,0,,0,,0,,0,,12,12,2,0,1899-12-30T01:55:19Z,2,70,0,-1,25,950,Samoa,750,Tonga,05/08/2023,15:00,13,9,34,9,34,9,70,Apia Park,-1,NA,1,2023,07,7,Openside Flanker,0,,0,,271,Angus Gardner,1000642,Damon Murphy,1000613,Matthew Kellahan,-1,,3,International,N,L
2368,937717,30895,Solomone Funaki,750,Tonga,6908.56,6908.56,8132,2,44,40,0,0,18,Collection,631,General Catch,0,,0,,0,,0,,0,,0,,0,,0,,0,,0,0,0,0,1899-12-30T01:55:20Z,2,70,0,-1,25,950,Samoa,750,Tonga,05/08/2023,15:00,13,9,34,9,34,9,70,Apia Park,-1,NA,1,2023,20,7,Openside Flanker,0,,0,,271,Angus Gardner,1000642,Damon Murphy,1000613,Matthew Kellahan,-1,,3,International,N,L
2369,937717,30895,Solomone Funaki,750,Tonga,6908.56,6908.56,8132,2,44,40,0,0,47,Playmaker Options,656,First Receiver,675,Playmaker Option - Pass,0,,0,,0,,0,,0,,0,,0,,0,,0,0,0,0,1899-12-30T01:55:20Z,2,70,0,-1,25,950,Samoa,750,Tonga,05/08/2023,15:00,13,9,34,9,34,9,70,Apia Park,-1,NA,1,2023,20,7,Openside Flanker,0,,0,,271,Angus Gardner,1000642,Damon Murphy,1000613,Matthew Kellahan,-1,,3,International,N,L
2370,937717,30895,Solomone Funaki,750,Tonga,6908.96,6909.24,8132,2,45,40,44,45,3,Pass,169,Complete,0,,686,Medium Pass,682,Right Pass,701,1st Receiver,0,,0,,0,,0,,0,,5,5,1,0,1899-12-30T01:55:20Z,2,70,0,-1,25,950,Samoa,750,Tonga,05/08/2023,15:00,13,9,34,9,34,9,70,Apia Park,-1,NA,1,2023,20,7,Openside Flanker,0,,0,,271,Angus Gardner,1000642,Damon Murphy,1000613,Matthew Kellahan,-1,,3,International,N,L
2371,937717,19128,George Moala,750,Tonga,6909.24,6909.24,8133,2,44,45,0,0,18,Collection,631,General Catch,0,,0,,0,,0,,0,,0,,0,,0,,0,,0,0,0,0,1899-12-30T01:55:20Z,2,70,0,-1,25,950,Samoa,750,Tonga,05/08/2023,15:00,13,9,34,9,34,9,70,Apia Park,-1,NA,1,2023,13,13,Outside Centre,0,,0,,271,Angus Gardner,1000642,Damon Murphy,1000613,Matthew Kellahan,-1,,3,International,N,L
2372,937717,19128,George Moala,750,Tonga,6909.24,6909.24,8133,2,44,45,0,0,47,Playmaker Options,657,Second Receiver,673,Playmaker Option - Carry,0,,0,,0,,0,,0,,0,,0,,0,,0,0,0,0,1899-12-30T01:55:20Z,2,70,0,-1,25,950,Samoa,750,Tonga,05/08/2023,15:00,13,9,34,9,34,9,70,Apia Park,-1,NA,1,2023,13,13,Outside Centre,0,,0,,271,Angus Gardner,1000642,Damon Murphy,1000613,Matthew Kellahan,-1,,3,International,N,L
2373,937717,19128,George Moala,750,Tonga,6909.24,6910.56,8133,2,44,45,46,46,1,Carry,103,Other Carry,122,Off Load,111,Failed Gain line,461,Neutral Contact,501,1 Tacklers Committed,702,2nd Receiver,0,,0,,0,,0,,0,2,1,1,1899-12-30T01:55:20Z,2,70,0,-1,25,950,Samoa,750,Tonga,05/08/2023,15:00,13,9,34,9,34,9,70,Apia Park,-1,NA,1,2023,13,13,Outside Centre,0,,0,,271,Angus Gardner,1000642,Damon Murphy,1000613,Matthew Kellahan,-1,,3,International,N,L
2374,937717,9023,Christian Leali'ifano,950,Samoa,6910.08,6910.08,8133,2,55,22,0,0,2,Tackle,144,Line,155,Offload Allowed,0,,474,Neutral Tackle,708,1st Tackler,0,,0,,0,,0,,0,,0,0,0,0,1899-12-30T01:55:20Z,2,70,0,-1,25,950,Samoa,750,Tonga,05/08/2023,15:00,13,9,34,9,34,9,70,Apia Park,-1,NA,1,2023,22,10,Fly Half,0,,0,,271,Angus Gardner,1000642,Damon Murphy,1000613,Matthew Kellahan,-1,,3,International,Y,W
2375,937717,19128,George Moala,750,Tonga,6910.56,6910.76,8134,2,46,46,45,49,3,Pass,151,Offload,128,Own Player,679,Short Pass,682,Right Pass,702,2nd Receiver,0,,0,,0,,0,,0,,3,3,1,0,1899-12-30T01:55:21Z,2,70,0,-1,25,950,Samoa,750,Tonga,05/08/2023,15:00,13,9,34,9,34,9,70,Apia Park,-1,NA,1,2023,13,13,Outside Centre,0,,0,,271,Angus Gardner,1000642,Damon Murphy,1000613,Matthew Kellahan,-1,,3,International,N,L
2376,937717,20059,Malakai Fekitoa,750,Tonga,6910.76,6910.76,8134,2,45,49,0,0,18,Collection,631,General Catch,0,,0,,0,,0,,0,,0,,0,,0,,0,,0,0,0,0,1899-12-30T01:55:22Z,2,70,0,-1,25,950,Samoa,750,Tonga,05/08/2023,15:00,13,9,34,9,34,9,70,Apia Park,-1,NA,1,2023,23,11,Left Wing,0,,0,,271,Angus Gardner,1000642,Damon Murphy,1000613,Matthew Kellahan,-1,,3,International,N,L
2377,937717,20059,Malakai Fekitoa,750,Tonga,6911.20,6911.56,8135,2,45,49,45,53,3,Pass,169,Complete,0,,679,Short Pass,682,Right Pass,703,3rd Receiver,0,,0,,0,,0,,0,,4,4,0,0,1899-12-30T01:55:22Z,2,70,0,-1,25,950,Samoa,750,Tonga,05/08/2023,15:00,13,9,34,9,34,9,70,Apia Park,-1,NA,1,2023,23,11,Left Wing,0,,0,,271,Angus Gardner,1000642,Damon Murphy,1000613,Matthew Kellahan,-1,,3,International,N,L
2378,937717,9726,Afusipa Taumoepeau,750,Tonga,6911.56,6911.56,8135,2,45,53,0,0,18,Collection,631,General Catch,0,,0,,0,,0,,0,,0,,0,,0,,0,,0,0,0,0,1899-12-30T01:55:24Z,2,70,0,-1,25,950,Samoa,750,Tonga,05/08/2023,15:00,13,9,34,9,34,9,70,Apia Park,-1,NA,1,2023,11,11,Left Wing,0,,0,,271,Angus Gardner,1000642,Damon Murphy,1000613,Matthew Kellahan,-1,,3,International,N,L
2379,937717,9726,Afusipa Taumoepeau,750,Tonga,6911.56,6914.48,8135,2,45,53,52,53,1,Carry,106,Support Carry,107,Tackled Dominant,109,Crossed Gain line,460,Dominant Contact,502,2 Tacklers Committed,704,4th Receiver,0,,0,,0,,0,,4,7,3,3,1899-12-30T01:55:24Z,2,70,0,-1,25,950,Samoa,750,Tonga,05/08/2023,15:00,13,9,34,9,34,9,70,Apia Park,-1,NA,1,2023,11,11,Left Wing,0,,0,,271,Angus Gardner,1000642,Damon Murphy,1000613,Matthew Kellahan,-1,,3,International,N,L
2380,937717,10081,Charlie Faumuina,950,Samoa,6913.88,6913.88,8137,2,51,15,0,0,2,Tackle,144,Line,160,Passive,0,,475,Ineffective Tackle,708,1st Tackler,0,,0,,0,,0,,0,,0,0,0,0,1899-12-30T01:55:24Z,2,70,0,-1,25,950,Samoa,750,Tonga,05/08/2023,15:00,13,9,34,9,34,9,70,Apia Park,-1,NA,1,2023,01,1,Loosehead Prop,0,,0,,271,Angus Gardner,1000642,Damon Murphy,1000613,Matthew Kellahan,-1,,3,International,Y,W
2381,937717,22603,Duncan Paia'aua,950,Samoa,6914.16,6914.16,8138,2,51,15,0,0,2,Tackle,144,Line,160,Passive,441,Assist,475,Ineffective Tackle,709,2nd Tackler,0,,0,,0,,0,,0,,0,0,0,0,1899-12-30T01:55:25Z,2,70,0,-1,25,950,Samoa,750,Tonga,05/08/2023,15:00,13,9,34,9,34,9,70,Apia Park,-1,NA,1,2023,12,12,Inside Centre,0,,0,,271,Angus Gardner,1000642,Damon Murphy,1000613,Matthew Kellahan,-1,,3,International,Y,W
2382,937717,9726,Afusipa Taumoepeau,750,Tonga,6914.48,6917.76,8138,2,52,53,0,0,23,Ruck,0,,401,Won Outright,548,Over Previous Gainline,555,3-4 Seconds,661,Mid Left Open Movement Ruck,0,,0,,0,,0,,0,,0,0,-2,11,1899-12-30T01:55:25Z,2,70,0,-1,25,950,Samoa,750,Tonga,05/08/2023,15:00,13,9,34,9,34,9,70,Apia Park,-1,NA,1,2023,11,11,Left Wing,0,,0,,271,Angus Gardner,1000642,Damon Murphy,1000613,Matthew Kellahan,-1,,3,International,N,L
2383,937717,20059,Malakai Fekitoa,750,Tonga,6914.84,6914.84,8138,2,52,53,0,0,43,Ruck OOA,574,Secured,583,Own Team 1st Entry,588,OOA Entry 1st Entry- Att,632,Attacking OOA,0,1,0,,0,,0,,0,,0,,0,0,0,0,1899-12-30T01:55:22Z,2,70,0,-1,25,950,Samoa,750,Tonga,05/08/2023,15:00,13,9,34,9,34,9,70,Apia Park,-1,NA,1,2023,23,11,Left Wing,0,,0,,271,Angus Gardner,1000642,Damon Murphy,1000613,Matthew Kellahan,-1,,3,International,N,L
2384,937717,30895,Solomone Funaki,750,Tonga,6916.20,6916.20,8140,2,52,53,0,0,43,Ruck OOA,574,Secured,584,Own Team 2nd Entry,589,OOA Entry 2nd Entry- Att,632,Attacking OOA,0,2,0,,0,,0,,0,,0,,0,0,0,0,1899-12-30T01:55:23Z,2,70,0,-1,25,950,Samoa,750,Tonga,05/08/2023,15:00,13,9,34,9,34,9,70,Apia Park,-1,NA,1,2023,20,7,Openside Flanker,0,,0,,271,Angus Gardner,1000642,Damon Murphy,1000613,Matthew Kellahan,-1,,3,International,N,L
2385,937717,22321,David Lolohea,750,Tonga,6916.56,6916.56,8140,2,52,53,0,0,43,Ruck OOA,574,Secured,585,Own Team 3rd Entry,590,OOA Entry 3rd Entry- Att,632,Attacking OOA,0,3,0,,0,,0,,0,,0,,0,0,0,0,1899-12-30T01:55:23Z,2,70,0,-1,25,950,Samoa,750,Tonga,05/08/2023,15:00,13,9,34,9,34,9,70,Apia Park,-1,NA,1,2023,18,3,Tighthead Prop,0,,0,,271,Angus Gardner,1000642,Damon Murphy,1000613,Matthew Kellahan,-1,,3,International,N,L
2386,937717,29249,Sione Havili Talitui,750,Tonga,6917.76,6917.76,8141,2,51,53,0,0,18,Collection,631,General Catch,0,,0,,0,,0,,0,,0,,0,,0,,0,,0,0,0,0,1899-12-30T01:55:30Z,3,70,0,-1,25,950,Samoa,750,Tonga,05/08/2023,15:00,13,9,34,9,34,9,70,Apia Park,-1,NA,1,2023,07,7,Openside Flanker,0,,0,,271,Angus Gardner,1000642,Damon Murphy,1000613,Matthew Kellahan,-1,,3,International,N,L
2387,937717,29249,Sione Havili Talitui,750,Tonga,6917.76,6917.76,8141,2,51,53,0,0,47,Playmaker Options,672,Acting Halfback at Breakdown,675,Playmaker Option - Pass,0,,0,,0,,0,,0,,0,,0,,0,,0,0,0,0,1899-12-30T01:55:30Z,3,70,0,-1,25,950,Samoa,750,Tonga,05/08/2023,15:00,13,9,34,9,34,9,70,Apia Park,-1,NA,1,2023,07,7,Openside Flanker,0,,0,,271,Angus Gardner,1000642,Damon Murphy,1000613,Matthew Kellahan,-1,,3,International,N,L
2388,937717,29249,Sione Havili Talitui,750,Tonga,6918.40,6918.84,8142,2,51,53,47,44,3,Pass,169,Complete,0,,686,Medium Pass,681,Left Pass,700,0th Receiver,0,,0,,0,,0,,0,,9,10,4,0,1899-12-30T01:55:30Z,3,70,0,-1,25,950,Samoa,750,Tonga,05/08/2023,15:00,13,9,34,9,34,9,70,Apia Park,-1,NA,1,2023,07,7,Openside Flanker,0,,0,,271,Angus Gardner,1000642,Damon Murphy,1000613,Matthew Kellahan,-1,,3,International,N,L
2389,937717,17144,Paula Ngauamo,750,Tonga,6918.84,6918.84,8142,2,47,44,0,0,18,Collection,631,General Catch,0,,0,,0,,0,,0,,0,,0,,0,,0,,0,0,0,0,1899-12-30T01:55:30Z,3,70,0,-1,25,950,Samoa,750,Tonga,05/08/2023,15:00,13,9,34,9,34,9,70,Apia Park,-1,NA,1,2023,16,2,Hooker,0,,0,,271,Angus Gardner,1000642,Damon Murphy,1000613,Matthew Kellahan,-1,,3,International,N,L
2390,937717,17144,Paula Ngauamo,750,Tonga,6918.84,6918.84,8142,2,47,44,0,0,47,Playmaker Options,656,First Receiver,673,Playmaker Option - Carry,0,,0,,0,,0,,0,,0,,0,,0,,0,0,0,0,1899-12-30T01:55:30Z,3,70,0,-1,25,950,Samoa,750,Tonga,05/08/2023,15:00,13,9,34,9,34,9,70,Apia Park,-1,NA,1,2023,16,2,Hooker,0,,0,,271,Angus Gardner,1000642,Damon Murphy,1000613,Matthew Kellahan,-1,,3,International,N,L
2391,937717,17144,Paula Ngauamo,750,Tonga,6918.84,6921.04,8142,2,47,44,50,43,1,Carry,101,One Out Drive,108,Tackled Neutral,111,Failed Gain line,461,Neutral Contact,502,2 Tacklers Committed,701,1st Receiver,0,,0,,0,,0,,0,3,0,0,1899-12-30T01:55:30Z,3,70,0,-1,25,950,Samoa,750,Tonga,05/08/2023,15:00,13,9,34,9,34,9,70,Apia Park,-1,NA,1,2023,16,2,Hooker,0,,0,,271,Angus Gardner,1000642,Damon Murphy,1000613,Matthew Kellahan,-1,,3,International,N,L
2392,937717,36890,Theo McFarland,950,Samoa,6920.32,6920.32,8144,2,50,25,0,0,2,Tackle,144,Line,153,Complete,0,,474,Neutral Tackle,708,1st Tackler,0,,0,,0,,0,,0,,0,0,0,0,1899-12-30T01:55:31Z,3,70,0,-1,25,950,Samoa,750,Tonga,05/08/2023,15:00,13,9,34,9,34,9,70,Apia Park,-1,NA,1,2023,19,4,Lock (4),0,,0,,271,Angus Gardner,1000642,Damon Murphy,1000613,Matthew Kellahan,-1,,3,International,Y,W
2393,937717,43727,Miracle Faiilagi,950,Samoa,6920.80,6920.80,8144,2,50,25,0,0,2,Tackle,144,Line,153,Complete,441,Assist,474,Neutral Tackle,709,2nd Tackler,0,,0,,0,,0,,0,,0,0,0,0,1899-12-30T01:55:30Z,3,70,0,-1,25,950,Samoa,750,Tonga,05/08/2023,15:00,13,9,34,9,34,9,70,Apia Park,-1,NA,1,2023,06,6,Blindside Flanker,0,,0,,271,Angus Gardner,1000642,Damon Murphy,1000613,Matthew Kellahan,-1,,3,International,Y,W
2394,937717,17144,Paula Ngauamo,750,Tonga,6921.04,6925.52,8144,2,50,43,0,0,23,Ruck,0,,401,Won Outright,549,Behind Previous Gainline,556,4-5 Seconds,661,Mid Left Open Movement Ruck,0,,0,,0,,0,,0,,0,0,-5,27,1899-12-30T01:55:31Z,3,70,0,-1,25,950,Samoa,750,Tonga,05/08/2023,15:00,13,9,34,9,34,9,70,Apia Park,-1,NA,1,2023,16,2,Hooker,0,,0,,271,Angus Gardner,1000642,Damon Murphy,1000613,Matthew Kellahan,-1,,3,International,N,L
2395,937717,36890,Theo McFarland,950,Samoa,6922.16,6922.16,8146,2,50,25,0,0,43,Ruck OOA,578,Got Cleaned Out,583,Own Team 1st Entry,603,OOA Entry 1st Entry- Def,633,Defensive OOA,0,1,0,,0,,0,,0,,0,,0,0,0,0,1899-12-30T01:55:28Z,3,70,0,-1,25,950,Samoa,750,Tonga,05/08/2023,15:00,13,9,34,9,34,9,70,Apia Park,-1,NA,1,2023,19,4,Lock (4),0,,0,,271,Angus Gardner,1000642,Damon Murphy,1000613,Matthew Kellahan,-1,,3,International,Y,W
2396,937717,19606,Lopeti Timani,750,Tonga,6922.32,6922.32,8146,2,50,43,0,0,43,Ruck OOA,572,Cleaned Out,583,Own Team 1st Entry,588,OOA Entry 1st Entry- Att,632,Attacking OOA,0,1,0,,0,,0,,0,,0,,0,0,0,0,1899-12-30T01:55:28Z,3,70,0,-1,25,950,Samoa,750,Tonga,05/08/2023,15:00,13,9,34,9,34,9,70,Apia Park,-1,NA,1,2023,19,6,Blindside Flanker,0,,0,,271,Angus Gardner,1000642,Damon Murphy,1000613,Matthew Kellahan,-1,,3,International,N,L
2397,937717,21731,Tau Koloamatangi,750,Tonga,6923.08,6923.08,8146,2,50,43,0,0,43,Ruck OOA,574,Secured,584,Own Team 2nd Entry,589,OOA Entry 2nd Entry- Att,632,Attacking OOA,0,2,0,,0,,0,,0,,0,,0,0,0,0,1899-12-30T01:55:29Z,3,70,0,-1,25,950,Samoa,750,Tonga,05/08/2023,15:00,13,9,34,9,34,9,70,Apia Park,-1,NA,1,2023,17,1,Loosehead Prop,0,,0,,271,Angus Gardner,1000642,Damon Murphy,1000613,Matthew Kellahan,-1,,3,International,N,L
2398,937717,29249,Sione Havili Talitui,750,Tonga,6925.52,6925.52,8149,2,49,42,0,0,18,Collection,631,General Catch,0,,0,,0,,0,,0,,0,,0,,0,,0,,0,0,0,0,1899-12-30T01:55:37Z,4,70,0,-1,25,950,Samoa,750,Tonga,05/08/2023,15:00,13,9,34,9,34,9,70,Apia Park,-1,NA,1,2023,07,7,Openside Flanker,0,,0,,271,Angus Gardner,1000642,Damon Murphy,1000613,Matthew Kellahan,-1,,3,International,N,L
2399,937717,29249,Sione Havili Talitui,750,Tonga,6925.52,6925.52,8149,2,49,42,0,0,47,Playmaker Options,672,Acting Halfback at Breakdown,675,Playmaker Option - Pass,0,,0,,0,,0,,0,,0,,0,,0,,0,0,0,0,1899-12-30T01:55:37Z,4,70,0,-1,25,950,Samoa,750,Tonga,05/08/2023,15:00,13,9,34,9,34,9,70,Apia Park,-1,NA,1,2023,07,7,Openside Flanker,0,,0,,271,Angus Gardner,1000642,Damon Murphy,1000613,Matthew Kellahan,-1,,3,International,N,L
2400,937717,29249,Sione Havili Talitui,750,Tonga,6925.96,6926.60,8149,2,49,42,44,31,3,Pass,169,Complete,0,,686,Medium Pass,681,Left Pass,700,0th Receiver,0,,0,,0,,0,,0,,11,12,5,0,1899-12-30T01:55:37Z,4,70,0,-1,25,950,Samoa,750,Tonga,05/08/2023,15:00,13,9,34,9,34,9,70,Apia Park,-1,NA,1,2023,07,7,Openside Flanker,0,,0,,271,Angus Gardner,1000642,Damon Murphy,1000613,Matthew Kellahan,-1,,3,International,N,L
2401,937717,28913,Otumaka Mausia,750,Tonga,6926.60,6926.60,8150,2,44,31,0,0,18,Collection,631,General Catch,0,,0,,0,,0,,0,,0,,0,,0,,0,,0,0,0,0,1899-12-30T01:55:38Z,4,70,0,-1,25,950,Samoa,750,Tonga,05/08/2023,15:00,13,9,34,9,34,9,70,Apia Park,-1,NA,1,2023,22,10,Fly Half,0,,0,,271,Angus Gardner,1000642,Damon Murphy,1000613,Matthew Kellahan,-1,,3,International,N,L
2402,937717,28913,Otumaka Mausia,750,Tonga,6926.60,6926.60,8150,2,44,31,0,0,47,Playmaker Options,656,First Receiver,675,Playmaker Option - Pass,0,,0,,0,,0,,0,,0,,0,,0,,0,0,0,0,1899-12-30T01:55:38Z,4,70,0,-1,25,950,Samoa,750,Tonga,05/08/2023,15:00,13,9,34,9,34,9,70,Apia Park,-1,NA,1,2023,22,10,Fly Half,0,,0,,271,Angus Gardner,1000642,Damon Murphy,1000613,Matthew Kellahan,-1,,3,International,N,L
2403,937717,28913,Otumaka Mausia,750,Tonga,6927.48,6927.68,8151,2,46,30,44,20,3,Pass,169,Complete,0,,686,Medium Pass,681,Left Pass,701,1st Receiver,0,,0,,0,,0,,0,,10,10,2,0,1899-12-30T01:55:38Z,4,70,0,-1,25,950,Samoa,750,Tonga,05/08/2023,15:00,13,9,34,9,34,9,70,Apia Park,-1,NA,1,2023,22,10,Fly Half,0,,0,,271,Angus Gardner,1000642,Damon Murphy,1000613,Matthew Kellahan,-1,,3,International,N,L
2404,937717,28270,Tanginoa Halaifonua,750,Tonga,6927.68,6927.68,8151,2,44,20,0,0,18,Collection,631,General Catch,0,,0,,0,,0,,0,,0,,0,,0,,0,,0,0,0,0,1899-12-30T01:55:40Z,4,70,0,-1,25,950,Samoa,750,Tonga,05/08/2023,15:00,13,9,34,9,34,9,70,Apia Park,-1,NA,1,2023,06,6,Blindside Flanker,0,,0,,271,Angus Gardner,1000642,Damon Murphy,1000613,Matthew Kellahan,-1,,3,International,N,L
2405,937717,28270,Tanginoa Halaifonua,750,Tonga,6927.68,6927.68,8151,2,44,20,0,0,47,Playmaker Options,657,Second Receiver,673,Playmaker Option - Carry,0,,0,,0,,0,,0,,0,,0,,0,,0,0,0,0,1899-12-30T01:55:40Z,4,70,0,-1,25,950,Samoa,750,Tonga,05/08/2023,15:00,13,9,34,9,34,9,70,Apia Park,-1,NA,1,2023,06,6,Blindside Flanker,0,,0,,271,Angus Gardner,1000642,Damon Murphy,1000613,Matthew Kellahan,-1,,3,International,N,L
2406,937717,28270,Tanginoa Halaifonua,750,Tonga,6927.68,6929.64,8151,2,44,20,46,16,1,Carry,103,Other Carry,108,Tackled Neutral,111,Failed Gain line,461,Neutral Contact,501,1 Tacklers Committed,702,2nd Receiver,0,,0,,0,,0,,0,2,1,1,1899-12-30T01:55:40Z,4,70,0,-1,25,950,Samoa,750,Tonga,05/08/2023,15:00,13,9,34,9,34,9,70,Apia Park,-1,NA,1,2023,06,6,Blindside Flanker,0,,0,,271,Angus Gardner,1000642,Damon Murphy,1000613,Matthew Kellahan,-1,,3,International,N,L
2407,937717,18506,Steven Luatua,950,Samoa,6928.48,6928.48,8152,2,55,50,0,0,2,Tackle,144,Line,153,Complete,0,,474,Neutral Tackle,708,1st Tackler,0,,0,,0,,0,,0,,0,0,0,0,1899-12-30T01:55:39Z,4,70,0,-1,25,950,Samoa,750,Tonga,05/08/2023,15:00,13,9,34,9,34,9,70,Apia Park,-1,NA,1,2023,08,8,Number 8,0,,0,,271,Angus Gardner,1000642,Damon Murphy,1000613,Matthew Kellahan,-1,,3,International,Y,W
2408,937717,36890,Theo McFarland,950,Samoa,6929.40,6929.40,8153,2,55,50,0,0,40,Defensive Action,560,Tackle Arrival,0,,0,,0,,0,,0,,0,,0,,0,,0,,0,0,0,0,1899-12-30T01:55:40Z,4,70,0,-1,25,950,Samoa,750,Tonga,05/08/2023,15:00,13,9,34,9,34,9,70,Apia Park,-1,NA,1,2023,19,4,Lock (4),0,,0,,271,Angus Gardner,1000642,Damon Murphy,1000613,Matthew Kellahan,-1,,3,International,Y,W
2409,937717,28270,Tanginoa Halaifonua,750,Tonga,6929.64,6933.48,8153,2,46,16,0,0,23,Ruck,0,,401,Won Outright,549,Behind Previous Gainline,555,3-4 Seconds,665,Close Left Blindside Movement Ruck,0,,0,,0,,0,,0,,0,0,-4,6,1899-12-30T01:55:40Z,4,70,0,-1,25,950,Samoa,750,Tonga,05/08/2023,15:00,13,9,34,9,34,9,70,Apia Park,-1,NA,1,2023,06,6,Blindside Flanker,0,,0,,271,Angus Gardner,1000642,Damon Murphy,1000613,Matthew Kellahan,-1,,3,International,N,L
2410,937717,26114,Leva Fifita,750,Tonga,6930.72,6930.72,8154,2,46,16,0,0,43,Ruck OOA,574,Secured,583,Own Team 1st Entry,588,OOA Entry 1st Entry- Att,632,Attacking OOA,0,1,0,,0,,0,,0,,0,,0,0,0,0,1899-12-30T01:55:37Z,4,70,0,-1,25,950,Samoa,750,Tonga,05/08/2023,15:00,13,9,34,9,34,9,70,Apia Park,-1,NA,1,2023,04,4,Lock (4),0,,0,,271,Angus Gardner,1000642,Damon Murphy,1000613,Matthew Kellahan,-1,,3,International,N,L
2411,937717,19128,George Moala,750,Tonga,6931.92,6931.92,8155,2,46,16,0,0,43,Ruck OOA,574,Secured,584,Own Team 2nd Entry,589,OOA Entry 2nd Entry- Att,632,Attacking OOA,0,2,0,,0,,0,,0,,0,,0,0,0,0,1899-12-30T01:55:38Z,4,70,0,-1,25,950,Samoa,750,Tonga,05/08/2023,15:00,13,9,34,9,34,9,70,Apia Park,-1,NA,1,2023,13,13,Outside Centre,0,,0,,271,Angus Gardner,1000642,Damon Murphy,1000613,Matthew Kellahan,-1,,3,International,N,L
2412,937717,29249,Sione Havili Talitui,750,Tonga,6933.48,6933.48,8157,2,45,16,0,0,18,Collection,631,General Catch,0,,0,,0,,0,,0,,0,,0,,0,,0,,0,0,0,0,1899-12-30T01:55:45Z,5,70,0,-1,25,950,Samoa,750,Tonga,05/08/2023,15:00,13,9,34,9,34,9,70,Apia Park,-1,NA,1,2023,07,7,Openside Flanker,0,,0,,271,Angus Gardner,1000642,Damon Murphy,1000613,Matthew Kellahan,-1,,3,International,N,L
2413,937717,29249,Sione Havili Talitui,750,Tonga,6933.48,6933.48,8157,2,45,16,0,0,47,Playmaker Options,672,Acting Halfback at Breakdown,675,Playmaker Option - Pass,0,,0,,0,,0,,0,,0,,0,,0,,0,0,0,0,1899-12-30T01:55:45Z,5,70,0,-1,25,950,Samoa,750,Tonga,05/08/2023,15:00,13,9,34,9,34,9,70,Apia Park,-1,NA,1,2023,07,7,Openside Flanker,0,,0,,271,Angus Gardner,1000642,Damon Murphy,1000613,Matthew Kellahan,-1,,3,International,N,L
2414,937717,29249,Sione Havili Talitui,750,Tonga,6933.84,6935.52,8157,2,45,16,42,10,3,Pass,174,Incomplete,0,,686,Medium Pass,681,Left Pass,700,0th Receiver,0,,0,,0,,0,,0,,6,6,3,0,1899-12-30T01:55:45Z,5,70,0,-1,25,950,Samoa,750,Tonga,05/08/2023,15:00,13,9,34,9,34,9,70,Apia Park,-1,NA,1,2023,07,7,Openside Flanker,0,,0,,271,Angus Gardner,1000642,Damon Murphy,1000613,Matthew Kellahan,-1,,3,International,N,L
2415,937717,28913,Otumaka Mausia,750,Tonga,6935.52,6935.52,8159,2,42,10,0,0,8,Turnover,254,Dropped Ball Unforced,677,Error on Attack,0,,0,,0,,0,,0,,0,,0,,0,,0,0,0,0,1899-12-30T01:55:46Z,5,70,0,-1,25,950,Samoa,750,Tonga,05/08/2023,15:00,13,9,34,9,34,9,70,Apia Park,-1,NA,1,2023,22,10,Fly Half,0,,0,,271,Angus Gardner,1000642,Damon Murphy,1000613,Matthew Kellahan,-1,,3,International,N,L
2416,937717,0,,750,Tonga,6901.88,6937.32,8201,2,41,17,42,10,15,Possession,310,Tap Pen,321,End of Play,0,,684,Fails to enter into Opposition 22,0,,0,,0,,0,,0,,0,,2,0,0,0,1899-12-30T01:55:13Z,1,70,0,-1,25,950,Samoa,750,Tonga,05/08/2023,15:00,13,9,34,9,34,9,70,Apia Park,-1,NA,1,2023,,,,0,,0,,271,Angus Gardner,1000642,Damon Murphy,1000613,Matthew Kellahan,-1,,3,International,N,L
2417,937717,0,,750,Tonga,6901.88,6937.32,8201,2,41,17,42,10,26,Sequences,310,Tap Pen,321,End of Play,0,,0,,0,,0,,0,,0,,0,,0,,2,0,0,0,1899-12-30T01:55:13Z,1,70,0,-1,25,950,Samoa,750,Tonga,05/08/2023,15:00,13,9,34,9,34,9,70,Apia Park,-1,NA,1,2023,,,,0,,0,,271,Angus Gardner,1000642,Damon Murphy,1000613,Matthew Kellahan,-1,,3,International,N,L
