ID,start_timestamp,end_timestamp,PlayerName (Team),next_action_type,next_action_result,FXID,ShirtNumber,HomeAway,FxTID,TeamName,PlayerID,PlayerFirstName,PlayerLastName,Period,MatchTime
1,10.498519270995857,25.100052313717516,Tommy Freeman (England),TACKLE BIG,Green,941361,14,H,550,England,35530,Tommy,Freeman,1,7
2,10.938334907,26.650973176,Nik McCurran (Japan),CARRY BIG,Green,941361,10,A,3000,Japan,43557,Nik,McCurran,1,8
3,11.671352041,25.560687246,Kanji Shimokawa (Japan),RUCK BIG,Green,941361,6,A,3000,Japan,30962,Kanji,Shimokawa,1,8
4,11.798258784539414,26.599957721940633,Sam Underhill (England),JACKLER ON FEET BIG,Green,941361,7,H,550,England,21608,Sam,Underhill,1,8
5,12.59118301899963,25.560687246,Seunghyok Lee (Japan),RUCK BIG,Green,941361,2,A,3000,Japan,43664,Seunghyok,Lee,1,11
6,15.571950113378684,24.198154826666848,Faulua Makisi (Japan),RUCK ON FEET BIG,Green,941361,8,A,3000,Japan,23417,Faulua,Makisi,1,12
7,16.226710725,31.5271339,Takato Okabe (Japan),KICK CHASE,Green,941361,1,A,3000,Japan,32321,Takato,Okabe,1,12
8,16.226710725,31.5271339,Seunghyok Lee (Japan),KICK CHASE,Green,941361,2,A,3000,Japan,43664,Seunghyok,Lee,1,12
9,16.226710725,31.5271339,Shuhei Takeuchi (Japan),KICK CHASE,Green,941361,3,A,3000,Japan,37874,Shuhei,Takeuchi,1,12
10,16.226710725,31.5271339,Sanaila Waqa (Japan),KICK CHASE,Green,941361,4,A,3000,Japan,23564,Sanaila,Waqa,1,12
11,16.226710725,31.5271339,Epineri Uluiviti (Japan),KICK CHASE,Green,941361,5,A,3000,Japan,26154,Epineri,Uluiviti,1,12
12,16.226710725,31.5271339,Kanji Shimokawa (Japan),KICK CHASE,Green,941361,6,A,3000,Japan,30962,Kanji,Shimokawa,1,12
13,16.226710725,31.5271339,Kazuki Himeno (Japan),KICK CHASE,Green,941361,7,A,3000,Japan,28962,Kazuki,Himeno,1,12
14,16.226710725,31.5271339,Faulua Makisi (Japan),KICK CHASE,Green,941361,8,A,3000,Japan,23417,Faulua,Makisi,1,12
15,16.226710725,31.5271339,Naoto Saito (Japan),KICK CHASE,Green,941361,9,A,3000,Japan,25158,Naoto,Saito,1,12
16,16.226710725,31.5271339,Jone Naikabula (Japan),KICK CHASE,Green,941361,11,A,3000,Japan,28091,Jone,Naikabula,1,12
17,16.226710725,31.5271339,Siosaia Fifita (Japan),KICK CHASE,Green,941361,12,A,3000,Japan,30973,Siosaia,Fifita,1,12
18,16.226710725,31.5271339,Dylan Riley (Japan),KICK CHASE,Green,941361,13,A,3000,Japan,27652,Dylan,Riley,1,12
19,16.226710725,31.5271339,Tomoki Osada (Japan),KICK CHASE,Green,941361,14,A,3000,Japan,31059,Tomoki,Osada,1,12
20,16.634161588,28.699943951956858,Sam Underhill (England),KICK RETREAT,Green,941361,7,H,550,England,21608,Sam,Underhill,1,12
21,16.634161588,28.699943951956858,Ellis Genge (England),KICK RETREAT,Green,941361,1,H,550,England,22778,Ellis,Genge,1,12
22,16.634161588,28.699943951956858,Jamie George (England),KICK RETREAT,Green,941361,2,H,550,England,10187,Jamie,George,1,12
23,16.634161588,28.699943951956858,Will Stuart (England),KICK RETREAT,Green,941361,3,H,550,England,24121,Will,Stuart,1,12
24,16.634161588,28.699943951956858,Maro Itoje (England),KICK RETREAT,Green,941361,4,H,550,England,20440,Maro,Itoje,1,12
25,16.634161588,28.699943951956858,George Martin (England),KICK RETREAT,Green,941361,5,H,550,England,35631,George,Martin,1,12
26,16.634161588,28.699943951956858,Tom Curry (England),KICK RETREAT,Green,941361,6,H,550,England,25980,Tom,Curry,1,12
27,16.634161588,28.699943951956858,Ben Earl (England),KICK RETREAT,Green,941361,8,H,550,England,23732,Ben,Earl,1,12
28,16.634161588,28.699943951956858,Jack van Poortvliet (England),KICK RETREAT,Green,941361,9,H,550,England,35629,Jack,van Poortvliet,1,12
29,16.634161588,28.699943951956858,Ollie Sleightholme (England),KICK RETREAT,Green,941361,11,H,550,England,28734,Ollie,Sleightholme,1,12
30,16.634161588,28.699943951956858,Henry Slade (England),KICK RETREAT,Green,941361,12,H,550,England,19087,Henry,Slade,1,12
31,16.634161588,28.699943951956858,Ollie Lawrence (England),KICK RETREAT,Green,941361,13,H,550,England,29561,Ollie,Lawrence,1,12
32,16.634161588,28.699943951956858,Tommy Freeman (England),KICK RETREAT,Green,941361,14,H,550,England,35530,Tommy,Freeman,1,12
33,20.900226757369616,42.145658349,Takato Okabe (Japan),KICK RETREAT,Red,941361,1,A,3000,Japan,32321,Takato,Okabe,1,13
34,20.900226757369616,42.145658349,Kazuki Himeno (Japan),KICK RETREAT,Red,941361,7,A,3000,Japan,28962,Kazuki,Himeno,1,13
35,20.900226757369616,42.145658349,Faulua Makisi (Japan),KICK RETREAT,Red,941361,8,A,3000,Japan,23417,Faulua,Makisi,1,13
36,23.72772969,35.69990352127314,George Furbank (England),KICK CHASE,Gold,941361,15,H,550,England,25952,George,Furbank,1,13
37,23.898413680269833,35.69990352127314,Henry Slade (England),KICK CHASE,Green,941361,12,H,550,England,19087,Henry,Slade,1,21
38,24.813088331,39.94797203,Seunghyok Lee (Japan),KICK RETREAT,Green,941361,2,A,3000,Japan,43664,Seunghyok,Lee,1,21
39,24.813088331,39.94797203,Shuhei Takeuchi (Japan),KICK RETREAT,Green,941361,3,A,3000,Japan,37874,Shuhei,Takeuchi,1,21
40,24.813088331,39.94797203,Sanaila Waqa (Japan),KICK RETREAT,Green,941361,4,A,3000,Japan,23564,Sanaila,Waqa,1,21
41,24.813088331,39.94797203,Epineri Uluiviti (Japan),KICK RETREAT,Green,941361,5,A,3000,Japan,26154,Epineri,Uluiviti,1,21
42,24.813088331,39.94797203,Kanji Shimokawa (Japan),KICK RETREAT,Green,941361,6,A,3000,Japan,30962,Kanji,Shimokawa,1,21
43,24.813088331,39.94797203,Naoto Saito (Japan),KICK RETREAT,Green,941361,9,A,3000,Japan,25158,Naoto,Saito,1,21
44,24.813088331,39.94797203,Jone Naikabula (Japan),KICK RETREAT,Green,941361,11,A,3000,Japan,28091,Jone,Naikabula,1,21
45,24.813088331,39.94797203,Siosaia Fifita (Japan),KICK RETREAT,Green,941361,12,A,3000,Japan,30973,Siosaia,Fifita,1,21
46,24.813088331,39.94797203,Dylan Riley (Japan),KICK RETREAT,Green,941361,13,A,3000,Japan,27652,Dylan,Riley,1,21
47,24.813088331,39.94797203,Tomoki Osada (Japan),KICK RETREAT,Green,941361,14,A,3000,Japan,31059,Tomoki,Osada,1,21
48,24.997773703,37.09995254331824,Sam Underhill (England),KICK CHASE,Green,941361,7,H,550,England,21608,Sam,Underhill,1,21
49,24.997773703,37.09995254331824,Ellis Genge (England),KICK CHASE,Green,941361,1,H,550,England,22778,Ellis,Genge,1,21
50,24.997773703,37.09995254331824,Jamie George (England),KICK CHASE,Green,941361,2,H,550,England,10187,Jamie,George,1,21
51,24.997773703,37.09995254331824,Will Stuart (England),KICK CHASE,Green,941361,3,H,550,England,24121,Will,Stuart,1,21
52,24.997773703,37.09995254331824,Maro Itoje (England),KICK CHASE,Green,941361,4,H,550,England,20440,Maro,Itoje,1,21
53,24.997773703,37.09995254331824,George Martin (England),KICK CHASE,Green,941361,5,H,550,England,35631,George,Martin,1,21
54,24.997773703,37.09995254331824,Tom Curry (England),KICK CHASE,Green,941361,6,H,550,England,25980,Tom,Curry,1,21
55,24.997773703,37.09995254331824,Ben Earl (England),KICK CHASE,Green,941361,8,H,550,England,23732,Ben,Earl,1,21
56,24.997773703,37.09995254331824,Jack van Poortvliet (England),KICK CHASE,Green,941361,9,H,550,England,35629,Jack,van Poortvliet,1,21
57,24.997773703,37.09995254331824,Ollie Sleightholme (England),KICK CHASE,Green,941361,11,H,550,England,28734,Ollie,Sleightholme,1,21
58,24.997773703,37.09995254331824,Ollie Lawrence (England),KICK CHASE,Green,941361,13,H,550,England,29561,Ollie,Lawrence,1,21
59,29.098662790192684,49.300043121709926,Henry Slade (England),TACKLE BIG,Green,941361,12,H,550,England,19087,Henry,Slade,1,26
60,29.474876294,43.107994996,Takuro Matsunaga (Japan),CARRY BIG,Green,941361,15,A,3000,Japan,38312,Takuro,Matsunaga,1,26
61,31.29867244833526,41.50001444829261,George Furbank (England),JACKLER ON FEET BIG,Green,941361,15,H,550,England,25952,George,Furbank,1,28
62,35.307755102040815,45.151006246,Siosaia Fifita (Japan),RUCK BIG,Green,941361,12,A,3000,Japan,30973,Siosaia,Fifita,1,32
63,35.307755102040815,45.151006246,Tomoki Osada (Japan),RUCK BIG,Green,941361,14,A,3000,Japan,31059,Tomoki,Osada,1,32
64,35.582184051665976,50.808365801,Kazuki Himeno (Japan),CARRY BIG,Green,941361,7,A,3000,Japan,28962,Kazuki,Himeno,1,32
65,37.898263151299744,51.1999896550308,Ellis Genge (England),TACKLE BIG,Green,941361,1,H,550,England,22778,Ellis,Genge,1,34
66,38.39789465163342,51.1999896550308,Will Stuart (England),TACKLE BIG,Green,941361,3,H,550,England,24121,Will,Stuart,1,36
67,41.82498866213152,49.99801870233356,Shuhei Takeuchi (Japan),RUCK BIG,Green,941361,3,A,3000,Japan,37874,Shuhei,Takeuchi,1,39
68,41.82498866213152,51.198304703332795,Epineri Uluiviti (Japan),RUCK BIG,Green,941361,5,A,3000,Japan,26154,Epineri,Uluiviti,1,39
69,45.782797881,55.597676838993465,Ben Earl (England),TACKLE BIG,Green,941361,8,H,550,England,23732,Ben,Earl,1,44
70,68.31870748299319,79.1969099686476,Ellis Genge (England),KICK RETREAT,Yellow,941361,1,H,550,England,22778,Ellis,Genge,1,105
71,69.502240302,80.89982076801515,Sam Underhill (England),KICK RETREAT,Green,941361,7,H,550,England,21608,Sam,Underhill,1,105
72,69.502240302,80.89982076801515,Jamie George (England),KICK RETREAT,Green,941361,2,H,550,England,10187,Jamie,George,1,105
73,69.502240302,80.89982076801515,Will Stuart (England),KICK RETREAT,Green,941361,3,H,550,England,24121,Will,Stuart,1,105
74,69.502240302,80.89982076801515,Maro Itoje (England),KICK RETREAT,Green,941361,4,H,550,England,20440,Maro,Itoje,1,105
75,69.502240302,80.89982076801515,George Martin (England),KICK RETREAT,Green,941361,5,H,550,England,35631,George,Martin,1,105
76,69.502240302,80.89982076801515,Tom Curry (England),KICK RETREAT,Green,941361,6,H,550,England,25980,Tom,Curry,1,105
77,69.502240302,80.89982076801515,Ben Earl (England),KICK RETREAT,Green,941361,8,H,550,England,23732,Ben,Earl,1,105
78,69.502240302,80.89982076801515,Jack van Poortvliet (England),KICK RETREAT,Green,941361,9,H,550,England,35629,Jack,van Poortvliet,1,105
79,69.502240302,80.89982076801515,Marcus Smith (England),KICK RETREAT,Green,941361,10,H,550,England,26046,Marcus,Smith,1,105
80,69.502240302,80.89982076801515,Ollie Sleightholme (England),KICK RETREAT,Green,941361,11,H,550,England,28734,Ollie,Sleightholme,1,105
81,69.502240302,80.89982076801515,Henry Slade (England),KICK RETREAT,Green,941361,12,H,550,England,19087,Henry,Slade,1,105
82,69.502240302,80.89982076801515,Ollie Lawrence (England),KICK RETREAT,Green,941361,13,H,550,England,29561,Ollie,Lawrence,1,105
83,69.502240302,80.89982076801515,Tommy Freeman (England),KICK RETREAT,Green,941361,14,H,550,England,35530,Tommy,Freeman,1,105
84,72.23704929,80.752849179,Takato Okabe (Japan),KICK CHASE,Green,941361,1,A,3000,Japan,32321,Takato,Okabe,1,108
85,72.23704929,80.752849179,Seunghyok Lee (Japan),KICK CHASE,Green,941361,2,A,3000,Japan,43664,Seunghyok,Lee,1,108
86,72.23704929,80.752849179,Shuhei Takeuchi (Japan),KICK CHASE,Green,941361,3,A,3000,Japan,37874,Shuhei,Takeuchi,1,108
87,72.23704929,80.752849179,Sanaila Waqa (Japan),KICK CHASE,Green,941361,4,A,3000,Japan,23564,Sanaila,Waqa,1,108
88,72.23704929,80.752849179,Epineri Uluiviti (Japan),KICK CHASE,Green,941361,5,A,3000,Japan,26154,Epineri,Uluiviti,1,108
89,72.23704929,80.752849179,Kanji Shimokawa (Japan),KICK CHASE,Green,941361,6,A,3000,Japan,30962,Kanji,Shimokawa,1,108
90,72.23704929,80.752849179,Kazuki Himeno (Japan),KICK CHASE,Green,941361,7,A,3000,Japan,28962,Kazuki,Himeno,1,108
91,72.23704929,80.752849179,Faulua Makisi (Japan),KICK CHASE,Green,941361,8,A,3000,Japan,23417,Faulua,Makisi,1,108
92,72.23704929,80.752849179,Naoto Saito (Japan),KICK CHASE,Green,941361,9,A,3000,Japan,25158,Naoto,Saito,1,108
93,72.23704929,80.752849179,Nik McCurran (Japan),KICK CHASE,Green,941361,10,A,3000,Japan,43557,Nik,McCurran,1,108
94,72.23704929,80.752849179,Siosaia Fifita (Japan),KICK CHASE,Green,941361,12,A,3000,Japan,30973,Siosaia,Fifita,1,108
95,72.23704929,80.752849179,Dylan Riley (Japan),KICK CHASE,Green,941361,13,A,3000,Japan,27652,Dylan,Riley,1,108
96,72.23704929,80.752849179,Tomoki Osada (Japan),KICK CHASE,Green,941361,14,A,3000,Japan,31059,Tomoki,Osada,1,108
97,74.14825396825397,87.39780353496974,George Furbank (England),KICK CHASE,Green,941361,15,H,550,England,25952,George,Furbank,1,111
98,74.97820861678005,88.161377229,Takato Okabe (Japan),KICK RETREAT,Green,941361,1,A,3000,Japan,32321,Takato,Okabe,1,111
99,74.97820861678005,88.161377229,Seunghyok Lee (Japan),KICK RETREAT,Green,941361,2,A,3000,Japan,43664,Seunghyok,Lee,1,111
100,74.97820861678005,88.161377229,Shuhei Takeuchi (Japan),KICK RETREAT,Green,941361,3,A,3000,Japan,37874,Shuhei,Takeuchi,1,111
101,74.97820861678005,88.161377229,Sanaila Waqa (Japan),KICK RETREAT,Green,941361,4,A,3000,Japan,23564,Sanaila,Waqa,1,111
102,74.97820861678005,88.161377229,Epineri Uluiviti (Japan),KICK RETREAT,Green,941361,5,A,3000,Japan,26154,Epineri,Uluiviti,1,111
103,74.97820861678005,88.161377229,Kanji Shimokawa (Japan),KICK RETREAT,Green,941361,6,A,3000,Japan,30962,Kanji,Shimokawa,1,111
104,74.97820861678005,88.161377229,Kazuki Himeno (Japan),KICK RETREAT,Green,941361,7,A,3000,Japan,28962,Kazuki,Himeno,1,111
105,74.97820861678005,88.161377229,Faulua Makisi (Japan),KICK RETREAT,Green,941361,8,A,3000,Japan,23417,Faulua,Makisi,1,111
106,74.97820861678005,88.161377229,Naoto Saito (Japan),KICK RETREAT,Green,941361,9,A,3000,Japan,25158,Naoto,Saito,1,111
107,74.97820861678005,88.161377229,Nik McCurran (Japan),KICK RETREAT,Green,941361,10,A,3000,Japan,43557,Nik,McCurran,1,111
108,74.97820861678005,88.161377229,Jone Naikabula (Japan),KICK RETREAT,Green,941361,11,A,3000,Japan,28091,Jone,Naikabula,1,111
109,74.97820861678005,88.161377229,Siosaia Fifita (Japan),KICK RETREAT,Green,941361,12,A,3000,Japan,30973,Siosaia,Fifita,1,111
110,74.97820861678005,88.161377229,Dylan Riley (Japan),KICK RETREAT,Green,941361,13,A,3000,Japan,27652,Dylan,Riley,1,111
111,74.97820861678005,88.161377229,Tomoki Osada (Japan),KICK RETREAT,Green,941361,14,A,3000,Japan,31059,Tomoki,Osada,1,111
112,74.97820861678005,88.161377229,Takuro Matsunaga (Japan),KICK RETREAT,Green,941361,15,A,3000,Japan,38312,Takuro,Matsunaga,1,111
113,75.348454902,88.172300108,Sam Underhill (England),KICK CHASE,Green,941361,7,H,550,England,21608,Sam,Underhill,1,111
114,75.348454902,88.172300108,Ellis Genge (England),KICK CHASE,Green,941361,1,H,550,England,22778,Ellis,Genge,1,111
115,75.348454902,88.172300108,Jamie George (England),KICK CHASE,Green,941361,2,H,550,England,10187,Jamie,George,1,111
116,75.348454902,88.172300108,Will Stuart (England),KICK CHASE,Green,941361,3,H,550,England,24121,Will,Stuart,1,111
117,75.348454902,88.172300108,Maro Itoje (England),KICK CHASE,Green,941361,4,H,550,England,20440,Maro,Itoje,1,111
118,75.348454902,88.172300108,George Martin (England),KICK CHASE,Green,941361,5,H,550,England,35631,George,Martin,1,111
119,75.348454902,88.172300108,Tom Curry (England),KICK CHASE,Green,941361,6,H,550,England,25980,Tom,Curry,1,111
120,75.348454902,88.172300108,Ben Earl (England),KICK CHASE,Green,941361,8,H,550,England,23732,Ben,Earl,1,111
121,75.348454902,88.172300108,Ollie Sleightholme (England),KICK CHASE,Green,941361,11,H,550,England,28734,Ollie,Sleightholme,1,111
122,75.348454902,88.172300108,Henry Slade (England),KICK CHASE,Green,941361,12,H,550,England,19087,Henry,Slade,1,111
123,75.348454902,88.172300108,Ollie Lawrence (England),KICK CHASE,Green,941361,13,H,550,England,29561,Ollie,Lawrence,1,111
124,173.48534053198583,187.2988673849902,Sam Underhill (England),SCRUM DEFENCE,Gold,941361,7,H,550,England,21608,Sam,Underhill,1,251
125,173.5100453514739,186.493980403,Ellis Genge (England),SCRUM DEFENCE,Green,941361,1,H,550,England,22778,Ellis,Genge,1,251
126,173.5100453514739,186.493980403,Jamie George (England),SCRUM DEFENCE,Green,941361,2,H,550,England,10187,Jamie,George,1,251
127,173.5100453514739,186.493980403,Will Stuart (England),SCRUM DEFENCE,Green,941361,3,H,550,England,24121,Will,Stuart,1,251
128,173.5100453514739,186.493980403,Maro Itoje (England),SCRUM DEFENCE,Green,941361,4,H,550,England,20440,Maro,Itoje,1,251
129,173.5100453514739,186.493980403,George Martin (England),SCRUM DEFENCE,Green,941361,5,H,550,England,35631,George,Martin,1,251
130,173.5100453514739,186.493980403,Tom Curry (England),SCRUM DEFENCE,Green,941361,6,H,550,England,25980,Tom,Curry,1,251
131,173.56934240362813,192.6966029556744,Ben Earl (England),SCRUM DEFENCE,Gold,941361,8,H,550,England,23732,Ben,Earl,1,251
132,174.12444444444444,187.415413856,Seunghyok Lee (Japan),SCRUM ATTACK,Green,941361,2,A,3000,Japan,43664,Seunghyok,Lee,1,251
133,174.12444444444444,187.415413856,Shuhei Takeuchi (Japan),SCRUM ATTACK,Green,941361,3,A,3000,Japan,37874,Shuhei,Takeuchi,1,251
134,174.12444444444444,187.415413856,Sanaila Waqa (Japan),SCRUM ATTACK,Green,941361,4,A,3000,Japan,23564,Sanaila,Waqa,1,251
135,174.12444444444444,187.415413856,Epineri Uluiviti (Japan),SCRUM ATTACK,Green,941361,5,A,3000,Japan,26154,Epineri,Uluiviti,1,251
136,174.12444444444444,187.415413856,Kanji Shimokawa (Japan),SCRUM ATTACK,Green,941361,6,A,3000,Japan,30962,Kanji,Shimokawa,1,251
137,174.12444444444444,187.415413856,Kazuki Himeno (Japan),SCRUM ATTACK,Green,941361,7,A,3000,Japan,28962,Kazuki,Himeno,1,251
138,174.12444444444444,187.415413856,Faulua Makisi (Japan),SCRUM ATTACK,Green,941361,8,A,3000,Japan,23417,Faulua,Makisi,1,251
139,174.8256462585034,186.00009371531783,Takato Okabe (Japan),SCRUM ATTACK,Yellow,941361,1,A,3000,Japan,32321,Takato,Okabe,1,252
140,175.81024943310658,199.7987908529784,Faulua Makisi (Japan),RUCK ON FEET BIG,Gold,941361,8,A,3000,Japan,23417,Faulua,Makisi,1,253
141,176.5708843537415,189.69939528765528,Ollie Lawrence (England),TACKLE BIG,Gold,941361,13,H,550,England,29561,Ollie,Lawrence,1,254
142,176.65340136054422,190.79959717233743,Marcus Smith (England),TACKLE BIG,Gold,941361,10,H,550,England,26046,Marcus,Smith,1,254
143,177.79759206633318,195.919667733,Siosaia Fifita (Japan),CARRY BIG,Green,941361,12,A,3000,Japan,30973,Siosaia,Fifita,1,256
144,178.64873015873016,189.755042069,Kazuki Himeno (Japan),RUCK ON FEET BIG,Green,941361,7,A,3000,Japan,28962,Kazuki,Himeno,1,256
145,179.7989311769633,190.70003617696128,Jack van Poortvliet (England),TACKLE BIG,Green,941361,9,H,550,England,35629,Jack,van Poortvliet,1,255
146,181.19850106964395,199.60003398772392,Tom Curry (England),TACKLE BIG,Gold,941361,6,H,550,England,25980,Tom,Curry,1,258
147,182.59818599095016,191.1999320760925,George Martin (England),TACKLE ON FEET BIG,Green,941361,5,H,550,England,35631,George,Martin,1,300
148,184.572224184,192.29586252500016,Kanji Shimokawa (Japan),RUCK ON FEET BIG,Green,941361,6,A,3000,Japan,30962,Kanji,Shimokawa,1,302
149,185.0985568326522,194.19990174859004,George Martin (England),JACKLER BIG,Green,941361,5,H,550,England,35631,George,Martin,1,302
150,186.959458968,196.69940872932244,Ben Earl (England),TACKLE BIG,Green,941361,8,H,550,England,23732,Ben,Earl,1,304
151,187.466151027,194.13013117,Epineri Uluiviti (Japan),RUCK BIG,Green,941361,5,A,3000,Japan,26154,Epineri,Uluiviti,1,304
152,188.0001133786848,197.328218523,Sanaila Waqa (Japan),CARRY BIG,Yellow,941361,4,A,3000,Japan,23564,Sanaila,Waqa,1,304
153,191.954312319,201.94967262,Takato Okabe (Japan),RUCK BIG,Green,941361,1,A,3000,Japan,32321,Takato,Okabe,1,309
154,191.954312319,201.94967262,Shuhei Takeuchi (Japan),RUCK BIG,Green,941361,3,A,3000,Japan,37874,Shuhei,Takeuchi,1,309
155,192.05451247165533,202.89775262199393,Sam Underhill (England),JACKLER ON FEET BIG,Yellow,941361,7,H,550,England,21608,Sam,Underhill,1,309
156,192.89920501630888,204.0000059323938,Tom Curry (England),TACKLE BIG,Green,941361,6,H,550,England,25980,Tom,Curry,1,309
157,194.24965986394557,203.9993189379996,Seunghyok Lee (Japan),CARRY BIG,Green,941361,2,A,3000,Japan,43664,Seunghyok,Lee,1,311
158,196.446965084,206.290691901,Takuro Matsunaga (Japan),RUCK ON FEET BIG,Green,941361,15,A,3000,Japan,38312,Takuro,Matsunaga,1,314
159,198.757885485,205.15943973,Faulua Makisi (Japan),RUCK ON FEET BIG,Green,941361,8,A,3000,Japan,23417,Faulua,Makisi,1,315
160,198.76068027210889,205.3989723693335,Nik McCurran (Japan),CARRY BIG,Green,941361,10,A,3000,Japan,43557,Nik,McCurran,1,317
161,198.79858670690783,211.30008536598035,Maro Itoje (England),TACKLE BIG,Green,941361,4,H,550,England,20440,Maro,Itoje,1,317
162,200.29874207398856,211.30008536598035,Ollie Lawrence (England),TACKLE BIG,Green,941361,13,H,550,England,29561,Ollie,Lawrence,1,317
163,269.6644671201814,288.903821218,Takato Okabe (Japan),KICK RETREAT,Green,941361,1,A,3000,Japan,32321,Takato,Okabe,1,422
164,269.6644671201814,288.903821218,Seunghyok Lee (Japan),KICK RETREAT,Green,941361,2,A,3000,Japan,43664,Seunghyok,Lee,1,422
165,269.6644671201814,288.903821218,Shuhei Takeuchi (Japan),KICK RETREAT,Green,941361,3,A,3000,Japan,37874,Shuhei,Takeuchi,1,422
166,269.6644671201814,288.903821218,Sanaila Waqa (Japan),KICK RETREAT,Green,941361,4,A,3000,Japan,23564,Sanaila,Waqa,1,422
167,269.6644671201814,288.903821218,Epineri Uluiviti (Japan),KICK RETREAT,Green,941361,5,A,3000,Japan,26154,Epineri,Uluiviti,1,422
168,269.6644671201814,288.903821218,Kanji Shimokawa (Japan),KICK RETREAT,Green,941361,6,A,3000,Japan,30962,Kanji,Shimokawa,1,422
169,269.6644671201814,288.903821218,Kazuki Himeno (Japan),KICK RETREAT,Green,941361,7,A,3000,Japan,28962,Kazuki,Himeno,1,422
170,269.6644671201814,288.903821218,Jone Naikabula (Japan),KICK RETREAT,Green,941361,11,A,3000,Japan,28091,Jone,Naikabula,1,422
171,269.6644671201814,288.903821218,Siosaia Fifita (Japan),KICK RETREAT,Green,941361,12,A,3000,Japan,30973,Siosaia,Fifita,1,422
172,269.6644671201814,288.903821218,Dylan Riley (Japan),KICK RETREAT,Green,941361,13,A,3000,Japan,27652,Dylan,Riley,1,422
173,272.350396715,286.7000379660318,Sam Underhill (England),KICK CHASE,Green,941361,7,H,550,England,21608,Sam,Underhill,1,428
174,272.350396715,286.7000379660318,Ellis Genge (England),KICK CHASE,Green,941361,1,H,550,England,22778,Ellis,Genge,1,428
175,272.350396715,286.7000379660318,Jamie George (England),KICK CHASE,Green,941361,2,H,550,England,10187,Jamie,George,1,428
176,272.350396715,286.7000379660318,Will Stuart (England),KICK CHASE,Green,941361,3,H,550,England,24121,Will,Stuart,1,428
177,272.350396715,286.7000379660318,Maro Itoje (England),KICK CHASE,Green,941361,4,H,550,England,20440,Maro,Itoje,1,428
178,272.350396715,286.7000379660318,George Martin (England),KICK CHASE,Green,941361,5,H,550,England,35631,George,Martin,1,428
179,272.350396715,286.7000379660318,Tom Curry (England),KICK CHASE,Green,941361,6,H,550,England,25980,Tom,Curry,1,428
180,272.350396715,286.7000379660318,Ben Earl (England),KICK CHASE,Green,941361,8,H,550,England,23732,Ben,Earl,1,428
181,272.350396715,286.7000379660318,Jack van Poortvliet (England),KICK CHASE,Green,941361,9,H,550,England,35629,Jack,van Poortvliet,1,428
182,272.350396715,286.7000379660318,Ollie Sleightholme (England),KICK CHASE,Green,941361,11,H,550,England,28734,Ollie,Sleightholme,1,428
183,272.350396715,286.7000379660318,Henry Slade (England),KICK CHASE,Green,941361,12,H,550,England,19087,Henry,Slade,1,428
184,272.350396715,286.7000379660318,Ollie Lawrence (England),KICK CHASE,Green,941361,13,H,550,England,29561,Ollie,Lawrence,1,428
185,272.350396715,286.7000379660318,Tommy Freeman (England),KICK CHASE,Green,941361,14,H,550,England,35530,Tommy,Freeman,1,428
186,278.69852610537623,290.8000456406486,Jack van Poortvliet (England),TACKLE BIG,Green,941361,9,H,550,England,35629,Jack,van Poortvliet,1,435
187,279.2142630385488,294.49744192199825,Tommy Freeman (England),JACKLER BIG,Gold,941361,14,H,550,England,35530,Tommy,Freeman,1,435
188,279.68267511900024,295.641535986,Faulua Makisi (Japan),CARRY BIG,Green,941361,8,A,3000,Japan,23417,Faulua,Makisi,1,438
189,282.19774734901347,290.8000456406486,Tommy Freeman (England),TACKLE BIG,Green,941361,14,H,550,England,35530,Tommy,Freeman,1,439
190,282.2006507416667,289.484129908,Seunghyok Lee (Japan),RUCK ON FEET BIG,Green,941361,2,A,3000,Japan,43664,Seunghyok,Lee,1,439
191,282.7335827664399,287.7335827664399,Maro Itoje (England),Defence - Not in Line,Red,941361,4,H,550,England,20440,Maro,Itoje,1,440
192,282.7335827664399,287.7335827664399,Tommy Freeman (England),Defence - Not in Line,Red,941361,14,H,550,England,35530,Tommy,Freeman,1,440
193,283.134312831,293.32721392,Nik McCurran (Japan),RUCK BIG,Green,941361,10,A,3000,Japan,43557,Nik,McCurran,1,440
194,283.1984543385941,292.3000558392878,Sam Underhill (England),JACKLER BIG,Green,941361,7,H,550,England,21608,Sam,Underhill,1,440
195,283.4985632519372,297.9999639349673,Maro Itoje (England),TACKLE BIG,Green,941361,4,H,550,England,20440,Maro,Itoje,1,440
196,283.689387755102,290.518657849,Takuro Matsunaga (Japan),RUCK ON FEET BIG,Green,941361,15,A,3000,Japan,38312,Takuro,Matsunaga,1,441
197,283.771909962,293.32721392,Sanaila Waqa (Japan),RUCK BIG,Green,941361,4,A,3000,Japan,23564,Sanaila,Waqa,1,441
198,285.7802494331066,294.958902459,Seunghyok Lee (Japan),RUCK ON FEET BIG,Green,941361,2,A,3000,Japan,43664,Seunghyok,Lee,1,443
199,287.2824467786671,309.9980544676664,Shuhei Takeuchi (Japan),TURNOVER DEFENCE,Gold,941361,3,A,3000,Japan,37874,Shuhei,Takeuchi,1,443
200,289.266985892,297.508617186,Siosaia Fifita (Japan),RUCK BIG,Green,941361,12,A,3000,Japan,30973,Siosaia,Fifita,1,447
201,289.4550113378685,301.69753309433054,Jamie George (England),TURNOVER ATTACK,Gold,941361,2,H,550,England,10187,Jamie,George,1,447
202,292.29818946269677,307.90009066530746,Jamie George (England),CARRY BIG,Green,941361,2,H,550,England,10187,Jamie,George,1,449
203,293.286131725,301.25880405,Kanji Shimokawa (Japan),JACKLER ON FEET BIG,Green,941361,6,A,3000,Japan,30962,Kanji,Shimokawa,1,451
204,293.321539888,300.480293615,Nik McCurran (Japan),CARRY BIG,Green,941361,10,A,3000,Japan,43557,Nik,McCurran,1,451
205,294.1977507523047,307.5000219047628,Sam Underhill (England),RUCK BIG,Green,941361,7,H,550,England,21608,Sam,Underhill,1,451
206,294.89857545994363,307.5000219047628,Ollie Lawrence (England),RUCK BIG,Green,941361,13,H,550,England,29561,Ollie,Lawrence,1,452
207,297.59918537796915,316.90002099631204,Ben Earl (England),CARRY BIG,Green,941361,8,H,550,England,23732,Ben,Earl,1,454
208,299.88361834,313.607763428,Epineri Uluiviti (Japan),TACKLE BIG,Green,941361,5,A,3000,Japan,26154,Epineri,Uluiviti,1,457
209,301.29833725362505,316.700115866924,Ellis Genge (England),RUCK BIG,Green,941361,1,H,550,England,22778,Ellis,Genge,1,458
210,302.4997595443136,316.700115866924,Tom Curry (England),RUCK BIG,Green,941361,6,H,550,England,25980,Tom,Curry,1,455
211,303.39868650267795,316.700115866924,George Martin (England),RUCK BIG,Green,941361,5,H,550,England,35631,George,Martin,1,500
212,305.99838762438617,324.99994190567196,Henry Slade (England),CARRY BIG,Green,941361,12,H,550,England,19087,Henry,Slade,1,502
213,307.5863413456661,323.746261596,Dylan Riley (Japan),TACKLE BIG,Green,941361,13,A,3000,Japan,27652,Dylan,Riley,1,505
214,308.341861654,325.7971331496658,Tomoki Osada (Japan),JACKLER BIG,Green,941361,14,A,3000,Japan,31059,Tomoki,Osada,1,505
215,308.69838111224857,325.19997328441906,Ollie Sleightholme (England),RUCK BIG,Green,941361,11,H,550,England,28734,Ollie,Sleightholme,1,505
216,308.879207938,321.566018393,Seunghyok Lee (Japan),JACKLER ON FEET BIG,Green,941361,2,A,3000,Japan,43664,Seunghyok,Lee,1,505
217,309.99875752828893,325.19997328441906,George Furbank (England),RUCK BIG,Green,941361,15,H,550,England,25952,George,Furbank,1,508
218,313.69863353334654,325.19997328441906,Marcus Smith (England),RUCK BIG,Green,941361,10,H,550,England,26046,Marcus,Smith,1,511
219,314.26569160997735,324.590548318,Sanaila Waqa (Japan),JACKLER BIG,Red,941361,4,A,3000,Japan,23564,Sanaila,Waqa,1,512
220,315.1973510003327,323.715125959,Faulua Makisi (Japan),TACKLE BIG,Green,941361,8,A,3000,Japan,23417,Faulua,Makisi,1,512
221,315.19859095958293,324.9999928779126,Tom Curry (England),CARRY BIG,Green,941361,6,H,550,England,25980,Tom,Curry,1,512
222,315.693152873,331.810487871,Shuhei Takeuchi (Japan),TACKLE BIG,Green,941361,3,A,3000,Japan,37874,Shuhei,Takeuchi,1,513
223,315.7985670585635,342.50001674376904,George Martin (England),CARRY BIG,Green,941361,5,H,550,England,35631,George,Martin,1,513
224,317.6983162375748,336.39992683331343,Jamie George (England),RUCK ON FEET BIG,Green,941361,2,H,550,England,10187,Jamie,George,1,515
225,317.733177104,337.747249586,Epineri Uluiviti (Japan),TACKLE BIG,Green,941361,5,A,3000,Japan,26154,Epineri,Uluiviti,1,515
226,318.39854023868526,336.39992683331343,Maro Itoje (England),RUCK ON FEET BIG,Green,941361,4,H,550,England,20440,Maro,Itoje,1,515
227,319.3813401076664,347.589067984,Sanaila Waqa (Japan),KICK RETREAT,Red,941361,4,A,3000,Japan,23564,Sanaila,Waqa,1,517
228,320.3985991546132,336.39992683331343,Tom Curry (England),RUCK ON FEET BIG,Green,941361,6,H,550,England,25980,Tom,Curry,1,517
229,321.5458276643991,344.459596979,Takato Okabe (Japan),KICK RETREAT,Green,941361,1,A,3000,Japan,32321,Takato,Okabe,1,517
230,321.5458276643991,344.459596979,Seunghyok Lee (Japan),KICK RETREAT,Green,941361,2,A,3000,Japan,43664,Seunghyok,Lee,1,517
231,321.5458276643991,344.459596979,Shuhei Takeuchi (Japan),KICK RETREAT,Green,941361,3,A,3000,Japan,37874,Shuhei,Takeuchi,1,517
232,321.5458276643991,344.459596979,Epineri Uluiviti (Japan),KICK RETREAT,Green,941361,5,A,3000,Japan,26154,Epineri,Uluiviti,1,517
233,321.5458276643991,344.459596979,Kanji Shimokawa (Japan),KICK RETREAT,Green,941361,6,A,3000,Japan,30962,Kanji,Shimokawa,1,517
234,321.5458276643991,344.459596979,Kazuki Himeno (Japan),KICK RETREAT,Green,941361,7,A,3000,Japan,28962,Kazuki,Himeno,1,517
235,321.5458276643991,344.459596979,Faulua Makisi (Japan),KICK RETREAT,Green,941361,8,A,3000,Japan,23417,Faulua,Makisi,1,517
236,321.5458276643991,344.459596979,Naoto Saito (Japan),KICK RETREAT,Green,941361,9,A,3000,Japan,25158,Naoto,Saito,1,517
237,321.5458276643991,344.459596979,Nik McCurran (Japan),KICK RETREAT,Green,941361,10,A,3000,Japan,43557,Nik,McCurran,1,517
238,321.5458276643991,344.459596979,Jone Naikabula (Japan),KICK RETREAT,Green,941361,11,A,3000,Japan,28091,Jone,Naikabula,1,517
239,321.5458276643991,344.459596979,Siosaia Fifita (Japan),KICK RETREAT,Green,941361,12,A,3000,Japan,30973,Siosaia,Fifita,1,517
240,321.5458276643991,344.459596979,Dylan Riley (Japan),KICK RETREAT,Green,941361,13,A,3000,Japan,27652,Dylan,Riley,1,517
241,321.5458276643991,344.459596979,Tomoki Osada (Japan),KICK RETREAT,Green,941361,14,A,3000,Japan,31059,Tomoki,Osada,1,517
242,321.5458276643991,344.459596979,Takuro Matsunaga (Japan),KICK RETREAT,Green,941361,15,A,3000,Japan,38312,Takuro,Matsunaga,1,517
243,322.19857273865904,336.39992683331343,Will Stuart (England),RUCK ON FEET BIG,Green,941361,3,H,550,England,24121,Will,Stuart,1,517
244,327.631806989,339.4000458159459,Sam Underhill (England),KICK CHASE,Green,941361,7,H,550,England,21608,Sam,Underhill,1,524
245,327.631806989,339.4000458159459,Ellis Genge (England),KICK CHASE,Green,941361,1,H,550,England,22778,Ellis,Genge,1,524
246,327.631806989,339.4000458159459,Jamie George (England),KICK CHASE,Green,941361,2,H,550,England,10187,Jamie,George,1,524
247,327.631806989,339.4000458159459,Will Stuart (England),KICK CHASE,Green,941361,3,H,550,England,24121,Will,Stuart,1,524
248,327.631806989,339.4000458159459,Maro Itoje (England),KICK CHASE,Green,941361,4,H,550,England,20440,Maro,Itoje,1,524
249,327.631806989,339.4000458159459,George Martin (England),KICK CHASE,Green,941361,5,H,550,England,35631,George,Martin,1,524
250,327.631806989,339.4000458159459,Tom Curry (England),KICK CHASE,Green,941361,6,H,550,England,25980,Tom,Curry,1,524
251,327.631806989,339.4000458159459,Ben Earl (England),KICK CHASE,Green,941361,8,H,550,England,23732,Ben,Earl,1,524
252,327.631806989,339.4000458159459,Jack van Poortvliet (England),KICK CHASE,Green,941361,9,H,550,England,35629,Jack,van Poortvliet,1,524
253,327.631806989,339.4000458159459,Marcus Smith (England),KICK CHASE,Green,941361,10,H,550,England,26046,Marcus,Smith,1,524
254,327.631806989,339.4000458159459,Henry Slade (England),KICK CHASE,Green,941361,12,H,550,England,19087,Henry,Slade,1,524
255,327.631806989,339.4000458159459,Ollie Lawrence (England),KICK CHASE,Green,941361,13,H,550,England,29561,Ollie,Lawrence,1,524
256,327.631806989,339.4000458159459,Tommy Freeman (England),KICK CHASE,Green,941361,14,H,550,England,35530,Tommy,Freeman,1,524
257,327.631806989,339.4000458159459,George Furbank (England),KICK CHASE,Green,941361,15,H,550,England,25952,George,Furbank,1,524
258,327.79834287292056,342.1999825403529,Ollie Sleightholme (England),KICK CHASE,Gold,941361,11,H,550,England,28734,Ollie,Sleightholme,1,524
259,333.67830894966636,344.975368256,Takuro Matsunaga (Japan),CARRY BIG,Green,941361,15,A,3000,Japan,38312,Takuro,Matsunaga,1,532
260,336.870519369,344.80070206033616,Jamie George (England),TURNOVER ATTACK,Gold,941361,2,H,550,England,10187,Jamie,George,1,534
261,337.0066213151927,350.5998700559997,Seunghyok Lee (Japan),TACKLE BIG,Green,941361,2,A,3000,Japan,43664,Seunghyok,Lee,1,534
262,338.198102402578,353.4000503679689,Jamie George (England),CARRY BIG,Green,941361,2,H,550,England,10187,Jamie,George,1,535
263,338.330098938,344.901917631,Naoto Saito (Japan),TACKLE ON FEET BIG,Green,941361,9,A,3000,Japan,25158,Naoto,Saito,1,535
264,338.86396825396827,350.19964530234085,Epineri Uluiviti (Japan),TURNOVER ATTACK,Gold,941361,5,A,3000,Japan,26154,Epineri,Uluiviti,1,536
265,338.9983398786955,348.69998312994284,Maro Itoje (England),RUCK ON FEET BIG,Green,941361,4,H,550,England,20440,Maro,Itoje,1,536
266,339.4112698412698,344.4112698412698,Maro Itoje (England),Defence - Not in Line,Red,941361,4,H,550,England,20440,Maro,Itoje,1,536
267,339.8990688793042,348.69998312994284,Will Stuart (England),RUCK ON FEET BIG,Green,941361,3,H,550,England,24121,Will,Stuart,1,537
268,340.89856579623813,348.69998312994284,Ben Earl (England),RUCK ON FEET BIG,Green,941361,8,H,550,England,23732,Ben,Earl,1,538
269,342.15408163265306,353.396535718995,Takato Okabe (Japan),TURNOVER DEFENCE,Gold,941361,1,A,3000,Japan,32321,Takato,Okabe,1,538
270,342.1987328936603,354.9003300330142,Ellis Genge (England),TACKLE BIG,Green,941361,1,H,550,England,22778,Ellis,Genge,1,538
271,342.26235827664397,355.486135956,Marcus Smith (England),TACKLE BIG,Green,941361,10,H,550,England,26046,Marcus,Smith,1,538
272,343.5981114767084,354.9003300330142,Ben Earl (England),TACKLE BIG,Green,941361,8,H,550,England,23732,Ben,Earl,1,539
273,343.7845124716553,360.445764212,Seunghyok Lee (Japan),KICK CHASE,Yellow,941361,2,A,3000,Japan,43664,Seunghyok,Lee,1,539
274,343.7845124716553,360.445764212,Sanaila Waqa (Japan),KICK CHASE,Yellow,941361,4,A,3000,Japan,23564,Sanaila,Waqa,1,539
275,343.7845124716553,360.445764212,Faulua Makisi (Japan),KICK CHASE,Yellow,941361,8,A,3000,Japan,23417,Faulua,Makisi,1,539
276,343.8674603174603,359.8971861119818,Takato Okabe (Japan),KICK CHASE,Yellow,941361,1,A,3000,Japan,32321,Takato,Okabe,1,539
277,345.69868680299646,357.212655861,Epineri Uluiviti (Japan),CARRY BIG,Red,941361,5,A,3000,Japan,26154,Epineri,Uluiviti,1,543
278,346.309398463,356.771568103,Kanji Shimokawa (Japan),RUCK BIG,Green,941361,6,A,3000,Japan,30962,Kanji,Shimokawa,1,544
279,347.4940589569161,352.4940589569161,Maro Itoje (England),Defence - Not in Line,Red,941361,4,H,550,England,20440,Maro,Itoje,1,544
280,347.81120181405896,352.81120181405896,Jamie George (England),Defence - Not in Line,Red,941361,2,H,550,England,10187,Jamie,George,1,544
281,347.947141213,359.563968679,Shuhei Takeuchi (Japan),KICK CHASE,Green,941361,3,A,3000,Japan,37874,Shuhei,Takeuchi,1,544
282,347.947141213,359.563968679,Epineri Uluiviti (Japan),KICK CHASE,Green,941361,5,A,3000,Japan,26154,Epineri,Uluiviti,1,544
283,347.947141213,359.563968679,Kanji Shimokawa (Japan),KICK CHASE,Green,941361,6,A,3000,Japan,30962,Kanji,Shimokawa,1,544
284,347.947141213,359.563968679,Kazuki Himeno (Japan),KICK CHASE,Green,941361,7,A,3000,Japan,28962,Kazuki,Himeno,1,544
285,347.947141213,359.563968679,Naoto Saito (Japan),KICK CHASE,Green,941361,9,A,3000,Japan,25158,Naoto,Saito,1,544
286,347.947141213,359.563968679,Nik McCurran (Japan),KICK CHASE,Green,941361,10,A,3000,Japan,43557,Nik,McCurran,1,544
287,347.947141213,359.563968679,Jone Naikabula (Japan),KICK CHASE,Green,941361,11,A,3000,Japan,28091,Jone,Naikabula,1,544
288,347.947141213,359.563968679,Siosaia Fifita (Japan),KICK CHASE,Green,941361,12,A,3000,Japan,30973,Siosaia,Fifita,1,544
289,347.947141213,359.563968679,Dylan Riley (Japan),KICK CHASE,Green,941361,13,A,3000,Japan,27652,Dylan,Riley,1,544
290,347.947141213,359.563968679,Tomoki Osada (Japan),KICK CHASE,Green,941361,14,A,3000,Japan,31059,Tomoki,Osada,1,544
291,347.947141213,359.563968679,Takuro Matsunaga (Japan),KICK CHASE,Green,941361,15,A,3000,Japan,38312,Takuro,Matsunaga,1,544
292,348.2987836235962,359.49999812331686,Tommy Freeman (England),KICK RETREAT,Gold,941361,14,H,550,England,35530,Tommy,Freeman,1,544
293,349.005528203,358.6999748873497,Sam Underhill (England),KICK RETREAT,Green,941361,7,H,550,England,21608,Sam,Underhill,1,545
294,349.005528203,358.6999748873497,Ellis Genge (England),KICK RETREAT,Green,941361,1,H,550,England,22778,Ellis,Genge,1,545
295,349.005528203,358.6999748873497,Jamie George (England),KICK RETREAT,Green,941361,2,H,550,England,10187,Jamie,George,1,545
296,349.005528203,358.6999748873497,Will Stuart (England),KICK RETREAT,Green,941361,3,H,550,England,24121,Will,Stuart,1,545
297,349.005528203,358.6999748873497,Maro Itoje (England),KICK RETREAT,Green,941361,4,H,550,England,20440,Maro,Itoje,1,545
298,349.005528203,358.6999748873497,George Martin (England),KICK RETREAT,Green,941361,5,H,550,England,35631,George,Martin,1,545
299,349.005528203,358.6999748873497,Tom Curry (England),KICK RETREAT,Green,941361,6,H,550,England,25980,Tom,Curry,1,545
300,349.005528203,358.6999748873497,Ben Earl (England),KICK RETREAT,Green,941361,8,H,550,England,23732,Ben,Earl,1,545
301,349.005528203,358.6999748873497,Jack van Poortvliet (England),KICK RETREAT,Green,941361,9,H,550,England,35629,Jack,van Poortvliet,1,545
302,349.005528203,358.6999748873497,Marcus Smith (England),KICK RETREAT,Green,941361,10,H,550,England,26046,Marcus,Smith,1,545
303,349.005528203,358.6999748873497,Ollie Sleightholme (England),KICK RETREAT,Green,941361,11,H,550,England,28734,Ollie,Sleightholme,1,545
304,349.005528203,358.6999748873497,Henry Slade (England),KICK RETREAT,Green,941361,12,H,550,England,19087,Henry,Slade,1,545
305,349.005528203,358.6999748873497,Ollie Lawrence (England),KICK RETREAT,Green,941361,13,H,550,England,29561,Ollie,Lawrence,1,545
306,349.005528203,358.6999748873497,George Furbank (England),KICK RETREAT,Green,941361,15,H,550,England,25952,George,Furbank,1,545
307,349.89577817796635,357.8920408163265,Takato Okabe (Japan),CARRY BIG,Yellow,941361,1,A,3000,Japan,32321,Takato,Okabe,1,545
308,423.8625396825397,454.693413281,Ellis Genge (England),LINEOUT ATTACK,Green,941361,1,H,550,England,22778,Ellis,Genge,1,617
309,424.47263038548755,449.70002727367273,Takato Okabe (Japan),LINEOUT DEFENCE,Green,941361,1,A,3000,Japan,32321,Takato,Okabe,1,617
310,424.47263038548755,449.70002727367273,Shuhei Takeuchi (Japan),LINEOUT DEFENCE,Green,941361,3,A,3000,Japan,37874,Shuhei,Takeuchi,1,617
311,424.707605437,454.693413281,Will Stuart (England),LINEOUT ATTACK,Green,941361,3,H,550,England,24121,Will,Stuart,1,617
312,424.707605437,454.693413281,Maro Itoje (England),LINEOUT ATTACK,Green,941361,4,H,550,England,20440,Maro,Itoje,1,617
313,424.707605437,454.693413281,Tom Curry (England),LINEOUT ATTACK,Green,941361,6,H,550,England,25980,Tom,Curry,1,617
314,424.935805795,449.70002727367273,Sanaila Waqa (Japan),LINEOUT DEFENCE,Green,941361,4,A,3000,Japan,23564,Sanaila,Waqa,1,617
315,425.09512633798334,454.693413281,George Martin (England),LINEOUT ATTACK,Green,941361,5,H,550,England,35631,George,Martin,1,617
316,426.29874817496955,449.70002727367273,Epineri Uluiviti (Japan),LINEOUT DEFENCE,Green,941361,5,A,3000,Japan,26154,Epineri,Uluiviti,1,617
317,426.597873216,449.70002727367273,Kanji Shimokawa (Japan),LINEOUT DEFENCE,Green,941361,6,A,3000,Japan,30962,Kanji,Shimokawa,1,617
318,429.98689331498383,454.693413281,Jamie George (England),LINEOUT ATTACK,Green,941361,2,H,550,England,10187,Jamie,George,1,617
319,437.619136872,450.585170374,Seunghyok Lee (Japan),TACKLE ON FEET BIG,Green,941361,2,A,3000,Japan,43664,Seunghyok,Lee,1,629
320,437.9984578649005,452.9000376376586,Jamie George (England),CARRY BIG,Green,941361,2,H,550,England,10187,Jamie,George,1,629
321,439.5983304436989,452.5001654027203,Maro Itoje (England),RUCK ON FEET BIG,Green,941361,4,H,550,England,20440,Maro,Itoje,1,630
322,440.3979581526215,452.5001654027203,Tom Curry (England),RUCK ON FEET BIG,Green,941361,6,H,550,England,25980,Tom,Curry,1,628
323,442.303399845,449.250136005,Shuhei Takeuchi (Japan),JACKLER ON FEET BIG,Green,941361,3,A,3000,Japan,37874,Shuhei,Takeuchi,1,633
324,443.1475283446712,458.590506113,Kazuki Himeno (Japan),JACKLER ON FEET BIG,Green,941361,7,A,3000,Japan,28962,Kazuki,Himeno,1,633
325,443.29817561790423,465.9000400690324,Ellis Genge (England),CARRY BIG,Green,941361,1,H,550,England,22778,Ellis,Genge,1,635
326,444.154711817,460.347530822,Sanaila Waqa (Japan),TACKLE BIG,Green,941361,4,A,3000,Japan,23564,Sanaila,Waqa,1,635
327,446.7983702305558,462.60000415333127,Ben Earl (England),RUCK ON FEET BIG,Green,941361,8,H,550,England,23732,Ben,Earl,1,639
328,447.8977272719077,462.60000415333127,George Martin (England),RUCK ON FEET BIG,Green,941361,5,H,550,England,35631,George,Martin,1,639
329,451.58708478199907,474.59789540499986,Sanaila Waqa (Japan),KICK RETREAT,Red,941361,4,A,3000,Japan,23564,Sanaila,Waqa,1,634
330,452.99810690890143,462.60000415333127,Will Stuart (England),RUCK ON FEET BIG,Green,941361,3,H,550,England,24121,Will,Stuart,1,634
331,453.4983867009827,462.60000415333127,Maro Itoje (England),RUCK ON FEET BIG,Green,941361,4,H,550,England,20440,Maro,Itoje,1,634
332,453.590506113,469.905794936,Takato Okabe (Japan),KICK RETREAT,Green,941361,1,A,3000,Japan,32321,Takato,Okabe,1,634
333,453.590506113,469.905794936,Seunghyok Lee (Japan),KICK RETREAT,Green,941361,2,A,3000,Japan,43664,Seunghyok,Lee,1,634
334,453.590506113,469.905794936,Shuhei Takeuchi (Japan),KICK RETREAT,Green,941361,3,A,3000,Japan,37874,Shuhei,Takeuchi,1,634
335,453.590506113,469.905794936,Epineri Uluiviti (Japan),KICK RETREAT,Green,941361,5,A,3000,Japan,26154,Epineri,Uluiviti,1,634
336,453.590506113,469.905794936,Kanji Shimokawa (Japan),KICK RETREAT,Green,941361,6,A,3000,Japan,30962,Kanji,Shimokawa,1,634
337,453.590506113,469.905794936,Kazuki Himeno (Japan),KICK RETREAT,Green,941361,7,A,3000,Japan,28962,Kazuki,Himeno,1,634
338,453.590506113,469.905794936,Faulua Makisi (Japan),KICK RETREAT,Green,941361,8,A,3000,Japan,23417,Faulua,Makisi,1,634
339,453.590506113,469.905794936,Naoto Saito (Japan),KICK RETREAT,Green,941361,9,A,3000,Japan,25158,Naoto,Saito,1,634
340,453.590506113,469.905794936,Nik McCurran (Japan),KICK RETREAT,Green,941361,10,A,3000,Japan,43557,Nik,McCurran,1,634
341,453.590506113,469.905794936,Siosaia Fifita (Japan),KICK RETREAT,Green,941361,12,A,3000,Japan,30973,Siosaia,Fifita,1,634
342,453.590506113,469.905794936,Dylan Riley (Japan),KICK RETREAT,Green,941361,13,A,3000,Japan,27652,Dylan,Riley,1,634
343,453.590506113,469.905794936,Tomoki Osada (Japan),KICK RETREAT,Green,941361,14,A,3000,Japan,31059,Tomoki,Osada,1,634
344,453.869428205,468.30005894701617,Sam Underhill (England),KICK CHASE,Green,941361,7,H,550,England,21608,Sam,Underhill,1,634
345,453.869428205,468.30005894701617,Jamie George (England),KICK CHASE,Green,941361,2,H,550,England,10187,Jamie,George,1,634
346,453.869428205,468.30005894701617,Will Stuart (England),KICK CHASE,Green,941361,3,H,550,England,24121,Will,Stuart,1,634
347,453.869428205,468.30005894701617,Maro Itoje (England),KICK CHASE,Green,941361,4,H,550,England,20440,Maro,Itoje,1,634
348,453.869428205,468.30005894701617,George Martin (England),KICK CHASE,Green,941361,5,H,550,England,35631,George,Martin,1,634
349,453.869428205,468.30005894701617,Tom Curry (England),KICK CHASE,Green,941361,6,H,550,England,25980,Tom,Curry,1,634
350,453.869428205,468.30005894701617,Ben Earl (England),KICK CHASE,Green,941361,8,H,550,England,23732,Ben,Earl,1,634
351,453.869428205,468.30005894701617,Jack van Poortvliet (England),KICK CHASE,Green,941361,9,H,550,England,35629,Jack,van Poortvliet,1,634
352,453.869428205,468.30005894701617,Ollie Sleightholme (England),KICK CHASE,Green,941361,11,H,550,England,28734,Ollie,Sleightholme,1,634
353,453.869428205,468.30005894701617,Henry Slade (England),KICK CHASE,Green,941361,12,H,550,England,19087,Henry,Slade,1,634
354,453.869428205,468.30005894701617,Ollie Lawrence (England),KICK CHASE,Green,941361,13,H,550,England,29561,Ollie,Lawrence,1,634
355,453.89867860359914,464.9000175083439,Tommy Freeman (England),KICK CHASE,Gold,941361,14,H,550,England,35530,Tommy,Freeman,1,634
356,454.0306349206349,468.095505554,Ellis Genge (England),KICK CHASE,Red,941361,1,H,550,England,22778,Ellis,Genge,1,647
357,459.4983331989115,474.79998539060847,Tommy Freeman (England),TACKLE BIG,Green,941361,14,H,550,England,35530,Tommy,Freeman,1,650
358,463.6234013605442,472.49835134833296,Epineri Uluiviti (Japan),RUCK BIG,Green,941361,5,A,3000,Japan,26154,Epineri,Uluiviti,1,655
359,463.6234013605442,473.69635205599934,Faulua Makisi (Japan),RUCK BIG,Green,941361,8,A,3000,Japan,23417,Faulua,Makisi,1,655
360,465.443489585,489.4823382,Shuhei Takeuchi (Japan),RUCK BIG,Green,941361,3,A,3000,Japan,37874,Shuhei,Takeuchi,1,657
361,466.2084807256236,475.5971633126662,Jone Naikabula (Japan),CARRY BIG,Green,941361,11,A,3000,Japan,28091,Jone,Naikabula,1,657
362,466.2983672736601,487.70004532200454,Maro Itoje (England),JACKLER ON FEET BIG,Green,941361,4,H,550,England,20440,Maro,Itoje,1,657
363,469.293017365,477.51267126,Kanji Shimokawa (Japan),RUCK ON FEET BIG,Green,941361,6,A,3000,Japan,30962,Kanji,Shimokawa,1,701
364,469.79746025130135,480.9000236689571,Jamie George (England),JACKLER ON FEET BIG,Green,941361,2,H,550,England,10187,Jamie,George,1,701
365,475.153674201,494.7979010513325,Epineri Uluiviti (Japan),RUCK ON FEET BIG,Green,941361,5,A,3000,Japan,26154,Epineri,Uluiviti,1,706
366,475.42795918367347,491.115301197,Takato Okabe (Japan),CARRY BIG,Green,941361,1,A,3000,Japan,32321,Takato,Okabe,1,706
367,475.9096145124717,499.066137849,Sanaila Waqa (Japan),RUCK ON FEET BIG,Yellow,941361,4,A,3000,Japan,23564,Sanaila,Waqa,1,706
368,476.16739229024944,494.953636586,Kazuki Himeno (Japan),CARRY BIG,Green,941361,7,A,3000,Japan,28962,Kazuki,Himeno,1,708
369,476.210232578,482.521197496,Kanji Shimokawa (Japan),RUCK ON FEET BIG,Green,941361,6,A,3000,Japan,30962,Kanji,Shimokawa,1,708
370,477.299262966562,491.8000459576698,Tom Curry (England),TACKLE BIG,Green,941361,6,H,550,England,25980,Tom,Curry,1,708
371,477.521197496,483.809654749,Seunghyok Lee (Japan),RUCK ON FEET BIG,Green,941361,2,A,3000,Japan,43664,Seunghyok,Lee,1,709
372,478.4783410759998,490.704619972,Seunghyok Lee (Japan),RUCK ON FEET BIG,Green,941361,2,A,3000,Japan,43664,Seunghyok,Lee,1,707
373,479.18105945199966,492.168851794,Kanji Shimokawa (Japan),RUCK BIG,Green,941361,6,A,3000,Japan,30962,Kanji,Shimokawa,1,707
374,483.6983443846802,499.9999984600354,Jamie George (England),TACKLE BIG,Green,941361,2,H,550,England,10187,Jamie,George,1,714
375,485.535521823,496.277752496,Siosaia Fifita (Japan),RUCK ON FEET BIG,Green,941361,12,A,3000,Japan,30973,Siosaia,Fifita,1,717
376,485.614837312,497.481115231,Nik McCurran (Japan),CARRY BIG,Green,941361,10,A,3000,Japan,43557,Nik,McCurran,1,717
377,486.602022105,497.15548549,Dylan Riley (Japan),RUCK ON FEET BIG,Green,941361,13,A,3000,Japan,27652,Dylan,Riley,1,715
378,487.847052154195,492.847052154195,Ellis Genge (England),Defence - Not in Line,Red,941361,1,H,550,England,22778,Ellis,Genge,1,719
379,490.1838941769992,503.265399102,Shuhei Takeuchi (Japan),CARRY BIG,Green,941361,3,A,3000,Japan,37874,Shuhei,Takeuchi,1,721
380,490.27894702199967,503.69835645666615,Kanji Shimokawa (Japan),RUCK BIG,Green,941361,6,A,3000,Japan,30962,Kanji,Shimokawa,1,721
381,490.4985977432629,503.8000335346542,Ben Earl (England),TACKLE BIG,Green,941361,8,H,550,England,23732,Ben,Earl,1,721
382,491.08861896,501.502771335,Seunghyok Lee (Japan),RUCK ON FEET BIG,Green,941361,2,A,3000,Japan,43664,Seunghyok,Lee,1,722
383,491.19817528529035,503.8000335346542,George Martin (England),TACKLE BIG,Green,941361,5,H,550,England,35631,George,Martin,1,722
384,497.0516326530612,515.578520853,Epineri Uluiviti (Japan),RUCK BIG,Green,941361,5,A,3000,Japan,26154,Epineri,Uluiviti,1,730
385,497.4983915570038,514.4001229910024,Will Stuart (England),TACKLE BIG,Green,941361,3,H,550,England,24121,Will,Stuart,1,730
386,497.6984078251958,514.4001229910024,Sam Underhill (England),TACKLE BIG,Green,941361,7,H,550,England,21608,Sam,Underhill,1,730
387,498.49575084733226,515.578520853,Seunghyok Lee (Japan),RUCK BIG,Green,941361,2,A,3000,Japan,43664,Seunghyok,Lee,1,730
388,505.220612714,515.0999551173661,Sam Underhill (England),KICK RETREAT,Green,941361,7,H,550,England,21608,Sam,Underhill,1,726
389,505.220612714,515.0999551173661,Ellis Genge (England),KICK RETREAT,Green,941361,1,H,550,England,22778,Ellis,Genge,1,726
390,505.220612714,515.0999551173661,Jamie George (England),KICK RETREAT,Green,941361,2,H,550,England,10187,Jamie,George,1,726
391,505.220612714,515.0999551173661,Will Stuart (England),KICK RETREAT,Green,941361,3,H,550,England,24121,Will,Stuart,1,726
392,505.220612714,515.0999551173661,Maro Itoje (England),KICK RETREAT,Green,941361,4,H,550,England,20440,Maro,Itoje,1,726
393,505.220612714,515.0999551173661,George Martin (England),KICK RETREAT,Green,941361,5,H,550,England,35631,George,Martin,1,726
394,505.220612714,515.0999551173661,Tom Curry (England),KICK RETREAT,Green,941361,6,H,550,England,25980,Tom,Curry,1,726
395,505.220612714,515.0999551173661,Ben Earl (England),KICK RETREAT,Green,941361,8,H,550,England,23732,Ben,Earl,1,726
396,505.220612714,515.0999551173661,Jack van Poortvliet (England),KICK RETREAT,Green,941361,9,H,550,England,35629,Jack,van Poortvliet,1,726
397,505.220612714,515.0999551173661,Ollie Sleightholme (England),KICK RETREAT,Green,941361,11,H,550,England,28734,Ollie,Sleightholme,1,726
398,505.220612714,515.0999551173661,Henry Slade (England),KICK RETREAT,Green,941361,12,H,550,England,19087,Henry,Slade,1,726
399,505.220612714,515.0999551173661,Ollie Lawrence (England),KICK RETREAT,Green,941361,13,H,550,England,29561,Ollie,Lawrence,1,726
400,505.220612714,515.0999551173661,Tommy Freeman (England),KICK RETREAT,Green,941361,14,H,550,England,35530,Tommy,Freeman,1,726
401,505.6408843537415,512.981791906,Kanji Shimokawa (Japan),RUCK ON FEET BIG,Green,941361,6,A,3000,Japan,30962,Kanji,Shimokawa,1,726
402,506.065933449,523.149886942,Takato Okabe (Japan),KICK CHASE,Green,941361,1,A,3000,Japan,32321,Takato,Okabe,1,726
403,506.065933449,523.149886942,Seunghyok Lee (Japan),KICK CHASE,Green,941361,2,A,3000,Japan,43664,Seunghyok,Lee,1,726
404,506.065933449,523.149886942,Shuhei Takeuchi (Japan),KICK CHASE,Green,941361,3,A,3000,Japan,37874,Shuhei,Takeuchi,1,726
405,506.065933449,523.149886942,Sanaila Waqa (Japan),KICK CHASE,Green,941361,4,A,3000,Japan,23564,Sanaila,Waqa,1,726
406,506.065933449,523.149886942,Epineri Uluiviti (Japan),KICK CHASE,Green,941361,5,A,3000,Japan,26154,Epineri,Uluiviti,1,726
407,506.065933449,523.149886942,Kanji Shimokawa (Japan),KICK CHASE,Green,941361,6,A,3000,Japan,30962,Kanji,Shimokawa,1,726
408,506.065933449,523.149886942,Kazuki Himeno (Japan),KICK CHASE,Green,941361,7,A,3000,Japan,28962,Kazuki,Himeno,1,726
409,506.065933449,523.149886942,Faulua Makisi (Japan),KICK CHASE,Green,941361,8,A,3000,Japan,23417,Faulua,Makisi,1,726
410,506.065933449,523.149886942,Naoto Saito (Japan),KICK CHASE,Green,941361,9,A,3000,Japan,25158,Naoto,Saito,1,726
411,506.065933449,523.149886942,Jone Naikabula (Japan),KICK CHASE,Green,941361,11,A,3000,Japan,28091,Jone,Naikabula,1,726
412,506.065933449,523.149886942,Siosaia Fifita (Japan),KICK CHASE,Green,941361,12,A,3000,Japan,30973,Siosaia,Fifita,1,726
413,506.065933449,523.149886942,Dylan Riley (Japan),KICK CHASE,Green,941361,13,A,3000,Japan,27652,Dylan,Riley,1,726
414,506.065933449,523.149886942,Tomoki Osada (Japan),KICK CHASE,Green,941361,14,A,3000,Japan,31059,Tomoki,Osada,1,726
415,506.4402947845805,514.697968471656,Sam Underhill (England),CHARGE DOWN,Green,941361,7,H,550,England,21608,Sam,Underhill,1,726
416,508.7847040689997,521.830366861,Shuhei Takeuchi (Japan),TACKLE BIG,Green,941361,3,A,3000,Japan,37874,Shuhei,Takeuchi,1,740
417,509.1784126984126,518.4977652223322,Kazuki Himeno (Japan),CARRY BIG,Green,941361,7,A,3000,Japan,28962,Kazuki,Himeno,1,740
418,512.515850340136,524.992543412,Naoto Saito (Japan),JACKLER BIG,Green,941361,9,A,3000,Japan,25158,Naoto,Saito,1,743
419,512.7983273769136,527.2000183072557,Maro Itoje (England),RUCK BIG,Yellow,941361,4,H,550,England,20440,Maro,Itoje,1,743
420,513.1980388179248,528.8002158600366,Marcus Smith (England),CARRY BIG,Green,941361,10,H,550,England,26046,Marcus,Smith,1,742
421,513.6976763349261,527.2000183072557,George Martin (England),RUCK BIG,Yellow,941361,5,H,550,England,35631,George,Martin,1,742
422,514.970098879,539.363179406,Takato Okabe (Japan),KICK RETREAT,Green,941361,1,A,3000,Japan,32321,Takato,Okabe,1,746
423,514.970098879,539.363179406,Seunghyok Lee (Japan),KICK RETREAT,Green,941361,2,A,3000,Japan,43664,Seunghyok,Lee,1,746
424,514.970098879,539.363179406,Shuhei Takeuchi (Japan),KICK RETREAT,Green,941361,3,A,3000,Japan,37874,Shuhei,Takeuchi,1,746
425,514.970098879,539.363179406,Sanaila Waqa (Japan),KICK RETREAT,Green,941361,4,A,3000,Japan,23564,Sanaila,Waqa,1,746
426,514.970098879,539.363179406,Epineri Uluiviti (Japan),KICK RETREAT,Green,941361,5,A,3000,Japan,26154,Epineri,Uluiviti,1,746
427,514.970098879,539.363179406,Kanji Shimokawa (Japan),KICK RETREAT,Green,941361,6,A,3000,Japan,30962,Kanji,Shimokawa,1,746
428,514.970098879,539.363179406,Kazuki Himeno (Japan),KICK RETREAT,Green,941361,7,A,3000,Japan,28962,Kazuki,Himeno,1,746
429,514.970098879,539.363179406,Faulua Makisi (Japan),KICK RETREAT,Green,941361,8,A,3000,Japan,23417,Faulua,Makisi,1,746
430,514.970098879,539.363179406,Naoto Saito (Japan),KICK RETREAT,Green,941361,9,A,3000,Japan,25158,Naoto,Saito,1,746
431,514.970098879,539.363179406,Jone Naikabula (Japan),KICK RETREAT,Green,941361,11,A,3000,Japan,28091,Jone,Naikabula,1,746
432,514.970098879,539.363179406,Siosaia Fifita (Japan),KICK RETREAT,Green,941361,12,A,3000,Japan,30973,Siosaia,Fifita,1,746
433,514.970098879,539.363179406,Dylan Riley (Japan),KICK RETREAT,Green,941361,13,A,3000,Japan,27652,Dylan,Riley,1,746
434,514.970098879,539.363179406,Tomoki Osada (Japan),KICK RETREAT,Green,941361,14,A,3000,Japan,31059,Tomoki,Osada,1,746
435,514.970098879,539.363179406,Takuro Matsunaga (Japan),KICK RETREAT,Green,941361,15,A,3000,Japan,38312,Takuro,Matsunaga,1,746
436,515.166731169,520.166731169,Dylan Riley (Japan),Defence - Not in Line,Red,941361,13,A,3000,Japan,27652,Dylan,Riley,1,746
437,515.1855135003373,541.4008694159854,Ollie Sleightholme (England),KICK CHASE,Green,941361,11,H,550,England,28734,Ollie,Sleightholme,1,746
438,516.1970069579831,541.4008694159854,Henry Slade (England),KICK CHASE,Green,941361,12,H,550,England,19087,Henry,Slade,1,747
439,516.7976444576417,541.4008694159854,Ollie Lawrence (England),KICK CHASE,Green,941361,13,H,550,England,29561,Ollie,Lawrence,1,747
440,518.330357265,529.4999594467189,Sam Underhill (England),KICK CHASE,Green,941361,7,H,550,England,21608,Sam,Underhill,1,747
441,518.330357265,529.4999594467189,Ellis Genge (England),KICK CHASE,Green,941361,1,H,550,England,22778,Ellis,Genge,1,747
442,518.330357265,529.4999594467189,Jamie George (England),KICK CHASE,Green,941361,2,H,550,England,10187,Jamie,George,1,747
443,518.330357265,529.4999594467189,Will Stuart (England),KICK CHASE,Green,941361,3,H,550,England,24121,Will,Stuart,1,747
444,518.330357265,529.4999594467189,Maro Itoje (England),KICK CHASE,Green,941361,4,H,550,England,20440,Maro,Itoje,1,747
445,518.330357265,529.4999594467189,George Martin (England),KICK CHASE,Green,941361,5,H,550,England,35631,George,Martin,1,747
446,518.330357265,529.4999594467189,Tom Curry (England),KICK CHASE,Green,941361,6,H,550,England,25980,Tom,Curry,1,747
447,518.330357265,529.4999594467189,Ben Earl (England),KICK CHASE,Green,941361,8,H,550,England,23732,Ben,Earl,1,747
448,518.330357265,529.4999594467189,Jack van Poortvliet (England),KICK CHASE,Green,941361,9,H,550,England,35629,Jack,van Poortvliet,1,747
449,518.330357265,529.4999594467189,Tommy Freeman (England),KICK CHASE,Green,941361,14,H,550,England,35530,Tommy,Freeman,1,747
450,526.4987627790067,539.499878571312,Henry Slade (England),TACKLE BIG,Green,941361,12,H,550,England,19087,Henry,Slade,1,758
451,527.798032525294,547.699877567953,Ollie Sleightholme (England),JACKLER ON FEET BIG,Green,941361,11,H,550,England,28734,Ollie,Sleightholme,1,800
452,530.0983776930356,547.699877567953,Ollie Lawrence (England),JACKLER ON FEET BIG,Green,941361,13,H,550,England,29561,Ollie,Lawrence,1,801
453,534.2990249426209,547.699877567953,Tom Curry (England),JACKLER ON FEET BIG,Green,941361,6,H,550,England,25980,Tom,Curry,1,756
454,567.726840895,592.9000254003231,Takato Okabe (Japan),LINEOUT DEFENCE,Green,941361,1,A,3000,Japan,32321,Takato,Okabe,1,841
455,567.726840895,592.9000254003231,Shuhei Takeuchi (Japan),LINEOUT DEFENCE,Green,941361,3,A,3000,Japan,37874,Shuhei,Takeuchi,1,841
456,567.726840895,592.9000254003231,Epineri Uluiviti (Japan),LINEOUT DEFENCE,Green,941361,5,A,3000,Japan,26154,Epineri,Uluiviti,1,841
457,567.726840895,592.9000254003231,Kanji Shimokawa (Japan),LINEOUT DEFENCE,Green,941361,6,A,3000,Japan,30962,Kanji,Shimokawa,1,841
458,569.662224625,592.786780587,Jamie George (England),LINEOUT ATTACK,Green,941361,2,H,550,England,10187,Jamie,George,1,841
459,569.662224625,592.786780587,Maro Itoje (England),LINEOUT ATTACK,Green,941361,4,H,550,England,20440,Maro,Itoje,1,841
460,569.662224625,592.786780587,George Martin (England),LINEOUT ATTACK,Green,941361,5,H,550,England,35631,George,Martin,1,841
461,570.669868953,592.786780587,Tom Curry (England),LINEOUT ATTACK,Green,941361,6,H,550,England,25980,Tom,Curry,1,841
462,574.15002303,592.9000254003231,Seunghyok Lee (Japan),LINEOUT DEFENCE,Green,941361,2,A,3000,Japan,43664,Seunghyok,Lee,1,847
463,574.7839489473043,589.735609831,Will Stuart (England),LINEOUT ATTACK,Red,941361,3,H,550,England,24121,Will,Stuart,1,847
464,575.5114739229025,584.9921072916508,Sanaila Waqa (Japan),LINEOUT DEFENCE,Green,941361,4,A,3000,Japan,23564,Sanaila,Waqa,1,847
465,575.8070748299319,587.3981062506659,Ellis Genge (England),LINEOUT ATTACK,Red,941361,1,H,550,England,22778,Ellis,Genge,1,843
466,577.3177324263039,592.5993304740105,Sam Underhill (England),LINEOUT ATTACK,Red,941361,7,H,550,England,21608,Sam,Underhill,1,848
467,579.3770294784581,588.8993376859762,Jone Naikabula (Japan),Defence - Not in Line,Red,941361,11,A,3000,Japan,28091,Jone,Naikabula,1,850
468,580.274277232,589.245354798,Sanaila Waqa (Japan),TACKLE ON FEET BIG,Red,941361,4,A,3000,Japan,23564,Sanaila,Waqa,1,851
469,680.2533786848072,703.413177709,Takato Okabe (Japan),LINEOUT DEFENCE,Green,941361,1,A,3000,Japan,32321,Takato,Okabe,1,1038
470,680.2533786848072,703.413177709,Seunghyok Lee (Japan),LINEOUT DEFENCE,Green,941361,2,A,3000,Japan,43664,Seunghyok,Lee,1,1038
471,680.2533786848072,703.413177709,Shuhei Takeuchi (Japan),LINEOUT DEFENCE,Green,941361,3,A,3000,Japan,37874,Shuhei,Takeuchi,1,1038
472,680.2533786848072,703.413177709,Sanaila Waqa (Japan),LINEOUT DEFENCE,Green,941361,4,A,3000,Japan,23564,Sanaila,Waqa,1,1038
473,680.2533786848072,703.413177709,Epineri Uluiviti (Japan),LINEOUT DEFENCE,Green,941361,5,A,3000,Japan,26154,Epineri,Uluiviti,1,1038
474,680.2533786848072,703.413177709,Kanji Shimokawa (Japan),LINEOUT DEFENCE,Green,941361,6,A,3000,Japan,30962,Kanji,Shimokawa,1,1038
475,680.5781859410431,702.301668207,Ellis Genge (England),LINEOUT ATTACK,Green,941361,1,H,550,England,22778,Ellis,Genge,1,1038
476,680.5781859410431,702.301668207,Will Stuart (England),LINEOUT ATTACK,Green,941361,3,H,550,England,24121,Will,Stuart,1,1038
477,680.5781859410431,702.301668207,George Martin (England),LINEOUT ATTACK,Green,941361,5,H,550,England,35631,George,Martin,1,1038
478,680.5781859410431,702.301668207,Tom Curry (England),LINEOUT ATTACK,Green,941361,6,H,550,England,25980,Tom,Curry,1,1038
479,685.4753968253968,702.5969034069825,Maro Itoje (England),LINEOUT ATTACK,Red,941361,4,H,550,England,20440,Maro,Itoje,1,1038
480,691.4522902494331,721.513566493,Kanji Shimokawa (Japan),KICK RETREAT,Red,941361,6,A,3000,Japan,30962,Kanji,Shimokawa,1,1043
481,693.54819316,718.04965904,Takato Okabe (Japan),KICK RETREAT,Green,941361,1,A,3000,Japan,32321,Takato,Okabe,1,1044
482,693.54819316,718.04965904,Seunghyok Lee (Japan),KICK RETREAT,Green,941361,2,A,3000,Japan,43664,Seunghyok,Lee,1,1044
483,693.54819316,718.04965904,Seunghyok Lee (Japan),KICK RETREAT,Green,941361,2,A,3000,Japan,43664,Seunghyok,Lee,1,1044
484,693.54819316,718.04965904,Shuhei Takeuchi (Japan),KICK RETREAT,Green,941361,3,A,3000,Japan,37874,Shuhei,Takeuchi,1,1044
485,693.54819316,718.04965904,Sanaila Waqa (Japan),KICK RETREAT,Green,941361,4,A,3000,Japan,23564,Sanaila,Waqa,1,1044
486,693.54819316,718.04965904,Kazuki Himeno (Japan),KICK RETREAT,Green,941361,7,A,3000,Japan,28962,Kazuki,Himeno,1,1044
487,693.54819316,718.04965904,Faulua Makisi (Japan),KICK RETREAT,Green,941361,8,A,3000,Japan,23417,Faulua,Makisi,1,1044
488,693.54819316,718.04965904,Naoto Saito (Japan),KICK RETREAT,Green,941361,9,A,3000,Japan,25158,Naoto,Saito,1,1044
489,693.54819316,718.04965904,Nik McCurran (Japan),KICK RETREAT,Green,941361,10,A,3000,Japan,43557,Nik,McCurran,1,1044
490,693.54819316,718.04965904,Jone Naikabula (Japan),KICK RETREAT,Green,941361,11,A,3000,Japan,28091,Jone,Naikabula,1,1044
491,693.54819316,718.04965904,Siosaia Fifita (Japan),KICK RETREAT,Green,941361,12,A,3000,Japan,30973,Siosaia,Fifita,1,1044
492,693.54819316,718.04965904,Dylan Riley (Japan),KICK RETREAT,Green,941361,13,A,3000,Japan,27652,Dylan,Riley,1,1044
493,693.784735714982,711.6003055023405,Ollie Lawrence (England),KICK CHASE,Green,941361,13,H,550,England,29561,Ollie,Lawrence,1,1045
494,694.2808873920011,718.9845804988662,Epineri Uluiviti (Japan),KICK RETREAT,Red,941361,5,A,3000,Japan,26154,Epineri,Uluiviti,1,1045
495,694.3985594653183,711.6003055023405,George Furbank (England),KICK CHASE,Green,941361,15,H,550,England,25952,George,Furbank,1,1045
496,696.844928457,709.4000690423409,Henry Slade (England),KICK CHASE,Green,941361,12,H,550,England,19087,Henry,Slade,1,1047
497,697.223092438,711.0999463052485,Sam Underhill (England),KICK CHASE,Green,941361,7,H,550,England,21608,Sam,Underhill,1,1047
498,697.223092438,711.0999463052485,Ellis Genge (England),KICK CHASE,Green,941361,1,H,550,England,22778,Ellis,Genge,1,1047
499,697.223092438,711.0999463052485,Jamie George (England),KICK CHASE,Green,941361,2,H,550,England,10187,Jamie,George,1,1047
500,697.223092438,711.0999463052485,Will Stuart (England),KICK CHASE,Green,941361,3,H,550,England,24121,Will,Stuart,1,1047
501,697.223092438,711.0999463052485,Maro Itoje (England),KICK CHASE,Green,941361,4,H,550,England,20440,Maro,Itoje,1,1047
502,697.223092438,711.0999463052485,George Martin (England),KICK CHASE,Green,941361,5,H,550,England,35631,George,Martin,1,1047
503,697.223092438,711.0999463052485,Tom Curry (England),KICK CHASE,Green,941361,6,H,550,England,25980,Tom,Curry,1,1047
504,697.223092438,711.0999463052485,Ben Earl (England),KICK CHASE,Green,941361,8,H,550,England,23732,Ben,Earl,1,1047
505,697.223092438,711.0999463052485,Jack van Poortvliet (England),KICK CHASE,Green,941361,9,H,550,England,35629,Jack,van Poortvliet,1,1047
506,697.223092438,711.0999463052485,Ollie Sleightholme (England),KICK CHASE,Green,941361,11,H,550,England,28734,Ollie,Sleightholme,1,1047
507,697.683563604,714.8959549843189,Tommy Freeman (England),KICK CHASE,Green,941361,14,H,550,England,35530,Tommy,Freeman,1,1047
508,700.7836393579986,722.5984522759986,Kazuki Himeno (Japan),RUCK BIG,Green,941361,7,A,3000,Japan,28962,Kazuki,Himeno,1,1053
509,702.0979957136849,718.2000402979472,Tommy Freeman (England),TACKLE BIG,Green,941361,14,H,550,England,35530,Tommy,Freeman,1,1053
510,702.982455165,725.366530316,George Furbank (England),JACKLER BIG,Green,941361,15,H,550,England,25952,George,Furbank,1,1054
511,703.4716099773243,726.967347952,Takuro Matsunaga (Japan),RUCK BIG,Yellow,941361,15,A,3000,Japan,38312,Takuro,Matsunaga,1,1054
512,703.7977107966033,718.2000402979472,George Furbank (England),TACKLE BIG,Green,941361,15,H,550,England,25952,George,Furbank,1,1054
513,704.390702393,713.370718058,Tommy Freeman (England),JACKLER ON FEET BIG,Green,941361,14,H,550,England,35530,Tommy,Freeman,1,1054
514,704.3973316428552,721.1000102856498,Henry Slade (England),RUCK ON FEET BIG,Green,941361,12,H,550,England,19087,Henry,Slade,1,1054
515,705.3980259983457,721.1000102856498,Ben Earl (England),RUCK ON FEET BIG,Green,941361,8,H,550,England,23732,Ben,Earl,1,1054
516,705.485072737999,722.912536989,Jone Naikabula (Japan),RUCK BIG,Green,941361,11,A,3000,Japan,28091,Jone,Naikabula,1,1054
517,705.6858544453337,725.077124273,Dylan Riley (Japan),RUCK BIG,Red,941361,13,A,3000,Japan,27652,Dylan,Riley,1,1054
518,706.2986077682835,721.1000102856498,Ollie Lawrence (England),RUCK ON FEET BIG,Green,941361,13,H,550,England,29561,Ollie,Lawrence,1,1054
519,714.9839401643328,732.095569187666,Takuro Matsunaga (Japan),CARRY BIG,Yellow,941361,15,A,3000,Japan,38312,Takuro,Matsunaga,1,1106
520,714.9983473945977,735.2000759676502,Ellis Genge (England),JACKLER BIG,Green,941361,1,H,550,England,22778,Ellis,Genge,1,1106
521,716.1985778943554,735.2000759676502,George Martin (England),JACKLER BIG,Green,941361,5,H,550,England,35631,George,Martin,1,1106
522,717.912536989,726.440988486,Tomoki Osada (Japan),CARRY BIG,Green,941361,14,A,3000,Japan,31059,Tomoki,Osada,1,1109
523,723.0356235827664,735.0000915186852,Ben Earl (England),CHARGE DOWN,Green,941361,8,H,550,England,23732,Ben,Earl,1,1114
524,724.57330287,735.0000915186852,George Furbank (England),CHARGE DOWN,Green,941361,15,H,550,England,25952,George,Furbank,1,1115
525,745.2368253968255,764.4764172335601,Takato Okabe (Japan),LINEOUT DEFENCE,Gold,941361,1,A,3000,Japan,32321,Takato,Okabe,1,1137
526,746.8849659863946,768.50093413166,Sam Underhill (England),LINEOUT ATTACK,Green,941361,7,H,550,England,21608,Sam,Underhill,1,1137
527,746.8849659863946,768.50093413166,Ellis Genge (England),LINEOUT ATTACK,Green,941361,1,H,550,England,22778,Ellis,Genge,1,1137
528,746.8849659863946,768.50093413166,Jamie George (England),LINEOUT ATTACK,Green,941361,2,H,550,England,10187,Jamie,George,1,1137
529,746.8849659863946,768.50093413166,Will Stuart (England),LINEOUT ATTACK,Green,941361,3,H,550,England,24121,Will,Stuart,1,1137
530,746.8849659863946,768.50093413166,Maro Itoje (England),LINEOUT ATTACK,Green,941361,4,H,550,England,20440,Maro,Itoje,1,1137
531,747.311587539,768.50093413166,George Martin (England),LINEOUT ATTACK,Green,941361,5,H,550,England,35631,George,Martin,1,1137
532,747.311587539,768.50093413166,Tom Curry (England),LINEOUT ATTACK,Green,941361,6,H,550,England,25980,Tom,Curry,1,1137
533,747.311587539,768.50093413166,Ben Earl (England),LINEOUT ATTACK,Green,941361,8,H,550,England,23732,Ben,Earl,1,1137
534,747.6377324263038,765.2006908260046,Shuhei Takeuchi (Japan),LINEOUT DEFENCE,Green,941361,3,A,3000,Japan,37874,Shuhei,Takeuchi,1,1137
535,747.6377324263038,765.2006908260046,Sanaila Waqa (Japan),LINEOUT DEFENCE,Green,941361,4,A,3000,Japan,23564,Sanaila,Waqa,1,1137
536,747.6377324263038,765.2006908260046,Epineri Uluiviti (Japan),LINEOUT DEFENCE,Green,941361,5,A,3000,Japan,26154,Epineri,Uluiviti,1,1137
537,747.6377324263038,765.2006908260046,Kanji Shimokawa (Japan),LINEOUT DEFENCE,Green,941361,6,A,3000,Japan,30962,Kanji,Shimokawa,1,1137
538,747.6377324263038,765.2006908260046,Kazuki Himeno (Japan),LINEOUT DEFENCE,Green,941361,7,A,3000,Japan,28962,Kazuki,Himeno,1,1137
539,752.0973421756676,765.84383576,Shuhei Takeuchi (Japan),TACKLE BIG,Green,941361,3,A,3000,Japan,37874,Shuhei,Takeuchi,1,1144
540,753.583400941,760.581793111,Faulua Makisi (Japan),TACKLE BIG,Green,941361,8,A,3000,Japan,23417,Faulua,Makisi,1,1145
541,754.2985863632798,770.8000295706901,Ollie Lawrence (England),CARRY BIG,Green,941361,13,H,550,England,29561,Ollie,Lawrence,1,1145
542,754.6991998867026,769.099991580661,Henry Slade (England),RUCK BIG,Green,941361,12,H,550,England,19087,Henry,Slade,1,1145
543,755.121555211,777.6976865899976,Tom Curry (England),LINEBREAK ATTACK,Gold,941361,6,H,550,England,25980,Tom,Curry,1,1145
544,755.306436684,770.055103557,Kazuki Himeno (Japan),JACKLER BIG,Green,941361,7,A,3000,Japan,28962,Kazuki,Himeno,1,1145
545,755.6988133862876,769.099991580661,Sam Underhill (England),RUCK BIG,Green,941361,7,H,550,England,21608,Sam,Underhill,1,1145
546,760.244130356,774.663250151,Seunghyok Lee (Japan),TACKLE BIG,Green,941361,2,A,3000,Japan,43664,Seunghyok,Lee,1,1151
547,760.6988643369995,775.5999805489784,Maro Itoje (England),RUCK ON FEET BIG,Green,941361,4,H,550,England,20440,Maro,Itoje,1,1152
548,761.0260282,771.999635444,Epineri Uluiviti (Japan),TACKLE BIG,Green,941361,5,A,3000,Japan,26154,Epineri,Uluiviti,1,1152
549,761.0987651402669,777.6000088373413,George Martin (England),CARRY BIG,Green,941361,5,H,550,England,35631,George,Martin,1,1152
550,762.5981016693496,775.5999805489784,Ellis Genge (England),RUCK ON FEET BIG,Green,941361,1,H,550,England,22778,Ellis,Genge,1,1154
551,763.4271201814059,768.4271201814059,Shuhei Takeuchi (Japan),Defence - Not in Line,Red,941361,3,A,3000,Japan,37874,Shuhei,Takeuchi,1,1154
552,765.171593931,772.729578514,Faulua Makisi (Japan),TACKLE BIG,Green,941361,8,A,3000,Japan,23417,Faulua,Makisi,1,1156
553,765.8508843537415,774.2947814253326,Takato Okabe (Japan),TACKLE BIG,Green,941361,1,A,3000,Japan,32321,Takato,Okabe,1,1157
554,766.0808641276664,781.040432128,Nik McCurran (Japan),TACKLE BIG,Green,941361,10,A,3000,Japan,43557,Nik,McCurran,1,1157
555,766.090152683,774.635519627,Shuhei Takeuchi (Japan),TACKLE BIG,Green,941361,3,A,3000,Japan,37874,Shuhei,Takeuchi,1,1157
556,769.0988232509268,785.3999970046726,Jamie George (England),CARRY BIG,Green,941361,2,H,550,England,10187,Jamie,George,1,1200
557,772.4103854875284,777.4103854875284,Seunghyok Lee (Japan),Defence - Not in Line,Red,941361,2,A,3000,Japan,43664,Seunghyok,Lee,1,1203
558,772.4103854875284,777.4103854875284,Faulua Makisi (Japan),Defence - Not in Line,Red,941361,8,A,3000,Japan,23417,Faulua,Makisi,1,1203
559,822.645850340136,845.302962536,Takato Okabe (Japan),LINEOUT DEFENCE,Green,941361,1,A,3000,Japan,32321,Takato,Okabe,1,1257
560,822.645850340136,845.302962536,Sanaila Waqa (Japan),LINEOUT DEFENCE,Green,941361,4,A,3000,Japan,23564,Sanaila,Waqa,1,1257
561,822.645850340136,845.302962536,Epineri Uluiviti (Japan),LINEOUT DEFENCE,Green,941361,5,A,3000,Japan,26154,Epineri,Uluiviti,1,1257
562,822.645850340136,845.302962536,Kanji Shimokawa (Japan),LINEOUT DEFENCE,Green,941361,6,A,3000,Japan,30962,Kanji,Shimokawa,1,1257
563,822.645850340136,845.302962536,Kazuki Himeno (Japan),LINEOUT DEFENCE,Green,941361,7,A,3000,Japan,28962,Kazuki,Himeno,1,1257
564,822.965997743,845.302962536,Shuhei Takeuchi (Japan),LINEOUT DEFENCE,Green,941361,3,A,3000,Japan,37874,Shuhei,Takeuchi,1,1257
565,824.174207059,846.79753263,Sam Underhill (England),LINEOUT ATTACK,Green,941361,7,H,550,England,21608,Sam,Underhill,1,1257
566,824.174207059,846.79753263,Ellis Genge (England),LINEOUT ATTACK,Green,941361,1,H,550,England,22778,Ellis,Genge,1,1257
567,824.174207059,846.79753263,Jamie George (England),LINEOUT ATTACK,Green,941361,2,H,550,England,10187,Jamie,George,1,1257
568,824.174207059,846.79753263,Will Stuart (England),LINEOUT ATTACK,Green,941361,3,H,550,England,24121,Will,Stuart,1,1257
569,824.174207059,846.79753263,Maro Itoje (England),LINEOUT ATTACK,Green,941361,4,H,550,England,20440,Maro,Itoje,1,1257
570,824.174207059,846.79753263,George Martin (England),LINEOUT ATTACK,Green,941361,5,H,550,England,35631,George,Martin,1,1257
571,824.174207059,846.79753263,Tom Curry (England),LINEOUT ATTACK,Green,941361,6,H,550,England,25980,Tom,Curry,1,1257
572,826.2988624913075,846.79753263,Ben Earl (England),LINEOUT ATTACK,Green,941361,8,H,550,England,23732,Ben,Earl,1,1257
573,833.7921315192743,846.9982174326652,Shuhei Takeuchi (Japan),JACKLER BIG,Green,941361,3,A,3000,Japan,37874,Shuhei,Takeuchi,1,1305
574,835.5735675929886,854.7994828416716,Maro Itoje (England),CARRY BIG,Green,941361,4,H,550,England,20440,Maro,Itoje,1,1306
575,835.654781459,843.123580516,Faulua Makisi (Japan),TACKLE BIG,Gold,941361,8,A,3000,Japan,23417,Faulua,Makisi,1,1306
576,835.6985506092363,851.500032568655,Jamie George (England),RUCK ON FEET BIG,Green,941361,2,H,550,England,10187,Jamie,George,1,1306
577,835.7852492639996,845.858387597,Kazuki Himeno (Japan),TACKLE BIG,Green,941361,7,A,3000,Japan,28962,Kazuki,Himeno,1,1306
578,838.199271442947,851.500032568655,Henry Slade (England),RUCK ON FEET BIG,Green,941361,12,H,550,England,19087,Henry,Slade,1,1311
579,839.4322222222222,844.4322222222222,Takato Okabe (Japan),Defence - Not in Line,Red,941361,1,A,3000,Japan,32321,Takato,Okabe,1,1311
580,839.7988760269022,851.500032568655,Tom Curry (England),RUCK ON FEET BIG,Green,941361,6,H,550,England,25980,Tom,Curry,1,1311
581,840.4987968179455,851.500032568655,Sam Underhill (England),RUCK ON FEET BIG,Green,941361,7,H,550,England,21608,Sam,Underhill,1,1312
582,842.2983675268621,859.3000379453384,Tom Curry (England),CARRY BIG,Green,941361,6,H,550,England,25980,Tom,Curry,1,1314
583,842.498552801737,858.6000049400491,Ellis Genge (England),RUCK BIG,Green,941361,1,H,550,England,22778,Ellis,Genge,1,1314
584,843.359942069,850.824694343,Takato Okabe (Japan),TACKLE BIG,Green,941361,1,A,3000,Japan,32321,Takato,Okabe,1,1314
585,843.735587932,855.452256863,Faulua Makisi (Japan),TACKLE BIG,Green,941361,8,A,3000,Japan,23417,Faulua,Makisi,1,1314
586,847.4499319727892,856.6972695473205,Will Stuart (England),RUCK BIG,Yellow,941361,3,H,550,England,24121,Will,Stuart,1,1318
587,941.5945409610084,964.300030066985,Tom Curry (England),CARRY BIG,Green,941361,6,H,550,England,25980,Tom,Curry,1,1452
588,942.902662374,959.120161945,Epineri Uluiviti (Japan),TACKLE BIG,Green,941361,5,A,3000,Japan,26154,Epineri,Uluiviti,1,1455
589,945.53538523,959.234387223,Siosaia Fifita (Japan),TACKLE BIG,Yellow,941361,12,A,3000,Japan,30973,Siosaia,Fifita,1,1458
590,946.6975459232584,962.600046978364,Jamie George (England),RUCK ON FEET BIG,Green,941361,2,H,550,England,10187,Jamie,George,1,1458
591,948.349978486,971.026552413,Takato Okabe (Japan),KICK RETREAT,Green,941361,1,A,3000,Japan,32321,Takato,Okabe,1,1500
592,948.349978486,971.026552413,Seunghyok Lee (Japan),KICK RETREAT,Green,941361,2,A,3000,Japan,43664,Seunghyok,Lee,1,1500
593,948.5968987572628,962.600046978364,Ellis Genge (England),RUCK ON FEET BIG,Green,941361,1,H,550,England,22778,Ellis,Genge,1,1500
594,948.8015904066672,971.026552413,Shuhei Takeuchi (Japan),KICK RETREAT,Green,941361,3,A,3000,Japan,37874,Shuhei,Takeuchi,1,1500
595,949.1997500306674,971.026552413,Sanaila Waqa (Japan),KICK RETREAT,Green,941361,4,A,3000,Japan,23564,Sanaila,Waqa,1,1500
596,949.5987472810004,971.026552413,Epineri Uluiviti (Japan),KICK RETREAT,Green,941361,5,A,3000,Japan,26154,Epineri,Uluiviti,1,1500
597,949.797738632644,962.600046978364,Maro Itoje (England),RUCK ON FEET BIG,Green,941361,4,H,550,England,20440,Maro,Itoje,1,1500
598,949.9967276980004,971.026552413,Kanji Shimokawa (Japan),KICK RETREAT,Green,941361,6,A,3000,Japan,30962,Kanji,Shimokawa,1,1500
599,950.4023183639993,971.026552413,Kazuki Himeno (Japan),KICK RETREAT,Green,941361,7,A,3000,Japan,28962,Kazuki,Himeno,1,1502
600,950.8945090719994,971.026552413,Faulua Makisi (Japan),KICK RETREAT,Green,941361,8,A,3000,Japan,23417,Faulua,Makisi,1,1502
601,951.1982517153052,962.600046978364,George Martin (England),RUCK ON FEET BIG,Green,941361,5,H,550,England,35631,George,Martin,1,1502
602,951.8989706983313,971.026552413,Naoto Saito (Japan),KICK RETREAT,Green,941361,9,A,3000,Japan,25158,Naoto,Saito,1,1502
603,952.5283900226756,961.0974165236304,Epineri Uluiviti (Japan),CHARGE DOWN,Green,941361,5,A,3000,Japan,26154,Epineri,Uluiviti,1,1502
604,952.6975749486676,971.026552413,Jone Naikabula (Japan),KICK RETREAT,Green,941361,11,A,3000,Japan,28091,Jone,Naikabula,1,1502
605,952.703991392,966.0998561775604,Ellis Genge (England),KICK CHASE,Green,941361,1,H,550,England,22778,Ellis,Genge,1,1502
606,952.703991392,966.0998561775604,Jamie George (England),KICK CHASE,Green,941361,2,H,550,England,10187,Jamie,George,1,1502
607,952.703991392,966.0998561775604,Will Stuart (England),KICK CHASE,Green,941361,3,H,550,England,24121,Will,Stuart,1,1502
608,952.703991392,966.0998561775604,Maro Itoje (England),KICK CHASE,Green,941361,4,H,550,England,20440,Maro,Itoje,1,1502
609,952.703991392,966.0998561775604,George Martin (England),KICK CHASE,Green,941361,5,H,550,England,35631,George,Martin,1,1502
610,952.703991392,966.0998561775604,Tom Curry (England),KICK CHASE,Green,941361,6,H,550,England,25980,Tom,Curry,1,1502
611,952.703991392,966.0998561775604,Chandler Cunningham-South (England),KICK CHASE,Green,941361,20,H,550,England,44072,Chandler,Cunningham-South,1,1502
612,952.703991392,966.0998561775604,Ben Earl (England),KICK CHASE,Green,941361,8,H,550,England,23732,Ben,Earl,1,1502
613,952.703991392,966.0998561775604,Jack van Poortvliet (England),KICK CHASE,Green,941361,9,H,550,England,35629,Jack,van Poortvliet,1,1502
614,952.703991392,966.0998561775604,Ollie Sleightholme (England),KICK CHASE,Green,941361,11,H,550,England,28734,Ollie,Sleightholme,1,1502
615,952.703991392,966.0998561775604,Henry Slade (England),KICK CHASE,Green,941361,12,H,550,England,19087,Henry,Slade,1,1502
616,952.703991392,966.0998561775604,Ollie Lawrence (England),KICK CHASE,Green,941361,13,H,550,England,29561,Ollie,Lawrence,1,1502
617,952.703991392,966.0998561775604,Tommy Freeman (England),KICK CHASE,Green,941361,14,H,550,England,35530,Tommy,Freeman,1,1502
618,953.1999151149994,971.026552413,Siosaia Fifita (Japan),KICK RETREAT,Green,941361,12,A,3000,Japan,30973,Siosaia,Fifita,1,1502
619,953.5987874066668,971.026552413,Dylan Riley (Japan),KICK RETREAT,Green,941361,13,A,3000,Japan,27652,Dylan,Riley,1,1506
620,953.9968035306664,971.026552413,Tomoki Osada (Japan),KICK RETREAT,Green,941361,14,A,3000,Japan,31059,Tomoki,Osada,1,1506
621,954.6733786848072,983.8960129446648,Shuhei Takeuchi (Japan),RUCK ON FEET BIG,Gold,941361,3,A,3000,Japan,37874,Shuhei,Takeuchi,1,1506
622,961.3988195286528,971.9999973200476,Chandler Cunningham-South (England),TACKLE BIG,Green,941361,20,H,550,England,44072,Chandler,Cunningham-South,1,1512
623,962.1984666883864,977.5000020653076,Jamie George (England),TACKLE BIG,Green,941361,2,H,550,England,10187,Jamie,George,1,1514
624,962.579654475666,974.698626888,Faulua Makisi (Japan),RUCK BIG,Green,941361,8,A,3000,Japan,23417,Faulua,Makisi,1,1514
625,965.373210295,975.245084792,Kazuki Himeno (Japan),RUCK ON FEET BIG,Green,941361,7,A,3000,Japan,28962,Kazuki,Himeno,1,1517
626,967.9975616752454,982.6000342826088,Will Stuart (England),TACKLE BIG,Green,941361,3,H,550,England,24121,Will,Stuart,1,1520
627,968.575036762,980.388900758,Nik McCurran (Japan),CARRY BIG,Green,941361,10,A,3000,Japan,43557,Nik,McCurran,1,1520
628,968.6991175502868,982.6000342826088,Tom Curry (England),TACKLE BIG,Green,941361,6,H,550,England,25980,Tom,Curry,1,1520
629,969.5986167800454,976.394563962,Takuro Matsunaga (Japan),CARRY BIG,Green,941361,15,A,3000,Japan,38312,Takuro,Matsunaga,1,1520
630,970.174633036,978.103633073,Kanji Shimokawa (Japan),RUCK ON FEET BIG,Green,941361,6,A,3000,Japan,30962,Kanji,Shimokawa,1,1521
631,970.923298404,975.923298404,Henry Slade (England),Defence - Not in Line,Red,941361,12,H,550,England,19087,Henry,Slade,1,1521
632,970.923306338,981.334863879,Tomoki Osada (Japan),RUCK ON FEET BIG,Green,941361,14,A,3000,Japan,31059,Tomoki,Osada,1,1521
633,971.341820746,980.488216346,Sanaila Waqa (Japan),RUCK ON FEET BIG,Yellow,941361,4,A,3000,Japan,23564,Sanaila,Waqa,1,1521
634,972.56866848,982.8998265187072,Ellis Genge (England),KICK RETREAT,Green,941361,1,H,550,England,22778,Ellis,Genge,1,1521
635,972.56866848,982.8998265187072,Jamie George (England),KICK RETREAT,Green,941361,2,H,550,England,10187,Jamie,George,1,1521
636,972.56866848,982.8998265187072,Will Stuart (England),KICK RETREAT,Green,941361,3,H,550,England,24121,Will,Stuart,1,1521
637,972.56866848,982.8998265187072,Maro Itoje (England),KICK RETREAT,Green,941361,4,H,550,England,20440,Maro,Itoje,1,1521
638,972.56866848,982.8998265187072,George Martin (England),KICK RETREAT,Green,941361,5,H,550,England,35631,George,Martin,1,1521
639,972.56866848,982.8998265187072,Tom Curry (England),KICK RETREAT,Green,941361,6,H,550,England,25980,Tom,Curry,1,1521
640,972.56866848,982.8998265187072,Chandler Cunningham-South (England),KICK RETREAT,Green,941361,20,H,550,England,44072,Chandler,Cunningham-South,1,1521
641,972.56866848,982.8998265187072,Ben Earl (England),KICK RETREAT,Green,941361,8,H,550,England,23732,Ben,Earl,1,1521
642,972.56866848,982.8998265187072,Jack van Poortvliet (England),KICK RETREAT,Green,941361,9,H,550,England,35629,Jack,van Poortvliet,1,1521
643,972.56866848,982.8998265187072,Ollie Sleightholme (England),KICK RETREAT,Green,941361,11,H,550,England,28734,Ollie,Sleightholme,1,1521
644,972.56866848,982.8998265187072,Henry Slade (England),KICK RETREAT,Green,941361,12,H,550,England,19087,Henry,Slade,1,1521
645,972.56866848,982.8998265187072,Ollie Lawrence (England),KICK RETREAT,Green,941361,13,H,550,England,29561,Ollie,Lawrence,1,1521
646,972.56866848,982.8998265187072,Tommy Freeman (England),KICK RETREAT,Green,941361,14,H,550,England,35530,Tommy,Freeman,1,1521
647,972.56866848,982.8998265187072,George Furbank (England),KICK RETREAT,Green,941361,15,H,550,England,25952,George,Furbank,1,1521
648,972.603439915,985.55415046,Takato Okabe (Japan),KICK CHASE,Green,941361,1,A,3000,Japan,32321,Takato,Okabe,1,1521
649,972.603439915,985.55415046,Seunghyok Lee (Japan),KICK CHASE,Green,941361,2,A,3000,Japan,43664,Seunghyok,Lee,1,1521
650,972.603439915,985.55415046,Shuhei Takeuchi (Japan),KICK CHASE,Green,941361,3,A,3000,Japan,37874,Shuhei,Takeuchi,1,1521
651,972.603439915,985.55415046,Sanaila Waqa (Japan),KICK CHASE,Green,941361,4,A,3000,Japan,23564,Sanaila,Waqa,1,1521
652,972.603439915,985.55415046,Epineri Uluiviti (Japan),KICK CHASE,Green,941361,5,A,3000,Japan,26154,Epineri,Uluiviti,1,1521
653,972.603439915,985.55415046,Kanji Shimokawa (Japan),KICK CHASE,Green,941361,6,A,3000,Japan,30962,Kanji,Shimokawa,1,1521
654,972.603439915,985.55415046,Kazuki Himeno (Japan),KICK CHASE,Green,941361,7,A,3000,Japan,28962,Kazuki,Himeno,1,1521
655,972.603439915,985.55415046,Faulua Makisi (Japan),KICK CHASE,Green,941361,8,A,3000,Japan,23417,Faulua,Makisi,1,1521
656,972.603439915,985.55415046,Naoto Saito (Japan),KICK CHASE,Green,941361,9,A,3000,Japan,25158,Naoto,Saito,1,1521
657,972.603439915,985.55415046,Nik McCurran (Japan),KICK CHASE,Green,941361,10,A,3000,Japan,43557,Nik,McCurran,1,1521
658,972.603439915,985.55415046,Jone Naikabula (Japan),KICK CHASE,Green,941361,11,A,3000,Japan,28091,Jone,Naikabula,1,1521
659,972.603439915,985.55415046,Siosaia Fifita (Japan),KICK CHASE,Green,941361,12,A,3000,Japan,30973,Siosaia,Fifita,1,1521
660,976.514023921,990.3998214490474,Ellis Genge (England),KICK CHASE,Green,941361,1,H,550,England,22778,Ellis,Genge,1,1526
661,976.514023921,990.3998214490474,Jamie George (England),KICK CHASE,Green,941361,2,H,550,England,10187,Jamie,George,1,1526
662,976.514023921,990.3998214490474,Will Stuart (England),KICK CHASE,Green,941361,3,H,550,England,24121,Will,Stuart,1,1526
663,976.514023921,990.3998214490474,Maro Itoje (England),KICK CHASE,Green,941361,4,H,550,England,20440,Maro,Itoje,1,1526
664,976.514023921,990.3998214490474,George Martin (England),KICK CHASE,Green,941361,5,H,550,England,35631,George,Martin,1,1526
665,976.514023921,990.3998214490474,Tom Curry (England),KICK CHASE,Green,941361,6,H,550,England,25980,Tom,Curry,1,1526
666,976.514023921,990.3998214490474,Chandler Cunningham-South (England),KICK CHASE,Green,941361,20,H,550,England,44072,Chandler,Cunningham-South,1,1526
667,976.514023921,990.3998214490474,Ben Earl (England),KICK CHASE,Green,941361,8,H,550,England,23732,Ben,Earl,1,1526
668,976.514023921,990.3998214490474,Marcus Smith (England),KICK CHASE,Green,941361,10,H,550,England,26046,Marcus,Smith,1,1526
669,976.514023921,990.3998214490474,Ollie Sleightholme (England),KICK CHASE,Green,941361,11,H,550,England,28734,Ollie,Sleightholme,1,1526
670,976.514023921,990.3998214490474,Henry Slade (England),KICK CHASE,Green,941361,12,H,550,England,19087,Henry,Slade,1,1526
671,976.514023921,990.3998214490474,Ollie Lawrence (England),KICK CHASE,Green,941361,13,H,550,England,29561,Ollie,Lawrence,1,1526
672,977.8316553287982,995.799053784,Seunghyok Lee (Japan),KICK RETREAT,Yellow,941361,2,A,3000,Japan,43664,Seunghyok,Lee,1,1527
673,977.8316553287982,995.799053784,Shuhei Takeuchi (Japan),KICK RETREAT,Yellow,941361,3,A,3000,Japan,37874,Shuhei,Takeuchi,1,1527
674,977.8316553287982,995.799053784,Sanaila Waqa (Japan),KICK RETREAT,Yellow,941361,4,A,3000,Japan,23564,Sanaila,Waqa,1,1527
675,977.8316553287982,995.799053784,Epineri Uluiviti (Japan),KICK RETREAT,Yellow,941361,5,A,3000,Japan,26154,Epineri,Uluiviti,1,1527
676,977.8316553287982,995.799053784,Kazuki Himeno (Japan),KICK RETREAT,Yellow,941361,7,A,3000,Japan,28962,Kazuki,Himeno,1,1527
677,977.8316553287982,995.799053784,Faulua Makisi (Japan),KICK RETREAT,Yellow,941361,8,A,3000,Japan,23417,Faulua,Makisi,1,1527
678,977.8316553287982,995.799053784,Nik McCurran (Japan),KICK RETREAT,Yellow,941361,10,A,3000,Japan,43557,Nik,McCurran,1,1527
679,977.928150894,998.357800385,Takato Okabe (Japan),KICK RETREAT,Green,941361,1,A,3000,Japan,32321,Takato,Okabe,1,1527
680,977.928150894,998.357800385,Kanji Shimokawa (Japan),KICK RETREAT,Green,941361,6,A,3000,Japan,30962,Kanji,Shimokawa,1,1527
681,977.928150894,998.357800385,Naoto Saito (Japan),KICK RETREAT,Green,941361,9,A,3000,Japan,25158,Naoto,Saito,1,1527
682,977.928150894,998.357800385,Jone Naikabula (Japan),KICK RETREAT,Green,941361,11,A,3000,Japan,28091,Jone,Naikabula,1,1527
683,977.928150894,998.357800385,Siosaia Fifita (Japan),KICK RETREAT,Green,941361,12,A,3000,Japan,30973,Siosaia,Fifita,1,1527
684,980.798239078,993.9984291599792,Tomoki Osada (Japan),KICK RETREAT,Yellow,941361,14,A,3000,Japan,31059,Tomoki,Osada,1,1527
685,983.783948025,994.6000381350274,Will Stuart (England),KICK RETREAT,Red,941361,3,H,550,England,24121,Will,Stuart,1,1535
686,983.918770813,994.5997783193004,Ellis Genge (England),KICK RETREAT,Green,941361,1,H,550,England,22778,Ellis,Genge,1,1535
687,983.918770813,994.5997783193004,Jamie George (England),KICK RETREAT,Green,941361,2,H,550,England,10187,Jamie,George,1,1535
688,983.918770813,994.5997783193004,Maro Itoje (England),KICK RETREAT,Green,941361,4,H,550,England,20440,Maro,Itoje,1,1535
689,983.918770813,994.5997783193004,George Martin (England),KICK RETREAT,Green,941361,5,H,550,England,35631,George,Martin,1,1535
690,983.918770813,994.5997783193004,Tom Curry (England),KICK RETREAT,Green,941361,6,H,550,England,25980,Tom,Curry,1,1535
691,983.918770813,994.5997783193004,Chandler Cunningham-South (England),KICK RETREAT,Green,941361,20,H,550,England,44072,Chandler,Cunningham-South,1,1535
692,983.918770813,994.5997783193004,Ben Earl (England),KICK RETREAT,Green,941361,8,H,550,England,23732,Ben,Earl,1,1535
693,983.918770813,994.5997783193004,Jack van Poortvliet (England),KICK RETREAT,Green,941361,9,H,550,England,35629,Jack,van Poortvliet,1,1535
694,983.918770813,994.5997783193004,Marcus Smith (England),KICK RETREAT,Green,941361,10,H,550,England,26046,Marcus,Smith,1,1535
695,983.918770813,994.5997783193004,Ollie Sleightholme (England),KICK RETREAT,Green,941361,11,H,550,England,28734,Ollie,Sleightholme,1,1535
696,983.918770813,994.5997783193004,Henry Slade (England),KICK RETREAT,Green,941361,12,H,550,England,19087,Henry,Slade,1,1535
697,983.918770813,994.5997783193004,Ollie Lawrence (England),KICK RETREAT,Green,941361,13,H,550,England,29561,Ollie,Lawrence,1,1535
698,983.918770813,994.5997783193004,Tommy Freeman (England),KICK RETREAT,Green,941361,14,H,550,England,35530,Tommy,Freeman,1,1535
699,984.5131292517008,1001.595716509,Takato Okabe (Japan),KICK CHASE,Green,941361,1,A,3000,Japan,32321,Takato,Okabe,1,1535
700,984.5131292517008,1001.595716509,Seunghyok Lee (Japan),KICK CHASE,Green,941361,2,A,3000,Japan,43664,Seunghyok,Lee,1,1535
701,984.5131292517008,1001.595716509,Shuhei Takeuchi (Japan),KICK CHASE,Green,941361,3,A,3000,Japan,37874,Shuhei,Takeuchi,1,1535
702,984.5131292517008,1001.595716509,Sanaila Waqa (Japan),KICK CHASE,Green,941361,4,A,3000,Japan,23564,Sanaila,Waqa,1,1535
703,984.5131292517008,1001.595716509,Epineri Uluiviti (Japan),KICK CHASE,Green,941361,5,A,3000,Japan,26154,Epineri,Uluiviti,1,1535
704,984.5131292517008,1001.595716509,Kanji Shimokawa (Japan),KICK CHASE,Green,941361,6,A,3000,Japan,30962,Kanji,Shimokawa,1,1535
705,984.5131292517008,1001.595716509,Kazuki Himeno (Japan),KICK CHASE,Green,941361,7,A,3000,Japan,28962,Kazuki,Himeno,1,1535
706,984.5131292517008,1001.595716509,Faulua Makisi (Japan),KICK CHASE,Green,941361,8,A,3000,Japan,23417,Faulua,Makisi,1,1535
707,984.5131292517008,1001.595716509,Naoto Saito (Japan),KICK CHASE,Green,941361,9,A,3000,Japan,25158,Naoto,Saito,1,1535
708,984.5131292517008,1001.595716509,Nik McCurran (Japan),KICK CHASE,Green,941361,10,A,3000,Japan,43557,Nik,McCurran,1,1535
709,984.5131292517008,1001.595716509,Jone Naikabula (Japan),KICK CHASE,Green,941361,11,A,3000,Japan,28091,Jone,Naikabula,1,1535
710,984.5131292517008,1001.595716509,Siosaia Fifita (Japan),KICK CHASE,Green,941361,12,A,3000,Japan,30973,Siosaia,Fifita,1,1535
711,984.5131292517008,1001.595716509,Dylan Riley (Japan),KICK CHASE,Green,941361,13,A,3000,Japan,27652,Dylan,Riley,1,1535
712,990.5827437641724,1007.089793144,Sanaila Waqa (Japan),TACKLE BIG,Red,941361,4,A,3000,Japan,23564,Sanaila,Waqa,1,1541
713,993.4976616346212,1008.6999624283368,Jack van Poortvliet (England),CARRY BIG,Green,941361,9,H,550,England,35629,Jack,van Poortvliet,1,1543
714,995.653468776,1004.6003015650008,Takato Okabe (Japan),Defence - Not in Line,Red,941361,1,A,3000,Japan,32321,Takato,Okabe,1,1546
715,995.653468776,1004.6003015650008,Seunghyok Lee (Japan),Defence - Not in Line,Red,941361,2,A,3000,Japan,43664,Seunghyok,Lee,1,1546
716,995.653468776,1004.6003015650008,Epineri Uluiviti (Japan),Defence - Not in Line,Red,941361,5,A,3000,Japan,26154,Epineri,Uluiviti,1,1546
717,995.653468776,1004.6003015650008,Jone Naikabula (Japan),Defence - Not in Line,Red,941361,11,A,3000,Japan,28091,Jone,Naikabula,1,1546
718,995.653468776,1004.6003015650008,Siosaia Fifita (Japan),Defence - Not in Line,Red,941361,12,A,3000,Japan,30973,Siosaia,Fifita,1,1546
719,995.6985069683768,1006.6999257609444,Tom Curry (England),RUCK ON FEET BIG,Green,941361,6,H,550,England,25980,Tom,Curry,1,1546
720,996.9982088015812,1006.6999257609444,Chandler Cunningham-South (England),RUCK ON FEET BIG,Green,941361,20,H,550,England,44072,Chandler,Cunningham-South,1,1548
721,997.8987993495898,1017.399888504962,Will Stuart (England),CARRY BIG,Red,941361,3,H,550,England,24121,Will,Stuart,1,1549
722,997.9064399092972,1012.957538818,Kazuki Himeno (Japan),TACKLE BIG,Green,941361,7,A,3000,Japan,28962,Kazuki,Himeno,1,1549
723,999.1966666666668,1010.2989747319992,Epineri Uluiviti (Japan),TACKLE ON FEET BIG,Green,941361,5,A,3000,Japan,26154,Epineri,Uluiviti,1,1550
724,1000.29849322395,1013.2000132199666,George Furbank (England),RUCK ON FEET BIG,Green,941361,15,H,550,England,25952,George,Furbank,1,1552
725,1001.198400724007,1013.2000132199666,George Martin (England),RUCK ON FEET BIG,Green,941361,5,H,550,England,35631,George,Martin,1,1552
726,1005.9987218819534,1022.6999783600304,Chandler Cunningham-South (England),CARRY BIG,Green,941361,20,H,550,England,44072,Chandler,Cunningham-South,1,1557
727,1006.021788649,1021.765800825,Naoto Saito (Japan),TACKLE BIG,Green,941361,9,A,3000,Japan,25158,Naoto,Saito,1,1557
728,1006.3910204081632,1018.643404544,Seunghyok Lee (Japan),TACKLE BIG,Green,941361,2,A,3000,Japan,43664,Seunghyok,Lee,1,1557
729,1008.0987100463047,1018.5000182303812,Ben Earl (England),RUCK ON FEET BIG,Green,941361,8,H,550,England,23732,Ben,Earl,1,1559
730,1009.2980260063044,1018.5000182303812,Jamie George (England),RUCK ON FEET BIG,Green,941361,2,H,550,England,10187,Jamie,George,1,1600
731,1009.9990948559774,1018.5000182303812,Marcus Smith (England),RUCK ON FEET BIG,Green,941361,10,H,550,England,26046,Marcus,Smith,1,1600
732,1014.5556689342404,1023.422154996,Jone Naikabula (Japan),TACKLE BIG,Green,941361,11,A,3000,Japan,28091,Jone,Naikabula,1,1606
733,1016.086129665332,1032.972027041,Kazuki Himeno (Japan),TACKLE BIG,Green,941361,7,A,3000,Japan,28962,Kazuki,Himeno,1,1607
734,1017.119954648526,1025.613244673,Sanaila Waqa (Japan),TACKLE BIG,Yellow,941361,4,A,3000,Japan,23564,Sanaila,Waqa,1,1608
735,1017.2943310657596,1026.540841845,Shuhei Takeuchi (Japan),TACKLE BIG,Green,941361,3,A,3000,Japan,37874,Shuhei,Takeuchi,1,1608
736,1018.4983158143008,1027.5999850635876,Ollie Lawrence (England),CARRY BIG,Green,941361,13,H,550,England,29561,Ollie,Lawrence,1,1610
737,1019.6983814232722,1036.7999616780503,George Martin (England),CARRY BIG,Green,941361,5,H,550,England,35631,George,Martin,1,1610
738,1020.0149206349206,1026.850994374,Naoto Saito (Japan),TACKLE BIG,Green,941361,9,A,3000,Japan,25158,Naoto,Saito,1,1612
739,1020.7986772026028,1034.3999678162213,Maro Itoje (England),RUCK ON FEET BIG,Green,941361,4,H,550,England,20440,Maro,Itoje,1,1612
740,1022.3984312859276,1034.3999678162213,Henry Slade (England),RUCK ON FEET BIG,Green,941361,12,H,550,England,19087,Henry,Slade,1,1613
741,1023.1058503401362,1028.1058503401362,Jone Naikabula (Japan),Defence - Not in Line,Red,941361,11,A,3000,Japan,28091,Jone,Naikabula,1,1613
742,1023.7735147392292,1035.6971279643335,Dylan Riley (Japan),KICK RETREAT,Yellow,941361,13,A,3000,Japan,27652,Dylan,Riley,1,1615
743,1024.4163038548752,1037.659483111,Takato Okabe (Japan),KICK RETREAT,Green,941361,1,A,3000,Japan,32321,Takato,Okabe,1,1616
744,1024.4163038548752,1037.659483111,Shuhei Takeuchi (Japan),KICK RETREAT,Green,941361,3,A,3000,Japan,37874,Shuhei,Takeuchi,1,1616
745,1024.4163038548752,1037.659483111,Sanaila Waqa (Japan),KICK RETREAT,Green,941361,4,A,3000,Japan,23564,Sanaila,Waqa,1,1616
746,1024.4163038548752,1037.659483111,Epineri Uluiviti (Japan),KICK RETREAT,Green,941361,5,A,3000,Japan,26154,Epineri,Uluiviti,1,1616
747,1024.4163038548752,1037.659483111,Kanji Shimokawa (Japan),KICK RETREAT,Green,941361,6,A,3000,Japan,30962,Kanji,Shimokawa,1,1616
748,1024.4163038548752,1037.659483111,Kazuki Himeno (Japan),KICK RETREAT,Green,941361,7,A,3000,Japan,28962,Kazuki,Himeno,1,1616
749,1024.4163038548752,1037.659483111,Faulua Makisi (Japan),KICK RETREAT,Green,941361,8,A,3000,Japan,23417,Faulua,Makisi,1,1616
750,1024.4163038548752,1037.659483111,Naoto Saito (Japan),KICK RETREAT,Green,941361,9,A,3000,Japan,25158,Naoto,Saito,1,1616
751,1024.4163038548752,1037.659483111,Nik McCurran (Japan),KICK RETREAT,Green,941361,10,A,3000,Japan,43557,Nik,McCurran,1,1616
752,1024.4163038548752,1037.659483111,Jone Naikabula (Japan),KICK RETREAT,Green,941361,11,A,3000,Japan,28091,Jone,Naikabula,1,1616
753,1024.4163038548752,1037.659483111,Siosaia Fifita (Japan),KICK RETREAT,Green,941361,12,A,3000,Japan,30973,Siosaia,Fifita,1,1616
754,1024.4163038548752,1037.659483111,Takuro Matsunaga (Japan),KICK RETREAT,Green,941361,15,A,3000,Japan,38312,Takuro,Matsunaga,1,1616
755,1024.571304886,1036.035247117,Ellis Genge (England),KICK CHASE,Green,941361,1,H,550,England,22778,Ellis,Genge,1,1616
756,1024.571304886,1036.035247117,Jamie George (England),KICK CHASE,Green,941361,2,H,550,England,10187,Jamie,George,1,1616
757,1024.571304886,1036.035247117,Will Stuart (England),KICK CHASE,Green,941361,3,H,550,England,24121,Will,Stuart,1,1616
758,1024.571304886,1036.035247117,Maro Itoje (England),KICK CHASE,Green,941361,4,H,550,England,20440,Maro,Itoje,1,1616
759,1024.571304886,1036.035247117,George Martin (England),KICK CHASE,Green,941361,5,H,550,England,35631,George,Martin,1,1616
760,1024.571304886,1036.035247117,Tom Curry (England),KICK CHASE,Green,941361,6,H,550,England,25980,Tom,Curry,1,1616
761,1024.571304886,1036.035247117,Chandler Cunningham-South (England),KICK CHASE,Green,941361,20,H,550,England,44072,Chandler,Cunningham-South,1,1616
762,1024.571304886,1036.035247117,Ben Earl (England),KICK CHASE,Green,941361,8,H,550,England,23732,Ben,Earl,1,1616
763,1025.661088435374,1033.310248155,Seunghyok Lee (Japan),KICK RETREAT,Yellow,941361,2,A,3000,Japan,43664,Seunghyok,Lee,1,1616
764,1027.8004761904765,1038.7006186660165,Jack van Poortvliet (England),KICK CHASE,Green,941361,9,H,550,England,35629,Jack,van Poortvliet,1,1619
765,1027.8004761904765,1038.7006186660165,Ollie Lawrence (England),KICK CHASE,Green,941361,13,H,550,England,29561,Ollie,Lawrence,1,1619
766,1027.8004761904765,1038.7006186660165,Tommy Freeman (England),KICK CHASE,Green,941361,14,H,550,England,35530,Tommy,Freeman,1,1619
767,1029.356617924,1038.3955333703232,Henry Slade (England),KICK CHASE,Yellow,941361,12,H,550,England,19087,Henry,Slade,1,1619
768,1052.118888888889,1067.7003629936771,Will Stuart (England),LINEOUT DEFENCE,Green,941361,3,H,550,England,24121,Will,Stuart,1,1643
769,1052.118888888889,1067.7003629936771,Maro Itoje (England),LINEOUT DEFENCE,Green,941361,4,H,550,England,20440,Maro,Itoje,1,1643
770,1052.118888888889,1067.7003629936771,George Martin (England),LINEOUT DEFENCE,Green,941361,5,H,550,England,35631,George,Martin,1,1643
771,1052.118888888889,1067.7003629936771,Chandler Cunningham-South (England),LINEOUT DEFENCE,Green,941361,20,H,550,England,44072,Chandler,Cunningham-South,1,1643
772,1053.7275056689343,1077.8763265306122,Takato Okabe (Japan),LINEOUT ATTACK,Green,941361,1,A,3000,Japan,32321,Takato,Okabe,1,1644
773,1053.7275056689343,1077.8763265306122,Seunghyok Lee (Japan),LINEOUT ATTACK,Green,941361,2,A,3000,Japan,43664,Seunghyok,Lee,1,1644
774,1053.7275056689343,1077.8763265306122,Epineri Uluiviti (Japan),LINEOUT ATTACK,Green,941361,5,A,3000,Japan,26154,Epineri,Uluiviti,1,1644
775,1054.6826873583202,1077.095215419501,Sanaila Waqa (Japan),LINEOUT ATTACK,Red,941361,4,A,3000,Japan,23564,Sanaila,Waqa,1,1645
776,1055.7432199546486,1072.606755435,Kanji Shimokawa (Japan),RUCK BIG,Green,941361,6,A,3000,Japan,30962,Kanji,Shimokawa,1,1645
777,1057.720022675737,1075.691565913,Seunghyok Lee (Japan),CARRY BIG,Green,941361,2,A,3000,Japan,43664,Seunghyok,Lee,1,1649
778,1059.298242143671,1075.2000324860037,Jamie George (England),JACKLER BIG,Red,941361,2,H,550,England,10187,Jamie,George,1,1650
779,1064.866507936508,1071.608981004,Shuhei Takeuchi (Japan),RUCK ON FEET BIG,Green,941361,3,A,3000,Japan,37874,Shuhei,Takeuchi,1,1656
780,1067.606755435,1073.879244654,Tomoki Osada (Japan),RUCK BIG,Red,941361,14,A,3000,Japan,31059,Tomoki,Osada,1,1659
781,1069.29838258759,1082.700031171682,Tom Curry (England),TACKLE BIG,Green,941361,6,H,550,England,25980,Tom,Curry,1,1659
782,1070.8562358276645,1082.8994862706652,Ben Earl (England),CHARGE DOWN,Gold,941361,8,H,550,England,23732,Ben,Earl,1,1702
783,1070.898626171244,1082.700031171682,Chandler Cunningham-South (England),TACKLE BIG,Green,941361,20,H,550,England,44072,Chandler,Cunningham-South,1,1702
784,1072.819082505,1081.5990697979828,Chandler Cunningham-South (England),CHARGE DOWN,Green,941361,20,H,550,England,44072,Chandler,Cunningham-South,1,1703
785,1103.636099773243,1135.071919859,Jamie George (England),LINEOUT ATTACK,Green,941361,2,H,550,England,10187,Jamie,George,1,1735
786,1103.636099773243,1135.071919859,Maro Itoje (England),LINEOUT ATTACK,Green,941361,4,H,550,England,20440,Maro,Itoje,1,1735
787,1103.636099773243,1135.071919859,George Martin (England),LINEOUT ATTACK,Green,941361,5,H,550,England,35631,George,Martin,1,1735
788,1106.9967531419916,1135.071919859,Tom Curry (England),LINEOUT ATTACK,Green,941361,6,H,550,England,25980,Tom,Curry,1,1735
789,1107.0785034013606,1133.755235952,Takato Okabe (Japan),LINEOUT DEFENCE,Green,941361,1,A,3000,Japan,32321,Takato,Okabe,1,1735
790,1107.0785034013606,1133.755235952,Shuhei Takeuchi (Japan),LINEOUT DEFENCE,Green,941361,3,A,3000,Japan,37874,Shuhei,Takeuchi,1,1735
791,1107.0785034013606,1133.755235952,Epineri Uluiviti (Japan),LINEOUT DEFENCE,Green,941361,5,A,3000,Japan,26154,Epineri,Uluiviti,1,1735
792,1111.4986281193446,1131.3613605442176,Ellis Genge (England),LINEOUT ATTACK,Yellow,941361,1,H,550,England,22778,Ellis,Genge,1,1735
793,1112.4998639455782,1134.7616553287985,Will Stuart (England),LINEOUT ATTACK,Red,941361,3,H,550,England,24121,Will,Stuart,1,1735
794,1112.4998639455782,1134.7616553287985,Chandler Cunningham-South (England),LINEOUT ATTACK,Red,941361,20,H,550,England,44072,Chandler,Cunningham-South,1,1735
795,1117.7785941043085,1134.907732426304,Sanaila Waqa (Japan),LINEOUT DEFENCE,Red,941361,4,A,3000,Japan,23564,Sanaila,Waqa,1,1737
796,1121.2832251716648,1132.7982258793322,Kanji Shimokawa (Japan),LINEOUT DEFENCE,Red,941361,6,A,3000,Japan,30962,Kanji,Shimokawa,1,1752
797,1123.4944245472268,1138.600032590314,Ben Earl (England),CARRY BIG,Green,941361,8,H,550,England,23732,Ben,Earl,1,1756
798,1125.1987483843393,1138.000029769288,Henry Slade (England),RUCK ON FEET BIG,Green,941361,12,H,550,England,19087,Henry,Slade,1,1754
799,1125.3841723356009,1134.8978994,Nik McCurran (Japan),TACKLE BIG,Green,941361,10,A,3000,Japan,43557,Nik,McCurran,1,1754
800,1125.7982174682463,1138.000029769288,Tommy Freeman (England),RUCK ON FEET BIG,Green,941361,14,H,550,England,35530,Tommy,Freeman,1,1754
801,1127.172970521542,1140.517631842,Siosaia Fifita (Japan),TACKLE BIG,Green,941361,12,A,3000,Japan,30973,Siosaia,Fifita,1,1758
802,1129.889954648526,1143.2990613286306,Dylan Riley (Japan),TACKLE BIG,Gold,941361,13,A,3000,Japan,27652,Dylan,Riley,1,1800
803,1130.998485530269,1145.999967363987,Ollie Lawrence (England),CARRY BIG,Yellow,941361,13,H,550,England,29561,Ollie,Lawrence,1,1803
804,1134.2987036136794,1153.4999419556475,George Furbank (England),RUCK BIG,Red,941361,15,H,550,England,25952,George,Furbank,1,1805
805,1254.3853514739228,1268.8991453396773,Sanaila Waqa (Japan),SCRUM ATTACK,Yellow,941361,4,A,3000,Japan,23564,Sanaila,Waqa,1,2003
806,1255.0186621315192,1272.14049177,Epineri Uluiviti (Japan),SCRUM ATTACK,Green,941361,5,A,3000,Japan,26154,Epineri,Uluiviti,1,2003
807,1255.0186621315192,1272.14049177,Kanji Shimokawa (Japan),SCRUM ATTACK,Green,941361,6,A,3000,Japan,30962,Kanji,Shimokawa,1,2003
808,1255.0186621315192,1272.14049177,Kazuki Himeno (Japan),SCRUM ATTACK,Green,941361,7,A,3000,Japan,28962,Kazuki,Himeno,1,2003
809,1255.0186621315192,1272.14049177,Faulua Makisi (Japan),SCRUM ATTACK,Green,941361,8,A,3000,Japan,23417,Faulua,Makisi,1,2003
810,1256.8292290249433,1276.9008514433178,Ellis Genge (England),SCRUM DEFENCE,Green,941361,1,H,550,England,22778,Ellis,Genge,1,2003
811,1256.8292290249433,1276.9008514433178,Jamie George (England),SCRUM DEFENCE,Green,941361,2,H,550,England,10187,Jamie,George,1,2003
812,1256.8292290249433,1276.9008514433178,Maro Itoje (England),SCRUM DEFENCE,Green,941361,4,H,550,England,20440,Maro,Itoje,1,2003
813,1256.8292290249433,1276.9008514433178,Tom Curry (England),SCRUM DEFENCE,Green,941361,6,H,550,England,25980,Tom,Curry,1,2003
814,1256.8292290249433,1276.9008514433178,Chandler Cunningham-South (England),SCRUM DEFENCE,Green,941361,20,H,550,England,44072,Chandler,Cunningham-South,1,2003
815,1256.8292290249433,1276.9008514433178,Ben Earl (England),SCRUM DEFENCE,Green,941361,8,H,550,England,23732,Ben,Earl,1,2003
816,1258.84,1270.8006034856912,Takato Okabe (Japan),SCRUM ATTACK,Red,941361,1,A,3000,Japan,32321,Takato,Okabe,1,2010
817,1258.84,1270.8006034856912,Seunghyok Lee (Japan),SCRUM ATTACK,Red,941361,2,A,3000,Japan,43664,Seunghyok,Lee,1,2010
818,1258.84,1270.8006034856912,Shuhei Takeuchi (Japan),SCRUM ATTACK,Red,941361,3,A,3000,Japan,37874,Shuhei,Takeuchi,1,2010
819,1259.7293197278912,1275.897525395334,George Martin (England),SCRUM DEFENCE,Gold,941361,5,H,550,England,35631,George,Martin,1,2011
820,1259.7843990929705,1271.698234644999,Will Stuart (England),SCRUM DEFENCE,Yellow,941361,3,H,550,England,24121,Will,Stuart,1,2011
821,1261.608185941043,1275.7999179949993,Siosaia Fifita (Japan),RUCK BIG,Green,941361,12,A,3000,Japan,30973,Siosaia,Fifita,1,2013
822,1262.3834613299978,1274.572968648,Dylan Riley (Japan),CARRY BIG,Green,941361,13,A,3000,Japan,27652,Dylan,Riley,1,2013
823,1263.1986532662336,1277.0023877489498,Ollie Lawrence (England),TACKLE BIG,Gold,941361,13,H,550,England,29561,Ollie,Lawrence,1,2012
824,1264.1981915139947,1275.2000674723693,Tom Curry (England),JACKLER ON FEET BIG,Green,941361,6,H,550,England,25980,Tom,Curry,1,2015
825,1264.57816452,1276.0008663566562,Ellis Genge (England),Defence - Not in Line,Red,941361,1,H,550,England,22778,Ellis,Genge,1,2015
826,1264.57816452,1276.0008663566562,Will Stuart (England),Defence - Not in Line,Red,941361,3,H,550,England,24121,Will,Stuart,1,2015
827,1264.57816452,1276.0008663566562,Maro Itoje (England),Defence - Not in Line,Red,941361,4,H,550,England,20440,Maro,Itoje,1,2015
828,1264.57816452,1276.0008663566562,George Martin (England),Defence - Not in Line,Red,941361,5,H,550,England,35631,George,Martin,1,2015
829,1264.57816452,1276.0008663566562,Chandler Cunningham-South (England),Defence - Not in Line,Red,941361,20,H,550,England,44072,Chandler,Cunningham-South,1,2015
830,1265.697664399093,1273.308208351,Takuro Matsunaga (Japan),RUCK BIG,Green,941361,15,A,3000,Japan,38312,Takuro,Matsunaga,1,2017
831,1266.231095602,1288.857049469,Faulua Makisi (Japan),CARRY BIG,Yellow,941361,8,A,3000,Japan,23417,Faulua,Makisi,1,2017
832,1267.7985893592956,1279.199940777344,Chandler Cunningham-South (England),TACKLE BIG,Green,941361,20,H,550,England,44072,Chandler,Cunningham-South,1,2019
833,1269.3971185692938,1279.199940777344,George Martin (England),TACKLE BIG,Green,941361,5,H,550,England,35631,George,Martin,1,2020
834,1269.4770109849894,1284.780524623,Epineri Uluiviti (Japan),RUCK BIG,Yellow,941361,5,A,3000,Japan,26154,Epineri,Uluiviti,1,2020
835,1271.6227891156464,1285.5970936569993,Sanaila Waqa (Japan),RUCK BIG,Red,941361,4,A,3000,Japan,23564,Sanaila,Waqa,1,2023
836,1273.3648979591835,1289.271053511,Seunghyok Lee (Japan),RUCK ON FEET BIG,Green,941361,2,A,3000,Japan,43664,Seunghyok,Lee,1,2024
837,1274.1979824706264,1291.0999769783286,Will Stuart (England),TACKLE ON FEET BIG,Red,941361,3,H,550,England,24121,Will,Stuart,1,2026
838,1274.9984476382856,1291.0999769783286,Ellis Genge (England),TACKLE ON FEET BIG,Red,941361,1,H,550,England,22778,Ellis,Genge,1,2026
839,1277.8439229024943,1293.5962763489993,Shuhei Takeuchi (Japan),RUCK BIG,Green,941361,3,A,3000,Japan,37874,Shuhei,Takeuchi,1,2028
840,1277.9361678004534,1299.7948945179992,Sanaila Waqa (Japan),KICK CHASE,Gold,941361,4,A,3000,Japan,23564,Sanaila,Waqa,1,2028
841,1278.1224036281178,1301.920467287,Takato Okabe (Japan),KICK CHASE,Green,941361,1,A,3000,Japan,32321,Takato,Okabe,1,2029
842,1278.1224036281178,1301.920467287,Seunghyok Lee (Japan),KICK CHASE,Green,941361,2,A,3000,Japan,43664,Seunghyok,Lee,1,2029
843,1278.1224036281178,1301.920467287,Shuhei Takeuchi (Japan),KICK CHASE,Green,941361,3,A,3000,Japan,37874,Shuhei,Takeuchi,1,2029
844,1278.1224036281178,1301.920467287,Epineri Uluiviti (Japan),KICK CHASE,Green,941361,5,A,3000,Japan,26154,Epineri,Uluiviti,1,2029
845,1278.1224036281178,1301.920467287,Faulua Makisi (Japan),KICK CHASE,Green,941361,8,A,3000,Japan,23417,Faulua,Makisi,1,2029
846,1278.1224036281178,1301.920467287,Naoto Saito (Japan),KICK CHASE,Green,941361,9,A,3000,Japan,25158,Naoto,Saito,1,2029
847,1278.1224036281178,1301.920467287,Nik McCurran (Japan),KICK CHASE,Green,941361,10,A,3000,Japan,43557,Nik,McCurran,1,2029
848,1278.1224036281178,1301.920467287,Jone Naikabula (Japan),KICK CHASE,Green,941361,11,A,3000,Japan,28091,Jone,Naikabula,1,2029
849,1278.1224036281178,1301.920467287,Siosaia Fifita (Japan),KICK CHASE,Green,941361,12,A,3000,Japan,30973,Siosaia,Fifita,1,2029
850,1278.1224036281178,1301.920467287,Dylan Riley (Japan),KICK CHASE,Green,941361,13,A,3000,Japan,27652,Dylan,Riley,1,2029
851,1278.998690378238,1299.2998798873552,Maro Itoje (England),KICK RETREAT,Red,941361,4,H,550,England,20440,Maro,Itoje,1,2029
852,1279.4986765855929,1299.2998798873552,Ellis Genge (England),KICK RETREAT,Red,941361,1,H,550,England,22778,Ellis,Genge,1,2029
853,1279.9984012112966,1299.2998798873552,Will Stuart (England),KICK RETREAT,Red,941361,3,H,550,England,24121,Will,Stuart,1,2029
854,1280.974652663,1294.799769916288,Jamie George (England),KICK RETREAT,Green,941361,2,H,550,England,10187,Jamie,George,1,2029
855,1280.974652663,1294.799769916288,George Martin (England),KICK RETREAT,Green,941361,5,H,550,England,35631,George,Martin,1,2029
856,1280.974652663,1294.799769916288,Tom Curry (England),KICK RETREAT,Green,941361,6,H,550,England,25980,Tom,Curry,1,2029
857,1280.974652663,1294.799769916288,Chandler Cunningham-South (England),KICK RETREAT,Green,941361,20,H,550,England,44072,Chandler,Cunningham-South,1,2029
858,1280.974652663,1294.799769916288,Ben Earl (England),KICK RETREAT,Green,941361,8,H,550,England,23732,Ben,Earl,1,2029
859,1280.974652663,1294.799769916288,Jack van Poortvliet (England),KICK RETREAT,Green,941361,9,H,550,England,35629,Jack,van Poortvliet,1,2029
860,1280.974652663,1294.799769916288,Marcus Smith (England),KICK RETREAT,Green,941361,10,H,550,England,26046,Marcus,Smith,1,2029
861,1280.974652663,1294.799769916288,Henry Slade (England),KICK RETREAT,Green,941361,12,H,550,England,19087,Henry,Slade,1,2029
862,1280.974652663,1294.799769916288,Ollie Lawrence (England),KICK RETREAT,Green,941361,13,H,550,England,29561,Ollie,Lawrence,1,2029
863,1280.974652663,1294.799769916288,Tommy Freeman (England),KICK RETREAT,Green,941361,14,H,550,England,35530,Tommy,Freeman,1,2029
864,1282.3533106575965,1290.866106241,Kanji Shimokawa (Japan),RUCK ON FEET BIG,Green,941361,6,A,3000,Japan,30962,Kanji,Shimokawa,1,2034
865,1284.271053511,1291.936331464,Takato Okabe (Japan),CARRY BIG,Green,941361,1,A,3000,Japan,32321,Takato,Okabe,1,2034
866,1286.8701360544217,1301.910634920635,Kanji Shimokawa (Japan),KICK CHASE,Red,941361,6,A,3000,Japan,30962,Kanji,Shimokawa,1,2038
867,1286.8701360544217,1301.910634920635,Kazuki Himeno (Japan),KICK CHASE,Red,941361,7,A,3000,Japan,28962,Kazuki,Himeno,1,2038
868,1289.345531701,1304.452773065,Seunghyok Lee (Japan),JACKLER ON FEET BIG,Yellow,941361,2,A,3000,Japan,43664,Seunghyok,Lee,1,2041
869,1290.5775056689342,1305.7703401360543,Siosaia Fifita (Japan),JACKLER ON FEET BIG,Green,941361,12,A,3000,Japan,30973,Siosaia,Fifita,1,2041
870,1291.3983338872897,1303.499932553612,Ben Earl (England),RUCK ON FEET BIG,Green,941361,8,H,550,England,23732,Ben,Earl,1,2040
871,1291.5998195835375,1303.9000054583512,Ollie Sleightholme (England),CARRY BIG,Green,941361,11,H,550,England,28734,Ollie,Sleightholme,1,2040
872,1291.9960997732426,1310.7003504286497,Shuhei Takeuchi (Japan),TACKLE BIG,Gold,941361,3,A,3000,Japan,37874,Shuhei,Takeuchi,1,2040
873,1295.2988477259996,1304.379871934,Sanaila Waqa (Japan),TACKLE BIG,Red,941361,4,A,3000,Japan,23564,Sanaila,Waqa,1,2046
874,1296.0946297102355,1313.7000527926486,Chandler Cunningham-South (England),CARRY BIG,Red,941361,20,H,550,England,44072,Chandler,Cunningham-South,1,2046
875,1297.9773696145126,1309.724458688,Faulua Makisi (Japan),TACKLE BIG,Green,941361,8,A,3000,Japan,23417,Faulua,Makisi,1,2049
876,1298.4991830286692,1310.00032227902,Henry Slade (England),RUCK BIG,Green,941361,12,H,550,England,19087,Henry,Slade,1,2047
877,1299.6986747783476,1310.00032227902,Jamie George (England),RUCK BIG,Green,941361,2,H,550,England,10187,Jamie,George,1,2051
878,1301.3996802133904,1319.7000251719965,Maro Itoje (England),CARRY BIG,Yellow,941361,4,H,550,England,20440,Maro,Itoje,1,2052
879,1303.798838319324,1315.8001174869514,Ben Earl (England),RUCK ON FEET BIG,Green,941361,8,H,550,England,23732,Ben,Earl,1,2055
880,1304.5983008609664,1315.8001174869514,George Martin (England),RUCK ON FEET BIG,Green,941361,5,H,550,England,35631,George,Martin,1,2056
881,1304.9808163265309,1312.76427799,Seunghyok Lee (Japan),TACKLE BIG,Green,941361,2,A,3000,Japan,43664,Seunghyok,Lee,1,2056
882,1304.9919047619048,1322.697685160666,Siosaia Fifita (Japan),TACKLE BIG,Yellow,941361,12,A,3000,Japan,30973,Siosaia,Fifita,1,2056
883,1308.1976657417067,1324.3001310597251,Ollie Sleightholme (England),RUCK ON FEET BIG,Green,941361,11,H,550,England,28734,Ollie,Sleightholme,1,2059
884,1308.319924548,1316.497401752666,Naoto Saito (Japan),TACKLE BIG,Green,941361,9,A,3000,Japan,25158,Naoto,Saito,1,2059
885,1308.398797255008,1324.0999907542669,Marcus Smith (England),CARRY BIG,Green,941361,10,H,550,England,26046,Marcus,Smith,1,2059
886,1309.338541853,1320.292942553,Tomoki Osada (Japan),JACKLER ON FEET BIG,Green,941361,14,A,3000,Japan,31059,Tomoki,Osada,1,2101
887,1311.215949625,1316.215949625,Shuhei Takeuchi (Japan),Defence - Not in Line,Red,941361,3,A,3000,Japan,37874,Shuhei,Takeuchi,1,2102
888,1311.361047627,1316.361047627,Siosaia Fifita (Japan),Defence - Not in Line,Red,941361,12,A,3000,Japan,30973,Siosaia,Fifita,1,2103
889,1313.1977481922474,1327.700058110059,Ben Earl (England),CARRY BIG,Red,941361,8,H,550,England,23732,Ben,Earl,1,2105
890,1313.6800092919989,1327.170461922,Epineri Uluiviti (Japan),TACKLE BIG,Green,941361,5,A,3000,Japan,26154,Epineri,Uluiviti,1,2105
891,1314.5148979591836,1326.987098555,Faulua Makisi (Japan),TACKLE BIG,Green,941361,8,A,3000,Japan,23417,Faulua,Makisi,1,2106
892,1314.5979546213912,1325.0000454543017,Maro Itoje (England),RUCK ON FEET BIG,Green,941361,4,H,550,England,20440,Maro,Itoje,1,2106
893,1315.5316326530613,1327.303685714,Seunghyok Lee (Japan),TACKLE BIG,Yellow,941361,2,A,3000,Japan,43664,Seunghyok,Lee,1,2106
894,1315.6985551216076,1325.0000454543017,George Martin (England),RUCK ON FEET BIG,Green,941361,5,H,550,England,35631,George,Martin,1,2106
895,1315.7473469387755,1320.7473469387755,Takato Okabe (Japan),Defence - Not in Line,Red,941361,1,A,3000,Japan,32321,Takato,Okabe,1,2106
896,1318.8724263038548,1327.385987283,Shuhei Takeuchi (Japan),TACKLE BIG,Green,941361,3,A,3000,Japan,37874,Shuhei,Takeuchi,1,2110
897,1319.025532879819,1326.772445053,Takato Okabe (Japan),TACKLE BIG,Green,941361,1,A,3000,Japan,32321,Takato,Okabe,1,2110
898,1321.2985095380093,1330.5999991633428,George Martin (England),CARRY BIG,Red,941361,5,H,550,England,35631,George,Martin,1,2111
899,1327.91164406,1337.0978507979996,Jone Naikabula (Japan),TACKLE BIG,Green,941361,11,A,3000,Japan,28091,Jone,Naikabula,1,2119
900,1331.9350793650794,1336.9350793650794,Seunghyok Lee (Japan),Defence - Not in Line,Red,941361,2,A,3000,Japan,43664,Seunghyok,Lee,1,2123
901,1331.9350793650794,1336.9350793650794,Epineri Uluiviti (Japan),Defence - Not in Line,Red,941361,5,A,3000,Japan,26154,Epineri,Uluiviti,1,2123
902,1519.7984987586049,1543.2999512564045,Chandler Cunningham-South (England),CARRY BIG,Green,941361,20,H,550,England,44072,Chandler,Cunningham-South,1,2417
903,1521.121812135,1531.898475276666,Kazuki Himeno (Japan),TACKLE BIG,Green,941361,7,A,3000,Japan,28962,Kazuki,Himeno,1,2418
904,1523.8980883043212,1538.9000175280555,Tom Curry (England),RUCK ON FEET BIG,Green,941361,6,H,550,England,25980,Tom,Curry,1,2421
905,1525.49809642929,1538.9000175280555,George Martin (England),RUCK ON FEET BIG,Green,941361,5,H,550,England,35631,George,Martin,1,2425
906,1526.697686304659,1538.9000175280555,Ellis Genge (England),RUCK ON FEET BIG,Green,941361,1,H,550,England,22778,Ellis,Genge,1,2425
907,1526.7869004490128,1536.597381573994,Epineri Uluiviti (Japan),CHARGE DOWN,Green,941361,5,A,3000,Japan,26154,Epineri,Uluiviti,1,2425
908,1528.609079071,1543.399903751253,Ellis Genge (England),KICK CHASE,Green,941361,1,H,550,England,22778,Ellis,Genge,1,2425
909,1528.609079071,1543.399903751253,Will Stuart (England),KICK CHASE,Green,941361,3,H,550,England,24121,Will,Stuart,1,2425
910,1528.609079071,1543.399903751253,Maro Itoje (England),KICK CHASE,Green,941361,4,H,550,England,20440,Maro,Itoje,1,2425
911,1528.609079071,1543.399903751253,George Martin (England),KICK CHASE,Green,941361,5,H,550,England,35631,George,Martin,1,2425
912,1528.609079071,1543.399903751253,Tom Curry (England),KICK CHASE,Green,941361,6,H,550,England,25980,Tom,Curry,1,2425
913,1528.609079071,1543.399903751253,Chandler Cunningham-South (England),KICK CHASE,Green,941361,20,H,550,England,44072,Chandler,Cunningham-South,1,2425
914,1528.609079071,1543.399903751253,Ben Earl (England),KICK CHASE,Green,941361,8,H,550,England,23732,Ben,Earl,1,2425
915,1528.609079071,1543.399903751253,Jack van Poortvliet (England),KICK CHASE,Green,941361,9,H,550,England,35629,Jack,van Poortvliet,1,2425
916,1528.609079071,1543.399903751253,Henry Slade (England),KICK CHASE,Green,941361,12,H,550,England,19087,Henry,Slade,1,2425
917,1528.609079071,1543.399903751253,Ollie Lawrence (England),KICK CHASE,Green,941361,13,H,550,England,29561,Ollie,Lawrence,1,2425
918,1528.609079071,1543.399903751253,Tommy Freeman (England),KICK CHASE,Green,941361,14,H,550,England,35530,Tommy,Freeman,1,2425
919,1528.7678458049886,1544.497507030658,Ollie Sleightholme (England),KICK CHASE,Green,941361,11,H,550,England,28734,Ollie,Sleightholme,1,2425
920,1528.8184807256237,1544.660731761,Takato Okabe (Japan),KICK RETREAT,Green,941361,1,A,3000,Japan,32321,Takato,Okabe,1,2425
921,1528.8184807256237,1544.660731761,Seunghyok Lee (Japan),KICK RETREAT,Green,941361,2,A,3000,Japan,43664,Seunghyok,Lee,1,2425
922,1528.8184807256237,1544.660731761,Shuhei Takeuchi (Japan),KICK RETREAT,Green,941361,3,A,3000,Japan,37874,Shuhei,Takeuchi,1,2425
923,1528.8184807256237,1544.660731761,Sanaila Waqa (Japan),KICK RETREAT,Green,941361,4,A,3000,Japan,23564,Sanaila,Waqa,1,2425
924,1528.8184807256237,1544.660731761,Epineri Uluiviti (Japan),KICK RETREAT,Green,941361,5,A,3000,Japan,26154,Epineri,Uluiviti,1,2425
925,1528.8184807256237,1544.660731761,Kanji Shimokawa (Japan),KICK RETREAT,Green,941361,6,A,3000,Japan,30962,Kanji,Shimokawa,1,2425
926,1528.8184807256237,1544.660731761,Kazuki Himeno (Japan),KICK RETREAT,Green,941361,7,A,3000,Japan,28962,Kazuki,Himeno,1,2425
927,1528.8184807256237,1544.660731761,Faulua Makisi (Japan),KICK RETREAT,Green,941361,8,A,3000,Japan,23417,Faulua,Makisi,1,2425
928,1528.8184807256237,1544.660731761,Naoto Saito (Japan),KICK RETREAT,Green,941361,9,A,3000,Japan,25158,Naoto,Saito,1,2425
929,1528.8184807256237,1544.660731761,Jone Naikabula (Japan),KICK RETREAT,Green,941361,11,A,3000,Japan,28091,Jone,Naikabula,1,2425
930,1528.8184807256237,1544.660731761,Siosaia Fifita (Japan),KICK RETREAT,Green,941361,12,A,3000,Japan,30973,Siosaia,Fifita,1,2425
931,1528.8184807256237,1544.660731761,Dylan Riley (Japan),KICK RETREAT,Green,941361,13,A,3000,Japan,27652,Dylan,Riley,1,2425
932,1528.8184807256237,1544.660731761,Tomoki Osada (Japan),KICK RETREAT,Green,941361,14,A,3000,Japan,31059,Tomoki,Osada,1,2425
933,1529.251022682,1542.508041017726,Jamie George (England),KICK CHASE,Gold,941361,2,H,550,England,10187,Jamie,George,1,2425
934,1531.3984311093263,1538.9000175280555,Maro Itoje (England),RUCK ON FEET BIG,Green,941361,4,H,550,England,20440,Maro,Itoje,1,2426
935,1693.0835743596765,1713.0009895889928,Takato Okabe (Japan),LINEOUT DEFENCE,Green,941361,1,A,3000,Japan,32321,Takato,Okabe,1,2713
936,1694.204089442,1713.0009895889928,Shuhei Takeuchi (Japan),LINEOUT DEFENCE,Green,941361,3,A,3000,Japan,37874,Shuhei,Takeuchi,1,2713
937,1694.204089442,1713.0009895889928,Sanaila Waqa (Japan),LINEOUT DEFENCE,Green,941361,4,A,3000,Japan,23564,Sanaila,Waqa,1,2713
938,1694.204089442,1713.0009895889928,Kanji Shimokawa (Japan),LINEOUT DEFENCE,Green,941361,6,A,3000,Japan,30962,Kanji,Shimokawa,1,2713
939,1694.204089442,1713.0009895889928,Kazuki Himeno (Japan),LINEOUT DEFENCE,Green,941361,7,A,3000,Japan,28962,Kazuki,Himeno,1,2713
940,1695.651156462585,1711.830945537,Ellis Genge (England),LINEOUT ATTACK,Green,941361,1,H,550,England,22778,Ellis,Genge,1,2713
941,1695.651156462585,1711.830945537,Will Stuart (England),LINEOUT ATTACK,Green,941361,3,H,550,England,24121,Will,Stuart,1,2713
942,1695.651156462585,1711.830945537,Maro Itoje (England),LINEOUT ATTACK,Green,941361,4,H,550,England,20440,Maro,Itoje,1,2713
943,1695.651156462585,1711.830945537,George Martin (England),LINEOUT ATTACK,Green,941361,5,H,550,England,35631,George,Martin,1,2713
944,1695.651156462585,1711.830945537,Tom Curry (England),LINEOUT ATTACK,Green,941361,6,H,550,England,25980,Tom,Curry,1,2713
945,1695.651156462585,1711.830945537,Chandler Cunningham-South (England),LINEOUT ATTACK,Green,941361,20,H,550,England,44072,Chandler,Cunningham-South,1,2713
946,1695.94437237,1711.830945537,Ben Earl (England),LINEOUT ATTACK,Green,941361,8,H,550,England,23732,Ben,Earl,1,2713
947,1696.3325850340136,1711.4008759543508,Sanaila Waqa (Japan),LINEOUT DEFENCE,Red,941361,4,A,3000,Japan,23564,Sanaila,Waqa,1,2713
948,1696.3325850340136,1711.4008759543508,Epineri Uluiviti (Japan),LINEOUT DEFENCE,Red,941361,5,A,3000,Japan,26154,Epineri,Uluiviti,1,2713
949,1697.2988447356734,1711.830945537,Jamie George (England),LINEOUT ATTACK,Green,941361,2,H,550,England,10187,Jamie,George,1,2716
950,1699.5609977324264,1718.1957846289918,Kanji Shimokawa (Japan),LINEOUT DEFENCE,Gold,941361,6,A,3000,Japan,30962,Kanji,Shimokawa,1,2717
951,1701.9873015873015,1714.6983329746529,Siosaia Fifita (Japan),Defence - Not in Line,Red,941361,12,A,3000,Japan,30973,Siosaia,Fifita,1,2720
952,1702.1595238095238,1731.388253968254,Jamie George (England),RUCK BIG,Gold,941361,2,H,550,England,10187,Jamie,George,1,2720
953,1702.208084203,1711.823463033,Nik McCurran (Japan),TACKLE BIG,Gold,941361,10,A,3000,Japan,43557,Nik,McCurran,1,2720
954,1703.1983972010155,1715.799557659718,Ollie Sleightholme (England),CARRY BIG,Green,941361,11,H,550,England,28734,Ollie,Sleightholme,1,2721
955,1703.1984733868785,1716.100019512092,Ollie Lawrence (England),RUCK BIG,Green,941361,13,H,550,England,29561,Ollie,Lawrence,1,2721
956,1703.559977324263,1715.7981137639888,Kanji Shimokawa (Japan),Defence - Not in Line,Red,941361,6,A,3000,Japan,30962,Kanji,Shimokawa,1,2721
957,1703.9814965986395,1714.073775305,Faulua Makisi (Japan),JACKLER BIG,Green,941361,8,A,3000,Japan,23417,Faulua,Makisi,1,2722
958,1704.9771882086168,1730.299231018333,Siosaia Fifita (Japan),TACKLE BIG,Yellow,941361,12,A,3000,Japan,30973,Siosaia,Fifita,1,2722
959,1706.9986174136293,1721.8998995386787,Ellis Genge (England),CARRY BIG,Red,941361,1,H,550,England,22778,Ellis,Genge,1,2725
960,1707.7167346938777,1717.336172117,Kanji Shimokawa (Japan),TACKLE ON FEET BIG,Green,941361,6,A,3000,Japan,30962,Kanji,Shimokawa,1,2725
961,1711.2726757369614,1722.904813554,Takato Okabe (Japan),TACKLE BIG,Green,941361,1,A,3000,Japan,32321,Takato,Okabe,1,2730
962,1712.6987121233087,1726.8000049790137,Will Stuart (England),RUCK ON FEET BIG,Green,941361,3,H,550,England,24121,Will,Stuart,1,2730
963,1713.0416553287982,1720.96559385,Seunghyok Lee (Japan),TACKLE BIG,Green,941361,2,A,3000,Japan,43664,Seunghyok,Lee,1,2731
964,1713.3943058002662,1729.200021841249,Chandler Cunningham-South (England),CARRY BIG,Green,941361,20,H,550,England,44072,Chandler,Cunningham-South,1,2731
965,1713.3985561639463,1726.8000049790137,Tom Curry (England),RUCK ON FEET BIG,Green,941361,6,H,550,England,25980,Tom,Curry,1,2731
966,1714.624126984127,1726.8018279906564,Faulua Makisi (Japan),Defence - Not in Line,Red,941361,8,A,3000,Japan,23417,Faulua,Makisi,1,2732
967,1716.185238095238,1729.202212887,Kazuki Himeno (Japan),TACKLE BIG,Green,941361,7,A,3000,Japan,28962,Kazuki,Himeno,1,2734
968,1718.099003066583,1734.5999613166334,Marcus Smith (England),CARRY BIG,Yellow,941361,10,H,550,England,26046,Marcus,Smith,1,2736
969,1719.8980743309255,1733.3999716653298,Ben Earl (England),RUCK ON FEET BIG,Green,941361,8,H,550,England,23732,Ben,Earl,1,2735
970,1721.113888474,1726.113888474,Jone Naikabula (Japan),Defence - Not in Line,Red,941361,11,A,3000,Japan,28091,Jone,Naikabula,1,2738
971,1721.498772082338,1733.3999716653298,George Martin (England),RUCK ON FEET BIG,Green,941361,5,H,550,England,35631,George,Martin,1,2740
972,2102.2342857142858,2120.6007314140106,Jamie George (England),LINEOUT ATTACK,Green,941361,2,H,550,England,10187,Jamie,George,1,3225
973,2102.2342857142858,2120.6007314140106,Will Stuart (England),LINEOUT ATTACK,Green,941361,3,H,550,England,24121,Will,Stuart,1,3225
974,2102.2342857142858,2120.6007314140106,Maro Itoje (England),LINEOUT ATTACK,Green,941361,4,H,550,England,20440,Maro,Itoje,1,3225
975,2102.2342857142858,2120.6007314140106,George Martin (England),LINEOUT ATTACK,Green,941361,5,H,550,England,35631,George,Martin,1,3225
976,2102.2342857142858,2120.6007314140106,Chandler Cunningham-South (England),LINEOUT ATTACK,Green,941361,20,H,550,England,44072,Chandler,Cunningham-South,1,3225
977,2102.2497505668935,2119.777185395,Takato Okabe (Japan),LINEOUT DEFENCE,Green,941361,1,A,3000,Japan,32321,Takato,Okabe,1,3225
978,2102.2497505668935,2119.777185395,Epineri Uluiviti (Japan),LINEOUT DEFENCE,Green,941361,5,A,3000,Japan,26154,Epineri,Uluiviti,1,3225
979,2102.2497505668935,2119.777185395,Kanji Shimokawa (Japan),LINEOUT DEFENCE,Green,941361,6,A,3000,Japan,30962,Kanji,Shimokawa,1,3225
980,2104.593286963,2120.6007314140106,Tom Curry (England),LINEOUT ATTACK,Green,941361,6,H,550,England,25980,Tom,Curry,1,3226
981,2108.69736355292,2143.800027425723,Jamie George (England),CARRY BIG,Green,941361,2,H,550,England,10187,Jamie,George,1,3232
982,2109.238707482993,2119.2985895903394,Sanaila Waqa (Japan),LINEOUT DEFENCE,Red,941361,4,A,3000,Japan,23564,Sanaila,Waqa,1,3232
983,2110.070127961,2123.828964772,Shuhei Takeuchi (Japan),TACKLE ON FEET BIG,Green,941361,3,A,3000,Japan,37874,Shuhei,Takeuchi,1,3234
984,2110.371088435374,2117.69426862,Seunghyok Lee (Japan),TACKLE BIG,Green,941361,2,A,3000,Japan,43664,Seunghyok,Lee,1,3234
985,2111.7985311739913,2126.700437400111,Chandler Cunningham-South (England),RUCK ON FEET BIG,Green,941361,20,H,550,England,44072,Chandler,Cunningham-South,1,3235
986,2111.9050566893425,2130.6780498866215,Ben Earl (England),KICK CHASE,Green,941361,8,H,550,England,23732,Ben,Earl,1,3235
987,2113.0513832199545,2138.831956976,Henry Slade (England),KICK CHASE,Green,941361,12,H,550,England,19087,Henry,Slade,1,3235
988,2113.167437641723,2133.166958064,Takato Okabe (Japan),KICK RETREAT,Green,941361,1,A,3000,Japan,32321,Takato,Okabe,1,3235
989,2113.167437641723,2133.166958064,Seunghyok Lee (Japan),KICK RETREAT,Green,941361,2,A,3000,Japan,43664,Seunghyok,Lee,1,3235
990,2113.167437641723,2133.166958064,Shuhei Takeuchi (Japan),KICK RETREAT,Green,941361,3,A,3000,Japan,37874,Shuhei,Takeuchi,1,3235
991,2113.167437641723,2133.166958064,Sanaila Waqa (Japan),KICK RETREAT,Green,941361,4,A,3000,Japan,23564,Sanaila,Waqa,1,3235
992,2113.167437641723,2133.166958064,Kanji Shimokawa (Japan),KICK RETREAT,Green,941361,6,A,3000,Japan,30962,Kanji,Shimokawa,1,3235
993,2113.167437641723,2133.166958064,Kazuki Himeno (Japan),KICK RETREAT,Green,941361,7,A,3000,Japan,28962,Kazuki,Himeno,1,3235
994,2113.167437641723,2133.166958064,Faulua Makisi (Japan),KICK RETREAT,Green,941361,8,A,3000,Japan,23417,Faulua,Makisi,1,3235
995,2113.167437641723,2133.166958064,Naoto Saito (Japan),KICK RETREAT,Green,941361,9,A,3000,Japan,25158,Naoto,Saito,1,3235
996,2113.167437641723,2133.166958064,Nik McCurran (Japan),KICK RETREAT,Green,941361,10,A,3000,Japan,43557,Nik,McCurran,1,3235
997,2113.167437641723,2133.166958064,Jone Naikabula (Japan),KICK RETREAT,Green,941361,11,A,3000,Japan,28091,Jone,Naikabula,1,3235
998,2113.167437641723,2133.166958064,Siosaia Fifita (Japan),KICK RETREAT,Green,941361,12,A,3000,Japan,30973,Siosaia,Fifita,1,3235
999,2113.167437641723,2133.166958064,Dylan Riley (Japan),KICK RETREAT,Green,941361,13,A,3000,Japan,27652,Dylan,Riley,1,3235
1000,2113.994036281179,2132.278935733,Maro Itoje (England),KICK CHASE,Red,941361,4,H,550,England,20440,Maro,Itoje,1,3239
1001,2114.198427381294,2126.700437400111,Maro Itoje (England),RUCK ON FEET BIG,Green,941361,4,H,550,England,20440,Maro,Itoje,1,3239
1002,2115.0574603174605,2131.2998311416663,George Martin (England),KICK CHASE,Green,941361,5,H,550,England,35631,George,Martin,1,3239
1003,2115.6980450068904,2126.700437400111,Will Stuart (England),RUCK ON FEET BIG,Green,941361,3,H,550,England,24121,Will,Stuart,1,3239
1004,2116.044058956916,2130.596404701333,Tom Curry (England),KICK CHASE,Green,941361,6,H,550,England,25980,Tom,Curry,1,3239
1005,2116.160136054422,2135.2988565636665,Chandler Cunningham-South (England),KICK CHASE,Red,941361,20,H,550,England,44072,Chandler,Cunningham-South,1,3239
1006,2116.1681632653062,2130.300110576983,Ollie Lawrence (England),KICK CHASE,Gold,941361,13,H,550,England,29561,Ollie,Lawrence,1,3239
1007,2116.8410884353743,2130.197192818333,Tommy Freeman (England),KICK CHASE,Green,941361,14,H,550,England,35530,Tommy,Freeman,1,3239
1008,2117.405670332,2128.90001074129,Ellis Genge (England),KICK CHASE,Green,941361,1,H,550,England,22778,Ellis,Genge,1,3239
1009,2117.405670332,2128.90001074129,Jamie George (England),KICK CHASE,Gold,941361,2,H,550,England,10187,Jamie,George,1,3239
1010,2117.405670332,2128.90001074129,Will Stuart (England),KICK CHASE,Green,941361,3,H,550,England,24121,Will,Stuart,1,3239
1011,2117.405670332,2128.90001074129,Jack van Poortvliet (England),KICK CHASE,Green,941361,9,H,550,England,35629,Jack,van Poortvliet,1,3239
1012,2117.405670332,2128.90001074129,Ollie Sleightholme (England),KICK CHASE,Green,941361,11,H,550,England,28734,Ollie,Sleightholme,1,3239
1013,2118.497768136,2123.497768136,Epineri Uluiviti (Japan),CHARGE DOWN,Green,941361,5,A,3000,Japan,26154,Epineri,Uluiviti,1,3240
1014,2123.224716553288,2132.206699597,Tom Curry (England),JACKLER BIG,Green,941361,6,H,550,England,25980,Tom,Curry,1,3247
1015,2123.8343310657597,2137.2979060559996,Epineri Uluiviti (Japan),KICK RETREAT,Red,941361,5,A,3000,Japan,26154,Epineri,Uluiviti,1,3247
1016,2124.397760458367,2134.4000359179963,Tommy Freeman (England),TACKLE BIG,Green,941361,14,H,550,England,35530,Tommy,Freeman,1,3247
1017,2124.6815053393334,2139.515795713,Faulua Makisi (Japan),RUCK BIG,Green,941361,8,A,3000,Japan,23417,Faulua,Makisi,1,3245
1018,2125.5245578231293,2145.8987231923315,Kanji Shimokawa (Japan),RUCK BIG,Gold,941361,6,A,3000,Japan,30962,Kanji,Shimokawa,1,3245
1019,2125.754155909,2138.966419848,Ben Earl (England),JACKLER ON FEET BIG,Red,941361,8,H,550,England,23732,Ben,Earl,1,3245
1020,2126.79840620558,2136.700052010958,George Martin (England),RUCK ON FEET BIG,Green,941361,5,H,550,England,35631,George,Martin,1,3250
1021,2129.298475666923,2143.900007647951,Jamie George (England),TACKLE BIG,Green,941361,2,H,550,England,10187,Jamie,George,1,3252
1022,2129.768934240363,2140.199168111999,Takato Okabe (Japan),RUCK BIG,Green,941361,1,A,3000,Japan,32321,Takato,Okabe,1,3253
1023,2129.7829969583327,2138.739157205,Jone Naikabula (Japan),CARRY BIG,Green,941361,11,A,3000,Japan,28091,Jone,Naikabula,1,3253
1024,2134.245582715,2141.6947925699997,Seunghyok Lee (Japan),RUCK BIG,Green,941361,2,A,3000,Japan,43664,Seunghyok,Lee,1,3257
1025,2135.398323950625,2149.600003078669,Will Stuart (England),TACKLE BIG,Yellow,941361,3,H,550,England,24121,Will,Stuart,1,3258
1026,2135.648196487,2144.180679427,Shuhei Takeuchi (Japan),CARRY BIG,Red,941361,3,A,3000,Japan,37874,Shuhei,Takeuchi,1,3258
1027,2135.698079938999,2145.9986108546664,Takato Okabe (Japan),RUCK ON FEET BIG,Green,941361,1,A,3000,Japan,32321,Takato,Okabe,1,3259
1028,2136.7258503401363,2141.7258503401363,George Martin (England),Defence - Not in Line,Red,941361,5,H,550,England,35631,George,Martin,1,3259
1029,2136.7258503401363,2141.7258503401363,Henry Slade (England),Defence - Not in Line,Red,941361,12,H,550,England,19087,Henry,Slade,1,3259
1030,2137.097709750567,2145.852991995,Sanaila Waqa (Japan),RUCK ON FEET BIG,Red,941361,4,A,3000,Japan,23564,Sanaila,Waqa,1,3300
1031,2139.2991721682765,2149.1000163764343,Ollie Sleightholme (England),TACKLE ON FEET BIG,Green,941361,11,H,550,England,28734,Ollie,Sleightholme,1,3303
1032,2140.031882086168,2156.5987125189995,Naoto Saito (Japan),LINEBREAK ATTACK,Gold,941361,9,A,3000,Japan,25158,Naoto,Saito,1,3303
1033,2144.498566446944,2158.3000419056416,Jack van Poortvliet (England),LINEBREAK DEFENCE,Gold,941361,9,H,550,England,35629,Jack,van Poortvliet,1,3306
1034,2144.9987106142985,2158.3000419056416,Marcus Smith (England),LINEBREAK DEFENCE,Gold,941361,10,H,550,England,26046,Marcus,Smith,1,3306
1035,2239.1870847076666,2254.5979554166665,Tommy Freeman (England),TACKLE BIG,Green,941361,14,H,550,England,35530,Tommy,Freeman,1,3441
1036,2244.298358224704,2261.399995972343,Jamie George (England),TACKLE BIG,Yellow,941361,2,H,550,England,10187,Jamie,George,1,3447
1037,2246.3890571013317,2263.704780893,Dylan Riley (Japan),CARRY BIG,Yellow,941361,13,A,3000,Japan,27652,Dylan,Riley,1,3451
1038,2249.282828221999,2262.658608473,Faulua Makisi (Japan),RUCK BIG,Red,941361,8,A,3000,Japan,23417,Faulua,Makisi,1,3453
1039,2250.3873447239994,2267.4992936243325,Seunghyok Lee (Japan),RUCK BIG,Green,941361,2,A,3000,Japan,43664,Seunghyok,Lee,1,3453
1040,2250.398701033989,2268.9000987843106,Chandler Cunningham-South (England),TACKLE BIG,Green,941361,20,H,550,England,44072,Chandler,Cunningham-South,1,3453
1041,2251.0982795753134,2268.9000987843106,Ollie Lawrence (England),TACKLE BIG,Green,941361,13,H,550,England,29561,Ollie,Lawrence,1,3455
1042,2251.420621426,2257.37814757,Kazuki Himeno (Japan),RUCK BIG,Green,941361,7,A,3000,Japan,28962,Kazuki,Himeno,1,3455
1043,2252.37814757,2259.085971351,Siosaia Fifita (Japan),RUCK BIG,Green,941361,12,A,3000,Japan,30973,Siosaia,Fifita,1,3455
1044,2257.276568403666,2267.366996563,Shuhei Takeuchi (Japan),RUCK ON FEET BIG,Green,941361,3,A,3000,Japan,37874,Shuhei,Takeuchi,1,3454
1045,2258.3520181405897,2274.41812416,Takato Okabe (Japan),KICK CHASE,Green,941361,1,A,3000,Japan,32321,Takato,Okabe,1,3454
1046,2258.3520181405897,2274.41812416,Seunghyok Lee (Japan),KICK CHASE,Green,941361,2,A,3000,Japan,43664,Seunghyok,Lee,1,3454
1047,2258.3520181405897,2274.41812416,Shuhei Takeuchi (Japan),KICK CHASE,Green,941361,3,A,3000,Japan,37874,Shuhei,Takeuchi,1,3454
1048,2258.3520181405897,2274.41812416,Sanaila Waqa (Japan),KICK CHASE,Green,941361,4,A,3000,Japan,23564,Sanaila,Waqa,1,3454
1049,2258.3520181405897,2274.41812416,Epineri Uluiviti (Japan),KICK CHASE,Green,941361,5,A,3000,Japan,26154,Epineri,Uluiviti,1,3454
1050,2258.3520181405897,2274.41812416,Kanji Shimokawa (Japan),KICK CHASE,Green,941361,6,A,3000,Japan,30962,Kanji,Shimokawa,1,3454
1051,2258.3520181405897,2274.41812416,Kazuki Himeno (Japan),KICK CHASE,Green,941361,7,A,3000,Japan,28962,Kazuki,Himeno,1,3454
1052,2258.3520181405897,2274.41812416,Faulua Makisi (Japan),KICK CHASE,Green,941361,8,A,3000,Japan,23417,Faulua,Makisi,1,3454
1053,2258.3520181405897,2274.41812416,Nik McCurran (Japan),KICK CHASE,Green,941361,10,A,3000,Japan,43557,Nik,McCurran,1,3454
1054,2258.3520181405897,2274.41812416,Siosaia Fifita (Japan),KICK CHASE,Green,941361,12,A,3000,Japan,30973,Siosaia,Fifita,1,3454
1055,2258.3520181405897,2274.41812416,Tomoki Osada (Japan),KICK CHASE,Green,941361,14,A,3000,Japan,31059,Tomoki,Osada,1,3454
1056,2259.301681836,2272.2999231429408,Ellis Genge (England),KICK RETREAT,Green,941361,1,H,550,England,22778,Ellis,Genge,1,3503
1057,2259.301681836,2272.2999231429408,Jamie George (England),KICK RETREAT,Green,941361,2,H,550,England,10187,Jamie,George,1,3503
1058,2259.301681836,2272.2999231429408,Will Stuart (England),KICK RETREAT,Green,941361,3,H,550,England,24121,Will,Stuart,1,3503
1059,2259.301681836,2272.2999231429408,Maro Itoje (England),KICK RETREAT,Green,941361,4,H,550,England,20440,Maro,Itoje,1,3503
1060,2259.301681836,2272.2999231429408,George Martin (England),KICK RETREAT,Green,941361,5,H,550,England,35631,George,Martin,1,3503
1061,2259.301681836,2272.2999231429408,Tom Curry (England),KICK RETREAT,Green,941361,6,H,550,England,25980,Tom,Curry,1,3503
1062,2259.301681836,2272.2999231429408,Chandler Cunningham-South (England),KICK RETREAT,Green,941361,20,H,550,England,44072,Chandler,Cunningham-South,1,3503
1063,2259.301681836,2272.2999231429408,Ben Earl (England),KICK RETREAT,Green,941361,8,H,550,England,23732,Ben,Earl,1,3503
1064,2259.301681836,2272.2999231429408,Jack van Poortvliet (England),KICK RETREAT,Green,941361,9,H,550,England,35629,Jack,van Poortvliet,1,3503
1065,2259.301681836,2272.2999231429408,Ollie Sleightholme (England),KICK RETREAT,Green,941361,11,H,550,England,28734,Ollie,Sleightholme,1,3503
1066,2259.301681836,2272.2999231429408,Henry Slade (England),KICK RETREAT,Green,941361,12,H,550,England,19087,Henry,Slade,1,3503
1067,2259.301681836,2272.2999231429408,Ollie Lawrence (England),KICK RETREAT,Green,941361,13,H,550,England,29561,Ollie,Lawrence,1,3503
1068,2259.301681836,2272.2999231429408,Tommy Freeman (England),KICK RETREAT,Green,941361,14,H,550,England,35530,Tommy,Freeman,1,3503
1069,2260.245978363,2275.497965403334,Dylan Riley (Japan),KICK CHASE,Yellow,941361,13,A,3000,Japan,27652,Dylan,Riley,1,3504
1070,2261.8702494331064,2266.8702494331064,Epineri Uluiviti (Japan),CARRY BIG,Green,941361,5,A,3000,Japan,26154,Epineri,Uluiviti,1,3506
1071,2263.398168289691,2283.700085034676,Marcus Smith (England),CARRY BIG,Green,941361,10,H,550,England,26046,Marcus,Smith,1,3506
1072,2263.996860936,2274.1992260019983,Tomoki Osada (Japan),TACKLE BIG,Gold,941361,14,A,3000,Japan,31059,Tomoki,Osada,1,3508
1073,2264.065419501134,2283.039335082,Nik McCurran (Japan),TACKLE BIG,Green,941361,10,A,3000,Japan,43557,Nik,McCurran,1,3508
1074,2265.1982800026753,2280.2000524206696,Henry Slade (England),RUCK ON FEET BIG,Green,941361,12,H,550,England,19087,Henry,Slade,1,3508
1075,2267.8985449191905,2280.2000524206696,Tom Curry (England),RUCK ON FEET BIG,Green,941361,6,H,550,England,25980,Tom,Curry,1,3512
1076,2268.896567001932,2280.2000524206696,Maro Itoje (England),RUCK ON FEET BIG,Green,941361,4,H,550,England,20440,Maro,Itoje,1,3512
1077,2271.0984327343403,2288.075897978378,Will Stuart (England),CARRY BIG,Red,941361,3,H,550,England,24121,Will,Stuart,1,3515
1078,2272.782267573696,2281.121323617,Shuhei Takeuchi (Japan),TACKLE BIG,Green,941361,3,A,3000,Japan,37874,Shuhei,Takeuchi,1,3516
1079,2273.4981842669094,2291.400062975663,Jamie George (England),RUCK ON FEET BIG,Green,941361,2,H,550,England,10187,Jamie,George,1,3517
1080,2275.398970059649,2291.400062975663,Ellis Genge (England),RUCK ON FEET BIG,Green,941361,1,H,550,England,22778,Ellis,Genge,1,3517
1081,2278.197745048376,2290.599993508017,Ollie Sleightholme (England),KICK CHASE,Green,941361,11,H,550,England,28734,Ollie,Sleightholme,1,3514
1082,2278.3975053506892,2291.400062975663,Maro Itoje (England),RUCK ON FEET BIG,Green,941361,4,H,550,England,20440,Maro,Itoje,1,3514
1083,2278.4590702947844,2295.735238095238,Takato Okabe (Japan),KICK RETREAT,Green,941361,1,A,3000,Japan,32321,Takato,Okabe,1,3514
1084,2278.4590702947844,2295.735238095238,Seunghyok Lee (Japan),KICK RETREAT,Green,941361,2,A,3000,Japan,43664,Seunghyok,Lee,1,3514
1085,2278.4590702947844,2295.735238095238,Shuhei Takeuchi (Japan),KICK RETREAT,Green,941361,3,A,3000,Japan,37874,Shuhei,Takeuchi,1,3514
1086,2278.4590702947844,2295.735238095238,Sanaila Waqa (Japan),KICK RETREAT,Green,941361,4,A,3000,Japan,23564,Sanaila,Waqa,1,3514
1087,2278.4590702947844,2295.735238095238,Epineri Uluiviti (Japan),KICK RETREAT,Green,941361,5,A,3000,Japan,26154,Epineri,Uluiviti,1,3514
1088,2278.4590702947844,2295.735238095238,Kanji Shimokawa (Japan),KICK RETREAT,Green,941361,6,A,3000,Japan,30962,Kanji,Shimokawa,1,3514
1089,2278.4590702947844,2295.735238095238,Kazuki Himeno (Japan),KICK RETREAT,Green,941361,7,A,3000,Japan,28962,Kazuki,Himeno,1,3514
1090,2278.4590702947844,2295.735238095238,Faulua Makisi (Japan),KICK RETREAT,Green,941361,8,A,3000,Japan,23417,Faulua,Makisi,1,3514
1091,2278.4590702947844,2295.735238095238,Naoto Saito (Japan),KICK RETREAT,Green,941361,9,A,3000,Japan,25158,Naoto,Saito,1,3514
1092,2278.4590702947844,2295.735238095238,Nik McCurran (Japan),KICK RETREAT,Green,941361,10,A,3000,Japan,43557,Nik,McCurran,1,3514
1093,2278.4590702947844,2295.735238095238,Siosaia Fifita (Japan),KICK RETREAT,Green,941361,12,A,3000,Japan,30973,Siosaia,Fifita,1,3514
1094,2278.4590702947844,2295.735238095238,Dylan Riley (Japan),KICK RETREAT,Green,941361,13,A,3000,Japan,27652,Dylan,Riley,1,3514
1095,2278.4590702947844,2295.735238095238,Tomoki Osada (Japan),KICK RETREAT,Green,941361,14,A,3000,Japan,31059,Tomoki,Osada,1,3514
1096,2278.8987556419215,2291.400062975663,George Martin (England),RUCK ON FEET BIG,Green,941361,5,H,550,England,35631,George,Martin,1,3514
1097,2279.331539954,2290.9000516640504,Ellis Genge (England),KICK CHASE,Green,941361,1,H,550,England,22778,Ellis,Genge,1,3514
1098,2279.331539954,2290.9000516640504,Jamie George (England),KICK CHASE,Green,941361,2,H,550,England,10187,Jamie,George,1,3514
1099,2279.331539954,2290.9000516640504,Will Stuart (England),KICK CHASE,Green,941361,3,H,550,England,24121,Will,Stuart,1,3514
1100,2279.331539954,2290.9000516640504,Maro Itoje (England),KICK CHASE,Green,941361,4,H,550,England,20440,Maro,Itoje,1,3514
1101,2279.331539954,2290.9000516640504,George Martin (England),KICK CHASE,Green,941361,5,H,550,England,35631,George,Martin,1,3514
1102,2279.331539954,2290.9000516640504,Tom Curry (England),KICK CHASE,Green,941361,6,H,550,England,25980,Tom,Curry,1,3514
1103,2279.331539954,2290.9000516640504,Chandler Cunningham-South (England),KICK CHASE,Green,941361,20,H,550,England,44072,Chandler,Cunningham-South,1,3514
1104,2279.331539954,2290.9000516640504,Ben Earl (England),KICK CHASE,Green,941361,8,H,550,England,23732,Ben,Earl,1,3514
1105,2279.331539954,2290.9000516640504,Jack van Poortvliet (England),KICK CHASE,Green,941361,9,H,550,England,35629,Jack,van Poortvliet,1,3514
1106,2279.331539954,2290.9000516640504,Henry Slade (England),KICK CHASE,Green,941361,12,H,550,England,19087,Henry,Slade,1,3514
1107,2279.331539954,2290.9000516640504,Ollie Lawrence (England),KICK CHASE,Green,941361,13,H,550,England,29561,Ollie,Lawrence,1,3514
1108,2279.331539954,2290.9000516640504,Tommy Freeman (England),KICK CHASE,Green,941361,14,H,550,England,35530,Tommy,Freeman,1,3514
1109,2283.424648526077,2300.8978343276667,Takuro Matsunaga (Japan),KICK RETREAT,Gold,941361,15,A,3000,Japan,38312,Takuro,Matsunaga,1,3527
1110,2286.390064179,2300.958817717,Kanji Shimokawa (Japan),RUCK BIG,Green,941361,6,A,3000,Japan,30962,Kanji,Shimokawa,1,3530
1111,2286.5985430628953,2300.5999257710314,Chandler Cunningham-South (England),TACKLE BIG,Green,941361,20,H,550,England,44072,Chandler,Cunningham-South,1,3530
1112,2288.9989804673332,2300.958817717,Shuhei Takeuchi (Japan),RUCK BIG,Green,941361,3,A,3000,Japan,37874,Shuhei,Takeuchi,1,3528
1113,2289.099071387718,2298.1001025993132,Ollie Sleightholme (England),JACKLER ON FEET BIG,Green,941361,11,H,550,England,28734,Ollie,Sleightholme,1,3528
1114,2289.942487043,2300.9999841423205,Ellis Genge (England),KICK RETREAT,Green,941361,1,H,550,England,22778,Ellis,Genge,1,3528
1115,2289.942487043,2300.9999841423205,Jamie George (England),KICK RETREAT,Green,941361,2,H,550,England,10187,Jamie,George,1,3528
1116,2289.942487043,2300.9999841423205,Will Stuart (England),KICK RETREAT,Green,941361,3,H,550,England,24121,Will,Stuart,1,3528
1117,2289.942487043,2300.9999841423205,Maro Itoje (England),KICK RETREAT,Green,941361,4,H,550,England,20440,Maro,Itoje,1,3528
1118,2289.942487043,2300.9999841423205,George Martin (England),KICK RETREAT,Green,941361,5,H,550,England,35631,George,Martin,1,3528
1119,2289.942487043,2300.9999841423205,Tom Curry (England),KICK RETREAT,Green,941361,6,H,550,England,25980,Tom,Curry,1,3528
1120,2289.942487043,2300.9999841423205,Chandler Cunningham-South (England),KICK RETREAT,Green,941361,20,H,550,England,44072,Chandler,Cunningham-South,1,3528
1121,2289.942487043,2300.9999841423205,Ben Earl (England),KICK RETREAT,Green,941361,8,H,550,England,23732,Ben,Earl,1,3528
1122,2289.942487043,2300.9999841423205,Ollie Sleightholme (England),KICK RETREAT,Green,941361,11,H,550,England,28734,Ollie,Sleightholme,1,3528
1123,2289.942487043,2300.9999841423205,Henry Slade (England),KICK RETREAT,Green,941361,12,H,550,England,19087,Henry,Slade,1,3528
1124,2289.942487043,2300.9999841423205,Ollie Lawrence (England),KICK RETREAT,Green,941361,13,H,550,England,29561,Ollie,Lawrence,1,3528
1125,2289.942487043,2300.9999841423205,Tommy Freeman (England),KICK RETREAT,Green,941361,14,H,550,England,35530,Tommy,Freeman,1,3528
1126,2290.952947845805,2303.804078569658,Jack van Poortvliet (England),KICK RETREAT,Gold,941361,9,H,550,England,35629,Jack,van Poortvliet,1,3528
1127,2291.153287981859,2314.704136946,Takato Okabe (Japan),KICK CHASE,Green,941361,1,A,3000,Japan,32321,Takato,Okabe,1,3528
1128,2291.153287981859,2314.704136946,Seunghyok Lee (Japan),KICK CHASE,Green,941361,2,A,3000,Japan,43664,Seunghyok,Lee,1,3528
1129,2291.153287981859,2314.704136946,Shuhei Takeuchi (Japan),KICK CHASE,Green,941361,3,A,3000,Japan,37874,Shuhei,Takeuchi,1,3528
1130,2291.153287981859,2314.704136946,Sanaila Waqa (Japan),KICK CHASE,Green,941361,4,A,3000,Japan,23564,Sanaila,Waqa,1,3528
1131,2291.153287981859,2314.704136946,Epineri Uluiviti (Japan),KICK CHASE,Green,941361,5,A,3000,Japan,26154,Epineri,Uluiviti,1,3528
1132,2291.153287981859,2314.704136946,Kanji Shimokawa (Japan),KICK CHASE,Green,941361,6,A,3000,Japan,30962,Kanji,Shimokawa,1,3528
1133,2291.153287981859,2314.704136946,Kazuki Himeno (Japan),KICK CHASE,Green,941361,7,A,3000,Japan,28962,Kazuki,Himeno,1,3528
1134,2291.153287981859,2314.704136946,Faulua Makisi (Japan),KICK CHASE,Green,941361,8,A,3000,Japan,23417,Faulua,Makisi,1,3528
1135,2291.153287981859,2314.704136946,Naoto Saito (Japan),KICK CHASE,Green,941361,9,A,3000,Japan,25158,Naoto,Saito,1,3528
1136,2291.153287981859,2314.704136946,Nik McCurran (Japan),KICK CHASE,Green,941361,10,A,3000,Japan,43557,Nik,McCurran,1,3528
1137,2291.153287981859,2314.704136946,Jone Naikabula (Japan),KICK CHASE,Green,941361,11,A,3000,Japan,28091,Jone,Naikabula,1,3528
1138,2291.153287981859,2314.704136946,Siosaia Fifita (Japan),KICK CHASE,Green,941361,12,A,3000,Japan,30973,Siosaia,Fifita,1,3528
1139,2291.153287981859,2314.704136946,Dylan Riley (Japan),KICK CHASE,Green,941361,13,A,3000,Japan,27652,Dylan,Riley,1,3528
1140,2292.1349659863945,2304.099604950666,Takuro Matsunaga (Japan),CARRY BIG,Green,941361,15,A,3000,Japan,38312,Takuro,Matsunaga,1,3533
1141,2292.725710301,2300.5980292579993,Seunghyok Lee (Japan),RUCK BIG,Green,941361,2,A,3000,Japan,43664,Seunghyok,Lee,1,3533
1142,2292.890189994,2297.890189994,Epineri Uluiviti (Japan),RUCK ON FEET BIG,Green,941361,5,A,3000,Japan,26154,Epineri,Uluiviti,1,3533
1143,2295.4985578156443,2306.3999242320247,Jack van Poortvliet (England),CARRY BIG,Green,941361,9,H,550,England,35629,Jack,van Poortvliet,1,3537
1144,2303.535306122449,2334.5973532729986,Jone Naikabula (Japan),TACKLE BIG,Red,941361,11,A,3000,Japan,28091,Jone,Naikabula,1,3547
1145,2306.170314098,2318.796418249,Epineri Uluiviti (Japan),JACKLER ON FEET BIG,Green,941361,5,A,3000,Japan,26154,Epineri,Uluiviti,1,3550
1146,2306.4988430579688,2321.9999972013597,Tommy Freeman (England),CARRY BIG,Green,941361,14,H,550,England,35530,Tommy,Freeman,1,3550
1147,2306.5988018129115,2319.8999886593588,George Furbank (England),RUCK BIG,Green,941361,15,H,550,England,25952,George,Furbank,1,3550
1148,2307.89541685494,2319.8999886593588,Henry Slade (England),RUCK BIG,Green,941361,12,H,550,England,19087,Henry,Slade,1,3551
1149,2308.225124716553,2332.96,Shuhei Takeuchi (Japan),Defence - Not in Line,Red,941361,3,A,3000,Japan,37874,Shuhei,Takeuchi,1,3551
1150,2308.225124716553,2332.96,Kanji Shimokawa (Japan),Defence - Not in Line,Red,941361,6,A,3000,Japan,30962,Kanji,Shimokawa,1,3551
1151,2308.225124716553,2332.96,Faulua Makisi (Japan),Defence - Not in Line,Red,941361,8,A,3000,Japan,23417,Faulua,Makisi,1,3551
1152,2308.570550778,2313.570550778,Siosaia Fifita (Japan),Defence - Not in Line,Red,941361,12,A,3000,Japan,30973,Siosaia,Fifita,1,3552
1153,2311.760218617,2325.369707908,Shuhei Takeuchi (Japan),TACKLE BIG,Yellow,941361,3,A,3000,Japan,37874,Shuhei,Takeuchi,1,3555
1154,2312.540975056689,2326.245800766,Faulua Makisi (Japan),TACKLE BIG,Green,941361,8,A,3000,Japan,23417,Faulua,Makisi,1,3555
1155,2315.3801587301587,2325.618157773,Siosaia Fifita (Japan),TACKLE BIG,Green,941361,12,A,3000,Japan,30973,Siosaia,Fifita,1,3559
1156,2319.698596240642,2336.200025232037,Ollie Lawrence (England),CARRY BIG,Green,941361,13,H,550,England,29561,Ollie,Lawrence,1,3603
1157,2320.311021638,2329.936282573,Nik McCurran (Japan),TACKLE BIG,Green,941361,10,A,3000,Japan,43557,Nik,McCurran,1,3603
1158,2320.777879661666,2330.614187828,Siosaia Fifita (Japan),TACKLE BIG,Green,941361,12,A,3000,Japan,30973,Siosaia,Fifita,1,3603
1159,2467.243136195,2489.6006521903146,Ellis Genge (England),LINEOUT DEFENCE,Green,941361,1,H,550,England,22778,Ellis,Genge,1,3832
1160,2467.243136195,2489.6006521903146,Will Stuart (England),LINEOUT DEFENCE,Green,941361,3,H,550,England,24121,Will,Stuart,1,3832
1161,2467.243136195,2489.6006521903146,Maro Itoje (England),LINEOUT DEFENCE,Green,941361,4,H,550,England,20440,Maro,Itoje,1,3832
1162,2467.243136195,2489.6006521903146,George Martin (England),LINEOUT DEFENCE,Green,941361,5,H,550,England,35631,George,Martin,1,3832
1163,2467.827113096,2489.6006521903146,Chandler Cunningham-South (England),LINEOUT DEFENCE,Green,941361,20,H,550,England,44072,Chandler,Cunningham-South,1,3832
1164,2468.2874376417235,2487.2009067639774,Takato Okabe (Japan),LINEOUT ATTACK,Green,941361,1,A,3000,Japan,32321,Takato,Okabe,1,3832
1165,2468.2874376417235,2487.2009067639774,Seunghyok Lee (Japan),LINEOUT ATTACK,Green,941361,2,A,3000,Japan,43664,Seunghyok,Lee,1,3832
1166,2468.2874376417235,2487.2009067639774,Shuhei Takeuchi (Japan),LINEOUT ATTACK,Green,941361,3,A,3000,Japan,37874,Shuhei,Takeuchi,1,3832
1167,2468.2874376417235,2487.2009067639774,Sanaila Waqa (Japan),LINEOUT ATTACK,Green,941361,4,A,3000,Japan,23564,Sanaila,Waqa,1,3832
1168,2468.2874376417235,2487.2009067639774,Epineri Uluiviti (Japan),LINEOUT ATTACK,Green,941361,5,A,3000,Japan,26154,Epineri,Uluiviti,1,3832
1169,2468.2874376417235,2487.2009067639774,Kanji Shimokawa (Japan),LINEOUT ATTACK,Green,941361,6,A,3000,Japan,30962,Kanji,Shimokawa,1,3832
1170,2472.799049314641,2487.2009067639774,Kazuki Himeno (Japan),LINEOUT ATTACK,Green,941361,7,A,3000,Japan,28962,Kazuki,Himeno,1,3836
1171,2477.798646763649,2495.400025096608,Will Stuart (England),TACKLE BIG,Yellow,941361,3,H,550,England,24121,Will,Stuart,1,3839
1172,2479.0791733589977,2487.580898443,Kazuki Himeno (Japan),RUCK ON FEET BIG,Green,941361,7,A,3000,Japan,28962,Kazuki,Himeno,1,3839
1173,2482.580898443,2488.826764302,Jone Naikabula (Japan),RUCK BIG,Green,941361,11,A,3000,Japan,28091,Jone,Naikabula,1,3845
1174,2483.826764302,2490.058943519,Seunghyok Lee (Japan),CARRY BIG,Green,941361,2,A,3000,Japan,43664,Seunghyok,Lee,1,3847
1175,2484.898341576977,2500.499944702029,Ellis Genge (England),TACKLE BIG,Yellow,941361,1,H,550,England,22778,Ellis,Genge,1,3847
1176,2490.0849681616646,2500.335149828,Kazuki Himeno (Japan),CARRY BIG,Green,941361,7,A,3000,Japan,28962,Kazuki,Himeno,1,3853
1177,2490.198223626334,2497.810481209,Kanji Shimokawa (Japan),RUCK BIG,Green,941361,6,A,3000,Japan,30962,Kanji,Shimokawa,1,3853
1178,2490.810476190476,2497.199557311333,Shuhei Takeuchi (Japan),RUCK BIG,Green,941361,3,A,3000,Japan,37874,Shuhei,Takeuchi,1,3854
1179,2491.995760099971,2508.1999974747123,George Martin (England),TACKLE BIG,Green,941361,5,H,550,England,35631,George,Martin,1,3855
1180,2492.398931557686,2508.1999974747123,Tom Curry (England),TACKLE BIG,Green,941361,6,H,550,England,25980,Tom,Curry,1,3856
1181,2492.413577937,2503.033895351,Sanaila Waqa (Japan),CARRY BIG,Red,941361,4,A,3000,Japan,23564,Sanaila,Waqa,1,3856
1182,2494.6978495605495,2509.9000207679715,Maro Itoje (England),TACKLE BIG,Green,941361,4,H,550,England,20440,Maro,Itoje,1,3857
1183,2495.335149828,2500.335149828,Jone Naikabula (Japan),RUCK BIG,Green,941361,11,A,3000,Japan,28091,Jone,Naikabula,1,3900
1184,2495.335149828,2514.663517944,Kazuki Himeno (Japan),CARRY BIG,Yellow,941361,7,A,3000,Japan,28962,Kazuki,Himeno,1,3900
1185,2495.783659498,2500.783659498,Seunghyok Lee (Japan),RUCK BIG,Green,941361,2,A,3000,Japan,43664,Seunghyok,Lee,1,3900
1186,2496.103900777,2504.32685165,Epineri Uluiviti (Japan),RUCK BIG,Green,941361,5,A,3000,Japan,26154,Epineri,Uluiviti,1,3900
1187,2496.3985535595502,2509.9000207679715,Jamie George (England),TACKLE BIG,Green,941361,2,H,550,England,10187,Jamie,George,1,3900
1188,2498.4808288583326,2507.226507026,Jone Naikabula (Japan),RUCK ON FEET BIG,Green,941361,11,A,3000,Japan,28091,Jone,Naikabula,1,3902
1189,2499.346073033,2508.147202604,Shuhei Takeuchi (Japan),RUCK ON FEET BIG,Yellow,941361,3,A,3000,Japan,37874,Shuhei,Takeuchi,1,3903
1190,2501.614310554,2515.033793786,Kanji Shimokawa (Japan),CARRY BIG,Green,941361,6,A,3000,Japan,30962,Kanji,Shimokawa,1,3904
1191,2503.2981905882407,2512.7999832549954,Marcus Smith (England),TACKLE ON FEET BIG,Green,941361,10,H,550,England,26046,Marcus,Smith,1,3906
1192,2503.798630615958,2513.599957615671,Chandler Cunningham-South (England),TACKLE BIG,Red,941361,20,H,550,England,44072,Chandler,Cunningham-South,1,3905
1193,2504.128192991,2518.797370653333,Faulua Makisi (Japan),RUCK BIG,Green,941361,8,A,3000,Japan,23417,Faulua,Makisi,1,3905
1194,2504.652839964,2513.618427421,Takato Okabe (Japan),RUCK BIG,Green,941361,1,A,3000,Japan,32321,Takato,Okabe,1,3905
1195,2506.4983352469903,2518.2000134980017,Will Stuart (England),JACKLER BIG,Green,941361,3,H,550,England,24121,Will,Stuart,1,3910
1196,3492.296624558631,3513.600102958283,Ben Earl (England),CARRY BIG,Green,941361,8,H,550,England,23732,Ben,Earl,2,4007
1197,3493.298012035699,3511.5000320289887,Jamie George (England),RUCK ON FEET BIG,Green,941361,2,H,550,England,10187,Jamie,George,2,4007
1198,3494.0986177449245,3511.5000320289887,Maro Itoje (England),RUCK ON FEET BIG,Green,941361,4,H,550,England,20440,Maro,Itoje,2,4007
1199,3495.3977162862416,3511.5000320289887,Will Stuart (England),RUCK ON FEET BIG,Green,941361,3,H,550,England,24121,Will,Stuart,2,4007
1200,3495.996125978,3502.267995604,Kanji Shimokawa (Japan),TACKLE BIG,Green,941361,6,A,3000,Japan,30962,Kanji,Shimokawa,2,4014
1201,3497.698354424608,3511.5000320289887,George Martin (England),RUCK ON FEET BIG,Green,941361,5,H,550,England,35631,George,Martin,2,4014
1202,3514.3864606796656,3537.3948091396646,Keijiro Tamefusa (Japan),RUCK ON FEET BIG,Green,941361,18,A,3000,Japan,61929,Keijiro,Tamefusa,2,4028
1203,3516.2757560576656,3529.955566316,Kanji Shimokawa (Japan),RUCK BIG,Green,941361,6,A,3000,Japan,30962,Kanji,Shimokawa,2,4032
1204,3517.298036959587,3531.0000821687418,George Martin (England),TACKLE BIG,Yellow,941361,5,H,550,England,35631,George,Martin,2,4032
1205,3519.7829002493327,3530.197411417332,Faulua Makisi (Japan),CARRY BIG,Green,941361,8,A,3000,Japan,23417,Faulua,Makisi,2,4035
1206,3521.1984341019797,3539.399933477668,Chandler Cunningham-South (England),TACKLE BIG,Green,941361,20,H,550,England,44072,Chandler,Cunningham-South,2,4037
1207,3524.9982217278944,3539.399933477668,Ellis Genge (England),TACKLE BIG,Green,941361,1,H,550,England,22778,Ellis,Genge,2,4041
1208,3527.7545351473923,3537.333058478,Epineri Uluiviti (Japan),RUCK BIG,Green,941361,5,A,3000,Japan,26154,Epineri,Uluiviti,2,4043
1209,3528.323187941,3535.204577671,Siosaia Fifita (Japan),RUCK ON FEET BIG,Red,941361,12,A,3000,Japan,30973,Siosaia,Fifita,2,4043
1210,3528.395064097,3536.654554347,Sanaila Waqa (Japan),RUCK BIG,Green,941361,4,A,3000,Japan,23564,Sanaila,Waqa,2,4043
1211,3530.6330385487527,3538.028652571,Kazuki Himeno (Japan),CARRY BIG,Green,941361,7,A,3000,Japan,28962,Kazuki,Himeno,2,4045
1212,3530.7267800453515,3541.56310214,Takuro Matsunaga (Japan),RUCK ON FEET BIG,Green,941361,15,A,3000,Japan,38312,Takuro,Matsunaga,2,4045
1213,3531.198668049689,3543.000004593014,Tom Curry (England),TACKLE BIG,Green,941361,6,H,550,England,25980,Tom,Curry,2,4046
1214,3532.482306383333,3545.4001685923326,Takato Okabe (Japan),RUCK ON FEET BIG,Green,941361,1,A,3000,Japan,32321,Takato,Okabe,2,4048
1215,3534.598548014604,3557.0002301323066,Ollie Lawrence (England),TACKLE BIG,Green,941361,13,H,550,England,29561,Ollie,Lawrence,2,4048
1216,3536.0985007155846,3557.0002301323066,Ben Earl (England),TACKLE BIG,Green,941361,8,H,550,England,23732,Ben,Earl,2,4053
1217,3545.896335943,3552.220116862,Dylan Riley (Japan),RUCK BIG,Green,941361,13,A,3000,Japan,27652,Dylan,Riley,2,4100
1218,3546.3201133786847,3552.295678047666,Kanji Shimokawa (Japan),RUCK BIG,Green,941361,6,A,3000,Japan,30962,Kanji,Shimokawa,2,4101
1219,3547.4984762855897,3560.9000021196925,Henry Slade (England),TACKLE BIG,Green,941361,12,H,550,England,19087,Henry,Slade,2,4102
1220,3550.18811202,3555.936081775,Takato Okabe (Japan),RUCK ON FEET BIG,Green,941361,1,A,3000,Japan,32321,Takato,Okabe,2,4104
1221,3550.529215424,3555.529215424,Keijiro Tamefusa (Japan),CARRY BIG,Green,941361,18,A,3000,Japan,61929,Keijiro,Tamefusa,2,4106
1222,3551.296380577,3558.760993383,Sanaila Waqa (Japan),RUCK BIG,Red,941361,4,A,3000,Japan,23564,Sanaila,Waqa,2,4106
1223,3552.600105339,3558.9844794383325,Kazuki Himeno (Japan),CARRY BIG,Green,941361,7,A,3000,Japan,28962,Kazuki,Himeno,2,4108
1224,3565.3986379712,3576.099930469641,Jack van Poortvliet (England),TACKLE BIG,Green,941361,9,H,550,England,35629,Jack,van Poortvliet,2,4120
1225,3566.195662857998,3576.89998060871,Tommy Freeman (England),TACKLE ON FEET BIG,Green,941361,14,H,550,England,35530,Tommy,Freeman,2,4121
1226,3566.919342403628,3593.032023669,Takato Okabe (Japan),KICK CHASE,Green,941361,1,A,3000,Japan,32321,Takato,Okabe,2,4122
1227,3566.919342403628,3593.032023669,Sanaila Waqa (Japan),KICK CHASE,Green,941361,4,A,3000,Japan,23564,Sanaila,Waqa,2,4122
1228,3566.919342403628,3593.032023669,Epineri Uluiviti (Japan),KICK CHASE,Green,941361,5,A,3000,Japan,26154,Epineri,Uluiviti,2,4122
1229,3566.919342403628,3593.032023669,Kazuki Himeno (Japan),KICK CHASE,Green,941361,7,A,3000,Japan,28962,Kazuki,Himeno,2,4122
1230,3566.919342403628,3593.032023669,Naoto Saito (Japan),KICK CHASE,Green,941361,9,A,3000,Japan,25158,Naoto,Saito,2,4122
1231,3566.919342403628,3593.032023669,Nik McCurran (Japan),KICK CHASE,Green,941361,10,A,3000,Japan,43557,Nik,McCurran,2,4122
1232,3566.919342403628,3593.032023669,Jone Naikabula (Japan),KICK CHASE,Green,941361,11,A,3000,Japan,28091,Jone,Naikabula,2,4122
1233,3566.919342403628,3593.032023669,Tomoki Osada (Japan),KICK CHASE,Green,941361,14,A,3000,Japan,31059,Tomoki,Osada,2,4122
1234,3566.919342403628,3593.032023669,Takuro Matsunaga (Japan),KICK CHASE,Green,941361,15,A,3000,Japan,38312,Takuro,Matsunaga,2,4122
1235,3566.919342403628,3593.032023669,Kenta Matsuoka (Japan),KICK CHASE,Green,941361,16,A,3000,Japan,37886,Kenta,Matsuoka,2,4122
1236,3566.919342403628,3593.032023669,Keijiro Tamefusa (Japan),KICK CHASE,Green,941361,18,A,3000,Japan,61929,Keijiro,Tamefusa,2,4122
1237,3567.783465676,3581.152612675,Faulua Makisi (Japan),CARRY BIG,Red,941361,8,A,3000,Japan,23417,Faulua,Makisi,2,4123
1238,3568.0856235093333,3579.973943728,Siosaia Fifita (Japan),RUCK ON FEET BIG,Yellow,941361,12,A,3000,Japan,30973,Siosaia,Fifita,2,4123
1239,3568.3834827573314,3581.299515320333,Kanji Shimokawa (Japan),KICK CHASE,Yellow,941361,6,A,3000,Japan,30962,Kanji,Shimokawa,2,4123
1240,3568.59882342133,3580.999948171256,Marcus Smith (England),KICK RETREAT,Gold,941361,10,H,550,England,26046,Marcus,Smith,2,4123
1241,3569.098643587334,3580.999948171256,Tommy Freeman (England),KICK RETREAT,Green,941361,14,H,550,England,35530,Tommy,Freeman,2,4123
1242,3569.5857596371884,3580.0968427413327,Faulua Makisi (Japan),KICK CHASE,Yellow,941361,8,A,3000,Japan,23417,Faulua,Makisi,2,4123
1243,3569.684253403665,3581.8974466536665,Siosaia Fifita (Japan),KICK CHASE,Yellow,941361,12,A,3000,Japan,30973,Siosaia,Fifita,2,4123
1244,3570.611476449,3582.400026049665,Jamie George (England),KICK RETREAT,Green,941361,2,H,550,England,10187,Jamie,George,2,4124
1245,3570.611476449,3582.400026049665,Tom Curry (England),KICK RETREAT,Green,941361,6,H,550,England,25980,Tom,Curry,2,4124
1246,3570.611476449,3582.400026049665,Jack van Poortvliet (England),KICK RETREAT,Green,941361,9,H,550,England,35629,Jack,van Poortvliet,2,4124
1247,3570.611476449,3582.400026049665,George Furbank (England),KICK RETREAT,Green,941361,15,H,550,England,25952,George,Furbank,2,4124
1248,3571.2796371882087,3580.599135541666,Dylan Riley (Japan),KICK CHASE,Yellow,941361,13,A,3000,Japan,27652,Dylan,Riley,2,4124
1249,3571.317392495,3577.108270964,Takuro Matsunaga (Japan),RUCK ON FEET BIG,Green,941361,15,A,3000,Japan,38312,Takuro,Matsunaga,2,4124
1250,3577.205834472,3582.205834472,Jone Naikabula (Japan),TACKLE BIG,Green,941361,11,A,3000,Japan,28091,Jone,Naikabula,2,4132
1251,3578.49824543,3581.8754965973335,Naoto Saito (Japan),JACKLER ON FEET BIG,Green,941361,9,A,3000,Japan,25158,Naoto,Saito,2,4134
1252,3580.058309794,3594.973354457,Sanaila Waqa (Japan),JACKLER BIG,Green,941361,4,A,3000,Japan,23564,Sanaila,Waqa,2,4134
1253,3580.673456967,3587.7999290633,Ellis Genge (England),KICK RETREAT,Yellow,941361,1,H,550,England,22778,Ellis,Genge,2,4134
1254,3580.673456967,3587.7999290633,Will Stuart (England),KICK RETREAT,Yellow,941361,3,H,550,England,24121,Will,Stuart,2,4134
1255,3580.673456967,3587.7999290633,Maro Itoje (England),KICK RETREAT,Yellow,941361,4,H,550,England,20440,Maro,Itoje,2,4134
1256,3580.673456967,3587.7999290633,George Martin (England),KICK RETREAT,Yellow,941361,5,H,550,England,35631,George,Martin,2,4134
1257,3580.673456967,3587.7999290633,Chandler Cunningham-South (England),KICK RETREAT,Yellow,941361,20,H,550,England,44072,Chandler,Cunningham-South,2,4134
1258,3580.673456967,3587.7999290633,Ben Earl (England),KICK RETREAT,Yellow,941361,8,H,550,England,23732,Ben,Earl,2,4134
1259,3580.673456967,3587.7999290633,Ollie Sleightholme (England),KICK RETREAT,Yellow,941361,11,H,550,England,28734,Ollie,Sleightholme,2,4134
1260,3580.673456967,3587.7999290633,Henry Slade (England),KICK RETREAT,Yellow,941361,12,H,550,England,19087,Henry,Slade,2,4134
1261,3582.286608674665,3596.6997466746648,Kazuki Himeno (Japan),TACKLE BIG,Red,941361,7,A,3000,Japan,28962,Kazuki,Himeno,2,4134
1262,3587.3878231292515,3601.531614867,Takuro Matsunaga (Japan),JACKLER ON FEET BIG,Green,941361,15,A,3000,Japan,38312,Takuro,Matsunaga,2,4143
1263,3592.198356788226,3619.100023578364,Ellis Genge (England),CARRY BIG,Green,941361,1,H,550,England,22778,Ellis,Genge,2,4147
1264,3633.915510204082,3668.60067248434,Ellis Genge (England),LINEOUT DEFENCE,Green,941361,1,H,550,England,22778,Ellis,Genge,2,4230
1265,3633.915510204082,3668.60067248434,Will Stuart (England),LINEOUT DEFENCE,Green,941361,3,H,550,England,24121,Will,Stuart,2,4230
1266,3633.915510204082,3668.60067248434,Maro Itoje (England),LINEOUT DEFENCE,Green,941361,4,H,550,England,20440,Maro,Itoje,2,4230
1267,3633.915510204082,3668.60067248434,George Martin (England),LINEOUT DEFENCE,Green,941361,5,H,550,England,35631,George,Martin,2,4230
1268,3635.0610815,3665.797393235,Takato Okabe (Japan),LINEOUT ATTACK,Green,941361,1,A,3000,Japan,32321,Takato,Okabe,2,4230
1269,3635.0610815,3665.797393235,Epineri Uluiviti (Japan),LINEOUT ATTACK,Green,941361,5,A,3000,Japan,26154,Epineri,Uluiviti,2,4230
1270,3635.0610815,3665.797393235,Kanji Shimokawa (Japan),LINEOUT ATTACK,Green,941361,6,A,3000,Japan,30962,Kanji,Shimokawa,2,4230
1271,3635.0610815,3665.797393235,Kenta Matsuoka (Japan),LINEOUT ATTACK,Green,941361,16,A,3000,Japan,37886,Kenta,Matsuoka,2,4230
1272,3635.0610815,3665.797393235,Keijiro Tamefusa (Japan),LINEOUT ATTACK,Green,941361,18,A,3000,Japan,61929,Keijiro,Tamefusa,2,4230
1273,3638.056641289,3665.797393235,Kazuki Himeno (Japan),LINEOUT ATTACK,Green,941361,7,A,3000,Japan,28962,Kazuki,Himeno,2,4230
1274,3640.799760800312,3668.60067248434,Jamie George (England),LINEOUT DEFENCE,Green,941361,2,H,550,England,10187,Jamie,George,2,4230
1275,3651.82126984127,3668.400061016684,Chandler Cunningham-South (England),LINEOUT DEFENCE,Red,941361,20,H,550,England,44072,Chandler,Cunningham-South,2,4246
1276,3652.87839986331,3666.4988001193296,Sanaila Waqa (Japan),LINEOUT ATTACK,Red,941361,4,A,3000,Japan,23564,Sanaila,Waqa,2,4248
1277,3653.3981321663264,3669.99996596026,Marcus Smith (England),TACKLE BIG,Green,941361,10,H,550,England,26046,Marcus,Smith,2,4248
1278,3653.999180741624,3665.999976241402,Ben Earl (England),TACKLE BIG,Green,941361,8,H,550,England,23732,Ben,Earl,2,4249
1279,3654.1977345410064,3669.99996596026,George Martin (England),TACKLE BIG,Green,941361,5,H,550,England,35631,George,Martin,2,4249
1280,3658.799744144331,3669.399731062,Faulua Makisi (Japan),RUCK BIG,Green,941361,8,A,3000,Japan,23417,Faulua,Makisi,2,4251
1281,3660.426762835,3665.426762835,Will Stuart (England),Defence - Not in Line,Red,941361,3,H,550,England,24121,Will,Stuart,2,4255
1282,3660.426762835,3665.426762835,Chandler Cunningham-South (England),Defence - Not in Line,Red,941361,20,H,550,England,44072,Chandler,Cunningham-South,2,4255
1283,3660.457891156462,3665.457891156462,George Martin (England),Defence - Not in Line,Red,941361,5,H,550,England,35631,George,Martin,2,4255
1284,3662.575695677,3669.20728404,Dylan Riley (Japan),RUCK ON FEET BIG,Green,941361,13,A,3000,Japan,27652,Dylan,Riley,2,4259
1285,3663.298345238972,3676.000003448002,Will Stuart (England),TACKLE ON FEET BIG,Green,941361,3,H,550,England,24121,Will,Stuart,2,4259
1286,3664.399731062,3675.311721256,Siosaia Fifita (Japan),CARRY BIG,Yellow,941361,12,A,3000,Japan,30973,Siosaia,Fifita,2,4259
1287,3664.598574905291,3676.000003448002,Chandler Cunningham-South (England),TACKLE ON FEET BIG,Green,941361,20,H,550,England,44072,Chandler,Cunningham-South,2,4259
1288,3667.166553287982,3676.564713005,Epineri Uluiviti (Japan),RUCK ON FEET BIG,Green,941361,5,A,3000,Japan,26154,Epineri,Uluiviti,2,4302
1289,3667.371280561,3674.038467757,Kanji Shimokawa (Japan),RUCK ON FEET BIG,Green,941361,6,A,3000,Japan,30962,Kanji,Shimokawa,2,4302
1290,3668.082313433,3683.501715989,Faulua Makisi (Japan),CARRY BIG,Green,941361,8,A,3000,Japan,23417,Faulua,Makisi,2,4302
1291,3668.798430098286,3686.7000689729193,Ben Earl (England),TACKLE BIG,Green,941361,8,H,550,England,23732,Ben,Earl,2,4304
1292,3669.038467757,3675.474861362,Kazuki Himeno (Japan),CARRY BIG,Green,941361,7,A,3000,Japan,28962,Kazuki,Himeno,2,4304
1293,3669.49592589,3679.899786414,Takato Okabe (Japan),RUCK ON FEET BIG,Green,941361,1,A,3000,Japan,32321,Takato,Okabe,2,4304
1294,3669.4985534316233,3686.7000689729193,Maro Itoje (England),TACKLE BIG,Green,941361,4,H,550,England,20440,Maro,Itoje,2,4304
1295,3670.950609082,3680.00915647,Keijiro Tamefusa (Japan),RUCK ON FEET BIG,Green,941361,18,A,3000,Japan,61929,Keijiro,Tamefusa,2,4306
1296,3671.8341950113377,3676.8341950113377,Chandler Cunningham-South (England),Defence - Not in Line,Red,941361,20,H,550,England,44072,Chandler,Cunningham-South,2,4307
1297,3673.498471737647,3688.099986820664,Jamie George (England),TACKLE BIG,Yellow,941361,2,H,550,England,10187,Jamie,George,2,4309
1298,3675.179476425666,3687.597565718,Epineri Uluiviti (Japan),RUCK BIG,Green,941361,5,A,3000,Japan,26154,Epineri,Uluiviti,2,4310
1299,3676.498445528679,3688.099986820664,Chandler Cunningham-South (England),TACKLE BIG,Yellow,941361,20,H,550,England,44072,Chandler,Cunningham-South,2,4311
1300,3676.766181974,3681.766181974,Ben Earl (England),Defence - Not in Line,Red,941361,8,H,550,England,23732,Ben,Earl,2,4312
1301,3678.462250091,3688.540594628,Takato Okabe (Japan),RUCK BIG,Green,941361,1,A,3000,Japan,32321,Takato,Okabe,2,4314
1302,3678.681109881665,3688.999023537997,Kanji Shimokawa (Japan),CARRY BIG,Green,941361,6,A,3000,Japan,30962,Kanji,Shimokawa,2,4314
1303,3678.898970818556,3692.100052903011,Maro Itoje (England),TACKLE BIG,Yellow,941361,4,H,550,England,20440,Maro,Itoje,2,4314
1304,3681.5986871518808,3692.100052903011,Ellis Genge (England),TACKLE BIG,Yellow,941361,1,H,550,England,22778,Ellis,Genge,2,4315
1305,3748.074149659864,3770.120513252,Epineri Uluiviti (Japan),KICK RETREAT,Green,941361,5,A,3000,Japan,26154,Epineri,Uluiviti,2,4423
1306,3748.074149659864,3770.120513252,Kanji Shimokawa (Japan),KICK RETREAT,Green,941361,6,A,3000,Japan,30962,Kanji,Shimokawa,2,4423
1307,3748.074149659864,3770.120513252,Faulua Makisi (Japan),KICK RETREAT,Green,941361,8,A,3000,Japan,23417,Faulua,Makisi,2,4423
1308,3748.074149659864,3770.120513252,Naoto Saito (Japan),KICK RETREAT,Green,941361,9,A,3000,Japan,25158,Naoto,Saito,2,4423
1309,3748.074149659864,3770.120513252,Nik McCurran (Japan),KICK RETREAT,Green,941361,10,A,3000,Japan,43557,Nik,McCurran,2,4423
1310,3748.074149659864,3770.120513252,Siosaia Fifita (Japan),KICK RETREAT,Green,941361,12,A,3000,Japan,30973,Siosaia,Fifita,2,4423
1311,3748.074149659864,3770.120513252,Dylan Riley (Japan),KICK RETREAT,Green,941361,13,A,3000,Japan,27652,Dylan,Riley,2,4423
1312,3748.074149659864,3770.120513252,Tomoki Osada (Japan),KICK RETREAT,Green,941361,14,A,3000,Japan,31059,Tomoki,Osada,2,4423
1313,3748.074149659864,3770.120513252,Kenta Matsuoka (Japan),KICK RETREAT,Green,941361,16,A,3000,Japan,37886,Kenta,Matsuoka,2,4423
1314,3748.074149659864,3770.120513252,Keijiro Tamefusa (Japan),KICK RETREAT,Green,941361,18,A,3000,Japan,61929,Keijiro,Tamefusa,2,4423
1315,3748.363990929706,3770.155457261,Takato Okabe (Japan),KICK RETREAT,Red,941361,1,A,3000,Japan,32321,Takato,Okabe,2,4423
1316,3748.363990929706,3770.155457261,Sanaila Waqa (Japan),KICK RETREAT,Red,941361,4,A,3000,Japan,23564,Sanaila,Waqa,2,4423
1317,3748.363990929706,3770.155457261,Kazuki Himeno (Japan),KICK RETREAT,Red,941361,7,A,3000,Japan,28962,Kazuki,Himeno,2,4423
1318,3750.054937749,3766.999936329997,Jamie George (England),KICK CHASE,Green,941361,2,H,550,England,10187,Jamie,George,2,4427
1319,3750.054937749,3766.999936329997,Tom Curry (England),KICK CHASE,Green,941361,6,H,550,England,25980,Tom,Curry,2,4427
1320,3750.054937749,3766.999936329997,Chandler Cunningham-South (England),KICK CHASE,Green,941361,20,H,550,England,44072,Chandler,Cunningham-South,2,4427
1321,3750.054937749,3766.999936329997,Ben Earl (England),KICK CHASE,Green,941361,8,H,550,England,23732,Ben,Earl,2,4427
1322,3750.054937749,3766.999936329997,Jack van Poortvliet (England),KICK CHASE,Green,941361,9,H,550,England,35629,Jack,van Poortvliet,2,4427
1323,3750.054937749,3766.999936329997,Ollie Sleightholme (England),KICK CHASE,Green,941361,11,H,550,England,28734,Ollie,Sleightholme,2,4427
1324,3750.054937749,3766.999936329997,Henry Slade (England),KICK CHASE,Green,941361,12,H,550,England,19087,Henry,Slade,2,4427
1325,3750.054937749,3766.999936329997,Ollie Lawrence (England),KICK CHASE,Green,941361,13,H,550,England,29561,Ollie,Lawrence,2,4427
1326,3750.054937749,3766.999936329997,Tommy Freeman (England),KICK CHASE,Green,941361,14,H,550,England,35530,Tommy,Freeman,2,4427
1327,3751.235260770975,3767.5993939153327,George Martin (England),KICK CHASE,Red,941361,5,H,550,England,35631,George,Martin,2,4427
1328,3751.430770975057,3770.6920804816664,Will Stuart (England),KICK CHASE,Red,941361,3,H,550,England,24121,Will,Stuart,2,4427
1329,3753.556712018141,3771.600222480667,Ellis Genge (England),KICK CHASE,Red,941361,1,H,550,England,22778,Ellis,Genge,2,4430
1330,3753.556712018141,3771.600222480667,Maro Itoje (England),KICK CHASE,Red,941361,4,H,550,England,20440,Maro,Itoje,2,4430
1331,3756.5979848263146,3771.300000772938,Tommy Freeman (England),TACKLE ON FEET BIG,Green,941361,14,H,550,England,35530,Tommy,Freeman,2,4431
1332,3757.4985901592986,3771.300000772938,Ben Earl (England),TACKLE ON FEET BIG,Green,941361,8,H,550,England,23732,Ben,Earl,2,4432
1333,3760.08134719,3768.077309678,Keijiro Tamefusa (Japan),RUCK ON FEET BIG,Green,941361,18,A,3000,Japan,61929,Keijiro,Tamefusa,2,4435
1334,3762.498624875028,3777.49996533233,Jack van Poortvliet (England),TACKLE BIG,Yellow,941361,9,H,550,England,35629,Jack,van Poortvliet,2,4438
1335,3763.077309678,3770.310646745,Jone Naikabula (Japan),RUCK BIG,Green,941361,11,A,3000,Japan,28091,Jone,Naikabula,2,4438
1336,3763.095159249664,3777.49996533233,Will Stuart (England),TACKLE BIG,Yellow,941361,3,H,550,England,24121,Will,Stuart,2,4438
1337,3765.310646745,3771.526746249,Faulua Makisi (Japan),RUCK BIG,Green,941361,8,A,3000,Japan,23417,Faulua,Makisi,2,4440
1338,3765.4267346938777,3773.998875654333,Takuro Matsunaga (Japan),CARRY BIG,Green,941361,15,A,3000,Japan,38312,Takuro,Matsunaga,2,4440
1339,3766.696072213,3771.696072213,Ellis Genge (England),Defence - Not in Line,Red,941361,1,H,550,England,22778,Ellis,Genge,2,4442
1340,3766.696072213,3771.696072213,George Martin (England),Defence - Not in Line,Red,941361,5,H,550,England,35631,George,Martin,2,4442
1341,3766.696072213,3771.696072213,Chandler Cunningham-South (England),Defence - Not in Line,Red,941361,20,H,550,England,44072,Chandler,Cunningham-South,2,4442
1342,3766.966084678,3771.966084678,Ollie Lawrence (England),Defence - Not in Line,Red,941361,13,H,550,England,29561,Ollie,Lawrence,2,4442
1343,3767.516744855,3774.272395842,Jone Naikabula (Japan),RUCK ON FEET BIG,Green,941361,11,A,3000,Japan,28091,Jone,Naikabula,2,4442
1344,3768.395370805001,3784.260208664,Kazuki Himeno (Japan),CARRY BIG,Green,941361,7,A,3000,Japan,28962,Kazuki,Himeno,2,4442
1345,3769.272395842,3775.497509370333,Takato Okabe (Japan),RUCK ON FEET BIG,Green,941361,1,A,3000,Japan,32321,Takato,Okabe,2,4446
1346,3769.4097505668938,3775.074414092,Sanaila Waqa (Japan),RUCK BIG,Green,941361,4,A,3000,Japan,23564,Sanaila,Waqa,2,4446
1347,3770.6978710063495,3781.000048257046,Tom Curry (England),TACKLE ON FEET BIG,Green,941361,6,H,550,England,25980,Tom,Curry,2,4446
1348,3770.888243871,3780.0982407073343,Kanji Shimokawa (Japan),CARRY BIG,Green,941361,6,A,3000,Japan,30962,Kanji,Shimokawa,2,4446
1349,3771.598502589591,3781.000048257046,Maro Itoje (England),TACKLE ON FEET BIG,Green,941361,4,H,550,England,20440,Maro,Itoje,2,4446
1350,3772.523590409,3779.488780488,Kenta Matsuoka (Japan),RUCK ON FEET BIG,Green,941361,16,A,3000,Japan,37886,Kenta,Matsuoka,2,4445
1351,3776.299501133786,3783.1981440260024,Keijiro Tamefusa (Japan),RUCK BIG,Green,941361,18,A,3000,Japan,61929,Keijiro,Tamefusa,2,4451
1352,3782.201210855,3788.50991675,Nik McCurran (Japan),TACKLE ON FEET BIG,Green,941361,10,A,3000,Japan,43557,Nik,McCurran,2,4456
1353,3862.201632653061,3880.896239344331,Sanaila Waqa (Japan),KICK RETREAT,Red,941361,4,A,3000,Japan,23564,Sanaila,Waqa,2,4616
1354,3862.201632653061,3881.6972498026626,Kazuki Himeno (Japan),KICK RETREAT,Red,941361,7,A,3000,Japan,28962,Kazuki,Himeno,2,4616
1355,3862.239326638,3875.5998137534234,Ellis Genge (England),KICK CHASE,Green,941361,1,H,550,England,22778,Ellis,Genge,2,4616
1356,3862.239326638,3875.5998137534234,Jamie George (England),KICK CHASE,Green,941361,2,H,550,England,10187,Jamie,George,2,4616
1357,3862.239326638,3875.5998137534234,Will Stuart (England),KICK CHASE,Green,941361,3,H,550,England,24121,Will,Stuart,2,4616
1358,3862.239326638,3875.5998137534234,Maro Itoje (England),KICK CHASE,Green,941361,4,H,550,England,20440,Maro,Itoje,2,4616
1359,3862.239326638,3875.5998137534234,George Martin (England),KICK CHASE,Green,941361,5,H,550,England,35631,George,Martin,2,4616
1360,3862.239326638,3875.5998137534234,Chandler Cunningham-South (England),KICK CHASE,Green,941361,20,H,550,England,44072,Chandler,Cunningham-South,2,4616
1361,3862.239326638,3875.5998137534234,Ben Earl (England),KICK CHASE,Green,941361,8,H,550,England,23732,Ben,Earl,2,4616
1362,3862.239326638,3875.5998137534234,Jack van Poortvliet (England),KICK CHASE,Green,941361,9,H,550,England,35629,Jack,van Poortvliet,2,4616
1363,3862.239326638,3875.5998137534234,Ollie Sleightholme (England),KICK CHASE,Green,941361,11,H,550,England,28734,Ollie,Sleightholme,2,4616
1364,3862.239326638,3875.5998137534234,Henry Slade (England),KICK CHASE,Green,941361,12,H,550,England,19087,Henry,Slade,2,4616
1365,3862.239326638,3875.5998137534234,Ollie Lawrence (England),KICK CHASE,Green,941361,13,H,550,England,29561,Ollie,Lawrence,2,4616
1366,3862.565941043084,3876.810096534,Takato Okabe (Japan),KICK RETREAT,Green,941361,1,A,3000,Japan,32321,Takato,Okabe,2,4616
1367,3862.565941043084,3876.810096534,Epineri Uluiviti (Japan),KICK RETREAT,Green,941361,5,A,3000,Japan,26154,Epineri,Uluiviti,2,4616
1368,3862.565941043084,3876.810096534,Kanji Shimokawa (Japan),KICK RETREAT,Green,941361,6,A,3000,Japan,30962,Kanji,Shimokawa,2,4616
1369,3862.565941043084,3876.810096534,Naoto Saito (Japan),KICK RETREAT,Green,941361,9,A,3000,Japan,25158,Naoto,Saito,2,4616
1370,3862.565941043084,3876.810096534,Nik McCurran (Japan),KICK RETREAT,Green,941361,10,A,3000,Japan,43557,Nik,McCurran,2,4616
1371,3862.565941043084,3876.810096534,Siosaia Fifita (Japan),KICK RETREAT,Green,941361,12,A,3000,Japan,30973,Siosaia,Fifita,2,4616
1372,3862.565941043084,3876.810096534,Dylan Riley (Japan),KICK RETREAT,Green,941361,13,A,3000,Japan,27652,Dylan,Riley,2,4616
1373,3862.565941043084,3876.810096534,Kenta Matsuoka (Japan),KICK RETREAT,Green,941361,16,A,3000,Japan,37886,Kenta,Matsuoka,2,4616
1374,3862.565941043084,3876.810096534,Keijiro Tamefusa (Japan),KICK RETREAT,Green,941361,18,A,3000,Japan,61929,Keijiro,Tamefusa,2,4616
1375,3862.783187473,3876.2034987830575,Tom Curry (England),KICK CHASE,Gold,941361,6,H,550,England,25980,Tom,Curry,2,4616
1376,3862.783187473,3876.2034987830575,Tommy Freeman (England),KICK CHASE,Gold,941361,14,H,550,England,35530,Tommy,Freeman,2,4616
1377,3866.398583766038,3881.3000280172946,Tommy Freeman (England),TACKLE BIG,Yellow,941361,14,H,550,England,35530,Tommy,Freeman,2,4621
1378,3869.0985988212774,3880.700086404732,Tom Curry (England),JACKLER ON FEET BIG,Green,941361,6,H,550,England,25980,Tom,Curry,2,4624
1379,3871.4862094196656,3880.871358544,Kanji Shimokawa (Japan),RUCK BIG,Green,941361,6,A,3000,Japan,30962,Kanji,Shimokawa,2,4625
1380,3873.202714048,3880.871358544,Takato Okabe (Japan),RUCK BIG,Green,941361,1,A,3000,Japan,32321,Takato,Okabe,2,4628
1381,3874.197999345312,3886.7000560533447,Ellis Genge (England),TACKLE BIG,Green,941361,1,H,550,England,22778,Ellis,Genge,2,4629
1382,3874.975260770975,3883.6318746,Epineri Uluiviti (Japan),RUCK BIG,Green,941361,5,A,3000,Japan,26154,Epineri,Uluiviti,2,4629
1383,3874.975260770975,3883.6318746,Kenta Matsuoka (Japan),RUCK BIG,Green,941361,16,A,3000,Japan,37886,Kenta,Matsuoka,2,4629
1384,3874.998467970704,3886.7000560533447,Maro Itoje (England),TACKLE BIG,Green,941361,4,H,550,England,20440,Maro,Itoje,2,4629
1385,3875.871358544,3882.822106032,Faulua Makisi (Japan),CARRY BIG,Green,941361,8,A,3000,Japan,23417,Faulua,Makisi,2,4631
1386,3876.497248717664,3901.199112176669,Kazuki Himeno (Japan),LINEBREAK ATTACK,Gold,941361,7,A,3000,Japan,28962,Kazuki,Himeno,2,4631
1387,3876.982480824329,3891.280689742,Siosaia Fifita (Japan),CARRY BIG,Green,941361,12,A,3000,Japan,30973,Siosaia,Fifita,2,4631
1388,3877.798140890635,3887.0999648502448,George Martin (England),TACKLE BIG,Green,941361,5,H,550,England,35631,George,Martin,2,4633
1389,3878.6318746,3884.895960791,Keijiro Tamefusa (Japan),CARRY BIG,Green,941361,18,A,3000,Japan,61929,Keijiro,Tamefusa,2,4633
1390,3879.783882146998,3892.287940231,Kenta Matsuoka (Japan),RUCK ON FEET BIG,Red,941361,16,A,3000,Japan,37886,Kenta,Matsuoka,2,4635
1391,3879.984311696999,3899.196979328664,Jone Naikabula (Japan),LINEBREAK ATTACK,Gold,941361,11,A,3000,Japan,28091,Jone,Naikabula,2,4635
1392,3881.007906248,3889.739481586,Takato Okabe (Japan),RUCK ON FEET BIG,Red,941361,1,A,3000,Japan,32321,Takato,Okabe,2,4636
1393,3881.0980591312905,3895.1003336723393,Ben Earl (England),TACKLE BIG,Green,941361,8,H,550,England,23732,Ben,Earl,2,4636
1394,3882.077029478458,3899.798499584659,Jamie George (England),LINEBREAK DEFENCE,Gold,941361,2,H,550,England,10187,Jamie,George,2,4637
1395,3885.388826827,3895.901843141,Dylan Riley (Japan),CARRY BIG,Green,941361,13,A,3000,Japan,27652,Dylan,Riley,2,4640
1396,3886.393879940697,3906.700064919017,Ellis Genge (England),LINEBREAK DEFENCE,Gold,941361,1,H,550,England,22778,Ellis,Genge,2,4641
1397,3888.097494757696,3898.7999585505936,Ollie Lawrence (England),TACKLE BIG,Green,941361,13,H,550,England,29561,Ollie,Lawrence,2,4643
1398,3889.898452179285,3900.800027138985,Marcus Smith (England),TACKLE BIG,Green,941361,10,H,550,England,26046,Marcus,Smith,2,4645
1399,3891.1981445072142,3909.200003404379,Jamie George (England),TACKLE BIG,Green,941361,2,H,550,England,10187,Jamie,George,2,4646
1400,3891.61851167,3908.435973565,Kazuki Himeno (Japan),RUCK BIG,Red,941361,7,A,3000,Japan,28962,Kazuki,Himeno,2,4646
1401,3893.8834765939982,3907.4981195899977,Takuro Matsunaga (Japan),RUCK BIG,Green,941361,15,A,3000,Japan,38312,Takuro,Matsunaga,2,4649
1402,3894.876811546,3904.200292917,Will Stuart (England),Defence - Not in Line,Red,941361,3,H,550,England,24121,Will,Stuart,2,4650
1403,3894.876811546,3904.200292917,Ben Earl (England),Defence - Not in Line,Red,941361,8,H,550,England,23732,Ben,Earl,2,4650
1404,3894.876811546,3904.200292917,Henry Slade (England),Defence - Not in Line,Red,941361,12,H,550,England,19087,Henry,Slade,2,4650
1405,3894.911950113378,3899.911950113378,George Martin (England),Defence - Not in Line,Red,941361,5,H,550,England,35631,George,Martin,2,4650
1406,3896.7991343412855,3909.200003404379,Ollie Sleightholme (England),TACKLE BIG,Green,941361,11,H,550,England,28734,Ollie,Sleightholme,2,4651
1407,3896.8992145106513,3914.500077885623,Ellis Genge (England),TACKLE BIG,Red,941361,1,H,550,England,22778,Ellis,Genge,2,4651
1408,3898.495873015873,3908.796949901665,Keijiro Tamefusa (Japan),RUCK ON FEET BIG,Green,941361,18,A,3000,Japan,61929,Keijiro,Tamefusa,2,4653
1409,3898.669661454667,3914.239776278,Epineri Uluiviti (Japan),CARRY BIG,Green,941361,5,A,3000,Japan,26154,Epineri,Uluiviti,2,4653
1410,3900.335963718821,3916.0954410569993,Tomoki Osada (Japan),CARRY BIG,Green,941361,14,A,3000,Japan,31059,Tomoki,Osada,2,4652
1411,3901.9139002267575,3906.9139002267575,Tom Curry (England),Defence - Not in Line,Red,941361,6,H,550,England,25980,Tom,Curry,2,4657
1412,3902.3861296670016,3916.998478819332,Takato Okabe (Japan),RUCK BIG,Yellow,941361,1,A,3000,Japan,32321,Takato,Okabe,2,4657
1413,3903.994182402,3912.300371089332,Kanji Shimokawa (Japan),RUCK BIG,Green,941361,6,A,3000,Japan,30962,Kanji,Shimokawa,2,4659
1414,3904.698218231945,3914.1999366495743,Tom Curry (England),TACKLE BIG,Green,941361,6,H,550,England,25980,Tom,Curry,2,4700
1415,3905.2988298289383,3912.0000223699417,Ben Earl (England),TACKLE ON FEET BIG,Green,941361,8,H,550,England,23732,Ben,Earl,2,4700
1416,3906.099051772664,3917.898270086,Dylan Riley (Japan),RUCK BIG,Green,941361,13,A,3000,Japan,27652,Dylan,Riley,2,4701
1417,3906.669753873,3911.669753873,Henry Slade (England),Defence - Not in Line,Red,941361,12,H,550,England,19087,Henry,Slade,2,4701
1418,3907.2991881206312,3916.099960037077,Ben Earl (England),JACKLER ON FEET BIG,Red,941361,8,H,550,England,23732,Ben,Earl,2,4702
1419,3908.380677186666,3922.297613597332,Henry Slade (England),TURNOVER ATTACK,Gold,941361,12,H,550,England,19087,Henry,Slade,2,4702
1420,3909.098438078019,3930.7000463693544,Henry Slade (England),CARRY BIG,Green,941361,12,H,550,England,19087,Henry,Slade,2,4702
1421,3909.983689253,3921.296106587664,Nik McCurran (Japan),CARRY BIG,Green,941361,10,A,3000,Japan,43557,Nik,McCurran,2,4706
1422,3909.991119562,3922.343295343,Takuro Matsunaga (Japan),CARRY BIG,Green,941361,15,A,3000,Japan,38312,Takuro,Matsunaga,2,4706
1423,3910.014955124,3924.059458659,Kenta Matsuoka (Japan),JACKLER BIG,Yellow,941361,16,A,3000,Japan,37886,Kenta,Matsuoka,2,4706
1424,3913.799455782313,3923.697940726998,Tomoki Osada (Japan),JACKLER ON FEET BIG,Green,941361,14,A,3000,Japan,31059,Tomoki,Osada,2,4703
1425,4128.807122484,4164.7015286800215,Ellis Genge (England),LINEOUT DEFENCE,Green,941361,1,H,550,England,22778,Ellis,Genge,2,4948
1426,4128.807122484,4164.7015286800215,Maro Itoje (England),LINEOUT DEFENCE,Green,941361,4,H,550,England,20440,Maro,Itoje,2,4948
1427,4128.807122484,4164.7015286800215,George Martin (England),LINEOUT DEFENCE,Green,941361,5,H,550,England,35631,George,Martin,2,4948
1428,4129.610242689,4164.7015286800215,Chandler Cunningham-South (England),LINEOUT DEFENCE,Green,941361,20,H,550,England,44072,Chandler,Cunningham-South,2,4948
1429,4130.560022962,4172.115346681,Takato Okabe (Japan),LINEOUT ATTACK,Green,941361,1,A,3000,Japan,32321,Takato,Okabe,2,4948
1430,4130.560022962,4172.115346681,Sanaila Waqa (Japan),LINEOUT ATTACK,Green,941361,4,A,3000,Japan,23564,Sanaila,Waqa,2,4948
1431,4130.560022962,4172.115346681,Kanji Shimokawa (Japan),LINEOUT ATTACK,Green,941361,6,A,3000,Japan,30962,Kanji,Shimokawa,2,4948
1432,4130.560022962,4172.115346681,Kenta Matsuoka (Japan),LINEOUT ATTACK,Green,941361,16,A,3000,Japan,37886,Kenta,Matsuoka,2,4948
1433,4130.560022962,4172.115346681,Keijiro Tamefusa (Japan),LINEOUT ATTACK,Green,941361,18,A,3000,Japan,61929,Keijiro,Tamefusa,2,4948
1434,4131.416592713,4172.115346681,Kazuki Himeno (Japan),LINEOUT ATTACK,Green,941361,7,A,3000,Japan,28962,Kazuki,Himeno,2,4948
1435,4146.198390718,4161.099970197001,Will Stuart (England),LINEOUT DEFENCE,Red,941361,3,H,550,England,24121,Will,Stuart,2,4950
1436,4156.032108843538,4168.696926522,Chandler Cunningham-South (England),Defence - Not in Line,Red,941361,20,H,550,England,44072,Chandler,Cunningham-South,2,5015
1437,4160.698228835934,4173.0999748784125,George Martin (England),TACKLE BIG,Green,941361,5,H,550,England,35631,George,Martin,2,5020
1438,4162.16374112,4174.3988854063045,Epineri Uluiviti (Japan),LINEOUT ATTACK,Red,941361,5,A,3000,Japan,26154,Epineri,Uluiviti,2,5020
1439,4163.299254828675,4179.500015899921,Maro Itoje (England),TACKLE BIG,Red,941361,4,H,550,England,20440,Maro,Itoje,2,5022
1440,4164.265056863,4178.119729593,Jone Naikabula (Japan),RUCK BIG,Green,941361,11,A,3000,Japan,28091,Jone,Naikabula,2,5023
1441,4165.598383369198,4173.700050870727,Luke Cowan-Dickie (England),TACKLE ON FEET BIG,Green,941361,16,H,550,England,19240,Luke,Cowan-Dickie,2,5025
1442,4166.50817358,4176.369713298,Takato Okabe (Japan),RUCK BIG,Red,941361,1,A,3000,Japan,32321,Takato,Okabe,2,5025
1443,4166.545850340136,4178.616316834,Siosaia Fifita (Japan),CARRY BIG,Green,941361,12,A,3000,Japan,30973,Siosaia,Fifita,2,5025
1444,4167.69739229025,4172.69739229025,Luke Cowan-Dickie (England),Defence - Not in Line,Red,941361,16,H,550,England,19240,Luke,Cowan-Dickie,2,5026
1445,4168.243908603,4177.416313854,Keijiro Tamefusa (Japan),RUCK ON FEET BIG,Green,941361,18,A,3000,Japan,61929,Keijiro,Tamefusa,2,5026
1446,4169.39801808602,4188.799967461039,Ellis Genge (England),TACKLE BIG,Yellow,941361,1,H,550,England,22778,Ellis,Genge,2,5028
1447,4169.598400747923,4187.299983893309,Ben Earl (England),JACKLER BIG,Green,941361,8,H,550,England,23732,Ben,Earl,2,5028
1448,4173.683845425996,4187.705216478,Kazuki Himeno (Japan),CARRY BIG,Green,941361,7,A,3000,Japan,28962,Kazuki,Himeno,2,5033
1449,4178.746705397,4185.298699703998,Ben Gunter (Japan),RUCK BIG,Green,941361,21,A,3000,Japan,26283,Ben,Gunter,2,5038
1450,4178.798719798609,4192.600003215365,Tom Curry (England),TACKLE BIG,Green,941361,6,H,550,England,25980,Tom,Curry,2,5038
1451,4179.157301587302,4188.908906825,Sanaila Waqa (Japan),RUCK BIG,Red,941361,4,A,3000,Japan,23564,Sanaila,Waqa,2,5038
1452,4180.19813413299,4192.600003215365,George Martin (England),TACKLE BIG,Green,941361,5,H,550,England,35631,George,Martin,2,5039
1453,4182.388571428572,4210.700440144334,Ellis Genge (England),KICK CHASE,Green,941361,1,H,550,England,22778,Ellis,Genge,2,5041
1454,4182.388571428572,4210.700440144334,Will Stuart (England),KICK CHASE,Green,941361,3,H,550,England,24121,Will,Stuart,2,5041
1455,4182.388571428572,4210.700440144334,Maro Itoje (England),KICK CHASE,Green,941361,4,H,550,England,20440,Maro,Itoje,2,5041
1456,4182.388571428572,4210.700440144334,George Martin (England),KICK CHASE,Green,941361,5,H,550,England,35631,George,Martin,2,5041
1457,4182.388571428572,4210.700440144334,Tom Curry (England),KICK CHASE,Green,941361,6,H,550,England,25980,Tom,Curry,2,5041
1458,4182.388571428572,4210.700440144334,Chandler Cunningham-South (England),KICK CHASE,Green,941361,20,H,550,England,44072,Chandler,Cunningham-South,2,5041
1459,4182.388571428572,4210.700440144334,Ben Earl (England),KICK CHASE,Green,941361,8,H,550,England,23732,Ben,Earl,2,5041
1460,4182.388571428572,4210.700440144334,Luke Cowan-Dickie (England),KICK CHASE,Green,941361,16,H,550,England,19240,Luke,Cowan-Dickie,2,5041
1461,4183.186802982,4210.700440144334,Ollie Sleightholme (England),KICK CHASE,Green,941361,11,H,550,England,28734,Ollie,Sleightholme,2,5041
1462,4183.186802982,4210.700440144334,Henry Slade (England),KICK CHASE,Green,941361,12,H,550,England,19087,Henry,Slade,2,5041
1463,4183.186802982,4210.700440144334,Ollie Lawrence (England),KICK CHASE,Green,941361,13,H,550,England,29561,Ollie,Lawrence,2,5041
1464,4183.186802982,4210.700440144334,Harry Randall (England),KICK CHASE,Green,941361,21,H,550,England,24732,Harry,Randall,2,5041
1465,4186.098837338936,4202.200040463654,Maro Itoje (England),TACKLE BIG,Red,941361,4,H,550,England,20440,Maro,Itoje,2,5045
1466,4186.5985198152275,4195.699920065301,Luke Cowan-Dickie (England),TACKLE ON FEET BIG,Green,941361,16,H,550,England,19240,Luke,Cowan-Dickie,2,5045
1467,4187.789410430839,4195.7777501,Epineri Uluiviti (Japan),RUCK BIG,Yellow,941361,5,A,3000,Japan,26154,Epineri,Uluiviti,2,5046
1468,4188.13547895,4194.019675935,Kenta Matsuoka (Japan),RUCK BIG,Green,941361,16,A,3000,Japan,37886,Kenta,Matsuoka,2,5046
1469,4188.277256235828,4198.693890186,Kanji Shimokawa (Japan),CARRY BIG,Green,941361,6,A,3000,Japan,30962,Kanji,Shimokawa,2,5047
1470,4189.113628117914,4224.797150078,Tommy Freeman (England),KICK CHASE,Gold,941361,14,H,550,England,35530,Tommy,Freeman,2,5047
1471,4189.531509517,4198.520514658,Kazuki Himeno (Japan),RUCK ON FEET BIG,Red,941361,7,A,3000,Japan,28962,Kazuki,Himeno,2,5047
1472,4189.545487528345,4196.697856633666,Chandler Cunningham-South (England),CHARGE DOWN,Green,941361,20,H,550,England,44072,Chandler,Cunningham-South,2,5047
1473,4190.05253968254,4199.498631759999,Marcus Smith (England),KICK RETREAT,Green,941361,10,H,550,England,26046,Marcus,Smith,2,5047
1474,4190.575264198,4201.790609555,Takato Okabe (Japan),KICK CHASE,Green,941361,1,A,3000,Japan,32321,Takato,Okabe,2,5048
1475,4190.575264198,4201.790609555,Sanaila Waqa (Japan),KICK CHASE,Green,941361,4,A,3000,Japan,23564,Sanaila,Waqa,2,5048
1476,4190.575264198,4201.790609555,Epineri Uluiviti (Japan),KICK CHASE,Green,941361,5,A,3000,Japan,26154,Epineri,Uluiviti,2,5048
1477,4190.575264198,4201.790609555,Kanji Shimokawa (Japan),KICK CHASE,Green,941361,6,A,3000,Japan,30962,Kanji,Shimokawa,2,5048
1478,4190.575264198,4201.790609555,Kazuki Himeno (Japan),KICK CHASE,Green,941361,7,A,3000,Japan,28962,Kazuki,Himeno,2,5048
1479,4190.575264198,4201.790609555,Naoto Saito (Japan),KICK CHASE,Green,941361,9,A,3000,Japan,25158,Naoto,Saito,2,5048
1480,4190.575264198,4201.790609555,Nik McCurran (Japan),KICK CHASE,Green,941361,10,A,3000,Japan,43557,Nik,McCurran,2,5048
1481,4190.575264198,4201.790609555,Jone Naikabula (Japan),KICK CHASE,Green,941361,11,A,3000,Japan,28091,Jone,Naikabula,2,5048
1482,4190.575264198,4201.790609555,Siosaia Fifita (Japan),KICK CHASE,Green,941361,12,A,3000,Japan,30973,Siosaia,Fifita,2,5048
1483,4190.575264198,4201.790609555,Dylan Riley (Japan),KICK CHASE,Green,941361,13,A,3000,Japan,27652,Dylan,Riley,2,5048
1484,4190.575264198,4201.790609555,Tomoki Osada (Japan),KICK CHASE,Green,941361,14,A,3000,Japan,31059,Tomoki,Osada,2,5048
1485,4190.575264198,4201.790609555,Takuro Matsunaga (Japan),KICK CHASE,Green,941361,15,A,3000,Japan,38312,Takuro,Matsunaga,2,5048
1486,4190.575264198,4201.790609555,Kenta Matsuoka (Japan),KICK CHASE,Green,941361,16,A,3000,Japan,37886,Kenta,Matsuoka,2,5048
1487,4190.575264198,4201.790609555,Keijiro Tamefusa (Japan),KICK CHASE,Green,941361,18,A,3000,Japan,61929,Keijiro,Tamefusa,2,5048
1488,4190.575264198,4201.790609555,Ben Gunter (Japan),KICK CHASE,Green,941361,21,A,3000,Japan,26283,Ben,Gunter,2,5048
1489,4191.020022675737,4198.2617617,Ben Gunter (Japan),RUCK ON FEET BIG,Green,941361,21,A,3000,Japan,26283,Ben,Gunter,2,5048
1490,4191.316666666667,4201.752919169,Keijiro Tamefusa (Japan),RUCK BIG,Green,941361,18,A,3000,Japan,61929,Keijiro,Tamefusa,2,5048
1491,4191.970068027211,4201.500966155334,Ellis Genge (England),KICK RETREAT,Yellow,941361,1,H,550,England,22778,Ellis,Genge,2,5051
1492,4191.970068027211,4201.500966155334,George Martin (England),KICK RETREAT,Yellow,941361,5,H,550,England,35631,George,Martin,2,5051
1493,4192.420356195,4201.500966155334,Tom Curry (England),KICK RETREAT,Yellow,941361,6,H,550,England,25980,Tom,Curry,2,5051
1494,4192.468036996,4198.693174603174,Will Stuart (England),KICK RETREAT,Green,941361,3,H,550,England,24121,Will,Stuart,2,5051
1495,4192.468036996,4198.693174603174,Ben Earl (England),KICK RETREAT,Green,941361,8,H,550,England,23732,Ben,Earl,2,5051
1496,4192.468036996,4198.693174603174,Ollie Sleightholme (England),KICK RETREAT,Green,941361,11,H,550,England,28734,Ollie,Sleightholme,2,5051
1497,4192.468036996,4198.693174603174,Henry Slade (England),KICK RETREAT,Green,941361,12,H,550,England,19087,Henry,Slade,2,5051
1498,4192.468036996,4198.693174603174,Ollie Lawrence (England),KICK RETREAT,Green,941361,13,H,550,England,29561,Ollie,Lawrence,2,5051
1499,4192.468036996,4198.693174603174,Harry Randall (England),KICK RETREAT,Green,941361,21,H,550,England,24732,Harry,Randall,2,5051
1500,4193.752335600907,4202.295389431,Takato Okabe (Japan),CARRY BIG,Green,941361,1,A,3000,Japan,32321,Takato,Okabe,2,5053
1501,4193.753395951,4198.693174603174,Luke Cowan-Dickie (England),KICK RETREAT,Green,941361,16,H,550,England,19240,Luke,Cowan-Dickie,2,5053
1502,4194.524862964,4208.800180154,Takato Okabe (Japan),KICK RETREAT,Green,941361,1,A,3000,Japan,32321,Takato,Okabe,2,5053
1503,4194.524862964,4208.800180154,Epineri Uluiviti (Japan),KICK RETREAT,Green,941361,5,A,3000,Japan,26154,Epineri,Uluiviti,2,5053
1504,4194.524862964,4208.800180154,Kanji Shimokawa (Japan),KICK RETREAT,Green,941361,6,A,3000,Japan,30962,Kanji,Shimokawa,2,5053
1505,4194.524862964,4208.800180154,Kazuki Himeno (Japan),KICK RETREAT,Green,941361,7,A,3000,Japan,28962,Kazuki,Himeno,2,5053
1506,4194.524862964,4208.800180154,Naoto Saito (Japan),KICK RETREAT,Green,941361,9,A,3000,Japan,25158,Naoto,Saito,2,5053
1507,4194.524862964,4208.800180154,Nik McCurran (Japan),KICK RETREAT,Green,941361,10,A,3000,Japan,43557,Nik,McCurran,2,5053
1508,4194.524862964,4208.800180154,Jone Naikabula (Japan),KICK RETREAT,Green,941361,11,A,3000,Japan,28091,Jone,Naikabula,2,5053
1509,4194.524862964,4208.800180154,Siosaia Fifita (Japan),KICK RETREAT,Green,941361,12,A,3000,Japan,30973,Siosaia,Fifita,2,5053
1510,4194.524862964,4208.800180154,Dylan Riley (Japan),KICK RETREAT,Green,941361,13,A,3000,Japan,27652,Dylan,Riley,2,5053
1511,4194.524862964,4208.800180154,Tomoki Osada (Japan),KICK RETREAT,Green,941361,14,A,3000,Japan,31059,Tomoki,Osada,2,5053
1512,4194.524862964,4208.800180154,Takuro Matsunaga (Japan),KICK RETREAT,Green,941361,15,A,3000,Japan,38312,Takuro,Matsunaga,2,5053
1513,4194.524862964,4208.800180154,Kenta Matsuoka (Japan),KICK RETREAT,Green,941361,16,A,3000,Japan,37886,Kenta,Matsuoka,2,5053
1514,4194.524862964,4208.800180154,Keijiro Tamefusa (Japan),KICK RETREAT,Green,941361,18,A,3000,Japan,61929,Keijiro,Tamefusa,2,5053
1515,4194.524862964,4208.800180154,Ben Gunter (Japan),KICK RETREAT,Green,941361,21,A,3000,Japan,26283,Ben,Gunter,2,5053
1516,4194.826825396825,4205.098018458995,Sanaila Waqa (Japan),KICK RETREAT,Yellow,941361,4,A,3000,Japan,23564,Sanaila,Waqa,2,5053
1517,4222.5689115646255,4242.537768067,Ellis Genge (England),LINEOUT DEFENCE,Green,941361,1,H,550,England,22778,Ellis,Genge,2,5126
1518,4222.5689115646255,4242.537768067,Will Stuart (England),LINEOUT DEFENCE,Green,941361,3,H,550,England,24121,Will,Stuart,2,5126
1519,4222.84802064,4242.537768067,Maro Itoje (England),LINEOUT DEFENCE,Green,941361,4,H,550,England,20440,Maro,Itoje,2,5126
1520,4222.84802064,4242.537768067,George Martin (England),LINEOUT DEFENCE,Green,941361,5,H,550,England,35631,George,Martin,2,5126
1521,4224.10277318,4242.537768067,Chandler Cunningham-South (England),LINEOUT DEFENCE,Green,941361,20,H,550,England,44072,Chandler,Cunningham-South,2,5126
1522,4225.064943310657,4244.301478795688,Takato Okabe (Japan),LINEOUT ATTACK,Green,941361,1,A,3000,Japan,32321,Takato,Okabe,2,5126
1523,4225.064943310657,4244.301478795688,Sanaila Waqa (Japan),LINEOUT ATTACK,Green,941361,4,A,3000,Japan,23564,Sanaila,Waqa,2,5126
1524,4225.064943310657,4244.301478795688,Epineri Uluiviti (Japan),LINEOUT ATTACK,Green,941361,5,A,3000,Japan,26154,Epineri,Uluiviti,2,5126
1525,4225.064943310657,4244.301478795688,Kanji Shimokawa (Japan),LINEOUT ATTACK,Green,941361,6,A,3000,Japan,30962,Kanji,Shimokawa,2,5126
1526,4225.064943310657,4244.301478795688,Kenta Matsuoka (Japan),LINEOUT ATTACK,Green,941361,16,A,3000,Japan,37886,Kenta,Matsuoka,2,5126
1527,4225.064943310657,4244.301478795688,Keijiro Tamefusa (Japan),LINEOUT ATTACK,Green,941361,18,A,3000,Japan,61929,Keijiro,Tamefusa,2,5126
1528,4234.698196431927,4248.899965783683,Marcus Smith (England),TACKLE BIG,Green,941361,10,H,550,England,26046,Marcus,Smith,2,5134
1529,4235.211360544217,4298.598248919664,Epineri Uluiviti (Japan),CARRY BIG,Gold,941361,5,A,3000,Japan,26154,Epineri,Uluiviti,2,5134
1530,4236.935010143,4249.113730206,Siosaia Fifita (Japan),RUCK ON FEET BIG,Red,941361,12,A,3000,Japan,30973,Siosaia,Fifita,2,5135
1531,4239.163650793651,4249.238796171,Ben Gunter (Japan),RUCK ON FEET BIG,Red,941361,21,A,3000,Japan,26283,Ben,Gunter,2,5137
1532,4240.705469897,4251.612724861,Tomoki Osada (Japan),CARRY BIG,Yellow,941361,14,A,3000,Japan,31059,Tomoki,Osada,2,5139
1533,4241.897867076231,4253.300521326333,George Furbank (England),TACKLE ON FEET BIG,Green,941361,15,H,550,England,25952,George,Furbank,2,5141
1534,4242.474815847,4249.759407125,Takuro Matsunaga (Japan),CARRY BIG,Green,941361,15,A,3000,Japan,38312,Takuro,Matsunaga,2,5141
1535,4244.298145762235,4255.300166262271,Tommy Freeman (England),TACKLE BIG,Green,941361,14,H,550,England,35530,Tommy,Freeman,2,5143
1536,4248.682806912332,4263.599010103999,Jone Naikabula (Japan),CARRY BIG,Yellow,941361,11,A,3000,Japan,28091,Jone,Naikabula,2,5147
1537,4249.232478463,4259.400872025333,Will Stuart (England),Defence - Not in Line,Red,941361,3,H,550,England,24121,Will,Stuart,2,5148
1538,4249.232478463,4259.400872025333,Maro Itoje (England),Defence - Not in Line,Red,941361,4,H,550,England,20440,Maro,Itoje,2,5148
1539,4249.232478463,4259.400872025333,George Martin (England),Defence - Not in Line,Red,941361,5,H,550,England,35631,George,Martin,2,5148
1540,4249.232478463,4259.400872025333,Tom Curry (England),Defence - Not in Line,Red,941361,6,H,550,England,25980,Tom,Curry,2,5148
1541,4249.232478463,4259.400872025333,Luke Cowan-Dickie (England),Defence - Not in Line,Red,941361,16,H,550,England,19240,Luke,Cowan-Dickie,2,5148
1542,4250.349523809524,4260.906307089,Dylan Riley (Japan),RUCK ON FEET BIG,Red,941361,13,A,3000,Japan,27652,Dylan,Riley,2,5150
1543,4250.499281704981,4260.000012455019,Ollie Lawrence (England),TACKLE ON FEET BIG,Yellow,941361,13,H,550,England,29561,Ollie,Lawrence,2,5150
1544,4251.498453948609,4264.3000066142695,Ellis Genge (England),TACKLE BIG,Green,941361,1,H,550,England,22778,Ellis,Genge,2,5150
1545,4252.265942459,4259.199012902999,Sanaila Waqa (Japan),RUCK ON FEET BIG,Green,941361,4,A,3000,Japan,23564,Sanaila,Waqa,2,5151
1546,4252.896870947575,4264.3000066142695,George Martin (England),TACKLE BIG,Green,941361,5,H,550,England,35631,George,Martin,2,5151
1547,4253.854167658,4258.854167658,Keijiro Tamefusa (Japan),RUCK ON FEET BIG,Green,941361,18,A,3000,Japan,61929,Keijiro,Tamefusa,2,5152
1548,4254.055868787,4262.864711481,Kanji Shimokawa (Japan),RUCK BIG,Green,941361,6,A,3000,Japan,30962,Kanji,Shimokawa,2,5153
1549,4254.896812608662,4264.899378859,Epineri Uluiviti (Japan),CARRY BIG,Green,941361,5,A,3000,Japan,26154,Epineri,Uluiviti,2,5154
1550,4257.4972196666395,4267.999993832668,Maro Itoje (England),TACKLE BIG,Yellow,941361,4,H,550,England,20440,Maro,Itoje,2,5157
1551,4257.69857573994,4271.100010532636,Will Stuart (England),TACKLE BIG,Red,941361,3,H,550,England,24121,Will,Stuart,2,5157
1552,4259.408798263,4270.378099318,Takato Okabe (Japan),RUCK BIG,Red,941361,1,A,3000,Japan,32321,Takato,Okabe,2,5158
1553,4260.5787674139965,4269.120125204,Kenta Matsuoka (Japan),RUCK ON FEET BIG,Green,941361,16,A,3000,Japan,37886,Kenta,Matsuoka,2,5159
1554,4263.898148876935,4275.800081001623,Harry Randall (England),TACKLE BIG,Green,941361,21,H,550,England,24732,Harry,Randall,2,5203
1555,4264.120125204,4273.196419908,Siosaia Fifita (Japan),CARRY BIG,Red,941361,12,A,3000,Japan,30973,Siosaia,Fifita,2,5203
1556,4265.898177579939,4275.900060910423,Marcus Smith (England),TACKLE ON FEET BIG,Green,941361,10,H,550,England,26046,Marcus,Smith,2,5205
1557,4267.69885137639,4279.200129998751,Ben Earl (England),JACKLER ON FEET BIG,Green,941361,8,H,550,England,23732,Ben,Earl,2,5206
1558,4268.061360544218,4287.4006334686665,Ellis Genge (England),Defence - Not in Line,Red,941361,1,H,550,England,22778,Ellis,Genge,2,5207
1559,4268.061360544218,4287.4006334686665,Will Stuart (England),Defence - Not in Line,Red,941361,3,H,550,England,24121,Will,Stuart,2,5207
1560,4268.061360544218,4287.4006334686665,Tom Curry (England),Defence - Not in Line,Red,941361,6,H,550,England,25980,Tom,Curry,2,5207
1561,4268.061360544218,4287.4006334686665,Ollie Lawrence (England),Defence - Not in Line,Red,941361,13,H,550,England,29561,Ollie,Lawrence,2,5207
1562,4268.461102152,4278.455348797,Takuro Matsunaga (Japan),RUCK BIG,Red,941361,15,A,3000,Japan,38312,Takuro,Matsunaga,2,5207
1563,4269.52072477,4276.418311675,Tomoki Osada (Japan),RUCK ON FEET BIG,Green,941361,14,A,3000,Japan,31059,Tomoki,Osada,2,5208
1564,4272.198521955558,4282.600055002255,Ellis Genge (England),TACKLE BIG,Red,941361,1,H,550,England,22778,Ellis,Genge,2,5211
1565,4273.099406622266,4282.600055002255,Will Stuart (England),TACKLE BIG,Red,941361,3,H,550,England,24121,Will,Stuart,2,5212
1566,4273.455348797,4283.710227805,Ben Gunter (Japan),CARRY BIG,Red,941361,21,A,3000,Japan,26283,Ben,Gunter,2,5212
1567,4274.328624646,4282.926580361,Keijiro Tamefusa (Japan),RUCK ON FEET BIG,Green,941361,18,A,3000,Japan,61929,Keijiro,Tamefusa,2,5213
1568,4274.62631943,4283.128002042,Kenta Matsuoka (Japan),RUCK BIG,Green,941361,16,A,3000,Japan,37886,Kenta,Matsuoka,2,5214
1569,4275.596145124717,4284.437411203,Takato Okabe (Japan),RUCK BIG,Red,941361,1,A,3000,Japan,32321,Takato,Okabe,2,5214
1570,4278.093405979,4296.347157904,Epineri Uluiviti (Japan),CARRY BIG,Green,941361,5,A,3000,Japan,26154,Epineri,Uluiviti,2,5217
1571,4278.128002042,4287.025503965,Dylan Riley (Japan),CARRY BIG,Green,941361,13,A,3000,Japan,27652,Dylan,Riley,2,5217
1572,4280.0992351312625,4297.999993185416,Maro Itoje (England),CARRY BIG,Yellow,941361,4,H,550,England,20440,Maro,Itoje,2,5219
1573,4282.67916644,4295.400033138974,Chandler Cunningham-South (England),RUCK ON FEET BIG,Green,941361,20,H,550,England,44072,Chandler,Cunningham-South,2,5221
1574,4284.198268038666,4296.162585173,Ellis Genge (England),KICK CHASE,Yellow,941361,1,H,550,England,22778,Ellis,Genge,2,5222
1575,4284.3013605442175,4296.960600004,Sanaila Waqa (Japan),KICK RETREAT,Yellow,941361,4,A,3000,Japan,23564,Sanaila,Waqa,2,5222
1576,4284.3013605442175,4296.960600004,Nik McCurran (Japan),KICK RETREAT,Yellow,941361,10,A,3000,Japan,43557,Nik,McCurran,2,5222
1577,4284.3013605442175,4296.960600004,Siosaia Fifita (Japan),KICK RETREAT,Yellow,941361,12,A,3000,Japan,30973,Siosaia,Fifita,2,5222
1578,4284.3013605442175,4296.960600004,Dylan Riley (Japan),KICK RETREAT,Yellow,941361,13,A,3000,Japan,27652,Dylan,Riley,2,5222
1579,4284.3013605442175,4296.960600004,Tomoki Osada (Japan),KICK RETREAT,Yellow,941361,14,A,3000,Japan,31059,Tomoki,Osada,2,5222
1580,4285.5984249722715,4295.400033138974,Ollie Lawrence (England),RUCK ON FEET BIG,Green,941361,13,H,550,England,29561,Ollie,Lawrence,2,5222
1581,4285.673403481,4296.356583859,Takato Okabe (Japan),KICK RETREAT,Green,941361,1,A,3000,Japan,32321,Takato,Okabe,2,5222
1582,4285.673403481,4296.356583859,Epineri Uluiviti (Japan),KICK RETREAT,Green,941361,5,A,3000,Japan,26154,Epineri,Uluiviti,2,5222
1583,4285.673403481,4296.356583859,Kanji Shimokawa (Japan),KICK RETREAT,Green,941361,6,A,3000,Japan,30962,Kanji,Shimokawa,2,5222
1584,4285.673403481,4296.356583859,Kazuki Himeno (Japan),KICK RETREAT,Green,941361,7,A,3000,Japan,28962,Kazuki,Himeno,2,5222
1585,4285.673403481,4296.356583859,Naoto Saito (Japan),KICK RETREAT,Green,941361,9,A,3000,Japan,25158,Naoto,Saito,2,5222
1586,4285.673403481,4296.356583859,Jone Naikabula (Japan),KICK RETREAT,Green,941361,11,A,3000,Japan,28091,Jone,Naikabula,2,5222
1587,4285.673403481,4296.356583859,Takuro Matsunaga (Japan),KICK RETREAT,Green,941361,15,A,3000,Japan,38312,Takuro,Matsunaga,2,5222
1588,4285.673403481,4296.356583859,Kenta Matsuoka (Japan),KICK RETREAT,Green,941361,16,A,3000,Japan,37886,Kenta,Matsuoka,2,5222
1589,4285.673403481,4296.356583859,Keijiro Tamefusa (Japan),KICK RETREAT,Green,941361,18,A,3000,Japan,61929,Keijiro,Tamefusa,2,5222
1590,4285.673403481,4296.356583859,Ben Gunter (Japan),KICK RETREAT,Green,941361,21,A,3000,Japan,26283,Ben,Gunter,2,5222
1591,4287.41612244898,4296.400089761666,Ollie Lawrence (England),KICK CHASE,Green,941361,13,H,550,England,29561,Ollie,Lawrence,2,5224
1592,4288.145647801,4297.314814321,Ben Earl (England),KICK CHASE,Green,941361,8,H,550,England,23732,Ben,Earl,2,5224
1593,4288.145647801,4297.314814321,Ollie Sleightholme (England),KICK CHASE,Green,941361,11,H,550,England,28734,Ollie,Sleightholme,2,5224
1594,4288.145647801,4297.314814321,Henry Slade (England),KICK CHASE,Green,941361,12,H,550,England,19087,Henry,Slade,2,5224
1595,4288.145647801,4297.314814321,Harry Randall (England),KICK CHASE,Green,941361,21,H,550,England,24732,Harry,Randall,2,5224
1596,4288.8448752834465,4293.8448752834465,George Martin (England),KICK CHASE,Green,941361,5,H,550,England,35631,George,Martin,2,5224
1597,4289.243444561,4297.314814321,Chandler Cunningham-South (England),KICK CHASE,Green,941361,20,H,550,England,44072,Chandler,Cunningham-South,2,5224
1598,4340.674487465,4357.721844811,Will Stuart (England),LINEOUT ATTACK,Green,941361,3,H,550,England,24121,Will,Stuart,2,5248
1599,4340.674487465,4357.721844811,Fin Baxter (England),LINEOUT ATTACK,Green,941361,17,H,550,England,37818,Fin,Baxter,2,5248
1600,4341.468835926,4357.721844811,Maro Itoje (England),LINEOUT ATTACK,Green,941361,4,H,550,England,20440,Maro,Itoje,2,5248
1601,4341.468835926,4357.721844811,George Martin (England),LINEOUT ATTACK,Green,941361,5,H,550,England,35631,George,Martin,2,5248
1602,4341.619569160997,4356.466576854,Kanji Shimokawa (Japan),LINEOUT DEFENCE,Green,941361,6,A,3000,Japan,30962,Kanji,Shimokawa,2,5248
1603,4341.619569160997,4356.466576854,Ben Gunter (Japan),LINEOUT DEFENCE,Green,941361,21,A,3000,Japan,26283,Ben,Gunter,2,5248
1604,4342.179591836734,4356.466576854,Takato Okabe (Japan),LINEOUT DEFENCE,Green,941361,1,A,3000,Japan,32321,Takato,Okabe,2,5248
1605,4342.179591836734,4356.466576854,Kenta Matsuoka (Japan),LINEOUT DEFENCE,Green,941361,16,A,3000,Japan,37886,Kenta,Matsuoka,2,5248
1606,4342.179591836734,4356.466576854,Keijiro Tamefusa (Japan),LINEOUT DEFENCE,Green,941361,18,A,3000,Japan,61929,Keijiro,Tamefusa,2,5248
1607,4342.179591836734,4356.466576854,Daichi Akiyama (Japan),LINEOUT DEFENCE,Green,941361,19,A,3000,Japan,25153,Daichi,Akiyama,2,5248
1608,4342.53347102,4356.466576854,Epineri Uluiviti (Japan),LINEOUT DEFENCE,Green,941361,5,A,3000,Japan,26154,Epineri,Uluiviti,2,5248
1609,4343.038474042,4357.721844811,Tom Curry (England),LINEOUT ATTACK,Green,941361,6,H,550,England,25980,Tom,Curry,2,5248
1610,4343.038474042,4357.721844811,Chandler Cunningham-South (England),LINEOUT ATTACK,Green,941361,20,H,550,England,44072,Chandler,Cunningham-South,2,5248
1611,4343.729795918367,4356.466576854,Kazuki Himeno (Japan),LINEOUT DEFENCE,Green,941361,7,A,3000,Japan,28962,Kazuki,Himeno,2,5248
1612,4348.93165983,4364.199869042046,Will Stuart (England),KICK CHASE,Green,941361,3,H,550,England,24121,Will,Stuart,2,5256
1613,4348.93165983,4364.199869042046,Maro Itoje (England),KICK CHASE,Green,941361,4,H,550,England,20440,Maro,Itoje,2,5256
1614,4348.93165983,4364.199869042046,George Martin (England),KICK CHASE,Green,941361,5,H,550,England,35631,George,Martin,2,5256
1615,4348.93165983,4364.199869042046,Tom Curry (England),KICK CHASE,Green,941361,6,H,550,England,25980,Tom,Curry,2,5256
1616,4348.93165983,4364.199869042046,Chandler Cunningham-South (England),KICK CHASE,Green,941361,20,H,550,England,44072,Chandler,Cunningham-South,2,5256
1617,4348.93165983,4364.199869042046,Ben Earl (England),KICK CHASE,Green,941361,8,H,550,England,23732,Ben,Earl,2,5256
1618,4348.93165983,4364.199869042046,Henry Slade (England),KICK CHASE,Green,941361,12,H,550,England,19087,Henry,Slade,2,5256
1619,4348.93165983,4364.199869042046,Ollie Lawrence (England),KICK CHASE,Green,941361,13,H,550,England,29561,Ollie,Lawrence,2,5256
1620,4348.93165983,4364.199869042046,Fin Baxter (England),KICK CHASE,Green,941361,17,H,550,England,37818,Fin,Baxter,2,5256
1621,4348.93165983,4364.199869042046,Luke Cowan-Dickie (England),KICK CHASE,Green,941361,16,H,550,England,19240,Luke,Cowan-Dickie,2,5256
1622,4348.93165983,4364.199869042046,Harry Randall (England),KICK CHASE,Green,941361,21,H,550,England,24732,Harry,Randall,2,5256
1623,4348.93165983,4364.199869042046,Harry Randall (England),KICK CHASE,Green,941361,21,H,550,England,24732,Harry,Randall,2,5256
1624,4349.769841269841,4363.241491864,Takato Okabe (Japan),KICK RETREAT,Green,941361,1,A,3000,Japan,32321,Takato,Okabe,2,5256
1625,4349.769841269841,4363.241491864,Epineri Uluiviti (Japan),KICK RETREAT,Green,941361,5,A,3000,Japan,26154,Epineri,Uluiviti,2,5256
1626,4349.769841269841,4363.241491864,Kanji Shimokawa (Japan),KICK RETREAT,Green,941361,6,A,3000,Japan,30962,Kanji,Shimokawa,2,5256
1627,4349.769841269841,4363.241491864,Kazuki Himeno (Japan),KICK RETREAT,Green,941361,7,A,3000,Japan,28962,Kazuki,Himeno,2,5256
1628,4349.769841269841,4363.241491864,Naoto Saito (Japan),KICK RETREAT,Green,941361,9,A,3000,Japan,25158,Naoto,Saito,2,5256
1629,4349.769841269841,4363.241491864,Nik McCurran (Japan),KICK RETREAT,Green,941361,10,A,3000,Japan,43557,Nik,McCurran,2,5256
1630,4349.769841269841,4363.241491864,Jone Naikabula (Japan),KICK RETREAT,Green,941361,11,A,3000,Japan,28091,Jone,Naikabula,2,5256
1631,4349.769841269841,4363.241491864,Siosaia Fifita (Japan),KICK RETREAT,Green,941361,12,A,3000,Japan,30973,Siosaia,Fifita,2,5256
1632,4349.769841269841,4363.241491864,Dylan Riley (Japan),KICK RETREAT,Green,941361,13,A,3000,Japan,27652,Dylan,Riley,2,5256
1633,4349.769841269841,4363.241491864,Tomoki Osada (Japan),KICK RETREAT,Green,941361,14,A,3000,Japan,31059,Tomoki,Osada,2,5256
1634,4349.769841269841,4363.241491864,Takuro Matsunaga (Japan),KICK RETREAT,Green,941361,15,A,3000,Japan,38312,Takuro,Matsunaga,2,5256
1635,4349.769841269841,4363.241491864,Kenta Matsuoka (Japan),KICK RETREAT,Green,941361,16,A,3000,Japan,37886,Kenta,Matsuoka,2,5256
1636,4349.769841269841,4363.241491864,Keijiro Tamefusa (Japan),KICK RETREAT,Green,941361,18,A,3000,Japan,61929,Keijiro,Tamefusa,2,5256
1637,4349.769841269841,4363.241491864,Daichi Akiyama (Japan),KICK RETREAT,Green,941361,19,A,3000,Japan,25153,Daichi,Akiyama,2,5256
1638,4349.769841269841,4363.241491864,Ben Gunter (Japan),KICK RETREAT,Green,941361,21,A,3000,Japan,26283,Ben,Gunter,2,5256
1639,4349.998773215241,4365.399862549045,Tommy Freeman (England),KICK CHASE,Gold,941361,14,H,550,England,35530,Tommy,Freeman,2,5256
1640,4350.398789923023,4365.399862549045,George Furbank (England),KICK CHASE,Gold,941361,15,H,550,England,25952,George,Furbank,2,5256
1641,4548.42566893424,4591.100352160009,Epineri Uluiviti (Japan),SCRUM ATTACK,Green,941361,5,A,3000,Japan,26154,Epineri,Uluiviti,2,5609
1642,4548.42566893424,4591.100352160009,Kanji Shimokawa (Japan),SCRUM ATTACK,Green,941361,6,A,3000,Japan,30962,Kanji,Shimokawa,2,5609
1643,4548.42566893424,4591.100352160009,Kazuki Himeno (Japan),SCRUM ATTACK,Green,941361,7,A,3000,Japan,28962,Kazuki,Himeno,2,5609
1644,4548.42566893424,4591.100352160009,Keijiro Tamefusa (Japan),SCRUM ATTACK,Green,941361,18,A,3000,Japan,61929,Keijiro,Tamefusa,2,5609
1645,4548.42566893424,4591.100352160009,Daichi Akiyama (Japan),SCRUM ATTACK,Green,941361,19,A,3000,Japan,25153,Daichi,Akiyama,2,5609
1646,4548.42566893424,4591.100352160009,Ben Gunter (Japan),SCRUM ATTACK,Green,941361,21,A,3000,Japan,26283,Ben,Gunter,2,5609
1647,4552.297048773679,4589.398304141,Fin Baxter (England),SCRUM ATTACK,Red,941361,17,H,550,England,37818,Fin,Baxter,2,5609
1648,4552.698516022978,4589.398304141,Luke Cowan-Dickie (England),SCRUM ATTACK,Red,941361,16,H,550,England,19240,Luke,Cowan-Dickie,2,5609
1649,4552.998662272996,4589.398304141,Asher Opoku-Fordjour (England),SCRUM ATTACK,Red,941361,18,H,550,England,58093,Asher,Opoku-Fordjour,2,5609
1650,4553.395843856015,4589.398304141,Maro Itoje (England),SCRUM ATTACK,Red,941361,4,H,550,England,20440,Maro,Itoje,2,5609
1651,4553.700323564331,4589.398304141,George Martin (England),SCRUM ATTACK,Red,941361,5,H,550,England,35631,George,Martin,2,5609
1652,4555.696736482661,4589.398304141,Ben Earl (England),SCRUM ATTACK,Red,941361,8,H,550,England,23732,Ben,Earl,2,5609
1653,4558.798185941043,4592.7900680272105,Tom Curry (England),SCRUM DEFENCE,Green,941361,6,H,550,England,25980,Tom,Curry,2,5609
1654,4560.550544217687,4587.334331065759,Kenta Matsuoka (Japan),SCRUM ATTACK,Yellow,941361,16,A,3000,Japan,37886,Kenta,Matsuoka,2,5609
1655,4561.369501133787,4587.033242630386,Takato Okabe (Japan),SCRUM ATTACK,Yellow,941361,1,A,3000,Japan,32321,Takato,Okabe,2,5609
1656,4571.882970521542,4588.989773242631,Chandler Cunningham-South (England),SCRUM DEFENCE,Red,941361,20,H,550,England,44072,Chandler,Cunningham-South,2,5609
1657,4575.932902494331,4588.996625354999,Fin Smith (England),TACKLE ON FEET BIG,Gold,941361,22,H,550,England,37960,Fin,Smith,2,5614
1658,4577.4981387846055,4589.400052618637,Ollie Lawrence (England),TACKLE BIG,Green,941361,13,H,550,England,29561,Ollie,Lawrence,2,5616
1659,4578.598029118283,4589.400052618637,Tom Curry (England),TACKLE BIG,Green,941361,6,H,550,England,25980,Tom,Curry,2,5617
1660,4579.639657415,4584.639657415,Fin Smith (England),Defence - Not in Line,Red,941361,22,H,550,England,37960,Fin,Smith,2,5618
1661,4581.108662131519,4589.0996406626655,Siosaia Fifita (Japan),CARRY BIG,Green,941361,12,A,3000,Japan,30973,Siosaia,Fifita,2,5620
1662,4581.746649352,4586.746649352,Ben Gunter (Japan),RUCK ON FEET BIG,Green,941361,21,A,3000,Japan,26283,Ben,Gunter,2,5620
1663,4582.692558194,4590.010317460317,Tom Curry (England),Defence - Not in Line,Red,941361,6,H,550,England,25980,Tom,Curry,2,5620
1664,4582.692558194,4590.010317460317,Tommy Freeman (England),Defence - Not in Line,Red,941361,14,H,550,England,35530,Tommy,Freeman,2,5620
1665,4609.414285714286,4647.556570873,Maro Itoje (England),SCRUM ATTACK,Green,941361,4,H,550,England,20440,Maro,Itoje,2,5704
1666,4609.414285714286,4647.556570873,George Martin (England),SCRUM ATTACK,Green,941361,5,H,550,England,35631,George,Martin,2,5704
1667,4609.414285714286,4647.556570873,Tom Curry (England),SCRUM ATTACK,Green,941361,6,H,550,England,25980,Tom,Curry,2,5704
1668,4609.414285714286,4647.556570873,Chandler Cunningham-South (England),SCRUM ATTACK,Green,941361,20,H,550,England,44072,Chandler,Cunningham-South,2,5704
1669,4609.414285714286,4647.556570873,Ben Earl (England),SCRUM ATTACK,Green,941361,8,H,550,England,23732,Ben,Earl,2,5704
1670,4609.414285714286,4647.556570873,Fin Baxter (England),SCRUM ATTACK,Green,941361,17,H,550,England,37818,Fin,Baxter,2,5704
1671,4609.414285714286,4647.556570873,Luke Cowan-Dickie (England),SCRUM ATTACK,Green,941361,16,H,550,England,19240,Luke,Cowan-Dickie,2,5704
1672,4609.414285714286,4647.556570873,Asher Opoku-Fordjour (England),SCRUM ATTACK,Green,941361,18,H,550,England,58093,Asher,Opoku-Fordjour,2,5704
1673,4630.595918367347,4651.30062614435,Takato Okabe (Japan),SCRUM DEFENCE,Green,941361,1,A,3000,Japan,32321,Takato,Okabe,2,5704
1674,4630.595918367347,4651.30062614435,Epineri Uluiviti (Japan),SCRUM DEFENCE,Green,941361,5,A,3000,Japan,26154,Epineri,Uluiviti,2,5704
1675,4630.595918367347,4651.30062614435,Kanji Shimokawa (Japan),SCRUM DEFENCE,Green,941361,6,A,3000,Japan,30962,Kanji,Shimokawa,2,5704
1676,4630.595918367347,4651.30062614435,Kazuki Himeno (Japan),SCRUM DEFENCE,Green,941361,7,A,3000,Japan,28962,Kazuki,Himeno,2,5704
1677,4630.595918367347,4651.30062614435,Kenta Matsuoka (Japan),SCRUM DEFENCE,Green,941361,16,A,3000,Japan,37886,Kenta,Matsuoka,2,5704
1678,4630.595918367347,4651.30062614435,Keijiro Tamefusa (Japan),SCRUM DEFENCE,Green,941361,18,A,3000,Japan,61929,Keijiro,Tamefusa,2,5704
1679,4630.595918367347,4651.30062614435,Daichi Akiyama (Japan),SCRUM DEFENCE,Green,941361,19,A,3000,Japan,25153,Daichi,Akiyama,2,5704
1680,4630.595918367347,4651.30062614435,Ben Gunter (Japan),SCRUM DEFENCE,Green,941361,21,A,3000,Japan,26283,Ben,Gunter,2,5704
1681,4636.240587074,4651.021449974,Tomoki Osada (Japan),TACKLE BIG,Gold,941361,14,A,3000,Japan,31059,Tomoki,Osada,2,5715
1682,4638.446984812,4651.352798143,Naoto Saito (Japan),TACKLE BIG,Red,941361,9,A,3000,Japan,25158,Naoto,Saito,2,5717
1683,4639.482001541999,4647.516229635,Siosaia Fifita (Japan),TACKLE ON FEET BIG,Green,941361,12,A,3000,Japan,30973,Siosaia,Fifita,2,5718
1684,4640.697948487988,4653.8999982637,Henry Slade (England),CARRY BIG,Green,941361,12,H,550,England,19087,Henry,Slade,2,5719
1685,4641.798534490331,4655.09997842727,Ollie Sleightholme (England),RUCK ON FEET BIG,Green,941361,11,H,550,England,28734,Ollie,Sleightholme,2,5720
1686,4643.097953467659,4655.09997842727,Chandler Cunningham-South (England),RUCK ON FEET BIG,Green,941361,20,H,550,England,44072,Chandler,Cunningham-South,2,5722
1687,4644.108027210885,4655.701364609667,Takato Okabe (Japan),Defence - Not in Line,Red,941361,1,A,3000,Japan,32321,Takato,Okabe,2,5723
1688,4644.108027210885,4655.701364609667,Epineri Uluiviti (Japan),Defence - Not in Line,Red,941361,5,A,3000,Japan,26154,Epineri,Uluiviti,2,5723
1689,4644.108027210885,4655.701364609667,Siosaia Fifita (Japan),Defence - Not in Line,Red,941361,12,A,3000,Japan,30973,Siosaia,Fifita,2,5723
1690,4644.108027210885,4655.701364609667,Kenta Matsuoka (Japan),Defence - Not in Line,Red,941361,16,A,3000,Japan,37886,Kenta,Matsuoka,2,5723
1691,4644.108027210885,4655.701364609667,Keijiro Tamefusa (Japan),Defence - Not in Line,Red,941361,18,A,3000,Japan,61929,Keijiro,Tamefusa,2,5723
1692,4646.998212975293,4661.699938746712,Fin Baxter (England),RUCK ON FEET BIG,Green,941361,17,H,550,England,37818,Fin,Baxter,2,5726
1693,4648.298853163243,4661.699938746712,Maro Itoje (England),RUCK ON FEET BIG,Green,941361,4,H,550,England,20440,Maro,Itoje,2,5727
1694,4648.577024597012,4661.599990639687,Ben Earl (England),CARRY BIG,Green,941361,8,H,550,England,23732,Ben,Earl,2,5727
1695,4648.883832199546,4657.757415709,Epineri Uluiviti (Japan),TACKLE BIG,Green,941361,5,A,3000,Japan,26154,Epineri,Uluiviti,2,5728
1696,4649.150435871,4656.584361779,Keijiro Tamefusa (Japan),TACKLE BIG,Green,941361,18,A,3000,Japan,61929,Keijiro,Tamefusa,2,5728
1697,4653.698197695,4668.607967171,Siosaia Fifita (Japan),TACKLE BIG,Red,941361,12,A,3000,Japan,30973,Siosaia,Fifita,2,5733
1698,4653.698879739542,4670.299948782277,Ollie Lawrence (England),CARRY BIG,Green,941361,13,H,550,England,29561,Ollie,Lawrence,2,5733
1699,4655.584025488664,4667.222070155,Kenta Matsuoka (Japan),TACKLE BIG,Green,941361,16,A,3000,Japan,37886,Kenta,Matsuoka,2,5732
1700,4657.068534712,4669.69998054792,George Martin (England),RUCK ON FEET BIG,Green,941361,5,H,550,England,35631,George,Martin,2,5735
1701,4657.068534712,4669.69998054792,Luke Cowan-Dickie (England),RUCK ON FEET BIG,Green,941361,16,H,550,England,19240,Luke,Cowan-Dickie,2,5735
1702,4657.068534712,4669.69998054792,Asher Opoku-Fordjour (England),RUCK ON FEET BIG,Green,941361,18,H,550,England,58093,Asher,Opoku-Fordjour,2,5735
1703,4657.161247165533,4663.200811966999,Ben Gunter (Japan),Defence - Not in Line,Red,941361,21,A,3000,Japan,26283,Ben,Gunter,2,5735
1704,4657.396507936508,4663.200811966999,Kazuki Himeno (Japan),Defence - Not in Line,Red,941361,7,A,3000,Japan,28962,Kazuki,Himeno,2,5736
1705,4660.967395824,4669.502125944,Ben Gunter (Japan),TACKLE BIG,Green,941361,21,A,3000,Japan,26283,Ben,Gunter,2,5740
1706,4661.077495526001,4673.899726687664,Kazuki Himeno (Japan),TACKLE BIG,Green,941361,7,A,3000,Japan,28962,Kazuki,Himeno,2,5740
1707,4663.098478987247,4676.7999867660055,Chandler Cunningham-South (England),CARRY BIG,Green,941361,20,H,550,England,44072,Chandler,Cunningham-South,2,5741
1708,4663.693015873016,4676.194664538,Naoto Saito (Japan),Defence - Not in Line,Red,941361,9,A,3000,Japan,25158,Naoto,Saito,2,5741
1709,4663.992181845,4677.00927829,Epineri Uluiviti (Japan),TACKLE BIG,Green,941361,5,A,3000,Japan,26154,Epineri,Uluiviti,2,5741
1710,4665.298465914284,4674.5999442887,Ben Earl (England),RUCK ON FEET BIG,Red,941361,8,H,550,England,23732,Ben,Earl,2,5744
1711,4666.6778004535145,4682.098996271667,Naoto Saito (Japan),TACKLE BIG,Green,941361,9,A,3000,Japan,25158,Naoto,Saito,2,5746
1712,4668.198115453959,4685.500054287976,Ollie Sleightholme (England),CARRY BIG,Green,941361,11,H,550,England,28734,Ollie,Sleightholme,2,5746
1713,4670.598346500884,4683.400045581681,Fin Smith (England),RUCK ON FEET BIG,Green,941361,22,H,550,England,37960,Fin,Smith,2,5748
1714,4670.885873015873,4683.396350848666,Takato Okabe (Japan),Defence - Not in Line,Red,941361,1,A,3000,Japan,32321,Takato,Okabe,2,5749
1715,4671.194664538,4678.801025188999,Epineri Uluiviti (Japan),Defence - Not in Line,Red,941361,5,A,3000,Japan,26154,Epineri,Uluiviti,2,5749
1716,4671.194664538,4678.801025188999,Kazuki Himeno (Japan),Defence - Not in Line,Red,941361,7,A,3000,Japan,28962,Kazuki,Himeno,2,5749
1717,4671.194664538,4678.801025188999,Siosaia Fifita (Japan),Defence - Not in Line,Red,941361,12,A,3000,Japan,30973,Siosaia,Fifita,2,5749
1718,4671.397251376269,4683.400045581681,Henry Slade (England),RUCK ON FEET BIG,Green,941361,12,H,550,England,19087,Henry,Slade,2,5749
1719,4866.998610891289,4893.100028298694,Ben Earl (England),CARRY BIG,Yellow,941361,8,H,550,England,23732,Ben,Earl,2,6026
1720,4872.20018838,4879.964336797,Ben Gunter (Japan),TACKLE BIG,Green,941361,21,A,3000,Japan,26283,Ben,Gunter,2,6031
1721,4872.799466185564,4889.399921155919,Luke Cowan-Dickie (England),RUCK ON FEET BIG,Green,941361,16,H,550,England,19240,Luke,Cowan-Dickie,2,6035
1722,4873.898214768604,4889.399921155919,Maro Itoje (England),RUCK ON FEET BIG,Green,941361,4,H,550,England,20440,Maro,Itoje,2,6035
1723,4875.494657113361,4889.399921155919,Asher Opoku-Fordjour (England),RUCK ON FEET BIG,Green,941361,18,H,550,England,58093,Asher,Opoku-Fordjour,2,6036
1724,4876.898484987991,4889.399921155919,George Martin (England),RUCK ON FEET BIG,Green,941361,5,H,550,England,35631,George,Martin,2,6028
1725,4877.310617596,4894.699827557639,Maro Itoje (England),KICK CHASE,Green,941361,4,H,550,England,20440,Maro,Itoje,2,6028
1726,4877.310617596,4894.699827557639,George Martin (England),KICK CHASE,Green,941361,5,H,550,England,35631,George,Martin,2,6028
1727,4877.310617596,4894.699827557639,Chandler Cunningham-South (England),KICK CHASE,Green,941361,20,H,550,England,44072,Chandler,Cunningham-South,2,6028
1728,4877.310617596,4894.699827557639,Ben Earl (England),KICK CHASE,Green,941361,8,H,550,England,23732,Ben,Earl,2,6028
1729,4877.310617596,4894.699827557639,Ollie Sleightholme (England),KICK CHASE,Green,941361,11,H,550,England,28734,Ollie,Sleightholme,2,6028
1730,4877.310617596,4894.699827557639,Henry Slade (England),KICK CHASE,Green,941361,12,H,550,England,19087,Henry,Slade,2,6028
1731,4877.310617596,4894.699827557639,Ollie Lawrence (England),KICK CHASE,Green,941361,13,H,550,England,29561,Ollie,Lawrence,2,6028
1732,4877.310617596,4894.699827557639,Fin Baxter (England),KICK CHASE,Green,941361,17,H,550,England,37818,Fin,Baxter,2,6028
1733,4877.310617596,4894.699827557639,Luke Cowan-Dickie (England),KICK CHASE,Green,941361,16,H,550,England,19240,Luke,Cowan-Dickie,2,6028
1734,4877.310617596,4894.699827557639,Asher Opoku-Fordjour (England),KICK CHASE,Green,941361,18,H,550,England,58093,Asher,Opoku-Fordjour,2,6028
1735,4877.310617596,4894.699827557639,Harry Randall (England),KICK CHASE,Green,941361,21,H,550,England,24732,Harry,Randall,2,6028
1736,4877.310617596,4894.699827557639,Tom Roebuck (England),KICK CHASE,Green,941361,23,H,550,England,31241,Tom,Roebuck,2,6028
1737,4877.998454738963,4889.399921155919,Fin Baxter (England),RUCK ON FEET BIG,Green,941361,17,H,550,England,37818,Fin,Baxter,2,6028
1738,4879.915168768,4896.559185623,Epineri Uluiviti (Japan),KICK RETREAT,Green,941361,5,A,3000,Japan,26154,Epineri,Uluiviti,2,6039
1739,4879.915168768,4896.559185623,Kazuki Himeno (Japan),KICK RETREAT,Green,941361,7,A,3000,Japan,28962,Kazuki,Himeno,2,6039
1740,4879.915168768,4896.559185623,Nik McCurran (Japan),KICK RETREAT,Green,941361,10,A,3000,Japan,43557,Nik,McCurran,2,6039
1741,4879.915168768,4896.559185623,Jone Naikabula (Japan),KICK RETREAT,Green,941361,11,A,3000,Japan,28091,Jone,Naikabula,2,6039
1742,4879.915168768,4896.559185623,Siosaia Fifita (Japan),KICK RETREAT,Green,941361,12,A,3000,Japan,30973,Siosaia,Fifita,2,6039
1743,4879.915168768,4896.559185623,Dylan Riley (Japan),KICK RETREAT,Green,941361,13,A,3000,Japan,27652,Dylan,Riley,2,6039
1744,4879.915168768,4896.559185623,Kenta Matsuoka (Japan),KICK RETREAT,Green,941361,16,A,3000,Japan,37886,Kenta,Matsuoka,2,6039
1745,4879.915168768,4896.559185623,Keijiro Tamefusa (Japan),KICK RETREAT,Green,941361,18,A,3000,Japan,61929,Keijiro,Tamefusa,2,6039
1746,4879.915168768,4896.559185623,Yukio Morikawa (Japan),KICK RETREAT,Green,941361,17,A,3000,Japan,26473,Yukio,Morikawa,2,6039
1747,4879.915168768,4896.559185623,Daichi Akiyama (Japan),KICK RETREAT,Green,941361,19,A,3000,Japan,25153,Daichi,Akiyama,2,6039
1748,4879.915168768,4896.559185623,Tevita Tatafu (Japan),KICK RETREAT,Green,941361,20,A,3000,Japan,23427,Tevita,Tatafu,2,6039
1749,4879.915168768,4896.559185623,Ben Gunter (Japan),KICK RETREAT,Green,941361,21,A,3000,Japan,26283,Ben,Gunter,2,6039
1750,4879.915168768,4896.559185623,Shinobu Fujiwara (Japan),KICK RETREAT,Green,941361,22,A,3000,Japan,30969,Shinobu,Fujiwara,2,6039
1751,4880.276757369615,4914.083848502329,Tom Curry (England),KICK CHASE,Gold,941361,6,H,550,England,25980,Tom,Curry,2,6039
1752,4884.360090702948,4911.671666018,Takuro Matsunaga (Japan),CARRY BIG,Gold,941361,15,A,3000,Japan,38312,Takuro,Matsunaga,2,6045
1753,4886.894576883,4896.607696022,Dylan Riley (Japan),CARRY BIG,Green,941361,13,A,3000,Japan,27652,Dylan,Riley,2,6048
1754,4887.098439539564,4895.6999690646735,Chandler Cunningham-South (England),TACKLE BIG,Green,941361,20,H,550,England,44072,Chandler,Cunningham-South,2,6048
1755,4890.698173738917,4901.3003325953505,Fin Baxter (England),TACKLE BIG,Green,941361,17,H,550,England,37818,Fin,Baxter,2,6051
1756,4891.485040786666,4935.9990768983325,Epineri Uluiviti (Japan),RUCK BIG,Gold,941361,5,A,3000,Japan,26154,Epineri,Uluiviti,2,6052
1757,4892.883291375995,4899.915612504,Kenta Matsuoka (Japan),RUCK ON FEET BIG,Green,941361,16,A,3000,Japan,37886,Kenta,Matsuoka,2,6054
1758,4893.529297052154,4903.598391353664,Ben Gunter (Japan),RUCK ON FEET BIG,Red,941361,21,A,3000,Japan,26283,Ben,Gunter,2,6054
1759,4893.715963718821,4907.005657846,Yukio Morikawa (Japan),RUCK BIG,Yellow,941361,17,A,3000,Japan,26473,Yukio,Morikawa,2,6054
1760,4896.418846587,4906.451907787,Tevita Tatafu (Japan),CARRY BIG,Green,941361,20,A,3000,Japan,23427,Tevita,Tatafu,2,6057
1761,4896.799387749307,4908.899981146224,Tommy Freeman (England),TACKLE BIG,Green,941361,14,H,550,England,35530,Tommy,Freeman,2,6057
1762,4896.993174603174,4904.574089221,Yukio Morikawa (Japan),RUCK ON FEET BIG,Green,941361,17,A,3000,Japan,26473,Yukio,Morikawa,2,6057
1763,4897.229981926,4909.000998784333,George Martin (England),Defence - Not in Line,Red,941361,5,H,550,England,35631,George,Martin,2,6057
1764,4897.229981926,4909.000998784333,Tom Curry (England),Defence - Not in Line,Red,941361,6,H,550,England,25980,Tom,Curry,2,6057
1765,4898.851405895692,4906.694078394,Keijiro Tamefusa (Japan),RUCK BIG,Green,941361,18,A,3000,Japan,61929,Keijiro,Tamefusa,2,6059
1766,4902.198042933995,4911.100014449337,George Martin (England),TACKLE BIG,Green,941361,5,H,550,England,35631,George,Martin,2,6100
1767,4902.618537289,4913.898294916,Tomoki Osada (Japan),RUCK ON FEET BIG,Green,941361,14,A,3000,Japan,31059,Tomoki,Osada,2,6103
1768,4902.797702434601,4911.100014449337,Tom Curry (England),TACKLE BIG,Green,941361,6,H,550,England,25980,Tom,Curry,2,6103
1769,4904.59746031746,4912.322606952,Kazuki Himeno (Japan),RUCK BIG,Green,941361,7,A,3000,Japan,28962,Kazuki,Himeno,2,6106
1770,4906.471156462585,4917.3957055543315,Nik McCurran (Japan),CARRY BIG,Green,941361,10,A,3000,Japan,43557,Nik,McCurran,2,6108
1771,4907.181991681331,4922.299381807999,Dylan Riley (Japan),CARRY BIG,Green,941361,13,A,3000,Japan,27652,Dylan,Riley,2,6108
1772,4907.2975569380205,4920.099972388268,Ollie Sleightholme (England),TACKLE ON FEET BIG,Green,941361,11,H,550,England,28734,Ollie,Sleightholme,2,6108
1773,4908.399101213962,4919.599936160758,Marcus Smith (England),TACKLE BIG,Green,941361,10,H,550,England,26046,Marcus,Smith,2,6109
1774,4910.586298502,4920.731259508,Takuro Matsunaga (Japan),RUCK BIG,Green,941361,15,A,3000,Japan,38312,Takuro,Matsunaga,2,6111
1775,4912.197116713667,4923.815171002,Kazuki Himeno (Japan),RUCK BIG,Green,941361,7,A,3000,Japan,28962,Kazuki,Himeno,2,6113
1776,4912.499249498666,4926.497642813665,Kenta Matsuoka (Japan),CARRY BIG,Green,941361,16,A,3000,Japan,37886,Kenta,Matsuoka,2,6113
1777,4914.894051813992,4925.899995813974,Luke Cowan-Dickie (England),TACKLE BIG,Green,941361,16,H,550,England,19240,Luke,Cowan-Dickie,2,6115
1778,4915.722494331066,4922.790747153,Daichi Akiyama (Japan),RUCK ON FEET BIG,Yellow,941361,19,A,3000,Japan,25153,Daichi,Akiyama,2,6116
1779,4915.798637814666,4925.899995813974,Maro Itoje (England),TACKLE BIG,Green,941361,4,H,550,England,20440,Maro,Itoje,2,6116
1780,4919.679345305,4931.484506234,Siosaia Fifita (Japan),RUCK BIG,Green,941361,12,A,3000,Japan,30973,Siosaia,Fifita,2,6120
1781,4920.399176767286,4935.299967048012,George Martin (England),TACKLE BIG,Green,941361,5,H,550,England,35631,George,Martin,2,6121
1782,4920.847582219,4925.847582219,Harry Randall (England),Defence - Not in Line,Red,941361,21,H,550,England,24732,Harry,Randall,2,6122
1783,4920.891836734694,4925.891836734694,Tom Roebuck (England),Defence - Not in Line,Red,941361,23,H,550,England,31241,Tom,Roebuck,2,6122
1784,4921.10559677,4929.993158153,Keijiro Tamefusa (Japan),RUCK BIG,Green,941361,18,A,3000,Japan,61929,Keijiro,Tamefusa,2,6122
1785,4921.398159625334,4931.201226485,Yukio Morikawa (Japan),CARRY BIG,Green,941361,17,A,3000,Japan,26473,Yukio,Morikawa,2,6122
1786,4921.540045351474,4933.8987046723305,Tomoki Osada (Japan),LINEBREAK ATTACK,Gold,941361,14,A,3000,Japan,31059,Tomoki,Osada,2,6122
1787,4922.079047619048,4940.198705317997,Shinobu Fujiwara (Japan),LINEBREAK ATTACK,Gold,941361,22,A,3000,Japan,30969,Shinobu,Fujiwara,2,6123
1788,4922.651406656,4935.7989861239985,Tevita Tatafu (Japan),CARRY BIG,Green,941361,20,A,3000,Japan,23427,Tevita,Tatafu,2,6123
1789,4923.598438589661,4935.299967048012,Fin Baxter (England),TACKLE BIG,Green,941361,17,H,550,England,37818,Fin,Baxter,2,6124
1790,4924.379356112,4947.174936654,Fin Smith (England),LINEBREAK DEFENCE,Gold,941361,22,H,550,England,37960,Fin,Smith,2,6125
1791,4928.798633755904,4939.900015089343,Marcus Smith (England),TACKLE BIG,Green,941361,10,H,550,England,26046,Marcus,Smith,2,6130
1792,4929.058315168,4936.886795242,Tomoki Osada (Japan),CARRY BIG,Green,941361,14,A,3000,Japan,31059,Tomoki,Osada,2,6130
1793,4931.498187481221,4939.900090565399,Fin Smith (England),TACKLE BIG,Green,941361,22,H,550,England,37960,Fin,Smith,2,6132
1794,4935.647551020408,4951.498063263329,Kazuki Himeno (Japan),LINEBREAK ATTACK,Gold,941361,7,A,3000,Japan,28962,Kazuki,Himeno,2,6137
1795,4938.297560264,4945.444971265,Keijiro Tamefusa (Japan),RUCK BIG,Green,941361,18,A,3000,Japan,61929,Keijiro,Tamefusa,2,6139
1796,5035.396703038953,5047.800315905989,Maro Itoje (England),TACKLE BIG,Green,941361,4,H,550,England,20440,Maro,Itoje,2,6316
1797,5037.882907489,5046.001319323,Ben Gunter (Japan),RUCK BIG,Red,941361,21,A,3000,Japan,26283,Ben,Gunter,2,6318
1798,5038.265464852608,5047.202927793,Yukio Morikawa (Japan),RUCK BIG,Green,941361,17,A,3000,Japan,26473,Yukio,Morikawa,2,6319
1799,5038.998586267331,5047.366262339,Tevita Tatafu (Japan),RUCK ON FEET BIG,Green,941361,20,A,3000,Japan,23427,Tevita,Tatafu,2,6319
1800,5038.999146258,5045.599835347998,Kenta Matsuoka (Japan),RUCK ON FEET BIG,Green,941361,16,A,3000,Japan,37886,Kenta,Matsuoka,2,6319
1801,5043.897708911592,5055.000018527692,Fin Baxter (England),TACKLE BIG,Red,941361,17,H,550,England,37818,Fin,Baxter,2,6324
1802,5043.9984224382515,5056.39990248032,Luke Cowan-Dickie (England),TACKLE BIG,Yellow,941361,16,H,550,England,19240,Luke,Cowan-Dickie,2,6324
1803,5047.542316423,5057.398433004331,Daichi Akiyama (Japan),RUCK BIG,Yellow,941361,19,A,3000,Japan,25153,Daichi,Akiyama,2,6329
1804,5048.014300342,5054.562681525,Keijiro Tamefusa (Japan),RUCK BIG,Green,941361,18,A,3000,Japan,61929,Keijiro,Tamefusa,2,6329
1805,5049.482816841998,5063.298254888999,Siosaia Fifita (Japan),CARRY BIG,Yellow,941361,12,A,3000,Japan,30973,Siosaia,Fifita,2,6331
1806,5051.9984437539915,5071.999992972746,Tom Curry (England),TACKLE BIG,Red,941361,6,H,550,England,25980,Tom,Curry,2,6331
1807,5085.818662131519,5110.368020452,Keijiro Tamefusa (Japan),LINEOUT DEFENCE,Green,941361,18,A,3000,Japan,61929,Keijiro,Tamefusa,2,6354
1808,5089.636462585034,5110.368020452,Yukio Morikawa (Japan),LINEOUT DEFENCE,Green,941361,17,A,3000,Japan,26473,Yukio,Morikawa,2,6358
1809,5091.773467946,5110.368020452,Epineri Uluiviti (Japan),LINEOUT DEFENCE,Green,941361,5,A,3000,Japan,26154,Epineri,Uluiviti,2,6358
1810,5091.773467946,5110.368020452,Kazuki Himeno (Japan),LINEOUT DEFENCE,Green,941361,7,A,3000,Japan,28962,Kazuki,Himeno,2,6358
1811,5092.665320811,5110.368020452,Daichi Akiyama (Japan),LINEOUT DEFENCE,Green,941361,19,A,3000,Japan,25153,Daichi,Akiyama,2,6358
1812,5093.0779138322,5107.636188697,Maro Itoje (England),LINEOUT ATTACK,Green,941361,4,H,550,England,20440,Maro,Itoje,2,6358
1813,5093.0779138322,5107.636188697,Fin Baxter (England),LINEOUT ATTACK,Green,941361,17,H,550,England,37818,Fin,Baxter,2,6358
1814,5093.0779138322,5107.636188697,Luke Cowan-Dickie (England),LINEOUT ATTACK,Green,941361,16,H,550,England,19240,Luke,Cowan-Dickie,2,6358
1815,5093.0779138322,5107.636188697,Asher Opoku-Fordjour (England),LINEOUT ATTACK,Green,941361,18,H,550,England,58093,Asher,Opoku-Fordjour,2,6358
1816,5094.405834317,5107.636188697,George Martin (England),LINEOUT ATTACK,Green,941361,5,H,550,England,35631,George,Martin,2,6358
1817,5094.405834317,5107.636188697,Tom Curry (England),LINEOUT ATTACK,Green,941361,6,H,550,England,25980,Tom,Curry,2,6358
1818,5094.405834317,5107.636188697,Chandler Cunningham-South (England),LINEOUT ATTACK,Green,941361,20,H,550,England,44072,Chandler,Cunningham-South,2,6358
1819,5094.584597839,5110.368020452,Ben Gunter (Japan),LINEOUT DEFENCE,Green,941361,21,A,3000,Japan,26283,Ben,Gunter,2,6358
1820,5097.099273026664,5117.698824318332,Yusuke Kajimura (Japan),LINEBREAK DEFENCE,Gold,941361,23,A,3000,Japan,23409,Yusuke,Kajimura,2,6402
1821,5099.949002267574,5122.899059947666,Jone Naikabula (Japan),LINEBREAK DEFENCE,Gold,941361,11,A,3000,Japan,28091,Jone,Naikabula,2,6406
1822,5100.242938847,5119.000311046997,Siosaia Fifita (Japan),LINEBREAK DEFENCE,Gold,941361,12,A,3000,Japan,30973,Siosaia,Fifita,2,6406
1823,5100.837459272,5115.353824971,Jack van Poortvliet (England),LINEBREAK ATTACK,Gold,941361,9,H,550,England,35629,Jack,van Poortvliet,2,6407
1824,5100.837459272,5115.353824971,Marcus Smith (England),LINEBREAK ATTACK,Gold,941361,10,H,550,England,26046,Marcus,Smith,2,6407
1825,5101.49814569195,5116.599953488609,Ollie Sleightholme (England),LINEBREAK ATTACK,Gold,941361,11,H,550,England,28734,Ollie,Sleightholme,2,6407
1826,5105.098447195309,5123.900157944694,Tom Roebuck (England),CARRY BIG,Yellow,941361,23,H,550,England,31241,Tom,Roebuck,2,6411
1827,5105.397922621995,5117.297540210331,Siosaia Fifita (Japan),TACKLE BIG,Green,941361,12,A,3000,Japan,30973,Siosaia,Fifita,2,6411
1828,5105.808209880218,5119.999942268664,Ollie Sleightholme (England),RUCK ON FEET BIG,Green,941361,11,H,550,England,28734,Ollie,Sleightholme,2,6411
1829,5106.30485869,5115.19862367533,Jone Naikabula (Japan),TACKLE BIG,Green,941361,11,A,3000,Japan,28091,Jone,Naikabula,2,6411
1830,5107.23656435,5117.538714573,Takuro Matsunaga (Japan),TACKLE BIG,Green,941361,15,A,3000,Japan,38312,Takuro,Matsunaga,2,6413
1831,5107.398126017307,5119.999942268664,Tommy Freeman (England),RUCK ON FEET BIG,Green,941361,14,H,550,England,35530,Tommy,Freeman,2,6413
1832,5107.76947845805,5117.60049479,Keijiro Tamefusa (Japan),Defence - Not in Line,Red,941361,18,A,3000,Japan,61929,Keijiro,Tamefusa,2,6413
1833,5107.76947845805,5117.60049479,Yukio Morikawa (Japan),Defence - Not in Line,Red,941361,17,A,3000,Japan,26473,Yukio,Morikawa,2,6413
1834,5109.314263038549,5117.60049479,Daichi Akiyama (Japan),Defence - Not in Line,Red,941361,19,A,3000,Japan,25153,Daichi,Akiyama,2,6414
1835,5109.381587301587,5117.60049479,Siosaia Fifita (Japan),Defence - Not in Line,Red,941361,12,A,3000,Japan,30973,Siosaia,Fifita,2,6414
1836,5109.381587301587,5117.60049479,Kenta Matsuoka (Japan),Defence - Not in Line,Red,941361,16,A,3000,Japan,37886,Kenta,Matsuoka,2,6414
1837,5109.381587301587,5117.60049479,Tevita Tatafu (Japan),Defence - Not in Line,Red,941361,20,A,3000,Japan,23427,Tevita,Tatafu,2,6414
1838,5109.929338647,5115.84348045,Jone Naikabula (Japan),JACKLER ON FEET BIG,Green,941361,11,A,3000,Japan,28091,Jone,Naikabula,2,6416
1839,5110.772933887,5120.234005465,Yusuke Kajimura (Japan),TACKLE BIG,Green,941361,23,A,3000,Japan,23409,Yusuke,Kajimura,2,6416
1840,5110.8192743764175,5117.60049479,Ben Gunter (Japan),Defence - Not in Line,Red,941361,21,A,3000,Japan,26283,Ben,Gunter,2,6416
1841,5111.298814106904,5126.799999087294,Harry Randall (England),CARRY BIG,Green,941361,21,H,550,England,24732,Harry,Randall,2,6417
1842,5112.03654282,5124.387570241,Jone Naikabula (Japan),TACKLE BIG,Green,941361,11,A,3000,Japan,28091,Jone,Naikabula,2,6417
1843,5113.599064686959,5125.69994097769,Ollie Sleightholme (England),RUCK ON FEET BIG,Green,941361,11,H,550,England,28734,Ollie,Sleightholme,2,6415
1844,5114.377641073,5128.739111106,Kazuki Himeno (Japan),TACKLE BIG,Green,941361,7,A,3000,Japan,28962,Kazuki,Himeno,2,6420
1845,5114.598303227988,5125.69994097769,Tommy Freeman (England),RUCK ON FEET BIG,Green,941361,14,H,550,England,35530,Tommy,Freeman,2,6420
1846,5114.628571428571,5122.998163719666,Kenta Matsuoka (Japan),Defence - Not in Line,Red,941361,16,A,3000,Japan,37886,Kenta,Matsuoka,2,6420
1847,5115.38470501,5125.100176143999,Epineri Uluiviti (Japan),Defence - Not in Line,Red,941361,5,A,3000,Japan,26154,Epineri,Uluiviti,2,6420
1848,5115.38470501,5125.100176143999,Yukio Morikawa (Japan),Defence - Not in Line,Red,941361,17,A,3000,Japan,26473,Yukio,Morikawa,2,6420
1849,5115.38470501,5125.100176143999,Ben Gunter (Japan),Defence - Not in Line,Red,941361,21,A,3000,Japan,26283,Ben,Gunter,2,6420
1850,5115.399202395988,5131.899980951421,Fin Baxter (England),CARRY BIG,Yellow,941361,17,H,550,England,37818,Fin,Baxter,2,6420
1851,5117.598288457327,5128.3000244540235,Luke Cowan-Dickie (England),RUCK ON FEET BIG,Green,941361,16,H,550,England,19240,Luke,Cowan-Dickie,2,6422
1852,5118.006721733,5125.670414627,Kenta Matsuoka (Japan),TACKLE BIG,Green,941361,16,A,3000,Japan,37886,Kenta,Matsuoka,2,6422
1853,5118.698255457951,5128.3000244540235,Ben Earl (England),RUCK ON FEET BIG,Green,941361,8,H,550,England,23732,Ben,Earl,2,6424
1854,5119.215156163,5126.64626477,Daichi Akiyama (Japan),JACKLER ON FEET BIG,Green,941361,19,A,3000,Japan,25153,Daichi,Akiyama,2,6424
1855,5120.598495734315,5139.800084079656,Ben Earl (England),CARRY BIG,Yellow,941361,8,H,550,England,23732,Ben,Earl,2,6426
1856,5121.099717880329,5133.200662301995,Kenta Matsuoka (Japan),TACKLE BIG,Green,941361,16,A,3000,Japan,37886,Kenta,Matsuoka,2,6426
1857,5122.599070025002,5138.000119600441,Tom Curry (England),RUCK ON FEET BIG,Green,941361,6,H,550,England,25980,Tom,Curry,2,6428
1858,5123.698419899333,5138.000119600441,Asher Opoku-Fordjour (England),RUCK ON FEET BIG,Green,941361,18,H,550,England,58093,Asher,Opoku-Fordjour,2,6428
1859,5272.38062285532,5308.641296735,Fin Baxter (England),SCRUM ATTACK,Green,941361,17,H,550,England,37818,Fin,Baxter,2,6653
1860,5273.700063729663,5308.641296735,Maro Itoje (England),SCRUM ATTACK,Green,941361,4,H,550,England,20440,Maro,Itoje,2,6653
1861,5274.699412854667,5308.641296735,Nick Isiekwe (England),SCRUM ATTACK,Green,941361,19,H,550,England,27119,Nick,Isiekwe,2,6653
1862,5276.099938479981,5308.641296735,Tom Curry (England),SCRUM ATTACK,Green,941361,6,H,550,England,25980,Tom,Curry,2,6653
1863,5276.4977800633105,5308.641296735,Chandler Cunningham-South (England),SCRUM ATTACK,Green,941361,20,H,550,England,44072,Chandler,Cunningham-South,2,6653
1864,5276.899640479318,5308.641296735,Ben Earl (England),SCRUM ATTACK,Green,941361,8,H,550,England,23732,Ben,Earl,2,6653
1865,5289.974252381,5309.90082815765,Epineri Uluiviti (Japan),SCRUM DEFENCE,Green,941361,5,A,3000,Japan,26154,Epineri,Uluiviti,2,6653
1866,5289.974252381,5309.90082815765,Kazuki Himeno (Japan),SCRUM DEFENCE,Green,941361,7,A,3000,Japan,28962,Kazuki,Himeno,2,6653
1867,5289.974252381,5309.90082815765,Yukio Morikawa (Japan),SCRUM DEFENCE,Green,941361,17,A,3000,Japan,26473,Yukio,Morikawa,2,6653
1868,5289.974252381,5309.90082815765,Daichi Akiyama (Japan),SCRUM DEFENCE,Green,941361,19,A,3000,Japan,25153,Daichi,Akiyama,2,6653
1869,5289.974252381,5309.90082815765,Tevita Tatafu (Japan),SCRUM DEFENCE,Green,941361,20,A,3000,Japan,23427,Tevita,Tatafu,2,6653
1870,5289.974252381,5309.90082815765,Ben Gunter (Japan),SCRUM DEFENCE,Green,941361,21,A,3000,Japan,26283,Ben,Gunter,2,6653
1871,5293.151837939,5307.952358837,Luke Cowan-Dickie (England),SCRUM ATTACK,Yellow,941361,16,H,550,England,19240,Luke,Cowan-Dickie,2,6700
1872,5293.275487728674,5307.097872232986,Kenta Matsuoka (Japan),SCRUM DEFENCE,Red,941361,16,A,3000,Japan,37886,Kenta,Matsuoka,2,6700
1873,5293.998938521326,5307.898667441965,Keijiro Tamefusa (Japan),SCRUM DEFENCE,Red,941361,18,A,3000,Japan,61929,Keijiro,Tamefusa,2,6700
1874,5296.29830032831,5311.599955883959,Ollie Lawrence (England),CARRY BIG,Green,941361,13,H,550,England,29561,Ollie,Lawrence,2,6702
1875,5297.33270569,5305.818402644,Dylan Riley (Japan),TACKLE BIG,Green,941361,13,A,3000,Japan,27652,Dylan,Riley,2,6703
1876,5297.898108408391,5311.699961602956,Tom Curry (England),RUCK ON FEET BIG,Green,941361,6,H,550,England,25980,Tom,Curry,2,6705
1877,5298.272902969,5306.079296188,Asher Opoku-Fordjour (England),SCRUM ATTACK,Yellow,941361,18,H,550,England,58093,Asher,Opoku-Fordjour,2,6705
1878,5298.571309018,5308.37818581,Tevita Tatafu (Japan),JACKLER ON FEET BIG,Green,941361,20,A,3000,Japan,23427,Tevita,Tatafu,2,6705
1879,5301.598577840308,5311.699961602956,Fin Smith (England),RUCK ON FEET BIG,Green,941361,22,H,550,England,37960,Fin,Smith,2,6707
1880,5302.4982224299965,5312.102149597,Ben Gunter (Japan),TACKLE BIG,Green,941361,21,A,3000,Japan,26283,Ben,Gunter,2,6709
1881,5302.79880998192,5318.099944064994,Ben Earl (England),CARRY BIG,Green,941361,8,H,550,England,23732,Ben,Earl,2,6709
1882,5303.198531686921,5317.499869160904,Nick Isiekwe (England),RUCK ON FEET BIG,Green,941361,19,H,550,England,27119,Nick,Isiekwe,2,6710
1883,5303.297949095667,5310.618854553,Nik McCurran (Japan),TACKLE BIG,Green,941361,10,A,3000,Japan,43557,Nik,McCurran,2,6710
1884,5305.598422395022,5318.9999627286925,Tom Curry (England),CARRY BIG,Green,941361,6,H,550,England,25980,Tom,Curry,2,6712
1885,5305.715561512,5322.724385919,Kazuki Himeno (Japan),Defence - Not in Line,Red,941361,7,A,3000,Japan,28962,Kazuki,Himeno,2,6712
1886,5305.715561512,5322.724385919,Kenta Matsuoka (Japan),Defence - Not in Line,Red,941361,16,A,3000,Japan,37886,Kenta,Matsuoka,2,6712
1887,5305.715561512,5322.724385919,Keijiro Tamefusa (Japan),Defence - Not in Line,Red,941361,18,A,3000,Japan,61929,Keijiro,Tamefusa,2,6712
1888,5305.715561512,5322.724385919,Yukio Morikawa (Japan),Defence - Not in Line,Red,941361,17,A,3000,Japan,26473,Yukio,Morikawa,2,6712
1889,5307.919527352,5321.597642907996,Epineri Uluiviti (Japan),TACKLE BIG,Green,941361,5,A,3000,Japan,26154,Epineri,Uluiviti,2,6713
1890,5308.297987450893,5317.499869160904,Tom Roebuck (England),RUCK ON FEET BIG,Green,941361,23,H,550,England,31241,Tom,Roebuck,2,6715
1891,5309.232871915,5324.760868393,Tevita Tatafu (Japan),TACKLE BIG,Green,941361,20,A,3000,Japan,23427,Tevita,Tatafu,2,6715
1892,5309.799100068564,5320.899998193372,Asher Opoku-Fordjour (England),CARRY BIG,Green,941361,18,H,550,England,58093,Asher,Opoku-Fordjour,2,6715
1893,5311.057801484,5318.777420958,Yukio Morikawa (Japan),TACKLE BIG,Green,941361,17,A,3000,Japan,26473,Yukio,Morikawa,2,6717
1894,5312.789426381,5323.257193383,Shinobu Fujiwara (Japan),TACKLE BIG,Green,941361,22,A,3000,Japan,30969,Shinobu,Fujiwara,2,6720
1895,5313.59808859773,5329.500075717948,Luke Cowan-Dickie (England),CARRY BIG,Green,941361,16,H,550,England,19240,Luke,Cowan-Dickie,2,6720
1896,5314.698454303293,5331.999967929912,Maro Itoje (England),RUCK ON FEET BIG,Green,941361,4,H,550,England,20440,Maro,Itoje,2,6721
1897,5315.999253803319,5331.999967929912,Fin Baxter (England),RUCK ON FEET BIG,Green,941361,17,H,550,England,37818,Fin,Baxter,2,6722
1898,5317.612448979592,5322.612448979592,Epineri Uluiviti (Japan),Defence - Not in Line,Red,941361,5,A,3000,Japan,26154,Epineri,Uluiviti,2,6722
1899,5318.583005348,5330.260446273,Epineri Uluiviti (Japan),KICK RETREAT,Green,941361,5,A,3000,Japan,26154,Epineri,Uluiviti,2,6722
1900,5318.583005348,5330.260446273,Kazuki Himeno (Japan),KICK RETREAT,Green,941361,7,A,3000,Japan,28962,Kazuki,Himeno,2,6722
1901,5318.583005348,5330.260446273,Nik McCurran (Japan),KICK RETREAT,Green,941361,10,A,3000,Japan,43557,Nik,McCurran,2,6722
1902,5318.583005348,5330.260446273,Jone Naikabula (Japan),KICK RETREAT,Green,941361,11,A,3000,Japan,28091,Jone,Naikabula,2,6722
1903,5318.583005348,5330.260446273,Siosaia Fifita (Japan),KICK RETREAT,Green,941361,12,A,3000,Japan,30973,Siosaia,Fifita,2,6722
1904,5318.583005348,5330.260446273,Dylan Riley (Japan),KICK RETREAT,Green,941361,13,A,3000,Japan,27652,Dylan,Riley,2,6722
1905,5318.583005348,5330.260446273,Takuro Matsunaga (Japan),KICK RETREAT,Green,941361,15,A,3000,Japan,38312,Takuro,Matsunaga,2,6722
1906,5318.583005348,5330.260446273,Kenta Matsuoka (Japan),KICK RETREAT,Green,941361,16,A,3000,Japan,37886,Kenta,Matsuoka,2,6722
1907,5318.583005348,5330.260446273,Keijiro Tamefusa (Japan),KICK RETREAT,Green,941361,18,A,3000,Japan,61929,Keijiro,Tamefusa,2,6722
1908,5318.583005348,5330.260446273,Yukio Morikawa (Japan),KICK RETREAT,Green,941361,17,A,3000,Japan,26473,Yukio,Morikawa,2,6722
1909,5318.583005348,5330.260446273,Daichi Akiyama (Japan),KICK RETREAT,Green,941361,19,A,3000,Japan,25153,Daichi,Akiyama,2,6722
1910,5318.583005348,5330.260446273,Tevita Tatafu (Japan),KICK RETREAT,Green,941361,20,A,3000,Japan,23427,Tevita,Tatafu,2,6722
1911,5318.583005348,5330.260446273,Ben Gunter (Japan),KICK RETREAT,Green,941361,21,A,3000,Japan,26283,Ben,Gunter,2,6722
1912,5318.583005348,5330.260446273,Yusuke Kajimura (Japan),KICK RETREAT,Green,941361,23,A,3000,Japan,23409,Yusuke,Kajimura,2,6722
1913,5341.348231292517,5367.300951645345,Epineri Uluiviti (Japan),LINEOUT DEFENCE,Green,941361,5,A,3000,Japan,26154,Epineri,Uluiviti,2,6748
1914,5341.667891156462,5368.397803554664,Yusuke Kajimura (Japan),TURNOVER DEFENCE,Gold,941361,23,A,3000,Japan,23409,Yusuke,Kajimura,2,6748
1915,5342.678502933,5367.300951645345,Kazuki Himeno (Japan),LINEOUT DEFENCE,Green,941361,7,A,3000,Japan,28962,Kazuki,Himeno,2,6749
1916,5342.678502933,5367.300951645345,Kenta Matsuoka (Japan),LINEOUT DEFENCE,Green,941361,16,A,3000,Japan,37886,Kenta,Matsuoka,2,6749
1917,5342.678502933,5367.300951645345,Yukio Morikawa (Japan),LINEOUT DEFENCE,Green,941361,17,A,3000,Japan,26473,Yukio,Morikawa,2,6749
1918,5342.678502933,5367.300951645345,Daichi Akiyama (Japan),LINEOUT DEFENCE,Green,941361,19,A,3000,Japan,25153,Daichi,Akiyama,2,6749
1919,5342.9367573696145,5364.5012397500195,Maro Itoje (England),LINEOUT ATTACK,Green,941361,4,H,550,England,20440,Maro,Itoje,2,6749
1920,5342.9367573696145,5364.5012397500195,Chandler Cunningham-South (England),LINEOUT ATTACK,Green,941361,20,H,550,England,44072,Chandler,Cunningham-South,2,6749
1921,5342.9367573696145,5364.5012397500195,Nick Isiekwe (England),LINEOUT ATTACK,Green,941361,19,H,550,England,27119,Nick,Isiekwe,2,6749
1922,5342.9367573696145,5364.5012397500195,Asher Opoku-Fordjour (England),LINEOUT ATTACK,Green,941361,18,H,550,England,58093,Asher,Opoku-Fordjour,2,6749
1923,5353.799120939926,5371.299997004063,Tommy Freeman (England),CARRY BIG,Green,941361,14,H,550,England,35530,Tommy,Freeman,2,6759
1924,5354.250249433107,5372.387866352,Siosaia Fifita (Japan),TACKLE BIG,Red,941361,12,A,3000,Japan,30973,Siosaia,Fifita,2,6800
1925,5354.97843537415,5373.099326913665,Yusuke Kajimura (Japan),JACKLER BIG,Yellow,941361,23,A,3000,Japan,23409,Yusuke,Kajimura,2,6801
1926,5355.346417787,5371.100062458432,Ollie Lawrence (England),RUCK BIG,Green,941361,13,H,550,England,29561,Ollie,Lawrence,2,6801
1927,5356.995583798292,5369.800002323954,Ollie Sleightholme (England),RUCK ON FEET BIG,Green,941361,11,H,550,England,28734,Ollie,Sleightholme,2,6803
1928,5357.599087266325,5371.100062458432,Marcus Smith (England),RUCK BIG,Green,941361,10,H,550,England,26046,Marcus,Smith,2,6804
1929,5359.553827738,5375.095936192001,Marcus Smith (England),RUCK BIG,Gold,941361,10,H,550,England,26046,Marcus,Smith,2,6806
1930,5361.794744905,5375.870758802,Keijiro Tamefusa (Japan),TACKLE BIG,Green,941361,18,A,3000,Japan,61929,Keijiro,Tamefusa,2,6809
1931,5362.499310697539,5379.9000716037335,Ben Earl (England),CARRY BIG,Green,941361,8,H,550,England,23732,Ben,Earl,2,6809
1932,5362.89563027,5374.887658456,Kazuki Himeno (Japan),TACKLE BIG,Green,941361,7,A,3000,Japan,28962,Kazuki,Himeno,2,6809
1933,5363.998578358944,5377.199992738913,Nick Isiekwe (England),RUCK ON FEET BIG,Green,941361,19,H,550,England,27119,Nick,Isiekwe,2,6807
1934,5365.698155608658,5377.199992738913,Tom Curry (England),RUCK ON FEET BIG,Green,941361,6,H,550,England,25980,Tom,Curry,2,6811
1935,5366.499030409,5375.699586384659,Maro Itoje (England),KICK CHASE,Green,941361,4,H,550,England,20440,Maro,Itoje,2,6813
1936,5366.499030409,5375.699586384659,Tom Curry (England),KICK CHASE,Green,941361,6,H,550,England,25980,Tom,Curry,2,6813
1937,5366.499030409,5375.699586384659,Chandler Cunningham-South (England),KICK CHASE,Green,941361,20,H,550,England,44072,Chandler,Cunningham-South,2,6813
1938,5366.499030409,5375.699586384659,Ben Earl (England),KICK CHASE,Green,941361,8,H,550,England,23732,Ben,Earl,2,6813
1939,5366.499030409,5375.699586384659,Marcus Smith (England),KICK CHASE,Green,941361,10,H,550,England,26046,Marcus,Smith,2,6813
1940,5366.499030409,5375.699586384659,Ollie Sleightholme (England),KICK CHASE,Green,941361,11,H,550,England,28734,Ollie,Sleightholme,2,6813
1941,5366.499030409,5375.699586384659,Ollie Lawrence (England),KICK CHASE,Green,941361,13,H,550,England,29561,Ollie,Lawrence,2,6813
1942,5366.499030409,5375.699586384659,Tommy Freeman (England),KICK CHASE,Green,941361,14,H,550,England,35530,Tommy,Freeman,2,6813
1943,5366.499030409,5375.699586384659,Fin Baxter (England),KICK CHASE,Green,941361,17,H,550,England,37818,Fin,Baxter,2,6813
1944,5366.499030409,5375.699586384659,Nick Isiekwe (England),KICK CHASE,Green,941361,19,H,550,England,27119,Nick,Isiekwe,2,6813
1945,5366.499030409,5375.699586384659,Luke Cowan-Dickie (England),KICK CHASE,Green,941361,16,H,550,England,19240,Luke,Cowan-Dickie,2,6813
1946,5366.499030409,5375.699586384659,Asher Opoku-Fordjour (England),KICK CHASE,Green,941361,18,H,550,England,58093,Asher,Opoku-Fordjour,2,6813
1947,5366.499030409,5375.699586384659,Harry Randall (England),KICK CHASE,Green,941361,21,H,550,England,24732,Harry,Randall,2,6813
1948,5366.499030409,5375.699586384659,Fin Smith (England),KICK CHASE,Green,941361,22,H,550,England,37960,Fin,Smith,2,6813
1949,5366.499030409,5375.699586384659,Tom Roebuck (England),KICK CHASE,Green,941361,23,H,550,England,31241,Tom,Roebuck,2,6813
1950,5367.926145124717,5380.298522081003,Chandler Cunningham-South (England),LINEBREAK ATTACK,Gold,941361,20,H,550,England,44072,Chandler,Cunningham-South,2,6814
1951,5369.297904741,5380.509874008,Epineri Uluiviti (Japan),KICK RETREAT,Green,941361,5,A,3000,Japan,26154,Epineri,Uluiviti,2,6815
1952,5369.297904741,5380.509874008,Kazuki Himeno (Japan),KICK RETREAT,Green,941361,7,A,3000,Japan,28962,Kazuki,Himeno,2,6815
1953,5369.297904741,5380.509874008,Nik McCurran (Japan),KICK RETREAT,Green,941361,10,A,3000,Japan,43557,Nik,McCurran,2,6815
1954,5369.297904741,5380.509874008,Jone Naikabula (Japan),KICK RETREAT,Green,941361,11,A,3000,Japan,28091,Jone,Naikabula,2,6815
1955,5369.297904741,5380.509874008,Siosaia Fifita (Japan),KICK RETREAT,Green,941361,12,A,3000,Japan,30973,Siosaia,Fifita,2,6815
1956,5369.297904741,5380.509874008,Dylan Riley (Japan),KICK RETREAT,Green,941361,13,A,3000,Japan,27652,Dylan,Riley,2,6815
1957,5369.297904741,5380.509874008,Kenta Matsuoka (Japan),KICK RETREAT,Green,941361,16,A,3000,Japan,37886,Kenta,Matsuoka,2,6815
1958,5369.297904741,5380.509874008,Keijiro Tamefusa (Japan),KICK RETREAT,Green,941361,18,A,3000,Japan,61929,Keijiro,Tamefusa,2,6815
1959,5369.297904741,5380.509874008,Yukio Morikawa (Japan),KICK RETREAT,Green,941361,17,A,3000,Japan,26473,Yukio,Morikawa,2,6815
1960,5369.297904741,5380.509874008,Daichi Akiyama (Japan),KICK RETREAT,Green,941361,19,A,3000,Japan,25153,Daichi,Akiyama,2,6815
1961,5369.297904741,5380.509874008,Tevita Tatafu (Japan),KICK RETREAT,Green,941361,20,A,3000,Japan,23427,Tevita,Tatafu,2,6815
1962,5369.297904741,5380.509874008,Ben Gunter (Japan),KICK RETREAT,Green,941361,21,A,3000,Japan,26283,Ben,Gunter,2,6815
1963,5369.297904741,5380.509874008,Shinobu Fujiwara (Japan),KICK RETREAT,Green,941361,22,A,3000,Japan,30969,Shinobu,Fujiwara,2,6815
1964,5369.297904741,5380.509874008,Yusuke Kajimura (Japan),KICK RETREAT,Green,941361,23,A,3000,Japan,23409,Yusuke,Kajimura,2,6815
1965,5512.280653787662,5548.20051484099,Yukio Morikawa (Japan),LINEOUT ATTACK,Green,941361,17,A,3000,Japan,26473,Yukio,Morikawa,2,7040
1966,5512.6697505668935,5550.341879758,Maro Itoje (England),LINEOUT DEFENCE,Green,941361,4,H,550,England,20440,Maro,Itoje,2,7040
1967,5512.6697505668935,5550.341879758,Chandler Cunningham-South (England),LINEOUT DEFENCE,Green,941361,20,H,550,England,44072,Chandler,Cunningham-South,2,7040
1968,5512.6697505668935,5550.341879758,Fin Baxter (England),LINEOUT DEFENCE,Green,941361,17,H,550,England,37818,Fin,Baxter,2,7040
1969,5512.6697505668935,5550.341879758,Nick Isiekwe (England),LINEOUT DEFENCE,Green,941361,19,H,550,England,27119,Nick,Isiekwe,2,7040
1970,5512.6697505668935,5550.341879758,Asher Opoku-Fordjour (England),LINEOUT DEFENCE,Green,941361,18,H,550,England,58093,Asher,Opoku-Fordjour,2,7040
1971,5513.099715079328,5548.20051484099,Kenta Matsuoka (Japan),LINEOUT ATTACK,Green,941361,16,A,3000,Japan,37886,Kenta,Matsuoka,2,7040
1972,5513.698489703988,5548.20051484099,Keijiro Tamefusa (Japan),LINEOUT ATTACK,Green,941361,18,A,3000,Japan,61929,Keijiro,Tamefusa,2,7040
1973,5515.198682662992,5548.20051484099,Daichi Akiyama (Japan),LINEOUT ATTACK,Green,941361,19,A,3000,Japan,25153,Daichi,Akiyama,2,7040
1974,5515.697776786665,5548.20051484099,Epineri Uluiviti (Japan),LINEOUT ATTACK,Green,941361,5,A,3000,Japan,26154,Epineri,Uluiviti,2,7040
1975,5516.053591705,5548.20051484099,Kazuki Himeno (Japan),LINEOUT ATTACK,Green,941361,7,A,3000,Japan,28962,Kazuki,Himeno,2,7040
1976,5520.287301587302,5550.341879758,Luke Cowan-Dickie (England),LINEOUT DEFENCE,Green,941361,16,H,550,England,19240,Luke,Cowan-Dickie,2,7042
1977,5532.699109201038,5546.6007631179855,Ben Earl (England),TACKLE BIG,Red,941361,8,H,550,England,23732,Ben,Earl,2,7059
1978,5534.061464484,5554.30033658,Yusuke Kajimura (Japan),RUCK BIG,Gold,941361,23,A,3000,Japan,23409,Yusuke,Kajimura,2,7100
1979,5535.95782322,5550.509644574,Tevita Tatafu (Japan),RUCK BIG,Green,941361,20,A,3000,Japan,23427,Tevita,Tatafu,2,7102
1980,5536.098553581959,5551.10002761574,Tom Curry (England),JACKLER BIG,Red,941361,6,H,550,England,25980,Tom,Curry,2,7102
1981,5536.352087842,5548.10828778,Kazuki Himeno (Japan),RUCK ON FEET BIG,Green,941361,7,A,3000,Japan,28962,Kazuki,Himeno,2,7102
1982,5536.674535171334,5547.495688797328,Ben Gunter (Japan),LINEOUT ATTACK,Red,941361,21,A,3000,Japan,26283,Ben,Gunter,2,7102
1983,5537.688626224,5552.265430432,Jone Naikabula (Japan),CARRY BIG,Green,941361,11,A,3000,Japan,28091,Jone,Naikabula,2,7105
1984,5541.824574821,5555.353401013,Kenta Matsuoka (Japan),RUCK BIG,Green,941361,16,A,3000,Japan,37886,Kenta,Matsuoka,2,7108
1985,5542.472629142,5560.896687808667,Keijiro Tamefusa (Japan),RUCK BIG,Green,941361,18,A,3000,Japan,61929,Keijiro,Tamefusa,2,7109
1986,5543.098688047598,5557.399954920606,Nick Isiekwe (England),TACKLE BIG,Green,941361,19,H,550,England,27119,Nick,Isiekwe,2,7110
1987,5543.5977887965755,5557.399954920606,Chandler Cunningham-South (England),TACKLE BIG,Green,941361,20,H,550,England,44072,Chandler,Cunningham-South,2,7110
1988,5545.278527282665,5555.903513101,Yukio Morikawa (Japan),CARRY BIG,Green,941361,17,A,3000,Japan,26473,Yukio,Morikawa,2,7112
1989,5547.798533559043,5563.099997572698,Luke Cowan-Dickie (England),TACKLE BIG,Yellow,941361,16,H,550,England,19240,Luke,Cowan-Dickie,2,7113
1990,5549.798709684696,5563.099997572698,Fin Smith (England),TACKLE BIG,Yellow,941361,22,H,550,England,37960,Fin,Smith,2,7115
1991,5552.1991994759355,5563.099997572698,Fin Baxter (England),TACKLE BIG,Yellow,941361,17,H,550,England,37818,Fin,Baxter,2,7117
1992,5730.188534133,5743.199832580293,Maro Itoje (England),KICK CHASE,Green,941361,4,H,550,England,20440,Maro,Itoje,2,7340
1993,5730.188534133,5743.199832580293,Tom Curry (England),KICK CHASE,Green,941361,6,H,550,England,25980,Tom,Curry,2,7340
1994,5730.188534133,5743.199832580293,Chandler Cunningham-South (England),KICK CHASE,Green,941361,20,H,550,England,44072,Chandler,Cunningham-South,2,7340
1995,5730.188534133,5743.199832580293,Ben Earl (England),KICK CHASE,Green,941361,8,H,550,England,23732,Ben,Earl,2,7340
1996,5730.188534133,5743.199832580293,Ollie Sleightholme (England),KICK CHASE,Green,941361,11,H,550,England,28734,Ollie,Sleightholme,2,7340
1997,5730.188534133,5743.199832580293,Ollie Lawrence (England),KICK CHASE,Green,941361,13,H,550,England,29561,Ollie,Lawrence,2,7340
1998,5730.188534133,5743.199832580293,Tommy Freeman (England),KICK CHASE,Green,941361,14,H,550,England,35530,Tommy,Freeman,2,7340
1999,5730.188534133,5743.199832580293,Fin Baxter (England),KICK CHASE,Green,941361,17,H,550,England,37818,Fin,Baxter,2,7340
2000,5730.188534133,5743.199832580293,Nick Isiekwe (England),KICK CHASE,Green,941361,19,H,550,England,27119,Nick,Isiekwe,2,7340
2001,5730.188534133,5743.199832580293,Luke Cowan-Dickie (England),KICK CHASE,Green,941361,16,H,550,England,19240,Luke,Cowan-Dickie,2,7340
2002,5730.188534133,5743.199832580293,Asher Opoku-Fordjour (England),KICK CHASE,Green,941361,18,H,550,England,58093,Asher,Opoku-Fordjour,2,7340
2003,5730.188534133,5743.199832580293,Harry Randall (England),KICK CHASE,Green,941361,21,H,550,England,24732,Harry,Randall,2,7340
2004,5730.188534133,5743.199832580293,Fin Smith (England),KICK CHASE,Green,941361,22,H,550,England,37960,Fin,Smith,2,7340
2005,5730.188534133,5743.199832580293,Tom Roebuck (England),KICK CHASE,Green,941361,23,H,550,England,31241,Tom,Roebuck,2,7340
2006,5732.774640547,5747.227166781,Epineri Uluiviti (Japan),KICK RETREAT,Green,941361,5,A,3000,Japan,26154,Epineri,Uluiviti,2,7343
2007,5732.774640547,5747.227166781,Kazuki Himeno (Japan),KICK RETREAT,Green,941361,7,A,3000,Japan,28962,Kazuki,Himeno,2,7343
2008,5732.774640547,5747.227166781,Nik McCurran (Japan),KICK RETREAT,Green,941361,10,A,3000,Japan,43557,Nik,McCurran,2,7343
2009,5732.774640547,5747.227166781,Siosaia Fifita (Japan),KICK RETREAT,Green,941361,12,A,3000,Japan,30973,Siosaia,Fifita,2,7343
2010,5732.774640547,5747.227166781,Dylan Riley (Japan),KICK RETREAT,Green,941361,13,A,3000,Japan,27652,Dylan,Riley,2,7343
2011,5732.774640547,5747.227166781,Kenta Matsuoka (Japan),KICK RETREAT,Green,941361,16,A,3000,Japan,37886,Kenta,Matsuoka,2,7343
2012,5732.774640547,5747.227166781,Keijiro Tamefusa (Japan),KICK RETREAT,Green,941361,18,A,3000,Japan,61929,Keijiro,Tamefusa,2,7343
2013,5732.774640547,5747.227166781,Yukio Morikawa (Japan),KICK RETREAT,Green,941361,17,A,3000,Japan,26473,Yukio,Morikawa,2,7343
2014,5732.774640547,5747.227166781,Daichi Akiyama (Japan),KICK RETREAT,Green,941361,19,A,3000,Japan,25153,Daichi,Akiyama,2,7343
2015,5732.774640547,5747.227166781,Tevita Tatafu (Japan),KICK RETREAT,Green,941361,20,A,3000,Japan,23427,Tevita,Tatafu,2,7343
2016,5732.774640547,5747.227166781,Ben Gunter (Japan),KICK RETREAT,Green,941361,21,A,3000,Japan,26283,Ben,Gunter,2,7343
2017,5732.774640547,5747.227166781,Shinobu Fujiwara (Japan),KICK RETREAT,Green,941361,22,A,3000,Japan,30969,Shinobu,Fujiwara,2,7343
2018,5732.774640547,5747.227166781,Yusuke Kajimura (Japan),KICK RETREAT,Green,941361,23,A,3000,Japan,23409,Yusuke,Kajimura,2,7343
2019,5737.943129251701,5750.698097434665,Kenta Matsuoka (Japan),RUCK ON FEET BIG,Green,941361,16,A,3000,Japan,37886,Kenta,Matsuoka,2,7349
2020,5739.279394286329,5750.231345875,Takuro Matsunaga (Japan),RUCK BIG,Green,941361,15,A,3000,Japan,38312,Takuro,Matsunaga,2,7350
2021,5740.317369614512,5751.49784364833,Keijiro Tamefusa (Japan),RUCK BIG,Green,941361,18,A,3000,Japan,61929,Keijiro,Tamefusa,2,7351
2022,5741.298082797612,5750.999968924013,Fin Smith (England),TACKLE BIG,Green,941361,22,H,550,England,37960,Fin,Smith,2,7352
2023,5742.064149774,5748.133898094,Daichi Akiyama (Japan),RUCK ON FEET BIG,Green,941361,19,A,3000,Japan,25153,Daichi,Akiyama,2,7353
2024,5742.0983837573,5750.999968924013,Tom Curry (England),TACKLE BIG,Green,941361,6,H,550,England,25980,Tom,Curry,2,7353
2025,5745.231345875,5752.521860163,Jone Naikabula (Japan),CARRY BIG,Green,941361,11,A,3000,Japan,28091,Jone,Naikabula,2,7354
2026,5745.599319187,5755.897607478997,Tevita Tatafu (Japan),CARRY BIG,Green,941361,20,A,3000,Japan,23427,Tevita,Tatafu,2,7354
2027,5745.998744000709,5753.399985377053,Ollie Lawrence (England),TACKLE BIG,Green,941361,13,H,550,England,29561,Ollie,Lawrence,2,7357
2028,5746.838389561,5753.098088277,Yusuke Kajimura (Japan),RUCK ON FEET BIG,Green,941361,23,A,3000,Japan,23409,Yusuke,Kajimura,2,7358
2029,5748.098088277,5754.961849124,Yukio Morikawa (Japan),RUCK ON FEET BIG,Green,941361,17,A,3000,Japan,26473,Yukio,Morikawa,2,7358
2030,5751.095962882,5760.199064814663,Ben Gunter (Japan),RUCK ON FEET BIG,Green,941361,21,A,3000,Japan,26283,Ben,Gunter,2,7402
2031,5751.2983642463305,5758.400095371241,Maro Itoje (England),TACKLE ON FEET BIG,Green,941361,4,H,550,England,20440,Maro,Itoje,2,7402
2032,5753.797967079638,5764.400116073954,Maro Itoje (England),JACKLER ON FEET BIG,Red,941361,4,H,550,England,20440,Maro,Itoje,2,7404
2033,5756.529886621315,5763.972757242,Kazuki Himeno (Japan),RUCK BIG,Green,941361,7,A,3000,Japan,28962,Kazuki,Himeno,2,7408
2034,5757.172380952381,5769.200081289,Nik McCurran (Japan),CARRY BIG,Green,941361,10,A,3000,Japan,43557,Nik,McCurran,2,7408
2035,5757.499115646258,5764.56051749,Epineri Uluiviti (Japan),RUCK BIG,Green,941361,5,A,3000,Japan,26154,Epineri,Uluiviti,2,7409
2036,5870.911678004535,5886.30089583333,Maro Itoje (England),SCRUM ATTACK,Green,941361,4,H,550,England,20440,Maro,Itoje,2,7557
2037,5870.911678004535,5886.30089583333,Tom Curry (England),SCRUM ATTACK,Green,941361,6,H,550,England,25980,Tom,Curry,2,7557
2038,5870.911678004535,5886.30089583333,Chandler Cunningham-South (England),SCRUM ATTACK,Green,941361,20,H,550,England,44072,Chandler,Cunningham-South,2,7557
2039,5870.911678004535,5886.30089583333,Ben Earl (England),SCRUM ATTACK,Green,941361,8,H,550,England,23732,Ben,Earl,2,7557
2040,5870.911678004535,5886.30089583333,Fin Baxter (England),SCRUM ATTACK,Green,941361,17,H,550,England,37818,Fin,Baxter,2,7557
2041,5870.911678004535,5886.30089583333,Nick Isiekwe (England),SCRUM ATTACK,Green,941361,19,H,550,England,27119,Nick,Isiekwe,2,7557
2042,5870.911678004535,5886.30089583333,Asher Opoku-Fordjour (England),SCRUM ATTACK,Green,941361,18,H,550,England,58093,Asher,Opoku-Fordjour,2,7557
2043,5872.863434629,5888.900118330307,Epineri Uluiviti (Japan),SCRUM DEFENCE,Green,941361,5,A,3000,Japan,26154,Epineri,Uluiviti,2,7604
2044,5872.863434629,5888.900118330307,Kazuki Himeno (Japan),SCRUM DEFENCE,Green,941361,7,A,3000,Japan,28962,Kazuki,Himeno,2,7604
2045,5872.863434629,5888.900118330307,Kenta Matsuoka (Japan),SCRUM DEFENCE,Green,941361,16,A,3000,Japan,37886,Kenta,Matsuoka,2,7604
2046,5872.863434629,5888.900118330307,Keijiro Tamefusa (Japan),SCRUM DEFENCE,Green,941361,18,A,3000,Japan,61929,Keijiro,Tamefusa,2,7604
2047,5872.863434629,5888.900118330307,Yukio Morikawa (Japan),SCRUM DEFENCE,Green,941361,17,A,3000,Japan,26473,Yukio,Morikawa,2,7604
2048,5872.863434629,5888.900118330307,Daichi Akiyama (Japan),SCRUM DEFENCE,Green,941361,19,A,3000,Japan,25153,Daichi,Akiyama,2,7604
2049,5872.863434629,5888.900118330307,Tevita Tatafu (Japan),SCRUM DEFENCE,Green,941361,20,A,3000,Japan,23427,Tevita,Tatafu,2,7604
2050,5872.863434629,5888.900118330307,Ben Gunter (Japan),SCRUM DEFENCE,Green,941361,21,A,3000,Japan,26283,Ben,Gunter,2,7604
2051,5873.940589569161,5887.600100813,Epineri Uluiviti (Japan),KICK RETREAT,Green,941361,5,A,3000,Japan,26154,Epineri,Uluiviti,2,7605
2052,5873.940589569161,5887.600100813,Kazuki Himeno (Japan),KICK RETREAT,Green,941361,7,A,3000,Japan,28962,Kazuki,Himeno,2,7605
2053,5873.940589569161,5887.600100813,Nik McCurran (Japan),KICK RETREAT,Green,941361,10,A,3000,Japan,43557,Nik,McCurran,2,7605
2054,5873.940589569161,5887.600100813,Jone Naikabula (Japan),KICK RETREAT,Green,941361,11,A,3000,Japan,28091,Jone,Naikabula,2,7605
2055,5873.940589569161,5887.600100813,Siosaia Fifita (Japan),KICK RETREAT,Green,941361,12,A,3000,Japan,30973,Siosaia,Fifita,2,7605
2056,5873.940589569161,5887.600100813,Dylan Riley (Japan),KICK RETREAT,Green,941361,13,A,3000,Japan,27652,Dylan,Riley,2,7605
2057,5873.940589569161,5887.600100813,Takuro Matsunaga (Japan),KICK RETREAT,Green,941361,15,A,3000,Japan,38312,Takuro,Matsunaga,2,7605
2058,5873.940589569161,5887.600100813,Kenta Matsuoka (Japan),KICK RETREAT,Green,941361,16,A,3000,Japan,37886,Kenta,Matsuoka,2,7605
2059,5873.940589569161,5887.600100813,Keijiro Tamefusa (Japan),KICK RETREAT,Green,941361,18,A,3000,Japan,61929,Keijiro,Tamefusa,2,7605
2060,5873.940589569161,5887.600100813,Yukio Morikawa (Japan),KICK RETREAT,Green,941361,17,A,3000,Japan,26473,Yukio,Morikawa,2,7605
2061,5873.940589569161,5887.600100813,Daichi Akiyama (Japan),KICK RETREAT,Green,941361,19,A,3000,Japan,25153,Daichi,Akiyama,2,7605
2062,5873.940589569161,5887.600100813,Tevita Tatafu (Japan),KICK RETREAT,Green,941361,20,A,3000,Japan,23427,Tevita,Tatafu,2,7605
2063,5873.940589569161,5887.600100813,Ben Gunter (Japan),KICK RETREAT,Green,941361,21,A,3000,Japan,26283,Ben,Gunter,2,7605
2064,5873.940589569161,5887.600100813,Shinobu Fujiwara (Japan),KICK RETREAT,Green,941361,22,A,3000,Japan,30969,Shinobu,Fujiwara,2,7605
2065,5873.940589569161,5887.600100813,Yusuke Kajimura (Japan),KICK RETREAT,Green,941361,23,A,3000,Japan,23409,Yusuke,Kajimura,2,7605
2066,5876.828072562358,5884.898305246654,Luke Cowan-Dickie (England),SCRUM ATTACK,Yellow,941361,16,H,550,England,19240,Luke,Cowan-Dickie,2,7607
2067,5876.882609129,5890.600079827334,Maro Itoje (England),KICK CHASE,Green,941361,4,H,550,England,20440,Maro,Itoje,2,7607
2068,5876.882609129,5890.600079827334,Tom Curry (England),KICK CHASE,Green,941361,6,H,550,England,25980,Tom,Curry,2,7607
2069,5876.882609129,5890.600079827334,Chandler Cunningham-South (England),KICK CHASE,Green,941361,20,H,550,England,44072,Chandler,Cunningham-South,2,7607
2070,5876.882609129,5890.600079827334,Ben Earl (England),KICK CHASE,Green,941361,8,H,550,England,23732,Ben,Earl,2,7607
2071,5876.882609129,5890.600079827334,Fin Baxter (England),KICK CHASE,Green,941361,17,H,550,England,37818,Fin,Baxter,2,7607
2072,5876.882609129,5890.600079827334,Nick Isiekwe (England),KICK CHASE,Green,941361,19,H,550,England,27119,Nick,Isiekwe,2,7607
2073,5876.882609129,5890.600079827334,Luke Cowan-Dickie (England),KICK CHASE,Green,941361,16,H,550,England,19240,Luke,Cowan-Dickie,2,7607
2074,5876.882609129,5890.600079827334,Asher Opoku-Fordjour (England),KICK CHASE,Green,941361,18,H,550,England,58093,Asher,Opoku-Fordjour,2,7607
2075,5878.071655691,5890.600079827334,Ollie Sleightholme (England),KICK CHASE,Green,941361,11,H,550,England,28734,Ollie,Sleightholme,2,7607
2076,5878.071655691,5890.600079827334,Harry Randall (England),KICK CHASE,Green,941361,21,H,550,England,24732,Harry,Randall,2,7607
2077,5878.317278423,5890.600079827334,Ollie Lawrence (England),KICK CHASE,Green,941361,13,H,550,England,29561,Ollie,Lawrence,2,7607
2078,5878.317278423,5890.600079827334,Tommy Freeman (England),KICK CHASE,Green,941361,14,H,550,England,35530,Tommy,Freeman,2,7607
2079,5878.317278423,5890.600079827334,Tom Roebuck (England),KICK CHASE,Green,941361,23,H,550,England,31241,Tom,Roebuck,2,7607
2080,5926.889140039,5946.479364757,Epineri Uluiviti (Japan),LINEOUT DEFENCE,Green,941361,5,A,3000,Japan,26154,Epineri,Uluiviti,2,7659
2081,5926.889140039,5946.479364757,Yukio Morikawa (Japan),LINEOUT DEFENCE,Green,941361,17,A,3000,Japan,26473,Yukio,Morikawa,2,7659
2082,5926.889140039,5946.479364757,Daichi Akiyama (Japan),LINEOUT DEFENCE,Green,941361,19,A,3000,Japan,25153,Daichi,Akiyama,2,7659
2083,5927.91887038,5946.479364757,Kazuki Himeno (Japan),LINEOUT DEFENCE,Green,941361,7,A,3000,Japan,28962,Kazuki,Himeno,2,7659
2084,5927.91887038,5946.479364757,Ben Gunter (Japan),LINEOUT DEFENCE,Green,941361,21,A,3000,Japan,26283,Ben,Gunter,2,7659
2085,5928.458330771,5945.199943085342,Maro Itoje (England),LINEOUT ATTACK,Green,941361,4,H,550,England,20440,Maro,Itoje,2,7659
2086,5928.458330771,5945.199943085342,Fin Baxter (England),LINEOUT ATTACK,Green,941361,17,H,550,England,37818,Fin,Baxter,2,7659
2087,5928.458330771,5945.199943085342,Nick Isiekwe (England),LINEOUT ATTACK,Green,941361,19,H,550,England,27119,Nick,Isiekwe,2,7659
2088,5928.458330771,5945.199943085342,Luke Cowan-Dickie (England),LINEOUT ATTACK,Green,941361,16,H,550,England,19240,Luke,Cowan-Dickie,2,7659
2089,5928.458330771,5945.199943085342,Asher Opoku-Fordjour (England),LINEOUT ATTACK,Green,941361,18,H,550,England,58093,Asher,Opoku-Fordjour,2,7659
2090,5928.907659928,5945.199943085342,Tom Curry (England),LINEOUT ATTACK,Green,941361,6,H,550,England,25980,Tom,Curry,2,7659
2091,5928.907659928,5945.199943085342,Chandler Cunningham-South (England),LINEOUT ATTACK,Green,941361,20,H,550,England,44072,Chandler,Cunningham-South,2,7659
2092,5928.907659928,5945.199943085342,Ben Earl (England),LINEOUT ATTACK,Green,941361,8,H,550,England,23732,Ben,Earl,2,7659
2093,5929.165842591,5946.479364757,Keijiro Tamefusa (Japan),LINEOUT DEFENCE,Green,941361,18,A,3000,Japan,61929,Keijiro,Tamefusa,2,7659
2094,5935.320884353741,5945.73950988,Tevita Tatafu (Japan),JACKLER ON FEET BIG,Green,941361,20,A,3000,Japan,23427,Tevita,Tatafu,2,7706
2095,5936.012559284,5942.851369451,Kenta Matsuoka (Japan),TACKLE BIG,Green,941361,16,A,3000,Japan,37886,Kenta,Matsuoka,2,7707
2096,5936.198660006623,5947.000079714955,Ollie Lawrence (England),CARRY BIG,Green,941361,13,H,550,England,29561,Ollie,Lawrence,2,7707
2097,5937.652332711,5942.652332711,Nik McCurran (Japan),Defence - Not in Line,Red,941361,10,A,3000,Japan,43557,Nik,McCurran,2,7709
2098,5937.69824407399,5946.6999784057425,Tommy Freeman (England),RUCK ON FEET BIG,Green,941361,14,H,550,England,35530,Tommy,Freeman,2,7709
2099,5939.254768052,5951.139571878,Keijiro Tamefusa (Japan),TACKLE BIG,Green,941361,18,A,3000,Japan,61929,Keijiro,Tamefusa,2,7710
2100,5940.598572456042,5954.100076358965,Luke Cowan-Dickie (England),CARRY BIG,Red,941361,16,H,550,England,19240,Luke,Cowan-Dickie,2,7712
2101,5941.37848919,5948.912931339,Kazuki Himeno (Japan),JACKLER ON FEET BIG,Green,941361,7,A,3000,Japan,28962,Kazuki,Himeno,2,7712
2102,5943.171791382,5952.500041103747,Chandler Cunningham-South (England),RUCK ON FEET BIG,Green,941361,20,H,550,England,44072,Chandler,Cunningham-South,2,7713
2103,5943.171791382,5952.500041103747,Ollie Sleightholme (England),RUCK ON FEET BIG,Green,941361,11,H,550,England,28734,Ollie,Sleightholme,2,7713
2104,5943.171791382,5952.500041103747,Nick Isiekwe (England),RUCK ON FEET BIG,Green,941361,19,H,550,England,27119,Nick,Isiekwe,2,7713
2105,5945.158310855,5961.197928332662,Yusuke Kajimura (Japan),KICK RETREAT,Gold,941361,23,A,3000,Japan,23409,Yusuke,Kajimura,2,7717
2106,5946.813461739,5953.925653545,Siosaia Fifita (Japan),TACKLE ON FEET BIG,Green,941361,12,A,3000,Japan,30973,Siosaia,Fifita,2,7716
2107,5947.598696194622,5961.799972070317,Fin Baxter (England),RUCK BIG,Red,941361,17,H,550,England,37818,Fin,Baxter,2,7716
2108,5947.707324263039,5957.999870088405,Tom Roebuck (England),KICK CHASE,Red,941361,23,H,550,England,31241,Tom,Roebuck,2,7716
2109,5948.299369643971,5959.200038790717,Harry Randall (England),CARRY BIG,Green,941361,21,H,550,England,24732,Harry,Randall,2,7719
2110,5948.698149153011,5961.799972070317,Nick Isiekwe (England),RUCK BIG,Red,941361,19,H,550,England,27119,Nick,Isiekwe,2,7719
2111,5948.964728808,5957.999870088405,Chandler Cunningham-South (England),KICK CHASE,Red,941361,20,H,550,England,44072,Chandler,Cunningham-South,2,7719
2112,5948.964728808,5957.999870088405,Luke Cowan-Dickie (England),KICK CHASE,Red,941361,16,H,550,England,19240,Luke,Cowan-Dickie,2,7719
2113,5948.964728808,5957.999870088405,Asher Opoku-Fordjour (England),KICK CHASE,Red,941361,18,H,550,England,58093,Asher,Opoku-Fordjour,2,7719
2114,5949.457846868,5961.360853002,Epineri Uluiviti (Japan),KICK RETREAT,Green,941361,5,A,3000,Japan,26154,Epineri,Uluiviti,2,7719
2115,5949.457846868,5961.360853002,Kazuki Himeno (Japan),KICK RETREAT,Green,941361,7,A,3000,Japan,28962,Kazuki,Himeno,2,7719
2116,5949.457846868,5961.360853002,Nik McCurran (Japan),KICK RETREAT,Green,941361,10,A,3000,Japan,43557,Nik,McCurran,2,7719
2117,5949.457846868,5961.360853002,Jone Naikabula (Japan),KICK RETREAT,Green,941361,11,A,3000,Japan,28091,Jone,Naikabula,2,7719
2118,5949.457846868,5961.360853002,Siosaia Fifita (Japan),KICK RETREAT,Green,941361,12,A,3000,Japan,30973,Siosaia,Fifita,2,7719
2119,5949.457846868,5961.360853002,Dylan Riley (Japan),KICK RETREAT,Green,941361,13,A,3000,Japan,27652,Dylan,Riley,2,7719
2120,5949.457846868,5961.360853002,Takuro Matsunaga (Japan),KICK RETREAT,Green,941361,15,A,3000,Japan,38312,Takuro,Matsunaga,2,7719
2121,5949.457846868,5961.360853002,Kenta Matsuoka (Japan),KICK RETREAT,Green,941361,16,A,3000,Japan,37886,Kenta,Matsuoka,2,7719
2122,5949.457846868,5961.360853002,Keijiro Tamefusa (Japan),KICK RETREAT,Green,941361,18,A,3000,Japan,61929,Keijiro,Tamefusa,2,7719
2123,5949.457846868,5961.360853002,Yukio Morikawa (Japan),KICK RETREAT,Green,941361,17,A,3000,Japan,26473,Yukio,Morikawa,2,7719
2124,5949.457846868,5961.360853002,Daichi Akiyama (Japan),KICK RETREAT,Green,941361,19,A,3000,Japan,25153,Daichi,Akiyama,2,7719
2125,5949.457846868,5961.360853002,Tevita Tatafu (Japan),KICK RETREAT,Green,941361,20,A,3000,Japan,23427,Tevita,Tatafu,2,7719
2126,5949.457846868,5961.360853002,Ben Gunter (Japan),KICK RETREAT,Green,941361,21,A,3000,Japan,26283,Ben,Gunter,2,7719
2127,5949.457846868,5961.360853002,Shinobu Fujiwara (Japan),KICK RETREAT,Green,941361,22,A,3000,Japan,30969,Shinobu,Fujiwara,2,7719
2128,5949.730876712,5959.499993979331,Maro Itoje (England),KICK CHASE,Green,941361,4,H,550,England,20440,Maro,Itoje,2,7719
2129,5949.730876712,5959.499993979331,Ben Earl (England),KICK CHASE,Green,941361,8,H,550,England,23732,Ben,Earl,2,7719
2130,5949.730876712,5959.499993979331,Marcus Smith (England),KICK CHASE,Green,941361,10,H,550,England,26046,Marcus,Smith,2,7719
2131,5949.730876712,5959.499993979331,Ollie Sleightholme (England),KICK CHASE,Green,941361,11,H,550,England,28734,Ollie,Sleightholme,2,7719
2132,5949.730876712,5959.499993979331,Ollie Lawrence (England),KICK CHASE,Green,941361,13,H,550,England,29561,Ollie,Lawrence,2,7719
2133,5949.730876712,5959.499993979331,Tommy Freeman (England),KICK CHASE,Green,941361,14,H,550,England,35530,Tommy,Freeman,2,7719
2134,5949.730876712,5959.499993979331,Harry Randall (England),KICK CHASE,Green,941361,21,H,550,England,24732,Harry,Randall,2,7719
2135,5949.730876712,5959.499993979331,Fin Smith (England),KICK CHASE,Green,941361,22,H,550,England,37960,Fin,Smith,2,7719
2136,5950.309728511,5957.999870088405,Tom Curry (England),KICK CHASE,Red,941361,6,H,550,England,25980,Tom,Curry,2,7719
2137,5953.35079308,5957.999870088405,Fin Baxter (England),KICK CHASE,Red,941361,17,H,550,England,37818,Fin,Baxter,2,7722
2138,5953.35079308,5957.999870088405,Nick Isiekwe (England),KICK CHASE,Red,941361,19,H,550,England,27119,Nick,Isiekwe,2,7722
2139,5986.800884353742,6010.677877466,Maro Itoje (England),LINEOUT ATTACK,Green,941361,4,H,550,England,20440,Maro,Itoje,2,7800
2140,5986.800884353742,6010.677877466,Chandler Cunningham-South (England),LINEOUT ATTACK,Green,941361,20,H,550,England,44072,Chandler,Cunningham-South,2,7800
2141,5986.800884353742,6010.677877466,Fin Baxter (England),LINEOUT ATTACK,Green,941361,17,H,550,England,37818,Fin,Baxter,2,7800
2142,5986.800884353742,6010.677877466,Nick Isiekwe (England),LINEOUT ATTACK,Green,941361,19,H,550,England,27119,Nick,Isiekwe,2,7800
2143,5986.800884353742,6010.677877466,Luke Cowan-Dickie (England),LINEOUT ATTACK,Green,941361,16,H,550,England,19240,Luke,Cowan-Dickie,2,7800
2144,5986.800884353742,6010.677877466,Asher Opoku-Fordjour (England),LINEOUT ATTACK,Green,941361,18,H,550,England,58093,Asher,Opoku-Fordjour,2,7800
2145,5988.695094558639,6010.677877466,Tom Curry (England),LINEOUT ATTACK,Green,941361,6,H,550,England,25980,Tom,Curry,2,7800
2146,5989.194557823129,6013.87569614,Keijiro Tamefusa (Japan),LINEOUT DEFENCE,Green,941361,18,A,3000,Japan,61929,Keijiro,Tamefusa,2,7800
2147,5989.194557823129,6013.87569614,Yukio Morikawa (Japan),LINEOUT DEFENCE,Green,941361,17,A,3000,Japan,26473,Yukio,Morikawa,2,7800
2148,5989.461892551,6013.87569614,Daichi Akiyama (Japan),LINEOUT DEFENCE,Green,941361,19,A,3000,Japan,25153,Daichi,Akiyama,2,7800
2149,5990.146952935,6013.87569614,Kazuki Himeno (Japan),LINEOUT DEFENCE,Green,941361,7,A,3000,Japan,28962,Kazuki,Himeno,2,7800
2150,6000.958095238096,6012.598881566328,Epineri Uluiviti (Japan),LINEOUT DEFENCE,Red,941361,5,A,3000,Japan,26154,Epineri,Uluiviti,2,7811
2151,6002.480107288334,6012.099256039,Keijiro Tamefusa (Japan),Defence - Not in Line,Red,941361,18,A,3000,Japan,61929,Keijiro,Tamefusa,2,7813
2152,6003.557947725,6012.783658115,Yukio Morikawa (Japan),TACKLE BIG,Green,941361,17,A,3000,Japan,26473,Yukio,Morikawa,2,7812
2153,6093.979518563636,6116.499908170338,Yukio Morikawa (Japan),SCRUM ATTACK,Green,941361,17,A,3000,Japan,26473,Yukio,Morikawa,2,7947
2154,6094.498840148005,6116.499908170338,Kenta Matsuoka (Japan),SCRUM ATTACK,Green,941361,16,A,3000,Japan,37886,Kenta,Matsuoka,2,7947
2155,6094.799862271316,6116.499908170338,Keijiro Tamefusa (Japan),SCRUM ATTACK,Green,941361,18,A,3000,Japan,61929,Keijiro,Tamefusa,2,7947
2156,6095.199364647324,6116.499908170338,Daichi Akiyama (Japan),SCRUM ATTACK,Green,941361,19,A,3000,Japan,25153,Daichi,Akiyama,2,7947
2157,6095.797881521981,6116.499908170338,Epineri Uluiviti (Japan),SCRUM ATTACK,Green,941361,5,A,3000,Japan,26154,Epineri,Uluiviti,2,7947
2158,6096.098055562981,6116.499908170338,Tevita Tatafu (Japan),SCRUM ATTACK,Green,941361,20,A,3000,Japan,23427,Tevita,Tatafu,2,7947
2159,6096.498821105983,6116.499908170338,Kazuki Himeno (Japan),SCRUM ATTACK,Green,941361,7,A,3000,Japan,28962,Kazuki,Himeno,2,7947
2160,6096.798758980655,6116.499908170338,Ben Gunter (Japan),SCRUM ATTACK,Green,941361,21,A,3000,Japan,26283,Ben,Gunter,2,7947
2161,6098.110544217687,6113.100822679014,Maro Itoje (England),SCRUM DEFENCE,Green,941361,4,H,550,England,20440,Maro,Itoje,2,7949
2162,6098.110544217687,6113.100822679014,Tom Curry (England),SCRUM DEFENCE,Green,941361,6,H,550,England,25980,Tom,Curry,2,7949
2163,6098.110544217687,6113.100822679014,Chandler Cunningham-South (England),SCRUM DEFENCE,Green,941361,20,H,550,England,44072,Chandler,Cunningham-South,2,7949
2164,6098.110544217687,6113.100822679014,Ben Earl (England),SCRUM DEFENCE,Green,941361,8,H,550,England,23732,Ben,Earl,2,7949
2165,6098.110544217687,6113.100822679014,Nick Isiekwe (England),SCRUM DEFENCE,Green,941361,19,H,550,England,27119,Nick,Isiekwe,2,7949
2166,6099.107142857143,6115.622425022,Fin Baxter (England),SCRUM DEFENCE,Red,941361,17,H,550,England,37818,Fin,Baxter,2,7949
2167,6099.107142857143,6115.622425022,Luke Cowan-Dickie (England),SCRUM DEFENCE,Red,941361,16,H,550,England,19240,Luke,Cowan-Dickie,2,7949
2168,6099.107142857143,6115.622425022,Asher Opoku-Fordjour (England),SCRUM DEFENCE,Red,941361,18,H,550,England,58093,Asher,Opoku-Fordjour,2,7949
2169,6101.086834066667,6131.799085942332,Yusuke Kajimura (Japan),RUCK ON FEET BIG,Gold,941361,23,A,3000,Japan,23409,Yusuke,Kajimura,2,7951
2170,6101.983945578231,6113.294999178,Siosaia Fifita (Japan),CARRY BIG,Green,941361,12,A,3000,Japan,30973,Siosaia,Fifita,2,7954
2171,6102.298668484932,6112.799996943023,Ollie Lawrence (England),TACKLE BIG,Green,941361,13,H,550,England,29561,Ollie,Lawrence,2,7954
2172,6103.198785379947,6118.699990629291,Fin Smith (England),TACKLE BIG,Gold,941361,22,H,550,England,37960,Fin,Smith,2,7952
2173,6104.598273229583,6116.000179937322,Tom Curry (England),JACKLER BIG,Yellow,941361,6,H,550,England,25980,Tom,Curry,2,7955
2174,6105.697879497016,6115.400076246988,Nick Isiekwe (England),TACKLE BIG,Green,941361,19,H,550,England,27119,Nick,Isiekwe,2,7957
2175,6106.585714135,6111.585714135,Yusuke Kajimura (Japan),RUCK ON FEET BIG,Green,941361,23,A,3000,Japan,23409,Yusuke,Kajimura,2,7958
2176,6107.298517864687,6117.000037696635,Harry Randall (England),TACKLE ON FEET BIG,Green,941361,21,H,550,England,24732,Harry,Randall,2,7959
2177,6107.533187065,6116.926053827,Shinobu Fujiwara (Japan),RUCK BIG,Green,941361,22,A,3000,Japan,30969,Shinobu,Fujiwara,2,7959
2178,6108.085613665998,6122.160828882,Kazuki Himeno (Japan),CARRY BIG,Green,941361,7,A,3000,Japan,28962,Kazuki,Himeno,2,7959
2179,6109.198472737594,6117.000037696635,Chandler Cunningham-South (England),TACKLE ON FEET BIG,Green,941361,20,H,550,England,44072,Chandler,Cunningham-South,2,8001
2180,6111.249792598,6125.826810887,Daichi Akiyama (Japan),CARRY BIG,Green,941361,19,A,3000,Japan,25153,Daichi,Akiyama,2,8002
2181,6112.598668388952,6123.0999781390165,Fin Smith (England),TACKLE BIG,Green,941361,22,H,550,England,37960,Fin,Smith,2,8004
2182,6113.126780045352,6124.0990625293325,Yukio Morikawa (Japan),RUCK ON FEET BIG,Yellow,941361,17,A,3000,Japan,26473,Yukio,Morikawa,2,8004
2183,6114.098391555306,6123.0999781390165,Ollie Lawrence (England),TACKLE BIG,Green,941361,13,H,550,England,29561,Ollie,Lawrence,2,8005
2184,6114.732863169,6125.163946882,Epineri Uluiviti (Japan),RUCK BIG,Green,941361,5,A,3000,Japan,26154,Epineri,Uluiviti,2,8005
2185,6119.297454444643,6134.399931736089,Tommy Freeman (England),CARRY BIG,Green,941361,14,H,550,England,35530,Tommy,Freeman,2,8010
2186,6121.134399092971,6128.501007810667,Epineri Uluiviti (Japan),Defence - Not in Line,Red,941361,5,A,3000,Japan,26154,Epineri,Uluiviti,2,8007
2187,6121.474807256236,6128.501007810667,Ben Gunter (Japan),Defence - Not in Line,Red,941361,21,A,3000,Japan,26283,Ben,Gunter,2,8013
2188,6122.099063212216,6131.499984786338,Ben Earl (England),RUCK ON FEET BIG,Yellow,941361,8,H,550,England,23732,Ben,Earl,2,8013
2189,6122.598765377922,6131.499984786338,Tom Curry (England),RUCK ON FEET BIG,Yellow,941361,6,H,550,England,25980,Tom,Curry,2,8013
2190,6122.969941138,6131.155048999,Nik McCurran (Japan),TACKLE BIG,Green,941361,10,A,3000,Japan,43557,Nik,McCurran,2,8013
