ID,FXID,PLID,playerName,team_id,teamName,ps_timestamp,ps_endstamp,MatchTime,period,x_coord,y_coord,x_coord_end,y_coord_end,action,actionName,ActionType,ActionTypeName,Actionresult,ActionResultName,qualifier3,qualifier3Name,qualifier4,qualifier4Name,qualifier5,qualifier5Name,qualifier6,qualifier6Name,qualifier7,qualifier7Name,qualifier8,qualifier8Name,qualifier9,qualifier9Name,qualifier10,qualifier10Name,Metres,Metres2,Metres3,Metres4,UTCTime,PlayNum,SetNum,sequence_id,player_advantage,score_advantage,homeTeamID,homeTeamName,awayTeamID,awayTeamName,datePlayed,kickofftime,hometeamHTscore,awayteamHTscore,hometeamFTscore,awayteamFTscore,hometeamCurrentScore,awayteamCurrentScore,venueID,venueName,cityID,cityName,roundNumber,season,playerShirtNumber,playerpositionID,playerpositionName,homecoachID,homecoachName,awaycoachID,awaycoachName,refereeID,refereeName,assistantreferee1ID,assistantreferee1Name,assistantreferee2ID,assistantreferee2Name,videoReferee1ID,videoreferee1Name,competitionID,competitionName,isHome,result
0,941540,953,,953,Canada,0.00,3.72,3,1,49,33,0,0,17,,407,,0,,0,,0,,0,,0,,0,,0,,0,,0,,0,0,0,0,,0,0,0,0,0,953,Canada,951,Romania,12/07/2024,19:00,13,10,35,22,0,0,1146,TD Place,-1,NA,1,2023,,,,0,,0,,1000761,Hollie Davidson,1001076,Kat Roche,1001022,Luke Rogan,-1,,3,International,Y,W
1,941540,19391,Peter Nelson,953,Canada,0.00,3.72,3,1,49,33,81,61,14,Restart,281,50m Restart,286,Restart Opp Collection,288,Long,753,Kicked Right,0,,0,,0,,0,,0,,0,,32,43,29,0,,1,0,1,0,0,953,Canada,951,Romania,12/07/2024,19:00,13,10,35,22,0,0,1146,TD Place,-1,NA,1,2023,10,10,Fly Half,0,,0,,1000761,Hollie Davidson,1001076,Kat Roche,1001022,Luke Rogan,-1,,3,International,Y,W
2,941540,27035,Marius Simionescu,951,Romania,3.72,3.72,7,1,19,7,0,0,18,Collection,275,Restart Catch,277,Success,0,,0,,0,,0,,0,,0,,0,,0,,0,0,0,0,,1,1,1,0,0,953,Canada,951,Romania,12/07/2024,19:00,13,10,35,22,0,0,1146,TD Place,-1,NA,1,2023,14,14,Right Wing,0,,0,,1000761,Hollie Davidson,1001076,Kat Roche,1001022,Luke Rogan,-1,,3,International,N,L
3,941540,0,,951,Romania,3.72,3.72,7,1,19,7,0,0,45,Defensive Exits,630,Kicked out of 22,0,,0,,0,,0,,0,,0,,0,,0,,0,,0,0,0,0,,1,1,1,0,0,953,Canada,951,Romania,12/07/2024,19:00,13,10,35,22,0,0,1146,TD Place,-1,NA,1,2023,,,,0,,0,,1000761,Hollie Davidson,1001076,Kat Roche,1001022,Luke Rogan,-1,,3,International,N,L
4,941540,27035,Marius Simionescu,951,Romania,3.72,7.04,7,1,19,7,20,8,1,Carry,105,Restart Return,108,Tackled Neutral,109,Crossed Gain line,461,Neutral Contact,501,1 Tacklers Committed,700,0th Receiver,0,,0,,0,,0,,1,1,1,1,,1,1,1,0,0,953,Canada,951,Romania,12/07/2024,19:00,13,10,35,22,0,0,1146,TD Place,-1,NA,1,2023,14,14,Right Wing,0,,0,,1000761,Hollie Davidson,1001076,Kat Roche,1001022,Luke Rogan,-1,,3,International,N,L
5,941540,25181,Kyle Baillie,953,Canada,5.44,5.44,8,1,81,60,0,0,2,Tackle,142,Chase,153,Complete,0,,474,Neutral Tackle,708,1st Tackler,0,,0,,0,,0,,0,,0,0,0,0,,1,1,1,0,0,953,Canada,951,Romania,12/07/2024,19:00,13,10,35,22,0,0,1146,TD Place,-1,NA,1,2023,05,5,Lock (5),0,,0,,1000761,Hollie Davidson,1001076,Kat Roche,1001022,Luke Rogan,-1,,3,International,Y,W
6,941540,27035,Marius Simionescu,951,Romania,7.04,10.92,10,1,20,8,0,0,23,Ruck,0,,401,Won Outright,551,N/A Gainline,555,3-4 Seconds,664,Close Right Open Movement Ruck,0,,0,,0,,0,,0,,0,0,-1,9,,1,1,1,0,0,953,Canada,951,Romania,12/07/2024,19:00,13,10,35,22,0,0,1146,TD Place,-1,NA,1,2023,14,14,Right Wing,0,,0,,1000761,Hollie Davidson,1001076,Kat Roche,1001022,Luke Rogan,-1,,3,International,N,L
7,941540,23278,Andrei Mahu,951,Romania,7.08,7.08,10,1,20,8,0,0,43,Ruck OOA,572,Cleaned Out,583,Own Team 1st Entry,588,OOA Entry 1st Entry- Att,632,Attacking OOA,0,1,0,,0,,0,,0,,0,,0,0,0,0,,1,1,1,0,0,953,Canada,951,Romania,12/07/2024,19:00,13,10,35,22,0,0,1146,TD Place,-1,NA,1,2023,05,5,Lock (5),0,,0,,1000761,Hollie Davidson,1001076,Kat Roche,1001022,Luke Rogan,-1,,3,International,N,L
8,941540,34051,Iulian Hartig,951,Romania,7.52,7.52,10,1,20,8,0,0,43,Ruck OOA,574,Secured,584,Own Team 2nd Entry,589,OOA Entry 2nd Entry- Att,632,Attacking OOA,0,2,0,,0,,0,,0,,0,,0,0,0,0,,1,1,1,0,0,953,Canada,951,Romania,12/07/2024,19:00,13,10,35,22,0,0,1146,TD Place,-1,NA,1,2023,01,1,Loosehead Prop,0,,0,,1000761,Hollie Davidson,1001076,Kat Roche,1001022,Luke Rogan,-1,,3,International,N,L
9,941540,38465,Mason Flesch,953,Canada,8.40,8.40,11,1,80,60,0,0,43,Ruck OOA,577,Not Clearing,583,Own Team 1st Entry,603,OOA Entry 1st Entry- Def,633,Defensive OOA,0,1,0,,0,,0,,0,,0,,0,0,0,0,,1,1,1,0,0,953,Canada,951,Romania,12/07/2024,19:00,13,10,35,22,0,0,1146,TD Place,-1,NA,1,2023,06,6,Blindside Flanker,0,,0,,1000761,Hollie Davidson,1001076,Kat Roche,1001022,Luke Rogan,-1,,3,International,Y,W
10,941540,29316,Nicolaas Immelman,951,Romania,8.80,8.80,12,1,20,8,0,0,43,Ruck OOA,574,Secured,585,Own Team 3rd Entry,590,OOA Entry 3rd Entry- Att,632,Attacking OOA,0,3,0,,0,,0,,0,,0,,0,0,0,0,,1,1,1,0,0,953,Canada,951,Romania,12/07/2024,19:00,13,10,35,22,0,0,1146,TD Place,-1,NA,1,2023,08,8,Number 8,0,,0,,1000761,Hollie Davidson,1001076,Kat Roche,1001022,Luke Rogan,-1,,3,International,N,L
11,941540,57666,Alin Conache,951,Romania,10.92,10.92,14,1,20,8,0,0,18,Collection,631,General Catch,0,,0,,0,,0,,0,,0,,0,,0,,0,,0,0,0,0,,2,1,1,0,0,953,Canada,951,Romania,12/07/2024,19:00,13,10,35,22,0,0,1146,TD Place,-1,NA,1,2023,09,9,Scrum Half,0,,0,,1000761,Hollie Davidson,1001076,Kat Roche,1001022,Luke Rogan,-1,,3,International,N,L
12,941540,57666,Alin Conache,951,Romania,10.92,10.92,14,1,20,8,0,0,47,Playmaker Options,671,Halfback at Breakdown,675,Playmaker Option - Pass,0,,0,,0,,0,,0,,0,,0,,0,,0,0,0,0,,2,1,1,0,0,953,Canada,951,Romania,12/07/2024,19:00,13,10,35,22,0,0,1146,TD Place,-1,NA,1,2023,09,9,Scrum Half,0,,0,,1000761,Hollie Davidson,1001076,Kat Roche,1001022,Luke Rogan,-1,,3,International,N,L
13,941540,57666,Alin Conache,951,Romania,11.40,12.76,14,1,20,8,19,14,3,Pass,169,Complete,0,,686,Medium Pass,682,Right Pass,700,0th Receiver,0,,0,,0,,0,,0,,6,6,2,0,,2,1,1,0,0,953,Canada,951,Romania,12/07/2024,19:00,13,10,35,22,0,0,1146,TD Place,-1,NA,1,2023,09,9,Scrum Half,0,,0,,1000761,Hollie Davidson,1001076,Kat Roche,1001022,Luke Rogan,-1,,3,International,N,L
14,941540,39780,Stefan Buruiana,951,Romania,12.76,12.76,16,1,19,14,0,0,18,Collection,631,General Catch,0,,0,,0,,0,,0,,0,,0,,0,,0,,0,0,0,0,,2,1,1,0,0,953,Canada,951,Romania,12/07/2024,19:00,13,10,35,22,0,0,1146,TD Place,-1,NA,1,2023,02,2,Hooker,0,,0,,1000761,Hollie Davidson,1001076,Kat Roche,1001022,Luke Rogan,-1,,3,International,N,L
15,941540,39780,Stefan Buruiana,951,Romania,12.76,12.76,16,1,19,14,0,0,47,Playmaker Options,656,First Receiver,673,Playmaker Option - Carry,0,,0,,0,,0,,0,,0,,0,,0,,0,0,0,0,,2,1,1,0,0,953,Canada,951,Romania,12/07/2024,19:00,13,10,35,22,0,0,1146,TD Place,-1,NA,1,2023,02,2,Hooker,0,,0,,1000761,Hollie Davidson,1001076,Kat Roche,1001022,Luke Rogan,-1,,3,International,N,L
16,941540,39780,Stefan Buruiana,951,Romania,12.76,14.32,16,1,19,14,20,17,1,Carry,101,One Out Drive,108,Tackled Neutral,111,Failed Gain line,461,Neutral Contact,502,2 Tacklers Committed,701,1st Receiver,0,,0,,0,,0,,0,1,0,0,,2,1,1,0,0,953,Canada,951,Romania,12/07/2024,19:00,13,10,35,22,0,0,1146,TD Place,-1,NA,1,2023,02,2,Hooker,0,,0,,1000761,Hollie Davidson,1001076,Kat Roche,1001022,Luke Rogan,-1,,3,International,N,L
17,941540,27090,Conor Keys,953,Canada,13.28,13.28,16,1,81,52,0,0,2,Tackle,144,Line,153,Complete,0,,474,Neutral Tackle,708,1st Tackler,0,,0,,0,,0,,0,,0,0,0,0,,2,1,1,0,0,953,Canada,951,Romania,12/07/2024,19:00,13,10,35,22,0,0,1146,TD Place,-1,NA,1,2023,04,4,Lock (4),0,,0,,1000761,Hollie Davidson,1001076,Kat Roche,1001022,Luke Rogan,-1,,3,International,Y,W
18,941540,29383,Conor Young,953,Canada,13.96,13.96,17,1,81,52,0,0,2,Tackle,144,Line,153,Complete,441,Assist,474,Neutral Tackle,709,2nd Tackler,0,,0,,0,,0,,0,,0,0,0,0,,2,1,1,0,0,953,Canada,951,Romania,12/07/2024,19:00,13,10,35,22,0,0,1146,TD Place,-1,NA,1,2023,03,3,Tighthead Prop,0,,0,,1000761,Hollie Davidson,1001076,Kat Roche,1001022,Luke Rogan,-1,,3,International,Y,W
19,941540,39780,Stefan Buruiana,951,Romania,14.32,19.64,17,1,20,17,0,0,23,Ruck,0,,401,Won Outright,549,Behind Previous Gainline,557,5-6 Seconds,669,Tight Left Blindside Movement Ruck,0,,0,,0,,0,,0,,0,0,0,1,,2,1,1,0,0,953,Canada,951,Romania,12/07/2024,19:00,13,10,35,22,0,0,1146,TD Place,-1,NA,1,2023,02,2,Hooker,0,,0,,1000761,Hollie Davidson,1001076,Kat Roche,1001022,Luke Rogan,-1,,3,International,N,L
20,941540,33151,Vlad Neculau,951,Romania,14.52,14.52,17,1,20,17,0,0,43,Ruck OOA,574,Secured,583,Own Team 1st Entry,588,OOA Entry 1st Entry- Att,632,Attacking OOA,0,1,0,,0,,0,,0,,0,,0,0,0,0,,2,1,1,0,0,953,Canada,951,Romania,12/07/2024,19:00,13,10,35,22,0,0,1146,TD Place,-1,NA,1,2023,06,6,Blindside Flanker,0,,0,,1000761,Hollie Davidson,1001076,Kat Roche,1001022,Luke Rogan,-1,,3,International,N,L
21,941540,34102,Vasile Balan,951,Romania,16.16,16.16,19,1,20,17,0,0,43,Ruck OOA,574,Secured,584,Own Team 2nd Entry,589,OOA Entry 2nd Entry- Att,632,Attacking OOA,0,2,0,,0,,0,,0,,0,,0,0,0,0,,2,1,1,0,0,953,Canada,951,Romania,12/07/2024,19:00,13,10,35,22,0,0,1146,TD Place,-1,NA,1,2023,03,3,Tighthead Prop,0,,0,,1000761,Hollie Davidson,1001076,Kat Roche,1001022,Luke Rogan,-1,,3,International,N,L
22,941540,34051,Iulian Hartig,951,Romania,18.24,18.24,21,1,20,17,0,0,43,Ruck OOA,574,Secured,585,Own Team 3rd Entry,590,OOA Entry 3rd Entry- Att,632,Attacking OOA,0,3,0,,0,,0,,0,,0,,0,0,0,0,,2,1,1,0,0,953,Canada,951,Romania,12/07/2024,19:00,13,10,35,22,0,0,1146,TD Place,-1,NA,1,2023,01,1,Loosehead Prop,0,,0,,1000761,Hollie Davidson,1001076,Kat Roche,1001022,Luke Rogan,-1,,3,International,N,L
23,941540,57666,Alin Conache,951,Romania,19.64,19.64,23,1,20,17,0,0,18,Collection,631,General Catch,0,,0,,0,,0,,0,,0,,0,,0,,0,,0,0,0,0,,3,1,1,0,0,953,Canada,951,Romania,12/07/2024,19:00,13,10,35,22,0,0,1146,TD Place,-1,NA,1,2023,09,9,Scrum Half,0,,0,,1000761,Hollie Davidson,1001076,Kat Roche,1001022,Luke Rogan,-1,,3,International,N,L
24,941540,57666,Alin Conache,951,Romania,19.64,19.64,23,1,20,17,0,0,47,Playmaker Options,671,Halfback at Breakdown,675,Playmaker Option - Pass,0,,0,,0,,0,,0,,0,,0,,0,,0,0,0,0,,3,1,1,0,0,953,Canada,951,Romania,12/07/2024,19:00,13,10,35,22,0,0,1146,TD Place,-1,NA,1,2023,09,9,Scrum Half,0,,0,,1000761,Hollie Davidson,1001076,Kat Roche,1001022,Luke Rogan,-1,,3,International,N,L
25,941540,57666,Alin Conache,951,Romania,20.12,21.80,23,1,20,17,8,18,3,Pass,169,Complete,0,,679,Short Pass,682,Right Pass,700,0th Receiver,0,,0,,0,,0,,0,,1,12,12,0,,3,1,1,0,0,953,Canada,951,Romania,12/07/2024,19:00,13,10,35,22,0,0,1146,TD Place,-1,NA,1,2023,09,9,Scrum Half,0,,0,,1000761,Hollie Davidson,1001076,Kat Roche,1001022,Luke Rogan,-1,,3,International,N,L
26,941540,27747,Hinckley Vaovasa,951,Romania,21.80,21.80,25,1,8,18,0,0,18,Collection,631,General Catch,0,,0,,0,,0,,0,,0,,0,,0,,0,,0,0,0,0,,3,1,1,0,0,953,Canada,951,Romania,12/07/2024,19:00,13,10,35,22,0,0,1146,TD Place,-1,NA,1,2023,10,10,Fly Half,0,,0,,1000761,Hollie Davidson,1001076,Kat Roche,1001022,Luke Rogan,-1,,3,International,N,L
27,941540,27747,Hinckley Vaovasa,951,Romania,21.80,21.80,25,1,8,18,0,0,47,Playmaker Options,656,First Receiver,674,Playmaker Option - Kick,0,,0,,0,,0,,0,,0,,0,,0,,0,0,0,0,,3,1,1,0,0,953,Canada,951,Romania,12/07/2024,19:00,13,10,35,22,0,0,1146,TD Place,-1,NA,1,2023,10,10,Fly Half,0,,0,,1000761,Hollie Davidson,1001076,Kat Roche,1001022,Luke Rogan,-1,,3,International,N,L
28,941540,27747,Hinckley Vaovasa,951,Romania,21.84,26.72,25,1,10,17,59,2,4,Kick,190,Territorial,198,Caught Full,186,Kick in Play (Own 22),0,,0,,0,,0,,0,,0,,0,,48,51,0,0,,3,1,1,0,0,953,Canada,951,Romania,12/07/2024,19:00,13,10,35,22,0,0,1146,TD Place,-1,NA,1,2023,10,10,Fly Half,0,,0,,1000761,Hollie Davidson,1001076,Kat Roche,1001022,Luke Rogan,-1,,3,International,N,L
29,941540,0,,951,Romania,3.72,26.72,30,1,19,7,59,2,15,Possession,307,50m Restart,351,Kick in Play,0,,684,Fails to enter into Opposition 22,0,,0,,0,,0,,0,,0,,39,0,0,0,,3,1,1,0,0,953,Canada,951,Romania,12/07/2024,19:00,13,10,35,22,0,0,1146,TD Place,-1,NA,1,2023,,,,0,,0,,1000761,Hollie Davidson,1001076,Kat Roche,1001022,Luke Rogan,-1,,3,International,N,L
30,941540,33642,Cooper Coats,953,Canada,26.72,26.72,30,1,41,66,0,0,18,Collection,273,Defensive Catch,277,Success,0,,0,,0,,0,,0,,0,,0,,0,,0,0,0,0,,1,2,1,0,0,953,Canada,951,Romania,12/07/2024,19:00,13,10,35,22,0,0,1146,TD Place,-1,NA,1,2023,15,15,Full Back,0,,0,,1000761,Hollie Davidson,1001076,Kat Roche,1001022,Luke Rogan,-1,,3,International,Y,W
31,941540,33642,Cooper Coats,953,Canada,26.72,26.72,30,1,41,66,0,0,44,Counter Attack,619,Outcome - Kick To Opposition,0,,0,,0,,0,,0,,0,,0,,0,,0,,0,0,0,0,,1,2,1,0,0,953,Canada,951,Romania,12/07/2024,19:00,13,10,35,22,0,0,1146,TD Place,-1,NA,1,2023,15,15,Full Back,0,,0,,1000761,Hollie Davidson,1001076,Kat Roche,1001022,Luke Rogan,-1,,3,International,Y,W
32,941540,33642,Cooper Coats,953,Canada,28.44,30.80,31,1,45,61,41,54,3,Pass,169,Complete,0,,686,Medium Pass,681,Left Pass,700,0th Receiver,0,,0,,0,,0,,0,,7,8,3,0,,1,2,1,0,0,953,Canada,951,Romania,12/07/2024,19:00,13,10,35,22,0,0,1146,TD Place,-1,NA,1,2023,15,15,Full Back,0,,0,,1000761,Hollie Davidson,1001076,Kat Roche,1001022,Luke Rogan,-1,,3,International,Y,W
33,941540,19391,Peter Nelson,953,Canada,30.80,30.80,34,1,41,54,0,0,18,Collection,631,General Catch,0,,0,,0,,0,,0,,0,,0,,0,,0,,0,0,0,0,,1,2,1,0,0,953,Canada,951,Romania,12/07/2024,19:00,13,10,35,22,0,0,1146,TD Place,-1,NA,1,2023,10,10,Fly Half,0,,0,,1000761,Hollie Davidson,1001076,Kat Roche,1001022,Luke Rogan,-1,,3,International,Y,W
34,941540,19391,Peter Nelson,953,Canada,30.84,32.24,34,1,48,57,48,62,3,Pass,169,Complete,0,,679,Short Pass,682,Right Pass,701,1st Receiver,0,,0,,0,,0,,0,,5,5,1,0,,1,2,1,0,0,953,Canada,951,Romania,12/07/2024,19:00,13,10,35,22,0,0,1146,TD Place,-1,NA,1,2023,10,10,Fly Half,0,,0,,1000761,Hollie Davidson,1001076,Kat Roche,1001022,Luke Rogan,-1,,3,International,Y,W
35,941540,38465,Mason Flesch,953,Canada,32.24,32.24,35,1,48,62,0,0,18,Collection,631,General Catch,0,,0,,0,,0,,0,,0,,0,,0,,0,,0,0,0,0,,1,2,1,0,0,953,Canada,951,Romania,12/07/2024,19:00,13,10,35,22,0,0,1146,TD Place,-1,NA,1,2023,06,6,Blindside Flanker,0,,0,,1000761,Hollie Davidson,1001076,Kat Roche,1001022,Luke Rogan,-1,,3,International,Y,W
36,941540,38465,Mason Flesch,953,Canada,32.24,35.04,35,1,48,62,62,63,1,Carry,104,Kick Return,108,Tackled Neutral,109,Crossed Gain line,461,Neutral Contact,501,1 Tacklers Committed,702,2nd Receiver,0,,0,,0,,0,,14,15,2,2,,1,2,1,0,0,953,Canada,951,Romania,12/07/2024,19:00,13,10,35,22,0,0,1146,TD Place,-1,NA,1,2023,06,6,Blindside Flanker,0,,0,,1000761,Hollie Davidson,1001076,Kat Roche,1001022,Luke Rogan,-1,,3,International,Y,W
37,941540,57666,Alin Conache,951,Romania,33.80,33.80,37,1,40,4,0,0,2,Tackle,142,Chase,153,Complete,0,,474,Neutral Tackle,708,1st Tackler,0,,0,,0,,0,,0,,0,0,0,0,,1,2,1,0,0,953,Canada,951,Romania,12/07/2024,19:00,13,10,35,22,0,0,1146,TD Place,-1,NA,1,2023,09,9,Scrum Half,0,,0,,1000761,Hollie Davidson,1001076,Kat Roche,1001022,Luke Rogan,-1,,3,International,N,L
38,941540,27747,Hinckley Vaovasa,951,Romania,33.84,33.84,37,1,40,4,0,0,40,Defensive Action,560,Tackle Arrival,0,,0,,0,,0,,0,,0,,0,,0,,0,,0,0,0,0,,1,2,1,0,0,953,Canada,951,Romania,12/07/2024,19:00,13,10,35,22,0,0,1146,TD Place,-1,NA,1,2023,10,10,Fly Half,0,,0,,1000761,Hollie Davidson,1001076,Kat Roche,1001022,Luke Rogan,-1,,3,International,N,L
39,941540,34051,Iulian Hartig,951,Romania,34.88,34.88,38,1,40,4,0,0,40,Defensive Action,560,Tackle Arrival,0,,0,,0,,0,,0,,0,,0,,0,,0,,0,0,0,0,,1,2,1,0,0,953,Canada,951,Romania,12/07/2024,19:00,13,10,35,22,0,0,1146,TD Place,-1,NA,1,2023,01,1,Loosehead Prop,0,,0,,1000761,Hollie Davidson,1001076,Kat Roche,1001022,Luke Rogan,-1,,3,International,N,L
40,941540,38465,Mason Flesch,953,Canada,35.04,36.68,38,1,62,63,0,0,23,Ruck,0,,401,Won Outright,551,N/A Gainline,553,1-2 Seconds,661,Mid Left Open Movement Ruck,0,,0,,0,,0,,0,,0,0,-1,11,,1,2,1,0,0,953,Canada,951,Romania,12/07/2024,19:00,13,10,35,22,0,0,1146,TD Place,-1,NA,1,2023,06,6,Blindside Flanker,0,,0,,1000761,Hollie Davidson,1001076,Kat Roche,1001022,Luke Rogan,-1,,3,International,Y,W
41,941540,25183,Lucas Rumball,953,Canada,35.72,35.72,39,1,62,63,0,0,43,Ruck OOA,574,Secured,583,Own Team 1st Entry,588,OOA Entry 1st Entry- Att,632,Attacking OOA,0,1,0,,0,,0,,0,,0,,0,0,0,0,,1,2,1,0,0,953,Canada,951,Romania,12/07/2024,19:00,13,10,35,22,0,0,1146,TD Place,-1,NA,1,2023,08,8,Number 8,0,,0,,1000761,Hollie Davidson,1001076,Kat Roche,1001022,Luke Rogan,-1,,3,International,Y,W
42,941540,25181,Kyle Baillie,953,Canada,36.40,36.40,39,1,62,63,0,0,43,Ruck OOA,574,Secured,584,Own Team 2nd Entry,589,OOA Entry 2nd Entry- Att,632,Attacking OOA,0,2,0,,0,,0,,0,,0,,0,0,0,0,,1,2,1,0,0,953,Canada,951,Romania,12/07/2024,19:00,13,10,35,22,0,0,1146,TD Place,-1,NA,1,2023,05,5,Lock (5),0,,0,,1000761,Hollie Davidson,1001076,Kat Roche,1001022,Luke Rogan,-1,,3,International,Y,W
43,941540,34051,Iulian Hartig,951,Romania,36.56,36.56,39,1,38,5,0,0,43,Ruck OOA,577,Not Clearing,583,Own Team 1st Entry,603,OOA Entry 1st Entry- Def,633,Defensive OOA,0,1,0,,0,,0,,0,,0,,0,0,0,0,,1,2,1,0,0,953,Canada,951,Romania,12/07/2024,19:00,13,10,35,22,0,0,1146,TD Place,-1,NA,1,2023,01,1,Loosehead Prop,0,,0,,1000761,Hollie Davidson,1001076,Kat Roche,1001022,Luke Rogan,-1,,3,International,N,L
44,941540,38159,Jason Higgins,953,Canada,36.68,36.68,40,1,63,63,0,0,18,Collection,631,General Catch,0,,0,,0,,0,,0,,0,,0,,0,,0,,0,0,0,0,,2,2,1,0,0,953,Canada,951,Romania,12/07/2024,19:00,13,10,35,22,0,0,1146,TD Place,-1,NA,1,2023,09,9,Scrum Half,0,,0,,1000761,Hollie Davidson,1001076,Kat Roche,1001022,Luke Rogan,-1,,3,International,Y,W
45,941540,38159,Jason Higgins,953,Canada,36.68,36.68,40,1,63,63,0,0,47,Playmaker Options,671,Halfback at Breakdown,675,Playmaker Option - Pass,0,,0,,0,,0,,0,,0,,0,,0,,0,0,0,0,,2,2,1,0,0,953,Canada,951,Romania,12/07/2024,19:00,13,10,35,22,0,0,1146,TD Place,-1,NA,1,2023,09,9,Scrum Half,0,,0,,1000761,Hollie Davidson,1001076,Kat Roche,1001022,Luke Rogan,-1,,3,International,Y,W
46,941540,38159,Jason Higgins,953,Canada,37.28,38.80,40,1,63,63,60,55,3,Pass,169,Complete,0,,686,Medium Pass,681,Left Pass,700,0th Receiver,0,,0,,0,,0,,0,,8,9,3,0,,2,2,1,0,0,953,Canada,951,Romania,12/07/2024,19:00,13,10,35,22,0,0,1146,TD Place,-1,NA,1,2023,09,9,Scrum Half,0,,0,,1000761,Hollie Davidson,1001076,Kat Roche,1001022,Luke Rogan,-1,,3,International,Y,W
47,941540,29383,Conor Young,953,Canada,38.80,38.80,42,1,60,55,0,0,18,Collection,631,General Catch,0,,0,,0,,0,,0,,0,,0,,0,,0,,0,0,0,0,,2,2,1,0,0,953,Canada,951,Romania,12/07/2024,19:00,13,10,35,22,0,0,1146,TD Place,-1,NA,1,2023,03,3,Tighthead Prop,0,,0,,1000761,Hollie Davidson,1001076,Kat Roche,1001022,Luke Rogan,-1,,3,International,Y,W
48,941540,29383,Conor Young,953,Canada,38.80,38.80,42,1,60,55,0,0,47,Playmaker Options,656,First Receiver,673,Playmaker Option - Carry,0,,0,,0,,0,,0,,0,,0,,0,,0,0,0,0,,2,2,1,0,0,953,Canada,951,Romania,12/07/2024,19:00,13,10,35,22,0,0,1146,TD Place,-1,NA,1,2023,03,3,Tighthead Prop,0,,0,,1000761,Hollie Davidson,1001076,Kat Roche,1001022,Luke Rogan,-1,,3,International,Y,W
49,941540,29383,Conor Young,953,Canada,38.80,39.52,42,1,60,55,62,52,1,Carry,101,One Out Drive,108,Tackled Neutral,111,Failed Gain line,461,Neutral Contact,502,2 Tacklers Committed,701,1st Receiver,0,,0,,0,,0,,0,2,1,1,,2,2,1,0,0,953,Canada,951,Romania,12/07/2024,19:00,13,10,35,22,0,0,1146,TD Place,-1,NA,1,2023,03,3,Tighthead Prop,0,,0,,1000761,Hollie Davidson,1001076,Kat Roche,1001022,Luke Rogan,-1,,3,International,Y,W
50,941540,33151,Vlad Neculau,951,Romania,38.88,38.88,42,1,39,15,0,0,2,Tackle,144,Line,153,Complete,0,,474,Neutral Tackle,708,1st Tackler,0,,0,,0,,0,,0,,0,0,0,0,,2,2,1,0,0,953,Canada,951,Romania,12/07/2024,19:00,13,10,35,22,0,0,1146,TD Place,-1,NA,1,2023,06,6,Blindside Flanker,0,,0,,1000761,Hollie Davidson,1001076,Kat Roche,1001022,Luke Rogan,-1,,3,International,N,L
51,941540,63895,Yanis Horvat,951,Romania,39.28,39.28,42,1,39,15,0,0,2,Tackle,144,Line,153,Complete,441,Assist,474,Neutral Tackle,709,2nd Tackler,0,,0,,0,,0,,0,,0,0,0,0,,2,2,1,0,0,953,Canada,951,Romania,12/07/2024,19:00,13,10,35,22,0,0,1146,TD Place,-1,NA,1,2023,04,4,Lock (4),0,,0,,1000761,Hollie Davidson,1001076,Kat Roche,1001022,Luke Rogan,-1,,3,International,N,L
52,941540,29383,Conor Young,953,Canada,39.52,41.04,42,1,62,52,0,0,23,Ruck,0,,401,Won Outright,549,Behind Previous Gainline,553,1-2 Seconds,659,Wide Left Open Movement Ruck,0,,0,,0,,0,,0,,0,0,1,40,,2,2,1,0,0,953,Canada,951,Romania,12/07/2024,19:00,13,10,35,22,0,0,1146,TD Place,-1,NA,1,2023,03,3,Tighthead Prop,0,,0,,1000761,Hollie Davidson,1001076,Kat Roche,1001022,Luke Rogan,-1,,3,International,Y,W
53,941540,25189,Andrew Quattrin,953,Canada,40.40,40.40,43,1,62,52,0,0,43,Ruck OOA,574,Secured,583,Own Team 1st Entry,588,OOA Entry 1st Entry- Att,632,Attacking OOA,0,1,0,,0,,0,,0,,0,,0,0,0,0,,2,2,1,0,0,953,Canada,951,Romania,12/07/2024,19:00,13,10,35,22,0,0,1146,TD Place,-1,NA,1,2023,02,2,Hooker,0,,0,,1000761,Hollie Davidson,1001076,Kat Roche,1001022,Luke Rogan,-1,,3,International,Y,W
54,941540,27090,Conor Keys,953,Canada,40.48,40.48,43,1,62,52,0,0,43,Ruck OOA,574,Secured,584,Own Team 2nd Entry,589,OOA Entry 2nd Entry- Att,632,Attacking OOA,0,2,0,,0,,0,,0,,0,,0,0,0,0,,2,2,1,0,0,953,Canada,951,Romania,12/07/2024,19:00,13,10,35,22,0,0,1146,TD Place,-1,NA,1,2023,04,4,Lock (4),0,,0,,1000761,Hollie Davidson,1001076,Kat Roche,1001022,Luke Rogan,-1,,3,International,Y,W
55,941540,38159,Jason Higgins,953,Canada,41.04,41.04,44,1,62,52,0,0,18,Collection,631,General Catch,0,,0,,0,,0,,0,,0,,0,,0,,0,,0,0,0,0,,3,2,1,0,0,953,Canada,951,Romania,12/07/2024,19:00,13,10,35,22,0,0,1146,TD Place,-1,NA,1,2023,09,9,Scrum Half,0,,0,,1000761,Hollie Davidson,1001076,Kat Roche,1001022,Luke Rogan,-1,,3,International,Y,W
56,941540,38159,Jason Higgins,953,Canada,41.04,41.04,44,1,62,52,0,0,47,Playmaker Options,671,Halfback at Breakdown,675,Playmaker Option - Pass,0,,0,,0,,0,,0,,0,,0,,0,,0,0,0,0,,3,2,1,0,0,953,Canada,951,Romania,12/07/2024,19:00,13,10,35,22,0,0,1146,TD Place,-1,NA,1,2023,09,9,Scrum Half,0,,0,,1000761,Hollie Davidson,1001076,Kat Roche,1001022,Luke Rogan,-1,,3,International,Y,W
57,941540,38159,Jason Higgins,953,Canada,41.56,42.88,44,1,62,52,58,45,3,Pass,169,Complete,0,,686,Medium Pass,681,Left Pass,700,0th Receiver,0,,0,,0,,0,,0,,8,9,4,0,,3,2,1,0,0,953,Canada,951,Romania,12/07/2024,19:00,13,10,35,22,0,0,1146,TD Place,-1,NA,1,2023,09,9,Scrum Half,0,,0,,1000761,Hollie Davidson,1001076,Kat Roche,1001022,Luke Rogan,-1,,3,International,Y,W
58,941540,19391,Peter Nelson,953,Canada,42.88,42.88,46,1,58,45,0,0,18,Collection,631,General Catch,0,,0,,0,,0,,0,,0,,0,,0,,0,,0,0,0,0,,3,2,1,0,0,953,Canada,951,Romania,12/07/2024,19:00,13,10,35,22,0,0,1146,TD Place,-1,NA,1,2023,10,10,Fly Half,0,,0,,1000761,Hollie Davidson,1001076,Kat Roche,1001022,Luke Rogan,-1,,3,International,Y,W
59,941540,19391,Peter Nelson,953,Canada,42.88,42.88,46,1,58,45,0,0,47,Playmaker Options,656,First Receiver,675,Playmaker Option - Pass,0,,0,,0,,0,,0,,0,,0,,0,,0,0,0,0,,3,2,1,0,0,953,Canada,951,Romania,12/07/2024,19:00,13,10,35,22,0,0,1146,TD Place,-1,NA,1,2023,10,10,Fly Half,0,,0,,1000761,Hollie Davidson,1001076,Kat Roche,1001022,Luke Rogan,-1,,3,International,Y,W
60,941540,19391,Peter Nelson,953,Canada,42.92,44.08,46,1,59,44,56,36,3,Pass,169,Complete,0,,686,Medium Pass,681,Left Pass,701,1st Receiver,0,,0,,0,,0,,0,,8,8,3,0,,3,2,1,0,0,953,Canada,951,Romania,12/07/2024,19:00,13,10,35,22,0,0,1146,TD Place,-1,NA,1,2023,10,10,Fly Half,0,,0,,1000761,Hollie Davidson,1001076,Kat Roche,1001022,Luke Rogan,-1,,3,International,Y,W
61,941540,33642,Cooper Coats,953,Canada,44.08,44.08,47,1,56,36,0,0,18,Collection,631,General Catch,0,,0,,0,,0,,0,,0,,0,,0,,0,,0,0,0,0,,3,2,1,0,0,953,Canada,951,Romania,12/07/2024,19:00,13,10,35,22,0,0,1146,TD Place,-1,NA,1,2023,15,15,Full Back,0,,0,,1000761,Hollie Davidson,1001076,Kat Roche,1001022,Luke Rogan,-1,,3,International,Y,W
62,941540,33642,Cooper Coats,953,Canada,44.08,44.08,47,1,56,36,0,0,47,Playmaker Options,657,Second Receiver,675,Playmaker Option - Pass,0,,0,,0,,0,,0,,0,,0,,0,,0,0,0,0,,3,2,1,0,0,953,Canada,951,Romania,12/07/2024,19:00,13,10,35,22,0,0,1146,TD Place,-1,NA,1,2023,15,15,Full Back,0,,0,,1000761,Hollie Davidson,1001076,Kat Roche,1001022,Luke Rogan,-1,,3,International,Y,W
63,941540,33642,Cooper Coats,953,Canada,44.12,45.84,47,1,56,35,55,20,3,Pass,169,Complete,0,,680,Long Pass,681,Left Pass,702,2nd Receiver,0,,0,,0,,0,,0,,16,16,1,0,,3,2,1,0,0,953,Canada,951,Romania,12/07/2024,19:00,13,10,35,22,0,0,1146,TD Place,-1,NA,1,2023,15,15,Full Back,0,,0,,1000761,Hollie Davidson,1001076,Kat Roche,1001022,Luke Rogan,-1,,3,International,Y,W
64,941540,64048,Talon McMullin,953,Canada,45.84,45.84,49,1,55,20,0,0,18,Collection,631,General Catch,0,,0,,0,,0,,0,,0,,0,,0,,0,,0,0,0,0,,3,2,1,0,0,953,Canada,951,Romania,12/07/2024,19:00,13,10,35,22,0,0,1146,TD Place,-1,NA,1,2023,12,12,Inside Centre,0,,0,,1000761,Hollie Davidson,1001076,Kat Roche,1001022,Luke Rogan,-1,,3,International,Y,W
65,941540,64048,Talon McMullin,953,Canada,45.84,45.84,49,1,55,20,0,0,47,Playmaker Options,658,Third Receiver,673,Playmaker Option - Carry,0,,0,,0,,0,,0,,0,,0,,0,,0,0,0,0,,3,2,1,0,0,953,Canada,951,Romania,12/07/2024,19:00,13,10,35,22,0,0,1146,TD Place,-1,NA,1,2023,12,12,Inside Centre,0,,0,,1000761,Hollie Davidson,1001076,Kat Roche,1001022,Luke Rogan,-1,,3,International,Y,W
66,941540,64048,Talon McMullin,953,Canada,45.84,47.44,49,1,55,20,62,13,1,Carry,103,Other Carry,107,Tackled Dominant,110,Neutral Gain line,460,Dominant Contact,502,2 Tacklers Committed,703,3rd Receiver,0,,0,,0,,0,,1,7,1,1,,3,2,1,0,0,953,Canada,951,Romania,12/07/2024,19:00,13,10,35,22,0,0,1146,TD Place,-1,NA,1,2023,12,12,Inside Centre,0,,0,,1000761,Hollie Davidson,1001076,Kat Roche,1001022,Luke Rogan,-1,,3,International,Y,W
67,941540,40389,Jason Tomane,951,Romania,46.40,46.40,49,1,39,55,0,0,2,Tackle,144,Line,160,Passive,0,,475,Ineffective Tackle,708,1st Tackler,0,,0,,0,,0,,0,,0,0,0,0,,3,2,1,0,0,953,Canada,951,Romania,12/07/2024,19:00,13,10,35,22,0,0,1146,TD Place,-1,NA,1,2023,12,12,Inside Centre,0,,0,,1000761,Hollie Davidson,1001076,Kat Roche,1001022,Luke Rogan,-1,,3,International,N,L
68,941540,60960,Mihai Graure,951,Romania,46.96,46.96,50,1,39,55,0,0,2,Tackle,144,Line,160,Passive,441,Assist,475,Ineffective Tackle,709,2nd Tackler,0,,0,,0,,0,,0,,0,0,0,0,,3,2,1,0,0,953,Canada,951,Romania,12/07/2024,19:00,13,10,35,22,0,0,1146,TD Place,-1,NA,1,2023,13,13,Outside Centre,0,,0,,1000761,Hollie Davidson,1001076,Kat Roche,1001022,Luke Rogan,-1,,3,International,N,L
69,941540,64048,Talon McMullin,953,Canada,47.44,50.20,50,1,62,13,0,0,23,Ruck,0,,401,Won Outright,550,Equal to Previous  Gainline,554,2-3 Seconds,664,Close Right Open Movement Ruck,0,,0,,0,,0,,0,,0,0,1,5,,3,2,1,0,0,953,Canada,951,Romania,12/07/2024,19:00,13,10,35,22,0,0,1146,TD Place,-1,NA,1,2023,12,12,Inside Centre,0,,0,,1000761,Hollie Davidson,1001076,Kat Roche,1001022,Luke Rogan,-1,,3,International,Y,W
70,941540,28377,Andrew Coe,953,Canada,48.76,48.76,52,1,62,13,0,0,43,Ruck OOA,574,Secured,583,Own Team 1st Entry,588,OOA Entry 1st Entry- Att,632,Attacking OOA,0,1,0,,0,,0,,0,,0,,0,0,0,0,,3,2,1,0,0,953,Canada,951,Romania,12/07/2024,19:00,13,10,35,22,0,0,1146,TD Place,-1,NA,1,2023,14,14,Right Wing,0,,0,,1000761,Hollie Davidson,1001076,Kat Roche,1001022,Luke Rogan,-1,,3,International,Y,W
71,941540,38501,Nic Benn,953,Canada,48.92,48.92,52,1,62,13,0,0,43,Ruck OOA,574,Secured,584,Own Team 2nd Entry,589,OOA Entry 2nd Entry- Att,632,Attacking OOA,0,2,0,,0,,0,,0,,0,,0,0,0,0,,3,2,1,0,0,953,Canada,951,Romania,12/07/2024,19:00,13,10,35,22,0,0,1146,TD Place,-1,NA,1,2023,11,11,Left Wing,0,,0,,1000761,Hollie Davidson,1001076,Kat Roche,1001022,Luke Rogan,-1,,3,International,Y,W
72,941540,38159,Jason Higgins,953,Canada,50.20,50.20,53,1,62,13,0,0,18,Collection,631,General Catch,0,,0,,0,,0,,0,,0,,0,,0,,0,,0,0,0,0,,4,2,1,0,0,953,Canada,951,Romania,12/07/2024,19:00,13,10,35,22,0,0,1146,TD Place,-1,NA,1,2023,09,9,Scrum Half,0,,0,,1000761,Hollie Davidson,1001076,Kat Roche,1001022,Luke Rogan,-1,,3,International,Y,W
73,941540,38159,Jason Higgins,953,Canada,50.20,50.20,53,1,62,13,0,0,47,Playmaker Options,671,Halfback at Breakdown,675,Playmaker Option - Pass,0,,0,,0,,0,,0,,0,,0,,0,,0,0,0,0,,4,2,1,0,0,953,Canada,951,Romania,12/07/2024,19:00,13,10,35,22,0,0,1146,TD Place,-1,NA,1,2023,09,9,Scrum Half,0,,0,,1000761,Hollie Davidson,1001076,Kat Roche,1001022,Luke Rogan,-1,,3,International,Y,W
74,941540,38159,Jason Higgins,953,Canada,50.68,52.00,54,1,62,13,60,19,3,Pass,169,Complete,0,,686,Medium Pass,682,Right Pass,700,0th Receiver,0,,0,,0,,0,,0,,5,6,3,0,,4,2,1,0,0,953,Canada,951,Romania,12/07/2024,19:00,13,10,35,22,0,0,1146,TD Place,-1,NA,1,2023,09,9,Scrum Half,0,,0,,1000761,Hollie Davidson,1001076,Kat Roche,1001022,Luke Rogan,-1,,3,International,Y,W
75,941540,29377,Liam Murray,953,Canada,52.00,52.00,55,1,60,19,0,0,18,Collection,631,General Catch,0,,0,,0,,0,,0,,0,,0,,0,,0,,0,0,0,0,,4,2,1,0,0,953,Canada,951,Romania,12/07/2024,19:00,13,10,35,22,0,0,1146,TD Place,-1,NA,1,2023,01,1,Loosehead Prop,0,,0,,1000761,Hollie Davidson,1001076,Kat Roche,1001022,Luke Rogan,-1,,3,International,Y,W
76,941540,29377,Liam Murray,953,Canada,52.00,52.00,55,1,60,19,0,0,47,Playmaker Options,656,First Receiver,673,Playmaker Option - Carry,0,,0,,0,,0,,0,,0,,0,,0,,0,0,0,0,,4,2,1,0,0,953,Canada,951,Romania,12/07/2024,19:00,13,10,35,22,0,0,1146,TD Place,-1,NA,1,2023,01,1,Loosehead Prop,0,,0,,1000761,Hollie Davidson,1001076,Kat Roche,1001022,Luke Rogan,-1,,3,International,Y,W
77,941540,29377,Liam Murray,953,Canada,52.00,53.32,55,1,60,19,63,18,1,Carry,101,One Out Drive,108,Tackled Neutral,109,Crossed Gain line,461,Neutral Contact,502,2 Tacklers Committed,701,1st Receiver,0,,0,,0,,0,,1,4,1,1,,4,2,1,0,0,953,Canada,951,Romania,12/07/2024,19:00,13,10,35,22,0,0,1146,TD Place,-1,NA,1,2023,01,1,Loosehead Prop,0,,0,,1000761,Hollie Davidson,1001076,Kat Roche,1001022,Luke Rogan,-1,,3,International,Y,W
78,941540,23278,Andrei Mahu,951,Romania,52.32,52.32,55,1,38,49,0,0,2,Tackle,144,Line,153,Complete,0,,474,Neutral Tackle,708,1st Tackler,0,,0,,0,,0,,0,,0,0,0,0,,4,2,1,0,0,953,Canada,951,Romania,12/07/2024,19:00,13,10,35,22,0,0,1146,TD Place,-1,NA,1,2023,05,5,Lock (5),0,,0,,1000761,Hollie Davidson,1001076,Kat Roche,1001022,Luke Rogan,-1,,3,International,N,L
79,941540,39780,Stefan Buruiana,951,Romania,53.00,53.00,56,1,38,49,0,0,2,Tackle,144,Line,153,Complete,441,Assist,474,Neutral Tackle,709,2nd Tackler,0,,0,,0,,0,,0,,0,0,0,0,,4,2,1,0,0,953,Canada,951,Romania,12/07/2024,19:00,13,10,35,22,0,0,1146,TD Place,-1,NA,1,2023,02,2,Hooker,0,,0,,1000761,Hollie Davidson,1001076,Kat Roche,1001022,Luke Rogan,-1,,3,International,N,L
80,941540,29377,Liam Murray,953,Canada,53.32,54.76,56,1,63,18,0,0,23,Ruck,0,,401,Won Outright,548,Over Previous Gainline,553,1-2 Seconds,662,Mid Right Open Movement Ruck,0,,0,,0,,0,,0,,0,0,-8,18,,4,2,1,0,0,953,Canada,951,Romania,12/07/2024,19:00,13,10,35,22,0,0,1146,TD Place,-1,NA,1,2023,01,1,Loosehead Prop,0,,0,,1000761,Hollie Davidson,1001076,Kat Roche,1001022,Luke Rogan,-1,,3,International,Y,W
81,941540,56146,Ethan Fryer,953,Canada,53.48,53.48,56,1,63,18,0,0,43,Ruck OOA,574,Secured,583,Own Team 1st Entry,588,OOA Entry 1st Entry- Att,632,Attacking OOA,0,1,0,,0,,0,,0,,0,,0,0,0,0,,4,2,1,0,0,953,Canada,951,Romania,12/07/2024,19:00,13,10,35,22,0,0,1146,TD Place,-1,NA,1,2023,07,7,Openside Flanker,0,,0,,1000761,Hollie Davidson,1001076,Kat Roche,1001022,Luke Rogan,-1,,3,International,Y,W
82,941540,25181,Kyle Baillie,953,Canada,53.60,53.60,56,1,63,18,0,0,43,Ruck OOA,574,Secured,584,Own Team 2nd Entry,589,OOA Entry 2nd Entry- Att,632,Attacking OOA,0,2,0,,0,,0,,0,,0,,0,0,0,0,,4,2,1,0,0,953,Canada,951,Romania,12/07/2024,19:00,13,10,35,22,0,0,1146,TD Place,-1,NA,1,2023,05,5,Lock (5),0,,0,,1000761,Hollie Davidson,1001076,Kat Roche,1001022,Luke Rogan,-1,,3,International,Y,W
83,941540,38159,Jason Higgins,953,Canada,54.76,54.76,58,1,63,18,0,0,18,Collection,631,General Catch,0,,0,,0,,0,,0,,0,,0,,0,,0,,0,0,0,0,,5,2,1,0,0,953,Canada,951,Romania,12/07/2024,19:00,13,10,35,22,0,0,1146,TD Place,-1,NA,1,2023,09,9,Scrum Half,0,,0,,1000761,Hollie Davidson,1001076,Kat Roche,1001022,Luke Rogan,-1,,3,International,Y,W
84,941540,38159,Jason Higgins,953,Canada,54.76,54.76,58,1,63,18,0,0,47,Playmaker Options,671,Halfback at Breakdown,675,Playmaker Option - Pass,0,,0,,0,,0,,0,,0,,0,,0,,0,0,0,0,,5,2,1,0,0,953,Canada,951,Romania,12/07/2024,19:00,13,10,35,22,0,0,1146,TD Place,-1,NA,1,2023,09,9,Scrum Half,0,,0,,1000761,Hollie Davidson,1001076,Kat Roche,1001022,Luke Rogan,-1,,3,International,Y,W
85,941540,38159,Jason Higgins,953,Canada,55.20,56.60,58,1,63,18,58,29,3,Pass,169,Complete,0,,686,Medium Pass,682,Right Pass,700,0th Receiver,0,,0,,0,,0,,0,,11,12,5,0,,5,2,1,0,0,953,Canada,951,Romania,12/07/2024,19:00,13,10,35,22,0,0,1146,TD Place,-1,NA,1,2023,09,9,Scrum Half,0,,0,,1000761,Hollie Davidson,1001076,Kat Roche,1001022,Luke Rogan,-1,,3,International,Y,W
86,941540,19391,Peter Nelson,953,Canada,56.60,56.60,59,1,58,29,0,0,18,Collection,631,General Catch,0,,0,,0,,0,,0,,0,,0,,0,,0,,0,0,0,0,,5,2,1,0,0,953,Canada,951,Romania,12/07/2024,19:00,13,10,35,22,0,0,1146,TD Place,-1,NA,1,2023,10,10,Fly Half,0,,0,,1000761,Hollie Davidson,1001076,Kat Roche,1001022,Luke Rogan,-1,,3,International,Y,W
87,941540,19391,Peter Nelson,953,Canada,56.60,56.60,59,1,58,29,0,0,47,Playmaker Options,656,First Receiver,675,Playmaker Option - Pass,0,,0,,0,,0,,0,,0,,0,,0,,0,0,0,0,,5,2,1,0,0,953,Canada,951,Romania,12/07/2024,19:00,13,10,35,22,0,0,1146,TD Place,-1,NA,1,2023,10,10,Fly Half,0,,0,,1000761,Hollie Davidson,1001076,Kat Roche,1001022,Luke Rogan,-1,,3,International,Y,W
88,941540,19391,Peter Nelson,953,Canada,56.64,57.28,100,1,59,31,56,34,3,Pass,169,Complete,0,,679,Short Pass,682,Right Pass,701,1st Receiver,0,,0,,0,,0,,0,,3,5,3,0,,5,2,1,0,0,953,Canada,951,Romania,12/07/2024,19:00,13,10,35,22,0,0,1146,TD Place,-1,NA,1,2023,10,10,Fly Half,0,,0,,1000761,Hollie Davidson,1001076,Kat Roche,1001022,Luke Rogan,-1,,3,International,Y,W
89,941540,25189,Andrew Quattrin,953,Canada,57.28,57.28,100,1,56,34,0,0,18,Collection,631,General Catch,0,,0,,0,,0,,0,,0,,0,,0,,0,,0,0,0,0,,5,2,1,0,0,953,Canada,951,Romania,12/07/2024,19:00,13,10,35,22,0,0,1146,TD Place,-1,NA,1,2023,02,2,Hooker,0,,0,,1000761,Hollie Davidson,1001076,Kat Roche,1001022,Luke Rogan,-1,,3,International,Y,W
90,941540,25189,Andrew Quattrin,953,Canada,57.28,57.28,100,1,56,34,0,0,47,Playmaker Options,657,Second Receiver,673,Playmaker Option - Carry,0,,0,,0,,0,,0,,0,,0,,0,,0,0,0,0,,5,2,1,0,0,953,Canada,951,Romania,12/07/2024,19:00,13,10,35,22,0,0,1146,TD Place,-1,NA,1,2023,02,2,Hooker,0,,0,,1000761,Hollie Davidson,1001076,Kat Roche,1001022,Luke Rogan,-1,,3,International,Y,W
91,941540,25189,Andrew Quattrin,953,Canada,57.28,59.48,100,1,56,34,55,35,1,Carry,103,Other Carry,409,Tackled Ineffective,111,Failed Gain line,462,Ineffective Contact,502,2 Tacklers Committed,702,2nd Receiver,0,,0,,0,,0,,0,0,0,0,,5,2,1,0,0,953,Canada,951,Romania,12/07/2024,19:00,13,10,35,22,0,0,1146,TD Place,-1,NA,1,2023,02,2,Hooker,0,,0,,1000761,Hollie Davidson,1001076,Kat Roche,1001022,Luke Rogan,-1,,3,International,Y,W
92,941540,34051,Iulian Hartig,951,Romania,57.36,57.36,100,1,43,33,0,0,2,Tackle,144,Line,159,Sack,0,,473,Dominant Tackle,708,1st Tackler,0,,0,,0,,0,,0,,0,0,0,0,,5,2,1,0,0,953,Canada,951,Romania,12/07/2024,19:00,13,10,35,22,0,0,1146,TD Place,-1,NA,1,2023,01,1,Loosehead Prop,0,,0,,1000761,Hollie Davidson,1001076,Kat Roche,1001022,Luke Rogan,-1,,3,International,N,L
93,941540,63895,Yanis Horvat,951,Romania,58.72,58.72,102,1,43,33,0,0,2,Tackle,144,Line,159,Sack,441,Assist,473,Dominant Tackle,709,2nd Tackler,0,,0,,0,,0,,0,,0,0,0,0,,5,2,1,0,0,953,Canada,951,Romania,12/07/2024,19:00,13,10,35,22,0,0,1146,TD Place,-1,NA,1,2023,04,4,Lock (4),0,,0,,1000761,Hollie Davidson,1001076,Kat Roche,1001022,Luke Rogan,-1,,3,International,N,L
94,941540,25189,Andrew Quattrin,953,Canada,59.48,62.08,102,1,55,35,0,0,23,Ruck,0,,401,Won Outright,549,Behind Previous Gainline,554,2-3 Seconds,662,Mid Right Open Movement Ruck,0,,0,,0,,0,,0,,0,0,6,27,,5,2,1,0,0,953,Canada,951,Romania,12/07/2024,19:00,13,10,35,22,0,0,1146,TD Place,-1,NA,1,2023,02,2,Hooker,0,,0,,1000761,Hollie Davidson,1001076,Kat Roche,1001022,Luke Rogan,-1,,3,International,Y,W
95,941540,29383,Conor Young,953,Canada,60.96,60.96,104,1,55,35,0,0,43,Ruck OOA,574,Secured,583,Own Team 1st Entry,588,OOA Entry 1st Entry- Att,632,Attacking OOA,0,1,0,,0,,0,,0,,0,,0,0,0,0,,5,2,1,0,0,953,Canada,951,Romania,12/07/2024,19:00,13,10,35,22,0,0,1146,TD Place,-1,NA,1,2023,03,3,Tighthead Prop,0,,0,,1000761,Hollie Davidson,1001076,Kat Roche,1001022,Luke Rogan,-1,,3,International,Y,W
96,941540,27090,Conor Keys,953,Canada,61.04,61.04,104,1,55,35,0,0,43,Ruck OOA,574,Secured,584,Own Team 2nd Entry,589,OOA Entry 2nd Entry- Att,632,Attacking OOA,0,2,0,,0,,0,,0,,0,,0,0,0,0,,5,2,1,0,0,953,Canada,951,Romania,12/07/2024,19:00,13,10,35,22,0,0,1146,TD Place,-1,NA,1,2023,04,4,Lock (4),0,,0,,1000761,Hollie Davidson,1001076,Kat Roche,1001022,Luke Rogan,-1,,3,International,Y,W
97,941540,33151,Vlad Neculau,951,Romania,61.32,61.32,104,1,45,33,0,0,43,Ruck OOA,577,Not Clearing,583,Own Team 1st Entry,603,OOA Entry 1st Entry- Def,633,Defensive OOA,0,1,0,,0,,0,,0,,0,,0,0,0,0,,5,2,1,0,0,953,Canada,951,Romania,12/07/2024,19:00,13,10,35,22,0,0,1146,TD Place,-1,NA,1,2023,06,6,Blindside Flanker,0,,0,,1000761,Hollie Davidson,1001076,Kat Roche,1001022,Luke Rogan,-1,,3,International,N,L
98,941540,34051,Iulian Hartig,951,Romania,61.36,61.36,104,1,45,33,0,0,43,Ruck OOA,577,Not Clearing,584,Own Team 2nd Entry,604,OOA Entry 2nd Entry- Def,633,Defensive OOA,0,2,0,,0,,0,,0,,0,,0,0,0,0,,5,2,1,0,0,953,Canada,951,Romania,12/07/2024,19:00,13,10,35,22,0,0,1146,TD Place,-1,NA,1,2023,01,1,Loosehead Prop,0,,0,,1000761,Hollie Davidson,1001076,Kat Roche,1001022,Luke Rogan,-1,,3,International,N,L
99,941540,38159,Jason Higgins,953,Canada,62.08,62.08,105,1,55,35,0,0,18,Collection,631,General Catch,0,,0,,0,,0,,0,,0,,0,,0,,0,,0,0,0,0,,6,2,1,0,0,953,Canada,951,Romania,12/07/2024,19:00,13,10,35,22,0,0,1146,TD Place,-1,NA,1,2023,09,9,Scrum Half,0,,0,,1000761,Hollie Davidson,1001076,Kat Roche,1001022,Luke Rogan,-1,,3,International,Y,W
100,941540,38159,Jason Higgins,953,Canada,62.08,62.08,105,1,55,35,0,0,47,Playmaker Options,671,Halfback at Breakdown,675,Playmaker Option - Pass,0,,0,,0,,0,,0,,0,,0,,0,,0,0,0,0,,6,2,1,0,0,953,Canada,951,Romania,12/07/2024,19:00,13,10,35,22,0,0,1146,TD Place,-1,NA,1,2023,09,9,Scrum Half,0,,0,,1000761,Hollie Davidson,1001076,Kat Roche,1001022,Luke Rogan,-1,,3,International,Y,W
101,941540,38159,Jason Higgins,953,Canada,62.84,64.64,106,1,55,35,52,45,3,Pass,169,Complete,0,,686,Medium Pass,682,Right Pass,700,0th Receiver,0,,0,,0,,0,,0,,11,11,3,0,,6,2,1,0,0,953,Canada,951,Romania,12/07/2024,19:00,13,10,35,22,0,0,1146,TD Place,-1,NA,1,2023,09,9,Scrum Half,0,,0,,1000761,Hollie Davidson,1001076,Kat Roche,1001022,Luke Rogan,-1,,3,International,Y,W
102,941540,25183,Lucas Rumball,953,Canada,64.64,64.64,108,1,52,45,0,0,18,Collection,631,General Catch,0,,0,,0,,0,,0,,0,,0,,0,,0,,0,0,0,0,,6,2,1,0,0,953,Canada,951,Romania,12/07/2024,19:00,13,10,35,22,0,0,1146,TD Place,-1,NA,1,2023,08,8,Number 8,0,,0,,1000761,Hollie Davidson,1001076,Kat Roche,1001022,Luke Rogan,-1,,3,International,Y,W
103,941540,25183,Lucas Rumball,953,Canada,64.64,64.64,108,1,52,45,0,0,47,Playmaker Options,656,First Receiver,675,Playmaker Option - Pass,0,,0,,0,,0,,0,,0,,0,,0,,0,0,0,0,,6,2,1,0,0,953,Canada,951,Romania,12/07/2024,19:00,13,10,35,22,0,0,1146,TD Place,-1,NA,1,2023,08,8,Number 8,0,,0,,1000761,Hollie Davidson,1001076,Kat Roche,1001022,Luke Rogan,-1,,3,International,Y,W
104,941540,25183,Lucas Rumball,953,Canada,64.68,66.12,108,1,53,48,49,52,3,Pass,169,Complete,0,,679,Short Pass,682,Right Pass,701,1st Receiver,0,,0,,0,,0,,0,,4,6,4,0,,6,2,1,0,0,953,Canada,951,Romania,12/07/2024,19:00,13,10,35,22,0,0,1146,TD Place,-1,NA,1,2023,08,8,Number 8,0,,0,,1000761,Hollie Davidson,1001076,Kat Roche,1001022,Luke Rogan,-1,,3,International,Y,W
105,941540,19391,Peter Nelson,953,Canada,66.12,66.12,109,1,49,52,0,0,18,Collection,631,General Catch,0,,0,,0,,0,,0,,0,,0,,0,,0,,0,0,0,0,,6,2,1,0,0,953,Canada,951,Romania,12/07/2024,19:00,13,10,35,22,0,0,1146,TD Place,-1,NA,1,2023,10,10,Fly Half,0,,0,,1000761,Hollie Davidson,1001076,Kat Roche,1001022,Luke Rogan,-1,,3,International,Y,W
106,941540,19391,Peter Nelson,953,Canada,66.12,66.12,109,1,49,52,0,0,47,Playmaker Options,657,Second Receiver,675,Playmaker Option - Pass,0,,0,,0,,0,,0,,0,,0,,0,,0,0,0,0,,6,2,1,0,0,953,Canada,951,Romania,12/07/2024,19:00,13,10,35,22,0,0,1146,TD Place,-1,NA,1,2023,10,10,Fly Half,0,,0,,1000761,Hollie Davidson,1001076,Kat Roche,1001022,Luke Rogan,-1,,3,International,Y,W
107,941540,19391,Peter Nelson,953,Canada,66.16,67.20,109,1,53,53,52,64,3,Pass,169,Complete,0,,686,Medium Pass,682,Right Pass,702,2nd Receiver,0,,0,,0,,0,,0,,11,11,1,0,,6,2,1,0,0,953,Canada,951,Romania,12/07/2024,19:00,13,10,35,22,0,0,1146,TD Place,-1,NA,1,2023,10,10,Fly Half,0,,0,,1000761,Hollie Davidson,1001076,Kat Roche,1001022,Luke Rogan,-1,,3,International,Y,W
108,941540,38465,Mason Flesch,953,Canada,67.20,67.20,110,1,52,64,0,0,18,Collection,631,General Catch,0,,0,,0,,0,,0,,0,,0,,0,,0,,0,0,0,0,,6,2,1,0,0,953,Canada,951,Romania,12/07/2024,19:00,13,10,35,22,0,0,1146,TD Place,-1,NA,1,2023,06,6,Blindside Flanker,0,,0,,1000761,Hollie Davidson,1001076,Kat Roche,1001022,Luke Rogan,-1,,3,International,Y,W
109,941540,38465,Mason Flesch,953,Canada,67.20,67.20,110,1,52,64,0,0,47,Playmaker Options,658,Third Receiver,673,Playmaker Option - Carry,0,,0,,0,,0,,0,,0,,0,,0,,0,0,0,0,,6,2,1,0,0,953,Canada,951,Romania,12/07/2024,19:00,13,10,35,22,0,0,1146,TD Place,-1,NA,1,2023,06,6,Blindside Flanker,0,,0,,1000761,Hollie Davidson,1001076,Kat Roche,1001022,Luke Rogan,-1,,3,International,Y,W
110,941540,38465,Mason Flesch,953,Canada,67.20,69.32,110,1,52,64,61,61,1,Carry,103,Other Carry,108,Tackled Neutral,109,Crossed Gain line,461,Neutral Contact,501,1 Tacklers Committed,703,3rd Receiver,0,,0,,0,,0,,6,9,0,0,,6,2,1,0,0,953,Canada,951,Romania,12/07/2024,19:00,13,10,35,22,0,0,1146,TD Place,-1,NA,1,2023,06,6,Blindside Flanker,0,,0,,1000761,Hollie Davidson,1001076,Kat Roche,1001022,Luke Rogan,-1,,3,International,Y,W
111,941540,27035,Marius Simionescu,951,Romania,67.36,67.36,110,1,39,5,0,0,2,Tackle,146,Edge,153,Complete,0,,474,Neutral Tackle,708,1st Tackler,0,,0,,0,,0,,0,,0,0,0,0,,6,2,1,0,0,953,Canada,951,Romania,12/07/2024,19:00,13,10,35,22,0,0,1146,TD Place,-1,NA,1,2023,14,14,Right Wing,0,,0,,1000761,Hollie Davidson,1001076,Kat Roche,1001022,Luke Rogan,-1,,3,International,N,L
112,941540,38465,Mason Flesch,953,Canada,69.32,73.08,112,1,61,61,0,0,23,Ruck,0,,401,Won Outright,548,Over Previous Gainline,555,3-4 Seconds,663,Close Left Open Movement Ruck,0,,0,,0,,0,,0,,0,0,-1,9,,6,2,1,0,0,953,Canada,951,Romania,12/07/2024,19:00,13,10,35,22,0,0,1146,TD Place,-1,NA,1,2023,06,6,Blindside Flanker,0,,0,,1000761,Hollie Davidson,1001076,Kat Roche,1001022,Luke Rogan,-1,,3,International,Y,W
113,941540,25195,Ben LeSage,953,Canada,69.80,69.80,113,1,61,61,0,0,43,Ruck OOA,574,Secured,583,Own Team 1st Entry,588,OOA Entry 1st Entry- Att,632,Attacking OOA,0,1,0,,0,,0,,0,,0,,0,0,0,0,,6,2,1,0,0,953,Canada,951,Romania,12/07/2024,19:00,13,10,35,22,0,0,1146,TD Place,-1,NA,1,2023,13,13,Outside Centre,0,,0,,1000761,Hollie Davidson,1001076,Kat Roche,1001022,Luke Rogan,-1,,3,International,Y,W
114,941540,33642,Cooper Coats,953,Canada,70.12,70.12,113,1,61,61,0,0,43,Ruck OOA,574,Secured,584,Own Team 2nd Entry,589,OOA Entry 2nd Entry- Att,632,Attacking OOA,0,2,0,,0,,0,,0,,0,,0,0,0,0,,6,2,1,0,0,953,Canada,951,Romania,12/07/2024,19:00,13,10,35,22,0,0,1146,TD Place,-1,NA,1,2023,15,15,Full Back,0,,0,,1000761,Hollie Davidson,1001076,Kat Roche,1001022,Luke Rogan,-1,,3,International,Y,W
115,941540,25183,Lucas Rumball,953,Canada,70.48,70.48,113,1,61,61,0,0,43,Ruck OOA,574,Secured,585,Own Team 3rd Entry,590,OOA Entry 3rd Entry- Att,632,Attacking OOA,0,3,0,,0,,0,,0,,0,,0,0,0,0,,6,2,1,0,0,953,Canada,951,Romania,12/07/2024,19:00,13,10,35,22,0,0,1146,TD Place,-1,NA,1,2023,08,8,Number 8,0,,0,,1000761,Hollie Davidson,1001076,Kat Roche,1001022,Luke Rogan,-1,,3,International,Y,W
116,941540,38159,Jason Higgins,953,Canada,73.08,73.08,116,1,61,61,0,0,18,Collection,631,General Catch,0,,0,,0,,0,,0,,0,,0,,0,,0,,0,0,0,0,,7,2,1,0,0,953,Canada,951,Romania,12/07/2024,19:00,13,10,35,22,0,0,1146,TD Place,-1,NA,1,2023,09,9,Scrum Half,0,,0,,1000761,Hollie Davidson,1001076,Kat Roche,1001022,Luke Rogan,-1,,3,International,Y,W
117,941540,38159,Jason Higgins,953,Canada,73.08,73.08,116,1,61,61,0,0,47,Playmaker Options,671,Halfback at Breakdown,675,Playmaker Option - Pass,0,,0,,0,,0,,0,,0,,0,,0,,0,0,0,0,,7,2,1,0,0,953,Canada,951,Romania,12/07/2024,19:00,13,10,35,22,0,0,1146,TD Place,-1,NA,1,2023,09,9,Scrum Half,0,,0,,1000761,Hollie Davidson,1001076,Kat Roche,1001022,Luke Rogan,-1,,3,International,Y,W
118,941540,38159,Jason Higgins,953,Canada,73.68,74.84,117,1,61,61,59,57,3,Pass,169,Complete,0,,679,Short Pass,681,Left Pass,700,0th Receiver,0,,0,,0,,0,,0,,5,5,2,0,,7,2,1,0,0,953,Canada,951,Romania,12/07/2024,19:00,13,10,35,22,0,0,1146,TD Place,-1,NA,1,2023,09,9,Scrum Half,0,,0,,1000761,Hollie Davidson,1001076,Kat Roche,1001022,Luke Rogan,-1,,3,International,Y,W
119,941540,25189,Andrew Quattrin,953,Canada,74.84,74.84,118,1,59,57,0,0,18,Collection,631,General Catch,0,,0,,0,,0,,0,,0,,0,,0,,0,,0,0,0,0,,7,2,1,0,0,953,Canada,951,Romania,12/07/2024,19:00,13,10,35,22,0,0,1146,TD Place,-1,NA,1,2023,02,2,Hooker,0,,0,,1000761,Hollie Davidson,1001076,Kat Roche,1001022,Luke Rogan,-1,,3,International,Y,W
120,941540,25189,Andrew Quattrin,953,Canada,74.84,74.84,118,1,59,57,0,0,47,Playmaker Options,656,First Receiver,673,Playmaker Option - Carry,0,,0,,0,,0,,0,,0,,0,,0,,0,0,0,0,,7,2,1,0,0,953,Canada,951,Romania,12/07/2024,19:00,13,10,35,22,0,0,1146,TD Place,-1,NA,1,2023,02,2,Hooker,0,,0,,1000761,Hollie Davidson,1001076,Kat Roche,1001022,Luke Rogan,-1,,3,International,Y,W
121,941540,25189,Andrew Quattrin,953,Canada,74.84,76.52,118,1,59,57,60,53,1,Carry,101,One Out Drive,108,Tackled Neutral,111,Failed Gain line,461,Neutral Contact,501,1 Tacklers Committed,701,1st Receiver,0,,0,,0,,0,,0,1,1,1,,7,2,1,0,0,953,Canada,951,Romania,12/07/2024,19:00,13,10,35,22,0,0,1146,TD Place,-1,NA,1,2023,02,2,Hooker,0,,0,,1000761,Hollie Davidson,1001076,Kat Roche,1001022,Luke Rogan,-1,,3,International,Y,W
122,941540,23278,Andrei Mahu,951,Romania,76.28,76.28,119,1,41,15,0,0,2,Tackle,144,Line,153,Complete,0,,474,Neutral Tackle,708,1st Tackler,0,,0,,0,,0,,0,,0,0,0,0,,7,2,1,0,0,953,Canada,951,Romania,12/07/2024,19:00,13,10,35,22,0,0,1146,TD Place,-1,NA,1,2023,05,5,Lock (5),0,,0,,1000761,Hollie Davidson,1001076,Kat Roche,1001022,Luke Rogan,-1,,3,International,N,L
123,941540,25189,Andrew Quattrin,953,Canada,76.52,78.88,119,1,60,53,0,0,23,Ruck,0,,401,Won Outright,549,Behind Previous Gainline,554,2-3 Seconds,670,Tight Right Blindside Movement Ruck,0,,0,,0,,0,,0,,0,0,0,0,,7,2,1,0,0,953,Canada,951,Romania,12/07/2024,19:00,13,10,35,22,0,0,1146,TD Place,-1,NA,1,2023,02,2,Hooker,0,,0,,1000761,Hollie Davidson,1001076,Kat Roche,1001022,Luke Rogan,-1,,3,International,Y,W
124,941540,27090,Conor Keys,953,Canada,77.36,77.36,120,1,60,53,0,0,43,Ruck OOA,574,Secured,583,Own Team 1st Entry,588,OOA Entry 1st Entry- Att,632,Attacking OOA,0,1,0,,0,,0,,0,,0,,0,0,0,0,,7,2,1,0,0,953,Canada,951,Romania,12/07/2024,19:00,13,10,35,22,0,0,1146,TD Place,-1,NA,1,2023,04,4,Lock (4),0,,0,,1000761,Hollie Davidson,1001076,Kat Roche,1001022,Luke Rogan,-1,,3,International,Y,W
125,941540,29383,Conor Young,953,Canada,77.88,77.88,121,1,60,53,0,0,43,Ruck OOA,574,Secured,584,Own Team 2nd Entry,589,OOA Entry 2nd Entry- Att,632,Attacking OOA,0,2,0,,0,,0,,0,,0,,0,0,0,0,,7,2,1,0,0,953,Canada,951,Romania,12/07/2024,19:00,13,10,35,22,0,0,1146,TD Place,-1,NA,1,2023,03,3,Tighthead Prop,0,,0,,1000761,Hollie Davidson,1001076,Kat Roche,1001022,Luke Rogan,-1,,3,International,Y,W
126,941540,34102,Vasile Balan,951,Romania,78.52,78.52,121,1,40,15,0,0,43,Ruck OOA,577,Not Clearing,583,Own Team 1st Entry,603,OOA Entry 1st Entry- Def,633,Defensive OOA,0,1,0,,0,,0,,0,,0,,0,0,0,0,,7,2,1,0,0,953,Canada,951,Romania,12/07/2024,19:00,13,10,35,22,0,0,1146,TD Place,-1,NA,1,2023,03,3,Tighthead Prop,0,,0,,1000761,Hollie Davidson,1001076,Kat Roche,1001022,Luke Rogan,-1,,3,International,N,L
127,941540,38159,Jason Higgins,953,Canada,78.88,78.88,122,1,60,53,0,0,18,Collection,631,General Catch,0,,0,,0,,0,,0,,0,,0,,0,,0,,0,0,0,0,,8,2,1,0,0,953,Canada,951,Romania,12/07/2024,19:00,13,10,35,22,0,0,1146,TD Place,-1,NA,1,2023,09,9,Scrum Half,0,,0,,1000761,Hollie Davidson,1001076,Kat Roche,1001022,Luke Rogan,-1,,3,International,Y,W
128,941540,38159,Jason Higgins,953,Canada,78.88,78.88,122,1,60,53,0,0,47,Playmaker Options,671,Halfback at Breakdown,674,Playmaker Option - Kick,0,,0,,0,,0,,0,,0,,0,,0,,0,0,0,0,,8,2,1,0,0,953,Canada,951,Romania,12/07/2024,19:00,13,10,35,22,0,0,1146,TD Place,-1,NA,1,2023,09,9,Scrum Half,0,,0,,1000761,Hollie Davidson,1001076,Kat Roche,1001022,Luke Rogan,-1,,3,International,Y,W
129,941540,38159,Jason Higgins,953,Canada,79.80,82.72,123,1,60,53,85,62,4,Kick,346,Box,198,Caught Full,185,Kick in Play,0,,0,,0,,0,,0,,0,,0,,25,27,0,0,,8,2,1,0,0,953,Canada,951,Romania,12/07/2024,19:00,13,10,35,22,0,0,1146,TD Place,-1,NA,1,2023,09,9,Scrum Half,0,,0,,1000761,Hollie Davidson,1001076,Kat Roche,1001022,Luke Rogan,-1,,3,International,Y,W
130,941540,0,,953,Canada,0.00,82.96,126,1,49,33,85,62,26,Sequences,307,50m Restart,351,Kick in Play,0,,0,,0,,0,,0,,0,,0,,0,,36,0,0,0,,1,2,1,0,0,953,Canada,951,Romania,12/07/2024,19:00,13,10,35,22,0,0,1146,TD Place,-1,NA,1,2023,,,,0,,0,,1000761,Hollie Davidson,1001076,Kat Roche,1001022,Luke Rogan,-1,,3,International,Y,W
131,941540,0,,953,Canada,26.72,82.72,126,1,41,66,85,62,15,Possession,311,Kick Return,351,Kick in Play,0,,684,Fails to enter into Opposition 22,0,,0,,0,,0,,0,,0,,44,0,0,0,,8,2,1,0,0,953,Canada,951,Romania,12/07/2024,19:00,13,10,35,22,0,0,1146,TD Place,-1,NA,1,2023,,,,0,,0,,1000761,Hollie Davidson,1001076,Kat Roche,1001022,Luke Rogan,-1,,3,International,Y,W
132,941540,33463,Paul Popoaia,951,Romania,82.72,82.72,126,1,15,6,0,0,18,Collection,270,Mark,277,Success,0,,0,,0,,0,,0,,0,,0,,0,,0,0,0,0,,1,2,1,0,0,953,Canada,951,Romania,12/07/2024,19:00,13,10,35,22,0,0,1146,TD Place,-1,NA,1,2023,15,15,Full Back,0,,0,,1000761,Hollie Davidson,1001076,Kat Roche,1001022,Luke Rogan,-1,,3,International,N,L
133,941540,0,,951,Romania,82.72,82.72,126,1,15,6,0,0,45,Defensive Exits,630,Kicked out of 22,0,,0,,0,,0,,0,,0,,0,,0,,0,,0,0,0,0,,1,2,1,0,0,953,Canada,951,Romania,12/07/2024,19:00,13,10,35,22,0,0,1146,TD Place,-1,NA,1,2023,,,,0,,0,,1000761,Hollie Davidson,1001076,Kat Roche,1001022,Luke Rogan,-1,,3,International,N,L
134,941540,33463,Paul Popoaia,951,Romania,99.40,99.40,142,1,15,10,0,0,18,Collection,631,General Catch,0,,0,,0,,0,,0,,0,,0,,0,,0,,0,0,0,0,,1,2,2,0,0,953,Canada,951,Romania,12/07/2024,19:00,13,10,35,22,0,0,1146,TD Place,-1,NA,1,2023,15,15,Full Back,0,,0,,1000761,Hollie Davidson,1001076,Kat Roche,1001022,Luke Rogan,-1,,3,International,N,L
135,941540,33463,Paul Popoaia,951,Romania,99.44,102.12,142,1,15,10,41,0,4,Kick,347,Touch Kick,193,Kick in Touch (Full),186,Kick in Play (Own 22),0,,0,,0,,0,,0,,0,,0,,26,28,0,0,,1,2,2,0,0,953,Canada,951,Romania,12/07/2024,19:00,13,10,35,22,0,0,1146,TD Place,-1,NA,1,2023,15,15,Full Back,0,,0,,1000761,Hollie Davidson,1001076,Kat Roche,1001022,Luke Rogan,-1,,3,International,N,L
136,941540,0,,951,Romania,99.24,102.12,145,1,15,10,41,0,26,Sequences,312,Free Kick,315,Kick Out of Play,0,,0,,0,,0,,0,,0,,0,,0,,26,0,0,0,,1,2,2,0,0,953,Canada,951,Romania,12/07/2024,19:00,13,10,35,22,0,0,1146,TD Place,-1,NA,1,2023,,,,0,,0,,1000761,Hollie Davidson,1001076,Kat Roche,1001022,Luke Rogan,-1,,3,International,N,L
137,941540,25189,Andrew Quattrin,953,Canada,128.08,129.56,211,1,60,68,60,56,6,Lineout Throw,372,Throw Middle,376,Won Clean Catch,211,Off The Top,0,6,661,Mid Left Open Movement Lineout,731,6 Players,724,Halfback in Position,0,,0,,0,,13,0,2,20,,1,3,3,0,0,953,Canada,951,Romania,12/07/2024,19:00,13,10,35,22,0,0,1146,TD Place,-1,NA,1,2023,02,2,Hooker,0,,0,,1000761,Hollie Davidson,1001076,Kat Roche,1001022,Luke Rogan,-1,,3,International,Y,W
138,941540,25181,Kyle Baillie,953,Canada,129.56,129.56,212,1,60,56,0,0,27,Lineout Take,387,Lineout Win Middle,376,Won Clean,211,Off The Top,396,Clean Catch,0,,0,,0,,0,,0,,0,,0,0,0,0,,1,3,3,0,0,953,Canada,951,Romania,12/07/2024,19:00,13,10,35,22,0,0,1146,TD Place,-1,NA,1,2023,05,5,Lock (5),0,,0,,1000761,Hollie Davidson,1001076,Kat Roche,1001022,Luke Rogan,-1,,3,International,Y,W
139,941540,25181,Kyle Baillie,953,Canada,129.76,130.52,213,1,60,56,57,57,3,Pass,169,Complete,0,,679,Short Pass,682,Right Pass,700,0th Receiver,0,,0,,0,,0,,0,,1,3,3,0,,1,3,3,0,0,953,Canada,951,Romania,12/07/2024,19:00,13,10,35,22,0,0,1146,TD Place,-1,NA,1,2023,05,5,Lock (5),0,,0,,1000761,Hollie Davidson,1001076,Kat Roche,1001022,Luke Rogan,-1,,3,International,Y,W
140,941540,38159,Jason Higgins,953,Canada,130.52,130.52,213,1,57,57,0,0,18,Collection,631,General Catch,0,,0,,0,,0,,0,,0,,0,,0,,0,,0,0,0,0,,1,3,3,0,0,953,Canada,951,Romania,12/07/2024,19:00,13,10,35,22,0,0,1146,TD Place,-1,NA,1,2023,09,9,Scrum Half,0,,0,,1000761,Hollie Davidson,1001076,Kat Roche,1001022,Luke Rogan,-1,,3,International,Y,W
141,941540,38159,Jason Higgins,953,Canada,130.56,132.04,213,1,57,55,55,42,3,Pass,169,Complete,0,,686,Medium Pass,681,Left Pass,701,1st Receiver,0,,0,,0,,0,,0,,13,14,2,0,,1,3,3,0,0,953,Canada,951,Romania,12/07/2024,19:00,13,10,35,22,0,0,1146,TD Place,-1,NA,1,2023,09,9,Scrum Half,0,,0,,1000761,Hollie Davidson,1001076,Kat Roche,1001022,Luke Rogan,-1,,3,International,Y,W
142,941540,19391,Peter Nelson,953,Canada,132.04,132.04,215,1,55,42,0,0,18,Collection,631,General Catch,0,,0,,0,,0,,0,,0,,0,,0,,0,,0,0,0,0,,1,3,3,0,0,953,Canada,951,Romania,12/07/2024,19:00,13,10,35,22,0,0,1146,TD Place,-1,NA,1,2023,10,10,Fly Half,0,,0,,1000761,Hollie Davidson,1001076,Kat Roche,1001022,Luke Rogan,-1,,3,International,Y,W
143,941540,19391,Peter Nelson,953,Canada,132.08,133.24,215,1,56,42,56,34,3,Pass,169,Complete,0,,686,Medium Pass,681,Left Pass,702,2nd Receiver,0,,0,,0,,0,,0,,8,8,1,0,,1,3,3,0,0,953,Canada,951,Romania,12/07/2024,19:00,13,10,35,22,0,0,1146,TD Place,-1,NA,1,2023,10,10,Fly Half,0,,0,,1000761,Hollie Davidson,1001076,Kat Roche,1001022,Luke Rogan,-1,,3,International,Y,W
144,941540,64048,Talon McMullin,953,Canada,133.24,133.24,216,1,56,34,0,0,18,Collection,631,General Catch,0,,0,,0,,0,,0,,0,,0,,0,,0,,0,0,0,0,,1,3,3,0,0,953,Canada,951,Romania,12/07/2024,19:00,13,10,35,22,0,0,1146,TD Place,-1,NA,1,2023,12,12,Inside Centre,0,,0,,1000761,Hollie Davidson,1001076,Kat Roche,1001022,Luke Rogan,-1,,3,International,Y,W
145,941540,64048,Talon McMullin,953,Canada,133.24,134.80,216,1,56,34,62,37,1,Carry,103,Other Carry,107,Tackled Dominant,109,Crossed Gain line,460,Dominant Contact,503,3 Tacklers Committed,703,3rd Receiver,0,,0,,0,,0,,2,6,4,1,,1,3,3,0,0,953,Canada,951,Romania,12/07/2024,19:00,13,10,35,22,0,0,1146,TD Place,-1,NA,1,2023,12,12,Inside Centre,0,,0,,1000761,Hollie Davidson,1001076,Kat Roche,1001022,Luke Rogan,-1,,3,International,Y,W
146,941540,36759,Dragos Ser,951,Romania,133.36,133.36,216,1,42,32,0,0,2,Tackle,144,Line,161,Missed,0,,475,Ineffective Tackle,708,1st Tackler,0,,0,,0,,0,,0,,0,0,0,0,,1,3,3,0,0,953,Canada,951,Romania,12/07/2024,19:00,13,10,35,22,0,0,1146,TD Place,-1,NA,1,2023,07,7,Openside Flanker,0,,0,,1000761,Hollie Davidson,1001076,Kat Roche,1001022,Luke Rogan,-1,,3,International,N,L
147,941540,36759,Dragos Ser,951,Romania,133.36,133.36,216,1,42,32,0,0,12,Missed Tackle,163,Stepped,166,Tackled,0,,0,,0,,0,,0,,0,,0,,0,,0,0,0,0,,1,3,3,0,0,953,Canada,951,Romania,12/07/2024,19:00,13,10,35,22,0,0,1146,TD Place,-1,NA,1,2023,07,7,Openside Flanker,0,,0,,1000761,Hollie Davidson,1001076,Kat Roche,1001022,Luke Rogan,-1,,3,International,N,L
148,941540,64048,Talon McMullin,953,Canada,133.40,133.40,216,1,58,36,0,0,10,Attacking Qualities,116,Defender Beaten,0,,0,,0,,0,,0,,0,,0,,0,,0,,0,0,0,0,,1,3,3,0,0,953,Canada,951,Romania,12/07/2024,19:00,13,10,35,22,0,0,1146,TD Place,-1,NA,1,2023,12,12,Inside Centre,0,,0,,1000761,Hollie Davidson,1001076,Kat Roche,1001022,Luke Rogan,-1,,3,International,Y,W
149,941540,39780,Stefan Buruiana,951,Romania,134.52,134.52,217,1,40,31,0,0,2,Tackle,147,Other,160,Passive,441,Assist,475,Ineffective Tackle,709,2nd Tackler,0,,0,,0,,0,,0,,0,0,0,0,,1,3,3,0,0,953,Canada,951,Romania,12/07/2024,19:00,13,10,35,22,0,0,1146,TD Place,-1,NA,1,2023,02,2,Hooker,0,,0,,1000761,Hollie Davidson,1001076,Kat Roche,1001022,Luke Rogan,-1,,3,International,N,L
150,941540,27747,Hinckley Vaovasa,951,Romania,134.56,134.56,217,1,40,31,0,0,2,Tackle,144,Line,160,Passive,441,Assist,475,Ineffective Tackle,710,3rd Tackler,0,,0,,0,,0,,0,,0,0,0,0,,1,3,3,0,0,953,Canada,951,Romania,12/07/2024,19:00,13,10,35,22,0,0,1146,TD Place,-1,NA,1,2023,10,10,Fly Half,0,,0,,1000761,Hollie Davidson,1001076,Kat Roche,1001022,Luke Rogan,-1,,3,International,N,L
151,941540,64048,Talon McMullin,953,Canada,134.80,136.84,218,1,62,37,0,0,23,Ruck,0,,401,Won Outright,548,Over Previous Gainline,554,2-3 Seconds,661,Mid Left Open Movement Ruck,0,,0,,0,,0,,0,,0,0,7,17,,1,3,3,0,0,953,Canada,951,Romania,12/07/2024,19:00,13,10,35,22,0,0,1146,TD Place,-1,NA,1,2023,12,12,Inside Centre,0,,0,,1000761,Hollie Davidson,1001076,Kat Roche,1001022,Luke Rogan,-1,,3,International,Y,W
152,941540,25183,Lucas Rumball,953,Canada,135.72,135.72,219,1,62,37,0,0,43,Ruck OOA,574,Secured,583,Own Team 1st Entry,588,OOA Entry 1st Entry- Att,632,Attacking OOA,0,1,0,,0,,0,,0,,0,,0,0,0,0,,1,3,3,0,0,953,Canada,951,Romania,12/07/2024,19:00,13,10,35,22,0,0,1146,TD Place,-1,NA,1,2023,08,8,Number 8,0,,0,,1000761,Hollie Davidson,1001076,Kat Roche,1001022,Luke Rogan,-1,,3,International,Y,W
153,941540,25195,Ben LeSage,953,Canada,136.24,136.24,219,1,62,37,0,0,43,Ruck OOA,574,Secured,584,Own Team 2nd Entry,589,OOA Entry 2nd Entry- Att,632,Attacking OOA,0,2,0,,0,,0,,0,,0,,0,0,0,0,,1,3,3,0,0,953,Canada,951,Romania,12/07/2024,19:00,13,10,35,22,0,0,1146,TD Place,-1,NA,1,2023,13,13,Outside Centre,0,,0,,1000761,Hollie Davidson,1001076,Kat Roche,1001022,Luke Rogan,-1,,3,International,Y,W
154,941540,38159,Jason Higgins,953,Canada,136.84,136.84,220,1,62,37,0,0,18,Collection,631,General Catch,0,,0,,0,,0,,0,,0,,0,,0,,0,,0,0,0,0,,2,3,3,0,0,953,Canada,951,Romania,12/07/2024,19:00,13,10,35,22,0,0,1146,TD Place,-1,NA,1,2023,09,9,Scrum Half,0,,0,,1000761,Hollie Davidson,1001076,Kat Roche,1001022,Luke Rogan,-1,,3,International,Y,W
155,941540,38159,Jason Higgins,953,Canada,136.84,136.84,220,1,62,37,0,0,47,Playmaker Options,671,Halfback at Breakdown,675,Playmaker Option - Pass,0,,0,,0,,0,,0,,0,,0,,0,,0,0,0,0,,2,3,3,0,0,953,Canada,951,Romania,12/07/2024,19:00,13,10,35,22,0,0,1146,TD Place,-1,NA,1,2023,09,9,Scrum Half,0,,0,,1000761,Hollie Davidson,1001076,Kat Roche,1001022,Luke Rogan,-1,,3,International,Y,W
156,941540,38159,Jason Higgins,953,Canada,137.28,138.64,220,1,62,37,61,27,3,Pass,169,Complete,0,,686,Medium Pass,681,Left Pass,700,0th Receiver,0,,0,,0,,0,,0,,10,10,1,0,,2,3,3,0,0,953,Canada,951,Romania,12/07/2024,19:00,13,10,35,22,0,0,1146,TD Place,-1,NA,1,2023,09,9,Scrum Half,0,,0,,1000761,Hollie Davidson,1001076,Kat Roche,1001022,Luke Rogan,-1,,3,International,Y,W
157,941540,25189,Andrew Quattrin,953,Canada,138.64,138.64,222,1,61,27,0,0,18,Collection,631,General Catch,0,,0,,0,,0,,0,,0,,0,,0,,0,,0,0,0,0,,2,3,3,0,0,953,Canada,951,Romania,12/07/2024,19:00,13,10,35,22,0,0,1146,TD Place,-1,NA,1,2023,02,2,Hooker,0,,0,,1000761,Hollie Davidson,1001076,Kat Roche,1001022,Luke Rogan,-1,,3,International,Y,W
158,941540,25189,Andrew Quattrin,953,Canada,138.64,138.64,222,1,61,27,0,0,47,Playmaker Options,656,First Receiver,675,Playmaker Option - Pass,0,,0,,0,,0,,0,,0,,0,,0,,0,0,0,0,,2,3,3,0,0,953,Canada,951,Romania,12/07/2024,19:00,13,10,35,22,0,0,1146,TD Place,-1,NA,1,2023,02,2,Hooker,0,,0,,1000761,Hollie Davidson,1001076,Kat Roche,1001022,Luke Rogan,-1,,3,International,Y,W
159,941540,25189,Andrew Quattrin,953,Canada,138.68,139.96,222,1,62,27,61,24,3,Pass,169,Complete,0,,679,Short Pass,681,Left Pass,701,1st Receiver,0,,0,,0,,0,,0,,3,4,1,0,,2,3,3,0,0,953,Canada,951,Romania,12/07/2024,19:00,13,10,35,22,0,0,1146,TD Place,-1,NA,1,2023,02,2,Hooker,0,,0,,1000761,Hollie Davidson,1001076,Kat Roche,1001022,Luke Rogan,-1,,3,International,Y,W
160,941540,19391,Peter Nelson,953,Canada,139.96,139.96,223,1,61,24,0,0,18,Collection,631,General Catch,0,,0,,0,,0,,0,,0,,0,,0,,0,,0,0,0,0,,2,3,3,0,0,953,Canada,951,Romania,12/07/2024,19:00,13,10,35,22,0,0,1146,TD Place,-1,NA,1,2023,10,10,Fly Half,0,,0,,1000761,Hollie Davidson,1001076,Kat Roche,1001022,Luke Rogan,-1,,3,International,Y,W
161,941540,19391,Peter Nelson,953,Canada,139.96,139.96,223,1,61,24,0,0,47,Playmaker Options,657,Second Receiver,673,Playmaker Option - Carry,0,,0,,0,,0,,0,,0,,0,,0,,0,0,0,0,,2,3,3,0,0,953,Canada,951,Romania,12/07/2024,19:00,13,10,35,22,0,0,1146,TD Place,-1,NA,1,2023,10,10,Fly Half,0,,0,,1000761,Hollie Davidson,1001076,Kat Roche,1001022,Luke Rogan,-1,,3,International,Y,W
162,941540,19391,Peter Nelson,953,Canada,139.96,141.56,223,1,61,24,69,20,1,Carry,103,Other Carry,108,Tackled Neutral,109,Crossed Gain line,461,Neutral Contact,503,3 Tacklers Committed,702,2nd Receiver,0,,0,,0,,0,,6,8,6,2,,2,3,3,0,0,953,Canada,951,Romania,12/07/2024,19:00,13,10,35,22,0,0,1146,TD Place,-1,NA,1,2023,10,10,Fly Half,0,,0,,1000761,Hollie Davidson,1001076,Kat Roche,1001022,Luke Rogan,-1,,3,International,Y,W
163,941540,40389,Jason Tomane,951,Romania,140.28,140.28,223,1,37,43,0,0,2,Tackle,144,Line,161,Missed,0,,475,Ineffective Tackle,708,1st Tackler,0,,0,,0,,0,,0,,0,0,0,0,,2,3,3,0,0,953,Canada,951,Romania,12/07/2024,19:00,13,10,35,22,0,0,1146,TD Place,-1,NA,1,2023,12,12,Inside Centre,0,,0,,1000761,Hollie Davidson,1001076,Kat Roche,1001022,Luke Rogan,-1,,3,International,N,L
164,941540,40389,Jason Tomane,951,Romania,140.28,140.28,223,1,37,43,0,0,12,Missed Tackle,163,Stepped,166,Tackled,0,,0,,0,,0,,0,,0,,0,,0,,0,0,0,0,,2,3,3,0,0,953,Canada,951,Romania,12/07/2024,19:00,13,10,35,22,0,0,1146,TD Place,-1,NA,1,2023,12,12,Inside Centre,0,,0,,1000761,Hollie Davidson,1001076,Kat Roche,1001022,Luke Rogan,-1,,3,International,N,L
165,941540,19391,Peter Nelson,953,Canada,140.32,140.32,223,1,63,25,0,0,10,Attacking Qualities,116,Defender Beaten,0,,0,,0,,0,,0,,0,,0,,0,,0,,0,0,0,0,,2,3,3,0,0,953,Canada,951,Romania,12/07/2024,19:00,13,10,35,22,0,0,1146,TD Place,-1,NA,1,2023,10,10,Fly Half,0,,0,,1000761,Hollie Davidson,1001076,Kat Roche,1001022,Luke Rogan,-1,,3,International,Y,W
166,941540,60960,Mihai Graure,951,Romania,140.76,140.76,224,1,33,46,0,0,2,Tackle,144,Line,153,Complete,441,Assist,474,Neutral Tackle,709,2nd Tackler,0,,0,,0,,0,,0,,0,0,0,0,,2,3,3,0,0,953,Canada,951,Romania,12/07/2024,19:00,13,10,35,22,0,0,1146,TD Place,-1,NA,1,2023,13,13,Outside Centre,0,,0,,1000761,Hollie Davidson,1001076,Kat Roche,1001022,Luke Rogan,-1,,3,International,N,L
167,941540,34051,Iulian Hartig,951,Romania,141.32,141.32,224,1,33,46,0,0,2,Tackle,144,Line,153,Complete,441,Assist,474,Neutral Tackle,710,3rd Tackler,0,,0,,0,,0,,0,,0,0,0,0,,2,3,3,0,0,953,Canada,951,Romania,12/07/2024,19:00,13,10,35,22,0,0,1146,TD Place,-1,NA,1,2023,01,1,Loosehead Prop,0,,0,,1000761,Hollie Davidson,1001076,Kat Roche,1001022,Luke Rogan,-1,,3,International,N,L
168,941540,19391,Peter Nelson,953,Canada,141.56,143.52,224,1,69,20,0,0,23,Ruck,0,,401,Won Outright,548,Over Previous Gainline,553,1-2 Seconds,665,Close Left Blindside Movement Ruck,0,,0,,0,,0,,0,,0,0,8,10,,2,3,3,0,0,953,Canada,951,Romania,12/07/2024,19:00,13,10,35,22,0,0,1146,TD Place,-1,NA,1,2023,10,10,Fly Half,0,,0,,1000761,Hollie Davidson,1001076,Kat Roche,1001022,Luke Rogan,-1,,3,International,Y,W
169,941540,28377,Andrew Coe,953,Canada,142.92,142.92,226,1,69,20,0,0,43,Ruck OOA,574,Secured,583,Own Team 1st Entry,588,OOA Entry 1st Entry- Att,632,Attacking OOA,0,1,0,,0,,0,,0,,0,,0,0,0,0,,2,3,3,0,0,953,Canada,951,Romania,12/07/2024,19:00,13,10,35,22,0,0,1146,TD Place,-1,NA,1,2023,14,14,Right Wing,0,,0,,1000761,Hollie Davidson,1001076,Kat Roche,1001022,Luke Rogan,-1,,3,International,Y,W
170,941540,27090,Conor Keys,953,Canada,143.28,143.28,226,1,69,20,0,0,43,Ruck OOA,574,Secured,584,Own Team 2nd Entry,589,OOA Entry 2nd Entry- Att,632,Attacking OOA,0,2,0,,0,,0,,0,,0,,0,0,0,0,,2,3,3,0,0,953,Canada,951,Romania,12/07/2024,19:00,13,10,35,22,0,0,1146,TD Place,-1,NA,1,2023,04,4,Lock (4),0,,0,,1000761,Hollie Davidson,1001076,Kat Roche,1001022,Luke Rogan,-1,,3,International,Y,W
171,941540,25181,Kyle Baillie,953,Canada,143.36,143.36,226,1,69,20,0,0,43,Ruck OOA,574,Secured,585,Own Team 3rd Entry,590,OOA Entry 3rd Entry- Att,632,Attacking OOA,0,3,0,,0,,0,,0,,0,,0,0,0,0,,2,3,3,0,0,953,Canada,951,Romania,12/07/2024,19:00,13,10,35,22,0,0,1146,TD Place,-1,NA,1,2023,05,5,Lock (5),0,,0,,1000761,Hollie Davidson,1001076,Kat Roche,1001022,Luke Rogan,-1,,3,International,Y,W
172,941540,38159,Jason Higgins,953,Canada,143.52,143.52,226,1,69,20,0,0,18,Collection,631,General Catch,0,,0,,0,,0,,0,,0,,0,,0,,0,,0,0,0,0,,3,3,3,0,0,953,Canada,951,Romania,12/07/2024,19:00,13,10,35,22,0,0,1146,TD Place,-1,NA,1,2023,09,9,Scrum Half,0,,0,,1000761,Hollie Davidson,1001076,Kat Roche,1001022,Luke Rogan,-1,,3,International,Y,W
173,941540,38159,Jason Higgins,953,Canada,143.52,143.52,226,1,69,20,0,0,47,Playmaker Options,671,Halfback at Breakdown,675,Playmaker Option - Pass,0,,0,,0,,0,,0,,0,,0,,0,,0,0,0,0,,3,3,3,0,0,953,Canada,951,Romania,12/07/2024,19:00,13,10,35,22,0,0,1146,TD Place,-1,NA,1,2023,09,9,Scrum Half,0,,0,,1000761,Hollie Davidson,1001076,Kat Roche,1001022,Luke Rogan,-1,,3,International,Y,W
174,941540,38159,Jason Higgins,953,Canada,144.08,145.08,227,1,69,20,68,11,3,Pass,169,Complete,0,,686,Medium Pass,681,Left Pass,700,0th Receiver,0,,0,,0,,0,,0,,10,10,0,0,,3,3,3,0,0,953,Canada,951,Romania,12/07/2024,19:00,13,10,35,22,0,0,1146,TD Place,-1,NA,1,2023,09,9,Scrum Half,0,,0,,1000761,Hollie Davidson,1001076,Kat Roche,1001022,Luke Rogan,-1,,3,International,Y,W
175,941540,33642,Cooper Coats,953,Canada,145.08,145.08,228,1,68,11,0,0,18,Collection,631,General Catch,0,,0,,0,,0,,0,,0,,0,,0,,0,,0,0,0,0,,3,3,3,0,0,953,Canada,951,Romania,12/07/2024,19:00,13,10,35,22,0,0,1146,TD Place,-1,NA,1,2023,15,15,Full Back,0,,0,,1000761,Hollie Davidson,1001076,Kat Roche,1001022,Luke Rogan,-1,,3,International,Y,W
176,941540,33642,Cooper Coats,953,Canada,145.08,145.08,228,1,68,11,0,0,47,Playmaker Options,656,First Receiver,675,Playmaker Option - Pass,0,,0,,0,,0,,0,,0,,0,,0,,0,0,0,0,,3,3,3,0,0,953,Canada,951,Romania,12/07/2024,19:00,13,10,35,22,0,0,1146,TD Place,-1,NA,1,2023,15,15,Full Back,0,,0,,1000761,Hollie Davidson,1001076,Kat Roche,1001022,Luke Rogan,-1,,3,International,Y,W
177,941540,33642,Cooper Coats,953,Canada,145.12,146.04,228,1,71,10,70,13,3,Pass,169,Complete,0,,679,Short Pass,682,Right Pass,701,1st Receiver,0,,0,,0,,0,,0,,3,3,1,0,,3,3,3,0,0,953,Canada,951,Romania,12/07/2024,19:00,13,10,35,22,0,0,1146,TD Place,-1,NA,1,2023,15,15,Full Back,0,,0,,1000761,Hollie Davidson,1001076,Kat Roche,1001022,Luke Rogan,-1,,3,International,Y,W
178,941540,25195,Ben LeSage,953,Canada,146.04,146.04,229,1,70,13,0,0,18,Collection,631,General Catch,0,,0,,0,,0,,0,,0,,0,,0,,0,,0,0,0,0,,3,3,3,0,0,953,Canada,951,Romania,12/07/2024,19:00,13,10,35,22,0,0,1146,TD Place,-1,NA,1,2023,13,13,Outside Centre,0,,0,,1000761,Hollie Davidson,1001076,Kat Roche,1001022,Luke Rogan,-1,,3,International,Y,W
179,941540,25195,Ben LeSage,953,Canada,146.04,146.04,229,1,70,13,0,0,47,Playmaker Options,657,Second Receiver,673,Playmaker Option - Carry,0,,0,,0,,0,,0,,0,,0,,0,,0,0,0,0,,3,3,3,0,0,953,Canada,951,Romania,12/07/2024,19:00,13,10,35,22,0,0,1146,TD Place,-1,NA,1,2023,13,13,Outside Centre,0,,0,,1000761,Hollie Davidson,1001076,Kat Roche,1001022,Luke Rogan,-1,,3,International,Y,W
180,941540,25195,Ben LeSage,953,Canada,146.04,146.92,229,1,70,13,77,10,1,Carry,103,Other Carry,108,Tackled Neutral,109,Crossed Gain line,461,Neutral Contact,502,2 Tacklers Committed,702,2nd Receiver,0,,0,,0,,0,,6,7,2,2,,3,3,3,0,0,953,Canada,951,Romania,12/07/2024,19:00,13,10,35,22,0,0,1146,TD Place,-1,NA,1,2023,13,13,Outside Centre,0,,0,,1000761,Hollie Davidson,1001076,Kat Roche,1001022,Luke Rogan,-1,,3,International,Y,W
181,941540,34051,Iulian Hartig,951,Romania,146.52,146.52,229,1,26,57,0,0,2,Tackle,144,Line,153,Complete,0,,474,Neutral Tackle,708,1st Tackler,0,,0,,0,,0,,0,,0,0,0,0,,3,3,3,0,0,953,Canada,951,Romania,12/07/2024,19:00,13,10,35,22,0,0,1146,TD Place,-1,NA,1,2023,01,1,Loosehead Prop,0,,0,,1000761,Hollie Davidson,1001076,Kat Roche,1001022,Luke Rogan,-1,,3,International,N,L
182,941540,40389,Jason Tomane,951,Romania,146.84,146.84,230,1,26,57,0,0,2,Tackle,144,Line,153,Complete,441,Assist,474,Neutral Tackle,709,2nd Tackler,0,,0,,0,,0,,0,,0,0,0,0,,3,3,3,0,0,953,Canada,951,Romania,12/07/2024,19:00,13,10,35,22,0,0,1146,TD Place,-1,NA,1,2023,12,12,Inside Centre,0,,0,,1000761,Hollie Davidson,1001076,Kat Roche,1001022,Luke Rogan,-1,,3,International,N,L
183,941540,25195,Ben LeSage,953,Canada,146.92,149.80,230,1,77,10,0,0,23,Ruck,0,,401,Won Outright,548,Over Previous Gainline,554,2-3 Seconds,664,Close Right Open Movement Ruck,0,,0,,0,,0,,0,,0,0,0,7,,3,3,3,0,0,953,Canada,951,Romania,12/07/2024,19:00,13,10,35,22,0,0,1146,TD Place,-1,NA,1,2023,13,13,Outside Centre,0,,0,,1000761,Hollie Davidson,1001076,Kat Roche,1001022,Luke Rogan,-1,,3,International,Y,W
184,941540,40389,Jason Tomane,951,Romania,147.64,147.64,231,1,24,58,0,0,43,Ruck OOA,578,Got Cleaned Out,583,Own Team 1st Entry,603,OOA Entry 1st Entry- Def,633,Defensive OOA,0,1,0,,0,,0,,0,,0,,0,0,0,0,,3,3,3,0,0,953,Canada,951,Romania,12/07/2024,19:00,13,10,35,22,0,0,1146,TD Place,-1,NA,1,2023,12,12,Inside Centre,0,,0,,1000761,Hollie Davidson,1001076,Kat Roche,1001022,Luke Rogan,-1,,3,International,N,L
185,941540,38501,Nic Benn,953,Canada,148.52,148.52,231,1,77,10,0,0,43,Ruck OOA,572,Cleaned Out,583,Own Team 1st Entry,588,OOA Entry 1st Entry- Att,632,Attacking OOA,0,1,0,,0,,0,,0,,0,,0,0,0,0,,3,3,3,0,0,953,Canada,951,Romania,12/07/2024,19:00,13,10,35,22,0,0,1146,TD Place,-1,NA,1,2023,11,11,Left Wing,0,,0,,1000761,Hollie Davidson,1001076,Kat Roche,1001022,Luke Rogan,-1,,3,International,Y,W
186,941540,25181,Kyle Baillie,953,Canada,148.96,148.96,232,1,77,10,0,0,43,Ruck OOA,574,Secured,584,Own Team 2nd Entry,589,OOA Entry 2nd Entry- Att,632,Attacking OOA,0,2,0,,0,,0,,0,,0,,0,0,0,0,,3,3,3,0,0,953,Canada,951,Romania,12/07/2024,19:00,13,10,35,22,0,0,1146,TD Place,-1,NA,1,2023,05,5,Lock (5),0,,0,,1000761,Hollie Davidson,1001076,Kat Roche,1001022,Luke Rogan,-1,,3,International,Y,W
187,941540,33642,Cooper Coats,953,Canada,149.16,149.16,232,1,77,10,0,0,43,Ruck OOA,574,Secured,585,Own Team 3rd Entry,590,OOA Entry 3rd Entry- Att,632,Attacking OOA,0,3,0,,0,,0,,0,,0,,0,0,0,0,,3,3,3,0,0,953,Canada,951,Romania,12/07/2024,19:00,13,10,35,22,0,0,1146,TD Place,-1,NA,1,2023,15,15,Full Back,0,,0,,1000761,Hollie Davidson,1001076,Kat Roche,1001022,Luke Rogan,-1,,3,International,Y,W
188,941540,38159,Jason Higgins,953,Canada,149.80,149.80,233,1,77,10,0,0,18,Collection,631,General Catch,0,,0,,0,,0,,0,,0,,0,,0,,0,,0,0,0,0,,4,3,3,0,0,953,Canada,951,Romania,12/07/2024,19:00,13,10,35,22,0,0,1146,TD Place,-1,NA,1,2023,09,9,Scrum Half,0,,0,,1000761,Hollie Davidson,1001076,Kat Roche,1001022,Luke Rogan,-1,,3,International,Y,W
189,941540,38159,Jason Higgins,953,Canada,149.80,149.80,233,1,77,10,0,0,47,Playmaker Options,671,Halfback at Breakdown,675,Playmaker Option - Pass,0,,0,,0,,0,,0,,0,,0,,0,,0,0,0,0,,4,3,3,0,0,953,Canada,951,Romania,12/07/2024,19:00,13,10,35,22,0,0,1146,TD Place,-1,NA,1,2023,09,9,Scrum Half,0,,0,,1000761,Hollie Davidson,1001076,Kat Roche,1001022,Luke Rogan,-1,,3,International,Y,W
190,941540,38159,Jason Higgins,953,Canada,150.24,151.24,233,1,77,10,75,14,3,Pass,169,Complete,0,,679,Short Pass,682,Right Pass,700,0th Receiver,0,,0,,0,,0,,0,,4,4,1,0,,4,3,3,0,0,953,Canada,951,Romania,12/07/2024,19:00,13,10,35,22,0,0,1146,TD Place,-1,NA,1,2023,09,9,Scrum Half,0,,0,,1000761,Hollie Davidson,1001076,Kat Roche,1001022,Luke Rogan,-1,,3,International,Y,W
191,941540,25189,Andrew Quattrin,953,Canada,151.24,151.24,234,1,75,14,0,0,18,Collection,631,General Catch,0,,0,,0,,0,,0,,0,,0,,0,,0,,0,0,0,0,,4,3,3,0,0,953,Canada,951,Romania,12/07/2024,19:00,13,10,35,22,0,0,1146,TD Place,-1,NA,1,2023,02,2,Hooker,0,,0,,1000761,Hollie Davidson,1001076,Kat Roche,1001022,Luke Rogan,-1,,3,International,Y,W
192,941540,25189,Andrew Quattrin,953,Canada,151.24,151.24,234,1,75,14,0,0,47,Playmaker Options,656,First Receiver,675,Playmaker Option - Pass,0,,0,,0,,0,,0,,0,,0,,0,,0,0,0,0,,4,3,3,0,0,953,Canada,951,Romania,12/07/2024,19:00,13,10,35,22,0,0,1146,TD Place,-1,NA,1,2023,02,2,Hooker,0,,0,,1000761,Hollie Davidson,1001076,Kat Roche,1001022,Luke Rogan,-1,,3,International,Y,W
193,941540,25189,Andrew Quattrin,953,Canada,151.28,151.80,234,1,76,15,75,17,3,Pass,169,Complete,0,,679,Short Pass,682,Right Pass,701,1st Receiver,0,,0,,0,,0,,0,,3,3,1,0,,4,3,3,0,0,953,Canada,951,Romania,12/07/2024,19:00,13,10,35,22,0,0,1146,TD Place,-1,NA,1,2023,02,2,Hooker,0,,0,,1000761,Hollie Davidson,1001076,Kat Roche,1001022,Luke Rogan,-1,,3,International,Y,W
194,941540,29377,Liam Murray,953,Canada,151.80,151.80,235,1,75,17,0,0,18,Collection,631,General Catch,0,,0,,0,,0,,0,,0,,0,,0,,0,,0,0,0,0,,4,3,3,0,0,953,Canada,951,Romania,12/07/2024,19:00,13,10,35,22,0,0,1146,TD Place,-1,NA,1,2023,01,1,Loosehead Prop,0,,0,,1000761,Hollie Davidson,1001076,Kat Roche,1001022,Luke Rogan,-1,,3,International,Y,W
195,941540,29377,Liam Murray,953,Canada,151.80,151.80,235,1,75,17,0,0,47,Playmaker Options,657,Second Receiver,673,Playmaker Option - Carry,0,,0,,0,,0,,0,,0,,0,,0,,0,0,0,0,,4,3,3,0,0,953,Canada,951,Romania,12/07/2024,19:00,13,10,35,22,0,0,1146,TD Place,-1,NA,1,2023,01,1,Loosehead Prop,0,,0,,1000761,Hollie Davidson,1001076,Kat Roche,1001022,Luke Rogan,-1,,3,International,Y,W
196,941540,29377,Liam Murray,953,Canada,151.80,152.64,235,1,75,17,76,17,1,Carry,103,Other Carry,108,Tackled Neutral,110,Neutral Gain line,461,Neutral Contact,501,1 Tacklers Committed,702,2nd Receiver,0,,0,,0,,0,,0,1,1,1,,4,3,3,0,0,953,Canada,951,Romania,12/07/2024,19:00,13,10,35,22,0,0,1146,TD Place,-1,NA,1,2023,01,1,Loosehead Prop,0,,0,,1000761,Hollie Davidson,1001076,Kat Roche,1001022,Luke Rogan,-1,,3,International,Y,W
197,941540,36759,Dragos Ser,951,Romania,152.04,152.04,235,1,25,51,0,0,2,Tackle,144,Line,153,Complete,0,,474,Neutral Tackle,708,1st Tackler,0,,0,,0,,0,,0,,0,0,0,0,,4,3,3,0,0,953,Canada,951,Romania,12/07/2024,19:00,13,10,35,22,0,0,1146,TD Place,-1,NA,1,2023,07,7,Openside Flanker,0,,0,,1000761,Hollie Davidson,1001076,Kat Roche,1001022,Luke Rogan,-1,,3,International,N,L
198,941540,29377,Liam Murray,953,Canada,152.64,154.60,236,1,76,17,0,0,23,Ruck,0,,401,Won Outright,550,Equal to Previous  Gainline,553,1-2 Seconds,662,Mid Right Open Movement Ruck,0,,0,,0,,0,,0,,0,0,-2,12,,4,3,3,0,0,953,Canada,951,Romania,12/07/2024,19:00,13,10,35,22,0,0,1146,TD Place,-1,NA,1,2023,01,1,Loosehead Prop,0,,0,,1000761,Hollie Davidson,1001076,Kat Roche,1001022,Luke Rogan,-1,,3,International,Y,W
199,941540,25189,Andrew Quattrin,953,Canada,153.36,153.36,236,1,76,17,0,0,43,Ruck OOA,574,Secured,583,Own Team 1st Entry,588,OOA Entry 1st Entry- Att,632,Attacking OOA,0,1,0,,0,,0,,0,,0,,0,0,0,0,,4,3,3,0,0,953,Canada,951,Romania,12/07/2024,19:00,13,10,35,22,0,0,1146,TD Place,-1,NA,1,2023,02,2,Hooker,0,,0,,1000761,Hollie Davidson,1001076,Kat Roche,1001022,Luke Rogan,-1,,3,International,Y,W
200,941540,27090,Conor Keys,953,Canada,153.64,153.64,237,1,76,17,0,0,43,Ruck OOA,572,Cleaned Out,584,Own Team 2nd Entry,589,OOA Entry 2nd Entry- Att,632,Attacking OOA,0,2,0,,0,,0,,0,,0,,0,0,0,0,,4,3,3,0,0,953,Canada,951,Romania,12/07/2024,19:00,13,10,35,22,0,0,1146,TD Place,-1,NA,1,2023,04,4,Lock (4),0,,0,,1000761,Hollie Davidson,1001076,Kat Roche,1001022,Luke Rogan,-1,,3,International,Y,W
201,941540,38159,Jason Higgins,953,Canada,154.60,154.60,238,1,76,18,0,0,18,Collection,631,General Catch,0,,0,,0,,0,,0,,0,,0,,0,,0,,0,0,0,0,,5,3,3,0,0,953,Canada,951,Romania,12/07/2024,19:00,13,10,35,22,0,0,1146,TD Place,-1,NA,1,2023,09,9,Scrum Half,0,,0,,1000761,Hollie Davidson,1001076,Kat Roche,1001022,Luke Rogan,-1,,3,International,Y,W
202,941540,38159,Jason Higgins,953,Canada,154.60,154.60,238,1,76,18,0,0,47,Playmaker Options,671,Halfback at Breakdown,675,Playmaker Option - Pass,0,,0,,0,,0,,0,,0,,0,,0,,0,0,0,0,,5,3,3,0,0,953,Canada,951,Romania,12/07/2024,19:00,13,10,35,22,0,0,1146,TD Place,-1,NA,1,2023,09,9,Scrum Half,0,,0,,1000761,Hollie Davidson,1001076,Kat Roche,1001022,Luke Rogan,-1,,3,International,Y,W
203,941540,38159,Jason Higgins,953,Canada,155.16,156.96,238,1,76,18,74,24,3,Pass,169,Complete,0,,686,Medium Pass,682,Right Pass,700,0th Receiver,0,,0,,0,,0,,0,,7,7,2,0,,5,3,3,0,0,953,Canada,951,Romania,12/07/2024,19:00,13,10,35,22,0,0,1146,TD Place,-1,NA,1,2023,09,9,Scrum Half,0,,0,,1000761,Hollie Davidson,1001076,Kat Roche,1001022,Luke Rogan,-1,,3,International,Y,W
204,941540,19391,Peter Nelson,953,Canada,156.96,156.96,240,1,74,24,0,0,18,Collection,631,General Catch,0,,0,,0,,0,,0,,0,,0,,0,,0,,0,0,0,0,,5,3,3,0,0,953,Canada,951,Romania,12/07/2024,19:00,13,10,35,22,0,0,1146,TD Place,-1,NA,1,2023,10,10,Fly Half,0,,0,,1000761,Hollie Davidson,1001076,Kat Roche,1001022,Luke Rogan,-1,,3,International,Y,W
205,941540,19391,Peter Nelson,953,Canada,156.96,156.96,240,1,74,24,0,0,47,Playmaker Options,656,First Receiver,675,Playmaker Option - Pass,0,,0,,0,,0,,0,,0,,0,,0,,0,0,0,0,,5,3,3,0,0,953,Canada,951,Romania,12/07/2024,19:00,13,10,35,22,0,0,1146,TD Place,-1,NA,1,2023,10,10,Fly Half,0,,0,,1000761,Hollie Davidson,1001076,Kat Roche,1001022,Luke Rogan,-1,,3,International,Y,W
206,941540,19391,Peter Nelson,953,Canada,157.00,160.16,240,1,75,26,74,29,3,Pass,174,Incomplete,0,,679,Short Pass,682,Right Pass,701,1st Receiver,0,,0,,0,,0,,0,,4,4,1,0,,5,3,3,0,0,953,Canada,951,Romania,12/07/2024,19:00,13,10,35,22,0,0,1146,TD Place,-1,NA,1,2023,10,10,Fly Half,0,,0,,1000761,Hollie Davidson,1001076,Kat Roche,1001022,Luke Rogan,-1,,3,International,Y,W
207,941540,39780,Stefan Buruiana,951,Romania,157.20,157.20,240,1,26,39,0,0,7,Penalty Conceded,231,Obstruction,236,No Action,215,Defence,233,Full Penalty,0,,0,,0,,0,,0,,0,,0,0,0,0,,5,3,3,0,0,953,Canada,951,Romania,12/07/2024,19:00,13,10,35,22,0,0,1146,TD Place,-1,NA,1,2023,02,2,Hooker,0,,0,,1000761,Hollie Davidson,1001076,Kat Roche,1001022,Luke Rogan,-1,,3,International,N,L
208,941540,0,,953,Canada,128.08,160.16,243,1,60,68,74,29,15,Possession,306,Lineout,316,Pen Won,0,,684,Fails to enter into Opposition 22,0,,0,,0,,0,,0,,0,,14,0,0,0,,5,3,3,0,0,953,Canada,951,Romania,12/07/2024,19:00,13,10,35,22,0,0,1146,TD Place,-1,NA,1,2023,,,,0,,0,,1000761,Hollie Davidson,1001076,Kat Roche,1001022,Luke Rogan,-1,,3,International,Y,W
209,941540,0,,953,Canada,128.08,160.16,243,1,60,68,74,29,26,Sequences,306,Lineout,316,Pen Won,0,,0,,0,,0,,0,,0,,0,,0,,14,0,0,0,,5,3,3,0,0,953,Canada,951,Romania,12/07/2024,19:00,13,10,35,22,0,0,1146,TD Place,-1,NA,1,2023,,,,0,,0,,1000761,Hollie Davidson,1001076,Kat Roche,1001022,Luke Rogan,-1,,3,International,Y,W
210,941540,19391,Peter Nelson,953,Canada,218.08,220.04,341,1,71,29,104,35,11,Goal Kick,297,Penalty Goal,299,Goal Kicked,0,,0,,0,,0,,0,,0,,0,,0,,29,29,0,0,,1,3,4,0,3,953,Canada,951,Romania,12/07/2024,19:00,13,10,35,22,0,0,1146,TD Place,-1,NA,1,2023,10,10,Fly Half,0,,0,,1000761,Hollie Davidson,1001076,Kat Roche,1001022,Luke Rogan,-1,,3,International,Y,W
211,941540,0,,953,Canada,218.08,220.04,343,1,71,29,104,35,26,Sequences,781,Penalty Goal,783,Penalty Goal Scored,0,,0,,0,,0,,0,,0,,0,,0,,29,0,0,0,,1,3,4,0,3,953,Canada,951,Romania,12/07/2024,19:00,13,10,35,22,0,0,1146,TD Place,-1,NA,1,2023,,,,0,,0,,1000761,Hollie Davidson,1001076,Kat Roche,1001022,Luke Rogan,-1,,3,International,Y,W
212,941540,33463,Paul Popoaia,951,Romania,248.24,252.56,411,1,50,35,70,3,14,Restart,281,50m Restart,284,Restart Retained,289,Short,752,Kicked Left,0,,0,,0,,0,,0,,0,,21,39,33,0,,1,4,5,0,3,953,Canada,951,Romania,12/07/2024,19:00,13,10,35,22,3,0,1146,TD Place,-1,NA,1,2023,15,15,Full Back,0,,0,,1000761,Hollie Davidson,1001076,Kat Roche,1001022,Luke Rogan,-1,,3,International,N,L
213,941540,27035,Marius Simionescu,951,Romania,252.56,252.56,415,1,70,3,0,0,18,Collection,275,Restart Catch,277,Success,0,,0,,0,,0,,0,,0,,0,,0,,0,0,0,0,,1,4,5,0,3,953,Canada,951,Romania,12/07/2024,19:00,13,10,35,22,3,0,1146,TD Place,-1,NA,1,2023,14,14,Right Wing,0,,0,,1000761,Hollie Davidson,1001076,Kat Roche,1001022,Luke Rogan,-1,,3,International,N,L
214,941540,27035,Marius Simionescu,951,Romania,252.56,254.24,415,1,70,3,73,4,1,Carry,103,Other Carry,108,Tackled Neutral,109,Crossed Gain line,461,Neutral Contact,501,1 Tacklers Committed,700,0th Receiver,0,,0,,0,,0,,3,3,0,0,,1,4,5,0,3,953,Canada,951,Romania,12/07/2024,19:00,13,10,35,22,3,0,1146,TD Place,-1,NA,1,2023,14,14,Right Wing,0,,0,,1000761,Hollie Davidson,1001076,Kat Roche,1001022,Luke Rogan,-1,,3,International,N,L
215,941540,28377,Andrew Coe,953,Canada,253.40,253.40,416,1,28,65,0,0,2,Tackle,146,Edge,153,Complete,0,,474,Neutral Tackle,708,1st Tackler,0,,0,,0,,0,,0,,0,0,0,0,,1,4,5,0,3,953,Canada,951,Romania,12/07/2024,19:00,13,10,35,22,3,0,1146,TD Place,-1,NA,1,2023,14,14,Right Wing,0,,0,,1000761,Hollie Davidson,1001076,Kat Roche,1001022,Luke Rogan,-1,,3,International,Y,W
216,941540,27035,Marius Simionescu,951,Romania,254.24,259.04,417,1,73,4,0,0,23,Ruck,0,,401,Won Outright,548,Over Previous Gainline,556,4-5 Seconds,664,Close Right Open Movement Ruck,0,,0,,0,,0,,0,,0,0,0,8,,1,4,5,0,3,953,Canada,951,Romania,12/07/2024,19:00,13,10,35,22,3,0,1146,TD Place,-1,NA,1,2023,14,14,Right Wing,0,,0,,1000761,Hollie Davidson,1001076,Kat Roche,1001022,Luke Rogan,-1,,3,International,N,L
217,941540,60960,Mihai Graure,951,Romania,254.68,254.68,418,1,73,4,0,0,43,Ruck OOA,574,Secured,583,Own Team 1st Entry,588,OOA Entry 1st Entry- Att,632,Attacking OOA,0,1,0,,0,,0,,0,,0,,0,0,0,0,,1,4,5,0,3,953,Canada,951,Romania,12/07/2024,19:00,13,10,35,22,3,0,1146,TD Place,-1,NA,1,2023,13,13,Outside Centre,0,,0,,1000761,Hollie Davidson,1001076,Kat Roche,1001022,Luke Rogan,-1,,3,International,N,L
218,941540,36759,Dragos Ser,951,Romania,254.88,254.88,418,1,73,4,0,0,43,Ruck OOA,574,Secured,584,Own Team 2nd Entry,589,OOA Entry 2nd Entry- Att,632,Attacking OOA,0,2,0,,0,,0,,0,,0,,0,0,0,0,,1,4,5,0,3,953,Canada,951,Romania,12/07/2024,19:00,13,10,35,22,3,0,1146,TD Place,-1,NA,1,2023,07,7,Openside Flanker,0,,0,,1000761,Hollie Davidson,1001076,Kat Roche,1001022,Luke Rogan,-1,,3,International,N,L
219,941540,33151,Vlad Neculau,951,Romania,256.52,256.52,419,1,73,4,0,0,43,Ruck OOA,574,Secured,585,Own Team 3rd Entry,590,OOA Entry 3rd Entry- Att,632,Attacking OOA,0,3,0,,0,,0,,0,,0,,0,0,0,0,,1,4,5,0,3,953,Canada,951,Romania,12/07/2024,19:00,13,10,35,22,3,0,1146,TD Place,-1,NA,1,2023,06,6,Blindside Flanker,0,,0,,1000761,Hollie Davidson,1001076,Kat Roche,1001022,Luke Rogan,-1,,3,International,N,L
220,941540,63895,Yanis Horvat,951,Romania,259.04,259.04,422,1,73,4,0,0,18,Collection,631,General Catch,0,,0,,0,,0,,0,,0,,0,,0,,0,,0,0,0,0,,2,4,5,0,3,953,Canada,951,Romania,12/07/2024,19:00,13,10,35,22,3,0,1146,TD Place,-1,NA,1,2023,04,4,Lock (4),0,,0,,1000761,Hollie Davidson,1001076,Kat Roche,1001022,Luke Rogan,-1,,3,International,N,L
221,941540,63895,Yanis Horvat,951,Romania,259.04,259.04,422,1,73,4,0,0,47,Playmaker Options,672,Acting Halfback at Breakdown,675,Playmaker Option - Pass,0,,0,,0,,0,,0,,0,,0,,0,,0,0,0,0,,2,4,5,0,3,953,Canada,951,Romania,12/07/2024,19:00,13,10,35,22,3,0,1146,TD Place,-1,NA,1,2023,04,4,Lock (4),0,,0,,1000761,Hollie Davidson,1001076,Kat Roche,1001022,Luke Rogan,-1,,3,International,N,L
222,941540,63895,Yanis Horvat,951,Romania,259.52,260.56,422,1,73,4,71,10,3,Pass,169,Complete,0,,686,Medium Pass,682,Right Pass,700,0th Receiver,0,,0,,0,,0,,0,,6,7,2,0,,2,4,5,0,3,953,Canada,951,Romania,12/07/2024,19:00,13,10,35,22,3,0,1146,TD Place,-1,NA,1,2023,04,4,Lock (4),0,,0,,1000761,Hollie Davidson,1001076,Kat Roche,1001022,Luke Rogan,-1,,3,International,N,L
223,941540,39780,Stefan Buruiana,951,Romania,260.56,260.56,423,1,71,10,0,0,18,Collection,631,General Catch,0,,0,,0,,0,,0,,0,,0,,0,,0,,0,0,0,0,,2,4,5,0,3,953,Canada,951,Romania,12/07/2024,19:00,13,10,35,22,3,0,1146,TD Place,-1,NA,1,2023,02,2,Hooker,0,,0,,1000761,Hollie Davidson,1001076,Kat Roche,1001022,Luke Rogan,-1,,3,International,N,L
224,941540,39780,Stefan Buruiana,951,Romania,260.56,260.56,423,1,71,10,0,0,47,Playmaker Options,656,First Receiver,673,Playmaker Option - Carry,0,,0,,0,,0,,0,,0,,0,,0,,0,0,0,0,,2,4,5,0,3,953,Canada,951,Romania,12/07/2024,19:00,13,10,35,22,3,0,1146,TD Place,-1,NA,1,2023,02,2,Hooker,0,,0,,1000761,Hollie Davidson,1001076,Kat Roche,1001022,Luke Rogan,-1,,3,International,N,L
225,941540,39780,Stefan Buruiana,951,Romania,260.56,261.48,423,1,71,10,72,11,1,Carry,101,One Out Drive,108,Tackled Neutral,110,Neutral Gain line,461,Neutral Contact,501,1 Tacklers Committed,701,1st Receiver,0,,0,,0,,0,,0,2,0,0,,2,4,5,0,3,953,Canada,951,Romania,12/07/2024,19:00,13,10,35,22,3,0,1146,TD Place,-1,NA,1,2023,02,2,Hooker,0,,0,,1000761,Hollie Davidson,1001076,Kat Roche,1001022,Luke Rogan,-1,,3,International,N,L
226,941540,25195,Ben LeSage,953,Canada,261.32,261.32,424,1,28,57,0,0,2,Tackle,144,Line,157,Pen Conceded,0,,474,Neutral Tackle,708,1st Tackler,0,,0,,0,,0,,0,,0,0,0,0,,2,4,5,0,3,953,Canada,951,Romania,12/07/2024,19:00,13,10,35,22,3,0,1146,TD Place,-1,NA,1,2023,13,13,Outside Centre,0,,0,,1000761,Hollie Davidson,1001076,Kat Roche,1001022,Luke Rogan,-1,,3,International,Y,W
227,941540,39780,Stefan Buruiana,951,Romania,261.48,265.44,424,1,72,11,0,0,23,Ruck,0,,403,Penalty Won,550,Equal to Previous  Gainline,559,N/A Ruck Speed,676,N/A Movement Ruck,0,,0,,0,,0,,0,,0,0,0,0,,2,4,5,0,3,953,Canada,951,Romania,12/07/2024,19:00,13,10,35,22,3,0,1146,TD Place,-1,NA,1,2023,02,2,Hooker,0,,0,,1000761,Hollie Davidson,1001076,Kat Roche,1001022,Luke Rogan,-1,,3,International,N,L
228,941540,34051,Iulian Hartig,951,Romania,262.24,262.24,425,1,72,11,0,0,43,Ruck OOA,575,Attended,583,Own Team 1st Entry,588,OOA Entry 1st Entry- Att,632,Attacking OOA,0,1,0,,0,,0,,0,,0,,0,0,0,0,,2,4,5,0,3,953,Canada,951,Romania,12/07/2024,19:00,13,10,35,22,3,0,1146,TD Place,-1,NA,1,2023,01,1,Loosehead Prop,0,,0,,1000761,Hollie Davidson,1001076,Kat Roche,1001022,Luke Rogan,-1,,3,International,N,L
229,941540,25189,Andrew Quattrin,953,Canada,262.60,262.60,426,1,28,57,0,0,43,Ruck OOA,576,Nuisance,583,Own Team 1st Entry,603,OOA Entry 1st Entry- Def,633,Defensive OOA,0,1,0,,0,,0,,0,,0,,0,0,0,0,,2,4,5,0,3,953,Canada,951,Romania,12/07/2024,19:00,13,10,35,22,3,0,1146,TD Place,-1,NA,1,2023,02,2,Hooker,0,,0,,1000761,Hollie Davidson,1001076,Kat Roche,1001022,Luke Rogan,-1,,3,International,Y,W
230,941540,63895,Yanis Horvat,951,Romania,263.24,263.24,426,1,72,11,0,0,43,Ruck OOA,574,Secured,584,Own Team 2nd Entry,589,OOA Entry 2nd Entry- Att,632,Attacking OOA,0,2,0,,0,,0,,0,,0,,0,0,0,0,,2,4,5,0,3,953,Canada,951,Romania,12/07/2024,19:00,13,10,35,22,3,0,1146,TD Place,-1,NA,1,2023,04,4,Lock (4),0,,0,,1000761,Hollie Davidson,1001076,Kat Roche,1001022,Luke Rogan,-1,,3,International,N,L
231,941540,25195,Ben LeSage,953,Canada,264.24,264.24,427,1,28,57,0,0,7,Penalty Conceded,225,Not Rolling Away,236,No Action,215,Defence,233,Full Penalty,0,,0,,0,,0,,0,,0,,0,0,0,0,,2,4,5,0,3,953,Canada,951,Romania,12/07/2024,19:00,13,10,35,22,3,0,1146,TD Place,-1,NA,1,2023,13,13,Outside Centre,0,,0,,1000761,Hollie Davidson,1001076,Kat Roche,1001022,Luke Rogan,-1,,3,International,Y,W
232,941540,0,,951,Romania,248.24,265.44,428,1,50,35,72,11,15,Possession,350,50m Restart Retained,316,Pen Won,0,,684,Fails to enter into Opposition 22,0,,0,,0,,0,,0,,0,,23,0,0,0,,2,4,5,0,3,953,Canada,951,Romania,12/07/2024,19:00,13,10,35,22,3,0,1146,TD Place,-1,NA,1,2023,,,,0,,0,,1000761,Hollie Davidson,1001076,Kat Roche,1001022,Luke Rogan,-1,,3,International,N,L
233,941540,0,,951,Romania,248.24,265.44,428,1,50,35,72,11,26,Sequences,307,50m Restart,316,Pen Won,0,,0,,0,,0,,0,,0,,0,,0,,23,0,0,0,,2,4,5,0,3,953,Canada,951,Romania,12/07/2024,19:00,13,10,35,22,3,0,1146,TD Place,-1,NA,1,2023,,,,0,,0,,1000761,Hollie Davidson,1001076,Kat Roche,1001022,Luke Rogan,-1,,3,International,N,L
234,941540,27035,Marius Simionescu,951,Romania,285.36,287.92,448,1,72,12,88,0,4,Kick,347,Touch Kick,193,Kick in Touch (Full),148,Penalty Kick,0,,0,,0,,0,,0,,0,,0,,16,20,0,0,,1,4,6,0,3,953,Canada,951,Romania,12/07/2024,19:00,13,10,35,22,3,0,1146,TD Place,-1,NA,1,2023,14,14,Right Wing,0,,0,,1000761,Hollie Davidson,1001076,Kat Roche,1001022,Luke Rogan,-1,,3,International,N,L
235,941540,0,,951,Romania,285.36,287.92,451,1,72,12,88,0,26,Sequences,780,Penalty Kick Touch,415,Own Lineout,0,,0,,0,,0,,0,,0,,0,,0,,16,0,0,0,,1,4,6,0,3,953,Canada,951,Romania,12/07/2024,19:00,13,10,35,22,3,0,1146,TD Place,-1,NA,1,2023,,,,0,,0,,1000761,Hollie Davidson,1001076,Kat Roche,1001022,Luke Rogan,-1,,3,International,N,L
236,941540,39780,Stefan Buruiana,951,Romania,330.96,331.72,534,1,89,0,89,8,6,Lineout Throw,371,Throw Front,376,Won Clean Catch,207,Catch and Drive,0,6+1,676,N/A Movement Lineout,731,6 Players,725,Forward at Halfback (+1),0,,0,,0,,8,0,0,0,,1,5,7,0,3,953,Canada,951,Romania,12/07/2024,19:00,13,10,35,22,3,0,1146,TD Place,-1,NA,1,2023,02,2,Hooker,0,,0,,1000761,Hollie Davidson,1001076,Kat Roche,1001022,Luke Rogan,-1,,3,International,N,L
237,941540,0,,951,Romania,330.96,359.08,534,1,89,0,88,66,46,Attacking 22 Entry,646,22 Entry Outcome - Turnover,0,,0,,0,,0,,0,,0,,0,,0,,0,,0,0,0,0,,1,5,7,0,3,953,Canada,951,Romania,12/07/2024,19:00,13,10,35,22,3,0,1146,TD Place,-1,NA,1,2023,,,,0,,0,,1000761,Hollie Davidson,1001076,Kat Roche,1001022,Luke Rogan,-1,,3,International,N,L
238,941540,23278,Andrei Mahu,951,Romania,331.72,331.72,535,1,89,8,0,0,27,Lineout Take,386,Lineout Win Front,376,Won Clean,207,Catch and Drive,396,Clean Catch,0,,0,,0,,0,,0,,0,,0,0,0,0,,1,5,7,0,3,953,Canada,951,Romania,12/07/2024,19:00,13,10,35,22,3,0,1146,TD Place,-1,NA,1,2023,05,5,Lock (5),0,,0,,1000761,Hollie Davidson,1001076,Kat Roche,1001022,Luke Rogan,-1,,3,International,N,L
239,941540,23278,Andrei Mahu,951,Romania,332.96,347.28,536,1,89,8,0,0,24,Maul,0,,401,Won Outright,0,,0,,660,Wide Right Open Movement Maul,0,,0,,0,,0,,0,,2,2,-3,59,,1,5,7,0,3,953,Canada,951,Romania,12/07/2024,19:00,13,10,35,22,3,0,1146,TD Place,-1,NA,1,2023,05,5,Lock (5),0,,0,,1000761,Hollie Davidson,1001076,Kat Roche,1001022,Luke Rogan,-1,,3,International,N,L
240,941540,57666,Alin Conache,951,Romania,347.28,347.28,550,1,91,9,0,0,18,Collection,631,General Catch,0,,0,,0,,0,,0,,0,,0,,0,,0,,0,0,0,0,,1,5,7,0,3,953,Canada,951,Romania,12/07/2024,19:00,13,10,35,22,3,0,1146,TD Place,-1,NA,1,2023,09,9,Scrum Half,0,,0,,1000761,Hollie Davidson,1001076,Kat Roche,1001022,Luke Rogan,-1,,3,International,N,L
241,941540,57666,Alin Conache,951,Romania,347.28,347.28,550,1,91,9,0,0,47,Playmaker Options,671,Halfback at Breakdown,675,Playmaker Option - Pass,0,,0,,0,,0,,0,,0,,0,,0,,0,0,0,0,,1,5,7,0,3,953,Canada,951,Romania,12/07/2024,19:00,13,10,35,22,3,0,1146,TD Place,-1,NA,1,2023,09,9,Scrum Half,0,,0,,1000761,Hollie Davidson,1001076,Kat Roche,1001022,Luke Rogan,-1,,3,International,N,L
242,941540,57666,Alin Conache,951,Romania,347.32,348.08,550,1,91,10,89,16,3,Pass,169,Complete,0,,686,Medium Pass,682,Right Pass,700,0th Receiver,0,,0,,0,,0,,0,,6,6,2,0,,1,5,7,0,3,953,Canada,951,Romania,12/07/2024,19:00,13,10,35,22,3,0,1146,TD Place,-1,NA,1,2023,09,9,Scrum Half,0,,0,,1000761,Hollie Davidson,1001076,Kat Roche,1001022,Luke Rogan,-1,,3,International,N,L
243,941540,40389,Jason Tomane,951,Romania,348.08,348.08,551,1,89,16,0,0,18,Collection,631,General Catch,0,,0,,0,,0,,0,,0,,0,,0,,0,,0,0,0,0,,1,5,7,0,3,953,Canada,951,Romania,12/07/2024,19:00,13,10,35,22,3,0,1146,TD Place,-1,NA,1,2023,12,12,Inside Centre,0,,0,,1000761,Hollie Davidson,1001076,Kat Roche,1001022,Luke Rogan,-1,,3,International,N,L
244,941540,40389,Jason Tomane,951,Romania,348.08,348.08,551,1,89,16,0,0,47,Playmaker Options,656,First Receiver,675,Playmaker Option - Pass,0,,0,,0,,0,,0,,0,,0,,0,,0,0,0,0,,1,5,7,0,3,953,Canada,951,Romania,12/07/2024,19:00,13,10,35,22,3,0,1146,TD Place,-1,NA,1,2023,12,12,Inside Centre,0,,0,,1000761,Hollie Davidson,1001076,Kat Roche,1001022,Luke Rogan,-1,,3,International,N,L
245,941540,40389,Jason Tomane,951,Romania,348.12,349.28,551,1,90,16,86,25,3,Pass,169,Complete,0,,686,Medium Pass,682,Right Pass,701,1st Receiver,0,,0,,0,,0,,0,,9,10,4,0,,1,5,7,0,3,953,Canada,951,Romania,12/07/2024,19:00,13,10,35,22,3,0,1146,TD Place,-1,NA,1,2023,12,12,Inside Centre,0,,0,,1000761,Hollie Davidson,1001076,Kat Roche,1001022,Luke Rogan,-1,,3,International,N,L
246,941540,27747,Hinckley Vaovasa,951,Romania,349.28,349.28,552,1,86,25,0,0,18,Collection,631,General Catch,0,,0,,0,,0,,0,,0,,0,,0,,0,,0,0,0,0,,1,5,7,0,3,953,Canada,951,Romania,12/07/2024,19:00,13,10,35,22,3,0,1146,TD Place,-1,NA,1,2023,10,10,Fly Half,0,,0,,1000761,Hollie Davidson,1001076,Kat Roche,1001022,Luke Rogan,-1,,3,International,N,L
247,941540,27747,Hinckley Vaovasa,951,Romania,349.28,349.28,552,1,86,25,0,0,47,Playmaker Options,657,Second Receiver,675,Playmaker Option - Pass,0,,0,,0,,0,,0,,0,,0,,0,,0,0,0,0,,1,5,7,0,3,953,Canada,951,Romania,12/07/2024,19:00,13,10,35,22,3,0,1146,TD Place,-1,NA,1,2023,10,10,Fly Half,0,,0,,1000761,Hollie Davidson,1001076,Kat Roche,1001022,Luke Rogan,-1,,3,International,N,L
248,941540,27747,Hinckley Vaovasa,951,Romania,349.32,352.76,552,1,88,27,76,53,3,Pass,174,Incomplete,0,,680,Long Pass,682,Right Pass,702,2nd Receiver,0,,0,,0,,0,,0,,27,30,13,0,,1,5,7,0,3,953,Canada,951,Romania,12/07/2024,19:00,13,10,35,22,3,0,1146,TD Place,-1,NA,1,2023,10,10,Fly Half,0,,0,,1000761,Hollie Davidson,1001076,Kat Roche,1001022,Luke Rogan,-1,,3,International,N,L
249,941540,20983,Tevita Manumua,951,Romania,352.76,352.76,556,1,76,53,0,0,18,Collection,272,Attacking Loose Ball,277,Success,0,,0,,0,,0,,0,,0,,0,,0,,0,0,0,0,,1,5,7,0,3,953,Canada,951,Romania,12/07/2024,19:00,13,10,35,22,3,0,1146,TD Place,-1,NA,1,2023,11,11,Left Wing,0,,0,,1000761,Hollie Davidson,1001076,Kat Roche,1001022,Luke Rogan,-1,,3,International,N,L
250,941540,20983,Tevita Manumua,951,Romania,352.76,352.76,556,1,76,53,0,0,47,Playmaker Options,658,Third Receiver,673,Playmaker Option - Carry,0,,0,,0,,0,,0,,0,,0,,0,,0,0,0,0,,1,5,7,0,3,953,Canada,951,Romania,12/07/2024,19:00,13,10,35,22,3,0,1146,TD Place,-1,NA,1,2023,11,11,Left Wing,0,,0,,1000761,Hollie Davidson,1001076,Kat Roche,1001022,Luke Rogan,-1,,3,International,N,L
251,941540,20983,Tevita Manumua,951,Romania,352.76,355.36,556,1,76,53,77,51,1,Carry,103,Other Carry,122,Off Load,111,Failed Gain line,461,Neutral Contact,501,1 Tacklers Committed,703,3rd Receiver,0,,0,,0,,0,,0,2,1,1,,1,5,7,0,3,953,Canada,951,Romania,12/07/2024,19:00,13,10,35,22,3,0,1146,TD Place,-1,NA,1,2023,11,11,Left Wing,0,,0,,1000761,Hollie Davidson,1001076,Kat Roche,1001022,Luke Rogan,-1,,3,International,N,L
252,941540,33642,Cooper Coats,953,Canada,353.84,353.84,557,1,24,16,0,0,2,Tackle,146,Edge,155,Offload Allowed,0,,474,Neutral Tackle,708,1st Tackler,0,,0,,0,,0,,0,,0,0,0,0,,1,5,7,0,3,953,Canada,951,Romania,12/07/2024,19:00,13,10,35,22,3,0,1146,TD Place,-1,NA,1,2023,15,15,Full Back,0,,0,,1000761,Hollie Davidson,1001076,Kat Roche,1001022,Luke Rogan,-1,,3,International,Y,W
253,941540,20983,Tevita Manumua,951,Romania,355.36,355.68,558,1,77,51,76,55,3,Pass,151,Offload,128,Own Player,679,Short Pass,682,Right Pass,703,3rd Receiver,0,,0,,0,,0,,0,,4,4,2,0,,1,5,7,0,3,953,Canada,951,Romania,12/07/2024,19:00,13,10,35,22,3,0,1146,TD Place,-1,NA,1,2023,11,11,Left Wing,0,,0,,1000761,Hollie Davidson,1001076,Kat Roche,1001022,Luke Rogan,-1,,3,International,N,L
254,941540,27747,Hinckley Vaovasa,951,Romania,355.68,355.68,559,1,76,55,0,0,18,Collection,631,General Catch,0,,0,,0,,0,,0,,0,,0,,0,,0,,0,0,0,0,,1,5,7,0,3,953,Canada,951,Romania,12/07/2024,19:00,13,10,35,22,3,0,1146,TD Place,-1,NA,1,2023,10,10,Fly Half,0,,0,,1000761,Hollie Davidson,1001076,Kat Roche,1001022,Luke Rogan,-1,,3,International,N,L
255,941540,27747,Hinckley Vaovasa,951,Romania,355.72,357.32,559,1,77,56,76,62,3,Pass,169,Complete,0,,686,Medium Pass,682,Right Pass,704,4th Receiver,0,,0,,0,,0,,0,,6,6,1,0,,1,5,7,0,3,953,Canada,951,Romania,12/07/2024,19:00,13,10,35,22,3,0,1146,TD Place,-1,NA,1,2023,10,10,Fly Half,0,,0,,1000761,Hollie Davidson,1001076,Kat Roche,1001022,Luke Rogan,-1,,3,International,N,L
256,941540,33463,Paul Popoaia,951,Romania,357.32,357.32,600,1,76,62,0,0,18,Collection,631,General Catch,0,,0,,0,,0,,0,,0,,0,,0,,0,,0,0,0,0,,1,5,7,0,3,953,Canada,951,Romania,12/07/2024,19:00,13,10,35,22,3,0,1146,TD Place,-1,NA,1,2023,15,15,Full Back,0,,0,,1000761,Hollie Davidson,1001076,Kat Roche,1001022,Luke Rogan,-1,,3,International,N,L
257,941540,33463,Paul Popoaia,951,Romania,357.32,359.08,600,1,76,62,88,66,1,Carry,106,Support Carry,122,Off Load,111,Failed Gain line,460,Dominant Contact,501,1 Tacklers Committed,705,5th+ Receiver,0,,0,,0,,0,,0,12,1,1,,1,5,7,0,3,953,Canada,951,Romania,12/07/2024,19:00,13,10,35,22,3,0,1146,TD Place,-1,NA,1,2023,15,15,Full Back,0,,0,,1000761,Hollie Davidson,1001076,Kat Roche,1001022,Luke Rogan,-1,,3,International,N,L
258,941540,64048,Talon McMullin,953,Canada,357.96,357.96,601,1,14,2,0,0,2,Tackle,146,Edge,155,Offload Allowed,0,,475,Ineffective Tackle,708,1st Tackler,0,,0,,0,,0,,0,,0,0,0,0,,1,5,7,0,3,953,Canada,951,Romania,12/07/2024,19:00,13,10,35,22,3,0,1146,TD Place,-1,NA,1,2023,12,12,Inside Centre,0,,0,,1000761,Hollie Davidson,1001076,Kat Roche,1001022,Luke Rogan,-1,,3,International,Y,W
259,941540,33463,Paul Popoaia,951,Romania,359.08,359.08,602,1,88,66,0,0,8,Turnover,250,Bad Offload,677,Error on Attack,0,,0,,0,,0,,0,,0,,0,,0,,0,0,0,0,,1,5,7,0,3,953,Canada,951,Romania,12/07/2024,19:00,13,10,35,22,3,0,1146,TD Place,-1,NA,1,2023,15,15,Full Back,0,,0,,1000761,Hollie Davidson,1001076,Kat Roche,1001022,Luke Rogan,-1,,3,International,N,L
260,941540,33463,Paul Popoaia,951,Romania,359.08,361.20,602,1,88,66,84,60,3,Pass,151,Offload,130,To Opposition,686,Medium Pass,681,Left Pass,705,5th+ Receiver,0,,0,,0,,0,,0,,7,8,4,0,,1,5,7,0,3,953,Canada,951,Romania,12/07/2024,19:00,13,10,35,22,3,0,1146,TD Place,-1,NA,1,2023,15,15,Full Back,0,,0,,1000761,Hollie Davidson,1001076,Kat Roche,1001022,Luke Rogan,-1,,3,International,N,L
261,941540,0,,951,Romania,330.96,361.20,604,1,89,0,84,60,15,Possession,306,Lineout,318,Turnover,0,,685,Starts inside Opposition 22,0,,0,,0,,0,,0,,0,,-5,0,0,0,,1,5,7,0,3,953,Canada,951,Romania,12/07/2024,19:00,13,10,35,22,3,0,1146,TD Place,-1,NA,1,2023,,,,0,,0,,1000761,Hollie Davidson,1001076,Kat Roche,1001022,Luke Rogan,-1,,3,International,N,L
262,941540,33642,Cooper Coats,953,Canada,361.20,361.20,604,1,16,8,0,0,18,Collection,274,Defensive Loose Ball,277,Success,0,,0,,0,,0,,0,,0,,0,,0,,0,0,0,0,,1,6,7,0,3,953,Canada,951,Romania,12/07/2024,19:00,13,10,35,22,3,0,1146,TD Place,-1,NA,1,2023,15,15,Full Back,0,,0,,1000761,Hollie Davidson,1001076,Kat Roche,1001022,Luke Rogan,-1,,3,International,Y,W
263,941540,0,,953,Canada,361.20,361.20,604,1,16,8,0,0,45,Defensive Exits,630,Kicked out of 22,0,,0,,0,,0,,0,,0,,0,,0,,0,,0,0,0,0,,1,6,7,0,3,953,Canada,951,Romania,12/07/2024,19:00,13,10,35,22,3,0,1146,TD Place,-1,NA,1,2023,,,,0,,0,,1000761,Hollie Davidson,1001076,Kat Roche,1001022,Luke Rogan,-1,,3,International,Y,W
264,941540,33642,Cooper Coats,953,Canada,361.20,362.56,604,1,16,8,17,7,1,Carry,103,Other Carry,108,Tackled Neutral,110,Neutral Gain line,461,Neutral Contact,501,1 Tacklers Committed,700,0th Receiver,0,,0,,0,,0,,0,0,0,0,,1,6,7,0,3,953,Canada,951,Romania,12/07/2024,19:00,13,10,35,22,3,0,1146,TD Place,-1,NA,1,2023,15,15,Full Back,0,,0,,1000761,Hollie Davidson,1001076,Kat Roche,1001022,Luke Rogan,-1,,3,International,Y,W
265,941540,27747,Hinckley Vaovasa,951,Romania,361.92,361.92,605,1,84,60,0,0,2,Tackle,147,Other,153,Complete,0,,474,Neutral Tackle,708,1st Tackler,0,,0,,0,,0,,0,,0,0,0,0,,1,6,7,0,3,953,Canada,951,Romania,12/07/2024,19:00,13,10,35,22,3,0,1146,TD Place,-1,NA,1,2023,10,10,Fly Half,0,,0,,1000761,Hollie Davidson,1001076,Kat Roche,1001022,Luke Rogan,-1,,3,International,N,L
266,941540,33642,Cooper Coats,953,Canada,362.56,367.44,605,1,17,7,0,0,23,Ruck,0,,401,Won Outright,551,N/A Gainline,556,4-5 Seconds,664,Close Right Open Movement Ruck,0,,0,,0,,0,,0,,0,0,1,5,,1,6,7,0,3,953,Canada,951,Romania,12/07/2024,19:00,13,10,35,22,3,0,1146,TD Place,-1,NA,1,2023,15,15,Full Back,0,,0,,1000761,Hollie Davidson,1001076,Kat Roche,1001022,Luke Rogan,-1,,3,International,Y,W
267,941540,38465,Mason Flesch,953,Canada,363.96,363.96,607,1,17,7,0,0,43,Ruck OOA,574,Secured,583,Own Team 1st Entry,588,OOA Entry 1st Entry- Att,632,Attacking OOA,0,1,0,,0,,0,,0,,0,,0,0,0,0,,1,6,7,0,3,953,Canada,951,Romania,12/07/2024,19:00,13,10,35,22,3,0,1146,TD Place,-1,NA,1,2023,06,6,Blindside Flanker,0,,0,,1000761,Hollie Davidson,1001076,Kat Roche,1001022,Luke Rogan,-1,,3,International,Y,W
268,941540,25195,Ben LeSage,953,Canada,364.64,364.64,608,1,17,7,0,0,43,Ruck OOA,574,Secured,584,Own Team 2nd Entry,589,OOA Entry 2nd Entry- Att,632,Attacking OOA,0,2,0,,0,,0,,0,,0,,0,0,0,0,,1,6,7,0,3,953,Canada,951,Romania,12/07/2024,19:00,13,10,35,22,3,0,1146,TD Place,-1,NA,1,2023,13,13,Outside Centre,0,,0,,1000761,Hollie Davidson,1001076,Kat Roche,1001022,Luke Rogan,-1,,3,International,Y,W
269,941540,29316,Nicolaas Immelman,951,Romania,364.76,364.76,608,1,84,61,0,0,43,Ruck OOA,577,Not Clearing,583,Own Team 1st Entry,603,OOA Entry 1st Entry- Def,633,Defensive OOA,0,1,0,,0,,0,,0,,0,,0,0,0,0,,1,6,7,0,3,953,Canada,951,Romania,12/07/2024,19:00,13,10,35,22,3,0,1146,TD Place,-1,NA,1,2023,08,8,Number 8,0,,0,,1000761,Hollie Davidson,1001076,Kat Roche,1001022,Luke Rogan,-1,,3,International,N,L
270,941540,25183,Lucas Rumball,953,Canada,366.16,366.16,609,1,17,7,0,0,43,Ruck OOA,574,Secured,585,Own Team 3rd Entry,590,OOA Entry 3rd Entry- Att,632,Attacking OOA,0,3,0,,0,,0,,0,,0,,0,0,0,0,,1,6,7,0,3,953,Canada,951,Romania,12/07/2024,19:00,13,10,35,22,3,0,1146,TD Place,-1,NA,1,2023,08,8,Number 8,0,,0,,1000761,Hollie Davidson,1001076,Kat Roche,1001022,Luke Rogan,-1,,3,International,Y,W
271,941540,56146,Ethan Fryer,953,Canada,367.44,367.44,610,1,17,7,0,0,18,Collection,631,General Catch,0,,0,,0,,0,,0,,0,,0,,0,,0,,0,0,0,0,,2,6,7,0,3,953,Canada,951,Romania,12/07/2024,19:00,13,10,35,22,3,0,1146,TD Place,-1,NA,1,2023,07,7,Openside Flanker,0,,0,,1000761,Hollie Davidson,1001076,Kat Roche,1001022,Luke Rogan,-1,,3,International,Y,W
272,941540,56146,Ethan Fryer,953,Canada,367.44,367.44,610,1,17,7,0,0,47,Playmaker Options,672,Acting Halfback at Breakdown,675,Playmaker Option - Pass,0,,0,,0,,0,,0,,0,,0,,0,,0,0,0,0,,2,6,7,0,3,953,Canada,951,Romania,12/07/2024,19:00,13,10,35,22,3,0,1146,TD Place,-1,NA,1,2023,07,7,Openside Flanker,0,,0,,1000761,Hollie Davidson,1001076,Kat Roche,1001022,Luke Rogan,-1,,3,International,Y,W
273,941540,56146,Ethan Fryer,953,Canada,367.88,368.84,611,1,17,7,15,12,3,Pass,169,Complete,0,,679,Short Pass,682,Right Pass,700,0th Receiver,0,,0,,0,,0,,0,,5,5,1,0,,2,6,7,0,3,953,Canada,951,Romania,12/07/2024,19:00,13,10,35,22,3,0,1146,TD Place,-1,NA,1,2023,07,7,Openside Flanker,0,,0,,1000761,Hollie Davidson,1001076,Kat Roche,1001022,Luke Rogan,-1,,3,International,Y,W
274,941540,25189,Andrew Quattrin,953,Canada,368.84,368.84,612,1,15,12,0,0,18,Collection,631,General Catch,0,,0,,0,,0,,0,,0,,0,,0,,0,,0,0,0,0,,2,6,7,0,3,953,Canada,951,Romania,12/07/2024,19:00,13,10,35,22,3,0,1146,TD Place,-1,NA,1,2023,02,2,Hooker,0,,0,,1000761,Hollie Davidson,1001076,Kat Roche,1001022,Luke Rogan,-1,,3,International,Y,W
275,941540,25189,Andrew Quattrin,953,Canada,368.84,368.84,612,1,15,12,0,0,47,Playmaker Options,656,First Receiver,673,Playmaker Option - Carry,0,,0,,0,,0,,0,,0,,0,,0,,0,0,0,0,,2,6,7,0,3,953,Canada,951,Romania,12/07/2024,19:00,13,10,35,22,3,0,1146,TD Place,-1,NA,1,2023,02,2,Hooker,0,,0,,1000761,Hollie Davidson,1001076,Kat Roche,1001022,Luke Rogan,-1,,3,International,Y,W
276,941540,25189,Andrew Quattrin,953,Canada,368.84,370.00,612,1,15,12,18,13,1,Carry,101,One Out Drive,108,Tackled Neutral,109,Crossed Gain line,461,Neutral Contact,501,1 Tacklers Committed,701,1st Receiver,0,,0,,0,,0,,1,2,1,1,,2,6,7,0,3,953,Canada,951,Romania,12/07/2024,19:00,13,10,35,22,3,0,1146,TD Place,-1,NA,1,2023,02,2,Hooker,0,,0,,1000761,Hollie Davidson,1001076,Kat Roche,1001022,Luke Rogan,-1,,3,International,Y,W
277,941540,39780,Stefan Buruiana,951,Romania,369.04,369.04,612,1,84,55,0,0,2,Tackle,144,Line,153,Complete,0,,474,Neutral Tackle,708,1st Tackler,0,,0,,0,,0,,0,,0,0,0,0,,2,6,7,0,3,953,Canada,951,Romania,12/07/2024,19:00,13,10,35,22,3,0,1146,TD Place,-1,NA,1,2023,02,2,Hooker,0,,0,,1000761,Hollie Davidson,1001076,Kat Roche,1001022,Luke Rogan,-1,,3,International,N,L
278,941540,25189,Andrew Quattrin,953,Canada,370.00,379.68,613,1,18,13,0,0,23,Ruck,0,,401,Won Outright,548,Over Previous Gainline,558,6+ Seconds,676,N/A Movement Ruck,0,,0,,0,,0,,0,,0,0,0,0,,2,6,7,0,3,953,Canada,951,Romania,12/07/2024,19:00,13,10,35,22,3,0,1146,TD Place,-1,NA,1,2023,02,2,Hooker,0,,0,,1000761,Hollie Davidson,1001076,Kat Roche,1001022,Luke Rogan,-1,,3,International,Y,W
279,941540,27090,Conor Keys,953,Canada,370.32,370.32,613,1,18,13,0,0,43,Ruck OOA,575,Attended,583,Own Team 1st Entry,588,OOA Entry 1st Entry- Att,632,Attacking OOA,0,1,0,,0,,0,,0,,0,,0,0,0,0,,2,6,7,0,3,953,Canada,951,Romania,12/07/2024,19:00,13,10,35,22,3,0,1146,TD Place,-1,NA,1,2023,04,4,Lock (4),0,,0,,1000761,Hollie Davidson,1001076,Kat Roche,1001022,Luke Rogan,-1,,3,International,Y,W
280,941540,29377,Liam Murray,953,Canada,371.00,371.00,614,1,18,13,0,0,43,Ruck OOA,574,Secured,584,Own Team 2nd Entry,589,OOA Entry 2nd Entry- Att,632,Attacking OOA,0,2,0,,0,,0,,0,,0,,0,0,0,0,,2,6,7,0,3,953,Canada,951,Romania,12/07/2024,19:00,13,10,35,22,3,0,1146,TD Place,-1,NA,1,2023,01,1,Loosehead Prop,0,,0,,1000761,Hollie Davidson,1001076,Kat Roche,1001022,Luke Rogan,-1,,3,International,Y,W
281,941540,25183,Lucas Rumball,953,Canada,372.24,372.24,615,1,18,13,0,0,43,Ruck OOA,574,Secured,585,Own Team 3rd Entry,590,OOA Entry 3rd Entry- Att,632,Attacking OOA,0,3,0,,0,,0,,0,,0,,0,0,0,0,,2,6,7,0,3,953,Canada,951,Romania,12/07/2024,19:00,13,10,35,22,3,0,1146,TD Place,-1,NA,1,2023,08,8,Number 8,0,,0,,1000761,Hollie Davidson,1001076,Kat Roche,1001022,Luke Rogan,-1,,3,International,Y,W
282,941540,29383,Conor Young,953,Canada,377.64,377.64,621,1,18,13,0,0,43,Ruck OOA,575,Attended,586,Own Team 4th Entry,591,OOA Entry 4th Entry- Att,632,Attacking OOA,0,4,0,,0,,0,,0,,0,,0,0,0,0,,2,6,7,0,3,953,Canada,951,Romania,12/07/2024,19:00,13,10,35,22,3,0,1146,TD Place,-1,NA,1,2023,03,3,Tighthead Prop,0,,0,,1000761,Hollie Davidson,1001076,Kat Roche,1001022,Luke Rogan,-1,,3,International,Y,W
283,941540,38159,Jason Higgins,953,Canada,379.68,379.68,623,1,18,13,0,0,18,Collection,631,General Catch,0,,0,,0,,0,,0,,0,,0,,0,,0,,0,0,0,0,,3,6,7,0,3,953,Canada,951,Romania,12/07/2024,19:00,13,10,35,22,3,0,1146,TD Place,-1,NA,1,2023,09,9,Scrum Half,0,,0,,1000761,Hollie Davidson,1001076,Kat Roche,1001022,Luke Rogan,-1,,3,International,Y,W
284,941540,38159,Jason Higgins,953,Canada,379.68,379.68,623,1,18,13,0,0,47,Playmaker Options,671,Halfback at Breakdown,674,Playmaker Option - Kick,0,,0,,0,,0,,0,,0,,0,,0,,0,0,0,0,,3,6,7,0,3,953,Canada,951,Romania,12/07/2024,19:00,13,10,35,22,3,0,1146,TD Place,-1,NA,1,2023,09,9,Scrum Half,0,,0,,1000761,Hollie Davidson,1001076,Kat Roche,1001022,Luke Rogan,-1,,3,International,Y,W
285,941540,38159,Jason Higgins,953,Canada,380.44,383.84,623,1,17,13,40,0,4,Kick,346,Box,193,Kick in Touch (Full),186,Kick in Play (Own 22),0,,0,,0,,0,,0,,0,,0,,23,26,0,0,,3,6,7,0,3,953,Canada,951,Romania,12/07/2024,19:00,13,10,35,22,3,0,1146,TD Place,-1,NA,1,2023,09,9,Scrum Half,0,,0,,1000761,Hollie Davidson,1001076,Kat Roche,1001022,Luke Rogan,-1,,3,International,Y,W
286,941540,0,,951,Romania,330.96,383.84,627,1,89,0,60,68,26,Sequences,306,Lineout,315,Kick Out of Play,0,,0,,0,,0,,0,,0,,0,,0,,-29,0,0,0,,3,6,7,0,3,953,Canada,951,Romania,12/07/2024,19:00,13,10,35,22,3,0,1146,TD Place,-1,NA,1,2023,,,,0,,0,,1000761,Hollie Davidson,1001076,Kat Roche,1001022,Luke Rogan,-1,,3,International,N,L
287,941540,0,,953,Canada,361.20,383.84,627,1,16,8,40,0,15,Possession,308,Turnover Won,315,Kick Out of Play,0,,684,Fails to enter into Opposition 22,0,,0,,0,,0,,0,,0,,24,0,0,0,,3,6,7,0,3,953,Canada,951,Romania,12/07/2024,19:00,13,10,35,22,3,0,1146,TD Place,-1,NA,1,2023,,,,0,,0,,1000761,Hollie Davidson,1001076,Kat Roche,1001022,Luke Rogan,-1,,3,International,Y,W
288,941540,39780,Stefan Buruiana,951,Romania,415.96,417.28,659,1,60,68,60,58,6,Lineout Throw,372,Throw Middle,376,Won Clean Catch,211,Off The Top,0,5,659,Wide Left Open Movement Lineout,730,5 Players,724,Halfback in Position,0,,0,,0,,10,0,3,49,,1,7,8,0,3,953,Canada,951,Romania,12/07/2024,19:00,13,10,35,22,3,0,1146,TD Place,-1,NA,1,2023,02,2,Hooker,0,,0,,1000761,Hollie Davidson,1001076,Kat Roche,1001022,Luke Rogan,-1,,3,International,N,L
289,941540,63895,Yanis Horvat,951,Romania,417.28,417.28,700,1,60,58,0,0,27,Lineout Take,387,Lineout Win Middle,376,Won Clean,211,Off The Top,396,Clean Catch,0,,0,,0,,0,,0,,0,,0,0,0,0,,1,7,8,0,3,953,Canada,951,Romania,12/07/2024,19:00,13,10,35,22,3,0,1146,TD Place,-1,NA,1,2023,04,4,Lock (4),0,,0,,1000761,Hollie Davidson,1001076,Kat Roche,1001022,Luke Rogan,-1,,3,International,N,L
290,941540,63895,Yanis Horvat,951,Romania,417.64,418.12,701,1,60,58,58,60,3,Pass,169,Complete,0,,679,Short Pass,682,Right Pass,700,0th Receiver,0,,0,,0,,0,,0,,2,3,3,0,,1,7,8,0,3,953,Canada,951,Romania,12/07/2024,19:00,13,10,35,22,3,0,1146,TD Place,-1,NA,1,2023,04,4,Lock (4),0,,0,,1000761,Hollie Davidson,1001076,Kat Roche,1001022,Luke Rogan,-1,,3,International,N,L
291,941540,57666,Alin Conache,951,Romania,418.12,418.12,701,1,58,60,0,0,18,Collection,631,General Catch,0,,0,,0,,0,,0,,0,,0,,0,,0,,0,0,0,0,,1,7,8,0,3,953,Canada,951,Romania,12/07/2024,19:00,13,10,35,22,3,0,1146,TD Place,-1,NA,1,2023,09,9,Scrum Half,0,,0,,1000761,Hollie Davidson,1001076,Kat Roche,1001022,Luke Rogan,-1,,3,International,N,L
292,941540,57666,Alin Conache,951,Romania,418.16,420.08,701,1,57,58,55,48,3,Pass,169,Complete,0,,686,Medium Pass,681,Left Pass,701,1st Receiver,0,,0,,0,,0,,0,,11,11,2,0,,1,7,8,0,3,953,Canada,951,Romania,12/07/2024,19:00,13,10,35,22,3,0,1146,TD Place,-1,NA,1,2023,09,9,Scrum Half,0,,0,,1000761,Hollie Davidson,1001076,Kat Roche,1001022,Luke Rogan,-1,,3,International,N,L
293,941540,27747,Hinckley Vaovasa,951,Romania,420.08,420.08,703,1,55,48,0,0,18,Collection,631,General Catch,0,,0,,0,,0,,0,,0,,0,,0,,0,,0,0,0,0,,1,7,8,0,3,953,Canada,951,Romania,12/07/2024,19:00,13,10,35,22,3,0,1146,TD Place,-1,NA,1,2023,10,10,Fly Half,0,,0,,1000761,Hollie Davidson,1001076,Kat Roche,1001022,Luke Rogan,-1,,3,International,N,L
294,941540,27747,Hinckley Vaovasa,951,Romania,420.12,421.68,703,1,56,46,54,33,3,Pass,169,Complete,0,,686,Medium Pass,681,Left Pass,702,2nd Receiver,0,,0,,0,,0,,0,,13,13,2,0,,1,7,8,0,3,953,Canada,951,Romania,12/07/2024,19:00,13,10,35,22,3,0,1146,TD Place,-1,NA,1,2023,10,10,Fly Half,0,,0,,1000761,Hollie Davidson,1001076,Kat Roche,1001022,Luke Rogan,-1,,3,International,N,L
295,941540,40389,Jason Tomane,951,Romania,421.68,421.68,705,1,54,33,0,0,18,Collection,631,General Catch,0,,0,,0,,0,,0,,0,,0,,0,,0,,0,0,0,0,,1,7,8,0,3,953,Canada,951,Romania,12/07/2024,19:00,13,10,35,22,3,0,1146,TD Place,-1,NA,1,2023,12,12,Inside Centre,0,,0,,1000761,Hollie Davidson,1001076,Kat Roche,1001022,Luke Rogan,-1,,3,International,N,L
296,941540,40389,Jason Tomane,951,Romania,421.72,423.52,705,1,57,30,54,21,3,Pass,169,Complete,0,,686,Medium Pass,681,Left Pass,703,3rd Receiver,0,,0,,0,,0,,0,,9,10,3,0,,1,7,8,0,3,953,Canada,951,Romania,12/07/2024,19:00,13,10,35,22,3,0,1146,TD Place,-1,NA,1,2023,12,12,Inside Centre,0,,0,,1000761,Hollie Davidson,1001076,Kat Roche,1001022,Luke Rogan,-1,,3,International,N,L
297,941540,20983,Tevita Manumua,951,Romania,423.52,423.52,706,1,54,21,0,0,18,Collection,631,General Catch,0,,0,,0,,0,,0,,0,,0,,0,,0,,0,0,0,0,,1,7,8,0,3,953,Canada,951,Romania,12/07/2024,19:00,13,10,35,22,3,0,1146,TD Place,-1,NA,1,2023,11,11,Left Wing,0,,0,,1000761,Hollie Davidson,1001076,Kat Roche,1001022,Luke Rogan,-1,,3,International,N,L
298,941540,20983,Tevita Manumua,951,Romania,423.52,425.32,706,1,54,21,63,10,1,Carry,103,Other Carry,107,Tackled Dominant,109,Crossed Gain line,460,Dominant Contact,501,1 Tacklers Committed,704,4th Receiver,0,,0,,0,,0,,3,9,2,2,,1,7,8,0,3,953,Canada,951,Romania,12/07/2024,19:00,13,10,35,22,3,0,1146,TD Place,-1,NA,1,2023,11,11,Left Wing,0,,0,,1000761,Hollie Davidson,1001076,Kat Roche,1001022,Luke Rogan,-1,,3,International,N,L
299,941540,25195,Ben LeSage,953,Canada,425.04,425.04,708,1,39,57,0,0,2,Tackle,144,Line,160,Passive,0,,475,Ineffective Tackle,708,1st Tackler,0,,0,,0,,0,,0,,0,0,0,0,,1,7,8,0,3,953,Canada,951,Romania,12/07/2024,19:00,13,10,35,22,3,0,1146,TD Place,-1,NA,1,2023,13,13,Outside Centre,0,,0,,1000761,Hollie Davidson,1001076,Kat Roche,1001022,Luke Rogan,-1,,3,International,Y,W
300,941540,20983,Tevita Manumua,951,Romania,425.32,428.96,708,1,63,10,0,0,23,Ruck,0,,401,Won Outright,548,Over Previous Gainline,555,3-4 Seconds,660,Wide Right Open Movement Ruck,0,,0,,0,,0,,0,,0,0,-4,36,,1,7,8,0,3,953,Canada,951,Romania,12/07/2024,19:00,13,10,35,22,3,0,1146,TD Place,-1,NA,1,2023,11,11,Left Wing,0,,0,,1000761,Hollie Davidson,1001076,Kat Roche,1001022,Luke Rogan,-1,,3,International,N,L
301,941540,28377,Andrew Coe,953,Canada,425.92,425.92,709,1,37,58,0,0,43,Ruck OOA,578,Got Cleaned Out,583,Own Team 1st Entry,603,OOA Entry 1st Entry- Def,633,Defensive OOA,0,1,0,,0,,0,,0,,0,,0,0,0,0,,1,7,8,0,3,953,Canada,951,Romania,12/07/2024,19:00,13,10,35,22,3,0,1146,TD Place,-1,NA,1,2023,14,14,Right Wing,0,,0,,1000761,Hollie Davidson,1001076,Kat Roche,1001022,Luke Rogan,-1,,3,International,Y,W
302,941540,33463,Paul Popoaia,951,Romania,426.08,426.08,709,1,63,10,0,0,43,Ruck OOA,572,Cleaned Out,583,Own Team 1st Entry,588,OOA Entry 1st Entry- Att,632,Attacking OOA,0,1,0,,0,,0,,0,,0,,0,0,0,0,,1,7,8,0,3,953,Canada,951,Romania,12/07/2024,19:00,13,10,35,22,3,0,1146,TD Place,-1,NA,1,2023,15,15,Full Back,0,,0,,1000761,Hollie Davidson,1001076,Kat Roche,1001022,Luke Rogan,-1,,3,International,N,L
303,941540,60960,Mihai Graure,951,Romania,427.88,427.88,711,1,63,10,0,0,43,Ruck OOA,574,Secured,584,Own Team 2nd Entry,589,OOA Entry 2nd Entry- Att,632,Attacking OOA,0,2,0,,0,,0,,0,,0,,0,0,0,0,,1,7,8,0,3,953,Canada,951,Romania,12/07/2024,19:00,13,10,35,22,3,0,1146,TD Place,-1,NA,1,2023,13,13,Outside Centre,0,,0,,1000761,Hollie Davidson,1001076,Kat Roche,1001022,Luke Rogan,-1,,3,International,N,L
304,941540,36759,Dragos Ser,951,Romania,428.24,428.24,711,1,63,10,0,0,43,Ruck OOA,574,Secured,585,Own Team 3rd Entry,590,OOA Entry 3rd Entry- Att,632,Attacking OOA,0,3,0,,0,,0,,0,,0,,0,0,0,0,,1,7,8,0,3,953,Canada,951,Romania,12/07/2024,19:00,13,10,35,22,3,0,1146,TD Place,-1,NA,1,2023,07,7,Openside Flanker,0,,0,,1000761,Hollie Davidson,1001076,Kat Roche,1001022,Luke Rogan,-1,,3,International,N,L
305,941540,57666,Alin Conache,951,Romania,428.96,428.96,712,1,63,10,0,0,18,Collection,631,General Catch,0,,0,,0,,0,,0,,0,,0,,0,,0,,0,0,0,0,,2,7,8,0,3,953,Canada,951,Romania,12/07/2024,19:00,13,10,35,22,3,0,1146,TD Place,-1,NA,1,2023,09,9,Scrum Half,0,,0,,1000761,Hollie Davidson,1001076,Kat Roche,1001022,Luke Rogan,-1,,3,International,N,L
306,941540,57666,Alin Conache,951,Romania,428.96,428.96,712,1,63,10,0,0,47,Playmaker Options,671,Halfback at Breakdown,675,Playmaker Option - Pass,0,,0,,0,,0,,0,,0,,0,,0,,0,0,0,0,,2,7,8,0,3,953,Canada,951,Romania,12/07/2024,19:00,13,10,35,22,3,0,1146,TD Place,-1,NA,1,2023,09,9,Scrum Half,0,,0,,1000761,Hollie Davidson,1001076,Kat Roche,1001022,Luke Rogan,-1,,3,International,N,L
307,941540,57666,Alin Conache,951,Romania,429.20,430.36,712,1,63,10,59,18,3,Pass,169,Complete,0,,686,Medium Pass,682,Right Pass,700,0th Receiver,0,,0,,0,,0,,0,,8,9,4,0,,2,7,8,0,3,953,Canada,951,Romania,12/07/2024,19:00,13,10,35,22,3,0,1146,TD Place,-1,NA,1,2023,09,9,Scrum Half,0,,0,,1000761,Hollie Davidson,1001076,Kat Roche,1001022,Luke Rogan,-1,,3,International,N,L
308,941540,27747,Hinckley Vaovasa,951,Romania,430.36,430.36,713,1,59,18,0,0,18,Collection,631,General Catch,0,,0,,0,,0,,0,,0,,0,,0,,0,,0,0,0,0,,2,7,8,0,3,953,Canada,951,Romania,12/07/2024,19:00,13,10,35,22,3,0,1146,TD Place,-1,NA,1,2023,10,10,Fly Half,0,,0,,1000761,Hollie Davidson,1001076,Kat Roche,1001022,Luke Rogan,-1,,3,International,N,L
309,941540,27747,Hinckley Vaovasa,951,Romania,430.36,430.36,713,1,59,18,0,0,47,Playmaker Options,656,First Receiver,675,Playmaker Option - Pass,0,,0,,0,,0,,0,,0,,0,,0,,0,0,0,0,,2,7,8,0,3,953,Canada,951,Romania,12/07/2024,19:00,13,10,35,22,3,0,1146,TD Place,-1,NA,1,2023,10,10,Fly Half,0,,0,,1000761,Hollie Davidson,1001076,Kat Roche,1001022,Luke Rogan,-1,,3,International,N,L
310,941540,27747,Hinckley Vaovasa,951,Romania,430.40,431.28,713,1,60,18,57,25,3,Pass,169,Complete,0,,686,Medium Pass,682,Right Pass,701,1st Receiver,0,,0,,0,,0,,0,,7,7,3,0,,2,7,8,0,3,953,Canada,951,Romania,12/07/2024,19:00,13,10,35,22,3,0,1146,TD Place,-1,NA,1,2023,10,10,Fly Half,0,,0,,1000761,Hollie Davidson,1001076,Kat Roche,1001022,Luke Rogan,-1,,3,International,N,L
311,941540,29316,Nicolaas Immelman,951,Romania,431.28,431.28,714,1,57,25,0,0,18,Collection,631,General Catch,0,,0,,0,,0,,0,,0,,0,,0,,0,,0,0,0,0,,2,7,8,0,3,953,Canada,951,Romania,12/07/2024,19:00,13,10,35,22,3,0,1146,TD Place,-1,NA,1,2023,08,8,Number 8,0,,0,,1000761,Hollie Davidson,1001076,Kat Roche,1001022,Luke Rogan,-1,,3,International,N,L
312,941540,29316,Nicolaas Immelman,951,Romania,431.28,431.28,714,1,57,25,0,0,47,Playmaker Options,657,Second Receiver,675,Playmaker Option - Pass,0,,0,,0,,0,,0,,0,,0,,0,,0,0,0,0,,2,7,8,0,3,953,Canada,951,Romania,12/07/2024,19:00,13,10,35,22,3,0,1146,TD Place,-1,NA,1,2023,08,8,Number 8,0,,0,,1000761,Hollie Davidson,1001076,Kat Roche,1001022,Luke Rogan,-1,,3,International,N,L
313,941540,29316,Nicolaas Immelman,951,Romania,431.32,432.96,714,1,57,26,54,36,3,Pass,169,Complete,0,,686,Medium Pass,682,Right Pass,702,2nd Receiver,0,,0,,0,,0,,0,,11,11,3,0,,2,7,8,0,3,953,Canada,951,Romania,12/07/2024,19:00,13,10,35,22,3,0,1146,TD Place,-1,NA,1,2023,08,8,Number 8,0,,0,,1000761,Hollie Davidson,1001076,Kat Roche,1001022,Luke Rogan,-1,,3,International,N,L
314,941540,40389,Jason Tomane,951,Romania,432.96,432.96,716,1,54,36,0,0,18,Collection,631,General Catch,0,,0,,0,,0,,0,,0,,0,,0,,0,,0,0,0,0,,2,7,8,0,3,953,Canada,951,Romania,12/07/2024,19:00,13,10,35,22,3,0,1146,TD Place,-1,NA,1,2023,12,12,Inside Centre,0,,0,,1000761,Hollie Davidson,1001076,Kat Roche,1001022,Luke Rogan,-1,,3,International,N,L
315,941540,40389,Jason Tomane,951,Romania,432.96,432.96,716,1,54,36,0,0,47,Playmaker Options,658,Third Receiver,673,Playmaker Option - Carry,0,,0,,0,,0,,0,,0,,0,,0,,0,0,0,0,,2,7,8,0,3,953,Canada,951,Romania,12/07/2024,19:00,13,10,35,22,3,0,1146,TD Place,-1,NA,1,2023,12,12,Inside Centre,0,,0,,1000761,Hollie Davidson,1001076,Kat Roche,1001022,Luke Rogan,-1,,3,International,N,L
316,941540,40389,Jason Tomane,951,Romania,432.96,434.72,716,1,54,36,59,45,1,Carry,103,Other Carry,108,Tackled Neutral,111,Failed Gain line,461,Neutral Contact,502,2 Tacklers Committed,703,3rd Receiver,0,,0,,0,,0,,0,5,1,1,,2,7,8,0,3,953,Canada,951,Romania,12/07/2024,19:00,13,10,35,22,3,0,1146,TD Place,-1,NA,1,2023,12,12,Inside Centre,0,,0,,1000761,Hollie Davidson,1001076,Kat Roche,1001022,Luke Rogan,-1,,3,International,N,L
317,941540,38465,Mason Flesch,953,Canada,433.80,433.80,717,1,42,25,0,0,2,Tackle,144,Line,153,Complete,0,,474,Neutral Tackle,708,1st Tackler,0,,0,,0,,0,,0,,0,0,0,0,,2,7,8,0,3,953,Canada,951,Romania,12/07/2024,19:00,13,10,35,22,3,0,1146,TD Place,-1,NA,1,2023,06,6,Blindside Flanker,0,,0,,1000761,Hollie Davidson,1001076,Kat Roche,1001022,Luke Rogan,-1,,3,International,Y,W
318,941540,27090,Conor Keys,953,Canada,434.32,434.32,717,1,42,25,0,0,2,Tackle,144,Line,153,Complete,441,Assist,474,Neutral Tackle,709,2nd Tackler,0,,0,,0,,0,,0,,0,0,0,0,,2,7,8,0,3,953,Canada,951,Romania,12/07/2024,19:00,13,10,35,22,3,0,1146,TD Place,-1,NA,1,2023,04,4,Lock (4),0,,0,,1000761,Hollie Davidson,1001076,Kat Roche,1001022,Luke Rogan,-1,,3,International,Y,W
319,941540,63895,Yanis Horvat,951,Romania,434.68,434.68,718,1,58,43,0,0,10,Attacking Qualities,529,Snake,0,,0,,0,,0,,0,,0,,0,,0,,0,,0,0,0,0,,2,7,8,0,3,953,Canada,951,Romania,12/07/2024,19:00,13,10,35,22,3,0,1146,TD Place,-1,NA,1,2023,04,4,Lock (4),0,,0,,1000761,Hollie Davidson,1001076,Kat Roche,1001022,Luke Rogan,-1,,3,International,N,L
320,941540,40389,Jason Tomane,951,Romania,434.72,436.64,718,1,59,45,0,0,23,Ruck,0,,401,Won Outright,549,Behind Previous Gainline,553,1-2 Seconds,664,Close Right Open Movement Ruck,0,,0,,0,,0,,0,,0,0,0,7,,2,7,8,0,3,953,Canada,951,Romania,12/07/2024,19:00,13,10,35,22,3,0,1146,TD Place,-1,NA,1,2023,12,12,Inside Centre,0,,0,,1000761,Hollie Davidson,1001076,Kat Roche,1001022,Luke Rogan,-1,,3,International,N,L
321,941540,34102,Vasile Balan,951,Romania,436.52,436.52,719,1,59,45,0,0,43,Ruck OOA,575,Attended,583,Own Team 1st Entry,588,OOA Entry 1st Entry- Att,632,Attacking OOA,0,1,0,,0,,0,,0,,0,,0,0,0,0,,2,7,8,0,3,953,Canada,951,Romania,12/07/2024,19:00,13,10,35,22,3,0,1146,TD Place,-1,NA,1,2023,03,3,Tighthead Prop,0,,0,,1000761,Hollie Davidson,1001076,Kat Roche,1001022,Luke Rogan,-1,,3,International,N,L
322,941540,57666,Alin Conache,951,Romania,436.64,436.64,720,1,59,45,0,0,18,Collection,631,General Catch,0,,0,,0,,0,,0,,0,,0,,0,,0,,0,0,0,0,,3,7,8,0,3,953,Canada,951,Romania,12/07/2024,19:00,13,10,35,22,3,0,1146,TD Place,-1,NA,1,2023,09,9,Scrum Half,0,,0,,1000761,Hollie Davidson,1001076,Kat Roche,1001022,Luke Rogan,-1,,3,International,N,L
323,941540,57666,Alin Conache,951,Romania,436.64,436.64,720,1,59,45,0,0,47,Playmaker Options,671,Halfback at Breakdown,675,Playmaker Option - Pass,0,,0,,0,,0,,0,,0,,0,,0,,0,0,0,0,,3,7,8,0,3,953,Canada,951,Romania,12/07/2024,19:00,13,10,35,22,3,0,1146,TD Place,-1,NA,1,2023,09,9,Scrum Half,0,,0,,1000761,Hollie Davidson,1001076,Kat Roche,1001022,Luke Rogan,-1,,3,International,N,L
324,941540,57666,Alin Conache,951,Romania,436.96,438.32,720,1,59,45,57,50,3,Pass,169,Complete,0,,686,Medium Pass,682,Right Pass,700,0th Receiver,0,,0,,0,,0,,0,,5,5,2,0,,3,7,8,0,3,953,Canada,951,Romania,12/07/2024,19:00,13,10,35,22,3,0,1146,TD Place,-1,NA,1,2023,09,9,Scrum Half,0,,0,,1000761,Hollie Davidson,1001076,Kat Roche,1001022,Luke Rogan,-1,,3,International,N,L
325,941540,39780,Stefan Buruiana,951,Romania,438.32,438.32,721,1,57,50,0,0,18,Collection,631,General Catch,0,,0,,0,,0,,0,,0,,0,,0,,0,,0,0,0,0,,3,7,8,0,3,953,Canada,951,Romania,12/07/2024,19:00,13,10,35,22,3,0,1146,TD Place,-1,NA,1,2023,02,2,Hooker,0,,0,,1000761,Hollie Davidson,1001076,Kat Roche,1001022,Luke Rogan,-1,,3,International,N,L
326,941540,39780,Stefan Buruiana,951,Romania,438.32,438.32,721,1,57,50,0,0,47,Playmaker Options,656,First Receiver,673,Playmaker Option - Carry,0,,0,,0,,0,,0,,0,,0,,0,,0,0,0,0,,3,7,8,0,3,953,Canada,951,Romania,12/07/2024,19:00,13,10,35,22,3,0,1146,TD Place,-1,NA,1,2023,02,2,Hooker,0,,0,,1000761,Hollie Davidson,1001076,Kat Roche,1001022,Luke Rogan,-1,,3,International,N,L
327,941540,39780,Stefan Buruiana,951,Romania,438.32,439.28,721,1,57,50,59,52,1,Carry,101,One Out Drive,108,Tackled Neutral,110,Neutral Gain line,461,Neutral Contact,501,1 Tacklers Committed,701,1st Receiver,0,,0,,0,,0,,0,2,1,1,,3,7,8,0,3,953,Canada,951,Romania,12/07/2024,19:00,13,10,35,22,3,0,1146,TD Place,-1,NA,1,2023,02,2,Hooker,0,,0,,1000761,Hollie Davidson,1001076,Kat Roche,1001022,Luke Rogan,-1,,3,International,N,L
328,941540,29383,Conor Young,953,Canada,438.40,438.40,721,1,42,17,0,0,2,Tackle,144,Line,153,Complete,0,,474,Neutral Tackle,708,1st Tackler,0,,0,,0,,0,,0,,0,0,0,0,,3,7,8,0,3,953,Canada,951,Romania,12/07/2024,19:00,13,10,35,22,3,0,1146,TD Place,-1,NA,1,2023,03,3,Tighthead Prop,0,,0,,1000761,Hollie Davidson,1001076,Kat Roche,1001022,Luke Rogan,-1,,3,International,Y,W
329,941540,39780,Stefan Buruiana,951,Romania,439.28,441.68,722,1,59,52,0,0,23,Ruck,0,,401,Won Outright,550,Equal to Previous  Gainline,554,2-3 Seconds,666,Close Right Blindside Movement Ruck,0,,0,,0,,0,,0,,0,0,2,9,,3,7,8,0,3,953,Canada,951,Romania,12/07/2024,19:00,13,10,35,22,3,0,1146,TD Place,-1,NA,1,2023,02,2,Hooker,0,,0,,1000761,Hollie Davidson,1001076,Kat Roche,1001022,Luke Rogan,-1,,3,International,N,L
330,941540,34051,Iulian Hartig,951,Romania,440.64,440.64,724,1,59,52,0,0,43,Ruck OOA,574,Secured,583,Own Team 1st Entry,588,OOA Entry 1st Entry- Att,632,Attacking OOA,0,1,0,,0,,0,,0,,0,,0,0,0,0,,3,7,8,0,3,953,Canada,951,Romania,12/07/2024,19:00,13,10,35,22,3,0,1146,TD Place,-1,NA,1,2023,01,1,Loosehead Prop,0,,0,,1000761,Hollie Davidson,1001076,Kat Roche,1001022,Luke Rogan,-1,,3,International,N,L
331,941540,33151,Vlad Neculau,951,Romania,441.64,441.64,725,1,59,52,0,0,43,Ruck OOA,574,Secured,584,Own Team 2nd Entry,589,OOA Entry 2nd Entry- Att,632,Attacking OOA,0,2,0,,0,,0,,0,,0,,0,0,0,0,,3,7,8,0,3,953,Canada,951,Romania,12/07/2024,19:00,13,10,35,22,3,0,1146,TD Place,-1,NA,1,2023,06,6,Blindside Flanker,0,,0,,1000761,Hollie Davidson,1001076,Kat Roche,1001022,Luke Rogan,-1,,3,International,N,L
332,941540,57666,Alin Conache,951,Romania,441.68,441.68,725,1,59,52,0,0,18,Collection,631,General Catch,0,,0,,0,,0,,0,,0,,0,,0,,0,,0,0,0,0,,4,7,8,0,3,953,Canada,951,Romania,12/07/2024,19:00,13,10,35,22,3,0,1146,TD Place,-1,NA,1,2023,09,9,Scrum Half,0,,0,,1000761,Hollie Davidson,1001076,Kat Roche,1001022,Luke Rogan,-1,,3,International,N,L
333,941540,57666,Alin Conache,951,Romania,441.68,441.68,725,1,59,52,0,0,47,Playmaker Options,671,Halfback at Breakdown,675,Playmaker Option - Pass,0,,0,,0,,0,,0,,0,,0,,0,,0,0,0,0,,4,7,8,0,3,953,Canada,951,Romania,12/07/2024,19:00,13,10,35,22,3,0,1146,TD Place,-1,NA,1,2023,09,9,Scrum Half,0,,0,,1000761,Hollie Davidson,1001076,Kat Roche,1001022,Luke Rogan,-1,,3,International,N,L
334,941540,57666,Alin Conache,951,Romania,442.80,443.64,726,1,58,53,58,59,3,Pass,169,Complete,0,,686,Medium Pass,682,Right Pass,700,0th Receiver,0,,0,,0,,0,,0,,5,5,1,0,,4,7,8,0,3,953,Canada,951,Romania,12/07/2024,19:00,13,10,35,22,3,0,1146,TD Place,-1,NA,1,2023,09,9,Scrum Half,0,,0,,1000761,Hollie Davidson,1001076,Kat Roche,1001022,Luke Rogan,-1,,3,International,N,L
335,941540,34102,Vasile Balan,951,Romania,443.64,443.64,727,1,58,59,0,0,18,Collection,631,General Catch,0,,0,,0,,0,,0,,0,,0,,0,,0,,0,0,0,0,,4,7,8,0,3,953,Canada,951,Romania,12/07/2024,19:00,13,10,35,22,3,0,1146,TD Place,-1,NA,1,2023,03,3,Tighthead Prop,0,,0,,1000761,Hollie Davidson,1001076,Kat Roche,1001022,Luke Rogan,-1,,3,International,N,L
336,941540,34102,Vasile Balan,951,Romania,443.64,443.64,727,1,58,59,0,0,47,Playmaker Options,656,First Receiver,673,Playmaker Option - Carry,0,,0,,0,,0,,0,,0,,0,,0,,0,0,0,0,,4,7,8,0,3,953,Canada,951,Romania,12/07/2024,19:00,13,10,35,22,3,0,1146,TD Place,-1,NA,1,2023,03,3,Tighthead Prop,0,,0,,1000761,Hollie Davidson,1001076,Kat Roche,1001022,Luke Rogan,-1,,3,International,N,L
337,941540,34102,Vasile Balan,951,Romania,443.64,445.28,727,1,58,59,61,61,1,Carry,101,One Out Drive,124,Penalty Conceded,109,Crossed Gain line,461,Neutral Contact,501,1 Tacklers Committed,701,1st Receiver,0,,0,,0,,0,,2,3,1,1,,4,7,8,0,3,953,Canada,951,Romania,12/07/2024,19:00,13,10,35,22,3,0,1146,TD Place,-1,NA,1,2023,03,3,Tighthead Prop,0,,0,,1000761,Hollie Davidson,1001076,Kat Roche,1001022,Luke Rogan,-1,,3,International,N,L
338,941540,19391,Peter Nelson,953,Canada,444.00,444.00,727,1,40,8,0,0,2,Tackle,144,Line,153,Complete,0,,474,Neutral Tackle,708,1st Tackler,0,,0,,0,,0,,0,,0,0,0,0,,4,7,8,0,3,953,Canada,951,Romania,12/07/2024,19:00,13,10,35,22,3,0,1146,TD Place,-1,NA,1,2023,10,10,Fly Half,0,,0,,1000761,Hollie Davidson,1001076,Kat Roche,1001022,Luke Rogan,-1,,3,International,Y,W
339,941540,38159,Jason Higgins,953,Canada,444.68,444.68,728,1,40,8,0,0,40,Defensive Action,560,Tackle Arrival,0,,0,,0,,0,,0,,0,,0,,0,,0,,0,0,0,0,,4,7,8,0,3,953,Canada,951,Romania,12/07/2024,19:00,13,10,35,22,3,0,1146,TD Place,-1,NA,1,2023,09,9,Scrum Half,0,,0,,1000761,Hollie Davidson,1001076,Kat Roche,1001022,Luke Rogan,-1,,3,International,Y,W
340,941540,34102,Vasile Balan,951,Romania,445.28,449.56,728,1,61,61,0,0,23,Ruck,0,,404,Penalty Conceded,548,Over Previous Gainline,559,N/A Ruck Speed,676,N/A Movement Ruck,0,,0,,0,,0,,0,,0,0,0,0,,4,7,8,0,3,953,Canada,951,Romania,12/07/2024,19:00,13,10,35,22,3,0,1146,TD Place,-1,NA,1,2023,03,3,Tighthead Prop,0,,0,,1000761,Hollie Davidson,1001076,Kat Roche,1001022,Luke Rogan,-1,,3,International,N,L
341,941540,29383,Conor Young,953,Canada,446.16,446.16,729,1,39,7,0,0,18,Collection,276,Jackal,277,Success,0,,0,,0,,0,,0,,0,,0,,0,,0,0,0,0,,4,7,8,0,3,953,Canada,951,Romania,12/07/2024,19:00,13,10,35,22,3,0,1146,TD Place,-1,NA,1,2023,03,3,Tighthead Prop,0,,0,,1000761,Hollie Davidson,1001076,Kat Roche,1001022,Luke Rogan,-1,,3,International,Y,W
342,941540,29383,Conor Young,953,Canada,446.16,446.16,729,1,39,7,0,0,43,Ruck OOA,580,Penalty Won,583,Own Team 1st Entry,603,OOA Entry 1st Entry- Def,633,Defensive OOA,0,1,0,,0,,0,,0,,0,,0,0,0,0,,4,7,8,0,3,953,Canada,951,Romania,12/07/2024,19:00,13,10,35,22,3,0,1146,TD Place,-1,NA,1,2023,03,3,Tighthead Prop,0,,0,,1000761,Hollie Davidson,1001076,Kat Roche,1001022,Luke Rogan,-1,,3,International,Y,W
343,941540,29316,Nicolaas Immelman,951,Romania,446.20,446.20,729,1,61,61,0,0,43,Ruck OOA,573,Failed Clearout,583,Own Team 1st Entry,588,OOA Entry 1st Entry- Att,632,Attacking OOA,0,1,0,,0,,0,,0,,0,,0,0,0,0,,4,7,8,0,3,953,Canada,951,Romania,12/07/2024,19:00,13,10,35,22,3,0,1146,TD Place,-1,NA,1,2023,08,8,Number 8,0,,0,,1000761,Hollie Davidson,1001076,Kat Roche,1001022,Luke Rogan,-1,,3,International,N,L
344,941540,23278,Andrei Mahu,951,Romania,446.24,446.24,729,1,61,61,0,0,43,Ruck OOA,573,Failed Clearout,584,Own Team 2nd Entry,589,OOA Entry 2nd Entry- Att,632,Attacking OOA,0,2,0,,0,,0,,0,,0,,0,0,0,0,,4,7,8,0,3,953,Canada,951,Romania,12/07/2024,19:00,13,10,35,22,3,0,1146,TD Place,-1,NA,1,2023,05,5,Lock (5),0,,0,,1000761,Hollie Davidson,1001076,Kat Roche,1001022,Luke Rogan,-1,,3,International,N,L
345,941540,34102,Vasile Balan,951,Romania,447.88,447.88,731,1,61,61,0,0,7,Penalty Conceded,216,Not Releasing,236,No Action,214,Offence,233,Full Penalty,0,,0,,0,,0,,0,,0,,0,0,0,0,,4,7,8,0,3,953,Canada,951,Romania,12/07/2024,19:00,13,10,35,22,3,0,1146,TD Place,-1,NA,1,2023,03,3,Tighthead Prop,0,,0,,1000761,Hollie Davidson,1001076,Kat Roche,1001022,Luke Rogan,-1,,3,International,N,L
346,941540,0,,951,Romania,415.96,449.56,732,1,60,68,61,61,15,Possession,306,Lineout,319,Pen Con,0,,684,Fails to enter into Opposition 22,0,,0,,0,,0,,0,,0,,1,0,0,0,,4,7,8,0,3,953,Canada,951,Romania,12/07/2024,19:00,13,10,35,22,3,0,1146,TD Place,-1,NA,1,2023,,,,0,,0,,1000761,Hollie Davidson,1001076,Kat Roche,1001022,Luke Rogan,-1,,3,International,N,L
347,941540,0,,951,Romania,415.96,449.56,732,1,60,68,61,61,26,Sequences,306,Lineout,319,Pen Con,0,,0,,0,,0,,0,,0,,0,,0,,1,0,0,0,,4,7,8,0,3,953,Canada,951,Romania,12/07/2024,19:00,13,10,35,22,3,0,1146,TD Place,-1,NA,1,2023,,,,0,,0,,1000761,Hollie Davidson,1001076,Kat Roche,1001022,Luke Rogan,-1,,3,International,N,L
348,941540,19391,Peter Nelson,953,Canada,479.60,480.32,803,1,40,7,61,0,4,Kick,347,Touch Kick,193,Kick in Touch (Full),148,Penalty Kick,0,,0,,0,,0,,0,,0,,0,,22,23,0,0,,1,7,9,0,3,953,Canada,951,Romania,12/07/2024,19:00,13,10,35,22,3,0,1146,TD Place,-1,NA,1,2023,10,10,Fly Half,0,,0,,1000761,Hollie Davidson,1001076,Kat Roche,1001022,Luke Rogan,-1,,3,International,Y,W
349,941540,0,,953,Canada,479.60,480.32,803,1,40,7,61,0,26,Sequences,780,Penalty Kick Touch,415,Own Lineout,0,,0,,0,,0,,0,,0,,0,,0,,22,0,0,0,,1,7,9,0,3,953,Canada,951,Romania,12/07/2024,19:00,13,10,35,22,3,0,1146,TD Place,-1,NA,1,2023,,,,0,,0,,1000761,Hollie Davidson,1001076,Kat Roche,1001022,Luke Rogan,-1,,3,International,Y,W
350,941540,25189,Andrew Quattrin,953,Canada,493.32,494.36,816,1,61,0,61,9,6,Lineout Throw,371,Throw Front,376,Won Clean Catch,211,Off The Top,0,4,662,Mid Right Open Movement Lineout,729,4 Players,724,Halfback in Position,0,,0,,0,,9,0,1,14,,1,8,10,0,3,953,Canada,951,Romania,12/07/2024,19:00,13,10,35,22,3,0,1146,TD Place,-1,NA,1,2023,02,2,Hooker,0,,0,,1000761,Hollie Davidson,1001076,Kat Roche,1001022,Luke Rogan,-1,,3,International,Y,W
351,941540,38465,Mason Flesch,953,Canada,494.36,494.36,817,1,61,9,0,0,27,Lineout Take,386,Lineout Win Front,376,Won Clean,211,Off The Top,396,Clean Catch,0,,0,,0,,0,,0,,0,,0,0,0,0,,1,8,10,0,3,953,Canada,951,Romania,12/07/2024,19:00,13,10,35,22,3,0,1146,TD Place,-1,NA,1,2023,06,6,Blindside Flanker,0,,0,,1000761,Hollie Davidson,1001076,Kat Roche,1001022,Luke Rogan,-1,,3,International,Y,W
352,941540,38465,Mason Flesch,953,Canada,494.64,495.40,818,1,61,9,58,7,3,Pass,169,Complete,0,,679,Short Pass,681,Left Pass,700,0th Receiver,0,,0,,0,,0,,0,,2,3,3,0,,1,8,10,0,3,953,Canada,951,Romania,12/07/2024,19:00,13,10,35,22,3,0,1146,TD Place,-1,NA,1,2023,06,6,Blindside Flanker,0,,0,,1000761,Hollie Davidson,1001076,Kat Roche,1001022,Luke Rogan,-1,,3,International,Y,W
353,941540,38159,Jason Higgins,953,Canada,495.40,495.40,818,1,58,7,0,0,18,Collection,631,General Catch,0,,0,,0,,0,,0,,0,,0,,0,,0,,0,0,0,0,,1,8,10,0,3,953,Canada,951,Romania,12/07/2024,19:00,13,10,35,22,3,0,1146,TD Place,-1,NA,1,2023,09,9,Scrum Half,0,,0,,1000761,Hollie Davidson,1001076,Kat Roche,1001022,Luke Rogan,-1,,3,International,Y,W
354,941540,38159,Jason Higgins,953,Canada,495.44,496.72,818,1,58,7,57,18,3,Pass,169,Complete,0,,686,Medium Pass,682,Right Pass,701,1st Receiver,0,,0,,0,,0,,0,,11,11,1,0,,1,8,10,0,3,953,Canada,951,Romania,12/07/2024,19:00,13,10,35,22,3,0,1146,TD Place,-1,NA,1,2023,09,9,Scrum Half,0,,0,,1000761,Hollie Davidson,1001076,Kat Roche,1001022,Luke Rogan,-1,,3,International,Y,W
355,941540,56146,Ethan Fryer,953,Canada,496.72,496.72,820,1,57,18,0,0,18,Collection,631,General Catch,0,,0,,0,,0,,0,,0,,0,,0,,0,,0,0,0,0,,1,8,10,0,3,953,Canada,951,Romania,12/07/2024,19:00,13,10,35,22,3,0,1146,TD Place,-1,NA,1,2023,07,7,Openside Flanker,0,,0,,1000761,Hollie Davidson,1001076,Kat Roche,1001022,Luke Rogan,-1,,3,International,Y,W
356,941540,56146,Ethan Fryer,953,Canada,496.72,498.36,820,1,57,18,62,23,1,Carry,101,One Out Drive,108,Tackled Neutral,109,Crossed Gain line,461,Neutral Contact,502,2 Tacklers Committed,702,2nd Receiver,0,,0,,0,,0,,1,5,2,2,,1,8,10,0,3,953,Canada,951,Romania,12/07/2024,19:00,13,10,35,22,3,0,1146,TD Place,-1,NA,1,2023,07,7,Openside Flanker,0,,0,,1000761,Hollie Davidson,1001076,Kat Roche,1001022,Luke Rogan,-1,,3,International,Y,W
357,941540,34051,Iulian Hartig,951,Romania,497.56,497.56,820,1,40,46,0,0,2,Tackle,144,Line,153,Complete,0,,474,Neutral Tackle,708,1st Tackler,0,,0,,0,,0,,0,,0,0,0,0,,1,8,10,0,3,953,Canada,951,Romania,12/07/2024,19:00,13,10,35,22,3,0,1146,TD Place,-1,NA,1,2023,01,1,Loosehead Prop,0,,0,,1000761,Hollie Davidson,1001076,Kat Roche,1001022,Luke Rogan,-1,,3,International,N,L
358,941540,33151,Vlad Neculau,951,Romania,498.20,498.20,821,1,40,46,0,0,2,Tackle,144,Line,153,Complete,441,Assist,474,Neutral Tackle,709,2nd Tackler,0,,0,,0,,0,,0,,0,0,0,0,,1,8,10,0,3,953,Canada,951,Romania,12/07/2024,19:00,13,10,35,22,3,0,1146,TD Place,-1,NA,1,2023,06,6,Blindside Flanker,0,,0,,1000761,Hollie Davidson,1001076,Kat Roche,1001022,Luke Rogan,-1,,3,International,N,L
359,941540,56146,Ethan Fryer,953,Canada,498.36,502.04,821,1,62,23,0,0,23,Ruck,0,,401,Won Outright,548,Over Previous Gainline,555,3-4 Seconds,661,Mid Left Open Movement Ruck,0,,0,,0,,0,,0,,0,0,3,17,,1,8,10,0,3,953,Canada,951,Romania,12/07/2024,19:00,13,10,35,22,3,0,1146,TD Place,-1,NA,1,2023,07,7,Openside Flanker,0,,0,,1000761,Hollie Davidson,1001076,Kat Roche,1001022,Luke Rogan,-1,,3,International,Y,W
360,941540,29383,Conor Young,953,Canada,499.00,499.00,822,1,62,23,0,0,43,Ruck OOA,574,Secured,583,Own Team 1st Entry,588,OOA Entry 1st Entry- Att,632,Attacking OOA,0,1,0,,0,,0,,0,,0,,0,0,0,0,,1,8,10,0,3,953,Canada,951,Romania,12/07/2024,19:00,13,10,35,22,3,0,1146,TD Place,-1,NA,1,2023,03,3,Tighthead Prop,0,,0,,1000761,Hollie Davidson,1001076,Kat Roche,1001022,Luke Rogan,-1,,3,International,Y,W
361,941540,39780,Stefan Buruiana,951,Romania,500.28,500.28,823,1,39,44,0,0,7,Penalty Conceded,423,Deliberate Knock On,236,No Action,215,Defence,233,Full Penalty,0,,0,,0,,0,,0,,0,,0,0,0,0,,1,8,10,0,3,953,Canada,951,Romania,12/07/2024,19:00,13,10,35,22,3,0,1146,TD Place,-1,NA,1,2023,02,2,Hooker,0,,0,,1000761,Hollie Davidson,1001076,Kat Roche,1001022,Luke Rogan,-1,,3,International,N,L
362,941540,38159,Jason Higgins,953,Canada,502.04,502.04,825,1,61,22,0,0,18,Collection,272,Attacking Loose Ball,277,Success,0,,0,,0,,0,,0,,0,,0,,0,,0,0,0,0,,2,8,10,0,3,953,Canada,951,Romania,12/07/2024,19:00,13,10,35,22,3,0,1146,TD Place,-1,NA,1,2023,09,9,Scrum Half,0,,0,,1000761,Hollie Davidson,1001076,Kat Roche,1001022,Luke Rogan,-1,,3,International,Y,W
363,941540,38159,Jason Higgins,953,Canada,502.40,505.32,825,1,61,19,58,2,3,Pass,169,Complete,0,,680,Long Pass,681,Left Pass,700,0th Receiver,0,,0,,0,,0,,0,,18,18,3,0,,2,8,10,0,3,953,Canada,951,Romania,12/07/2024,19:00,13,10,35,22,3,0,1146,TD Place,-1,NA,1,2023,09,9,Scrum Half,0,,0,,1000761,Hollie Davidson,1001076,Kat Roche,1001022,Luke Rogan,-1,,3,International,Y,W
364,941540,38501,Nic Benn,953,Canada,505.32,505.32,828,1,58,2,0,0,18,Collection,631,General Catch,0,,0,,0,,0,,0,,0,,0,,0,,0,,0,0,0,0,,2,8,10,0,3,953,Canada,951,Romania,12/07/2024,19:00,13,10,35,22,3,0,1146,TD Place,-1,NA,1,2023,11,11,Left Wing,0,,0,,1000761,Hollie Davidson,1001076,Kat Roche,1001022,Luke Rogan,-1,,3,International,Y,W
365,941540,38501,Nic Benn,953,Canada,505.32,506.52,828,1,58,2,63,6,1,Carry,101,One Out Drive,108,Tackled Neutral,109,Crossed Gain line,462,Ineffective Contact,503,3 Tacklers Committed,701,1st Receiver,0,,0,,0,,0,,2,7,4,1,,2,8,10,0,3,953,Canada,951,Romania,12/07/2024,19:00,13,10,35,22,3,0,1146,TD Place,-1,NA,1,2023,11,11,Left Wing,0,,0,,1000761,Hollie Davidson,1001076,Kat Roche,1001022,Luke Rogan,-1,,3,International,Y,W
366,941540,63895,Yanis Horvat,951,Romania,505.96,505.96,829,1,39,65,0,0,2,Tackle,146,Edge,161,Missed,0,,475,Ineffective Tackle,708,1st Tackler,0,,0,,0,,0,,0,,0,0,0,0,,2,8,10,0,3,953,Canada,951,Romania,12/07/2024,19:00,13,10,35,22,3,0,1146,TD Place,-1,NA,1,2023,04,4,Lock (4),0,,0,,1000761,Hollie Davidson,1001076,Kat Roche,1001022,Luke Rogan,-1,,3,International,N,L
367,941540,63895,Yanis Horvat,951,Romania,505.96,505.96,829,1,39,65,0,0,12,Missed Tackle,163,Stepped,166,Tackled,0,,0,,0,,0,,0,,0,,0,,0,,0,0,0,0,,2,8,10,0,3,953,Canada,951,Romania,12/07/2024,19:00,13,10,35,22,3,0,1146,TD Place,-1,NA,1,2023,04,4,Lock (4),0,,0,,1000761,Hollie Davidson,1001076,Kat Roche,1001022,Luke Rogan,-1,,3,International,N,L
368,941540,38501,Nic Benn,953,Canada,506.00,506.00,829,1,61,3,0,0,10,Attacking Qualities,116,Defender Beaten,0,,0,,0,,0,,0,,0,,0,,0,,0,,0,0,0,0,,2,8,10,0,3,953,Canada,951,Romania,12/07/2024,19:00,13,10,35,22,3,0,1146,TD Place,-1,NA,1,2023,11,11,Left Wing,0,,0,,1000761,Hollie Davidson,1001076,Kat Roche,1001022,Luke Rogan,-1,,3,International,Y,W
369,941540,34102,Vasile Balan,951,Romania,506.56,506.56,829,1,37,62,0,0,2,Tackle,144,Line,153,Complete,441,Assist,474,Neutral Tackle,709,2nd Tackler,0,,0,,0,,0,,0,,0,0,0,0,,2,8,10,0,3,953,Canada,951,Romania,12/07/2024,19:00,13,10,35,22,3,0,1146,TD Place,-1,NA,1,2023,03,3,Tighthead Prop,0,,0,,1000761,Hollie Davidson,1001076,Kat Roche,1001022,Luke Rogan,-1,,3,International,N,L
370,941540,63895,Yanis Horvat,951,Romania,506.84,506.84,830,1,37,62,0,0,2,Tackle,144,Line,159,Sack,441,Assist,473,Dominant Tackle,710,3rd Tackler,0,,0,,0,,0,,0,,0,0,0,0,,2,8,10,0,3,953,Canada,951,Romania,12/07/2024,19:00,13,10,35,22,3,0,1146,TD Place,-1,NA,1,2023,04,4,Lock (4),0,,0,,1000761,Hollie Davidson,1001076,Kat Roche,1001022,Luke Rogan,-1,,3,International,N,L
371,941540,0,,953,Canada,493.32,510.80,834,1,61,0,65,6,15,Possession,306,Lineout,316,Pen Won,0,,684,Fails to enter into Opposition 22,0,,0,,0,,0,,0,,0,,3,0,0,0,,2,8,10,0,3,953,Canada,951,Romania,12/07/2024,19:00,13,10,35,22,3,0,1146,TD Place,-1,NA,1,2023,,,,0,,0,,1000761,Hollie Davidson,1001076,Kat Roche,1001022,Luke Rogan,-1,,3,International,Y,W
372,941540,0,,953,Canada,493.32,510.80,834,1,61,0,65,6,26,Sequences,306,Lineout,316,Pen Won,0,,0,,0,,0,,0,,0,,0,,0,,3,0,0,0,,2,8,10,0,3,953,Canada,951,Romania,12/07/2024,19:00,13,10,35,22,3,0,1146,TD Place,-1,NA,1,2023,,,,0,,0,,1000761,Hollie Davidson,1001076,Kat Roche,1001022,Luke Rogan,-1,,3,International,Y,W
373,941540,19391,Peter Nelson,953,Canada,561.88,565.64,925,1,63,19,107,38,11,Goal Kick,297,Penalty Goal,299,Goal Kicked,0,,0,,0,,0,,0,,0,,0,,0,,37,41,0,0,,1,8,11,0,6,953,Canada,951,Romania,12/07/2024,19:00,13,10,35,22,3,0,1146,TD Place,-1,NA,1,2023,10,10,Fly Half,0,,0,,1000761,Hollie Davidson,1001076,Kat Roche,1001022,Luke Rogan,-1,,3,International,Y,W
374,941540,0,,953,Canada,561.88,565.64,929,1,63,19,107,38,26,Sequences,781,Penalty Goal,783,Penalty Goal Scored,0,,0,,0,,0,,0,,0,,0,,0,,37,0,0,0,,1,8,11,0,6,953,Canada,951,Romania,12/07/2024,19:00,13,10,35,22,3,0,1146,TD Place,-1,NA,1,2023,,,,0,,0,,1000761,Hollie Davidson,1001076,Kat Roche,1001022,Luke Rogan,-1,,3,International,Y,W
375,941540,27747,Hinckley Vaovasa,951,Romania,586.72,590.92,950,1,50,36,79,7,14,Restart,281,50m Restart,286,Restart Opp Collection,288,Long,752,Kicked Left,0,,0,,0,,0,,0,,0,,29,42,30,0,,1,8,12,0,6,953,Canada,951,Romania,12/07/2024,19:00,13,10,35,22,3,0,1146,TD Place,-1,NA,1,2023,10,10,Fly Half,0,,0,,1000761,Hollie Davidson,1001076,Kat Roche,1001022,Luke Rogan,-1,,3,International,N,L
376,941540,27090,Conor Keys,953,Canada,590.92,590.92,954,1,21,61,0,0,18,Collection,275,Restart Catch,277,Success,0,,0,,0,,0,,0,,0,,0,,0,,0,0,0,0,,1,9,12,0,6,953,Canada,951,Romania,12/07/2024,19:00,13,10,35,22,3,0,1146,TD Place,-1,NA,1,2023,04,4,Lock (4),0,,0,,1000761,Hollie Davidson,1001076,Kat Roche,1001022,Luke Rogan,-1,,3,International,Y,W
377,941540,0,,953,Canada,590.92,590.92,954,1,21,61,0,0,45,Defensive Exits,629,Carried out of 22,0,,0,,0,,0,,0,,0,,0,,0,,0,,0,0,0,0,,1,9,12,0,6,953,Canada,951,Romania,12/07/2024,19:00,13,10,35,22,3,0,1146,TD Place,-1,NA,1,2023,,,,0,,0,,1000761,Hollie Davidson,1001076,Kat Roche,1001022,Luke Rogan,-1,,3,International,Y,W
378,941540,27090,Conor Keys,953,Canada,590.92,594.24,954,1,21,61,22,61,1,Carry,105,Restart Return,108,Tackled Neutral,109,Crossed Gain line,461,Neutral Contact,501,1 Tacklers Committed,700,0th Receiver,0,,0,,0,,0,,1,1,1,1,,1,9,12,0,6,953,Canada,951,Romania,12/07/2024,19:00,13,10,35,22,3,0,1146,TD Place,-1,NA,1,2023,04,4,Lock (4),0,,0,,1000761,Hollie Davidson,1001076,Kat Roche,1001022,Luke Rogan,-1,,3,International,Y,W
379,941540,27035,Marius Simionescu,951,Romania,592.56,592.56,955,1,79,8,0,0,2,Tackle,142,Chase,153,Complete,0,,474,Neutral Tackle,708,1st Tackler,0,,0,,0,,0,,0,,0,0,0,0,,1,9,12,0,6,953,Canada,951,Romania,12/07/2024,19:00,13,10,35,22,3,0,1146,TD Place,-1,NA,1,2023,14,14,Right Wing,0,,0,,1000761,Hollie Davidson,1001076,Kat Roche,1001022,Luke Rogan,-1,,3,International,N,L
380,941540,27090,Conor Keys,953,Canada,594.24,597.44,957,1,22,61,0,0,23,Ruck,0,,401,Won Outright,551,N/A Gainline,555,3-4 Seconds,663,Close Left Open Movement Ruck,0,,0,,0,,0,,0,,0,0,-2,8,,1,9,12,0,6,953,Canada,951,Romania,12/07/2024,19:00,13,10,35,22,3,0,1146,TD Place,-1,NA,1,2023,04,4,Lock (4),0,,0,,1000761,Hollie Davidson,1001076,Kat Roche,1001022,Luke Rogan,-1,,3,International,Y,W
381,941540,25183,Lucas Rumball,953,Canada,594.32,594.32,957,1,22,61,0,0,43,Ruck OOA,574,Secured,583,Own Team 1st Entry,588,OOA Entry 1st Entry- Att,632,Attacking OOA,0,1,0,,0,,0,,0,,0,,0,0,0,0,,1,9,12,0,6,953,Canada,951,Romania,12/07/2024,19:00,13,10,35,22,3,0,1146,TD Place,-1,NA,1,2023,08,8,Number 8,0,,0,,1000761,Hollie Davidson,1001076,Kat Roche,1001022,Luke Rogan,-1,,3,International,Y,W
382,941540,56146,Ethan Fryer,953,Canada,594.40,594.40,957,1,22,61,0,0,43,Ruck OOA,574,Secured,584,Own Team 2nd Entry,589,OOA Entry 2nd Entry- Att,632,Attacking OOA,0,2,0,,0,,0,,0,,0,,0,0,0,0,,1,9,12,0,6,953,Canada,951,Romania,12/07/2024,19:00,13,10,35,22,3,0,1146,TD Place,-1,NA,1,2023,07,7,Openside Flanker,0,,0,,1000761,Hollie Davidson,1001076,Kat Roche,1001022,Luke Rogan,-1,,3,International,Y,W
383,941540,29383,Conor Young,953,Canada,595.92,595.92,959,1,22,61,0,0,43,Ruck OOA,574,Secured,585,Own Team 3rd Entry,590,OOA Entry 3rd Entry- Att,632,Attacking OOA,0,3,0,,0,,0,,0,,0,,0,0,0,0,,1,9,12,0,6,953,Canada,951,Romania,12/07/2024,19:00,13,10,35,22,3,0,1146,TD Place,-1,NA,1,2023,03,3,Tighthead Prop,0,,0,,1000761,Hollie Davidson,1001076,Kat Roche,1001022,Luke Rogan,-1,,3,International,Y,W
384,941540,38159,Jason Higgins,953,Canada,597.44,597.44,1000,1,22,61,0,0,18,Collection,631,General Catch,0,,0,,0,,0,,0,,0,,0,,0,,0,,0,0,0,0,,2,9,12,0,6,953,Canada,951,Romania,12/07/2024,19:00,13,10,35,22,6,0,1146,TD Place,-1,NA,1,2023,09,9,Scrum Half,0,,0,,1000761,Hollie Davidson,1001076,Kat Roche,1001022,Luke Rogan,-1,,3,International,Y,W
385,941540,38159,Jason Higgins,953,Canada,597.44,597.44,1000,1,22,61,0,0,47,Playmaker Options,671,Halfback at Breakdown,675,Playmaker Option - Pass,0,,0,,0,,0,,0,,0,,0,,0,,0,0,0,0,,2,9,12,0,6,953,Canada,951,Romania,12/07/2024,19:00,13,10,35,22,6,0,1146,TD Place,-1,NA,1,2023,09,9,Scrum Half,0,,0,,1000761,Hollie Davidson,1001076,Kat Roche,1001022,Luke Rogan,-1,,3,International,Y,W
386,941540,38159,Jason Higgins,953,Canada,597.76,598.76,1001,1,22,61,20,54,3,Pass,169,Complete,0,,686,Medium Pass,681,Left Pass,700,0th Receiver,0,,0,,0,,0,,0,,7,7,3,0,,2,9,12,0,6,953,Canada,951,Romania,12/07/2024,19:00,13,10,35,22,6,0,1146,TD Place,-1,NA,1,2023,09,9,Scrum Half,0,,0,,1000761,Hollie Davidson,1001076,Kat Roche,1001022,Luke Rogan,-1,,3,International,Y,W
387,941540,29377,Liam Murray,953,Canada,598.76,598.76,1002,1,20,54,0,0,18,Collection,631,General Catch,0,,0,,0,,0,,0,,0,,0,,0,,0,,0,0,0,0,,2,9,12,0,6,953,Canada,951,Romania,12/07/2024,19:00,13,10,35,22,6,0,1146,TD Place,-1,NA,1,2023,01,1,Loosehead Prop,0,,0,,1000761,Hollie Davidson,1001076,Kat Roche,1001022,Luke Rogan,-1,,3,International,Y,W
388,941540,29377,Liam Murray,953,Canada,598.76,598.76,1002,1,20,54,0,0,47,Playmaker Options,656,First Receiver,673,Playmaker Option - Carry,0,,0,,0,,0,,0,,0,,0,,0,,0,0,0,0,,2,9,12,0,6,953,Canada,951,Romania,12/07/2024,19:00,13,10,35,22,6,0,1146,TD Place,-1,NA,1,2023,01,1,Loosehead Prop,0,,0,,1000761,Hollie Davidson,1001076,Kat Roche,1001022,Luke Rogan,-1,,3,International,Y,W
389,941540,29377,Liam Murray,953,Canada,598.76,599.20,1002,1,20,54,21,53,1,Carry,101,One Out Drive,108,Tackled Neutral,111,Failed Gain line,461,Neutral Contact,501,1 Tacklers Committed,701,1st Receiver,0,,0,,0,,0,,0,1,0,0,,2,9,12,0,6,953,Canada,951,Romania,12/07/2024,19:00,13,10,35,22,6,0,1146,TD Place,-1,NA,1,2023,01,1,Loosehead Prop,0,,0,,1000761,Hollie Davidson,1001076,Kat Roche,1001022,Luke Rogan,-1,,3,International,Y,W
390,941540,39780,Stefan Buruiana,951,Romania,599.00,599.00,1002,1,80,14,0,0,2,Tackle,144,Line,153,Complete,0,,474,Neutral Tackle,708,1st Tackler,0,,0,,0,,0,,0,,0,0,0,0,,2,9,12,0,6,953,Canada,951,Romania,12/07/2024,19:00,13,10,35,22,6,0,1146,TD Place,-1,NA,1,2023,02,2,Hooker,0,,0,,1000761,Hollie Davidson,1001076,Kat Roche,1001022,Luke Rogan,-1,,3,International,N,L
391,941540,29377,Liam Murray,953,Canada,599.20,608.28,1002,1,21,53,0,0,23,Ruck,0,,401,Won Outright,549,Behind Previous Gainline,558,6+ Seconds,659,Wide Left Open Movement Ruck,0,,0,,0,,0,,0,,0,0,-10,49,,2,9,12,0,6,953,Canada,951,Romania,12/07/2024,19:00,13,10,35,22,6,0,1146,TD Place,-1,NA,1,2023,01,1,Loosehead Prop,0,,0,,1000761,Hollie Davidson,1001076,Kat Roche,1001022,Luke Rogan,-1,,3,International,Y,W
392,941540,25189,Andrew Quattrin,953,Canada,599.84,599.84,1003,1,21,53,0,0,43,Ruck OOA,574,Secured,583,Own Team 1st Entry,588,OOA Entry 1st Entry- Att,632,Attacking OOA,0,1,0,,0,,0,,0,,0,,0,0,0,0,,2,9,12,0,6,953,Canada,951,Romania,12/07/2024,19:00,13,10,35,22,6,0,1146,TD Place,-1,NA,1,2023,02,2,Hooker,0,,0,,1000761,Hollie Davidson,1001076,Kat Roche,1001022,Luke Rogan,-1,,3,International,Y,W
393,941540,25181,Kyle Baillie,953,Canada,600.00,600.00,1003,1,21,53,0,0,43,Ruck OOA,574,Secured,584,Own Team 2nd Entry,589,OOA Entry 2nd Entry- Att,632,Attacking OOA,0,2,0,,0,,0,,0,,0,,0,0,0,0,,2,9,12,0,6,953,Canada,951,Romania,12/07/2024,19:00,13,10,35,22,6,0,1146,TD Place,-1,NA,1,2023,05,5,Lock (5),0,,0,,1000761,Hollie Davidson,1001076,Kat Roche,1001022,Luke Rogan,-1,,3,International,Y,W
394,941540,38465,Mason Flesch,953,Canada,601.20,601.20,1004,1,21,53,0,0,43,Ruck OOA,574,Secured,585,Own Team 3rd Entry,590,OOA Entry 3rd Entry- Att,632,Attacking OOA,0,3,0,,0,,0,,0,,0,,0,0,0,0,,2,9,12,0,6,953,Canada,951,Romania,12/07/2024,19:00,13,10,35,22,6,0,1146,TD Place,-1,NA,1,2023,06,6,Blindside Flanker,0,,0,,1000761,Hollie Davidson,1001076,Kat Roche,1001022,Luke Rogan,-1,,3,International,Y,W
395,941540,29383,Conor Young,953,Canada,603.20,603.20,1006,1,21,53,0,0,43,Ruck OOA,575,Attended,586,Own Team 4th Entry,591,OOA Entry 4th Entry- Att,632,Attacking OOA,0,4,0,,0,,0,,0,,0,,0,0,0,0,,2,9,12,0,6,953,Canada,951,Romania,12/07/2024,19:00,13,10,35,22,6,0,1146,TD Place,-1,NA,1,2023,03,3,Tighthead Prop,0,,0,,1000761,Hollie Davidson,1001076,Kat Roche,1001022,Luke Rogan,-1,,3,International,Y,W
396,941540,38159,Jason Higgins,953,Canada,608.28,608.28,1011,1,21,53,0,0,18,Collection,631,General Catch,0,,0,,0,,0,,0,,0,,0,,0,,0,,0,0,0,0,,3,9,12,0,6,953,Canada,951,Romania,12/07/2024,19:00,13,10,35,22,6,0,1146,TD Place,-1,NA,1,2023,09,9,Scrum Half,0,,0,,1000761,Hollie Davidson,1001076,Kat Roche,1001022,Luke Rogan,-1,,3,International,Y,W
397,941540,38159,Jason Higgins,953,Canada,608.28,608.28,1011,1,21,53,0,0,47,Playmaker Options,671,Halfback at Breakdown,675,Playmaker Option - Pass,0,,0,,0,,0,,0,,0,,0,,0,,0,0,0,0,,3,9,12,0,6,953,Canada,951,Romania,12/07/2024,19:00,13,10,35,22,6,0,1146,TD Place,-1,NA,1,2023,09,9,Scrum Half,0,,0,,1000761,Hollie Davidson,1001076,Kat Roche,1001022,Luke Rogan,-1,,3,International,Y,W
398,941540,38159,Jason Higgins,953,Canada,609.24,611.52,1012,1,21,53,12,42,3,Pass,169,Complete,0,,686,Medium Pass,681,Left Pass,700,0th Receiver,0,,0,,0,,0,,0,,11,14,8,0,,3,9,12,0,6,953,Canada,951,Romania,12/07/2024,19:00,13,10,35,22,6,0,1146,TD Place,-1,NA,1,2023,09,9,Scrum Half,0,,0,,1000761,Hollie Davidson,1001076,Kat Roche,1001022,Luke Rogan,-1,,3,International,Y,W
399,941540,33642,Cooper Coats,953,Canada,611.52,611.52,1014,1,12,42,0,0,18,Collection,631,General Catch,0,,0,,0,,0,,0,,0,,0,,0,,0,,0,0,0,0,,3,9,12,0,6,953,Canada,951,Romania,12/07/2024,19:00,13,10,35,22,6,0,1146,TD Place,-1,NA,1,2023,15,15,Full Back,0,,0,,1000761,Hollie Davidson,1001076,Kat Roche,1001022,Luke Rogan,-1,,3,International,Y,W
400,941540,33642,Cooper Coats,953,Canada,611.52,611.52,1014,1,12,42,0,0,47,Playmaker Options,656,First Receiver,675,Playmaker Option - Pass,0,,0,,0,,0,,0,,0,,0,,0,,0,0,0,0,,3,9,12,0,6,953,Canada,951,Romania,12/07/2024,19:00,13,10,35,22,6,0,1146,TD Place,-1,NA,1,2023,15,15,Full Back,0,,0,,1000761,Hollie Davidson,1001076,Kat Roche,1001022,Luke Rogan,-1,,3,International,Y,W
401,941540,33642,Cooper Coats,953,Canada,611.56,612.40,1014,1,13,40,9,24,3,Pass,169,Complete,0,,680,Long Pass,681,Left Pass,701,1st Receiver,0,,0,,0,,0,,0,,16,17,5,0,,3,9,12,0,6,953,Canada,951,Romania,12/07/2024,19:00,13,10,35,22,6,0,1146,TD Place,-1,NA,1,2023,15,15,Full Back,0,,0,,1000761,Hollie Davidson,1001076,Kat Roche,1001022,Luke Rogan,-1,,3,International,Y,W
402,941540,19391,Peter Nelson,953,Canada,612.40,612.40,1015,1,9,24,0,0,18,Collection,631,General Catch,0,,0,,0,,0,,0,,0,,0,,0,,0,,0,0,0,0,,3,9,12,0,6,953,Canada,951,Romania,12/07/2024,19:00,13,10,35,22,6,0,1146,TD Place,-1,NA,1,2023,10,10,Fly Half,0,,0,,1000761,Hollie Davidson,1001076,Kat Roche,1001022,Luke Rogan,-1,,3,International,Y,W
403,941540,19391,Peter Nelson,953,Canada,612.40,612.40,1015,1,9,24,0,0,47,Playmaker Options,657,Second Receiver,675,Playmaker Option - Pass,0,,0,,0,,0,,0,,0,,0,,0,,0,0,0,0,,3,9,12,0,6,953,Canada,951,Romania,12/07/2024,19:00,13,10,35,22,6,0,1146,TD Place,-1,NA,1,2023,10,10,Fly Half,0,,0,,1000761,Hollie Davidson,1001076,Kat Roche,1001022,Luke Rogan,-1,,3,International,Y,W
404,941540,19391,Peter Nelson,953,Canada,612.44,613.40,1015,1,10,23,9,15,3,Pass,169,Complete,0,,686,Medium Pass,681,Left Pass,702,2nd Receiver,0,,0,,0,,0,,0,,8,8,2,0,,3,9,12,0,6,953,Canada,951,Romania,12/07/2024,19:00,13,10,35,22,6,0,1146,TD Place,-1,NA,1,2023,10,10,Fly Half,0,,0,,1000761,Hollie Davidson,1001076,Kat Roche,1001022,Luke Rogan,-1,,3,International,Y,W
405,941540,64048,Talon McMullin,953,Canada,613.40,613.40,1016,1,9,15,0,0,18,Collection,631,General Catch,0,,0,,0,,0,,0,,0,,0,,0,,0,,0,0,0,0,,3,9,12,0,6,953,Canada,951,Romania,12/07/2024,19:00,13,10,35,22,6,0,1146,TD Place,-1,NA,1,2023,12,12,Inside Centre,0,,0,,1000761,Hollie Davidson,1001076,Kat Roche,1001022,Luke Rogan,-1,,3,International,Y,W
406,941540,64048,Talon McMullin,953,Canada,613.40,613.40,1016,1,9,15,0,0,47,Playmaker Options,658,Third Receiver,675,Playmaker Option - Pass,0,,0,,0,,0,,0,,0,,0,,0,,0,0,0,0,,3,9,12,0,6,953,Canada,951,Romania,12/07/2024,19:00,13,10,35,22,6,0,1146,TD Place,-1,NA,1,2023,12,12,Inside Centre,0,,0,,1000761,Hollie Davidson,1001076,Kat Roche,1001022,Luke Rogan,-1,,3,International,Y,W
407,941540,64048,Talon McMullin,953,Canada,613.44,613.44,1016,1,11,15,0,0,8,Turnover,255,Forward Pass,677,Error on Attack,0,,0,,0,,0,,0,,0,,0,,0,,0,0,0,0,,3,9,12,0,6,953,Canada,951,Romania,12/07/2024,19:00,13,10,35,22,6,0,1146,TD Place,-1,NA,1,2023,12,12,Inside Centre,0,,0,,1000761,Hollie Davidson,1001076,Kat Roche,1001022,Luke Rogan,-1,,3,International,Y,W
408,941540,64048,Talon McMullin,953,Canada,613.44,613.84,1016,1,11,15,10,5,3,Pass,173,Forward,0,,686,Medium Pass,681,Left Pass,703,3rd Receiver,0,,0,,0,,0,,0,,10,10,1,0,,3,9,12,0,6,953,Canada,951,Romania,12/07/2024,19:00,13,10,35,22,6,0,1146,TD Place,-1,NA,1,2023,12,12,Inside Centre,0,,0,,1000761,Hollie Davidson,1001076,Kat Roche,1001022,Luke Rogan,-1,,3,International,Y,W
409,941540,0,,951,Romania,586.72,613.84,1017,1,50,36,90,63,26,Sequences,307,50m Restart,411,Turnover (Scrum),0,,0,,0,,0,,0,,0,,0,,0,,40,0,0,0,,3,9,12,0,6,953,Canada,951,Romania,12/07/2024,19:00,13,10,35,22,6,0,1146,TD Place,-1,NA,1,2023,,,,0,,0,,1000761,Hollie Davidson,1001076,Kat Roche,1001022,Luke Rogan,-1,,3,International,N,L
410,941540,0,,953,Canada,590.92,613.84,1017,1,21,61,10,5,15,Possession,307,50m Restart,411,Turnover (Scrum),0,,684,Fails to enter into Opposition 22,0,,0,,0,,0,,0,,0,,-11,0,0,0,,3,9,12,0,6,953,Canada,951,Romania,12/07/2024,19:00,13,10,35,22,6,0,1146,TD Place,-1,NA,1,2023,,,,0,,0,,1000761,Hollie Davidson,1001076,Kat Roche,1001022,Luke Rogan,-1,,3,International,Y,W
411,941540,0,,953,Canada,631.84,692.92,1035,1,90,63,0,0,17,Period,0,Period,0,,0,,0,,0,,0,,0,,0,,0,,0,,0,0,0,0,,3,9,12,0,6,953,Canada,951,Romania,12/07/2024,19:00,13,10,35,22,6,0,1146,TD Place,-1,NA,1,2023,,,,0,,0,,1000761,Hollie Davidson,1001076,Kat Roche,1001022,Luke Rogan,-1,,3,International,Y,W
412,941540,57666,Alin Conache,951,Romania,727.64,732.00,1109,1,82,56,0,0,5,Scrum,367,Scrum Half Pass,357,Won Penalty,364,Positive,363,Clockwise,661,Mid Left Open Movement Scrum,0,,0,,0,,0,,0,,0,0,3,16,,1,10,13,0,6,953,Canada,951,Romania,12/07/2024,19:00,13,10,35,22,6,0,1146,TD Place,-1,NA,1,2023,09,9,Scrum Half,0,,0,,1000761,Hollie Davidson,1001076,Kat Roche,1001022,Luke Rogan,-1,,3,International,N,L
413,941540,34051,Iulian Hartig,951,Romania,727.64,732.00,1109,1,82,56,0,0,28,,367,Scrum Half Pass,357,Won Penalty,364,Positive,363,Clockwise,0,,0,,0,,0,,0,,0,,0,0,0,0,,1,10,13,0,6,953,Canada,951,Romania,12/07/2024,19:00,13,10,35,22,6,0,1146,TD Place,-1,NA,1,2023,01,1,Loosehead Prop,0,,0,,1000761,Hollie Davidson,1001076,Kat Roche,1001022,Luke Rogan,-1,,3,International,N,L
414,941540,39780,Stefan Buruiana,951,Romania,727.64,732.00,1109,1,82,56,0,0,28,,367,Scrum Half Pass,357,Won Penalty,364,Positive,363,Clockwise,0,,0,,0,,0,,0,,0,,0,0,0,0,,1,10,13,0,6,953,Canada,951,Romania,12/07/2024,19:00,13,10,35,22,6,0,1146,TD Place,-1,NA,1,2023,02,2,Hooker,0,,0,,1000761,Hollie Davidson,1001076,Kat Roche,1001022,Luke Rogan,-1,,3,International,N,L
415,941540,34102,Vasile Balan,951,Romania,727.64,732.00,1109,1,82,56,0,0,28,,367,Scrum Half Pass,357,Won Penalty,364,Positive,363,Clockwise,0,,0,,0,,0,,0,,0,,0,0,0,0,,1,10,13,0,6,953,Canada,951,Romania,12/07/2024,19:00,13,10,35,22,6,0,1146,TD Place,-1,NA,1,2023,03,3,Tighthead Prop,0,,0,,1000761,Hollie Davidson,1001076,Kat Roche,1001022,Luke Rogan,-1,,3,International,N,L
416,941540,63895,Yanis Horvat,951,Romania,727.64,732.00,1109,1,82,56,0,0,28,,367,Scrum Half Pass,357,Won Penalty,364,Positive,363,Clockwise,0,,0,,0,,0,,0,,0,,0,0,0,0,,1,10,13,0,6,953,Canada,951,Romania,12/07/2024,19:00,13,10,35,22,6,0,1146,TD Place,-1,NA,1,2023,04,4,Lock (4),0,,0,,1000761,Hollie Davidson,1001076,Kat Roche,1001022,Luke Rogan,-1,,3,International,N,L
417,941540,23278,Andrei Mahu,951,Romania,727.64,732.00,1109,1,82,56,0,0,28,,367,Scrum Half Pass,357,Won Penalty,364,Positive,363,Clockwise,0,,0,,0,,0,,0,,0,,0,0,0,0,,1,10,13,0,6,953,Canada,951,Romania,12/07/2024,19:00,13,10,35,22,6,0,1146,TD Place,-1,NA,1,2023,05,5,Lock (5),0,,0,,1000761,Hollie Davidson,1001076,Kat Roche,1001022,Luke Rogan,-1,,3,International,N,L
418,941540,33151,Vlad Neculau,951,Romania,727.64,732.00,1109,1,82,56,0,0,28,,367,Scrum Half Pass,357,Won Penalty,364,Positive,363,Clockwise,0,,0,,0,,0,,0,,0,,0,0,0,0,,1,10,13,0,6,953,Canada,951,Romania,12/07/2024,19:00,13,10,35,22,6,0,1146,TD Place,-1,NA,1,2023,06,6,Blindside Flanker,0,,0,,1000761,Hollie Davidson,1001076,Kat Roche,1001022,Luke Rogan,-1,,3,International,N,L
419,941540,36759,Dragos Ser,951,Romania,727.64,732.00,1109,1,82,56,0,0,28,,367,Scrum Half Pass,357,Won Penalty,364,Positive,363,Clockwise,0,,0,,0,,0,,0,,0,,0,0,0,0,,1,10,13,0,6,953,Canada,951,Romania,12/07/2024,19:00,13,10,35,22,6,0,1146,TD Place,-1,NA,1,2023,07,7,Openside Flanker,0,,0,,1000761,Hollie Davidson,1001076,Kat Roche,1001022,Luke Rogan,-1,,3,International,N,L
420,941540,29316,Nicolaas Immelman,951,Romania,727.64,732.00,1109,1,82,56,0,0,28,,367,Scrum Half Pass,357,Won Penalty,364,Positive,363,Clockwise,0,,0,,0,,0,,0,,0,,0,0,0,0,,1,10,13,0,6,953,Canada,951,Romania,12/07/2024,19:00,13,10,35,22,6,0,1146,TD Place,-1,NA,1,2023,08,8,Number 8,0,,0,,1000761,Hollie Davidson,1001076,Kat Roche,1001022,Luke Rogan,-1,,3,International,N,L
421,941540,29377,Liam Murray,953,Canada,727.64,732.00,1109,1,82,56,0,0,29,,367,Scrum Half Pass,357,Won Penalty,364,Positive,363,Clockwise,0,,0,,0,,0,,0,,0,,0,0,0,0,,1,10,13,0,6,953,Canada,951,Romania,12/07/2024,19:00,13,10,35,22,6,0,1146,TD Place,-1,NA,1,2023,01,1,Loosehead Prop,0,,0,,1000761,Hollie Davidson,1001076,Kat Roche,1001022,Luke Rogan,-1,,3,International,Y,W
422,941540,25189,Andrew Quattrin,953,Canada,727.64,732.00,1109,1,82,56,0,0,29,,367,Scrum Half Pass,357,Won Penalty,364,Positive,363,Clockwise,0,,0,,0,,0,,0,,0,,0,0,0,0,,1,10,13,0,6,953,Canada,951,Romania,12/07/2024,19:00,13,10,35,22,6,0,1146,TD Place,-1,NA,1,2023,02,2,Hooker,0,,0,,1000761,Hollie Davidson,1001076,Kat Roche,1001022,Luke Rogan,-1,,3,International,Y,W
423,941540,29383,Conor Young,953,Canada,727.64,732.00,1109,1,82,56,0,0,29,,367,Scrum Half Pass,357,Won Penalty,364,Positive,363,Clockwise,0,,0,,0,,0,,0,,0,,0,0,0,0,,1,10,13,0,6,953,Canada,951,Romania,12/07/2024,19:00,13,10,35,22,6,0,1146,TD Place,-1,NA,1,2023,03,3,Tighthead Prop,0,,0,,1000761,Hollie Davidson,1001076,Kat Roche,1001022,Luke Rogan,-1,,3,International,Y,W
424,941540,27090,Conor Keys,953,Canada,727.64,732.00,1109,1,82,56,0,0,29,,367,Scrum Half Pass,357,Won Penalty,364,Positive,363,Clockwise,0,,0,,0,,0,,0,,0,,0,0,0,0,,1,10,13,0,6,953,Canada,951,Romania,12/07/2024,19:00,13,10,35,22,6,0,1146,TD Place,-1,NA,1,2023,04,4,Lock (4),0,,0,,1000761,Hollie Davidson,1001076,Kat Roche,1001022,Luke Rogan,-1,,3,International,Y,W
425,941540,25181,Kyle Baillie,953,Canada,727.64,732.00,1109,1,82,56,0,0,29,,367,Scrum Half Pass,357,Won Penalty,364,Positive,363,Clockwise,0,,0,,0,,0,,0,,0,,0,0,0,0,,1,10,13,0,6,953,Canada,951,Romania,12/07/2024,19:00,13,10,35,22,6,0,1146,TD Place,-1,NA,1,2023,05,5,Lock (5),0,,0,,1000761,Hollie Davidson,1001076,Kat Roche,1001022,Luke Rogan,-1,,3,International,Y,W
426,941540,38465,Mason Flesch,953,Canada,727.64,732.00,1109,1,82,56,0,0,29,,367,Scrum Half Pass,357,Won Penalty,364,Positive,363,Clockwise,0,,0,,0,,0,,0,,0,,0,0,0,0,,1,10,13,0,6,953,Canada,951,Romania,12/07/2024,19:00,13,10,35,22,6,0,1146,TD Place,-1,NA,1,2023,06,6,Blindside Flanker,0,,0,,1000761,Hollie Davidson,1001076,Kat Roche,1001022,Luke Rogan,-1,,3,International,Y,W
427,941540,56146,Ethan Fryer,953,Canada,727.64,732.00,1109,1,82,56,0,0,29,,367,Scrum Half Pass,357,Won Penalty,364,Positive,363,Clockwise,0,,0,,0,,0,,0,,0,,0,0,0,0,,1,10,13,0,6,953,Canada,951,Romania,12/07/2024,19:00,13,10,35,22,6,0,1146,TD Place,-1,NA,1,2023,07,7,Openside Flanker,0,,0,,1000761,Hollie Davidson,1001076,Kat Roche,1001022,Luke Rogan,-1,,3,International,Y,W
428,941540,25183,Lucas Rumball,953,Canada,727.64,732.00,1109,1,82,56,0,0,29,,367,Scrum Half Pass,357,Won Penalty,364,Positive,363,Clockwise,0,,0,,0,,0,,0,,0,,0,0,0,0,,1,10,13,0,6,953,Canada,951,Romania,12/07/2024,19:00,13,10,35,22,6,0,1146,TD Place,-1,NA,1,2023,08,8,Number 8,0,,0,,1000761,Hollie Davidson,1001076,Kat Roche,1001022,Luke Rogan,-1,,3,International,Y,W
429,941540,0,,951,Romania,727.64,806.44,1109,1,82,56,78,53,46,Attacking 22 Entry,642,22 Entry Outcome - Penalty Goal Attempt,648,22 Entry Points - Penalty Goal,0,,0,,0,,0,,0,,0,,0,,0,,0,0,0,0,,1,10,13,0,6,953,Canada,951,Romania,12/07/2024,19:00,13,10,35,22,6,0,1146,TD Place,-1,NA,1,2023,,,,0,,0,,1000761,Hollie Davidson,1001076,Kat Roche,1001022,Luke Rogan,-1,,3,International,N,L
430,941540,29383,Conor Young,953,Canada,731.44,731.44,1113,1,18,12,0,0,7,Penalty Conceded,222,Scrum Offence,236,No Action,215,Defence,233,Full Penalty,426,Collapsing,0,,0,,0,,0,,0,,0,0,0,0,,1,10,13,0,6,953,Canada,951,Romania,12/07/2024,19:00,13,10,35,22,6,0,1146,TD Place,-1,NA,1,2023,03,3,Tighthead Prop,0,,0,,1000761,Hollie Davidson,1001076,Kat Roche,1001022,Luke Rogan,-1,,3,International,Y,W
431,941540,0,,951,Romania,731.48,731.48,1113,1,82,55,0,0,20,Ref Review,245,Advantage,0,,0,,0,,0,,0,,0,,0,,0,,0,,0,0,0,0,,1,10,13,0,6,953,Canada,951,Romania,12/07/2024,19:00,13,10,35,22,6,0,1146,TD Place,-1,NA,1,2023,,,,0,,0,,1000761,Hollie Davidson,1001076,Kat Roche,1001022,Luke Rogan,-1,,3,International,N,L
432,941540,57666,Alin Conache,951,Romania,732.00,732.00,1114,1,82,54,0,0,18,Collection,631,General Catch,0,,0,,0,,0,,0,,0,,0,,0,,0,,0,0,0,0,,1,10,13,0,6,953,Canada,951,Romania,12/07/2024,19:00,13,10,35,22,6,0,1146,TD Place,-1,NA,1,2023,09,9,Scrum Half,0,,0,,1000761,Hollie Davidson,1001076,Kat Roche,1001022,Luke Rogan,-1,,3,International,N,L
433,941540,57666,Alin Conache,951,Romania,732.44,733.76,1114,1,83,53,82,42,3,Pass,169,Complete,0,,686,Medium Pass,681,Left Pass,700,0th Receiver,0,,0,,0,,0,,0,,12,12,1,0,,1,10,13,0,6,953,Canada,951,Romania,12/07/2024,19:00,13,10,35,22,6,0,1146,TD Place,-1,NA,1,2023,09,9,Scrum Half,0,,0,,1000761,Hollie Davidson,1001076,Kat Roche,1001022,Luke Rogan,-1,,3,International,N,L
434,941540,0,,951,Romania,727.64,734.40,1116,1,82,56,84,39,15,Possession,309,Scrum,316,Pen Won,0,,685,Starts inside Opposition 22,0,,0,,0,,0,,0,,0,,2,0,0,0,,1,10,13,0,6,953,Canada,951,Romania,12/07/2024,19:00,13,10,35,22,6,0,1146,TD Place,-1,NA,1,2023,,,,0,,0,,1000761,Hollie Davidson,1001076,Kat Roche,1001022,Luke Rogan,-1,,3,International,N,L
435,941540,0,,951,Romania,727.64,734.40,1116,1,82,56,84,39,26,Sequences,309,Scrum,316,Pen Won,0,,0,,0,,0,,0,,0,,0,,0,,2,0,0,0,,1,10,13,0,6,953,Canada,951,Romania,12/07/2024,19:00,13,10,35,22,6,0,1146,TD Place,-1,NA,1,2023,,,,0,,0,,1000761,Hollie Davidson,1001076,Kat Roche,1001022,Luke Rogan,-1,,3,International,N,L
436,941540,20983,Tevita Manumua,951,Romania,733.76,733.76,1116,1,82,42,0,0,18,Collection,631,General Catch,0,,0,,0,,0,,0,,0,,0,,0,,0,,0,0,0,0,,1,10,13,0,6,953,Canada,951,Romania,12/07/2024,19:00,13,10,35,22,6,0,1146,TD Place,-1,NA,1,2023,11,11,Left Wing,0,,0,,1000761,Hollie Davidson,1001076,Kat Roche,1001022,Luke Rogan,-1,,3,International,N,L
437,941540,20983,Tevita Manumua,951,Romania,733.76,733.92,1116,1,82,42,86,41,1,Carry,101,One Out Drive,121,Pass,109,Crossed Gain line,0,,500,0 Tacklers Committed,701,1st Receiver,0,,0,,0,,0,,3,4,0,0,,1,10,13,0,6,953,Canada,951,Romania,12/07/2024,19:00,13,10,35,22,6,0,1146,TD Place,-1,NA,1,2023,11,11,Left Wing,0,,0,,1000761,Hollie Davidson,1001076,Kat Roche,1001022,Luke Rogan,-1,,3,International,N,L
438,941540,20983,Tevita Manumua,951,Romania,733.92,734.40,1116,1,86,41,84,39,3,Pass,174,Incomplete,0,,679,Short Pass,681,Left Pass,701,1st Receiver,0,,0,,0,,0,,0,,2,2,1,0,,1,10,13,0,6,953,Canada,951,Romania,12/07/2024,19:00,13,10,35,22,6,0,1146,TD Place,-1,NA,1,2023,11,11,Left Wing,0,,0,,1000761,Hollie Davidson,1001076,Kat Roche,1001022,Luke Rogan,-1,,3,International,N,L
439,941540,57666,Alin Conache,951,Romania,806.44,809.00,1228,1,78,53,106,29,11,Goal Kick,297,Penalty Goal,299,Goal Kicked,0,,0,,0,,0,,0,,0,,0,,0,,22,30,0,0,,1,10,14,0,3,953,Canada,951,Romania,12/07/2024,19:00,13,10,35,22,6,0,1146,TD Place,-1,NA,1,2023,09,9,Scrum Half,0,,0,,1000761,Hollie Davidson,1001076,Kat Roche,1001022,Luke Rogan,-1,,3,International,N,L
440,941540,0,,951,Romania,806.44,809.00,1231,1,78,53,106,29,26,Sequences,781,Penalty Goal,783,Penalty Goal Scored,0,,0,,0,,0,,0,,0,,0,,0,,22,0,0,0,,1,10,14,0,3,953,Canada,951,Romania,12/07/2024,19:00,13,10,35,22,6,0,1146,TD Place,-1,NA,1,2023,,,,0,,0,,1000761,Hollie Davidson,1001076,Kat Roche,1001022,Luke Rogan,-1,,3,International,N,L
441,941540,19391,Peter Nelson,953,Canada,837.08,840.68,1259,1,49,34,75,50,14,Restart,281,50m Restart,286,Restart Opp Collection,289,Short,753,Kicked Right,0,,0,,0,,0,,0,,0,,26,31,17,0,,1,10,15,0,3,953,Canada,951,Romania,12/07/2024,19:00,13,10,35,22,6,0,1146,TD Place,-1,NA,1,2023,10,10,Fly Half,0,,0,,1000761,Hollie Davidson,1001076,Kat Roche,1001022,Luke Rogan,-1,,3,International,Y,W
442,941540,23278,Andrei Mahu,951,Romania,840.68,840.68,1303,1,25,18,0,0,18,Collection,275,Restart Catch,277,Success,0,,0,,0,,0,,0,,0,,0,,0,,0,0,0,0,,1,11,15,0,3,953,Canada,951,Romania,12/07/2024,19:00,13,10,35,22,6,3,1146,TD Place,-1,NA,1,2023,05,5,Lock (5),0,,0,,1000761,Hollie Davidson,1001076,Kat Roche,1001022,Luke Rogan,-1,,3,International,N,L
443,941540,23278,Andrei Mahu,951,Romania,840.68,841.96,1303,1,25,18,29,17,1,Carry,105,Restart Return,107,Tackled Dominant,109,Crossed Gain line,460,Dominant Contact,502,2 Tacklers Committed,700,0th Receiver,0,,0,,0,,0,,4,4,2,2,,1,11,15,0,3,953,Canada,951,Romania,12/07/2024,19:00,13,10,35,22,6,3,1146,TD Place,-1,NA,1,2023,05,5,Lock (5),0,,0,,1000761,Hollie Davidson,1001076,Kat Roche,1001022,Luke Rogan,-1,,3,International,N,L
444,941540,28377,Andrew Coe,953,Canada,841.48,841.48,1303,1,72,50,0,0,2,Tackle,142,Chase,160,Passive,0,,475,Ineffective Tackle,708,1st Tackler,0,,0,,0,,0,,0,,0,0,0,0,,1,11,15,0,3,953,Canada,951,Romania,12/07/2024,19:00,13,10,35,22,6,3,1146,TD Place,-1,NA,1,2023,14,14,Right Wing,0,,0,,1000761,Hollie Davidson,1001076,Kat Roche,1001022,Luke Rogan,-1,,3,International,Y,W
445,941540,27090,Conor Keys,953,Canada,841.92,841.92,1304,1,72,50,0,0,2,Tackle,142,Chase,160,Passive,441,Assist,475,Ineffective Tackle,709,2nd Tackler,0,,0,,0,,0,,0,,0,0,0,0,,1,11,15,0,3,953,Canada,951,Romania,12/07/2024,19:00,13,10,35,22,6,3,1146,TD Place,-1,NA,1,2023,04,4,Lock (4),0,,0,,1000761,Hollie Davidson,1001076,Kat Roche,1001022,Luke Rogan,-1,,3,International,Y,W
446,941540,23278,Andrei Mahu,951,Romania,841.96,850.88,1304,1,29,17,0,0,23,Ruck,0,,401,Won Outright,551,N/A Gainline,559,N/A Ruck Speed,676,N/A Movement Ruck,0,,0,,0,,0,,0,,0,0,0,0,,1,11,15,0,3,953,Canada,951,Romania,12/07/2024,19:00,13,10,35,22,6,3,1146,TD Place,-1,NA,1,2023,05,5,Lock (5),0,,0,,1000761,Hollie Davidson,1001076,Kat Roche,1001022,Luke Rogan,-1,,3,International,N,L
447,941540,29316,Nicolaas Immelman,951,Romania,842.84,842.84,1305,1,29,17,0,0,43,Ruck OOA,572,Cleaned Out,583,Own Team 1st Entry,588,OOA Entry 1st Entry- Att,632,Attacking OOA,0,1,0,,0,,0,,0,,0,,0,0,0,0,,1,11,15,0,3,953,Canada,951,Romania,12/07/2024,19:00,13,10,35,22,6,3,1146,TD Place,-1,NA,1,2023,08,8,Number 8,0,,0,,1000761,Hollie Davidson,1001076,Kat Roche,1001022,Luke Rogan,-1,,3,International,N,L
448,941540,34102,Vasile Balan,951,Romania,843.84,843.84,1306,1,29,17,0,0,43,Ruck OOA,574,Secured,584,Own Team 2nd Entry,589,OOA Entry 2nd Entry- Att,632,Attacking OOA,0,2,0,,0,,0,,0,,0,,0,0,0,0,,1,11,15,0,3,953,Canada,951,Romania,12/07/2024,19:00,13,10,35,22,6,3,1146,TD Place,-1,NA,1,2023,03,3,Tighthead Prop,0,,0,,1000761,Hollie Davidson,1001076,Kat Roche,1001022,Luke Rogan,-1,,3,International,N,L
449,941540,34051,Iulian Hartig,951,Romania,844.08,844.08,1306,1,29,17,0,0,43,Ruck OOA,574,Secured,585,Own Team 3rd Entry,590,OOA Entry 3rd Entry- Att,632,Attacking OOA,0,3,0,,0,,0,,0,,0,,0,0,0,0,,1,11,15,0,3,953,Canada,951,Romania,12/07/2024,19:00,13,10,35,22,6,3,1146,TD Place,-1,NA,1,2023,01,1,Loosehead Prop,0,,0,,1000761,Hollie Davidson,1001076,Kat Roche,1001022,Luke Rogan,-1,,3,International,N,L
450,941540,39780,Stefan Buruiana,951,Romania,849.08,849.08,1311,1,29,17,0,0,43,Ruck OOA,575,Attended,586,Own Team 4th Entry,591,OOA Entry 4th Entry- Att,632,Attacking OOA,0,4,0,,0,,0,,0,,0,,0,0,0,0,,1,11,15,0,3,953,Canada,951,Romania,12/07/2024,19:00,13,10,35,22,6,3,1146,TD Place,-1,NA,1,2023,02,2,Hooker,0,,0,,1000761,Hollie Davidson,1001076,Kat Roche,1001022,Luke Rogan,-1,,3,International,N,L
451,941540,63895,Yanis Horvat,951,Romania,850.40,850.40,1312,1,29,17,0,0,43,Ruck OOA,575,Attended,587,Own Team 5th+ Entry,592,OOA Entry 5th Entry- Att,632,Attacking OOA,0,5,0,,0,,0,,0,,0,,0,0,0,0,,1,11,15,0,3,953,Canada,951,Romania,12/07/2024,19:00,13,10,35,22,6,3,1146,TD Place,-1,NA,1,2023,04,4,Lock (4),0,,0,,1000761,Hollie Davidson,1001076,Kat Roche,1001022,Luke Rogan,-1,,3,International,N,L
452,941540,57666,Alin Conache,951,Romania,850.64,850.64,1312,1,29,17,0,0,8,Turnover,464,5 Second Rule,677,Error on Attack,0,,0,,0,,0,,0,,0,,0,,0,,0,0,0,0,,1,11,15,0,3,953,Canada,951,Romania,12/07/2024,19:00,13,10,35,22,6,3,1146,TD Place,-1,NA,1,2023,09,9,Scrum Half,0,,0,,1000761,Hollie Davidson,1001076,Kat Roche,1001022,Luke Rogan,-1,,3,International,N,L
453,941540,0,,953,Canada,837.08,850.88,1313,1,49,34,71,51,26,Sequences,307,50m Restart,411,Turnover (Scrum),0,,0,,0,,0,,0,,0,,0,,0,,22,0,0,0,,1,11,15,0,3,953,Canada,951,Romania,12/07/2024,19:00,13,10,35,22,6,3,1146,TD Place,-1,NA,1,2023,,,,0,,0,,1000761,Hollie Davidson,1001076,Kat Roche,1001022,Luke Rogan,-1,,3,International,Y,W
454,941540,0,,951,Romania,840.68,850.88,1313,1,25,18,29,17,15,Possession,307,50m Restart,411,Turnover (Scrum),0,,684,Fails to enter into Opposition 22,0,,0,,0,,0,,0,,0,,4,0,0,0,,1,11,15,0,3,953,Canada,951,Romania,12/07/2024,19:00,13,10,35,22,6,3,1146,TD Place,-1,NA,1,2023,,,,0,,0,,1000761,Hollie Davidson,1001076,Kat Roche,1001022,Luke Rogan,-1,,3,International,N,L
455,941540,38159,Jason Higgins,953,Canada,901.72,906.44,1404,1,71,52,0,0,5,Scrum,367,Scrum Half Pass,353,Won Outright,365,Neutral,0,,666,Close Right Blindside Movement Scrum,0,,0,,0,,0,,0,,0,0,0,8,,1,12,16,0,3,953,Canada,951,Romania,12/07/2024,19:00,13,10,35,22,6,3,1146,TD Place,-1,NA,1,2023,09,9,Scrum Half,0,,0,,1000761,Hollie Davidson,1001076,Kat Roche,1001022,Luke Rogan,-1,,3,International,Y,W
456,941540,29377,Liam Murray,953,Canada,901.72,906.44,1404,1,71,52,0,0,28,,367,Scrum Half Pass,353,Won Outright,365,Neutral,0,,0,,0,,0,,0,,0,,0,,0,0,0,0,,1,12,16,0,3,953,Canada,951,Romania,12/07/2024,19:00,13,10,35,22,6,3,1146,TD Place,-1,NA,1,2023,01,1,Loosehead Prop,0,,0,,1000761,Hollie Davidson,1001076,Kat Roche,1001022,Luke Rogan,-1,,3,International,Y,W
457,941540,25189,Andrew Quattrin,953,Canada,901.72,906.44,1404,1,71,52,0,0,28,,367,Scrum Half Pass,353,Won Outright,365,Neutral,0,,0,,0,,0,,0,,0,,0,,0,0,0,0,,1,12,16,0,3,953,Canada,951,Romania,12/07/2024,19:00,13,10,35,22,6,3,1146,TD Place,-1,NA,1,2023,02,2,Hooker,0,,0,,1000761,Hollie Davidson,1001076,Kat Roche,1001022,Luke Rogan,-1,,3,International,Y,W
458,941540,29383,Conor Young,953,Canada,901.72,906.44,1404,1,71,52,0,0,28,,367,Scrum Half Pass,353,Won Outright,365,Neutral,0,,0,,0,,0,,0,,0,,0,,0,0,0,0,,1,12,16,0,3,953,Canada,951,Romania,12/07/2024,19:00,13,10,35,22,6,3,1146,TD Place,-1,NA,1,2023,03,3,Tighthead Prop,0,,0,,1000761,Hollie Davidson,1001076,Kat Roche,1001022,Luke Rogan,-1,,3,International,Y,W
459,941540,27090,Conor Keys,953,Canada,901.72,906.44,1404,1,71,52,0,0,28,,367,Scrum Half Pass,353,Won Outright,365,Neutral,0,,0,,0,,0,,0,,0,,0,,0,0,0,0,,1,12,16,0,3,953,Canada,951,Romania,12/07/2024,19:00,13,10,35,22,6,3,1146,TD Place,-1,NA,1,2023,04,4,Lock (4),0,,0,,1000761,Hollie Davidson,1001076,Kat Roche,1001022,Luke Rogan,-1,,3,International,Y,W
460,941540,25181,Kyle Baillie,953,Canada,901.72,906.44,1404,1,71,52,0,0,28,,367,Scrum Half Pass,353,Won Outright,365,Neutral,0,,0,,0,,0,,0,,0,,0,,0,0,0,0,,1,12,16,0,3,953,Canada,951,Romania,12/07/2024,19:00,13,10,35,22,6,3,1146,TD Place,-1,NA,1,2023,05,5,Lock (5),0,,0,,1000761,Hollie Davidson,1001076,Kat Roche,1001022,Luke Rogan,-1,,3,International,Y,W
461,941540,38465,Mason Flesch,953,Canada,901.72,906.44,1404,1,71,52,0,0,28,,367,Scrum Half Pass,353,Won Outright,365,Neutral,0,,0,,0,,0,,0,,0,,0,,0,0,0,0,,1,12,16,0,3,953,Canada,951,Romania,12/07/2024,19:00,13,10,35,22,6,3,1146,TD Place,-1,NA,1,2023,06,6,Blindside Flanker,0,,0,,1000761,Hollie Davidson,1001076,Kat Roche,1001022,Luke Rogan,-1,,3,International,Y,W
462,941540,56146,Ethan Fryer,953,Canada,901.72,906.44,1404,1,71,52,0,0,28,,367,Scrum Half Pass,353,Won Outright,365,Neutral,0,,0,,0,,0,,0,,0,,0,,0,0,0,0,,1,12,16,0,3,953,Canada,951,Romania,12/07/2024,19:00,13,10,35,22,6,3,1146,TD Place,-1,NA,1,2023,07,7,Openside Flanker,0,,0,,1000761,Hollie Davidson,1001076,Kat Roche,1001022,Luke Rogan,-1,,3,International,Y,W
463,941540,25183,Lucas Rumball,953,Canada,901.72,906.44,1404,1,71,52,0,0,28,,367,Scrum Half Pass,353,Won Outright,365,Neutral,0,,0,,0,,0,,0,,0,,0,,0,0,0,0,,1,12,16,0,3,953,Canada,951,Romania,12/07/2024,19:00,13,10,35,22,6,3,1146,TD Place,-1,NA,1,2023,08,8,Number 8,0,,0,,1000761,Hollie Davidson,1001076,Kat Roche,1001022,Luke Rogan,-1,,3,International,Y,W
464,941540,34051,Iulian Hartig,951,Romania,901.72,906.44,1404,1,71,52,0,0,29,,367,Scrum Half Pass,353,Won Outright,365,Neutral,0,,0,,0,,0,,0,,0,,0,,0,0,0,0,,1,12,16,0,3,953,Canada,951,Romania,12/07/2024,19:00,13,10,35,22,6,3,1146,TD Place,-1,NA,1,2023,01,1,Loosehead Prop,0,,0,,1000761,Hollie Davidson,1001076,Kat Roche,1001022,Luke Rogan,-1,,3,International,N,L
465,941540,39780,Stefan Buruiana,951,Romania,901.72,906.44,1404,1,71,52,0,0,29,,367,Scrum Half Pass,353,Won Outright,365,Neutral,0,,0,,0,,0,,0,,0,,0,,0,0,0,0,,1,12,16,0,3,953,Canada,951,Romania,12/07/2024,19:00,13,10,35,22,6,3,1146,TD Place,-1,NA,1,2023,02,2,Hooker,0,,0,,1000761,Hollie Davidson,1001076,Kat Roche,1001022,Luke Rogan,-1,,3,International,N,L
466,941540,34102,Vasile Balan,951,Romania,901.72,906.44,1404,1,71,52,0,0,29,,367,Scrum Half Pass,353,Won Outright,365,Neutral,0,,0,,0,,0,,0,,0,,0,,0,0,0,0,,1,12,16,0,3,953,Canada,951,Romania,12/07/2024,19:00,13,10,35,22,6,3,1146,TD Place,-1,NA,1,2023,03,3,Tighthead Prop,0,,0,,1000761,Hollie Davidson,1001076,Kat Roche,1001022,Luke Rogan,-1,,3,International,N,L
467,941540,63895,Yanis Horvat,951,Romania,901.72,906.44,1404,1,71,52,0,0,29,,367,Scrum Half Pass,353,Won Outright,365,Neutral,0,,0,,0,,0,,0,,0,,0,,0,0,0,0,,1,12,16,0,3,953,Canada,951,Romania,12/07/2024,19:00,13,10,35,22,6,3,1146,TD Place,-1,NA,1,2023,04,4,Lock (4),0,,0,,1000761,Hollie Davidson,1001076,Kat Roche,1001022,Luke Rogan,-1,,3,International,N,L
468,941540,23278,Andrei Mahu,951,Romania,901.72,906.44,1404,1,71,52,0,0,29,,367,Scrum Half Pass,353,Won Outright,365,Neutral,0,,0,,0,,0,,0,,0,,0,,0,0,0,0,,1,12,16,0,3,953,Canada,951,Romania,12/07/2024,19:00,13,10,35,22,6,3,1146,TD Place,-1,NA,1,2023,05,5,Lock (5),0,,0,,1000761,Hollie Davidson,1001076,Kat Roche,1001022,Luke Rogan,-1,,3,International,N,L
469,941540,33151,Vlad Neculau,951,Romania,901.72,906.44,1404,1,71,52,0,0,29,,367,Scrum Half Pass,353,Won Outright,365,Neutral,0,,0,,0,,0,,0,,0,,0,,0,0,0,0,,1,12,16,0,3,953,Canada,951,Romania,12/07/2024,19:00,13,10,35,22,6,3,1146,TD Place,-1,NA,1,2023,06,6,Blindside Flanker,0,,0,,1000761,Hollie Davidson,1001076,Kat Roche,1001022,Luke Rogan,-1,,3,International,N,L
470,941540,36759,Dragos Ser,951,Romania,901.72,906.44,1404,1,71,52,0,0,29,,367,Scrum Half Pass,353,Won Outright,365,Neutral,0,,0,,0,,0,,0,,0,,0,,0,0,0,0,,1,12,16,0,3,953,Canada,951,Romania,12/07/2024,19:00,13,10,35,22,6,3,1146,TD Place,-1,NA,1,2023,07,7,Openside Flanker,0,,0,,1000761,Hollie Davidson,1001076,Kat Roche,1001022,Luke Rogan,-1,,3,International,N,L
471,941540,29316,Nicolaas Immelman,951,Romania,901.72,906.44,1404,1,71,52,0,0,29,,367,Scrum Half Pass,353,Won Outright,365,Neutral,0,,0,,0,,0,,0,,0,,0,,0,0,0,0,,1,12,16,0,3,953,Canada,951,Romania,12/07/2024,19:00,13,10,35,22,6,3,1146,TD Place,-1,NA,1,2023,08,8,Number 8,0,,0,,1000761,Hollie Davidson,1001076,Kat Roche,1001022,Luke Rogan,-1,,3,International,N,L
472,941540,38159,Jason Higgins,953,Canada,906.44,906.44,1408,1,71,52,0,0,18,Collection,631,General Catch,0,,0,,0,,0,,0,,0,,0,,0,,0,,0,0,0,0,,1,12,16,0,3,953,Canada,951,Romania,12/07/2024,19:00,13,10,35,22,6,3,1146,TD Place,-1,NA,1,2023,09,9,Scrum Half,0,,0,,1000761,Hollie Davidson,1001076,Kat Roche,1001022,Luke Rogan,-1,,3,International,Y,W
473,941540,38159,Jason Higgins,953,Canada,907.48,908.72,1409,1,70,53,69,57,3,Pass,169,Complete,0,,679,Short Pass,682,Right Pass,700,0th Receiver,0,,0,,0,,0,,0,,5,5,2,0,,1,12,16,0,3,953,Canada,951,Romania,12/07/2024,19:00,13,10,35,22,6,3,1146,TD Place,-1,NA,1,2023,09,9,Scrum Half,0,,0,,1000761,Hollie Davidson,1001076,Kat Roche,1001022,Luke Rogan,-1,,3,International,Y,W
474,941540,33642,Cooper Coats,953,Canada,908.72,908.72,1411,1,69,57,0,0,18,Collection,631,General Catch,0,,0,,0,,0,,0,,0,,0,,0,,0,,0,0,0,0,,1,12,16,0,3,953,Canada,951,Romania,12/07/2024,19:00,13,10,35,22,6,3,1146,TD Place,-1,NA,1,2023,15,15,Full Back,0,,0,,1000761,Hollie Davidson,1001076,Kat Roche,1001022,Luke Rogan,-1,,3,International,Y,W
475,941540,33642,Cooper Coats,953,Canada,908.76,909.28,1411,1,71,60,71,60,4,Kick,191,Low,197,Error - Dead Ball,185,Kick in Play,0,,0,,0,,0,,0,,0,,0,,0,0,0,0,,1,12,16,0,3,953,Canada,951,Romania,12/07/2024,19:00,13,10,35,22,6,3,1146,TD Place,-1,NA,1,2023,15,15,Full Back,0,,0,,1000761,Hollie Davidson,1001076,Kat Roche,1001022,Luke Rogan,-1,,3,International,Y,W
476,941540,33642,Cooper Coats,953,Canada,909.28,909.28,1411,1,71,60,0,0,8,Turnover,261,Kick Error,677,Error on Attack,0,,0,,0,,0,,0,,0,,0,,0,,0,0,0,0,,1,12,16,0,3,953,Canada,951,Romania,12/07/2024,19:00,13,10,35,22,6,3,1146,TD Place,-1,NA,1,2023,15,15,Full Back,0,,0,,1000761,Hollie Davidson,1001076,Kat Roche,1001022,Luke Rogan,-1,,3,International,Y,W
477,941540,0,,953,Canada,901.72,912.72,1415,1,71,52,107,68,15,Possession,309,Scrum,413,Kick Error,0,,684,Fails to enter into Opposition 22,0,,0,,0,,0,,0,,0,,29,0,0,0,,1,12,16,0,3,953,Canada,951,Romania,12/07/2024,19:00,13,10,35,22,6,3,1146,TD Place,-1,NA,1,2023,,,,0,,0,,1000761,Hollie Davidson,1001076,Kat Roche,1001022,Luke Rogan,-1,,3,International,Y,W
478,941540,0,,953,Canada,901.72,912.72,1415,1,71,52,107,68,26,Sequences,309,Scrum,411,Turnover (Scrum),0,,0,,0,,0,,0,,0,,0,,0,,29,0,0,0,,1,12,16,0,3,953,Canada,951,Romania,12/07/2024,19:00,13,10,35,22,6,3,1146,TD Place,-1,NA,1,2023,,,,0,,0,,1000761,Hollie Davidson,1001076,Kat Roche,1001022,Luke Rogan,-1,,3,International,Y,W
479,941540,57666,Alin Conache,951,Romania,970.00,976.92,1512,1,27,7,0,0,5,Scrum,367,Scrum Half Pass,353,Won Outright,366,Negative,363,Clockwise,662,Mid Right Open Movement Scrum,0,,0,,0,,0,,0,,0,0,-2,12,,1,13,17,0,3,953,Canada,951,Romania,12/07/2024,19:00,13,10,35,22,6,3,1146,TD Place,-1,NA,1,2023,09,9,Scrum Half,0,,0,,1000761,Hollie Davidson,1001076,Kat Roche,1001022,Luke Rogan,-1,,3,International,N,L
480,941540,34051,Iulian Hartig,951,Romania,970.00,976.92,1512,1,27,7,0,0,28,,367,Scrum Half Pass,353,Won Outright,366,Negative,363,Clockwise,0,,0,,0,,0,,0,,0,,0,0,0,0,,1,13,17,0,3,953,Canada,951,Romania,12/07/2024,19:00,13,10,35,22,6,3,1146,TD Place,-1,NA,1,2023,01,1,Loosehead Prop,0,,0,,1000761,Hollie Davidson,1001076,Kat Roche,1001022,Luke Rogan,-1,,3,International,N,L
481,941540,39780,Stefan Buruiana,951,Romania,970.00,976.92,1512,1,27,7,0,0,28,,367,Scrum Half Pass,353,Won Outright,366,Negative,363,Clockwise,0,,0,,0,,0,,0,,0,,0,0,0,0,,1,13,17,0,3,953,Canada,951,Romania,12/07/2024,19:00,13,10,35,22,6,3,1146,TD Place,-1,NA,1,2023,02,2,Hooker,0,,0,,1000761,Hollie Davidson,1001076,Kat Roche,1001022,Luke Rogan,-1,,3,International,N,L
482,941540,34102,Vasile Balan,951,Romania,970.00,976.92,1512,1,27,7,0,0,28,,367,Scrum Half Pass,353,Won Outright,366,Negative,363,Clockwise,0,,0,,0,,0,,0,,0,,0,0,0,0,,1,13,17,0,3,953,Canada,951,Romania,12/07/2024,19:00,13,10,35,22,6,3,1146,TD Place,-1,NA,1,2023,03,3,Tighthead Prop,0,,0,,1000761,Hollie Davidson,1001076,Kat Roche,1001022,Luke Rogan,-1,,3,International,N,L
483,941540,63895,Yanis Horvat,951,Romania,970.00,976.92,1512,1,27,7,0,0,28,,367,Scrum Half Pass,353,Won Outright,366,Negative,363,Clockwise,0,,0,,0,,0,,0,,0,,0,0,0,0,,1,13,17,0,3,953,Canada,951,Romania,12/07/2024,19:00,13,10,35,22,6,3,1146,TD Place,-1,NA,1,2023,04,4,Lock (4),0,,0,,1000761,Hollie Davidson,1001076,Kat Roche,1001022,Luke Rogan,-1,,3,International,N,L
484,941540,23278,Andrei Mahu,951,Romania,970.00,976.92,1512,1,27,7,0,0,28,,367,Scrum Half Pass,353,Won Outright,366,Negative,363,Clockwise,0,,0,,0,,0,,0,,0,,0,0,0,0,,1,13,17,0,3,953,Canada,951,Romania,12/07/2024,19:00,13,10,35,22,6,3,1146,TD Place,-1,NA,1,2023,05,5,Lock (5),0,,0,,1000761,Hollie Davidson,1001076,Kat Roche,1001022,Luke Rogan,-1,,3,International,N,L
485,941540,33151,Vlad Neculau,951,Romania,970.00,976.92,1512,1,27,7,0,0,28,,367,Scrum Half Pass,353,Won Outright,366,Negative,363,Clockwise,0,,0,,0,,0,,0,,0,,0,0,0,0,,1,13,17,0,3,953,Canada,951,Romania,12/07/2024,19:00,13,10,35,22,6,3,1146,TD Place,-1,NA,1,2023,06,6,Blindside Flanker,0,,0,,1000761,Hollie Davidson,1001076,Kat Roche,1001022,Luke Rogan,-1,,3,International,N,L
486,941540,36759,Dragos Ser,951,Romania,970.00,976.92,1512,1,27,7,0,0,28,,367,Scrum Half Pass,353,Won Outright,366,Negative,363,Clockwise,0,,0,,0,,0,,0,,0,,0,0,0,0,,1,13,17,0,3,953,Canada,951,Romania,12/07/2024,19:00,13,10,35,22,6,3,1146,TD Place,-1,NA,1,2023,07,7,Openside Flanker,0,,0,,1000761,Hollie Davidson,1001076,Kat Roche,1001022,Luke Rogan,-1,,3,International,N,L
487,941540,29316,Nicolaas Immelman,951,Romania,970.00,976.92,1512,1,27,7,0,0,28,,367,Scrum Half Pass,353,Won Outright,366,Negative,363,Clockwise,0,,0,,0,,0,,0,,0,,0,0,0,0,,1,13,17,0,3,953,Canada,951,Romania,12/07/2024,19:00,13,10,35,22,6,3,1146,TD Place,-1,NA,1,2023,08,8,Number 8,0,,0,,1000761,Hollie Davidson,1001076,Kat Roche,1001022,Luke Rogan,-1,,3,International,N,L
488,941540,29377,Liam Murray,953,Canada,970.00,976.92,1512,1,27,7,0,0,29,,367,Scrum Half Pass,353,Won Outright,366,Negative,363,Clockwise,0,,0,,0,,0,,0,,0,,0,0,0,0,,1,13,17,0,3,953,Canada,951,Romania,12/07/2024,19:00,13,10,35,22,6,3,1146,TD Place,-1,NA,1,2023,01,1,Loosehead Prop,0,,0,,1000761,Hollie Davidson,1001076,Kat Roche,1001022,Luke Rogan,-1,,3,International,Y,W
489,941540,25189,Andrew Quattrin,953,Canada,970.00,976.92,1512,1,27,7,0,0,29,,367,Scrum Half Pass,353,Won Outright,366,Negative,363,Clockwise,0,,0,,0,,0,,0,,0,,0,0,0,0,,1,13,17,0,3,953,Canada,951,Romania,12/07/2024,19:00,13,10,35,22,6,3,1146,TD Place,-1,NA,1,2023,02,2,Hooker,0,,0,,1000761,Hollie Davidson,1001076,Kat Roche,1001022,Luke Rogan,-1,,3,International,Y,W
490,941540,29383,Conor Young,953,Canada,970.00,976.92,1512,1,27,7,0,0,29,,367,Scrum Half Pass,353,Won Outright,366,Negative,363,Clockwise,0,,0,,0,,0,,0,,0,,0,0,0,0,,1,13,17,0,3,953,Canada,951,Romania,12/07/2024,19:00,13,10,35,22,6,3,1146,TD Place,-1,NA,1,2023,03,3,Tighthead Prop,0,,0,,1000761,Hollie Davidson,1001076,Kat Roche,1001022,Luke Rogan,-1,,3,International,Y,W
491,941540,27090,Conor Keys,953,Canada,970.00,976.92,1512,1,27,7,0,0,29,,367,Scrum Half Pass,353,Won Outright,366,Negative,363,Clockwise,0,,0,,0,,0,,0,,0,,0,0,0,0,,1,13,17,0,3,953,Canada,951,Romania,12/07/2024,19:00,13,10,35,22,6,3,1146,TD Place,-1,NA,1,2023,04,4,Lock (4),0,,0,,1000761,Hollie Davidson,1001076,Kat Roche,1001022,Luke Rogan,-1,,3,International,Y,W
492,941540,25181,Kyle Baillie,953,Canada,970.00,976.92,1512,1,27,7,0,0,29,,367,Scrum Half Pass,353,Won Outright,366,Negative,363,Clockwise,0,,0,,0,,0,,0,,0,,0,0,0,0,,1,13,17,0,3,953,Canada,951,Romania,12/07/2024,19:00,13,10,35,22,6,3,1146,TD Place,-1,NA,1,2023,05,5,Lock (5),0,,0,,1000761,Hollie Davidson,1001076,Kat Roche,1001022,Luke Rogan,-1,,3,International,Y,W
493,941540,38465,Mason Flesch,953,Canada,970.00,976.92,1512,1,27,7,0,0,29,,367,Scrum Half Pass,353,Won Outright,366,Negative,363,Clockwise,0,,0,,0,,0,,0,,0,,0,0,0,0,,1,13,17,0,3,953,Canada,951,Romania,12/07/2024,19:00,13,10,35,22,6,3,1146,TD Place,-1,NA,1,2023,06,6,Blindside Flanker,0,,0,,1000761,Hollie Davidson,1001076,Kat Roche,1001022,Luke Rogan,-1,,3,International,Y,W
494,941540,56146,Ethan Fryer,953,Canada,970.00,976.92,1512,1,27,7,0,0,29,,367,Scrum Half Pass,353,Won Outright,366,Negative,363,Clockwise,0,,0,,0,,0,,0,,0,,0,0,0,0,,1,13,17,0,3,953,Canada,951,Romania,12/07/2024,19:00,13,10,35,22,6,3,1146,TD Place,-1,NA,1,2023,07,7,Openside Flanker,0,,0,,1000761,Hollie Davidson,1001076,Kat Roche,1001022,Luke Rogan,-1,,3,International,Y,W
495,941540,25183,Lucas Rumball,953,Canada,970.00,976.92,1512,1,27,7,0,0,29,,367,Scrum Half Pass,353,Won Outright,366,Negative,363,Clockwise,0,,0,,0,,0,,0,,0,,0,0,0,0,,1,13,17,0,3,953,Canada,951,Romania,12/07/2024,19:00,13,10,35,22,6,3,1146,TD Place,-1,NA,1,2023,08,8,Number 8,0,,0,,1000761,Hollie Davidson,1001076,Kat Roche,1001022,Luke Rogan,-1,,3,International,Y,W
496,941540,57666,Alin Conache,951,Romania,976.92,976.92,1519,1,27,7,0,0,18,Collection,631,General Catch,0,,0,,0,,0,,0,,0,,0,,0,,0,,0,0,0,0,,1,13,17,0,3,953,Canada,951,Romania,12/07/2024,19:00,13,10,35,22,6,3,1146,TD Place,-1,NA,1,2023,09,9,Scrum Half,0,,0,,1000761,Hollie Davidson,1001076,Kat Roche,1001022,Luke Rogan,-1,,3,International,N,L
497,941540,57666,Alin Conache,951,Romania,976.96,979.92,1519,1,27,7,20,16,3,Pass,169,Complete,0,,686,Medium Pass,682,Right Pass,700,0th Receiver,0,,0,,0,,0,,0,,9,11,6,0,,1,13,17,0,3,953,Canada,951,Romania,12/07/2024,19:00,13,10,35,22,6,3,1146,TD Place,-1,NA,1,2023,09,9,Scrum Half,0,,0,,1000761,Hollie Davidson,1001076,Kat Roche,1001022,Luke Rogan,-1,,3,International,N,L
498,941540,40389,Jason Tomane,951,Romania,979.92,979.92,1522,1,20,16,0,0,18,Collection,631,General Catch,0,,0,,0,,0,,0,,0,,0,,0,,0,,0,0,0,0,,1,13,17,0,3,953,Canada,951,Romania,12/07/2024,19:00,13,10,35,22,6,3,1146,TD Place,-1,NA,1,2023,12,12,Inside Centre,0,,0,,1000761,Hollie Davidson,1001076,Kat Roche,1001022,Luke Rogan,-1,,3,International,N,L
499,941540,0,,951,Romania,979.92,979.92,1522,1,20,16,0,0,45,Defensive Exits,629,Carried out of 22,0,,0,,0,,0,,0,,0,,0,,0,,0,,0,0,0,0,,1,13,17,0,3,953,Canada,951,Romania,12/07/2024,19:00,13,10,35,22,6,3,1146,TD Place,-1,NA,1,2023,,,,0,,0,,1000761,Hollie Davidson,1001076,Kat Roche,1001022,Luke Rogan,-1,,3,International,N,L
500,941540,40389,Jason Tomane,951,Romania,979.92,981.68,1522,1,20,16,25,19,1,Carry,101,One Out Drive,108,Tackled Neutral,111,Failed Gain line,461,Neutral Contact,502,2 Tacklers Committed,701,1st Receiver,0,,0,,0,,0,,0,5,1,1,,1,13,17,0,3,953,Canada,951,Romania,12/07/2024,19:00,13,10,35,22,6,3,1146,TD Place,-1,NA,1,2023,12,12,Inside Centre,0,,0,,1000761,Hollie Davidson,1001076,Kat Roche,1001022,Luke Rogan,-1,,3,International,N,L
501,941540,19391,Peter Nelson,953,Canada,980.44,980.44,1522,1,76,49,0,0,2,Tackle,144,Line,153,Complete,0,,474,Neutral Tackle,708,1st Tackler,0,,0,,0,,0,,0,,0,0,0,0,,1,13,17,0,3,953,Canada,951,Romania,12/07/2024,19:00,13,10,35,22,6,3,1146,TD Place,-1,NA,1,2023,10,10,Fly Half,0,,0,,1000761,Hollie Davidson,1001076,Kat Roche,1001022,Luke Rogan,-1,,3,International,Y,W
502,941540,64048,Talon McMullin,953,Canada,980.56,980.56,1522,1,76,49,0,0,2,Tackle,144,Line,157,Pen Conceded,441,Assist,474,Neutral Tackle,709,2nd Tackler,0,,0,,0,,0,,0,,0,0,0,0,,1,13,17,0,3,953,Canada,951,Romania,12/07/2024,19:00,13,10,35,22,6,3,1146,TD Place,-1,NA,1,2023,12,12,Inside Centre,0,,0,,1000761,Hollie Davidson,1001076,Kat Roche,1001022,Luke Rogan,-1,,3,International,Y,W
503,941540,40389,Jason Tomane,951,Romania,981.68,985.00,1524,1,25,19,0,0,23,Ruck,0,,403,Penalty Won,549,Behind Previous Gainline,559,N/A Ruck Speed,676,N/A Movement Ruck,0,,0,,0,,0,,0,,0,0,0,0,,1,13,17,0,3,953,Canada,951,Romania,12/07/2024,19:00,13,10,35,22,6,3,1146,TD Place,-1,NA,1,2023,12,12,Inside Centre,0,,0,,1000761,Hollie Davidson,1001076,Kat Roche,1001022,Luke Rogan,-1,,3,International,N,L
504,941540,60960,Mihai Graure,951,Romania,982.04,982.04,1524,1,25,19,0,0,43,Ruck OOA,574,Secured,583,Own Team 1st Entry,588,OOA Entry 1st Entry- Att,632,Attacking OOA,0,1,0,,0,,0,,0,,0,,0,0,0,0,,1,13,17,0,3,953,Canada,951,Romania,12/07/2024,19:00,13,10,35,22,6,3,1146,TD Place,-1,NA,1,2023,13,13,Outside Centre,0,,0,,1000761,Hollie Davidson,1001076,Kat Roche,1001022,Luke Rogan,-1,,3,International,N,L
505,941540,39780,Stefan Buruiana,951,Romania,982.72,982.72,1525,1,25,19,0,0,43,Ruck OOA,574,Secured,584,Own Team 2nd Entry,589,OOA Entry 2nd Entry- Att,632,Attacking OOA,0,2,0,,0,,0,,0,,0,,0,0,0,0,,1,13,17,0,3,953,Canada,951,Romania,12/07/2024,19:00,13,10,35,22,6,3,1146,TD Place,-1,NA,1,2023,02,2,Hooker,0,,0,,1000761,Hollie Davidson,1001076,Kat Roche,1001022,Luke Rogan,-1,,3,International,N,L
506,941540,29316,Nicolaas Immelman,951,Romania,983.28,983.28,1525,1,25,19,0,0,43,Ruck OOA,574,Secured,585,Own Team 3rd Entry,590,OOA Entry 3rd Entry- Att,632,Attacking OOA,0,3,0,,0,,0,,0,,0,,0,0,0,0,,1,13,17,0,3,953,Canada,951,Romania,12/07/2024,19:00,13,10,35,22,6,3,1146,TD Place,-1,NA,1,2023,08,8,Number 8,0,,0,,1000761,Hollie Davidson,1001076,Kat Roche,1001022,Luke Rogan,-1,,3,International,N,L
507,941540,64048,Talon McMullin,953,Canada,983.36,983.36,1525,1,75,49,0,0,7,Penalty Conceded,225,Not Rolling Away,236,No Action,215,Defence,233,Full Penalty,0,,0,,0,,0,,0,,0,,0,0,0,0,,1,13,17,0,3,953,Canada,951,Romania,12/07/2024,19:00,13,10,35,22,6,3,1146,TD Place,-1,NA,1,2023,12,12,Inside Centre,0,,0,,1000761,Hollie Davidson,1001076,Kat Roche,1001022,Luke Rogan,-1,,3,International,Y,W
508,941540,0,,951,Romania,970.00,985.00,1527,1,27,7,25,19,15,Possession,309,Scrum,316,Pen Won,0,,684,Fails to enter into Opposition 22,0,,0,,0,,0,,0,,0,,-2,0,0,0,,1,13,17,0,3,953,Canada,951,Romania,12/07/2024,19:00,13,10,35,22,6,3,1146,TD Place,-1,NA,1,2023,,,,0,,0,,1000761,Hollie Davidson,1001076,Kat Roche,1001022,Luke Rogan,-1,,3,International,N,L
509,941540,0,,951,Romania,970.00,985.00,1527,1,27,7,25,19,26,Sequences,309,Scrum,316,Pen Won,0,,0,,0,,0,,0,,0,,0,,0,,-2,0,0,0,,1,13,17,0,3,953,Canada,951,Romania,12/07/2024,19:00,13,10,35,22,6,3,1146,TD Place,-1,NA,1,2023,,,,0,,0,,1000761,Hollie Davidson,1001076,Kat Roche,1001022,Luke Rogan,-1,,3,International,N,L
510,941540,27035,Marius Simionescu,951,Romania,1003.20,1006.00,1545,1,26,18,62,0,4,Kick,347,Touch Kick,193,Kick in Touch (Full),148,Penalty Kick,0,,0,,0,,0,,0,,0,,0,,36,40,0,0,,1,13,18,0,3,953,Canada,951,Romania,12/07/2024,19:00,13,10,35,22,6,3,1146,TD Place,-1,NA,1,2023,14,14,Right Wing,0,,0,,1000761,Hollie Davidson,1001076,Kat Roche,1001022,Luke Rogan,-1,,3,International,N,L
511,941540,0,,951,Romania,1003.20,1006.00,1548,1,26,18,62,0,26,Sequences,780,Penalty Kick Touch,415,Own Lineout,0,,0,,0,,0,,0,,0,,0,,0,,36,0,0,0,,1,13,18,0,3,953,Canada,951,Romania,12/07/2024,19:00,13,10,35,22,6,3,1146,TD Place,-1,NA,1,2023,,,,0,,0,,1000761,Hollie Davidson,1001076,Kat Roche,1001022,Luke Rogan,-1,,3,International,N,L
512,941540,39780,Stefan Buruiana,951,Romania,1037.28,1038.84,1619,1,63,0,63,8,6,Lineout Throw,372,Throw Middle,376,Won Clean Catch,208,Catch and Pass,0,6,662,Mid Right Open Movement Lineout,731,6 Players,724,Halfback in Position,0,,0,,0,,8,0,0,17,,1,14,19,0,3,953,Canada,951,Romania,12/07/2024,19:00,13,10,35,22,6,3,1146,TD Place,-1,NA,1,2023,02,2,Hooker,0,,0,,1000761,Hollie Davidson,1001076,Kat Roche,1001022,Luke Rogan,-1,,3,International,N,L
513,941540,63895,Yanis Horvat,951,Romania,1038.84,1038.84,1621,1,63,8,0,0,27,Lineout Take,387,Lineout Win Middle,376,Won Clean,208,Catch and Pass,396,Clean Catch,0,,0,,0,,0,,0,,0,,0,0,0,0,,1,14,19,0,3,953,Canada,951,Romania,12/07/2024,19:00,13,10,35,22,6,3,1146,TD Place,-1,NA,1,2023,04,4,Lock (4),0,,0,,1000761,Hollie Davidson,1001076,Kat Roche,1001022,Luke Rogan,-1,,3,International,N,L
514,941540,63895,Yanis Horvat,951,Romania,1040.00,1041.04,1622,1,63,8,59,8,3,Pass,169,Complete,0,,679,Short Pass,681,Left Pass,700,0th Receiver,0,,0,,0,,0,,0,,0,4,4,0,,1,14,19,0,3,953,Canada,951,Romania,12/07/2024,19:00,13,10,35,22,6,3,1146,TD Place,-1,NA,1,2023,04,4,Lock (4),0,,0,,1000761,Hollie Davidson,1001076,Kat Roche,1001022,Luke Rogan,-1,,3,International,N,L
515,941540,57666,Alin Conache,951,Romania,1041.04,1041.04,1623,1,59,8,0,0,18,Collection,631,General Catch,0,,0,,0,,0,,0,,0,,0,,0,,0,,0,0,0,0,,1,14,19,0,3,953,Canada,951,Romania,12/07/2024,19:00,13,10,35,22,6,3,1146,TD Place,-1,NA,1,2023,09,9,Scrum Half,0,,0,,1000761,Hollie Davidson,1001076,Kat Roche,1001022,Luke Rogan,-1,,3,International,N,L
516,941540,57666,Alin Conache,951,Romania,1041.08,1042.48,1623,1,59,9,57,19,3,Pass,169,Complete,0,,686,Medium Pass,682,Right Pass,701,1st Receiver,0,,0,,0,,0,,0,,11,11,2,0,,1,14,19,0,3,953,Canada,951,Romania,12/07/2024,19:00,13,10,35,22,6,3,1146,TD Place,-1,NA,1,2023,09,9,Scrum Half,0,,0,,1000761,Hollie Davidson,1001076,Kat Roche,1001022,Luke Rogan,-1,,3,International,N,L
517,941540,36759,Dragos Ser,951,Romania,1042.48,1042.48,1624,1,57,19,0,0,18,Collection,631,General Catch,0,,0,,0,,0,,0,,0,,0,,0,,0,,0,0,0,0,,1,14,19,0,3,953,Canada,951,Romania,12/07/2024,19:00,13,10,35,22,6,3,1146,TD Place,-1,NA,1,2023,07,7,Openside Flanker,0,,0,,1000761,Hollie Davidson,1001076,Kat Roche,1001022,Luke Rogan,-1,,3,International,N,L
518,941540,36759,Dragos Ser,951,Romania,1042.48,1043.40,1624,1,57,19,63,25,1,Carry,101,One Out Drive,108,Tackled Neutral,110,Neutral Gain line,461,Neutral Contact,502,2 Tacklers Committed,702,2nd Receiver,0,,0,,0,,0,,0,5,2,2,,1,14,19,0,3,953,Canada,951,Romania,12/07/2024,19:00,13,10,35,22,6,3,1146,TD Place,-1,NA,1,2023,07,7,Openside Flanker,0,,0,,1000761,Hollie Davidson,1001076,Kat Roche,1001022,Luke Rogan,-1,,3,International,N,L
519,941540,25183,Lucas Rumball,953,Canada,1042.76,1042.76,1625,1,39,44,0,0,2,Tackle,144,Line,153,Complete,0,,474,Neutral Tackle,708,1st Tackler,0,,0,,0,,0,,0,,0,0,0,0,,1,14,19,0,3,953,Canada,951,Romania,12/07/2024,19:00,13,10,35,22,6,3,1146,TD Place,-1,NA,1,2023,08,8,Number 8,0,,0,,1000761,Hollie Davidson,1001076,Kat Roche,1001022,Luke Rogan,-1,,3,International,Y,W
520,941540,19391,Peter Nelson,953,Canada,1043.04,1043.04,1625,1,39,44,0,0,2,Tackle,144,Line,153,Complete,441,Assist,474,Neutral Tackle,709,2nd Tackler,0,,0,,0,,0,,0,,0,0,0,0,,1,14,19,0,3,953,Canada,951,Romania,12/07/2024,19:00,13,10,35,22,6,3,1146,TD Place,-1,NA,1,2023,10,10,Fly Half,0,,0,,1000761,Hollie Davidson,1001076,Kat Roche,1001022,Luke Rogan,-1,,3,International,Y,W
521,941540,36759,Dragos Ser,951,Romania,1043.40,1045.04,1625,1,63,25,0,0,23,Ruck,0,,401,Won Outright,550,Equal to Previous  Gainline,553,1-2 Seconds,662,Mid Right Open Movement Ruck,0,,0,,0,,0,,0,,0,0,-2,18,,1,14,19,0,3,953,Canada,951,Romania,12/07/2024,19:00,13,10,35,22,6,3,1146,TD Place,-1,NA,1,2023,07,7,Openside Flanker,0,,0,,1000761,Hollie Davidson,1001076,Kat Roche,1001022,Luke Rogan,-1,,3,International,N,L
522,941540,40389,Jason Tomane,951,Romania,1044.56,1044.56,1626,1,63,25,0,0,43,Ruck OOA,574,Secured,583,Own Team 1st Entry,588,OOA Entry 1st Entry- Att,632,Attacking OOA,0,1,0,,0,,0,,0,,0,,0,0,0,0,,1,14,19,0,3,953,Canada,951,Romania,12/07/2024,19:00,13,10,35,22,6,3,1146,TD Place,-1,NA,1,2023,12,12,Inside Centre,0,,0,,1000761,Hollie Davidson,1001076,Kat Roche,1001022,Luke Rogan,-1,,3,International,N,L
523,941540,34051,Iulian Hartig,951,Romania,1045.04,1045.04,1627,1,63,25,0,0,18,Collection,631,General Catch,0,,0,,0,,0,,0,,0,,0,,0,,0,,0,0,0,0,,2,14,19,0,3,953,Canada,951,Romania,12/07/2024,19:00,13,10,35,22,6,3,1146,TD Place,-1,NA,1,2023,01,1,Loosehead Prop,0,,0,,1000761,Hollie Davidson,1001076,Kat Roche,1001022,Luke Rogan,-1,,3,International,N,L
524,941540,34051,Iulian Hartig,951,Romania,1045.04,1045.04,1627,1,63,25,0,0,47,Playmaker Options,672,Acting Halfback at Breakdown,673,Playmaker Option - Carry,0,,0,,0,,0,,0,,0,,0,,0,,0,0,0,0,,2,14,19,0,3,953,Canada,951,Romania,12/07/2024,19:00,13,10,35,22,6,3,1146,TD Place,-1,NA,1,2023,01,1,Loosehead Prop,0,,0,,1000761,Hollie Davidson,1001076,Kat Roche,1001022,Luke Rogan,-1,,3,International,N,L
525,941540,34051,Iulian Hartig,951,Romania,1045.04,1047.48,1627,1,63,25,62,29,1,Carry,102,Pick and Go,122,Off Load,111,Failed Gain line,462,Ineffective Contact,502,2 Tacklers Committed,700,0th Receiver,0,,0,,0,,0,,0,0,0,0,,2,14,19,0,3,953,Canada,951,Romania,12/07/2024,19:00,13,10,35,22,6,3,1146,TD Place,-1,NA,1,2023,01,1,Loosehead Prop,0,,0,,1000761,Hollie Davidson,1001076,Kat Roche,1001022,Luke Rogan,-1,,3,International,N,L
526,941540,29377,Liam Murray,953,Canada,1046.40,1046.40,1628,1,37,40,0,0,2,Tackle,145,Guard,155,Offload Allowed,0,,473,Dominant Tackle,708,1st Tackler,0,,0,,0,,0,,0,,0,0,0,0,,2,14,19,0,3,953,Canada,951,Romania,12/07/2024,19:00,13,10,35,22,6,3,1146,TD Place,-1,NA,1,2023,01,1,Loosehead Prop,0,,0,,1000761,Hollie Davidson,1001076,Kat Roche,1001022,Luke Rogan,-1,,3,International,Y,W
527,941540,25181,Kyle Baillie,953,Canada,1047.28,1047.28,1629,1,37,40,0,0,2,Tackle,144,Line,155,Offload Allowed,441,Assist,473,Dominant Tackle,709,2nd Tackler,0,,0,,0,,0,,0,,0,0,0,0,,2,14,19,0,3,953,Canada,951,Romania,12/07/2024,19:00,13,10,35,22,6,3,1146,TD Place,-1,NA,1,2023,05,5,Lock (5),0,,0,,1000761,Hollie Davidson,1001076,Kat Roche,1001022,Luke Rogan,-1,,3,International,Y,W
528,941540,34051,Iulian Hartig,951,Romania,1047.48,1048.48,1629,1,62,29,61,33,3,Pass,151,Offload,128,Own Player,679,Short Pass,682,Right Pass,700,0th Receiver,0,,0,,0,,0,,0,,4,4,1,0,,2,14,19,0,3,953,Canada,951,Romania,12/07/2024,19:00,13,10,35,22,6,3,1146,TD Place,-1,NA,1,2023,01,1,Loosehead Prop,0,,0,,1000761,Hollie Davidson,1001076,Kat Roche,1001022,Luke Rogan,-1,,3,International,N,L
529,941540,57666,Alin Conache,951,Romania,1048.48,1048.48,1630,1,61,33,0,0,18,Collection,631,General Catch,0,,0,,0,,0,,0,,0,,0,,0,,0,,0,0,0,0,,2,14,19,0,3,953,Canada,951,Romania,12/07/2024,19:00,13,10,35,22,6,3,1146,TD Place,-1,NA,1,2023,09,9,Scrum Half,0,,0,,1000761,Hollie Davidson,1001076,Kat Roche,1001022,Luke Rogan,-1,,3,International,N,L
530,941540,57666,Alin Conache,951,Romania,1048.52,1049.56,1630,1,61,34,59,44,3,Pass,174,Incomplete,0,,686,Medium Pass,682,Right Pass,701,1st Receiver,0,,0,,0,,0,,0,,11,11,3,0,,2,14,19,0,3,953,Canada,951,Romania,12/07/2024,19:00,13,10,35,22,6,3,1146,TD Place,-1,NA,1,2023,09,9,Scrum Half,0,,0,,1000761,Hollie Davidson,1001076,Kat Roche,1001022,Luke Rogan,-1,,3,International,N,L
531,941540,27747,Hinckley Vaovasa,951,Romania,1049.56,1049.56,1631,1,59,44,0,0,18,Collection,272,Attacking Loose Ball,277,Success,0,,0,,0,,0,,0,,0,,0,,0,,0,0,0,0,,2,14,19,0,3,953,Canada,951,Romania,12/07/2024,19:00,13,10,35,22,6,3,1146,TD Place,-1,NA,1,2023,10,10,Fly Half,0,,0,,1000761,Hollie Davidson,1001076,Kat Roche,1001022,Luke Rogan,-1,,3,International,N,L
532,941540,27747,Hinckley Vaovasa,951,Romania,1049.56,1051.56,1631,1,59,44,61,42,1,Carry,106,Support Carry,119,Error,111,Failed Gain line,461,Neutral Contact,501,1 Tacklers Committed,702,2nd Receiver,0,,0,,0,,0,,0,2,1,1,,2,14,19,0,3,953,Canada,951,Romania,12/07/2024,19:00,13,10,35,22,6,3,1146,TD Place,-1,NA,1,2023,10,10,Fly Half,0,,0,,1000761,Hollie Davidson,1001076,Kat Roche,1001022,Luke Rogan,-1,,3,International,N,L
533,941540,56146,Ethan Fryer,953,Canada,1050.96,1050.96,1633,1,40,25,0,0,2,Tackle,144,Line,153,Complete,0,,474,Neutral Tackle,708,1st Tackler,0,,0,,0,,0,,0,,0,0,0,0,,2,14,19,0,3,953,Canada,951,Romania,12/07/2024,19:00,13,10,35,22,6,3,1146,TD Place,-1,NA,1,2023,07,7,Openside Flanker,0,,0,,1000761,Hollie Davidson,1001076,Kat Roche,1001022,Luke Rogan,-1,,3,International,Y,W
534,941540,27747,Hinckley Vaovasa,951,Romania,1051.56,1051.56,1633,1,61,42,0,0,8,Turnover,258,Lost in Ruck or Maul,677,Error on Attack,0,,0,,0,,0,,0,,0,,0,,0,,0,0,0,0,,2,14,19,0,3,953,Canada,951,Romania,12/07/2024,19:00,13,10,35,22,6,3,1146,TD Place,-1,NA,1,2023,10,10,Fly Half,0,,0,,1000761,Hollie Davidson,1001076,Kat Roche,1001022,Luke Rogan,-1,,3,International,N,L
535,941540,27747,Hinckley Vaovasa,951,Romania,1051.56,1056.64,1633,1,61,42,0,0,23,Ruck,0,,402,Lost Outright,549,Behind Previous Gainline,559,N/A Ruck Speed,676,N/A Movement Ruck,0,,0,,0,,0,,0,,0,0,0,0,,2,14,19,0,3,953,Canada,951,Romania,12/07/2024,19:00,13,10,35,22,6,3,1146,TD Place,-1,NA,1,2023,10,10,Fly Half,0,,0,,1000761,Hollie Davidson,1001076,Kat Roche,1001022,Luke Rogan,-1,,3,International,N,L
536,941540,23278,Andrei Mahu,951,Romania,1051.88,1051.88,1634,1,61,42,0,0,43,Ruck OOA,573,Failed Clearout,583,Own Team 1st Entry,588,OOA Entry 1st Entry- Att,632,Attacking OOA,0,1,0,,0,,0,,0,,0,,0,0,0,0,,2,14,19,0,3,953,Canada,951,Romania,12/07/2024,19:00,13,10,35,22,6,3,1146,TD Place,-1,NA,1,2023,05,5,Lock (5),0,,0,,1000761,Hollie Davidson,1001076,Kat Roche,1001022,Luke Rogan,-1,,3,International,N,L
537,941540,25189,Andrew Quattrin,953,Canada,1051.96,1051.96,1634,1,39,26,0,0,43,Ruck OOA,576,Nuisance,583,Own Team 1st Entry,603,OOA Entry 1st Entry- Def,633,Defensive OOA,0,1,0,,0,,0,,0,,0,,0,0,0,0,,2,14,19,0,3,953,Canada,951,Romania,12/07/2024,19:00,13,10,35,22,6,3,1146,TD Place,-1,NA,1,2023,02,2,Hooker,0,,0,,1000761,Hollie Davidson,1001076,Kat Roche,1001022,Luke Rogan,-1,,3,International,Y,W
538,941540,34102,Vasile Balan,951,Romania,1052.28,1052.28,1634,1,61,42,0,0,43,Ruck OOA,573,Failed Clearout,584,Own Team 2nd Entry,589,OOA Entry 2nd Entry- Att,632,Attacking OOA,0,2,0,,0,,0,,0,,0,,0,0,0,0,,2,14,19,0,3,953,Canada,951,Romania,12/07/2024,19:00,13,10,35,22,6,3,1146,TD Place,-1,NA,1,2023,03,3,Tighthead Prop,0,,0,,1000761,Hollie Davidson,1001076,Kat Roche,1001022,Luke Rogan,-1,,3,International,N,L
539,941540,25183,Lucas Rumball,953,Canada,1052.92,1052.92,1635,1,39,26,0,0,18,Collection,276,Jackal,277,Success,0,,0,,0,,0,,0,,0,,0,,0,,0,0,0,0,,2,14,19,0,3,953,Canada,951,Romania,12/07/2024,19:00,13,10,35,22,6,3,1146,TD Place,-1,NA,1,2023,08,8,Number 8,0,,0,,1000761,Hollie Davidson,1001076,Kat Roche,1001022,Luke Rogan,-1,,3,International,Y,W
540,941540,25183,Lucas Rumball,953,Canada,1052.92,1052.92,1635,1,39,26,0,0,43,Ruck OOA,579,Turnover Won,584,Own Team 2nd Entry,604,OOA Entry 2nd Entry- Def,633,Defensive OOA,0,2,0,,0,,0,,0,,0,,0,0,0,0,,2,14,19,0,3,953,Canada,951,Romania,12/07/2024,19:00,13,10,35,22,6,3,1146,TD Place,-1,NA,1,2023,08,8,Number 8,0,,0,,1000761,Hollie Davidson,1001076,Kat Roche,1001022,Luke Rogan,-1,,3,International,Y,W
541,941540,0,,951,Romania,1037.28,1056.64,1638,1,63,0,62,38,15,Possession,306,Lineout,318,Turnover,0,,684,Fails to enter into Opposition 22,0,,0,,0,,0,,0,,0,,-1,0,0,0,,2,14,19,0,3,953,Canada,951,Romania,12/07/2024,19:00,13,10,35,22,6,3,1146,TD Place,-1,NA,1,2023,,,,0,,0,,1000761,Hollie Davidson,1001076,Kat Roche,1001022,Luke Rogan,-1,,3,International,N,L
542,941540,56146,Ethan Fryer,953,Canada,1056.64,1056.64,1638,1,38,30,0,0,18,Collection,274,Defensive Loose Ball,277,Success,0,,0,,0,,0,,0,,0,,0,,0,,0,0,0,0,,1,15,19,0,3,953,Canada,951,Romania,12/07/2024,19:00,13,10,35,22,6,3,1146,TD Place,-1,NA,1,2023,07,7,Openside Flanker,0,,0,,1000761,Hollie Davidson,1001076,Kat Roche,1001022,Luke Rogan,-1,,3,International,Y,W
543,941540,56146,Ethan Fryer,953,Canada,1056.68,1060.24,1638,1,40,31,35,54,3,Pass,174,Incomplete,0,,680,Long Pass,682,Right Pass,700,0th Receiver,0,,0,,0,,0,,0,,24,24,4,0,,1,15,19,0,3,953,Canada,951,Romania,12/07/2024,19:00,13,10,35,22,6,3,1146,TD Place,-1,NA,1,2023,07,7,Openside Flanker,0,,0,,1000761,Hollie Davidson,1001076,Kat Roche,1001022,Luke Rogan,-1,,3,International,Y,W
544,941540,38159,Jason Higgins,953,Canada,1060.24,1060.24,1642,1,35,54,0,0,18,Collection,272,Attacking Loose Ball,277,Success,0,,0,,0,,0,,0,,0,,0,,0,,0,0,0,0,,1,15,19,0,3,953,Canada,951,Romania,12/07/2024,19:00,13,10,35,22,6,3,1146,TD Place,-1,NA,1,2023,09,9,Scrum Half,0,,0,,1000761,Hollie Davidson,1001076,Kat Roche,1001022,Luke Rogan,-1,,3,International,Y,W
545,941540,38159,Jason Higgins,953,Canada,1060.28,1064.28,1642,1,36,57,61,65,4,Kick,187,Bomb,198,Caught Full,185,Kick in Play,0,,0,,0,,0,,0,,0,,0,,24,26,0,0,,1,15,19,0,3,953,Canada,951,Romania,12/07/2024,19:00,13,10,35,22,6,3,1146,TD Place,-1,NA,1,2023,09,9,Scrum Half,0,,0,,1000761,Hollie Davidson,1001076,Kat Roche,1001022,Luke Rogan,-1,,3,International,Y,W
546,941540,0,,953,Canada,1056.64,1064.28,1646,1,38,30,61,65,15,Possession,308,Turnover Won,351,Kick in Play,0,,684,Fails to enter into Opposition 22,0,,0,,0,,0,,0,,0,,23,0,0,0,,1,15,19,0,3,953,Canada,951,Romania,12/07/2024,19:00,13,10,35,22,6,3,1146,TD Place,-1,NA,1,2023,,,,0,,0,,1000761,Hollie Davidson,1001076,Kat Roche,1001022,Luke Rogan,-1,,3,International,Y,W
547,941540,27035,Marius Simionescu,951,Romania,1064.28,1064.28,1646,1,39,3,0,0,18,Collection,273,Defensive Catch,277,Success,0,,0,,0,,0,,0,,0,,0,,0,,0,0,0,0,,1,16,19,0,3,953,Canada,951,Romania,12/07/2024,19:00,13,10,35,22,6,3,1146,TD Place,-1,NA,1,2023,14,14,Right Wing,0,,0,,1000761,Hollie Davidson,1001076,Kat Roche,1001022,Luke Rogan,-1,,3,International,N,L
548,941540,27035,Marius Simionescu,951,Romania,1064.28,1067.72,1646,1,39,3,44,6,1,Carry,104,Kick Return,108,Tackled Neutral,109,Crossed Gain line,461,Neutral Contact,502,2 Tacklers Committed,700,0th Receiver,0,,0,,0,,0,,5,5,3,1,,1,16,19,0,3,953,Canada,951,Romania,12/07/2024,19:00,13,10,35,22,6,3,1146,TD Place,-1,NA,1,2023,14,14,Right Wing,0,,0,,1000761,Hollie Davidson,1001076,Kat Roche,1001022,Luke Rogan,-1,,3,International,N,L
549,941540,28377,Andrew Coe,953,Canada,1065.04,1065.04,1647,1,59,65,0,0,2,Tackle,142,Chase,161,Missed,0,,475,Ineffective Tackle,708,1st Tackler,0,,0,,0,,0,,0,,0,0,0,0,,1,16,19,0,3,953,Canada,951,Romania,12/07/2024,19:00,13,10,35,22,6,3,1146,TD Place,-1,NA,1,2023,14,14,Right Wing,0,,0,,1000761,Hollie Davidson,1001076,Kat Roche,1001022,Luke Rogan,-1,,3,International,Y,W
550,941540,28377,Andrew Coe,953,Canada,1065.04,1065.04,1647,1,59,65,0,0,12,Missed Tackle,163,Stepped,166,Tackled,0,,0,,0,,0,,0,,0,,0,,0,,0,0,0,0,,1,16,19,0,3,953,Canada,951,Romania,12/07/2024,19:00,13,10,35,22,6,3,1146,TD Place,-1,NA,1,2023,14,14,Right Wing,0,,0,,1000761,Hollie Davidson,1001076,Kat Roche,1001022,Luke Rogan,-1,,3,International,Y,W
551,941540,27035,Marius Simionescu,951,Romania,1065.16,1065.16,1647,1,41,3,0,0,10,Attacking Qualities,116,Defender Beaten,0,,0,,0,,0,,0,,0,,0,,0,,0,,0,0,0,0,,1,16,19,0,3,953,Canada,951,Romania,12/07/2024,19:00,13,10,35,22,6,3,1146,TD Place,-1,NA,1,2023,14,14,Right Wing,0,,0,,1000761,Hollie Davidson,1001076,Kat Roche,1001022,Luke Rogan,-1,,3,International,N,L
552,941540,27090,Conor Keys,953,Canada,1066.20,1066.20,1648,1,57,65,0,0,2,Tackle,142,Chase,153,Complete,441,Assist,474,Neutral Tackle,709,2nd Tackler,0,,0,,0,,0,,0,,0,0,0,0,,1,16,19,0,3,953,Canada,951,Romania,12/07/2024,19:00,13,10,35,22,6,3,1146,TD Place,-1,NA,1,2023,04,4,Lock (4),0,,0,,1000761,Hollie Davidson,1001076,Kat Roche,1001022,Luke Rogan,-1,,3,International,Y,W
553,941540,38159,Jason Higgins,953,Canada,1066.68,1066.68,1648,1,57,65,0,0,40,Defensive Action,560,Tackle Arrival,0,,0,,0,,0,,0,,0,,0,,0,,0,,0,0,0,0,,1,16,19,0,3,953,Canada,951,Romania,12/07/2024,19:00,13,10,35,22,6,3,1146,TD Place,-1,NA,1,2023,09,9,Scrum Half,0,,0,,1000761,Hollie Davidson,1001076,Kat Roche,1001022,Luke Rogan,-1,,3,International,Y,W
554,941540,27035,Marius Simionescu,951,Romania,1067.72,1071.96,1650,1,44,6,0,0,23,Ruck,0,,401,Won Outright,551,N/A Gainline,556,4-5 Seconds,662,Mid Right Open Movement Ruck,0,,0,,0,,0,,0,,0,0,-2,12,,1,16,19,0,3,953,Canada,951,Romania,12/07/2024,19:00,13,10,35,22,6,3,1146,TD Place,-1,NA,1,2023,14,14,Right Wing,0,,0,,1000761,Hollie Davidson,1001076,Kat Roche,1001022,Luke Rogan,-1,,3,International,N,L
555,941540,36759,Dragos Ser,951,Romania,1067.88,1067.88,1650,1,44,6,0,0,43,Ruck OOA,572,Cleaned Out,583,Own Team 1st Entry,588,OOA Entry 1st Entry- Att,632,Attacking OOA,0,1,0,,0,,0,,0,,0,,0,0,0,0,,1,16,19,0,3,953,Canada,951,Romania,12/07/2024,19:00,13,10,35,22,6,3,1146,TD Place,-1,NA,1,2023,07,7,Openside Flanker,0,,0,,1000761,Hollie Davidson,1001076,Kat Roche,1001022,Luke Rogan,-1,,3,International,N,L
556,941540,23278,Andrei Mahu,951,Romania,1068.20,1068.20,1650,1,44,6,0,0,43,Ruck OOA,572,Cleaned Out,584,Own Team 2nd Entry,589,OOA Entry 2nd Entry- Att,632,Attacking OOA,0,2,0,,0,,0,,0,,0,,0,0,0,0,,1,16,19,0,3,953,Canada,951,Romania,12/07/2024,19:00,13,10,35,22,6,3,1146,TD Place,-1,NA,1,2023,05,5,Lock (5),0,,0,,1000761,Hollie Davidson,1001076,Kat Roche,1001022,Luke Rogan,-1,,3,International,N,L
557,941540,63895,Yanis Horvat,951,Romania,1070.04,1070.04,1652,1,44,6,0,0,43,Ruck OOA,574,Secured,585,Own Team 3rd Entry,590,OOA Entry 3rd Entry- Att,632,Attacking OOA,0,3,0,,0,,0,,0,,0,,0,0,0,0,,1,16,19,0,3,953,Canada,951,Romania,12/07/2024,19:00,13,10,35,22,6,3,1146,TD Place,-1,NA,1,2023,04,4,Lock (4),0,,0,,1000761,Hollie Davidson,1001076,Kat Roche,1001022,Luke Rogan,-1,,3,International,N,L
558,941540,57666,Alin Conache,951,Romania,1071.96,1071.96,1654,1,44,6,0,0,18,Collection,631,General Catch,0,,0,,0,,0,,0,,0,,0,,0,,0,,0,0,0,0,,2,16,19,0,3,953,Canada,951,Romania,12/07/2024,19:00,13,10,35,22,6,3,1146,TD Place,-1,NA,1,2023,09,9,Scrum Half,0,,0,,1000761,Hollie Davidson,1001076,Kat Roche,1001022,Luke Rogan,-1,,3,International,N,L
559,941540,57666,Alin Conache,951,Romania,1071.96,1071.96,1654,1,44,6,0,0,47,Playmaker Options,671,Halfback at Breakdown,675,Playmaker Option - Pass,0,,0,,0,,0,,0,,0,,0,,0,,0,0,0,0,,2,16,19,0,3,953,Canada,951,Romania,12/07/2024,19:00,13,10,35,22,6,3,1146,TD Place,-1,NA,1,2023,09,9,Scrum Half,0,,0,,1000761,Hollie Davidson,1001076,Kat Roche,1001022,Luke Rogan,-1,,3,International,N,L
560,941540,57666,Alin Conache,951,Romania,1072.40,1074.48,1654,1,44,6,40,17,3,Pass,169,Complete,0,,686,Medium Pass,682,Right Pass,700,0th Receiver,0,,0,,0,,0,,0,,11,12,4,0,,2,16,19,0,3,953,Canada,951,Romania,12/07/2024,19:00,13,10,35,22,6,3,1146,TD Place,-1,NA,1,2023,09,9,Scrum Half,0,,0,,1000761,Hollie Davidson,1001076,Kat Roche,1001022,Luke Rogan,-1,,3,International,N,L
561,941540,34051,Iulian Hartig,951,Romania,1074.48,1074.48,1656,1,40,17,0,0,18,Collection,631,General Catch,0,,0,,0,,0,,0,,0,,0,,0,,0,,0,0,0,0,,2,16,19,0,3,953,Canada,951,Romania,12/07/2024,19:00,13,10,35,22,6,3,1146,TD Place,-1,NA,1,2023,01,1,Loosehead Prop,0,,0,,1000761,Hollie Davidson,1001076,Kat Roche,1001022,Luke Rogan,-1,,3,International,N,L
562,941540,34051,Iulian Hartig,951,Romania,1074.48,1074.48,1656,1,40,17,0,0,47,Playmaker Options,656,First Receiver,673,Playmaker Option - Carry,0,,0,,0,,0,,0,,0,,0,,0,,0,0,0,0,,2,16,19,0,3,953,Canada,951,Romania,12/07/2024,19:00,13,10,35,22,6,3,1146,TD Place,-1,NA,1,2023,01,1,Loosehead Prop,0,,0,,1000761,Hollie Davidson,1001076,Kat Roche,1001022,Luke Rogan,-1,,3,International,N,L
563,941540,34051,Iulian Hartig,951,Romania,1074.48,1075.72,1656,1,40,17,42,17,1,Carry,101,One Out Drive,409,Tackled Ineffective,111,Failed Gain line,462,Ineffective Contact,502,2 Tacklers Committed,701,1st Receiver,0,,0,,0,,0,,0,2,0,0,,2,16,19,0,3,953,Canada,951,Romania,12/07/2024,19:00,13,10,35,22,6,3,1146,TD Place,-1,NA,1,2023,01,1,Loosehead Prop,0,,0,,1000761,Hollie Davidson,1001076,Kat Roche,1001022,Luke Rogan,-1,,3,International,N,L
564,941540,29383,Conor Young,953,Canada,1075.08,1075.08,1657,1,58,50,0,0,2,Tackle,144,Line,159,Sack,0,,473,Dominant Tackle,708,1st Tackler,0,,0,,0,,0,,0,,0,0,0,0,,2,16,19,0,3,953,Canada,951,Romania,12/07/2024,19:00,13,10,35,22,6,3,1146,TD Place,-1,NA,1,2023,03,3,Tighthead Prop,0,,0,,1000761,Hollie Davidson,1001076,Kat Roche,1001022,Luke Rogan,-1,,3,International,Y,W
565,941540,29377,Liam Murray,953,Canada,1075.24,1075.24,1657,1,58,50,0,0,2,Tackle,144,Line,159,Sack,441,Assist,473,Dominant Tackle,709,2nd Tackler,0,,0,,0,,0,,0,,0,0,0,0,,2,16,19,0,3,953,Canada,951,Romania,12/07/2024,19:00,13,10,35,22,6,3,1146,TD Place,-1,NA,1,2023,01,1,Loosehead Prop,0,,0,,1000761,Hollie Davidson,1001076,Kat Roche,1001022,Luke Rogan,-1,,3,International,Y,W
566,941540,34051,Iulian Hartig,951,Romania,1075.72,1079.56,1658,1,42,17,0,0,23,Ruck,0,,401,Won Outright,549,Behind Previous Gainline,555,3-4 Seconds,660,Wide Right Open Movement Ruck,0,,0,,0,,0,,0,,0,0,-3,32,,2,16,19,0,3,953,Canada,951,Romania,12/07/2024,19:00,13,10,35,22,6,3,1146,TD Place,-1,NA,1,2023,01,1,Loosehead Prop,0,,0,,1000761,Hollie Davidson,1001076,Kat Roche,1001022,Luke Rogan,-1,,3,International,N,L
567,941540,34102,Vasile Balan,951,Romania,1076.76,1076.76,1659,1,42,17,0,0,43,Ruck OOA,574,Secured,583,Own Team 1st Entry,588,OOA Entry 1st Entry- Att,632,Attacking OOA,0,1,0,,0,,0,,0,,0,,0,0,0,0,,2,16,19,0,3,953,Canada,951,Romania,12/07/2024,19:00,13,10,35,22,6,3,1146,TD Place,-1,NA,1,2023,03,3,Tighthead Prop,0,,0,,1000761,Hollie Davidson,1001076,Kat Roche,1001022,Luke Rogan,-1,,3,International,N,L
568,941540,33151,Vlad Neculau,951,Romania,1076.92,1076.92,1659,1,42,17,0,0,43,Ruck OOA,574,Secured,584,Own Team 2nd Entry,589,OOA Entry 2nd Entry- Att,632,Attacking OOA,0,2,0,,0,,0,,0,,0,,0,0,0,0,,2,16,19,0,3,953,Canada,951,Romania,12/07/2024,19:00,13,10,35,22,6,3,1146,TD Place,-1,NA,1,2023,06,6,Blindside Flanker,0,,0,,1000761,Hollie Davidson,1001076,Kat Roche,1001022,Luke Rogan,-1,,3,International,N,L
569,941540,57666,Alin Conache,951,Romania,1079.56,1079.56,1701,1,42,17,0,0,18,Collection,631,General Catch,0,,0,,0,,0,,0,,0,,0,,0,,0,,0,0,0,0,,3,16,19,0,3,953,Canada,951,Romania,12/07/2024,19:00,13,10,35,22,6,3,1146,TD Place,-1,NA,1,2023,09,9,Scrum Half,0,,0,,1000761,Hollie Davidson,1001076,Kat Roche,1001022,Luke Rogan,-1,,3,International,N,L
570,941540,57666,Alin Conache,951,Romania,1079.56,1079.56,1701,1,42,17,0,0,47,Playmaker Options,671,Halfback at Breakdown,675,Playmaker Option - Pass,0,,0,,0,,0,,0,,0,,0,,0,,0,0,0,0,,3,16,19,0,3,953,Canada,951,Romania,12/07/2024,19:00,13,10,35,22,6,3,1146,TD Place,-1,NA,1,2023,09,9,Scrum Half,0,,0,,1000761,Hollie Davidson,1001076,Kat Roche,1001022,Luke Rogan,-1,,3,International,N,L
571,941540,57666,Alin Conache,951,Romania,1080.08,1081.60,1702,1,42,17,37,25,3,Pass,169,Complete,0,,686,Medium Pass,682,Right Pass,700,0th Receiver,0,,0,,0,,0,,0,,9,10,5,0,,3,16,19,0,3,953,Canada,951,Romania,12/07/2024,19:00,13,10,35,22,6,3,1146,TD Place,-1,NA,1,2023,09,9,Scrum Half,0,,0,,1000761,Hollie Davidson,1001076,Kat Roche,1001022,Luke Rogan,-1,,3,International,N,L
572,941540,33463,Paul Popoaia,951,Romania,1081.60,1081.60,1703,1,37,25,0,0,18,Collection,631,General Catch,0,,0,,0,,0,,0,,0,,0,,0,,0,,0,0,0,0,,3,16,19,0,3,953,Canada,951,Romania,12/07/2024,19:00,13,10,35,22,6,3,1146,TD Place,-1,NA,1,2023,15,15,Full Back,0,,0,,1000761,Hollie Davidson,1001076,Kat Roche,1001022,Luke Rogan,-1,,3,International,N,L
573,941540,33463,Paul Popoaia,951,Romania,1081.60,1081.60,1703,1,37,25,0,0,47,Playmaker Options,656,First Receiver,675,Playmaker Option - Pass,0,,0,,0,,0,,0,,0,,0,,0,,0,0,0,0,,3,16,19,0,3,953,Canada,951,Romania,12/07/2024,19:00,13,10,35,22,6,3,1146,TD Place,-1,NA,1,2023,15,15,Full Back,0,,0,,1000761,Hollie Davidson,1001076,Kat Roche,1001022,Luke Rogan,-1,,3,International,N,L
574,941540,33463,Paul Popoaia,951,Romania,1081.64,1081.76,1703,1,37,27,31,36,3,Pass,169,Complete,0,,686,Medium Pass,682,Right Pass,701,1st Receiver,0,,0,,0,,0,,0,,9,11,6,0,,3,16,19,0,3,953,Canada,951,Romania,12/07/2024,19:00,13,10,35,22,6,3,1146,TD Place,-1,NA,1,2023,15,15,Full Back,0,,0,,1000761,Hollie Davidson,1001076,Kat Roche,1001022,Luke Rogan,-1,,3,International,N,L
575,941540,27747,Hinckley Vaovasa,951,Romania,1081.76,1081.76,1704,1,31,36,0,0,18,Collection,631,General Catch,0,,0,,0,,0,,0,,0,,0,,0,,0,,0,0,0,0,,3,16,19,0,3,953,Canada,951,Romania,12/07/2024,19:00,13,10,35,22,6,3,1146,TD Place,-1,NA,1,2023,10,10,Fly Half,0,,0,,1000761,Hollie Davidson,1001076,Kat Roche,1001022,Luke Rogan,-1,,3,International,N,L
576,941540,27747,Hinckley Vaovasa,951,Romania,1081.76,1081.76,1704,1,31,36,0,0,47,Playmaker Options,657,Second Receiver,673,Playmaker Option - Carry,0,,0,,0,,0,,0,,0,,0,,0,,0,0,0,0,,3,16,19,0,3,953,Canada,951,Romania,12/07/2024,19:00,13,10,35,22,6,3,1146,TD Place,-1,NA,1,2023,10,10,Fly Half,0,,0,,1000761,Hollie Davidson,1001076,Kat Roche,1001022,Luke Rogan,-1,,3,International,N,L
577,941540,27747,Hinckley Vaovasa,951,Romania,1081.76,1086.28,1704,1,31,36,38,44,1,Carry,103,Other Carry,122,Off Load,111,Failed Gain line,461,Neutral Contact,501,1 Tacklers Committed,702,2nd Receiver,0,,0,,0,,0,,0,7,1,1,,3,16,19,0,3,953,Canada,951,Romania,12/07/2024,19:00,13,10,35,22,6,3,1146,TD Place,-1,NA,1,2023,10,10,Fly Half,0,,0,,1000761,Hollie Davidson,1001076,Kat Roche,1001022,Luke Rogan,-1,,3,International,N,L
578,941540,38465,Mason Flesch,953,Canada,1083.20,1083.20,1705,1,63,25,0,0,2,Tackle,144,Line,155,Offload Allowed,0,,474,Neutral Tackle,708,1st Tackler,0,,0,,0,,0,,0,,0,0,0,0,,3,16,19,0,3,953,Canada,951,Romania,12/07/2024,19:00,13,10,35,22,6,3,1146,TD Place,-1,NA,1,2023,06,6,Blindside Flanker,0,,0,,1000761,Hollie Davidson,1001076,Kat Roche,1001022,Luke Rogan,-1,,3,International,Y,W
579,941540,27747,Hinckley Vaovasa,951,Romania,1086.28,1086.92,1708,1,38,44,36,48,3,Pass,151,Offload,128,Own Player,679,Short Pass,682,Right Pass,702,2nd Receiver,0,,0,,0,,0,,0,,4,4,1,0,,3,16,19,0,3,953,Canada,951,Romania,12/07/2024,19:00,13,10,35,22,6,3,1146,TD Place,-1,NA,1,2023,10,10,Fly Half,0,,0,,1000761,Hollie Davidson,1001076,Kat Roche,1001022,Luke Rogan,-1,,3,International,N,L
580,941540,39780,Stefan Buruiana,951,Romania,1086.92,1086.92,1709,1,36,48,0,0,18,Collection,631,General Catch,0,,0,,0,,0,,0,,0,,0,,0,,0,,0,0,0,0,,3,16,19,0,3,953,Canada,951,Romania,12/07/2024,19:00,13,10,35,22,6,3,1146,TD Place,-1,NA,1,2023,02,2,Hooker,0,,0,,1000761,Hollie Davidson,1001076,Kat Roche,1001022,Luke Rogan,-1,,3,International,N,L
581,941540,39780,Stefan Buruiana,951,Romania,1086.92,1088.72,1709,1,36,48,39,48,1,Carry,106,Support Carry,108,Tackled Neutral,111,Failed Gain line,461,Neutral Contact,503,3 Tacklers Committed,703,3rd Receiver,0,,0,,0,,0,,0,3,1,1,,3,16,19,0,3,953,Canada,951,Romania,12/07/2024,19:00,13,10,35,22,6,3,1146,TD Place,-1,NA,1,2023,02,2,Hooker,0,,0,,1000761,Hollie Davidson,1001076,Kat Roche,1001022,Luke Rogan,-1,,3,International,N,L
582,941540,25195,Ben LeSage,953,Canada,1087.36,1087.36,1709,1,62,19,0,0,2,Tackle,144,Line,161,Missed,0,,475,Ineffective Tackle,708,1st Tackler,0,,0,,0,,0,,0,,0,0,0,0,,3,16,19,0,3,953,Canada,951,Romania,12/07/2024,19:00,13,10,35,22,6,3,1146,TD Place,-1,NA,1,2023,13,13,Outside Centre,0,,0,,1000761,Hollie Davidson,1001076,Kat Roche,1001022,Luke Rogan,-1,,3,International,Y,W
583,941540,25195,Ben LeSage,953,Canada,1087.36,1087.36,1709,1,62,19,0,0,12,Missed Tackle,163,Stepped,166,Tackled,0,,0,,0,,0,,0,,0,,0,,0,,0,0,0,0,,3,16,19,0,3,953,Canada,951,Romania,12/07/2024,19:00,13,10,35,22,6,3,1146,TD Place,-1,NA,1,2023,13,13,Outside Centre,0,,0,,1000761,Hollie Davidson,1001076,Kat Roche,1001022,Luke Rogan,-1,,3,International,Y,W
584,941540,39780,Stefan Buruiana,951,Romania,1087.52,1087.52,1709,1,38,49,0,0,10,Attacking Qualities,116,Defender Beaten,0,,0,,0,,0,,0,,0,,0,,0,,0,,0,0,0,0,,3,16,19,0,3,953,Canada,951,Romania,12/07/2024,19:00,13,10,35,22,6,3,1146,TD Place,-1,NA,1,2023,02,2,Hooker,0,,0,,1000761,Hollie Davidson,1001076,Kat Roche,1001022,Luke Rogan,-1,,3,International,N,L
585,941540,38465,Mason Flesch,953,Canada,1088.12,1088.12,1710,1,62,20,0,0,2,Tackle,144,Line,153,Complete,441,Assist,474,Neutral Tackle,709,2nd Tackler,0,,0,,0,,0,,0,,0,0,0,0,,3,16,19,0,3,953,Canada,951,Romania,12/07/2024,19:00,13,10,35,22,6,3,1146,TD Place,-1,NA,1,2023,06,6,Blindside Flanker,0,,0,,1000761,Hollie Davidson,1001076,Kat Roche,1001022,Luke Rogan,-1,,3,International,Y,W
586,941540,25189,Andrew Quattrin,953,Canada,1088.68,1088.68,1711,1,62,20,0,0,2,Tackle,144,Line,153,Complete,441,Assist,474,Neutral Tackle,710,3rd Tackler,0,,0,,0,,0,,0,,0,0,0,0,,3,16,19,0,3,953,Canada,951,Romania,12/07/2024,19:00,13,10,35,22,6,3,1146,TD Place,-1,NA,1,2023,02,2,Hooker,0,,0,,1000761,Hollie Davidson,1001076,Kat Roche,1001022,Luke Rogan,-1,,3,International,Y,W
587,941540,39780,Stefan Buruiana,951,Romania,1088.72,1093.04,1711,1,39,48,0,0,23,Ruck,0,,401,Won Outright,549,Behind Previous Gainline,556,4-5 Seconds,676,N/A Movement Ruck,0,,0,,0,,0,,0,,0,0,0,0,,3,16,19,0,3,953,Canada,951,Romania,12/07/2024,19:00,13,10,35,22,6,3,1146,TD Place,-1,NA,1,2023,02,2,Hooker,0,,0,,1000761,Hollie Davidson,1001076,Kat Roche,1001022,Luke Rogan,-1,,3,International,N,L
588,941540,25189,Andrew Quattrin,953,Canada,1088.88,1088.88,1711,1,61,20,0,0,43,Ruck OOA,578,Got Cleaned Out,583,Own Team 1st Entry,603,OOA Entry 1st Entry- Def,633,Defensive OOA,0,1,0,,0,,0,,0,,0,,0,0,0,0,,3,16,19,0,3,953,Canada,951,Romania,12/07/2024,19:00,13,10,35,22,6,3,1146,TD Place,-1,NA,1,2023,02,2,Hooker,0,,0,,1000761,Hollie Davidson,1001076,Kat Roche,1001022,Luke Rogan,-1,,3,International,Y,W
589,941540,60960,Mihai Graure,951,Romania,1089.72,1089.72,1712,1,39,48,0,0,43,Ruck OOA,572,Cleaned Out,583,Own Team 1st Entry,588,OOA Entry 1st Entry- Att,632,Attacking OOA,0,1,0,,0,,0,,0,,0,,0,0,0,0,,3,16,19,0,3,953,Canada,951,Romania,12/07/2024,19:00,13,10,35,22,6,3,1146,TD Place,-1,NA,1,2023,13,13,Outside Centre,0,,0,,1000761,Hollie Davidson,1001076,Kat Roche,1001022,Luke Rogan,-1,,3,International,N,L
590,941540,34102,Vasile Balan,951,Romania,1090.92,1090.92,1713,1,39,48,0,0,43,Ruck OOA,574,Secured,584,Own Team 2nd Entry,589,OOA Entry 2nd Entry- Att,632,Attacking OOA,0,2,0,,0,,0,,0,,0,,0,0,0,0,,3,16,19,0,3,953,Canada,951,Romania,12/07/2024,19:00,13,10,35,22,6,3,1146,TD Place,-1,NA,1,2023,03,3,Tighthead Prop,0,,0,,1000761,Hollie Davidson,1001076,Kat Roche,1001022,Luke Rogan,-1,,3,International,N,L
591,941540,20983,Tevita Manumua,951,Romania,1091.80,1091.80,1714,1,39,48,0,0,43,Ruck OOA,575,Attended,585,Own Team 3rd Entry,590,OOA Entry 3rd Entry- Att,632,Attacking OOA,0,3,0,,0,,0,,0,,0,,0,0,0,0,,3,16,19,0,3,953,Canada,951,Romania,12/07/2024,19:00,13,10,35,22,6,3,1146,TD Place,-1,NA,1,2023,11,11,Left Wing,0,,0,,1000761,Hollie Davidson,1001076,Kat Roche,1001022,Luke Rogan,-1,,3,International,N,L
592,941540,57666,Alin Conache,951,Romania,1093.04,1093.04,1715,1,39,48,0,0,18,Collection,631,General Catch,0,,0,,0,,0,,0,,0,,0,,0,,0,,0,0,0,0,,4,16,19,0,3,953,Canada,951,Romania,12/07/2024,19:00,13,10,35,22,6,3,1146,TD Place,-1,NA,1,2023,09,9,Scrum Half,0,,0,,1000761,Hollie Davidson,1001076,Kat Roche,1001022,Luke Rogan,-1,,3,International,N,L
593,941540,57666,Alin Conache,951,Romania,1093.04,1093.04,1715,1,39,48,0,0,47,Playmaker Options,671,Halfback at Breakdown,674,Playmaker Option - Kick,0,,0,,0,,0,,0,,0,,0,,0,,0,0,0,0,,4,16,19,0,3,953,Canada,951,Romania,12/07/2024,19:00,13,10,35,22,6,3,1146,TD Place,-1,NA,1,2023,09,9,Scrum Half,0,,0,,1000761,Hollie Davidson,1001076,Kat Roche,1001022,Luke Rogan,-1,,3,International,N,L
594,941540,57666,Alin Conache,951,Romania,1093.56,1098.32,1715,1,39,48,70,59,4,Kick,346,Box,198,Caught Full,185,Kick in Play,0,,0,,0,,0,,0,,0,,0,,31,33,0,0,,4,16,19,0,3,953,Canada,951,Romania,12/07/2024,19:00,13,10,35,22,6,3,1146,TD Place,-1,NA,1,2023,09,9,Scrum Half,0,,0,,1000761,Hollie Davidson,1001076,Kat Roche,1001022,Luke Rogan,-1,,3,International,N,L
595,941540,0,,951,Romania,1064.28,1098.32,1720,1,39,3,70,59,15,Possession,311,Kick Return,351,Kick in Play,0,,684,Fails to enter into Opposition 22,0,,0,,0,,0,,0,,0,,31,0,0,0,,4,16,19,0,3,953,Canada,951,Romania,12/07/2024,19:00,13,10,35,22,6,3,1146,TD Place,-1,NA,1,2023,,,,0,,0,,1000761,Hollie Davidson,1001076,Kat Roche,1001022,Luke Rogan,-1,,3,International,N,L
596,941540,33642,Cooper Coats,953,Canada,1098.32,1098.32,1720,1,30,9,0,0,18,Collection,273,Defensive Catch,277,Success,0,,0,,0,,0,,0,,0,,0,,0,,0,0,0,0,,1,17,19,0,3,953,Canada,951,Romania,12/07/2024,19:00,13,10,35,22,6,3,1146,TD Place,-1,NA,1,2023,15,15,Full Back,0,,0,,1000761,Hollie Davidson,1001076,Kat Roche,1001022,Luke Rogan,-1,,3,International,Y,W
597,941540,33642,Cooper Coats,953,Canada,1100.68,1106.28,1723,1,32,13,56,11,4,Kick,187,Bomb,201,Own Player - Collected,185,Kick in Play,0,,0,,0,,0,,0,,0,,0,,24,24,0,0,,1,17,19,0,3,953,Canada,951,Romania,12/07/2024,19:00,13,10,35,22,6,3,1146,TD Place,-1,NA,1,2023,15,15,Full Back,0,,0,,1000761,Hollie Davidson,1001076,Kat Roche,1001022,Luke Rogan,-1,,3,International,Y,W
598,941540,33642,Cooper Coats,953,Canada,1100.76,1100.76,1723,1,32,13,0,0,10,Attacking Qualities,527,Break Assist,0,,0,,0,,0,,0,,0,,0,,0,,0,,0,0,0,0,,1,17,19,0,3,953,Canada,951,Romania,12/07/2024,19:00,13,10,35,22,6,3,1146,TD Place,-1,NA,1,2023,15,15,Full Back,0,,0,,1000761,Hollie Davidson,1001076,Kat Roche,1001022,Luke Rogan,-1,,3,International,Y,W
599,941540,38501,Nic Benn,953,Canada,1106.28,1106.28,1728,1,56,11,0,0,18,Collection,272,Attacking Loose Ball,277,Success,0,,0,,0,,0,,0,,0,,0,,0,,0,0,0,0,,1,17,19,0,3,953,Canada,951,Romania,12/07/2024,19:00,13,10,35,22,6,3,1146,TD Place,-1,NA,1,2023,11,11,Left Wing,0,,0,,1000761,Hollie Davidson,1001076,Kat Roche,1001022,Luke Rogan,-1,,3,International,Y,W
600,941540,38501,Nic Benn,953,Canada,1106.28,1108.08,1728,1,56,11,59,9,1,Carry,104,Kick Return,107,Tackled Dominant,109,Crossed Gain line,460,Dominant Contact,502,2 Tacklers Committed,700,0th Receiver,0,,0,,0,,0,,3,3,1,1,,1,17,19,0,3,953,Canada,951,Romania,12/07/2024,19:00,13,10,35,22,6,3,1146,TD Place,-1,NA,1,2023,11,11,Left Wing,0,,0,,1000761,Hollie Davidson,1001076,Kat Roche,1001022,Luke Rogan,-1,,3,International,Y,W
601,941540,38501,Nic Benn,953,Canada,1106.36,1106.36,1728,1,56,12,0,0,10,Attacking Qualities,112,Initial Break,531,Kick Line Break,0,,0,,0,,0,,0,,0,,0,,0,,0,0,0,0,,1,17,19,0,3,953,Canada,951,Romania,12/07/2024,19:00,13,10,35,22,6,3,1146,TD Place,-1,NA,1,2023,11,11,Left Wing,0,,0,,1000761,Hollie Davidson,1001076,Kat Roche,1001022,Luke Rogan,-1,,3,International,Y,W
602,941540,29316,Nicolaas Immelman,951,Romania,1107.32,1107.32,1729,1,42,59,0,0,2,Tackle,143,Cover,160,Passive,0,,475,Ineffective Tackle,708,1st Tackler,0,,0,,0,,0,,0,,0,0,0,0,,1,17,19,0,3,953,Canada,951,Romania,12/07/2024,19:00,13,10,35,22,6,3,1146,TD Place,-1,NA,1,2023,08,8,Number 8,0,,0,,1000761,Hollie Davidson,1001076,Kat Roche,1001022,Luke Rogan,-1,,3,International,N,L
603,941540,33463,Paul Popoaia,951,Romania,1107.84,1107.84,1730,1,42,59,0,0,2,Tackle,143,Cover,160,Passive,441,Assist,475,Ineffective Tackle,709,2nd Tackler,0,,0,,0,,0,,0,,0,0,0,0,,1,17,19,0,3,953,Canada,951,Romania,12/07/2024,19:00,13,10,35,22,6,3,1146,TD Place,-1,NA,1,2023,15,15,Full Back,0,,0,,1000761,Hollie Davidson,1001076,Kat Roche,1001022,Luke Rogan,-1,,3,International,N,L
604,941540,38501,Nic Benn,953,Canada,1108.08,1111.00,1730,1,59,9,0,0,23,Ruck,0,,401,Won Outright,551,N/A Gainline,554,2-3 Seconds,676,N/A Movement Ruck,0,,0,,0,,0,,0,,0,0,0,0,,1,17,19,0,3,953,Canada,951,Romania,12/07/2024,19:00,13,10,35,22,6,3,1146,TD Place,-1,NA,1,2023,11,11,Left Wing,0,,0,,1000761,Hollie Davidson,1001076,Kat Roche,1001022,Luke Rogan,-1,,3,International,Y,W
605,941540,64048,Talon McMullin,953,Canada,1109.16,1109.16,1731,1,59,9,0,0,43,Ruck OOA,574,Secured,583,Own Team 1st Entry,588,OOA Entry 1st Entry- Att,632,Attacking OOA,0,1,0,,0,,0,,0,,0,,0,0,0,0,,1,17,19,0,3,953,Canada,951,Romania,12/07/2024,19:00,13,10,35,22,6,3,1146,TD Place,-1,NA,1,2023,12,12,Inside Centre,0,,0,,1000761,Hollie Davidson,1001076,Kat Roche,1001022,Luke Rogan,-1,,3,International,Y,W
606,941540,38465,Mason Flesch,953,Canada,1109.40,1109.40,1731,1,59,9,0,0,43,Ruck OOA,574,Secured,584,Own Team 2nd Entry,589,OOA Entry 2nd Entry- Att,632,Attacking OOA,0,2,0,,0,,0,,0,,0,,0,0,0,0,,1,17,19,0,3,953,Canada,951,Romania,12/07/2024,19:00,13,10,35,22,6,3,1146,TD Place,-1,NA,1,2023,06,6,Blindside Flanker,0,,0,,1000761,Hollie Davidson,1001076,Kat Roche,1001022,Luke Rogan,-1,,3,International,Y,W
607,941540,33642,Cooper Coats,953,Canada,1110.32,1110.32,1732,1,59,9,0,0,43,Ruck OOA,574,Secured,585,Own Team 3rd Entry,590,OOA Entry 3rd Entry- Att,632,Attacking OOA,0,3,0,,0,,0,,0,,0,,0,0,0,0,,1,17,19,0,3,953,Canada,951,Romania,12/07/2024,19:00,13,10,35,22,6,3,1146,TD Place,-1,NA,1,2023,15,15,Full Back,0,,0,,1000761,Hollie Davidson,1001076,Kat Roche,1001022,Luke Rogan,-1,,3,International,Y,W
608,941540,38159,Jason Higgins,953,Canada,1111.00,1111.00,1733,1,59,9,0,0,18,Collection,631,General Catch,0,,0,,0,,0,,0,,0,,0,,0,,0,,0,0,0,0,,2,17,19,0,3,953,Canada,951,Romania,12/07/2024,19:00,13,10,35,22,6,3,1146,TD Place,-1,NA,1,2023,09,9,Scrum Half,0,,0,,1000761,Hollie Davidson,1001076,Kat Roche,1001022,Luke Rogan,-1,,3,International,Y,W
609,941540,38159,Jason Higgins,953,Canada,1111.00,1111.00,1733,1,59,9,0,0,47,Playmaker Options,671,Halfback at Breakdown,674,Playmaker Option - Kick,0,,0,,0,,0,,0,,0,,0,,0,,0,0,0,0,,2,17,19,0,3,953,Canada,951,Romania,12/07/2024,19:00,13,10,35,22,6,3,1146,TD Place,-1,NA,1,2023,09,9,Scrum Half,0,,0,,1000761,Hollie Davidson,1001076,Kat Roche,1001022,Luke Rogan,-1,,3,International,Y,W
610,941540,38159,Jason Higgins,953,Canada,1111.96,1115.48,1734,1,59,9,87,0,4,Kick,346,Box,192,Kick in Touch (Bounce),185,Kick in Play,0,,0,,0,,0,,0,,0,,0,,28,30,0,0,,2,17,19,0,3,953,Canada,951,Romania,12/07/2024,19:00,13,10,35,22,6,3,1146,TD Place,-1,NA,1,2023,09,9,Scrum Half,0,,0,,1000761,Hollie Davidson,1001076,Kat Roche,1001022,Luke Rogan,-1,,3,International,Y,W
611,941540,0,,951,Romania,1037.28,1115.48,1737,1,63,0,13,68,26,Sequences,306,Lineout,315,Kick Out of Play,0,,0,,0,,0,,0,,0,,0,,0,,-50,0,0,0,,2,17,19,0,3,953,Canada,951,Romania,12/07/2024,19:00,13,10,35,22,6,3,1146,TD Place,-1,NA,1,2023,,,,0,,0,,1000761,Hollie Davidson,1001076,Kat Roche,1001022,Luke Rogan,-1,,3,International,N,L
612,941540,0,,953,Canada,1098.32,1115.48,1737,1,30,9,87,0,15,Possession,311,Kick Return,315,Kick Out of Play,112,Initial Break,684,Fails to enter into Opposition 22,0,,0,,0,,0,,0,,0,,57,0,0,0,,2,17,19,0,3,953,Canada,951,Romania,12/07/2024,19:00,13,10,35,22,6,3,1146,TD Place,-1,NA,1,2023,,,,0,,0,,1000761,Hollie Davidson,1001076,Kat Roche,1001022,Luke Rogan,-1,,3,International,Y,W
613,941540,0,,951,Romania,1146.36,1146.36,1808,1,13,68,0,0,45,Defensive Exits,630,Kicked out of 22,0,,0,,0,,0,,0,,0,,0,,0,,0,,0,0,0,0,,1,18,20,0,3,953,Canada,951,Romania,12/07/2024,19:00,13,10,35,22,6,3,1146,TD Place,-1,NA,1,2023,,,,0,,0,,1000761,Hollie Davidson,1001076,Kat Roche,1001022,Luke Rogan,-1,,3,International,N,L
614,941540,39780,Stefan Buruiana,951,Romania,1146.36,1147.60,1808,1,13,68,12,59,6,Lineout Throw,372,Throw Middle,376,Won Clean Catch,420,Catch and Run,0,4,666,Close Right Blindside Movement Lineout,729,4 Players,724,Halfback in Position,0,,0,,0,,9,0,0,2,,1,18,20,0,3,953,Canada,951,Romania,12/07/2024,19:00,13,10,35,22,6,3,1146,TD Place,-1,NA,1,2023,02,2,Hooker,0,,0,,1000761,Hollie Davidson,1001076,Kat Roche,1001022,Luke Rogan,-1,,3,International,N,L
615,941540,23278,Andrei Mahu,951,Romania,1147.60,1147.60,1809,1,12,59,0,0,27,Lineout Take,387,Lineout Win Middle,376,Won Clean,420,Catch and Run,396,Clean Catch,0,,0,,0,,0,,0,,0,,0,0,0,0,,1,18,20,0,3,953,Canada,951,Romania,12/07/2024,19:00,13,10,35,22,6,3,1146,TD Place,-1,NA,1,2023,05,5,Lock (5),0,,0,,1000761,Hollie Davidson,1001076,Kat Roche,1001022,Luke Rogan,-1,,3,International,N,L
616,941540,23278,Andrei Mahu,951,Romania,1147.60,1151.60,1809,1,12,59,12,61,1,Carry,103,Other Carry,108,Tackled Neutral,111,Failed Gain line,461,Neutral Contact,502,2 Tacklers Committed,700,0th Receiver,0,,0,,0,,0,,0,0,0,0,,1,18,20,0,3,953,Canada,951,Romania,12/07/2024,19:00,13,10,35,22,6,3,1146,TD Place,-1,NA,1,2023,05,5,Lock (5),0,,0,,1000761,Hollie Davidson,1001076,Kat Roche,1001022,Luke Rogan,-1,,3,International,N,L
617,941540,25181,Kyle Baillie,953,Canada,1151.04,1151.04,1813,1,89,9,0,0,2,Tackle,147,Other,153,Complete,0,,474,Neutral Tackle,708,1st Tackler,0,,0,,0,,0,,0,,0,0,0,0,,1,18,20,0,3,953,Canada,951,Romania,12/07/2024,19:00,13,10,35,22,6,3,1146,TD Place,-1,NA,1,2023,05,5,Lock (5),0,,0,,1000761,Hollie Davidson,1001076,Kat Roche,1001022,Luke Rogan,-1,,3,International,Y,W
618,941540,38465,Mason Flesch,953,Canada,1151.12,1151.12,1813,1,89,9,0,0,2,Tackle,147,Other,153,Complete,441,Assist,474,Neutral Tackle,709,2nd Tackler,0,,0,,0,,0,,0,,0,0,0,0,,1,18,20,0,3,953,Canada,951,Romania,12/07/2024,19:00,13,10,35,22,6,3,1146,TD Place,-1,NA,1,2023,06,6,Blindside Flanker,0,,0,,1000761,Hollie Davidson,1001076,Kat Roche,1001022,Luke Rogan,-1,,3,International,Y,W
619,941540,23278,Andrei Mahu,951,Romania,1151.60,1154.96,1813,1,12,61,0,0,23,Ruck,0,,401,Won Outright,549,Behind Previous Gainline,555,3-4 Seconds,661,Mid Left Open Movement Ruck,0,,0,,0,,0,,0,,0,0,0,13,,1,18,20,0,3,953,Canada,951,Romania,12/07/2024,19:00,13,10,35,22,6,3,1146,TD Place,-1,NA,1,2023,05,5,Lock (5),0,,0,,1000761,Hollie Davidson,1001076,Kat Roche,1001022,Luke Rogan,-1,,3,International,N,L
620,941540,29316,Nicolaas Immelman,951,Romania,1153.48,1153.48,1815,1,12,61,0,0,43,Ruck OOA,574,Secured,583,Own Team 1st Entry,588,OOA Entry 1st Entry- Att,632,Attacking OOA,0,1,0,,0,,0,,0,,0,,0,0,0,0,,1,18,20,0,3,953,Canada,951,Romania,12/07/2024,19:00,13,10,35,22,6,3,1146,TD Place,-1,NA,1,2023,08,8,Number 8,0,,0,,1000761,Hollie Davidson,1001076,Kat Roche,1001022,Luke Rogan,-1,,3,International,N,L
621,941540,33151,Vlad Neculau,951,Romania,1153.68,1153.68,1816,1,12,61,0,0,43,Ruck OOA,574,Secured,584,Own Team 2nd Entry,589,OOA Entry 2nd Entry- Att,632,Attacking OOA,0,2,0,,0,,0,,0,,0,,0,0,0,0,,1,18,20,0,3,953,Canada,951,Romania,12/07/2024,19:00,13,10,35,22,6,3,1146,TD Place,-1,NA,1,2023,06,6,Blindside Flanker,0,,0,,1000761,Hollie Davidson,1001076,Kat Roche,1001022,Luke Rogan,-1,,3,International,N,L
622,941540,57666,Alin Conache,951,Romania,1154.96,1154.96,1817,1,12,61,0,0,18,Collection,631,General Catch,0,,0,,0,,0,,0,,0,,0,,0,,0,,0,0,0,0,,2,18,20,0,3,953,Canada,951,Romania,12/07/2024,19:00,13,10,35,22,6,3,1146,TD Place,-1,NA,1,2023,09,9,Scrum Half,0,,0,,1000761,Hollie Davidson,1001076,Kat Roche,1001022,Luke Rogan,-1,,3,International,N,L
623,941540,57666,Alin Conache,951,Romania,1154.96,1154.96,1817,1,12,61,0,0,47,Playmaker Options,671,Halfback at Breakdown,675,Playmaker Option - Pass,0,,0,,0,,0,,0,,0,,0,,0,,0,0,0,0,,2,18,20,0,3,953,Canada,951,Romania,12/07/2024,19:00,13,10,35,22,6,3,1146,TD Place,-1,NA,1,2023,09,9,Scrum Half,0,,0,,1000761,Hollie Davidson,1001076,Kat Roche,1001022,Luke Rogan,-1,,3,International,N,L
624,941540,57666,Alin Conache,951,Romania,1155.32,1157.12,1817,1,12,61,9,50,3,Pass,169,Complete,0,,686,Medium Pass,681,Left Pass,700,0th Receiver,0,,0,,0,,0,,0,,11,12,3,0,,2,18,20,0,3,953,Canada,951,Romania,12/07/2024,19:00,13,10,35,22,6,3,1146,TD Place,-1,NA,1,2023,09,9,Scrum Half,0,,0,,1000761,Hollie Davidson,1001076,Kat Roche,1001022,Luke Rogan,-1,,3,International,N,L
625,941540,36759,Dragos Ser,951,Romania,1157.12,1157.12,1819,1,9,50,0,0,18,Collection,631,General Catch,0,,0,,0,,0,,0,,0,,0,,0,,0,,0,0,0,0,,2,18,20,0,3,953,Canada,951,Romania,12/07/2024,19:00,13,10,35,22,6,3,1146,TD Place,-1,NA,1,2023,07,7,Openside Flanker,0,,0,,1000761,Hollie Davidson,1001076,Kat Roche,1001022,Luke Rogan,-1,,3,International,N,L
626,941540,36759,Dragos Ser,951,Romania,1157.12,1157.12,1819,1,9,50,0,0,47,Playmaker Options,656,First Receiver,673,Playmaker Option - Carry,0,,0,,0,,0,,0,,0,,0,,0,,0,0,0,0,,2,18,20,0,3,953,Canada,951,Romania,12/07/2024,19:00,13,10,35,22,6,3,1146,TD Place,-1,NA,1,2023,07,7,Openside Flanker,0,,0,,1000761,Hollie Davidson,1001076,Kat Roche,1001022,Luke Rogan,-1,,3,International,N,L
627,941540,36759,Dragos Ser,951,Romania,1157.12,1158.60,1819,1,9,50,12,48,1,Carry,101,One Out Drive,108,Tackled Neutral,110,Neutral Gain line,461,Neutral Contact,501,1 Tacklers Committed,701,1st Receiver,0,,0,,0,,0,,0,3,1,1,,2,18,20,0,3,953,Canada,951,Romania,12/07/2024,19:00,13,10,35,22,6,3,1146,TD Place,-1,NA,1,2023,07,7,Openside Flanker,0,,0,,1000761,Hollie Davidson,1001076,Kat Roche,1001022,Luke Rogan,-1,,3,International,N,L
628,941540,56146,Ethan Fryer,953,Canada,1158.40,1158.40,1820,1,89,20,0,0,2,Tackle,144,Line,153,Complete,0,,474,Neutral Tackle,708,1st Tackler,0,,0,,0,,0,,0,,0,0,0,0,,2,18,20,0,3,953,Canada,951,Romania,12/07/2024,19:00,13,10,35,22,6,3,1146,TD Place,-1,NA,1,2023,07,7,Openside Flanker,0,,0,,1000761,Hollie Davidson,1001076,Kat Roche,1001022,Luke Rogan,-1,,3,International,Y,W
629,941540,36759,Dragos Ser,951,Romania,1158.60,1166.68,1820,1,12,48,0,0,23,Ruck,0,,401,Won Outright,550,Equal to Previous  Gainline,558,6+ Seconds,676,N/A Movement Ruck,0,,0,,0,,0,,0,,0,0,0,0,,2,18,20,0,3,953,Canada,951,Romania,12/07/2024,19:00,13,10,35,22,6,3,1146,TD Place,-1,NA,1,2023,07,7,Openside Flanker,0,,0,,1000761,Hollie Davidson,1001076,Kat Roche,1001022,Luke Rogan,-1,,3,International,N,L
630,941540,25189,Andrew Quattrin,953,Canada,1159.00,1159.00,1821,1,88,20,0,0,43,Ruck OOA,578,Got Cleaned Out,583,Own Team 1st Entry,603,OOA Entry 1st Entry- Def,633,Defensive OOA,0,1,0,,0,,0,,0,,0,,0,0,0,0,,2,18,20,0,3,953,Canada,951,Romania,12/07/2024,19:00,13,10,35,22,6,3,1146,TD Place,-1,NA,1,2023,02,2,Hooker,0,,0,,1000761,Hollie Davidson,1001076,Kat Roche,1001022,Luke Rogan,-1,,3,International,Y,W
631,941540,63895,Yanis Horvat,951,Romania,1159.52,1159.52,1821,1,12,48,0,0,43,Ruck OOA,572,Cleaned Out,583,Own Team 1st Entry,588,OOA Entry 1st Entry- Att,632,Attacking OOA,0,1,0,,0,,0,,0,,0,,0,0,0,0,,2,18,20,0,3,953,Canada,951,Romania,12/07/2024,19:00,13,10,35,22,6,3,1146,TD Place,-1,NA,1,2023,04,4,Lock (4),0,,0,,1000761,Hollie Davidson,1001076,Kat Roche,1001022,Luke Rogan,-1,,3,International,N,L
632,941540,34051,Iulian Hartig,951,Romania,1159.88,1159.88,1822,1,12,48,0,0,43,Ruck OOA,572,Cleaned Out,584,Own Team 2nd Entry,589,OOA Entry 2nd Entry- Att,632,Attacking OOA,0,2,0,,0,,0,,0,,0,,0,0,0,0,,2,18,20,0,3,953,Canada,951,Romania,12/07/2024,19:00,13,10,35,22,6,3,1146,TD Place,-1,NA,1,2023,01,1,Loosehead Prop,0,,0,,1000761,Hollie Davidson,1001076,Kat Roche,1001022,Luke Rogan,-1,,3,International,N,L
633,941540,33151,Vlad Neculau,951,Romania,1163.28,1163.28,1825,1,12,48,0,0,43,Ruck OOA,574,Secured,585,Own Team 3rd Entry,590,OOA Entry 3rd Entry- Att,632,Attacking OOA,0,3,0,,0,,0,,0,,0,,0,0,0,0,,2,18,20,0,3,953,Canada,951,Romania,12/07/2024,19:00,13,10,35,22,6,3,1146,TD Place,-1,NA,1,2023,06,6,Blindside Flanker,0,,0,,1000761,Hollie Davidson,1001076,Kat Roche,1001022,Luke Rogan,-1,,3,International,N,L
634,941540,39780,Stefan Buruiana,951,Romania,1166.32,1166.32,1828,1,12,48,0,0,43,Ruck OOA,575,Attended,586,Own Team 4th Entry,591,OOA Entry 4th Entry- Att,632,Attacking OOA,0,4,0,,0,,0,,0,,0,,0,0,0,0,,2,18,20,0,3,953,Canada,951,Romania,12/07/2024,19:00,13,10,35,22,6,3,1146,TD Place,-1,NA,1,2023,02,2,Hooker,0,,0,,1000761,Hollie Davidson,1001076,Kat Roche,1001022,Luke Rogan,-1,,3,International,N,L
635,941540,57666,Alin Conache,951,Romania,1166.68,1166.68,1829,1,12,48,0,0,18,Collection,631,General Catch,0,,0,,0,,0,,0,,0,,0,,0,,0,,0,0,0,0,,3,18,20,0,3,953,Canada,951,Romania,12/07/2024,19:00,13,10,35,22,6,3,1146,TD Place,-1,NA,1,2023,09,9,Scrum Half,0,,0,,1000761,Hollie Davidson,1001076,Kat Roche,1001022,Luke Rogan,-1,,3,International,N,L
636,941540,57666,Alin Conache,951,Romania,1166.68,1166.68,1829,1,12,48,0,0,47,Playmaker Options,671,Halfback at Breakdown,674,Playmaker Option - Kick,0,,0,,0,,0,,0,,0,,0,,0,,0,0,0,0,,3,18,20,0,3,953,Canada,951,Romania,12/07/2024,19:00,13,10,35,22,6,3,1146,TD Place,-1,NA,1,2023,09,9,Scrum Half,0,,0,,1000761,Hollie Davidson,1001076,Kat Roche,1001022,Luke Rogan,-1,,3,International,N,L
637,941540,57666,Alin Conache,951,Romania,1167.60,1171.36,1829,1,12,48,35,68,4,Kick,346,Box,193,Kick in Touch (Full),186,Kick in Play (Own 22),0,,0,,0,,0,,0,,0,,0,,23,30,0,0,,3,18,20,0,3,953,Canada,951,Romania,12/07/2024,19:00,13,10,35,22,6,3,1146,TD Place,-1,NA,1,2023,09,9,Scrum Half,0,,0,,1000761,Hollie Davidson,1001076,Kat Roche,1001022,Luke Rogan,-1,,3,International,N,L
638,941540,0,,951,Romania,1146.36,1171.36,1833,1,13,68,35,68,15,Possession,306,Lineout,315,Kick Out of Play,0,,684,Fails to enter into Opposition 22,0,,0,,0,,0,,0,,0,,23,0,0,0,,3,18,20,0,3,953,Canada,951,Romania,12/07/2024,19:00,13,10,35,22,6,3,1146,TD Place,-1,NA,1,2023,,,,0,,0,,1000761,Hollie Davidson,1001076,Kat Roche,1001022,Luke Rogan,-1,,3,International,N,L
639,941540,0,,951,Romania,1146.36,1171.36,1833,1,13,68,35,68,26,Sequences,306,Lineout,315,Kick Out of Play,0,,0,,0,,0,,0,,0,,0,,0,,23,0,0,0,,3,18,20,0,3,953,Canada,951,Romania,12/07/2024,19:00,13,10,35,22,6,3,1146,TD Place,-1,NA,1,2023,,,,0,,0,,1000761,Hollie Davidson,1001076,Kat Roche,1001022,Luke Rogan,-1,,3,International,N,L
640,941540,25189,Andrew Quattrin,953,Canada,1208.12,1209.92,1910,1,63,0,63,10,6,Lineout Throw,373,Throw Back,382,Lost Clean,420,Catch and Run,0,6,676,N/A Movement Lineout,731,6 Players,724,Halfback in Position,0,,0,,0,,10,0,0,0,,1,18,21,0,3,953,Canada,951,Romania,12/07/2024,19:00,13,10,35,22,6,3,1146,TD Place,-1,NA,1,2023,02,2,Hooker,0,,0,,1000761,Hollie Davidson,1001076,Kat Roche,1001022,Luke Rogan,-1,,3,International,Y,W
641,941540,33151,Vlad Neculau,951,Romania,1209.92,1209.92,1912,1,37,58,0,0,27,Lineout Take,393,Lineout Steal Back,382,Lost Clean,420,Catch and Run,396,Clean Catch,0,,0,,0,,0,,0,,0,,0,0,0,0,,1,19,21,0,3,953,Canada,951,Romania,12/07/2024,19:00,13,10,35,22,6,3,1146,TD Place,-1,NA,1,2023,06,6,Blindside Flanker,0,,0,,1000761,Hollie Davidson,1001076,Kat Roche,1001022,Luke Rogan,-1,,3,International,N,L
642,941540,33151,Vlad Neculau,951,Romania,1209.92,1212.24,1912,1,37,58,37,54,1,Carry,103,Other Carry,119,Error,110,Neutral Gain line,461,Neutral Contact,502,2 Tacklers Committed,700,0th Receiver,0,,0,,0,,0,,0,0,0,0,,1,19,21,0,3,953,Canada,951,Romania,12/07/2024,19:00,13,10,35,22,6,3,1146,TD Place,-1,NA,1,2023,06,6,Blindside Flanker,0,,0,,1000761,Hollie Davidson,1001076,Kat Roche,1001022,Luke Rogan,-1,,3,International,N,L
643,941540,25183,Lucas Rumball,953,Canada,1211.00,1211.00,1913,1,63,13,0,0,2,Tackle,147,Other,153,Complete,0,,474,Neutral Tackle,708,1st Tackler,0,,0,,0,,0,,0,,0,0,0,0,,1,19,21,0,3,953,Canada,951,Romania,12/07/2024,19:00,13,10,35,22,6,3,1146,TD Place,-1,NA,1,2023,08,8,Number 8,0,,0,,1000761,Hollie Davidson,1001076,Kat Roche,1001022,Luke Rogan,-1,,3,International,Y,W
644,941540,27090,Conor Keys,953,Canada,1211.04,1211.04,1913,1,63,13,0,0,2,Tackle,147,Other,156,Turnover Won,441,Assist,474,Neutral Tackle,709,2nd Tackler,0,,0,,0,,0,,0,,0,0,0,0,,1,19,21,0,3,953,Canada,951,Romania,12/07/2024,19:00,13,10,35,22,6,3,1146,TD Place,-1,NA,1,2023,04,4,Lock (4),0,,0,,1000761,Hollie Davidson,1001076,Kat Roche,1001022,Luke Rogan,-1,,3,International,Y,W
645,941540,33151,Vlad Neculau,951,Romania,1212.24,1212.24,1914,1,37,54,0,0,8,Turnover,256,Lost Ball Forced,677,Error on Attack,0,,0,,0,,0,,0,,0,,0,,0,,0,0,0,0,,1,19,21,0,3,953,Canada,951,Romania,12/07/2024,19:00,13,10,35,22,6,3,1146,TD Place,-1,NA,1,2023,06,6,Blindside Flanker,0,,0,,1000761,Hollie Davidson,1001076,Kat Roche,1001022,Luke Rogan,-1,,3,International,N,L
646,941540,0,,951,Romania,1209.92,1214.76,1917,1,37,58,38,52,15,Possession,348,Lineout Steal,318,Turnover,0,,684,Fails to enter into Opposition 22,0,,0,,0,,0,,0,,0,,1,0,0,0,,1,19,21,0,3,953,Canada,951,Romania,12/07/2024,19:00,13,10,35,22,6,3,1146,TD Place,-1,NA,1,2023,,,,0,,0,,1000761,Hollie Davidson,1001076,Kat Roche,1001022,Luke Rogan,-1,,3,International,N,L
647,941540,29377,Liam Murray,953,Canada,1214.76,1214.76,1917,1,62,16,0,0,18,Collection,272,Attacking Loose Ball,277,Success,0,,0,,0,,0,,0,,0,,0,,0,,0,0,0,0,,1,20,21,0,3,953,Canada,951,Romania,12/07/2024,19:00,13,10,35,22,6,3,1146,TD Place,-1,NA,1,2023,01,1,Loosehead Prop,0,,0,,1000761,Hollie Davidson,1001076,Kat Roche,1001022,Luke Rogan,-1,,3,International,Y,W
648,941540,29377,Liam Murray,953,Canada,1214.76,1218.24,1917,1,62,16,71,17,1,Carry,103,Other Carry,108,Tackled Neutral,109,Crossed Gain line,461,Neutral Contact,502,2 Tacklers Committed,700,0th Receiver,0,,0,,0,,0,,9,9,7,2,,1,20,21,0,3,953,Canada,951,Romania,12/07/2024,19:00,13,10,35,22,6,3,1146,TD Place,-1,NA,1,2023,01,1,Loosehead Prop,0,,0,,1000761,Hollie Davidson,1001076,Kat Roche,1001022,Luke Rogan,-1,,3,International,Y,W
649,941540,57666,Alin Conache,951,Romania,1216.44,1216.44,1918,1,36,51,0,0,2,Tackle,147,Other,161,Missed,0,,475,Ineffective Tackle,708,1st Tackler,0,,0,,0,,0,,0,,0,0,0,0,,1,20,21,0,3,953,Canada,951,Romania,12/07/2024,19:00,13,10,35,22,6,3,1146,TD Place,-1,NA,1,2023,09,9,Scrum Half,0,,0,,1000761,Hollie Davidson,1001076,Kat Roche,1001022,Luke Rogan,-1,,3,International,N,L
650,941540,57666,Alin Conache,951,Romania,1216.44,1216.44,1918,1,36,51,0,0,12,Missed Tackle,162,Bumped Off,166,Tackled,0,,0,,0,,0,,0,,0,,0,,0,,0,0,0,0,,1,20,21,0,3,953,Canada,951,Romania,12/07/2024,19:00,13,10,35,22,6,3,1146,TD Place,-1,NA,1,2023,09,9,Scrum Half,0,,0,,1000761,Hollie Davidson,1001076,Kat Roche,1001022,Luke Rogan,-1,,3,International,N,L
651,941540,29377,Liam Murray,953,Canada,1216.84,1216.84,1919,1,64,17,0,0,10,Attacking Qualities,116,Defender Beaten,0,,0,,0,,0,,0,,0,,0,,0,,0,,0,0,0,0,,1,20,21,0,3,953,Canada,951,Romania,12/07/2024,19:00,13,10,35,22,6,3,1146,TD Place,-1,NA,1,2023,01,1,Loosehead Prop,0,,0,,1000761,Hollie Davidson,1001076,Kat Roche,1001022,Luke Rogan,-1,,3,International,Y,W
652,941540,39780,Stefan Buruiana,951,Romania,1218.04,1218.04,1920,1,31,50,0,0,2,Tackle,147,Other,153,Complete,441,Assist,474,Neutral Tackle,709,2nd Tackler,0,,0,,0,,0,,0,,0,0,0,0,,1,20,21,0,3,953,Canada,951,Romania,12/07/2024,19:00,13,10,35,22,6,3,1146,TD Place,-1,NA,1,2023,02,2,Hooker,0,,0,,1000761,Hollie Davidson,1001076,Kat Roche,1001022,Luke Rogan,-1,,3,International,N,L
653,941540,29377,Liam Murray,953,Canada,1218.24,1221.88,1920,1,71,17,0,0,23,Ruck,0,,401,Won Outright,551,N/A Gainline,555,3-4 Seconds,722,Mid Left Blindside Movement Ruck,0,,0,,0,,0,,0,,0,0,-1,11,,1,20,21,0,3,953,Canada,951,Romania,12/07/2024,19:00,13,10,35,22,6,3,1146,TD Place,-1,NA,1,2023,01,1,Loosehead Prop,0,,0,,1000761,Hollie Davidson,1001076,Kat Roche,1001022,Luke Rogan,-1,,3,International,Y,W
654,941540,29383,Conor Young,953,Canada,1219.72,1219.72,1922,1,71,17,0,0,43,Ruck OOA,574,Secured,583,Own Team 1st Entry,588,OOA Entry 1st Entry- Att,632,Attacking OOA,0,1,0,,0,,0,,0,,0,,0,0,0,0,,1,20,21,0,3,953,Canada,951,Romania,12/07/2024,19:00,13,10,35,22,6,3,1146,TD Place,-1,NA,1,2023,03,3,Tighthead Prop,0,,0,,1000761,Hollie Davidson,1001076,Kat Roche,1001022,Luke Rogan,-1,,3,International,Y,W
655,941540,56146,Ethan Fryer,953,Canada,1219.88,1219.88,1922,1,71,17,0,0,43,Ruck OOA,574,Secured,584,Own Team 2nd Entry,589,OOA Entry 2nd Entry- Att,632,Attacking OOA,0,2,0,,0,,0,,0,,0,,0,0,0,0,,1,20,21,0,3,953,Canada,951,Romania,12/07/2024,19:00,13,10,35,22,6,3,1146,TD Place,-1,NA,1,2023,07,7,Openside Flanker,0,,0,,1000761,Hollie Davidson,1001076,Kat Roche,1001022,Luke Rogan,-1,,3,International,Y,W
656,941540,25189,Andrew Quattrin,953,Canada,1220.20,1220.20,1922,1,71,17,0,0,43,Ruck OOA,574,Secured,585,Own Team 3rd Entry,590,OOA Entry 3rd Entry- Att,632,Attacking OOA,0,3,0,,0,,0,,0,,0,,0,0,0,0,,1,20,21,0,3,953,Canada,951,Romania,12/07/2024,19:00,13,10,35,22,6,3,1146,TD Place,-1,NA,1,2023,02,2,Hooker,0,,0,,1000761,Hollie Davidson,1001076,Kat Roche,1001022,Luke Rogan,-1,,3,International,Y,W
657,941540,38159,Jason Higgins,953,Canada,1221.88,1221.88,1924,1,71,17,0,0,18,Collection,631,General Catch,0,,0,,0,,0,,0,,0,,0,,0,,0,,0,0,0,0,,2,20,21,0,3,953,Canada,951,Romania,12/07/2024,19:00,13,10,35,22,6,3,1146,TD Place,-1,NA,1,2023,09,9,Scrum Half,0,,0,,1000761,Hollie Davidson,1001076,Kat Roche,1001022,Luke Rogan,-1,,3,International,Y,W
658,941540,38159,Jason Higgins,953,Canada,1221.88,1221.88,1924,1,71,17,0,0,47,Playmaker Options,671,Halfback at Breakdown,675,Playmaker Option - Pass,0,,0,,0,,0,,0,,0,,0,,0,,0,0,0,0,,2,20,21,0,3,953,Canada,951,Romania,12/07/2024,19:00,13,10,35,22,6,3,1146,TD Place,-1,NA,1,2023,09,9,Scrum Half,0,,0,,1000761,Hollie Davidson,1001076,Kat Roche,1001022,Luke Rogan,-1,,3,International,Y,W
659,941540,38159,Jason Higgins,953,Canada,1222.92,1224.76,1925,1,71,17,70,6,3,Pass,174,Incomplete,0,,686,Medium Pass,681,Left Pass,700,0th Receiver,0,,0,,0,,0,,0,,11,11,1,0,,2,20,21,0,3,953,Canada,951,Romania,12/07/2024,19:00,13,10,35,22,6,3,1146,TD Place,-1,NA,1,2023,09,9,Scrum Half,0,,0,,1000761,Hollie Davidson,1001076,Kat Roche,1001022,Luke Rogan,-1,,3,International,Y,W
660,941540,0,,953,Canada,1208.12,1224.96,1927,1,63,0,70,6,26,Sequences,348,Lineout Steal,411,Turnover (Scrum),0,,0,,0,,0,,0,,0,,0,,0,,8,0,0,0,,2,20,21,0,3,953,Canada,951,Romania,12/07/2024,19:00,13,10,35,22,6,3,1146,TD Place,-1,NA,1,2023,,,,0,,0,,1000761,Hollie Davidson,1001076,Kat Roche,1001022,Luke Rogan,-1,,3,International,Y,W
661,941540,0,,953,Canada,1214.76,1224.96,1927,1,62,16,70,6,15,Possession,308,Turnover Won,411,Turnover (Scrum),0,,684,Fails to enter into Opposition 22,0,,0,,0,,0,,0,,0,,8,0,0,0,,2,20,21,0,3,953,Canada,951,Romania,12/07/2024,19:00,13,10,35,22,6,3,1146,TD Place,-1,NA,1,2023,,,,0,,0,,1000761,Hollie Davidson,1001076,Kat Roche,1001022,Luke Rogan,-1,,3,International,Y,W
662,941540,38501,Nic Benn,953,Canada,1224.76,1224.76,1927,1,70,6,0,0,8,Turnover,254,Dropped Ball Unforced,677,Error on Attack,0,,0,,0,,0,,0,,0,,0,,0,,0,0,0,0,,2,20,21,0,3,953,Canada,951,Romania,12/07/2024,19:00,13,10,35,22,6,3,1146,TD Place,-1,NA,1,2023,11,11,Left Wing,0,,0,,1000761,Hollie Davidson,1001076,Kat Roche,1001022,Luke Rogan,-1,,3,International,Y,W
663,941540,0,,953,Canada,1244.88,1286.44,1947,1,30,62,0,0,17,Period,0,Period,0,,0,,0,,0,,0,,0,,0,,0,,0,,0,0,0,0,,2,20,21,0,3,953,Canada,951,Romania,12/07/2024,19:00,13,10,35,22,6,3,1146,TD Place,-1,NA,1,2023,,,,0,,0,,1000761,Hollie Davidson,1001076,Kat Roche,1001022,Luke Rogan,-1,,3,International,Y,W
664,941540,57666,Alin Conache,951,Romania,1350.08,1356.36,2050,1,30,62,0,0,5,Scrum,0,,357,Won Penalty,364,Positive,362,Anti-Clockwise,676,N/A Movement Scrum,0,,0,,0,,0,,0,,0,0,0,0,,1,20,22,0,3,953,Canada,951,Romania,12/07/2024,19:00,13,10,35,22,6,3,1146,TD Place,-1,NA,1,2023,09,9,Scrum Half,0,,0,,1000761,Hollie Davidson,1001076,Kat Roche,1001022,Luke Rogan,-1,,3,International,N,L
665,941540,34051,Iulian Hartig,951,Romania,1350.08,1356.36,2050,1,30,62,0,0,28,,0,,357,Won Penalty,364,Positive,362,Anti-Clockwise,0,,0,,0,,0,,0,,0,,0,0,0,0,,1,20,22,0,3,953,Canada,951,Romania,12/07/2024,19:00,13,10,35,22,6,3,1146,TD Place,-1,NA,1,2023,01,1,Loosehead Prop,0,,0,,1000761,Hollie Davidson,1001076,Kat Roche,1001022,Luke Rogan,-1,,3,International,N,L
666,941540,39780,Stefan Buruiana,951,Romania,1350.08,1356.36,2050,1,30,62,0,0,28,,0,,357,Won Penalty,364,Positive,362,Anti-Clockwise,0,,0,,0,,0,,0,,0,,0,0,0,0,,1,20,22,0,3,953,Canada,951,Romania,12/07/2024,19:00,13,10,35,22,6,3,1146,TD Place,-1,NA,1,2023,02,2,Hooker,0,,0,,1000761,Hollie Davidson,1001076,Kat Roche,1001022,Luke Rogan,-1,,3,International,N,L
667,941540,34102,Vasile Balan,951,Romania,1350.08,1356.36,2050,1,30,62,0,0,28,,0,,357,Won Penalty,364,Positive,362,Anti-Clockwise,0,,0,,0,,0,,0,,0,,0,0,0,0,,1,20,22,0,3,953,Canada,951,Romania,12/07/2024,19:00,13,10,35,22,6,3,1146,TD Place,-1,NA,1,2023,03,3,Tighthead Prop,0,,0,,1000761,Hollie Davidson,1001076,Kat Roche,1001022,Luke Rogan,-1,,3,International,N,L
668,941540,63895,Yanis Horvat,951,Romania,1350.08,1356.36,2050,1,30,62,0,0,28,,0,,357,Won Penalty,364,Positive,362,Anti-Clockwise,0,,0,,0,,0,,0,,0,,0,0,0,0,,1,20,22,0,3,953,Canada,951,Romania,12/07/2024,19:00,13,10,35,22,6,3,1146,TD Place,-1,NA,1,2023,04,4,Lock (4),0,,0,,1000761,Hollie Davidson,1001076,Kat Roche,1001022,Luke Rogan,-1,,3,International,N,L
669,941540,23278,Andrei Mahu,951,Romania,1350.08,1356.36,2050,1,30,62,0,0,28,,0,,357,Won Penalty,364,Positive,362,Anti-Clockwise,0,,0,,0,,0,,0,,0,,0,0,0,0,,1,20,22,0,3,953,Canada,951,Romania,12/07/2024,19:00,13,10,35,22,6,3,1146,TD Place,-1,NA,1,2023,05,5,Lock (5),0,,0,,1000761,Hollie Davidson,1001076,Kat Roche,1001022,Luke Rogan,-1,,3,International,N,L
670,941540,33151,Vlad Neculau,951,Romania,1350.08,1356.36,2050,1,30,62,0,0,28,,0,,357,Won Penalty,364,Positive,362,Anti-Clockwise,0,,0,,0,,0,,0,,0,,0,0,0,0,,1,20,22,0,3,953,Canada,951,Romania,12/07/2024,19:00,13,10,35,22,6,3,1146,TD Place,-1,NA,1,2023,06,6,Blindside Flanker,0,,0,,1000761,Hollie Davidson,1001076,Kat Roche,1001022,Luke Rogan,-1,,3,International,N,L
671,941540,36759,Dragos Ser,951,Romania,1350.08,1356.36,2050,1,30,62,0,0,28,,0,,357,Won Penalty,364,Positive,362,Anti-Clockwise,0,,0,,0,,0,,0,,0,,0,0,0,0,,1,20,22,0,3,953,Canada,951,Romania,12/07/2024,19:00,13,10,35,22,6,3,1146,TD Place,-1,NA,1,2023,07,7,Openside Flanker,0,,0,,1000761,Hollie Davidson,1001076,Kat Roche,1001022,Luke Rogan,-1,,3,International,N,L
672,941540,29316,Nicolaas Immelman,951,Romania,1350.08,1356.36,2050,1,30,62,0,0,28,,0,,357,Won Penalty,364,Positive,362,Anti-Clockwise,0,,0,,0,,0,,0,,0,,0,0,0,0,,1,20,22,0,3,953,Canada,951,Romania,12/07/2024,19:00,13,10,35,22,6,3,1146,TD Place,-1,NA,1,2023,08,8,Number 8,0,,0,,1000761,Hollie Davidson,1001076,Kat Roche,1001022,Luke Rogan,-1,,3,International,N,L
673,941540,29377,Liam Murray,953,Canada,1350.08,1356.36,2050,1,30,62,0,0,29,,0,,357,Won Penalty,364,Positive,362,Anti-Clockwise,0,,0,,0,,0,,0,,0,,0,0,0,0,,1,20,22,0,3,953,Canada,951,Romania,12/07/2024,19:00,13,10,35,22,6,3,1146,TD Place,-1,NA,1,2023,01,1,Loosehead Prop,0,,0,,1000761,Hollie Davidson,1001076,Kat Roche,1001022,Luke Rogan,-1,,3,International,Y,W
674,941540,25189,Andrew Quattrin,953,Canada,1350.08,1356.36,2050,1,30,62,0,0,29,,0,,357,Won Penalty,364,Positive,362,Anti-Clockwise,0,,0,,0,,0,,0,,0,,0,0,0,0,,1,20,22,0,3,953,Canada,951,Romania,12/07/2024,19:00,13,10,35,22,6,3,1146,TD Place,-1,NA,1,2023,02,2,Hooker,0,,0,,1000761,Hollie Davidson,1001076,Kat Roche,1001022,Luke Rogan,-1,,3,International,Y,W
675,941540,29383,Conor Young,953,Canada,1350.08,1356.36,2050,1,30,62,0,0,29,,0,,357,Won Penalty,364,Positive,362,Anti-Clockwise,0,,0,,0,,0,,0,,0,,0,0,0,0,,1,20,22,0,3,953,Canada,951,Romania,12/07/2024,19:00,13,10,35,22,6,3,1146,TD Place,-1,NA,1,2023,03,3,Tighthead Prop,0,,0,,1000761,Hollie Davidson,1001076,Kat Roche,1001022,Luke Rogan,-1,,3,International,Y,W
676,941540,27090,Conor Keys,953,Canada,1350.08,1356.36,2050,1,30,62,0,0,29,,0,,357,Won Penalty,364,Positive,362,Anti-Clockwise,0,,0,,0,,0,,0,,0,,0,0,0,0,,1,20,22,0,3,953,Canada,951,Romania,12/07/2024,19:00,13,10,35,22,6,3,1146,TD Place,-1,NA,1,2023,04,4,Lock (4),0,,0,,1000761,Hollie Davidson,1001076,Kat Roche,1001022,Luke Rogan,-1,,3,International,Y,W
677,941540,25181,Kyle Baillie,953,Canada,1350.08,1356.36,2050,1,30,62,0,0,29,,0,,357,Won Penalty,364,Positive,362,Anti-Clockwise,0,,0,,0,,0,,0,,0,,0,0,0,0,,1,20,22,0,3,953,Canada,951,Romania,12/07/2024,19:00,13,10,35,22,6,3,1146,TD Place,-1,NA,1,2023,05,5,Lock (5),0,,0,,1000761,Hollie Davidson,1001076,Kat Roche,1001022,Luke Rogan,-1,,3,International,Y,W
678,941540,38465,Mason Flesch,953,Canada,1350.08,1356.36,2050,1,30,62,0,0,29,,0,,357,Won Penalty,364,Positive,362,Anti-Clockwise,0,,0,,0,,0,,0,,0,,0,0,0,0,,1,20,22,0,3,953,Canada,951,Romania,12/07/2024,19:00,13,10,35,22,6,3,1146,TD Place,-1,NA,1,2023,06,6,Blindside Flanker,0,,0,,1000761,Hollie Davidson,1001076,Kat Roche,1001022,Luke Rogan,-1,,3,International,Y,W
679,941540,56146,Ethan Fryer,953,Canada,1350.08,1356.36,2050,1,30,62,0,0,29,,0,,357,Won Penalty,364,Positive,362,Anti-Clockwise,0,,0,,0,,0,,0,,0,,0,0,0,0,,1,20,22,0,3,953,Canada,951,Romania,12/07/2024,19:00,13,10,35,22,6,3,1146,TD Place,-1,NA,1,2023,07,7,Openside Flanker,0,,0,,1000761,Hollie Davidson,1001076,Kat Roche,1001022,Luke Rogan,-1,,3,International,Y,W
680,941540,25183,Lucas Rumball,953,Canada,1350.08,1356.36,2050,1,30,62,0,0,29,,0,,357,Won Penalty,364,Positive,362,Anti-Clockwise,0,,0,,0,,0,,0,,0,,0,0,0,0,,1,20,22,0,3,953,Canada,951,Romania,12/07/2024,19:00,13,10,35,22,6,3,1146,TD Place,-1,NA,1,2023,08,8,Number 8,0,,0,,1000761,Hollie Davidson,1001076,Kat Roche,1001022,Luke Rogan,-1,,3,International,Y,W
681,941540,29377,Liam Murray,953,Canada,1355.36,1355.36,2056,1,70,6,0,0,7,Penalty Conceded,222,Scrum Offence,236,No Action,215,Defence,233,Full Penalty,426,Collapsing,0,,0,,0,,0,,0,,0,0,0,0,,1,20,22,0,3,953,Canada,951,Romania,12/07/2024,19:00,13,10,35,22,6,3,1146,TD Place,-1,NA,1,2023,01,1,Loosehead Prop,0,,0,,1000761,Hollie Davidson,1001076,Kat Roche,1001022,Luke Rogan,-1,,3,International,Y,W
682,941540,0,,951,Romania,1350.08,1356.36,2057,1,30,62,30,62,26,Sequences,309,Scrum,316,Pen Won,0,,0,,0,,0,,0,,0,,0,,0,,0,0,0,0,,1,20,22,0,3,953,Canada,951,Romania,12/07/2024,19:00,13,10,35,22,6,3,1146,TD Place,-1,NA,1,2023,,,,0,,0,,1000761,Hollie Davidson,1001076,Kat Roche,1001022,Luke Rogan,-1,,3,International,N,L
683,941540,27035,Marius Simionescu,951,Romania,1385.84,1387.68,2126,1,30,60,59,68,4,Kick,347,Touch Kick,193,Kick in Touch (Full),148,Penalty Kick,0,,0,,0,,0,,0,,0,,0,,29,30,0,0,,1,20,23,0,3,953,Canada,951,Romania,12/07/2024,19:00,13,10,35,22,6,3,1146,TD Place,-1,NA,1,2023,14,14,Right Wing,0,,0,,1000761,Hollie Davidson,1001076,Kat Roche,1001022,Luke Rogan,-1,,3,International,N,L
684,941540,0,,951,Romania,1385.84,1387.68,2128,1,30,60,59,68,26,Sequences,780,Penalty Kick Touch,415,Own Lineout,0,,0,,0,,0,,0,,0,,0,,0,,29,0,0,0,,1,20,23,0,3,953,Canada,951,Romania,12/07/2024,19:00,13,10,35,22,6,3,1146,TD Place,-1,NA,1,2023,,,,0,,0,,1000761,Hollie Davidson,1001076,Kat Roche,1001022,Luke Rogan,-1,,3,International,N,L
685,941540,39780,Stefan Buruiana,951,Romania,1419.68,1420.84,2200,1,59,68,59,58,6,Lineout Throw,372,Throw Middle,376,Won Clean Catch,208,Catch and Pass,0,5,676,N/A Movement Lineout,730,5 Players,724,Halfback in Position,0,,0,,0,,11,0,0,0,,1,21,24,0,3,953,Canada,951,Romania,12/07/2024,19:00,13,10,35,22,6,3,1146,TD Place,-1,NA,1,2023,02,2,Hooker,0,,0,,1000761,Hollie Davidson,1001076,Kat Roche,1001022,Luke Rogan,-1,,3,International,N,L
686,941540,63895,Yanis Horvat,951,Romania,1420.84,1420.84,2201,1,59,58,0,0,27,Lineout Take,387,Lineout Win Middle,376,Won Clean,208,Catch and Pass,396,Clean Catch,0,,0,,0,,0,,0,,0,,0,0,0,0,,1,21,24,0,3,953,Canada,951,Romania,12/07/2024,19:00,13,10,35,22,6,3,1146,TD Place,-1,NA,1,2023,04,4,Lock (4),0,,0,,1000761,Hollie Davidson,1001076,Kat Roche,1001022,Luke Rogan,-1,,3,International,N,L
687,941540,63895,Yanis Horvat,951,Romania,1422.04,1422.04,2202,1,59,58,0,0,8,Turnover,251,Bad Pass,677,Error on Attack,0,,0,,0,,0,,0,,0,,0,,0,,0,0,0,0,,1,21,24,0,3,953,Canada,951,Romania,12/07/2024,19:00,13,10,35,22,6,3,1146,TD Place,-1,NA,1,2023,04,4,Lock (4),0,,0,,1000761,Hollie Davidson,1001076,Kat Roche,1001022,Luke Rogan,-1,,3,International,N,L
688,941540,63895,Yanis Horvat,951,Romania,1422.04,1423.20,2202,1,59,58,59,53,3,Pass,175,Intercepted,0,,679,Short Pass,681,Left Pass,700,0th Receiver,0,,0,,0,,0,,0,,4,4,0,0,,1,21,24,0,3,953,Canada,951,Romania,12/07/2024,19:00,13,10,35,22,6,3,1146,TD Place,-1,NA,1,2023,04,4,Lock (4),0,,0,,1000761,Hollie Davidson,1001076,Kat Roche,1001022,Luke Rogan,-1,,3,International,N,L
689,941540,0,,951,Romania,1419.68,1423.20,2203,1,59,68,59,53,15,Possession,306,Lineout,318,Turnover,0,,684,Fails to enter into Opposition 22,0,,0,,0,,0,,0,,0,,0,0,0,0,,1,21,24,0,3,953,Canada,951,Romania,12/07/2024,19:00,13,10,35,22,6,3,1146,TD Place,-1,NA,1,2023,,,,0,,0,,1000761,Hollie Davidson,1001076,Kat Roche,1001022,Luke Rogan,-1,,3,International,N,L
690,941540,29377,Liam Murray,953,Canada,1423.20,1423.20,2203,1,41,15,0,0,18,Collection,268,Interception,277,Success,0,,0,,0,,0,,0,,0,,0,,0,,0,0,0,0,,1,22,24,0,3,953,Canada,951,Romania,12/07/2024,19:00,13,10,35,22,6,3,1146,TD Place,-1,NA,1,2023,01,1,Loosehead Prop,0,,0,,1000761,Hollie Davidson,1001076,Kat Roche,1001022,Luke Rogan,-1,,3,International,Y,W
691,941540,29377,Liam Murray,953,Canada,1423.20,1423.88,2203,1,41,15,45,16,1,Carry,103,Other Carry,122,Off Load,109,Crossed Gain line,461,Neutral Contact,501,1 Tacklers Committed,700,0th Receiver,0,,0,,0,,0,,3,3,1,1,,1,22,24,0,3,953,Canada,951,Romania,12/07/2024,19:00,13,10,35,22,6,3,1146,TD Place,-1,NA,1,2023,01,1,Loosehead Prop,0,,0,,1000761,Hollie Davidson,1001076,Kat Roche,1001022,Luke Rogan,-1,,3,International,Y,W
692,941540,63895,Yanis Horvat,951,Romania,1423.84,1423.84,2204,1,57,53,0,0,2,Tackle,147,Other,155,Offload Allowed,0,,474,Neutral Tackle,708,1st Tackler,0,,0,,0,,0,,0,,0,0,0,0,,1,22,24,0,3,953,Canada,951,Romania,12/07/2024,19:00,13,10,35,22,6,3,1146,TD Place,-1,NA,1,2023,04,4,Lock (4),0,,0,,1000761,Hollie Davidson,1001076,Kat Roche,1001022,Luke Rogan,-1,,3,International,N,L
693,941540,29377,Liam Murray,953,Canada,1423.88,1424.52,2204,1,45,16,41,21,3,Pass,151,Offload,129,To Ground,686,Medium Pass,682,Right Pass,700,0th Receiver,0,,0,,0,,0,,0,,6,7,4,0,,1,22,24,0,3,953,Canada,951,Romania,12/07/2024,19:00,13,10,35,22,6,3,1146,TD Place,-1,NA,1,2023,01,1,Loosehead Prop,0,,0,,1000761,Hollie Davidson,1001076,Kat Roche,1001022,Luke Rogan,-1,,3,International,Y,W
694,941540,25189,Andrew Quattrin,953,Canada,1424.52,1424.52,2205,1,41,21,0,0,8,Turnover,254,Dropped Ball Unforced,677,Error on Attack,0,,0,,0,,0,,0,,0,,0,,0,,0,0,0,0,,1,22,24,0,3,953,Canada,951,Romania,12/07/2024,19:00,13,10,35,22,6,3,1146,TD Place,-1,NA,1,2023,02,2,Hooker,0,,0,,1000761,Hollie Davidson,1001076,Kat Roche,1001022,Luke Rogan,-1,,3,International,Y,W
695,941540,0,,953,Canada,1423.20,1426.12,2206,1,41,15,44,23,15,Possession,308,Turnover Won,318,Turnover,0,,684,Fails to enter into Opposition 22,0,,0,,0,,0,,0,,0,,2,0,0,0,,1,22,24,0,3,953,Canada,951,Romania,12/07/2024,19:00,13,10,35,22,6,3,1146,TD Place,-1,NA,1,2023,,,,0,,0,,1000761,Hollie Davidson,1001076,Kat Roche,1001022,Luke Rogan,-1,,3,International,Y,W
696,941540,0,,951,Romania,1426.08,1426.08,2206,1,57,45,0,0,20,Ref Review,245,Advantage,0,,0,,0,,0,,0,,0,,0,,0,,0,,0,0,0,0,,1,22,24,0,3,953,Canada,951,Romania,12/07/2024,19:00,13,10,35,22,6,3,1146,TD Place,-1,NA,1,2023,,,,0,,0,,1000761,Hollie Davidson,1001076,Kat Roche,1001022,Luke Rogan,-1,,3,International,N,L
697,941540,27747,Hinckley Vaovasa,951,Romania,1426.12,1426.12,2206,1,57,45,0,0,18,Collection,274,Defensive Loose Ball,277,Success,0,,0,,0,,0,,0,,0,,0,,0,,0,0,0,0,,1,23,24,0,3,953,Canada,951,Romania,12/07/2024,19:00,13,10,35,22,6,3,1146,TD Place,-1,NA,1,2023,10,10,Fly Half,0,,0,,1000761,Hollie Davidson,1001076,Kat Roche,1001022,Luke Rogan,-1,,3,International,N,L
698,941540,27747,Hinckley Vaovasa,951,Romania,1426.12,1427.20,2206,1,57,45,59,44,1,Carry,103,Other Carry,122,Off Load,109,Crossed Gain line,461,Neutral Contact,501,1 Tacklers Committed,700,0th Receiver,0,,0,,0,,0,,2,2,1,1,,1,23,24,0,3,953,Canada,951,Romania,12/07/2024,19:00,13,10,35,22,6,3,1146,TD Place,-1,NA,1,2023,10,10,Fly Half,0,,0,,1000761,Hollie Davidson,1001076,Kat Roche,1001022,Luke Rogan,-1,,3,International,N,L
699,941540,19391,Peter Nelson,953,Canada,1426.52,1426.52,2207,1,42,24,0,0,2,Tackle,144,Line,155,Offload Allowed,0,,474,Neutral Tackle,708,1st Tackler,0,,0,,0,,0,,0,,0,0,0,0,,1,23,24,0,3,953,Canada,951,Romania,12/07/2024,19:00,13,10,35,22,6,3,1146,TD Place,-1,NA,1,2023,10,10,Fly Half,0,,0,,1000761,Hollie Davidson,1001076,Kat Roche,1001022,Luke Rogan,-1,,3,International,Y,W
700,941540,27747,Hinckley Vaovasa,951,Romania,1427.20,1428.12,2207,1,59,44,56,39,3,Pass,151,Offload,128,Own Player,679,Short Pass,681,Left Pass,700,0th Receiver,0,,0,,0,,0,,0,,5,5,2,0,,1,23,24,0,3,953,Canada,951,Romania,12/07/2024,19:00,13,10,35,22,6,3,1146,TD Place,-1,NA,1,2023,10,10,Fly Half,0,,0,,1000761,Hollie Davidson,1001076,Kat Roche,1001022,Luke Rogan,-1,,3,International,N,L
701,941540,34051,Iulian Hartig,951,Romania,1428.12,1428.12,2208,1,56,39,0,0,18,Collection,631,General Catch,0,,0,,0,,0,,0,,0,,0,,0,,0,,0,0,0,0,,1,23,24,0,3,953,Canada,951,Romania,12/07/2024,19:00,13,10,35,22,6,3,1146,TD Place,-1,NA,1,2023,01,1,Loosehead Prop,0,,0,,1000761,Hollie Davidson,1001076,Kat Roche,1001022,Luke Rogan,-1,,3,International,N,L
702,941540,34051,Iulian Hartig,951,Romania,1428.12,1429.00,2208,1,56,39,59,34,1,Carry,106,Support Carry,409,Tackled Ineffective,110,Neutral Gain line,462,Ineffective Contact,501,1 Tacklers Committed,701,1st Receiver,0,,0,,0,,0,,0,2,1,1,,1,23,24,0,3,953,Canada,951,Romania,12/07/2024,19:00,13,10,35,22,6,3,1146,TD Place,-1,NA,1,2023,01,1,Loosehead Prop,0,,0,,1000761,Hollie Davidson,1001076,Kat Roche,1001022,Luke Rogan,-1,,3,International,N,L
703,941540,56146,Ethan Fryer,953,Canada,1428.84,1428.84,2209,1,43,33,0,0,2,Tackle,144,Line,159,Sack,0,,473,Dominant Tackle,708,1st Tackler,0,,0,,0,,0,,0,,0,0,0,0,,1,23,24,0,3,953,Canada,951,Romania,12/07/2024,19:00,13,10,35,22,6,3,1146,TD Place,-1,NA,1,2023,07,7,Openside Flanker,0,,0,,1000761,Hollie Davidson,1001076,Kat Roche,1001022,Luke Rogan,-1,,3,International,Y,W
704,941540,34051,Iulian Hartig,951,Romania,1429.00,1432.52,2209,1,59,34,0,0,23,Ruck,0,,404,Penalty Conceded,551,N/A Gainline,559,N/A Ruck Speed,676,N/A Movement Ruck,0,,0,,0,,0,,0,,0,0,0,0,,1,23,24,0,3,953,Canada,951,Romania,12/07/2024,19:00,13,10,35,22,6,3,1146,TD Place,-1,NA,1,2023,01,1,Loosehead Prop,0,,0,,1000761,Hollie Davidson,1001076,Kat Roche,1001022,Luke Rogan,-1,,3,International,N,L
705,941540,25189,Andrew Quattrin,953,Canada,1430.20,1430.20,2210,1,41,34,0,0,43,Ruck OOA,576,Nuisance,583,Own Team 1st Entry,603,OOA Entry 1st Entry- Def,633,Defensive OOA,0,1,0,,0,,0,,0,,0,,0,0,0,0,,1,23,24,0,3,953,Canada,951,Romania,12/07/2024,19:00,13,10,35,22,6,3,1146,TD Place,-1,NA,1,2023,02,2,Hooker,0,,0,,1000761,Hollie Davidson,1001076,Kat Roche,1001022,Luke Rogan,-1,,3,International,Y,W
706,941540,33151,Vlad Neculau,951,Romania,1430.64,1430.64,2211,1,59,34,0,0,43,Ruck OOA,581,Penalty Conceded,583,Own Team 1st Entry,588,OOA Entry 1st Entry- Att,632,Attacking OOA,0,1,0,,0,,0,,0,,0,,0,0,0,0,,1,23,24,0,3,953,Canada,951,Romania,12/07/2024,19:00,13,10,35,22,6,3,1146,TD Place,-1,NA,1,2023,06,6,Blindside Flanker,0,,0,,1000761,Hollie Davidson,1001076,Kat Roche,1001022,Luke Rogan,-1,,3,International,N,L
707,941540,40389,Jason Tomane,951,Romania,1431.12,1431.12,2211,1,59,34,0,0,43,Ruck OOA,573,Failed Clearout,584,Own Team 2nd Entry,589,OOA Entry 2nd Entry- Att,632,Attacking OOA,0,2,0,,0,,0,,0,,0,,0,0,0,0,,1,23,24,0,3,953,Canada,951,Romania,12/07/2024,19:00,13,10,35,22,6,3,1146,TD Place,-1,NA,1,2023,12,12,Inside Centre,0,,0,,1000761,Hollie Davidson,1001076,Kat Roche,1001022,Luke Rogan,-1,,3,International,N,L
708,941540,33151,Vlad Neculau,951,Romania,1431.20,1431.20,2211,1,59,34,0,0,7,Penalty Conceded,230,Other Offence,236,No Action,214,Offence,233,Full Penalty,0,,0,,0,,0,,0,,0,,0,0,0,0,,1,23,24,0,3,953,Canada,951,Romania,12/07/2024,19:00,13,10,35,22,6,3,1146,TD Place,-1,NA,1,2023,06,6,Blindside Flanker,0,,0,,1000761,Hollie Davidson,1001076,Kat Roche,1001022,Luke Rogan,-1,,3,International,N,L
709,941540,0,,951,Romania,1419.68,1432.52,2213,1,59,68,59,34,26,Sequences,306,Lineout,319,Pen Con,0,,0,,0,,0,,0,,0,,0,,0,,0,0,0,0,,1,23,24,0,3,953,Canada,951,Romania,12/07/2024,19:00,13,10,35,22,6,3,1146,TD Place,-1,NA,1,2023,,,,0,,0,,1000761,Hollie Davidson,1001076,Kat Roche,1001022,Luke Rogan,-1,,3,International,N,L
710,941540,0,,951,Romania,1426.12,1432.52,2213,1,57,45,59,34,15,Possession,308,Turnover Won,319,Pen Con,0,,684,Fails to enter into Opposition 22,0,,0,,0,,0,,0,,0,,2,0,0,0,,1,23,24,0,3,953,Canada,951,Romania,12/07/2024,19:00,13,10,35,22,6,3,1146,TD Place,-1,NA,1,2023,,,,0,,0,,1000761,Hollie Davidson,1001076,Kat Roche,1001022,Luke Rogan,-1,,3,International,N,L
711,941540,19391,Peter Nelson,953,Canada,1451.84,1454.76,2232,1,41,34,65,68,4,Kick,347,Touch Kick,193,Kick in Touch (Full),148,Penalty Kick,0,,0,,0,,0,,0,,0,,0,,24,43,0,0,,1,23,25,0,3,953,Canada,951,Romania,12/07/2024,19:00,13,10,35,22,6,3,1146,TD Place,-1,NA,1,2023,10,10,Fly Half,0,,0,,1000761,Hollie Davidson,1001076,Kat Roche,1001022,Luke Rogan,-1,,3,International,Y,W
712,941540,0,,953,Canada,1451.84,1454.76,2235,1,41,34,65,68,26,Sequences,780,Penalty Kick Touch,415,Own Lineout,0,,0,,0,,0,,0,,0,,0,,0,,24,0,0,0,,1,23,25,0,3,953,Canada,951,Romania,12/07/2024,19:00,13,10,35,22,6,3,1146,TD Place,-1,NA,1,2023,,,,0,,0,,1000761,Hollie Davidson,1001076,Kat Roche,1001022,Luke Rogan,-1,,3,International,Y,W
713,941540,25189,Andrew Quattrin,953,Canada,1477.44,1477.72,2258,1,64,68,64,58,6,Lineout Throw,371,Throw Front,376,Won Clean Catch,211,Off The Top,0,6,659,Wide Left Open Movement Lineout,731,6 Players,724,Halfback in Position,0,,0,,0,,10,0,8,47,,1,24,26,0,3,953,Canada,951,Romania,12/07/2024,19:00,13,10,35,22,6,3,1146,TD Place,-1,NA,1,2023,02,2,Hooker,0,,0,,1000761,Hollie Davidson,1001076,Kat Roche,1001022,Luke Rogan,-1,,3,International,Y,W
714,941540,25181,Kyle Baillie,953,Canada,1477.72,1477.72,2258,1,64,58,0,0,27,Lineout Take,386,Lineout Win Front,376,Won Clean,211,Off The Top,396,Clean Catch,0,,0,,0,,0,,0,,0,,0,0,0,0,,1,24,26,0,3,953,Canada,951,Romania,12/07/2024,19:00,13,10,35,22,6,3,1146,TD Place,-1,NA,1,2023,05,5,Lock (5),0,,0,,1000761,Hollie Davidson,1001076,Kat Roche,1001022,Luke Rogan,-1,,3,International,Y,W
715,941540,25181,Kyle Baillie,953,Canada,1477.96,1478.16,2258,1,64,58,59,61,3,Pass,169,Complete,0,,679,Short Pass,682,Right Pass,700,0th Receiver,0,,0,,0,,0,,0,,2,5,5,0,,1,24,26,0,3,953,Canada,951,Romania,12/07/2024,19:00,13,10,35,22,6,3,1146,TD Place,-1,NA,1,2023,05,5,Lock (5),0,,0,,1000761,Hollie Davidson,1001076,Kat Roche,1001022,Luke Rogan,-1,,3,International,Y,W
716,941540,38159,Jason Higgins,953,Canada,1478.16,1478.16,2258,1,59,61,0,0,18,Collection,631,General Catch,0,,0,,0,,0,,0,,0,,0,,0,,0,,0,0,0,0,,1,24,26,0,3,953,Canada,951,Romania,12/07/2024,19:00,13,10,35,22,6,3,1146,TD Place,-1,NA,1,2023,09,9,Scrum Half,0,,0,,1000761,Hollie Davidson,1001076,Kat Roche,1001022,Luke Rogan,-1,,3,International,Y,W
717,941540,38159,Jason Higgins,953,Canada,1478.20,1479.40,2258,1,59,60,56,43,3,Pass,169,Complete,0,,680,Long Pass,681,Left Pass,701,1st Receiver,0,,0,,0,,0,,0,,17,17,3,0,,1,24,26,0,3,953,Canada,951,Romania,12/07/2024,19:00,13,10,35,22,6,3,1146,TD Place,-1,NA,1,2023,09,9,Scrum Half,0,,0,,1000761,Hollie Davidson,1001076,Kat Roche,1001022,Luke Rogan,-1,,3,International,Y,W
718,941540,19391,Peter Nelson,953,Canada,1479.40,1479.40,2300,1,56,43,0,0,18,Collection,631,General Catch,0,,0,,0,,0,,0,,0,,0,,0,,0,,0,0,0,0,,1,24,26,0,3,953,Canada,951,Romania,12/07/2024,19:00,13,10,35,22,6,3,1146,TD Place,-1,NA,1,2023,10,10,Fly Half,0,,0,,1000761,Hollie Davidson,1001076,Kat Roche,1001022,Luke Rogan,-1,,3,International,Y,W
719,941540,19391,Peter Nelson,953,Canada,1479.44,1480.28,2300,1,56,43,56,35,3,Pass,169,Complete,0,,686,Medium Pass,681,Left Pass,702,2nd Receiver,0,,0,,0,,0,,0,,8,8,1,0,,1,24,26,0,3,953,Canada,951,Romania,12/07/2024,19:00,13,10,35,22,6,3,1146,TD Place,-1,NA,1,2023,10,10,Fly Half,0,,0,,1000761,Hollie Davidson,1001076,Kat Roche,1001022,Luke Rogan,-1,,3,International,Y,W
720,941540,64048,Talon McMullin,953,Canada,1480.28,1480.28,2301,1,56,35,0,0,18,Collection,631,General Catch,0,,0,,0,,0,,0,,0,,0,,0,,0,,0,0,0,0,,1,24,26,0,3,953,Canada,951,Romania,12/07/2024,19:00,13,10,35,22,6,3,1146,TD Place,-1,NA,1,2023,12,12,Inside Centre,0,,0,,1000761,Hollie Davidson,1001076,Kat Roche,1001022,Luke Rogan,-1,,3,International,Y,W
721,941540,64048,Talon McMullin,953,Canada,1480.32,1481.20,2301,1,57,34,54,30,3,Pass,169,Complete,0,,679,Short Pass,681,Left Pass,703,3rd Receiver,0,,0,,0,,0,,0,,4,4,2,0,,1,24,26,0,3,953,Canada,951,Romania,12/07/2024,19:00,13,10,35,22,6,3,1146,TD Place,-1,NA,1,2023,12,12,Inside Centre,0,,0,,1000761,Hollie Davidson,1001076,Kat Roche,1001022,Luke Rogan,-1,,3,International,Y,W
722,941540,19391,Peter Nelson,953,Canada,1481.20,1481.20,2301,1,54,30,0,0,18,Collection,631,General Catch,0,,0,,0,,0,,0,,0,,0,,0,,0,,0,0,0,0,,1,24,26,0,3,953,Canada,951,Romania,12/07/2024,19:00,13,10,35,22,6,3,1146,TD Place,-1,NA,1,2023,10,10,Fly Half,0,,0,,1000761,Hollie Davidson,1001076,Kat Roche,1001022,Luke Rogan,-1,,3,International,Y,W
723,941540,19391,Peter Nelson,953,Canada,1481.24,1482.48,2302,1,55,30,54,23,3,Pass,169,Complete,0,,686,Medium Pass,681,Left Pass,704,4th Receiver,0,,0,,0,,0,,0,,7,7,1,0,,1,24,26,0,3,953,Canada,951,Romania,12/07/2024,19:00,13,10,35,22,6,3,1146,TD Place,-1,NA,1,2023,10,10,Fly Half,0,,0,,1000761,Hollie Davidson,1001076,Kat Roche,1001022,Luke Rogan,-1,,3,International,Y,W
724,941540,33642,Cooper Coats,953,Canada,1482.48,1482.48,2303,1,54,23,0,0,18,Collection,631,General Catch,0,,0,,0,,0,,0,,0,,0,,0,,0,,0,0,0,0,,1,24,26,0,3,953,Canada,951,Romania,12/07/2024,19:00,13,10,35,22,6,3,1146,TD Place,-1,NA,1,2023,15,15,Full Back,0,,0,,1000761,Hollie Davidson,1001076,Kat Roche,1001022,Luke Rogan,-1,,3,International,Y,W
725,941540,33642,Cooper Coats,953,Canada,1482.52,1484.32,2303,1,55,22,53,6,3,Pass,169,Complete,0,,680,Long Pass,681,Left Pass,705,5th+ Receiver,0,,0,,0,,0,,0,,17,17,2,0,,1,24,26,0,3,953,Canada,951,Romania,12/07/2024,19:00,13,10,35,22,6,3,1146,TD Place,-1,NA,1,2023,15,15,Full Back,0,,0,,1000761,Hollie Davidson,1001076,Kat Roche,1001022,Luke Rogan,-1,,3,International,Y,W
726,941540,38501,Nic Benn,953,Canada,1484.32,1484.32,2305,1,53,6,0,0,18,Collection,631,General Catch,0,,0,,0,,0,,0,,0,,0,,0,,0,,0,0,0,0,,1,24,26,0,3,953,Canada,951,Romania,12/07/2024,19:00,13,10,35,22,6,3,1146,TD Place,-1,NA,1,2023,11,11,Left Wing,0,,0,,1000761,Hollie Davidson,1001076,Kat Roche,1001022,Luke Rogan,-1,,3,International,Y,W
727,941540,38501,Nic Benn,953,Canada,1484.32,1486.48,2305,1,53,6,71,12,1,Carry,103,Other Carry,107,Tackled Dominant,109,Crossed Gain line,460,Dominant Contact,501,1 Tacklers Committed,705,5th+ Receiver,0,,0,,0,,0,,7,18,1,1,,1,24,26,0,3,953,Canada,951,Romania,12/07/2024,19:00,13,10,35,22,6,3,1146,TD Place,-1,NA,1,2023,11,11,Left Wing,0,,0,,1000761,Hollie Davidson,1001076,Kat Roche,1001022,Luke Rogan,-1,,3,International,Y,W
728,941540,20983,Tevita Manumua,951,Romania,1485.08,1485.08,2305,1,30,57,0,0,2,Tackle,144,Line,160,Passive,0,,475,Ineffective Tackle,708,1st Tackler,0,,0,,0,,0,,0,,0,0,0,0,,1,24,26,0,3,953,Canada,951,Romania,12/07/2024,19:00,13,10,35,22,6,3,1146,TD Place,-1,NA,1,2023,11,11,Left Wing,0,,0,,1000761,Hollie Davidson,1001076,Kat Roche,1001022,Luke Rogan,-1,,3,International,N,L
729,941540,33463,Paul Popoaia,951,Romania,1485.12,1485.12,2305,1,30,57,0,0,40,Defensive Action,560,Tackle Arrival,0,,0,,0,,0,,0,,0,,0,,0,,0,,0,0,0,0,,1,24,26,0,3,953,Canada,951,Romania,12/07/2024,19:00,13,10,35,22,6,3,1146,TD Place,-1,NA,1,2023,15,15,Full Back,0,,0,,1000761,Hollie Davidson,1001076,Kat Roche,1001022,Luke Rogan,-1,,3,International,N,L
730,941540,38501,Nic Benn,953,Canada,1486.48,1488.20,2307,1,71,12,0,0,23,Ruck,0,,401,Won Outright,548,Over Previous Gainline,553,1-2 Seconds,664,Close Right Open Movement Ruck,0,,0,,0,,0,,0,,0,0,0,3,,1,24,26,0,3,953,Canada,951,Romania,12/07/2024,19:00,13,10,35,22,6,3,1146,TD Place,-1,NA,1,2023,11,11,Left Wing,0,,0,,1000761,Hollie Davidson,1001076,Kat Roche,1001022,Luke Rogan,-1,,3,International,Y,W
731,941540,28377,Andrew Coe,953,Canada,1487.08,1487.08,2307,1,71,12,0,0,43,Ruck OOA,574,Secured,583,Own Team 1st Entry,588,OOA Entry 1st Entry- Att,632,Attacking OOA,0,1,0,,0,,0,,0,,0,,0,0,0,0,,1,24,26,0,3,953,Canada,951,Romania,12/07/2024,19:00,13,10,35,22,6,3,1146,TD Place,-1,NA,1,2023,14,14,Right Wing,0,,0,,1000761,Hollie Davidson,1001076,Kat Roche,1001022,Luke Rogan,-1,,3,International,Y,W
732,941540,25183,Lucas Rumball,953,Canada,1487.40,1487.40,2308,1,71,12,0,0,43,Ruck OOA,574,Secured,584,Own Team 2nd Entry,589,OOA Entry 2nd Entry- Att,632,Attacking OOA,0,2,0,,0,,0,,0,,0,,0,0,0,0,,1,24,26,0,3,953,Canada,951,Romania,12/07/2024,19:00,13,10,35,22,6,3,1146,TD Place,-1,NA,1,2023,08,8,Number 8,0,,0,,1000761,Hollie Davidson,1001076,Kat Roche,1001022,Luke Rogan,-1,,3,International,Y,W
733,941540,38159,Jason Higgins,953,Canada,1488.20,1488.20,2308,1,71,12,0,0,18,Collection,631,General Catch,0,,0,,0,,0,,0,,0,,0,,0,,0,,0,0,0,0,,2,24,26,0,3,953,Canada,951,Romania,12/07/2024,19:00,13,10,35,22,6,3,1146,TD Place,-1,NA,1,2023,09,9,Scrum Half,0,,0,,1000761,Hollie Davidson,1001076,Kat Roche,1001022,Luke Rogan,-1,,3,International,Y,W
734,941540,38159,Jason Higgins,953,Canada,1488.20,1488.20,2308,1,71,12,0,0,47,Playmaker Options,671,Halfback at Breakdown,675,Playmaker Option - Pass,0,,0,,0,,0,,0,,0,,0,,0,,0,0,0,0,,2,24,26,0,3,953,Canada,951,Romania,12/07/2024,19:00,13,10,35,22,6,3,1146,TD Place,-1,NA,1,2023,09,9,Scrum Half,0,,0,,1000761,Hollie Davidson,1001076,Kat Roche,1001022,Luke Rogan,-1,,3,International,Y,W
735,941540,38159,Jason Higgins,953,Canada,1488.72,1489.52,2309,1,71,12,70,17,3,Pass,169,Complete,0,,686,Medium Pass,682,Right Pass,700,0th Receiver,0,,0,,0,,0,,0,,5,5,1,0,,2,24,26,0,3,953,Canada,951,Romania,12/07/2024,19:00,13,10,35,22,6,3,1146,TD Place,-1,NA,1,2023,09,9,Scrum Half,0,,0,,1000761,Hollie Davidson,1001076,Kat Roche,1001022,Luke Rogan,-1,,3,International,Y,W
736,941540,25189,Andrew Quattrin,953,Canada,1489.52,1489.52,2310,1,70,17,0,0,18,Collection,631,General Catch,0,,0,,0,,0,,0,,0,,0,,0,,0,,0,0,0,0,,2,24,26,0,3,953,Canada,951,Romania,12/07/2024,19:00,13,10,35,22,6,3,1146,TD Place,-1,NA,1,2023,02,2,Hooker,0,,0,,1000761,Hollie Davidson,1001076,Kat Roche,1001022,Luke Rogan,-1,,3,International,Y,W
737,941540,25189,Andrew Quattrin,953,Canada,1489.52,1489.52,2310,1,70,17,0,0,47,Playmaker Options,656,First Receiver,673,Playmaker Option - Carry,0,,0,,0,,0,,0,,0,,0,,0,,0,0,0,0,,2,24,26,0,3,953,Canada,951,Romania,12/07/2024,19:00,13,10,35,22,6,3,1146,TD Place,-1,NA,1,2023,02,2,Hooker,0,,0,,1000761,Hollie Davidson,1001076,Kat Roche,1001022,Luke Rogan,-1,,3,International,Y,W
738,941540,25189,Andrew Quattrin,953,Canada,1489.52,1490.56,2310,1,70,17,71,15,1,Carry,101,One Out Drive,409,Tackled Ineffective,110,Neutral Gain line,462,Ineffective Contact,501,1 Tacklers Committed,701,1st Receiver,0,,0,,0,,0,,0,1,0,0,,2,24,26,0,3,953,Canada,951,Romania,12/07/2024,19:00,13,10,35,22,6,3,1146,TD Place,-1,NA,1,2023,02,2,Hooker,0,,0,,1000761,Hollie Davidson,1001076,Kat Roche,1001022,Luke Rogan,-1,,3,International,Y,W
739,941540,40389,Jason Tomane,951,Romania,1490.24,1490.24,2311,1,29,53,0,0,2,Tackle,144,Line,159,Sack,0,,473,Dominant Tackle,708,1st Tackler,0,,0,,0,,0,,0,,0,0,0,0,,2,24,26,0,3,953,Canada,951,Romania,12/07/2024,19:00,13,10,35,22,6,3,1146,TD Place,-1,NA,1,2023,12,12,Inside Centre,0,,0,,1000761,Hollie Davidson,1001076,Kat Roche,1001022,Luke Rogan,-1,,3,International,N,L
740,941540,25189,Andrew Quattrin,953,Canada,1490.56,1496.72,2311,1,71,15,0,0,23,Ruck,0,,401,Won Outright,550,Equal to Previous  Gainline,558,6+ Seconds,660,Wide Right Open Movement Ruck,0,,0,,0,,0,,0,,0,0,7,53,,2,24,26,0,3,953,Canada,951,Romania,12/07/2024,19:00,13,10,35,22,6,3,1146,TD Place,-1,NA,1,2023,02,2,Hooker,0,,0,,1000761,Hollie Davidson,1001076,Kat Roche,1001022,Luke Rogan,-1,,3,International,Y,W
741,941540,25183,Lucas Rumball,953,Canada,1491.56,1491.56,2312,1,71,15,0,0,43,Ruck OOA,574,Secured,583,Own Team 1st Entry,588,OOA Entry 1st Entry- Att,632,Attacking OOA,0,1,0,,0,,0,,0,,0,,0,0,0,0,,2,24,26,0,3,953,Canada,951,Romania,12/07/2024,19:00,13,10,35,22,6,3,1146,TD Place,-1,NA,1,2023,08,8,Number 8,0,,0,,1000761,Hollie Davidson,1001076,Kat Roche,1001022,Luke Rogan,-1,,3,International,Y,W
742,941540,27747,Hinckley Vaovasa,951,Romania,1491.60,1491.60,2312,1,29,53,0,0,43,Ruck OOA,577,Not Clearing,583,Own Team 1st Entry,603,OOA Entry 1st Entry- Def,633,Defensive OOA,0,1,0,,0,,0,,0,,0,,0,0,0,0,,2,24,26,0,3,953,Canada,951,Romania,12/07/2024,19:00,13,10,35,22,6,3,1146,TD Place,-1,NA,1,2023,10,10,Fly Half,0,,0,,1000761,Hollie Davidson,1001076,Kat Roche,1001022,Luke Rogan,-1,,3,International,N,L
743,941540,29377,Liam Murray,953,Canada,1492.08,1492.08,2312,1,71,15,0,0,43,Ruck OOA,574,Secured,584,Own Team 2nd Entry,589,OOA Entry 2nd Entry- Att,632,Attacking OOA,0,2,0,,0,,0,,0,,0,,0,0,0,0,,2,24,26,0,3,953,Canada,951,Romania,12/07/2024,19:00,13,10,35,22,6,3,1146,TD Place,-1,NA,1,2023,01,1,Loosehead Prop,0,,0,,1000761,Hollie Davidson,1001076,Kat Roche,1001022,Luke Rogan,-1,,3,International,Y,W
744,941540,25181,Kyle Baillie,953,Canada,1494.08,1494.08,2314,1,71,15,0,0,43,Ruck OOA,574,Secured,585,Own Team 3rd Entry,590,OOA Entry 3rd Entry- Att,632,Attacking OOA,0,3,0,,0,,0,,0,,0,,0,0,0,0,,2,24,26,0,3,953,Canada,951,Romania,12/07/2024,19:00,13,10,35,22,6,3,1146,TD Place,-1,NA,1,2023,05,5,Lock (5),0,,0,,1000761,Hollie Davidson,1001076,Kat Roche,1001022,Luke Rogan,-1,,3,International,Y,W
745,941540,38159,Jason Higgins,953,Canada,1496.72,1496.72,2317,1,71,15,0,0,18,Collection,631,General Catch,0,,0,,0,,0,,0,,0,,0,,0,,0,,0,0,0,0,,3,24,26,0,3,953,Canada,951,Romania,12/07/2024,19:00,13,10,35,22,6,3,1146,TD Place,-1,NA,1,2023,09,9,Scrum Half,0,,0,,1000761,Hollie Davidson,1001076,Kat Roche,1001022,Luke Rogan,-1,,3,International,Y,W
746,941540,38159,Jason Higgins,953,Canada,1496.72,1496.72,2317,1,71,15,0,0,47,Playmaker Options,671,Halfback at Breakdown,675,Playmaker Option - Pass,0,,0,,0,,0,,0,,0,,0,,0,,0,0,0,0,,3,24,26,0,3,953,Canada,951,Romania,12/07/2024,19:00,13,10,35,22,6,3,1146,TD Place,-1,NA,1,2023,09,9,Scrum Half,0,,0,,1000761,Hollie Davidson,1001076,Kat Roche,1001022,Luke Rogan,-1,,3,International,Y,W
747,941540,38159,Jason Higgins,953,Canada,1497.24,1498.64,2318,1,71,15,63,22,3,Pass,169,Complete,0,,686,Medium Pass,682,Right Pass,700,0th Receiver,0,,0,,0,,0,,0,,8,11,8,0,,3,24,26,0,3,953,Canada,951,Romania,12/07/2024,19:00,13,10,35,22,6,3,1146,TD Place,-1,NA,1,2023,09,9,Scrum Half,0,,0,,1000761,Hollie Davidson,1001076,Kat Roche,1001022,Luke Rogan,-1,,3,International,Y,W
748,941540,19391,Peter Nelson,953,Canada,1498.64,1498.64,2319,1,63,22,0,0,18,Collection,631,General Catch,0,,0,,0,,0,,0,,0,,0,,0,,0,,0,0,0,0,,3,24,26,0,3,953,Canada,951,Romania,12/07/2024,19:00,13,10,35,22,6,3,1146,TD Place,-1,NA,1,2023,10,10,Fly Half,0,,0,,1000761,Hollie Davidson,1001076,Kat Roche,1001022,Luke Rogan,-1,,3,International,Y,W
749,941540,19391,Peter Nelson,953,Canada,1498.64,1498.64,2319,1,63,22,0,0,47,Playmaker Options,656,First Receiver,675,Playmaker Option - Pass,0,,0,,0,,0,,0,,0,,0,,0,,0,0,0,0,,3,24,26,0,3,953,Canada,951,Romania,12/07/2024,19:00,13,10,35,22,6,3,1146,TD Place,-1,NA,1,2023,10,10,Fly Half,0,,0,,1000761,Hollie Davidson,1001076,Kat Roche,1001022,Luke Rogan,-1,,3,International,Y,W
750,941540,19391,Peter Nelson,953,Canada,1498.68,1499.16,2319,1,64,23,61,28,3,Pass,169,Complete,0,,679,Short Pass,682,Right Pass,701,1st Receiver,0,,0,,0,,0,,0,,5,6,3,0,,3,24,26,0,3,953,Canada,951,Romania,12/07/2024,19:00,13,10,35,22,6,3,1146,TD Place,-1,NA,1,2023,10,10,Fly Half,0,,0,,1000761,Hollie Davidson,1001076,Kat Roche,1001022,Luke Rogan,-1,,3,International,Y,W
751,941540,29383,Conor Young,953,Canada,1499.16,1499.16,2319,1,61,28,0,0,18,Collection,631,General Catch,0,,0,,0,,0,,0,,0,,0,,0,,0,,0,0,0,0,,3,24,26,0,3,953,Canada,951,Romania,12/07/2024,19:00,13,10,35,22,6,3,1146,TD Place,-1,NA,1,2023,03,3,Tighthead Prop,0,,0,,1000761,Hollie Davidson,1001076,Kat Roche,1001022,Luke Rogan,-1,,3,International,Y,W
752,941540,29383,Conor Young,953,Canada,1499.16,1499.16,2319,1,61,28,0,0,47,Playmaker Options,657,Second Receiver,675,Playmaker Option - Pass,0,,0,,0,,0,,0,,0,,0,,0,,0,0,0,0,,3,24,26,0,3,953,Canada,951,Romania,12/07/2024,19:00,13,10,35,22,6,3,1146,TD Place,-1,NA,1,2023,03,3,Tighthead Prop,0,,0,,1000761,Hollie Davidson,1001076,Kat Roche,1001022,Luke Rogan,-1,,3,International,Y,W
753,941540,29383,Conor Young,953,Canada,1499.20,1500.36,2319,1,61,29,56,33,3,Pass,169,Complete,0,,679,Short Pass,682,Right Pass,702,2nd Receiver,0,,0,,0,,0,,0,,4,6,5,0,,3,24,26,0,3,953,Canada,951,Romania,12/07/2024,19:00,13,10,35,22,6,3,1146,TD Place,-1,NA,1,2023,03,3,Tighthead Prop,0,,0,,1000761,Hollie Davidson,1001076,Kat Roche,1001022,Luke Rogan,-1,,3,International,Y,W
754,941540,64048,Talon McMullin,953,Canada,1500.36,1500.36,2321,1,56,33,0,0,18,Collection,631,General Catch,0,,0,,0,,0,,0,,0,,0,,0,,0,,0,0,0,0,,3,24,26,0,3,953,Canada,951,Romania,12/07/2024,19:00,13,10,35,22,6,3,1146,TD Place,-1,NA,1,2023,12,12,Inside Centre,0,,0,,1000761,Hollie Davidson,1001076,Kat Roche,1001022,Luke Rogan,-1,,3,International,Y,W
755,941540,64048,Talon McMullin,953,Canada,1500.36,1500.36,2321,1,56,33,0,0,47,Playmaker Options,658,Third Receiver,675,Playmaker Option - Pass,0,,0,,0,,0,,0,,0,,0,,0,,0,0,0,0,,3,24,26,0,3,953,Canada,951,Romania,12/07/2024,19:00,13,10,35,22,6,3,1146,TD Place,-1,NA,1,2023,12,12,Inside Centre,0,,0,,1000761,Hollie Davidson,1001076,Kat Roche,1001022,Luke Rogan,-1,,3,International,Y,W
756,941540,64048,Talon McMullin,953,Canada,1500.40,1502.00,2321,1,57,34,52,50,3,Pass,169,Complete,0,,680,Long Pass,682,Right Pass,703,3rd Receiver,0,,0,,0,,0,,0,,16,17,5,0,,3,24,26,0,3,953,Canada,951,Romania,12/07/2024,19:00,13,10,35,22,6,3,1146,TD Place,-1,NA,1,2023,12,12,Inside Centre,0,,0,,1000761,Hollie Davidson,1001076,Kat Roche,1001022,Luke Rogan,-1,,3,International,Y,W
757,941540,25195,Ben LeSage,953,Canada,1502.00,1502.00,2322,1,52,50,0,0,18,Collection,631,General Catch,0,,0,,0,,0,,0,,0,,0,,0,,0,,0,0,0,0,,3,24,26,0,3,953,Canada,951,Romania,12/07/2024,19:00,13,10,35,22,6,3,1146,TD Place,-1,NA,1,2023,13,13,Outside Centre,0,,0,,1000761,Hollie Davidson,1001076,Kat Roche,1001022,Luke Rogan,-1,,3,International,Y,W
758,941540,25195,Ben LeSage,953,Canada,1502.00,1503.60,2322,1,52,50,59,57,1,Carry,103,Other Carry,121,Pass,111,Failed Gain line,0,,500,0 Tacklers Committed,704,4th Receiver,0,,0,,0,,0,,0,8,0,0,,3,24,26,0,3,953,Canada,951,Romania,12/07/2024,19:00,13,10,35,22,6,3,1146,TD Place,-1,NA,1,2023,13,13,Outside Centre,0,,0,,1000761,Hollie Davidson,1001076,Kat Roche,1001022,Luke Rogan,-1,,3,International,Y,W
759,941540,25195,Ben LeSage,953,Canada,1503.60,1504.20,2324,1,59,57,58,64,3,Pass,172,Break,0,,686,Medium Pass,682,Right Pass,704,4th Receiver,0,,0,,0,,0,,0,,6,6,1,0,,3,24,26,0,3,953,Canada,951,Romania,12/07/2024,19:00,13,10,35,22,6,3,1146,TD Place,-1,NA,1,2023,13,13,Outside Centre,0,,0,,1000761,Hollie Davidson,1001076,Kat Roche,1001022,Luke Rogan,-1,,3,International,Y,W
760,941540,25195,Ben LeSage,953,Canada,1503.64,1503.64,2324,1,59,57,0,0,10,Attacking Qualities,527,Break Assist,0,,0,,0,,0,,0,,0,,0,,0,,0,,0,0,0,0,,3,24,26,0,3,953,Canada,951,Romania,12/07/2024,19:00,13,10,35,22,6,3,1146,TD Place,-1,NA,1,2023,13,13,Outside Centre,0,,0,,1000761,Hollie Davidson,1001076,Kat Roche,1001022,Luke Rogan,-1,,3,International,Y,W
761,941540,56146,Ethan Fryer,953,Canada,1504.20,1504.20,2324,1,58,64,0,0,18,Collection,631,General Catch,0,,0,,0,,0,,0,,0,,0,,0,,0,,0,0,0,0,,3,24,26,0,3,953,Canada,951,Romania,12/07/2024,19:00,13,10,35,22,6,3,1146,TD Place,-1,NA,1,2023,07,7,Openside Flanker,0,,0,,1000761,Hollie Davidson,1001076,Kat Roche,1001022,Luke Rogan,-1,,3,International,Y,W
762,941540,56146,Ethan Fryer,953,Canada,1504.20,1507.08,2324,1,58,64,78,66,1,Carry,103,Other Carry,409,Tackled Ineffective,109,Crossed Gain line,462,Ineffective Contact,502,2 Tacklers Committed,705,5th+ Receiver,0,,0,,0,,0,,7,20,14,0,,3,24,26,0,3,953,Canada,951,Romania,12/07/2024,19:00,13,10,35,22,6,3,1146,TD Place,-1,NA,1,2023,07,7,Openside Flanker,0,,0,,1000761,Hollie Davidson,1001076,Kat Roche,1001022,Luke Rogan,-1,,3,International,Y,W
763,941540,60960,Mihai Graure,951,Romania,1504.72,1504.72,2325,1,37,3,0,0,2,Tackle,146,Edge,161,Missed,0,,475,Ineffective Tackle,708,1st Tackler,0,,0,,0,,0,,0,,0,0,0,0,,3,24,26,0,3,953,Canada,951,Romania,12/07/2024,19:00,13,10,35,22,6,3,1146,TD Place,-1,NA,1,2023,13,13,Outside Centre,0,,0,,1000761,Hollie Davidson,1001076,Kat Roche,1001022,Luke Rogan,-1,,3,International,N,L
764,941540,60960,Mihai Graure,951,Romania,1504.72,1504.72,2325,1,37,3,0,0,12,Missed Tackle,162,Bumped Off,167,Clean Break,0,,0,,0,,0,,0,,0,,0,,0,,0,0,0,0,,3,24,26,0,3,953,Canada,951,Romania,12/07/2024,19:00,13,10,35,22,6,3,1146,TD Place,-1,NA,1,2023,13,13,Outside Centre,0,,0,,1000761,Hollie Davidson,1001076,Kat Roche,1001022,Luke Rogan,-1,,3,International,N,L
765,941540,56146,Ethan Fryer,953,Canada,1504.76,1504.76,2325,1,64,65,0,0,10,Attacking Qualities,116,Defender Beaten,0,,0,,0,,0,,0,,0,,0,,0,,0,,0,0,0,0,,3,24,26,0,3,953,Canada,951,Romania,12/07/2024,19:00,13,10,35,22,6,3,1146,TD Place,-1,NA,1,2023,07,7,Openside Flanker,0,,0,,1000761,Hollie Davidson,1001076,Kat Roche,1001022,Luke Rogan,-1,,3,International,Y,W
766,941540,56146,Ethan Fryer,953,Canada,1505.04,1505.04,2325,1,70,65,0,0,10,Attacking Qualities,112,Initial Break,530,Line Break,0,,0,,0,,0,,0,,0,,0,,0,,0,0,0,0,,3,24,26,0,3,953,Canada,951,Romania,12/07/2024,19:00,13,10,35,22,6,3,1146,TD Place,-1,NA,1,2023,07,7,Openside Flanker,0,,0,,1000761,Hollie Davidson,1001076,Kat Roche,1001022,Luke Rogan,-1,,3,International,Y,W
767,941540,27035,Marius Simionescu,951,Romania,1506.80,1506.80,2327,1,23,4,0,0,2,Tackle,143,Cover,159,Sack,441,Assist,473,Dominant Tackle,709,2nd Tackler,0,,0,,0,,0,,0,,0,0,0,0,,3,24,26,0,3,953,Canada,951,Romania,12/07/2024,19:00,13,10,35,22,6,3,1146,TD Place,-1,NA,1,2023,14,14,Right Wing,0,,0,,1000761,Hollie Davidson,1001076,Kat Roche,1001022,Luke Rogan,-1,,3,International,N,L
768,941540,56146,Ethan Fryer,953,Canada,1507.08,1509.16,2327,1,78,66,0,0,23,Ruck,0,,401,Won Outright,548,Over Previous Gainline,554,2-3 Seconds,663,Close Left Open Movement Ruck,0,,0,,0,,0,,0,,0,0,2,8,,3,24,26,0,3,953,Canada,951,Romania,12/07/2024,19:00,13,10,35,22,6,3,1146,TD Place,-1,NA,1,2023,07,7,Openside Flanker,0,,0,,1000761,Hollie Davidson,1001076,Kat Roche,1001022,Luke Rogan,-1,,3,International,Y,W
769,941540,25195,Ben LeSage,953,Canada,1507.88,1507.88,2328,1,78,66,0,0,43,Ruck OOA,574,Secured,583,Own Team 1st Entry,588,OOA Entry 1st Entry- Att,632,Attacking OOA,0,1,0,,0,,0,,0,,0,,0,0,0,0,,3,24,26,0,3,953,Canada,951,Romania,12/07/2024,19:00,13,10,35,22,6,3,1146,TD Place,-1,NA,1,2023,13,13,Outside Centre,0,,0,,1000761,Hollie Davidson,1001076,Kat Roche,1001022,Luke Rogan,-1,,3,International,Y,W
770,941540,33642,Cooper Coats,953,Canada,1508.76,1508.76,2329,1,78,66,0,0,43,Ruck OOA,574,Secured,584,Own Team 2nd Entry,589,OOA Entry 2nd Entry- Att,632,Attacking OOA,0,2,0,,0,,0,,0,,0,,0,0,0,0,,3,24,26,0,3,953,Canada,951,Romania,12/07/2024,19:00,13,10,35,22,6,3,1146,TD Place,-1,NA,1,2023,15,15,Full Back,0,,0,,1000761,Hollie Davidson,1001076,Kat Roche,1001022,Luke Rogan,-1,,3,International,Y,W
771,941540,64048,Talon McMullin,953,Canada,1509.16,1509.16,2329,1,76,67,0,0,18,Collection,272,Attacking Loose Ball,277,Success,0,,0,,0,,0,,0,,0,,0,,0,,0,0,0,0,,4,24,26,0,3,953,Canada,951,Romania,12/07/2024,19:00,13,10,35,22,6,3,1146,TD Place,-1,NA,1,2023,12,12,Inside Centre,0,,0,,1000761,Hollie Davidson,1001076,Kat Roche,1001022,Luke Rogan,-1,,3,International,Y,W
772,941540,64048,Talon McMullin,953,Canada,1509.88,1510.84,2330,1,76,66,75,61,3,Pass,169,Complete,0,,686,Medium Pass,681,Left Pass,700,0th Receiver,0,,0,,0,,0,,0,,5,6,1,0,,4,24,26,0,3,953,Canada,951,Romania,12/07/2024,19:00,13,10,35,22,6,3,1146,TD Place,-1,NA,1,2023,12,12,Inside Centre,0,,0,,1000761,Hollie Davidson,1001076,Kat Roche,1001022,Luke Rogan,-1,,3,International,Y,W
773,941540,38159,Jason Higgins,953,Canada,1510.84,1510.84,2331,1,75,61,0,0,18,Collection,631,General Catch,0,,0,,0,,0,,0,,0,,0,,0,,0,,0,0,0,0,,4,24,26,0,3,953,Canada,951,Romania,12/07/2024,19:00,13,10,35,22,6,3,1146,TD Place,-1,NA,1,2023,09,9,Scrum Half,0,,0,,1000761,Hollie Davidson,1001076,Kat Roche,1001022,Luke Rogan,-1,,3,International,Y,W
774,941540,38159,Jason Higgins,953,Canada,1510.88,1511.80,2331,1,76,61,74,56,3,Pass,169,Complete,0,,686,Medium Pass,681,Left Pass,701,1st Receiver,0,,0,,0,,0,,0,,5,5,1,0,,4,24,26,0,3,953,Canada,951,Romania,12/07/2024,19:00,13,10,35,22,6,3,1146,TD Place,-1,NA,1,2023,09,9,Scrum Half,0,,0,,1000761,Hollie Davidson,1001076,Kat Roche,1001022,Luke Rogan,-1,,3,International,Y,W
775,941540,38465,Mason Flesch,953,Canada,1511.80,1511.80,2332,1,74,56,0,0,18,Collection,631,General Catch,0,,0,,0,,0,,0,,0,,0,,0,,0,,0,0,0,0,,4,24,26,0,3,953,Canada,951,Romania,12/07/2024,19:00,13,10,35,22,6,3,1146,TD Place,-1,NA,1,2023,06,6,Blindside Flanker,0,,0,,1000761,Hollie Davidson,1001076,Kat Roche,1001022,Luke Rogan,-1,,3,International,Y,W
776,941540,38465,Mason Flesch,953,Canada,1511.80,1513.84,2332,1,74,56,80,59,1,Carry,103,Other Carry,108,Tackled Neutral,109,Crossed Gain line,461,Neutral Contact,501,1 Tacklers Committed,702,2nd Receiver,0,,0,,0,,0,,2,5,3,3,,4,24,26,0,3,953,Canada,951,Romania,12/07/2024,19:00,13,10,35,22,6,3,1146,TD Place,-1,NA,1,2023,06,6,Blindside Flanker,0,,0,,1000761,Hollie Davidson,1001076,Kat Roche,1001022,Luke Rogan,-1,,3,International,Y,W
777,941540,36759,Dragos Ser,951,Romania,1511.88,1511.88,2332,1,23,11,0,0,2,Tackle,144,Line,153,Complete,0,,474,Neutral Tackle,708,1st Tackler,0,,0,,0,,0,,0,,0,0,0,0,,4,24,26,0,3,953,Canada,951,Romania,12/07/2024,19:00,13,10,35,22,6,3,1146,TD Place,-1,NA,1,2023,07,7,Openside Flanker,0,,0,,1000761,Hollie Davidson,1001076,Kat Roche,1001022,Luke Rogan,-1,,3,International,N,L
778,941540,38465,Mason Flesch,953,Canada,1513.84,1515.36,2334,1,80,59,0,0,23,Ruck,0,,401,Won Outright,548,Over Previous Gainline,553,1-2 Seconds,659,Wide Left Open Movement Ruck,0,,0,,0,,0,,0,,0,0,2,38,,4,24,26,0,3,953,Canada,951,Romania,12/07/2024,19:00,13,10,35,22,6,3,1146,TD Place,-1,NA,1,2023,06,6,Blindside Flanker,0,,0,,1000761,Hollie Davidson,1001076,Kat Roche,1001022,Luke Rogan,-1,,3,International,Y,W
779,941540,0,,953,Canada,1513.84,1532.60,2334,1,80,59,103,5,46,Attacking 22 Entry,645,22 Entry Outcome - Try,650,22 Entry Points - Try and Conversion,0,,0,,0,,0,,0,,0,,0,,0,,0,0,0,0,,4,24,26,0,3,953,Canada,951,Romania,12/07/2024,19:00,13,10,35,22,6,3,1146,TD Place,-1,NA,1,2023,,,,0,,0,,1000761,Hollie Davidson,1001076,Kat Roche,1001022,Luke Rogan,-1,,3,International,Y,W
780,941540,33642,Cooper Coats,953,Canada,1514.60,1514.60,2335,1,80,59,0,0,43,Ruck OOA,574,Secured,583,Own Team 1st Entry,588,OOA Entry 1st Entry- Att,632,Attacking OOA,0,1,0,,0,,0,,0,,0,,0,0,0,0,,4,24,26,0,3,953,Canada,951,Romania,12/07/2024,19:00,13,10,35,22,6,3,1146,TD Place,-1,NA,1,2023,15,15,Full Back,0,,0,,1000761,Hollie Davidson,1001076,Kat Roche,1001022,Luke Rogan,-1,,3,International,Y,W
781,941540,29383,Conor Young,953,Canada,1514.88,1514.88,2335,1,80,59,0,0,43,Ruck OOA,575,Attended,584,Own Team 2nd Entry,589,OOA Entry 2nd Entry- Att,632,Attacking OOA,0,2,0,,0,,0,,0,,0,,0,0,0,0,,4,24,26,0,3,953,Canada,951,Romania,12/07/2024,19:00,13,10,35,22,6,3,1146,TD Place,-1,NA,1,2023,03,3,Tighthead Prop,0,,0,,1000761,Hollie Davidson,1001076,Kat Roche,1001022,Luke Rogan,-1,,3,International,Y,W
782,941540,38159,Jason Higgins,953,Canada,1515.36,1515.36,2336,1,80,59,0,0,18,Collection,631,General Catch,0,,0,,0,,0,,0,,0,,0,,0,,0,,0,0,0,0,,5,24,26,0,3,953,Canada,951,Romania,12/07/2024,19:00,13,10,35,22,6,3,1146,TD Place,-1,NA,1,2023,09,9,Scrum Half,0,,0,,1000761,Hollie Davidson,1001076,Kat Roche,1001022,Luke Rogan,-1,,3,International,Y,W
783,941540,38159,Jason Higgins,953,Canada,1515.36,1515.36,2336,1,80,59,0,0,47,Playmaker Options,671,Halfback at Breakdown,675,Playmaker Option - Pass,0,,0,,0,,0,,0,,0,,0,,0,,0,0,0,0,,5,24,26,0,3,953,Canada,951,Romania,12/07/2024,19:00,13,10,35,22,6,3,1146,TD Place,-1,NA,1,2023,09,9,Scrum Half,0,,0,,1000761,Hollie Davidson,1001076,Kat Roche,1001022,Luke Rogan,-1,,3,International,Y,W
784,941540,38159,Jason Higgins,953,Canada,1515.84,1517.84,2336,1,80,59,76,48,3,Pass,169,Complete,0,,686,Medium Pass,681,Left Pass,700,0th Receiver,0,,0,,0,,0,,0,,11,12,4,0,,5,24,26,0,3,953,Canada,951,Romania,12/07/2024,19:00,13,10,35,22,6,3,1146,TD Place,-1,NA,1,2023,09,9,Scrum Half,0,,0,,1000761,Hollie Davidson,1001076,Kat Roche,1001022,Luke Rogan,-1,,3,International,Y,W
785,941540,19391,Peter Nelson,953,Canada,1517.84,1517.84,2338,1,76,48,0,0,18,Collection,631,General Catch,0,,0,,0,,0,,0,,0,,0,,0,,0,,0,0,0,0,,5,24,26,0,3,953,Canada,951,Romania,12/07/2024,19:00,13,10,35,22,6,3,1146,TD Place,-1,NA,1,2023,10,10,Fly Half,0,,0,,1000761,Hollie Davidson,1001076,Kat Roche,1001022,Luke Rogan,-1,,3,International,Y,W
786,941540,19391,Peter Nelson,953,Canada,1517.84,1517.84,2338,1,76,48,0,0,47,Playmaker Options,656,First Receiver,675,Playmaker Option - Pass,0,,0,,0,,0,,0,,0,,0,,0,,0,0,0,0,,5,24,26,0,3,953,Canada,951,Romania,12/07/2024,19:00,13,10,35,22,6,3,1146,TD Place,-1,NA,1,2023,10,10,Fly Half,0,,0,,1000761,Hollie Davidson,1001076,Kat Roche,1001022,Luke Rogan,-1,,3,International,Y,W
787,941540,19391,Peter Nelson,953,Canada,1517.88,1519.80,2338,1,77,48,73,35,3,Pass,169,Complete,0,,686,Medium Pass,681,Left Pass,701,1st Receiver,0,,0,,0,,0,,0,,13,13,3,0,,5,24,26,0,3,953,Canada,951,Romania,12/07/2024,19:00,13,10,35,22,6,3,1146,TD Place,-1,NA,1,2023,10,10,Fly Half,0,,0,,1000761,Hollie Davidson,1001076,Kat Roche,1001022,Luke Rogan,-1,,3,International,Y,W
788,941540,25181,Kyle Baillie,953,Canada,1517.96,1517.96,2338,1,77,48,0,0,10,Attacking Qualities,528,Decoy,0,,0,,0,,0,,0,,0,,0,,0,,0,,0,0,0,0,,5,24,26,0,3,953,Canada,951,Romania,12/07/2024,19:00,13,10,35,22,6,3,1146,TD Place,-1,NA,1,2023,05,5,Lock (5),0,,0,,1000761,Hollie Davidson,1001076,Kat Roche,1001022,Luke Rogan,-1,,3,International,Y,W
789,941540,28377,Andrew Coe,953,Canada,1519.80,1519.80,2340,1,73,35,0,0,18,Collection,631,General Catch,0,,0,,0,,0,,0,,0,,0,,0,,0,,0,0,0,0,,5,24,26,0,3,953,Canada,951,Romania,12/07/2024,19:00,13,10,35,22,6,3,1146,TD Place,-1,NA,1,2023,14,14,Right Wing,0,,0,,1000761,Hollie Davidson,1001076,Kat Roche,1001022,Luke Rogan,-1,,3,International,Y,W
790,941540,28377,Andrew Coe,953,Canada,1519.80,1519.80,2340,1,73,35,0,0,47,Playmaker Options,657,Second Receiver,673,Playmaker Option - Carry,0,,0,,0,,0,,0,,0,,0,,0,,0,0,0,0,,5,24,26,0,3,953,Canada,951,Romania,12/07/2024,19:00,13,10,35,22,6,3,1146,TD Place,-1,NA,1,2023,14,14,Right Wing,0,,0,,1000761,Hollie Davidson,1001076,Kat Roche,1001022,Luke Rogan,-1,,3,International,Y,W
791,941540,28377,Andrew Coe,953,Canada,1519.80,1520.44,2340,1,73,35,75,32,1,Carry,103,Other Carry,121,Pass,111,Failed Gain line,0,,500,0 Tacklers Committed,702,2nd Receiver,0,,0,,0,,0,,0,2,0,0,,5,24,26,0,3,953,Canada,951,Romania,12/07/2024,19:00,13,10,35,22,6,3,1146,TD Place,-1,NA,1,2023,14,14,Right Wing,0,,0,,1000761,Hollie Davidson,1001076,Kat Roche,1001022,Luke Rogan,-1,,3,International,Y,W
792,941540,28377,Andrew Coe,953,Canada,1520.44,1520.96,2341,1,75,32,74,22,3,Pass,169,Complete,0,,686,Medium Pass,681,Left Pass,702,2nd Receiver,0,,0,,0,,0,,0,,10,10,1,0,,5,24,26,0,3,953,Canada,951,Romania,12/07/2024,19:00,13,10,35,22,6,3,1146,TD Place,-1,NA,1,2023,14,14,Right Wing,0,,0,,1000761,Hollie Davidson,1001076,Kat Roche,1001022,Luke Rogan,-1,,3,International,Y,W
793,941540,25183,Lucas Rumball,953,Canada,1520.96,1520.96,2341,1,74,22,0,0,18,Collection,631,General Catch,0,,0,,0,,0,,0,,0,,0,,0,,0,,0,0,0,0,,5,24,26,0,3,953,Canada,951,Romania,12/07/2024,19:00,13,10,35,22,6,3,1146,TD Place,-1,NA,1,2023,08,8,Number 8,0,,0,,1000761,Hollie Davidson,1001076,Kat Roche,1001022,Luke Rogan,-1,,3,International,Y,W
794,941540,25183,Lucas Rumball,953,Canada,1520.96,1525.12,2341,1,74,22,82,22,1,Carry,103,Other Carry,108,Tackled Neutral,109,Crossed Gain line,461,Neutral Contact,503,3 Tacklers Committed,703,3rd Receiver,0,,0,,0,,0,,2,7,4,1,,5,24,26,0,3,953,Canada,951,Romania,12/07/2024,19:00,13,10,35,22,6,3,1146,TD Place,-1,NA,1,2023,08,8,Number 8,0,,0,,1000761,Hollie Davidson,1001076,Kat Roche,1001022,Luke Rogan,-1,,3,International,Y,W
795,941540,57666,Alin Conache,951,Romania,1522.08,1522.08,2342,1,22,46,0,0,2,Tackle,144,Line,161,Missed,0,,475,Ineffective Tackle,708,1st Tackler,0,,0,,0,,0,,0,,0,0,0,0,,5,24,26,0,3,953,Canada,951,Romania,12/07/2024,19:00,13,10,35,22,6,3,1146,TD Place,-1,NA,1,2023,09,9,Scrum Half,0,,0,,1000761,Hollie Davidson,1001076,Kat Roche,1001022,Luke Rogan,-1,,3,International,N,L
796,941540,57666,Alin Conache,951,Romania,1522.08,1522.08,2342,1,22,46,0,0,12,Missed Tackle,163,Stepped,166,Tackled,0,,0,,0,,0,,0,,0,,0,,0,,0,0,0,0,,5,24,26,0,3,953,Canada,951,Romania,12/07/2024,19:00,13,10,35,22,6,3,1146,TD Place,-1,NA,1,2023,09,9,Scrum Half,0,,0,,1000761,Hollie Davidson,1001076,Kat Roche,1001022,Luke Rogan,-1,,3,International,N,L
797,941540,25183,Lucas Rumball,953,Canada,1522.80,1522.80,2343,1,78,22,0,0,10,Attacking Qualities,116,Defender Beaten,0,,0,,0,,0,,0,,0,,0,,0,,0,,0,0,0,0,,5,24,26,0,3,953,Canada,951,Romania,12/07/2024,19:00,13,10,35,22,6,3,1146,TD Place,-1,NA,1,2023,08,8,Number 8,0,,0,,1000761,Hollie Davidson,1001076,Kat Roche,1001022,Luke Rogan,-1,,3,International,Y,W
798,941540,60960,Mihai Graure,951,Romania,1523.76,1523.76,2344,1,20,45,0,0,2,Tackle,144,Line,153,Complete,441,Assist,474,Neutral Tackle,709,2nd Tackler,0,,0,,0,,0,,0,,0,0,0,0,,5,24,26,0,3,953,Canada,951,Romania,12/07/2024,19:00,13,10,35,22,6,3,1146,TD Place,-1,NA,1,2023,13,13,Outside Centre,0,,0,,1000761,Hollie Davidson,1001076,Kat Roche,1001022,Luke Rogan,-1,,3,International,N,L
799,941540,29377,Liam Murray,953,Canada,1524.32,1524.32,2345,1,80,23,0,0,10,Attacking Qualities,529,Snake,0,,0,,0,,0,,0,,0,,0,,0,,0,,0,0,0,0,,5,24,26,0,3,953,Canada,951,Romania,12/07/2024,19:00,13,10,35,22,6,3,1146,TD Place,-1,NA,1,2023,01,1,Loosehead Prop,0,,0,,1000761,Hollie Davidson,1001076,Kat Roche,1001022,Luke Rogan,-1,,3,International,Y,W
800,941540,33151,Vlad Neculau,951,Romania,1524.88,1524.88,2345,1,20,45,0,0,2,Tackle,144,Line,153,Complete,441,Assist,474,Neutral Tackle,710,3rd Tackler,0,,0,,0,,0,,0,,0,0,0,0,,5,24,26,0,3,953,Canada,951,Romania,12/07/2024,19:00,13,10,35,22,6,3,1146,TD Place,-1,NA,1,2023,06,6,Blindside Flanker,0,,0,,1000761,Hollie Davidson,1001076,Kat Roche,1001022,Luke Rogan,-1,,3,International,N,L
801,941540,25183,Lucas Rumball,953,Canada,1525.12,1527.12,2345,1,82,22,0,0,23,Ruck,0,,401,Won Outright,548,Over Previous Gainline,553,1-2 Seconds,722,Mid Left Blindside Movement Ruck,0,,0,,0,,0,,0,,0,0,19,17,,5,24,26,0,3,953,Canada,951,Romania,12/07/2024,19:00,13,10,35,22,6,3,1146,TD Place,-1,NA,1,2023,08,8,Number 8,0,,0,,1000761,Hollie Davidson,1001076,Kat Roche,1001022,Luke Rogan,-1,,3,International,Y,W
802,941540,25181,Kyle Baillie,953,Canada,1526.04,1526.04,2346,1,82,22,0,0,43,Ruck OOA,574,Secured,583,Own Team 1st Entry,588,OOA Entry 1st Entry- Att,632,Attacking OOA,0,1,0,,0,,0,,0,,0,,0,0,0,0,,5,24,26,0,3,953,Canada,951,Romania,12/07/2024,19:00,13,10,35,22,6,3,1146,TD Place,-1,NA,1,2023,05,5,Lock (5),0,,0,,1000761,Hollie Davidson,1001076,Kat Roche,1001022,Luke Rogan,-1,,3,International,Y,W
803,941540,38159,Jason Higgins,953,Canada,1527.12,1527.12,2347,1,82,22,0,0,18,Collection,631,General Catch,0,,0,,0,,0,,0,,0,,0,,0,,0,,0,0,0,0,,6,24,26,0,3,953,Canada,951,Romania,12/07/2024,19:00,13,10,35,22,6,3,1146,TD Place,-1,NA,1,2023,09,9,Scrum Half,0,,0,,1000761,Hollie Davidson,1001076,Kat Roche,1001022,Luke Rogan,-1,,3,International,Y,W
804,941540,38159,Jason Higgins,953,Canada,1527.12,1527.12,2347,1,82,22,0,0,47,Playmaker Options,671,Halfback at Breakdown,675,Playmaker Option - Pass,0,,0,,0,,0,,0,,0,,0,,0,,0,0,0,0,,6,24,26,0,3,953,Canada,951,Romania,12/07/2024,19:00,13,10,35,22,6,3,1146,TD Place,-1,NA,1,2023,09,9,Scrum Half,0,,0,,1000761,Hollie Davidson,1001076,Kat Roche,1001022,Luke Rogan,-1,,3,International,Y,W
805,941540,38159,Jason Higgins,953,Canada,1527.72,1529.04,2348,1,82,22,80,16,3,Pass,169,Complete,0,,686,Medium Pass,681,Left Pass,700,0th Receiver,0,,0,,0,,0,,0,,7,7,1,0,,6,24,26,0,3,953,Canada,951,Romania,12/07/2024,19:00,13,10,35,22,6,3,1146,TD Place,-1,NA,1,2023,09,9,Scrum Half,0,,0,,1000761,Hollie Davidson,1001076,Kat Roche,1001022,Luke Rogan,-1,,3,International,Y,W
806,941540,19391,Peter Nelson,953,Canada,1529.04,1529.04,2349,1,80,16,0,0,18,Collection,631,General Catch,0,,0,,0,,0,,0,,0,,0,,0,,0,,0,0,0,0,,6,24,26,0,3,953,Canada,951,Romania,12/07/2024,19:00,13,10,35,22,6,3,1146,TD Place,-1,NA,1,2023,10,10,Fly Half,0,,0,,1000761,Hollie Davidson,1001076,Kat Roche,1001022,Luke Rogan,-1,,3,International,Y,W
807,941540,19391,Peter Nelson,953,Canada,1529.04,1529.04,2349,1,80,16,0,0,47,Playmaker Options,656,First Receiver,674,Playmaker Option - Kick,0,,0,,0,,0,,0,,0,,0,,0,,0,0,0,0,,6,24,26,0,3,953,Canada,951,Romania,12/07/2024,19:00,13,10,35,22,6,3,1146,TD Place,-1,NA,1,2023,10,10,Fly Half,0,,0,,1000761,Hollie Davidson,1001076,Kat Roche,1001022,Luke Rogan,-1,,3,International,Y,W
808,941540,19391,Peter Nelson,953,Canada,1529.08,1532.52,2349,1,81,16,102,6,4,Kick,191,Low,206,Try Kick,185,Kick in Play,0,,0,,0,,0,,0,,0,,0,,19,23,0,0,,6,24,26,0,3,953,Canada,951,Romania,12/07/2024,19:00,13,10,35,22,6,3,1146,TD Place,-1,NA,1,2023,10,10,Fly Half,0,,0,,1000761,Hollie Davidson,1001076,Kat Roche,1001022,Luke Rogan,-1,,3,International,Y,W
809,941540,19391,Peter Nelson,953,Canada,1529.24,1529.24,2350,1,81,16,0,0,10,Attacking Qualities,526,Try Assist,0,,0,,0,,0,,0,,0,,0,,0,,0,,0,0,0,0,,6,24,26,0,3,953,Canada,951,Romania,12/07/2024,19:00,13,10,35,22,6,3,1146,TD Place,-1,NA,1,2023,10,10,Fly Half,0,,0,,1000761,Hollie Davidson,1001076,Kat Roche,1001022,Luke Rogan,-1,,3,International,Y,W
810,941540,40389,Jason Tomane,951,Romania,1529.56,1571.36,2350,1,19,52,0,0,21,Card,246,Yellow Card,542,Foul Play,0,,0,,0,,0,,0,,0,,0,,0,,0,0,0,0,,6,24,26,0,3,953,Canada,951,Romania,12/07/2024,19:00,13,10,35,22,6,3,1146,TD Place,-1,NA,1,2023,12,12,Inside Centre,0,,0,,1000761,Hollie Davidson,1001076,Kat Roche,1001022,Luke Rogan,-1,,3,International,N,L
811,941540,0,,953,Canada,1477.44,1532.72,2353,1,64,68,103,5,15,Possession,306,Lineout,314,Try,112,Initial Break,683,Enters into Opposition 22,0,,0,,0,,0,,0,,0,,36,0,0,0,,6,24,26,0,3,953,Canada,951,Romania,12/07/2024,19:00,13,10,35,22,6,3,1146,TD Place,-1,NA,1,2023,,,,0,,0,,1000761,Hollie Davidson,1001076,Kat Roche,1001022,Luke Rogan,-1,,3,International,Y,W
812,941540,0,,953,Canada,1477.44,1532.72,2353,1,64,68,103,5,26,Sequences,306,Lineout,314,Try,0,,0,,0,,0,,0,,0,,0,,0,,36,0,0,0,,6,24,26,0,3,953,Canada,951,Romania,12/07/2024,19:00,13,10,35,22,6,3,1146,TD Place,-1,NA,1,2023,,,,0,,0,,1000761,Hollie Davidson,1001076,Kat Roche,1001022,Luke Rogan,-1,,3,International,Y,W
813,941540,38501,Nic Benn,953,Canada,1532.52,1532.52,2353,1,102,6,0,0,18,Collection,272,Attacking Loose Ball,277,Success,0,,0,,0,,0,,0,,0,,0,,0,,0,0,0,0,,6,24,26,0,3,953,Canada,951,Romania,12/07/2024,19:00,13,10,35,22,6,3,1146,TD Place,-1,NA,1,2023,11,11,Left Wing,0,,0,,1000761,Hollie Davidson,1001076,Kat Roche,1001022,Luke Rogan,-1,,3,International,Y,W
814,941540,38501,Nic Benn,953,Canada,1532.52,1532.60,2353,1,102,6,103,5,1,Carry,103,Other Carry,117,Try Scored,110,Neutral Gain line,0,,500,0 Tacklers Committed,701,1st Receiver,0,,0,,0,,0,,0,1,0,0,,6,24,26,0,3,953,Canada,951,Romania,12/07/2024,19:00,13,10,35,22,6,3,1146,TD Place,-1,NA,1,2023,11,11,Left Wing,0,,0,,1000761,Hollie Davidson,1001076,Kat Roche,1001022,Luke Rogan,-1,,3,International,Y,W
815,941540,38501,Nic Benn,953,Canada,1532.60,1532.60,2353,1,103,5,0,0,9,Try,0,Try,0,,0,,0,,0,,0,,0,,0,,0,,0,,0,0,0,0,,6,24,26,0,8,953,Canada,951,Romania,12/07/2024,19:00,13,10,35,22,6,3,1146,TD Place,-1,NA,1,2023,11,11,Left Wing,0,,0,,1000761,Hollie Davidson,1001076,Kat Roche,1001022,Luke Rogan,-1,,3,International,Y,W
816,941540,40389,Jason Tomane,951,Romania,1571.36,1571.36,2432,1,-3,63,0,0,41,Sub Out,570,Yellow Card,0,,0,,0,,0,,0,,0,,0,,0,,0,,0,0,0,0,,6,24,26,1,8,953,Canada,951,Romania,12/07/2024,19:00,13,10,35,22,11,3,1146,TD Place,-1,NA,1,2023,12,12,Inside Centre,0,,0,,1000761,Hollie Davidson,1001076,Kat Roche,1001022,Luke Rogan,-1,,3,International,N,L
817,941540,19391,Peter Nelson,953,Canada,1602.76,1605.84,2503,1,75,5,108,43,11,Goal Kick,295,Conversion,299,Goal Kicked,0,,0,,0,,0,,0,,0,,0,,0,,25,39,0,0,,1,24,27,1,10,953,Canada,951,Romania,12/07/2024,19:00,13,10,35,22,11,3,1146,TD Place,-1,NA,1,2023,10,10,Fly Half,0,,0,,1000761,Hollie Davidson,1001076,Kat Roche,1001022,Luke Rogan,-1,,3,International,Y,W
818,941540,0,,953,Canada,1611.72,1714.60,2512,1,-8,25,0,0,17,Period,0,Period,0,,0,,0,,0,,0,,0,,0,,0,,0,,0,0,0,0,,1,24,27,1,10,953,Canada,951,Romania,12/07/2024,19:00,13,10,35,22,11,3,1146,TD Place,-1,NA,1,2023,,,,0,,0,,1000761,Hollie Davidson,1001076,Kat Roche,1001022,Luke Rogan,-1,,3,International,Y,W
819,941540,33463,Paul Popoaia,951,Romania,1734.76,1734.76,2532,1,49,34,0,0,8,Turnover,261,Kick Error,677,Error on Attack,0,,0,,0,,0,,0,,0,,0,,0,,0,0,0,0,,1,24,28,1,10,953,Canada,951,Romania,12/07/2024,19:00,13,10,35,22,11,3,1146,TD Place,-1,NA,1,2023,15,15,Full Back,0,,0,,1000761,Hollie Davidson,1001076,Kat Roche,1001022,Luke Rogan,-1,,3,International,N,L
820,941540,33463,Paul Popoaia,951,Romania,1734.76,1738.08,2532,1,49,34,65,0,14,Restart,281,50m Restart,287,Restart Own Error,289,Short,752,Kicked Left,0,,0,,0,,0,,0,,0,,16,38,35,0,,1,24,28,1,10,953,Canada,951,Romania,12/07/2024,19:00,13,10,35,22,11,3,1146,TD Place,-1,NA,1,2023,15,15,Full Back,0,,0,,1000761,Hollie Davidson,1001076,Kat Roche,1001022,Luke Rogan,-1,,3,International,N,L
821,941540,0,,951,Romania,1734.76,1738.08,2535,1,49,34,65,0,26,Sequences,307,50m Restart,413,Kick Error,0,,0,,0,,0,,0,,0,,0,,0,,16,0,0,0,,1,24,28,1,10,953,Canada,951,Romania,12/07/2024,19:00,13,10,35,22,11,3,1146,TD Place,-1,NA,1,2023,,,,0,,0,,1000761,Hollie Davidson,1001076,Kat Roche,1001022,Luke Rogan,-1,,3,International,N,L
822,941540,38159,Jason Higgins,953,Canada,1789.88,1794.04,2627,1,50,34,0,0,5,Scrum,367,Scrum Half Pass,353,Won Outright,365,Neutral,0,,661,Mid Left Open Movement Scrum,0,,0,,0,,0,,0,,0,0,5,18,,1,25,29,1,10,953,Canada,951,Romania,12/07/2024,19:00,13,10,35,22,13,3,1146,TD Place,-1,NA,1,2023,09,9,Scrum Half,0,,0,,1000761,Hollie Davidson,1001076,Kat Roche,1001022,Luke Rogan,-1,,3,International,Y,W
823,941540,29377,Liam Murray,953,Canada,1789.88,1794.04,2627,1,50,34,0,0,28,,367,Scrum Half Pass,353,Won Outright,365,Neutral,0,,0,,0,,0,,0,,0,,0,,0,0,0,0,,1,25,29,1,10,953,Canada,951,Romania,12/07/2024,19:00,13,10,35,22,13,3,1146,TD Place,-1,NA,1,2023,01,1,Loosehead Prop,0,,0,,1000761,Hollie Davidson,1001076,Kat Roche,1001022,Luke Rogan,-1,,3,International,Y,W
824,941540,25189,Andrew Quattrin,953,Canada,1789.88,1794.04,2627,1,50,34,0,0,28,,367,Scrum Half Pass,353,Won Outright,365,Neutral,0,,0,,0,,0,,0,,0,,0,,0,0,0,0,,1,25,29,1,10,953,Canada,951,Romania,12/07/2024,19:00,13,10,35,22,13,3,1146,TD Place,-1,NA,1,2023,02,2,Hooker,0,,0,,1000761,Hollie Davidson,1001076,Kat Roche,1001022,Luke Rogan,-1,,3,International,Y,W
825,941540,29383,Conor Young,953,Canada,1789.88,1794.04,2627,1,50,34,0,0,28,,367,Scrum Half Pass,353,Won Outright,365,Neutral,0,,0,,0,,0,,0,,0,,0,,0,0,0,0,,1,25,29,1,10,953,Canada,951,Romania,12/07/2024,19:00,13,10,35,22,13,3,1146,TD Place,-1,NA,1,2023,03,3,Tighthead Prop,0,,0,,1000761,Hollie Davidson,1001076,Kat Roche,1001022,Luke Rogan,-1,,3,International,Y,W
826,941540,27090,Conor Keys,953,Canada,1789.88,1794.04,2627,1,50,34,0,0,28,,367,Scrum Half Pass,353,Won Outright,365,Neutral,0,,0,,0,,0,,0,,0,,0,,0,0,0,0,,1,25,29,1,10,953,Canada,951,Romania,12/07/2024,19:00,13,10,35,22,13,3,1146,TD Place,-1,NA,1,2023,04,4,Lock (4),0,,0,,1000761,Hollie Davidson,1001076,Kat Roche,1001022,Luke Rogan,-1,,3,International,Y,W
827,941540,25181,Kyle Baillie,953,Canada,1789.88,1794.04,2627,1,50,34,0,0,28,,367,Scrum Half Pass,353,Won Outright,365,Neutral,0,,0,,0,,0,,0,,0,,0,,0,0,0,0,,1,25,29,1,10,953,Canada,951,Romania,12/07/2024,19:00,13,10,35,22,13,3,1146,TD Place,-1,NA,1,2023,05,5,Lock (5),0,,0,,1000761,Hollie Davidson,1001076,Kat Roche,1001022,Luke Rogan,-1,,3,International,Y,W
828,941540,38465,Mason Flesch,953,Canada,1789.88,1794.04,2627,1,50,34,0,0,28,,367,Scrum Half Pass,353,Won Outright,365,Neutral,0,,0,,0,,0,,0,,0,,0,,0,0,0,0,,1,25,29,1,10,953,Canada,951,Romania,12/07/2024,19:00,13,10,35,22,13,3,1146,TD Place,-1,NA,1,2023,06,6,Blindside Flanker,0,,0,,1000761,Hollie Davidson,1001076,Kat Roche,1001022,Luke Rogan,-1,,3,International,Y,W
829,941540,56146,Ethan Fryer,953,Canada,1789.88,1794.04,2627,1,50,34,0,0,28,,367,Scrum Half Pass,353,Won Outright,365,Neutral,0,,0,,0,,0,,0,,0,,0,,0,0,0,0,,1,25,29,1,10,953,Canada,951,Romania,12/07/2024,19:00,13,10,35,22,13,3,1146,TD Place,-1,NA,1,2023,07,7,Openside Flanker,0,,0,,1000761,Hollie Davidson,1001076,Kat Roche,1001022,Luke Rogan,-1,,3,International,Y,W
830,941540,25183,Lucas Rumball,953,Canada,1789.88,1794.04,2627,1,50,34,0,0,28,,367,Scrum Half Pass,353,Won Outright,365,Neutral,0,,0,,0,,0,,0,,0,,0,,0,0,0,0,,1,25,29,1,10,953,Canada,951,Romania,12/07/2024,19:00,13,10,35,22,13,3,1146,TD Place,-1,NA,1,2023,08,8,Number 8,0,,0,,1000761,Hollie Davidson,1001076,Kat Roche,1001022,Luke Rogan,-1,,3,International,Y,W
831,941540,34051,Iulian Hartig,951,Romania,1789.88,1794.04,2627,1,50,34,0,0,29,,367,Scrum Half Pass,353,Won Outright,365,Neutral,0,,0,,0,,0,,0,,0,,0,,0,0,0,0,,1,25,29,1,10,953,Canada,951,Romania,12/07/2024,19:00,13,10,35,22,13,3,1146,TD Place,-1,NA,1,2023,01,1,Loosehead Prop,0,,0,,1000761,Hollie Davidson,1001076,Kat Roche,1001022,Luke Rogan,-1,,3,International,N,L
832,941540,39780,Stefan Buruiana,951,Romania,1789.88,1794.04,2627,1,50,34,0,0,29,,367,Scrum Half Pass,353,Won Outright,365,Neutral,0,,0,,0,,0,,0,,0,,0,,0,0,0,0,,1,25,29,1,10,953,Canada,951,Romania,12/07/2024,19:00,13,10,35,22,13,3,1146,TD Place,-1,NA,1,2023,02,2,Hooker,0,,0,,1000761,Hollie Davidson,1001076,Kat Roche,1001022,Luke Rogan,-1,,3,International,N,L
833,941540,34102,Vasile Balan,951,Romania,1789.88,1794.04,2627,1,50,34,0,0,29,,367,Scrum Half Pass,353,Won Outright,365,Neutral,0,,0,,0,,0,,0,,0,,0,,0,0,0,0,,1,25,29,1,10,953,Canada,951,Romania,12/07/2024,19:00,13,10,35,22,13,3,1146,TD Place,-1,NA,1,2023,03,3,Tighthead Prop,0,,0,,1000761,Hollie Davidson,1001076,Kat Roche,1001022,Luke Rogan,-1,,3,International,N,L
834,941540,63895,Yanis Horvat,951,Romania,1789.88,1794.04,2627,1,50,34,0,0,29,,367,Scrum Half Pass,353,Won Outright,365,Neutral,0,,0,,0,,0,,0,,0,,0,,0,0,0,0,,1,25,29,1,10,953,Canada,951,Romania,12/07/2024,19:00,13,10,35,22,13,3,1146,TD Place,-1,NA,1,2023,04,4,Lock (4),0,,0,,1000761,Hollie Davidson,1001076,Kat Roche,1001022,Luke Rogan,-1,,3,International,N,L
835,941540,23278,Andrei Mahu,951,Romania,1789.88,1794.04,2627,1,50,34,0,0,29,,367,Scrum Half Pass,353,Won Outright,365,Neutral,0,,0,,0,,0,,0,,0,,0,,0,0,0,0,,1,25,29,1,10,953,Canada,951,Romania,12/07/2024,19:00,13,10,35,22,13,3,1146,TD Place,-1,NA,1,2023,05,5,Lock (5),0,,0,,1000761,Hollie Davidson,1001076,Kat Roche,1001022,Luke Rogan,-1,,3,International,N,L
836,941540,33151,Vlad Neculau,951,Romania,1789.88,1794.04,2627,1,50,34,0,0,29,,367,Scrum Half Pass,353,Won Outright,365,Neutral,0,,0,,0,,0,,0,,0,,0,,0,0,0,0,,1,25,29,1,10,953,Canada,951,Romania,12/07/2024,19:00,13,10,35,22,13,3,1146,TD Place,-1,NA,1,2023,06,6,Blindside Flanker,0,,0,,1000761,Hollie Davidson,1001076,Kat Roche,1001022,Luke Rogan,-1,,3,International,N,L
837,941540,36759,Dragos Ser,951,Romania,1789.88,1794.04,2627,1,50,34,0,0,29,,367,Scrum Half Pass,353,Won Outright,365,Neutral,0,,0,,0,,0,,0,,0,,0,,0,0,0,0,,1,25,29,1,10,953,Canada,951,Romania,12/07/2024,19:00,13,10,35,22,13,3,1146,TD Place,-1,NA,1,2023,07,7,Openside Flanker,0,,0,,1000761,Hollie Davidson,1001076,Kat Roche,1001022,Luke Rogan,-1,,3,International,N,L
838,941540,29316,Nicolaas Immelman,951,Romania,1789.88,1794.04,2627,1,50,34,0,0,29,,367,Scrum Half Pass,353,Won Outright,365,Neutral,0,,0,,0,,0,,0,,0,,0,,0,0,0,0,,1,25,29,1,10,953,Canada,951,Romania,12/07/2024,19:00,13,10,35,22,13,3,1146,TD Place,-1,NA,1,2023,08,8,Number 8,0,,0,,1000761,Hollie Davidson,1001076,Kat Roche,1001022,Luke Rogan,-1,,3,International,N,L
839,941540,38159,Jason Higgins,953,Canada,1794.04,1794.04,2631,1,50,34,0,0,18,Collection,631,General Catch,0,,0,,0,,0,,0,,0,,0,,0,,0,,0,0,0,0,,1,25,29,1,10,953,Canada,951,Romania,12/07/2024,19:00,13,10,35,22,13,3,1146,TD Place,-1,NA,1,2023,09,9,Scrum Half,0,,0,,1000761,Hollie Davidson,1001076,Kat Roche,1001022,Luke Rogan,-1,,3,International,Y,W
840,941540,38159,Jason Higgins,953,Canada,1794.84,1797.52,2632,1,51,30,50,14,3,Pass,174,Incomplete,0,,680,Long Pass,681,Left Pass,700,0th Receiver,0,,0,,0,,0,,0,,16,16,1,0,,1,25,29,1,10,953,Canada,951,Romania,12/07/2024,19:00,13,10,35,22,13,3,1146,TD Place,-1,NA,1,2023,09,9,Scrum Half,0,,0,,1000761,Hollie Davidson,1001076,Kat Roche,1001022,Luke Rogan,-1,,3,International,Y,W
841,941540,25195,Ben LeSage,953,Canada,1797.52,1797.52,2635,1,50,14,0,0,18,Collection,272,Attacking Loose Ball,277,Success,0,,0,,0,,0,,0,,0,,0,,0,,0,0,0,0,,1,25,29,1,10,953,Canada,951,Romania,12/07/2024,19:00,13,10,35,22,13,3,1146,TD Place,-1,NA,1,2023,13,13,Outside Centre,0,,0,,1000761,Hollie Davidson,1001076,Kat Roche,1001022,Luke Rogan,-1,,3,International,Y,W
842,941540,25195,Ben LeSage,953,Canada,1797.52,1799.72,2635,1,50,14,56,16,1,Carry,105,Restart Return,108,Tackled Neutral,109,Crossed Gain line,461,Neutral Contact,501,1 Tacklers Committed,701,1st Receiver,0,,0,,0,,0,,5,5,1,1,,1,25,29,1,10,953,Canada,951,Romania,12/07/2024,19:00,13,10,35,22,13,3,1146,TD Place,-1,NA,1,2023,13,13,Outside Centre,0,,0,,1000761,Hollie Davidson,1001076,Kat Roche,1001022,Luke Rogan,-1,,3,International,Y,W
843,941540,33151,Vlad Neculau,951,Romania,1799.12,1799.12,2637,1,45,51,0,0,2,Tackle,147,Other,153,Complete,0,,474,Neutral Tackle,708,1st Tackler,0,,0,,0,,0,,0,,0,0,0,0,,1,25,29,1,10,953,Canada,951,Romania,12/07/2024,19:00,13,10,35,22,13,3,1146,TD Place,-1,NA,1,2023,06,6,Blindside Flanker,0,,0,,1000761,Hollie Davidson,1001076,Kat Roche,1001022,Luke Rogan,-1,,3,International,N,L
844,941540,25195,Ben LeSage,953,Canada,1799.72,1802.20,2637,1,56,16,0,0,23,Ruck,0,,401,Won Outright,548,Over Previous Gainline,554,2-3 Seconds,662,Mid Right Open Movement Ruck,0,,0,,0,,0,,0,,0,0,2,11,,1,25,29,1,10,953,Canada,951,Romania,12/07/2024,19:00,13,10,35,22,13,3,1146,TD Place,-1,NA,1,2023,13,13,Outside Centre,0,,0,,1000761,Hollie Davidson,1001076,Kat Roche,1001022,Luke Rogan,-1,,3,International,Y,W
845,941540,33642,Cooper Coats,953,Canada,1800.84,1800.84,2638,1,56,16,0,0,43,Ruck OOA,574,Secured,583,Own Team 1st Entry,588,OOA Entry 1st Entry- Att,632,Attacking OOA,0,1,0,,0,,0,,0,,0,,0,0,0,0,,1,25,29,1,10,953,Canada,951,Romania,12/07/2024,19:00,13,10,35,22,13,3,1146,TD Place,-1,NA,1,2023,15,15,Full Back,0,,0,,1000761,Hollie Davidson,1001076,Kat Roche,1001022,Luke Rogan,-1,,3,International,Y,W
846,941540,56146,Ethan Fryer,953,Canada,1801.00,1801.00,2638,1,56,16,0,0,43,Ruck OOA,574,Secured,584,Own Team 2nd Entry,589,OOA Entry 2nd Entry- Att,632,Attacking OOA,0,2,0,,0,,0,,0,,0,,0,0,0,0,,1,25,29,1,10,953,Canada,951,Romania,12/07/2024,19:00,13,10,35,22,13,3,1146,TD Place,-1,NA,1,2023,07,7,Openside Flanker,0,,0,,1000761,Hollie Davidson,1001076,Kat Roche,1001022,Luke Rogan,-1,,3,International,Y,W
847,941540,38159,Jason Higgins,953,Canada,1802.20,1802.20,2640,1,56,16,0,0,18,Collection,631,General Catch,0,,0,,0,,0,,0,,0,,0,,0,,0,,0,0,0,0,,2,25,29,1,10,953,Canada,951,Romania,12/07/2024,19:00,13,10,35,22,13,3,1146,TD Place,-1,NA,1,2023,09,9,Scrum Half,0,,0,,1000761,Hollie Davidson,1001076,Kat Roche,1001022,Luke Rogan,-1,,3,International,Y,W
848,941540,38159,Jason Higgins,953,Canada,1802.20,1802.20,2640,1,56,16,0,0,47,Playmaker Options,671,Halfback at Breakdown,675,Playmaker Option - Pass,0,,0,,0,,0,,0,,0,,0,,0,,0,0,0,0,,2,25,29,1,10,953,Canada,951,Romania,12/07/2024,19:00,13,10,35,22,13,3,1146,TD Place,-1,NA,1,2023,09,9,Scrum Half,0,,0,,1000761,Hollie Davidson,1001076,Kat Roche,1001022,Luke Rogan,-1,,3,International,Y,W
849,941540,38159,Jason Higgins,953,Canada,1802.68,1804.16,2640,1,56,16,55,24,3,Pass,169,Complete,0,,686,Medium Pass,682,Right Pass,700,0th Receiver,0,,0,,0,,0,,0,,8,8,1,0,,2,25,29,1,10,953,Canada,951,Romania,12/07/2024,19:00,13,10,35,22,13,3,1146,TD Place,-1,NA,1,2023,09,9,Scrum Half,0,,0,,1000761,Hollie Davidson,1001076,Kat Roche,1001022,Luke Rogan,-1,,3,International,Y,W
850,941540,25189,Andrew Quattrin,953,Canada,1804.16,1804.16,2642,1,55,24,0,0,18,Collection,631,General Catch,0,,0,,0,,0,,0,,0,,0,,0,,0,,0,0,0,0,,2,25,29,1,10,953,Canada,951,Romania,12/07/2024,19:00,13,10,35,22,13,3,1146,TD Place,-1,NA,1,2023,02,2,Hooker,0,,0,,1000761,Hollie Davidson,1001076,Kat Roche,1001022,Luke Rogan,-1,,3,International,Y,W
851,941540,25189,Andrew Quattrin,953,Canada,1804.16,1804.16,2642,1,55,24,0,0,47,Playmaker Options,656,First Receiver,673,Playmaker Option - Carry,0,,0,,0,,0,,0,,0,,0,,0,,0,0,0,0,,2,25,29,1,10,953,Canada,951,Romania,12/07/2024,19:00,13,10,35,22,13,3,1146,TD Place,-1,NA,1,2023,02,2,Hooker,0,,0,,1000761,Hollie Davidson,1001076,Kat Roche,1001022,Luke Rogan,-1,,3,International,Y,W
852,941540,25189,Andrew Quattrin,953,Canada,1804.16,1806.24,2642,1,55,24,57,27,1,Carry,101,One Out Drive,108,Tackled Neutral,109,Crossed Gain line,461,Neutral Contact,502,2 Tacklers Committed,701,1st Receiver,0,,0,,0,,0,,2,2,1,1,,2,25,29,1,10,953,Canada,951,Romania,12/07/2024,19:00,13,10,35,22,13,3,1146,TD Place,-1,NA,1,2023,02,2,Hooker,0,,0,,1000761,Hollie Davidson,1001076,Kat Roche,1001022,Luke Rogan,-1,,3,International,Y,W
853,941540,36759,Dragos Ser,951,Romania,1804.52,1804.52,2642,1,44,41,0,0,2,Tackle,144,Line,153,Complete,0,,474,Neutral Tackle,708,1st Tackler,0,,0,,0,,0,,0,,0,0,0,0,,2,25,29,1,10,953,Canada,951,Romania,12/07/2024,19:00,13,10,35,22,13,3,1146,TD Place,-1,NA,1,2023,07,7,Openside Flanker,0,,0,,1000761,Hollie Davidson,1001076,Kat Roche,1001022,Luke Rogan,-1,,3,International,N,L
854,941540,29377,Liam Murray,953,Canada,1805.00,1805.00,2642,1,57,27,0,0,10,Attacking Qualities,529,Snake,0,,0,,0,,0,,0,,0,,0,,0,,0,,0,0,0,0,,2,25,29,1,10,953,Canada,951,Romania,12/07/2024,19:00,13,10,35,22,13,3,1146,TD Place,-1,NA,1,2023,01,1,Loosehead Prop,0,,0,,1000761,Hollie Davidson,1001076,Kat Roche,1001022,Luke Rogan,-1,,3,International,Y,W
855,941540,23278,Andrei Mahu,951,Romania,1805.88,1805.88,2643,1,44,41,0,0,2,Tackle,144,Line,153,Complete,441,Assist,474,Neutral Tackle,709,2nd Tackler,0,,0,,0,,0,,0,,0,0,0,0,,2,25,29,1,10,953,Canada,951,Romania,12/07/2024,19:00,13,10,35,22,13,3,1146,TD Place,-1,NA,1,2023,05,5,Lock (5),0,,0,,1000761,Hollie Davidson,1001076,Kat Roche,1001022,Luke Rogan,-1,,3,International,N,L
856,941540,25189,Andrew Quattrin,953,Canada,1806.24,1808.68,2644,1,57,27,0,0,23,Ruck,0,,401,Won Outright,548,Over Previous Gainline,554,2-3 Seconds,664,Close Right Open Movement Ruck,0,,0,,0,,0,,0,,0,0,-9,8,,2,25,29,1,10,953,Canada,951,Romania,12/07/2024,19:00,13,10,35,22,13,3,1146,TD Place,-1,NA,1,2023,02,2,Hooker,0,,0,,1000761,Hollie Davidson,1001076,Kat Roche,1001022,Luke Rogan,-1,,3,International,Y,W
857,941540,25181,Kyle Baillie,953,Canada,1807.72,1807.72,2645,1,57,27,0,0,43,Ruck OOA,572,Cleaned Out,583,Own Team 1st Entry,588,OOA Entry 1st Entry- Att,632,Attacking OOA,0,1,0,,0,,0,,0,,0,,0,0,0,0,,2,25,29,1,10,953,Canada,951,Romania,12/07/2024,19:00,13,10,35,22,13,3,1146,TD Place,-1,NA,1,2023,05,5,Lock (5),0,,0,,1000761,Hollie Davidson,1001076,Kat Roche,1001022,Luke Rogan,-1,,3,International,Y,W
858,941540,38159,Jason Higgins,953,Canada,1808.68,1808.68,2646,1,57,27,0,0,18,Collection,631,General Catch,0,,0,,0,,0,,0,,0,,0,,0,,0,,0,0,0,0,,3,25,29,1,10,953,Canada,951,Romania,12/07/2024,19:00,13,10,35,22,13,3,1146,TD Place,-1,NA,1,2023,09,9,Scrum Half,0,,0,,1000761,Hollie Davidson,1001076,Kat Roche,1001022,Luke Rogan,-1,,3,International,Y,W
859,941540,38159,Jason Higgins,953,Canada,1808.68,1808.68,2646,1,57,27,0,0,47,Playmaker Options,671,Halfback at Breakdown,675,Playmaker Option - Pass,0,,0,,0,,0,,0,,0,,0,,0,,0,0,0,0,,3,25,29,1,10,953,Canada,951,Romania,12/07/2024,19:00,13,10,35,22,13,3,1146,TD Place,-1,NA,1,2023,09,9,Scrum Half,0,,0,,1000761,Hollie Davidson,1001076,Kat Roche,1001022,Luke Rogan,-1,,3,International,Y,W
860,941540,38159,Jason Higgins,953,Canada,1809.16,1811.16,2647,1,57,27,47,34,3,Pass,169,Complete,0,,686,Medium Pass,682,Right Pass,700,0th Receiver,0,,0,,0,,0,,0,,7,12,10,0,,3,25,29,1,10,953,Canada,951,Romania,12/07/2024,19:00,13,10,35,22,13,3,1146,TD Place,-1,NA,1,2023,09,9,Scrum Half,0,,0,,1000761,Hollie Davidson,1001076,Kat Roche,1001022,Luke Rogan,-1,,3,International,Y,W
861,941540,19391,Peter Nelson,953,Canada,1811.16,1811.16,2649,1,47,34,0,0,18,Collection,631,General Catch,0,,0,,0,,0,,0,,0,,0,,0,,0,,0,0,0,0,,3,25,29,1,10,953,Canada,951,Romania,12/07/2024,19:00,13,10,35,22,13,3,1146,TD Place,-1,NA,1,2023,10,10,Fly Half,0,,0,,1000761,Hollie Davidson,1001076,Kat Roche,1001022,Luke Rogan,-1,,3,International,Y,W
862,941540,19391,Peter Nelson,953,Canada,1811.16,1811.16,2649,1,47,34,0,0,47,Playmaker Options,656,First Receiver,674,Playmaker Option - Kick,0,,0,,0,,0,,0,,0,,0,,0,,0,0,0,0,,3,25,29,1,10,953,Canada,951,Romania,12/07/2024,19:00,13,10,35,22,13,3,1146,TD Place,-1,NA,1,2023,10,10,Fly Half,0,,0,,1000761,Hollie Davidson,1001076,Kat Roche,1001022,Luke Rogan,-1,,3,International,Y,W
863,941540,19391,Peter Nelson,953,Canada,1811.20,1813.72,2649,1,49,35,69,62,4,Kick,190,Territorial,198,Caught Full,185,Kick in Play,0,,0,,0,,0,,0,,0,,0,,21,35,0,0,,3,25,29,1,10,953,Canada,951,Romania,12/07/2024,19:00,13,10,35,22,13,3,1146,TD Place,-1,NA,1,2023,10,10,Fly Half,0,,0,,1000761,Hollie Davidson,1001076,Kat Roche,1001022,Luke Rogan,-1,,3,International,Y,W
864,941540,0,,953,Canada,1789.88,1813.72,2651,1,50,34,69,62,15,Possession,309,Scrum,351,Kick in Play,0,,684,Fails to enter into Opposition 22,0,,0,,0,,0,,0,,0,,19,0,0,0,,3,25,29,1,10,953,Canada,951,Romania,12/07/2024,19:00,13,10,35,22,13,3,1146,TD Place,-1,NA,1,2023,,,,0,,0,,1000761,Hollie Davidson,1001076,Kat Roche,1001022,Luke Rogan,-1,,3,International,Y,W
865,941540,27035,Marius Simionescu,951,Romania,1813.72,1813.72,2651,1,31,6,0,0,18,Collection,273,Defensive Catch,277,Success,0,,0,,0,,0,,0,,0,,0,,0,,0,0,0,0,,1,26,29,1,10,953,Canada,951,Romania,12/07/2024,19:00,13,10,35,22,13,3,1146,TD Place,-1,NA,1,2023,14,14,Right Wing,0,,0,,1000761,Hollie Davidson,1001076,Kat Roche,1001022,Luke Rogan,-1,,3,International,N,L
866,941540,27035,Marius Simionescu,951,Romania,1813.72,1816.16,2651,1,31,6,37,2,1,Carry,104,Kick Return,120,Kick,109,Crossed Gain line,0,,501,1 Tacklers Committed,700,0th Receiver,0,,0,,0,,0,,7,7,4,0,,1,26,29,1,10,953,Canada,951,Romania,12/07/2024,19:00,13,10,35,22,13,3,1146,TD Place,-1,NA,1,2023,14,14,Right Wing,0,,0,,1000761,Hollie Davidson,1001076,Kat Roche,1001022,Luke Rogan,-1,,3,International,N,L
867,941540,28377,Andrew Coe,953,Canada,1814.92,1814.92,2652,1,66,63,0,0,2,Tackle,142,Chase,161,Missed,0,,475,Ineffective Tackle,708,1st Tackler,0,,0,,0,,0,,0,,0,0,0,0,,1,26,29,1,10,953,Canada,951,Romania,12/07/2024,19:00,13,10,35,22,13,3,1146,TD Place,-1,NA,1,2023,14,14,Right Wing,0,,0,,1000761,Hollie Davidson,1001076,Kat Roche,1001022,Luke Rogan,-1,,3,International,Y,W
868,941540,28377,Andrew Coe,953,Canada,1814.92,1814.92,2652,1,66,63,0,0,12,Missed Tackle,163,Stepped,166,Tackled,0,,0,,0,,0,,0,,0,,0,,0,,0,0,0,0,,1,26,29,1,10,953,Canada,951,Romania,12/07/2024,19:00,13,10,35,22,13,3,1146,TD Place,-1,NA,1,2023,14,14,Right Wing,0,,0,,1000761,Hollie Davidson,1001076,Kat Roche,1001022,Luke Rogan,-1,,3,International,Y,W
869,941540,27035,Marius Simionescu,951,Romania,1814.96,1814.96,2652,1,34,5,0,0,10,Attacking Qualities,116,Defender Beaten,0,,0,,0,,0,,0,,0,,0,,0,,0,,0,0,0,0,,1,26,29,1,10,953,Canada,951,Romania,12/07/2024,19:00,13,10,35,22,13,3,1146,TD Place,-1,NA,1,2023,14,14,Right Wing,0,,0,,1000761,Hollie Davidson,1001076,Kat Roche,1001022,Luke Rogan,-1,,3,International,N,L
870,941540,27035,Marius Simionescu,951,Romania,1816.16,1818.20,2654,1,37,2,53,4,4,Kick,188,Chip,198,Caught Full,185,Kick in Play,0,,0,,0,,0,,0,,0,,0,,16,16,0,0,,1,26,29,1,10,953,Canada,951,Romania,12/07/2024,19:00,13,10,35,22,13,3,1146,TD Place,-1,NA,1,2023,14,14,Right Wing,0,,0,,1000761,Hollie Davidson,1001076,Kat Roche,1001022,Luke Rogan,-1,,3,International,N,L
871,941540,0,,951,Romania,1813.72,1818.32,2656,1,31,6,53,3,15,Possession,311,Kick Return,351,Kick in Play,0,,684,Fails to enter into Opposition 22,0,,0,,0,,0,,0,,0,,23,0,0,0,,1,26,29,1,10,953,Canada,951,Romania,12/07/2024,19:00,13,10,35,22,13,3,1146,TD Place,-1,NA,1,2023,,,,0,,0,,1000761,Hollie Davidson,1001076,Kat Roche,1001022,Luke Rogan,-1,,3,International,N,L
872,941540,27035,Marius Simionescu,951,Romania,1818.20,1818.20,2656,1,53,4,0,0,18,Collection,271,Attacking Catch,278,Fail,0,,0,,0,,0,,0,,0,,0,,0,,0,0,0,0,,1,26,29,1,10,953,Canada,951,Romania,12/07/2024,19:00,13,10,35,22,13,3,1146,TD Place,-1,NA,1,2023,14,14,Right Wing,0,,0,,1000761,Hollie Davidson,1001076,Kat Roche,1001022,Luke Rogan,-1,,3,International,N,L
873,941540,64048,Talon McMullin,953,Canada,1818.32,1818.32,2656,1,47,65,0,0,18,Collection,273,Defensive Catch,277,Success,0,,0,,0,,0,,0,,0,,0,,0,,0,0,0,0,,1,27,29,1,10,953,Canada,951,Romania,12/07/2024,19:00,13,10,35,22,13,3,1146,TD Place,-1,NA,1,2023,12,12,Inside Centre,0,,0,,1000761,Hollie Davidson,1001076,Kat Roche,1001022,Luke Rogan,-1,,3,International,Y,W
874,941540,64048,Talon McMullin,953,Canada,1819.56,1820.32,2657,1,47,63,38,59,3,Pass,174,Incomplete,0,,679,Short Pass,681,Left Pass,700,0th Receiver,0,,0,,0,,0,,0,,4,9,8,0,,1,27,29,1,10,953,Canada,951,Romania,12/07/2024,19:00,13,10,35,22,13,3,1146,TD Place,-1,NA,1,2023,12,12,Inside Centre,0,,0,,1000761,Hollie Davidson,1001076,Kat Roche,1001022,Luke Rogan,-1,,3,International,Y,W
875,941540,38159,Jason Higgins,953,Canada,1820.32,1820.32,2658,1,38,59,0,0,8,Turnover,254,Dropped Ball Unforced,677,Error on Attack,0,,0,,0,,0,,0,,0,,0,,0,,0,0,0,0,,1,27,29,1,10,953,Canada,951,Romania,12/07/2024,19:00,13,10,35,22,13,3,1146,TD Place,-1,NA,1,2023,09,9,Scrum Half,0,,0,,1000761,Hollie Davidson,1001076,Kat Roche,1001022,Luke Rogan,-1,,3,International,Y,W
876,941540,0,,953,Canada,1818.32,1821.12,2659,1,47,65,38,62,15,Possession,311,Kick Return,318,Turnover,0,,684,Fails to enter into Opposition 22,0,,0,,0,,0,,0,,0,,-8,0,0,0,,1,27,29,1,10,953,Canada,951,Romania,12/07/2024,19:00,13,10,35,22,13,3,1146,TD Place,-1,NA,1,2023,,,,0,,0,,1000761,Hollie Davidson,1001076,Kat Roche,1001022,Luke Rogan,-1,,3,International,Y,W
877,941540,27035,Marius Simionescu,951,Romania,1821.12,1821.12,2659,1,62,6,0,0,18,Collection,274,Defensive Loose Ball,277,Success,0,,0,,0,,0,,0,,0,,0,,0,,0,0,0,0,,1,28,29,1,10,953,Canada,951,Romania,12/07/2024,19:00,13,10,35,22,13,3,1146,TD Place,-1,NA,1,2023,14,14,Right Wing,0,,0,,1000761,Hollie Davidson,1001076,Kat Roche,1001022,Luke Rogan,-1,,3,International,N,L
878,941540,27035,Marius Simionescu,951,Romania,1821.12,1823.40,2659,1,62,6,63,7,1,Carry,103,Other Carry,108,Tackled Neutral,109,Crossed Gain line,461,Neutral Contact,501,1 Tacklers Committed,700,0th Receiver,0,,0,,0,,0,,2,2,1,1,,1,28,29,1,10,953,Canada,951,Romania,12/07/2024,19:00,13,10,35,22,13,3,1146,TD Place,-1,NA,1,2023,14,14,Right Wing,0,,0,,1000761,Hollie Davidson,1001076,Kat Roche,1001022,Luke Rogan,-1,,3,International,N,L
879,941540,38159,Jason Higgins,953,Canada,1822.44,1822.44,2700,1,37,61,0,0,2,Tackle,147,Other,153,Complete,0,,474,Neutral Tackle,708,1st Tackler,0,,0,,0,,0,,0,,0,0,0,0,,1,28,29,1,10,953,Canada,951,Romania,12/07/2024,19:00,13,10,35,22,13,3,1146,TD Place,-1,NA,1,2023,09,9,Scrum Half,0,,0,,1000761,Hollie Davidson,1001076,Kat Roche,1001022,Luke Rogan,-1,,3,International,Y,W
880,941540,27035,Marius Simionescu,951,Romania,1823.40,1829.72,2701,1,63,7,0,0,23,Ruck,0,,403,Penalty Won,551,N/A Gainline,559,N/A Ruck Speed,676,N/A Movement Ruck,0,,0,,0,,0,,0,,0,0,0,0,,1,28,29,1,10,953,Canada,951,Romania,12/07/2024,19:00,13,10,35,22,13,3,1146,TD Place,-1,NA,1,2023,14,14,Right Wing,0,,0,,1000761,Hollie Davidson,1001076,Kat Roche,1001022,Luke Rogan,-1,,3,International,N,L
881,941540,64048,Talon McMullin,953,Canada,1823.68,1823.68,2701,1,37,61,0,0,43,Ruck OOA,578,Got Cleaned Out,583,Own Team 1st Entry,603,OOA Entry 1st Entry- Def,633,Defensive OOA,0,1,0,,0,,0,,0,,0,,0,0,0,0,,1,28,29,1,10,953,Canada,951,Romania,12/07/2024,19:00,13,10,35,22,13,3,1146,TD Place,-1,NA,1,2023,12,12,Inside Centre,0,,0,,1000761,Hollie Davidson,1001076,Kat Roche,1001022,Luke Rogan,-1,,3,International,Y,W
882,941540,29316,Nicolaas Immelman,951,Romania,1824.00,1824.00,2701,1,63,7,0,0,43,Ruck OOA,572,Cleaned Out,583,Own Team 1st Entry,588,OOA Entry 1st Entry- Att,632,Attacking OOA,0,1,0,,0,,0,,0,,0,,0,0,0,0,,1,28,29,1,10,953,Canada,951,Romania,12/07/2024,19:00,13,10,35,22,13,3,1146,TD Place,-1,NA,1,2023,08,8,Number 8,0,,0,,1000761,Hollie Davidson,1001076,Kat Roche,1001022,Luke Rogan,-1,,3,International,N,L
883,941540,33463,Paul Popoaia,951,Romania,1826.24,1826.24,2704,1,63,7,0,0,43,Ruck OOA,572,Cleaned Out,584,Own Team 2nd Entry,589,OOA Entry 2nd Entry- Att,632,Attacking OOA,0,2,0,,0,,0,,0,,0,,0,0,0,0,,1,28,29,1,10,953,Canada,951,Romania,12/07/2024,19:00,13,10,35,22,13,3,1146,TD Place,-1,NA,1,2023,15,15,Full Back,0,,0,,1000761,Hollie Davidson,1001076,Kat Roche,1001022,Luke Rogan,-1,,3,International,N,L
884,941540,27090,Conor Keys,953,Canada,1827.04,1827.04,2704,1,37,61,0,0,43,Ruck OOA,581,Penalty Conceded,584,Own Team 2nd Entry,604,OOA Entry 2nd Entry- Def,633,Defensive OOA,0,2,0,,0,,0,,0,,0,,0,0,0,0,,1,28,29,1,10,953,Canada,951,Romania,12/07/2024,19:00,13,10,35,22,13,3,1146,TD Place,-1,NA,1,2023,04,4,Lock (4),0,,0,,1000761,Hollie Davidson,1001076,Kat Roche,1001022,Luke Rogan,-1,,3,International,Y,W
885,941540,27090,Conor Keys,953,Canada,1827.12,1827.12,2705,1,37,61,0,0,7,Penalty Conceded,219,Offside,236,No Action,215,Defence,233,Full Penalty,443,Offside at Ruck - Def,0,,0,,0,,0,,0,,0,0,0,0,,1,28,29,1,10,953,Canada,951,Romania,12/07/2024,19:00,13,10,35,22,13,3,1146,TD Place,-1,NA,1,2023,04,4,Lock (4),0,,0,,1000761,Hollie Davidson,1001076,Kat Roche,1001022,Luke Rogan,-1,,3,International,Y,W
886,941540,0,,953,Canada,1789.88,1829.72,2707,1,50,34,37,61,26,Sequences,309,Scrum,316,Pen Won,0,,0,,0,,0,,0,,0,,0,,0,,-13,0,0,0,,1,28,29,1,10,953,Canada,951,Romania,12/07/2024,19:00,13,10,35,22,13,3,1146,TD Place,-1,NA,1,2023,,,,0,,0,,1000761,Hollie Davidson,1001076,Kat Roche,1001022,Luke Rogan,-1,,3,International,Y,W
887,941540,0,,951,Romania,1821.12,1829.72,2707,1,62,6,63,7,15,Possession,308,Turnover Won,316,Pen Won,0,,684,Fails to enter into Opposition 22,0,,0,,0,,0,,0,,0,,2,0,0,0,,1,28,29,1,10,953,Canada,951,Romania,12/07/2024,19:00,13,10,35,22,13,3,1146,TD Place,-1,NA,1,2023,,,,0,,0,,1000761,Hollie Davidson,1001076,Kat Roche,1001022,Luke Rogan,-1,,3,International,N,L
888,941540,57666,Alin Conache,951,Romania,1832.56,1832.56,2710,1,66,8,0,0,18,Collection,631,General Catch,0,,0,,0,,0,,0,,0,,0,,0,,0,,0,0,0,0,,1,29,30,1,10,953,Canada,951,Romania,12/07/2024,19:00,13,10,35,22,13,3,1146,TD Place,-1,NA,1,2023,09,9,Scrum Half,0,,0,,1000761,Hollie Davidson,1001076,Kat Roche,1001022,Luke Rogan,-1,,3,International,N,L
889,941540,57666,Alin Conache,951,Romania,1832.56,1833.84,2710,1,66,8,74,5,1,Carry,103,Other Carry,107,Tackled Dominant,109,Crossed Gain line,460,Dominant Contact,501,1 Tacklers Committed,700,0th Receiver,0,,0,,0,,0,,8,8,0,0,,1,29,30,1,10,953,Canada,951,Romania,12/07/2024,19:00,13,10,35,22,13,3,1146,TD Place,-1,NA,1,2023,09,9,Scrum Half,0,,0,,1000761,Hollie Davidson,1001076,Kat Roche,1001022,Luke Rogan,-1,,3,International,N,L
890,941540,28377,Andrew Coe,953,Canada,1833.96,1833.96,2711,1,26,63,0,0,7,Penalty Conceded,219,Offside,236,No Action,215,Defence,233,Full Penalty,444,Offside in General Play,0,,0,,0,,0,,0,,0,0,0,0,,1,29,30,1,10,953,Canada,951,Romania,12/07/2024,19:00,13,10,35,22,13,3,1146,TD Place,-1,NA,1,2023,14,14,Right Wing,0,,0,,1000761,Hollie Davidson,1001076,Kat Roche,1001022,Luke Rogan,-1,,3,International,Y,W
891,941540,28377,Andrew Coe,953,Canada,1834.08,1834.08,2711,1,26,63,0,0,2,Tackle,144,Line,160,Passive,0,,475,Ineffective Tackle,708,1st Tackler,0,,0,,0,,0,,0,,0,0,0,0,,1,29,30,1,10,953,Canada,951,Romania,12/07/2024,19:00,13,10,35,22,13,3,1146,TD Place,-1,NA,1,2023,14,14,Right Wing,0,,0,,1000761,Hollie Davidson,1001076,Kat Roche,1001022,Luke Rogan,-1,,3,International,Y,W
892,941540,0,,951,Romania,1831.76,1836.08,2713,1,66,8,74,5,15,Possession,310,Tap Pen,316,Pen Won,0,,684,Fails to enter into Opposition 22,0,,0,,0,,0,,0,,0,,8,0,0,0,,1,29,30,1,10,953,Canada,951,Romania,12/07/2024,19:00,13,10,35,22,13,3,1146,TD Place,-1,NA,1,2023,,,,0,,0,,1000761,Hollie Davidson,1001076,Kat Roche,1001022,Luke Rogan,-1,,3,International,N,L
893,941540,0,,951,Romania,1831.76,1836.08,2713,1,66,8,74,5,26,Sequences,310,Tap Pen,316,Pen Won,0,,0,,0,,0,,0,,0,,0,,0,,8,0,0,0,,1,29,30,1,10,953,Canada,951,Romania,12/07/2024,19:00,13,10,35,22,13,3,1146,TD Place,-1,NA,1,2023,,,,0,,0,,1000761,Hollie Davidson,1001076,Kat Roche,1001022,Luke Rogan,-1,,3,International,N,L
894,941540,27035,Marius Simionescu,951,Romania,1862.52,1863.72,2740,1,78,5,91,0,4,Kick,347,Touch Kick,193,Kick in Touch (Full),148,Penalty Kick,0,,0,,0,,0,,0,,0,,0,,13,14,0,0,,1,29,31,1,10,953,Canada,951,Romania,12/07/2024,19:00,13,10,35,22,13,3,1146,TD Place,-1,NA,1,2023,14,14,Right Wing,0,,0,,1000761,Hollie Davidson,1001076,Kat Roche,1001022,Luke Rogan,-1,,3,International,N,L
895,941540,0,,951,Romania,1862.52,1884.76,2740,1,78,5,90,0,46,Attacking 22 Entry,646,22 Entry Outcome - Turnover,0,,0,,0,,0,,0,,0,,0,,0,,0,,0,0,0,0,,1,29,31,1,10,953,Canada,951,Romania,12/07/2024,19:00,13,10,35,22,13,3,1146,TD Place,-1,NA,1,2023,,,,0,,0,,1000761,Hollie Davidson,1001076,Kat Roche,1001022,Luke Rogan,-1,,3,International,N,L
896,941540,0,,951,Romania,1862.52,1863.72,2741,1,78,5,91,0,26,Sequences,780,Penalty Kick Touch,415,Own Lineout,0,,0,,0,,0,,0,,0,,0,,0,,13,0,0,0,,1,29,31,1,10,953,Canada,951,Romania,12/07/2024,19:00,13,10,35,22,13,3,1146,TD Place,-1,NA,1,2023,,,,0,,0,,1000761,Hollie Davidson,1001076,Kat Roche,1001022,Luke Rogan,-1,,3,International,N,L
897,941540,39780,Stefan Buruiana,951,Romania,1884.76,1886.16,2802,1,90,0,90,8,6,Lineout Throw,371,Throw Front,382,Lost Clean,211,Off The Top,0,6+1,676,N/A Movement Lineout,731,6 Players,725,Forward at Halfback (+1),0,,0,,0,,8,0,0,0,,1,29,32,1,10,953,Canada,951,Romania,12/07/2024,19:00,13,10,35,22,13,3,1146,TD Place,-1,NA,1,2023,02,2,Hooker,0,,0,,1000761,Hollie Davidson,1001076,Kat Roche,1001022,Luke Rogan,-1,,3,International,N,L
898,941540,25181,Kyle Baillie,953,Canada,1886.16,1886.16,2804,1,10,60,0,0,27,Lineout Take,391,Lineout Steal Front,382,Lost Clean,211,Off The Top,398,Ineffective Tap,0,,0,,0,,0,,0,,0,,0,0,0,0,,1,30,32,1,10,953,Canada,951,Romania,12/07/2024,19:00,13,10,35,22,13,3,1146,TD Place,-1,NA,1,2023,05,5,Lock (5),0,,0,,1000761,Hollie Davidson,1001076,Kat Roche,1001022,Luke Rogan,-1,,3,International,Y,W
899,941540,25181,Kyle Baillie,953,Canada,1886.16,1887.76,2804,1,10,60,6,59,3,Pass,174,Incomplete,0,,679,Short Pass,681,Left Pass,700,0th Receiver,0,,0,,0,,0,,0,,1,4,4,0,,1,30,32,1,10,953,Canada,951,Romania,12/07/2024,19:00,13,10,35,22,13,3,1146,TD Place,-1,NA,1,2023,05,5,Lock (5),0,,0,,1000761,Hollie Davidson,1001076,Kat Roche,1001022,Luke Rogan,-1,,3,International,Y,W
900,941540,25183,Lucas Rumball,953,Canada,1887.76,1887.76,2805,1,6,59,0,0,18,Collection,274,Defensive Loose Ball,277,Success,0,,0,,0,,0,,0,,0,,0,,0,,0,0,0,0,,1,30,32,1,10,953,Canada,951,Romania,12/07/2024,19:00,13,10,35,22,13,3,1146,TD Place,-1,NA,1,2023,08,8,Number 8,0,,0,,1000761,Hollie Davidson,1001076,Kat Roche,1001022,Luke Rogan,-1,,3,International,Y,W
901,941540,0,,953,Canada,1887.76,1887.76,2805,1,6,59,0,0,45,Defensive Exits,630,Kicked out of 22,0,,0,,0,,0,,0,,0,,0,,0,,0,,0,0,0,0,,1,30,32,1,10,953,Canada,951,Romania,12/07/2024,19:00,13,10,35,22,13,3,1146,TD Place,-1,NA,1,2023,,,,0,,0,,1000761,Hollie Davidson,1001076,Kat Roche,1001022,Luke Rogan,-1,,3,International,Y,W
902,941540,25183,Lucas Rumball,953,Canada,1887.76,1891.36,2805,1,6,59,6,54,1,Carry,103,Other Carry,108,Tackled Neutral,110,Neutral Gain line,461,Neutral Contact,503,3 Tacklers Committed,701,1st Receiver,0,,0,,0,,0,,0,0,2,1,,1,30,32,1,10,953,Canada,951,Romania,12/07/2024,19:00,13,10,35,22,13,3,1146,TD Place,-1,NA,1,2023,08,8,Number 8,0,,0,,1000761,Hollie Davidson,1001076,Kat Roche,1001022,Luke Rogan,-1,,3,International,Y,W
903,941540,34051,Iulian Hartig,951,Romania,1888.84,1888.84,2806,1,96,12,0,0,2,Tackle,147,Other,161,Missed,0,,475,Ineffective Tackle,708,1st Tackler,0,,0,,0,,0,,0,,0,0,0,0,,1,30,32,1,10,953,Canada,951,Romania,12/07/2024,19:00,13,10,35,22,13,3,1146,TD Place,-1,NA,1,2023,01,1,Loosehead Prop,0,,0,,1000761,Hollie Davidson,1001076,Kat Roche,1001022,Luke Rogan,-1,,3,International,N,L
904,941540,34051,Iulian Hartig,951,Romania,1888.84,1888.84,2806,1,96,12,0,0,12,Missed Tackle,162,Bumped Off,166,Tackled,0,,0,,0,,0,,0,,0,,0,,0,,0,0,0,0,,1,30,32,1,10,953,Canada,951,Romania,12/07/2024,19:00,13,10,35,22,13,3,1146,TD Place,-1,NA,1,2023,01,1,Loosehead Prop,0,,0,,1000761,Hollie Davidson,1001076,Kat Roche,1001022,Luke Rogan,-1,,3,International,N,L
905,941540,25183,Lucas Rumball,953,Canada,1889.72,1889.72,2807,1,4,56,0,0,10,Attacking Qualities,116,Defender Beaten,0,,0,,0,,0,,0,,0,,0,,0,,0,,0,0,0,0,,1,30,32,1,10,953,Canada,951,Romania,12/07/2024,19:00,13,10,35,22,13,3,1146,TD Place,-1,NA,1,2023,08,8,Number 8,0,,0,,1000761,Hollie Davidson,1001076,Kat Roche,1001022,Luke Rogan,-1,,3,International,Y,W
906,941540,33151,Vlad Neculau,951,Romania,1889.92,1889.92,2807,1,95,14,0,0,2,Tackle,147,Other,153,Complete,441,Assist,474,Neutral Tackle,709,2nd Tackler,0,,0,,0,,0,,0,,0,0,0,0,,1,30,32,1,10,953,Canada,951,Romania,12/07/2024,19:00,13,10,35,22,13,3,1146,TD Place,-1,NA,1,2023,06,6,Blindside Flanker,0,,0,,1000761,Hollie Davidson,1001076,Kat Roche,1001022,Luke Rogan,-1,,3,International,N,L
907,941540,29316,Nicolaas Immelman,951,Romania,1890.00,1890.00,2807,1,95,14,0,0,2,Tackle,147,Other,153,Complete,441,Assist,474,Neutral Tackle,710,3rd Tackler,0,,0,,0,,0,,0,,0,0,0,0,,1,30,32,1,10,953,Canada,951,Romania,12/07/2024,19:00,13,10,35,22,13,3,1146,TD Place,-1,NA,1,2023,08,8,Number 8,0,,0,,1000761,Hollie Davidson,1001076,Kat Roche,1001022,Luke Rogan,-1,,3,International,N,L
908,941540,25181,Kyle Baillie,953,Canada,1891.00,1891.00,2808,1,5,54,0,0,10,Attacking Qualities,529,Snake,0,,0,,0,,0,,0,,0,,0,,0,,0,,0,0,0,0,,1,30,32,1,10,953,Canada,951,Romania,12/07/2024,19:00,13,10,35,22,13,3,1146,TD Place,-1,NA,1,2023,05,5,Lock (5),0,,0,,1000761,Hollie Davidson,1001076,Kat Roche,1001022,Luke Rogan,-1,,3,International,Y,W
909,941540,25183,Lucas Rumball,953,Canada,1891.36,1896.68,2809,1,6,54,0,0,23,Ruck,0,,401,Won Outright,551,N/A Gainline,557,5-6 Seconds,676,N/A Movement Ruck,0,,0,,0,,0,,0,,0,0,0,0,,1,30,32,1,10,953,Canada,951,Romania,12/07/2024,19:00,13,10,35,22,13,3,1146,TD Place,-1,NA,1,2023,08,8,Number 8,0,,0,,1000761,Hollie Davidson,1001076,Kat Roche,1001022,Luke Rogan,-1,,3,International,Y,W
910,941540,38465,Mason Flesch,953,Canada,1892.64,1892.64,2810,1,6,54,0,0,43,Ruck OOA,574,Secured,583,Own Team 1st Entry,588,OOA Entry 1st Entry- Att,632,Attacking OOA,0,1,0,,0,,0,,0,,0,,0,0,0,0,,1,30,32,1,10,953,Canada,951,Romania,12/07/2024,19:00,13,10,35,22,13,3,1146,TD Place,-1,NA,1,2023,06,6,Blindside Flanker,0,,0,,1000761,Hollie Davidson,1001076,Kat Roche,1001022,Luke Rogan,-1,,3,International,Y,W
911,941540,29377,Liam Murray,953,Canada,1893.60,1893.60,2811,1,6,54,0,0,43,Ruck OOA,574,Secured,584,Own Team 2nd Entry,589,OOA Entry 2nd Entry- Att,632,Attacking OOA,0,2,0,,0,,0,,0,,0,,0,0,0,0,,1,30,32,1,10,953,Canada,951,Romania,12/07/2024,19:00,13,10,35,22,13,3,1146,TD Place,-1,NA,1,2023,01,1,Loosehead Prop,0,,0,,1000761,Hollie Davidson,1001076,Kat Roche,1001022,Luke Rogan,-1,,3,International,Y,W
912,941540,34051,Iulian Hartig,951,Romania,1895.52,1895.52,2813,1,94,14,0,0,43,Ruck OOA,577,Not Clearing,583,Own Team 1st Entry,603,OOA Entry 1st Entry- Def,633,Defensive OOA,0,1,0,,0,,0,,0,,0,,0,0,0,0,,1,30,32,1,10,953,Canada,951,Romania,12/07/2024,19:00,13,10,35,22,13,3,1146,TD Place,-1,NA,1,2023,01,1,Loosehead Prop,0,,0,,1000761,Hollie Davidson,1001076,Kat Roche,1001022,Luke Rogan,-1,,3,International,N,L
913,941540,29383,Conor Young,953,Canada,1896.24,1896.24,2814,1,6,54,0,0,43,Ruck OOA,575,Attended,585,Own Team 3rd Entry,590,OOA Entry 3rd Entry- Att,632,Attacking OOA,0,3,0,,0,,0,,0,,0,,0,0,0,0,,1,30,32,1,10,953,Canada,951,Romania,12/07/2024,19:00,13,10,35,22,13,3,1146,TD Place,-1,NA,1,2023,03,3,Tighthead Prop,0,,0,,1000761,Hollie Davidson,1001076,Kat Roche,1001022,Luke Rogan,-1,,3,International,Y,W
914,941540,38159,Jason Higgins,953,Canada,1896.68,1896.68,2814,1,6,54,0,0,18,Collection,631,General Catch,0,,0,,0,,0,,0,,0,,0,,0,,0,,0,0,0,0,,2,30,32,1,10,953,Canada,951,Romania,12/07/2024,19:00,13,10,35,22,13,3,1146,TD Place,-1,NA,1,2023,09,9,Scrum Half,0,,0,,1000761,Hollie Davidson,1001076,Kat Roche,1001022,Luke Rogan,-1,,3,International,Y,W
915,941540,38159,Jason Higgins,953,Canada,1896.68,1896.68,2814,1,6,54,0,0,47,Playmaker Options,671,Halfback at Breakdown,674,Playmaker Option - Kick,0,,0,,0,,0,,0,,0,,0,,0,,0,0,0,0,,2,30,32,1,10,953,Canada,951,Romania,12/07/2024,19:00,13,10,35,22,13,3,1146,TD Place,-1,NA,1,2023,09,9,Scrum Half,0,,0,,1000761,Hollie Davidson,1001076,Kat Roche,1001022,Luke Rogan,-1,,3,International,Y,W
916,941540,38159,Jason Higgins,953,Canada,1897.40,1902.68,2815,1,6,54,33,66,4,Kick,346,Box,198,Caught Full,186,Kick in Play (Own 22),0,,0,,0,,0,,0,,0,,0,,28,30,0,0,,2,30,32,1,10,953,Canada,951,Romania,12/07/2024,19:00,13,10,35,22,13,3,1146,TD Place,-1,NA,1,2023,09,9,Scrum Half,0,,0,,1000761,Hollie Davidson,1001076,Kat Roche,1001022,Luke Rogan,-1,,3,International,Y,W
917,941540,0,,953,Canada,1886.16,1902.68,2820,1,10,60,33,66,15,Possession,348,Lineout Steal,351,Kick in Play,0,,684,Fails to enter into Opposition 22,0,,0,,0,,0,,0,,0,,24,0,0,0,,2,30,32,1,10,953,Canada,951,Romania,12/07/2024,19:00,13,10,35,22,13,3,1146,TD Place,-1,NA,1,2023,,,,0,,0,,1000761,Hollie Davidson,1001076,Kat Roche,1001022,Luke Rogan,-1,,3,International,Y,W
918,941540,57666,Alin Conache,951,Romania,1902.68,1902.68,2820,1,67,2,0,0,18,Collection,273,Defensive Catch,277,Success,0,,0,,0,,0,,0,,0,,0,,0,,0,0,0,0,,1,31,32,1,10,953,Canada,951,Romania,12/07/2024,19:00,13,10,35,22,13,3,1146,TD Place,-1,NA,1,2023,09,9,Scrum Half,0,,0,,1000761,Hollie Davidson,1001076,Kat Roche,1001022,Luke Rogan,-1,,3,International,N,L
919,941540,57666,Alin Conache,951,Romania,1902.88,1904.40,2820,1,67,2,58,16,3,Pass,169,Complete,0,,686,Medium Pass,682,Right Pass,700,0th Receiver,0,,0,,0,,0,,0,,14,17,9,0,,1,31,32,1,10,953,Canada,951,Romania,12/07/2024,19:00,13,10,35,22,13,3,1146,TD Place,-1,NA,1,2023,09,9,Scrum Half,0,,0,,1000761,Hollie Davidson,1001076,Kat Roche,1001022,Luke Rogan,-1,,3,International,N,L
920,941540,27035,Marius Simionescu,951,Romania,1904.40,1904.40,2822,1,58,16,0,0,18,Collection,631,General Catch,0,,0,,0,,0,,0,,0,,0,,0,,0,,0,0,0,0,,1,31,32,1,10,953,Canada,951,Romania,12/07/2024,19:00,13,10,35,22,13,3,1146,TD Place,-1,NA,1,2023,14,14,Right Wing,0,,0,,1000761,Hollie Davidson,1001076,Kat Roche,1001022,Luke Rogan,-1,,3,International,N,L
921,941540,27035,Marius Simionescu,951,Romania,1904.40,1907.36,2822,1,58,16,63,7,1,Carry,104,Kick Return,108,Tackled Neutral,111,Failed Gain line,461,Neutral Contact,502,2 Tacklers Committed,701,1st Receiver,0,,0,,0,,0,,0,5,1,1,,1,31,32,1,10,953,Canada,951,Romania,12/07/2024,19:00,13,10,35,22,13,3,1146,TD Place,-1,NA,1,2023,14,14,Right Wing,0,,0,,1000761,Hollie Davidson,1001076,Kat Roche,1001022,Luke Rogan,-1,,3,International,N,L
922,941540,28377,Andrew Coe,953,Canada,1906.84,1906.84,2824,1,38,60,0,0,2,Tackle,142,Chase,153,Complete,0,,474,Neutral Tackle,708,1st Tackler,0,,0,,0,,0,,0,,0,0,0,0,,1,31,32,1,10,953,Canada,951,Romania,12/07/2024,19:00,13,10,35,22,13,3,1146,TD Place,-1,NA,1,2023,14,14,Right Wing,0,,0,,1000761,Hollie Davidson,1001076,Kat Roche,1001022,Luke Rogan,-1,,3,International,Y,W
923,941540,56146,Ethan Fryer,953,Canada,1906.88,1906.88,2824,1,38,60,0,0,2,Tackle,142,Chase,153,Complete,441,Assist,474,Neutral Tackle,709,2nd Tackler,0,,0,,0,,0,,0,,0,0,0,0,,1,31,32,1,10,953,Canada,951,Romania,12/07/2024,19:00,13,10,35,22,13,3,1146,TD Place,-1,NA,1,2023,07,7,Openside Flanker,0,,0,,1000761,Hollie Davidson,1001076,Kat Roche,1001022,Luke Rogan,-1,,3,International,Y,W
924,941540,27035,Marius Simionescu,951,Romania,1907.36,1909.36,2825,1,63,7,0,0,23,Ruck,0,,401,Won Outright,551,N/A Gainline,553,1-2 Seconds,664,Close Right Open Movement Ruck,0,,0,,0,,0,,0,,0,0,0,8,,1,31,32,1,10,953,Canada,951,Romania,12/07/2024,19:00,13,10,35,22,13,3,1146,TD Place,-1,NA,1,2023,14,14,Right Wing,0,,0,,1000761,Hollie Davidson,1001076,Kat Roche,1001022,Luke Rogan,-1,,3,International,N,L
925,941540,56146,Ethan Fryer,953,Canada,1907.68,1907.68,2825,1,37,61,0,0,43,Ruck OOA,578,Got Cleaned Out,583,Own Team 1st Entry,603,OOA Entry 1st Entry- Def,633,Defensive OOA,0,1,0,,0,,0,,0,,0,,0,0,0,0,,1,31,32,1,10,953,Canada,951,Romania,12/07/2024,19:00,13,10,35,22,13,3,1146,TD Place,-1,NA,1,2023,07,7,Openside Flanker,0,,0,,1000761,Hollie Davidson,1001076,Kat Roche,1001022,Luke Rogan,-1,,3,International,Y,W
926,941540,34051,Iulian Hartig,951,Romania,1907.96,1907.96,2825,1,63,7,0,0,43,Ruck OOA,572,Cleaned Out,583,Own Team 1st Entry,588,OOA Entry 1st Entry- Att,632,Attacking OOA,0,1,0,,0,,0,,0,,0,,0,0,0,0,,1,31,32,1,10,953,Canada,951,Romania,12/07/2024,19:00,13,10,35,22,13,3,1146,TD Place,-1,NA,1,2023,01,1,Loosehead Prop,0,,0,,1000761,Hollie Davidson,1001076,Kat Roche,1001022,Luke Rogan,-1,,3,International,N,L
927,941540,63895,Yanis Horvat,951,Romania,1908.88,1908.88,2826,1,63,7,0,0,43,Ruck OOA,574,Secured,584,Own Team 2nd Entry,589,OOA Entry 2nd Entry- Att,632,Attacking OOA,0,2,0,,0,,0,,0,,0,,0,0,0,0,,1,31,32,1,10,953,Canada,951,Romania,12/07/2024,19:00,13,10,35,22,13,3,1146,TD Place,-1,NA,1,2023,04,4,Lock (4),0,,0,,1000761,Hollie Davidson,1001076,Kat Roche,1001022,Luke Rogan,-1,,3,International,N,L
928,941540,28377,Andrew Coe,953,Canada,1909.32,1909.32,2827,1,37,61,0,0,43,Ruck OOA,577,Not Clearing,584,Own Team 2nd Entry,604,OOA Entry 2nd Entry- Def,633,Defensive OOA,0,2,0,,0,,0,,0,,0,,0,0,0,0,,1,31,32,1,10,953,Canada,951,Romania,12/07/2024,19:00,13,10,35,22,13,3,1146,TD Place,-1,NA,1,2023,14,14,Right Wing,0,,0,,1000761,Hollie Davidson,1001076,Kat Roche,1001022,Luke Rogan,-1,,3,International,Y,W
929,941540,57666,Alin Conache,951,Romania,1909.36,1909.36,2827,1,63,7,0,0,18,Collection,631,General Catch,0,,0,,0,,0,,0,,0,,0,,0,,0,,0,0,0,0,,2,31,32,1,10,953,Canada,951,Romania,12/07/2024,19:00,13,10,35,22,13,3,1146,TD Place,-1,NA,1,2023,09,9,Scrum Half,0,,0,,1000761,Hollie Davidson,1001076,Kat Roche,1001022,Luke Rogan,-1,,3,International,N,L
930,941540,57666,Alin Conache,951,Romania,1909.36,1909.36,2827,1,63,7,0,0,47,Playmaker Options,671,Halfback at Breakdown,675,Playmaker Option - Pass,0,,0,,0,,0,,0,,0,,0,,0,,0,0,0,0,,2,31,32,1,10,953,Canada,951,Romania,12/07/2024,19:00,13,10,35,22,13,3,1146,TD Place,-1,NA,1,2023,09,9,Scrum Half,0,,0,,1000761,Hollie Davidson,1001076,Kat Roche,1001022,Luke Rogan,-1,,3,International,N,L
931,941540,57666,Alin Conache,951,Romania,1909.68,1911.60,2827,1,63,7,60,16,3,Pass,169,Complete,0,,686,Medium Pass,682,Right Pass,700,0th Receiver,0,,0,,0,,0,,0,,9,10,3,0,,2,31,32,1,10,953,Canada,951,Romania,12/07/2024,19:00,13,10,35,22,13,3,1146,TD Place,-1,NA,1,2023,09,9,Scrum Half,0,,0,,1000761,Hollie Davidson,1001076,Kat Roche,1001022,Luke Rogan,-1,,3,International,N,L
932,941540,39780,Stefan Buruiana,951,Romania,1911.60,1911.60,2829,1,60,16,0,0,18,Collection,631,General Catch,0,,0,,0,,0,,0,,0,,0,,0,,0,,0,0,0,0,,2,31,32,1,10,953,Canada,951,Romania,12/07/2024,19:00,13,10,35,22,13,3,1146,TD Place,-1,NA,1,2023,02,2,Hooker,0,,0,,1000761,Hollie Davidson,1001076,Kat Roche,1001022,Luke Rogan,-1,,3,International,N,L
933,941540,39780,Stefan Buruiana,951,Romania,1911.60,1911.60,2829,1,60,16,0,0,47,Playmaker Options,656,First Receiver,673,Playmaker Option - Carry,0,,0,,0,,0,,0,,0,,0,,0,,0,0,0,0,,2,31,32,1,10,953,Canada,951,Romania,12/07/2024,19:00,13,10,35,22,13,3,1146,TD Place,-1,NA,1,2023,02,2,Hooker,0,,0,,1000761,Hollie Davidson,1001076,Kat Roche,1001022,Luke Rogan,-1,,3,International,N,L
934,941540,39780,Stefan Buruiana,951,Romania,1911.60,1916.36,2829,1,60,16,62,15,1,Carry,101,One Out Drive,108,Tackled Neutral,110,Neutral Gain line,461,Neutral Contact,502,2 Tacklers Committed,701,1st Receiver,0,,0,,0,,0,,0,2,0,0,,2,31,32,1,10,953,Canada,951,Romania,12/07/2024,19:00,13,10,35,22,13,3,1146,TD Place,-1,NA,1,2023,02,2,Hooker,0,,0,,1000761,Hollie Davidson,1001076,Kat Roche,1001022,Luke Rogan,-1,,3,International,N,L
935,941540,29383,Conor Young,953,Canada,1914.88,1914.88,2832,1,38,52,0,0,2,Tackle,144,Line,153,Complete,0,,474,Neutral Tackle,708,1st Tackler,0,,0,,0,,0,,0,,0,0,0,0,,2,31,32,1,10,953,Canada,951,Romania,12/07/2024,19:00,13,10,35,22,13,3,1146,TD Place,-1,NA,1,2023,03,3,Tighthead Prop,0,,0,,1000761,Hollie Davidson,1001076,Kat Roche,1001022,Luke Rogan,-1,,3,International,Y,W
936,941540,25181,Kyle Baillie,953,Canada,1915.00,1915.00,2832,1,38,52,0,0,2,Tackle,144,Line,153,Complete,441,Assist,474,Neutral Tackle,709,2nd Tackler,0,,0,,0,,0,,0,,0,0,0,0,,2,31,32,1,10,953,Canada,951,Romania,12/07/2024,19:00,13,10,35,22,13,3,1146,TD Place,-1,NA,1,2023,05,5,Lock (5),0,,0,,1000761,Hollie Davidson,1001076,Kat Roche,1001022,Luke Rogan,-1,,3,International,Y,W
937,941540,39780,Stefan Buruiana,951,Romania,1916.36,1921.12,2834,1,62,15,0,0,23,Ruck,0,,401,Won Outright,550,Equal to Previous  Gainline,556,4-5 Seconds,664,Close Right Open Movement Ruck,0,,0,,0,,0,,0,,0,0,0,7,,2,31,32,1,10,953,Canada,951,Romania,12/07/2024,19:00,13,10,35,22,13,3,1146,TD Place,-1,NA,1,2023,02,2,Hooker,0,,0,,1000761,Hollie Davidson,1001076,Kat Roche,1001022,Luke Rogan,-1,,3,International,N,L
938,941540,29316,Nicolaas Immelman,951,Romania,1918.08,1918.08,2835,1,62,15,0,0,43,Ruck OOA,572,Cleaned Out,583,Own Team 1st Entry,588,OOA Entry 1st Entry- Att,632,Attacking OOA,0,1,0,,0,,0,,0,,0,,0,0,0,0,,2,31,32,1,10,953,Canada,951,Romania,12/07/2024,19:00,13,10,35,22,13,3,1146,TD Place,-1,NA,1,2023,08,8,Number 8,0,,0,,1000761,Hollie Davidson,1001076,Kat Roche,1001022,Luke Rogan,-1,,3,International,N,L
939,941540,34102,Vasile Balan,951,Romania,1920.00,1920.00,2837,1,62,15,0,0,43,Ruck OOA,574,Secured,584,Own Team 2nd Entry,589,OOA Entry 2nd Entry- Att,632,Attacking OOA,0,2,0,,0,,0,,0,,0,,0,0,0,0,,2,31,32,1,10,953,Canada,951,Romania,12/07/2024,19:00,13,10,35,22,13,3,1146,TD Place,-1,NA,1,2023,03,3,Tighthead Prop,0,,0,,1000761,Hollie Davidson,1001076,Kat Roche,1001022,Luke Rogan,-1,,3,International,N,L
940,941540,57666,Alin Conache,951,Romania,1921.12,1921.12,2839,1,63,15,0,0,18,Collection,631,General Catch,0,,0,,0,,0,,0,,0,,0,,0,,0,,0,0,0,0,,3,31,32,1,10,953,Canada,951,Romania,12/07/2024,19:00,13,10,35,22,13,3,1146,TD Place,-1,NA,1,2023,09,9,Scrum Half,0,,0,,1000761,Hollie Davidson,1001076,Kat Roche,1001022,Luke Rogan,-1,,3,International,N,L
941,941540,57666,Alin Conache,951,Romania,1921.12,1921.12,2839,1,63,15,0,0,47,Playmaker Options,671,Halfback at Breakdown,675,Playmaker Option - Pass,0,,0,,0,,0,,0,,0,,0,,0,,0,0,0,0,,3,31,32,1,10,953,Canada,951,Romania,12/07/2024,19:00,13,10,35,22,13,3,1146,TD Place,-1,NA,1,2023,09,9,Scrum Half,0,,0,,1000761,Hollie Davidson,1001076,Kat Roche,1001022,Luke Rogan,-1,,3,International,N,L
942,941540,57666,Alin Conache,951,Romania,1921.56,1922.96,2839,1,63,15,60,22,3,Pass,169,Complete,0,,686,Medium Pass,682,Right Pass,700,0th Receiver,0,,0,,0,,0,,0,,7,7,2,0,,3,31,32,1,10,953,Canada,951,Romania,12/07/2024,19:00,13,10,35,22,13,3,1146,TD Place,-1,NA,1,2023,09,9,Scrum Half,0,,0,,1000761,Hollie Davidson,1001076,Kat Roche,1001022,Luke Rogan,-1,,3,International,N,L
943,941540,36759,Dragos Ser,951,Romania,1922.96,1922.96,2840,1,60,22,0,0,18,Collection,631,General Catch,0,,0,,0,,0,,0,,0,,0,,0,,0,,0,0,0,0,,3,31,32,1,10,953,Canada,951,Romania,12/07/2024,19:00,13,10,35,22,13,3,1146,TD Place,-1,NA,1,2023,07,7,Openside Flanker,0,,0,,1000761,Hollie Davidson,1001076,Kat Roche,1001022,Luke Rogan,-1,,3,International,N,L
944,941540,36759,Dragos Ser,951,Romania,1922.96,1922.96,2840,1,60,22,0,0,47,Playmaker Options,656,First Receiver,673,Playmaker Option - Carry,0,,0,,0,,0,,0,,0,,0,,0,,0,0,0,0,,3,31,32,1,10,953,Canada,951,Romania,12/07/2024,19:00,13,10,35,22,13,3,1146,TD Place,-1,NA,1,2023,07,7,Openside Flanker,0,,0,,1000761,Hollie Davidson,1001076,Kat Roche,1001022,Luke Rogan,-1,,3,International,N,L
945,941540,36759,Dragos Ser,951,Romania,1922.96,1924.08,2840,1,60,22,62,22,1,Carry,101,One Out Drive,108,Tackled Neutral,110,Neutral Gain line,461,Neutral Contact,502,2 Tacklers Committed,701,1st Receiver,0,,0,,0,,0,,0,2,0,0,,3,31,32,1,10,953,Canada,951,Romania,12/07/2024,19:00,13,10,35,22,13,3,1146,TD Place,-1,NA,1,2023,07,7,Openside Flanker,0,,0,,1000761,Hollie Davidson,1001076,Kat Roche,1001022,Luke Rogan,-1,,3,International,N,L
946,941540,25183,Lucas Rumball,953,Canada,1923.80,1923.80,2841,1,38,46,0,0,2,Tackle,144,Line,153,Complete,0,,474,Neutral Tackle,708,1st Tackler,0,,0,,0,,0,,0,,0,0,0,0,,3,31,32,1,10,953,Canada,951,Romania,12/07/2024,19:00,13,10,35,22,13,3,1146,TD Place,-1,NA,1,2023,08,8,Number 8,0,,0,,1000761,Hollie Davidson,1001076,Kat Roche,1001022,Luke Rogan,-1,,3,International,Y,W
947,941540,56146,Ethan Fryer,953,Canada,1923.92,1923.92,2841,1,38,46,0,0,2,Tackle,144,Line,153,Complete,441,Assist,474,Neutral Tackle,709,2nd Tackler,0,,0,,0,,0,,0,,0,0,0,0,,3,31,32,1,10,953,Canada,951,Romania,12/07/2024,19:00,13,10,35,22,13,3,1146,TD Place,-1,NA,1,2023,07,7,Openside Flanker,0,,0,,1000761,Hollie Davidson,1001076,Kat Roche,1001022,Luke Rogan,-1,,3,International,Y,W
948,941540,36759,Dragos Ser,951,Romania,1924.08,1925.72,2841,1,62,22,0,0,23,Ruck,0,,401,Won Outright,550,Equal to Previous  Gainline,553,1-2 Seconds,662,Mid Right Open Movement Ruck,0,,0,,0,,0,,0,,0,0,0,18,,3,31,32,1,10,953,Canada,951,Romania,12/07/2024,19:00,13,10,35,22,13,3,1146,TD Place,-1,NA,1,2023,07,7,Openside Flanker,0,,0,,1000761,Hollie Davidson,1001076,Kat Roche,1001022,Luke Rogan,-1,,3,International,N,L
949,941540,25183,Lucas Rumball,953,Canada,1924.40,1924.40,2842,1,38,46,0,0,43,Ruck OOA,578,Got Cleaned Out,583,Own Team 1st Entry,603,OOA Entry 1st Entry- Def,633,Defensive OOA,0,1,0,,0,,0,,0,,0,,0,0,0,0,,3,31,32,1,10,953,Canada,951,Romania,12/07/2024,19:00,13,10,35,22,13,3,1146,TD Place,-1,NA,1,2023,08,8,Number 8,0,,0,,1000761,Hollie Davidson,1001076,Kat Roche,1001022,Luke Rogan,-1,,3,International,Y,W
950,941540,56146,Ethan Fryer,953,Canada,1924.48,1924.48,2842,1,38,46,0,0,43,Ruck OOA,578,Got Cleaned Out,584,Own Team 2nd Entry,604,OOA Entry 2nd Entry- Def,633,Defensive OOA,0,2,0,,0,,0,,0,,0,,0,0,0,0,,3,31,32,1,10,953,Canada,951,Romania,12/07/2024,19:00,13,10,35,22,13,3,1146,TD Place,-1,NA,1,2023,07,7,Openside Flanker,0,,0,,1000761,Hollie Davidson,1001076,Kat Roche,1001022,Luke Rogan,-1,,3,International,Y,W
951,941540,33151,Vlad Neculau,951,Romania,1925.12,1925.12,2843,1,62,22,0,0,43,Ruck OOA,572,Cleaned Out,583,Own Team 1st Entry,588,OOA Entry 1st Entry- Att,632,Attacking OOA,0,1,0,,0,,0,,0,,0,,0,0,0,0,,3,31,32,1,10,953,Canada,951,Romania,12/07/2024,19:00,13,10,35,22,13,3,1146,TD Place,-1,NA,1,2023,06,6,Blindside Flanker,0,,0,,1000761,Hollie Davidson,1001076,Kat Roche,1001022,Luke Rogan,-1,,3,International,N,L
952,941540,34051,Iulian Hartig,951,Romania,1925.32,1925.32,2843,1,62,22,0,0,43,Ruck OOA,572,Cleaned Out,584,Own Team 2nd Entry,589,OOA Entry 2nd Entry- Att,632,Attacking OOA,0,2,0,,0,,0,,0,,0,,0,0,0,0,,3,31,32,1,10,953,Canada,951,Romania,12/07/2024,19:00,13,10,35,22,13,3,1146,TD Place,-1,NA,1,2023,01,1,Loosehead Prop,0,,0,,1000761,Hollie Davidson,1001076,Kat Roche,1001022,Luke Rogan,-1,,3,International,N,L
953,941540,57666,Alin Conache,951,Romania,1925.72,1925.72,2843,1,62,22,0,0,18,Collection,631,General Catch,0,,0,,0,,0,,0,,0,,0,,0,,0,,0,0,0,0,,4,31,32,1,10,953,Canada,951,Romania,12/07/2024,19:00,13,10,35,22,13,3,1146,TD Place,-1,NA,1,2023,09,9,Scrum Half,0,,0,,1000761,Hollie Davidson,1001076,Kat Roche,1001022,Luke Rogan,-1,,3,International,N,L
954,941540,57666,Alin Conache,951,Romania,1925.72,1925.72,2843,1,62,22,0,0,47,Playmaker Options,671,Halfback at Breakdown,675,Playmaker Option - Pass,0,,0,,0,,0,,0,,0,,0,,0,,0,0,0,0,,4,31,32,1,10,953,Canada,951,Romania,12/07/2024,19:00,13,10,35,22,13,3,1146,TD Place,-1,NA,1,2023,09,9,Scrum Half,0,,0,,1000761,Hollie Davidson,1001076,Kat Roche,1001022,Luke Rogan,-1,,3,International,N,L
955,941540,57666,Alin Conache,951,Romania,1926.00,1928.48,2843,1,62,22,58,31,3,Pass,169,Complete,0,,686,Medium Pass,682,Right Pass,700,0th Receiver,0,,0,,0,,0,,0,,9,10,4,0,,4,31,32,1,10,953,Canada,951,Romania,12/07/2024,19:00,13,10,35,22,13,3,1146,TD Place,-1,NA,1,2023,09,9,Scrum Half,0,,0,,1000761,Hollie Davidson,1001076,Kat Roche,1001022,Luke Rogan,-1,,3,International,N,L
956,941540,63895,Yanis Horvat,951,Romania,1928.48,1928.48,2846,1,58,31,0,0,18,Collection,631,General Catch,0,,0,,0,,0,,0,,0,,0,,0,,0,,0,0,0,0,,4,31,32,1,10,953,Canada,951,Romania,12/07/2024,19:00,13,10,35,22,13,3,1146,TD Place,-1,NA,1,2023,04,4,Lock (4),0,,0,,1000761,Hollie Davidson,1001076,Kat Roche,1001022,Luke Rogan,-1,,3,International,N,L
957,941540,63895,Yanis Horvat,951,Romania,1928.48,1928.48,2846,1,58,31,0,0,47,Playmaker Options,656,First Receiver,673,Playmaker Option - Carry,0,,0,,0,,0,,0,,0,,0,,0,,0,0,0,0,,4,31,32,1,10,953,Canada,951,Romania,12/07/2024,19:00,13,10,35,22,13,3,1146,TD Place,-1,NA,1,2023,04,4,Lock (4),0,,0,,1000761,Hollie Davidson,1001076,Kat Roche,1001022,Luke Rogan,-1,,3,International,N,L
958,941540,63895,Yanis Horvat,951,Romania,1928.48,1929.60,2846,1,58,31,62,40,1,Carry,101,One Out Drive,108,Tackled Neutral,110,Neutral Gain line,461,Neutral Contact,502,2 Tacklers Committed,701,1st Receiver,0,,0,,0,,0,,0,4,1,1,,4,31,32,1,10,953,Canada,951,Romania,12/07/2024,19:00,13,10,35,22,13,3,1146,TD Place,-1,NA,1,2023,04,4,Lock (4),0,,0,,1000761,Hollie Davidson,1001076,Kat Roche,1001022,Luke Rogan,-1,,3,International,N,L
959,941540,38465,Mason Flesch,953,Canada,1928.88,1928.88,2846,1,39,30,0,0,2,Tackle,144,Line,153,Complete,0,,474,Neutral Tackle,708,1st Tackler,0,,0,,0,,0,,0,,0,0,0,0,,4,31,32,1,10,953,Canada,951,Romania,12/07/2024,19:00,13,10,35,22,13,3,1146,TD Place,-1,NA,1,2023,06,6,Blindside Flanker,0,,0,,1000761,Hollie Davidson,1001076,Kat Roche,1001022,Luke Rogan,-1,,3,International,Y,W
960,941540,29377,Liam Murray,953,Canada,1929.04,1929.04,2846,1,39,30,0,0,2,Tackle,144,Line,153,Complete,441,Assist,474,Neutral Tackle,709,2nd Tackler,0,,0,,0,,0,,0,,0,0,0,0,,4,31,32,1,10,953,Canada,951,Romania,12/07/2024,19:00,13,10,35,22,13,3,1146,TD Place,-1,NA,1,2023,01,1,Loosehead Prop,0,,0,,1000761,Hollie Davidson,1001076,Kat Roche,1001022,Luke Rogan,-1,,3,International,Y,W
961,941540,63895,Yanis Horvat,951,Romania,1929.60,1931.76,2847,1,62,40,0,0,23,Ruck,0,,401,Won Outright,550,Equal to Previous  Gainline,554,2-3 Seconds,662,Mid Right Open Movement Ruck,0,,0,,0,,0,,0,,0,0,1,17,,4,31,32,1,10,953,Canada,951,Romania,12/07/2024,19:00,13,10,35,22,13,3,1146,TD Place,-1,NA,1,2023,04,4,Lock (4),0,,0,,1000761,Hollie Davidson,1001076,Kat Roche,1001022,Luke Rogan,-1,,3,International,N,L
962,941540,23278,Andrei Mahu,951,Romania,1931.72,1931.72,2849,1,62,40,0,0,43,Ruck OOA,574,Secured,583,Own Team 1st Entry,588,OOA Entry 1st Entry- Att,632,Attacking OOA,0,1,0,,0,,0,,0,,0,,0,0,0,0,,4,31,32,1,10,953,Canada,951,Romania,12/07/2024,19:00,13,10,35,22,13,3,1146,TD Place,-1,NA,1,2023,05,5,Lock (5),0,,0,,1000761,Hollie Davidson,1001076,Kat Roche,1001022,Luke Rogan,-1,,3,International,N,L
963,941540,57666,Alin Conache,951,Romania,1931.76,1931.76,2849,1,62,40,0,0,18,Collection,631,General Catch,0,,0,,0,,0,,0,,0,,0,,0,,0,,0,0,0,0,,5,31,32,1,10,953,Canada,951,Romania,12/07/2024,19:00,13,10,35,22,13,3,1146,TD Place,-1,NA,1,2023,09,9,Scrum Half,0,,0,,1000761,Hollie Davidson,1001076,Kat Roche,1001022,Luke Rogan,-1,,3,International,N,L
964,941540,57666,Alin Conache,951,Romania,1931.76,1931.76,2849,1,62,40,0,0,47,Playmaker Options,671,Halfback at Breakdown,675,Playmaker Option - Pass,0,,0,,0,,0,,0,,0,,0,,0,,0,0,0,0,,5,31,32,1,10,953,Canada,951,Romania,12/07/2024,19:00,13,10,35,22,13,3,1146,TD Place,-1,NA,1,2023,09,9,Scrum Half,0,,0,,1000761,Hollie Davidson,1001076,Kat Roche,1001022,Luke Rogan,-1,,3,International,N,L
965,941540,57666,Alin Conache,951,Romania,1932.08,1933.24,2849,1,62,40,59,50,3,Pass,169,Complete,0,,686,Medium Pass,682,Right Pass,700,0th Receiver,0,,0,,0,,0,,0,,11,11,3,0,,5,31,32,1,10,953,Canada,951,Romania,12/07/2024,19:00,13,10,35,22,13,3,1146,TD Place,-1,NA,1,2023,09,9,Scrum Half,0,,0,,1000761,Hollie Davidson,1001076,Kat Roche,1001022,Luke Rogan,-1,,3,International,N,L
966,941540,27747,Hinckley Vaovasa,951,Romania,1933.24,1933.24,2851,1,59,50,0,0,18,Collection,631,General Catch,0,,0,,0,,0,,0,,0,,0,,0,,0,,0,0,0,0,,5,31,32,1,10,953,Canada,951,Romania,12/07/2024,19:00,13,10,35,22,13,3,1146,TD Place,-1,NA,1,2023,10,10,Fly Half,0,,0,,1000761,Hollie Davidson,1001076,Kat Roche,1001022,Luke Rogan,-1,,3,International,N,L
967,941540,27747,Hinckley Vaovasa,951,Romania,1933.24,1933.24,2851,1,59,50,0,0,47,Playmaker Options,656,First Receiver,675,Playmaker Option - Pass,0,,0,,0,,0,,0,,0,,0,,0,,0,0,0,0,,5,31,32,1,10,953,Canada,951,Romania,12/07/2024,19:00,13,10,35,22,13,3,1146,TD Place,-1,NA,1,2023,10,10,Fly Half,0,,0,,1000761,Hollie Davidson,1001076,Kat Roche,1001022,Luke Rogan,-1,,3,International,N,L
968,941540,27747,Hinckley Vaovasa,951,Romania,1933.28,1934.36,2851,1,60,50,59,55,3,Pass,169,Complete,0,,679,Short Pass,682,Right Pass,701,1st Receiver,0,,0,,0,,0,,0,,4,5,1,0,,5,31,32,1,10,953,Canada,951,Romania,12/07/2024,19:00,13,10,35,22,13,3,1146,TD Place,-1,NA,1,2023,10,10,Fly Half,0,,0,,1000761,Hollie Davidson,1001076,Kat Roche,1001022,Luke Rogan,-1,,3,International,N,L
969,941540,20983,Tevita Manumua,951,Romania,1934.36,1934.36,2852,1,59,55,0,0,18,Collection,631,General Catch,0,,0,,0,,0,,0,,0,,0,,0,,0,,0,0,0,0,,5,31,32,1,10,953,Canada,951,Romania,12/07/2024,19:00,13,10,35,22,13,3,1146,TD Place,-1,NA,1,2023,11,11,Left Wing,0,,0,,1000761,Hollie Davidson,1001076,Kat Roche,1001022,Luke Rogan,-1,,3,International,N,L
970,941540,20983,Tevita Manumua,951,Romania,1934.36,1934.36,2852,1,59,55,0,0,47,Playmaker Options,657,Second Receiver,673,Playmaker Option - Carry,0,,0,,0,,0,,0,,0,,0,,0,,0,0,0,0,,5,31,32,1,10,953,Canada,951,Romania,12/07/2024,19:00,13,10,35,22,13,3,1146,TD Place,-1,NA,1,2023,11,11,Left Wing,0,,0,,1000761,Hollie Davidson,1001076,Kat Roche,1001022,Luke Rogan,-1,,3,International,N,L
971,941540,20983,Tevita Manumua,951,Romania,1934.36,1936.32,2852,1,59,55,63,56,1,Carry,103,Other Carry,108,Tackled Neutral,110,Neutral Gain line,461,Neutral Contact,502,2 Tacklers Committed,702,2nd Receiver,0,,0,,0,,0,,1,4,1,1,,5,31,32,1,10,953,Canada,951,Romania,12/07/2024,19:00,13,10,35,22,13,3,1146,TD Place,-1,NA,1,2023,11,11,Left Wing,0,,0,,1000761,Hollie Davidson,1001076,Kat Roche,1001022,Luke Rogan,-1,,3,International,N,L
972,941540,38501,Nic Benn,953,Canada,1935.12,1935.12,2853,1,38,13,0,0,2,Tackle,146,Edge,157,Pen Conceded,0,,474,Neutral Tackle,708,1st Tackler,0,,0,,0,,0,,0,,0,0,0,0,,5,31,32,1,10,953,Canada,951,Romania,12/07/2024,19:00,13,10,35,22,13,3,1146,TD Place,-1,NA,1,2023,11,11,Left Wing,0,,0,,1000761,Hollie Davidson,1001076,Kat Roche,1001022,Luke Rogan,-1,,3,International,Y,W
973,941540,25195,Ben LeSage,953,Canada,1935.92,1935.92,2853,1,38,13,0,0,2,Tackle,144,Line,153,Complete,441,Assist,474,Neutral Tackle,709,2nd Tackler,0,,0,,0,,0,,0,,0,0,0,0,,5,31,32,1,10,953,Canada,951,Romania,12/07/2024,19:00,13,10,35,22,13,3,1146,TD Place,-1,NA,1,2023,13,13,Outside Centre,0,,0,,1000761,Hollie Davidson,1001076,Kat Roche,1001022,Luke Rogan,-1,,3,International,Y,W
974,941540,20983,Tevita Manumua,951,Romania,1936.32,1942.16,2854,1,63,56,0,0,23,Ruck,0,,403,Penalty Won,548,Over Previous Gainline,559,N/A Ruck Speed,676,N/A Movement Ruck,0,,0,,0,,0,,0,,0,0,0,0,,5,31,32,1,10,953,Canada,951,Romania,12/07/2024,19:00,13,10,35,22,13,3,1146,TD Place,-1,NA,1,2023,11,11,Left Wing,0,,0,,1000761,Hollie Davidson,1001076,Kat Roche,1001022,Luke Rogan,-1,,3,International,N,L
975,941540,33463,Paul Popoaia,951,Romania,1936.96,1936.96,2854,1,63,56,0,0,43,Ruck OOA,574,Secured,583,Own Team 1st Entry,588,OOA Entry 1st Entry- Att,632,Attacking OOA,0,1,0,,0,,0,,0,,0,,0,0,0,0,,5,31,32,1,10,953,Canada,951,Romania,12/07/2024,19:00,13,10,35,22,13,3,1146,TD Place,-1,NA,1,2023,15,15,Full Back,0,,0,,1000761,Hollie Davidson,1001076,Kat Roche,1001022,Luke Rogan,-1,,3,International,N,L
976,941540,60960,Mihai Graure,951,Romania,1937.96,1937.96,2855,1,63,56,0,0,43,Ruck OOA,574,Secured,584,Own Team 2nd Entry,589,OOA Entry 2nd Entry- Att,632,Attacking OOA,0,2,0,,0,,0,,0,,0,,0,0,0,0,,5,31,32,1,10,953,Canada,951,Romania,12/07/2024,19:00,13,10,35,22,13,3,1146,TD Place,-1,NA,1,2023,13,13,Outside Centre,0,,0,,1000761,Hollie Davidson,1001076,Kat Roche,1001022,Luke Rogan,-1,,3,International,N,L
977,941540,25189,Andrew Quattrin,953,Canada,1938.16,1938.16,2856,1,38,12,0,0,43,Ruck OOA,576,Nuisance,583,Own Team 1st Entry,603,OOA Entry 1st Entry- Def,633,Defensive OOA,0,1,0,,0,,0,,0,,0,,0,0,0,0,,5,31,32,1,10,953,Canada,951,Romania,12/07/2024,19:00,13,10,35,22,13,3,1146,TD Place,-1,NA,1,2023,02,2,Hooker,0,,0,,1000761,Hollie Davidson,1001076,Kat Roche,1001022,Luke Rogan,-1,,3,International,Y,W
978,941540,25195,Ben LeSage,953,Canada,1940.00,1940.00,2857,1,38,12,0,0,43,Ruck OOA,576,Nuisance,584,Own Team 2nd Entry,604,OOA Entry 2nd Entry- Def,633,Defensive OOA,0,2,0,,0,,0,,0,,0,,0,0,0,0,,5,31,32,1,10,953,Canada,951,Romania,12/07/2024,19:00,13,10,35,22,13,3,1146,TD Place,-1,NA,1,2023,13,13,Outside Centre,0,,0,,1000761,Hollie Davidson,1001076,Kat Roche,1001022,Luke Rogan,-1,,3,International,Y,W
979,941540,38501,Nic Benn,953,Canada,1940.48,1940.48,2858,1,38,12,0,0,7,Penalty Conceded,225,Not Rolling Away,236,No Action,215,Defence,233,Full Penalty,0,,0,,0,,0,,0,,0,,0,0,0,0,,5,31,32,1,10,953,Canada,951,Romania,12/07/2024,19:00,13,10,35,22,13,3,1146,TD Place,-1,NA,1,2023,11,11,Left Wing,0,,0,,1000761,Hollie Davidson,1001076,Kat Roche,1001022,Luke Rogan,-1,,3,International,Y,W
980,941540,0,,951,Romania,1884.76,1942.16,2900,1,90,0,63,56,26,Sequences,348,Lineout Steal,316,Pen Won,0,,0,,0,,0,,0,,0,,0,,0,,-28,0,0,0,,5,31,32,1,10,953,Canada,951,Romania,12/07/2024,19:00,13,10,35,22,13,3,1146,TD Place,-1,NA,1,2023,,,,0,,0,,1000761,Hollie Davidson,1001076,Kat Roche,1001022,Luke Rogan,-1,,3,International,N,L
981,941540,0,,951,Romania,1902.68,1942.16,2900,1,67,2,63,56,15,Possession,311,Kick Return,316,Pen Won,0,,684,Fails to enter into Opposition 22,0,,0,,0,,0,,0,,0,,-4,0,0,0,,5,31,32,1,10,953,Canada,951,Romania,12/07/2024,19:00,13,10,35,22,13,3,1146,TD Place,-1,NA,1,2023,,,,0,,0,,1000761,Hollie Davidson,1001076,Kat Roche,1001022,Luke Rogan,-1,,3,International,N,L
982,941540,27035,Marius Simionescu,951,Romania,1970.28,1971.96,2928,1,64,59,95,68,4,Kick,347,Touch Kick,193,Kick in Touch (Full),148,Penalty Kick,0,,0,,0,,0,,0,,0,,0,,32,33,0,0,,1,31,33,1,10,953,Canada,951,Romania,12/07/2024,19:00,13,10,35,22,13,3,1146,TD Place,-1,NA,1,2023,14,14,Right Wing,0,,0,,1000761,Hollie Davidson,1001076,Kat Roche,1001022,Luke Rogan,-1,,3,International,N,L
983,941540,0,,951,Romania,1970.28,1971.96,2929,1,64,59,95,68,26,Sequences,780,Penalty Kick Touch,415,Own Lineout,0,,0,,0,,0,,0,,0,,0,,0,,32,0,0,0,,1,31,33,1,10,953,Canada,951,Romania,12/07/2024,19:00,13,10,35,22,13,3,1146,TD Place,-1,NA,1,2023,,,,0,,0,,1000761,Hollie Davidson,1001076,Kat Roche,1001022,Luke Rogan,-1,,3,International,N,L
984,941540,39780,Stefan Buruiana,951,Romania,1999.56,2000.64,2957,1,94,67,94,58,6,Lineout Throw,371,Throw Front,376,Won Clean Catch,207,Catch and Drive,0,6+1,670,Tight Right Blindside Movement Lineout,731,6 Players,725,Forward at Halfback (+1),0,,0,,0,,9,0,0,0,,1,32,34,1,10,953,Canada,951,Romania,12/07/2024,19:00,13,10,35,22,13,3,1146,TD Place,-1,NA,1,2023,02,2,Hooker,0,,0,,1000761,Hollie Davidson,1001076,Kat Roche,1001022,Luke Rogan,-1,,3,International,N,L
985,941540,0,,951,Romania,1999.56,2018.60,2957,1,94,67,101,58,46,Attacking 22 Entry,645,22 Entry Outcome - Try,650,22 Entry Points - Try and Conversion,0,,0,,0,,0,,0,,0,,0,,0,,0,0,0,0,,1,32,34,1,10,953,Canada,951,Romania,12/07/2024,19:00,13,10,35,22,13,3,1146,TD Place,-1,NA,1,2023,,,,0,,0,,1000761,Hollie Davidson,1001076,Kat Roche,1001022,Luke Rogan,-1,,3,International,N,L
986,941540,23278,Andrei Mahu,951,Romania,2000.64,2000.64,2958,1,94,58,0,0,27,Lineout Take,386,Lineout Win Front,376,Won Clean,207,Catch and Drive,396,Clean Catch,0,,0,,0,,0,,0,,0,,0,0,0,0,,1,32,34,1,10,953,Canada,951,Romania,12/07/2024,19:00,13,10,35,22,13,3,1146,TD Place,-1,NA,1,2023,05,5,Lock (5),0,,0,,1000761,Hollie Davidson,1001076,Kat Roche,1001022,Luke Rogan,-1,,3,International,N,L
987,941540,23278,Andrei Mahu,951,Romania,2001.96,2018.44,2959,1,94,58,0,0,24,Maul,0,,405,Try Scored,0,,0,,667,Tight Left Open Movement Maul,0,,0,,0,,0,,0,,5,5,1,1,,1,32,34,1,10,953,Canada,951,Romania,12/07/2024,19:00,13,10,35,22,13,3,1146,TD Place,-1,NA,1,2023,05,5,Lock (5),0,,0,,1000761,Hollie Davidson,1001076,Kat Roche,1001022,Luke Rogan,-1,,3,International,N,L
988,941540,0,,951,Romania,1999.56,2019.04,3016,1,94,67,101,58,15,Possession,306,Lineout,314,Try,0,,685,Starts inside Opposition 22,0,,0,,0,,0,,0,,0,,6,0,0,0,,1,32,34,1,10,953,Canada,951,Romania,12/07/2024,19:00,13,10,35,22,13,3,1146,TD Place,-1,NA,1,2023,,,,0,,0,,1000761,Hollie Davidson,1001076,Kat Roche,1001022,Luke Rogan,-1,,3,International,N,L
989,941540,0,,951,Romania,1999.56,2019.04,3016,1,94,67,101,58,26,Sequences,306,Lineout,314,Try,0,,0,,0,,0,,0,,0,,0,,0,,6,0,0,0,,1,32,34,1,10,953,Canada,951,Romania,12/07/2024,19:00,13,10,35,22,13,3,1146,TD Place,-1,NA,1,2023,,,,0,,0,,1000761,Hollie Davidson,1001076,Kat Roche,1001022,Luke Rogan,-1,,3,International,N,L
990,941540,33151,Vlad Neculau,951,Romania,2018.44,2018.44,3016,1,99,59,0,0,18,Collection,631,General Catch,0,,0,,0,,0,,0,,0,,0,,0,,0,,0,0,0,0,,1,32,34,1,10,953,Canada,951,Romania,12/07/2024,19:00,13,10,35,22,13,3,1146,TD Place,-1,NA,1,2023,06,6,Blindside Flanker,0,,0,,1000761,Hollie Davidson,1001076,Kat Roche,1001022,Luke Rogan,-1,,3,International,N,L
991,941540,33151,Vlad Neculau,951,Romania,2018.44,2018.44,3016,1,99,59,0,0,47,Playmaker Options,672,Acting Halfback at Breakdown,673,Playmaker Option - Carry,0,,0,,0,,0,,0,,0,,0,,0,,0,0,0,0,,1,32,34,1,10,953,Canada,951,Romania,12/07/2024,19:00,13,10,35,22,13,3,1146,TD Place,-1,NA,1,2023,06,6,Blindside Flanker,0,,0,,1000761,Hollie Davidson,1001076,Kat Roche,1001022,Luke Rogan,-1,,3,International,N,L
992,941540,33151,Vlad Neculau,951,Romania,2018.44,2018.60,3016,1,99,59,101,58,1,Carry,103,Other Carry,117,Try Scored,109,Crossed Gain line,0,,500,0 Tacklers Committed,700,0th Receiver,0,,0,,0,,0,,1,2,0,0,,1,32,34,1,10,953,Canada,951,Romania,12/07/2024,19:00,13,10,35,22,13,3,1146,TD Place,-1,NA,1,2023,06,6,Blindside Flanker,0,,0,,1000761,Hollie Davidson,1001076,Kat Roche,1001022,Luke Rogan,-1,,3,International,N,L
993,941540,33151,Vlad Neculau,951,Romania,2018.60,2018.60,3016,1,101,58,0,0,9,Try,0,Try,0,,0,,0,,0,,0,,0,,0,,0,,0,,0,0,0,0,,1,32,34,1,5,953,Canada,951,Romania,12/07/2024,19:00,13,10,35,22,13,3,1146,TD Place,-1,NA,1,2023,06,6,Blindside Flanker,0,,0,,1000761,Hollie Davidson,1001076,Kat Roche,1001022,Luke Rogan,-1,,3,International,N,L
994,941540,57666,Alin Conache,951,Romania,2099.56,2102.36,3137,1,76,58,106,27,11,Goal Kick,295,Conversion,299,Goal Kicked,0,,0,,0,,0,,0,,0,,0,,0,,24,34,0,0,,1,32,35,1,3,953,Canada,951,Romania,12/07/2024,19:00,13,10,35,22,13,8,1146,TD Place,-1,NA,1,2023,09,9,Scrum Half,0,,0,,1000761,Hollie Davidson,1001076,Kat Roche,1001022,Luke Rogan,-1,,3,International,N,L
995,941540,19391,Peter Nelson,953,Canada,2126.00,2129.48,3203,1,49,33,78,51,14,Restart,281,50m Restart,286,Restart Opp Collection,288,Long,753,Kicked Right,0,,0,,0,,0,,0,,0,,29,34,19,0,,1,32,36,1,3,953,Canada,951,Romania,12/07/2024,19:00,13,10,35,22,13,10,1146,TD Place,-1,NA,1,2023,10,10,Fly Half,0,,0,,1000761,Hollie Davidson,1001076,Kat Roche,1001022,Luke Rogan,-1,,3,International,Y,W
996,941540,27035,Marius Simionescu,951,Romania,2129.48,2129.48,3207,1,22,17,0,0,18,Collection,275,Restart Catch,277,Success,0,,0,,0,,0,,0,,0,,0,,0,,0,0,0,0,,1,33,36,1,3,953,Canada,951,Romania,12/07/2024,19:00,13,10,35,22,13,10,1146,TD Place,-1,NA,1,2023,14,14,Right Wing,0,,0,,1000761,Hollie Davidson,1001076,Kat Roche,1001022,Luke Rogan,-1,,3,International,N,L
997,941540,27035,Marius Simionescu,951,Romania,2129.48,2132.32,3207,1,22,17,23,21,1,Carry,105,Restart Return,108,Tackled Neutral,110,Neutral Gain line,461,Neutral Contact,501,1 Tacklers Committed,700,0th Receiver,0,,0,,0,,0,,1,1,0,0,,1,33,36,1,3,953,Canada,951,Romania,12/07/2024,19:00,13,10,35,22,13,10,1146,TD Place,-1,NA,1,2023,14,14,Right Wing,0,,0,,1000761,Hollie Davidson,1001076,Kat Roche,1001022,Luke Rogan,-1,,3,International,N,L
998,941540,28377,Andrew Coe,953,Canada,2130.28,2130.28,3208,1,77,51,0,0,2,Tackle,142,Chase,153,Complete,0,,474,Neutral Tackle,708,1st Tackler,0,,0,,0,,0,,0,,0,0,0,0,,1,33,36,1,3,953,Canada,951,Romania,12/07/2024,19:00,13,10,35,22,13,10,1146,TD Place,-1,NA,1,2023,14,14,Right Wing,0,,0,,1000761,Hollie Davidson,1001076,Kat Roche,1001022,Luke Rogan,-1,,3,International,Y,W
999,941540,27035,Marius Simionescu,951,Romania,2132.32,2136.36,3210,1,23,21,0,0,23,Ruck,0,,401,Won Outright,551,N/A Gainline,556,4-5 Seconds,662,Mid Right Open Movement Ruck,0,,0,,0,,0,,0,,0,0,-2,13,,1,33,36,1,3,953,Canada,951,Romania,12/07/2024,19:00,13,10,35,22,13,10,1146,TD Place,-1,NA,1,2023,14,14,Right Wing,0,,0,,1000761,Hollie Davidson,1001076,Kat Roche,1001022,Luke Rogan,-1,,3,International,N,L
1000,941540,29316,Nicolaas Immelman,951,Romania,2133.44,2133.44,3211,1,23,21,0,0,43,Ruck OOA,574,Secured,583,Own Team 1st Entry,588,OOA Entry 1st Entry- Att,632,Attacking OOA,0,1,0,,0,,0,,0,,0,,0,0,0,0,,1,33,36,1,3,953,Canada,951,Romania,12/07/2024,19:00,13,10,35,22,13,10,1146,TD Place,-1,NA,1,2023,08,8,Number 8,0,,0,,1000761,Hollie Davidson,1001076,Kat Roche,1001022,Luke Rogan,-1,,3,International,N,L
1001,941540,23278,Andrei Mahu,951,Romania,2134.04,2134.04,3211,1,23,21,0,0,43,Ruck OOA,574,Secured,584,Own Team 2nd Entry,589,OOA Entry 2nd Entry- Att,632,Attacking OOA,0,2,0,,0,,0,,0,,0,,0,0,0,0,,1,33,36,1,3,953,Canada,951,Romania,12/07/2024,19:00,13,10,35,22,13,10,1146,TD Place,-1,NA,1,2023,05,5,Lock (5),0,,0,,1000761,Hollie Davidson,1001076,Kat Roche,1001022,Luke Rogan,-1,,3,International,N,L
1002,941540,34102,Vasile Balan,951,Romania,2134.24,2134.24,3212,1,23,21,0,0,43,Ruck OOA,574,Secured,585,Own Team 3rd Entry,590,OOA Entry 3rd Entry- Att,632,Attacking OOA,0,3,0,,0,,0,,0,,0,,0,0,0,0,,1,33,36,1,3,953,Canada,951,Romania,12/07/2024,19:00,13,10,35,22,13,10,1146,TD Place,-1,NA,1,2023,03,3,Tighthead Prop,0,,0,,1000761,Hollie Davidson,1001076,Kat Roche,1001022,Luke Rogan,-1,,3,International,N,L
1003,941540,57666,Alin Conache,951,Romania,2136.36,2136.36,3214,1,23,21,0,0,18,Collection,631,General Catch,0,,0,,0,,0,,0,,0,,0,,0,,0,,0,0,0,0,,2,33,36,1,3,953,Canada,951,Romania,12/07/2024,19:00,13,10,35,22,13,10,1146,TD Place,-1,NA,1,2023,09,9,Scrum Half,0,,0,,1000761,Hollie Davidson,1001076,Kat Roche,1001022,Luke Rogan,-1,,3,International,N,L
1004,941540,57666,Alin Conache,951,Romania,2136.36,2136.36,3214,1,23,21,0,0,47,Playmaker Options,671,Halfback at Breakdown,675,Playmaker Option - Pass,0,,0,,0,,0,,0,,0,,0,,0,,0,0,0,0,,2,33,36,1,3,953,Canada,951,Romania,12/07/2024,19:00,13,10,35,22,13,10,1146,TD Place,-1,NA,1,2023,09,9,Scrum Half,0,,0,,1000761,Hollie Davidson,1001076,Kat Roche,1001022,Luke Rogan,-1,,3,International,N,L
1005,941540,57666,Alin Conache,951,Romania,2137.12,2138.44,3214,1,23,21,17,31,3,Pass,169,Complete,0,,686,Medium Pass,682,Right Pass,700,0th Receiver,0,,0,,0,,0,,0,,10,11,5,0,,2,33,36,1,3,953,Canada,951,Romania,12/07/2024,19:00,13,10,35,22,13,10,1146,TD Place,-1,NA,1,2023,09,9,Scrum Half,0,,0,,1000761,Hollie Davidson,1001076,Kat Roche,1001022,Luke Rogan,-1,,3,International,N,L
1006,941540,33151,Vlad Neculau,951,Romania,2138.44,2138.44,3216,1,17,31,0,0,18,Collection,631,General Catch,0,,0,,0,,0,,0,,0,,0,,0,,0,,0,0,0,0,,2,33,36,1,3,953,Canada,951,Romania,12/07/2024,19:00,13,10,35,22,13,10,1146,TD Place,-1,NA,1,2023,06,6,Blindside Flanker,0,,0,,1000761,Hollie Davidson,1001076,Kat Roche,1001022,Luke Rogan,-1,,3,International,N,L
1007,941540,0,,951,Romania,2138.44,2138.44,3216,1,17,31,0,0,45,Defensive Exits,630,Kicked out of 22,0,,0,,0,,0,,0,,0,,0,,0,,0,,0,0,0,0,,2,33,36,1,3,953,Canada,951,Romania,12/07/2024,19:00,13,10,35,22,13,10,1146,TD Place,-1,NA,1,2023,,,,0,,0,,1000761,Hollie Davidson,1001076,Kat Roche,1001022,Luke Rogan,-1,,3,International,N,L
1008,941540,33151,Vlad Neculau,951,Romania,2138.44,2138.44,3216,1,17,31,0,0,47,Playmaker Options,656,First Receiver,673,Playmaker Option - Carry,0,,0,,0,,0,,0,,0,,0,,0,,0,0,0,0,,2,33,36,1,3,953,Canada,951,Romania,12/07/2024,19:00,13,10,35,22,13,10,1146,TD Place,-1,NA,1,2023,06,6,Blindside Flanker,0,,0,,1000761,Hollie Davidson,1001076,Kat Roche,1001022,Luke Rogan,-1,,3,International,N,L
1009,941540,33151,Vlad Neculau,951,Romania,2138.44,2140.44,3216,1,17,31,21,34,1,Carry,101,One Out Drive,108,Tackled Neutral,111,Failed Gain line,461,Neutral Contact,501,1 Tacklers Committed,701,1st Receiver,0,,0,,0,,0,,0,4,1,1,,2,33,36,1,3,953,Canada,951,Romania,12/07/2024,19:00,13,10,35,22,13,10,1146,TD Place,-1,NA,1,2023,06,6,Blindside Flanker,0,,0,,1000761,Hollie Davidson,1001076,Kat Roche,1001022,Luke Rogan,-1,,3,International,N,L
1010,941540,25189,Andrew Quattrin,953,Canada,2139.32,2139.32,3217,1,80,36,0,0,2,Tackle,144,Line,153,Complete,0,,474,Neutral Tackle,708,1st Tackler,0,,0,,0,,0,,0,,0,0,0,0,,2,33,36,1,3,953,Canada,951,Romania,12/07/2024,19:00,13,10,35,22,13,10,1146,TD Place,-1,NA,1,2023,02,2,Hooker,0,,0,,1000761,Hollie Davidson,1001076,Kat Roche,1001022,Luke Rogan,-1,,3,International,Y,W
1011,941540,33151,Vlad Neculau,951,Romania,2140.44,2144.04,3218,1,21,34,0,0,23,Ruck,0,,401,Won Outright,549,Behind Previous Gainline,555,3-4 Seconds,663,Close Left Open Movement Ruck,0,,0,,0,,0,,0,,0,0,-6,7,,2,33,36,1,3,953,Canada,951,Romania,12/07/2024,19:00,13,10,35,22,13,10,1146,TD Place,-1,NA,1,2023,06,6,Blindside Flanker,0,,0,,1000761,Hollie Davidson,1001076,Kat Roche,1001022,Luke Rogan,-1,,3,International,N,L
1012,941540,56146,Ethan Fryer,953,Canada,2140.88,2140.88,3218,1,79,34,0,0,43,Ruck OOA,578,Got Cleaned Out,583,Own Team 1st Entry,603,OOA Entry 1st Entry- Def,633,Defensive OOA,0,1,0,,0,,0,,0,,0,,0,0,0,0,,2,33,36,1,3,953,Canada,951,Romania,12/07/2024,19:00,13,10,35,22,13,10,1146,TD Place,-1,NA,1,2023,07,7,Openside Flanker,0,,0,,1000761,Hollie Davidson,1001076,Kat Roche,1001022,Luke Rogan,-1,,3,International,Y,W
1013,941540,39780,Stefan Buruiana,951,Romania,2141.04,2141.04,3218,1,21,34,0,0,43,Ruck OOA,572,Cleaned Out,583,Own Team 1st Entry,588,OOA Entry 1st Entry- Att,632,Attacking OOA,0,1,0,,0,,0,,0,,0,,0,0,0,0,,2,33,36,1,3,953,Canada,951,Romania,12/07/2024,19:00,13,10,35,22,13,10,1146,TD Place,-1,NA,1,2023,02,2,Hooker,0,,0,,1000761,Hollie Davidson,1001076,Kat Roche,1001022,Luke Rogan,-1,,3,International,N,L
1014,941540,34051,Iulian Hartig,951,Romania,2141.56,2141.56,3219,1,21,34,0,0,43,Ruck OOA,572,Cleaned Out,584,Own Team 2nd Entry,589,OOA Entry 2nd Entry- Att,632,Attacking OOA,0,2,0,,0,,0,,0,,0,,0,0,0,0,,2,33,36,1,3,953,Canada,951,Romania,12/07/2024,19:00,13,10,35,22,13,10,1146,TD Place,-1,NA,1,2023,01,1,Loosehead Prop,0,,0,,1000761,Hollie Davidson,1001076,Kat Roche,1001022,Luke Rogan,-1,,3,International,N,L
1015,941540,57666,Alin Conache,951,Romania,2144.04,2144.04,3221,1,21,34,0,0,18,Collection,631,General Catch,0,,0,,0,,0,,0,,0,,0,,0,,0,,0,0,0,0,,3,33,36,1,3,953,Canada,951,Romania,12/07/2024,19:00,13,10,35,22,13,10,1146,TD Place,-1,NA,1,2023,09,9,Scrum Half,0,,0,,1000761,Hollie Davidson,1001076,Kat Roche,1001022,Luke Rogan,-1,,3,International,N,L
1016,941540,57666,Alin Conache,951,Romania,2144.04,2144.04,3221,1,21,34,0,0,47,Playmaker Options,671,Halfback at Breakdown,675,Playmaker Option - Pass,0,,0,,0,,0,,0,,0,,0,,0,,0,0,0,0,,3,33,36,1,3,953,Canada,951,Romania,12/07/2024,19:00,13,10,35,22,13,10,1146,TD Place,-1,NA,1,2023,09,9,Scrum Half,0,,0,,1000761,Hollie Davidson,1001076,Kat Roche,1001022,Luke Rogan,-1,,3,International,N,L
1017,941540,57666,Alin Conache,951,Romania,2144.64,2146.08,3222,1,21,34,12,27,3,Pass,169,Complete,0,,686,Medium Pass,681,Left Pass,700,0th Receiver,0,,0,,0,,0,,0,,7,11,9,0,,3,33,36,1,3,953,Canada,951,Romania,12/07/2024,19:00,13,10,35,22,13,10,1146,TD Place,-1,NA,1,2023,09,9,Scrum Half,0,,0,,1000761,Hollie Davidson,1001076,Kat Roche,1001022,Luke Rogan,-1,,3,International,N,L
1018,941540,27747,Hinckley Vaovasa,951,Romania,2146.08,2146.08,3223,1,12,27,0,0,18,Collection,631,General Catch,0,,0,,0,,0,,0,,0,,0,,0,,0,,0,0,0,0,,3,33,36,1,3,953,Canada,951,Romania,12/07/2024,19:00,13,10,35,22,13,10,1146,TD Place,-1,NA,1,2023,10,10,Fly Half,0,,0,,1000761,Hollie Davidson,1001076,Kat Roche,1001022,Luke Rogan,-1,,3,International,N,L
1019,941540,27747,Hinckley Vaovasa,951,Romania,2146.08,2146.08,3223,1,12,27,0,0,47,Playmaker Options,656,First Receiver,674,Playmaker Option - Kick,0,,0,,0,,0,,0,,0,,0,,0,,0,0,0,0,,3,33,36,1,3,953,Canada,951,Romania,12/07/2024,19:00,13,10,35,22,13,10,1146,TD Place,-1,NA,1,2023,10,10,Fly Half,0,,0,,1000761,Hollie Davidson,1001076,Kat Roche,1001022,Luke Rogan,-1,,3,International,N,L
1020,941540,27747,Hinckley Vaovasa,951,Romania,2146.12,2150.88,3223,1,15,27,32,53,4,Kick,187,Bomb,202,Own Player - Failed,186,Kick in Play (Own 22),0,,0,,0,,0,,0,,0,,0,,17,32,0,0,,3,33,36,1,3,953,Canada,951,Romania,12/07/2024,19:00,13,10,35,22,13,10,1146,TD Place,-1,NA,1,2023,10,10,Fly Half,0,,0,,1000761,Hollie Davidson,1001076,Kat Roche,1001022,Luke Rogan,-1,,3,International,N,L
1021,941540,33463,Paul Popoaia,951,Romania,2150.88,2150.88,3228,1,32,53,0,0,18,Collection,271,Attacking Catch,278,Fail,0,,0,,0,,0,,0,,0,,0,,0,,0,0,0,0,,3,33,36,1,3,953,Canada,951,Romania,12/07/2024,19:00,13,10,35,22,13,10,1146,TD Place,-1,NA,1,2023,15,15,Full Back,0,,0,,1000761,Hollie Davidson,1001076,Kat Roche,1001022,Luke Rogan,-1,,3,International,N,L
1022,941540,33463,Paul Popoaia,951,Romania,2150.92,2150.92,3228,1,32,53,0,0,8,Turnover,254,Dropped Ball Unforced,677,Error on Attack,0,,0,,0,,0,,0,,0,,0,,0,,0,0,0,0,,3,33,36,1,3,953,Canada,951,Romania,12/07/2024,19:00,13,10,35,22,13,10,1146,TD Place,-1,NA,1,2023,15,15,Full Back,0,,0,,1000761,Hollie Davidson,1001076,Kat Roche,1001022,Luke Rogan,-1,,3,International,N,L
1023,941540,38501,Nic Benn,953,Canada,2151.00,2151.00,3228,1,70,15,0,0,18,Collection,273,Defensive Catch,278,Fail,0,,0,,0,,0,,0,,0,,0,,0,,0,0,0,0,,3,33,36,1,3,953,Canada,951,Romania,12/07/2024,19:00,13,10,35,22,13,10,1146,TD Place,-1,NA,1,2023,11,11,Left Wing,0,,0,,1000761,Hollie Davidson,1001076,Kat Roche,1001022,Luke Rogan,-1,,3,International,Y,W
1024,941540,0,,951,Romania,2129.48,2152.28,3230,1,22,17,31,54,15,Possession,307,50m Restart,318,Turnover,0,,684,Fails to enter into Opposition 22,0,,0,,0,,0,,0,,0,,9,0,0,0,,3,33,36,1,3,953,Canada,951,Romania,12/07/2024,19:00,13,10,35,22,13,10,1146,TD Place,-1,NA,1,2023,,,,0,,0,,1000761,Hollie Davidson,1001076,Kat Roche,1001022,Luke Rogan,-1,,3,International,N,L
1025,941540,64048,Talon McMullin,953,Canada,2152.28,2152.28,3230,1,69,14,0,0,18,Collection,274,Defensive Loose Ball,277,Success,0,,0,,0,,0,,0,,0,,0,,0,,0,0,0,0,,1,34,36,1,3,953,Canada,951,Romania,12/07/2024,19:00,13,10,35,22,13,10,1146,TD Place,-1,NA,1,2023,12,12,Inside Centre,0,,0,,1000761,Hollie Davidson,1001076,Kat Roche,1001022,Luke Rogan,-1,,3,International,Y,W
1026,941540,64048,Talon McMullin,953,Canada,2152.28,2153.52,3230,1,69,14,71,14,1,Carry,104,Kick Return,108,Tackled Neutral,109,Crossed Gain line,461,Neutral Contact,502,2 Tacklers Committed,700,0th Receiver,0,,0,,0,,0,,1,1,0,0,,1,34,36,1,3,953,Canada,951,Romania,12/07/2024,19:00,13,10,35,22,13,10,1146,TD Place,-1,NA,1,2023,12,12,Inside Centre,0,,0,,1000761,Hollie Davidson,1001076,Kat Roche,1001022,Luke Rogan,-1,,3,International,Y,W
1027,941540,36759,Dragos Ser,951,Romania,2152.88,2152.88,3230,1,30,54,0,0,2,Tackle,142,Chase,153,Complete,0,,474,Neutral Tackle,708,1st Tackler,0,,0,,0,,0,,0,,0,0,0,0,,1,34,36,1,3,953,Canada,951,Romania,12/07/2024,19:00,13,10,35,22,13,10,1146,TD Place,-1,NA,1,2023,07,7,Openside Flanker,0,,0,,1000761,Hollie Davidson,1001076,Kat Roche,1001022,Luke Rogan,-1,,3,International,N,L
1028,941540,60960,Mihai Graure,951,Romania,2153.44,2153.44,3231,1,30,54,0,0,2,Tackle,142,Chase,153,Complete,441,Assist,474,Neutral Tackle,709,2nd Tackler,0,,0,,0,,0,,0,,0,0,0,0,,1,34,36,1,3,953,Canada,951,Romania,12/07/2024,19:00,13,10,35,22,13,10,1146,TD Place,-1,NA,1,2023,13,13,Outside Centre,0,,0,,1000761,Hollie Davidson,1001076,Kat Roche,1001022,Luke Rogan,-1,,3,International,N,L
1029,941540,64048,Talon McMullin,953,Canada,2153.52,2155.68,3231,1,71,14,0,0,23,Ruck,0,,401,Won Outright,551,N/A Gainline,554,2-3 Seconds,660,Wide Right Open Movement Ruck,0,,0,,0,,0,,0,,0,0,6,51,,1,34,36,1,3,953,Canada,951,Romania,12/07/2024,19:00,13,10,35,22,13,10,1146,TD Place,-1,NA,1,2023,12,12,Inside Centre,0,,0,,1000761,Hollie Davidson,1001076,Kat Roche,1001022,Luke Rogan,-1,,3,International,Y,W
1030,941540,38501,Nic Benn,953,Canada,2154.40,2154.40,3232,1,71,14,0,0,43,Ruck OOA,574,Secured,583,Own Team 1st Entry,588,OOA Entry 1st Entry- Att,632,Attacking OOA,0,1,0,,0,,0,,0,,0,,0,0,0,0,,1,34,36,1,3,953,Canada,951,Romania,12/07/2024,19:00,13,10,35,22,13,10,1146,TD Place,-1,NA,1,2023,11,11,Left Wing,0,,0,,1000761,Hollie Davidson,1001076,Kat Roche,1001022,Luke Rogan,-1,,3,International,Y,W
1031,941540,29383,Conor Young,953,Canada,2155.08,2155.08,3232,1,71,14,0,0,43,Ruck OOA,574,Secured,584,Own Team 2nd Entry,589,OOA Entry 2nd Entry- Att,632,Attacking OOA,0,2,0,,0,,0,,0,,0,,0,0,0,0,,1,34,36,1,3,953,Canada,951,Romania,12/07/2024,19:00,13,10,35,22,13,10,1146,TD Place,-1,NA,1,2023,03,3,Tighthead Prop,0,,0,,1000761,Hollie Davidson,1001076,Kat Roche,1001022,Luke Rogan,-1,,3,International,Y,W
1032,941540,25189,Andrew Quattrin,953,Canada,2155.40,2155.40,3233,1,71,14,0,0,43,Ruck OOA,574,Secured,585,Own Team 3rd Entry,590,OOA Entry 3rd Entry- Att,632,Attacking OOA,0,3,0,,0,,0,,0,,0,,0,0,0,0,,1,34,36,1,3,953,Canada,951,Romania,12/07/2024,19:00,13,10,35,22,13,10,1146,TD Place,-1,NA,1,2023,02,2,Hooker,0,,0,,1000761,Hollie Davidson,1001076,Kat Roche,1001022,Luke Rogan,-1,,3,International,Y,W
1033,941540,38159,Jason Higgins,953,Canada,2155.68,2155.68,3233,1,71,14,0,0,18,Collection,631,General Catch,0,,0,,0,,0,,0,,0,,0,,0,,0,,0,0,0,0,,2,34,36,1,3,953,Canada,951,Romania,12/07/2024,19:00,13,10,35,22,13,10,1146,TD Place,-1,NA,1,2023,09,9,Scrum Half,0,,0,,1000761,Hollie Davidson,1001076,Kat Roche,1001022,Luke Rogan,-1,,3,International,Y,W
1034,941540,38159,Jason Higgins,953,Canada,2155.68,2155.68,3233,1,71,14,0,0,47,Playmaker Options,671,Halfback at Breakdown,675,Playmaker Option - Pass,0,,0,,0,,0,,0,,0,,0,,0,,0,0,0,0,,2,34,36,1,3,953,Canada,951,Romania,12/07/2024,19:00,13,10,35,22,13,10,1146,TD Place,-1,NA,1,2023,09,9,Scrum Half,0,,0,,1000761,Hollie Davidson,1001076,Kat Roche,1001022,Luke Rogan,-1,,3,International,Y,W
1035,941540,38159,Jason Higgins,953,Canada,2156.36,2157.28,3234,1,71,14,65,22,3,Pass,169,Complete,0,,686,Medium Pass,682,Right Pass,700,0th Receiver,0,,0,,0,,0,,0,,8,10,6,0,,2,34,36,1,3,953,Canada,951,Romania,12/07/2024,19:00,13,10,35,22,13,10,1146,TD Place,-1,NA,1,2023,09,9,Scrum Half,0,,0,,1000761,Hollie Davidson,1001076,Kat Roche,1001022,Luke Rogan,-1,,3,International,Y,W
1036,941540,25181,Kyle Baillie,953,Canada,2157.28,2157.28,3235,1,65,22,0,0,18,Collection,631,General Catch,0,,0,,0,,0,,0,,0,,0,,0,,0,,0,0,0,0,,2,34,36,1,3,953,Canada,951,Romania,12/07/2024,19:00,13,10,35,22,13,10,1146,TD Place,-1,NA,1,2023,05,5,Lock (5),0,,0,,1000761,Hollie Davidson,1001076,Kat Roche,1001022,Luke Rogan,-1,,3,International,Y,W
1037,941540,25181,Kyle Baillie,953,Canada,2157.28,2157.28,3235,1,65,22,0,0,47,Playmaker Options,656,First Receiver,675,Playmaker Option - Pass,0,,0,,0,,0,,0,,0,,0,,0,,0,0,0,0,,2,34,36,1,3,953,Canada,951,Romania,12/07/2024,19:00,13,10,35,22,13,10,1146,TD Place,-1,NA,1,2023,05,5,Lock (5),0,,0,,1000761,Hollie Davidson,1001076,Kat Roche,1001022,Luke Rogan,-1,,3,International,Y,W
1038,941540,25181,Kyle Baillie,953,Canada,2157.32,2158.48,3235,1,66,23,62,27,3,Pass,169,Complete,0,,679,Short Pass,682,Right Pass,701,1st Receiver,0,,0,,0,,0,,0,,3,5,4,0,,2,34,36,1,3,953,Canada,951,Romania,12/07/2024,19:00,13,10,35,22,13,10,1146,TD Place,-1,NA,1,2023,05,5,Lock (5),0,,0,,1000761,Hollie Davidson,1001076,Kat Roche,1001022,Luke Rogan,-1,,3,International,Y,W
1039,941540,19391,Peter Nelson,953,Canada,2158.48,2158.48,3236,1,62,27,0,0,18,Collection,631,General Catch,0,,0,,0,,0,,0,,0,,0,,0,,0,,0,0,0,0,,2,34,36,1,3,953,Canada,951,Romania,12/07/2024,19:00,13,10,35,22,13,10,1146,TD Place,-1,NA,1,2023,10,10,Fly Half,0,,0,,1000761,Hollie Davidson,1001076,Kat Roche,1001022,Luke Rogan,-1,,3,International,Y,W
1040,941540,19391,Peter Nelson,953,Canada,2158.48,2158.48,3236,1,62,27,0,0,47,Playmaker Options,657,Second Receiver,675,Playmaker Option - Pass,0,,0,,0,,0,,0,,0,,0,,0,,0,0,0,0,,2,34,36,1,3,953,Canada,951,Romania,12/07/2024,19:00,13,10,35,22,13,10,1146,TD Place,-1,NA,1,2023,10,10,Fly Half,0,,0,,1000761,Hollie Davidson,1001076,Kat Roche,1001022,Luke Rogan,-1,,3,International,Y,W
1041,941540,19391,Peter Nelson,953,Canada,2158.52,2159.76,3236,1,62,28,57,39,3,Pass,169,Complete,0,,686,Medium Pass,682,Right Pass,702,2nd Receiver,0,,0,,0,,0,,0,,11,12,5,0,,2,34,36,1,3,953,Canada,951,Romania,12/07/2024,19:00,13,10,35,22,13,10,1146,TD Place,-1,NA,1,2023,10,10,Fly Half,0,,0,,1000761,Hollie Davidson,1001076,Kat Roche,1001022,Luke Rogan,-1,,3,International,Y,W
1042,941540,33642,Cooper Coats,953,Canada,2159.76,2159.76,3237,1,57,39,0,0,18,Collection,631,General Catch,0,,0,,0,,0,,0,,0,,0,,0,,0,,0,0,0,0,,2,34,36,1,3,953,Canada,951,Romania,12/07/2024,19:00,13,10,35,22,13,10,1146,TD Place,-1,NA,1,2023,15,15,Full Back,0,,0,,1000761,Hollie Davidson,1001076,Kat Roche,1001022,Luke Rogan,-1,,3,International,Y,W
1043,941540,33642,Cooper Coats,953,Canada,2159.76,2159.76,3237,1,57,39,0,0,47,Playmaker Options,658,Third Receiver,675,Playmaker Option - Pass,0,,0,,0,,0,,0,,0,,0,,0,,0,0,0,0,,2,34,36,1,3,953,Canada,951,Romania,12/07/2024,19:00,13,10,35,22,13,10,1146,TD Place,-1,NA,1,2023,15,15,Full Back,0,,0,,1000761,Hollie Davidson,1001076,Kat Roche,1001022,Luke Rogan,-1,,3,International,Y,W
1044,941540,33642,Cooper Coats,953,Canada,2159.80,2161.44,3237,1,59,40,56,51,3,Pass,169,Complete,0,,686,Medium Pass,682,Right Pass,703,3rd Receiver,0,,0,,0,,0,,0,,12,12,3,0,,2,34,36,1,3,953,Canada,951,Romania,12/07/2024,19:00,13,10,35,22,13,10,1146,TD Place,-1,NA,1,2023,15,15,Full Back,0,,0,,1000761,Hollie Davidson,1001076,Kat Roche,1001022,Luke Rogan,-1,,3,International,Y,W
1045,941540,25183,Lucas Rumball,953,Canada,2161.44,2161.44,3239,1,56,51,0,0,18,Collection,631,General Catch,0,,0,,0,,0,,0,,0,,0,,0,,0,,0,0,0,0,,2,34,36,1,3,953,Canada,951,Romania,12/07/2024,19:00,13,10,35,22,13,10,1146,TD Place,-1,NA,1,2023,08,8,Number 8,0,,0,,1000761,Hollie Davidson,1001076,Kat Roche,1001022,Luke Rogan,-1,,3,International,Y,W
1046,941540,25183,Lucas Rumball,953,Canada,2161.44,2165.60,3239,1,56,51,76,64,1,Carry,103,Other Carry,108,Tackled Neutral,109,Crossed Gain line,461,Neutral Contact,502,2 Tacklers Committed,704,4th Receiver,0,,0,,0,,0,,6,21,3,3,,2,34,36,1,3,953,Canada,951,Romania,12/07/2024,19:00,13,10,35,22,13,10,1146,TD Place,-1,NA,1,2023,08,8,Number 8,0,,0,,1000761,Hollie Davidson,1001076,Kat Roche,1001022,Luke Rogan,-1,,3,International,Y,W
1047,941540,57666,Alin Conache,951,Romania,2164.28,2164.28,3242,1,27,6,0,0,2,Tackle,144,Line,153,Complete,0,,474,Neutral Tackle,708,1st Tackler,0,,0,,0,,0,,0,,0,0,0,0,,2,34,36,1,3,953,Canada,951,Romania,12/07/2024,19:00,13,10,35,22,13,10,1146,TD Place,-1,NA,1,2023,09,9,Scrum Half,0,,0,,1000761,Hollie Davidson,1001076,Kat Roche,1001022,Luke Rogan,-1,,3,International,N,L
1048,941540,27035,Marius Simionescu,951,Romania,2165.08,2165.08,3242,1,27,6,0,0,2,Tackle,146,Edge,153,Complete,441,Assist,474,Neutral Tackle,709,2nd Tackler,0,,0,,0,,0,,0,,0,0,0,0,,2,34,36,1,3,953,Canada,951,Romania,12/07/2024,19:00,13,10,35,22,13,10,1146,TD Place,-1,NA,1,2023,14,14,Right Wing,0,,0,,1000761,Hollie Davidson,1001076,Kat Roche,1001022,Luke Rogan,-1,,3,International,N,L
1049,941540,25183,Lucas Rumball,953,Canada,2165.60,2167.44,3243,1,76,64,0,0,23,Ruck,0,,401,Won Outright,548,Over Previous Gainline,553,1-2 Seconds,661,Mid Left Open Movement Ruck,0,,0,,0,,0,,0,,0,0,5,11,,2,34,36,1,3,953,Canada,951,Romania,12/07/2024,19:00,13,10,35,22,13,10,1146,TD Place,-1,NA,1,2023,08,8,Number 8,0,,0,,1000761,Hollie Davidson,1001076,Kat Roche,1001022,Luke Rogan,-1,,3,International,Y,W
1050,941540,28377,Andrew Coe,953,Canada,2166.44,2166.44,3244,1,76,64,0,0,43,Ruck OOA,575,Attended,583,Own Team 1st Entry,588,OOA Entry 1st Entry- Att,632,Attacking OOA,0,1,0,,0,,0,,0,,0,,0,0,0,0,,2,34,36,1,3,953,Canada,951,Romania,12/07/2024,19:00,13,10,35,22,13,10,1146,TD Place,-1,NA,1,2023,14,14,Right Wing,0,,0,,1000761,Hollie Davidson,1001076,Kat Roche,1001022,Luke Rogan,-1,,3,International,Y,W
1051,941540,25195,Ben LeSage,953,Canada,2167.20,2167.20,3245,1,76,64,0,0,43,Ruck OOA,574,Secured,584,Own Team 2nd Entry,589,OOA Entry 2nd Entry- Att,632,Attacking OOA,0,2,0,,0,,0,,0,,0,,0,0,0,0,,2,34,36,1,3,953,Canada,951,Romania,12/07/2024,19:00,13,10,35,22,13,10,1146,TD Place,-1,NA,1,2023,13,13,Outside Centre,0,,0,,1000761,Hollie Davidson,1001076,Kat Roche,1001022,Luke Rogan,-1,,3,International,Y,W
1052,941540,29316,Nicolaas Immelman,951,Romania,2167.24,2167.24,3245,1,24,4,0,0,43,Ruck OOA,577,Not Clearing,583,Own Team 1st Entry,603,OOA Entry 1st Entry- Def,633,Defensive OOA,0,1,0,,0,,0,,0,,0,,0,0,0,0,,2,34,36,1,3,953,Canada,951,Romania,12/07/2024,19:00,13,10,35,22,13,10,1146,TD Place,-1,NA,1,2023,08,8,Number 8,0,,0,,1000761,Hollie Davidson,1001076,Kat Roche,1001022,Luke Rogan,-1,,3,International,N,L
1053,941540,38159,Jason Higgins,953,Canada,2167.44,2167.44,3245,1,76,64,0,0,18,Collection,631,General Catch,0,,0,,0,,0,,0,,0,,0,,0,,0,,0,0,0,0,,3,34,36,1,3,953,Canada,951,Romania,12/07/2024,19:00,13,10,35,22,13,10,1146,TD Place,-1,NA,1,2023,09,9,Scrum Half,0,,0,,1000761,Hollie Davidson,1001076,Kat Roche,1001022,Luke Rogan,-1,,3,International,Y,W
1054,941540,38159,Jason Higgins,953,Canada,2167.44,2167.44,3245,1,76,64,0,0,47,Playmaker Options,671,Halfback at Breakdown,675,Playmaker Option - Pass,0,,0,,0,,0,,0,,0,,0,,0,,0,0,0,0,,3,34,36,1,3,953,Canada,951,Romania,12/07/2024,19:00,13,10,35,22,13,10,1146,TD Place,-1,NA,1,2023,09,9,Scrum Half,0,,0,,1000761,Hollie Davidson,1001076,Kat Roche,1001022,Luke Rogan,-1,,3,International,Y,W
1055,941540,38159,Jason Higgins,953,Canada,2167.84,2169.28,3245,1,76,64,75,52,3,Pass,169,Complete,0,,686,Medium Pass,681,Left Pass,700,0th Receiver,0,,0,,0,,0,,0,,12,12,1,0,,3,34,36,1,3,953,Canada,951,Romania,12/07/2024,19:00,13,10,35,22,13,10,1146,TD Place,-1,NA,1,2023,09,9,Scrum Half,0,,0,,1000761,Hollie Davidson,1001076,Kat Roche,1001022,Luke Rogan,-1,,3,International,Y,W
1056,941540,34051,Iulian Hartig,951,Romania,2168.16,2168.16,3246,1,23,12,0,0,7,Penalty Conceded,219,Offside,236,No Action,215,Defence,233,Full Penalty,444,Offside in General Play,0,,0,,0,,0,,0,,0,0,0,0,,3,34,36,1,3,953,Canada,951,Romania,12/07/2024,19:00,13,10,35,22,13,10,1146,TD Place,-1,NA,1,2023,01,1,Loosehead Prop,0,,0,,1000761,Hollie Davidson,1001076,Kat Roche,1001022,Luke Rogan,-1,,3,International,N,L
1057,941540,0,,953,Canada,2169.24,2169.24,3247,1,78,56,0,0,20,Ref Review,245,Advantage,0,,0,,0,,0,,0,,0,,0,,0,,0,,0,0,0,0,,3,34,36,1,3,953,Canada,951,Romania,12/07/2024,19:00,13,10,35,22,13,10,1146,TD Place,-1,NA,1,2023,,,,0,,0,,1000761,Hollie Davidson,1001076,Kat Roche,1001022,Luke Rogan,-1,,3,International,Y,W
1058,941540,38465,Mason Flesch,953,Canada,2169.28,2169.28,3247,1,75,52,0,0,18,Collection,631,General Catch,0,,0,,0,,0,,0,,0,,0,,0,,0,,0,0,0,0,,3,34,36,1,3,953,Canada,951,Romania,12/07/2024,19:00,13,10,35,22,13,10,1146,TD Place,-1,NA,1,2023,06,6,Blindside Flanker,0,,0,,1000761,Hollie Davidson,1001076,Kat Roche,1001022,Luke Rogan,-1,,3,International,Y,W
1059,941540,38465,Mason Flesch,953,Canada,2169.28,2169.28,3247,1,75,52,0,0,47,Playmaker Options,656,First Receiver,673,Playmaker Option - Carry,0,,0,,0,,0,,0,,0,,0,,0,,0,0,0,0,,3,34,36,1,3,953,Canada,951,Romania,12/07/2024,19:00,13,10,35,22,13,10,1146,TD Place,-1,NA,1,2023,06,6,Blindside Flanker,0,,0,,1000761,Hollie Davidson,1001076,Kat Roche,1001022,Luke Rogan,-1,,3,International,Y,W
1060,941540,38465,Mason Flesch,953,Canada,2169.28,2170.56,3247,1,75,52,80,53,1,Carry,101,One Out Drive,108,Tackled Neutral,109,Crossed Gain line,461,Neutral Contact,502,2 Tacklers Committed,701,1st Receiver,0,,0,,0,,0,,3,6,4,2,,3,34,36,1,3,953,Canada,951,Romania,12/07/2024,19:00,13,10,35,22,13,10,1146,TD Place,-1,NA,1,2023,06,6,Blindside Flanker,0,,0,,1000761,Hollie Davidson,1001076,Kat Roche,1001022,Luke Rogan,-1,,3,International,Y,W
1061,941540,23278,Andrei Mahu,951,Romania,2169.80,2169.80,3247,1,22,15,0,0,2,Tackle,144,Line,161,Missed,0,,475,Ineffective Tackle,708,1st Tackler,0,,0,,0,,0,,0,,0,0,0,0,,3,34,36,1,3,953,Canada,951,Romania,12/07/2024,19:00,13,10,35,22,13,10,1146,TD Place,-1,NA,1,2023,05,5,Lock (5),0,,0,,1000761,Hollie Davidson,1001076,Kat Roche,1001022,Luke Rogan,-1,,3,International,N,L
1062,941540,23278,Andrei Mahu,951,Romania,2169.80,2169.80,3247,1,22,15,0,0,12,Missed Tackle,162,Bumped Off,166,Tackled,0,,0,,0,,0,,0,,0,,0,,0,,0,0,0,0,,3,34,36,1,3,953,Canada,951,Romania,12/07/2024,19:00,13,10,35,22,13,10,1146,TD Place,-1,NA,1,2023,05,5,Lock (5),0,,0,,1000761,Hollie Davidson,1001076,Kat Roche,1001022,Luke Rogan,-1,,3,International,N,L
1063,941540,38465,Mason Flesch,953,Canada,2170.52,2170.52,3248,1,78,53,0,0,10,Attacking Qualities,116,Defender Beaten,0,,0,,0,,0,,0,,0,,0,,0,,0,,0,0,0,0,,3,34,36,1,3,953,Canada,951,Romania,12/07/2024,19:00,13,10,35,22,13,10,1146,TD Place,-1,NA,1,2023,06,6,Blindside Flanker,0,,0,,1000761,Hollie Davidson,1001076,Kat Roche,1001022,Luke Rogan,-1,,3,International,Y,W
1064,941540,0,,953,Canada,2170.56,2262.88,3248,1,80,53,96,60,46,Attacking 22 Entry,641,22 Entry Outcome - Penalty Conceded,0,,0,,0,,0,,0,,0,,0,,0,,0,,0,0,0,0,,3,34,36,1,3,953,Canada,951,Romania,12/07/2024,19:00,13,10,35,22,13,10,1146,TD Place,-1,NA,1,2023,,,,0,,0,,1000761,Hollie Davidson,1001076,Kat Roche,1001022,Luke Rogan,-1,,3,International,Y,W
1065,941540,34102,Vasile Balan,951,Romania,2170.64,2170.64,3248,1,21,15,0,0,2,Tackle,144,Line,153,Complete,441,Assist,474,Neutral Tackle,709,2nd Tackler,0,,0,,0,,0,,0,,0,0,0,0,,3,34,36,1,3,953,Canada,951,Romania,12/07/2024,19:00,13,10,35,22,13,10,1146,TD Place,-1,NA,1,2023,03,3,Tighthead Prop,0,,0,,1000761,Hollie Davidson,1001076,Kat Roche,1001022,Luke Rogan,-1,,3,International,N,L
1066,941540,0,,953,Canada,2126.00,2171.72,3249,1,49,33,82,54,26,Sequences,307,50m Restart,316,Pen Won,0,,0,,0,,0,,0,,0,,0,,0,,33,0,0,0,,3,34,36,1,3,953,Canada,951,Romania,12/07/2024,19:00,13,10,35,22,13,10,1146,TD Place,-1,NA,1,2023,,,,0,,0,,1000761,Hollie Davidson,1001076,Kat Roche,1001022,Luke Rogan,-1,,3,International,Y,W
1067,941540,0,,953,Canada,2152.28,2171.72,3249,1,69,14,82,54,15,Possession,308,Turnover Won,316,Pen Won,0,,683,Enters into Opposition 22,0,,0,,0,,0,,0,,0,,12,0,0,0,,3,34,36,1,3,953,Canada,951,Romania,12/07/2024,19:00,13,10,35,22,13,10,1146,TD Place,-1,NA,1,2023,,,,0,,0,,1000761,Hollie Davidson,1001076,Kat Roche,1001022,Luke Rogan,-1,,3,International,Y,W
1068,941540,19391,Peter Nelson,953,Canada,2200.88,2202.04,3318,1,78,57,95,68,4,Kick,347,Touch Kick,193,Kick in Touch (Full),148,Penalty Kick,0,,0,,0,,0,,0,,0,,0,,17,20,0,0,,1,34,37,1,3,953,Canada,951,Romania,12/07/2024,19:00,13,10,35,22,13,10,1146,TD Place,-1,NA,1,2023,10,10,Fly Half,0,,0,,1000761,Hollie Davidson,1001076,Kat Roche,1001022,Luke Rogan,-1,,3,International,Y,W
1069,941540,0,,953,Canada,2200.88,2202.04,3319,1,78,57,95,68,26,Sequences,780,Penalty Kick Touch,415,Own Lineout,0,,0,,0,,0,,0,,0,,0,,0,,17,0,0,0,,1,34,37,1,3,953,Canada,951,Romania,12/07/2024,19:00,13,10,35,22,13,10,1146,TD Place,-1,NA,1,2023,,,,0,,0,,1000761,Hollie Davidson,1001076,Kat Roche,1001022,Luke Rogan,-1,,3,International,Y,W
1070,941540,0,,953,Canada,2209.08,2242.40,3326,1,5,0,0,0,17,Period,0,Period,0,,0,,0,,0,,0,,0,,0,,0,,0,,0,0,0,0,,1,34,37,1,3,953,Canada,951,Romania,12/07/2024,19:00,13,10,35,22,13,10,1146,TD Place,-1,NA,1,2023,,,,0,,0,,1000761,Hollie Davidson,1001076,Kat Roche,1001022,Luke Rogan,-1,,3,International,Y,W
1071,941540,25189,Andrew Quattrin,953,Canada,2258.56,2260.00,3343,1,95,68,95,56,6,Lineout Throw,373,Throw Back,376,Won Clean Catch,211,Off The Top,0,6+1,666,Close Right Blindside Movement Lineout,731,6 Players,725,Forward at Halfback (+1),0,,0,,0,,12,0,0,4,,1,35,38,1,3,953,Canada,951,Romania,12/07/2024,19:00,13,10,35,22,13,10,1146,TD Place,-1,NA,1,2023,02,2,Hooker,0,,0,,1000761,Hollie Davidson,1001076,Kat Roche,1001022,Luke Rogan,-1,,3,International,Y,W
1072,941540,25181,Kyle Baillie,953,Canada,2260.00,2260.00,3344,1,95,56,0,0,27,Lineout Take,388,Lineout Win Back,376,Won Clean,211,Off The Top,396,Clean Catch,0,,0,,0,,0,,0,,0,,0,0,0,0,,1,35,38,1,3,953,Canada,951,Romania,12/07/2024,19:00,13,10,35,22,13,10,1146,TD Place,-1,NA,1,2023,05,5,Lock (5),0,,0,,1000761,Hollie Davidson,1001076,Kat Roche,1001022,Luke Rogan,-1,,3,International,Y,W
1073,941540,25181,Kyle Baillie,953,Canada,2260.36,2261.24,3344,1,95,56,94,59,3,Pass,169,Complete,0,,679,Short Pass,682,Right Pass,700,0th Receiver,0,,0,,0,,0,,0,,3,3,1,0,,1,35,38,1,3,953,Canada,951,Romania,12/07/2024,19:00,13,10,35,22,13,10,1146,TD Place,-1,NA,1,2023,05,5,Lock (5),0,,0,,1000761,Hollie Davidson,1001076,Kat Roche,1001022,Luke Rogan,-1,,3,International,Y,W
1074,941540,38465,Mason Flesch,953,Canada,2261.24,2261.24,3345,1,94,59,0,0,18,Collection,631,General Catch,0,,0,,0,,0,,0,,0,,0,,0,,0,,0,0,0,0,,1,35,38,1,3,953,Canada,951,Romania,12/07/2024,19:00,13,10,35,22,13,10,1146,TD Place,-1,NA,1,2023,06,6,Blindside Flanker,0,,0,,1000761,Hollie Davidson,1001076,Kat Roche,1001022,Luke Rogan,-1,,3,International,Y,W
1075,941540,38465,Mason Flesch,953,Canada,2261.24,2262.24,3345,1,94,59,95,60,1,Carry,103,Other Carry,118,Other,110,Neutral Gain line,0,,500,0 Tacklers Committed,701,1st Receiver,0,,0,,0,,0,,0,1,0,0,,1,35,38,1,3,953,Canada,951,Romania,12/07/2024,19:00,13,10,35,22,13,10,1146,TD Place,-1,NA,1,2023,06,6,Blindside Flanker,0,,0,,1000761,Hollie Davidson,1001076,Kat Roche,1001022,Luke Rogan,-1,,3,International,Y,W
1076,941540,38465,Mason Flesch,953,Canada,2262.24,2274.44,3346,1,95,60,0,0,24,Maul,0,,404,Penalty Conceded,0,,0,,667,Tight Left Open Movement Maul,0,,0,,0,,0,,0,,5,5,1,0,,1,35,38,1,3,953,Canada,951,Romania,12/07/2024,19:00,13,10,35,22,13,10,1146,TD Place,-1,NA,1,2023,06,6,Blindside Flanker,0,,0,,1000761,Hollie Davidson,1001076,Kat Roche,1001022,Luke Rogan,-1,,3,International,Y,W
1077,941540,38465,Mason Flesch,953,Canada,2262.88,2262.88,3347,1,96,60,0,0,7,Penalty Conceded,446,Maul Obstruction,236,No Action,214,Offence,233,Full Penalty,0,,0,,0,,0,,0,,0,,0,0,0,0,,1,35,38,1,3,953,Canada,951,Romania,12/07/2024,19:00,13,10,35,22,13,10,1146,TD Place,-1,NA,1,2023,06,6,Blindside Flanker,0,,0,,1000761,Hollie Davidson,1001076,Kat Roche,1001022,Luke Rogan,-1,,3,International,Y,W
1078,941540,25181,Kyle Baillie,953,Canada,2274.44,2274.44,3359,1,99,60,0,0,18,Collection,631,General Catch,0,,0,,0,,0,,0,,0,,0,,0,,0,,0,0,0,0,,1,35,38,1,3,953,Canada,951,Romania,12/07/2024,19:00,13,10,35,22,13,10,1146,TD Place,-1,NA,1,2023,05,5,Lock (5),0,,0,,1000761,Hollie Davidson,1001076,Kat Roche,1001022,Luke Rogan,-1,,3,International,Y,W
1079,941540,25181,Kyle Baillie,953,Canada,2274.44,2275.16,3359,1,99,60,101,60,1,Carry,103,Other Carry,118,Other,109,Crossed Gain line,0,,500,0 Tacklers Committed,700,0th Receiver,0,,0,,0,,0,,1,2,0,0,,1,35,38,1,3,953,Canada,951,Romania,12/07/2024,19:00,13,10,35,22,13,10,1146,TD Place,-1,NA,1,2023,05,5,Lock (5),0,,0,,1000761,Hollie Davidson,1001076,Kat Roche,1001022,Luke Rogan,-1,,3,International,Y,W
1080,941540,0,,953,Canada,2258.56,2275.68,3400,1,95,68,101,60,15,Possession,306,Lineout,319,Pen Con,0,,685,Starts inside Opposition 22,0,,0,,0,,0,,0,,0,,5,0,0,0,,1,35,38,1,3,953,Canada,951,Romania,12/07/2024,19:00,13,10,35,22,13,10,1146,TD Place,-1,NA,1,2023,,,,0,,0,,1000761,Hollie Davidson,1001076,Kat Roche,1001022,Luke Rogan,-1,,3,International,Y,W
1081,941540,0,,953,Canada,2258.56,2275.68,3400,1,95,68,101,60,26,Sequences,306,Lineout,319,Pen Con,0,,0,,0,,0,,0,,0,,0,,0,,5,0,0,0,,1,35,38,1,3,953,Canada,951,Romania,12/07/2024,19:00,13,10,35,22,13,10,1146,TD Place,-1,NA,1,2023,,,,0,,0,,1000761,Hollie Davidson,1001076,Kat Roche,1001022,Luke Rogan,-1,,3,International,Y,W
1082,941540,0,,953,Canada,2331.52,2511.64,3456,1,-1,8,0,0,17,Period,0,Period,0,,0,,0,,0,,0,,0,,0,,0,,0,,0,0,0,0,,1,35,38,1,3,953,Canada,951,Romania,12/07/2024,19:00,13,10,35,22,13,10,1146,TD Place,-1,NA,1,2023,,,,0,,0,,1000761,Hollie Davidson,1001076,Kat Roche,1001022,Luke Rogan,-1,,3,International,Y,W
1083,941540,0,,953,Canada,2503.56,2503.56,3456,1,101,60,0,0,20,Ref Review,334,Video Ref Disallowed,0,,0,,0,,0,,0,,0,,0,,0,,0,,0,0,0,0,,1,35,38,1,3,953,Canada,951,Romania,12/07/2024,19:00,13,10,35,22,13,10,1146,TD Place,-1,NA,1,2023,,,,0,,0,,1000761,Hollie Davidson,1001076,Kat Roche,1001022,Luke Rogan,-1,,3,International,Y,W
1084,941540,40389,Jason Tomane,951,Romania,2512.28,2512.28,3456,1,-1,8,0,0,42,Sub In,570,Yellow Card,0,,0,,0,,0,,0,,0,,0,,0,,0,,0,0,0,0,,1,35,38,0,3,953,Canada,951,Romania,12/07/2024,19:00,13,10,35,22,13,10,1146,TD Place,-1,NA,1,2023,12,12,Inside Centre,0,,0,,1000761,Hollie Davidson,1001076,Kat Roche,1001022,Luke Rogan,-1,,3,International,N,L
1085,941540,0,,951,Romania,2516.44,2516.44,3500,1,7,11,0,0,45,Defensive Exits,630,Kicked out of 22,0,,0,,0,,0,,0,,0,,0,,0,,0,,0,0,0,0,,1,35,39,0,3,953,Canada,951,Romania,12/07/2024,19:00,13,10,35,22,13,10,1146,TD Place,-1,NA,1,2023,,,,0,,0,,1000761,Hollie Davidson,1001076,Kat Roche,1001022,Luke Rogan,-1,,3,International,N,L
1086,941540,27035,Marius Simionescu,951,Romania,2516.44,2518.76,3500,1,7,11,58,0,4,Kick,347,Touch Kick,193,Kick in Touch (Full),148,Penalty Kick,0,,0,,0,,0,,0,,0,,0,,52,53,0,0,,1,35,39,0,3,953,Canada,951,Romania,12/07/2024,19:00,13,10,35,22,13,10,1146,TD Place,-1,NA,1,2023,14,14,Right Wing,0,,0,,1000761,Hollie Davidson,1001076,Kat Roche,1001022,Luke Rogan,-1,,3,International,N,L
1087,941540,0,,951,Romania,2516.44,2518.76,3503,1,7,11,58,0,26,Sequences,780,Penalty Kick Touch,415,Own Lineout,0,,0,,0,,0,,0,,0,,0,,0,,52,0,0,0,,1,35,39,0,3,953,Canada,951,Romania,12/07/2024,19:00,13,10,35,22,13,10,1146,TD Place,-1,NA,1,2023,,,,0,,0,,1000761,Hollie Davidson,1001076,Kat Roche,1001022,Luke Rogan,-1,,3,International,N,L
1088,941540,39780,Stefan Buruiana,951,Romania,2550.64,2551.20,3535,1,58,0,58,7,6,Lineout Throw,371,Throw Front,417,Lost Handling Error,420,Catch and Run,0,5,676,N/A Movement Lineout,730,5 Players,724,Halfback in Position,0,,0,,0,,7,0,0,0,,1,35,40,0,3,953,Canada,951,Romania,12/07/2024,19:00,13,10,35,22,13,10,1146,TD Place,-1,NA,1,2023,02,2,Hooker,0,,0,,1000761,Hollie Davidson,1001076,Kat Roche,1001022,Luke Rogan,-1,,3,International,N,L
1089,941540,23278,Andrei Mahu,951,Romania,2551.20,2551.20,3535,1,58,7,0,0,8,Turnover,254,Dropped Ball Unforced,677,Error on Attack,0,,0,,0,,0,,0,,0,,0,,0,,0,0,0,0,,1,35,40,0,3,953,Canada,951,Romania,12/07/2024,19:00,13,10,35,22,13,10,1146,TD Place,-1,NA,1,2023,05,5,Lock (5),0,,0,,1000761,Hollie Davidson,1001076,Kat Roche,1001022,Luke Rogan,-1,,3,International,N,L
1090,941540,0,,953,Canada,2553.36,2553.36,3537,1,39,61,0,0,20,Ref Review,245,Advantage,0,,0,,0,,0,,0,,0,,0,,0,,0,,0,0,0,0,,1,35,40,0,3,953,Canada,951,Romania,12/07/2024,19:00,13,10,35,22,13,10,1146,TD Place,-1,NA,1,2023,,,,0,,0,,1000761,Hollie Davidson,1001076,Kat Roche,1001022,Luke Rogan,-1,,3,International,Y,W
1091,941540,29383,Conor Young,953,Canada,2553.40,2553.40,3537,1,39,61,0,0,18,Collection,274,Defensive Loose Ball,277,Success,0,,0,,0,,0,,0,,0,,0,,0,,0,0,0,0,,1,36,40,0,3,953,Canada,951,Romania,12/07/2024,19:00,13,10,35,22,13,10,1146,TD Place,-1,NA,1,2023,03,3,Tighthead Prop,0,,0,,1000761,Hollie Davidson,1001076,Kat Roche,1001022,Luke Rogan,-1,,3,International,Y,W
1092,941540,29383,Conor Young,953,Canada,2553.76,2558.80,3538,1,39,63,0,0,23,Ruck,0,,401,Won Outright,551,N/A Gainline,557,5-6 Seconds,661,Mid Left Open Movement Ruck,0,,0,,0,,0,,0,,0,0,-1,10,,1,36,40,0,3,953,Canada,951,Romania,12/07/2024,19:00,13,10,35,22,13,10,1146,TD Place,-1,NA,1,2023,03,3,Tighthead Prop,0,,0,,1000761,Hollie Davidson,1001076,Kat Roche,1001022,Luke Rogan,-1,,3,International,Y,W
1093,941540,23278,Andrei Mahu,951,Romania,2554.00,2554.00,3538,1,61,5,0,0,43,Ruck OOA,578,Got Cleaned Out,583,Own Team 1st Entry,603,OOA Entry 1st Entry- Def,633,Defensive OOA,0,1,0,,0,,0,,0,,0,,0,0,0,0,,1,36,40,0,3,953,Canada,951,Romania,12/07/2024,19:00,13,10,35,22,13,10,1146,TD Place,-1,NA,1,2023,05,5,Lock (5),0,,0,,1000761,Hollie Davidson,1001076,Kat Roche,1001022,Luke Rogan,-1,,3,International,N,L
1094,941540,38465,Mason Flesch,953,Canada,2554.28,2554.28,3538,1,39,63,0,0,43,Ruck OOA,572,Cleaned Out,583,Own Team 1st Entry,588,OOA Entry 1st Entry- Att,632,Attacking OOA,0,1,0,,0,,0,,0,,0,,0,0,0,0,,1,36,40,0,3,953,Canada,951,Romania,12/07/2024,19:00,13,10,35,22,13,10,1146,TD Place,-1,NA,1,2023,06,6,Blindside Flanker,0,,0,,1000761,Hollie Davidson,1001076,Kat Roche,1001022,Luke Rogan,-1,,3,International,Y,W
1095,941540,29316,Nicolaas Immelman,951,Romania,2555.12,2555.12,3539,1,61,5,0,0,43,Ruck OOA,576,Nuisance,584,Own Team 2nd Entry,604,OOA Entry 2nd Entry- Def,633,Defensive OOA,0,2,0,,0,,0,,0,,0,,0,0,0,0,,1,36,40,0,3,953,Canada,951,Romania,12/07/2024,19:00,13,10,35,22,13,10,1146,TD Place,-1,NA,1,2023,08,8,Number 8,0,,0,,1000761,Hollie Davidson,1001076,Kat Roche,1001022,Luke Rogan,-1,,3,International,N,L
1096,941540,25181,Kyle Baillie,953,Canada,2557.00,2557.00,3541,1,39,63,0,0,43,Ruck OOA,574,Secured,584,Own Team 2nd Entry,589,OOA Entry 2nd Entry- Att,632,Attacking OOA,0,2,0,,0,,0,,0,,0,,0,0,0,0,,1,36,40,0,3,953,Canada,951,Romania,12/07/2024,19:00,13,10,35,22,13,10,1146,TD Place,-1,NA,1,2023,05,5,Lock (5),0,,0,,1000761,Hollie Davidson,1001076,Kat Roche,1001022,Luke Rogan,-1,,3,International,Y,W
1097,941540,39780,Stefan Buruiana,951,Romania,2557.60,2557.60,3542,1,61,5,0,0,43,Ruck OOA,577,Not Clearing,585,Own Team 3rd Entry,605,OOA Entry 3rd Entry- Def,633,Defensive OOA,0,3,0,,0,,0,,0,,0,,0,0,0,0,,1,36,40,0,3,953,Canada,951,Romania,12/07/2024,19:00,13,10,35,22,13,10,1146,TD Place,-1,NA,1,2023,02,2,Hooker,0,,0,,1000761,Hollie Davidson,1001076,Kat Roche,1001022,Luke Rogan,-1,,3,International,N,L
1098,941540,38159,Jason Higgins,953,Canada,2558.80,2558.80,3543,1,39,63,0,0,18,Collection,631,General Catch,0,,0,,0,,0,,0,,0,,0,,0,,0,,0,0,0,0,,2,36,40,0,3,953,Canada,951,Romania,12/07/2024,19:00,13,10,35,22,13,10,1146,TD Place,-1,NA,1,2023,09,9,Scrum Half,0,,0,,1000761,Hollie Davidson,1001076,Kat Roche,1001022,Luke Rogan,-1,,3,International,Y,W
1099,941540,38159,Jason Higgins,953,Canada,2558.80,2558.80,3543,1,39,63,0,0,47,Playmaker Options,671,Halfback at Breakdown,675,Playmaker Option - Pass,0,,0,,0,,0,,0,,0,,0,,0,,0,0,0,0,,2,36,40,0,3,953,Canada,951,Romania,12/07/2024,19:00,13,10,35,22,13,10,1146,TD Place,-1,NA,1,2023,09,9,Scrum Half,0,,0,,1000761,Hollie Davidson,1001076,Kat Roche,1001022,Luke Rogan,-1,,3,International,Y,W
1100,941540,38159,Jason Higgins,953,Canada,2559.32,2560.12,3543,1,39,63,37,57,3,Pass,169,Complete,0,,686,Medium Pass,681,Left Pass,700,0th Receiver,0,,0,,0,,0,,0,,6,6,2,0,,2,36,40,0,3,953,Canada,951,Romania,12/07/2024,19:00,13,10,35,22,13,10,1146,TD Place,-1,NA,1,2023,09,9,Scrum Half,0,,0,,1000761,Hollie Davidson,1001076,Kat Roche,1001022,Luke Rogan,-1,,3,International,Y,W
1101,941540,29377,Liam Murray,953,Canada,2560.12,2560.12,3544,1,37,57,0,0,18,Collection,631,General Catch,0,,0,,0,,0,,0,,0,,0,,0,,0,,0,0,0,0,,2,36,40,0,3,953,Canada,951,Romania,12/07/2024,19:00,13,10,35,22,13,10,1146,TD Place,-1,NA,1,2023,01,1,Loosehead Prop,0,,0,,1000761,Hollie Davidson,1001076,Kat Roche,1001022,Luke Rogan,-1,,3,International,Y,W
1102,941540,29377,Liam Murray,953,Canada,2560.12,2560.12,3544,1,37,57,0,0,47,Playmaker Options,656,First Receiver,675,Playmaker Option - Pass,0,,0,,0,,0,,0,,0,,0,,0,,0,0,0,0,,2,36,40,0,3,953,Canada,951,Romania,12/07/2024,19:00,13,10,35,22,13,10,1146,TD Place,-1,NA,1,2023,01,1,Loosehead Prop,0,,0,,1000761,Hollie Davidson,1001076,Kat Roche,1001022,Luke Rogan,-1,,3,International,Y,W
1103,941540,29377,Liam Murray,953,Canada,2560.16,2560.80,3544,1,38,57,37,53,3,Pass,174,Incomplete,0,,679,Short Pass,681,Left Pass,701,1st Receiver,0,,0,,0,,0,,0,,4,4,1,0,,2,36,40,0,3,953,Canada,951,Romania,12/07/2024,19:00,13,10,35,22,13,10,1146,TD Place,-1,NA,1,2023,01,1,Loosehead Prop,0,,0,,1000761,Hollie Davidson,1001076,Kat Roche,1001022,Luke Rogan,-1,,3,International,Y,W
1104,941540,0,,951,Romania,2550.64,2560.80,3545,1,58,0,63,15,26,Sequences,348,Lineout Steal,317,Scrum,0,,0,,0,,0,,0,,0,,0,,0,,5,0,0,0,,2,36,40,0,3,953,Canada,951,Romania,12/07/2024,19:00,13,10,35,22,13,10,1146,TD Place,-1,NA,1,2023,,,,0,,0,,1000761,Hollie Davidson,1001076,Kat Roche,1001022,Luke Rogan,-1,,3,International,N,L
1105,941540,0,,953,Canada,2553.40,2560.80,3545,1,39,61,37,53,15,Possession,348,Lineout Steal,317,Scrum,0,,684,Fails to enter into Opposition 22,0,,0,,0,,0,,0,,0,,-1,0,0,0,,2,36,40,0,3,953,Canada,951,Romania,12/07/2024,19:00,13,10,35,22,13,10,1146,TD Place,-1,NA,1,2023,,,,0,,0,,1000761,Hollie Davidson,1001076,Kat Roche,1001022,Luke Rogan,-1,,3,International,Y,W
1106,941540,38159,Jason Higgins,953,Canada,2609.00,2613.24,3633,1,38,54,0,0,5,Scrum,367,Scrum Half Pass,353,Won Outright,365,Neutral,0,,666,Close Right Blindside Movement Scrum,0,,0,,0,,0,,0,,0,0,0,8,,1,37,41,0,3,953,Canada,951,Romania,12/07/2024,19:00,13,10,35,22,13,10,1146,TD Place,-1,NA,1,2023,09,9,Scrum Half,0,,0,,1000761,Hollie Davidson,1001076,Kat Roche,1001022,Luke Rogan,-1,,3,International,Y,W
1107,941540,29377,Liam Murray,953,Canada,2609.00,2613.24,3633,1,38,54,0,0,28,,367,Scrum Half Pass,353,Won Outright,365,Neutral,0,,0,,0,,0,,0,,0,,0,,0,0,0,0,,1,37,41,0,3,953,Canada,951,Romania,12/07/2024,19:00,13,10,35,22,13,10,1146,TD Place,-1,NA,1,2023,01,1,Loosehead Prop,0,,0,,1000761,Hollie Davidson,1001076,Kat Roche,1001022,Luke Rogan,-1,,3,International,Y,W
1108,941540,25189,Andrew Quattrin,953,Canada,2609.00,2613.24,3633,1,38,54,0,0,28,,367,Scrum Half Pass,353,Won Outright,365,Neutral,0,,0,,0,,0,,0,,0,,0,,0,0,0,0,,1,37,41,0,3,953,Canada,951,Romania,12/07/2024,19:00,13,10,35,22,13,10,1146,TD Place,-1,NA,1,2023,02,2,Hooker,0,,0,,1000761,Hollie Davidson,1001076,Kat Roche,1001022,Luke Rogan,-1,,3,International,Y,W
1109,941540,29383,Conor Young,953,Canada,2609.00,2613.24,3633,1,38,54,0,0,28,,367,Scrum Half Pass,353,Won Outright,365,Neutral,0,,0,,0,,0,,0,,0,,0,,0,0,0,0,,1,37,41,0,3,953,Canada,951,Romania,12/07/2024,19:00,13,10,35,22,13,10,1146,TD Place,-1,NA,1,2023,03,3,Tighthead Prop,0,,0,,1000761,Hollie Davidson,1001076,Kat Roche,1001022,Luke Rogan,-1,,3,International,Y,W
1110,941540,27090,Conor Keys,953,Canada,2609.00,2613.24,3633,1,38,54,0,0,28,,367,Scrum Half Pass,353,Won Outright,365,Neutral,0,,0,,0,,0,,0,,0,,0,,0,0,0,0,,1,37,41,0,3,953,Canada,951,Romania,12/07/2024,19:00,13,10,35,22,13,10,1146,TD Place,-1,NA,1,2023,04,4,Lock (4),0,,0,,1000761,Hollie Davidson,1001076,Kat Roche,1001022,Luke Rogan,-1,,3,International,Y,W
1111,941540,25181,Kyle Baillie,953,Canada,2609.00,2613.24,3633,1,38,54,0,0,28,,367,Scrum Half Pass,353,Won Outright,365,Neutral,0,,0,,0,,0,,0,,0,,0,,0,0,0,0,,1,37,41,0,3,953,Canada,951,Romania,12/07/2024,19:00,13,10,35,22,13,10,1146,TD Place,-1,NA,1,2023,05,5,Lock (5),0,,0,,1000761,Hollie Davidson,1001076,Kat Roche,1001022,Luke Rogan,-1,,3,International,Y,W
1112,941540,38465,Mason Flesch,953,Canada,2609.00,2613.24,3633,1,38,54,0,0,28,,367,Scrum Half Pass,353,Won Outright,365,Neutral,0,,0,,0,,0,,0,,0,,0,,0,0,0,0,,1,37,41,0,3,953,Canada,951,Romania,12/07/2024,19:00,13,10,35,22,13,10,1146,TD Place,-1,NA,1,2023,06,6,Blindside Flanker,0,,0,,1000761,Hollie Davidson,1001076,Kat Roche,1001022,Luke Rogan,-1,,3,International,Y,W
1113,941540,56146,Ethan Fryer,953,Canada,2609.00,2613.24,3633,1,38,54,0,0,28,,367,Scrum Half Pass,353,Won Outright,365,Neutral,0,,0,,0,,0,,0,,0,,0,,0,0,0,0,,1,37,41,0,3,953,Canada,951,Romania,12/07/2024,19:00,13,10,35,22,13,10,1146,TD Place,-1,NA,1,2023,07,7,Openside Flanker,0,,0,,1000761,Hollie Davidson,1001076,Kat Roche,1001022,Luke Rogan,-1,,3,International,Y,W
1114,941540,25183,Lucas Rumball,953,Canada,2609.00,2613.24,3633,1,38,54,0,0,28,,367,Scrum Half Pass,353,Won Outright,365,Neutral,0,,0,,0,,0,,0,,0,,0,,0,0,0,0,,1,37,41,0,3,953,Canada,951,Romania,12/07/2024,19:00,13,10,35,22,13,10,1146,TD Place,-1,NA,1,2023,08,8,Number 8,0,,0,,1000761,Hollie Davidson,1001076,Kat Roche,1001022,Luke Rogan,-1,,3,International,Y,W
1115,941540,34051,Iulian Hartig,951,Romania,2609.00,2613.24,3633,1,38,54,0,0,29,,367,Scrum Half Pass,353,Won Outright,365,Neutral,0,,0,,0,,0,,0,,0,,0,,0,0,0,0,,1,37,41,0,3,953,Canada,951,Romania,12/07/2024,19:00,13,10,35,22,13,10,1146,TD Place,-1,NA,1,2023,01,1,Loosehead Prop,0,,0,,1000761,Hollie Davidson,1001076,Kat Roche,1001022,Luke Rogan,-1,,3,International,N,L
1116,941540,39780,Stefan Buruiana,951,Romania,2609.00,2613.24,3633,1,38,54,0,0,29,,367,Scrum Half Pass,353,Won Outright,365,Neutral,0,,0,,0,,0,,0,,0,,0,,0,0,0,0,,1,37,41,0,3,953,Canada,951,Romania,12/07/2024,19:00,13,10,35,22,13,10,1146,TD Place,-1,NA,1,2023,02,2,Hooker,0,,0,,1000761,Hollie Davidson,1001076,Kat Roche,1001022,Luke Rogan,-1,,3,International,N,L
1117,941540,34102,Vasile Balan,951,Romania,2609.00,2613.24,3633,1,38,54,0,0,29,,367,Scrum Half Pass,353,Won Outright,365,Neutral,0,,0,,0,,0,,0,,0,,0,,0,0,0,0,,1,37,41,0,3,953,Canada,951,Romania,12/07/2024,19:00,13,10,35,22,13,10,1146,TD Place,-1,NA,1,2023,03,3,Tighthead Prop,0,,0,,1000761,Hollie Davidson,1001076,Kat Roche,1001022,Luke Rogan,-1,,3,International,N,L
1118,941540,63895,Yanis Horvat,951,Romania,2609.00,2613.24,3633,1,38,54,0,0,29,,367,Scrum Half Pass,353,Won Outright,365,Neutral,0,,0,,0,,0,,0,,0,,0,,0,0,0,0,,1,37,41,0,3,953,Canada,951,Romania,12/07/2024,19:00,13,10,35,22,13,10,1146,TD Place,-1,NA,1,2023,04,4,Lock (4),0,,0,,1000761,Hollie Davidson,1001076,Kat Roche,1001022,Luke Rogan,-1,,3,International,N,L
1119,941540,23278,Andrei Mahu,951,Romania,2609.00,2613.24,3633,1,38,54,0,0,29,,367,Scrum Half Pass,353,Won Outright,365,Neutral,0,,0,,0,,0,,0,,0,,0,,0,0,0,0,,1,37,41,0,3,953,Canada,951,Romania,12/07/2024,19:00,13,10,35,22,13,10,1146,TD Place,-1,NA,1,2023,05,5,Lock (5),0,,0,,1000761,Hollie Davidson,1001076,Kat Roche,1001022,Luke Rogan,-1,,3,International,N,L
1120,941540,33151,Vlad Neculau,951,Romania,2609.00,2613.24,3633,1,38,54,0,0,29,,367,Scrum Half Pass,353,Won Outright,365,Neutral,0,,0,,0,,0,,0,,0,,0,,0,0,0,0,,1,37,41,0,3,953,Canada,951,Romania,12/07/2024,19:00,13,10,35,22,13,10,1146,TD Place,-1,NA,1,2023,06,6,Blindside Flanker,0,,0,,1000761,Hollie Davidson,1001076,Kat Roche,1001022,Luke Rogan,-1,,3,International,N,L
1121,941540,36759,Dragos Ser,951,Romania,2609.00,2613.24,3633,1,38,54,0,0,29,,367,Scrum Half Pass,353,Won Outright,365,Neutral,0,,0,,0,,0,,0,,0,,0,,0,0,0,0,,1,37,41,0,3,953,Canada,951,Romania,12/07/2024,19:00,13,10,35,22,13,10,1146,TD Place,-1,NA,1,2023,07,7,Openside Flanker,0,,0,,1000761,Hollie Davidson,1001076,Kat Roche,1001022,Luke Rogan,-1,,3,International,N,L
1122,941540,29316,Nicolaas Immelman,951,Romania,2609.00,2613.24,3633,1,38,54,0,0,29,,367,Scrum Half Pass,353,Won Outright,365,Neutral,0,,0,,0,,0,,0,,0,,0,,0,0,0,0,,1,37,41,0,3,953,Canada,951,Romania,12/07/2024,19:00,13,10,35,22,13,10,1146,TD Place,-1,NA,1,2023,08,8,Number 8,0,,0,,1000761,Hollie Davidson,1001076,Kat Roche,1001022,Luke Rogan,-1,,3,International,N,L
1123,941540,38159,Jason Higgins,953,Canada,2613.24,2613.24,3637,1,38,54,0,0,18,Collection,631,General Catch,0,,0,,0,,0,,0,,0,,0,,0,,0,,0,0,0,0,,1,37,41,0,3,953,Canada,951,Romania,12/07/2024,19:00,13,10,35,22,13,10,1146,TD Place,-1,NA,1,2023,09,9,Scrum Half,0,,0,,1000761,Hollie Davidson,1001076,Kat Roche,1001022,Luke Rogan,-1,,3,International,Y,W
1124,941540,38159,Jason Higgins,953,Canada,2613.96,2615.76,3638,1,38,56,36,61,3,Pass,169,Complete,0,,686,Medium Pass,682,Right Pass,700,0th Receiver,0,,0,,0,,0,,0,,5,6,2,0,,1,37,41,0,3,953,Canada,951,Romania,12/07/2024,19:00,13,10,35,22,13,10,1146,TD Place,-1,NA,1,2023,09,9,Scrum Half,0,,0,,1000761,Hollie Davidson,1001076,Kat Roche,1001022,Luke Rogan,-1,,3,International,Y,W
1125,941540,28377,Andrew Coe,953,Canada,2615.76,2615.76,3640,1,36,61,0,0,18,Collection,631,General Catch,0,,0,,0,,0,,0,,0,,0,,0,,0,,0,0,0,0,,1,37,41,0,3,953,Canada,951,Romania,12/07/2024,19:00,13,10,35,22,13,10,1146,TD Place,-1,NA,1,2023,14,14,Right Wing,0,,0,,1000761,Hollie Davidson,1001076,Kat Roche,1001022,Luke Rogan,-1,,3,International,Y,W
1126,941540,28377,Andrew Coe,953,Canada,2615.80,2620.08,3640,1,38,62,72,59,4,Kick,187,Bomb,198,Caught Full,185,Kick in Play,0,,0,,0,,0,,0,,0,,0,,34,34,0,0,,1,37,41,0,3,953,Canada,951,Romania,12/07/2024,19:00,13,10,35,22,13,10,1146,TD Place,-1,NA,1,2023,14,14,Right Wing,0,,0,,1000761,Hollie Davidson,1001076,Kat Roche,1001022,Luke Rogan,-1,,3,International,Y,W
1127,941540,0,,953,Canada,2609.00,2620.08,3644,1,38,54,72,59,15,Possession,309,Scrum,351,Kick in Play,0,,684,Fails to enter into Opposition 22,0,,0,,0,,0,,0,,0,,34,0,0,0,,1,37,41,0,3,953,Canada,951,Romania,12/07/2024,19:00,13,10,35,22,13,10,1146,TD Place,-1,NA,1,2023,,,,0,,0,,1000761,Hollie Davidson,1001076,Kat Roche,1001022,Luke Rogan,-1,,3,International,Y,W
1128,941540,33463,Paul Popoaia,951,Romania,2620.08,2620.08,3644,1,28,9,0,0,18,Collection,273,Defensive Catch,277,Success,0,,0,,0,,0,,0,,0,,0,,0,,0,0,0,0,,1,38,41,0,3,953,Canada,951,Romania,12/07/2024,19:00,13,10,35,22,13,10,1146,TD Place,-1,NA,1,2023,15,15,Full Back,0,,0,,1000761,Hollie Davidson,1001076,Kat Roche,1001022,Luke Rogan,-1,,3,International,N,L
1129,941540,33463,Paul Popoaia,951,Romania,2620.08,2623.52,3644,1,28,9,37,20,1,Carry,104,Kick Return,108,Tackled Neutral,109,Crossed Gain line,461,Neutral Contact,501,1 Tacklers Committed,700,0th Receiver,0,,0,,0,,0,,9,9,2,2,,1,38,41,0,3,953,Canada,951,Romania,12/07/2024,19:00,13,10,35,22,13,10,1146,TD Place,-1,NA,1,2023,15,15,Full Back,0,,0,,1000761,Hollie Davidson,1001076,Kat Roche,1001022,Luke Rogan,-1,,3,International,N,L
1130,941540,25181,Kyle Baillie,953,Canada,2622.32,2622.32,3646,1,65,50,0,0,2,Tackle,142,Chase,153,Complete,0,,474,Neutral Tackle,708,1st Tackler,0,,0,,0,,0,,0,,0,0,0,0,,1,38,41,0,3,953,Canada,951,Romania,12/07/2024,19:00,13,10,35,22,13,10,1146,TD Place,-1,NA,1,2023,05,5,Lock (5),0,,0,,1000761,Hollie Davidson,1001076,Kat Roche,1001022,Luke Rogan,-1,,3,International,Y,W
1131,941540,33463,Paul Popoaia,951,Romania,2623.52,2627.00,3647,1,37,20,0,0,23,Ruck,0,,401,Won Outright,551,N/A Gainline,555,3-4 Seconds,722,Mid Left Blindside Movement Ruck,0,,0,,0,,0,,0,,0,0,2,11,,1,38,41,0,3,953,Canada,951,Romania,12/07/2024,19:00,13,10,35,22,13,10,1146,TD Place,-1,NA,1,2023,15,15,Full Back,0,,0,,1000761,Hollie Davidson,1001076,Kat Roche,1001022,Luke Rogan,-1,,3,International,N,L
1132,941540,56146,Ethan Fryer,953,Canada,2624.32,2624.32,3648,1,64,48,0,0,43,Ruck OOA,578,Got Cleaned Out,583,Own Team 1st Entry,603,OOA Entry 1st Entry- Def,633,Defensive OOA,0,1,0,,0,,0,,0,,0,,0,0,0,0,,1,38,41,0,3,953,Canada,951,Romania,12/07/2024,19:00,13,10,35,22,13,10,1146,TD Place,-1,NA,1,2023,07,7,Openside Flanker,0,,0,,1000761,Hollie Davidson,1001076,Kat Roche,1001022,Luke Rogan,-1,,3,International,Y,W
1133,941540,20983,Tevita Manumua,951,Romania,2625.32,2625.32,3649,1,37,20,0,0,43,Ruck OOA,572,Cleaned Out,583,Own Team 1st Entry,588,OOA Entry 1st Entry- Att,632,Attacking OOA,0,1,0,,0,,0,,0,,0,,0,0,0,0,,1,38,41,0,3,953,Canada,951,Romania,12/07/2024,19:00,13,10,35,22,13,10,1146,TD Place,-1,NA,1,2023,11,11,Left Wing,0,,0,,1000761,Hollie Davidson,1001076,Kat Roche,1001022,Luke Rogan,-1,,3,International,N,L
1134,941540,29316,Nicolaas Immelman,951,Romania,2625.84,2625.84,3650,1,37,20,0,0,43,Ruck OOA,574,Secured,584,Own Team 2nd Entry,589,OOA Entry 2nd Entry- Att,632,Attacking OOA,0,2,0,,0,,0,,0,,0,,0,0,0,0,,1,38,41,0,3,953,Canada,951,Romania,12/07/2024,19:00,13,10,35,22,13,10,1146,TD Place,-1,NA,1,2023,08,8,Number 8,0,,0,,1000761,Hollie Davidson,1001076,Kat Roche,1001022,Luke Rogan,-1,,3,International,N,L
1135,941540,57666,Alin Conache,951,Romania,2627.00,2627.00,3651,1,37,20,0,0,18,Collection,631,General Catch,0,,0,,0,,0,,0,,0,,0,,0,,0,,0,0,0,0,,2,38,41,0,3,953,Canada,951,Romania,12/07/2024,19:00,13,10,35,22,13,10,1146,TD Place,-1,NA,1,2023,09,9,Scrum Half,0,,0,,1000761,Hollie Davidson,1001076,Kat Roche,1001022,Luke Rogan,-1,,3,International,N,L
1136,941540,57666,Alin Conache,951,Romania,2627.00,2627.00,3651,1,37,20,0,0,47,Playmaker Options,671,Halfback at Breakdown,675,Playmaker Option - Pass,0,,0,,0,,0,,0,,0,,0,,0,,0,0,0,0,,2,38,41,0,3,953,Canada,951,Romania,12/07/2024,19:00,13,10,35,22,13,10,1146,TD Place,-1,NA,1,2023,09,9,Scrum Half,0,,0,,1000761,Hollie Davidson,1001076,Kat Roche,1001022,Luke Rogan,-1,,3,International,N,L
1137,941540,57666,Alin Conache,951,Romania,2627.36,2630.72,3651,1,37,20,35,14,3,Pass,169,Complete,0,,686,Medium Pass,681,Left Pass,700,0th Receiver,0,,0,,0,,0,,0,,6,6,1,0,,2,38,41,0,3,953,Canada,951,Romania,12/07/2024,19:00,13,10,35,22,13,10,1146,TD Place,-1,NA,1,2023,09,9,Scrum Half,0,,0,,1000761,Hollie Davidson,1001076,Kat Roche,1001022,Luke Rogan,-1,,3,International,N,L
1138,941540,63895,Yanis Horvat,951,Romania,2630.72,2630.72,3655,1,35,14,0,0,18,Collection,631,General Catch,0,,0,,0,,0,,0,,0,,0,,0,,0,,0,0,0,0,,2,38,41,0,3,953,Canada,951,Romania,12/07/2024,19:00,13,10,35,22,13,10,1146,TD Place,-1,NA,1,2023,04,4,Lock (4),0,,0,,1000761,Hollie Davidson,1001076,Kat Roche,1001022,Luke Rogan,-1,,3,International,N,L
1139,941540,63895,Yanis Horvat,951,Romania,2630.72,2630.72,3655,1,35,14,0,0,47,Playmaker Options,656,First Receiver,673,Playmaker Option - Carry,0,,0,,0,,0,,0,,0,,0,,0,,0,0,0,0,,2,38,41,0,3,953,Canada,951,Romania,12/07/2024,19:00,13,10,35,22,13,10,1146,TD Place,-1,NA,1,2023,04,4,Lock (4),0,,0,,1000761,Hollie Davidson,1001076,Kat Roche,1001022,Luke Rogan,-1,,3,International,N,L
1140,941540,63895,Yanis Horvat,951,Romania,2630.72,2631.56,3655,1,35,14,38,9,1,Carry,101,One Out Drive,108,Tackled Neutral,109,Crossed Gain line,461,Neutral Contact,501,1 Tacklers Committed,701,1st Receiver,0,,0,,0,,0,,2,3,2,2,,2,38,41,0,3,953,Canada,951,Romania,12/07/2024,19:00,13,10,35,22,13,10,1146,TD Place,-1,NA,1,2023,04,4,Lock (4),0,,0,,1000761,Hollie Davidson,1001076,Kat Roche,1001022,Luke Rogan,-1,,3,International,N,L
1141,941540,38159,Jason Higgins,953,Canada,2630.88,2630.88,3655,1,63,58,0,0,2,Tackle,144,Line,153,Complete,0,,474,Neutral Tackle,708,1st Tackler,0,,0,,0,,0,,0,,0,0,0,0,,2,38,41,0,3,953,Canada,951,Romania,12/07/2024,19:00,13,10,35,22,13,10,1146,TD Place,-1,NA,1,2023,09,9,Scrum Half,0,,0,,1000761,Hollie Davidson,1001076,Kat Roche,1001022,Luke Rogan,-1,,3,International,Y,W
1142,941540,63895,Yanis Horvat,951,Romania,2631.56,2639.56,3656,1,38,9,0,0,23,Ruck,0,,401,Won Outright,548,Over Previous Gainline,558,6+ Seconds,676,N/A Movement Ruck,0,,0,,0,,0,,0,,0,0,0,0,,2,38,41,0,3,953,Canada,951,Romania,12/07/2024,19:00,13,10,35,22,13,10,1146,TD Place,-1,NA,1,2023,04,4,Lock (4),0,,0,,1000761,Hollie Davidson,1001076,Kat Roche,1001022,Luke Rogan,-1,,3,International,N,L
1143,941540,23278,Andrei Mahu,951,Romania,2633.00,2633.00,3657,1,38,9,0,0,43,Ruck OOA,574,Secured,583,Own Team 1st Entry,588,OOA Entry 1st Entry- Att,632,Attacking OOA,0,1,0,,0,,0,,0,,0,,0,0,0,0,,2,38,41,0,3,953,Canada,951,Romania,12/07/2024,19:00,13,10,35,22,13,10,1146,TD Place,-1,NA,1,2023,05,5,Lock (5),0,,0,,1000761,Hollie Davidson,1001076,Kat Roche,1001022,Luke Rogan,-1,,3,International,N,L
1144,941540,39780,Stefan Buruiana,951,Romania,2633.72,2633.72,3658,1,38,9,0,0,43,Ruck OOA,574,Secured,584,Own Team 2nd Entry,589,OOA Entry 2nd Entry- Att,632,Attacking OOA,0,2,0,,0,,0,,0,,0,,0,0,0,0,,2,38,41,0,3,953,Canada,951,Romania,12/07/2024,19:00,13,10,35,22,13,10,1146,TD Place,-1,NA,1,2023,02,2,Hooker,0,,0,,1000761,Hollie Davidson,1001076,Kat Roche,1001022,Luke Rogan,-1,,3,International,N,L
1145,941540,34051,Iulian Hartig,951,Romania,2634.72,2634.72,3659,1,38,9,0,0,43,Ruck OOA,575,Attended,585,Own Team 3rd Entry,590,OOA Entry 3rd Entry- Att,632,Attacking OOA,0,3,0,,0,,0,,0,,0,,0,0,0,0,,2,38,41,0,3,953,Canada,951,Romania,12/07/2024,19:00,13,10,35,22,13,10,1146,TD Place,-1,NA,1,2023,01,1,Loosehead Prop,0,,0,,1000761,Hollie Davidson,1001076,Kat Roche,1001022,Luke Rogan,-1,,3,International,N,L
1146,941540,29377,Liam Murray,953,Canada,2639.12,2639.12,3703,1,62,59,0,0,43,Ruck OOA,577,Not Clearing,583,Own Team 1st Entry,603,OOA Entry 1st Entry- Def,633,Defensive OOA,0,1,0,,0,,0,,0,,0,,0,0,0,0,,2,38,41,0,3,953,Canada,951,Romania,12/07/2024,19:00,13,10,35,22,13,10,1146,TD Place,-1,NA,1,2023,01,1,Loosehead Prop,0,,0,,1000761,Hollie Davidson,1001076,Kat Roche,1001022,Luke Rogan,-1,,3,International,Y,W
1147,941540,57666,Alin Conache,951,Romania,2639.56,2639.56,3704,1,38,9,0,0,18,Collection,631,General Catch,0,,0,,0,,0,,0,,0,,0,,0,,0,,0,0,0,0,,3,38,41,0,3,953,Canada,951,Romania,12/07/2024,19:00,13,10,35,22,13,10,1146,TD Place,-1,NA,1,2023,09,9,Scrum Half,0,,0,,1000761,Hollie Davidson,1001076,Kat Roche,1001022,Luke Rogan,-1,,3,International,N,L
1148,941540,57666,Alin Conache,951,Romania,2639.56,2639.56,3704,1,38,9,0,0,47,Playmaker Options,671,Halfback at Breakdown,674,Playmaker Option - Kick,0,,0,,0,,0,,0,,0,,0,,0,,0,0,0,0,,3,38,41,0,3,953,Canada,951,Romania,12/07/2024,19:00,13,10,35,22,13,10,1146,TD Place,-1,NA,1,2023,09,9,Scrum Half,0,,0,,1000761,Hollie Davidson,1001076,Kat Roche,1001022,Luke Rogan,-1,,3,International,N,L
1149,941540,57666,Alin Conache,951,Romania,2639.60,2643.64,3704,1,38,9,38,9,4,Kick,346,Box,195,Error - Out of Play,185,Kick in Play,0,,0,,0,,0,,0,,0,,0,,0,0,0,0,,3,38,41,0,3,953,Canada,951,Romania,12/07/2024,19:00,13,10,35,22,13,10,1146,TD Place,-1,NA,1,2023,09,9,Scrum Half,0,,0,,1000761,Hollie Davidson,1001076,Kat Roche,1001022,Luke Rogan,-1,,3,International,N,L
1150,941540,57666,Alin Conache,951,Romania,2643.64,2643.64,3708,1,38,9,0,0,8,Turnover,261,Kick Error,677,Error on Attack,0,,0,,0,,0,,0,,0,,0,,0,,0,0,0,0,,3,38,41,0,3,953,Canada,951,Romania,12/07/2024,19:00,13,10,35,22,13,10,1146,TD Place,-1,NA,1,2023,09,9,Scrum Half,0,,0,,1000761,Hollie Davidson,1001076,Kat Roche,1001022,Luke Rogan,-1,,3,International,N,L
1151,941540,0,,953,Canada,2609.00,2644.60,3709,1,38,54,62,68,26,Sequences,309,Scrum,413,Kick Error,0,,0,,0,,0,,0,,0,,0,,0,,24,0,0,0,,3,38,41,0,3,953,Canada,951,Romania,12/07/2024,19:00,13,10,35,22,13,10,1146,TD Place,-1,NA,1,2023,,,,0,,0,,1000761,Hollie Davidson,1001076,Kat Roche,1001022,Luke Rogan,-1,,3,International,Y,W
1152,941540,0,,951,Romania,2620.08,2644.60,3709,1,28,9,38,0,15,Possession,311,Kick Return,413,Kick Error,0,,684,Fails to enter into Opposition 22,0,,0,,0,,0,,0,,0,,10,0,0,0,,3,38,41,0,3,953,Canada,951,Romania,12/07/2024,19:00,13,10,35,22,13,10,1146,TD Place,-1,NA,1,2023,,,,0,,0,,1000761,Hollie Davidson,1001076,Kat Roche,1001022,Luke Rogan,-1,,3,International,N,L
1153,941540,25189,Andrew Quattrin,953,Canada,2674.92,2676.44,3739,1,62,68,61,58,6,Lineout Throw,372,Throw Middle,376,Won Clean Catch,211,Off The Top,0,6,659,Wide Left Open Movement Lineout,731,6 Players,724,Halfback in Position,0,,0,,0,,10,0,9,56,,1,39,42,0,3,953,Canada,951,Romania,12/07/2024,19:00,13,10,35,22,13,10,1146,TD Place,-1,NA,1,2023,02,2,Hooker,0,,0,,1000761,Hollie Davidson,1001076,Kat Roche,1001022,Luke Rogan,-1,,3,International,Y,W
1154,941540,38465,Mason Flesch,953,Canada,2676.44,2676.44,3740,1,61,58,0,0,27,Lineout Take,387,Lineout Win Middle,376,Won Clean,211,Off The Top,396,Clean Catch,0,,0,,0,,0,,0,,0,,0,0,0,0,,1,39,42,0,3,953,Canada,951,Romania,12/07/2024,19:00,13,10,35,22,13,10,1146,TD Place,-1,NA,1,2023,06,6,Blindside Flanker,0,,0,,1000761,Hollie Davidson,1001076,Kat Roche,1001022,Luke Rogan,-1,,3,International,Y,W
1155,941540,38465,Mason Flesch,953,Canada,2676.64,2677.76,3741,1,61,58,58,59,3,Pass,169,Complete,0,,679,Short Pass,682,Right Pass,700,0th Receiver,0,,0,,0,,0,,0,,0,4,4,0,,1,39,42,0,3,953,Canada,951,Romania,12/07/2024,19:00,13,10,35,22,13,10,1146,TD Place,-1,NA,1,2023,06,6,Blindside Flanker,0,,0,,1000761,Hollie Davidson,1001076,Kat Roche,1001022,Luke Rogan,-1,,3,International,Y,W
1156,941540,38159,Jason Higgins,953,Canada,2677.76,2677.76,3742,1,58,59,0,0,18,Collection,631,General Catch,0,,0,,0,,0,,0,,0,,0,,0,,0,,0,0,0,0,,1,39,42,0,3,953,Canada,951,Romania,12/07/2024,19:00,13,10,35,22,13,10,1146,TD Place,-1,NA,1,2023,09,9,Scrum Half,0,,0,,1000761,Hollie Davidson,1001076,Kat Roche,1001022,Luke Rogan,-1,,3,International,Y,W
1157,941540,38159,Jason Higgins,953,Canada,2677.80,2679.08,3742,1,58,57,57,44,3,Pass,169,Complete,0,,686,Medium Pass,681,Left Pass,701,1st Receiver,0,,0,,0,,0,,0,,14,14,1,0,,1,39,42,0,3,953,Canada,951,Romania,12/07/2024,19:00,13,10,35,22,13,10,1146,TD Place,-1,NA,1,2023,09,9,Scrum Half,0,,0,,1000761,Hollie Davidson,1001076,Kat Roche,1001022,Luke Rogan,-1,,3,International,Y,W
1158,941540,19391,Peter Nelson,953,Canada,2679.08,2679.08,3743,1,57,44,0,0,18,Collection,631,General Catch,0,,0,,0,,0,,0,,0,,0,,0,,0,,0,0,0,0,,1,39,42,0,3,953,Canada,951,Romania,12/07/2024,19:00,13,10,35,22,13,10,1146,TD Place,-1,NA,1,2023,10,10,Fly Half,0,,0,,1000761,Hollie Davidson,1001076,Kat Roche,1001022,Luke Rogan,-1,,3,International,Y,W
1159,941540,19391,Peter Nelson,953,Canada,2679.12,2680.28,3743,1,59,43,58,33,3,Pass,169,Complete,0,,686,Medium Pass,681,Left Pass,702,2nd Receiver,0,,0,,0,,0,,0,,10,10,2,0,,1,39,42,0,3,953,Canada,951,Romania,12/07/2024,19:00,13,10,35,22,13,10,1146,TD Place,-1,NA,1,2023,10,10,Fly Half,0,,0,,1000761,Hollie Davidson,1001076,Kat Roche,1001022,Luke Rogan,-1,,3,International,Y,W
1160,941540,64048,Talon McMullin,953,Canada,2680.28,2680.28,3744,1,58,33,0,0,18,Collection,631,General Catch,0,,0,,0,,0,,0,,0,,0,,0,,0,,0,0,0,0,,1,39,42,0,3,953,Canada,951,Romania,12/07/2024,19:00,13,10,35,22,13,10,1146,TD Place,-1,NA,1,2023,12,12,Inside Centre,0,,0,,1000761,Hollie Davidson,1001076,Kat Roche,1001022,Luke Rogan,-1,,3,International,Y,W
1161,941540,64048,Talon McMullin,953,Canada,2680.32,2681.88,3744,1,61,33,57,25,3,Pass,169,Complete,0,,686,Medium Pass,681,Left Pass,703,3rd Receiver,0,,0,,0,,0,,0,,9,9,4,0,,1,39,42,0,3,953,Canada,951,Romania,12/07/2024,19:00,13,10,35,22,13,10,1146,TD Place,-1,NA,1,2023,12,12,Inside Centre,0,,0,,1000761,Hollie Davidson,1001076,Kat Roche,1001022,Luke Rogan,-1,,3,International,Y,W
1162,941540,25195,Ben LeSage,953,Canada,2680.44,2680.44,3744,1,61,33,0,0,10,Attacking Qualities,528,Decoy,0,,0,,0,,0,,0,,0,,0,,0,,0,,0,0,0,0,,1,39,42,0,3,953,Canada,951,Romania,12/07/2024,19:00,13,10,35,22,13,10,1146,TD Place,-1,NA,1,2023,13,13,Outside Centre,0,,0,,1000761,Hollie Davidson,1001076,Kat Roche,1001022,Luke Rogan,-1,,3,International,Y,W
1163,941540,19391,Peter Nelson,953,Canada,2681.88,2681.88,3746,1,57,25,0,0,18,Collection,631,General Catch,0,,0,,0,,0,,0,,0,,0,,0,,0,,0,0,0,0,,1,39,42,0,3,953,Canada,951,Romania,12/07/2024,19:00,13,10,35,22,13,10,1146,TD Place,-1,NA,1,2023,10,10,Fly Half,0,,0,,1000761,Hollie Davidson,1001076,Kat Roche,1001022,Luke Rogan,-1,,3,International,Y,W
1164,941540,19391,Peter Nelson,953,Canada,2681.92,2683.88,3746,1,60,23,58,6,3,Pass,169,Complete,0,,680,Long Pass,681,Left Pass,704,4th Receiver,0,,0,,0,,0,,0,,17,17,2,0,,1,39,42,0,3,953,Canada,951,Romania,12/07/2024,19:00,13,10,35,22,13,10,1146,TD Place,-1,NA,1,2023,10,10,Fly Half,0,,0,,1000761,Hollie Davidson,1001076,Kat Roche,1001022,Luke Rogan,-1,,3,International,Y,W
1165,941540,38501,Nic Benn,953,Canada,2683.88,2683.88,3748,1,58,6,0,0,18,Collection,631,General Catch,0,,0,,0,,0,,0,,0,,0,,0,,0,,0,0,0,0,,1,39,42,0,3,953,Canada,951,Romania,12/07/2024,19:00,13,10,35,22,13,10,1146,TD Place,-1,NA,1,2023,11,11,Left Wing,0,,0,,1000761,Hollie Davidson,1001076,Kat Roche,1001022,Luke Rogan,-1,,3,International,Y,W
1166,941540,38501,Nic Benn,953,Canada,2683.88,2685.84,3748,1,58,6,71,4,1,Carry,103,Other Carry,108,Tackled Neutral,109,Crossed Gain line,461,Neutral Contact,501,1 Tacklers Committed,705,5th+ Receiver,0,,0,,0,,0,,9,13,1,1,,1,39,42,0,3,953,Canada,951,Romania,12/07/2024,19:00,13,10,35,22,13,10,1146,TD Place,-1,NA,1,2023,11,11,Left Wing,0,,0,,1000761,Hollie Davidson,1001076,Kat Roche,1001022,Luke Rogan,-1,,3,International,Y,W
1167,941540,60960,Mihai Graure,951,Romania,2685.36,2685.36,3749,1,30,63,0,0,2,Tackle,144,Line,153,Complete,0,,474,Neutral Tackle,708,1st Tackler,0,,0,,0,,0,,0,,0,0,0,0,,1,39,42,0,3,953,Canada,951,Romania,12/07/2024,19:00,13,10,35,22,13,10,1146,TD Place,-1,NA,1,2023,13,13,Outside Centre,0,,0,,1000761,Hollie Davidson,1001076,Kat Roche,1001022,Luke Rogan,-1,,3,International,N,L
1168,941540,38501,Nic Benn,953,Canada,2685.84,2688.80,3750,1,71,4,0,0,23,Ruck,0,,401,Won Outright,548,Over Previous Gainline,554,2-3 Seconds,664,Close Right Open Movement Ruck,0,,0,,0,,0,,0,,0,0,2,6,,1,39,42,0,3,953,Canada,951,Romania,12/07/2024,19:00,13,10,35,22,13,10,1146,TD Place,-1,NA,1,2023,11,11,Left Wing,0,,0,,1000761,Hollie Davidson,1001076,Kat Roche,1001022,Luke Rogan,-1,,3,International,Y,W
1169,941540,33642,Cooper Coats,953,Canada,2687.44,2687.44,3751,1,71,4,0,0,43,Ruck OOA,574,Secured,583,Own Team 1st Entry,588,OOA Entry 1st Entry- Att,632,Attacking OOA,0,1,0,,0,,0,,0,,0,,0,0,0,0,,1,39,42,0,3,953,Canada,951,Romania,12/07/2024,19:00,13,10,35,22,13,10,1146,TD Place,-1,NA,1,2023,15,15,Full Back,0,,0,,1000761,Hollie Davidson,1001076,Kat Roche,1001022,Luke Rogan,-1,,3,International,Y,W
1170,941540,25183,Lucas Rumball,953,Canada,2688.08,2688.08,3752,1,71,4,0,0,43,Ruck OOA,574,Secured,584,Own Team 2nd Entry,589,OOA Entry 2nd Entry- Att,632,Attacking OOA,0,2,0,,0,,0,,0,,0,,0,0,0,0,,1,39,42,0,3,953,Canada,951,Romania,12/07/2024,19:00,13,10,35,22,13,10,1146,TD Place,-1,NA,1,2023,08,8,Number 8,0,,0,,1000761,Hollie Davidson,1001076,Kat Roche,1001022,Luke Rogan,-1,,3,International,Y,W
1171,941540,33463,Paul Popoaia,951,Romania,2688.68,2688.68,3753,1,29,64,0,0,43,Ruck OOA,577,Not Clearing,583,Own Team 1st Entry,603,OOA Entry 1st Entry- Def,633,Defensive OOA,0,1,0,,0,,0,,0,,0,,0,0,0,0,,1,39,42,0,3,953,Canada,951,Romania,12/07/2024,19:00,13,10,35,22,13,10,1146,TD Place,-1,NA,1,2023,15,15,Full Back,0,,0,,1000761,Hollie Davidson,1001076,Kat Roche,1001022,Luke Rogan,-1,,3,International,N,L
1172,941540,38159,Jason Higgins,953,Canada,2688.80,2688.80,3753,1,71,4,0,0,18,Collection,631,General Catch,0,,0,,0,,0,,0,,0,,0,,0,,0,,0,0,0,0,,2,39,42,0,3,953,Canada,951,Romania,12/07/2024,19:00,13,10,35,22,13,10,1146,TD Place,-1,NA,1,2023,09,9,Scrum Half,0,,0,,1000761,Hollie Davidson,1001076,Kat Roche,1001022,Luke Rogan,-1,,3,International,Y,W
1173,941540,38159,Jason Higgins,953,Canada,2688.80,2688.80,3753,1,71,4,0,0,47,Playmaker Options,671,Halfback at Breakdown,675,Playmaker Option - Pass,0,,0,,0,,0,,0,,0,,0,,0,,0,0,0,0,,2,39,42,0,3,953,Canada,951,Romania,12/07/2024,19:00,13,10,35,22,13,10,1146,TD Place,-1,NA,1,2023,09,9,Scrum Half,0,,0,,1000761,Hollie Davidson,1001076,Kat Roche,1001022,Luke Rogan,-1,,3,International,Y,W
1174,941540,38159,Jason Higgins,953,Canada,2689.40,2690.08,3753,1,71,4,70,10,3,Pass,169,Complete,0,,686,Medium Pass,682,Right Pass,700,0th Receiver,0,,0,,0,,0,,0,,7,7,1,0,,2,39,42,0,3,953,Canada,951,Romania,12/07/2024,19:00,13,10,35,22,13,10,1146,TD Place,-1,NA,1,2023,09,9,Scrum Half,0,,0,,1000761,Hollie Davidson,1001076,Kat Roche,1001022,Luke Rogan,-1,,3,International,Y,W
1175,941540,25181,Kyle Baillie,953,Canada,2690.08,2690.08,3754,1,70,10,0,0,18,Collection,631,General Catch,0,,0,,0,,0,,0,,0,,0,,0,,0,,0,0,0,0,,2,39,42,0,3,953,Canada,951,Romania,12/07/2024,19:00,13,10,35,22,13,10,1146,TD Place,-1,NA,1,2023,05,5,Lock (5),0,,0,,1000761,Hollie Davidson,1001076,Kat Roche,1001022,Luke Rogan,-1,,3,International,Y,W
1176,941540,25181,Kyle Baillie,953,Canada,2690.08,2690.08,3754,1,70,10,0,0,47,Playmaker Options,656,First Receiver,673,Playmaker Option - Carry,0,,0,,0,,0,,0,,0,,0,,0,,0,0,0,0,,2,39,42,0,3,953,Canada,951,Romania,12/07/2024,19:00,13,10,35,22,13,10,1146,TD Place,-1,NA,1,2023,05,5,Lock (5),0,,0,,1000761,Hollie Davidson,1001076,Kat Roche,1001022,Luke Rogan,-1,,3,International,Y,W
1177,941540,25181,Kyle Baillie,953,Canada,2690.08,2691.52,3754,1,70,10,72,10,1,Carry,101,One Out Drive,108,Tackled Neutral,109,Crossed Gain line,461,Neutral Contact,501,1 Tacklers Committed,701,1st Receiver,0,,0,,0,,0,,2,2,1,1,,2,39,42,0,3,953,Canada,951,Romania,12/07/2024,19:00,13,10,35,22,13,10,1146,TD Place,-1,NA,1,2023,05,5,Lock (5),0,,0,,1000761,Hollie Davidson,1001076,Kat Roche,1001022,Luke Rogan,-1,,3,International,Y,W
1178,941540,36759,Dragos Ser,951,Romania,2690.44,2690.44,3754,1,28,58,0,0,2,Tackle,144,Line,153,Complete,0,,474,Neutral Tackle,708,1st Tackler,0,,0,,0,,0,,0,,0,0,0,0,,2,39,42,0,3,953,Canada,951,Romania,12/07/2024,19:00,13,10,35,22,13,10,1146,TD Place,-1,NA,1,2023,07,7,Openside Flanker,0,,0,,1000761,Hollie Davidson,1001076,Kat Roche,1001022,Luke Rogan,-1,,3,International,N,L
1179,941540,25181,Kyle Baillie,953,Canada,2691.52,2692.88,3755,1,72,10,0,0,23,Ruck,0,,401,Won Outright,548,Over Previous Gainline,553,1-2 Seconds,664,Close Right Open Movement Ruck,0,,0,,0,,0,,0,,0,0,-5,5,,2,39,42,0,3,953,Canada,951,Romania,12/07/2024,19:00,13,10,35,22,13,10,1146,TD Place,-1,NA,1,2023,05,5,Lock (5),0,,0,,1000761,Hollie Davidson,1001076,Kat Roche,1001022,Luke Rogan,-1,,3,International,Y,W
1180,941540,29377,Liam Murray,953,Canada,2692.64,2692.64,3757,1,72,10,0,0,43,Ruck OOA,574,Secured,583,Own Team 1st Entry,588,OOA Entry 1st Entry- Att,632,Attacking OOA,0,1,0,,0,,0,,0,,0,,0,0,0,0,,2,39,42,0,3,953,Canada,951,Romania,12/07/2024,19:00,13,10,35,22,13,10,1146,TD Place,-1,NA,1,2023,01,1,Loosehead Prop,0,,0,,1000761,Hollie Davidson,1001076,Kat Roche,1001022,Luke Rogan,-1,,3,International,Y,W
1181,941540,25183,Lucas Rumball,953,Canada,2692.84,2692.84,3757,1,72,10,0,0,43,Ruck OOA,575,Attended,584,Own Team 2nd Entry,589,OOA Entry 2nd Entry- Att,632,Attacking OOA,0,2,0,,0,,0,,0,,0,,0,0,0,0,,2,39,42,0,3,953,Canada,951,Romania,12/07/2024,19:00,13,10,35,22,13,10,1146,TD Place,-1,NA,1,2023,08,8,Number 8,0,,0,,1000761,Hollie Davidson,1001076,Kat Roche,1001022,Luke Rogan,-1,,3,International,Y,W
1182,941540,38159,Jason Higgins,953,Canada,2692.88,2692.88,3757,1,72,10,0,0,18,Collection,631,General Catch,0,,0,,0,,0,,0,,0,,0,,0,,0,,0,0,0,0,,3,39,42,0,3,953,Canada,951,Romania,12/07/2024,19:00,13,10,35,22,13,10,1146,TD Place,-1,NA,1,2023,09,9,Scrum Half,0,,0,,1000761,Hollie Davidson,1001076,Kat Roche,1001022,Luke Rogan,-1,,3,International,Y,W
1183,941540,38159,Jason Higgins,953,Canada,2692.88,2692.88,3757,1,72,10,0,0,47,Playmaker Options,671,Halfback at Breakdown,675,Playmaker Option - Pass,0,,0,,0,,0,,0,,0,,0,,0,,0,0,0,0,,3,39,42,0,3,953,Canada,951,Romania,12/07/2024,19:00,13,10,35,22,13,10,1146,TD Place,-1,NA,1,2023,09,9,Scrum Half,0,,0,,1000761,Hollie Davidson,1001076,Kat Roche,1001022,Luke Rogan,-1,,3,International,Y,W
1184,941540,38159,Jason Higgins,953,Canada,2693.48,2694.24,3757,1,72,10,67,16,3,Pass,169,Complete,0,,686,Medium Pass,682,Right Pass,700,0th Receiver,0,,0,,0,,0,,0,,7,9,6,0,,3,39,42,0,3,953,Canada,951,Romania,12/07/2024,19:00,13,10,35,22,13,10,1146,TD Place,-1,NA,1,2023,09,9,Scrum Half,0,,0,,1000761,Hollie Davidson,1001076,Kat Roche,1001022,Luke Rogan,-1,,3,International,Y,W
1185,941540,38465,Mason Flesch,953,Canada,2694.24,2694.24,3758,1,67,16,0,0,18,Collection,631,General Catch,0,,0,,0,,0,,0,,0,,0,,0,,0,,0,0,0,0,,3,39,42,0,3,953,Canada,951,Romania,12/07/2024,19:00,13,10,35,22,13,10,1146,TD Place,-1,NA,1,2023,06,6,Blindside Flanker,0,,0,,1000761,Hollie Davidson,1001076,Kat Roche,1001022,Luke Rogan,-1,,3,International,Y,W
1186,941540,38465,Mason Flesch,953,Canada,2694.24,2694.24,3758,1,67,16,0,0,47,Playmaker Options,656,First Receiver,673,Playmaker Option - Carry,0,,0,,0,,0,,0,,0,,0,,0,,0,0,0,0,,3,39,42,0,3,953,Canada,951,Romania,12/07/2024,19:00,13,10,35,22,13,10,1146,TD Place,-1,NA,1,2023,06,6,Blindside Flanker,0,,0,,1000761,Hollie Davidson,1001076,Kat Roche,1001022,Luke Rogan,-1,,3,International,Y,W
1187,941540,38465,Mason Flesch,953,Canada,2694.24,2696.44,3758,1,67,16,68,14,1,Carry,101,One Out Drive,108,Tackled Neutral,111,Failed Gain line,461,Neutral Contact,501,1 Tacklers Committed,701,1st Receiver,0,,0,,0,,0,,0,1,0,0,,3,39,42,0,3,953,Canada,951,Romania,12/07/2024,19:00,13,10,35,22,13,10,1146,TD Place,-1,NA,1,2023,06,6,Blindside Flanker,0,,0,,1000761,Hollie Davidson,1001076,Kat Roche,1001022,Luke Rogan,-1,,3,International,Y,W
1188,941540,34051,Iulian Hartig,951,Romania,2694.88,2694.88,3759,1,32,52,0,0,2,Tackle,144,Line,153,Complete,0,,474,Neutral Tackle,708,1st Tackler,0,,0,,0,,0,,0,,0,0,0,0,,3,39,42,0,3,953,Canada,951,Romania,12/07/2024,19:00,13,10,35,22,13,10,1146,TD Place,-1,NA,1,2023,01,1,Loosehead Prop,0,,0,,1000761,Hollie Davidson,1001076,Kat Roche,1001022,Luke Rogan,-1,,3,International,N,L
1189,941540,38465,Mason Flesch,953,Canada,2696.44,2699.84,3800,1,68,14,0,0,23,Ruck,0,,401,Won Outright,549,Behind Previous Gainline,555,3-4 Seconds,664,Close Right Open Movement Ruck,0,,0,,0,,0,,0,,0,0,0,8,,3,39,42,0,3,953,Canada,951,Romania,12/07/2024,19:00,13,10,35,22,13,10,1146,TD Place,-1,NA,1,2023,06,6,Blindside Flanker,0,,0,,1000761,Hollie Davidson,1001076,Kat Roche,1001022,Luke Rogan,-1,,3,International,Y,W
1190,941540,29377,Liam Murray,953,Canada,2697.40,2697.40,3801,1,68,14,0,0,43,Ruck OOA,574,Secured,583,Own Team 1st Entry,588,OOA Entry 1st Entry- Att,632,Attacking OOA,0,1,0,,0,,0,,0,,0,,0,0,0,0,,3,39,42,0,3,953,Canada,951,Romania,12/07/2024,19:00,13,10,35,22,13,10,1146,TD Place,-1,NA,1,2023,01,1,Loosehead Prop,0,,0,,1000761,Hollie Davidson,1001076,Kat Roche,1001022,Luke Rogan,-1,,3,International,Y,W
1191,941540,25189,Andrew Quattrin,953,Canada,2697.60,2697.60,3802,1,68,14,0,0,43,Ruck OOA,574,Secured,584,Own Team 2nd Entry,589,OOA Entry 2nd Entry- Att,632,Attacking OOA,0,2,0,,0,,0,,0,,0,,0,0,0,0,,3,39,42,0,3,953,Canada,951,Romania,12/07/2024,19:00,13,10,35,22,13,10,1146,TD Place,-1,NA,1,2023,02,2,Hooker,0,,0,,1000761,Hollie Davidson,1001076,Kat Roche,1001022,Luke Rogan,-1,,3,International,Y,W
1192,941540,20983,Tevita Manumua,951,Romania,2698.40,2698.40,3802,1,32,54,0,0,43,Ruck OOA,577,Not Clearing,583,Own Team 1st Entry,603,OOA Entry 1st Entry- Def,633,Defensive OOA,0,1,0,,0,,0,,0,,0,,0,0,0,0,,3,39,42,0,3,953,Canada,951,Romania,12/07/2024,19:00,13,10,35,22,13,10,1146,TD Place,-1,NA,1,2023,11,11,Left Wing,0,,0,,1000761,Hollie Davidson,1001076,Kat Roche,1001022,Luke Rogan,-1,,3,International,N,L
1193,941540,38159,Jason Higgins,953,Canada,2699.84,2699.84,3804,1,68,14,0,0,18,Collection,631,General Catch,0,,0,,0,,0,,0,,0,,0,,0,,0,,0,0,0,0,,4,39,42,0,3,953,Canada,951,Romania,12/07/2024,19:00,13,10,35,22,13,10,1146,TD Place,-1,NA,1,2023,09,9,Scrum Half,0,,0,,1000761,Hollie Davidson,1001076,Kat Roche,1001022,Luke Rogan,-1,,3,International,Y,W
1194,941540,38159,Jason Higgins,953,Canada,2699.84,2699.84,3804,1,68,14,0,0,47,Playmaker Options,671,Halfback at Breakdown,675,Playmaker Option - Pass,0,,0,,0,,0,,0,,0,,0,,0,,0,0,0,0,,4,39,42,0,3,953,Canada,951,Romania,12/07/2024,19:00,13,10,35,22,13,10,1146,TD Place,-1,NA,1,2023,09,9,Scrum Half,0,,0,,1000761,Hollie Davidson,1001076,Kat Roche,1001022,Luke Rogan,-1,,3,International,Y,W
1195,941540,38159,Jason Higgins,953,Canada,2700.32,2701.72,3804,1,68,14,66,23,3,Pass,169,Complete,0,,686,Medium Pass,682,Right Pass,700,0th Receiver,0,,0,,0,,0,,0,,9,9,2,0,,4,39,42,0,3,953,Canada,951,Romania,12/07/2024,19:00,13,10,35,22,13,10,1146,TD Place,-1,NA,1,2023,09,9,Scrum Half,0,,0,,1000761,Hollie Davidson,1001076,Kat Roche,1001022,Luke Rogan,-1,,3,International,Y,W
1196,941540,33151,Vlad Neculau,951,Romania,2700.40,2700.40,3804,1,32,54,0,0,7,Penalty Conceded,219,Offside,236,No Action,215,Defence,233,Full Penalty,444,Offside in General Play,0,,0,,0,,0,,0,,0,0,0,0,,4,39,42,0,3,953,Canada,951,Romania,12/07/2024,19:00,13,10,35,22,13,10,1146,TD Place,-1,NA,1,2023,06,6,Blindside Flanker,0,,0,,1000761,Hollie Davidson,1001076,Kat Roche,1001022,Luke Rogan,-1,,3,International,N,L
1197,941540,0,,953,Canada,2701.68,2701.68,3806,1,66,23,0,0,20,Ref Review,245,Advantage,0,,0,,0,,0,,0,,0,,0,,0,,0,,0,0,0,0,,4,39,42,0,3,953,Canada,951,Romania,12/07/2024,19:00,13,10,35,22,13,10,1146,TD Place,-1,NA,1,2023,,,,0,,0,,1000761,Hollie Davidson,1001076,Kat Roche,1001022,Luke Rogan,-1,,3,International,Y,W
1198,941540,27090,Conor Keys,953,Canada,2701.72,2701.72,3806,1,66,23,0,0,18,Collection,631,General Catch,0,,0,,0,,0,,0,,0,,0,,0,,0,,0,0,0,0,,4,39,42,0,3,953,Canada,951,Romania,12/07/2024,19:00,13,10,35,22,13,10,1146,TD Place,-1,NA,1,2023,04,4,Lock (4),0,,0,,1000761,Hollie Davidson,1001076,Kat Roche,1001022,Luke Rogan,-1,,3,International,Y,W
1199,941540,27090,Conor Keys,953,Canada,2701.72,2701.72,3806,1,66,23,0,0,47,Playmaker Options,656,First Receiver,673,Playmaker Option - Carry,0,,0,,0,,0,,0,,0,,0,,0,,0,0,0,0,,4,39,42,0,3,953,Canada,951,Romania,12/07/2024,19:00,13,10,35,22,13,10,1146,TD Place,-1,NA,1,2023,04,4,Lock (4),0,,0,,1000761,Hollie Davidson,1001076,Kat Roche,1001022,Luke Rogan,-1,,3,International,Y,W
1200,941540,27090,Conor Keys,953,Canada,2701.72,2702.48,3806,1,66,23,68,22,1,Carry,101,One Out Drive,108,Tackled Neutral,110,Neutral Gain line,461,Neutral Contact,502,2 Tacklers Committed,701,1st Receiver,0,,0,,0,,0,,0,2,0,0,,4,39,42,0,3,953,Canada,951,Romania,12/07/2024,19:00,13,10,35,22,13,10,1146,TD Place,-1,NA,1,2023,04,4,Lock (4),0,,0,,1000761,Hollie Davidson,1001076,Kat Roche,1001022,Luke Rogan,-1,,3,International,Y,W
1201,941540,33151,Vlad Neculau,951,Romania,2702.16,2702.16,3806,1,32,46,0,0,2,Tackle,144,Line,153,Complete,0,,474,Neutral Tackle,708,1st Tackler,0,,0,,0,,0,,0,,0,0,0,0,,4,39,42,0,3,953,Canada,951,Romania,12/07/2024,19:00,13,10,35,22,13,10,1146,TD Place,-1,NA,1,2023,06,6,Blindside Flanker,0,,0,,1000761,Hollie Davidson,1001076,Kat Roche,1001022,Luke Rogan,-1,,3,International,N,L
1202,941540,34051,Iulian Hartig,951,Romania,2702.44,2702.44,3806,1,32,46,0,0,2,Tackle,144,Line,153,Complete,441,Assist,474,Neutral Tackle,709,2nd Tackler,0,,0,,0,,0,,0,,0,0,0,0,,4,39,42,0,3,953,Canada,951,Romania,12/07/2024,19:00,13,10,35,22,13,10,1146,TD Place,-1,NA,1,2023,01,1,Loosehead Prop,0,,0,,1000761,Hollie Davidson,1001076,Kat Roche,1001022,Luke Rogan,-1,,3,International,N,L
1203,941540,27090,Conor Keys,953,Canada,2702.48,2704.56,3806,1,68,22,0,0,23,Ruck,0,,401,Won Outright,550,Equal to Previous  Gainline,554,2-3 Seconds,662,Mid Right Open Movement Ruck,0,,0,,0,,0,,0,,0,0,-1,16,,4,39,42,0,3,953,Canada,951,Romania,12/07/2024,19:00,13,10,35,22,13,10,1146,TD Place,-1,NA,1,2023,04,4,Lock (4),0,,0,,1000761,Hollie Davidson,1001076,Kat Roche,1001022,Luke Rogan,-1,,3,International,Y,W
1204,941540,25183,Lucas Rumball,953,Canada,2703.76,2703.76,3808,1,68,22,0,0,43,Ruck OOA,574,Secured,583,Own Team 1st Entry,588,OOA Entry 1st Entry- Att,632,Attacking OOA,0,1,0,,0,,0,,0,,0,,0,0,0,0,,4,39,42,0,3,953,Canada,951,Romania,12/07/2024,19:00,13,10,35,22,13,10,1146,TD Place,-1,NA,1,2023,08,8,Number 8,0,,0,,1000761,Hollie Davidson,1001076,Kat Roche,1001022,Luke Rogan,-1,,3,International,Y,W
1205,941540,29383,Conor Young,953,Canada,2704.04,2704.04,3808,1,68,22,0,0,43,Ruck OOA,574,Secured,584,Own Team 2nd Entry,589,OOA Entry 2nd Entry- Att,632,Attacking OOA,0,2,0,,0,,0,,0,,0,,0,0,0,0,,4,39,42,0,3,953,Canada,951,Romania,12/07/2024,19:00,13,10,35,22,13,10,1146,TD Place,-1,NA,1,2023,03,3,Tighthead Prop,0,,0,,1000761,Hollie Davidson,1001076,Kat Roche,1001022,Luke Rogan,-1,,3,International,Y,W
1206,941540,38159,Jason Higgins,953,Canada,2704.56,2704.56,3809,1,68,22,0,0,18,Collection,631,General Catch,0,,0,,0,,0,,0,,0,,0,,0,,0,,0,0,0,0,,5,39,42,0,3,953,Canada,951,Romania,12/07/2024,19:00,13,10,35,22,13,10,1146,TD Place,-1,NA,1,2023,09,9,Scrum Half,0,,0,,1000761,Hollie Davidson,1001076,Kat Roche,1001022,Luke Rogan,-1,,3,International,Y,W
1207,941540,38159,Jason Higgins,953,Canada,2704.56,2704.56,3809,1,68,22,0,0,47,Playmaker Options,671,Halfback at Breakdown,675,Playmaker Option - Pass,0,,0,,0,,0,,0,,0,,0,,0,,0,0,0,0,,5,39,42,0,3,953,Canada,951,Romania,12/07/2024,19:00,13,10,35,22,13,10,1146,TD Place,-1,NA,1,2023,09,9,Scrum Half,0,,0,,1000761,Hollie Davidson,1001076,Kat Roche,1001022,Luke Rogan,-1,,3,International,Y,W
1208,941540,38159,Jason Higgins,953,Canada,2705.04,2706.72,3809,1,68,22,65,31,3,Pass,169,Complete,0,,686,Medium Pass,682,Right Pass,700,0th Receiver,0,,0,,0,,0,,0,,10,10,3,0,,5,39,42,0,3,953,Canada,951,Romania,12/07/2024,19:00,13,10,35,22,13,10,1146,TD Place,-1,NA,1,2023,09,9,Scrum Half,0,,0,,1000761,Hollie Davidson,1001076,Kat Roche,1001022,Luke Rogan,-1,,3,International,Y,W
1209,941540,19391,Peter Nelson,953,Canada,2706.72,2706.72,3811,1,65,31,0,0,18,Collection,631,General Catch,0,,0,,0,,0,,0,,0,,0,,0,,0,,0,0,0,0,,5,39,42,0,3,953,Canada,951,Romania,12/07/2024,19:00,13,10,35,22,13,10,1146,TD Place,-1,NA,1,2023,10,10,Fly Half,0,,0,,1000761,Hollie Davidson,1001076,Kat Roche,1001022,Luke Rogan,-1,,3,International,Y,W
1210,941540,19391,Peter Nelson,953,Canada,2706.72,2706.72,3811,1,65,31,0,0,47,Playmaker Options,656,First Receiver,675,Playmaker Option - Pass,0,,0,,0,,0,,0,,0,,0,,0,,0,0,0,0,,5,39,42,0,3,953,Canada,951,Romania,12/07/2024,19:00,13,10,35,22,13,10,1146,TD Place,-1,NA,1,2023,10,10,Fly Half,0,,0,,1000761,Hollie Davidson,1001076,Kat Roche,1001022,Luke Rogan,-1,,3,International,Y,W
1211,941540,19391,Peter Nelson,953,Canada,2706.76,2708.40,3811,1,66,32,62,38,3,Pass,169,Complete,0,,686,Medium Pass,682,Right Pass,701,1st Receiver,0,,0,,0,,0,,0,,6,7,4,0,,5,39,42,0,3,953,Canada,951,Romania,12/07/2024,19:00,13,10,35,22,13,10,1146,TD Place,-1,NA,1,2023,10,10,Fly Half,0,,0,,1000761,Hollie Davidson,1001076,Kat Roche,1001022,Luke Rogan,-1,,3,International,Y,W
1212,941540,33642,Cooper Coats,953,Canada,2708.40,2708.40,3812,1,62,38,0,0,18,Collection,631,General Catch,0,,0,,0,,0,,0,,0,,0,,0,,0,,0,0,0,0,,5,39,42,0,3,953,Canada,951,Romania,12/07/2024,19:00,13,10,35,22,13,10,1146,TD Place,-1,NA,1,2023,15,15,Full Back,0,,0,,1000761,Hollie Davidson,1001076,Kat Roche,1001022,Luke Rogan,-1,,3,International,Y,W
1213,941540,33642,Cooper Coats,953,Canada,2708.40,2708.40,3812,1,62,38,0,0,47,Playmaker Options,657,Second Receiver,673,Playmaker Option - Carry,0,,0,,0,,0,,0,,0,,0,,0,,0,0,0,0,,5,39,42,0,3,953,Canada,951,Romania,12/07/2024,19:00,13,10,35,22,13,10,1146,TD Place,-1,NA,1,2023,15,15,Full Back,0,,0,,1000761,Hollie Davidson,1001076,Kat Roche,1001022,Luke Rogan,-1,,3,International,Y,W
1214,941540,33642,Cooper Coats,953,Canada,2708.40,2710.04,3812,1,62,38,67,37,1,Carry,103,Other Carry,108,Tackled Neutral,111,Failed Gain line,461,Neutral Contact,501,1 Tacklers Committed,702,2nd Receiver,0,,0,,0,,0,,0,5,1,1,,5,39,42,0,3,953,Canada,951,Romania,12/07/2024,19:00,13,10,35,22,13,10,1146,TD Place,-1,NA,1,2023,15,15,Full Back,0,,0,,1000761,Hollie Davidson,1001076,Kat Roche,1001022,Luke Rogan,-1,,3,International,Y,W
1215,941540,23278,Andrei Mahu,951,Romania,2709.72,2709.72,3814,1,34,30,0,0,2,Tackle,144,Line,153,Complete,0,,474,Neutral Tackle,708,1st Tackler,0,,0,,0,,0,,0,,0,0,0,0,,5,39,42,0,3,953,Canada,951,Romania,12/07/2024,19:00,13,10,35,22,13,10,1146,TD Place,-1,NA,1,2023,05,5,Lock (5),0,,0,,1000761,Hollie Davidson,1001076,Kat Roche,1001022,Luke Rogan,-1,,3,International,N,L
1216,941540,33642,Cooper Coats,953,Canada,2710.04,2712.96,3814,1,67,37,0,0,23,Ruck,0,,401,Won Outright,549,Behind Previous Gainline,554,2-3 Seconds,661,Mid Left Open Movement Ruck,0,,0,,0,,0,,0,,0,0,1,21,,5,39,42,0,3,953,Canada,951,Romania,12/07/2024,19:00,13,10,35,22,13,10,1146,TD Place,-1,NA,1,2023,15,15,Full Back,0,,0,,1000761,Hollie Davidson,1001076,Kat Roche,1001022,Luke Rogan,-1,,3,International,Y,W
1217,941540,29316,Nicolaas Immelman,951,Romania,2710.28,2710.28,3814,1,33,31,0,0,43,Ruck OOA,578,Got Cleaned Out,583,Own Team 1st Entry,603,OOA Entry 1st Entry- Def,633,Defensive OOA,0,1,0,,0,,0,,0,,0,,0,0,0,0,,5,39,42,0,3,953,Canada,951,Romania,12/07/2024,19:00,13,10,35,22,13,10,1146,TD Place,-1,NA,1,2023,08,8,Number 8,0,,0,,1000761,Hollie Davidson,1001076,Kat Roche,1001022,Luke Rogan,-1,,3,International,N,L
1218,941540,64048,Talon McMullin,953,Canada,2711.00,2711.00,3815,1,67,37,0,0,43,Ruck OOA,572,Cleaned Out,583,Own Team 1st Entry,588,OOA Entry 1st Entry- Att,632,Attacking OOA,0,1,0,,0,,0,,0,,0,,0,0,0,0,,5,39,42,0,3,953,Canada,951,Romania,12/07/2024,19:00,13,10,35,22,13,10,1146,TD Place,-1,NA,1,2023,12,12,Inside Centre,0,,0,,1000761,Hollie Davidson,1001076,Kat Roche,1001022,Luke Rogan,-1,,3,International,Y,W
1219,941540,25195,Ben LeSage,953,Canada,2712.56,2712.56,3817,1,67,37,0,0,43,Ruck OOA,574,Secured,584,Own Team 2nd Entry,589,OOA Entry 2nd Entry- Att,632,Attacking OOA,0,2,0,,0,,0,,0,,0,,0,0,0,0,,5,39,42,0,3,953,Canada,951,Romania,12/07/2024,19:00,13,10,35,22,13,10,1146,TD Place,-1,NA,1,2023,13,13,Outside Centre,0,,0,,1000761,Hollie Davidson,1001076,Kat Roche,1001022,Luke Rogan,-1,,3,International,Y,W
1220,941540,0,,953,Canada,2712.64,2712.64,3817,1,67,37,0,0,20,Ref Review,245,Advantage,0,,0,,0,,0,,0,,0,,0,,0,,0,,0,0,0,0,,5,39,42,0,3,953,Canada,951,Romania,12/07/2024,19:00,13,10,35,22,13,10,1146,TD Place,-1,NA,1,2023,,,,0,,0,,1000761,Hollie Davidson,1001076,Kat Roche,1001022,Luke Rogan,-1,,3,International,Y,W
1221,941540,38159,Jason Higgins,953,Canada,2712.96,2712.96,3817,1,67,37,0,0,18,Collection,631,General Catch,0,,0,,0,,0,,0,,0,,0,,0,,0,,0,0,0,0,,6,39,42,0,3,953,Canada,951,Romania,12/07/2024,19:00,13,10,35,22,13,10,1146,TD Place,-1,NA,1,2023,09,9,Scrum Half,0,,0,,1000761,Hollie Davidson,1001076,Kat Roche,1001022,Luke Rogan,-1,,3,International,Y,W
1222,941540,38159,Jason Higgins,953,Canada,2712.96,2712.96,3817,1,67,37,0,0,47,Playmaker Options,671,Halfback at Breakdown,675,Playmaker Option - Pass,0,,0,,0,,0,,0,,0,,0,,0,,0,0,0,0,,6,39,42,0,3,953,Canada,951,Romania,12/07/2024,19:00,13,10,35,22,13,10,1146,TD Place,-1,NA,1,2023,09,9,Scrum Half,0,,0,,1000761,Hollie Davidson,1001076,Kat Roche,1001022,Luke Rogan,-1,,3,International,Y,W
1223,941540,38159,Jason Higgins,953,Canada,2713.32,2715.08,3817,1,67,37,64,26,3,Pass,169,Complete,0,,686,Medium Pass,681,Left Pass,700,0th Receiver,0,,0,,0,,0,,0,,12,12,3,0,,6,39,42,0,3,953,Canada,951,Romania,12/07/2024,19:00,13,10,35,22,13,10,1146,TD Place,-1,NA,1,2023,09,9,Scrum Half,0,,0,,1000761,Hollie Davidson,1001076,Kat Roche,1001022,Luke Rogan,-1,,3,International,Y,W
1224,941540,25183,Lucas Rumball,953,Canada,2715.08,2715.08,3819,1,64,26,0,0,18,Collection,631,General Catch,0,,0,,0,,0,,0,,0,,0,,0,,0,,0,0,0,0,,6,39,42,0,3,953,Canada,951,Romania,12/07/2024,19:00,13,10,35,22,13,10,1146,TD Place,-1,NA,1,2023,08,8,Number 8,0,,0,,1000761,Hollie Davidson,1001076,Kat Roche,1001022,Luke Rogan,-1,,3,International,Y,W
1225,941540,25183,Lucas Rumball,953,Canada,2715.08,2715.08,3819,1,64,26,0,0,47,Playmaker Options,656,First Receiver,675,Playmaker Option - Pass,0,,0,,0,,0,,0,,0,,0,,0,,0,0,0,0,,6,39,42,0,3,953,Canada,951,Romania,12/07/2024,19:00,13,10,35,22,13,10,1146,TD Place,-1,NA,1,2023,08,8,Number 8,0,,0,,1000761,Hollie Davidson,1001076,Kat Roche,1001022,Luke Rogan,-1,,3,International,Y,W
1226,941540,25183,Lucas Rumball,953,Canada,2715.12,2717.28,3819,1,65,25,62,20,3,Pass,169,Complete,0,,686,Medium Pass,681,Left Pass,701,1st Receiver,0,,0,,0,,0,,0,,6,7,3,0,,6,39,42,0,3,953,Canada,951,Romania,12/07/2024,19:00,13,10,35,22,13,10,1146,TD Place,-1,NA,1,2023,08,8,Number 8,0,,0,,1000761,Hollie Davidson,1001076,Kat Roche,1001022,Luke Rogan,-1,,3,International,Y,W
1227,941540,19391,Peter Nelson,953,Canada,2717.28,2717.28,3821,1,62,20,0,0,18,Collection,631,General Catch,0,,0,,0,,0,,0,,0,,0,,0,,0,,0,0,0,0,,6,39,42,0,3,953,Canada,951,Romania,12/07/2024,19:00,13,10,35,22,13,10,1146,TD Place,-1,NA,1,2023,10,10,Fly Half,0,,0,,1000761,Hollie Davidson,1001076,Kat Roche,1001022,Luke Rogan,-1,,3,International,Y,W
1228,941540,19391,Peter Nelson,953,Canada,2717.28,2717.28,3821,1,62,20,0,0,47,Playmaker Options,657,Second Receiver,673,Playmaker Option - Carry,0,,0,,0,,0,,0,,0,,0,,0,,0,0,0,0,,6,39,42,0,3,953,Canada,951,Romania,12/07/2024,19:00,13,10,35,22,13,10,1146,TD Place,-1,NA,1,2023,10,10,Fly Half,0,,0,,1000761,Hollie Davidson,1001076,Kat Roche,1001022,Luke Rogan,-1,,3,International,Y,W
1229,941540,19391,Peter Nelson,953,Canada,2717.28,2718.88,3821,1,62,20,67,16,1,Carry,103,Other Carry,108,Tackled Neutral,110,Neutral Gain line,461,Neutral Contact,502,2 Tacklers Committed,702,2nd Receiver,0,,0,,0,,0,,1,6,3,1,,6,39,42,0,3,953,Canada,951,Romania,12/07/2024,19:00,13,10,35,22,13,10,1146,TD Place,-1,NA,1,2023,10,10,Fly Half,0,,0,,1000761,Hollie Davidson,1001076,Kat Roche,1001022,Luke Rogan,-1,,3,International,Y,W
1230,941540,34051,Iulian Hartig,951,Romania,2717.60,2717.60,3822,1,36,51,0,0,2,Tackle,144,Line,161,Missed,0,,475,Ineffective Tackle,708,1st Tackler,0,,0,,0,,0,,0,,0,0,0,0,,6,39,42,0,3,953,Canada,951,Romania,12/07/2024,19:00,13,10,35,22,13,10,1146,TD Place,-1,NA,1,2023,01,1,Loosehead Prop,0,,0,,1000761,Hollie Davidson,1001076,Kat Roche,1001022,Luke Rogan,-1,,3,International,N,L
1231,941540,34051,Iulian Hartig,951,Romania,2717.60,2717.60,3822,1,36,51,0,0,12,Missed Tackle,162,Bumped Off,166,Tackled,0,,0,,0,,0,,0,,0,,0,,0,,0,0,0,0,,6,39,42,0,3,953,Canada,951,Romania,12/07/2024,19:00,13,10,35,22,13,10,1146,TD Place,-1,NA,1,2023,01,1,Loosehead Prop,0,,0,,1000761,Hollie Davidson,1001076,Kat Roche,1001022,Luke Rogan,-1,,3,International,N,L
1232,941540,19391,Peter Nelson,953,Canada,2717.88,2717.88,3822,1,64,17,0,0,10,Attacking Qualities,116,Defender Beaten,0,,0,,0,,0,,0,,0,,0,,0,,0,,0,0,0,0,,6,39,42,0,3,953,Canada,951,Romania,12/07/2024,19:00,13,10,35,22,13,10,1146,TD Place,-1,NA,1,2023,10,10,Fly Half,0,,0,,1000761,Hollie Davidson,1001076,Kat Roche,1001022,Luke Rogan,-1,,3,International,Y,W
1233,941540,60960,Mihai Graure,951,Romania,2718.12,2718.12,3822,1,33,52,0,0,2,Tackle,144,Line,153,Complete,441,Assist,474,Neutral Tackle,709,2nd Tackler,0,,0,,0,,0,,0,,0,0,0,0,,6,39,42,0,3,953,Canada,951,Romania,12/07/2024,19:00,13,10,35,22,13,10,1146,TD Place,-1,NA,1,2023,13,13,Outside Centre,0,,0,,1000761,Hollie Davidson,1001076,Kat Roche,1001022,Luke Rogan,-1,,3,International,N,L
1234,941540,19391,Peter Nelson,953,Canada,2718.88,2720.08,3823,1,67,16,0,0,23,Ruck,0,,452,Unplayable,550,Equal to Previous  Gainline,559,N/A Ruck Speed,676,N/A Movement Ruck,0,,0,,0,,0,,0,,0,0,0,0,,6,39,42,0,3,953,Canada,951,Romania,12/07/2024,19:00,13,10,35,22,13,10,1146,TD Place,-1,NA,1,2023,10,10,Fly Half,0,,0,,1000761,Hollie Davidson,1001076,Kat Roche,1001022,Luke Rogan,-1,,3,International,Y,W
1235,941540,0,,953,Canada,2674.92,2720.08,3824,1,62,68,67,16,15,Possession,306,Lineout,316,Pen Won,0,,684,Fails to enter into Opposition 22,0,,0,,0,,0,,0,,0,,6,0,0,0,,6,39,42,0,3,953,Canada,951,Romania,12/07/2024,19:00,13,10,35,22,13,10,1146,TD Place,-1,NA,1,2023,,,,0,,0,,1000761,Hollie Davidson,1001076,Kat Roche,1001022,Luke Rogan,-1,,3,International,Y,W
1236,941540,0,,953,Canada,2674.92,2720.08,3824,1,62,68,67,16,26,Sequences,306,Lineout,316,Pen Won,0,,0,,0,,0,,0,,0,,0,,0,,6,0,0,0,,6,39,42,0,3,953,Canada,951,Romania,12/07/2024,19:00,13,10,35,22,13,10,1146,TD Place,-1,NA,1,2023,,,,0,,0,,1000761,Hollie Davidson,1001076,Kat Roche,1001022,Luke Rogan,-1,,3,International,Y,W
1237,941540,29377,Liam Murray,953,Canada,2719.84,2719.84,3824,1,67,16,0,0,43,Ruck OOA,574,Secured,583,Own Team 1st Entry,588,OOA Entry 1st Entry- Att,632,Attacking OOA,0,1,0,,0,,0,,0,,0,,0,0,0,0,,6,39,42,0,3,953,Canada,951,Romania,12/07/2024,19:00,13,10,35,22,13,10,1146,TD Place,-1,NA,1,2023,01,1,Loosehead Prop,0,,0,,1000761,Hollie Davidson,1001076,Kat Roche,1001022,Luke Rogan,-1,,3,International,Y,W
1238,941540,38501,Nic Benn,953,Canada,2720.04,2720.04,3824,1,67,16,0,0,43,Ruck OOA,574,Secured,584,Own Team 2nd Entry,589,OOA Entry 2nd Entry- Att,632,Attacking OOA,0,2,0,,0,,0,,0,,0,,0,0,0,0,,6,39,42,0,3,953,Canada,951,Romania,12/07/2024,19:00,13,10,35,22,13,10,1146,TD Place,-1,NA,1,2023,11,11,Left Wing,0,,0,,1000761,Hollie Davidson,1001076,Kat Roche,1001022,Luke Rogan,-1,,3,International,Y,W
1239,941540,19391,Peter Nelson,953,Canada,2778.32,2781.40,3922,1,67,19,107,29,11,Goal Kick,297,Penalty Goal,298,Goal Missed,533,Missed Left,0,,0,,0,,0,,0,,0,,0,,33,37,0,0,,1,39,43,0,3,953,Canada,951,Romania,12/07/2024,19:00,13,10,35,22,13,10,1146,TD Place,-1,NA,1,2023,10,10,Fly Half,0,,0,,1000761,Hollie Davidson,1001076,Kat Roche,1001022,Luke Rogan,-1,,3,International,Y,W
1240,941540,0,,953,Canada,2778.32,2781.40,3925,1,67,19,107,29,26,Sequences,781,Penalty Goal,784,Penalty Goal Missed,0,,0,,0,,0,,0,,0,,0,,0,,33,0,0,0,,1,39,43,0,3,953,Canada,951,Romania,12/07/2024,19:00,13,10,35,22,13,10,1146,TD Place,-1,NA,1,2023,,,,0,,0,,1000761,Hollie Davidson,1001076,Kat Roche,1001022,Luke Rogan,-1,,3,International,Y,W
1241,941540,0,,951,Romania,2818.20,2818.20,4002,1,20,35,0,0,45,Defensive Exits,630,Kicked out of 22,0,,0,,0,,0,,0,,0,,0,,0,,0,,0,0,0,0,,1,39,44,0,3,953,Canada,951,Romania,12/07/2024,19:00,13,10,35,22,13,10,1146,TD Place,-1,NA,1,2023,,,,0,,0,,1000761,Hollie Davidson,1001076,Kat Roche,1001022,Luke Rogan,-1,,3,International,N,L
1242,941540,27747,Hinckley Vaovasa,951,Romania,2818.20,2821.52,4002,1,20,35,67,12,14,Restart,282,22m Restart,286,Restart Opp Collection,288,Long,752,Kicked Left,0,,0,,0,,0,,0,,0,,47,53,24,0,,1,39,44,0,3,953,Canada,951,Romania,12/07/2024,19:00,13,10,35,22,13,10,1146,TD Place,-1,NA,1,2023,10,10,Fly Half,0,,0,,1000761,Hollie Davidson,1001076,Kat Roche,1001022,Luke Rogan,-1,,3,International,N,L
1243,941540,33642,Cooper Coats,953,Canada,2821.52,2821.52,4005,1,33,56,0,0,18,Collection,275,Restart Catch,277,Success,0,,0,,0,,0,,0,,0,,0,,0,,0,0,0,0,,1,40,44,0,3,953,Canada,951,Romania,12/07/2024,19:00,13,10,35,22,13,10,1146,TD Place,-1,NA,1,2023,15,15,Full Back,0,,0,,1000761,Hollie Davidson,1001076,Kat Roche,1001022,Luke Rogan,-1,,3,International,Y,W
1244,941540,33642,Cooper Coats,953,Canada,2821.52,2824.56,4005,1,33,56,43,58,1,Carry,105,Restart Return,120,Kick,109,Crossed Gain line,0,,500,0 Tacklers Committed,700,0th Receiver,0,,0,,0,,0,,10,10,0,0,,1,40,44,0,3,953,Canada,951,Romania,12/07/2024,19:00,13,10,35,22,13,10,1146,TD Place,-1,NA,1,2023,15,15,Full Back,0,,0,,1000761,Hollie Davidson,1001076,Kat Roche,1001022,Luke Rogan,-1,,3,International,Y,W
1245,941540,33642,Cooper Coats,953,Canada,2824.56,2828.84,4009,1,43,58,66,53,4,Kick,187,Bomb,198,Caught Full,185,Kick in Play,0,,0,,0,,0,,0,,0,,0,,23,23,0,0,,1,40,44,0,3,953,Canada,951,Romania,12/07/2024,19:00,13,10,35,22,13,10,1146,TD Place,-1,NA,1,2023,15,15,Full Back,0,,0,,1000761,Hollie Davidson,1001076,Kat Roche,1001022,Luke Rogan,-1,,3,International,Y,W
1246,941540,33642,Cooper Coats,953,Canada,2828.28,2828.28,4012,1,63,53,0,0,40,Defensive Action,561,Aerial Kick Contest,0,,0,,0,,0,,0,,0,,0,,0,,0,,0,0,0,0,,1,40,44,0,3,953,Canada,951,Romania,12/07/2024,19:00,13,10,35,22,13,10,1146,TD Place,-1,NA,1,2023,15,15,Full Back,0,,0,,1000761,Hollie Davidson,1001076,Kat Roche,1001022,Luke Rogan,-1,,3,International,Y,W
1247,941540,0,,953,Canada,2821.52,2828.84,4013,1,33,56,66,53,15,Possession,305,22m Restart,351,Kick in Play,0,,684,Fails to enter into Opposition 22,0,,0,,0,,0,,0,,0,,33,0,0,0,,1,40,44,0,3,953,Canada,951,Romania,12/07/2024,19:00,13,10,35,22,13,10,1146,TD Place,-1,NA,1,2023,,,,0,,0,,1000761,Hollie Davidson,1001076,Kat Roche,1001022,Luke Rogan,-1,,3,International,Y,W
1248,941540,27035,Marius Simionescu,951,Romania,2828.84,2828.84,4013,1,35,15,0,0,18,Collection,273,Defensive Catch,277,Success,0,,0,,0,,0,,0,,0,,0,,0,,0,0,0,0,,1,41,44,0,3,953,Canada,951,Romania,12/07/2024,19:00,13,10,35,22,13,10,1146,TD Place,-1,NA,1,2023,14,14,Right Wing,0,,0,,1000761,Hollie Davidson,1001076,Kat Roche,1001022,Luke Rogan,-1,,3,International,N,L
1249,941540,27035,Marius Simionescu,951,Romania,2828.84,2832.80,4013,1,35,15,40,18,1,Carry,104,Kick Return,119,Error,109,Crossed Gain line,461,Neutral Contact,501,1 Tacklers Committed,700,0th Receiver,0,,0,,0,,0,,6,6,3,3,,1,41,44,0,3,953,Canada,951,Romania,12/07/2024,19:00,13,10,35,22,13,10,1146,TD Place,-1,NA,1,2023,14,14,Right Wing,0,,0,,1000761,Hollie Davidson,1001076,Kat Roche,1001022,Luke Rogan,-1,,3,International,N,L
1250,941540,56146,Ethan Fryer,953,Canada,2829.20,2829.20,4013,1,62,50,0,0,2,Tackle,142,Chase,156,Turnover Won,0,,474,Neutral Tackle,708,1st Tackler,0,,0,,0,,0,,0,,0,0,0,0,,1,41,44,0,3,953,Canada,951,Romania,12/07/2024,19:00,13,10,35,22,13,10,1146,TD Place,-1,NA,1,2023,07,7,Openside Flanker,0,,0,,1000761,Hollie Davidson,1001076,Kat Roche,1001022,Luke Rogan,-1,,3,International,Y,W
1251,941540,27035,Marius Simionescu,951,Romania,2832.80,2832.80,4017,1,40,18,0,0,8,Turnover,256,Lost Ball Forced,677,Error on Attack,0,,0,,0,,0,,0,,0,,0,,0,,0,0,0,0,,1,41,44,0,3,953,Canada,951,Romania,12/07/2024,19:00,13,10,35,22,13,10,1146,TD Place,-1,NA,1,2023,14,14,Right Wing,0,,0,,1000761,Hollie Davidson,1001076,Kat Roche,1001022,Luke Rogan,-1,,3,International,N,L
1252,941540,0,,951,Romania,2828.84,2836.36,4020,1,35,15,61,13,15,Possession,311,Kick Return,318,Turnover,0,,684,Fails to enter into Opposition 22,0,,0,,0,,0,,0,,0,,27,0,0,0,,1,41,44,0,3,953,Canada,951,Romania,12/07/2024,19:00,13,10,35,22,13,10,1146,TD Place,-1,NA,1,2023,,,,0,,0,,1000761,Hollie Davidson,1001076,Kat Roche,1001022,Luke Rogan,-1,,3,International,N,L
1253,941540,0,,953,Canada,2836.32,2836.32,4020,1,39,55,0,0,20,Ref Review,245,Advantage,0,,0,,0,,0,,0,,0,,0,,0,,0,,0,0,0,0,,1,41,44,0,3,953,Canada,951,Romania,12/07/2024,19:00,13,10,35,22,13,10,1146,TD Place,-1,NA,1,2023,,,,0,,0,,1000761,Hollie Davidson,1001076,Kat Roche,1001022,Luke Rogan,-1,,3,International,Y,W
1254,941540,28377,Andrew Coe,953,Canada,2836.36,2836.36,4020,1,39,55,0,0,18,Collection,274,Defensive Loose Ball,277,Success,0,,0,,0,,0,,0,,0,,0,,0,,0,0,0,0,,1,42,44,0,3,953,Canada,951,Romania,12/07/2024,19:00,13,10,35,22,13,10,1146,TD Place,-1,NA,1,2023,14,14,Right Wing,0,,0,,1000761,Hollie Davidson,1001076,Kat Roche,1001022,Luke Rogan,-1,,3,International,Y,W
1255,941540,28377,Andrew Coe,953,Canada,2836.92,2842.88,4021,1,39,57,88,55,4,Kick,190,Territorial,199,Collected Bounce,185,Kick in Play,0,,0,,0,,0,,0,,0,,0,,48,48,0,0,,1,42,44,0,3,953,Canada,951,Romania,12/07/2024,19:00,13,10,35,22,13,10,1146,TD Place,-1,NA,1,2023,14,14,Right Wing,0,,0,,1000761,Hollie Davidson,1001076,Kat Roche,1001022,Luke Rogan,-1,,3,International,Y,W
1256,941540,0,,953,Canada,2836.36,2842.88,4027,1,39,55,88,55,15,Possession,308,Turnover Won,351,Kick in Play,0,,684,Fails to enter into Opposition 22,0,,0,,0,,0,,0,,0,,49,0,0,0,,1,42,44,0,3,953,Canada,951,Romania,12/07/2024,19:00,13,10,35,22,13,10,1146,TD Place,-1,NA,1,2023,,,,0,,0,,1000761,Hollie Davidson,1001076,Kat Roche,1001022,Luke Rogan,-1,,3,International,Y,W
1257,941540,27747,Hinckley Vaovasa,951,Romania,2842.88,2842.88,4027,1,13,13,0,0,18,Collection,274,Defensive Loose Ball,277,Success,0,,0,,0,,0,,0,,0,,0,,0,,0,0,0,0,,1,43,44,0,3,953,Canada,951,Romania,12/07/2024,19:00,13,10,35,22,13,10,1146,TD Place,-1,NA,1,2023,10,10,Fly Half,0,,0,,1000761,Hollie Davidson,1001076,Kat Roche,1001022,Luke Rogan,-1,,3,International,N,L
1258,941540,0,,951,Romania,2842.88,2842.88,4027,1,13,13,0,0,45,Defensive Exits,630,Kicked out of 22,0,,0,,0,,0,,0,,0,,0,,0,,0,,0,0,0,0,,1,43,44,0,3,953,Canada,951,Romania,12/07/2024,19:00,13,10,35,22,13,10,1146,TD Place,-1,NA,1,2023,,,,0,,0,,1000761,Hollie Davidson,1001076,Kat Roche,1001022,Luke Rogan,-1,,3,International,N,L
1259,941540,27747,Hinckley Vaovasa,951,Romania,2843.24,2844.52,4027,1,13,11,18,0,4,Kick,347,Touch Kick,193,Kick in Touch (Full),186,Kick in Play (Own 22),0,,0,,0,,0,,0,,0,,0,,5,12,0,0,,1,43,44,0,3,953,Canada,951,Romania,12/07/2024,19:00,13,10,35,22,13,10,1146,TD Place,-1,NA,1,2023,10,10,Fly Half,0,,0,,1000761,Hollie Davidson,1001076,Kat Roche,1001022,Luke Rogan,-1,,3,International,N,L
1260,941540,0,,951,Romania,2818.20,2844.52,4028,1,20,35,18,0,26,Sequences,305,22m Restart,321,End of Play,0,,0,,0,,0,,0,,0,,0,,0,,-2,0,0,0,,1,43,44,0,3,953,Canada,951,Romania,12/07/2024,19:00,13,10,35,22,13,10,1146,TD Place,-1,NA,1,2023,,,,0,,0,,1000761,Hollie Davidson,1001076,Kat Roche,1001022,Luke Rogan,-1,,3,International,N,L
1261,941540,0,,951,Romania,2842.88,2844.52,4028,1,13,13,18,0,15,Possession,311,Kick Return,321,End of Play,0,,684,Fails to enter into Opposition 22,0,,0,,0,,0,,0,,0,,6,0,0,0,,1,43,44,0,3,953,Canada,951,Romania,12/07/2024,19:00,13,10,35,22,13,10,1146,TD Place,-1,NA,1,2023,,,,0,,0,,1000761,Hollie Davidson,1001076,Kat Roche,1001022,Luke Rogan,-1,,3,International,N,L
1262,941540,953,,953,Canada,3806.16,3810.08,4001,2,49,34,0,0,17,,407,,0,,0,,0,,0,,0,,0,,0,,0,,0,,0,0,0,0,,0,44,45,0,0,953,Canada,951,Romania,12/07/2024,19:00,13,10,35,22,13,10,1146,TD Place,-1,NA,1,2023,,,,0,,0,,1000761,Hollie Davidson,1001076,Kat Roche,1001022,Luke Rogan,-1,,3,International,Y,W
1263,941540,33463,Paul Popoaia,951,Romania,3806.16,3810.08,4001,2,49,34,76,17,14,Restart,281,50m Restart,284,Restart Retained,289,Short,752,Kicked Left,0,,0,,0,,0,,0,,0,,27,32,18,0,,1,44,45,0,3,953,Canada,951,Romania,12/07/2024,19:00,13,10,35,22,13,10,1146,TD Place,-1,NA,1,2023,15,15,Full Back,0,,0,,1000761,Hollie Davidson,1001076,Kat Roche,1001022,Luke Rogan,-1,,3,International,N,L
1264,941540,27035,Marius Simionescu,951,Romania,3810.08,3810.08,4005,2,76,17,0,0,18,Collection,275,Restart Catch,277,Success,0,,0,,0,,0,,0,,0,,0,,0,,0,0,0,0,,1,44,45,0,3,953,Canada,951,Romania,12/07/2024,19:00,13,10,35,22,13,10,1146,TD Place,-1,NA,1,2023,14,14,Right Wing,0,,0,,1000761,Hollie Davidson,1001076,Kat Roche,1001022,Luke Rogan,-1,,3,International,N,L
1265,941540,27035,Marius Simionescu,951,Romania,3810.08,3811.84,4005,2,76,17,79,21,1,Carry,103,Other Carry,108,Tackled Neutral,109,Crossed Gain line,461,Neutral Contact,501,1 Tacklers Committed,700,0th Receiver,0,,0,,0,,0,,4,4,2,2,,1,44,45,0,3,953,Canada,951,Romania,12/07/2024,19:00,13,10,35,22,13,10,1146,TD Place,-1,NA,1,2023,14,14,Right Wing,0,,0,,1000761,Hollie Davidson,1001076,Kat Roche,1001022,Luke Rogan,-1,,3,International,N,L
1266,941540,25183,Lucas Rumball,953,Canada,3811.16,3811.16,4006,2,23,48,0,0,2,Tackle,144,Line,153,Complete,0,,474,Neutral Tackle,708,1st Tackler,0,,0,,0,,0,,0,,0,0,0,0,,1,44,45,0,3,953,Canada,951,Romania,12/07/2024,19:00,13,10,35,22,13,10,1146,TD Place,-1,NA,1,2023,08,8,Number 8,0,,0,,1000761,Hollie Davidson,1001076,Kat Roche,1001022,Luke Rogan,-1,,3,International,Y,W
1267,941540,27035,Marius Simionescu,951,Romania,3811.84,3814.92,4007,2,79,21,0,0,23,Ruck,0,,401,Won Outright,548,Over Previous Gainline,555,3-4 Seconds,664,Close Right Open Movement Ruck,0,,0,,0,,0,,0,,0,0,-2,10,,1,44,45,0,3,953,Canada,951,Romania,12/07/2024,19:00,13,10,35,22,13,10,1146,TD Place,-1,NA,1,2023,14,14,Right Wing,0,,0,,1000761,Hollie Davidson,1001076,Kat Roche,1001022,Luke Rogan,-1,,3,International,N,L
1268,941540,0,,951,Romania,3811.84,3827.16,4007,2,79,21,77,36,46,Attacking 22 Entry,646,22 Entry Outcome - Turnover,0,,0,,0,,0,,0,,0,,0,,0,,0,,0,0,0,0,,1,44,45,0,3,953,Canada,951,Romania,12/07/2024,19:00,13,10,35,22,13,10,1146,TD Place,-1,NA,1,2023,,,,0,,0,,1000761,Hollie Davidson,1001076,Kat Roche,1001022,Luke Rogan,-1,,3,International,N,L
1269,941540,39780,Stefan Buruiana,951,Romania,3812.36,3812.36,4008,2,79,21,0,0,43,Ruck OOA,574,Secured,583,Own Team 1st Entry,588,OOA Entry 1st Entry- Att,632,Attacking OOA,0,1,0,,0,,0,,0,,0,,0,0,0,0,,1,44,45,0,3,953,Canada,951,Romania,12/07/2024,19:00,13,10,35,22,13,10,1146,TD Place,-1,NA,1,2023,02,2,Hooker,0,,0,,1000761,Hollie Davidson,1001076,Kat Roche,1001022,Luke Rogan,-1,,3,International,N,L
1270,941540,33151,Vlad Neculau,951,Romania,3813.32,3813.32,4009,2,79,21,0,0,43,Ruck OOA,574,Secured,584,Own Team 2nd Entry,589,OOA Entry 2nd Entry- Att,632,Attacking OOA,0,2,0,,0,,0,,0,,0,,0,0,0,0,,1,44,45,0,3,953,Canada,951,Romania,12/07/2024,19:00,13,10,35,22,13,10,1146,TD Place,-1,NA,1,2023,06,6,Blindside Flanker,0,,0,,1000761,Hollie Davidson,1001076,Kat Roche,1001022,Luke Rogan,-1,,3,International,N,L
1271,941540,36759,Dragos Ser,951,Romania,3813.72,3813.72,4009,2,79,21,0,0,43,Ruck OOA,574,Secured,585,Own Team 3rd Entry,590,OOA Entry 3rd Entry- Att,632,Attacking OOA,0,3,0,,0,,0,,0,,0,,0,0,0,0,,1,44,45,0,3,953,Canada,951,Romania,12/07/2024,19:00,13,10,35,22,13,10,1146,TD Place,-1,NA,1,2023,07,7,Openside Flanker,0,,0,,1000761,Hollie Davidson,1001076,Kat Roche,1001022,Luke Rogan,-1,,3,International,N,L
1272,941540,57666,Alin Conache,951,Romania,3814.92,3814.92,4010,2,79,21,0,0,18,Collection,631,General Catch,0,,0,,0,,0,,0,,0,,0,,0,,0,,0,0,0,0,,2,44,45,0,3,953,Canada,951,Romania,12/07/2024,19:00,13,10,35,22,13,10,1146,TD Place,-1,NA,1,2023,09,9,Scrum Half,0,,0,,1000761,Hollie Davidson,1001076,Kat Roche,1001022,Luke Rogan,-1,,3,International,N,L
1273,941540,57666,Alin Conache,951,Romania,3814.92,3814.92,4010,2,79,21,0,0,47,Playmaker Options,671,Halfback at Breakdown,675,Playmaker Option - Pass,0,,0,,0,,0,,0,,0,,0,,0,,0,0,0,0,,2,44,45,0,3,953,Canada,951,Romania,12/07/2024,19:00,13,10,35,22,13,10,1146,TD Place,-1,NA,1,2023,09,9,Scrum Half,0,,0,,1000761,Hollie Davidson,1001076,Kat Roche,1001022,Luke Rogan,-1,,3,International,N,L
1274,941540,57666,Alin Conache,951,Romania,3815.16,3817.24,4010,2,79,21,75,29,3,Pass,169,Complete,0,,686,Medium Pass,682,Right Pass,700,0th Receiver,0,,0,,0,,0,,0,,8,9,4,0,,2,44,45,0,3,953,Canada,951,Romania,12/07/2024,19:00,13,10,35,22,13,10,1146,TD Place,-1,NA,1,2023,09,9,Scrum Half,0,,0,,1000761,Hollie Davidson,1001076,Kat Roche,1001022,Luke Rogan,-1,,3,International,N,L
1275,941540,34051,Iulian Hartig,951,Romania,3817.24,3817.24,4012,2,75,29,0,0,18,Collection,631,General Catch,0,,0,,0,,0,,0,,0,,0,,0,,0,,0,0,0,0,,2,44,45,0,3,953,Canada,951,Romania,12/07/2024,19:00,13,10,35,22,13,10,1146,TD Place,-1,NA,1,2023,01,1,Loosehead Prop,0,,0,,1000761,Hollie Davidson,1001076,Kat Roche,1001022,Luke Rogan,-1,,3,International,N,L
1276,941540,34051,Iulian Hartig,951,Romania,3817.24,3817.24,4012,2,75,29,0,0,47,Playmaker Options,656,First Receiver,673,Playmaker Option - Carry,0,,0,,0,,0,,0,,0,,0,,0,,0,0,0,0,,2,44,45,0,3,953,Canada,951,Romania,12/07/2024,19:00,13,10,35,22,13,10,1146,TD Place,-1,NA,1,2023,01,1,Loosehead Prop,0,,0,,1000761,Hollie Davidson,1001076,Kat Roche,1001022,Luke Rogan,-1,,3,International,N,L
1277,941540,34051,Iulian Hartig,951,Romania,3817.24,3819.12,4012,2,75,29,77,31,1,Carry,101,One Out Drive,108,Tackled Neutral,111,Failed Gain line,461,Neutral Contact,502,2 Tacklers Committed,701,1st Receiver,0,,0,,0,,0,,0,2,1,1,,2,44,45,0,3,953,Canada,951,Romania,12/07/2024,19:00,13,10,35,22,13,10,1146,TD Place,-1,NA,1,2023,01,1,Loosehead Prop,0,,0,,1000761,Hollie Davidson,1001076,Kat Roche,1001022,Luke Rogan,-1,,3,International,N,L
1278,941540,25189,Andrew Quattrin,953,Canada,3817.40,3817.40,4013,2,24,37,0,0,2,Tackle,144,Line,153,Complete,0,,474,Neutral Tackle,708,1st Tackler,0,,0,,0,,0,,0,,0,0,0,0,,2,44,45,0,3,953,Canada,951,Romania,12/07/2024,19:00,13,10,35,22,13,10,1146,TD Place,-1,NA,1,2023,02,2,Hooker,0,,0,,1000761,Hollie Davidson,1001076,Kat Roche,1001022,Luke Rogan,-1,,3,International,Y,W
1279,941540,25181,Kyle Baillie,953,Canada,3818.04,3818.04,4013,2,24,37,0,0,2,Tackle,144,Line,153,Complete,441,Assist,474,Neutral Tackle,709,2nd Tackler,0,,0,,0,,0,,0,,0,0,0,0,,2,44,45,0,3,953,Canada,951,Romania,12/07/2024,19:00,13,10,35,22,13,10,1146,TD Place,-1,NA,1,2023,05,5,Lock (5),0,,0,,1000761,Hollie Davidson,1001076,Kat Roche,1001022,Luke Rogan,-1,,3,International,Y,W
1280,941540,34051,Iulian Hartig,951,Romania,3819.12,3821.00,4014,2,77,31,0,0,23,Ruck,0,,401,Won Outright,549,Behind Previous Gainline,553,1-2 Seconds,664,Close Right Open Movement Ruck,0,,0,,0,,0,,0,,0,0,0,5,,2,44,45,0,3,953,Canada,951,Romania,12/07/2024,19:00,13,10,35,22,13,10,1146,TD Place,-1,NA,1,2023,01,1,Loosehead Prop,0,,0,,1000761,Hollie Davidson,1001076,Kat Roche,1001022,Luke Rogan,-1,,3,International,N,L
1281,941540,34102,Vasile Balan,951,Romania,3819.56,3819.56,4015,2,77,31,0,0,43,Ruck OOA,574,Secured,583,Own Team 1st Entry,588,OOA Entry 1st Entry- Att,632,Attacking OOA,0,1,0,,0,,0,,0,,0,,0,0,0,0,,2,44,45,0,3,953,Canada,951,Romania,12/07/2024,19:00,13,10,35,22,13,10,1146,TD Place,-1,NA,1,2023,03,3,Tighthead Prop,0,,0,,1000761,Hollie Davidson,1001076,Kat Roche,1001022,Luke Rogan,-1,,3,International,N,L
1282,941540,23278,Andrei Mahu,951,Romania,3820.12,3820.12,4015,2,77,31,0,0,43,Ruck OOA,574,Secured,584,Own Team 2nd Entry,589,OOA Entry 2nd Entry- Att,632,Attacking OOA,0,2,0,,0,,0,,0,,0,,0,0,0,0,,2,44,45,0,3,953,Canada,951,Romania,12/07/2024,19:00,13,10,35,22,13,10,1146,TD Place,-1,NA,1,2023,05,5,Lock (5),0,,0,,1000761,Hollie Davidson,1001076,Kat Roche,1001022,Luke Rogan,-1,,3,International,N,L
1283,941540,29383,Conor Young,953,Canada,3820.96,3820.96,4016,2,23,37,0,0,43,Ruck OOA,577,Not Clearing,583,Own Team 1st Entry,603,OOA Entry 1st Entry- Def,633,Defensive OOA,0,1,0,,0,,0,,0,,0,,0,0,0,0,,2,44,45,0,3,953,Canada,951,Romania,12/07/2024,19:00,13,10,35,22,13,10,1146,TD Place,-1,NA,1,2023,03,3,Tighthead Prop,0,,0,,1000761,Hollie Davidson,1001076,Kat Roche,1001022,Luke Rogan,-1,,3,International,Y,W
1284,941540,57666,Alin Conache,951,Romania,3821.00,3821.00,4016,2,77,31,0,0,18,Collection,631,General Catch,0,,0,,0,,0,,0,,0,,0,,0,,0,,0,0,0,0,,3,44,45,0,3,953,Canada,951,Romania,12/07/2024,19:00,13,10,35,22,13,10,1146,TD Place,-1,NA,1,2023,09,9,Scrum Half,0,,0,,1000761,Hollie Davidson,1001076,Kat Roche,1001022,Luke Rogan,-1,,3,International,N,L
1285,941540,57666,Alin Conache,951,Romania,3821.00,3821.00,4016,2,77,31,0,0,47,Playmaker Options,671,Halfback at Breakdown,675,Playmaker Option - Pass,0,,0,,0,,0,,0,,0,,0,,0,,0,0,0,0,,3,44,45,0,3,953,Canada,951,Romania,12/07/2024,19:00,13,10,35,22,13,10,1146,TD Place,-1,NA,1,2023,09,9,Scrum Half,0,,0,,1000761,Hollie Davidson,1001076,Kat Roche,1001022,Luke Rogan,-1,,3,International,N,L
1286,941540,57666,Alin Conache,951,Romania,3821.20,3823.64,4016,2,77,31,74,39,3,Pass,169,Complete,0,,686,Medium Pass,682,Right Pass,700,0th Receiver,0,,0,,0,,0,,0,,9,9,3,0,,3,44,45,0,3,953,Canada,951,Romania,12/07/2024,19:00,13,10,35,22,13,10,1146,TD Place,-1,NA,1,2023,09,9,Scrum Half,0,,0,,1000761,Hollie Davidson,1001076,Kat Roche,1001022,Luke Rogan,-1,,3,International,N,L
1287,941540,60960,Mihai Graure,951,Romania,3823.64,3823.64,4019,2,74,39,0,0,18,Collection,631,General Catch,0,,0,,0,,0,,0,,0,,0,,0,,0,,0,0,0,0,,3,44,45,0,3,953,Canada,951,Romania,12/07/2024,19:00,13,10,35,22,13,10,1146,TD Place,-1,NA,1,2023,13,13,Outside Centre,0,,0,,1000761,Hollie Davidson,1001076,Kat Roche,1001022,Luke Rogan,-1,,3,International,N,L
1288,941540,60960,Mihai Graure,951,Romania,3823.64,3823.64,4019,2,74,39,0,0,47,Playmaker Options,656,First Receiver,673,Playmaker Option - Carry,0,,0,,0,,0,,0,,0,,0,,0,,0,0,0,0,,3,44,45,0,3,953,Canada,951,Romania,12/07/2024,19:00,13,10,35,22,13,10,1146,TD Place,-1,NA,1,2023,13,13,Outside Centre,0,,0,,1000761,Hollie Davidson,1001076,Kat Roche,1001022,Luke Rogan,-1,,3,International,N,L
1289,941540,60960,Mihai Graure,951,Romania,3823.64,3827.16,4019,2,74,39,77,36,1,Carry,101,One Out Drive,119,Error,110,Neutral Gain line,462,Ineffective Contact,502,2 Tacklers Committed,701,1st Receiver,0,,0,,0,,0,,0,2,0,0,,3,44,45,0,3,953,Canada,951,Romania,12/07/2024,19:00,13,10,35,22,13,10,1146,TD Place,-1,NA,1,2023,13,13,Outside Centre,0,,0,,1000761,Hollie Davidson,1001076,Kat Roche,1001022,Luke Rogan,-1,,3,International,N,L
1290,941540,27090,Conor Keys,953,Canada,3824.96,3824.96,4020,2,24,31,0,0,2,Tackle,144,Line,159,Sack,0,,473,Dominant Tackle,708,1st Tackler,0,,0,,0,,0,,0,,0,0,0,0,,3,44,45,0,3,953,Canada,951,Romania,12/07/2024,19:00,13,10,35,22,13,10,1146,TD Place,-1,NA,1,2023,04,4,Lock (4),0,,0,,1000761,Hollie Davidson,1001076,Kat Roche,1001022,Luke Rogan,-1,,3,International,Y,W
1291,941540,25181,Kyle Baillie,953,Canada,3825.92,3825.92,4021,2,24,31,0,0,2,Tackle,144,Line,156,Turnover Won,441,Assist,473,Dominant Tackle,709,2nd Tackler,0,,0,,0,,0,,0,,0,0,0,0,,3,44,45,0,3,953,Canada,951,Romania,12/07/2024,19:00,13,10,35,22,13,10,1146,TD Place,-1,NA,1,2023,05,5,Lock (5),0,,0,,1000761,Hollie Davidson,1001076,Kat Roche,1001022,Luke Rogan,-1,,3,International,Y,W
1292,941540,60960,Mihai Graure,951,Romania,3827.16,3827.16,4022,2,77,36,0,0,8,Turnover,256,Lost Ball Forced,677,Error on Attack,0,,0,,0,,0,,0,,0,,0,,0,,0,0,0,0,,3,44,45,0,3,953,Canada,951,Romania,12/07/2024,19:00,13,10,35,22,13,10,1146,TD Place,-1,NA,1,2023,13,13,Outside Centre,0,,0,,1000761,Hollie Davidson,1001076,Kat Roche,1001022,Luke Rogan,-1,,3,International,N,L
1293,941540,0,,951,Romania,3806.16,3827.76,4023,2,49,34,77,38,15,Possession,350,50m Restart Retained,318,Turnover,0,,683,Enters into Opposition 22,0,,0,,0,,0,,0,,0,,28,0,0,0,,3,44,45,0,3,953,Canada,951,Romania,12/07/2024,19:00,13,10,35,22,13,10,1146,TD Place,-1,NA,1,2023,,,,0,,0,,1000761,Hollie Davidson,1001076,Kat Roche,1001022,Luke Rogan,-1,,3,International,N,L
1294,941540,25181,Kyle Baillie,953,Canada,3827.76,3827.76,4023,2,23,30,0,0,18,Collection,274,Defensive Loose Ball,277,Success,0,,0,,0,,0,,0,,0,,0,,0,,0,0,0,0,,1,45,45,0,3,953,Canada,951,Romania,12/07/2024,19:00,13,10,35,22,13,10,1146,TD Place,-1,NA,1,2023,05,5,Lock (5),0,,0,,1000761,Hollie Davidson,1001076,Kat Roche,1001022,Luke Rogan,-1,,3,International,Y,W
1295,941540,25181,Kyle Baillie,953,Canada,3827.80,3829.12,4023,2,24,28,24,24,3,Pass,169,Complete,0,,679,Short Pass,681,Left Pass,700,0th Receiver,0,,0,,0,,0,,0,,4,4,1,0,,1,45,45,0,3,953,Canada,951,Romania,12/07/2024,19:00,13,10,35,22,13,10,1146,TD Place,-1,NA,1,2023,05,5,Lock (5),0,,0,,1000761,Hollie Davidson,1001076,Kat Roche,1001022,Luke Rogan,-1,,3,International,Y,W
1296,941540,29383,Conor Young,953,Canada,3829.12,3829.12,4024,2,24,24,0,0,18,Collection,631,General Catch,0,,0,,0,,0,,0,,0,,0,,0,,0,,0,0,0,0,,1,45,45,0,3,953,Canada,951,Romania,12/07/2024,19:00,13,10,35,22,13,10,1146,TD Place,-1,NA,1,2023,03,3,Tighthead Prop,0,,0,,1000761,Hollie Davidson,1001076,Kat Roche,1001022,Luke Rogan,-1,,3,International,Y,W
1297,941540,29383,Conor Young,953,Canada,3829.16,3830.48,4024,2,25,24,24,19,3,Pass,169,Complete,0,,686,Medium Pass,681,Left Pass,701,1st Receiver,0,,0,,0,,0,,0,,5,5,1,0,,1,45,45,0,3,953,Canada,951,Romania,12/07/2024,19:00,13,10,35,22,13,10,1146,TD Place,-1,NA,1,2023,03,3,Tighthead Prop,0,,0,,1000761,Hollie Davidson,1001076,Kat Roche,1001022,Luke Rogan,-1,,3,International,Y,W
1298,941540,38465,Mason Flesch,953,Canada,3830.48,3830.48,4026,2,24,19,0,0,18,Collection,631,General Catch,0,,0,,0,,0,,0,,0,,0,,0,,0,,0,0,0,0,,1,45,45,0,3,953,Canada,951,Romania,12/07/2024,19:00,13,10,35,22,13,10,1146,TD Place,-1,NA,1,2023,06,6,Blindside Flanker,0,,0,,1000761,Hollie Davidson,1001076,Kat Roche,1001022,Luke Rogan,-1,,3,International,Y,W
1299,941540,38465,Mason Flesch,953,Canada,3830.52,3831.04,4026,2,26,19,24,14,3,Pass,169,Complete,0,,679,Short Pass,681,Left Pass,702,2nd Receiver,0,,0,,0,,0,,0,,5,5,2,0,,1,45,45,0,3,953,Canada,951,Romania,12/07/2024,19:00,13,10,35,22,13,10,1146,TD Place,-1,NA,1,2023,06,6,Blindside Flanker,0,,0,,1000761,Hollie Davidson,1001076,Kat Roche,1001022,Luke Rogan,-1,,3,International,Y,W
1300,941540,64048,Talon McMullin,953,Canada,3831.04,3831.04,4026,2,24,14,0,0,18,Collection,631,General Catch,0,,0,,0,,0,,0,,0,,0,,0,,0,,0,0,0,0,,1,45,45,0,3,953,Canada,951,Romania,12/07/2024,19:00,13,10,35,22,13,10,1146,TD Place,-1,NA,1,2023,12,12,Inside Centre,0,,0,,1000761,Hollie Davidson,1001076,Kat Roche,1001022,Luke Rogan,-1,,3,International,Y,W
1301,941540,64048,Talon McMullin,953,Canada,3831.08,3833.44,4026,2,26,14,24,4,3,Pass,169,Complete,0,,686,Medium Pass,681,Left Pass,703,3rd Receiver,0,,0,,0,,0,,0,,9,10,3,0,,1,45,45,0,3,953,Canada,951,Romania,12/07/2024,19:00,13,10,35,22,13,10,1146,TD Place,-1,NA,1,2023,12,12,Inside Centre,0,,0,,1000761,Hollie Davidson,1001076,Kat Roche,1001022,Luke Rogan,-1,,3,International,Y,W
1302,941540,38501,Nic Benn,953,Canada,3833.44,3833.44,4029,2,24,4,0,0,18,Collection,631,General Catch,0,,0,,0,,0,,0,,0,,0,,0,,0,,0,0,0,0,,1,45,45,0,3,953,Canada,951,Romania,12/07/2024,19:00,13,10,35,22,13,10,1146,TD Place,-1,NA,1,2023,11,11,Left Wing,0,,0,,1000761,Hollie Davidson,1001076,Kat Roche,1001022,Luke Rogan,-1,,3,International,Y,W
1303,941540,38501,Nic Benn,953,Canada,3833.44,3835.48,4029,2,24,4,29,5,1,Carry,103,Other Carry,108,Tackled Neutral,109,Crossed Gain line,461,Neutral Contact,502,2 Tacklers Committed,704,4th Receiver,0,,0,,0,,0,,3,5,2,2,,1,45,45,0,3,953,Canada,951,Romania,12/07/2024,19:00,13,10,35,22,13,10,1146,TD Place,-1,NA,1,2023,11,11,Left Wing,0,,0,,1000761,Hollie Davidson,1001076,Kat Roche,1001022,Luke Rogan,-1,,3,International,Y,W
1304,941540,20983,Tevita Manumua,951,Romania,3834.08,3834.08,4029,2,73,63,0,0,2,Tackle,146,Edge,153,Complete,0,,474,Neutral Tackle,708,1st Tackler,0,,0,,0,,0,,0,,0,0,0,0,,1,45,45,0,3,953,Canada,951,Romania,12/07/2024,19:00,13,10,35,22,13,10,1146,TD Place,-1,NA,1,2023,11,11,Left Wing,0,,0,,1000761,Hollie Davidson,1001076,Kat Roche,1001022,Luke Rogan,-1,,3,International,N,L
1305,941540,27747,Hinckley Vaovasa,951,Romania,3834.44,3834.44,4030,2,73,63,0,0,2,Tackle,144,Line,153,Complete,441,Assist,474,Neutral Tackle,709,2nd Tackler,0,,0,,0,,0,,0,,0,0,0,0,,1,45,45,0,3,953,Canada,951,Romania,12/07/2024,19:00,13,10,35,22,13,10,1146,TD Place,-1,NA,1,2023,10,10,Fly Half,0,,0,,1000761,Hollie Davidson,1001076,Kat Roche,1001022,Luke Rogan,-1,,3,International,N,L
1306,941540,38501,Nic Benn,953,Canada,3835.48,3841.92,4031,2,29,5,0,0,23,Ruck,0,,401,Won Outright,551,N/A Gainline,558,6+ Seconds,664,Close Right Open Movement Ruck,0,,0,,0,,0,,0,,0,0,0,10,,1,45,45,0,3,953,Canada,951,Romania,12/07/2024,19:00,13,10,35,22,13,10,1146,TD Place,-1,NA,1,2023,11,11,Left Wing,0,,0,,1000761,Hollie Davidson,1001076,Kat Roche,1001022,Luke Rogan,-1,,3,International,Y,W
1307,941540,25183,Lucas Rumball,953,Canada,3836.16,3836.16,4031,2,29,5,0,0,43,Ruck OOA,574,Secured,583,Own Team 1st Entry,588,OOA Entry 1st Entry- Att,632,Attacking OOA,0,1,0,,0,,0,,0,,0,,0,0,0,0,,1,45,45,0,3,953,Canada,951,Romania,12/07/2024,19:00,13,10,35,22,13,10,1146,TD Place,-1,NA,1,2023,08,8,Number 8,0,,0,,1000761,Hollie Davidson,1001076,Kat Roche,1001022,Luke Rogan,-1,,3,International,Y,W
1308,941540,40389,Jason Tomane,951,Romania,3836.92,3836.92,4032,2,71,63,0,0,43,Ruck OOA,577,Not Clearing,583,Own Team 1st Entry,603,OOA Entry 1st Entry- Def,633,Defensive OOA,0,1,0,,0,,0,,0,,0,,0,0,0,0,,1,45,45,0,3,953,Canada,951,Romania,12/07/2024,19:00,13,10,35,22,13,10,1146,TD Place,-1,NA,1,2023,12,12,Inside Centre,0,,0,,1000761,Hollie Davidson,1001076,Kat Roche,1001022,Luke Rogan,-1,,3,International,N,L
1309,941540,38465,Mason Flesch,953,Canada,3837.24,3837.24,4032,2,29,5,0,0,43,Ruck OOA,574,Secured,584,Own Team 2nd Entry,589,OOA Entry 2nd Entry- Att,632,Attacking OOA,0,2,0,,0,,0,,0,,0,,0,0,0,0,,1,45,45,0,3,953,Canada,951,Romania,12/07/2024,19:00,13,10,35,22,13,10,1146,TD Place,-1,NA,1,2023,06,6,Blindside Flanker,0,,0,,1000761,Hollie Davidson,1001076,Kat Roche,1001022,Luke Rogan,-1,,3,International,Y,W
1310,941540,27747,Hinckley Vaovasa,951,Romania,3837.76,3837.76,4033,2,71,63,0,0,43,Ruck OOA,577,Not Clearing,584,Own Team 2nd Entry,604,OOA Entry 2nd Entry- Def,633,Defensive OOA,0,2,0,,0,,0,,0,,0,,0,0,0,0,,1,45,45,0,3,953,Canada,951,Romania,12/07/2024,19:00,13,10,35,22,13,10,1146,TD Place,-1,NA,1,2023,10,10,Fly Half,0,,0,,1000761,Hollie Davidson,1001076,Kat Roche,1001022,Luke Rogan,-1,,3,International,N,L
1311,941540,20983,Tevita Manumua,951,Romania,3838.64,3838.64,4034,2,71,63,0,0,43,Ruck OOA,577,Not Clearing,585,Own Team 3rd Entry,605,OOA Entry 3rd Entry- Def,633,Defensive OOA,0,3,0,,0,,0,,0,,0,,0,0,0,0,,1,45,45,0,3,953,Canada,951,Romania,12/07/2024,19:00,13,10,35,22,13,10,1146,TD Place,-1,NA,1,2023,11,11,Left Wing,0,,0,,1000761,Hollie Davidson,1001076,Kat Roche,1001022,Luke Rogan,-1,,3,International,N,L
1312,941540,38159,Jason Higgins,953,Canada,3841.92,3841.92,4037,2,29,5,0,0,18,Collection,631,General Catch,0,,0,,0,,0,,0,,0,,0,,0,,0,,0,0,0,0,,2,45,45,0,3,953,Canada,951,Romania,12/07/2024,19:00,13,10,35,22,13,10,1146,TD Place,-1,NA,1,2023,09,9,Scrum Half,0,,0,,1000761,Hollie Davidson,1001076,Kat Roche,1001022,Luke Rogan,-1,,3,International,Y,W
1313,941540,38159,Jason Higgins,953,Canada,3841.92,3841.92,4037,2,29,5,0,0,47,Playmaker Options,671,Halfback at Breakdown,675,Playmaker Option - Pass,0,,0,,0,,0,,0,,0,,0,,0,,0,0,0,0,,2,45,45,0,3,953,Canada,951,Romania,12/07/2024,19:00,13,10,35,22,13,10,1146,TD Place,-1,NA,1,2023,09,9,Scrum Half,0,,0,,1000761,Hollie Davidson,1001076,Kat Roche,1001022,Luke Rogan,-1,,3,International,Y,W
1314,941540,38159,Jason Higgins,953,Canada,3842.44,3843.60,4038,2,29,5,28,14,3,Pass,169,Complete,0,,686,Medium Pass,682,Right Pass,700,0th Receiver,0,,0,,0,,0,,0,,9,9,1,0,,2,45,45,0,3,953,Canada,951,Romania,12/07/2024,19:00,13,10,35,22,13,10,1146,TD Place,-1,NA,1,2023,09,9,Scrum Half,0,,0,,1000761,Hollie Davidson,1001076,Kat Roche,1001022,Luke Rogan,-1,,3,International,Y,W
1315,941540,29377,Liam Murray,953,Canada,3843.60,3843.60,4039,2,28,14,0,0,18,Collection,631,General Catch,0,,0,,0,,0,,0,,0,,0,,0,,0,,0,0,0,0,,2,45,45,0,3,953,Canada,951,Romania,12/07/2024,19:00,13,10,35,22,13,10,1146,TD Place,-1,NA,1,2023,01,1,Loosehead Prop,0,,0,,1000761,Hollie Davidson,1001076,Kat Roche,1001022,Luke Rogan,-1,,3,International,Y,W
1316,941540,29377,Liam Murray,953,Canada,3843.60,3843.60,4039,2,28,14,0,0,47,Playmaker Options,656,First Receiver,673,Playmaker Option - Carry,0,,0,,0,,0,,0,,0,,0,,0,,0,0,0,0,,2,45,45,0,3,953,Canada,951,Romania,12/07/2024,19:00,13,10,35,22,13,10,1146,TD Place,-1,NA,1,2023,01,1,Loosehead Prop,0,,0,,1000761,Hollie Davidson,1001076,Kat Roche,1001022,Luke Rogan,-1,,3,International,Y,W
1317,941540,29377,Liam Murray,953,Canada,3843.60,3845.04,4039,2,28,14,29,14,1,Carry,101,One Out Drive,108,Tackled Neutral,110,Neutral Gain line,461,Neutral Contact,501,1 Tacklers Committed,701,1st Receiver,0,,0,,0,,0,,0,1,0,0,,2,45,45,0,3,953,Canada,951,Romania,12/07/2024,19:00,13,10,35,22,13,10,1146,TD Place,-1,NA,1,2023,01,1,Loosehead Prop,0,,0,,1000761,Hollie Davidson,1001076,Kat Roche,1001022,Luke Rogan,-1,,3,International,Y,W
1318,941540,23278,Andrei Mahu,951,Romania,3843.80,3843.80,4039,2,71,54,0,0,2,Tackle,144,Line,153,Complete,0,,474,Neutral Tackle,708,1st Tackler,0,,0,,0,,0,,0,,0,0,0,0,,2,45,45,0,3,953,Canada,951,Romania,12/07/2024,19:00,13,10,35,22,13,10,1146,TD Place,-1,NA,1,2023,05,5,Lock (5),0,,0,,1000761,Hollie Davidson,1001076,Kat Roche,1001022,Luke Rogan,-1,,3,International,N,L
1319,941540,29377,Liam Murray,953,Canada,3845.04,3854.88,4040,2,29,14,0,0,23,Ruck,0,,401,Won Outright,550,Equal to Previous  Gainline,558,6+ Seconds,722,Mid Left Blindside Movement Ruck,0,,0,,0,,0,,0,,0,0,13,14,,2,45,45,0,3,953,Canada,951,Romania,12/07/2024,19:00,13,10,35,22,13,10,1146,TD Place,-1,NA,1,2023,01,1,Loosehead Prop,0,,0,,1000761,Hollie Davidson,1001076,Kat Roche,1001022,Luke Rogan,-1,,3,International,Y,W
1320,941540,27090,Conor Keys,953,Canada,3845.08,3845.08,4040,2,29,14,0,0,43,Ruck OOA,574,Secured,583,Own Team 1st Entry,588,OOA Entry 1st Entry- Att,632,Attacking OOA,0,1,0,,0,,0,,0,,0,,0,0,0,0,,2,45,45,0,3,953,Canada,951,Romania,12/07/2024,19:00,13,10,35,22,13,10,1146,TD Place,-1,NA,1,2023,04,4,Lock (4),0,,0,,1000761,Hollie Davidson,1001076,Kat Roche,1001022,Luke Rogan,-1,,3,International,Y,W
1321,941540,33151,Vlad Neculau,951,Romania,3845.28,3845.28,4041,2,71,54,0,0,43,Ruck OOA,577,Not Clearing,583,Own Team 1st Entry,603,OOA Entry 1st Entry- Def,633,Defensive OOA,0,1,0,,0,,0,,0,,0,,0,0,0,0,,2,45,45,0,3,953,Canada,951,Romania,12/07/2024,19:00,13,10,35,22,13,10,1146,TD Place,-1,NA,1,2023,06,6,Blindside Flanker,0,,0,,1000761,Hollie Davidson,1001076,Kat Roche,1001022,Luke Rogan,-1,,3,International,N,L
1322,941540,29383,Conor Young,953,Canada,3845.44,3845.44,4041,2,29,14,0,0,43,Ruck OOA,574,Secured,584,Own Team 2nd Entry,589,OOA Entry 2nd Entry- Att,632,Attacking OOA,0,2,0,,0,,0,,0,,0,,0,0,0,0,,2,45,45,0,3,953,Canada,951,Romania,12/07/2024,19:00,13,10,35,22,13,10,1146,TD Place,-1,NA,1,2023,03,3,Tighthead Prop,0,,0,,1000761,Hollie Davidson,1001076,Kat Roche,1001022,Luke Rogan,-1,,3,International,Y,W
1323,941540,25181,Kyle Baillie,953,Canada,3846.48,3846.48,4042,2,29,14,0,0,43,Ruck OOA,574,Secured,585,Own Team 3rd Entry,590,OOA Entry 3rd Entry- Att,632,Attacking OOA,0,3,0,,0,,0,,0,,0,,0,0,0,0,,2,45,45,0,3,953,Canada,951,Romania,12/07/2024,19:00,13,10,35,22,13,10,1146,TD Place,-1,NA,1,2023,05,5,Lock (5),0,,0,,1000761,Hollie Davidson,1001076,Kat Roche,1001022,Luke Rogan,-1,,3,International,Y,W
1324,941540,25189,Andrew Quattrin,953,Canada,3846.56,3846.56,4042,2,29,14,0,0,43,Ruck OOA,575,Attended,586,Own Team 4th Entry,591,OOA Entry 4th Entry- Att,632,Attacking OOA,0,4,0,,0,,0,,0,,0,,0,0,0,0,,2,45,45,0,3,953,Canada,951,Romania,12/07/2024,19:00,13,10,35,22,13,10,1146,TD Place,-1,NA,1,2023,02,2,Hooker,0,,0,,1000761,Hollie Davidson,1001076,Kat Roche,1001022,Luke Rogan,-1,,3,International,Y,W
1325,941540,38465,Mason Flesch,953,Canada,3846.68,3846.68,4042,2,29,14,0,0,43,Ruck OOA,575,Attended,587,Own Team 5th+ Entry,592,OOA Entry 5th Entry- Att,632,Attacking OOA,0,5,0,,0,,0,,0,,0,,0,0,0,0,,2,45,45,0,3,953,Canada,951,Romania,12/07/2024,19:00,13,10,35,22,13,10,1146,TD Place,-1,NA,1,2023,06,6,Blindside Flanker,0,,0,,1000761,Hollie Davidson,1001076,Kat Roche,1001022,Luke Rogan,-1,,3,International,Y,W
1326,941540,38159,Jason Higgins,953,Canada,3854.88,3854.88,4050,2,29,14,0,0,18,Collection,631,General Catch,0,,0,,0,,0,,0,,0,,0,,0,,0,,0,0,0,0,,3,45,45,0,3,953,Canada,951,Romania,12/07/2024,19:00,13,10,35,22,13,10,1146,TD Place,-1,NA,1,2023,09,9,Scrum Half,0,,0,,1000761,Hollie Davidson,1001076,Kat Roche,1001022,Luke Rogan,-1,,3,International,Y,W
1327,941540,38159,Jason Higgins,953,Canada,3854.88,3854.88,4050,2,29,14,0,0,47,Playmaker Options,671,Halfback at Breakdown,674,Playmaker Option - Kick,0,,0,,0,,0,,0,,0,,0,,0,,0,0,0,0,,3,45,45,0,3,953,Canada,951,Romania,12/07/2024,19:00,13,10,35,22,13,10,1146,TD Place,-1,NA,1,2023,09,9,Scrum Half,0,,0,,1000761,Hollie Davidson,1001076,Kat Roche,1001022,Luke Rogan,-1,,3,International,Y,W
1328,941540,38159,Jason Higgins,953,Canada,3855.64,3859.80,4051,2,29,14,40,3,4,Kick,346,Box,201,Own Player - Collected,185,Kick in Play,0,,0,,0,,0,,0,,0,,0,,11,16,0,0,,3,45,45,0,3,953,Canada,951,Romania,12/07/2024,19:00,13,10,35,22,13,10,1146,TD Place,-1,NA,1,2023,09,9,Scrum Half,0,,0,,1000761,Hollie Davidson,1001076,Kat Roche,1001022,Luke Rogan,-1,,3,International,Y,W
1329,941540,38501,Nic Benn,953,Canada,3859.80,3859.80,4055,2,40,3,0,0,18,Collection,271,Attacking Catch,277,Success,0,,0,,0,,0,,0,,0,,0,,0,,0,0,0,0,,3,45,45,0,3,953,Canada,951,Romania,12/07/2024,19:00,13,10,35,22,13,10,1146,TD Place,-1,NA,1,2023,11,11,Left Wing,0,,0,,1000761,Hollie Davidson,1001076,Kat Roche,1001022,Luke Rogan,-1,,3,International,Y,W
1330,941540,38501,Nic Benn,953,Canada,3859.80,3861.80,4055,2,40,3,42,0,1,Carry,103,Other Carry,119,Error,109,Crossed Gain line,462,Ineffective Contact,501,1 Tacklers Committed,700,0th Receiver,0,,0,,0,,0,,2,2,0,0,,3,45,45,0,3,953,Canada,951,Romania,12/07/2024,19:00,13,10,35,22,13,10,1146,TD Place,-1,NA,1,2023,11,11,Left Wing,0,,0,,1000761,Hollie Davidson,1001076,Kat Roche,1001022,Luke Rogan,-1,,3,International,Y,W
1331,941540,20983,Tevita Manumua,951,Romania,3860.96,3860.96,4056,2,59,67,0,0,2,Tackle,146,Edge,154,Forced in Touch,0,,473,Dominant Tackle,708,1st Tackler,0,,0,,0,,0,,0,,0,0,0,0,,3,45,45,0,3,953,Canada,951,Romania,12/07/2024,19:00,13,10,35,22,13,10,1146,TD Place,-1,NA,1,2023,11,11,Left Wing,0,,0,,1000761,Hollie Davidson,1001076,Kat Roche,1001022,Luke Rogan,-1,,3,International,N,L
1332,941540,38501,Nic Benn,953,Canada,3861.80,3861.80,4057,2,42,0,0,0,8,Turnover,253,Carried in Touch,677,Error on Attack,0,,0,,0,,0,,0,,0,,0,,0,,0,0,0,0,,3,45,45,0,3,953,Canada,951,Romania,12/07/2024,19:00,13,10,35,22,13,10,1146,TD Place,-1,NA,1,2023,11,11,Left Wing,0,,0,,1000761,Hollie Davidson,1001076,Kat Roche,1001022,Luke Rogan,-1,,3,International,Y,W
1333,941540,0,,951,Romania,3806.16,3863.24,4058,2,49,34,58,68,26,Sequences,307,50m Restart,318,Turnover,0,,0,,0,,0,,0,,0,,0,,0,,10,0,0,0,,3,45,45,0,3,953,Canada,951,Romania,12/07/2024,19:00,13,10,35,22,13,10,1146,TD Place,-1,NA,1,2023,,,,0,,0,,1000761,Hollie Davidson,1001076,Kat Roche,1001022,Luke Rogan,-1,,3,International,N,L
1334,941540,0,,953,Canada,3827.76,3863.24,4058,2,23,30,42,0,15,Possession,308,Turnover Won,318,Turnover,0,,684,Fails to enter into Opposition 22,0,,0,,0,,0,,0,,0,,19,0,0,0,,3,45,45,0,3,953,Canada,951,Romania,12/07/2024,19:00,13,10,35,22,13,10,1146,TD Place,-1,NA,1,2023,,,,0,,0,,1000761,Hollie Davidson,1001076,Kat Roche,1001022,Luke Rogan,-1,,3,International,Y,W
1335,941540,39780,Stefan Buruiana,951,Romania,3892.24,3893.24,4127,2,59,68,59,58,6,Lineout Throw,371,Throw Front,382,Lost Clean,208,Catch and Pass,0,5,676,N/A Movement Lineout,730,5 Players,724,Halfback in Position,0,,0,,0,,11,0,0,0,,1,45,46,0,3,953,Canada,951,Romania,12/07/2024,19:00,13,10,35,22,13,10,1146,TD Place,-1,NA,1,2023,02,2,Hooker,0,,0,,1000761,Hollie Davidson,1001076,Kat Roche,1001022,Luke Rogan,-1,,3,International,N,L
1336,941540,38465,Mason Flesch,953,Canada,3893.24,3893.24,4128,2,41,10,0,0,27,Lineout Take,391,Lineout Steal Front,382,Lost Clean,208,Catch and Pass,396,Clean Catch,0,,0,,0,,0,,0,,0,,0,0,0,0,,1,46,46,0,3,953,Canada,951,Romania,12/07/2024,19:00,13,10,35,22,13,10,1146,TD Place,-1,NA,1,2023,06,6,Blindside Flanker,0,,0,,1000761,Hollie Davidson,1001076,Kat Roche,1001022,Luke Rogan,-1,,3,International,Y,W
1337,941540,38465,Mason Flesch,953,Canada,3893.24,3893.24,4128,2,41,10,0,0,44,Counter Attack,626,Outcome - Turnover,0,,0,,0,,0,,0,,0,,0,,0,,0,,0,0,0,0,,1,46,46,0,3,953,Canada,951,Romania,12/07/2024,19:00,13,10,35,22,13,10,1146,TD Place,-1,NA,1,2023,06,6,Blindside Flanker,0,,0,,1000761,Hollie Davidson,1001076,Kat Roche,1001022,Luke Rogan,-1,,3,International,Y,W
1338,941540,38465,Mason Flesch,953,Canada,3894.84,3895.40,4130,2,42,10,40,5,3,Pass,169,Complete,0,,679,Short Pass,681,Left Pass,700,0th Receiver,0,,0,,0,,0,,0,,5,5,2,0,,1,46,46,0,3,953,Canada,951,Romania,12/07/2024,19:00,13,10,35,22,13,10,1146,TD Place,-1,NA,1,2023,06,6,Blindside Flanker,0,,0,,1000761,Hollie Davidson,1001076,Kat Roche,1001022,Luke Rogan,-1,,3,International,Y,W
1339,941540,29383,Conor Young,953,Canada,3895.40,3895.40,4131,2,40,5,0,0,18,Collection,631,General Catch,0,,0,,0,,0,,0,,0,,0,,0,,0,,0,0,0,0,,1,46,46,0,3,953,Canada,951,Romania,12/07/2024,19:00,13,10,35,22,13,10,1146,TD Place,-1,NA,1,2023,03,3,Tighthead Prop,0,,0,,1000761,Hollie Davidson,1001076,Kat Roche,1001022,Luke Rogan,-1,,3,International,Y,W
1340,941540,29383,Conor Young,953,Canada,3895.44,3897.32,4131,2,40,5,38,18,3,Pass,169,Complete,0,,686,Medium Pass,682,Right Pass,701,1st Receiver,0,,0,,0,,0,,0,,13,13,2,0,,1,46,46,0,3,953,Canada,951,Romania,12/07/2024,19:00,13,10,35,22,13,10,1146,TD Place,-1,NA,1,2023,03,3,Tighthead Prop,0,,0,,1000761,Hollie Davidson,1001076,Kat Roche,1001022,Luke Rogan,-1,,3,International,Y,W
1341,941540,19391,Peter Nelson,953,Canada,3897.32,3897.32,4133,2,38,18,0,0,18,Collection,631,General Catch,0,,0,,0,,0,,0,,0,,0,,0,,0,,0,0,0,0,,1,46,46,0,3,953,Canada,951,Romania,12/07/2024,19:00,13,10,35,22,13,10,1146,TD Place,-1,NA,1,2023,10,10,Fly Half,0,,0,,1000761,Hollie Davidson,1001076,Kat Roche,1001022,Luke Rogan,-1,,3,International,Y,W
1342,941540,19391,Peter Nelson,953,Canada,3897.36,3900.56,4133,2,39,18,35,34,3,Pass,169,Complete,0,,680,Long Pass,682,Right Pass,702,2nd Receiver,0,,0,,0,,0,,0,,16,16,4,0,,1,46,46,0,3,953,Canada,951,Romania,12/07/2024,19:00,13,10,35,22,13,10,1146,TD Place,-1,NA,1,2023,10,10,Fly Half,0,,0,,1000761,Hollie Davidson,1001076,Kat Roche,1001022,Luke Rogan,-1,,3,International,Y,W
1343,941540,56146,Ethan Fryer,953,Canada,3900.56,3900.56,4136,2,35,34,0,0,18,Collection,631,General Catch,0,,0,,0,,0,,0,,0,,0,,0,,0,,0,0,0,0,,1,46,46,0,3,953,Canada,951,Romania,12/07/2024,19:00,13,10,35,22,13,10,1146,TD Place,-1,NA,1,2023,07,7,Openside Flanker,0,,0,,1000761,Hollie Davidson,1001076,Kat Roche,1001022,Luke Rogan,-1,,3,International,Y,W
1344,941540,56146,Ethan Fryer,953,Canada,3900.56,3904.36,4136,2,35,34,53,59,1,Carry,103,Other Carry,122,Off Load,109,Crossed Gain line,460,Dominant Contact,501,1 Tacklers Committed,703,3rd Receiver,0,,0,,0,,0,,11,18,2,2,,1,46,46,0,3,953,Canada,951,Romania,12/07/2024,19:00,13,10,35,22,13,10,1146,TD Place,-1,NA,1,2023,07,7,Openside Flanker,0,,0,,1000761,Hollie Davidson,1001076,Kat Roche,1001022,Luke Rogan,-1,,3,International,Y,W
1345,941540,36759,Dragos Ser,951,Romania,3904.00,3904.00,4139,2,49,9,0,0,2,Tackle,144,Line,155,Offload Allowed,0,,475,Ineffective Tackle,708,1st Tackler,0,,0,,0,,0,,0,,0,0,0,0,,1,46,46,0,3,953,Canada,951,Romania,12/07/2024,19:00,13,10,35,22,13,10,1146,TD Place,-1,NA,1,2023,07,7,Openside Flanker,0,,0,,1000761,Hollie Davidson,1001076,Kat Roche,1001022,Luke Rogan,-1,,3,International,N,L
1346,941540,56146,Ethan Fryer,953,Canada,3904.36,3904.64,4140,2,53,59,52,55,3,Pass,151,Offload,129,To Ground,679,Short Pass,681,Left Pass,703,3rd Receiver,0,,0,,0,,0,,0,,4,4,1,0,,1,46,46,0,3,953,Canada,951,Romania,12/07/2024,19:00,13,10,35,22,13,10,1146,TD Place,-1,NA,1,2023,07,7,Openside Flanker,0,,0,,1000761,Hollie Davidson,1001076,Kat Roche,1001022,Luke Rogan,-1,,3,International,Y,W
1347,941540,33642,Cooper Coats,953,Canada,3904.64,3904.64,4140,2,52,55,0,0,8,Turnover,254,Dropped Ball Unforced,677,Error on Attack,0,,0,,0,,0,,0,,0,,0,,0,,0,0,0,0,,1,46,46,0,3,953,Canada,951,Romania,12/07/2024,19:00,13,10,35,22,13,10,1146,TD Place,-1,NA,1,2023,15,15,Full Back,0,,0,,1000761,Hollie Davidson,1001076,Kat Roche,1001022,Luke Rogan,-1,,3,International,Y,W
1348,941540,0,,951,Romania,3892.24,3905.32,4141,2,59,68,48,13,26,Sequences,348,Lineout Steal,411,Turnover (Scrum),0,,0,,0,,0,,0,,0,,0,,0,,-11,0,0,0,,1,46,46,0,3,953,Canada,951,Romania,12/07/2024,19:00,13,10,35,22,13,10,1146,TD Place,-1,NA,1,2023,,,,0,,0,,1000761,Hollie Davidson,1001076,Kat Roche,1001022,Luke Rogan,-1,,3,International,N,L
1349,941540,0,,953,Canada,3893.24,3905.32,4141,2,41,10,52,55,15,Possession,348,Lineout Steal,411,Turnover (Scrum),0,,684,Fails to enter into Opposition 22,0,,0,,0,,0,,0,,0,,11,0,0,0,,1,46,46,0,3,953,Canada,951,Romania,12/07/2024,19:00,13,10,35,22,13,10,1146,TD Place,-1,NA,1,2023,,,,0,,0,,1000761,Hollie Davidson,1001076,Kat Roche,1001022,Luke Rogan,-1,,3,International,Y,W
1350,941540,57666,Alin Conache,951,Romania,3969.88,3973.16,4245,2,47,13,0,0,5,Scrum,0,,359,Lost Pen Con,366,Negative,363,Clockwise,676,N/A Movement Scrum,0,,0,,0,,0,,0,,0,0,0,0,,1,46,47,0,3,953,Canada,951,Romania,12/07/2024,19:00,13,10,35,22,13,10,1146,TD Place,-1,NA,1,2023,09,9,Scrum Half,0,,0,,1000761,Hollie Davidson,1001076,Kat Roche,1001022,Luke Rogan,-1,,3,International,N,L
1351,941540,34051,Iulian Hartig,951,Romania,3969.88,3973.16,4245,2,47,13,0,0,28,,0,,359,Lost Pen Con,366,Negative,363,Clockwise,0,,0,,0,,0,,0,,0,,0,0,0,0,,1,46,47,0,3,953,Canada,951,Romania,12/07/2024,19:00,13,10,35,22,13,10,1146,TD Place,-1,NA,1,2023,01,1,Loosehead Prop,0,,0,,1000761,Hollie Davidson,1001076,Kat Roche,1001022,Luke Rogan,-1,,3,International,N,L
1352,941540,39780,Stefan Buruiana,951,Romania,3969.88,3973.16,4245,2,47,13,0,0,28,,0,,359,Lost Pen Con,366,Negative,363,Clockwise,0,,0,,0,,0,,0,,0,,0,0,0,0,,1,46,47,0,3,953,Canada,951,Romania,12/07/2024,19:00,13,10,35,22,13,10,1146,TD Place,-1,NA,1,2023,02,2,Hooker,0,,0,,1000761,Hollie Davidson,1001076,Kat Roche,1001022,Luke Rogan,-1,,3,International,N,L
1353,941540,34102,Vasile Balan,951,Romania,3969.88,3973.16,4245,2,47,13,0,0,28,,0,,359,Lost Pen Con,366,Negative,363,Clockwise,0,,0,,0,,0,,0,,0,,0,0,0,0,,1,46,47,0,3,953,Canada,951,Romania,12/07/2024,19:00,13,10,35,22,13,10,1146,TD Place,-1,NA,1,2023,03,3,Tighthead Prop,0,,0,,1000761,Hollie Davidson,1001076,Kat Roche,1001022,Luke Rogan,-1,,3,International,N,L
1354,941540,63895,Yanis Horvat,951,Romania,3969.88,3973.16,4245,2,47,13,0,0,28,,0,,359,Lost Pen Con,366,Negative,363,Clockwise,0,,0,,0,,0,,0,,0,,0,0,0,0,,1,46,47,0,3,953,Canada,951,Romania,12/07/2024,19:00,13,10,35,22,13,10,1146,TD Place,-1,NA,1,2023,04,4,Lock (4),0,,0,,1000761,Hollie Davidson,1001076,Kat Roche,1001022,Luke Rogan,-1,,3,International,N,L
1355,941540,23278,Andrei Mahu,951,Romania,3969.88,3973.16,4245,2,47,13,0,0,28,,0,,359,Lost Pen Con,366,Negative,363,Clockwise,0,,0,,0,,0,,0,,0,,0,0,0,0,,1,46,47,0,3,953,Canada,951,Romania,12/07/2024,19:00,13,10,35,22,13,10,1146,TD Place,-1,NA,1,2023,05,5,Lock (5),0,,0,,1000761,Hollie Davidson,1001076,Kat Roche,1001022,Luke Rogan,-1,,3,International,N,L
1356,941540,33151,Vlad Neculau,951,Romania,3969.88,3973.16,4245,2,47,13,0,0,28,,0,,359,Lost Pen Con,366,Negative,363,Clockwise,0,,0,,0,,0,,0,,0,,0,0,0,0,,1,46,47,0,3,953,Canada,951,Romania,12/07/2024,19:00,13,10,35,22,13,10,1146,TD Place,-1,NA,1,2023,06,6,Blindside Flanker,0,,0,,1000761,Hollie Davidson,1001076,Kat Roche,1001022,Luke Rogan,-1,,3,International,N,L
1357,941540,36759,Dragos Ser,951,Romania,3969.88,3973.16,4245,2,47,13,0,0,28,,0,,359,Lost Pen Con,366,Negative,363,Clockwise,0,,0,,0,,0,,0,,0,,0,0,0,0,,1,46,47,0,3,953,Canada,951,Romania,12/07/2024,19:00,13,10,35,22,13,10,1146,TD Place,-1,NA,1,2023,07,7,Openside Flanker,0,,0,,1000761,Hollie Davidson,1001076,Kat Roche,1001022,Luke Rogan,-1,,3,International,N,L
1358,941540,29316,Nicolaas Immelman,951,Romania,3969.88,3973.16,4245,2,47,13,0,0,28,,0,,359,Lost Pen Con,366,Negative,363,Clockwise,0,,0,,0,,0,,0,,0,,0,0,0,0,,1,46,47,0,3,953,Canada,951,Romania,12/07/2024,19:00,13,10,35,22,13,10,1146,TD Place,-1,NA,1,2023,08,8,Number 8,0,,0,,1000761,Hollie Davidson,1001076,Kat Roche,1001022,Luke Rogan,-1,,3,International,N,L
1359,941540,29377,Liam Murray,953,Canada,3969.88,3973.16,4245,2,47,13,0,0,29,,0,,359,Lost Pen Con,366,Negative,363,Clockwise,0,,0,,0,,0,,0,,0,,0,0,0,0,,1,46,47,0,3,953,Canada,951,Romania,12/07/2024,19:00,13,10,35,22,13,10,1146,TD Place,-1,NA,1,2023,01,1,Loosehead Prop,0,,0,,1000761,Hollie Davidson,1001076,Kat Roche,1001022,Luke Rogan,-1,,3,International,Y,W
1360,941540,25189,Andrew Quattrin,953,Canada,3969.88,3973.16,4245,2,47,13,0,0,29,,0,,359,Lost Pen Con,366,Negative,363,Clockwise,0,,0,,0,,0,,0,,0,,0,0,0,0,,1,46,47,0,3,953,Canada,951,Romania,12/07/2024,19:00,13,10,35,22,13,10,1146,TD Place,-1,NA,1,2023,02,2,Hooker,0,,0,,1000761,Hollie Davidson,1001076,Kat Roche,1001022,Luke Rogan,-1,,3,International,Y,W
1361,941540,29383,Conor Young,953,Canada,3969.88,3973.16,4245,2,47,13,0,0,29,,0,,359,Lost Pen Con,366,Negative,363,Clockwise,0,,0,,0,,0,,0,,0,,0,0,0,0,,1,46,47,0,3,953,Canada,951,Romania,12/07/2024,19:00,13,10,35,22,13,10,1146,TD Place,-1,NA,1,2023,03,3,Tighthead Prop,0,,0,,1000761,Hollie Davidson,1001076,Kat Roche,1001022,Luke Rogan,-1,,3,International,Y,W
1362,941540,27090,Conor Keys,953,Canada,3969.88,3973.16,4245,2,47,13,0,0,29,,0,,359,Lost Pen Con,366,Negative,363,Clockwise,0,,0,,0,,0,,0,,0,,0,0,0,0,,1,46,47,0,3,953,Canada,951,Romania,12/07/2024,19:00,13,10,35,22,13,10,1146,TD Place,-1,NA,1,2023,04,4,Lock (4),0,,0,,1000761,Hollie Davidson,1001076,Kat Roche,1001022,Luke Rogan,-1,,3,International,Y,W
1363,941540,25181,Kyle Baillie,953,Canada,3969.88,3973.16,4245,2,47,13,0,0,29,,0,,359,Lost Pen Con,366,Negative,363,Clockwise,0,,0,,0,,0,,0,,0,,0,0,0,0,,1,46,47,0,3,953,Canada,951,Romania,12/07/2024,19:00,13,10,35,22,13,10,1146,TD Place,-1,NA,1,2023,05,5,Lock (5),0,,0,,1000761,Hollie Davidson,1001076,Kat Roche,1001022,Luke Rogan,-1,,3,International,Y,W
1364,941540,38465,Mason Flesch,953,Canada,3969.88,3973.16,4245,2,47,13,0,0,29,,0,,359,Lost Pen Con,366,Negative,363,Clockwise,0,,0,,0,,0,,0,,0,,0,0,0,0,,1,46,47,0,3,953,Canada,951,Romania,12/07/2024,19:00,13,10,35,22,13,10,1146,TD Place,-1,NA,1,2023,06,6,Blindside Flanker,0,,0,,1000761,Hollie Davidson,1001076,Kat Roche,1001022,Luke Rogan,-1,,3,International,Y,W
1365,941540,56146,Ethan Fryer,953,Canada,3969.88,3973.16,4245,2,47,13,0,0,29,,0,,359,Lost Pen Con,366,Negative,363,Clockwise,0,,0,,0,,0,,0,,0,,0,0,0,0,,1,46,47,0,3,953,Canada,951,Romania,12/07/2024,19:00,13,10,35,22,13,10,1146,TD Place,-1,NA,1,2023,07,7,Openside Flanker,0,,0,,1000761,Hollie Davidson,1001076,Kat Roche,1001022,Luke Rogan,-1,,3,International,Y,W
1366,941540,25183,Lucas Rumball,953,Canada,3969.88,3973.16,4245,2,47,13,0,0,29,,0,,359,Lost Pen Con,366,Negative,363,Clockwise,0,,0,,0,,0,,0,,0,,0,0,0,0,,1,46,47,0,3,953,Canada,951,Romania,12/07/2024,19:00,13,10,35,22,13,10,1146,TD Place,-1,NA,1,2023,08,8,Number 8,0,,0,,1000761,Hollie Davidson,1001076,Kat Roche,1001022,Luke Rogan,-1,,3,International,Y,W
1367,941540,0,,951,Romania,3969.88,3973.16,4248,2,47,13,47,13,26,Sequences,412,Scrum Steal,319,Pen Con,0,,0,,0,,0,,0,,0,,0,,0,,0,0,0,0,,1,46,47,0,3,953,Canada,951,Romania,12/07/2024,19:00,13,10,35,22,13,10,1146,TD Place,-1,NA,1,2023,,,,0,,0,,1000761,Hollie Davidson,1001076,Kat Roche,1001022,Luke Rogan,-1,,3,International,N,L
1368,941540,34051,Iulian Hartig,951,Romania,3972.56,3972.56,4248,2,47,13,0,0,7,Penalty Conceded,222,Scrum Offence,236,No Action,214,Offence,233,Full Penalty,449,Boring In,0,,0,,0,,0,,0,,0,0,0,0,,1,46,47,0,3,953,Canada,951,Romania,12/07/2024,19:00,13,10,35,22,13,10,1146,TD Place,-1,NA,1,2023,01,1,Loosehead Prop,0,,0,,1000761,Hollie Davidson,1001076,Kat Roche,1001022,Luke Rogan,-1,,3,International,N,L
1369,941540,19391,Peter Nelson,953,Canada,4001.48,4003.64,4317,2,54,55,85,68,4,Kick,347,Touch Kick,193,Kick in Touch (Full),148,Penalty Kick,0,,0,,0,,0,,0,,0,,0,,32,34,0,0,,1,46,48,0,3,953,Canada,951,Romania,12/07/2024,19:00,13,10,35,22,13,10,1146,TD Place,-1,NA,1,2023,10,10,Fly Half,0,,0,,1000761,Hollie Davidson,1001076,Kat Roche,1001022,Luke Rogan,-1,,3,International,Y,W
1370,941540,0,,953,Canada,4001.48,4003.64,4319,2,54,55,85,68,26,Sequences,780,Penalty Kick Touch,415,Own Lineout,0,,0,,0,,0,,0,,0,,0,,0,,32,0,0,0,,1,46,48,0,3,953,Canada,951,Romania,12/07/2024,19:00,13,10,35,22,13,10,1146,TD Place,-1,NA,1,2023,,,,0,,0,,1000761,Hollie Davidson,1001076,Kat Roche,1001022,Luke Rogan,-1,,3,International,Y,W
1371,941540,25189,Andrew Quattrin,953,Canada,4025.40,4026.68,4341,2,86,68,86,58,6,Lineout Throw,372,Throw Middle,376,Won Clean Catch,207,Catch and Drive,0,7+1,676,N/A Movement Lineout,732,7 Players,725,Forward at Halfback (+1),0,,0,,0,,10,0,0,0,,1,47,49,0,3,953,Canada,951,Romania,12/07/2024,19:00,13,10,35,22,13,10,1146,TD Place,-1,NA,1,2023,02,2,Hooker,0,,0,,1000761,Hollie Davidson,1001076,Kat Roche,1001022,Luke Rogan,-1,,3,International,Y,W
1372,941540,0,,953,Canada,4025.40,4060.16,4341,2,86,68,101,56,46,Attacking 22 Entry,645,22 Entry Outcome - Try,650,22 Entry Points - Try and Conversion,0,,0,,0,,0,,0,,0,,0,,0,,0,0,0,0,,1,47,49,0,3,953,Canada,951,Romania,12/07/2024,19:00,13,10,35,22,13,10,1146,TD Place,-1,NA,1,2023,,,,0,,0,,1000761,Hollie Davidson,1001076,Kat Roche,1001022,Luke Rogan,-1,,3,International,Y,W
1373,941540,38465,Mason Flesch,953,Canada,4026.68,4026.68,4342,2,86,58,0,0,27,Lineout Take,387,Lineout Win Middle,376,Won Clean,207,Catch and Drive,396,Clean Catch,0,,0,,0,,0,,0,,0,,0,0,0,0,,1,47,49,0,3,953,Canada,951,Romania,12/07/2024,19:00,13,10,35,22,13,10,1146,TD Place,-1,NA,1,2023,06,6,Blindside Flanker,0,,0,,1000761,Hollie Davidson,1001076,Kat Roche,1001022,Luke Rogan,-1,,3,International,Y,W
1374,941540,38465,Mason Flesch,953,Canada,4027.84,4029.40,4343,2,86,58,0,0,24,Maul,0,,401,Won Outright,0,,0,,676,N/A Movement Maul,0,,0,,0,,0,,0,,0,0,0,0,,1,47,49,0,3,953,Canada,951,Romania,12/07/2024,19:00,13,10,35,22,13,10,1146,TD Place,-1,NA,1,2023,06,6,Blindside Flanker,0,,0,,1000761,Hollie Davidson,1001076,Kat Roche,1001022,Luke Rogan,-1,,3,International,Y,W
1375,941540,25183,Lucas Rumball,953,Canada,4029.40,4029.40,4345,2,85,61,0,0,18,Collection,631,General Catch,0,,0,,0,,0,,0,,0,,0,,0,,0,,0,0,0,0,,1,47,49,0,3,953,Canada,951,Romania,12/07/2024,19:00,13,10,35,22,13,10,1146,TD Place,-1,NA,1,2023,08,8,Number 8,0,,0,,1000761,Hollie Davidson,1001076,Kat Roche,1001022,Luke Rogan,-1,,3,International,Y,W
1376,941540,25183,Lucas Rumball,953,Canada,4029.40,4029.40,4345,2,85,61,0,0,47,Playmaker Options,672,Acting Halfback at Breakdown,673,Playmaker Option - Carry,0,,0,,0,,0,,0,,0,,0,,0,,0,0,0,0,,1,47,49,0,3,953,Canada,951,Romania,12/07/2024,19:00,13,10,35,22,13,10,1146,TD Place,-1,NA,1,2023,08,8,Number 8,0,,0,,1000761,Hollie Davidson,1001076,Kat Roche,1001022,Luke Rogan,-1,,3,International,Y,W
1377,941540,25183,Lucas Rumball,953,Canada,4029.40,4031.36,4345,2,85,61,92,61,1,Carry,103,Other Carry,108,Tackled Neutral,109,Crossed Gain line,461,Neutral Contact,501,1 Tacklers Committed,700,0th Receiver,0,,0,,0,,0,,6,6,2,2,,1,47,49,0,3,953,Canada,951,Romania,12/07/2024,19:00,13,10,35,22,13,10,1146,TD Place,-1,NA,1,2023,08,8,Number 8,0,,0,,1000761,Hollie Davidson,1001076,Kat Roche,1001022,Luke Rogan,-1,,3,International,Y,W
1378,941540,34102,Vasile Balan,951,Romania,4030.76,4030.76,4346,2,10,6,0,0,2,Tackle,147,Other,153,Complete,0,,474,Neutral Tackle,708,1st Tackler,0,,0,,0,,0,,0,,0,0,0,0,,1,47,49,0,3,953,Canada,951,Romania,12/07/2024,19:00,13,10,35,22,13,10,1146,TD Place,-1,NA,1,2023,03,3,Tighthead Prop,0,,0,,1000761,Hollie Davidson,1001076,Kat Roche,1001022,Luke Rogan,-1,,3,International,N,L
1379,941540,25183,Lucas Rumball,953,Canada,4031.36,4033.72,4347,2,92,61,0,0,23,Ruck,0,,401,Won Outright,548,Over Previous Gainline,554,2-3 Seconds,663,Close Left Open Movement Ruck,0,,0,,0,,0,,0,,0,0,3,2,,1,47,49,0,3,953,Canada,951,Romania,12/07/2024,19:00,13,10,35,22,13,10,1146,TD Place,-1,NA,1,2023,08,8,Number 8,0,,0,,1000761,Hollie Davidson,1001076,Kat Roche,1001022,Luke Rogan,-1,,3,International,Y,W
1380,941540,23278,Andrei Mahu,951,Romania,4031.40,4031.40,4347,2,9,7,0,0,43,Ruck OOA,578,Got Cleaned Out,583,Own Team 1st Entry,603,OOA Entry 1st Entry- Def,633,Defensive OOA,0,1,0,,0,,0,,0,,0,,0,0,0,0,,1,47,49,0,3,953,Canada,951,Romania,12/07/2024,19:00,13,10,35,22,13,10,1146,TD Place,-1,NA,1,2023,05,5,Lock (5),0,,0,,1000761,Hollie Davidson,1001076,Kat Roche,1001022,Luke Rogan,-1,,3,International,N,L
1381,941540,56146,Ethan Fryer,953,Canada,4032.00,4032.00,4347,2,92,61,0,0,43,Ruck OOA,572,Cleaned Out,583,Own Team 1st Entry,588,OOA Entry 1st Entry- Att,632,Attacking OOA,0,1,0,,0,,0,,0,,0,,0,0,0,0,,1,47,49,0,3,953,Canada,951,Romania,12/07/2024,19:00,13,10,35,22,13,10,1146,TD Place,-1,NA,1,2023,07,7,Openside Flanker,0,,0,,1000761,Hollie Davidson,1001076,Kat Roche,1001022,Luke Rogan,-1,,3,International,Y,W
1382,941540,28377,Andrew Coe,953,Canada,4032.28,4032.28,4348,2,92,61,0,0,43,Ruck OOA,572,Cleaned Out,584,Own Team 2nd Entry,589,OOA Entry 2nd Entry- Att,632,Attacking OOA,0,2,0,,0,,0,,0,,0,,0,0,0,0,,1,47,49,0,3,953,Canada,951,Romania,12/07/2024,19:00,13,10,35,22,13,10,1146,TD Place,-1,NA,1,2023,14,14,Right Wing,0,,0,,1000761,Hollie Davidson,1001076,Kat Roche,1001022,Luke Rogan,-1,,3,International,Y,W
1383,941540,25189,Andrew Quattrin,953,Canada,4033.72,4033.72,4349,2,92,61,0,0,18,Collection,631,General Catch,0,,0,,0,,0,,0,,0,,0,,0,,0,,0,0,0,0,,2,47,49,0,3,953,Canada,951,Romania,12/07/2024,19:00,13,10,35,22,13,10,1146,TD Place,-1,NA,1,2023,02,2,Hooker,0,,0,,1000761,Hollie Davidson,1001076,Kat Roche,1001022,Luke Rogan,-1,,3,International,Y,W
1384,941540,25189,Andrew Quattrin,953,Canada,4033.72,4033.72,4349,2,92,61,0,0,47,Playmaker Options,672,Acting Halfback at Breakdown,673,Playmaker Option - Carry,0,,0,,0,,0,,0,,0,,0,,0,,0,0,0,0,,2,47,49,0,3,953,Canada,951,Romania,12/07/2024,19:00,13,10,35,22,13,10,1146,TD Place,-1,NA,1,2023,02,2,Hooker,0,,0,,1000761,Hollie Davidson,1001076,Kat Roche,1001022,Luke Rogan,-1,,3,International,Y,W
1385,941540,25189,Andrew Quattrin,953,Canada,4033.72,4036.44,4349,2,92,61,94,59,1,Carry,102,Pick and Go,108,Tackled Neutral,109,Crossed Gain line,461,Neutral Contact,501,1 Tacklers Committed,700,0th Receiver,0,,0,,0,,0,,3,3,1,1,,2,47,49,0,3,953,Canada,951,Romania,12/07/2024,19:00,13,10,35,22,13,10,1146,TD Place,-1,NA,1,2023,02,2,Hooker,0,,0,,1000761,Hollie Davidson,1001076,Kat Roche,1001022,Luke Rogan,-1,,3,International,Y,W
1386,941540,34051,Iulian Hartig,951,Romania,4035.12,4035.12,4350,2,7,10,0,0,2,Tackle,144,Line,153,Complete,0,,474,Neutral Tackle,708,1st Tackler,0,,0,,0,,0,,0,,0,0,0,0,,2,47,49,0,3,953,Canada,951,Romania,12/07/2024,19:00,13,10,35,22,13,10,1146,TD Place,-1,NA,1,2023,01,1,Loosehead Prop,0,,0,,1000761,Hollie Davidson,1001076,Kat Roche,1001022,Luke Rogan,-1,,3,International,N,L
1387,941540,25189,Andrew Quattrin,953,Canada,4036.44,4036.68,4352,2,94,59,0,0,23,Ruck,0,,401,Won Outright,548,Over Previous Gainline,552,0-1 Seconds,666,Close Right Blindside Movement Ruck,0,,0,,0,,0,,0,,0,0,1,2,,2,47,49,0,3,953,Canada,951,Romania,12/07/2024,19:00,13,10,35,22,13,10,1146,TD Place,-1,NA,1,2023,02,2,Hooker,0,,0,,1000761,Hollie Davidson,1001076,Kat Roche,1001022,Luke Rogan,-1,,3,International,Y,W
1388,941540,25181,Kyle Baillie,953,Canada,4036.48,4036.48,4352,2,94,59,0,0,43,Ruck OOA,574,Secured,583,Own Team 1st Entry,588,OOA Entry 1st Entry- Att,632,Attacking OOA,0,1,0,,0,,0,,0,,0,,0,0,0,0,,2,47,49,0,3,953,Canada,951,Romania,12/07/2024,19:00,13,10,35,22,13,10,1146,TD Place,-1,NA,1,2023,05,5,Lock (5),0,,0,,1000761,Hollie Davidson,1001076,Kat Roche,1001022,Luke Rogan,-1,,3,International,Y,W
1389,941540,56146,Ethan Fryer,953,Canada,4036.68,4036.68,4352,2,94,59,0,0,18,Collection,631,General Catch,0,,0,,0,,0,,0,,0,,0,,0,,0,,0,0,0,0,,3,47,49,0,3,953,Canada,951,Romania,12/07/2024,19:00,13,10,35,22,13,10,1146,TD Place,-1,NA,1,2023,07,7,Openside Flanker,0,,0,,1000761,Hollie Davidson,1001076,Kat Roche,1001022,Luke Rogan,-1,,3,International,Y,W
1390,941540,56146,Ethan Fryer,953,Canada,4036.68,4036.68,4352,2,94,59,0,0,47,Playmaker Options,672,Acting Halfback at Breakdown,673,Playmaker Option - Carry,0,,0,,0,,0,,0,,0,,0,,0,,0,0,0,0,,3,47,49,0,3,953,Canada,951,Romania,12/07/2024,19:00,13,10,35,22,13,10,1146,TD Place,-1,NA,1,2023,07,7,Openside Flanker,0,,0,,1000761,Hollie Davidson,1001076,Kat Roche,1001022,Luke Rogan,-1,,3,International,Y,W
1391,941540,56146,Ethan Fryer,953,Canada,4036.68,4040.92,4352,2,94,59,95,61,1,Carry,102,Pick and Go,108,Tackled Neutral,109,Crossed Gain line,461,Neutral Contact,502,2 Tacklers Committed,700,0th Receiver,0,,0,,0,,0,,1,1,1,1,,3,47,49,0,3,953,Canada,951,Romania,12/07/2024,19:00,13,10,35,22,13,10,1146,TD Place,-1,NA,1,2023,07,7,Openside Flanker,0,,0,,1000761,Hollie Davidson,1001076,Kat Roche,1001022,Luke Rogan,-1,,3,International,Y,W
1392,941540,63895,Yanis Horvat,951,Romania,4037.76,4037.76,4353,2,6,8,0,0,2,Tackle,144,Line,161,Missed,0,,475,Ineffective Tackle,708,1st Tackler,0,,0,,0,,0,,0,,0,0,0,0,,3,47,49,0,3,953,Canada,951,Romania,12/07/2024,19:00,13,10,35,22,13,10,1146,TD Place,-1,NA,1,2023,04,4,Lock (4),0,,0,,1000761,Hollie Davidson,1001076,Kat Roche,1001022,Luke Rogan,-1,,3,International,N,L
1393,941540,63895,Yanis Horvat,951,Romania,4037.76,4037.76,4353,2,6,8,0,0,12,Missed Tackle,162,Bumped Off,166,Tackled,0,,0,,0,,0,,0,,0,,0,,0,,0,0,0,0,,3,47,49,0,3,953,Canada,951,Romania,12/07/2024,19:00,13,10,35,22,13,10,1146,TD Place,-1,NA,1,2023,04,4,Lock (4),0,,0,,1000761,Hollie Davidson,1001076,Kat Roche,1001022,Luke Rogan,-1,,3,International,N,L
1394,941540,56146,Ethan Fryer,953,Canada,4038.40,4038.40,4354,2,95,60,0,0,10,Attacking Qualities,116,Defender Beaten,0,,0,,0,,0,,0,,0,,0,,0,,0,,0,0,0,0,,3,47,49,0,3,953,Canada,951,Romania,12/07/2024,19:00,13,10,35,22,13,10,1146,TD Place,-1,NA,1,2023,07,7,Openside Flanker,0,,0,,1000761,Hollie Davidson,1001076,Kat Roche,1001022,Luke Rogan,-1,,3,International,Y,W
1395,941540,23278,Andrei Mahu,951,Romania,4038.56,4038.56,4354,2,6,7,0,0,2,Tackle,145,Guard,153,Complete,441,Assist,474,Neutral Tackle,709,2nd Tackler,0,,0,,0,,0,,0,,0,0,0,0,,3,47,49,0,3,953,Canada,951,Romania,12/07/2024,19:00,13,10,35,22,13,10,1146,TD Place,-1,NA,1,2023,05,5,Lock (5),0,,0,,1000761,Hollie Davidson,1001076,Kat Roche,1001022,Luke Rogan,-1,,3,International,N,L
1396,941540,56146,Ethan Fryer,953,Canada,4040.92,4042.28,4356,2,95,61,0,0,23,Ruck,0,,401,Won Outright,548,Over Previous Gainline,553,1-2 Seconds,663,Close Left Open Movement Ruck,0,,0,,0,,0,,0,,0,0,3,3,,3,47,49,0,3,953,Canada,951,Romania,12/07/2024,19:00,13,10,35,22,13,10,1146,TD Place,-1,NA,1,2023,07,7,Openside Flanker,0,,0,,1000761,Hollie Davidson,1001076,Kat Roche,1001022,Luke Rogan,-1,,3,International,Y,W
1397,941540,25183,Lucas Rumball,953,Canada,4041.24,4041.24,4356,2,95,61,0,0,43,Ruck OOA,574,Secured,583,Own Team 1st Entry,588,OOA Entry 1st Entry- Att,632,Attacking OOA,0,1,0,,0,,0,,0,,0,,0,0,0,0,,3,47,49,0,3,953,Canada,951,Romania,12/07/2024,19:00,13,10,35,22,13,10,1146,TD Place,-1,NA,1,2023,08,8,Number 8,0,,0,,1000761,Hollie Davidson,1001076,Kat Roche,1001022,Luke Rogan,-1,,3,International,Y,W
1398,941540,29383,Conor Young,953,Canada,4042.28,4042.28,4358,2,95,61,0,0,18,Collection,272,Attacking Loose Ball,277,Success,0,,0,,0,,0,,0,,0,,0,,0,,0,0,0,0,,4,47,49,0,3,953,Canada,951,Romania,12/07/2024,19:00,13,10,35,22,13,10,1146,TD Place,-1,NA,1,2023,03,3,Tighthead Prop,0,,0,,1000761,Hollie Davidson,1001076,Kat Roche,1001022,Luke Rogan,-1,,3,International,Y,W
1399,941540,29383,Conor Young,953,Canada,4042.28,4044.32,4358,2,95,61,98,58,1,Carry,103,Other Carry,108,Tackled Neutral,109,Crossed Gain line,461,Neutral Contact,502,2 Tacklers Committed,700,0th Receiver,0,,0,,0,,0,,3,3,1,1,,4,47,49,0,3,953,Canada,951,Romania,12/07/2024,19:00,13,10,35,22,13,10,1146,TD Place,-1,NA,1,2023,03,3,Tighthead Prop,0,,0,,1000761,Hollie Davidson,1001076,Kat Roche,1001022,Luke Rogan,-1,,3,International,Y,W
1400,941540,36759,Dragos Ser,951,Romania,4043.00,4043.00,4358,2,3,10,0,0,2,Tackle,145,Guard,153,Complete,0,,474,Neutral Tackle,708,1st Tackler,0,,0,,0,,0,,0,,0,0,0,0,,4,47,49,0,3,953,Canada,951,Romania,12/07/2024,19:00,13,10,35,22,13,10,1146,TD Place,-1,NA,1,2023,07,7,Openside Flanker,0,,0,,1000761,Hollie Davidson,1001076,Kat Roche,1001022,Luke Rogan,-1,,3,International,N,L
1401,941540,39780,Stefan Buruiana,951,Romania,4043.04,4043.04,4358,2,3,10,0,0,2,Tackle,145,Guard,153,Complete,441,Assist,474,Neutral Tackle,709,2nd Tackler,0,,0,,0,,0,,0,,0,0,0,0,,4,47,49,0,3,953,Canada,951,Romania,12/07/2024,19:00,13,10,35,22,13,10,1146,TD Place,-1,NA,1,2023,02,2,Hooker,0,,0,,1000761,Hollie Davidson,1001076,Kat Roche,1001022,Luke Rogan,-1,,3,International,N,L
1402,941540,63895,Yanis Horvat,951,Romania,4043.12,4043.12,4358,2,3,10,0,0,40,Defensive Action,560,Tackle Arrival,0,,0,,0,,0,,0,,0,,0,,0,,0,,0,0,0,0,,4,47,49,0,3,953,Canada,951,Romania,12/07/2024,19:00,13,10,35,22,13,10,1146,TD Place,-1,NA,1,2023,04,4,Lock (4),0,,0,,1000761,Hollie Davidson,1001076,Kat Roche,1001022,Luke Rogan,-1,,3,International,N,L
1403,941540,34051,Iulian Hartig,951,Romania,4043.52,4043.52,4359,2,3,10,0,0,40,Defensive Action,560,Tackle Arrival,0,,0,,0,,0,,0,,0,,0,,0,,0,,0,0,0,0,,4,47,49,0,3,953,Canada,951,Romania,12/07/2024,19:00,13,10,35,22,13,10,1146,TD Place,-1,NA,1,2023,01,1,Loosehead Prop,0,,0,,1000761,Hollie Davidson,1001076,Kat Roche,1001022,Luke Rogan,-1,,3,International,N,L
1404,941540,29383,Conor Young,953,Canada,4044.32,4051.12,4400,2,98,58,0,0,23,Ruck,0,,401,Won Outright,548,Over Previous Gainline,558,6+ Seconds,663,Close Left Open Movement Ruck,0,,0,,0,,0,,0,,0,0,1,3,,4,47,49,0,3,953,Canada,951,Romania,12/07/2024,19:00,13,10,35,22,13,10,1146,TD Place,-1,NA,1,2023,03,3,Tighthead Prop,0,,0,,1000761,Hollie Davidson,1001076,Kat Roche,1001022,Luke Rogan,-1,,3,International,Y,W
1405,941540,25189,Andrew Quattrin,953,Canada,4044.84,4044.84,4400,2,98,58,0,0,43,Ruck OOA,574,Secured,583,Own Team 1st Entry,588,OOA Entry 1st Entry- Att,632,Attacking OOA,0,1,0,,0,,0,,0,,0,,0,0,0,0,,4,47,49,0,3,953,Canada,951,Romania,12/07/2024,19:00,13,10,35,22,13,10,1146,TD Place,-1,NA,1,2023,02,2,Hooker,0,,0,,1000761,Hollie Davidson,1001076,Kat Roche,1001022,Luke Rogan,-1,,3,International,Y,W
1406,941540,25181,Kyle Baillie,953,Canada,4045.96,4045.96,4401,2,98,58,0,0,43,Ruck OOA,574,Secured,584,Own Team 2nd Entry,589,OOA Entry 2nd Entry- Att,632,Attacking OOA,0,2,0,,0,,0,,0,,0,,0,0,0,0,,4,47,49,0,3,953,Canada,951,Romania,12/07/2024,19:00,13,10,35,22,13,10,1146,TD Place,-1,NA,1,2023,05,5,Lock (5),0,,0,,1000761,Hollie Davidson,1001076,Kat Roche,1001022,Luke Rogan,-1,,3,International,Y,W
1407,941540,25183,Lucas Rumball,953,Canada,4051.12,4051.12,4406,2,98,58,0,0,18,Collection,631,General Catch,0,,0,,0,,0,,0,,0,,0,,0,,0,,0,0,0,0,,5,47,49,0,3,953,Canada,951,Romania,12/07/2024,19:00,13,10,35,22,13,10,1146,TD Place,-1,NA,1,2023,08,8,Number 8,0,,0,,1000761,Hollie Davidson,1001076,Kat Roche,1001022,Luke Rogan,-1,,3,International,Y,W
1408,941540,25183,Lucas Rumball,953,Canada,4051.12,4051.12,4406,2,98,58,0,0,47,Playmaker Options,672,Acting Halfback at Breakdown,675,Playmaker Option - Pass,0,,0,,0,,0,,0,,0,,0,,0,,0,0,0,0,,5,47,49,0,3,953,Canada,951,Romania,12/07/2024,19:00,13,10,35,22,13,10,1146,TD Place,-1,NA,1,2023,08,8,Number 8,0,,0,,1000761,Hollie Davidson,1001076,Kat Roche,1001022,Luke Rogan,-1,,3,International,Y,W
1409,941540,25183,Lucas Rumball,953,Canada,4051.56,4051.96,4407,2,98,58,97,55,3,Pass,169,Complete,0,,679,Short Pass,681,Left Pass,700,0th Receiver,0,,0,,0,,0,,0,,3,3,1,0,,5,47,49,0,3,953,Canada,951,Romania,12/07/2024,19:00,13,10,35,22,13,10,1146,TD Place,-1,NA,1,2023,08,8,Number 8,0,,0,,1000761,Hollie Davidson,1001076,Kat Roche,1001022,Luke Rogan,-1,,3,International,Y,W
1410,941540,27090,Conor Keys,953,Canada,4051.96,4051.96,4407,2,97,55,0,0,18,Collection,631,General Catch,0,,0,,0,,0,,0,,0,,0,,0,,0,,0,0,0,0,,5,47,49,0,3,953,Canada,951,Romania,12/07/2024,19:00,13,10,35,22,13,10,1146,TD Place,-1,NA,1,2023,04,4,Lock (4),0,,0,,1000761,Hollie Davidson,1001076,Kat Roche,1001022,Luke Rogan,-1,,3,International,Y,W
1411,941540,27090,Conor Keys,953,Canada,4051.96,4051.96,4407,2,97,55,0,0,47,Playmaker Options,656,First Receiver,673,Playmaker Option - Carry,0,,0,,0,,0,,0,,0,,0,,0,,0,0,0,0,,5,47,49,0,3,953,Canada,951,Romania,12/07/2024,19:00,13,10,35,22,13,10,1146,TD Place,-1,NA,1,2023,04,4,Lock (4),0,,0,,1000761,Hollie Davidson,1001076,Kat Roche,1001022,Luke Rogan,-1,,3,International,Y,W
1412,941540,27090,Conor Keys,953,Canada,4051.96,4053.04,4407,2,97,55,99,55,1,Carry,101,One Out Drive,108,Tackled Neutral,109,Crossed Gain line,461,Neutral Contact,502,2 Tacklers Committed,701,1st Receiver,0,,0,,0,,0,,1,2,1,1,,5,47,49,0,3,953,Canada,951,Romania,12/07/2024,19:00,13,10,35,22,13,10,1146,TD Place,-1,NA,1,2023,04,4,Lock (4),0,,0,,1000761,Hollie Davidson,1001076,Kat Roche,1001022,Luke Rogan,-1,,3,International,Y,W
1413,941540,33151,Vlad Neculau,951,Romania,4052.16,4052.16,4407,2,2,13,0,0,2,Tackle,144,Line,153,Complete,0,,474,Neutral Tackle,708,1st Tackler,0,,0,,0,,0,,0,,0,0,0,0,,5,47,49,0,3,953,Canada,951,Romania,12/07/2024,19:00,13,10,35,22,13,10,1146,TD Place,-1,NA,1,2023,06,6,Blindside Flanker,0,,0,,1000761,Hollie Davidson,1001076,Kat Roche,1001022,Luke Rogan,-1,,3,International,N,L
1414,941540,34102,Vasile Balan,951,Romania,4052.40,4052.40,4408,2,2,13,0,0,2,Tackle,144,Line,153,Complete,441,Assist,474,Neutral Tackle,709,2nd Tackler,0,,0,,0,,0,,0,,0,0,0,0,,5,47,49,0,3,953,Canada,951,Romania,12/07/2024,19:00,13,10,35,22,13,10,1146,TD Place,-1,NA,1,2023,03,3,Tighthead Prop,0,,0,,1000761,Hollie Davidson,1001076,Kat Roche,1001022,Luke Rogan,-1,,3,International,N,L
1415,941540,27090,Conor Keys,953,Canada,4053.04,4057.88,4408,2,99,55,0,0,23,Ruck,0,,401,Won Outright,548,Over Previous Gainline,556,4-5 Seconds,670,Tight Right Blindside Movement Ruck,0,,0,,0,,0,,0,,0,0,1,1,,5,47,49,0,3,953,Canada,951,Romania,12/07/2024,19:00,13,10,35,22,13,10,1146,TD Place,-1,NA,1,2023,04,4,Lock (4),0,,0,,1000761,Hollie Davidson,1001076,Kat Roche,1001022,Luke Rogan,-1,,3,International,Y,W
1416,941540,25183,Lucas Rumball,953,Canada,4053.68,4053.68,4409,2,99,55,0,0,43,Ruck OOA,574,Secured,583,Own Team 1st Entry,588,OOA Entry 1st Entry- Att,632,Attacking OOA,0,1,0,,0,,0,,0,,0,,0,0,0,0,,5,47,49,0,3,953,Canada,951,Romania,12/07/2024,19:00,13,10,35,22,13,10,1146,TD Place,-1,NA,1,2023,08,8,Number 8,0,,0,,1000761,Hollie Davidson,1001076,Kat Roche,1001022,Luke Rogan,-1,,3,International,Y,W
1417,941540,29377,Liam Murray,953,Canada,4054.56,4054.56,4410,2,99,55,0,0,43,Ruck OOA,574,Secured,584,Own Team 2nd Entry,589,OOA Entry 2nd Entry- Att,632,Attacking OOA,0,2,0,,0,,0,,0,,0,,0,0,0,0,,5,47,49,0,3,953,Canada,951,Romania,12/07/2024,19:00,13,10,35,22,13,10,1146,TD Place,-1,NA,1,2023,01,1,Loosehead Prop,0,,0,,1000761,Hollie Davidson,1001076,Kat Roche,1001022,Luke Rogan,-1,,3,International,Y,W
1418,941540,56146,Ethan Fryer,953,Canada,4057.88,4057.88,4413,2,99,55,0,0,18,Collection,631,General Catch,0,,0,,0,,0,,0,,0,,0,,0,,0,,0,0,0,0,,6,47,49,0,3,953,Canada,951,Romania,12/07/2024,19:00,13,10,35,22,13,10,1146,TD Place,-1,NA,1,2023,07,7,Openside Flanker,0,,0,,1000761,Hollie Davidson,1001076,Kat Roche,1001022,Luke Rogan,-1,,3,International,Y,W
1419,941540,56146,Ethan Fryer,953,Canada,4057.88,4057.88,4413,2,99,55,0,0,47,Playmaker Options,672,Acting Halfback at Breakdown,673,Playmaker Option - Carry,0,,0,,0,,0,,0,,0,,0,,0,,0,0,0,0,,6,47,49,0,3,953,Canada,951,Romania,12/07/2024,19:00,13,10,35,22,13,10,1146,TD Place,-1,NA,1,2023,07,7,Openside Flanker,0,,0,,1000761,Hollie Davidson,1001076,Kat Roche,1001022,Luke Rogan,-1,,3,International,Y,W
1420,941540,56146,Ethan Fryer,953,Canada,4057.88,4060.16,4413,2,99,55,101,56,1,Carry,102,Pick and Go,117,Try Scored,109,Crossed Gain line,460,Dominant Contact,503,3 Tacklers Committed,700,0th Receiver,0,,0,,0,,0,,1,2,0,0,,6,47,49,0,3,953,Canada,951,Romania,12/07/2024,19:00,13,10,35,22,13,10,1146,TD Place,-1,NA,1,2023,07,7,Openside Flanker,0,,0,,1000761,Hollie Davidson,1001076,Kat Roche,1001022,Luke Rogan,-1,,3,International,Y,W
1421,941540,34051,Iulian Hartig,951,Romania,4058.44,4058.44,4414,2,-1,12,0,0,2,Tackle,145,Guard,467,Ineffective,0,,475,Ineffective Tackle,708,1st Tackler,0,,0,,0,,0,,0,,0,0,0,0,,6,47,49,0,3,953,Canada,951,Romania,12/07/2024,19:00,13,10,35,22,13,10,1146,TD Place,-1,NA,1,2023,01,1,Loosehead Prop,0,,0,,1000761,Hollie Davidson,1001076,Kat Roche,1001022,Luke Rogan,-1,,3,International,N,L
1422,941540,63895,Yanis Horvat,951,Romania,4058.52,4058.52,4414,2,-1,12,0,0,2,Tackle,145,Guard,467,Ineffective,441,Assist,475,Ineffective Tackle,709,2nd Tackler,0,,0,,0,,0,,0,,0,0,0,0,,6,47,49,0,3,953,Canada,951,Romania,12/07/2024,19:00,13,10,35,22,13,10,1146,TD Place,-1,NA,1,2023,04,4,Lock (4),0,,0,,1000761,Hollie Davidson,1001076,Kat Roche,1001022,Luke Rogan,-1,,3,International,N,L
1423,941540,36759,Dragos Ser,951,Romania,4059.00,4059.00,4414,2,-1,12,0,0,2,Tackle,144,Line,467,Ineffective,441,Assist,475,Ineffective Tackle,710,3rd Tackler,0,,0,,0,,0,,0,,0,0,0,0,,6,47,49,0,3,953,Canada,951,Romania,12/07/2024,19:00,13,10,35,22,13,10,1146,TD Place,-1,NA,1,2023,07,7,Openside Flanker,0,,0,,1000761,Hollie Davidson,1001076,Kat Roche,1001022,Luke Rogan,-1,,3,International,N,L
1424,941540,56146,Ethan Fryer,953,Canada,4060.16,4060.16,4415,2,101,56,0,0,9,Try,0,Try,0,,0,,0,,0,,0,,0,,0,,0,,0,,0,0,0,0,,6,47,49,0,8,953,Canada,951,Romania,12/07/2024,19:00,13,10,35,22,13,10,1146,TD Place,-1,NA,1,2023,07,7,Openside Flanker,0,,0,,1000761,Hollie Davidson,1001076,Kat Roche,1001022,Luke Rogan,-1,,3,International,Y,W
1425,941540,0,,953,Canada,4025.40,4060.64,4416,2,86,68,101,56,15,Possession,306,Lineout,314,Try,0,,685,Starts inside Opposition 22,0,,0,,0,,0,,0,,0,,14,0,0,0,,6,47,49,0,3,953,Canada,951,Romania,12/07/2024,19:00,13,10,35,22,13,10,1146,TD Place,-1,NA,1,2023,,,,0,,0,,1000761,Hollie Davidson,1001076,Kat Roche,1001022,Luke Rogan,-1,,3,International,Y,W
1426,941540,0,,953,Canada,4025.40,4060.64,4416,2,86,68,101,56,26,Sequences,306,Lineout,314,Try,0,,0,,0,,0,,0,,0,,0,,0,,14,0,0,0,,6,47,49,0,3,953,Canada,951,Romania,12/07/2024,19:00,13,10,35,22,13,10,1146,TD Place,-1,NA,1,2023,,,,0,,0,,1000761,Hollie Davidson,1001076,Kat Roche,1001022,Luke Rogan,-1,,3,International,Y,W
1427,941540,19391,Peter Nelson,953,Canada,4115.00,4118.60,4510,2,77,56,107,27,11,Goal Kick,295,Conversion,299,Goal Kicked,0,,0,,0,,0,,0,,0,,0,,0,,23,32,0,0,,1,47,50,0,10,953,Canada,951,Romania,12/07/2024,19:00,13,10,35,22,18,10,1146,TD Place,-1,NA,1,2023,10,10,Fly Half,0,,0,,1000761,Hollie Davidson,1001076,Kat Roche,1001022,Luke Rogan,-1,,3,International,Y,W
1428,941540,34051,Iulian Hartig,951,Romania,4143.76,4143.76,4539,2,-7,41,0,0,41,Sub Out,562,Tactical,0,,0,,0,,0,,0,,0,,0,,0,,0,,0,0,0,0,,1,47,50,1,10,953,Canada,951,Romania,12/07/2024,19:00,13,10,35,22,18,10,1146,TD Place,-1,NA,1,2023,01,1,Loosehead Prop,0,,0,,1000761,Hollie Davidson,1001076,Kat Roche,1001022,Luke Rogan,-1,,3,International,N,L
1429,941540,27535,Alexandru Savin,951,Romania,4143.80,4143.80,4539,2,-7,41,0,0,42,Sub In,562,Tactical,0,,0,,0,,0,,0,,0,,0,,0,,0,,0,0,0,0,,1,47,50,0,10,953,Canada,951,Romania,12/07/2024,19:00,13,10,35,22,18,10,1146,TD Place,-1,NA,1,2023,17,1,Loosehead Prop,0,,0,,1000761,Hollie Davidson,1001076,Kat Roche,1001022,Luke Rogan,-1,,3,International,N,L
1430,941540,23278,Andrei Mahu,951,Romania,4144.00,4144.00,4539,2,-7,41,0,0,41,Sub Out,562,Tactical,0,,0,,0,,0,,0,,0,,0,,0,,0,,0,0,0,0,,1,47,50,1,10,953,Canada,951,Romania,12/07/2024,19:00,13,10,35,22,18,10,1146,TD Place,-1,NA,1,2023,05,5,Lock (5),0,,0,,1000761,Hollie Davidson,1001076,Kat Roche,1001022,Luke Rogan,-1,,3,International,N,L
1431,941540,27028,Marius Iftimiciuc,951,Romania,4144.04,4144.04,4539,2,-7,41,0,0,42,Sub In,562,Tactical,0,,0,,0,,0,,0,,0,,0,,0,,0,,0,0,0,0,,1,47,50,0,10,953,Canada,951,Romania,12/07/2024,19:00,13,10,35,22,18,10,1146,TD Place,-1,NA,1,2023,19,5,Lock (5),0,,0,,1000761,Hollie Davidson,1001076,Kat Roche,1001022,Luke Rogan,-1,,3,International,N,L
1432,941540,33463,Paul Popoaia,951,Romania,4146.48,4150.64,4542,2,49,33,77,19,14,Restart,281,50m Restart,286,Restart Opp Collection,289,Short,752,Kicked Left,0,,0,,0,,0,,0,,0,,28,32,15,0,,1,47,51,0,10,953,Canada,951,Romania,12/07/2024,19:00,13,10,35,22,18,10,1146,TD Place,-1,NA,1,2023,15,15,Full Back,0,,0,,1000761,Hollie Davidson,1001076,Kat Roche,1001022,Luke Rogan,-1,,3,International,N,L
1433,941540,25183,Lucas Rumball,953,Canada,4150.64,4150.64,4546,2,23,49,0,0,18,Collection,275,Restart Catch,277,Success,0,,0,,0,,0,,0,,0,,0,,0,,0,0,0,0,,1,48,51,0,10,953,Canada,951,Romania,12/07/2024,19:00,13,10,35,22,18,10,1146,TD Place,-1,NA,1,2023,08,8,Number 8,0,,0,,1000761,Hollie Davidson,1001076,Kat Roche,1001022,Luke Rogan,-1,,3,International,Y,W
1434,941540,25183,Lucas Rumball,953,Canada,4150.64,4151.96,4546,2,23,49,25,45,1,Carry,105,Restart Return,409,Tackled Ineffective,109,Crossed Gain line,462,Ineffective Contact,501,1 Tacklers Committed,700,0th Receiver,0,,0,,0,,0,,2,2,1,1,,1,48,51,0,10,953,Canada,951,Romania,12/07/2024,19:00,13,10,35,22,18,10,1146,TD Place,-1,NA,1,2023,08,8,Number 8,0,,0,,1000761,Hollie Davidson,1001076,Kat Roche,1001022,Luke Rogan,-1,,3,International,Y,W
1435,941540,27535,Alexandru Savin,951,Romania,4151.40,4151.40,4547,2,76,22,0,0,2,Tackle,142,Chase,159,Sack,0,,473,Dominant Tackle,708,1st Tackler,0,,0,,0,,0,,0,,0,0,0,0,,1,48,51,0,10,953,Canada,951,Romania,12/07/2024,19:00,13,10,35,22,18,10,1146,TD Place,-1,NA,1,2023,17,1,Loosehead Prop,0,,0,,1000761,Hollie Davidson,1001076,Kat Roche,1001022,Luke Rogan,-1,,3,International,N,L
1436,941540,25183,Lucas Rumball,953,Canada,4151.96,4154.80,4547,2,25,45,0,0,23,Ruck,0,,401,Won Outright,551,N/A Gainline,554,2-3 Seconds,664,Close Right Open Movement Ruck,0,,0,,0,,0,,0,,0,0,-2,9,,1,48,51,0,10,953,Canada,951,Romania,12/07/2024,19:00,13,10,35,22,18,10,1146,TD Place,-1,NA,1,2023,08,8,Number 8,0,,0,,1000761,Hollie Davidson,1001076,Kat Roche,1001022,Luke Rogan,-1,,3,International,Y,W
1437,941540,25189,Andrew Quattrin,953,Canada,4152.72,4152.72,4548,2,25,45,0,0,43,Ruck OOA,574,Secured,583,Own Team 1st Entry,588,OOA Entry 1st Entry- Att,632,Attacking OOA,0,1,0,,0,,0,,0,,0,,0,0,0,0,,1,48,51,0,10,953,Canada,951,Romania,12/07/2024,19:00,13,10,35,22,18,10,1146,TD Place,-1,NA,1,2023,02,2,Hooker,0,,0,,1000761,Hollie Davidson,1001076,Kat Roche,1001022,Luke Rogan,-1,,3,International,Y,W
1438,941540,33642,Cooper Coats,953,Canada,4152.80,4152.80,4548,2,25,45,0,0,43,Ruck OOA,574,Secured,584,Own Team 2nd Entry,589,OOA Entry 2nd Entry- Att,632,Attacking OOA,0,2,0,,0,,0,,0,,0,,0,0,0,0,,1,48,51,0,10,953,Canada,951,Romania,12/07/2024,19:00,13,10,35,22,18,10,1146,TD Place,-1,NA,1,2023,15,15,Full Back,0,,0,,1000761,Hollie Davidson,1001076,Kat Roche,1001022,Luke Rogan,-1,,3,International,Y,W
1439,941540,33151,Vlad Neculau,951,Romania,4153.72,4153.72,4549,2,75,23,0,0,43,Ruck OOA,577,Not Clearing,583,Own Team 1st Entry,603,OOA Entry 1st Entry- Def,633,Defensive OOA,0,1,0,,0,,0,,0,,0,,0,0,0,0,,1,48,51,0,10,953,Canada,951,Romania,12/07/2024,19:00,13,10,35,22,18,10,1146,TD Place,-1,NA,1,2023,06,6,Blindside Flanker,0,,0,,1000761,Hollie Davidson,1001076,Kat Roche,1001022,Luke Rogan,-1,,3,International,N,L
1440,941540,38159,Jason Higgins,953,Canada,4154.80,4154.80,4550,2,25,45,0,0,18,Collection,631,General Catch,0,,0,,0,,0,,0,,0,,0,,0,,0,,0,0,0,0,,2,48,51,0,10,953,Canada,951,Romania,12/07/2024,19:00,13,10,35,22,18,10,1146,TD Place,-1,NA,1,2023,09,9,Scrum Half,0,,0,,1000761,Hollie Davidson,1001076,Kat Roche,1001022,Luke Rogan,-1,,3,International,Y,W
1441,941540,38159,Jason Higgins,953,Canada,4154.80,4154.80,4550,2,25,45,0,0,47,Playmaker Options,671,Halfback at Breakdown,675,Playmaker Option - Pass,0,,0,,0,,0,,0,,0,,0,,0,,0,0,0,0,,2,48,51,0,10,953,Canada,951,Romania,12/07/2024,19:00,13,10,35,22,18,10,1146,TD Place,-1,NA,1,2023,09,9,Scrum Half,0,,0,,1000761,Hollie Davidson,1001076,Kat Roche,1001022,Luke Rogan,-1,,3,International,Y,W
1442,941540,38159,Jason Higgins,953,Canada,4154.84,4155.32,4550,2,25,45,20,53,3,Pass,169,Complete,0,,686,Medium Pass,682,Right Pass,700,0th Receiver,0,,0,,0,,0,,0,,8,9,5,0,,2,48,51,0,10,953,Canada,951,Romania,12/07/2024,19:00,13,10,35,22,18,10,1146,TD Place,-1,NA,1,2023,09,9,Scrum Half,0,,0,,1000761,Hollie Davidson,1001076,Kat Roche,1001022,Luke Rogan,-1,,3,International,Y,W
1443,941540,27090,Conor Keys,953,Canada,4155.32,4155.32,4551,2,20,53,0,0,18,Collection,631,General Catch,0,,0,,0,,0,,0,,0,,0,,0,,0,,0,0,0,0,,2,48,51,0,10,953,Canada,951,Romania,12/07/2024,19:00,13,10,35,22,18,10,1146,TD Place,-1,NA,1,2023,04,4,Lock (4),0,,0,,1000761,Hollie Davidson,1001076,Kat Roche,1001022,Luke Rogan,-1,,3,International,Y,W
1444,941540,0,,953,Canada,4155.32,4155.32,4551,2,20,53,0,0,45,Defensive Exits,629,Carried out of 22,0,,0,,0,,0,,0,,0,,0,,0,,0,,0,0,0,0,,2,48,51,0,10,953,Canada,951,Romania,12/07/2024,19:00,13,10,35,22,18,10,1146,TD Place,-1,NA,1,2023,,,,0,,0,,1000761,Hollie Davidson,1001076,Kat Roche,1001022,Luke Rogan,-1,,3,International,Y,W
1445,941540,27090,Conor Keys,953,Canada,4155.32,4155.32,4551,2,20,53,0,0,47,Playmaker Options,656,First Receiver,673,Playmaker Option - Carry,0,,0,,0,,0,,0,,0,,0,,0,,0,0,0,0,,2,48,51,0,10,953,Canada,951,Romania,12/07/2024,19:00,13,10,35,22,18,10,1146,TD Place,-1,NA,1,2023,04,4,Lock (4),0,,0,,1000761,Hollie Davidson,1001076,Kat Roche,1001022,Luke Rogan,-1,,3,International,Y,W
1446,941540,27090,Conor Keys,953,Canada,4155.32,4156.92,4551,2,20,53,23,54,1,Carry,101,One Out Drive,108,Tackled Neutral,111,Failed Gain line,461,Neutral Contact,502,2 Tacklers Committed,701,1st Receiver,0,,0,,0,,0,,0,3,0,0,,2,48,51,0,10,953,Canada,951,Romania,12/07/2024,19:00,13,10,35,22,18,10,1146,TD Place,-1,NA,1,2023,04,4,Lock (4),0,,0,,1000761,Hollie Davidson,1001076,Kat Roche,1001022,Luke Rogan,-1,,3,International,Y,W
1447,941540,27035,Marius Simionescu,951,Romania,4156.64,4156.64,4552,2,78,14,0,0,2,Tackle,144,Line,153,Complete,0,,474,Neutral Tackle,708,1st Tackler,0,,0,,0,,0,,0,,0,0,0,0,,2,48,51,0,10,953,Canada,951,Romania,12/07/2024,19:00,13,10,35,22,18,10,1146,TD Place,-1,NA,1,2023,14,14,Right Wing,0,,0,,1000761,Hollie Davidson,1001076,Kat Roche,1001022,Luke Rogan,-1,,3,International,N,L
1448,941540,60960,Mihai Graure,951,Romania,4156.68,4156.68,4552,2,78,14,0,0,2,Tackle,144,Line,153,Complete,441,Assist,474,Neutral Tackle,709,2nd Tackler,0,,0,,0,,0,,0,,0,0,0,0,,2,48,51,0,10,953,Canada,951,Romania,12/07/2024,19:00,13,10,35,22,18,10,1146,TD Place,-1,NA,1,2023,13,13,Outside Centre,0,,0,,1000761,Hollie Davidson,1001076,Kat Roche,1001022,Luke Rogan,-1,,3,International,N,L
1449,941540,27090,Conor Keys,953,Canada,4156.92,4165.24,4552,2,23,54,0,0,23,Ruck,0,,401,Won Outright,549,Behind Previous Gainline,558,6+ Seconds,667,Tight Left Open Movement Ruck,0,,0,,0,,0,,0,,0,0,0,0,,2,48,51,0,10,953,Canada,951,Romania,12/07/2024,19:00,13,10,35,22,18,10,1146,TD Place,-1,NA,1,2023,04,4,Lock (4),0,,0,,1000761,Hollie Davidson,1001076,Kat Roche,1001022,Luke Rogan,-1,,3,International,Y,W
1450,941540,60960,Mihai Graure,951,Romania,4157.68,4157.68,4553,2,77,14,0,0,43,Ruck OOA,578,Got Cleaned Out,583,Own Team 1st Entry,603,OOA Entry 1st Entry- Def,633,Defensive OOA,0,1,0,,0,,0,,0,,0,,0,0,0,0,,2,48,51,0,10,953,Canada,951,Romania,12/07/2024,19:00,13,10,35,22,18,10,1146,TD Place,-1,NA,1,2023,13,13,Outside Centre,0,,0,,1000761,Hollie Davidson,1001076,Kat Roche,1001022,Luke Rogan,-1,,3,International,N,L
1451,941540,56146,Ethan Fryer,953,Canada,4157.80,4157.80,4553,2,23,54,0,0,43,Ruck OOA,572,Cleaned Out,583,Own Team 1st Entry,588,OOA Entry 1st Entry- Att,632,Attacking OOA,0,1,0,,0,,0,,0,,0,,0,0,0,0,,2,48,51,0,10,953,Canada,951,Romania,12/07/2024,19:00,13,10,35,22,18,10,1146,TD Place,-1,NA,1,2023,07,7,Openside Flanker,0,,0,,1000761,Hollie Davidson,1001076,Kat Roche,1001022,Luke Rogan,-1,,3,International,Y,W
1452,941540,29383,Conor Young,953,Canada,4159.00,4159.00,4554,2,23,54,0,0,43,Ruck OOA,574,Secured,584,Own Team 2nd Entry,589,OOA Entry 2nd Entry- Att,632,Attacking OOA,0,2,0,,0,,0,,0,,0,,0,0,0,0,,2,48,51,0,10,953,Canada,951,Romania,12/07/2024,19:00,13,10,35,22,18,10,1146,TD Place,-1,NA,1,2023,03,3,Tighthead Prop,0,,0,,1000761,Hollie Davidson,1001076,Kat Roche,1001022,Luke Rogan,-1,,3,International,Y,W
1453,941540,25181,Kyle Baillie,953,Canada,4159.60,4159.60,4555,2,23,54,0,0,43,Ruck OOA,574,Secured,585,Own Team 3rd Entry,590,OOA Entry 3rd Entry- Att,632,Attacking OOA,0,3,0,,0,,0,,0,,0,,0,0,0,0,,2,48,51,0,10,953,Canada,951,Romania,12/07/2024,19:00,13,10,35,22,18,10,1146,TD Place,-1,NA,1,2023,05,5,Lock (5),0,,0,,1000761,Hollie Davidson,1001076,Kat Roche,1001022,Luke Rogan,-1,,3,International,Y,W
1454,941540,29377,Liam Murray,953,Canada,4161.04,4161.04,4556,2,23,54,0,0,43,Ruck OOA,575,Attended,586,Own Team 4th Entry,591,OOA Entry 4th Entry- Att,632,Attacking OOA,0,4,0,,0,,0,,0,,0,,0,0,0,0,,2,48,51,0,10,953,Canada,951,Romania,12/07/2024,19:00,13,10,35,22,18,10,1146,TD Place,-1,NA,1,2023,01,1,Loosehead Prop,0,,0,,1000761,Hollie Davidson,1001076,Kat Roche,1001022,Luke Rogan,-1,,3,International,Y,W
1455,941540,38159,Jason Higgins,953,Canada,4165.24,4165.24,4600,2,23,54,0,0,18,Collection,631,General Catch,0,,0,,0,,0,,0,,0,,0,,0,,0,,0,0,0,0,,3,48,51,0,10,953,Canada,951,Romania,12/07/2024,19:00,13,10,35,22,20,10,1146,TD Place,-1,NA,1,2023,09,9,Scrum Half,0,,0,,1000761,Hollie Davidson,1001076,Kat Roche,1001022,Luke Rogan,-1,,3,International,Y,W
1456,941540,38159,Jason Higgins,953,Canada,4165.24,4165.24,4600,2,23,54,0,0,47,Playmaker Options,671,Halfback at Breakdown,674,Playmaker Option - Kick,0,,0,,0,,0,,0,,0,,0,,0,,0,0,0,0,,3,48,51,0,10,953,Canada,951,Romania,12/07/2024,19:00,13,10,35,22,20,10,1146,TD Place,-1,NA,1,2023,09,9,Scrum Half,0,,0,,1000761,Hollie Davidson,1001076,Kat Roche,1001022,Luke Rogan,-1,,3,International,Y,W
1457,941540,38159,Jason Higgins,953,Canada,4166.44,4170.76,4602,2,23,54,53,44,4,Kick,346,Box,198,Caught Full,185,Kick in Play,0,,0,,0,,0,,0,,0,,0,,30,32,0,0,,3,48,51,0,10,953,Canada,951,Romania,12/07/2024,19:00,13,10,35,22,20,10,1146,TD Place,-1,NA,1,2023,09,9,Scrum Half,0,,0,,1000761,Hollie Davidson,1001076,Kat Roche,1001022,Luke Rogan,-1,,3,International,Y,W
1458,941540,0,,953,Canada,4150.64,4170.76,4606,2,23,49,53,44,15,Possession,307,50m Restart,351,Kick in Play,0,,684,Fails to enter into Opposition 22,0,,0,,0,,0,,0,,0,,30,0,0,0,,3,48,51,0,10,953,Canada,951,Romania,12/07/2024,19:00,13,10,35,22,20,10,1146,TD Place,-1,NA,1,2023,,,,0,,0,,1000761,Hollie Davidson,1001076,Kat Roche,1001022,Luke Rogan,-1,,3,International,Y,W
1459,941540,33463,Paul Popoaia,951,Romania,4170.76,4170.76,4606,2,47,24,0,0,18,Collection,273,Defensive Catch,277,Success,0,,0,,0,,0,,0,,0,,0,,0,,0,0,0,0,,1,49,51,0,10,953,Canada,951,Romania,12/07/2024,19:00,13,10,35,22,20,10,1146,TD Place,-1,NA,1,2023,15,15,Full Back,0,,0,,1000761,Hollie Davidson,1001076,Kat Roche,1001022,Luke Rogan,-1,,3,International,N,L
1460,941540,33463,Paul Popoaia,951,Romania,4170.76,4173.36,4606,2,47,24,49,14,1,Carry,104,Kick Return,108,Tackled Neutral,109,Crossed Gain line,461,Neutral Contact,501,1 Tacklers Committed,700,0th Receiver,0,,0,,0,,0,,2,2,1,1,,1,49,51,0,10,953,Canada,951,Romania,12/07/2024,19:00,13,10,35,22,20,10,1146,TD Place,-1,NA,1,2023,15,15,Full Back,0,,0,,1000761,Hollie Davidson,1001076,Kat Roche,1001022,Luke Rogan,-1,,3,International,N,L
1461,941540,28377,Andrew Coe,953,Canada,4172.80,4172.80,4608,2,51,52,0,0,2,Tackle,142,Chase,153,Complete,0,,474,Neutral Tackle,708,1st Tackler,0,,0,,0,,0,,0,,0,0,0,0,,1,49,51,0,10,953,Canada,951,Romania,12/07/2024,19:00,13,10,35,22,20,10,1146,TD Place,-1,NA,1,2023,14,14,Right Wing,0,,0,,1000761,Hollie Davidson,1001076,Kat Roche,1001022,Luke Rogan,-1,,3,International,Y,W
1462,941540,33463,Paul Popoaia,951,Romania,4173.36,4180.44,4609,2,49,14,0,0,23,Ruck,0,,401,Won Outright,551,N/A Gainline,558,6+ Seconds,662,Mid Right Open Movement Ruck,0,,0,,0,,0,,0,,0,0,-3,17,,1,49,51,0,10,953,Canada,951,Romania,12/07/2024,19:00,13,10,35,22,20,10,1146,TD Place,-1,NA,1,2023,15,15,Full Back,0,,0,,1000761,Hollie Davidson,1001076,Kat Roche,1001022,Luke Rogan,-1,,3,International,N,L
1463,941540,27747,Hinckley Vaovasa,951,Romania,4173.60,4173.60,4609,2,49,14,0,0,43,Ruck OOA,574,Secured,583,Own Team 1st Entry,588,OOA Entry 1st Entry- Att,632,Attacking OOA,0,1,0,,0,,0,,0,,0,,0,0,0,0,,1,49,51,0,10,953,Canada,951,Romania,12/07/2024,19:00,13,10,35,22,20,10,1146,TD Place,-1,NA,1,2023,10,10,Fly Half,0,,0,,1000761,Hollie Davidson,1001076,Kat Roche,1001022,Luke Rogan,-1,,3,International,N,L
1464,941540,56146,Ethan Fryer,953,Canada,4173.72,4173.72,4609,2,51,54,0,0,43,Ruck OOA,577,Not Clearing,583,Own Team 1st Entry,603,OOA Entry 1st Entry- Def,633,Defensive OOA,0,1,0,,0,,0,,0,,0,,0,0,0,0,,1,49,51,0,10,953,Canada,951,Romania,12/07/2024,19:00,13,10,35,22,20,10,1146,TD Place,-1,NA,1,2023,07,7,Openside Flanker,0,,0,,1000761,Hollie Davidson,1001076,Kat Roche,1001022,Luke Rogan,-1,,3,International,Y,W
1465,941540,27535,Alexandru Savin,951,Romania,4174.80,4174.80,4610,2,49,14,0,0,43,Ruck OOA,574,Secured,584,Own Team 2nd Entry,589,OOA Entry 2nd Entry- Att,632,Attacking OOA,0,2,0,,0,,0,,0,,0,,0,0,0,0,,1,49,51,0,10,953,Canada,951,Romania,12/07/2024,19:00,13,10,35,22,20,10,1146,TD Place,-1,NA,1,2023,17,1,Loosehead Prop,0,,0,,1000761,Hollie Davidson,1001076,Kat Roche,1001022,Luke Rogan,-1,,3,International,N,L
1466,941540,20983,Tevita Manumua,951,Romania,4177.40,4177.40,4613,2,49,14,0,0,43,Ruck OOA,574,Secured,585,Own Team 3rd Entry,590,OOA Entry 3rd Entry- Att,632,Attacking OOA,0,3,0,,0,,0,,0,,0,,0,0,0,0,,1,49,51,0,10,953,Canada,951,Romania,12/07/2024,19:00,13,10,35,22,20,10,1146,TD Place,-1,NA,1,2023,11,11,Left Wing,0,,0,,1000761,Hollie Davidson,1001076,Kat Roche,1001022,Luke Rogan,-1,,3,International,N,L
1467,941540,57666,Alin Conache,951,Romania,4180.44,4180.44,4616,2,49,14,0,0,18,Collection,631,General Catch,0,,0,,0,,0,,0,,0,,0,,0,,0,,0,0,0,0,,2,49,51,0,10,953,Canada,951,Romania,12/07/2024,19:00,13,10,35,22,20,10,1146,TD Place,-1,NA,1,2023,09,9,Scrum Half,0,,0,,1000761,Hollie Davidson,1001076,Kat Roche,1001022,Luke Rogan,-1,,3,International,N,L
1468,941540,57666,Alin Conache,951,Romania,4180.44,4180.44,4616,2,49,14,0,0,47,Playmaker Options,671,Halfback at Breakdown,675,Playmaker Option - Pass,0,,0,,0,,0,,0,,0,,0,,0,,0,0,0,0,,2,49,51,0,10,953,Canada,951,Romania,12/07/2024,19:00,13,10,35,22,20,10,1146,TD Place,-1,NA,1,2023,09,9,Scrum Half,0,,0,,1000761,Hollie Davidson,1001076,Kat Roche,1001022,Luke Rogan,-1,,3,International,N,L
1469,941540,57666,Alin Conache,951,Romania,4181.20,4182.56,4616,2,49,14,44,28,3,Pass,169,Complete,0,,686,Medium Pass,682,Right Pass,700,0th Receiver,0,,0,,0,,0,,0,,14,15,5,0,,2,49,51,0,10,953,Canada,951,Romania,12/07/2024,19:00,13,10,35,22,20,10,1146,TD Place,-1,NA,1,2023,09,9,Scrum Half,0,,0,,1000761,Hollie Davidson,1001076,Kat Roche,1001022,Luke Rogan,-1,,3,International,N,L
1470,941540,27028,Marius Iftimiciuc,951,Romania,4182.56,4182.56,4618,2,44,28,0,0,18,Collection,631,General Catch,0,,0,,0,,0,,0,,0,,0,,0,,0,,0,0,0,0,,2,49,51,0,10,953,Canada,951,Romania,12/07/2024,19:00,13,10,35,22,20,10,1146,TD Place,-1,NA,1,2023,19,5,Lock (5),0,,0,,1000761,Hollie Davidson,1001076,Kat Roche,1001022,Luke Rogan,-1,,3,International,N,L
1471,941540,27028,Marius Iftimiciuc,951,Romania,4182.56,4182.56,4618,2,44,28,0,0,47,Playmaker Options,656,First Receiver,673,Playmaker Option - Carry,0,,0,,0,,0,,0,,0,,0,,0,,0,0,0,0,,2,49,51,0,10,953,Canada,951,Romania,12/07/2024,19:00,13,10,35,22,20,10,1146,TD Place,-1,NA,1,2023,19,5,Lock (5),0,,0,,1000761,Hollie Davidson,1001076,Kat Roche,1001022,Luke Rogan,-1,,3,International,N,L
1472,941540,27028,Marius Iftimiciuc,951,Romania,4182.56,4184.04,4618,2,44,28,47,30,1,Carry,101,One Out Drive,108,Tackled Neutral,111,Failed Gain line,461,Neutral Contact,502,2 Tacklers Committed,701,1st Receiver,0,,0,,0,,0,,0,3,2,2,,2,49,51,0,10,953,Canada,951,Romania,12/07/2024,19:00,13,10,35,22,20,10,1146,TD Place,-1,NA,1,2023,19,5,Lock (5),0,,0,,1000761,Hollie Davidson,1001076,Kat Roche,1001022,Luke Rogan,-1,,3,International,N,L
1473,941540,29383,Conor Young,953,Canada,4183.28,4183.28,4619,2,55,38,0,0,2,Tackle,144,Line,153,Complete,0,,474,Neutral Tackle,708,1st Tackler,0,,0,,0,,0,,0,,0,0,0,0,,2,49,51,0,10,953,Canada,951,Romania,12/07/2024,19:00,13,10,35,22,20,10,1146,TD Place,-1,NA,1,2023,03,3,Tighthead Prop,0,,0,,1000761,Hollie Davidson,1001076,Kat Roche,1001022,Luke Rogan,-1,,3,International,Y,W
1474,941540,29377,Liam Murray,953,Canada,4183.68,4183.68,4619,2,55,38,0,0,2,Tackle,144,Line,153,Complete,441,Assist,474,Neutral Tackle,709,2nd Tackler,0,,0,,0,,0,,0,,0,0,0,0,,2,49,51,0,10,953,Canada,951,Romania,12/07/2024,19:00,13,10,35,22,20,10,1146,TD Place,-1,NA,1,2023,01,1,Loosehead Prop,0,,0,,1000761,Hollie Davidson,1001076,Kat Roche,1001022,Luke Rogan,-1,,3,International,Y,W
1475,941540,27028,Marius Iftimiciuc,951,Romania,4184.04,4186.76,4619,2,47,30,0,0,23,Ruck,0,,401,Won Outright,549,Behind Previous Gainline,554,2-3 Seconds,662,Mid Right Open Movement Ruck,0,,0,,0,,0,,0,,0,0,-7,15,,2,49,51,0,10,953,Canada,951,Romania,12/07/2024,19:00,13,10,35,22,20,10,1146,TD Place,-1,NA,1,2023,19,5,Lock (5),0,,0,,1000761,Hollie Davidson,1001076,Kat Roche,1001022,Luke Rogan,-1,,3,International,N,L
1476,941540,29383,Conor Young,953,Canada,4184.56,4184.56,4620,2,53,38,0,0,43,Ruck OOA,578,Got Cleaned Out,583,Own Team 1st Entry,603,OOA Entry 1st Entry- Def,633,Defensive OOA,0,1,0,,0,,0,,0,,0,,0,0,0,0,,2,49,51,0,10,953,Canada,951,Romania,12/07/2024,19:00,13,10,35,22,20,10,1146,TD Place,-1,NA,1,2023,03,3,Tighthead Prop,0,,0,,1000761,Hollie Davidson,1001076,Kat Roche,1001022,Luke Rogan,-1,,3,International,Y,W
1477,941540,63895,Yanis Horvat,951,Romania,4184.68,4184.68,4620,2,47,30,0,0,43,Ruck OOA,572,Cleaned Out,583,Own Team 1st Entry,588,OOA Entry 1st Entry- Att,632,Attacking OOA,0,1,0,,0,,0,,0,,0,,0,0,0,0,,2,49,51,0,10,953,Canada,951,Romania,12/07/2024,19:00,13,10,35,22,20,10,1146,TD Place,-1,NA,1,2023,04,4,Lock (4),0,,0,,1000761,Hollie Davidson,1001076,Kat Roche,1001022,Luke Rogan,-1,,3,International,N,L
1478,941540,39780,Stefan Buruiana,951,Romania,4185.56,4185.56,4621,2,47,30,0,0,43,Ruck OOA,574,Secured,584,Own Team 2nd Entry,589,OOA Entry 2nd Entry- Att,632,Attacking OOA,0,2,0,,0,,0,,0,,0,,0,0,0,0,,2,49,51,0,10,953,Canada,951,Romania,12/07/2024,19:00,13,10,35,22,20,10,1146,TD Place,-1,NA,1,2023,02,2,Hooker,0,,0,,1000761,Hollie Davidson,1001076,Kat Roche,1001022,Luke Rogan,-1,,3,International,N,L
1479,941540,57666,Alin Conache,951,Romania,4186.76,4186.76,4622,2,47,30,0,0,18,Collection,631,General Catch,0,,0,,0,,0,,0,,0,,0,,0,,0,,0,0,0,0,,3,49,51,0,10,953,Canada,951,Romania,12/07/2024,19:00,13,10,35,22,20,10,1146,TD Place,-1,NA,1,2023,09,9,Scrum Half,0,,0,,1000761,Hollie Davidson,1001076,Kat Roche,1001022,Luke Rogan,-1,,3,International,N,L
1480,941540,57666,Alin Conache,951,Romania,4186.76,4186.76,4622,2,47,30,0,0,47,Playmaker Options,671,Halfback at Breakdown,675,Playmaker Option - Pass,0,,0,,0,,0,,0,,0,,0,,0,,0,0,0,0,,3,49,51,0,10,953,Canada,951,Romania,12/07/2024,19:00,13,10,35,22,20,10,1146,TD Place,-1,NA,1,2023,09,9,Scrum Half,0,,0,,1000761,Hollie Davidson,1001076,Kat Roche,1001022,Luke Rogan,-1,,3,International,N,L
1481,941540,57666,Alin Conache,951,Romania,4187.20,4188.88,4622,2,47,30,42,35,3,Pass,169,Complete,0,,679,Short Pass,682,Right Pass,700,0th Receiver,0,,0,,0,,0,,0,,5,7,4,0,,3,49,51,0,10,953,Canada,951,Romania,12/07/2024,19:00,13,10,35,22,20,10,1146,TD Place,-1,NA,1,2023,09,9,Scrum Half,0,,0,,1000761,Hollie Davidson,1001076,Kat Roche,1001022,Luke Rogan,-1,,3,International,N,L
1482,941540,33151,Vlad Neculau,951,Romania,4188.88,4188.88,4624,2,42,35,0,0,18,Collection,631,General Catch,0,,0,,0,,0,,0,,0,,0,,0,,0,,0,0,0,0,,3,49,51,0,10,953,Canada,951,Romania,12/07/2024,19:00,13,10,35,22,20,10,1146,TD Place,-1,NA,1,2023,06,6,Blindside Flanker,0,,0,,1000761,Hollie Davidson,1001076,Kat Roche,1001022,Luke Rogan,-1,,3,International,N,L
1483,941540,33151,Vlad Neculau,951,Romania,4188.88,4188.88,4624,2,42,35,0,0,47,Playmaker Options,656,First Receiver,675,Playmaker Option - Pass,0,,0,,0,,0,,0,,0,,0,,0,,0,0,0,0,,3,49,51,0,10,953,Canada,951,Romania,12/07/2024,19:00,13,10,35,22,20,10,1146,TD Place,-1,NA,1,2023,06,6,Blindside Flanker,0,,0,,1000761,Hollie Davidson,1001076,Kat Roche,1001022,Luke Rogan,-1,,3,International,N,L
1484,941540,33151,Vlad Neculau,951,Romania,4188.92,4190.00,4624,2,44,37,37,44,3,Pass,169,Complete,0,,686,Medium Pass,682,Right Pass,701,1st Receiver,0,,0,,0,,0,,0,,7,9,6,0,,3,49,51,0,10,953,Canada,951,Romania,12/07/2024,19:00,13,10,35,22,20,10,1146,TD Place,-1,NA,1,2023,06,6,Blindside Flanker,0,,0,,1000761,Hollie Davidson,1001076,Kat Roche,1001022,Luke Rogan,-1,,3,International,N,L
1485,941540,60960,Mihai Graure,951,Romania,4190.00,4190.00,4625,2,37,44,0,0,18,Collection,631,General Catch,0,,0,,0,,0,,0,,0,,0,,0,,0,,0,0,0,0,,3,49,51,0,10,953,Canada,951,Romania,12/07/2024,19:00,13,10,35,22,20,10,1146,TD Place,-1,NA,1,2023,13,13,Outside Centre,0,,0,,1000761,Hollie Davidson,1001076,Kat Roche,1001022,Luke Rogan,-1,,3,International,N,L
1486,941540,60960,Mihai Graure,951,Romania,4190.00,4190.00,4625,2,37,44,0,0,47,Playmaker Options,657,Second Receiver,674,Playmaker Option - Kick,0,,0,,0,,0,,0,,0,,0,,0,,0,0,0,0,,3,49,51,0,10,953,Canada,951,Romania,12/07/2024,19:00,13,10,35,22,20,10,1146,TD Place,-1,NA,1,2023,13,13,Outside Centre,0,,0,,1000761,Hollie Davidson,1001076,Kat Roche,1001022,Luke Rogan,-1,,3,International,N,L
1487,941540,60960,Mihai Graure,951,Romania,4190.04,4193.92,4625,2,40,45,57,63,4,Kick,187,Bomb,199,Collected Bounce,185,Kick in Play,0,,0,,0,,0,,0,,0,,0,,17,26,0,0,,3,49,51,0,10,953,Canada,951,Romania,12/07/2024,19:00,13,10,35,22,20,10,1146,TD Place,-1,NA,1,2023,13,13,Outside Centre,0,,0,,1000761,Hollie Davidson,1001076,Kat Roche,1001022,Luke Rogan,-1,,3,International,N,L
1488,941540,38501,Nic Benn,953,Canada,4193.92,4193.92,4629,2,43,5,0,0,18,Collection,273,Defensive Catch,278,Fail,0,,0,,0,,0,,0,,0,,0,,0,,0,0,0,0,,3,49,51,0,10,953,Canada,951,Romania,12/07/2024,19:00,13,10,35,22,20,10,1146,TD Place,-1,NA,1,2023,11,11,Left Wing,0,,0,,1000761,Hollie Davidson,1001076,Kat Roche,1001022,Luke Rogan,-1,,3,International,Y,W
1489,941540,0,,951,Romania,4170.76,4194.80,4630,2,47,24,59,62,15,Possession,311,Kick Return,351,Kick in Play,0,,684,Fails to enter into Opposition 22,0,,0,,0,,0,,0,,0,,12,0,0,0,,3,49,51,0,10,953,Canada,951,Romania,12/07/2024,19:00,13,10,35,22,20,10,1146,TD Place,-1,NA,1,2023,,,,0,,0,,1000761,Hollie Davidson,1001076,Kat Roche,1001022,Luke Rogan,-1,,3,International,N,L
1490,941540,33642,Cooper Coats,953,Canada,4194.80,4194.80,4630,2,41,6,0,0,18,Collection,274,Defensive Loose Ball,277,Success,0,,0,,0,,0,,0,,0,,0,,0,,0,0,0,0,,1,50,51,0,10,953,Canada,951,Romania,12/07/2024,19:00,13,10,35,22,20,10,1146,TD Place,-1,NA,1,2023,15,15,Full Back,0,,0,,1000761,Hollie Davidson,1001076,Kat Roche,1001022,Luke Rogan,-1,,3,International,Y,W
1491,941540,33642,Cooper Coats,953,Canada,4194.80,4196.28,4630,2,41,6,41,3,1,Carry,104,Kick Return,409,Tackled Ineffective,110,Neutral Gain line,462,Ineffective Contact,501,1 Tacklers Committed,700,0th Receiver,0,,0,,0,,0,,0,0,0,0,,1,50,51,0,10,953,Canada,951,Romania,12/07/2024,19:00,13,10,35,22,20,10,1146,TD Place,-1,NA,1,2023,15,15,Full Back,0,,0,,1000761,Hollie Davidson,1001076,Kat Roche,1001022,Luke Rogan,-1,,3,International,Y,W
1492,941540,60960,Mihai Graure,951,Romania,4195.60,4195.60,4631,2,59,64,0,0,2,Tackle,142,Chase,159,Sack,0,,473,Dominant Tackle,708,1st Tackler,0,,0,,0,,0,,0,,0,0,0,0,,1,50,51,0,10,953,Canada,951,Romania,12/07/2024,19:00,13,10,35,22,20,10,1146,TD Place,-1,NA,1,2023,13,13,Outside Centre,0,,0,,1000761,Hollie Davidson,1001076,Kat Roche,1001022,Luke Rogan,-1,,3,International,N,L
1493,941540,33642,Cooper Coats,953,Canada,4196.28,4201.32,4632,2,41,3,0,0,23,Ruck,0,,401,Won Outright,551,N/A Gainline,557,5-6 Seconds,664,Close Right Open Movement Ruck,0,,0,,0,,0,,0,,0,0,1,3,,1,50,51,0,10,953,Canada,951,Romania,12/07/2024,19:00,13,10,35,22,20,10,1146,TD Place,-1,NA,1,2023,15,15,Full Back,0,,0,,1000761,Hollie Davidson,1001076,Kat Roche,1001022,Luke Rogan,-1,,3,International,Y,W
1494,941540,38501,Nic Benn,953,Canada,4197.56,4197.56,4633,2,41,3,0,0,43,Ruck OOA,574,Secured,583,Own Team 1st Entry,588,OOA Entry 1st Entry- Att,632,Attacking OOA,0,1,0,,0,,0,,0,,0,,0,0,0,0,,1,50,51,0,10,953,Canada,951,Romania,12/07/2024,19:00,13,10,35,22,20,10,1146,TD Place,-1,NA,1,2023,11,11,Left Wing,0,,0,,1000761,Hollie Davidson,1001076,Kat Roche,1001022,Luke Rogan,-1,,3,International,Y,W
1495,941540,60960,Mihai Graure,951,Romania,4197.84,4197.84,4633,2,59,65,0,0,43,Ruck OOA,577,Not Clearing,583,Own Team 1st Entry,603,OOA Entry 1st Entry- Def,633,Defensive OOA,0,1,0,,0,,0,,0,,0,,0,0,0,0,,1,50,51,0,10,953,Canada,951,Romania,12/07/2024,19:00,13,10,35,22,20,10,1146,TD Place,-1,NA,1,2023,13,13,Outside Centre,0,,0,,1000761,Hollie Davidson,1001076,Kat Roche,1001022,Luke Rogan,-1,,3,International,N,L
1496,941540,40389,Jason Tomane,951,Romania,4197.92,4197.92,4633,2,59,65,0,0,43,Ruck OOA,577,Not Clearing,584,Own Team 2nd Entry,604,OOA Entry 2nd Entry- Def,633,Defensive OOA,0,2,0,,0,,0,,0,,0,,0,0,0,0,,1,50,51,0,10,953,Canada,951,Romania,12/07/2024,19:00,13,10,35,22,20,10,1146,TD Place,-1,NA,1,2023,12,12,Inside Centre,0,,0,,1000761,Hollie Davidson,1001076,Kat Roche,1001022,Luke Rogan,-1,,3,International,N,L
1497,941540,38465,Mason Flesch,953,Canada,4198.72,4198.72,4634,2,41,3,0,0,43,Ruck OOA,574,Secured,584,Own Team 2nd Entry,589,OOA Entry 2nd Entry- Att,632,Attacking OOA,0,2,0,,0,,0,,0,,0,,0,0,0,0,,1,50,51,0,10,953,Canada,951,Romania,12/07/2024,19:00,13,10,35,22,20,10,1146,TD Place,-1,NA,1,2023,06,6,Blindside Flanker,0,,0,,1000761,Hollie Davidson,1001076,Kat Roche,1001022,Luke Rogan,-1,,3,International,Y,W
1498,941540,56146,Ethan Fryer,953,Canada,4198.84,4198.84,4634,2,41,3,0,0,43,Ruck OOA,574,Secured,585,Own Team 3rd Entry,590,OOA Entry 3rd Entry- Att,632,Attacking OOA,0,3,0,,0,,0,,0,,0,,0,0,0,0,,1,50,51,0,10,953,Canada,951,Romania,12/07/2024,19:00,13,10,35,22,20,10,1146,TD Place,-1,NA,1,2023,07,7,Openside Flanker,0,,0,,1000761,Hollie Davidson,1001076,Kat Roche,1001022,Luke Rogan,-1,,3,International,Y,W
1499,941540,25183,Lucas Rumball,953,Canada,4201.32,4201.32,4637,2,41,3,0,0,18,Collection,631,General Catch,0,,0,,0,,0,,0,,0,,0,,0,,0,,0,0,0,0,,2,50,51,0,10,953,Canada,951,Romania,12/07/2024,19:00,13,10,35,22,20,10,1146,TD Place,-1,NA,1,2023,08,8,Number 8,0,,0,,1000761,Hollie Davidson,1001076,Kat Roche,1001022,Luke Rogan,-1,,3,International,Y,W
1500,941540,25183,Lucas Rumball,953,Canada,4201.32,4201.32,4637,2,41,3,0,0,47,Playmaker Options,672,Acting Halfback at Breakdown,673,Playmaker Option - Carry,0,,0,,0,,0,,0,,0,,0,,0,,0,0,0,0,,2,50,51,0,10,953,Canada,951,Romania,12/07/2024,19:00,13,10,35,22,20,10,1146,TD Place,-1,NA,1,2023,08,8,Number 8,0,,0,,1000761,Hollie Davidson,1001076,Kat Roche,1001022,Luke Rogan,-1,,3,International,Y,W
1501,941540,25183,Lucas Rumball,953,Canada,4201.32,4204.52,4637,2,41,3,43,6,1,Carry,102,Pick and Go,108,Tackled Neutral,109,Crossed Gain line,461,Neutral Contact,501,1 Tacklers Committed,700,0th Receiver,0,,0,,0,,0,,1,1,2,2,,2,50,51,0,10,953,Canada,951,Romania,12/07/2024,19:00,13,10,35,22,20,10,1146,TD Place,-1,NA,1,2023,08,8,Number 8,0,,0,,1000761,Hollie Davidson,1001076,Kat Roche,1001022,Luke Rogan,-1,,3,International,Y,W
1502,941540,29316,Nicolaas Immelman,951,Romania,4203.84,4203.84,4639,2,59,61,0,0,2,Tackle,145,Guard,153,Complete,0,,474,Neutral Tackle,708,1st Tackler,0,,0,,0,,0,,0,,0,0,0,0,,2,50,51,0,10,953,Canada,951,Romania,12/07/2024,19:00,13,10,35,22,20,10,1146,TD Place,-1,NA,1,2023,08,8,Number 8,0,,0,,1000761,Hollie Davidson,1001076,Kat Roche,1001022,Luke Rogan,-1,,3,International,N,L
1503,941540,25183,Lucas Rumball,953,Canada,4204.52,4207.24,4640,2,43,6,0,0,23,Ruck,0,,401,Won Outright,548,Over Previous Gainline,554,2-3 Seconds,664,Close Right Open Movement Ruck,0,,0,,0,,0,,0,,0,0,-1,8,,2,50,51,0,10,953,Canada,951,Romania,12/07/2024,19:00,13,10,35,22,20,10,1146,TD Place,-1,NA,1,2023,08,8,Number 8,0,,0,,1000761,Hollie Davidson,1001076,Kat Roche,1001022,Luke Rogan,-1,,3,International,Y,W
1504,941540,29377,Liam Murray,953,Canada,4204.56,4204.56,4640,2,43,6,0,0,43,Ruck OOA,574,Secured,583,Own Team 1st Entry,588,OOA Entry 1st Entry- Att,632,Attacking OOA,0,1,0,,0,,0,,0,,0,,0,0,0,0,,2,50,51,0,10,953,Canada,951,Romania,12/07/2024,19:00,13,10,35,22,20,10,1146,TD Place,-1,NA,1,2023,01,1,Loosehead Prop,0,,0,,1000761,Hollie Davidson,1001076,Kat Roche,1001022,Luke Rogan,-1,,3,International,Y,W
1505,941540,25181,Kyle Baillie,953,Canada,4204.64,4204.64,4640,2,43,6,0,0,43,Ruck OOA,572,Cleaned Out,584,Own Team 2nd Entry,589,OOA Entry 2nd Entry- Att,632,Attacking OOA,0,2,0,,0,,0,,0,,0,,0,0,0,0,,2,50,51,0,10,953,Canada,951,Romania,12/07/2024,19:00,13,10,35,22,20,10,1146,TD Place,-1,NA,1,2023,05,5,Lock (5),0,,0,,1000761,Hollie Davidson,1001076,Kat Roche,1001022,Luke Rogan,-1,,3,International,Y,W
1506,941540,33151,Vlad Neculau,951,Romania,4204.80,4204.80,4640,2,57,62,0,0,43,Ruck OOA,578,Got Cleaned Out,583,Own Team 1st Entry,603,OOA Entry 1st Entry- Def,633,Defensive OOA,0,1,0,,0,,0,,0,,0,,0,0,0,0,,2,50,51,0,10,953,Canada,951,Romania,12/07/2024,19:00,13,10,35,22,20,10,1146,TD Place,-1,NA,1,2023,06,6,Blindside Flanker,0,,0,,1000761,Hollie Davidson,1001076,Kat Roche,1001022,Luke Rogan,-1,,3,International,N,L
1507,941540,38159,Jason Higgins,953,Canada,4207.24,4207.24,4642,2,43,6,0,0,18,Collection,631,General Catch,0,,0,,0,,0,,0,,0,,0,,0,,0,,0,0,0,0,,3,50,51,0,10,953,Canada,951,Romania,12/07/2024,19:00,13,10,35,22,20,10,1146,TD Place,-1,NA,1,2023,09,9,Scrum Half,0,,0,,1000761,Hollie Davidson,1001076,Kat Roche,1001022,Luke Rogan,-1,,3,International,Y,W
1508,941540,38159,Jason Higgins,953,Canada,4207.24,4207.24,4642,2,43,6,0,0,47,Playmaker Options,671,Halfback at Breakdown,675,Playmaker Option - Pass,0,,0,,0,,0,,0,,0,,0,,0,,0,0,0,0,,3,50,51,0,10,953,Canada,951,Romania,12/07/2024,19:00,13,10,35,22,20,10,1146,TD Place,-1,NA,1,2023,09,9,Scrum Half,0,,0,,1000761,Hollie Davidson,1001076,Kat Roche,1001022,Luke Rogan,-1,,3,International,Y,W
1509,941540,38159,Jason Higgins,953,Canada,4207.64,4209.20,4643,2,43,6,39,13,3,Pass,169,Complete,0,,686,Medium Pass,682,Right Pass,700,0th Receiver,0,,0,,0,,0,,0,,7,8,4,0,,3,50,51,0,10,953,Canada,951,Romania,12/07/2024,19:00,13,10,35,22,20,10,1146,TD Place,-1,NA,1,2023,09,9,Scrum Half,0,,0,,1000761,Hollie Davidson,1001076,Kat Roche,1001022,Luke Rogan,-1,,3,International,Y,W
1510,941540,27090,Conor Keys,953,Canada,4209.20,4209.20,4644,2,39,13,0,0,18,Collection,631,General Catch,0,,0,,0,,0,,0,,0,,0,,0,,0,,0,0,0,0,,3,50,51,0,10,953,Canada,951,Romania,12/07/2024,19:00,13,10,35,22,20,10,1146,TD Place,-1,NA,1,2023,04,4,Lock (4),0,,0,,1000761,Hollie Davidson,1001076,Kat Roche,1001022,Luke Rogan,-1,,3,International,Y,W
1511,941540,27090,Conor Keys,953,Canada,4209.20,4209.20,4644,2,39,13,0,0,47,Playmaker Options,656,First Receiver,673,Playmaker Option - Carry,0,,0,,0,,0,,0,,0,,0,,0,,0,0,0,0,,3,50,51,0,10,953,Canada,951,Romania,12/07/2024,19:00,13,10,35,22,20,10,1146,TD Place,-1,NA,1,2023,04,4,Lock (4),0,,0,,1000761,Hollie Davidson,1001076,Kat Roche,1001022,Luke Rogan,-1,,3,International,Y,W
1512,941540,27090,Conor Keys,953,Canada,4209.20,4210.80,4644,2,39,13,42,14,1,Carry,101,One Out Drive,108,Tackled Neutral,111,Failed Gain line,461,Neutral Contact,501,1 Tacklers Committed,701,1st Receiver,0,,0,,0,,0,,0,3,1,1,,3,50,51,0,10,953,Canada,951,Romania,12/07/2024,19:00,13,10,35,22,20,10,1146,TD Place,-1,NA,1,2023,04,4,Lock (4),0,,0,,1000761,Hollie Davidson,1001076,Kat Roche,1001022,Luke Rogan,-1,,3,International,Y,W
1513,941540,39780,Stefan Buruiana,951,Romania,4209.60,4209.60,4645,2,59,54,0,0,2,Tackle,144,Line,153,Complete,0,,474,Neutral Tackle,708,1st Tackler,0,,0,,0,,0,,0,,0,0,0,0,,3,50,51,0,10,953,Canada,951,Romania,12/07/2024,19:00,13,10,35,22,20,10,1146,TD Place,-1,NA,1,2023,02,2,Hooker,0,,0,,1000761,Hollie Davidson,1001076,Kat Roche,1001022,Luke Rogan,-1,,3,International,N,L
1514,941540,34102,Vasile Balan,951,Romania,4209.68,4209.68,4645,2,59,54,0,0,40,Defensive Action,560,Tackle Arrival,0,,0,,0,,0,,0,,0,,0,,0,,0,,0,0,0,0,,3,50,51,0,10,953,Canada,951,Romania,12/07/2024,19:00,13,10,35,22,20,10,1146,TD Place,-1,NA,1,2023,03,3,Tighthead Prop,0,,0,,1000761,Hollie Davidson,1001076,Kat Roche,1001022,Luke Rogan,-1,,3,International,N,L
1515,941540,27090,Conor Keys,953,Canada,4210.80,4216.64,4646,2,42,14,0,0,23,Ruck,0,,401,Won Outright,549,Behind Previous Gainline,557,5-6 Seconds,676,N/A Movement Ruck,0,,0,,0,,0,,0,,0,0,0,0,,3,50,51,0,10,953,Canada,951,Romania,12/07/2024,19:00,13,10,35,22,20,10,1146,TD Place,-1,NA,1,2023,04,4,Lock (4),0,,0,,1000761,Hollie Davidson,1001076,Kat Roche,1001022,Luke Rogan,-1,,3,International,Y,W
1516,941540,56146,Ethan Fryer,953,Canada,4211.60,4211.60,4647,2,42,14,0,0,43,Ruck OOA,574,Secured,583,Own Team 1st Entry,588,OOA Entry 1st Entry- Att,632,Attacking OOA,0,1,0,,0,,0,,0,,0,,0,0,0,0,,3,50,51,0,10,953,Canada,951,Romania,12/07/2024,19:00,13,10,35,22,20,10,1146,TD Place,-1,NA,1,2023,07,7,Openside Flanker,0,,0,,1000761,Hollie Davidson,1001076,Kat Roche,1001022,Luke Rogan,-1,,3,International,Y,W
1517,941540,29383,Conor Young,953,Canada,4211.72,4211.72,4647,2,42,14,0,0,43,Ruck OOA,574,Secured,584,Own Team 2nd Entry,589,OOA Entry 2nd Entry- Att,632,Attacking OOA,0,2,0,,0,,0,,0,,0,,0,0,0,0,,3,50,51,0,10,953,Canada,951,Romania,12/07/2024,19:00,13,10,35,22,20,10,1146,TD Place,-1,NA,1,2023,03,3,Tighthead Prop,0,,0,,1000761,Hollie Davidson,1001076,Kat Roche,1001022,Luke Rogan,-1,,3,International,Y,W
1518,941540,38465,Mason Flesch,953,Canada,4212.80,4212.80,4648,2,42,14,0,0,43,Ruck OOA,574,Secured,585,Own Team 3rd Entry,590,OOA Entry 3rd Entry- Att,632,Attacking OOA,0,3,0,,0,,0,,0,,0,,0,0,0,0,,3,50,51,0,10,953,Canada,951,Romania,12/07/2024,19:00,13,10,35,22,20,10,1146,TD Place,-1,NA,1,2023,06,6,Blindside Flanker,0,,0,,1000761,Hollie Davidson,1001076,Kat Roche,1001022,Luke Rogan,-1,,3,International,Y,W
1519,941540,29377,Liam Murray,953,Canada,4214.16,4214.16,4649,2,42,14,0,0,43,Ruck OOA,575,Attended,586,Own Team 4th Entry,591,OOA Entry 4th Entry- Att,632,Attacking OOA,0,4,0,,0,,0,,0,,0,,0,0,0,0,,3,50,51,0,10,953,Canada,951,Romania,12/07/2024,19:00,13,10,35,22,20,10,1146,TD Place,-1,NA,1,2023,01,1,Loosehead Prop,0,,0,,1000761,Hollie Davidson,1001076,Kat Roche,1001022,Luke Rogan,-1,,3,International,Y,W
1520,941540,38159,Jason Higgins,953,Canada,4216.64,4216.64,4652,2,42,14,0,0,18,Collection,631,General Catch,0,,0,,0,,0,,0,,0,,0,,0,,0,,0,0,0,0,,4,50,51,0,10,953,Canada,951,Romania,12/07/2024,19:00,13,10,35,22,20,10,1146,TD Place,-1,NA,1,2023,09,9,Scrum Half,0,,0,,1000761,Hollie Davidson,1001076,Kat Roche,1001022,Luke Rogan,-1,,3,International,Y,W
1521,941540,38159,Jason Higgins,953,Canada,4216.64,4216.64,4652,2,42,14,0,0,47,Playmaker Options,671,Halfback at Breakdown,674,Playmaker Option - Kick,0,,0,,0,,0,,0,,0,,0,,0,,0,0,0,0,,4,50,51,0,10,953,Canada,951,Romania,12/07/2024,19:00,13,10,35,22,20,10,1146,TD Place,-1,NA,1,2023,09,9,Scrum Half,0,,0,,1000761,Hollie Davidson,1001076,Kat Roche,1001022,Luke Rogan,-1,,3,International,Y,W
1522,941540,38159,Jason Higgins,953,Canada,4217.44,4221.96,4653,2,42,14,69,4,4,Kick,346,Box,198,Caught Full,185,Kick in Play,0,,0,,0,,0,,0,,0,,0,,27,29,0,0,,4,50,51,0,10,953,Canada,951,Romania,12/07/2024,19:00,13,10,35,22,20,10,1146,TD Place,-1,NA,1,2023,09,9,Scrum Half,0,,0,,1000761,Hollie Davidson,1001076,Kat Roche,1001022,Luke Rogan,-1,,3,International,Y,W
1523,941540,0,,953,Canada,4194.80,4221.96,4657,2,41,6,69,4,15,Possession,311,Kick Return,351,Kick in Play,0,,684,Fails to enter into Opposition 22,0,,0,,0,,0,,0,,0,,28,0,0,0,,4,50,51,0,10,953,Canada,951,Romania,12/07/2024,19:00,13,10,35,22,20,10,1146,TD Place,-1,NA,1,2023,,,,0,,0,,1000761,Hollie Davidson,1001076,Kat Roche,1001022,Luke Rogan,-1,,3,International,Y,W
1524,941540,20983,Tevita Manumua,951,Romania,4221.96,4221.96,4657,2,32,64,0,0,18,Collection,273,Defensive Catch,277,Success,0,,0,,0,,0,,0,,0,,0,,0,,0,0,0,0,,1,51,51,0,10,953,Canada,951,Romania,12/07/2024,19:00,13,10,35,22,20,10,1146,TD Place,-1,NA,1,2023,11,11,Left Wing,0,,0,,1000761,Hollie Davidson,1001076,Kat Roche,1001022,Luke Rogan,-1,,3,International,N,L
1525,941540,20983,Tevita Manumua,951,Romania,4221.96,4225.52,4657,2,32,64,41,56,1,Carry,104,Kick Return,108,Tackled Neutral,109,Crossed Gain line,461,Neutral Contact,504,4+ Tacklers Committed,700,0th Receiver,0,,0,,0,,0,,10,10,7,3,,1,51,51,0,10,953,Canada,951,Romania,12/07/2024,19:00,13,10,35,22,20,10,1146,TD Place,-1,NA,1,2023,11,11,Left Wing,0,,0,,1000761,Hollie Davidson,1001076,Kat Roche,1001022,Luke Rogan,-1,,3,International,N,L
1526,941540,38501,Nic Benn,953,Canada,4222.72,4222.72,4658,2,66,5,0,0,2,Tackle,142,Chase,161,Missed,0,,475,Ineffective Tackle,708,1st Tackler,0,,0,,0,,0,,0,,0,0,0,0,,1,51,51,0,10,953,Canada,951,Romania,12/07/2024,19:00,13,10,35,22,20,10,1146,TD Place,-1,NA,1,2023,11,11,Left Wing,0,,0,,1000761,Hollie Davidson,1001076,Kat Roche,1001022,Luke Rogan,-1,,3,International,Y,W
1527,941540,38501,Nic Benn,953,Canada,4222.72,4222.72,4658,2,66,5,0,0,12,Missed Tackle,162,Bumped Off,166,Tackled,0,,0,,0,,0,,0,,0,,0,,0,,0,0,0,0,,1,51,51,0,10,953,Canada,951,Romania,12/07/2024,19:00,13,10,35,22,20,10,1146,TD Place,-1,NA,1,2023,11,11,Left Wing,0,,0,,1000761,Hollie Davidson,1001076,Kat Roche,1001022,Luke Rogan,-1,,3,International,Y,W
1528,941540,20983,Tevita Manumua,951,Romania,4222.76,4222.76,4658,2,34,63,0,0,10,Attacking Qualities,116,Defender Beaten,0,,0,,0,,0,,0,,0,,0,,0,,0,,0,0,0,0,,1,51,51,0,10,953,Canada,951,Romania,12/07/2024,19:00,13,10,35,22,20,10,1146,TD Place,-1,NA,1,2023,11,11,Left Wing,0,,0,,1000761,Hollie Davidson,1001076,Kat Roche,1001022,Luke Rogan,-1,,3,International,N,L
1529,941540,25189,Andrew Quattrin,953,Canada,4223.44,4223.44,4659,2,64,9,0,0,2,Tackle,142,Chase,161,Missed,441,Assist,475,Ineffective Tackle,709,2nd Tackler,0,,0,,0,,0,,0,,0,0,0,0,,1,51,51,0,10,953,Canada,951,Romania,12/07/2024,19:00,13,10,35,22,20,10,1146,TD Place,-1,NA,1,2023,02,2,Hooker,0,,0,,1000761,Hollie Davidson,1001076,Kat Roche,1001022,Luke Rogan,-1,,3,International,Y,W
1530,941540,25189,Andrew Quattrin,953,Canada,4223.44,4223.44,4659,2,64,9,0,0,12,Missed Tackle,162,Bumped Off,166,Tackled,0,,0,,0,,0,,0,,0,,0,,0,,0,0,0,0,,1,51,51,0,10,953,Canada,951,Romania,12/07/2024,19:00,13,10,35,22,20,10,1146,TD Place,-1,NA,1,2023,02,2,Hooker,0,,0,,1000761,Hollie Davidson,1001076,Kat Roche,1001022,Luke Rogan,-1,,3,International,Y,W
1531,941540,20983,Tevita Manumua,951,Romania,4223.68,4223.68,4659,2,36,59,0,0,10,Attacking Qualities,116,Defender Beaten,0,,0,,0,,0,,0,,0,,0,,0,,0,,0,0,0,0,,1,51,51,0,10,953,Canada,951,Romania,12/07/2024,19:00,13,10,35,22,20,10,1146,TD Place,-1,NA,1,2023,11,11,Left Wing,0,,0,,1000761,Hollie Davidson,1001076,Kat Roche,1001022,Luke Rogan,-1,,3,International,N,L
1532,941540,25181,Kyle Baillie,953,Canada,4224.12,4224.12,4659,2,64,10,0,0,2,Tackle,142,Chase,161,Missed,441,Assist,475,Ineffective Tackle,710,3rd Tackler,0,,0,,0,,0,,0,,0,0,0,0,,1,51,51,0,10,953,Canada,951,Romania,12/07/2024,19:00,13,10,35,22,20,10,1146,TD Place,-1,NA,1,2023,05,5,Lock (5),0,,0,,1000761,Hollie Davidson,1001076,Kat Roche,1001022,Luke Rogan,-1,,3,International,Y,W
1533,941540,25181,Kyle Baillie,953,Canada,4224.12,4224.12,4659,2,64,10,0,0,12,Missed Tackle,163,Stepped,166,Tackled,0,,0,,0,,0,,0,,0,,0,,0,,0,0,0,0,,1,51,51,0,10,953,Canada,951,Romania,12/07/2024,19:00,13,10,35,22,20,10,1146,TD Place,-1,NA,1,2023,05,5,Lock (5),0,,0,,1000761,Hollie Davidson,1001076,Kat Roche,1001022,Luke Rogan,-1,,3,International,Y,W
1534,941540,20983,Tevita Manumua,951,Romania,4224.24,4224.24,4659,2,36,58,0,0,10,Attacking Qualities,116,Defender Beaten,0,,0,,0,,0,,0,,0,,0,,0,,0,,0,0,0,0,,1,51,51,0,10,953,Canada,951,Romania,12/07/2024,19:00,13,10,35,22,20,10,1146,TD Place,-1,NA,1,2023,11,11,Left Wing,0,,0,,1000761,Hollie Davidson,1001076,Kat Roche,1001022,Luke Rogan,-1,,3,International,N,L
1535,941540,56146,Ethan Fryer,953,Canada,4225.00,4225.00,4700,2,61,13,0,0,2,Tackle,142,Chase,153,Complete,441,Assist,474,Neutral Tackle,711,4th Tackler,0,,0,,0,,0,,0,,0,0,0,0,,1,51,51,0,10,953,Canada,951,Romania,12/07/2024,19:00,13,10,35,22,20,10,1146,TD Place,-1,NA,1,2023,07,7,Openside Flanker,0,,0,,1000761,Hollie Davidson,1001076,Kat Roche,1001022,Luke Rogan,-1,,3,International,Y,W
1536,941540,20983,Tevita Manumua,951,Romania,4225.52,4229.28,4701,2,41,56,0,0,23,Ruck,0,,401,Won Outright,551,N/A Gainline,555,3-4 Seconds,670,Tight Right Blindside Movement Ruck,0,,0,,0,,0,,0,,0,0,59,0,,1,51,51,0,10,953,Canada,951,Romania,12/07/2024,19:00,13,10,35,22,20,10,1146,TD Place,-1,NA,1,2023,11,11,Left Wing,0,,0,,1000761,Hollie Davidson,1001076,Kat Roche,1001022,Luke Rogan,-1,,3,International,N,L
1537,941540,29383,Conor Young,953,Canada,4225.80,4225.80,4701,2,59,12,0,0,43,Ruck OOA,578,Got Cleaned Out,583,Own Team 1st Entry,603,OOA Entry 1st Entry- Def,633,Defensive OOA,0,1,0,,0,,0,,0,,0,,0,0,0,0,,1,51,51,0,10,953,Canada,951,Romania,12/07/2024,19:00,13,10,35,22,20,10,1146,TD Place,-1,NA,1,2023,03,3,Tighthead Prop,0,,0,,1000761,Hollie Davidson,1001076,Kat Roche,1001022,Luke Rogan,-1,,3,International,Y,W
1538,941540,29316,Nicolaas Immelman,951,Romania,4226.08,4226.08,4701,2,41,56,0,0,43,Ruck OOA,572,Cleaned Out,583,Own Team 1st Entry,588,OOA Entry 1st Entry- Att,632,Attacking OOA,0,1,0,,0,,0,,0,,0,,0,0,0,0,,1,51,51,0,10,953,Canada,951,Romania,12/07/2024,19:00,13,10,35,22,20,10,1146,TD Place,-1,NA,1,2023,08,8,Number 8,0,,0,,1000761,Hollie Davidson,1001076,Kat Roche,1001022,Luke Rogan,-1,,3,International,N,L
1539,941540,27535,Alexandru Savin,951,Romania,4226.76,4226.76,4702,2,41,56,0,0,43,Ruck OOA,572,Cleaned Out,584,Own Team 2nd Entry,589,OOA Entry 2nd Entry- Att,632,Attacking OOA,0,2,0,,0,,0,,0,,0,,0,0,0,0,,1,51,51,0,10,953,Canada,951,Romania,12/07/2024,19:00,13,10,35,22,20,10,1146,TD Place,-1,NA,1,2023,17,1,Loosehead Prop,0,,0,,1000761,Hollie Davidson,1001076,Kat Roche,1001022,Luke Rogan,-1,,3,International,N,L
1540,941540,33151,Vlad Neculau,951,Romania,4228.24,4228.24,4703,2,41,56,0,0,43,Ruck OOA,574,Secured,585,Own Team 3rd Entry,590,OOA Entry 3rd Entry- Att,632,Attacking OOA,0,3,0,,0,,0,,0,,0,,0,0,0,0,,1,51,51,0,10,953,Canada,951,Romania,12/07/2024,19:00,13,10,35,22,20,10,1146,TD Place,-1,NA,1,2023,06,6,Blindside Flanker,0,,0,,1000761,Hollie Davidson,1001076,Kat Roche,1001022,Luke Rogan,-1,,3,International,N,L
1541,941540,34102,Vasile Balan,951,Romania,4229.12,4229.12,4704,2,41,56,0,0,43,Ruck OOA,575,Attended,586,Own Team 4th Entry,591,OOA Entry 4th Entry- Att,632,Attacking OOA,0,4,0,,0,,0,,0,,0,,0,0,0,0,,1,51,51,0,10,953,Canada,951,Romania,12/07/2024,19:00,13,10,35,22,20,10,1146,TD Place,-1,NA,1,2023,03,3,Tighthead Prop,0,,0,,1000761,Hollie Davidson,1001076,Kat Roche,1001022,Luke Rogan,-1,,3,International,N,L
1542,941540,57666,Alin Conache,951,Romania,4229.28,4229.28,4705,2,41,56,0,0,18,Collection,631,General Catch,0,,0,,0,,0,,0,,0,,0,,0,,0,,0,0,0,0,,2,51,51,0,10,953,Canada,951,Romania,12/07/2024,19:00,13,10,35,22,20,10,1146,TD Place,-1,NA,1,2023,09,9,Scrum Half,0,,0,,1000761,Hollie Davidson,1001076,Kat Roche,1001022,Luke Rogan,-1,,3,International,N,L
1543,941540,57666,Alin Conache,951,Romania,4229.28,4229.28,4705,2,41,56,0,0,47,Playmaker Options,671,Halfback at Breakdown,675,Playmaker Option - Pass,0,,0,,0,,0,,0,,0,,0,,0,,0,0,0,0,,2,51,51,0,10,953,Canada,951,Romania,12/07/2024,19:00,13,10,35,22,20,10,1146,TD Place,-1,NA,1,2023,09,9,Scrum Half,0,,0,,1000761,Hollie Davidson,1001076,Kat Roche,1001022,Luke Rogan,-1,,3,International,N,L
1544,941540,57666,Alin Conache,951,Romania,4229.48,4231.72,4705,2,41,56,36,48,3,Pass,169,Complete,0,,686,Medium Pass,681,Left Pass,700,0th Receiver,0,,0,,0,,0,,0,,7,9,6,0,,2,51,51,0,10,953,Canada,951,Romania,12/07/2024,19:00,13,10,35,22,20,10,1146,TD Place,-1,NA,1,2023,09,9,Scrum Half,0,,0,,1000761,Hollie Davidson,1001076,Kat Roche,1001022,Luke Rogan,-1,,3,International,N,L
1545,941540,39780,Stefan Buruiana,951,Romania,4231.72,4231.72,4707,2,36,48,0,0,18,Collection,631,General Catch,0,,0,,0,,0,,0,,0,,0,,0,,0,,0,0,0,0,,2,51,51,0,10,953,Canada,951,Romania,12/07/2024,19:00,13,10,35,22,20,10,1146,TD Place,-1,NA,1,2023,02,2,Hooker,0,,0,,1000761,Hollie Davidson,1001076,Kat Roche,1001022,Luke Rogan,-1,,3,International,N,L
1546,941540,39780,Stefan Buruiana,951,Romania,4231.72,4231.72,4707,2,36,48,0,0,47,Playmaker Options,656,First Receiver,675,Playmaker Option - Pass,0,,0,,0,,0,,0,,0,,0,,0,,0,0,0,0,,2,51,51,0,10,953,Canada,951,Romania,12/07/2024,19:00,13,10,35,22,20,10,1146,TD Place,-1,NA,1,2023,02,2,Hooker,0,,0,,1000761,Hollie Davidson,1001076,Kat Roche,1001022,Luke Rogan,-1,,3,International,N,L
1547,941540,39780,Stefan Buruiana,951,Romania,4231.76,4232.24,4707,2,37,47,36,39,3,Pass,172,Break,0,,686,Medium Pass,681,Left Pass,701,1st Receiver,0,,0,,0,,0,,0,,8,8,0,0,,2,51,51,0,10,953,Canada,951,Romania,12/07/2024,19:00,13,10,35,22,20,10,1146,TD Place,-1,NA,1,2023,02,2,Hooker,0,,0,,1000761,Hollie Davidson,1001076,Kat Roche,1001022,Luke Rogan,-1,,3,International,N,L
1548,941540,39780,Stefan Buruiana,951,Romania,4231.88,4231.88,4707,2,37,47,0,0,10,Attacking Qualities,527,Break Assist,0,,0,,0,,0,,0,,0,,0,,0,,0,,0,0,0,0,,2,51,51,0,10,953,Canada,951,Romania,12/07/2024,19:00,13,10,35,22,20,10,1146,TD Place,-1,NA,1,2023,02,2,Hooker,0,,0,,1000761,Hollie Davidson,1001076,Kat Roche,1001022,Luke Rogan,-1,,3,International,N,L
1549,941540,63895,Yanis Horvat,951,Romania,4232.24,4232.24,4707,2,36,39,0,0,18,Collection,631,General Catch,0,,0,,0,,0,,0,,0,,0,,0,,0,,0,0,0,0,,2,51,51,0,10,953,Canada,951,Romania,12/07/2024,19:00,13,10,35,22,20,10,1146,TD Place,-1,NA,1,2023,04,4,Lock (4),0,,0,,1000761,Hollie Davidson,1001076,Kat Roche,1001022,Luke Rogan,-1,,3,International,N,L
1550,941540,63895,Yanis Horvat,951,Romania,4232.24,4232.24,4707,2,36,39,0,0,47,Playmaker Options,657,Second Receiver,673,Playmaker Option - Carry,0,,0,,0,,0,,0,,0,,0,,0,,0,0,0,0,,2,51,51,0,10,953,Canada,951,Romania,12/07/2024,19:00,13,10,35,22,20,10,1146,TD Place,-1,NA,1,2023,04,4,Lock (4),0,,0,,1000761,Hollie Davidson,1001076,Kat Roche,1001022,Luke Rogan,-1,,3,International,N,L
1551,941540,63895,Yanis Horvat,951,Romania,4232.24,4235.36,4707,2,36,39,61,39,1,Carry,103,Other Carry,121,Pass,109,Crossed Gain line,0,,501,1 Tacklers Committed,702,2nd Receiver,0,,0,,0,,0,,20,25,21,0,,2,51,51,0,10,953,Canada,951,Romania,12/07/2024,19:00,13,10,35,22,20,10,1146,TD Place,-1,NA,1,2023,04,4,Lock (4),0,,0,,1000761,Hollie Davidson,1001076,Kat Roche,1001022,Luke Rogan,-1,,3,International,N,L
1552,941540,25195,Ben LeSage,953,Canada,4232.68,4232.68,4708,2,60,29,0,0,2,Tackle,144,Line,161,Missed,0,,475,Ineffective Tackle,708,1st Tackler,0,,0,,0,,0,,0,,0,0,0,0,,2,51,51,0,10,953,Canada,951,Romania,12/07/2024,19:00,13,10,35,22,20,10,1146,TD Place,-1,NA,1,2023,13,13,Outside Centre,0,,0,,1000761,Hollie Davidson,1001076,Kat Roche,1001022,Luke Rogan,-1,,3,International,Y,W
1553,941540,25195,Ben LeSage,953,Canada,4232.68,4232.68,4708,2,60,29,0,0,12,Missed Tackle,162,Bumped Off,168,Try,0,,0,,0,,0,,0,,0,,0,,0,,0,0,0,0,,2,51,51,0,10,953,Canada,951,Romania,12/07/2024,19:00,13,10,35,22,20,10,1146,TD Place,-1,NA,1,2023,13,13,Outside Centre,0,,0,,1000761,Hollie Davidson,1001076,Kat Roche,1001022,Luke Rogan,-1,,3,International,Y,W
1554,941540,63895,Yanis Horvat,951,Romania,4232.72,4232.72,4708,2,40,39,0,0,10,Attacking Qualities,116,Defender Beaten,0,,0,,0,,0,,0,,0,,0,,0,,0,,0,0,0,0,,2,51,51,0,10,953,Canada,951,Romania,12/07/2024,19:00,13,10,35,22,20,10,1146,TD Place,-1,NA,1,2023,04,4,Lock (4),0,,0,,1000761,Hollie Davidson,1001076,Kat Roche,1001022,Luke Rogan,-1,,3,International,N,L
1555,941540,63895,Yanis Horvat,951,Romania,4233.84,4233.84,4709,2,46,39,0,0,10,Attacking Qualities,112,Initial Break,530,Line Break,0,,0,,0,,0,,0,,0,,0,,0,,0,0,0,0,,2,51,51,0,10,953,Canada,951,Romania,12/07/2024,19:00,13,10,35,22,20,10,1146,TD Place,-1,NA,1,2023,04,4,Lock (4),0,,0,,1000761,Hollie Davidson,1001076,Kat Roche,1001022,Luke Rogan,-1,,3,International,N,L
1556,941540,63895,Yanis Horvat,951,Romania,4235.36,4236.40,4711,2,61,39,61,45,3,Pass,178,Try,0,,686,Medium Pass,682,Right Pass,702,2nd Receiver,0,,0,,0,,0,,0,,6,6,1,0,,2,51,51,0,10,953,Canada,951,Romania,12/07/2024,19:00,13,10,35,22,20,10,1146,TD Place,-1,NA,1,2023,04,4,Lock (4),0,,0,,1000761,Hollie Davidson,1001076,Kat Roche,1001022,Luke Rogan,-1,,3,International,N,L
1557,941540,63895,Yanis Horvat,951,Romania,4235.48,4235.48,4711,2,61,39,0,0,10,Attacking Qualities,526,Try Assist,0,,0,,0,,0,,0,,0,,0,,0,,0,,0,0,0,0,,2,51,51,0,10,953,Canada,951,Romania,12/07/2024,19:00,13,10,35,22,20,10,1146,TD Place,-1,NA,1,2023,04,4,Lock (4),0,,0,,1000761,Hollie Davidson,1001076,Kat Roche,1001022,Luke Rogan,-1,,3,International,N,L
1558,941540,57666,Alin Conache,951,Romania,4236.40,4236.40,4712,2,61,45,0,0,10,Attacking Qualities,113,Supported Break,0,,0,,0,,0,,0,,0,,0,,0,,0,,0,0,0,0,,2,51,51,0,10,953,Canada,951,Romania,12/07/2024,19:00,13,10,35,22,20,10,1146,TD Place,-1,NA,1,2023,09,9,Scrum Half,0,,0,,1000761,Hollie Davidson,1001076,Kat Roche,1001022,Luke Rogan,-1,,3,International,N,L
1559,941540,57666,Alin Conache,951,Romania,4236.40,4236.40,4712,2,61,45,0,0,18,Collection,631,General Catch,0,,0,,0,,0,,0,,0,,0,,0,,0,,0,0,0,0,,2,51,51,0,10,953,Canada,951,Romania,12/07/2024,19:00,13,10,35,22,20,10,1146,TD Place,-1,NA,1,2023,09,9,Scrum Half,0,,0,,1000761,Hollie Davidson,1001076,Kat Roche,1001022,Luke Rogan,-1,,3,International,N,L
1560,941540,57666,Alin Conache,951,Romania,4236.40,4240.92,4712,2,61,45,101,56,1,Carry,106,Support Carry,117,Try Scored,109,Crossed Gain line,0,,500,0 Tacklers Committed,703,3rd Receiver,0,,0,,0,,0,,39,41,0,0,,2,51,51,0,10,953,Canada,951,Romania,12/07/2024,19:00,13,10,35,22,20,10,1146,TD Place,-1,NA,1,2023,09,9,Scrum Half,0,,0,,1000761,Hollie Davidson,1001076,Kat Roche,1001022,Luke Rogan,-1,,3,International,N,L
1561,941540,0,,951,Romania,4146.48,4241.12,4716,2,49,33,101,56,26,Sequences,307,50m Restart,314,Try,0,,0,,0,,0,,0,,0,,0,,0,,51,0,0,0,,2,51,51,0,10,953,Canada,951,Romania,12/07/2024,19:00,13,10,35,22,20,10,1146,TD Place,-1,NA,1,2023,,,,0,,0,,1000761,Hollie Davidson,1001076,Kat Roche,1001022,Luke Rogan,-1,,3,International,N,L
1562,941540,0,,951,Romania,4221.96,4241.12,4716,2,32,64,101,56,15,Possession,311,Kick Return,314,Try,112,Initial Break,683,Enters into Opposition 22,0,,0,,0,,0,,0,,0,,69,0,0,0,,2,51,51,0,10,953,Canada,951,Romania,12/07/2024,19:00,13,10,35,22,20,10,1146,TD Place,-1,NA,1,2023,,,,0,,0,,1000761,Hollie Davidson,1001076,Kat Roche,1001022,Luke Rogan,-1,,3,International,N,L
1563,941540,0,,951,Romania,4240.88,4240.92,4716,2,101,56,101,56,46,Attacking 22 Entry,645,22 Entry Outcome - Try,650,22 Entry Points - Try and Conversion,0,,0,,0,,0,,0,,0,,0,,0,,0,0,0,0,,2,51,51,0,10,953,Canada,951,Romania,12/07/2024,19:00,13,10,35,22,20,10,1146,TD Place,-1,NA,1,2023,,,,0,,0,,1000761,Hollie Davidson,1001076,Kat Roche,1001022,Luke Rogan,-1,,3,International,N,L
1564,941540,57666,Alin Conache,951,Romania,4240.92,4240.92,4716,2,101,56,0,0,9,Try,0,Try,0,,0,,0,,0,,0,,0,,0,,0,,0,,0,0,0,0,,2,51,51,0,5,953,Canada,951,Romania,12/07/2024,19:00,13,10,35,22,20,10,1146,TD Place,-1,NA,1,2023,09,9,Scrum Half,0,,0,,1000761,Hollie Davidson,1001076,Kat Roche,1001022,Luke Rogan,-1,,3,International,N,L
1565,941540,57666,Alin Conache,951,Romania,4326.12,4328.96,4841,2,77,56,106,27,11,Goal Kick,295,Conversion,299,Goal Kicked,0,,0,,0,,0,,0,,0,,0,,0,,23,32,0,0,,1,51,52,0,3,953,Canada,951,Romania,12/07/2024,19:00,13,10,35,22,20,15,1146,TD Place,-1,NA,1,2023,09,9,Scrum Half,0,,0,,1000761,Hollie Davidson,1001076,Kat Roche,1001022,Luke Rogan,-1,,3,International,N,L
1566,941540,29377,Liam Murray,953,Canada,4355.68,4355.68,4911,2,-6,41,0,0,41,Sub Out,562,Tactical,0,,0,,0,,0,,0,,0,,0,,0,,0,,0,0,0,0,,1,51,52,-1,3,953,Canada,951,Romania,12/07/2024,19:00,13,10,35,22,20,17,1146,TD Place,-1,NA,1,2023,01,1,Loosehead Prop,0,,0,,1000761,Hollie Davidson,1001076,Kat Roche,1001022,Luke Rogan,-1,,3,International,Y,W
1567,941540,58656,Calixto Martinez,953,Canada,4355.72,4355.72,4911,2,-6,41,0,0,42,Sub In,562,Tactical,0,,0,,0,,0,,0,,0,,0,,0,,0,,0,0,0,0,,1,51,52,0,3,953,Canada,951,Romania,12/07/2024,19:00,13,10,35,22,20,17,1146,TD Place,-1,NA,1,2023,17,1,Loosehead Prop,0,,0,,1000761,Hollie Davidson,1001076,Kat Roche,1001022,Luke Rogan,-1,,3,International,Y,W
1568,941540,19391,Peter Nelson,953,Canada,4357.88,4362.12,4913,2,49,35,77,49,14,Restart,281,50m Restart,286,Restart Opp Collection,289,Short,753,Kicked Right,0,,0,,0,,0,,0,,0,,27,31,15,0,,1,51,53,0,3,953,Canada,951,Romania,12/07/2024,19:00,13,10,35,22,20,17,1146,TD Place,-1,NA,1,2023,10,10,Fly Half,0,,0,,1000761,Hollie Davidson,1001076,Kat Roche,1001022,Luke Rogan,-1,,3,International,Y,W
1569,941540,27028,Marius Iftimiciuc,951,Romania,4362.12,4362.12,4917,2,24,19,0,0,18,Collection,275,Restart Catch,277,Success,0,,0,,0,,0,,0,,0,,0,,0,,0,0,0,0,,1,52,53,0,3,953,Canada,951,Romania,12/07/2024,19:00,13,10,35,22,20,17,1146,TD Place,-1,NA,1,2023,19,5,Lock (5),0,,0,,1000761,Hollie Davidson,1001076,Kat Roche,1001022,Luke Rogan,-1,,3,International,N,L
1570,941540,27028,Marius Iftimiciuc,951,Romania,4362.12,4366.56,4917,2,24,19,26,18,1,Carry,105,Restart Return,210,Penalty Won,109,Crossed Gain line,461,Neutral Contact,503,3 Tacklers Committed,700,0th Receiver,0,,0,,0,,0,,2,2,2,2,,1,52,53,0,3,953,Canada,951,Romania,12/07/2024,19:00,13,10,35,22,20,17,1146,TD Place,-1,NA,1,2023,19,5,Lock (5),0,,0,,1000761,Hollie Davidson,1001076,Kat Roche,1001022,Luke Rogan,-1,,3,International,N,L
1571,941540,28377,Andrew Coe,953,Canada,4362.48,4362.48,4918,2,76,51,0,0,2,Tackle,142,Chase,153,Complete,0,,474,Neutral Tackle,708,1st Tackler,0,,0,,0,,0,,0,,0,0,0,0,,1,52,53,0,3,953,Canada,951,Romania,12/07/2024,19:00,13,10,35,22,20,17,1146,TD Place,-1,NA,1,2023,14,14,Right Wing,0,,0,,1000761,Hollie Davidson,1001076,Kat Roche,1001022,Luke Rogan,-1,,3,International,Y,W
1572,941540,58656,Calixto Martinez,953,Canada,4363.32,4363.32,4919,2,76,51,0,0,2,Tackle,142,Chase,153,Complete,441,Assist,474,Neutral Tackle,709,2nd Tackler,0,,0,,0,,0,,0,,0,0,0,0,,1,52,53,0,3,953,Canada,951,Romania,12/07/2024,19:00,13,10,35,22,20,17,1146,TD Place,-1,NA,1,2023,17,1,Loosehead Prop,0,,0,,1000761,Hollie Davidson,1001076,Kat Roche,1001022,Luke Rogan,-1,,3,International,Y,W
1573,941540,27090,Conor Keys,953,Canada,4364.32,4364.32,4920,2,76,51,0,0,2,Tackle,142,Chase,157,Pen Conceded,441,Assist,474,Neutral Tackle,710,3rd Tackler,0,,0,,0,,0,,0,,0,0,0,0,,1,52,53,0,3,953,Canada,951,Romania,12/07/2024,19:00,13,10,35,22,20,17,1146,TD Place,-1,NA,1,2023,04,4,Lock (4),0,,0,,1000761,Hollie Davidson,1001076,Kat Roche,1001022,Luke Rogan,-1,,3,International,Y,W
1574,941540,27090,Conor Keys,953,Canada,4364.44,4364.44,4920,2,76,51,0,0,7,Penalty Conceded,228,Foul Play - High Tackle,236,No Action,215,Defence,233,Full Penalty,0,,0,,0,,0,,0,,0,,0,0,0,0,,1,52,53,0,3,953,Canada,951,Romania,12/07/2024,19:00,13,10,35,22,20,17,1146,TD Place,-1,NA,1,2023,04,4,Lock (4),0,,0,,1000761,Hollie Davidson,1001076,Kat Roche,1001022,Luke Rogan,-1,,3,International,Y,W
1575,941540,27028,Marius Iftimiciuc,951,Romania,4366.56,4369.80,4922,2,26,18,0,0,23,Ruck,0,,401,Won Outright,551,N/A Gainline,555,3-4 Seconds,662,Mid Right Open Movement Ruck,0,,0,,0,,0,,0,,0,0,-1,16,,1,52,53,0,3,953,Canada,951,Romania,12/07/2024,19:00,13,10,35,22,20,17,1146,TD Place,-1,NA,1,2023,19,5,Lock (5),0,,0,,1000761,Hollie Davidson,1001076,Kat Roche,1001022,Luke Rogan,-1,,3,International,N,L
1576,941540,27535,Alexandru Savin,951,Romania,4367.00,4367.00,4922,2,26,18,0,0,43,Ruck OOA,574,Secured,583,Own Team 1st Entry,588,OOA Entry 1st Entry- Att,632,Attacking OOA,0,1,0,,0,,0,,0,,0,,0,0,0,0,,1,52,53,0,3,953,Canada,951,Romania,12/07/2024,19:00,13,10,35,22,20,17,1146,TD Place,-1,NA,1,2023,17,1,Loosehead Prop,0,,0,,1000761,Hollie Davidson,1001076,Kat Roche,1001022,Luke Rogan,-1,,3,International,N,L
1577,941540,34102,Vasile Balan,951,Romania,4368.24,4368.24,4923,2,26,18,0,0,43,Ruck OOA,574,Secured,584,Own Team 2nd Entry,589,OOA Entry 2nd Entry- Att,632,Attacking OOA,0,2,0,,0,,0,,0,,0,,0,0,0,0,,1,52,53,0,3,953,Canada,951,Romania,12/07/2024,19:00,13,10,35,22,20,17,1146,TD Place,-1,NA,1,2023,03,3,Tighthead Prop,0,,0,,1000761,Hollie Davidson,1001076,Kat Roche,1001022,Luke Rogan,-1,,3,International,N,L
1578,941540,57666,Alin Conache,951,Romania,4369.80,4369.80,4925,2,26,18,0,0,18,Collection,631,General Catch,0,,0,,0,,0,,0,,0,,0,,0,,0,,0,0,0,0,,2,52,53,0,3,953,Canada,951,Romania,12/07/2024,19:00,13,10,35,22,20,17,1146,TD Place,-1,NA,1,2023,09,9,Scrum Half,0,,0,,1000761,Hollie Davidson,1001076,Kat Roche,1001022,Luke Rogan,-1,,3,International,N,L
1579,941540,57666,Alin Conache,951,Romania,4369.80,4369.80,4925,2,26,18,0,0,47,Playmaker Options,671,Halfback at Breakdown,675,Playmaker Option - Pass,0,,0,,0,,0,,0,,0,,0,,0,,0,0,0,0,,2,52,53,0,3,953,Canada,951,Romania,12/07/2024,19:00,13,10,35,22,20,17,1146,TD Place,-1,NA,1,2023,09,9,Scrum Half,0,,0,,1000761,Hollie Davidson,1001076,Kat Roche,1001022,Luke Rogan,-1,,3,International,N,L
1580,941540,57666,Alin Conache,951,Romania,4370.52,4371.88,4926,2,26,18,21,30,3,Pass,169,Complete,0,,686,Medium Pass,682,Right Pass,700,0th Receiver,0,,0,,0,,0,,0,,13,13,5,0,,2,52,53,0,3,953,Canada,951,Romania,12/07/2024,19:00,13,10,35,22,20,17,1146,TD Place,-1,NA,1,2023,09,9,Scrum Half,0,,0,,1000761,Hollie Davidson,1001076,Kat Roche,1001022,Luke Rogan,-1,,3,International,N,L
1581,941540,33151,Vlad Neculau,951,Romania,4371.88,4371.88,4927,2,21,30,0,0,18,Collection,631,General Catch,0,,0,,0,,0,,0,,0,,0,,0,,0,,0,0,0,0,,2,52,53,0,3,953,Canada,951,Romania,12/07/2024,19:00,13,10,35,22,20,17,1146,TD Place,-1,NA,1,2023,06,6,Blindside Flanker,0,,0,,1000761,Hollie Davidson,1001076,Kat Roche,1001022,Luke Rogan,-1,,3,International,N,L
1582,941540,0,,951,Romania,4371.88,4371.88,4927,2,21,30,0,0,45,Defensive Exits,629,Carried out of 22,0,,0,,0,,0,,0,,0,,0,,0,,0,,0,0,0,0,,2,52,53,0,3,953,Canada,951,Romania,12/07/2024,19:00,13,10,35,22,20,17,1146,TD Place,-1,NA,1,2023,,,,0,,0,,1000761,Hollie Davidson,1001076,Kat Roche,1001022,Luke Rogan,-1,,3,International,N,L
1583,941540,33151,Vlad Neculau,951,Romania,4371.88,4371.88,4927,2,21,30,0,0,47,Playmaker Options,656,First Receiver,673,Playmaker Option - Carry,0,,0,,0,,0,,0,,0,,0,,0,,0,0,0,0,,2,52,53,0,3,953,Canada,951,Romania,12/07/2024,19:00,13,10,35,22,20,17,1146,TD Place,-1,NA,1,2023,06,6,Blindside Flanker,0,,0,,1000761,Hollie Davidson,1001076,Kat Roche,1001022,Luke Rogan,-1,,3,International,N,L
1584,941540,33151,Vlad Neculau,951,Romania,4371.88,4373.60,4927,2,21,30,25,33,1,Carry,101,One Out Drive,108,Tackled Neutral,111,Failed Gain line,461,Neutral Contact,502,2 Tacklers Committed,701,1st Receiver,0,,0,,0,,0,,0,4,2,2,,2,52,53,0,3,953,Canada,951,Romania,12/07/2024,19:00,13,10,35,22,20,17,1146,TD Place,-1,NA,1,2023,06,6,Blindside Flanker,0,,0,,1000761,Hollie Davidson,1001076,Kat Roche,1001022,Luke Rogan,-1,,3,International,N,L
1585,941540,56146,Ethan Fryer,953,Canada,4372.80,4372.80,4928,2,77,35,0,0,2,Tackle,144,Line,153,Complete,0,,474,Neutral Tackle,708,1st Tackler,0,,0,,0,,0,,0,,0,0,0,0,,2,52,53,0,3,953,Canada,951,Romania,12/07/2024,19:00,13,10,35,22,20,17,1146,TD Place,-1,NA,1,2023,07,7,Openside Flanker,0,,0,,1000761,Hollie Davidson,1001076,Kat Roche,1001022,Luke Rogan,-1,,3,International,Y,W
1586,941540,25189,Andrew Quattrin,953,Canada,4373.08,4373.08,4928,2,77,35,0,0,2,Tackle,144,Line,153,Complete,441,Assist,474,Neutral Tackle,709,2nd Tackler,0,,0,,0,,0,,0,,0,0,0,0,,2,52,53,0,3,953,Canada,951,Romania,12/07/2024,19:00,13,10,35,22,20,17,1146,TD Place,-1,NA,1,2023,02,2,Hooker,0,,0,,1000761,Hollie Davidson,1001076,Kat Roche,1001022,Luke Rogan,-1,,3,International,Y,W
1587,941540,0,,951,Romania,4373.16,4373.16,4928,2,25,33,0,0,20,Ref Review,245,Advantage,0,,0,,0,,0,,0,,0,,0,,0,,0,,0,0,0,0,,2,52,53,0,3,953,Canada,951,Romania,12/07/2024,19:00,13,10,35,22,20,17,1146,TD Place,-1,NA,1,2023,,,,0,,0,,1000761,Hollie Davidson,1001076,Kat Roche,1001022,Luke Rogan,-1,,3,International,N,L
1588,941540,33151,Vlad Neculau,951,Romania,4373.60,4378.04,4929,2,25,33,0,0,23,Ruck,0,,401,Won Outright,549,Behind Previous Gainline,556,4-5 Seconds,663,Close Left Open Movement Ruck,0,,0,,0,,0,,0,,0,0,-7,4,,2,52,53,0,3,953,Canada,951,Romania,12/07/2024,19:00,13,10,35,22,20,17,1146,TD Place,-1,NA,1,2023,06,6,Blindside Flanker,0,,0,,1000761,Hollie Davidson,1001076,Kat Roche,1001022,Luke Rogan,-1,,3,International,N,L
1589,941540,63895,Yanis Horvat,951,Romania,4374.44,4374.44,4930,2,25,33,0,0,43,Ruck OOA,574,Secured,583,Own Team 1st Entry,588,OOA Entry 1st Entry- Att,632,Attacking OOA,0,1,0,,0,,0,,0,,0,,0,0,0,0,,2,52,53,0,3,953,Canada,951,Romania,12/07/2024,19:00,13,10,35,22,20,17,1146,TD Place,-1,NA,1,2023,04,4,Lock (4),0,,0,,1000761,Hollie Davidson,1001076,Kat Roche,1001022,Luke Rogan,-1,,3,International,N,L
1590,941540,39780,Stefan Buruiana,951,Romania,4374.60,4374.60,4930,2,25,33,0,0,43,Ruck OOA,574,Secured,584,Own Team 2nd Entry,589,OOA Entry 2nd Entry- Att,632,Attacking OOA,0,2,0,,0,,0,,0,,0,,0,0,0,0,,2,52,53,0,3,953,Canada,951,Romania,12/07/2024,19:00,13,10,35,22,20,17,1146,TD Place,-1,NA,1,2023,02,2,Hooker,0,,0,,1000761,Hollie Davidson,1001076,Kat Roche,1001022,Luke Rogan,-1,,3,International,N,L
1591,941540,57666,Alin Conache,951,Romania,4378.04,4378.04,4933,2,25,33,0,0,18,Collection,631,General Catch,0,,0,,0,,0,,0,,0,,0,,0,,0,,0,0,0,0,,3,52,53,0,3,953,Canada,951,Romania,12/07/2024,19:00,13,10,35,22,20,17,1146,TD Place,-1,NA,1,2023,09,9,Scrum Half,0,,0,,1000761,Hollie Davidson,1001076,Kat Roche,1001022,Luke Rogan,-1,,3,International,N,L
1592,941540,57666,Alin Conache,951,Romania,4378.04,4378.04,4933,2,25,33,0,0,47,Playmaker Options,671,Halfback at Breakdown,675,Playmaker Option - Pass,0,,0,,0,,0,,0,,0,,0,,0,,0,0,0,0,,3,52,53,0,3,953,Canada,951,Romania,12/07/2024,19:00,13,10,35,22,20,17,1146,TD Place,-1,NA,1,2023,09,9,Scrum Half,0,,0,,1000761,Hollie Davidson,1001076,Kat Roche,1001022,Luke Rogan,-1,,3,International,N,L
1593,941540,57666,Alin Conache,951,Romania,4378.56,4379.68,4934,2,25,33,16,31,3,Pass,169,Complete,0,,679,Short Pass,681,Left Pass,700,0th Receiver,0,,0,,0,,0,,0,,3,9,9,0,,3,52,53,0,3,953,Canada,951,Romania,12/07/2024,19:00,13,10,35,22,20,17,1146,TD Place,-1,NA,1,2023,09,9,Scrum Half,0,,0,,1000761,Hollie Davidson,1001076,Kat Roche,1001022,Luke Rogan,-1,,3,International,N,L
1594,941540,27747,Hinckley Vaovasa,951,Romania,4379.68,4379.68,4935,2,16,31,0,0,18,Collection,631,General Catch,0,,0,,0,,0,,0,,0,,0,,0,,0,,0,0,0,0,,3,52,53,0,3,953,Canada,951,Romania,12/07/2024,19:00,13,10,35,22,20,17,1146,TD Place,-1,NA,1,2023,10,10,Fly Half,0,,0,,1000761,Hollie Davidson,1001076,Kat Roche,1001022,Luke Rogan,-1,,3,International,N,L
1595,941540,27747,Hinckley Vaovasa,951,Romania,4379.68,4379.68,4935,2,16,31,0,0,47,Playmaker Options,656,First Receiver,674,Playmaker Option - Kick,0,,0,,0,,0,,0,,0,,0,,0,,0,0,0,0,,3,52,53,0,3,953,Canada,951,Romania,12/07/2024,19:00,13,10,35,22,20,17,1146,TD Place,-1,NA,1,2023,10,10,Fly Half,0,,0,,1000761,Hollie Davidson,1001076,Kat Roche,1001022,Luke Rogan,-1,,3,International,N,L
1596,941540,27747,Hinckley Vaovasa,951,Romania,4379.72,4381.84,4935,2,17,30,46,54,4,Kick,190,Territorial,198,Caught Full,186,Kick in Play (Own 22),0,,0,,0,,0,,0,,0,,0,,29,38,0,0,,3,52,53,0,3,953,Canada,951,Romania,12/07/2024,19:00,13,10,35,22,20,17,1146,TD Place,-1,NA,1,2023,10,10,Fly Half,0,,0,,1000761,Hollie Davidson,1001076,Kat Roche,1001022,Luke Rogan,-1,,3,International,N,L
1597,941540,0,,953,Canada,4357.88,4381.84,4937,2,49,35,54,14,26,Sequences,307,50m Restart,316,Pen Won,0,,0,,0,,0,,0,,0,,0,,0,,5,0,0,0,,3,52,53,0,3,953,Canada,951,Romania,12/07/2024,19:00,13,10,35,22,20,17,1146,TD Place,-1,NA,1,2023,,,,0,,0,,1000761,Hollie Davidson,1001076,Kat Roche,1001022,Luke Rogan,-1,,3,International,Y,W
1598,941540,0,,951,Romania,4362.12,4381.84,4937,2,24,19,46,54,15,Possession,307,50m Restart,316,Pen Won,0,,684,Fails to enter into Opposition 22,0,,0,,0,,0,,0,,0,,22,0,0,0,,3,52,53,0,3,953,Canada,951,Romania,12/07/2024,19:00,13,10,35,22,20,17,1146,TD Place,-1,NA,1,2023,,,,0,,0,,1000761,Hollie Davidson,1001076,Kat Roche,1001022,Luke Rogan,-1,,3,International,N,L
1599,941540,27035,Marius Simionescu,951,Romania,4409.28,4410.68,5005,2,26,19,45,0,4,Kick,347,Touch Kick,193,Kick in Touch (Full),148,Penalty Kick,0,,0,,0,,0,,0,,0,,0,,20,28,0,0,,1,52,54,0,3,953,Canada,951,Romania,12/07/2024,19:00,13,10,35,22,20,17,1146,TD Place,-1,NA,1,2023,14,14,Right Wing,0,,0,,1000761,Hollie Davidson,1001076,Kat Roche,1001022,Luke Rogan,-1,,3,International,N,L
1600,941540,0,,951,Romania,4409.28,4410.68,5006,2,26,19,45,0,26,Sequences,780,Penalty Kick Touch,415,Own Lineout,0,,0,,0,,0,,0,,0,,0,,0,,20,0,0,0,,1,52,54,0,3,953,Canada,951,Romania,12/07/2024,19:00,13,10,35,22,20,17,1146,TD Place,-1,NA,1,2023,,,,0,,0,,1000761,Hollie Davidson,1001076,Kat Roche,1001022,Luke Rogan,-1,,3,International,N,L
1601,941540,39780,Stefan Buruiana,951,Romania,4435.68,4436.92,5031,2,45,0,45,10,6,Lineout Throw,372,Throw Middle,376,Won Clean Catch,207,Catch and Drive,0,6+1,676,N/A Movement Lineout,731,6 Players,725,Forward at Halfback (+1),0,,0,,0,,10,0,0,0,,1,53,55,0,3,953,Canada,951,Romania,12/07/2024,19:00,13,10,35,22,20,17,1146,TD Place,-1,NA,1,2023,02,2,Hooker,0,,0,,1000761,Hollie Davidson,1001076,Kat Roche,1001022,Luke Rogan,-1,,3,International,N,L
1602,941540,63895,Yanis Horvat,951,Romania,4436.92,4436.92,5032,2,45,10,0,0,27,Lineout Take,387,Lineout Win Middle,376,Won Clean,207,Catch and Drive,396,Clean Catch,0,,0,,0,,0,,0,,0,,0,0,0,0,,1,53,55,0,3,953,Canada,951,Romania,12/07/2024,19:00,13,10,35,22,20,17,1146,TD Place,-1,NA,1,2023,04,4,Lock (4),0,,0,,1000761,Hollie Davidson,1001076,Kat Roche,1001022,Luke Rogan,-1,,3,International,N,L
1603,941540,63895,Yanis Horvat,951,Romania,4438.08,4447.96,5033,2,45,10,0,0,24,Maul,0,,403,Penalty Won,0,,0,,668,Tight Right Open Movement Maul,0,,0,,0,,0,,0,,2,2,1,0,,1,53,55,0,3,953,Canada,951,Romania,12/07/2024,19:00,13,10,35,22,20,17,1146,TD Place,-1,NA,1,2023,04,4,Lock (4),0,,0,,1000761,Hollie Davidson,1001076,Kat Roche,1001022,Luke Rogan,-1,,3,International,N,L
1604,941540,25181,Kyle Baillie,953,Canada,4440.92,4440.92,5036,2,54,59,0,0,7,Penalty Conceded,422,Wrong Side at Maul,236,No Action,215,Defence,233,Full Penalty,0,,0,,0,,0,,0,,0,,0,0,0,0,,1,53,55,0,3,953,Canada,951,Romania,12/07/2024,19:00,13,10,35,22,20,17,1146,TD Place,-1,NA,1,2023,05,5,Lock (5),0,,0,,1000761,Hollie Davidson,1001076,Kat Roche,1001022,Luke Rogan,-1,,3,International,Y,W
1605,941540,0,,951,Romania,4447.92,4447.92,5043,2,47,9,0,0,20,Ref Review,245,Advantage,0,,0,,0,,0,,0,,0,,0,,0,,0,,0,0,0,0,,1,53,55,0,3,953,Canada,951,Romania,12/07/2024,19:00,13,10,35,22,20,17,1146,TD Place,-1,NA,1,2023,,,,0,,0,,1000761,Hollie Davidson,1001076,Kat Roche,1001022,Luke Rogan,-1,,3,International,N,L
1606,941540,39780,Stefan Buruiana,951,Romania,4447.96,4447.96,5043,2,47,7,0,0,18,Collection,631,General Catch,0,,0,,0,,0,,0,,0,,0,,0,,0,,0,0,0,0,,1,53,55,0,3,953,Canada,951,Romania,12/07/2024,19:00,13,10,35,22,20,17,1146,TD Place,-1,NA,1,2023,02,2,Hooker,0,,0,,1000761,Hollie Davidson,1001076,Kat Roche,1001022,Luke Rogan,-1,,3,International,N,L
1607,941540,39780,Stefan Buruiana,951,Romania,4447.96,4447.96,5043,2,47,7,0,0,47,Playmaker Options,672,Acting Halfback at Breakdown,673,Playmaker Option - Carry,0,,0,,0,,0,,0,,0,,0,,0,,0,0,0,0,,1,53,55,0,3,953,Canada,951,Romania,12/07/2024,19:00,13,10,35,22,20,17,1146,TD Place,-1,NA,1,2023,02,2,Hooker,0,,0,,1000761,Hollie Davidson,1001076,Kat Roche,1001022,Luke Rogan,-1,,3,International,N,L
1608,941540,39780,Stefan Buruiana,951,Romania,4447.96,4450.84,5043,2,47,7,48,7,1,Carry,103,Other Carry,108,Tackled Neutral,109,Crossed Gain line,461,Neutral Contact,502,2 Tacklers Committed,700,0th Receiver,0,,0,,0,,0,,1,1,0,0,,1,53,55,0,3,953,Canada,951,Romania,12/07/2024,19:00,13,10,35,22,20,17,1146,TD Place,-1,NA,1,2023,02,2,Hooker,0,,0,,1000761,Hollie Davidson,1001076,Kat Roche,1001022,Luke Rogan,-1,,3,International,N,L
1609,941540,38465,Mason Flesch,953,Canada,4448.04,4448.04,5043,2,52,61,0,0,2,Tackle,147,Other,153,Complete,0,,474,Neutral Tackle,708,1st Tackler,0,,0,,0,,0,,0,,0,0,0,0,,1,53,55,0,3,953,Canada,951,Romania,12/07/2024,19:00,13,10,35,22,20,17,1146,TD Place,-1,NA,1,2023,06,6,Blindside Flanker,0,,0,,1000761,Hollie Davidson,1001076,Kat Roche,1001022,Luke Rogan,-1,,3,International,Y,W
1610,941540,27090,Conor Keys,953,Canada,4448.08,4448.08,5043,2,52,61,0,0,2,Tackle,147,Other,153,Complete,441,Assist,474,Neutral Tackle,709,2nd Tackler,0,,0,,0,,0,,0,,0,0,0,0,,1,53,55,0,3,953,Canada,951,Romania,12/07/2024,19:00,13,10,35,22,20,17,1146,TD Place,-1,NA,1,2023,04,4,Lock (4),0,,0,,1000761,Hollie Davidson,1001076,Kat Roche,1001022,Luke Rogan,-1,,3,International,Y,W
1611,941540,39780,Stefan Buruiana,951,Romania,4450.84,4453.84,5046,2,48,7,0,0,23,Ruck,0,,452,Unplayable,548,Over Previous Gainline,559,N/A Ruck Speed,676,N/A Movement Ruck,0,,0,,0,,0,,0,,0,0,0,0,,1,53,55,0,3,953,Canada,951,Romania,12/07/2024,19:00,13,10,35,22,20,17,1146,TD Place,-1,NA,1,2023,02,2,Hooker,0,,0,,1000761,Hollie Davidson,1001076,Kat Roche,1001022,Luke Rogan,-1,,3,International,N,L
1612,941540,0,,951,Romania,4435.68,4453.84,5049,2,45,0,48,7,15,Possession,306,Lineout,316,Pen Won,0,,684,Fails to enter into Opposition 22,0,,0,,0,,0,,0,,0,,3,0,0,0,,1,53,55,0,3,953,Canada,951,Romania,12/07/2024,19:00,13,10,35,22,20,17,1146,TD Place,-1,NA,1,2023,,,,0,,0,,1000761,Hollie Davidson,1001076,Kat Roche,1001022,Luke Rogan,-1,,3,International,N,L
1613,941540,0,,951,Romania,4435.68,4453.84,5049,2,45,0,48,7,26,Sequences,306,Lineout,316,Pen Won,0,,0,,0,,0,,0,,0,,0,,0,,3,0,0,0,,1,53,55,0,3,953,Canada,951,Romania,12/07/2024,19:00,13,10,35,22,20,17,1146,TD Place,-1,NA,1,2023,,,,0,,0,,1000761,Hollie Davidson,1001076,Kat Roche,1001022,Luke Rogan,-1,,3,International,N,L
1614,941540,27035,Marius Simionescu,951,Romania,4477.36,4479.16,5113,2,49,14,77,1,4,Kick,347,Touch Kick,193,Kick in Touch (Full),148,Penalty Kick,0,,0,,0,,0,,0,,0,,0,,28,31,0,0,,1,53,56,0,3,953,Canada,951,Romania,12/07/2024,19:00,13,10,35,22,20,17,1146,TD Place,-1,NA,1,2023,14,14,Right Wing,0,,0,,1000761,Hollie Davidson,1001076,Kat Roche,1001022,Luke Rogan,-1,,3,International,N,L
1615,941540,0,,951,Romania,4477.36,4479.16,5114,2,49,14,77,1,26,Sequences,780,Penalty Kick Touch,415,Own Lineout,0,,0,,0,,0,,0,,0,,0,,0,,28,0,0,0,,1,53,56,0,3,953,Canada,951,Romania,12/07/2024,19:00,13,10,35,22,20,17,1146,TD Place,-1,NA,1,2023,,,,0,,0,,1000761,Hollie Davidson,1001076,Kat Roche,1001022,Luke Rogan,-1,,3,International,N,L
1616,941540,39780,Stefan Buruiana,951,Romania,4503.64,4504.72,5139,2,77,0,77,9,6,Lineout Throw,371,Throw Front,382,Lost Clean,211,Off The Top,0,6+1,676,N/A Movement Lineout,731,6 Players,725,Forward at Halfback (+1),0,,0,,0,,9,0,0,0,,1,53,57,0,3,953,Canada,951,Romania,12/07/2024,19:00,13,10,35,22,20,17,1146,TD Place,-1,NA,1,2023,02,2,Hooker,0,,0,,1000761,Hollie Davidson,1001076,Kat Roche,1001022,Luke Rogan,-1,,3,International,N,L
1617,941540,38465,Mason Flesch,953,Canada,4504.72,4504.72,5140,2,23,59,0,0,27,Lineout Take,391,Lineout Steal Front,382,Lost Clean,211,Off The Top,397,Clean Tap,0,,0,,0,,0,,0,,0,,0,0,0,0,,1,54,57,0,3,953,Canada,951,Romania,12/07/2024,19:00,13,10,35,22,20,17,1146,TD Place,-1,NA,1,2023,06,6,Blindside Flanker,0,,0,,1000761,Hollie Davidson,1001076,Kat Roche,1001022,Luke Rogan,-1,,3,International,Y,W
1618,941540,38465,Mason Flesch,953,Canada,4504.72,4506.08,5140,2,23,59,22,64,3,Pass,169,Complete,0,,679,Short Pass,682,Right Pass,700,0th Receiver,0,,0,,0,,0,,0,,5,5,1,0,,1,54,57,0,3,953,Canada,951,Romania,12/07/2024,19:00,13,10,35,22,20,17,1146,TD Place,-1,NA,1,2023,06,6,Blindside Flanker,0,,0,,1000761,Hollie Davidson,1001076,Kat Roche,1001022,Luke Rogan,-1,,3,International,Y,W
1619,941540,38159,Jason Higgins,953,Canada,4506.08,4506.08,5141,2,22,64,0,0,18,Collection,631,General Catch,0,,0,,0,,0,,0,,0,,0,,0,,0,,0,0,0,0,,1,54,57,0,3,953,Canada,951,Romania,12/07/2024,19:00,13,10,35,22,20,17,1146,TD Place,-1,NA,1,2023,09,9,Scrum Half,0,,0,,1000761,Hollie Davidson,1001076,Kat Roche,1001022,Luke Rogan,-1,,3,International,Y,W
1620,941540,0,,953,Canada,4506.08,4506.08,5141,2,22,64,0,0,45,Defensive Exits,629,Carried out of 22,0,,0,,0,,0,,0,,0,,0,,0,,0,,0,0,0,0,,1,54,57,0,3,953,Canada,951,Romania,12/07/2024,19:00,13,10,35,22,20,17,1146,TD Place,-1,NA,1,2023,,,,0,,0,,1000761,Hollie Davidson,1001076,Kat Roche,1001022,Luke Rogan,-1,,3,International,Y,W
1621,941540,38159,Jason Higgins,953,Canada,4506.08,4506.12,5141,2,22,64,23,65,1,Carry,103,Other Carry,210,Penalty Won,109,Crossed Gain line,0,,500,0 Tacklers Committed,701,1st Receiver,0,,0,,0,,0,,0,1,0,0,,1,54,57,0,3,953,Canada,951,Romania,12/07/2024,19:00,13,10,35,22,20,17,1146,TD Place,-1,NA,1,2023,09,9,Scrum Half,0,,0,,1000761,Hollie Davidson,1001076,Kat Roche,1001022,Luke Rogan,-1,,3,International,Y,W
1622,941540,39780,Stefan Buruiana,951,Romania,4506.20,4506.20,5141,2,77,3,0,0,7,Penalty Conceded,227,Foul Play - Mid Air Tackle,236,No Action,215,Defence,233,Full Penalty,0,,0,,0,,0,,0,,0,,0,0,0,0,,1,54,57,0,3,953,Canada,951,Romania,12/07/2024,19:00,13,10,35,22,20,17,1146,TD Place,-1,NA,1,2023,02,2,Hooker,0,,0,,1000761,Hollie Davidson,1001076,Kat Roche,1001022,Luke Rogan,-1,,3,International,N,L
1623,941540,0,,951,Romania,4503.64,4507.00,5142,2,77,0,77,3,26,Sequences,348,Lineout Steal,316,Pen Won,0,,0,,0,,0,,0,,0,,0,,0,,0,0,0,0,,1,54,57,0,3,953,Canada,951,Romania,12/07/2024,19:00,13,10,35,22,20,17,1146,TD Place,-1,NA,1,2023,,,,0,,0,,1000761,Hollie Davidson,1001076,Kat Roche,1001022,Luke Rogan,-1,,3,International,N,L
1624,941540,0,,953,Canada,4504.72,4507.00,5142,2,23,59,23,65,15,Possession,348,Lineout Steal,316,Pen Won,0,,684,Fails to enter into Opposition 22,0,,0,,0,,0,,0,,0,,0,0,0,0,,1,54,57,0,3,953,Canada,951,Romania,12/07/2024,19:00,13,10,35,22,20,17,1146,TD Place,-1,NA,1,2023,,,,0,,0,,1000761,Hollie Davidson,1001076,Kat Roche,1001022,Luke Rogan,-1,,3,International,Y,W
1625,941540,19391,Peter Nelson,953,Canada,4526.68,4529.32,5202,2,23,61,49,68,4,Kick,347,Touch Kick,193,Kick in Touch (Full),148,Penalty Kick,0,,0,,0,,0,,0,,0,,0,,26,27,0,0,,1,54,58,0,3,953,Canada,951,Romania,12/07/2024,19:00,13,10,35,22,20,17,1146,TD Place,-1,NA,1,2023,10,10,Fly Half,0,,0,,1000761,Hollie Davidson,1001076,Kat Roche,1001022,Luke Rogan,-1,,3,International,Y,W
1626,941540,0,,953,Canada,4526.68,4529.32,5205,2,23,61,49,68,26,Sequences,780,Penalty Kick Touch,415,Own Lineout,0,,0,,0,,0,,0,,0,,0,,0,,26,0,0,0,,1,54,58,0,3,953,Canada,951,Romania,12/07/2024,19:00,13,10,35,22,20,17,1146,TD Place,-1,NA,1,2023,,,,0,,0,,1000761,Hollie Davidson,1001076,Kat Roche,1001022,Luke Rogan,-1,,3,International,Y,W
1627,941540,25189,Andrew Quattrin,953,Canada,4552.96,4555.16,5228,2,49,68,49,56,6,Lineout Throw,373,Throw Back,376,Won Clean Catch,211,Off The Top,0,4+1,659,Wide Left Open Movement Lineout,729,4 Players,725,Forward at Halfback (+1),0,,0,,0,,12,0,2,51,,1,55,59,0,3,953,Canada,951,Romania,12/07/2024,19:00,13,10,35,22,20,17,1146,TD Place,-1,NA,1,2023,02,2,Hooker,0,,0,,1000761,Hollie Davidson,1001076,Kat Roche,1001022,Luke Rogan,-1,,3,International,Y,W
1628,941540,27090,Conor Keys,953,Canada,4555.16,4555.16,5230,2,49,56,0,0,27,Lineout Take,388,Lineout Win Back,376,Won Clean,211,Off The Top,396,Clean Catch,0,,0,,0,,0,,0,,0,,0,0,0,0,,1,55,59,0,3,953,Canada,951,Romania,12/07/2024,19:00,13,10,35,22,20,17,1146,TD Place,-1,NA,1,2023,04,4,Lock (4),0,,0,,1000761,Hollie Davidson,1001076,Kat Roche,1001022,Luke Rogan,-1,,3,International,Y,W
1629,941540,27090,Conor Keys,953,Canada,4555.36,4556.12,5231,2,49,56,46,58,3,Pass,169,Complete,0,,679,Short Pass,682,Right Pass,700,0th Receiver,0,,0,,0,,0,,0,,2,3,3,0,,1,55,59,0,3,953,Canada,951,Romania,12/07/2024,19:00,13,10,35,22,20,17,1146,TD Place,-1,NA,1,2023,04,4,Lock (4),0,,0,,1000761,Hollie Davidson,1001076,Kat Roche,1001022,Luke Rogan,-1,,3,International,Y,W
1630,941540,38465,Mason Flesch,953,Canada,4556.12,4556.12,5231,2,46,58,0,0,18,Collection,631,General Catch,0,,0,,0,,0,,0,,0,,0,,0,,0,,0,0,0,0,,1,55,59,0,3,953,Canada,951,Romania,12/07/2024,19:00,13,10,35,22,20,17,1146,TD Place,-1,NA,1,2023,06,6,Blindside Flanker,0,,0,,1000761,Hollie Davidson,1001076,Kat Roche,1001022,Luke Rogan,-1,,3,International,Y,W
1631,941540,38465,Mason Flesch,953,Canada,4556.16,4557.32,5231,2,46,56,45,44,3,Pass,169,Complete,0,,686,Medium Pass,681,Left Pass,701,1st Receiver,0,,0,,0,,0,,0,,13,13,1,0,,1,55,59,0,3,953,Canada,951,Romania,12/07/2024,19:00,13,10,35,22,20,17,1146,TD Place,-1,NA,1,2023,06,6,Blindside Flanker,0,,0,,1000761,Hollie Davidson,1001076,Kat Roche,1001022,Luke Rogan,-1,,3,International,Y,W
1632,941540,38159,Jason Higgins,953,Canada,4557.32,4557.32,5233,2,45,44,0,0,18,Collection,631,General Catch,0,,0,,0,,0,,0,,0,,0,,0,,0,,0,0,0,0,,1,55,59,0,3,953,Canada,951,Romania,12/07/2024,19:00,13,10,35,22,20,17,1146,TD Place,-1,NA,1,2023,09,9,Scrum Half,0,,0,,1000761,Hollie Davidson,1001076,Kat Roche,1001022,Luke Rogan,-1,,3,International,Y,W
1633,941540,38159,Jason Higgins,953,Canada,4557.36,4558.40,5233,2,46,43,44,31,3,Pass,169,Complete,0,,686,Medium Pass,681,Left Pass,702,2nd Receiver,0,,0,,0,,0,,0,,13,13,3,0,,1,55,59,0,3,953,Canada,951,Romania,12/07/2024,19:00,13,10,35,22,20,17,1146,TD Place,-1,NA,1,2023,09,9,Scrum Half,0,,0,,1000761,Hollie Davidson,1001076,Kat Roche,1001022,Luke Rogan,-1,,3,International,Y,W
1634,941540,19391,Peter Nelson,953,Canada,4558.40,4558.40,5234,2,44,31,0,0,18,Collection,631,General Catch,0,,0,,0,,0,,0,,0,,0,,0,,0,,0,0,0,0,,1,55,59,0,3,953,Canada,951,Romania,12/07/2024,19:00,13,10,35,22,20,17,1146,TD Place,-1,NA,1,2023,10,10,Fly Half,0,,0,,1000761,Hollie Davidson,1001076,Kat Roche,1001022,Luke Rogan,-1,,3,International,Y,W
1635,941540,19391,Peter Nelson,953,Canada,4558.44,4560.00,5234,2,46,29,44,22,3,Pass,169,Complete,0,,686,Medium Pass,681,Left Pass,703,3rd Receiver,0,,0,,0,,0,,0,,8,8,1,0,,1,55,59,0,3,953,Canada,951,Romania,12/07/2024,19:00,13,10,35,22,20,17,1146,TD Place,-1,NA,1,2023,10,10,Fly Half,0,,0,,1000761,Hollie Davidson,1001076,Kat Roche,1001022,Luke Rogan,-1,,3,International,Y,W
1636,941540,28377,Andrew Coe,953,Canada,4560.00,4560.00,5235,2,44,22,0,0,18,Collection,631,General Catch,0,,0,,0,,0,,0,,0,,0,,0,,0,,0,0,0,0,,1,55,59,0,3,953,Canada,951,Romania,12/07/2024,19:00,13,10,35,22,20,17,1146,TD Place,-1,NA,1,2023,14,14,Right Wing,0,,0,,1000761,Hollie Davidson,1001076,Kat Roche,1001022,Luke Rogan,-1,,3,International,Y,W
1637,941540,28377,Andrew Coe,953,Canada,4560.04,4561.56,5235,2,47,20,45,7,3,Pass,169,Complete,0,,686,Medium Pass,681,Left Pass,704,4th Receiver,0,,0,,0,,0,,0,,14,14,2,0,,1,55,59,0,3,953,Canada,951,Romania,12/07/2024,19:00,13,10,35,22,20,17,1146,TD Place,-1,NA,1,2023,14,14,Right Wing,0,,0,,1000761,Hollie Davidson,1001076,Kat Roche,1001022,Luke Rogan,-1,,3,International,Y,W
1638,941540,25195,Ben LeSage,953,Canada,4561.56,4561.56,5237,2,45,7,0,0,18,Collection,631,General Catch,0,,0,,0,,0,,0,,0,,0,,0,,0,,0,0,0,0,,1,55,59,0,3,953,Canada,951,Romania,12/07/2024,19:00,13,10,35,22,20,17,1146,TD Place,-1,NA,1,2023,13,13,Outside Centre,0,,0,,1000761,Hollie Davidson,1001076,Kat Roche,1001022,Luke Rogan,-1,,3,International,Y,W
1639,941540,25195,Ben LeSage,953,Canada,4561.56,4562.64,5237,2,45,7,51,7,1,Carry,103,Other Carry,119,Error,109,Crossed Gain line,461,Neutral Contact,501,1 Tacklers Committed,705,5th+ Receiver,0,,0,,0,,0,,2,6,1,1,,1,55,59,0,3,953,Canada,951,Romania,12/07/2024,19:00,13,10,35,22,20,17,1146,TD Place,-1,NA,1,2023,13,13,Outside Centre,0,,0,,1000761,Hollie Davidson,1001076,Kat Roche,1001022,Luke Rogan,-1,,3,International,Y,W
1640,941540,60960,Mihai Graure,951,Romania,4561.92,4561.92,5237,2,50,62,0,0,2,Tackle,144,Line,153,Complete,0,,474,Neutral Tackle,708,1st Tackler,0,,0,,0,,0,,0,,0,0,0,0,,1,55,59,0,3,953,Canada,951,Romania,12/07/2024,19:00,13,10,35,22,20,17,1146,TD Place,-1,NA,1,2023,13,13,Outside Centre,0,,0,,1000761,Hollie Davidson,1001076,Kat Roche,1001022,Luke Rogan,-1,,3,International,N,L
1641,941540,25195,Ben LeSage,953,Canada,4562.64,4562.64,5238,2,51,7,0,0,8,Turnover,258,Lost in Ruck or Maul,677,Error on Attack,0,,0,,0,,0,,0,,0,,0,,0,,0,0,0,0,,1,55,59,0,3,953,Canada,951,Romania,12/07/2024,19:00,13,10,35,22,20,17,1146,TD Place,-1,NA,1,2023,13,13,Outside Centre,0,,0,,1000761,Hollie Davidson,1001076,Kat Roche,1001022,Luke Rogan,-1,,3,International,Y,W
1642,941540,25195,Ben LeSage,953,Canada,4562.64,4567.36,5238,2,51,7,0,0,23,Ruck,0,,402,Lost Outright,548,Over Previous Gainline,559,N/A Ruck Speed,676,N/A Movement Ruck,0,,0,,0,,0,,0,,0,0,0,0,,1,55,59,0,3,953,Canada,951,Romania,12/07/2024,19:00,13,10,35,22,20,17,1146,TD Place,-1,NA,1,2023,13,13,Outside Centre,0,,0,,1000761,Hollie Davidson,1001076,Kat Roche,1001022,Luke Rogan,-1,,3,International,Y,W
1643,941540,20983,Tevita Manumua,951,Romania,4563.20,4563.20,5238,2,49,61,0,0,18,Collection,276,Jackal,277,Success,0,,0,,0,,0,,0,,0,,0,,0,,0,0,0,0,,1,55,59,0,3,953,Canada,951,Romania,12/07/2024,19:00,13,10,35,22,20,17,1146,TD Place,-1,NA,1,2023,11,11,Left Wing,0,,0,,1000761,Hollie Davidson,1001076,Kat Roche,1001022,Luke Rogan,-1,,3,International,N,L
1644,941540,20983,Tevita Manumua,951,Romania,4563.20,4563.20,5238,2,49,61,0,0,43,Ruck OOA,579,Turnover Won,583,Own Team 1st Entry,603,OOA Entry 1st Entry- Def,633,Defensive OOA,0,1,0,,0,,0,,0,,0,,0,0,0,0,,1,55,59,0,3,953,Canada,951,Romania,12/07/2024,19:00,13,10,35,22,20,17,1146,TD Place,-1,NA,1,2023,11,11,Left Wing,0,,0,,1000761,Hollie Davidson,1001076,Kat Roche,1001022,Luke Rogan,-1,,3,International,N,L
1645,941540,40389,Jason Tomane,951,Romania,4563.36,4563.36,5239,2,49,61,0,0,43,Ruck OOA,576,Nuisance,584,Own Team 2nd Entry,604,OOA Entry 2nd Entry- Def,633,Defensive OOA,0,2,0,,0,,0,,0,,0,,0,0,0,0,,1,55,59,0,3,953,Canada,951,Romania,12/07/2024,19:00,13,10,35,22,20,17,1146,TD Place,-1,NA,1,2023,12,12,Inside Centre,0,,0,,1000761,Hollie Davidson,1001076,Kat Roche,1001022,Luke Rogan,-1,,3,International,N,L
1646,941540,33642,Cooper Coats,953,Canada,4563.52,4563.52,5239,2,51,7,0,0,43,Ruck OOA,573,Failed Clearout,583,Own Team 1st Entry,588,OOA Entry 1st Entry- Att,632,Attacking OOA,0,1,0,,0,,0,,0,,0,,0,0,0,0,,1,55,59,0,3,953,Canada,951,Romania,12/07/2024,19:00,13,10,35,22,20,17,1146,TD Place,-1,NA,1,2023,15,15,Full Back,0,,0,,1000761,Hollie Davidson,1001076,Kat Roche,1001022,Luke Rogan,-1,,3,International,Y,W
1647,941540,38501,Nic Benn,953,Canada,4564.28,4564.28,5240,2,51,7,0,0,43,Ruck OOA,573,Failed Clearout,584,Own Team 2nd Entry,589,OOA Entry 2nd Entry- Att,632,Attacking OOA,0,2,0,,0,,0,,0,,0,,0,0,0,0,,1,55,59,0,3,953,Canada,951,Romania,12/07/2024,19:00,13,10,35,22,20,17,1146,TD Place,-1,NA,1,2023,11,11,Left Wing,0,,0,,1000761,Hollie Davidson,1001076,Kat Roche,1001022,Luke Rogan,-1,,3,International,Y,W
1648,941540,27747,Hinckley Vaovasa,951,Romania,4565.20,4565.20,5240,2,49,61,0,0,43,Ruck OOA,576,Nuisance,585,Own Team 3rd Entry,605,OOA Entry 3rd Entry- Def,633,Defensive OOA,0,3,0,,0,,0,,0,,0,,0,0,0,0,,1,55,59,0,3,953,Canada,951,Romania,12/07/2024,19:00,13,10,35,22,20,17,1146,TD Place,-1,NA,1,2023,10,10,Fly Half,0,,0,,1000761,Hollie Davidson,1001076,Kat Roche,1001022,Luke Rogan,-1,,3,International,N,L
1649,941540,0,,953,Canada,4552.96,4567.36,5243,2,49,68,51,7,15,Possession,306,Lineout,318,Turnover,0,,684,Fails to enter into Opposition 22,0,,0,,0,,0,,0,,0,,3,0,0,0,,1,55,59,0,3,953,Canada,951,Romania,12/07/2024,19:00,13,10,35,22,20,17,1146,TD Place,-1,NA,1,2023,,,,0,,0,,1000761,Hollie Davidson,1001076,Kat Roche,1001022,Luke Rogan,-1,,3,International,Y,W
1650,941540,20983,Tevita Manumua,951,Romania,4567.36,4567.36,5243,2,49,61,0,0,18,Collection,274,Defensive Loose Ball,277,Success,0,,0,,0,,0,,0,,0,,0,,0,,0,0,0,0,,1,56,59,0,3,953,Canada,951,Romania,12/07/2024,19:00,13,10,35,22,20,17,1146,TD Place,-1,NA,1,2023,11,11,Left Wing,0,,0,,1000761,Hollie Davidson,1001076,Kat Roche,1001022,Luke Rogan,-1,,3,International,N,L
1651,941540,20983,Tevita Manumua,951,Romania,4567.36,4569.92,5243,2,49,61,47,62,1,Carry,103,Other Carry,409,Tackled Ineffective,111,Failed Gain line,462,Ineffective Contact,501,1 Tacklers Committed,700,0th Receiver,0,,0,,0,,0,,0,0,0,0,,1,56,59,0,3,953,Canada,951,Romania,12/07/2024,19:00,13,10,35,22,20,17,1146,TD Place,-1,NA,1,2023,11,11,Left Wing,0,,0,,1000761,Hollie Davidson,1001076,Kat Roche,1001022,Luke Rogan,-1,,3,International,N,L
1652,941540,58656,Calixto Martinez,953,Canada,4569.56,4569.56,5245,2,53,7,0,0,2,Tackle,147,Other,159,Sack,0,,473,Dominant Tackle,708,1st Tackler,0,,0,,0,,0,,0,,0,0,0,0,,1,56,59,0,3,953,Canada,951,Romania,12/07/2024,19:00,13,10,35,22,20,17,1146,TD Place,-1,NA,1,2023,17,1,Loosehead Prop,0,,0,,1000761,Hollie Davidson,1001076,Kat Roche,1001022,Luke Rogan,-1,,3,International,Y,W
1653,941540,20983,Tevita Manumua,951,Romania,4569.92,4572.72,5245,2,47,62,0,0,23,Ruck,0,,401,Won Outright,551,N/A Gainline,554,2-3 Seconds,661,Mid Left Open Movement Ruck,0,,0,,0,,0,,0,,0,0,-1,11,,1,56,59,0,3,953,Canada,951,Romania,12/07/2024,19:00,13,10,35,22,20,17,1146,TD Place,-1,NA,1,2023,11,11,Left Wing,0,,0,,1000761,Hollie Davidson,1001076,Kat Roche,1001022,Luke Rogan,-1,,3,International,N,L
1654,941540,27747,Hinckley Vaovasa,951,Romania,4570.28,4570.28,5246,2,47,62,0,0,43,Ruck OOA,575,Attended,583,Own Team 1st Entry,588,OOA Entry 1st Entry- Att,632,Attacking OOA,0,1,0,,0,,0,,0,,0,,0,0,0,0,,1,56,59,0,3,953,Canada,951,Romania,12/07/2024,19:00,13,10,35,22,20,17,1146,TD Place,-1,NA,1,2023,10,10,Fly Half,0,,0,,1000761,Hollie Davidson,1001076,Kat Roche,1001022,Luke Rogan,-1,,3,International,N,L
1655,941540,58656,Calixto Martinez,953,Canada,4570.44,4570.44,5246,2,53,6,0,0,43,Ruck OOA,578,Got Cleaned Out,583,Own Team 1st Entry,603,OOA Entry 1st Entry- Def,633,Defensive OOA,0,1,0,,0,,0,,0,,0,,0,0,0,0,,1,56,59,0,3,953,Canada,951,Romania,12/07/2024,19:00,13,10,35,22,20,17,1146,TD Place,-1,NA,1,2023,17,1,Loosehead Prop,0,,0,,1000761,Hollie Davidson,1001076,Kat Roche,1001022,Luke Rogan,-1,,3,International,Y,W
1656,941540,36759,Dragos Ser,951,Romania,4570.72,4570.72,5246,2,47,62,0,0,43,Ruck OOA,572,Cleaned Out,584,Own Team 2nd Entry,589,OOA Entry 2nd Entry- Att,632,Attacking OOA,0,2,0,,0,,0,,0,,0,,0,0,0,0,,1,56,59,0,3,953,Canada,951,Romania,12/07/2024,19:00,13,10,35,22,20,17,1146,TD Place,-1,NA,1,2023,07,7,Openside Flanker,0,,0,,1000761,Hollie Davidson,1001076,Kat Roche,1001022,Luke Rogan,-1,,3,International,N,L
1657,941540,40389,Jason Tomane,951,Romania,4571.48,4571.48,5247,2,47,62,0,0,43,Ruck OOA,574,Secured,585,Own Team 3rd Entry,590,OOA Entry 3rd Entry- Att,632,Attacking OOA,0,3,0,,0,,0,,0,,0,,0,0,0,0,,1,56,59,0,3,953,Canada,951,Romania,12/07/2024,19:00,13,10,35,22,20,17,1146,TD Place,-1,NA,1,2023,12,12,Inside Centre,0,,0,,1000761,Hollie Davidson,1001076,Kat Roche,1001022,Luke Rogan,-1,,3,International,N,L
1658,941540,60960,Mihai Graure,951,Romania,4572.72,4572.72,5248,2,47,62,0,0,18,Collection,631,General Catch,0,,0,,0,,0,,0,,0,,0,,0,,0,,0,0,0,0,,2,56,59,0,3,953,Canada,951,Romania,12/07/2024,19:00,13,10,35,22,20,17,1146,TD Place,-1,NA,1,2023,13,13,Outside Centre,0,,0,,1000761,Hollie Davidson,1001076,Kat Roche,1001022,Luke Rogan,-1,,3,International,N,L
1659,941540,60960,Mihai Graure,951,Romania,4572.72,4572.72,5248,2,47,62,0,0,47,Playmaker Options,672,Acting Halfback at Breakdown,675,Playmaker Option - Pass,0,,0,,0,,0,,0,,0,,0,,0,,0,0,0,0,,2,56,59,0,3,953,Canada,951,Romania,12/07/2024,19:00,13,10,35,22,20,17,1146,TD Place,-1,NA,1,2023,13,13,Outside Centre,0,,0,,1000761,Hollie Davidson,1001076,Kat Roche,1001022,Luke Rogan,-1,,3,International,N,L
1660,941540,60960,Mihai Graure,951,Romania,4573.24,4575.08,5248,2,47,62,39,52,3,Pass,169,Complete,0,,686,Medium Pass,681,Left Pass,700,0th Receiver,0,,0,,0,,0,,0,,11,13,8,0,,2,56,59,0,3,953,Canada,951,Romania,12/07/2024,19:00,13,10,35,22,20,17,1146,TD Place,-1,NA,1,2023,13,13,Outside Centre,0,,0,,1000761,Hollie Davidson,1001076,Kat Roche,1001022,Luke Rogan,-1,,3,International,N,L
1661,941540,27028,Marius Iftimiciuc,951,Romania,4575.08,4575.08,5250,2,39,52,0,0,18,Collection,631,General Catch,0,,0,,0,,0,,0,,0,,0,,0,,0,,0,0,0,0,,2,56,59,0,3,953,Canada,951,Romania,12/07/2024,19:00,13,10,35,22,20,17,1146,TD Place,-1,NA,1,2023,19,5,Lock (5),0,,0,,1000761,Hollie Davidson,1001076,Kat Roche,1001022,Luke Rogan,-1,,3,International,N,L
1662,941540,27028,Marius Iftimiciuc,951,Romania,4575.08,4575.08,5250,2,39,52,0,0,47,Playmaker Options,656,First Receiver,673,Playmaker Option - Carry,0,,0,,0,,0,,0,,0,,0,,0,,0,0,0,0,,2,56,59,0,3,953,Canada,951,Romania,12/07/2024,19:00,13,10,35,22,20,17,1146,TD Place,-1,NA,1,2023,19,5,Lock (5),0,,0,,1000761,Hollie Davidson,1001076,Kat Roche,1001022,Luke Rogan,-1,,3,International,N,L
1663,941540,27028,Marius Iftimiciuc,951,Romania,4575.08,4577.48,5250,2,39,52,46,51,1,Carry,101,One Out Drive,107,Tackled Dominant,111,Failed Gain line,460,Dominant Contact,501,1 Tacklers Committed,701,1st Receiver,0,,0,,0,,0,,0,7,3,3,,2,56,59,0,3,953,Canada,951,Romania,12/07/2024,19:00,13,10,35,22,20,17,1146,TD Place,-1,NA,1,2023,19,5,Lock (5),0,,0,,1000761,Hollie Davidson,1001076,Kat Roche,1001022,Luke Rogan,-1,,3,International,N,L
1664,941540,25181,Kyle Baillie,953,Canada,4575.72,4575.72,5251,2,57,16,0,0,2,Tackle,144,Line,160,Passive,0,,475,Ineffective Tackle,708,1st Tackler,0,,0,,0,,0,,0,,0,0,0,0,,2,56,59,0,3,953,Canada,951,Romania,12/07/2024,19:00,13,10,35,22,20,17,1146,TD Place,-1,NA,1,2023,05,5,Lock (5),0,,0,,1000761,Hollie Davidson,1001076,Kat Roche,1001022,Luke Rogan,-1,,3,International,Y,W
1665,941540,25189,Andrew Quattrin,953,Canada,4575.76,4575.76,5251,2,57,16,0,0,40,Defensive Action,560,Tackle Arrival,0,,0,,0,,0,,0,,0,,0,,0,,0,,0,0,0,0,,2,56,59,0,3,953,Canada,951,Romania,12/07/2024,19:00,13,10,35,22,20,17,1146,TD Place,-1,NA,1,2023,02,2,Hooker,0,,0,,1000761,Hollie Davidson,1001076,Kat Roche,1001022,Luke Rogan,-1,,3,International,Y,W
1666,941540,27028,Marius Iftimiciuc,951,Romania,4577.48,4579.40,5253,2,46,51,0,0,23,Ruck,0,,401,Won Outright,549,Behind Previous Gainline,553,1-2 Seconds,661,Mid Left Open Movement Ruck,0,,0,,0,,0,,0,,0,0,-10,25,,2,56,59,0,3,953,Canada,951,Romania,12/07/2024,19:00,13,10,35,22,20,17,1146,TD Place,-1,NA,1,2023,19,5,Lock (5),0,,0,,1000761,Hollie Davidson,1001076,Kat Roche,1001022,Luke Rogan,-1,,3,International,N,L
1667,941540,33151,Vlad Neculau,951,Romania,4578.76,4578.76,5254,2,46,51,0,0,43,Ruck OOA,574,Secured,583,Own Team 1st Entry,588,OOA Entry 1st Entry- Att,632,Attacking OOA,0,1,0,,0,,0,,0,,0,,0,0,0,0,,2,56,59,0,3,953,Canada,951,Romania,12/07/2024,19:00,13,10,35,22,20,17,1146,TD Place,-1,NA,1,2023,06,6,Blindside Flanker,0,,0,,1000761,Hollie Davidson,1001076,Kat Roche,1001022,Luke Rogan,-1,,3,International,N,L
1668,941540,57666,Alin Conache,951,Romania,4579.40,4579.40,5255,2,46,51,0,0,18,Collection,631,General Catch,0,,0,,0,,0,,0,,0,,0,,0,,0,,0,0,0,0,,3,56,59,0,3,953,Canada,951,Romania,12/07/2024,19:00,13,10,35,22,20,17,1146,TD Place,-1,NA,1,2023,09,9,Scrum Half,0,,0,,1000761,Hollie Davidson,1001076,Kat Roche,1001022,Luke Rogan,-1,,3,International,N,L
1669,941540,57666,Alin Conache,951,Romania,4579.40,4579.40,5255,2,46,51,0,0,47,Playmaker Options,671,Halfback at Breakdown,675,Playmaker Option - Pass,0,,0,,0,,0,,0,,0,,0,,0,,0,0,0,0,,3,56,59,0,3,953,Canada,951,Romania,12/07/2024,19:00,13,10,35,22,20,17,1146,TD Place,-1,NA,1,2023,09,9,Scrum Half,0,,0,,1000761,Hollie Davidson,1001076,Kat Roche,1001022,Luke Rogan,-1,,3,International,N,L
1670,941540,57666,Alin Conache,951,Romania,4579.92,4581.08,5255,2,46,51,38,40,3,Pass,174,Incomplete,0,,686,Medium Pass,681,Left Pass,700,0th Receiver,0,,0,,0,,0,,0,,12,14,8,0,,3,56,59,0,3,953,Canada,951,Romania,12/07/2024,19:00,13,10,35,22,20,17,1146,TD Place,-1,NA,1,2023,09,9,Scrum Half,0,,0,,1000761,Hollie Davidson,1001076,Kat Roche,1001022,Luke Rogan,-1,,3,International,N,L
1671,941540,33463,Paul Popoaia,951,Romania,4581.08,4581.08,5256,2,38,40,0,0,18,Collection,272,Attacking Loose Ball,277,Success,0,,0,,0,,0,,0,,0,,0,,0,,0,0,0,0,,3,56,59,0,3,953,Canada,951,Romania,12/07/2024,19:00,13,10,35,22,20,17,1146,TD Place,-1,NA,1,2023,15,15,Full Back,0,,0,,1000761,Hollie Davidson,1001076,Kat Roche,1001022,Luke Rogan,-1,,3,International,N,L
1672,941540,33463,Paul Popoaia,951,Romania,4581.08,4581.08,5256,2,38,40,0,0,47,Playmaker Options,656,First Receiver,675,Playmaker Option - Pass,0,,0,,0,,0,,0,,0,,0,,0,,0,0,0,0,,3,56,59,0,3,953,Canada,951,Romania,12/07/2024,19:00,13,10,35,22,20,17,1146,TD Place,-1,NA,1,2023,15,15,Full Back,0,,0,,1000761,Hollie Davidson,1001076,Kat Roche,1001022,Luke Rogan,-1,,3,International,N,L
1673,941540,33463,Paul Popoaia,951,Romania,4581.44,4583.04,5257,2,39,39,35,28,3,Pass,169,Complete,0,,686,Medium Pass,681,Left Pass,701,1st Receiver,0,,0,,0,,0,,0,,12,13,4,0,,3,56,59,0,3,953,Canada,951,Romania,12/07/2024,19:00,13,10,35,22,20,17,1146,TD Place,-1,NA,1,2023,15,15,Full Back,0,,0,,1000761,Hollie Davidson,1001076,Kat Roche,1001022,Luke Rogan,-1,,3,International,N,L
1674,941540,60960,Mihai Graure,951,Romania,4583.04,4583.04,5258,2,35,28,0,0,18,Collection,631,General Catch,0,,0,,0,,0,,0,,0,,0,,0,,0,,0,0,0,0,,3,56,59,0,3,953,Canada,951,Romania,12/07/2024,19:00,13,10,35,22,20,17,1146,TD Place,-1,NA,1,2023,13,13,Outside Centre,0,,0,,1000761,Hollie Davidson,1001076,Kat Roche,1001022,Luke Rogan,-1,,3,International,N,L
1675,941540,60960,Mihai Graure,951,Romania,4583.04,4583.04,5258,2,35,28,0,0,47,Playmaker Options,657,Second Receiver,674,Playmaker Option - Kick,0,,0,,0,,0,,0,,0,,0,,0,,0,0,0,0,,3,56,59,0,3,953,Canada,951,Romania,12/07/2024,19:00,13,10,35,22,20,17,1146,TD Place,-1,NA,1,2023,13,13,Outside Centre,0,,0,,1000761,Hollie Davidson,1001076,Kat Roche,1001022,Luke Rogan,-1,,3,International,N,L
1676,941540,60960,Mihai Graure,951,Romania,4583.08,4587.16,5258,2,36,28,69,15,4,Kick,190,Territorial,198,Caught Full,185,Kick in Play,0,,0,,0,,0,,0,,0,,0,,33,36,0,0,,3,56,59,0,3,953,Canada,951,Romania,12/07/2024,19:00,13,10,35,22,20,17,1146,TD Place,-1,NA,1,2023,13,13,Outside Centre,0,,0,,1000761,Hollie Davidson,1001076,Kat Roche,1001022,Luke Rogan,-1,,3,International,N,L
1677,941540,0,,951,Romania,4567.36,4587.16,5302,2,49,61,69,15,15,Possession,308,Turnover Won,351,Kick in Play,0,,684,Fails to enter into Opposition 22,0,,0,,0,,0,,0,,0,,21,0,0,0,,3,56,59,0,3,953,Canada,951,Romania,12/07/2024,19:00,13,10,35,22,20,17,1146,TD Place,-1,NA,1,2023,,,,0,,0,,1000761,Hollie Davidson,1001076,Kat Roche,1001022,Luke Rogan,-1,,3,International,N,L
1678,941540,28377,Andrew Coe,953,Canada,4587.16,4587.16,5302,2,31,53,0,0,18,Collection,273,Defensive Catch,277,Success,0,,0,,0,,0,,0,,0,,0,,0,,0,0,0,0,,1,57,59,0,3,953,Canada,951,Romania,12/07/2024,19:00,13,10,35,22,20,17,1146,TD Place,-1,NA,1,2023,14,14,Right Wing,0,,0,,1000761,Hollie Davidson,1001076,Kat Roche,1001022,Luke Rogan,-1,,3,International,Y,W
1679,941540,28377,Andrew Coe,953,Canada,4587.92,4590.48,5303,2,35,55,35,68,4,Kick,347,Touch Kick,193,Kick in Touch (Full),185,Kick in Play,0,,0,,0,,0,,0,,0,,0,,1,12,0,0,,1,57,59,0,3,953,Canada,951,Romania,12/07/2024,19:00,13,10,35,22,20,17,1146,TD Place,-1,NA,1,2023,14,14,Right Wing,0,,0,,1000761,Hollie Davidson,1001076,Kat Roche,1001022,Luke Rogan,-1,,3,International,Y,W
1680,941540,0,,953,Canada,4552.96,4590.48,5306,2,49,68,35,68,26,Sequences,306,Lineout,315,Kick Out of Play,0,,0,,0,,0,,0,,0,,0,,0,,-14,0,0,0,,1,57,59,0,3,953,Canada,951,Romania,12/07/2024,19:00,13,10,35,22,20,17,1146,TD Place,-1,NA,1,2023,,,,0,,0,,1000761,Hollie Davidson,1001076,Kat Roche,1001022,Luke Rogan,-1,,3,International,Y,W
1681,941540,0,,953,Canada,4587.16,4590.48,5306,2,31,53,35,68,15,Possession,311,Kick Return,315,Kick Out of Play,0,,684,Fails to enter into Opposition 22,0,,0,,0,,0,,0,,0,,4,0,0,0,,1,57,59,0,3,953,Canada,951,Romania,12/07/2024,19:00,13,10,35,22,20,17,1146,TD Place,-1,NA,1,2023,,,,0,,0,,1000761,Hollie Davidson,1001076,Kat Roche,1001022,Luke Rogan,-1,,3,International,Y,W
1682,941540,39780,Stefan Buruiana,951,Romania,4614.12,4614.12,5329,2,65,0,0,0,41,Sub Out,562,Tactical,0,,0,,0,,0,,0,,0,,0,,0,,0,,0,0,0,0,,1,57,59,1,3,953,Canada,951,Romania,12/07/2024,19:00,13,10,35,22,20,17,1146,TD Place,-1,NA,1,2023,02,2,Hooker,0,,0,,1000761,Hollie Davidson,1001076,Kat Roche,1001022,Luke Rogan,-1,,3,International,N,L
1683,941540,38195,Rob Irimescu,951,Romania,4614.16,4614.16,5329,2,65,0,0,0,42,Sub In,562,Tactical,0,,0,,0,,0,,0,,0,,0,,0,,0,,0,0,0,0,,1,57,59,0,3,953,Canada,951,Romania,12/07/2024,19:00,13,10,35,22,20,17,1146,TD Place,-1,NA,1,2023,16,2,Hooker,0,,0,,1000761,Hollie Davidson,1001076,Kat Roche,1001022,Luke Rogan,-1,,3,International,N,L
1684,941540,38195,Rob Irimescu,951,Romania,4625.52,4626.88,5341,2,64,0,64,10,6,Lineout Throw,372,Throw Middle,376,Won Clean Catch,207,Catch and Drive,0,6+1,676,N/A Movement Lineout,731,6 Players,725,Forward at Halfback (+1),0,,0,,0,,10,0,0,0,,1,58,60,0,3,953,Canada,951,Romania,12/07/2024,19:00,13,10,35,22,20,17,1146,TD Place,-1,NA,1,2023,16,2,Hooker,0,,0,,1000761,Hollie Davidson,1001076,Kat Roche,1001022,Luke Rogan,-1,,3,International,N,L
1685,941540,29316,Nicolaas Immelman,951,Romania,4626.88,4626.88,5342,2,64,10,0,0,27,Lineout Take,387,Lineout Win Middle,376,Won Clean,207,Catch and Drive,396,Clean Catch,0,,0,,0,,0,,0,,0,,0,0,0,0,,1,58,60,0,3,953,Canada,951,Romania,12/07/2024,19:00,13,10,35,22,20,17,1146,TD Place,-1,NA,1,2023,08,8,Number 8,0,,0,,1000761,Hollie Davidson,1001076,Kat Roche,1001022,Luke Rogan,-1,,3,International,N,L
1686,941540,29316,Nicolaas Immelman,951,Romania,4627.92,4633.84,5343,2,64,10,0,0,24,Maul,0,,401,Won Outright,0,,0,,669,Tight Left Blindside Movement Maul,0,,0,,0,,0,,0,,2,2,1,0,,1,58,60,0,3,953,Canada,951,Romania,12/07/2024,19:00,13,10,35,22,20,17,1146,TD Place,-1,NA,1,2023,08,8,Number 8,0,,0,,1000761,Hollie Davidson,1001076,Kat Roche,1001022,Luke Rogan,-1,,3,International,N,L
1687,941540,38195,Rob Irimescu,951,Romania,4633.84,4633.84,5349,2,66,4,0,0,18,Collection,631,General Catch,0,,0,,0,,0,,0,,0,,0,,0,,0,,0,0,0,0,,1,58,60,0,3,953,Canada,951,Romania,12/07/2024,19:00,13,10,35,22,20,17,1146,TD Place,-1,NA,1,2023,16,2,Hooker,0,,0,,1000761,Hollie Davidson,1001076,Kat Roche,1001022,Luke Rogan,-1,,3,International,N,L
1688,941540,38195,Rob Irimescu,951,Romania,4633.84,4633.84,5349,2,66,4,0,0,47,Playmaker Options,672,Acting Halfback at Breakdown,673,Playmaker Option - Carry,0,,0,,0,,0,,0,,0,,0,,0,,0,0,0,0,,1,58,60,0,3,953,Canada,951,Romania,12/07/2024,19:00,13,10,35,22,20,17,1146,TD Place,-1,NA,1,2023,16,2,Hooker,0,,0,,1000761,Hollie Davidson,1001076,Kat Roche,1001022,Luke Rogan,-1,,3,International,N,L
1689,941540,38195,Rob Irimescu,951,Romania,4633.84,4635.36,5349,2,66,4,67,4,1,Carry,103,Other Carry,108,Tackled Neutral,109,Crossed Gain line,461,Neutral Contact,501,1 Tacklers Committed,700,0th Receiver,0,,0,,0,,0,,1,1,0,0,,1,58,60,0,3,953,Canada,951,Romania,12/07/2024,19:00,13,10,35,22,20,17,1146,TD Place,-1,NA,1,2023,16,2,Hooker,0,,0,,1000761,Hollie Davidson,1001076,Kat Roche,1001022,Luke Rogan,-1,,3,International,N,L
1690,941540,27090,Conor Keys,953,Canada,4633.92,4633.92,5349,2,33,64,0,0,2,Tackle,147,Other,153,Complete,0,,474,Neutral Tackle,708,1st Tackler,0,,0,,0,,0,,0,,0,0,0,0,,1,58,60,0,3,953,Canada,951,Romania,12/07/2024,19:00,13,10,35,22,20,17,1146,TD Place,-1,NA,1,2023,04,4,Lock (4),0,,0,,1000761,Hollie Davidson,1001076,Kat Roche,1001022,Luke Rogan,-1,,3,International,Y,W
1691,941540,38195,Rob Irimescu,951,Romania,4635.36,4637.56,5351,2,67,4,0,0,23,Ruck,0,,401,Won Outright,548,Over Previous Gainline,554,2-3 Seconds,662,Mid Right Open Movement Ruck,0,,0,,0,,0,,0,,0,0,-4,11,,1,58,60,0,3,953,Canada,951,Romania,12/07/2024,19:00,13,10,35,22,20,17,1146,TD Place,-1,NA,1,2023,16,2,Hooker,0,,0,,1000761,Hollie Davidson,1001076,Kat Roche,1001022,Luke Rogan,-1,,3,International,N,L
1692,941540,56146,Ethan Fryer,953,Canada,4636.28,4636.28,5352,2,33,64,0,0,43,Ruck OOA,577,Not Clearing,583,Own Team 1st Entry,603,OOA Entry 1st Entry- Def,633,Defensive OOA,0,1,0,,0,,0,,0,,0,,0,0,0,0,,1,58,60,0,3,953,Canada,951,Romania,12/07/2024,19:00,13,10,35,22,20,17,1146,TD Place,-1,NA,1,2023,07,7,Openside Flanker,0,,0,,1000761,Hollie Davidson,1001076,Kat Roche,1001022,Luke Rogan,-1,,3,International,Y,W
1693,941540,34102,Vasile Balan,951,Romania,4637.08,4637.08,5352,2,67,4,0,0,43,Ruck OOA,574,Secured,583,Own Team 1st Entry,588,OOA Entry 1st Entry- Att,632,Attacking OOA,0,1,0,,0,,0,,0,,0,,0,0,0,0,,1,58,60,0,3,953,Canada,951,Romania,12/07/2024,19:00,13,10,35,22,20,17,1146,TD Place,-1,NA,1,2023,03,3,Tighthead Prop,0,,0,,1000761,Hollie Davidson,1001076,Kat Roche,1001022,Luke Rogan,-1,,3,International,N,L
1694,941540,27028,Marius Iftimiciuc,951,Romania,4637.24,4637.24,5352,2,67,4,0,0,43,Ruck OOA,574,Secured,584,Own Team 2nd Entry,589,OOA Entry 2nd Entry- Att,632,Attacking OOA,0,2,0,,0,,0,,0,,0,,0,0,0,0,,1,58,60,0,3,953,Canada,951,Romania,12/07/2024,19:00,13,10,35,22,20,17,1146,TD Place,-1,NA,1,2023,19,5,Lock (5),0,,0,,1000761,Hollie Davidson,1001076,Kat Roche,1001022,Luke Rogan,-1,,3,International,N,L
1695,941540,57666,Alin Conache,951,Romania,4637.56,4637.56,5353,2,67,4,0,0,18,Collection,631,General Catch,0,,0,,0,,0,,0,,0,,0,,0,,0,,0,0,0,0,,2,58,60,0,3,953,Canada,951,Romania,12/07/2024,19:00,13,10,35,22,20,17,1146,TD Place,-1,NA,1,2023,09,9,Scrum Half,0,,0,,1000761,Hollie Davidson,1001076,Kat Roche,1001022,Luke Rogan,-1,,3,International,N,L
1696,941540,57666,Alin Conache,951,Romania,4637.56,4637.56,5353,2,67,4,0,0,47,Playmaker Options,671,Halfback at Breakdown,675,Playmaker Option - Pass,0,,0,,0,,0,,0,,0,,0,,0,,0,0,0,0,,2,58,60,0,3,953,Canada,951,Romania,12/07/2024,19:00,13,10,35,22,20,17,1146,TD Place,-1,NA,1,2023,09,9,Scrum Half,0,,0,,1000761,Hollie Davidson,1001076,Kat Roche,1001022,Luke Rogan,-1,,3,International,N,L
1697,941540,57666,Alin Conache,951,Romania,4638.36,4639.64,5354,2,67,4,63,12,3,Pass,169,Complete,0,,686,Medium Pass,682,Right Pass,700,0th Receiver,0,,0,,0,,0,,0,,9,10,5,0,,2,58,60,0,3,953,Canada,951,Romania,12/07/2024,19:00,13,10,35,22,20,17,1146,TD Place,-1,NA,1,2023,09,9,Scrum Half,0,,0,,1000761,Hollie Davidson,1001076,Kat Roche,1001022,Luke Rogan,-1,,3,International,N,L
1698,941540,29316,Nicolaas Immelman,951,Romania,4639.64,4639.64,5355,2,63,12,0,0,18,Collection,631,General Catch,0,,0,,0,,0,,0,,0,,0,,0,,0,,0,0,0,0,,2,58,60,0,3,953,Canada,951,Romania,12/07/2024,19:00,13,10,35,22,20,17,1146,TD Place,-1,NA,1,2023,08,8,Number 8,0,,0,,1000761,Hollie Davidson,1001076,Kat Roche,1001022,Luke Rogan,-1,,3,International,N,L
1699,941540,29316,Nicolaas Immelman,951,Romania,4639.64,4639.64,5355,2,63,12,0,0,47,Playmaker Options,656,First Receiver,673,Playmaker Option - Carry,0,,0,,0,,0,,0,,0,,0,,0,,0,0,0,0,,2,58,60,0,3,953,Canada,951,Romania,12/07/2024,19:00,13,10,35,22,20,17,1146,TD Place,-1,NA,1,2023,08,8,Number 8,0,,0,,1000761,Hollie Davidson,1001076,Kat Roche,1001022,Luke Rogan,-1,,3,International,N,L
1700,941540,29316,Nicolaas Immelman,951,Romania,4639.64,4640.68,5355,2,63,12,64,15,1,Carry,101,One Out Drive,108,Tackled Neutral,111,Failed Gain line,461,Neutral Contact,502,2 Tacklers Committed,701,1st Receiver,0,,0,,0,,0,,0,1,1,1,,2,58,60,0,3,953,Canada,951,Romania,12/07/2024,19:00,13,10,35,22,20,17,1146,TD Place,-1,NA,1,2023,08,8,Number 8,0,,0,,1000761,Hollie Davidson,1001076,Kat Roche,1001022,Luke Rogan,-1,,3,International,N,L
1701,941540,25189,Andrew Quattrin,953,Canada,4640.20,4640.20,5355,2,37,54,0,0,2,Tackle,144,Line,153,Complete,0,,474,Neutral Tackle,708,1st Tackler,0,,0,,0,,0,,0,,0,0,0,0,,2,58,60,0,3,953,Canada,951,Romania,12/07/2024,19:00,13,10,35,22,20,17,1146,TD Place,-1,NA,1,2023,02,2,Hooker,0,,0,,1000761,Hollie Davidson,1001076,Kat Roche,1001022,Luke Rogan,-1,,3,International,Y,W
1702,941540,25183,Lucas Rumball,953,Canada,4640.56,4640.56,5356,2,37,54,0,0,2,Tackle,144,Line,153,Complete,441,Assist,474,Neutral Tackle,709,2nd Tackler,0,,0,,0,,0,,0,,0,0,0,0,,2,58,60,0,3,953,Canada,951,Romania,12/07/2024,19:00,13,10,35,22,20,17,1146,TD Place,-1,NA,1,2023,08,8,Number 8,0,,0,,1000761,Hollie Davidson,1001076,Kat Roche,1001022,Luke Rogan,-1,,3,International,Y,W
1703,941540,29316,Nicolaas Immelman,951,Romania,4640.68,4642.84,5356,2,64,15,0,0,23,Ruck,0,,401,Won Outright,549,Behind Previous Gainline,554,2-3 Seconds,664,Close Right Open Movement Ruck,0,,0,,0,,0,,0,,0,0,0,9,,2,58,60,0,3,953,Canada,951,Romania,12/07/2024,19:00,13,10,35,22,20,17,1146,TD Place,-1,NA,1,2023,08,8,Number 8,0,,0,,1000761,Hollie Davidson,1001076,Kat Roche,1001022,Luke Rogan,-1,,3,International,N,L
1704,941540,63895,Yanis Horvat,951,Romania,4641.60,4641.60,5357,2,64,15,0,0,43,Ruck OOA,574,Secured,583,Own Team 1st Entry,588,OOA Entry 1st Entry- Att,632,Attacking OOA,0,1,0,,0,,0,,0,,0,,0,0,0,0,,2,58,60,0,3,953,Canada,951,Romania,12/07/2024,19:00,13,10,35,22,20,17,1146,TD Place,-1,NA,1,2023,04,4,Lock (4),0,,0,,1000761,Hollie Davidson,1001076,Kat Roche,1001022,Luke Rogan,-1,,3,International,N,L
1705,941540,27028,Marius Iftimiciuc,951,Romania,4641.72,4641.72,5357,2,64,15,0,0,43,Ruck OOA,574,Secured,584,Own Team 2nd Entry,589,OOA Entry 2nd Entry- Att,632,Attacking OOA,0,2,0,,0,,0,,0,,0,,0,0,0,0,,2,58,60,0,3,953,Canada,951,Romania,12/07/2024,19:00,13,10,35,22,20,17,1146,TD Place,-1,NA,1,2023,19,5,Lock (5),0,,0,,1000761,Hollie Davidson,1001076,Kat Roche,1001022,Luke Rogan,-1,,3,International,N,L
1706,941540,57666,Alin Conache,951,Romania,4642.84,4642.84,5358,2,64,15,0,0,18,Collection,631,General Catch,0,,0,,0,,0,,0,,0,,0,,0,,0,,0,0,0,0,,3,58,60,0,3,953,Canada,951,Romania,12/07/2024,19:00,13,10,35,22,20,17,1146,TD Place,-1,NA,1,2023,09,9,Scrum Half,0,,0,,1000761,Hollie Davidson,1001076,Kat Roche,1001022,Luke Rogan,-1,,3,International,N,L
1707,941540,57666,Alin Conache,951,Romania,4642.84,4642.84,5358,2,64,15,0,0,47,Playmaker Options,671,Halfback at Breakdown,675,Playmaker Option - Pass,0,,0,,0,,0,,0,,0,,0,,0,,0,0,0,0,,3,58,60,0,3,953,Canada,951,Romania,12/07/2024,19:00,13,10,35,22,20,17,1146,TD Place,-1,NA,1,2023,09,9,Scrum Half,0,,0,,1000761,Hollie Davidson,1001076,Kat Roche,1001022,Luke Rogan,-1,,3,International,N,L
1708,941540,57666,Alin Conache,951,Romania,4643.24,4644.24,5358,2,64,15,61,23,3,Pass,169,Complete,0,,686,Medium Pass,682,Right Pass,700,0th Receiver,0,,0,,0,,0,,0,,9,9,3,0,,3,58,60,0,3,953,Canada,951,Romania,12/07/2024,19:00,13,10,35,22,20,17,1146,TD Place,-1,NA,1,2023,09,9,Scrum Half,0,,0,,1000761,Hollie Davidson,1001076,Kat Roche,1001022,Luke Rogan,-1,,3,International,N,L
1709,941540,27535,Alexandru Savin,951,Romania,4644.24,4644.24,5359,2,61,23,0,0,18,Collection,631,General Catch,0,,0,,0,,0,,0,,0,,0,,0,,0,,0,0,0,0,,3,58,60,0,3,953,Canada,951,Romania,12/07/2024,19:00,13,10,35,22,20,17,1146,TD Place,-1,NA,1,2023,17,1,Loosehead Prop,0,,0,,1000761,Hollie Davidson,1001076,Kat Roche,1001022,Luke Rogan,-1,,3,International,N,L
1710,941540,27535,Alexandru Savin,951,Romania,4644.24,4644.24,5359,2,61,23,0,0,47,Playmaker Options,656,First Receiver,673,Playmaker Option - Carry,0,,0,,0,,0,,0,,0,,0,,0,,0,0,0,0,,3,58,60,0,3,953,Canada,951,Romania,12/07/2024,19:00,13,10,35,22,20,17,1146,TD Place,-1,NA,1,2023,17,1,Loosehead Prop,0,,0,,1000761,Hollie Davidson,1001076,Kat Roche,1001022,Luke Rogan,-1,,3,International,N,L
1711,941540,27535,Alexandru Savin,951,Romania,4644.24,4645.32,5359,2,61,23,63,24,1,Carry,101,One Out Drive,108,Tackled Neutral,110,Neutral Gain line,461,Neutral Contact,501,1 Tacklers Committed,701,1st Receiver,0,,0,,0,,0,,0,3,1,1,,3,58,60,0,3,953,Canada,951,Romania,12/07/2024,19:00,13,10,35,22,20,17,1146,TD Place,-1,NA,1,2023,17,1,Loosehead Prop,0,,0,,1000761,Hollie Davidson,1001076,Kat Roche,1001022,Luke Rogan,-1,,3,International,N,L
1712,941540,25189,Andrew Quattrin,953,Canada,4644.72,4644.72,5400,2,37,44,0,0,2,Tackle,144,Line,153,Complete,0,,474,Neutral Tackle,708,1st Tackler,0,,0,,0,,0,,0,,0,0,0,0,,3,58,60,0,3,953,Canada,951,Romania,12/07/2024,19:00,13,10,35,22,20,17,1146,TD Place,-1,NA,1,2023,02,2,Hooker,0,,0,,1000761,Hollie Davidson,1001076,Kat Roche,1001022,Luke Rogan,-1,,3,International,Y,W
1713,941540,27535,Alexandru Savin,951,Romania,4645.32,4647.16,5401,2,63,24,0,0,23,Ruck,0,,401,Won Outright,550,Equal to Previous  Gainline,553,1-2 Seconds,662,Mid Right Open Movement Ruck,0,,0,,0,,0,,0,,0,0,1,11,,3,58,60,0,3,953,Canada,951,Romania,12/07/2024,19:00,13,10,35,22,20,17,1146,TD Place,-1,NA,1,2023,17,1,Loosehead Prop,0,,0,,1000761,Hollie Davidson,1001076,Kat Roche,1001022,Luke Rogan,-1,,3,International,N,L
1714,941540,33151,Vlad Neculau,951,Romania,4646.48,4646.48,5402,2,63,24,0,0,43,Ruck OOA,575,Attended,583,Own Team 1st Entry,588,OOA Entry 1st Entry- Att,632,Attacking OOA,0,1,0,,0,,0,,0,,0,,0,0,0,0,,3,58,60,0,3,953,Canada,951,Romania,12/07/2024,19:00,13,10,35,22,20,17,1146,TD Place,-1,NA,1,2023,06,6,Blindside Flanker,0,,0,,1000761,Hollie Davidson,1001076,Kat Roche,1001022,Luke Rogan,-1,,3,International,N,L
1715,941540,57666,Alin Conache,951,Romania,4647.16,4647.16,5402,2,63,24,0,0,18,Collection,631,General Catch,0,,0,,0,,0,,0,,0,,0,,0,,0,,0,0,0,0,,4,58,60,0,3,953,Canada,951,Romania,12/07/2024,19:00,13,10,35,22,20,17,1146,TD Place,-1,NA,1,2023,09,9,Scrum Half,0,,0,,1000761,Hollie Davidson,1001076,Kat Roche,1001022,Luke Rogan,-1,,3,International,N,L
1716,941540,57666,Alin Conache,951,Romania,4647.16,4647.16,5402,2,63,24,0,0,47,Playmaker Options,671,Halfback at Breakdown,675,Playmaker Option - Pass,0,,0,,0,,0,,0,,0,,0,,0,,0,0,0,0,,4,58,60,0,3,953,Canada,951,Romania,12/07/2024,19:00,13,10,35,22,20,17,1146,TD Place,-1,NA,1,2023,09,9,Scrum Half,0,,0,,1000761,Hollie Davidson,1001076,Kat Roche,1001022,Luke Rogan,-1,,3,International,N,L
1717,941540,57666,Alin Conache,951,Romania,4647.24,4649.72,5402,2,63,25,60,35,3,Pass,169,Complete,0,,686,Medium Pass,682,Right Pass,700,0th Receiver,0,,0,,0,,0,,0,,11,11,2,0,,4,58,60,0,3,953,Canada,951,Romania,12/07/2024,19:00,13,10,35,22,20,17,1146,TD Place,-1,NA,1,2023,09,9,Scrum Half,0,,0,,1000761,Hollie Davidson,1001076,Kat Roche,1001022,Luke Rogan,-1,,3,International,N,L
1718,941540,40389,Jason Tomane,951,Romania,4649.72,4649.72,5405,2,60,35,0,0,18,Collection,631,General Catch,0,,0,,0,,0,,0,,0,,0,,0,,0,,0,0,0,0,,4,58,60,0,3,953,Canada,951,Romania,12/07/2024,19:00,13,10,35,22,20,17,1146,TD Place,-1,NA,1,2023,12,12,Inside Centre,0,,0,,1000761,Hollie Davidson,1001076,Kat Roche,1001022,Luke Rogan,-1,,3,International,N,L
1719,941540,40389,Jason Tomane,951,Romania,4649.72,4649.72,5405,2,60,35,0,0,47,Playmaker Options,656,First Receiver,673,Playmaker Option - Carry,0,,0,,0,,0,,0,,0,,0,,0,,0,0,0,0,,4,58,60,0,3,953,Canada,951,Romania,12/07/2024,19:00,13,10,35,22,20,17,1146,TD Place,-1,NA,1,2023,12,12,Inside Centre,0,,0,,1000761,Hollie Davidson,1001076,Kat Roche,1001022,Luke Rogan,-1,,3,International,N,L
1720,941540,40389,Jason Tomane,951,Romania,4649.72,4650.96,5405,2,60,35,64,34,1,Carry,101,One Out Drive,108,Tackled Neutral,109,Crossed Gain line,461,Neutral Contact,501,1 Tacklers Committed,701,1st Receiver,0,,0,,0,,0,,1,4,1,1,,4,58,60,0,3,953,Canada,951,Romania,12/07/2024,19:00,13,10,35,22,20,17,1146,TD Place,-1,NA,1,2023,12,12,Inside Centre,0,,0,,1000761,Hollie Davidson,1001076,Kat Roche,1001022,Luke Rogan,-1,,3,International,N,L
1721,941540,56146,Ethan Fryer,953,Canada,4650.24,4650.24,5405,2,37,34,0,0,2,Tackle,144,Line,153,Complete,0,,474,Neutral Tackle,708,1st Tackler,0,,0,,0,,0,,0,,0,0,0,0,,4,58,60,0,3,953,Canada,951,Romania,12/07/2024,19:00,13,10,35,22,20,17,1146,TD Place,-1,NA,1,2023,07,7,Openside Flanker,0,,0,,1000761,Hollie Davidson,1001076,Kat Roche,1001022,Luke Rogan,-1,,3,International,Y,W
1722,941540,40389,Jason Tomane,951,Romania,4650.96,4653.36,5406,2,64,34,0,0,23,Ruck,0,,401,Won Outright,548,Over Previous Gainline,554,2-3 Seconds,662,Mid Right Open Movement Ruck,0,,0,,0,,0,,0,,0,0,2,12,,4,58,60,0,3,953,Canada,951,Romania,12/07/2024,19:00,13,10,35,22,20,17,1146,TD Place,-1,NA,1,2023,12,12,Inside Centre,0,,0,,1000761,Hollie Davidson,1001076,Kat Roche,1001022,Luke Rogan,-1,,3,International,N,L
1723,941540,60960,Mihai Graure,951,Romania,4651.52,4651.52,5407,2,64,34,0,0,43,Ruck OOA,574,Secured,583,Own Team 1st Entry,588,OOA Entry 1st Entry- Att,632,Attacking OOA,0,1,0,,0,,0,,0,,0,,0,0,0,0,,4,58,60,0,3,953,Canada,951,Romania,12/07/2024,19:00,13,10,35,22,20,17,1146,TD Place,-1,NA,1,2023,13,13,Outside Centre,0,,0,,1000761,Hollie Davidson,1001076,Kat Roche,1001022,Luke Rogan,-1,,3,International,N,L
1724,941540,38195,Rob Irimescu,951,Romania,4651.60,4651.60,5407,2,64,34,0,0,43,Ruck OOA,574,Secured,584,Own Team 2nd Entry,589,OOA Entry 2nd Entry- Att,632,Attacking OOA,0,2,0,,0,,0,,0,,0,,0,0,0,0,,4,58,60,0,3,953,Canada,951,Romania,12/07/2024,19:00,13,10,35,22,20,17,1146,TD Place,-1,NA,1,2023,16,2,Hooker,0,,0,,1000761,Hollie Davidson,1001076,Kat Roche,1001022,Luke Rogan,-1,,3,International,N,L
1725,941540,57666,Alin Conache,951,Romania,4653.36,4653.36,5409,2,64,34,0,0,18,Collection,631,General Catch,0,,0,,0,,0,,0,,0,,0,,0,,0,,0,0,0,0,,5,58,60,0,3,953,Canada,951,Romania,12/07/2024,19:00,13,10,35,22,20,17,1146,TD Place,-1,NA,1,2023,09,9,Scrum Half,0,,0,,1000761,Hollie Davidson,1001076,Kat Roche,1001022,Luke Rogan,-1,,3,International,N,L
1726,941540,57666,Alin Conache,951,Romania,4653.36,4653.36,5409,2,64,34,0,0,47,Playmaker Options,671,Halfback at Breakdown,675,Playmaker Option - Pass,0,,0,,0,,0,,0,,0,,0,,0,,0,0,0,0,,5,58,60,0,3,953,Canada,951,Romania,12/07/2024,19:00,13,10,35,22,20,17,1146,TD Place,-1,NA,1,2023,09,9,Scrum Half,0,,0,,1000761,Hollie Davidson,1001076,Kat Roche,1001022,Luke Rogan,-1,,3,International,N,L
1727,941540,57666,Alin Conache,951,Romania,4653.60,4655.72,5409,2,64,34,61,44,3,Pass,169,Complete,0,,686,Medium Pass,682,Right Pass,700,0th Receiver,0,,0,,0,,0,,0,,10,11,4,0,,5,58,60,0,3,953,Canada,951,Romania,12/07/2024,19:00,13,10,35,22,20,17,1146,TD Place,-1,NA,1,2023,09,9,Scrum Half,0,,0,,1000761,Hollie Davidson,1001076,Kat Roche,1001022,Luke Rogan,-1,,3,International,N,L
1728,941540,27747,Hinckley Vaovasa,951,Romania,4655.72,4655.72,5411,2,61,44,0,0,18,Collection,631,General Catch,0,,0,,0,,0,,0,,0,,0,,0,,0,,0,0,0,0,,5,58,60,0,3,953,Canada,951,Romania,12/07/2024,19:00,13,10,35,22,20,17,1146,TD Place,-1,NA,1,2023,10,10,Fly Half,0,,0,,1000761,Hollie Davidson,1001076,Kat Roche,1001022,Luke Rogan,-1,,3,International,N,L
1729,941540,27747,Hinckley Vaovasa,951,Romania,4655.72,4655.72,5411,2,61,44,0,0,47,Playmaker Options,656,First Receiver,673,Playmaker Option - Carry,0,,0,,0,,0,,0,,0,,0,,0,,0,0,0,0,,5,58,60,0,3,953,Canada,951,Romania,12/07/2024,19:00,13,10,35,22,20,17,1146,TD Place,-1,NA,1,2023,10,10,Fly Half,0,,0,,1000761,Hollie Davidson,1001076,Kat Roche,1001022,Luke Rogan,-1,,3,International,N,L
1730,941540,27747,Hinckley Vaovasa,951,Romania,4655.72,4658.16,5411,2,61,44,66,46,1,Carry,101,One Out Drive,107,Tackled Dominant,109,Crossed Gain line,460,Dominant Contact,502,2 Tacklers Committed,701,1st Receiver,0,,0,,0,,0,,2,6,2,2,,5,58,60,0,3,953,Canada,951,Romania,12/07/2024,19:00,13,10,35,22,20,17,1146,TD Place,-1,NA,1,2023,10,10,Fly Half,0,,0,,1000761,Hollie Davidson,1001076,Kat Roche,1001022,Luke Rogan,-1,,3,International,N,L
1731,941540,38465,Mason Flesch,953,Canada,4656.36,4656.36,5412,2,35,24,0,0,2,Tackle,144,Line,160,Passive,0,,475,Ineffective Tackle,708,1st Tackler,0,,0,,0,,0,,0,,0,0,0,0,,5,58,60,0,3,953,Canada,951,Romania,12/07/2024,19:00,13,10,35,22,20,17,1146,TD Place,-1,NA,1,2023,06,6,Blindside Flanker,0,,0,,1000761,Hollie Davidson,1001076,Kat Roche,1001022,Luke Rogan,-1,,3,International,Y,W
1732,941540,29383,Conor Young,953,Canada,4657.64,4657.64,5413,2,35,24,0,0,2,Tackle,144,Line,160,Passive,441,Assist,475,Ineffective Tackle,709,2nd Tackler,0,,0,,0,,0,,0,,0,0,0,0,,5,58,60,0,3,953,Canada,951,Romania,12/07/2024,19:00,13,10,35,22,20,17,1146,TD Place,-1,NA,1,2023,03,3,Tighthead Prop,0,,0,,1000761,Hollie Davidson,1001076,Kat Roche,1001022,Luke Rogan,-1,,3,International,Y,W
1733,941540,27028,Marius Iftimiciuc,951,Romania,4657.68,4657.68,5413,2,65,44,0,0,10,Attacking Qualities,529,Snake,0,,0,,0,,0,,0,,0,,0,,0,,0,,0,0,0,0,,5,58,60,0,3,953,Canada,951,Romania,12/07/2024,19:00,13,10,35,22,20,17,1146,TD Place,-1,NA,1,2023,19,5,Lock (5),0,,0,,1000761,Hollie Davidson,1001076,Kat Roche,1001022,Luke Rogan,-1,,3,International,N,L
1734,941540,27747,Hinckley Vaovasa,951,Romania,4658.16,4659.40,5413,2,66,46,0,0,23,Ruck,0,,401,Won Outright,548,Over Previous Gainline,553,1-2 Seconds,723,Mid Right Blindside Movement Ruck,0,,0,,0,,0,,0,,0,0,9,10,,5,58,60,0,3,953,Canada,951,Romania,12/07/2024,19:00,13,10,35,22,20,17,1146,TD Place,-1,NA,1,2023,10,10,Fly Half,0,,0,,1000761,Hollie Davidson,1001076,Kat Roche,1001022,Luke Rogan,-1,,3,International,N,L
1735,941540,57666,Alin Conache,951,Romania,4659.40,4659.40,5415,2,66,46,0,0,18,Collection,631,General Catch,0,,0,,0,,0,,0,,0,,0,,0,,0,,0,0,0,0,,6,58,60,0,3,953,Canada,951,Romania,12/07/2024,19:00,13,10,35,22,20,17,1146,TD Place,-1,NA,1,2023,09,9,Scrum Half,0,,0,,1000761,Hollie Davidson,1001076,Kat Roche,1001022,Luke Rogan,-1,,3,International,N,L
1736,941540,57666,Alin Conache,951,Romania,4659.40,4659.40,5415,2,66,46,0,0,47,Playmaker Options,671,Halfback at Breakdown,675,Playmaker Option - Pass,0,,0,,0,,0,,0,,0,,0,,0,,0,0,0,0,,6,58,60,0,3,953,Canada,951,Romania,12/07/2024,19:00,13,10,35,22,20,17,1146,TD Place,-1,NA,1,2023,09,9,Scrum Half,0,,0,,1000761,Hollie Davidson,1001076,Kat Roche,1001022,Luke Rogan,-1,,3,International,N,L
1737,941540,57666,Alin Conache,951,Romania,4659.96,4661.64,5415,2,68,50,67,60,3,Pass,169,Complete,0,,686,Medium Pass,682,Right Pass,700,0th Receiver,0,,0,,0,,0,,0,,11,11,2,0,,6,58,60,0,3,953,Canada,951,Romania,12/07/2024,19:00,13,10,35,22,20,17,1146,TD Place,-1,NA,1,2023,09,9,Scrum Half,0,,0,,1000761,Hollie Davidson,1001076,Kat Roche,1001022,Luke Rogan,-1,,3,International,N,L
1738,941540,27035,Marius Simionescu,951,Romania,4661.64,4661.64,5417,2,67,60,0,0,18,Collection,631,General Catch,0,,0,,0,,0,,0,,0,,0,,0,,0,,0,0,0,0,,6,58,60,0,3,953,Canada,951,Romania,12/07/2024,19:00,13,10,35,22,20,17,1146,TD Place,-1,NA,1,2023,14,14,Right Wing,0,,0,,1000761,Hollie Davidson,1001076,Kat Roche,1001022,Luke Rogan,-1,,3,International,N,L
1739,941540,27035,Marius Simionescu,951,Romania,4661.64,4661.64,5417,2,67,60,0,0,47,Playmaker Options,656,First Receiver,673,Playmaker Option - Carry,0,,0,,0,,0,,0,,0,,0,,0,,0,0,0,0,,6,58,60,0,3,953,Canada,951,Romania,12/07/2024,19:00,13,10,35,22,20,17,1146,TD Place,-1,NA,1,2023,14,14,Right Wing,0,,0,,1000761,Hollie Davidson,1001076,Kat Roche,1001022,Luke Rogan,-1,,3,International,N,L
1740,941540,27035,Marius Simionescu,951,Romania,4661.64,4665.36,5417,2,67,60,76,55,1,Carry,101,One Out Drive,107,Tackled Dominant,109,Crossed Gain line,460,Dominant Contact,502,2 Tacklers Committed,701,1st Receiver,0,,0,,0,,0,,8,9,6,4,,6,58,60,0,3,953,Canada,951,Romania,12/07/2024,19:00,13,10,35,22,20,17,1146,TD Place,-1,NA,1,2023,14,14,Right Wing,0,,0,,1000761,Hollie Davidson,1001076,Kat Roche,1001022,Luke Rogan,-1,,3,International,N,L
1741,941540,25195,Ben LeSage,953,Canada,4661.68,4661.68,5417,2,30,10,0,0,2,Tackle,144,Line,161,Missed,0,,475,Ineffective Tackle,708,1st Tackler,0,,0,,0,,0,,0,,0,0,0,0,,6,58,60,0,3,953,Canada,951,Romania,12/07/2024,19:00,13,10,35,22,20,17,1146,TD Place,-1,NA,1,2023,13,13,Outside Centre,0,,0,,1000761,Hollie Davidson,1001076,Kat Roche,1001022,Luke Rogan,-1,,3,International,Y,W
1742,941540,25195,Ben LeSage,953,Canada,4661.68,4661.68,5417,2,30,10,0,0,12,Missed Tackle,162,Bumped Off,166,Tackled,0,,0,,0,,0,,0,,0,,0,,0,,0,0,0,0,,6,58,60,0,3,953,Canada,951,Romania,12/07/2024,19:00,13,10,35,22,20,17,1146,TD Place,-1,NA,1,2023,13,13,Outside Centre,0,,0,,1000761,Hollie Davidson,1001076,Kat Roche,1001022,Luke Rogan,-1,,3,International,Y,W
1743,941540,27035,Marius Simionescu,951,Romania,4661.80,4661.80,5417,2,70,58,0,0,10,Attacking Qualities,116,Defender Beaten,0,,0,,0,,0,,0,,0,,0,,0,,0,,0,0,0,0,,6,58,60,0,3,953,Canada,951,Romania,12/07/2024,19:00,13,10,35,22,20,17,1146,TD Place,-1,NA,1,2023,14,14,Right Wing,0,,0,,1000761,Hollie Davidson,1001076,Kat Roche,1001022,Luke Rogan,-1,,3,International,N,L
1744,941540,38501,Nic Benn,953,Canada,4663.96,4663.96,5419,2,28,11,0,0,2,Tackle,146,Edge,160,Passive,441,Assist,475,Ineffective Tackle,709,2nd Tackler,0,,0,,0,,0,,0,,0,0,0,0,,6,58,60,0,3,953,Canada,951,Romania,12/07/2024,19:00,13,10,35,22,20,17,1146,TD Place,-1,NA,1,2023,11,11,Left Wing,0,,0,,1000761,Hollie Davidson,1001076,Kat Roche,1001022,Luke Rogan,-1,,3,International,Y,W
1745,941540,38465,Mason Flesch,953,Canada,4664.68,4664.68,5420,2,28,11,0,0,40,Defensive Action,560,Tackle Arrival,0,,0,,0,,0,,0,,0,,0,,0,,0,,0,0,0,0,,6,58,60,0,3,953,Canada,951,Romania,12/07/2024,19:00,13,10,35,22,20,17,1146,TD Place,-1,NA,1,2023,06,6,Blindside Flanker,0,,0,,1000761,Hollie Davidson,1001076,Kat Roche,1001022,Luke Rogan,-1,,3,International,Y,W
1746,941540,27035,Marius Simionescu,951,Romania,4665.36,4666.76,5421,2,76,55,0,0,23,Ruck,0,,401,Won Outright,548,Over Previous Gainline,553,1-2 Seconds,663,Close Left Open Movement Ruck,0,,0,,0,,0,,0,,0,0,-2,7,,6,58,60,0,3,953,Canada,951,Romania,12/07/2024,19:00,13,10,35,22,20,17,1146,TD Place,-1,NA,1,2023,14,14,Right Wing,0,,0,,1000761,Hollie Davidson,1001076,Kat Roche,1001022,Luke Rogan,-1,,3,International,N,L
1747,941540,38195,Rob Irimescu,951,Romania,4665.76,4665.76,5421,2,76,55,0,0,43,Ruck OOA,574,Secured,583,Own Team 1st Entry,588,OOA Entry 1st Entry- Att,632,Attacking OOA,0,1,0,,0,,0,,0,,0,,0,0,0,0,,6,58,60,0,3,953,Canada,951,Romania,12/07/2024,19:00,13,10,35,22,20,17,1146,TD Place,-1,NA,1,2023,16,2,Hooker,0,,0,,1000761,Hollie Davidson,1001076,Kat Roche,1001022,Luke Rogan,-1,,3,International,N,L
1748,941540,27535,Alexandru Savin,951,Romania,4666.44,4666.44,5422,2,76,55,0,0,43,Ruck OOA,574,Secured,584,Own Team 2nd Entry,589,OOA Entry 2nd Entry- Att,632,Attacking OOA,0,2,0,,0,,0,,0,,0,,0,0,0,0,,6,58,60,0,3,953,Canada,951,Romania,12/07/2024,19:00,13,10,35,22,20,17,1146,TD Place,-1,NA,1,2023,17,1,Loosehead Prop,0,,0,,1000761,Hollie Davidson,1001076,Kat Roche,1001022,Luke Rogan,-1,,3,International,N,L
1749,941540,57666,Alin Conache,951,Romania,4666.76,4666.76,5422,2,76,55,0,0,18,Collection,631,General Catch,0,,0,,0,,0,,0,,0,,0,,0,,0,,0,0,0,0,,7,58,60,0,3,953,Canada,951,Romania,12/07/2024,19:00,13,10,35,22,20,17,1146,TD Place,-1,NA,1,2023,09,9,Scrum Half,0,,0,,1000761,Hollie Davidson,1001076,Kat Roche,1001022,Luke Rogan,-1,,3,International,N,L
1750,941540,57666,Alin Conache,951,Romania,4666.76,4666.76,5422,2,76,55,0,0,47,Playmaker Options,671,Halfback at Breakdown,675,Playmaker Option - Pass,0,,0,,0,,0,,0,,0,,0,,0,,0,0,0,0,,7,58,60,0,3,953,Canada,951,Romania,12/07/2024,19:00,13,10,35,22,20,17,1146,TD Place,-1,NA,1,2023,09,9,Scrum Half,0,,0,,1000761,Hollie Davidson,1001076,Kat Roche,1001022,Luke Rogan,-1,,3,International,N,L
1751,941540,57666,Alin Conache,951,Romania,4667.12,4668.68,5422,2,76,55,72,48,3,Pass,169,Complete,0,,686,Medium Pass,681,Left Pass,700,0th Receiver,0,,0,,0,,0,,0,,8,9,3,0,,7,58,60,0,3,953,Canada,951,Romania,12/07/2024,19:00,13,10,35,22,20,17,1146,TD Place,-1,NA,1,2023,09,9,Scrum Half,0,,0,,1000761,Hollie Davidson,1001076,Kat Roche,1001022,Luke Rogan,-1,,3,International,N,L
1752,941540,34102,Vasile Balan,951,Romania,4668.68,4668.68,5424,2,72,48,0,0,18,Collection,631,General Catch,0,,0,,0,,0,,0,,0,,0,,0,,0,,0,0,0,0,,7,58,60,0,3,953,Canada,951,Romania,12/07/2024,19:00,13,10,35,22,20,17,1146,TD Place,-1,NA,1,2023,03,3,Tighthead Prop,0,,0,,1000761,Hollie Davidson,1001076,Kat Roche,1001022,Luke Rogan,-1,,3,International,N,L
1753,941540,34102,Vasile Balan,951,Romania,4668.68,4668.68,5424,2,72,48,0,0,47,Playmaker Options,656,First Receiver,673,Playmaker Option - Carry,0,,0,,0,,0,,0,,0,,0,,0,,0,0,0,0,,7,58,60,0,3,953,Canada,951,Romania,12/07/2024,19:00,13,10,35,22,20,17,1146,TD Place,-1,NA,1,2023,03,3,Tighthead Prop,0,,0,,1000761,Hollie Davidson,1001076,Kat Roche,1001022,Luke Rogan,-1,,3,International,N,L
1754,941540,34102,Vasile Balan,951,Romania,4668.68,4669.68,5424,2,72,48,74,49,1,Carry,101,One Out Drive,409,Tackled Ineffective,111,Failed Gain line,462,Ineffective Contact,501,1 Tacklers Committed,701,1st Receiver,0,,0,,0,,0,,0,1,1,1,,7,58,60,0,3,953,Canada,951,Romania,12/07/2024,19:00,13,10,35,22,20,17,1146,TD Place,-1,NA,1,2023,03,3,Tighthead Prop,0,,0,,1000761,Hollie Davidson,1001076,Kat Roche,1001022,Luke Rogan,-1,,3,International,N,L
1755,941540,58656,Calixto Martinez,953,Canada,4669.20,4669.20,5424,2,27,20,0,0,2,Tackle,144,Line,159,Sack,0,,473,Dominant Tackle,708,1st Tackler,0,,0,,0,,0,,0,,0,0,0,0,,7,58,60,0,3,953,Canada,951,Romania,12/07/2024,19:00,13,10,35,22,20,17,1146,TD Place,-1,NA,1,2023,17,1,Loosehead Prop,0,,0,,1000761,Hollie Davidson,1001076,Kat Roche,1001022,Luke Rogan,-1,,3,International,Y,W
1756,941540,34102,Vasile Balan,951,Romania,4669.68,4673.44,5425,2,74,49,0,0,23,Ruck,0,,401,Won Outright,549,Behind Previous Gainline,555,3-4 Seconds,661,Mid Left Open Movement Ruck,0,,0,,0,,0,,0,,0,0,-3,30,,7,58,60,0,3,953,Canada,951,Romania,12/07/2024,19:00,13,10,35,22,20,17,1146,TD Place,-1,NA,1,2023,03,3,Tighthead Prop,0,,0,,1000761,Hollie Davidson,1001076,Kat Roche,1001022,Luke Rogan,-1,,3,International,N,L
1757,941540,27028,Marius Iftimiciuc,951,Romania,4670.44,4670.44,5426,2,74,49,0,0,43,Ruck OOA,574,Secured,583,Own Team 1st Entry,588,OOA Entry 1st Entry- Att,632,Attacking OOA,0,1,0,,0,,0,,0,,0,,0,0,0,0,,7,58,60,0,3,953,Canada,951,Romania,12/07/2024,19:00,13,10,35,22,20,17,1146,TD Place,-1,NA,1,2023,19,5,Lock (5),0,,0,,1000761,Hollie Davidson,1001076,Kat Roche,1001022,Luke Rogan,-1,,3,International,N,L
1758,941540,29316,Nicolaas Immelman,951,Romania,4670.92,4670.92,5426,2,74,49,0,0,43,Ruck OOA,574,Secured,584,Own Team 2nd Entry,589,OOA Entry 2nd Entry- Att,632,Attacking OOA,0,2,0,,0,,0,,0,,0,,0,0,0,0,,7,58,60,0,3,953,Canada,951,Romania,12/07/2024,19:00,13,10,35,22,20,17,1146,TD Place,-1,NA,1,2023,08,8,Number 8,0,,0,,1000761,Hollie Davidson,1001076,Kat Roche,1001022,Luke Rogan,-1,,3,International,N,L
1759,941540,57666,Alin Conache,951,Romania,4673.44,4673.44,5429,2,74,49,0,0,18,Collection,631,General Catch,0,,0,,0,,0,,0,,0,,0,,0,,0,,0,0,0,0,,8,58,60,0,3,953,Canada,951,Romania,12/07/2024,19:00,13,10,35,22,20,17,1146,TD Place,-1,NA,1,2023,09,9,Scrum Half,0,,0,,1000761,Hollie Davidson,1001076,Kat Roche,1001022,Luke Rogan,-1,,3,International,N,L
1760,941540,57666,Alin Conache,951,Romania,4673.44,4673.44,5429,2,74,49,0,0,47,Playmaker Options,671,Halfback at Breakdown,675,Playmaker Option - Pass,0,,0,,0,,0,,0,,0,,0,,0,,0,0,0,0,,8,58,60,0,3,953,Canada,951,Romania,12/07/2024,19:00,13,10,35,22,20,17,1146,TD Place,-1,NA,1,2023,09,9,Scrum Half,0,,0,,1000761,Hollie Davidson,1001076,Kat Roche,1001022,Luke Rogan,-1,,3,International,N,L
1761,941540,57666,Alin Conache,951,Romania,4673.76,4675.36,5429,2,74,49,70,38,3,Pass,169,Complete,0,,686,Medium Pass,681,Left Pass,700,0th Receiver,0,,0,,0,,0,,0,,11,12,4,0,,8,58,60,0,3,953,Canada,951,Romania,12/07/2024,19:00,13,10,35,22,20,17,1146,TD Place,-1,NA,1,2023,09,9,Scrum Half,0,,0,,1000761,Hollie Davidson,1001076,Kat Roche,1001022,Luke Rogan,-1,,3,International,N,L
1762,941540,27747,Hinckley Vaovasa,951,Romania,4675.36,4675.36,5431,2,70,38,0,0,18,Collection,631,General Catch,0,,0,,0,,0,,0,,0,,0,,0,,0,,0,0,0,0,,8,58,60,0,3,953,Canada,951,Romania,12/07/2024,19:00,13,10,35,22,20,17,1146,TD Place,-1,NA,1,2023,10,10,Fly Half,0,,0,,1000761,Hollie Davidson,1001076,Kat Roche,1001022,Luke Rogan,-1,,3,International,N,L
1763,941540,27747,Hinckley Vaovasa,951,Romania,4675.36,4675.36,5431,2,70,38,0,0,47,Playmaker Options,656,First Receiver,675,Playmaker Option - Pass,0,,0,,0,,0,,0,,0,,0,,0,,0,0,0,0,,8,58,60,0,3,953,Canada,951,Romania,12/07/2024,19:00,13,10,35,22,20,17,1146,TD Place,-1,NA,1,2023,10,10,Fly Half,0,,0,,1000761,Hollie Davidson,1001076,Kat Roche,1001022,Luke Rogan,-1,,3,International,N,L
1764,941540,27747,Hinckley Vaovasa,951,Romania,4675.40,4677.44,5431,2,70,37,63,24,3,Pass,169,Complete,0,,686,Medium Pass,681,Left Pass,701,1st Receiver,0,,0,,0,,0,,0,,14,15,7,0,,8,58,60,0,3,953,Canada,951,Romania,12/07/2024,19:00,13,10,35,22,20,17,1146,TD Place,-1,NA,1,2023,10,10,Fly Half,0,,0,,1000761,Hollie Davidson,1001076,Kat Roche,1001022,Luke Rogan,-1,,3,International,N,L
1765,941540,27090,Conor Keys,953,Canada,4677.32,4677.32,5433,2,32,44,0,0,7,Penalty Conceded,219,Offside,236,No Action,215,Defence,233,Full Penalty,444,Offside in General Play,0,,0,,0,,0,,0,,0,0,0,0,,8,58,60,0,3,953,Canada,951,Romania,12/07/2024,19:00,13,10,35,22,20,17,1146,TD Place,-1,NA,1,2023,04,4,Lock (4),0,,0,,1000761,Hollie Davidson,1001076,Kat Roche,1001022,Luke Rogan,-1,,3,International,Y,W
1766,941540,40389,Jason Tomane,951,Romania,4677.44,4677.44,5433,2,63,24,0,0,18,Collection,631,General Catch,0,,0,,0,,0,,0,,0,,0,,0,,0,,0,0,0,0,,8,58,60,0,3,953,Canada,951,Romania,12/07/2024,19:00,13,10,35,22,20,17,1146,TD Place,-1,NA,1,2023,12,12,Inside Centre,0,,0,,1000761,Hollie Davidson,1001076,Kat Roche,1001022,Luke Rogan,-1,,3,International,N,L
1767,941540,40389,Jason Tomane,951,Romania,4677.44,4677.44,5433,2,63,24,0,0,47,Playmaker Options,657,Second Receiver,673,Playmaker Option - Carry,0,,0,,0,,0,,0,,0,,0,,0,,0,0,0,0,,8,58,60,0,3,953,Canada,951,Romania,12/07/2024,19:00,13,10,35,22,20,17,1146,TD Place,-1,NA,1,2023,12,12,Inside Centre,0,,0,,1000761,Hollie Davidson,1001076,Kat Roche,1001022,Luke Rogan,-1,,3,International,N,L
1768,941540,40389,Jason Tomane,951,Romania,4677.44,4678.80,5433,2,63,24,71,20,1,Carry,103,Other Carry,108,Tackled Neutral,111,Failed Gain line,461,Neutral Contact,502,2 Tacklers Committed,702,2nd Receiver,0,,0,,0,,0,,0,8,1,1,,8,58,60,0,3,953,Canada,951,Romania,12/07/2024,19:00,13,10,35,22,20,17,1146,TD Place,-1,NA,1,2023,12,12,Inside Centre,0,,0,,1000761,Hollie Davidson,1001076,Kat Roche,1001022,Luke Rogan,-1,,3,International,N,L
1769,941540,27090,Conor Keys,953,Canada,4677.80,4677.80,5433,2,30,48,0,0,2,Tackle,144,Line,153,Complete,0,,474,Neutral Tackle,708,1st Tackler,0,,0,,0,,0,,0,,0,0,0,0,,8,58,60,0,3,953,Canada,951,Romania,12/07/2024,19:00,13,10,35,22,20,17,1146,TD Place,-1,NA,1,2023,04,4,Lock (4),0,,0,,1000761,Hollie Davidson,1001076,Kat Roche,1001022,Luke Rogan,-1,,3,International,Y,W
1770,941540,25183,Lucas Rumball,953,Canada,4678.44,4678.44,5434,2,30,48,0,0,2,Tackle,144,Line,153,Complete,441,Assist,474,Neutral Tackle,709,2nd Tackler,0,,0,,0,,0,,0,,0,0,0,0,,8,58,60,0,3,953,Canada,951,Romania,12/07/2024,19:00,13,10,35,22,20,17,1146,TD Place,-1,NA,1,2023,08,8,Number 8,0,,0,,1000761,Hollie Davidson,1001076,Kat Roche,1001022,Luke Rogan,-1,,3,International,Y,W
1771,941540,40389,Jason Tomane,951,Romania,4678.80,4679.72,5434,2,71,20,0,0,23,Ruck,0,,452,Unplayable,549,Behind Previous Gainline,559,N/A Ruck Speed,676,N/A Movement Ruck,0,,0,,0,,0,,0,,0,0,0,0,,8,58,60,0,3,953,Canada,951,Romania,12/07/2024,19:00,13,10,35,22,20,17,1146,TD Place,-1,NA,1,2023,12,12,Inside Centre,0,,0,,1000761,Hollie Davidson,1001076,Kat Roche,1001022,Luke Rogan,-1,,3,International,N,L
1772,941540,0,,951,Romania,4625.52,4679.72,5435,2,64,0,71,20,15,Possession,306,Lineout,316,Pen Won,0,,684,Fails to enter into Opposition 22,0,,0,,0,,0,,0,,0,,6,0,0,0,,8,58,60,0,3,953,Canada,951,Romania,12/07/2024,19:00,13,10,35,22,20,17,1146,TD Place,-1,NA,1,2023,,,,0,,0,,1000761,Hollie Davidson,1001076,Kat Roche,1001022,Luke Rogan,-1,,3,International,N,L
1773,941540,0,,951,Romania,4625.52,4679.72,5435,2,64,0,71,20,26,Sequences,306,Lineout,316,Pen Won,0,,0,,0,,0,,0,,0,,0,,0,,6,0,0,0,,8,58,60,0,3,953,Canada,951,Romania,12/07/2024,19:00,13,10,35,22,20,17,1146,TD Place,-1,NA,1,2023,,,,0,,0,,1000761,Hollie Davidson,1001076,Kat Roche,1001022,Luke Rogan,-1,,3,International,N,L
1774,941540,57666,Alin Conache,951,Romania,4747.32,4749.96,5543,2,73,24,105,47,11,Goal Kick,297,Penalty Goal,298,Goal Missed,534,Missed Right,0,,0,,0,,0,,0,,0,,0,,27,28,0,0,,1,58,61,0,3,953,Canada,951,Romania,12/07/2024,19:00,13,10,35,22,20,17,1146,TD Place,-1,NA,1,2023,09,9,Scrum Half,0,,0,,1000761,Hollie Davidson,1001076,Kat Roche,1001022,Luke Rogan,-1,,3,International,N,L
1775,941540,0,,951,Romania,4747.32,4749.96,5545,2,73,24,105,47,26,Sequences,781,Penalty Goal,784,Penalty Goal Missed,0,,0,,0,,0,,0,,0,,0,,0,,27,0,0,0,,1,58,61,0,3,953,Canada,951,Romania,12/07/2024,19:00,13,10,35,22,20,17,1146,TD Place,-1,NA,1,2023,,,,0,,0,,1000761,Hollie Davidson,1001076,Kat Roche,1001022,Luke Rogan,-1,,3,International,N,L
1776,941540,0,,953,Canada,4775.76,4775.76,5611,2,19,33,0,0,45,Defensive Exits,630,Kicked out of 22,0,,0,,0,,0,,0,,0,,0,,0,,0,,0,0,0,0,,1,58,62,0,3,953,Canada,951,Romania,12/07/2024,19:00,13,10,35,22,20,17,1146,TD Place,-1,NA,1,2023,,,,0,,0,,1000761,Hollie Davidson,1001076,Kat Roche,1001022,Luke Rogan,-1,,3,International,Y,W
1777,941540,19391,Peter Nelson,953,Canada,4775.76,4781.44,5611,2,19,33,69,15,14,Restart,282,22m Restart,286,Restart Opp Collection,288,Long,752,Kicked Left,0,,0,,0,,0,,0,,0,,51,54,19,0,,1,58,62,0,3,953,Canada,951,Romania,12/07/2024,19:00,13,10,35,22,20,17,1146,TD Place,-1,NA,1,2023,10,10,Fly Half,0,,0,,1000761,Hollie Davidson,1001076,Kat Roche,1001022,Luke Rogan,-1,,3,International,Y,W
1778,941540,33463,Paul Popoaia,951,Romania,4781.44,4781.44,5617,2,31,53,0,0,18,Collection,275,Restart Catch,277,Success,0,,0,,0,,0,,0,,0,,0,,0,,0,0,0,0,,1,59,62,0,3,953,Canada,951,Romania,12/07/2024,19:00,13,10,35,22,20,17,1146,TD Place,-1,NA,1,2023,15,15,Full Back,0,,0,,1000761,Hollie Davidson,1001076,Kat Roche,1001022,Luke Rogan,-1,,3,International,N,L
1779,941540,33463,Paul Popoaia,951,Romania,4783.40,4788.48,5619,2,32,55,63,55,4,Kick,187,Bomb,198,Caught Full,185,Kick in Play,0,,0,,0,,0,,0,,0,,0,,32,32,0,0,,1,59,62,0,3,953,Canada,951,Romania,12/07/2024,19:00,13,10,35,22,20,17,1146,TD Place,-1,NA,1,2023,15,15,Full Back,0,,0,,1000761,Hollie Davidson,1001076,Kat Roche,1001022,Luke Rogan,-1,,3,International,N,L
1780,941540,0,,951,Romania,4781.44,4788.48,5624,2,31,53,63,55,15,Possession,305,22m Restart,351,Kick in Play,0,,684,Fails to enter into Opposition 22,0,,0,,0,,0,,0,,0,,32,0,0,0,,1,59,62,0,3,953,Canada,951,Romania,12/07/2024,19:00,13,10,35,22,20,17,1146,TD Place,-1,NA,1,2023,,,,0,,0,,1000761,Hollie Davidson,1001076,Kat Roche,1001022,Luke Rogan,-1,,3,International,N,L
1781,941540,33642,Cooper Coats,953,Canada,4788.48,4788.48,5624,2,37,13,0,0,18,Collection,273,Defensive Catch,277,Success,0,,0,,0,,0,,0,,0,,0,,0,,0,0,0,0,,1,60,62,0,3,953,Canada,951,Romania,12/07/2024,19:00,13,10,35,22,20,17,1146,TD Place,-1,NA,1,2023,15,15,Full Back,0,,0,,1000761,Hollie Davidson,1001076,Kat Roche,1001022,Luke Rogan,-1,,3,International,Y,W
1782,941540,33642,Cooper Coats,953,Canada,4788.48,4788.88,5624,2,37,13,39,12,1,Carry,104,Kick Return,409,Tackled Ineffective,109,Crossed Gain line,462,Ineffective Contact,503,3 Tacklers Committed,700,0th Receiver,0,,0,,0,,0,,2,0,0,0,,1,60,62,0,3,953,Canada,951,Romania,12/07/2024,19:00,13,10,35,22,20,17,1146,TD Place,-1,NA,1,2023,15,15,Full Back,0,,0,,1000761,Hollie Davidson,1001076,Kat Roche,1001022,Luke Rogan,-1,,3,International,Y,W
1783,941540,20983,Tevita Manumua,951,Romania,4789.48,4789.48,5625,2,61,56,0,0,2,Tackle,142,Chase,159,Sack,0,,473,Dominant Tackle,708,1st Tackler,0,,0,,0,,0,,0,,0,0,0,0,,1,60,62,0,3,953,Canada,951,Romania,12/07/2024,19:00,13,10,35,22,20,17,1146,TD Place,-1,NA,1,2023,11,11,Left Wing,0,,0,,1000761,Hollie Davidson,1001076,Kat Roche,1001022,Luke Rogan,-1,,3,International,N,L
1784,941540,38501,Nic Benn,953,Canada,4790.16,4790.16,5625,2,36,10,0,0,18,Collection,272,Attacking Loose Ball,277,Success,0,,0,,0,,0,,0,,0,,0,,0,,0,0,0,0,,1,60,62,0,3,953,Canada,951,Romania,12/07/2024,19:00,13,10,35,22,20,17,1146,TD Place,-1,NA,1,2023,11,11,Left Wing,0,,0,,1000761,Hollie Davidson,1001076,Kat Roche,1001022,Luke Rogan,-1,,3,International,Y,W
1785,941540,38501,Nic Benn,953,Canada,4790.16,4792.60,5625,2,36,10,39,8,1,Carry,104,Kick Return,108,Tackled Neutral,110,Neutral Gain line,461,Neutral Contact,502,2 Tacklers Committed,700,0th Receiver,0,,0,,0,,0,,0,3,1,1,,1,60,62,0,3,953,Canada,951,Romania,12/07/2024,19:00,13,10,35,22,20,17,1146,TD Place,-1,NA,1,2023,11,11,Left Wing,0,,0,,1000761,Hollie Davidson,1001076,Kat Roche,1001022,Luke Rogan,-1,,3,International,Y,W
1786,941540,36759,Dragos Ser,951,Romania,4791.56,4791.56,5627,2,62,60,0,0,2,Tackle,142,Chase,161,Missed,0,,475,Ineffective Tackle,708,1st Tackler,0,,0,,0,,0,,0,,0,0,0,0,,1,60,62,0,3,953,Canada,951,Romania,12/07/2024,19:00,13,10,35,22,20,17,1146,TD Place,-1,NA,1,2023,07,7,Openside Flanker,0,,0,,1000761,Hollie Davidson,1001076,Kat Roche,1001022,Luke Rogan,-1,,3,International,N,L
1787,941540,36759,Dragos Ser,951,Romania,4791.56,4791.56,5627,2,62,60,0,0,12,Missed Tackle,162,Bumped Off,166,Tackled,0,,0,,0,,0,,0,,0,,0,,0,,0,0,0,0,,1,60,62,0,3,953,Canada,951,Romania,12/07/2024,19:00,13,10,35,22,20,17,1146,TD Place,-1,NA,1,2023,07,7,Openside Flanker,0,,0,,1000761,Hollie Davidson,1001076,Kat Roche,1001022,Luke Rogan,-1,,3,International,N,L
1788,941540,38501,Nic Benn,953,Canada,4792.04,4792.04,5627,2,38,8,0,0,10,Attacking Qualities,116,Defender Beaten,0,,0,,0,,0,,0,,0,,0,,0,,0,,0,0,0,0,,1,60,62,0,3,953,Canada,951,Romania,12/07/2024,19:00,13,10,35,22,20,17,1146,TD Place,-1,NA,1,2023,11,11,Left Wing,0,,0,,1000761,Hollie Davidson,1001076,Kat Roche,1001022,Luke Rogan,-1,,3,International,Y,W
1789,941540,38195,Rob Irimescu,951,Romania,4792.32,4792.32,5628,2,62,61,0,0,2,Tackle,142,Chase,153,Complete,441,Assist,474,Neutral Tackle,709,2nd Tackler,0,,0,,0,,0,,0,,0,0,0,0,,1,60,62,0,3,953,Canada,951,Romania,12/07/2024,19:00,13,10,35,22,20,17,1146,TD Place,-1,NA,1,2023,16,2,Hooker,0,,0,,1000761,Hollie Davidson,1001076,Kat Roche,1001022,Luke Rogan,-1,,3,International,N,L
1790,941540,38501,Nic Benn,953,Canada,4792.60,4795.12,5628,2,39,8,0,0,23,Ruck,0,,401,Won Outright,551,N/A Gainline,554,2-3 Seconds,664,Close Right Open Movement Ruck,0,,0,,0,,0,,0,,0,0,-3,7,,1,60,62,0,3,953,Canada,951,Romania,12/07/2024,19:00,13,10,35,22,20,17,1146,TD Place,-1,NA,1,2023,11,11,Left Wing,0,,0,,1000761,Hollie Davidson,1001076,Kat Roche,1001022,Luke Rogan,-1,,3,International,Y,W
1791,941540,38195,Rob Irimescu,951,Romania,4792.92,4792.92,5628,2,61,60,0,0,43,Ruck OOA,578,Got Cleaned Out,583,Own Team 1st Entry,603,OOA Entry 1st Entry- Def,633,Defensive OOA,0,1,0,,0,,0,,0,,0,,0,0,0,0,,1,60,62,0,3,953,Canada,951,Romania,12/07/2024,19:00,13,10,35,22,20,17,1146,TD Place,-1,NA,1,2023,16,2,Hooker,0,,0,,1000761,Hollie Davidson,1001076,Kat Roche,1001022,Luke Rogan,-1,,3,International,N,L
1792,941540,33642,Cooper Coats,953,Canada,4793.04,4793.04,5628,2,39,8,0,0,43,Ruck OOA,572,Cleaned Out,583,Own Team 1st Entry,588,OOA Entry 1st Entry- Att,632,Attacking OOA,0,1,0,,0,,0,,0,,0,,0,0,0,0,,1,60,62,0,3,953,Canada,951,Romania,12/07/2024,19:00,13,10,35,22,20,17,1146,TD Place,-1,NA,1,2023,15,15,Full Back,0,,0,,1000761,Hollie Davidson,1001076,Kat Roche,1001022,Luke Rogan,-1,,3,International,Y,W
1793,941540,25181,Kyle Baillie,953,Canada,4793.68,4793.68,5629,2,39,8,0,0,43,Ruck OOA,574,Secured,584,Own Team 2nd Entry,589,OOA Entry 2nd Entry- Att,632,Attacking OOA,0,2,0,,0,,0,,0,,0,,0,0,0,0,,1,60,62,0,3,953,Canada,951,Romania,12/07/2024,19:00,13,10,35,22,20,17,1146,TD Place,-1,NA,1,2023,05,5,Lock (5),0,,0,,1000761,Hollie Davidson,1001076,Kat Roche,1001022,Luke Rogan,-1,,3,International,Y,W
1794,941540,25183,Lucas Rumball,953,Canada,4794.48,4794.48,5630,2,39,8,0,0,43,Ruck OOA,574,Secured,585,Own Team 3rd Entry,590,OOA Entry 3rd Entry- Att,632,Attacking OOA,0,3,0,,0,,0,,0,,0,,0,0,0,0,,1,60,62,0,3,953,Canada,951,Romania,12/07/2024,19:00,13,10,35,22,20,17,1146,TD Place,-1,NA,1,2023,08,8,Number 8,0,,0,,1000761,Hollie Davidson,1001076,Kat Roche,1001022,Luke Rogan,-1,,3,International,Y,W
1795,941540,38159,Jason Higgins,953,Canada,4795.12,4795.12,5630,2,39,8,0,0,18,Collection,631,General Catch,0,,0,,0,,0,,0,,0,,0,,0,,0,,0,0,0,0,,2,60,62,0,3,953,Canada,951,Romania,12/07/2024,19:00,13,10,35,22,20,17,1146,TD Place,-1,NA,1,2023,09,9,Scrum Half,0,,0,,1000761,Hollie Davidson,1001076,Kat Roche,1001022,Luke Rogan,-1,,3,International,Y,W
1796,941540,38159,Jason Higgins,953,Canada,4795.12,4795.12,5630,2,39,8,0,0,47,Playmaker Options,671,Halfback at Breakdown,675,Playmaker Option - Pass,0,,0,,0,,0,,0,,0,,0,,0,,0,0,0,0,,2,60,62,0,3,953,Canada,951,Romania,12/07/2024,19:00,13,10,35,22,20,17,1146,TD Place,-1,NA,1,2023,09,9,Scrum Half,0,,0,,1000761,Hollie Davidson,1001076,Kat Roche,1001022,Luke Rogan,-1,,3,International,Y,W
1797,941540,38159,Jason Higgins,953,Canada,4795.52,4796.92,5631,2,39,8,35,14,3,Pass,169,Complete,0,,686,Medium Pass,682,Right Pass,700,0th Receiver,0,,0,,0,,0,,0,,6,7,4,0,,2,60,62,0,3,953,Canada,951,Romania,12/07/2024,19:00,13,10,35,22,20,17,1146,TD Place,-1,NA,1,2023,09,9,Scrum Half,0,,0,,1000761,Hollie Davidson,1001076,Kat Roche,1001022,Luke Rogan,-1,,3,International,Y,W
1798,941540,27090,Conor Keys,953,Canada,4796.92,4796.92,5632,2,35,14,0,0,18,Collection,631,General Catch,0,,0,,0,,0,,0,,0,,0,,0,,0,,0,0,0,0,,2,60,62,0,3,953,Canada,951,Romania,12/07/2024,19:00,13,10,35,22,20,17,1146,TD Place,-1,NA,1,2023,04,4,Lock (4),0,,0,,1000761,Hollie Davidson,1001076,Kat Roche,1001022,Luke Rogan,-1,,3,International,Y,W
1799,941540,27090,Conor Keys,953,Canada,4796.92,4796.92,5632,2,35,14,0,0,47,Playmaker Options,656,First Receiver,673,Playmaker Option - Carry,0,,0,,0,,0,,0,,0,,0,,0,,0,0,0,0,,2,60,62,0,3,953,Canada,951,Romania,12/07/2024,19:00,13,10,35,22,20,17,1146,TD Place,-1,NA,1,2023,04,4,Lock (4),0,,0,,1000761,Hollie Davidson,1001076,Kat Roche,1001022,Luke Rogan,-1,,3,International,Y,W
1800,941540,27090,Conor Keys,953,Canada,4796.92,4798.16,5632,2,35,14,36,14,1,Carry,101,One Out Drive,108,Tackled Neutral,111,Failed Gain line,461,Neutral Contact,502,2 Tacklers Committed,701,1st Receiver,0,,0,,0,,0,,0,1,1,1,,2,60,62,0,3,953,Canada,951,Romania,12/07/2024,19:00,13,10,35,22,20,17,1146,TD Place,-1,NA,1,2023,04,4,Lock (4),0,,0,,1000761,Hollie Davidson,1001076,Kat Roche,1001022,Luke Rogan,-1,,3,International,Y,W
1801,941540,60960,Mihai Graure,951,Romania,4797.60,4797.60,5633,2,64,54,0,0,2,Tackle,144,Line,153,Complete,0,,474,Neutral Tackle,708,1st Tackler,0,,0,,0,,0,,0,,0,0,0,0,,2,60,62,0,3,953,Canada,951,Romania,12/07/2024,19:00,13,10,35,22,20,17,1146,TD Place,-1,NA,1,2023,13,13,Outside Centre,0,,0,,1000761,Hollie Davidson,1001076,Kat Roche,1001022,Luke Rogan,-1,,3,International,N,L
1802,941540,63895,Yanis Horvat,951,Romania,4797.64,4797.64,5633,2,64,54,0,0,2,Tackle,144,Line,153,Complete,441,Assist,474,Neutral Tackle,709,2nd Tackler,0,,0,,0,,0,,0,,0,0,0,0,,2,60,62,0,3,953,Canada,951,Romania,12/07/2024,19:00,13,10,35,22,20,17,1146,TD Place,-1,NA,1,2023,04,4,Lock (4),0,,0,,1000761,Hollie Davidson,1001076,Kat Roche,1001022,Luke Rogan,-1,,3,International,N,L
1803,941540,27090,Conor Keys,953,Canada,4798.16,4804.52,5633,2,36,14,0,0,23,Ruck,0,,401,Won Outright,549,Behind Previous Gainline,558,6+ Seconds,676,N/A Movement Ruck,0,,0,,0,,0,,0,,0,0,0,0,,2,60,62,0,3,953,Canada,951,Romania,12/07/2024,19:00,13,10,35,22,20,17,1146,TD Place,-1,NA,1,2023,04,4,Lock (4),0,,0,,1000761,Hollie Davidson,1001076,Kat Roche,1001022,Luke Rogan,-1,,3,International,Y,W
1804,941540,63895,Yanis Horvat,951,Romania,4798.92,4798.92,5634,2,64,54,0,0,43,Ruck OOA,577,Not Clearing,583,Own Team 1st Entry,603,OOA Entry 1st Entry- Def,633,Defensive OOA,0,1,0,,0,,0,,0,,0,,0,0,0,0,,2,60,62,0,3,953,Canada,951,Romania,12/07/2024,19:00,13,10,35,22,20,17,1146,TD Place,-1,NA,1,2023,04,4,Lock (4),0,,0,,1000761,Hollie Davidson,1001076,Kat Roche,1001022,Luke Rogan,-1,,3,International,N,L
1805,941540,58656,Calixto Martinez,953,Canada,4799.04,4799.04,5634,2,36,14,0,0,43,Ruck OOA,574,Secured,583,Own Team 1st Entry,588,OOA Entry 1st Entry- Att,632,Attacking OOA,0,1,0,,0,,0,,0,,0,,0,0,0,0,,2,60,62,0,3,953,Canada,951,Romania,12/07/2024,19:00,13,10,35,22,20,17,1146,TD Place,-1,NA,1,2023,17,1,Loosehead Prop,0,,0,,1000761,Hollie Davidson,1001076,Kat Roche,1001022,Luke Rogan,-1,,3,International,Y,W
1806,941540,29383,Conor Young,953,Canada,4799.36,4799.36,5635,2,36,14,0,0,43,Ruck OOA,574,Secured,584,Own Team 2nd Entry,589,OOA Entry 2nd Entry- Att,632,Attacking OOA,0,2,0,,0,,0,,0,,0,,0,0,0,0,,2,60,62,0,3,953,Canada,951,Romania,12/07/2024,19:00,13,10,35,22,20,17,1146,TD Place,-1,NA,1,2023,03,3,Tighthead Prop,0,,0,,1000761,Hollie Davidson,1001076,Kat Roche,1001022,Luke Rogan,-1,,3,International,Y,W
1807,941540,38465,Mason Flesch,953,Canada,4800.48,4800.48,5636,2,36,14,0,0,43,Ruck OOA,574,Secured,585,Own Team 3rd Entry,590,OOA Entry 3rd Entry- Att,632,Attacking OOA,0,3,0,,0,,0,,0,,0,,0,0,0,0,,2,60,62,0,3,953,Canada,951,Romania,12/07/2024,19:00,13,10,35,22,20,17,1146,TD Place,-1,NA,1,2023,06,6,Blindside Flanker,0,,0,,1000761,Hollie Davidson,1001076,Kat Roche,1001022,Luke Rogan,-1,,3,International,Y,W
1808,941540,25181,Kyle Baillie,953,Canada,4801.76,4801.76,5637,2,36,14,0,0,43,Ruck OOA,575,Attended,586,Own Team 4th Entry,591,OOA Entry 4th Entry- Att,632,Attacking OOA,0,4,0,,0,,0,,0,,0,,0,0,0,0,,2,60,62,0,3,953,Canada,951,Romania,12/07/2024,19:00,13,10,35,22,20,17,1146,TD Place,-1,NA,1,2023,05,5,Lock (5),0,,0,,1000761,Hollie Davidson,1001076,Kat Roche,1001022,Luke Rogan,-1,,3,International,Y,W
1809,941540,38159,Jason Higgins,953,Canada,4804.52,4804.52,5640,2,36,14,0,0,18,Collection,631,General Catch,0,,0,,0,,0,,0,,0,,0,,0,,0,,0,0,0,0,,3,60,62,0,3,953,Canada,951,Romania,12/07/2024,19:00,13,10,35,22,20,17,1146,TD Place,-1,NA,1,2023,09,9,Scrum Half,0,,0,,1000761,Hollie Davidson,1001076,Kat Roche,1001022,Luke Rogan,-1,,3,International,Y,W
1810,941540,38159,Jason Higgins,953,Canada,4804.52,4804.52,5640,2,36,14,0,0,47,Playmaker Options,671,Halfback at Breakdown,674,Playmaker Option - Kick,0,,0,,0,,0,,0,,0,,0,,0,,0,0,0,0,,3,60,62,0,3,953,Canada,951,Romania,12/07/2024,19:00,13,10,35,22,20,17,1146,TD Place,-1,NA,1,2023,09,9,Scrum Half,0,,0,,1000761,Hollie Davidson,1001076,Kat Roche,1001022,Luke Rogan,-1,,3,International,Y,W
1811,941540,38159,Jason Higgins,953,Canada,4805.00,4809.80,5640,2,36,14,55,3,4,Kick,346,Box,198,Caught Full,185,Kick in Play,0,,0,,0,,0,,0,,0,,0,,18,22,0,0,,3,60,62,0,3,953,Canada,951,Romania,12/07/2024,19:00,13,10,35,22,20,17,1146,TD Place,-1,NA,1,2023,09,9,Scrum Half,0,,0,,1000761,Hollie Davidson,1001076,Kat Roche,1001022,Luke Rogan,-1,,3,International,Y,W
1812,941540,0,,953,Canada,4788.48,4809.80,5645,2,37,13,55,3,15,Possession,311,Kick Return,351,Kick in Play,0,,684,Fails to enter into Opposition 22,0,,0,,0,,0,,0,,0,,18,0,0,0,,3,60,62,0,3,953,Canada,951,Romania,12/07/2024,19:00,13,10,35,22,20,17,1146,TD Place,-1,NA,1,2023,,,,0,,0,,1000761,Hollie Davidson,1001076,Kat Roche,1001022,Luke Rogan,-1,,3,International,Y,W
1813,941540,57666,Alin Conache,951,Romania,4809.80,4809.80,5645,2,45,65,0,0,18,Collection,273,Defensive Catch,277,Success,0,,0,,0,,0,,0,,0,,0,,0,,0,0,0,0,,1,61,62,0,3,953,Canada,951,Romania,12/07/2024,19:00,13,10,35,22,20,17,1146,TD Place,-1,NA,1,2023,09,9,Scrum Half,0,,0,,1000761,Hollie Davidson,1001076,Kat Roche,1001022,Luke Rogan,-1,,3,International,N,L
1814,941540,57666,Alin Conache,951,Romania,4809.80,4810.68,5645,2,45,65,48,65,1,Carry,104,Kick Return,122,Off Load,109,Crossed Gain line,461,Neutral Contact,501,1 Tacklers Committed,700,0th Receiver,0,,0,,0,,0,,3,3,0,0,,1,61,62,0,3,953,Canada,951,Romania,12/07/2024,19:00,13,10,35,22,20,17,1146,TD Place,-1,NA,1,2023,09,9,Scrum Half,0,,0,,1000761,Hollie Davidson,1001076,Kat Roche,1001022,Luke Rogan,-1,,3,International,N,L
1815,941540,38501,Nic Benn,953,Canada,4810.64,4810.64,5646,2,52,2,0,0,2,Tackle,142,Chase,155,Offload Allowed,0,,474,Neutral Tackle,708,1st Tackler,0,,0,,0,,0,,0,,0,0,0,0,,1,61,62,0,3,953,Canada,951,Romania,12/07/2024,19:00,13,10,35,22,20,17,1146,TD Place,-1,NA,1,2023,11,11,Left Wing,0,,0,,1000761,Hollie Davidson,1001076,Kat Roche,1001022,Luke Rogan,-1,,3,International,Y,W
1816,941540,57666,Alin Conache,951,Romania,4810.68,4811.84,5646,2,48,65,46,63,3,Pass,151,Offload,128,Own Player,679,Short Pass,681,Left Pass,700,0th Receiver,0,,0,,0,,0,,0,,2,3,2,0,,1,61,62,0,3,953,Canada,951,Romania,12/07/2024,19:00,13,10,35,22,20,17,1146,TD Place,-1,NA,1,2023,09,9,Scrum Half,0,,0,,1000761,Hollie Davidson,1001076,Kat Roche,1001022,Luke Rogan,-1,,3,International,N,L
1817,941540,20983,Tevita Manumua,951,Romania,4811.84,4811.84,5647,2,46,63,0,0,18,Collection,631,General Catch,0,,0,,0,,0,,0,,0,,0,,0,,0,,0,0,0,0,,1,61,62,0,3,953,Canada,951,Romania,12/07/2024,19:00,13,10,35,22,20,17,1146,TD Place,-1,NA,1,2023,11,11,Left Wing,0,,0,,1000761,Hollie Davidson,1001076,Kat Roche,1001022,Luke Rogan,-1,,3,International,N,L
1818,941540,20983,Tevita Manumua,951,Romania,4812.40,4816.48,5648,2,47,62,85,62,4,Kick,190,Territorial,199,Collected Bounce,185,Kick in Play,0,,0,,0,,0,,0,,0,,0,,39,39,0,0,,1,61,62,0,3,953,Canada,951,Romania,12/07/2024,19:00,13,10,35,22,20,17,1146,TD Place,-1,NA,1,2023,11,11,Left Wing,0,,0,,1000761,Hollie Davidson,1001076,Kat Roche,1001022,Luke Rogan,-1,,3,International,N,L
1819,941540,0,,951,Romania,4809.80,4816.48,5652,2,45,65,85,62,15,Possession,311,Kick Return,351,Kick in Play,0,,684,Fails to enter into Opposition 22,0,,0,,0,,0,,0,,0,,40,0,0,0,,1,61,62,0,3,953,Canada,951,Romania,12/07/2024,19:00,13,10,35,22,20,17,1146,TD Place,-1,NA,1,2023,,,,0,,0,,1000761,Hollie Davidson,1001076,Kat Roche,1001022,Luke Rogan,-1,,3,International,N,L
1820,941540,19391,Peter Nelson,953,Canada,4816.48,4816.48,5652,2,15,6,0,0,18,Collection,274,Defensive Loose Ball,277,Success,0,,0,,0,,0,,0,,0,,0,,0,,0,0,0,0,,1,62,62,0,3,953,Canada,951,Romania,12/07/2024,19:00,13,10,35,22,20,17,1146,TD Place,-1,NA,1,2023,10,10,Fly Half,0,,0,,1000761,Hollie Davidson,1001076,Kat Roche,1001022,Luke Rogan,-1,,3,International,Y,W
1821,941540,0,,953,Canada,4816.48,4816.48,5652,2,15,6,0,0,45,Defensive Exits,630,Kicked out of 22,0,,0,,0,,0,,0,,0,,0,,0,,0,,0,0,0,0,,1,62,62,0,3,953,Canada,951,Romania,12/07/2024,19:00,13,10,35,22,20,17,1146,TD Place,-1,NA,1,2023,,,,0,,0,,1000761,Hollie Davidson,1001076,Kat Roche,1001022,Luke Rogan,-1,,3,International,Y,W
1822,941540,19391,Peter Nelson,953,Canada,4818.48,4825.52,5654,2,18,7,72,6,4,Kick,190,Territorial,199,Collected Bounce,186,Kick in Play (Own 22),0,,0,,0,,0,,0,,0,,0,,54,54,0,0,,1,62,62,0,3,953,Canada,951,Romania,12/07/2024,19:00,13,10,35,22,20,17,1146,TD Place,-1,NA,1,2023,10,10,Fly Half,0,,0,,1000761,Hollie Davidson,1001076,Kat Roche,1001022,Luke Rogan,-1,,3,International,Y,W
1823,941540,0,,953,Canada,4816.48,4825.52,5701,2,15,6,72,6,15,Possession,311,Kick Return,351,Kick in Play,0,,684,Fails to enter into Opposition 22,0,,0,,0,,0,,0,,0,,57,0,0,0,,1,62,62,0,3,953,Canada,951,Romania,12/07/2024,19:00,13,10,35,22,20,17,1146,TD Place,-1,NA,1,2023,,,,0,,0,,1000761,Hollie Davidson,1001076,Kat Roche,1001022,Luke Rogan,-1,,3,International,Y,W
1824,941540,57666,Alin Conache,951,Romania,4825.52,4825.52,5701,2,28,62,0,0,18,Collection,274,Defensive Loose Ball,277,Success,0,,0,,0,,0,,0,,0,,0,,0,,0,0,0,0,,1,63,62,0,3,953,Canada,951,Romania,12/07/2024,19:00,13,10,35,22,20,17,1146,TD Place,-1,NA,1,2023,09,9,Scrum Half,0,,0,,1000761,Hollie Davidson,1001076,Kat Roche,1001022,Luke Rogan,-1,,3,International,N,L
1825,941540,57666,Alin Conache,951,Romania,4826.76,4828.72,5702,2,29,61,26,49,3,Pass,169,Complete,0,,686,Medium Pass,681,Left Pass,700,0th Receiver,0,,0,,0,,0,,0,,13,13,3,0,,1,63,62,0,3,953,Canada,951,Romania,12/07/2024,19:00,13,10,35,22,20,17,1146,TD Place,-1,NA,1,2023,09,9,Scrum Half,0,,0,,1000761,Hollie Davidson,1001076,Kat Roche,1001022,Luke Rogan,-1,,3,International,N,L
1826,941540,33463,Paul Popoaia,951,Romania,4828.72,4828.72,5704,2,26,49,0,0,18,Collection,631,General Catch,0,,0,,0,,0,,0,,0,,0,,0,,0,,0,0,0,0,,1,63,62,0,3,953,Canada,951,Romania,12/07/2024,19:00,13,10,35,22,20,17,1146,TD Place,-1,NA,1,2023,15,15,Full Back,0,,0,,1000761,Hollie Davidson,1001076,Kat Roche,1001022,Luke Rogan,-1,,3,International,N,L
1827,941540,33463,Paul Popoaia,951,Romania,4828.76,4830.92,5704,2,26,48,24,32,3,Pass,169,Complete,0,,680,Long Pass,681,Left Pass,701,1st Receiver,0,,0,,0,,0,,0,,16,17,2,0,,1,63,62,0,3,953,Canada,951,Romania,12/07/2024,19:00,13,10,35,22,20,17,1146,TD Place,-1,NA,1,2023,15,15,Full Back,0,,0,,1000761,Hollie Davidson,1001076,Kat Roche,1001022,Luke Rogan,-1,,3,International,N,L
1828,941540,27035,Marius Simionescu,951,Romania,4830.92,4830.92,5706,2,24,32,0,0,18,Collection,631,General Catch,0,,0,,0,,0,,0,,0,,0,,0,,0,,0,0,0,0,,1,63,62,0,3,953,Canada,951,Romania,12/07/2024,19:00,13,10,35,22,20,17,1146,TD Place,-1,NA,1,2023,14,14,Right Wing,0,,0,,1000761,Hollie Davidson,1001076,Kat Roche,1001022,Luke Rogan,-1,,3,International,N,L
1829,941540,27035,Marius Simionescu,951,Romania,4830.96,4835.72,5706,2,29,31,77,3,4,Kick,190,Territorial,198,Caught Full,185,Kick in Play,0,,0,,0,,0,,0,,0,,0,,48,56,0,0,,1,63,62,0,3,953,Canada,951,Romania,12/07/2024,19:00,13,10,35,22,20,17,1146,TD Place,-1,NA,1,2023,14,14,Right Wing,0,,0,,1000761,Hollie Davidson,1001076,Kat Roche,1001022,Luke Rogan,-1,,3,International,N,L
1830,941540,0,,951,Romania,4825.52,4835.72,5711,2,28,62,77,3,15,Possession,311,Kick Return,351,Kick in Play,0,,684,Fails to enter into Opposition 22,0,,0,,0,,0,,0,,0,,49,0,0,0,,1,63,62,0,3,953,Canada,951,Romania,12/07/2024,19:00,13,10,35,22,20,17,1146,TD Place,-1,NA,1,2023,,,,0,,0,,1000761,Hollie Davidson,1001076,Kat Roche,1001022,Luke Rogan,-1,,3,International,N,L
1831,941540,33642,Cooper Coats,953,Canada,4835.72,4835.72,5711,2,23,65,0,0,18,Collection,273,Defensive Catch,277,Success,0,,0,,0,,0,,0,,0,,0,,0,,0,0,0,0,,1,64,62,0,3,953,Canada,951,Romania,12/07/2024,19:00,13,10,35,22,20,17,1146,TD Place,-1,NA,1,2023,15,15,Full Back,0,,0,,1000761,Hollie Davidson,1001076,Kat Roche,1001022,Luke Rogan,-1,,3,International,Y,W
1832,941540,33642,Cooper Coats,953,Canada,4836.88,4842.20,5712,2,33,62,83,54,4,Kick,190,Territorial,199,Collected Bounce,185,Kick in Play,0,,0,,0,,0,,0,,0,,0,,51,51,0,0,,1,64,62,0,3,953,Canada,951,Romania,12/07/2024,19:00,13,10,35,22,20,17,1146,TD Place,-1,NA,1,2023,15,15,Full Back,0,,0,,1000761,Hollie Davidson,1001076,Kat Roche,1001022,Luke Rogan,-1,,3,International,Y,W
1833,941540,0,,953,Canada,4835.72,4842.20,5717,2,23,65,83,54,15,Possession,311,Kick Return,351,Kick in Play,0,,684,Fails to enter into Opposition 22,0,,0,,0,,0,,0,,0,,60,0,0,0,,1,64,62,0,3,953,Canada,951,Romania,12/07/2024,19:00,13,10,35,22,20,17,1146,TD Place,-1,NA,1,2023,,,,0,,0,,1000761,Hollie Davidson,1001076,Kat Roche,1001022,Luke Rogan,-1,,3,International,Y,W
1834,941540,27747,Hinckley Vaovasa,951,Romania,4842.20,4842.20,5717,2,17,14,0,0,18,Collection,274,Defensive Loose Ball,277,Success,0,,0,,0,,0,,0,,0,,0,,0,,0,0,0,0,,1,65,62,0,3,953,Canada,951,Romania,12/07/2024,19:00,13,10,35,22,20,17,1146,TD Place,-1,NA,1,2023,10,10,Fly Half,0,,0,,1000761,Hollie Davidson,1001076,Kat Roche,1001022,Luke Rogan,-1,,3,International,N,L
1835,941540,0,,951,Romania,4842.20,4842.20,5717,2,17,14,0,0,45,Defensive Exits,630,Kicked out of 22,0,,0,,0,,0,,0,,0,,0,,0,,0,,0,0,0,0,,1,65,62,0,3,953,Canada,951,Romania,12/07/2024,19:00,13,10,35,22,20,17,1146,TD Place,-1,NA,1,2023,,,,0,,0,,1000761,Hollie Davidson,1001076,Kat Roche,1001022,Luke Rogan,-1,,3,International,N,L
1836,941540,27747,Hinckley Vaovasa,951,Romania,4842.48,4844.80,5718,2,19,15,17,23,3,Pass,169,Complete,0,,686,Medium Pass,682,Right Pass,700,0th Receiver,0,,0,,0,,0,,0,,8,8,2,0,,1,65,62,0,3,953,Canada,951,Romania,12/07/2024,19:00,13,10,35,22,20,17,1146,TD Place,-1,NA,1,2023,10,10,Fly Half,0,,0,,1000761,Hollie Davidson,1001076,Kat Roche,1001022,Luke Rogan,-1,,3,International,N,L
1837,941540,33463,Paul Popoaia,951,Romania,4844.80,4844.80,5720,2,17,23,0,0,18,Collection,631,General Catch,0,,0,,0,,0,,0,,0,,0,,0,,0,,0,0,0,0,,1,65,62,0,3,953,Canada,951,Romania,12/07/2024,19:00,13,10,35,22,20,17,1146,TD Place,-1,NA,1,2023,15,15,Full Back,0,,0,,1000761,Hollie Davidson,1001076,Kat Roche,1001022,Luke Rogan,-1,,3,International,N,L
1838,941540,33463,Paul Popoaia,951,Romania,4844.84,4848.28,5720,2,19,21,40,0,4,Kick,347,Touch Kick,193,Kick in Touch (Full),186,Kick in Play (Own 22),0,,0,,0,,0,,0,,0,,0,,20,29,0,0,,1,65,62,0,3,953,Canada,951,Romania,12/07/2024,19:00,13,10,35,22,20,17,1146,TD Place,-1,NA,1,2023,15,15,Full Back,0,,0,,1000761,Hollie Davidson,1001076,Kat Roche,1001022,Luke Rogan,-1,,3,International,N,L
1839,941540,0,,953,Canada,4775.76,4848.28,5724,2,19,33,61,68,26,Sequences,305,22m Restart,315,Kick Out of Play,0,,0,,0,,0,,0,,0,,0,,0,,42,0,0,0,,1,65,62,0,3,953,Canada,951,Romania,12/07/2024,19:00,13,10,35,22,20,17,1146,TD Place,-1,NA,1,2023,,,,0,,0,,1000761,Hollie Davidson,1001076,Kat Roche,1001022,Luke Rogan,-1,,3,International,Y,W
1840,941540,0,,951,Romania,4842.20,4848.28,5724,2,17,14,40,0,15,Possession,311,Kick Return,315,Kick Out of Play,0,,684,Fails to enter into Opposition 22,0,,0,,0,,0,,0,,0,,23,0,0,0,,1,65,62,0,3,953,Canada,951,Romania,12/07/2024,19:00,13,10,35,22,20,17,1146,TD Place,-1,NA,1,2023,,,,0,,0,,1000761,Hollie Davidson,1001076,Kat Roche,1001022,Luke Rogan,-1,,3,International,N,L
1841,941540,25189,Andrew Quattrin,953,Canada,4872.48,4874.20,5748,2,61,68,61,57,6,Lineout Throw,372,Throw Middle,376,Won Clean Catch,211,Off The Top,0,6,661,Mid Left Open Movement Lineout,731,6 Players,724,Halfback in Position,0,,0,,0,,11,0,2,25,,1,66,63,0,3,953,Canada,951,Romania,12/07/2024,19:00,13,10,35,22,20,17,1146,TD Place,-1,NA,1,2023,02,2,Hooker,0,,0,,1000761,Hollie Davidson,1001076,Kat Roche,1001022,Luke Rogan,-1,,3,International,Y,W
1842,941540,38465,Mason Flesch,953,Canada,4874.20,4874.20,5749,2,61,57,0,0,27,Lineout Take,387,Lineout Win Middle,376,Won Clean,211,Off The Top,396,Clean Catch,0,,0,,0,,0,,0,,0,,0,0,0,0,,1,66,63,0,3,953,Canada,951,Romania,12/07/2024,19:00,13,10,35,22,20,17,1146,TD Place,-1,NA,1,2023,06,6,Blindside Flanker,0,,0,,1000761,Hollie Davidson,1001076,Kat Roche,1001022,Luke Rogan,-1,,3,International,Y,W
1843,941540,38465,Mason Flesch,953,Canada,4874.44,4875.16,5750,2,61,57,57,59,3,Pass,169,Complete,0,,679,Short Pass,682,Right Pass,700,0th Receiver,0,,0,,0,,0,,0,,3,5,4,0,,1,66,63,0,3,953,Canada,951,Romania,12/07/2024,19:00,13,10,35,22,20,17,1146,TD Place,-1,NA,1,2023,06,6,Blindside Flanker,0,,0,,1000761,Hollie Davidson,1001076,Kat Roche,1001022,Luke Rogan,-1,,3,International,Y,W
1844,941540,38159,Jason Higgins,953,Canada,4875.16,4875.16,5750,2,57,59,0,0,18,Collection,631,General Catch,0,,0,,0,,0,,0,,0,,0,,0,,0,,0,0,0,0,,1,66,63,0,3,953,Canada,951,Romania,12/07/2024,19:00,13,10,35,22,20,17,1146,TD Place,-1,NA,1,2023,09,9,Scrum Half,0,,0,,1000761,Hollie Davidson,1001076,Kat Roche,1001022,Luke Rogan,-1,,3,International,Y,W
1845,941540,38159,Jason Higgins,953,Canada,4875.20,4876.76,5750,2,57,58,55,43,3,Pass,169,Complete,0,,680,Long Pass,681,Left Pass,701,1st Receiver,0,,0,,0,,0,,0,,15,15,3,0,,1,66,63,0,3,953,Canada,951,Romania,12/07/2024,19:00,13,10,35,22,20,17,1146,TD Place,-1,NA,1,2023,09,9,Scrum Half,0,,0,,1000761,Hollie Davidson,1001076,Kat Roche,1001022,Luke Rogan,-1,,3,International,Y,W
1846,941540,19391,Peter Nelson,953,Canada,4876.76,4876.76,5752,2,55,43,0,0,18,Collection,631,General Catch,0,,0,,0,,0,,0,,0,,0,,0,,0,,0,0,0,0,,1,66,63,0,3,953,Canada,951,Romania,12/07/2024,19:00,13,10,35,22,20,17,1146,TD Place,-1,NA,1,2023,10,10,Fly Half,0,,0,,1000761,Hollie Davidson,1001076,Kat Roche,1001022,Luke Rogan,-1,,3,International,Y,W
1847,941540,19391,Peter Nelson,953,Canada,4876.80,4877.76,5752,2,57,41,56,34,3,Pass,169,Complete,0,,686,Medium Pass,681,Left Pass,702,2nd Receiver,0,,0,,0,,0,,0,,7,7,1,0,,1,66,63,0,3,953,Canada,951,Romania,12/07/2024,19:00,13,10,35,22,20,17,1146,TD Place,-1,NA,1,2023,10,10,Fly Half,0,,0,,1000761,Hollie Davidson,1001076,Kat Roche,1001022,Luke Rogan,-1,,3,International,Y,W
1848,941540,64048,Talon McMullin,953,Canada,4877.76,4877.76,5753,2,56,34,0,0,18,Collection,631,General Catch,0,,0,,0,,0,,0,,0,,0,,0,,0,,0,0,0,0,,1,66,63,0,3,953,Canada,951,Romania,12/07/2024,19:00,13,10,35,22,20,17,1146,TD Place,-1,NA,1,2023,12,12,Inside Centre,0,,0,,1000761,Hollie Davidson,1001076,Kat Roche,1001022,Luke Rogan,-1,,3,International,Y,W
1849,941540,64048,Talon McMullin,953,Canada,4877.76,4880.08,5753,2,56,34,63,32,1,Carry,103,Other Carry,107,Tackled Dominant,109,Crossed Gain line,460,Dominant Contact,503,3 Tacklers Committed,703,3rd Receiver,0,,0,,0,,0,,2,7,5,2,,1,66,63,0,3,953,Canada,951,Romania,12/07/2024,19:00,13,10,35,22,20,17,1146,TD Place,-1,NA,1,2023,12,12,Inside Centre,0,,0,,1000761,Hollie Davidson,1001076,Kat Roche,1001022,Luke Rogan,-1,,3,International,Y,W
1850,941540,36759,Dragos Ser,951,Romania,4878.20,4878.20,5753,2,42,35,0,0,2,Tackle,144,Line,161,Missed,0,,475,Ineffective Tackle,708,1st Tackler,0,,0,,0,,0,,0,,0,0,0,0,,1,66,63,0,3,953,Canada,951,Romania,12/07/2024,19:00,13,10,35,22,20,17,1146,TD Place,-1,NA,1,2023,07,7,Openside Flanker,0,,0,,1000761,Hollie Davidson,1001076,Kat Roche,1001022,Luke Rogan,-1,,3,International,N,L
1851,941540,36759,Dragos Ser,951,Romania,4878.20,4878.20,5753,2,42,35,0,0,12,Missed Tackle,163,Stepped,166,Tackled,0,,0,,0,,0,,0,,0,,0,,0,,0,0,0,0,,1,66,63,0,3,953,Canada,951,Romania,12/07/2024,19:00,13,10,35,22,20,17,1146,TD Place,-1,NA,1,2023,07,7,Openside Flanker,0,,0,,1000761,Hollie Davidson,1001076,Kat Roche,1001022,Luke Rogan,-1,,3,International,N,L
1852,941540,64048,Talon McMullin,953,Canada,4878.88,4878.88,5754,2,58,33,0,0,10,Attacking Qualities,116,Defender Beaten,0,,0,,0,,0,,0,,0,,0,,0,,0,,0,0,0,0,,1,66,63,0,3,953,Canada,951,Romania,12/07/2024,19:00,13,10,35,22,20,17,1146,TD Place,-1,NA,1,2023,12,12,Inside Centre,0,,0,,1000761,Hollie Davidson,1001076,Kat Roche,1001022,Luke Rogan,-1,,3,International,Y,W
1853,941540,27747,Hinckley Vaovasa,951,Romania,4879.68,4879.68,5755,2,40,36,0,0,2,Tackle,144,Line,161,Missed,441,Assist,475,Ineffective Tackle,709,2nd Tackler,0,,0,,0,,0,,0,,0,0,0,0,,1,66,63,0,3,953,Canada,951,Romania,12/07/2024,19:00,13,10,35,22,20,17,1146,TD Place,-1,NA,1,2023,10,10,Fly Half,0,,0,,1000761,Hollie Davidson,1001076,Kat Roche,1001022,Luke Rogan,-1,,3,International,N,L
1854,941540,27747,Hinckley Vaovasa,951,Romania,4879.68,4879.68,5755,2,40,36,0,0,12,Missed Tackle,162,Bumped Off,166,Tackled,0,,0,,0,,0,,0,,0,,0,,0,,0,0,0,0,,1,66,63,0,3,953,Canada,951,Romania,12/07/2024,19:00,13,10,35,22,20,17,1146,TD Place,-1,NA,1,2023,10,10,Fly Half,0,,0,,1000761,Hollie Davidson,1001076,Kat Roche,1001022,Luke Rogan,-1,,3,International,N,L
1855,941540,64048,Talon McMullin,953,Canada,4879.72,4879.72,5755,2,60,32,0,0,10,Attacking Qualities,116,Defender Beaten,0,,0,,0,,0,,0,,0,,0,,0,,0,,0,0,0,0,,1,66,63,0,3,953,Canada,951,Romania,12/07/2024,19:00,13,10,35,22,20,17,1146,TD Place,-1,NA,1,2023,12,12,Inside Centre,0,,0,,1000761,Hollie Davidson,1001076,Kat Roche,1001022,Luke Rogan,-1,,3,International,Y,W
1856,941540,38195,Rob Irimescu,951,Romania,4880.00,4880.00,5755,2,40,36,0,0,2,Tackle,144,Line,160,Passive,441,Assist,475,Ineffective Tackle,710,3rd Tackler,0,,0,,0,,0,,0,,0,0,0,0,,1,66,63,0,3,953,Canada,951,Romania,12/07/2024,19:00,13,10,35,22,20,17,1146,TD Place,-1,NA,1,2023,16,2,Hooker,0,,0,,1000761,Hollie Davidson,1001076,Kat Roche,1001022,Luke Rogan,-1,,3,International,N,L
1857,941540,64048,Talon McMullin,953,Canada,4880.08,4882.00,5755,2,63,32,0,0,23,Ruck,0,,401,Won Outright,548,Over Previous Gainline,553,1-2 Seconds,661,Mid Left Open Movement Ruck,0,,0,,0,,0,,0,,0,0,-3,12,,1,66,63,0,3,953,Canada,951,Romania,12/07/2024,19:00,13,10,35,22,20,17,1146,TD Place,-1,NA,1,2023,12,12,Inside Centre,0,,0,,1000761,Hollie Davidson,1001076,Kat Roche,1001022,Luke Rogan,-1,,3,International,Y,W
1858,941540,25195,Ben LeSage,953,Canada,4880.52,4880.52,5756,2,63,32,0,0,43,Ruck OOA,574,Secured,583,Own Team 1st Entry,588,OOA Entry 1st Entry- Att,632,Attacking OOA,0,1,0,,0,,0,,0,,0,,0,0,0,0,,1,66,63,0,3,953,Canada,951,Romania,12/07/2024,19:00,13,10,35,22,20,17,1146,TD Place,-1,NA,1,2023,13,13,Outside Centre,0,,0,,1000761,Hollie Davidson,1001076,Kat Roche,1001022,Luke Rogan,-1,,3,International,Y,W
1859,941540,25183,Lucas Rumball,953,Canada,4880.64,4880.64,5756,2,63,32,0,0,43,Ruck OOA,574,Secured,584,Own Team 2nd Entry,589,OOA Entry 2nd Entry- Att,632,Attacking OOA,0,2,0,,0,,0,,0,,0,,0,0,0,0,,1,66,63,0,3,953,Canada,951,Romania,12/07/2024,19:00,13,10,35,22,20,17,1146,TD Place,-1,NA,1,2023,08,8,Number 8,0,,0,,1000761,Hollie Davidson,1001076,Kat Roche,1001022,Luke Rogan,-1,,3,International,Y,W
1860,941540,58656,Calixto Martinez,953,Canada,4881.32,4881.32,5757,2,63,32,0,0,43,Ruck OOA,575,Attended,585,Own Team 3rd Entry,590,OOA Entry 3rd Entry- Att,632,Attacking OOA,0,3,0,,0,,0,,0,,0,,0,0,0,0,,1,66,63,0,3,953,Canada,951,Romania,12/07/2024,19:00,13,10,35,22,20,17,1146,TD Place,-1,NA,1,2023,17,1,Loosehead Prop,0,,0,,1000761,Hollie Davidson,1001076,Kat Roche,1001022,Luke Rogan,-1,,3,International,Y,W
1861,941540,38159,Jason Higgins,953,Canada,4882.00,4882.00,5757,2,63,32,0,0,18,Collection,631,General Catch,0,,0,,0,,0,,0,,0,,0,,0,,0,,0,0,0,0,,2,66,63,0,3,953,Canada,951,Romania,12/07/2024,19:00,13,10,35,22,20,17,1146,TD Place,-1,NA,1,2023,09,9,Scrum Half,0,,0,,1000761,Hollie Davidson,1001076,Kat Roche,1001022,Luke Rogan,-1,,3,International,Y,W
1862,941540,38159,Jason Higgins,953,Canada,4882.00,4882.00,5757,2,63,32,0,0,47,Playmaker Options,671,Halfback at Breakdown,675,Playmaker Option - Pass,0,,0,,0,,0,,0,,0,,0,,0,,0,0,0,0,,2,66,63,0,3,953,Canada,951,Romania,12/07/2024,19:00,13,10,35,22,20,17,1146,TD Place,-1,NA,1,2023,09,9,Scrum Half,0,,0,,1000761,Hollie Davidson,1001076,Kat Roche,1001022,Luke Rogan,-1,,3,International,Y,W
1863,941540,38159,Jason Higgins,953,Canada,4882.40,4884.64,5758,2,63,32,58,21,3,Pass,174,Incomplete,0,,686,Medium Pass,681,Left Pass,700,0th Receiver,0,,0,,0,,0,,0,,11,12,5,0,,2,66,63,0,3,953,Canada,951,Romania,12/07/2024,19:00,13,10,35,22,20,17,1146,TD Place,-1,NA,1,2023,09,9,Scrum Half,0,,0,,1000761,Hollie Davidson,1001076,Kat Roche,1001022,Luke Rogan,-1,,3,International,Y,W
1864,941540,19391,Peter Nelson,953,Canada,4884.64,4884.64,5800,2,58,21,0,0,18,Collection,272,Attacking Loose Ball,277,Success,0,,0,,0,,0,,0,,0,,0,,0,,0,0,0,0,,2,66,63,0,3,953,Canada,951,Romania,12/07/2024,19:00,13,10,35,22,20,17,1146,TD Place,-1,NA,1,2023,10,10,Fly Half,0,,0,,1000761,Hollie Davidson,1001076,Kat Roche,1001022,Luke Rogan,-1,,3,International,Y,W
1865,941540,19391,Peter Nelson,953,Canada,4884.96,4891.32,5800,2,60,21,0,0,23,Ruck,0,,401,Won Outright,549,Behind Previous Gainline,558,6+ Seconds,662,Mid Right Open Movement Ruck,0,,0,,0,,0,,0,,0,0,-3,10,,2,66,63,0,3,953,Canada,951,Romania,12/07/2024,19:00,13,10,35,22,20,17,1146,TD Place,-1,NA,1,2023,10,10,Fly Half,0,,0,,1000761,Hollie Davidson,1001076,Kat Roche,1001022,Luke Rogan,-1,,3,International,Y,W
1866,941540,27028,Marius Iftimiciuc,951,Romania,4885.64,4885.64,5801,2,41,47,0,0,43,Ruck OOA,577,Not Clearing,583,Own Team 1st Entry,603,OOA Entry 1st Entry- Def,633,Defensive OOA,0,1,0,,0,,0,,0,,0,,0,0,0,0,,2,66,63,0,3,953,Canada,951,Romania,12/07/2024,19:00,13,10,35,22,20,17,1146,TD Place,-1,NA,1,2023,19,5,Lock (5),0,,0,,1000761,Hollie Davidson,1001076,Kat Roche,1001022,Luke Rogan,-1,,3,International,N,L
1867,941540,64048,Talon McMullin,953,Canada,4886.04,4886.04,5801,2,60,21,0,0,43,Ruck OOA,574,Secured,583,Own Team 1st Entry,588,OOA Entry 1st Entry- Att,632,Attacking OOA,0,1,0,,0,,0,,0,,0,,0,0,0,0,,2,66,63,0,3,953,Canada,951,Romania,12/07/2024,19:00,13,10,35,22,20,17,1146,TD Place,-1,NA,1,2023,12,12,Inside Centre,0,,0,,1000761,Hollie Davidson,1001076,Kat Roche,1001022,Luke Rogan,-1,,3,International,Y,W
1868,941540,36759,Dragos Ser,951,Romania,4886.92,4886.92,5802,2,41,47,0,0,43,Ruck OOA,577,Not Clearing,584,Own Team 2nd Entry,604,OOA Entry 2nd Entry- Def,633,Defensive OOA,0,2,0,,0,,0,,0,,0,,0,0,0,0,,2,66,63,0,3,953,Canada,951,Romania,12/07/2024,19:00,13,10,35,22,20,17,1146,TD Place,-1,NA,1,2023,07,7,Openside Flanker,0,,0,,1000761,Hollie Davidson,1001076,Kat Roche,1001022,Luke Rogan,-1,,3,International,N,L
1869,941540,25189,Andrew Quattrin,953,Canada,4887.32,4887.32,5803,2,60,21,0,0,43,Ruck OOA,574,Secured,584,Own Team 2nd Entry,589,OOA Entry 2nd Entry- Att,632,Attacking OOA,0,2,0,,0,,0,,0,,0,,0,0,0,0,,2,66,63,0,3,953,Canada,951,Romania,12/07/2024,19:00,13,10,35,22,20,17,1146,TD Place,-1,NA,1,2023,02,2,Hooker,0,,0,,1000761,Hollie Davidson,1001076,Kat Roche,1001022,Luke Rogan,-1,,3,International,Y,W
1870,941540,27747,Hinckley Vaovasa,951,Romania,4887.40,4887.40,5803,2,41,47,0,0,43,Ruck OOA,577,Not Clearing,585,Own Team 3rd Entry,605,OOA Entry 3rd Entry- Def,633,Defensive OOA,0,3,0,,0,,0,,0,,0,,0,0,0,0,,2,66,63,0,3,953,Canada,951,Romania,12/07/2024,19:00,13,10,35,22,20,17,1146,TD Place,-1,NA,1,2023,10,10,Fly Half,0,,0,,1000761,Hollie Davidson,1001076,Kat Roche,1001022,Luke Rogan,-1,,3,International,N,L
1871,941540,25181,Kyle Baillie,953,Canada,4887.60,4887.60,5803,2,60,21,0,0,43,Ruck OOA,574,Secured,585,Own Team 3rd Entry,590,OOA Entry 3rd Entry- Att,632,Attacking OOA,0,3,0,,0,,0,,0,,0,,0,0,0,0,,2,66,63,0,3,953,Canada,951,Romania,12/07/2024,19:00,13,10,35,22,20,17,1146,TD Place,-1,NA,1,2023,05,5,Lock (5),0,,0,,1000761,Hollie Davidson,1001076,Kat Roche,1001022,Luke Rogan,-1,,3,International,Y,W
1872,941540,27535,Alexandru Savin,951,Romania,4888.72,4888.72,5804,2,41,47,0,0,43,Ruck OOA,577,Not Clearing,586,Own Team 4th Entry,606,OOA Entry 4th Entry- Def,633,Defensive OOA,0,4,0,,0,,0,,0,,0,,0,0,0,0,,2,66,63,0,3,953,Canada,951,Romania,12/07/2024,19:00,13,10,35,22,20,17,1146,TD Place,-1,NA,1,2023,17,1,Loosehead Prop,0,,0,,1000761,Hollie Davidson,1001076,Kat Roche,1001022,Luke Rogan,-1,,3,International,N,L
1873,941540,38159,Jason Higgins,953,Canada,4891.32,4891.32,5807,2,60,21,0,0,18,Collection,631,General Catch,0,,0,,0,,0,,0,,0,,0,,0,,0,,0,0,0,0,,3,66,63,0,3,953,Canada,951,Romania,12/07/2024,19:00,13,10,35,22,20,17,1146,TD Place,-1,NA,1,2023,09,9,Scrum Half,0,,0,,1000761,Hollie Davidson,1001076,Kat Roche,1001022,Luke Rogan,-1,,3,International,Y,W
1874,941540,38159,Jason Higgins,953,Canada,4891.32,4891.32,5807,2,60,21,0,0,47,Playmaker Options,671,Halfback at Breakdown,675,Playmaker Option - Pass,0,,0,,0,,0,,0,,0,,0,,0,,0,0,0,0,,3,66,63,0,3,953,Canada,951,Romania,12/07/2024,19:00,13,10,35,22,20,17,1146,TD Place,-1,NA,1,2023,09,9,Scrum Half,0,,0,,1000761,Hollie Davidson,1001076,Kat Roche,1001022,Luke Rogan,-1,,3,International,Y,W
1875,941540,38159,Jason Higgins,953,Canada,4891.92,4893.00,5807,2,60,21,56,27,3,Pass,169,Complete,0,,686,Medium Pass,682,Right Pass,700,0th Receiver,0,,0,,0,,0,,0,,7,8,3,0,,3,66,63,0,3,953,Canada,951,Romania,12/07/2024,19:00,13,10,35,22,20,17,1146,TD Place,-1,NA,1,2023,09,9,Scrum Half,0,,0,,1000761,Hollie Davidson,1001076,Kat Roche,1001022,Luke Rogan,-1,,3,International,Y,W
1876,941540,58656,Calixto Martinez,953,Canada,4893.00,4893.00,5808,2,56,27,0,0,18,Collection,631,General Catch,0,,0,,0,,0,,0,,0,,0,,0,,0,,0,0,0,0,,3,66,63,0,3,953,Canada,951,Romania,12/07/2024,19:00,13,10,35,22,20,17,1146,TD Place,-1,NA,1,2023,17,1,Loosehead Prop,0,,0,,1000761,Hollie Davidson,1001076,Kat Roche,1001022,Luke Rogan,-1,,3,International,Y,W
1877,941540,58656,Calixto Martinez,953,Canada,4893.00,4893.00,5808,2,56,27,0,0,47,Playmaker Options,656,First Receiver,673,Playmaker Option - Carry,0,,0,,0,,0,,0,,0,,0,,0,,0,0,0,0,,3,66,63,0,3,953,Canada,951,Romania,12/07/2024,19:00,13,10,35,22,20,17,1146,TD Place,-1,NA,1,2023,17,1,Loosehead Prop,0,,0,,1000761,Hollie Davidson,1001076,Kat Roche,1001022,Luke Rogan,-1,,3,International,Y,W
1878,941540,58656,Calixto Martinez,953,Canada,4893.00,4896.20,5808,2,56,27,57,31,1,Carry,101,One Out Drive,108,Tackled Neutral,111,Failed Gain line,461,Neutral Contact,501,1 Tacklers Committed,701,1st Receiver,0,,0,,0,,0,,0,1,0,0,,3,66,63,0,3,953,Canada,951,Romania,12/07/2024,19:00,13,10,35,22,20,17,1146,TD Place,-1,NA,1,2023,17,1,Loosehead Prop,0,,0,,1000761,Hollie Davidson,1001076,Kat Roche,1001022,Luke Rogan,-1,,3,International,Y,W
1879,941540,63895,Yanis Horvat,951,Romania,4893.24,4893.24,5808,2,43,40,0,0,2,Tackle,144,Line,153,Complete,0,,474,Neutral Tackle,708,1st Tackler,0,,0,,0,,0,,0,,0,0,0,0,,3,66,63,0,3,953,Canada,951,Romania,12/07/2024,19:00,13,10,35,22,20,17,1146,TD Place,-1,NA,1,2023,04,4,Lock (4),0,,0,,1000761,Hollie Davidson,1001076,Kat Roche,1001022,Luke Rogan,-1,,3,International,N,L
1880,941540,58656,Calixto Martinez,953,Canada,4896.20,4897.92,5811,2,57,31,0,0,23,Ruck,0,,401,Won Outright,549,Behind Previous Gainline,553,1-2 Seconds,676,N/A Movement Ruck,0,,0,,0,,0,,0,,0,0,0,0,,3,66,63,0,3,953,Canada,951,Romania,12/07/2024,19:00,13,10,35,22,20,17,1146,TD Place,-1,NA,1,2023,17,1,Loosehead Prop,0,,0,,1000761,Hollie Davidson,1001076,Kat Roche,1001022,Luke Rogan,-1,,3,International,Y,W
1881,941540,25183,Lucas Rumball,953,Canada,4897.40,4897.40,5813,2,57,31,0,0,43,Ruck OOA,574,Secured,583,Own Team 1st Entry,588,OOA Entry 1st Entry- Att,632,Attacking OOA,0,1,0,,0,,0,,0,,0,,0,0,0,0,,3,66,63,0,3,953,Canada,951,Romania,12/07/2024,19:00,13,10,35,22,20,17,1146,TD Place,-1,NA,1,2023,08,8,Number 8,0,,0,,1000761,Hollie Davidson,1001076,Kat Roche,1001022,Luke Rogan,-1,,3,International,Y,W
1882,941540,38159,Jason Higgins,953,Canada,4897.92,4897.92,5813,2,57,31,0,0,18,Collection,631,General Catch,0,,0,,0,,0,,0,,0,,0,,0,,0,,0,0,0,0,,4,66,63,0,3,953,Canada,951,Romania,12/07/2024,19:00,13,10,35,22,20,17,1146,TD Place,-1,NA,1,2023,09,9,Scrum Half,0,,0,,1000761,Hollie Davidson,1001076,Kat Roche,1001022,Luke Rogan,-1,,3,International,Y,W
1883,941540,38159,Jason Higgins,953,Canada,4897.92,4897.92,5813,2,57,31,0,0,47,Playmaker Options,671,Halfback at Breakdown,674,Playmaker Option - Kick,0,,0,,0,,0,,0,,0,,0,,0,,0,0,0,0,,4,66,63,0,3,953,Canada,951,Romania,12/07/2024,19:00,13,10,35,22,20,17,1146,TD Place,-1,NA,1,2023,09,9,Scrum Half,0,,0,,1000761,Hollie Davidson,1001076,Kat Roche,1001022,Luke Rogan,-1,,3,International,Y,W
1884,941540,38159,Jason Higgins,953,Canada,4898.72,4903.76,5814,2,57,31,80,66,4,Kick,346,Box,199,Collected Bounce,185,Kick in Play,0,,0,,0,,0,,0,,0,,0,,23,43,0,0,,4,66,63,0,3,953,Canada,951,Romania,12/07/2024,19:00,13,10,35,22,20,17,1146,TD Place,-1,NA,1,2023,09,9,Scrum Half,0,,0,,1000761,Hollie Davidson,1001076,Kat Roche,1001022,Luke Rogan,-1,,3,International,Y,W
1885,941540,0,,953,Canada,4872.48,4903.76,5819,2,61,68,80,66,15,Possession,306,Lineout,351,Kick in Play,0,,684,Fails to enter into Opposition 22,0,,0,,0,,0,,0,,0,,19,0,0,0,,4,66,63,0,3,953,Canada,951,Romania,12/07/2024,19:00,13,10,35,22,20,17,1146,TD Place,-1,NA,1,2023,,,,0,,0,,1000761,Hollie Davidson,1001076,Kat Roche,1001022,Luke Rogan,-1,,3,International,Y,W
1886,941540,27035,Marius Simionescu,951,Romania,4903.76,4903.76,5819,2,20,2,0,0,18,Collection,274,Defensive Loose Ball,277,Success,0,,0,,0,,0,,0,,0,,0,,0,,0,0,0,0,,1,67,63,0,3,953,Canada,951,Romania,12/07/2024,19:00,13,10,35,22,20,17,1146,TD Place,-1,NA,1,2023,14,14,Right Wing,0,,0,,1000761,Hollie Davidson,1001076,Kat Roche,1001022,Luke Rogan,-1,,3,International,N,L
1887,941540,0,,951,Romania,4903.76,4903.76,5819,2,20,2,0,0,45,Defensive Exits,629,Carried out of 22,0,,0,,0,,0,,0,,0,,0,,0,,0,,0,0,0,0,,1,67,63,0,3,953,Canada,951,Romania,12/07/2024,19:00,13,10,35,22,20,17,1146,TD Place,-1,NA,1,2023,,,,0,,0,,1000761,Hollie Davidson,1001076,Kat Roche,1001022,Luke Rogan,-1,,3,International,N,L
1888,941540,27035,Marius Simionescu,951,Romania,4904.24,4906.48,5819,2,20,3,18,12,3,Pass,169,Complete,0,,686,Medium Pass,682,Right Pass,700,0th Receiver,0,,0,,0,,0,,0,,9,10,3,0,,1,67,63,0,3,953,Canada,951,Romania,12/07/2024,19:00,13,10,35,22,20,17,1146,TD Place,-1,NA,1,2023,14,14,Right Wing,0,,0,,1000761,Hollie Davidson,1001076,Kat Roche,1001022,Luke Rogan,-1,,3,International,N,L
1889,941540,33463,Paul Popoaia,951,Romania,4906.48,4906.48,5822,2,18,12,0,0,18,Collection,631,General Catch,0,,0,,0,,0,,0,,0,,0,,0,,0,,0,0,0,0,,1,67,63,0,3,953,Canada,951,Romania,12/07/2024,19:00,13,10,35,22,20,17,1146,TD Place,-1,NA,1,2023,15,15,Full Back,0,,0,,1000761,Hollie Davidson,1001076,Kat Roche,1001022,Luke Rogan,-1,,3,International,N,L
1890,941540,33463,Paul Popoaia,951,Romania,4906.48,4907.24,5822,2,18,12,20,10,1,Carry,104,Kick Return,121,Pass,110,Neutral Gain line,0,,500,0 Tacklers Committed,701,1st Receiver,0,,0,,0,,0,,0,3,0,0,,1,67,63,0,3,953,Canada,951,Romania,12/07/2024,19:00,13,10,35,22,20,17,1146,TD Place,-1,NA,1,2023,15,15,Full Back,0,,0,,1000761,Hollie Davidson,1001076,Kat Roche,1001022,Luke Rogan,-1,,3,International,N,L
1891,941540,33463,Paul Popoaia,951,Romania,4907.24,4909.08,5822,2,20,10,18,3,3,Pass,169,Complete,0,,686,Medium Pass,681,Left Pass,701,1st Receiver,0,,0,,0,,0,,0,,8,8,2,0,,1,67,63,0,3,953,Canada,951,Romania,12/07/2024,19:00,13,10,35,22,20,17,1146,TD Place,-1,NA,1,2023,15,15,Full Back,0,,0,,1000761,Hollie Davidson,1001076,Kat Roche,1001022,Luke Rogan,-1,,3,International,N,L
1892,941540,27035,Marius Simionescu,951,Romania,4909.08,4909.08,5824,2,18,3,0,0,18,Collection,631,General Catch,0,,0,,0,,0,,0,,0,,0,,0,,0,,0,0,0,0,,1,67,63,0,3,953,Canada,951,Romania,12/07/2024,19:00,13,10,35,22,20,17,1146,TD Place,-1,NA,1,2023,14,14,Right Wing,0,,0,,1000761,Hollie Davidson,1001076,Kat Roche,1001022,Luke Rogan,-1,,3,International,N,L
1893,941540,27035,Marius Simionescu,951,Romania,4909.12,4913.08,5824,2,18,12,47,19,4,Kick,190,Territorial,199,Collected Bounce,186,Kick in Play (Own 22),0,,0,,0,,0,,0,,0,,0,,29,30,0,0,,1,67,63,0,3,953,Canada,951,Romania,12/07/2024,19:00,13,10,35,22,20,17,1146,TD Place,-1,NA,1,2023,14,14,Right Wing,0,,0,,1000761,Hollie Davidson,1001076,Kat Roche,1001022,Luke Rogan,-1,,3,International,N,L
1894,941540,29383,Conor Young,953,Canada,4910.20,4910.20,5825,2,83,56,0,0,7,Penalty Conceded,424,Foul Play - Late Tackle,236,No Action,215,Defence,233,Full Penalty,0,,0,,0,,0,,0,,0,,0,0,0,0,,1,67,63,0,3,953,Canada,951,Romania,12/07/2024,19:00,13,10,35,22,20,17,1146,TD Place,-1,NA,1,2023,03,3,Tighthead Prop,0,,0,,1000761,Hollie Davidson,1001076,Kat Roche,1001022,Luke Rogan,-1,,3,International,Y,W
1895,941540,0,,953,Canada,4872.48,4913.08,5828,2,61,68,53,49,26,Sequences,306,Lineout,316,Pen Won,0,,0,,0,,0,,0,,0,,0,,0,,-8,0,0,0,,1,67,63,0,3,953,Canada,951,Romania,12/07/2024,19:00,13,10,35,22,20,17,1146,TD Place,-1,NA,1,2023,,,,0,,0,,1000761,Hollie Davidson,1001076,Kat Roche,1001022,Luke Rogan,-1,,3,International,Y,W
1896,941540,0,,951,Romania,4903.76,4913.08,5828,2,20,2,47,19,15,Possession,311,Kick Return,316,Pen Won,0,,684,Fails to enter into Opposition 22,0,,0,,0,,0,,0,,0,,27,0,0,0,,1,67,63,0,3,953,Canada,951,Romania,12/07/2024,19:00,13,10,35,22,20,17,1146,TD Place,-1,NA,1,2023,,,,0,,0,,1000761,Hollie Davidson,1001076,Kat Roche,1001022,Luke Rogan,-1,,3,International,N,L
1897,941540,27035,Marius Simionescu,951,Romania,4943.40,4946.08,5859,2,47,20,88,0,4,Kick,347,Touch Kick,193,Kick in Touch (Full),148,Penalty Kick,0,,0,,0,,0,,0,,0,,0,,41,46,0,0,,1,67,64,0,3,953,Canada,951,Romania,12/07/2024,19:00,13,10,35,22,20,17,1146,TD Place,-1,NA,1,2023,14,14,Right Wing,0,,0,,1000761,Hollie Davidson,1001076,Kat Roche,1001022,Luke Rogan,-1,,3,International,N,L
1898,941540,0,,951,Romania,4943.40,4946.08,5901,2,47,20,88,0,26,Sequences,780,Penalty Kick Touch,415,Own Lineout,0,,0,,0,,0,,0,,0,,0,,0,,41,0,0,0,,1,67,64,0,3,953,Canada,951,Romania,12/07/2024,19:00,13,10,35,22,20,17,1146,TD Place,-1,NA,1,2023,,,,0,,0,,1000761,Hollie Davidson,1001076,Kat Roche,1001022,Luke Rogan,-1,,3,International,N,L
1899,941540,36759,Dragos Ser,951,Romania,4961.44,4961.44,5917,2,88,0,0,0,41,Sub Out,562,Tactical,0,,0,,0,,0,,0,,0,,0,,0,,0,,0,0,0,0,,1,67,64,1,3,953,Canada,951,Romania,12/07/2024,19:00,13,10,35,22,20,17,1146,TD Place,-1,NA,1,2023,07,7,Openside Flanker,0,,0,,1000761,Hollie Davidson,1001076,Kat Roche,1001022,Luke Rogan,-1,,3,International,N,L
1900,941540,27037,Fonovai Tangimana,951,Romania,4961.48,4961.48,5917,2,88,0,0,0,42,Sub In,562,Tactical,0,,0,,0,,0,,0,,0,,0,,0,,0,,0,0,0,0,,1,67,64,0,3,953,Canada,951,Romania,12/07/2024,19:00,13,10,35,22,20,17,1146,TD Place,-1,NA,1,2023,20,7,Openside Flanker,0,,0,,1000761,Hollie Davidson,1001076,Kat Roche,1001022,Luke Rogan,-1,,3,International,N,L
1901,941540,38195,Rob Irimescu,951,Romania,4977.84,4979.24,5933,2,88,0,88,8,6,Lineout Throw,371,Throw Front,376,Won Clean Catch,207,Catch and Drive,0,6+1,676,N/A Movement Lineout,731,6 Players,725,Forward at Halfback (+1),0,,0,,0,,8,0,0,0,,1,68,65,0,3,953,Canada,951,Romania,12/07/2024,19:00,13,10,35,22,20,17,1146,TD Place,-1,NA,1,2023,16,2,Hooker,0,,0,,1000761,Hollie Davidson,1001076,Kat Roche,1001022,Luke Rogan,-1,,3,International,N,L
1902,941540,0,,951,Romania,4977.84,5019.00,5933,2,88,0,103,61,46,Attacking 22 Entry,645,22 Entry Outcome - Try,651,22 Entry Points -  Try without Conversion,0,,0,,0,,0,,0,,0,,0,,0,,0,0,0,0,,1,68,65,0,3,953,Canada,951,Romania,12/07/2024,19:00,13,10,35,22,20,17,1146,TD Place,-1,NA,1,2023,,,,0,,0,,1000761,Hollie Davidson,1001076,Kat Roche,1001022,Luke Rogan,-1,,3,International,N,L
1903,941540,27028,Marius Iftimiciuc,951,Romania,4979.24,4979.24,5934,2,88,8,0,0,27,Lineout Take,386,Lineout Win Front,376,Won Clean,207,Catch and Drive,396,Clean Catch,0,,0,,0,,0,,0,,0,,0,0,0,0,,1,68,65,0,3,953,Canada,951,Romania,12/07/2024,19:00,13,10,35,22,20,17,1146,TD Place,-1,NA,1,2023,19,5,Lock (5),0,,0,,1000761,Hollie Davidson,1001076,Kat Roche,1001022,Luke Rogan,-1,,3,International,N,L
1904,941540,27028,Marius Iftimiciuc,951,Romania,4979.84,4983.36,5935,2,88,8,0,0,24,Maul,0,,401,Won Outright,0,,0,,665,Close Left Blindside Movement Maul,0,,0,,0,,0,,0,,1,1,8,2,,1,68,65,0,3,953,Canada,951,Romania,12/07/2024,19:00,13,10,35,22,20,17,1146,TD Place,-1,NA,1,2023,19,5,Lock (5),0,,0,,1000761,Hollie Davidson,1001076,Kat Roche,1001022,Luke Rogan,-1,,3,International,N,L
1905,941540,27037,Fonovai Tangimana,951,Romania,4983.36,4983.36,5939,2,88,4,0,0,18,Collection,631,General Catch,0,,0,,0,,0,,0,,0,,0,,0,,0,,0,0,0,0,,1,68,65,0,3,953,Canada,951,Romania,12/07/2024,19:00,13,10,35,22,20,17,1146,TD Place,-1,NA,1,2023,20,7,Openside Flanker,0,,0,,1000761,Hollie Davidson,1001076,Kat Roche,1001022,Luke Rogan,-1,,3,International,N,L
1906,941540,27037,Fonovai Tangimana,951,Romania,4983.36,4983.36,5939,2,88,4,0,0,47,Playmaker Options,672,Acting Halfback at Breakdown,673,Playmaker Option - Carry,0,,0,,0,,0,,0,,0,,0,,0,,0,0,0,0,,1,68,65,0,3,953,Canada,951,Romania,12/07/2024,19:00,13,10,35,22,20,17,1146,TD Place,-1,NA,1,2023,20,7,Openside Flanker,0,,0,,1000761,Hollie Davidson,1001076,Kat Roche,1001022,Luke Rogan,-1,,3,International,N,L
1907,941540,27037,Fonovai Tangimana,951,Romania,4983.36,4985.68,5939,2,88,4,96,2,1,Carry,103,Other Carry,108,Tackled Neutral,109,Crossed Gain line,461,Neutral Contact,501,1 Tacklers Committed,700,0th Receiver,0,,0,,0,,0,,8,8,3,3,,1,68,65,0,3,953,Canada,951,Romania,12/07/2024,19:00,13,10,35,22,20,17,1146,TD Place,-1,NA,1,2023,20,7,Openside Flanker,0,,0,,1000761,Hollie Davidson,1001076,Kat Roche,1001022,Luke Rogan,-1,,3,International,N,L
1908,941540,28377,Andrew Coe,953,Canada,4984.52,4984.52,5940,2,7,66,0,0,2,Tackle,146,Edge,153,Complete,0,,474,Neutral Tackle,708,1st Tackler,0,,0,,0,,0,,0,,0,0,0,0,,1,68,65,0,3,953,Canada,951,Romania,12/07/2024,19:00,13,10,35,22,20,17,1146,TD Place,-1,NA,1,2023,14,14,Right Wing,0,,0,,1000761,Hollie Davidson,1001076,Kat Roche,1001022,Luke Rogan,-1,,3,International,Y,W
1909,941540,27037,Fonovai Tangimana,951,Romania,4985.68,4986.60,5941,2,96,2,0,0,23,Ruck,0,,401,Won Outright,548,Over Previous Gainline,552,0-1 Seconds,664,Close Right Open Movement Ruck,0,,0,,0,,0,,0,,0,0,3,3,,1,68,65,0,3,953,Canada,951,Romania,12/07/2024,19:00,13,10,35,22,20,17,1146,TD Place,-1,NA,1,2023,20,7,Openside Flanker,0,,0,,1000761,Hollie Davidson,1001076,Kat Roche,1001022,Luke Rogan,-1,,3,International,N,L
1910,941540,38195,Rob Irimescu,951,Romania,4986.48,4986.48,5942,2,96,2,0,0,43,Ruck OOA,574,Secured,583,Own Team 1st Entry,588,OOA Entry 1st Entry- Att,632,Attacking OOA,0,1,0,,0,,0,,0,,0,,0,0,0,0,,1,68,65,0,3,953,Canada,951,Romania,12/07/2024,19:00,13,10,35,22,20,17,1146,TD Place,-1,NA,1,2023,16,2,Hooker,0,,0,,1000761,Hollie Davidson,1001076,Kat Roche,1001022,Luke Rogan,-1,,3,International,N,L
1911,941540,27028,Marius Iftimiciuc,951,Romania,4986.60,4986.60,5942,2,95,2,0,0,18,Collection,631,General Catch,0,,0,,0,,0,,0,,0,,0,,0,,0,,0,0,0,0,,2,68,65,0,3,953,Canada,951,Romania,12/07/2024,19:00,13,10,35,22,20,17,1146,TD Place,-1,NA,1,2023,19,5,Lock (5),0,,0,,1000761,Hollie Davidson,1001076,Kat Roche,1001022,Luke Rogan,-1,,3,International,N,L
1912,941540,27028,Marius Iftimiciuc,951,Romania,4986.60,4986.60,5942,2,95,2,0,0,47,Playmaker Options,672,Acting Halfback at Breakdown,673,Playmaker Option - Carry,0,,0,,0,,0,,0,,0,,0,,0,,0,0,0,0,,2,68,65,0,3,953,Canada,951,Romania,12/07/2024,19:00,13,10,35,22,20,17,1146,TD Place,-1,NA,1,2023,19,5,Lock (5),0,,0,,1000761,Hollie Davidson,1001076,Kat Roche,1001022,Luke Rogan,-1,,3,International,N,L
1913,941540,27028,Marius Iftimiciuc,951,Romania,4986.60,4990.44,5942,2,95,2,99,5,1,Carry,102,Pick and Go,108,Tackled Neutral,109,Crossed Gain line,461,Neutral Contact,502,2 Tacklers Committed,700,0th Receiver,0,,0,,0,,0,,3,4,2,2,,2,68,65,0,3,953,Canada,951,Romania,12/07/2024,19:00,13,10,35,22,20,17,1146,TD Place,-1,NA,1,2023,19,5,Lock (5),0,,0,,1000761,Hollie Davidson,1001076,Kat Roche,1001022,Luke Rogan,-1,,3,International,N,L
1914,941540,27090,Conor Keys,953,Canada,4987.40,4987.40,5943,2,3,64,0,0,2,Tackle,145,Guard,153,Complete,0,,474,Neutral Tackle,708,1st Tackler,0,,0,,0,,0,,0,,0,0,0,0,,2,68,65,0,3,953,Canada,951,Romania,12/07/2024,19:00,13,10,35,22,20,17,1146,TD Place,-1,NA,1,2023,04,4,Lock (4),0,,0,,1000761,Hollie Davidson,1001076,Kat Roche,1001022,Luke Rogan,-1,,3,International,Y,W
1915,941540,25183,Lucas Rumball,953,Canada,4989.72,4989.72,5945,2,3,64,0,0,2,Tackle,144,Line,153,Complete,441,Assist,474,Neutral Tackle,709,2nd Tackler,0,,0,,0,,0,,0,,0,0,0,0,,2,68,65,0,3,953,Canada,951,Romania,12/07/2024,19:00,13,10,35,22,20,17,1146,TD Place,-1,NA,1,2023,08,8,Number 8,0,,0,,1000761,Hollie Davidson,1001076,Kat Roche,1001022,Luke Rogan,-1,,3,International,Y,W
1916,941540,27028,Marius Iftimiciuc,951,Romania,4990.44,4993.92,5946,2,99,5,0,0,23,Ruck,0,,401,Won Outright,548,Over Previous Gainline,555,3-4 Seconds,664,Close Right Open Movement Ruck,0,,0,,0,,0,,0,,0,0,-1,8,,2,68,65,0,3,953,Canada,951,Romania,12/07/2024,19:00,13,10,35,22,20,17,1146,TD Place,-1,NA,1,2023,19,5,Lock (5),0,,0,,1000761,Hollie Davidson,1001076,Kat Roche,1001022,Luke Rogan,-1,,3,International,N,L
1917,941540,34102,Vasile Balan,951,Romania,4991.24,4991.24,5946,2,99,5,0,0,43,Ruck OOA,574,Secured,583,Own Team 1st Entry,588,OOA Entry 1st Entry- Att,632,Attacking OOA,0,1,0,,0,,0,,0,,0,,0,0,0,0,,2,68,65,0,3,953,Canada,951,Romania,12/07/2024,19:00,13,10,35,22,20,17,1146,TD Place,-1,NA,1,2023,03,3,Tighthead Prop,0,,0,,1000761,Hollie Davidson,1001076,Kat Roche,1001022,Luke Rogan,-1,,3,International,N,L
1918,941540,38195,Rob Irimescu,951,Romania,4993.92,4993.92,5949,2,99,5,0,0,18,Collection,631,General Catch,0,,0,,0,,0,,0,,0,,0,,0,,0,,0,0,0,0,,3,68,65,0,3,953,Canada,951,Romania,12/07/2024,19:00,13,10,35,22,20,17,1146,TD Place,-1,NA,1,2023,16,2,Hooker,0,,0,,1000761,Hollie Davidson,1001076,Kat Roche,1001022,Luke Rogan,-1,,3,International,N,L
1919,941540,38195,Rob Irimescu,951,Romania,4993.92,4993.92,5949,2,99,5,0,0,47,Playmaker Options,672,Acting Halfback at Breakdown,675,Playmaker Option - Pass,0,,0,,0,,0,,0,,0,,0,,0,,0,0,0,0,,3,68,65,0,3,953,Canada,951,Romania,12/07/2024,19:00,13,10,35,22,20,17,1146,TD Place,-1,NA,1,2023,16,2,Hooker,0,,0,,1000761,Hollie Davidson,1001076,Kat Roche,1001022,Luke Rogan,-1,,3,International,N,L
1920,941540,38195,Rob Irimescu,951,Romania,4994.28,4995.04,5950,2,99,5,94,11,3,Pass,169,Complete,0,,686,Medium Pass,682,Right Pass,700,0th Receiver,0,,0,,0,,0,,0,,7,8,4,0,,3,68,65,0,3,953,Canada,951,Romania,12/07/2024,19:00,13,10,35,22,20,17,1146,TD Place,-1,NA,1,2023,16,2,Hooker,0,,0,,1000761,Hollie Davidson,1001076,Kat Roche,1001022,Luke Rogan,-1,,3,International,N,L
1921,941540,27535,Alexandru Savin,951,Romania,4995.04,4995.04,5950,2,94,11,0,0,18,Collection,631,General Catch,0,,0,,0,,0,,0,,0,,0,,0,,0,,0,0,0,0,,3,68,65,0,3,953,Canada,951,Romania,12/07/2024,19:00,13,10,35,22,20,17,1146,TD Place,-1,NA,1,2023,17,1,Loosehead Prop,0,,0,,1000761,Hollie Davidson,1001076,Kat Roche,1001022,Luke Rogan,-1,,3,International,N,L
1922,941540,27535,Alexandru Savin,951,Romania,4995.04,4995.04,5950,2,94,11,0,0,47,Playmaker Options,656,First Receiver,673,Playmaker Option - Carry,0,,0,,0,,0,,0,,0,,0,,0,,0,0,0,0,,3,68,65,0,3,953,Canada,951,Romania,12/07/2024,19:00,13,10,35,22,20,17,1146,TD Place,-1,NA,1,2023,17,1,Loosehead Prop,0,,0,,1000761,Hollie Davidson,1001076,Kat Roche,1001022,Luke Rogan,-1,,3,International,N,L
1923,941540,27535,Alexandru Savin,951,Romania,4995.04,4996.48,5950,2,94,11,98,13,1,Carry,101,One Out Drive,108,Tackled Neutral,111,Failed Gain line,461,Neutral Contact,503,3 Tacklers Committed,701,1st Receiver,0,,0,,0,,0,,0,4,1,1,,3,68,65,0,3,953,Canada,951,Romania,12/07/2024,19:00,13,10,35,22,20,17,1146,TD Place,-1,NA,1,2023,17,1,Loosehead Prop,0,,0,,1000761,Hollie Davidson,1001076,Kat Roche,1001022,Luke Rogan,-1,,3,International,N,L
1924,941540,38465,Mason Flesch,953,Canada,4995.80,4995.80,5951,2,3,55,0,0,2,Tackle,144,Line,153,Complete,0,,474,Neutral Tackle,708,1st Tackler,0,,0,,0,,0,,0,,0,0,0,0,,3,68,65,0,3,953,Canada,951,Romania,12/07/2024,19:00,13,10,35,22,20,17,1146,TD Place,-1,NA,1,2023,06,6,Blindside Flanker,0,,0,,1000761,Hollie Davidson,1001076,Kat Roche,1001022,Luke Rogan,-1,,3,International,Y,W
1925,941540,29383,Conor Young,953,Canada,4996.12,4996.12,5951,2,3,55,0,0,2,Tackle,144,Line,153,Complete,441,Assist,474,Neutral Tackle,709,2nd Tackler,0,,0,,0,,0,,0,,0,0,0,0,,3,68,65,0,3,953,Canada,951,Romania,12/07/2024,19:00,13,10,35,22,20,17,1146,TD Place,-1,NA,1,2023,03,3,Tighthead Prop,0,,0,,1000761,Hollie Davidson,1001076,Kat Roche,1001022,Luke Rogan,-1,,3,International,Y,W
1926,941540,25181,Kyle Baillie,953,Canada,4996.28,4996.28,5952,2,3,55,0,0,2,Tackle,144,Line,153,Complete,441,Assist,474,Neutral Tackle,710,3rd Tackler,0,,0,,0,,0,,0,,0,0,0,0,,3,68,65,0,3,953,Canada,951,Romania,12/07/2024,19:00,13,10,35,22,20,17,1146,TD Place,-1,NA,1,2023,05,5,Lock (5),0,,0,,1000761,Hollie Davidson,1001076,Kat Roche,1001022,Luke Rogan,-1,,3,International,Y,W
1927,941540,27535,Alexandru Savin,951,Romania,4996.48,4997.76,5952,2,98,13,0,0,23,Ruck,0,,401,Won Outright,549,Behind Previous Gainline,553,1-2 Seconds,669,Tight Left Blindside Movement Ruck,0,,0,,0,,0,,0,,0,0,1,0,,3,68,65,0,3,953,Canada,951,Romania,12/07/2024,19:00,13,10,35,22,20,17,1146,TD Place,-1,NA,1,2023,17,1,Loosehead Prop,0,,0,,1000761,Hollie Davidson,1001076,Kat Roche,1001022,Luke Rogan,-1,,3,International,N,L
1928,941540,63895,Yanis Horvat,951,Romania,4996.92,4996.92,5952,2,98,13,0,0,43,Ruck OOA,574,Secured,583,Own Team 1st Entry,588,OOA Entry 1st Entry- Att,632,Attacking OOA,0,1,0,,0,,0,,0,,0,,0,0,0,0,,3,68,65,0,3,953,Canada,951,Romania,12/07/2024,19:00,13,10,35,22,20,17,1146,TD Place,-1,NA,1,2023,04,4,Lock (4),0,,0,,1000761,Hollie Davidson,1001076,Kat Roche,1001022,Luke Rogan,-1,,3,International,N,L
1929,941540,25181,Kyle Baillie,953,Canada,4997.04,4997.04,5952,2,2,55,0,0,43,Ruck OOA,578,Got Cleaned Out,583,Own Team 1st Entry,603,OOA Entry 1st Entry- Def,633,Defensive OOA,0,1,0,,0,,0,,0,,0,,0,0,0,0,,3,68,65,0,3,953,Canada,951,Romania,12/07/2024,19:00,13,10,35,22,20,17,1146,TD Place,-1,NA,1,2023,05,5,Lock (5),0,,0,,1000761,Hollie Davidson,1001076,Kat Roche,1001022,Luke Rogan,-1,,3,International,Y,W
1930,941540,27037,Fonovai Tangimana,951,Romania,4997.20,4997.20,5952,2,98,13,0,0,43,Ruck OOA,572,Cleaned Out,584,Own Team 2nd Entry,589,OOA Entry 2nd Entry- Att,632,Attacking OOA,0,2,0,,0,,0,,0,,0,,0,0,0,0,,3,68,65,0,3,953,Canada,951,Romania,12/07/2024,19:00,13,10,35,22,20,17,1146,TD Place,-1,NA,1,2023,20,7,Openside Flanker,0,,0,,1000761,Hollie Davidson,1001076,Kat Roche,1001022,Luke Rogan,-1,,3,International,N,L
1931,941540,38195,Rob Irimescu,951,Romania,4997.76,4997.76,5953,2,98,13,0,0,18,Collection,631,General Catch,0,,0,,0,,0,,0,,0,,0,,0,,0,,0,0,0,0,,4,68,65,0,3,953,Canada,951,Romania,12/07/2024,19:00,13,10,35,22,20,17,1146,TD Place,-1,NA,1,2023,16,2,Hooker,0,,0,,1000761,Hollie Davidson,1001076,Kat Roche,1001022,Luke Rogan,-1,,3,International,N,L
1932,941540,38195,Rob Irimescu,951,Romania,4997.76,4997.76,5953,2,98,13,0,0,47,Playmaker Options,672,Acting Halfback at Breakdown,673,Playmaker Option - Carry,0,,0,,0,,0,,0,,0,,0,,0,,0,0,0,0,,4,68,65,0,3,953,Canada,951,Romania,12/07/2024,19:00,13,10,35,22,20,17,1146,TD Place,-1,NA,1,2023,16,2,Hooker,0,,0,,1000761,Hollie Davidson,1001076,Kat Roche,1001022,Luke Rogan,-1,,3,International,N,L
1933,941540,38195,Rob Irimescu,951,Romania,4997.76,4999.12,5953,2,98,13,99,12,1,Carry,102,Pick and Go,108,Tackled Neutral,109,Crossed Gain line,461,Neutral Contact,502,2 Tacklers Committed,700,0th Receiver,0,,0,,0,,0,,1,1,0,0,,4,68,65,0,3,953,Canada,951,Romania,12/07/2024,19:00,13,10,35,22,20,17,1146,TD Place,-1,NA,1,2023,16,2,Hooker,0,,0,,1000761,Hollie Davidson,1001076,Kat Roche,1001022,Luke Rogan,-1,,3,International,N,L
1934,941540,58656,Calixto Martinez,953,Canada,4998.84,4998.84,5954,2,1,55,0,0,2,Tackle,145,Guard,153,Complete,0,,474,Neutral Tackle,708,1st Tackler,0,,0,,0,,0,,0,,0,0,0,0,,4,68,65,0,3,953,Canada,951,Romania,12/07/2024,19:00,13,10,35,22,20,17,1146,TD Place,-1,NA,1,2023,17,1,Loosehead Prop,0,,0,,1000761,Hollie Davidson,1001076,Kat Roche,1001022,Luke Rogan,-1,,3,International,Y,W
1935,941540,56146,Ethan Fryer,953,Canada,4998.88,4998.88,5954,2,1,55,0,0,2,Tackle,144,Line,153,Complete,441,Assist,474,Neutral Tackle,709,2nd Tackler,0,,0,,0,,0,,0,,0,0,0,0,,4,68,65,0,3,953,Canada,951,Romania,12/07/2024,19:00,13,10,35,22,20,17,1146,TD Place,-1,NA,1,2023,07,7,Openside Flanker,0,,0,,1000761,Hollie Davidson,1001076,Kat Roche,1001022,Luke Rogan,-1,,3,International,Y,W
1936,941540,38195,Rob Irimescu,951,Romania,4999.12,5002.72,5954,2,99,12,0,0,23,Ruck,0,,401,Won Outright,548,Over Previous Gainline,555,3-4 Seconds,665,Close Left Blindside Movement Ruck,0,,0,,0,,0,,0,,0,0,0,4,,4,68,65,0,3,953,Canada,951,Romania,12/07/2024,19:00,13,10,35,22,20,17,1146,TD Place,-1,NA,1,2023,16,2,Hooker,0,,0,,1000761,Hollie Davidson,1001076,Kat Roche,1001022,Luke Rogan,-1,,3,International,N,L
1937,941540,58656,Calixto Martinez,953,Canada,5000.00,5000.00,5955,2,1,56,0,0,43,Ruck OOA,578,Got Cleaned Out,583,Own Team 1st Entry,603,OOA Entry 1st Entry- Def,633,Defensive OOA,0,1,0,,0,,0,,0,,0,,0,0,0,0,,4,68,65,0,3,953,Canada,951,Romania,12/07/2024,19:00,13,10,35,22,20,17,1146,TD Place,-1,NA,1,2023,17,1,Loosehead Prop,0,,0,,1000761,Hollie Davidson,1001076,Kat Roche,1001022,Luke Rogan,-1,,3,International,Y,W
1938,941540,63895,Yanis Horvat,951,Romania,5000.12,5000.12,5955,2,99,12,0,0,43,Ruck OOA,572,Cleaned Out,583,Own Team 1st Entry,588,OOA Entry 1st Entry- Att,632,Attacking OOA,0,1,0,,0,,0,,0,,0,,0,0,0,0,,4,68,65,0,3,953,Canada,951,Romania,12/07/2024,19:00,13,10,35,22,20,17,1146,TD Place,-1,NA,1,2023,04,4,Lock (4),0,,0,,1000761,Hollie Davidson,1001076,Kat Roche,1001022,Luke Rogan,-1,,3,International,N,L
1939,941540,34102,Vasile Balan,951,Romania,5001.40,5001.40,5957,2,99,12,0,0,43,Ruck OOA,574,Secured,584,Own Team 2nd Entry,589,OOA Entry 2nd Entry- Att,632,Attacking OOA,0,2,0,,0,,0,,0,,0,,0,0,0,0,,4,68,65,0,3,953,Canada,951,Romania,12/07/2024,19:00,13,10,35,22,20,17,1146,TD Place,-1,NA,1,2023,03,3,Tighthead Prop,0,,0,,1000761,Hollie Davidson,1001076,Kat Roche,1001022,Luke Rogan,-1,,3,International,N,L
1940,941540,27028,Marius Iftimiciuc,951,Romania,5002.72,5002.72,5958,2,99,13,0,0,18,Collection,631,General Catch,0,,0,,0,,0,,0,,0,,0,,0,,0,,0,0,0,0,,5,68,65,0,3,953,Canada,951,Romania,12/07/2024,19:00,13,10,35,22,20,17,1146,TD Place,-1,NA,1,2023,19,5,Lock (5),0,,0,,1000761,Hollie Davidson,1001076,Kat Roche,1001022,Luke Rogan,-1,,3,International,N,L
1941,941540,27028,Marius Iftimiciuc,951,Romania,5002.72,5002.72,5958,2,99,13,0,0,47,Playmaker Options,672,Acting Halfback at Breakdown,673,Playmaker Option - Carry,0,,0,,0,,0,,0,,0,,0,,0,,0,0,0,0,,5,68,65,0,3,953,Canada,951,Romania,12/07/2024,19:00,13,10,35,22,20,17,1146,TD Place,-1,NA,1,2023,19,5,Lock (5),0,,0,,1000761,Hollie Davidson,1001076,Kat Roche,1001022,Luke Rogan,-1,,3,International,N,L
1942,941540,27028,Marius Iftimiciuc,951,Romania,5002.72,5004.80,5958,2,99,13,99,9,1,Carry,102,Pick and Go,108,Tackled Neutral,110,Neutral Gain line,461,Neutral Contact,503,3 Tacklers Committed,700,0th Receiver,0,,0,,0,,0,,0,0,1,1,,5,68,65,0,3,953,Canada,951,Romania,12/07/2024,19:00,13,10,35,22,20,17,1146,TD Place,-1,NA,1,2023,19,5,Lock (5),0,,0,,1000761,Hollie Davidson,1001076,Kat Roche,1001022,Luke Rogan,-1,,3,International,N,L
1943,941540,25181,Kyle Baillie,953,Canada,5003.84,5003.84,5959,2,2,58,0,0,2,Tackle,145,Guard,153,Complete,0,,474,Neutral Tackle,708,1st Tackler,0,,0,,0,,0,,0,,0,0,0,0,,5,68,65,0,3,953,Canada,951,Romania,12/07/2024,19:00,13,10,35,22,20,17,1146,TD Place,-1,NA,1,2023,05,5,Lock (5),0,,0,,1000761,Hollie Davidson,1001076,Kat Roche,1001022,Luke Rogan,-1,,3,International,Y,W
1944,941540,29383,Conor Young,953,Canada,5004.48,5004.48,6000,2,2,58,0,0,2,Tackle,144,Line,153,Complete,441,Assist,474,Neutral Tackle,709,2nd Tackler,0,,0,,0,,0,,0,,0,0,0,0,,5,68,65,0,3,953,Canada,951,Romania,12/07/2024,19:00,13,10,35,22,20,17,1146,TD Place,-1,NA,1,2023,03,3,Tighthead Prop,0,,0,,1000761,Hollie Davidson,1001076,Kat Roche,1001022,Luke Rogan,-1,,3,International,Y,W
1945,941540,27090,Conor Keys,953,Canada,5004.56,5004.56,6000,2,2,58,0,0,2,Tackle,144,Line,153,Complete,441,Assist,474,Neutral Tackle,710,3rd Tackler,0,,0,,0,,0,,0,,0,0,0,0,,5,68,65,0,3,953,Canada,951,Romania,12/07/2024,19:00,13,10,35,22,20,17,1146,TD Place,-1,NA,1,2023,04,4,Lock (4),0,,0,,1000761,Hollie Davidson,1001076,Kat Roche,1001022,Luke Rogan,-1,,3,International,Y,W
1946,941540,27028,Marius Iftimiciuc,951,Romania,5004.80,5008.68,6000,2,99,9,0,0,23,Ruck,0,,401,Won Outright,550,Equal to Previous  Gainline,555,3-4 Seconds,660,Wide Right Open Movement Ruck,0,,0,,0,,0,,0,,0,0,1,54,,5,68,65,0,3,953,Canada,951,Romania,12/07/2024,19:00,13,10,35,22,20,17,1146,TD Place,-1,NA,1,2023,19,5,Lock (5),0,,0,,1000761,Hollie Davidson,1001076,Kat Roche,1001022,Luke Rogan,-1,,3,International,N,L
1947,941540,27535,Alexandru Savin,951,Romania,5005.92,5005.92,6001,2,99,9,0,0,43,Ruck OOA,574,Secured,583,Own Team 1st Entry,588,OOA Entry 1st Entry- Att,632,Attacking OOA,0,1,0,,0,,0,,0,,0,,0,0,0,0,,5,68,65,0,3,953,Canada,951,Romania,12/07/2024,19:00,13,10,35,22,20,17,1146,TD Place,-1,NA,1,2023,17,1,Loosehead Prop,0,,0,,1000761,Hollie Davidson,1001076,Kat Roche,1001022,Luke Rogan,-1,,3,International,N,L
1948,941540,27037,Fonovai Tangimana,951,Romania,5006.32,5006.32,6002,2,99,9,0,0,43,Ruck OOA,574,Secured,584,Own Team 2nd Entry,589,OOA Entry 2nd Entry- Att,632,Attacking OOA,0,2,0,,0,,0,,0,,0,,0,0,0,0,,5,68,65,0,3,953,Canada,951,Romania,12/07/2024,19:00,13,10,35,22,20,17,1146,TD Place,-1,NA,1,2023,20,7,Openside Flanker,0,,0,,1000761,Hollie Davidson,1001076,Kat Roche,1001022,Luke Rogan,-1,,3,International,N,L
1949,941540,33151,Vlad Neculau,951,Romania,5006.96,5006.96,6002,2,99,9,0,0,43,Ruck OOA,574,Secured,585,Own Team 3rd Entry,590,OOA Entry 3rd Entry- Att,632,Attacking OOA,0,3,0,,0,,0,,0,,0,,0,0,0,0,,5,68,65,0,3,953,Canada,951,Romania,12/07/2024,19:00,13,10,35,22,20,17,1146,TD Place,-1,NA,1,2023,06,6,Blindside Flanker,0,,0,,1000761,Hollie Davidson,1001076,Kat Roche,1001022,Luke Rogan,-1,,3,International,N,L
1950,941540,57666,Alin Conache,951,Romania,5008.68,5008.68,6004,2,99,9,0,0,18,Collection,631,General Catch,0,,0,,0,,0,,0,,0,,0,,0,,0,,0,0,0,0,,6,68,65,0,3,953,Canada,951,Romania,12/07/2024,19:00,13,10,35,22,20,17,1146,TD Place,-1,NA,1,2023,09,9,Scrum Half,0,,0,,1000761,Hollie Davidson,1001076,Kat Roche,1001022,Luke Rogan,-1,,3,International,N,L
1951,941540,57666,Alin Conache,951,Romania,5008.68,5008.68,6004,2,99,9,0,0,47,Playmaker Options,671,Halfback at Breakdown,675,Playmaker Option - Pass,0,,0,,0,,0,,0,,0,,0,,0,,0,0,0,0,,6,68,65,0,3,953,Canada,951,Romania,12/07/2024,19:00,13,10,35,22,20,17,1146,TD Place,-1,NA,1,2023,09,9,Scrum Half,0,,0,,1000761,Hollie Davidson,1001076,Kat Roche,1001022,Luke Rogan,-1,,3,International,N,L
1952,941540,57666,Alin Conache,951,Romania,5009.92,5011.72,6005,2,97,10,92,27,3,Pass,169,Complete,0,,680,Long Pass,682,Right Pass,700,0th Receiver,0,,0,,0,,0,,0,,17,18,5,0,,6,68,65,0,3,953,Canada,951,Romania,12/07/2024,19:00,13,10,35,22,20,17,1146,TD Place,-1,NA,1,2023,09,9,Scrum Half,0,,0,,1000761,Hollie Davidson,1001076,Kat Roche,1001022,Luke Rogan,-1,,3,International,N,L
1953,941540,40389,Jason Tomane,951,Romania,5011.72,5011.72,6007,2,92,27,0,0,18,Collection,631,General Catch,0,,0,,0,,0,,0,,0,,0,,0,,0,,0,0,0,0,,6,68,65,0,3,953,Canada,951,Romania,12/07/2024,19:00,13,10,35,22,20,17,1146,TD Place,-1,NA,1,2023,12,12,Inside Centre,0,,0,,1000761,Hollie Davidson,1001076,Kat Roche,1001022,Luke Rogan,-1,,3,International,N,L
1954,941540,40389,Jason Tomane,951,Romania,5011.72,5011.72,6007,2,92,27,0,0,47,Playmaker Options,656,First Receiver,673,Playmaker Option - Carry,0,,0,,0,,0,,0,,0,,0,,0,,0,0,0,0,,6,68,65,0,3,953,Canada,951,Romania,12/07/2024,19:00,13,10,35,22,20,17,1146,TD Place,-1,NA,1,2023,12,12,Inside Centre,0,,0,,1000761,Hollie Davidson,1001076,Kat Roche,1001022,Luke Rogan,-1,,3,International,N,L
1955,941540,40389,Jason Tomane,951,Romania,5011.72,5012.28,6007,2,92,27,92,31,1,Carry,101,One Out Drive,122,Off Load,111,Failed Gain line,462,Ineffective Contact,501,1 Tacklers Committed,701,1st Receiver,0,,0,,0,,0,,0,0,0,0,,6,68,65,0,3,953,Canada,951,Romania,12/07/2024,19:00,13,10,35,22,20,17,1146,TD Place,-1,NA,1,2023,12,12,Inside Centre,0,,0,,1000761,Hollie Davidson,1001076,Kat Roche,1001022,Luke Rogan,-1,,3,International,N,L
1956,941540,64048,Talon McMullin,953,Canada,5012.24,5012.24,6007,2,8,39,0,0,2,Tackle,144,Line,155,Offload Allowed,0,,473,Dominant Tackle,708,1st Tackler,0,,0,,0,,0,,0,,0,0,0,0,,6,68,65,0,3,953,Canada,951,Romania,12/07/2024,19:00,13,10,35,22,20,17,1146,TD Place,-1,NA,1,2023,12,12,Inside Centre,0,,0,,1000761,Hollie Davidson,1001076,Kat Roche,1001022,Luke Rogan,-1,,3,International,Y,W
1957,941540,40389,Jason Tomane,951,Romania,5012.28,5013.36,6008,2,92,31,89,37,3,Pass,151,Offload,128,Own Player,686,Medium Pass,682,Right Pass,701,1st Receiver,0,,0,,0,,0,,0,,6,7,3,0,,6,68,65,0,3,953,Canada,951,Romania,12/07/2024,19:00,13,10,35,22,20,17,1146,TD Place,-1,NA,1,2023,12,12,Inside Centre,0,,0,,1000761,Hollie Davidson,1001076,Kat Roche,1001022,Luke Rogan,-1,,3,International,N,L
1958,941540,27747,Hinckley Vaovasa,951,Romania,5013.36,5013.36,6009,2,89,37,0,0,18,Collection,631,General Catch,0,,0,,0,,0,,0,,0,,0,,0,,0,,0,0,0,0,,6,68,65,0,3,953,Canada,951,Romania,12/07/2024,19:00,13,10,35,22,20,17,1146,TD Place,-1,NA,1,2023,10,10,Fly Half,0,,0,,1000761,Hollie Davidson,1001076,Kat Roche,1001022,Luke Rogan,-1,,3,International,N,L
1959,941540,27747,Hinckley Vaovasa,951,Romania,5013.40,5016.36,6009,2,91,38,88,52,3,Pass,169,Complete,0,,686,Medium Pass,682,Right Pass,702,2nd Receiver,0,,0,,0,,0,,0,,15,15,3,0,,6,68,65,0,3,953,Canada,951,Romania,12/07/2024,19:00,13,10,35,22,20,17,1146,TD Place,-1,NA,1,2023,10,10,Fly Half,0,,0,,1000761,Hollie Davidson,1001076,Kat Roche,1001022,Luke Rogan,-1,,3,International,N,L
1960,941540,33463,Paul Popoaia,951,Romania,5016.36,5016.36,6012,2,88,52,0,0,18,Collection,631,General Catch,0,,0,,0,,0,,0,,0,,0,,0,,0,,0,0,0,0,,6,68,65,0,3,953,Canada,951,Romania,12/07/2024,19:00,13,10,35,22,20,17,1146,TD Place,-1,NA,1,2023,15,15,Full Back,0,,0,,1000761,Hollie Davidson,1001076,Kat Roche,1001022,Luke Rogan,-1,,3,International,N,L
1961,941540,33463,Paul Popoaia,951,Romania,5016.40,5017.08,6012,2,93,55,90,65,3,Pass,178,Try,0,,686,Medium Pass,682,Right Pass,703,3rd Receiver,0,,0,,0,,0,,0,,11,11,2,0,,6,68,65,0,3,953,Canada,951,Romania,12/07/2024,19:00,13,10,35,22,20,17,1146,TD Place,-1,NA,1,2023,15,15,Full Back,0,,0,,1000761,Hollie Davidson,1001076,Kat Roche,1001022,Luke Rogan,-1,,3,International,N,L
1962,941540,33463,Paul Popoaia,951,Romania,5016.52,5016.52,6012,2,93,55,0,0,10,Attacking Qualities,526,Try Assist,0,,0,,0,,0,,0,,0,,0,,0,,0,,0,0,0,0,,6,68,65,0,3,953,Canada,951,Romania,12/07/2024,19:00,13,10,35,22,20,17,1146,TD Place,-1,NA,1,2023,15,15,Full Back,0,,0,,1000761,Hollie Davidson,1001076,Kat Roche,1001022,Luke Rogan,-1,,3,International,N,L
1963,941540,33463,Paul Popoaia,951,Romania,5016.52,5016.52,6012,2,93,55,0,0,10,Attacking Qualities,527,Break Assist,0,,0,,0,,0,,0,,0,,0,,0,,0,,0,0,0,0,,6,68,65,0,3,953,Canada,951,Romania,12/07/2024,19:00,13,10,35,22,20,17,1146,TD Place,-1,NA,1,2023,15,15,Full Back,0,,0,,1000761,Hollie Davidson,1001076,Kat Roche,1001022,Luke Rogan,-1,,3,International,N,L
1964,941540,20983,Tevita Manumua,951,Romania,5017.08,5017.08,6012,2,90,65,0,0,18,Collection,631,General Catch,0,,0,,0,,0,,0,,0,,0,,0,,0,,0,0,0,0,,6,68,65,0,3,953,Canada,951,Romania,12/07/2024,19:00,13,10,35,22,20,17,1146,TD Place,-1,NA,1,2023,11,11,Left Wing,0,,0,,1000761,Hollie Davidson,1001076,Kat Roche,1001022,Luke Rogan,-1,,3,International,N,L
1965,941540,20983,Tevita Manumua,951,Romania,5017.08,5019.00,6012,2,90,65,103,61,1,Carry,106,Support Carry,117,Try Scored,109,Crossed Gain line,0,,500,0 Tacklers Committed,704,4th Receiver,0,,0,,0,,0,,1,13,0,0,,6,68,65,0,3,953,Canada,951,Romania,12/07/2024,19:00,13,10,35,22,20,17,1146,TD Place,-1,NA,1,2023,11,11,Left Wing,0,,0,,1000761,Hollie Davidson,1001076,Kat Roche,1001022,Luke Rogan,-1,,3,International,N,L
1966,941540,20983,Tevita Manumua,951,Romania,5017.28,5017.28,6013,2,91,65,0,0,10,Attacking Qualities,112,Initial Break,530,Line Break,0,,0,,0,,0,,0,,0,,0,,0,,0,0,0,0,,6,68,65,0,3,953,Canada,951,Romania,12/07/2024,19:00,13,10,35,22,20,17,1146,TD Place,-1,NA,1,2023,11,11,Left Wing,0,,0,,1000761,Hollie Davidson,1001076,Kat Roche,1001022,Luke Rogan,-1,,3,International,N,L
1967,941540,0,,951,Romania,4977.84,5019.20,6014,2,88,0,103,61,15,Possession,306,Lineout,314,Try,112,Initial Break,685,Starts inside Opposition 22,0,,0,,0,,0,,0,,0,,12,0,0,0,,6,68,65,0,3,953,Canada,951,Romania,12/07/2024,19:00,13,10,35,22,20,17,1146,TD Place,-1,NA,1,2023,,,,0,,0,,1000761,Hollie Davidson,1001076,Kat Roche,1001022,Luke Rogan,-1,,3,International,N,L
1968,941540,0,,951,Romania,4977.84,5019.20,6014,2,88,0,103,61,26,Sequences,306,Lineout,314,Try,0,,0,,0,,0,,0,,0,,0,,0,,12,0,0,0,,6,68,65,0,3,953,Canada,951,Romania,12/07/2024,19:00,13,10,35,22,20,17,1146,TD Place,-1,NA,1,2023,,,,0,,0,,1000761,Hollie Davidson,1001076,Kat Roche,1001022,Luke Rogan,-1,,3,International,N,L
1969,941540,20983,Tevita Manumua,951,Romania,5019.00,5019.00,6014,2,103,61,0,0,9,Try,0,Try,0,,0,,0,,0,,0,,0,,0,,0,,0,,0,0,0,0,,6,68,65,0,-2,953,Canada,951,Romania,12/07/2024,19:00,13,10,35,22,20,17,1146,TD Place,-1,NA,1,2023,11,11,Left Wing,0,,0,,1000761,Hollie Davidson,1001076,Kat Roche,1001022,Luke Rogan,-1,,3,International,N,L
1970,941540,57666,Alin Conache,951,Romania,5093.44,5097.76,6129,2,75,61,105,37,11,Goal Kick,295,Conversion,298,Goal Missed,534,Missed Right,0,,0,,0,,0,,0,,0,,0,,25,38,0,0,,1,68,66,0,-2,953,Canada,951,Romania,12/07/2024,19:00,13,10,35,22,20,22,1146,TD Place,-1,NA,1,2023,09,9,Scrum Half,0,,0,,1000761,Hollie Davidson,1001076,Kat Roche,1001022,Luke Rogan,-1,,3,International,N,L
1971,941540,0,,953,Canada,5104.88,5192.12,6140,2,105,37,0,0,17,Period,0,Period,0,,0,,0,,0,,0,,0,,0,,0,,0,,0,0,0,0,,1,68,66,0,-2,953,Canada,951,Romania,12/07/2024,19:00,13,10,35,22,20,22,1146,TD Place,-1,NA,1,2023,,,,0,,0,,1000761,Hollie Davidson,1001076,Kat Roche,1001022,Luke Rogan,-1,,3,International,Y,W
1972,941540,19391,Peter Nelson,953,Canada,5192.16,5195.84,6140,2,50,34,86,55,14,Restart,281,50m Restart,286,Restart Opp Collection,288,Long,753,Kicked Right,0,,0,,0,,0,,0,,0,,36,42,22,0,,1,68,67,0,-2,953,Canada,951,Romania,12/07/2024,19:00,13,10,35,22,20,22,1146,TD Place,-1,NA,1,2023,10,10,Fly Half,0,,0,,1000761,Hollie Davidson,1001076,Kat Roche,1001022,Luke Rogan,-1,,3,International,Y,W
1973,941540,29316,Nicolaas Immelman,951,Romania,5195.84,5195.84,6144,2,14,13,0,0,18,Collection,275,Restart Catch,277,Success,0,,0,,0,,0,,0,,0,,0,,0,,0,0,0,0,,1,69,67,0,-2,953,Canada,951,Romania,12/07/2024,19:00,13,10,35,22,20,22,1146,TD Place,-1,NA,1,2023,08,8,Number 8,0,,0,,1000761,Hollie Davidson,1001076,Kat Roche,1001022,Luke Rogan,-1,,3,International,N,L
1974,941540,0,,951,Romania,5195.84,5195.84,6144,2,14,13,0,0,45,Defensive Exits,630,Kicked out of 22,0,,0,,0,,0,,0,,0,,0,,0,,0,,0,0,0,0,,1,69,67,0,-2,953,Canada,951,Romania,12/07/2024,19:00,13,10,35,22,20,22,1146,TD Place,-1,NA,1,2023,,,,0,,0,,1000761,Hollie Davidson,1001076,Kat Roche,1001022,Luke Rogan,-1,,3,International,N,L
1975,941540,29316,Nicolaas Immelman,951,Romania,5196.44,5198.24,6144,2,16,14,12,18,3,Pass,169,Complete,0,,679,Short Pass,682,Right Pass,700,0th Receiver,0,,0,,0,,0,,0,,4,5,3,0,,1,69,67,0,-2,953,Canada,951,Romania,12/07/2024,19:00,13,10,35,22,20,22,1146,TD Place,-1,NA,1,2023,08,8,Number 8,0,,0,,1000761,Hollie Davidson,1001076,Kat Roche,1001022,Luke Rogan,-1,,3,International,N,L
1976,941540,57666,Alin Conache,951,Romania,5198.24,5198.24,6146,2,12,18,0,0,18,Collection,631,General Catch,0,,0,,0,,0,,0,,0,,0,,0,,0,,0,0,0,0,,1,69,67,0,-2,953,Canada,951,Romania,12/07/2024,19:00,13,10,35,22,20,22,1146,TD Place,-1,NA,1,2023,09,9,Scrum Half,0,,0,,1000761,Hollie Davidson,1001076,Kat Roche,1001022,Luke Rogan,-1,,3,International,N,L
1977,941540,57666,Alin Conache,951,Romania,5198.28,5202.04,6146,2,15,19,37,0,4,Kick,347,Touch Kick,193,Kick in Touch (Full),186,Kick in Play (Own 22),0,,0,,0,,0,,0,,0,,0,,23,30,0,0,,1,69,67,0,-2,953,Canada,951,Romania,12/07/2024,19:00,13,10,35,22,20,22,1146,TD Place,-1,NA,1,2023,09,9,Scrum Half,0,,0,,1000761,Hollie Davidson,1001076,Kat Roche,1001022,Luke Rogan,-1,,3,International,N,L
1978,941540,0,,953,Canada,5192.16,5202.04,6150,2,50,34,63,68,26,Sequences,307,50m Restart,315,Kick Out of Play,0,,0,,0,,0,,0,,0,,0,,0,,13,0,0,0,,1,69,67,0,-2,953,Canada,951,Romania,12/07/2024,19:00,13,10,35,22,20,22,1146,TD Place,-1,NA,1,2023,,,,0,,0,,1000761,Hollie Davidson,1001076,Kat Roche,1001022,Luke Rogan,-1,,3,International,Y,W
1979,941540,0,,951,Romania,5195.84,5202.04,6150,2,14,13,37,0,15,Possession,307,50m Restart,315,Kick Out of Play,0,,684,Fails to enter into Opposition 22,0,,0,,0,,0,,0,,0,,23,0,0,0,,1,69,67,0,-2,953,Canada,951,Romania,12/07/2024,19:00,13,10,35,22,20,22,1146,TD Place,-1,NA,1,2023,,,,0,,0,,1000761,Hollie Davidson,1001076,Kat Roche,1001022,Luke Rogan,-1,,3,International,N,L
1980,941540,25189,Andrew Quattrin,953,Canada,5221.56,5222.76,6210,2,63,68,63,58,6,Lineout Throw,372,Throw Middle,376,Won Clean Catch,211,Off The Top,0,6,659,Wide Left Open Movement Lineout,731,6 Players,724,Halfback in Position,0,,0,,0,,10,0,-2,30,,1,70,68,0,-2,953,Canada,951,Romania,12/07/2024,19:00,13,10,35,22,20,22,1146,TD Place,-1,NA,1,2023,02,2,Hooker,0,,0,,1000761,Hollie Davidson,1001076,Kat Roche,1001022,Luke Rogan,-1,,3,International,Y,W
1981,941540,38465,Mason Flesch,953,Canada,5222.76,5222.76,6211,2,63,58,0,0,27,Lineout Take,387,Lineout Win Middle,376,Won Clean,211,Off The Top,396,Clean Catch,0,,0,,0,,0,,0,,0,,0,0,0,0,,1,70,68,0,-2,953,Canada,951,Romania,12/07/2024,19:00,13,10,35,22,20,22,1146,TD Place,-1,NA,1,2023,06,6,Blindside Flanker,0,,0,,1000761,Hollie Davidson,1001076,Kat Roche,1001022,Luke Rogan,-1,,3,International,Y,W
1982,941540,38465,Mason Flesch,953,Canada,5223.00,5223.88,6211,2,63,58,59,60,3,Pass,169,Complete,0,,679,Short Pass,682,Right Pass,700,0th Receiver,0,,0,,0,,0,,0,,2,4,4,0,,1,70,68,0,-2,953,Canada,951,Romania,12/07/2024,19:00,13,10,35,22,20,22,1146,TD Place,-1,NA,1,2023,06,6,Blindside Flanker,0,,0,,1000761,Hollie Davidson,1001076,Kat Roche,1001022,Luke Rogan,-1,,3,International,Y,W
1983,941540,38159,Jason Higgins,953,Canada,5223.88,5223.88,6212,2,59,60,0,0,18,Collection,631,General Catch,0,,0,,0,,0,,0,,0,,0,,0,,0,,0,0,0,0,,1,70,68,0,-2,953,Canada,951,Romania,12/07/2024,19:00,13,10,35,22,20,22,1146,TD Place,-1,NA,1,2023,09,9,Scrum Half,0,,0,,1000761,Hollie Davidson,1001076,Kat Roche,1001022,Luke Rogan,-1,,3,International,Y,W
1984,941540,38159,Jason Higgins,953,Canada,5223.92,5225.52,6212,2,59,58,57,41,3,Pass,169,Complete,0,,680,Long Pass,681,Left Pass,701,1st Receiver,0,,0,,0,,0,,0,,17,17,2,0,,1,70,68,0,-2,953,Canada,951,Romania,12/07/2024,19:00,13,10,35,22,20,22,1146,TD Place,-1,NA,1,2023,09,9,Scrum Half,0,,0,,1000761,Hollie Davidson,1001076,Kat Roche,1001022,Luke Rogan,-1,,3,International,Y,W
1985,941540,19391,Peter Nelson,953,Canada,5225.52,5225.52,6214,2,57,41,0,0,18,Collection,631,General Catch,0,,0,,0,,0,,0,,0,,0,,0,,0,,0,0,0,0,,1,70,68,0,-2,953,Canada,951,Romania,12/07/2024,19:00,13,10,35,22,20,22,1146,TD Place,-1,NA,1,2023,10,10,Fly Half,0,,0,,1000761,Hollie Davidson,1001076,Kat Roche,1001022,Luke Rogan,-1,,3,International,Y,W
1986,941540,19391,Peter Nelson,953,Canada,5225.56,5226.84,6214,2,59,39,56,33,3,Pass,169,Complete,0,,686,Medium Pass,681,Left Pass,702,2nd Receiver,0,,0,,0,,0,,0,,6,7,2,0,,1,70,68,0,-2,953,Canada,951,Romania,12/07/2024,19:00,13,10,35,22,20,22,1146,TD Place,-1,NA,1,2023,10,10,Fly Half,0,,0,,1000761,Hollie Davidson,1001076,Kat Roche,1001022,Luke Rogan,-1,,3,International,Y,W
1987,941540,64048,Talon McMullin,953,Canada,5226.84,5226.84,6215,2,56,33,0,0,18,Collection,631,General Catch,0,,0,,0,,0,,0,,0,,0,,0,,0,,0,0,0,0,,1,70,68,0,-2,953,Canada,951,Romania,12/07/2024,19:00,13,10,35,22,20,22,1146,TD Place,-1,NA,1,2023,12,12,Inside Centre,0,,0,,1000761,Hollie Davidson,1001076,Kat Roche,1001022,Luke Rogan,-1,,3,International,Y,W
1988,941540,64048,Talon McMullin,953,Canada,5226.88,5227.20,6215,2,59,32,58,28,3,Pass,169,Complete,0,,679,Short Pass,681,Left Pass,703,3rd Receiver,0,,0,,0,,0,,0,,4,4,1,0,,1,70,68,0,-2,953,Canada,951,Romania,12/07/2024,19:00,13,10,35,22,20,22,1146,TD Place,-1,NA,1,2023,12,12,Inside Centre,0,,0,,1000761,Hollie Davidson,1001076,Kat Roche,1001022,Luke Rogan,-1,,3,International,Y,W
1989,941540,25195,Ben LeSage,953,Canada,5227.20,5227.20,6215,2,58,28,0,0,18,Collection,631,General Catch,0,,0,,0,,0,,0,,0,,0,,0,,0,,0,0,0,0,,1,70,68,0,-2,953,Canada,951,Romania,12/07/2024,19:00,13,10,35,22,20,22,1146,TD Place,-1,NA,1,2023,13,13,Outside Centre,0,,0,,1000761,Hollie Davidson,1001076,Kat Roche,1001022,Luke Rogan,-1,,3,International,Y,W
1990,941540,25195,Ben LeSage,953,Canada,5227.20,5228.12,6215,2,58,28,61,29,1,Carry,103,Other Carry,409,Tackled Ineffective,111,Failed Gain line,462,Ineffective Contact,501,1 Tacklers Committed,704,4th Receiver,0,,0,,0,,0,,0,3,1,1,,1,70,68,0,-2,953,Canada,951,Romania,12/07/2024,19:00,13,10,35,22,20,22,1146,TD Place,-1,NA,1,2023,13,13,Outside Centre,0,,0,,1000761,Hollie Davidson,1001076,Kat Roche,1001022,Luke Rogan,-1,,3,International,Y,W
1991,941540,27037,Fonovai Tangimana,951,Romania,5227.76,5227.76,6216,2,40,39,0,0,2,Tackle,144,Line,159,Sack,0,,473,Dominant Tackle,708,1st Tackler,0,,0,,0,,0,,0,,0,0,0,0,,1,70,68,0,-2,953,Canada,951,Romania,12/07/2024,19:00,13,10,35,22,20,22,1146,TD Place,-1,NA,1,2023,20,7,Openside Flanker,0,,0,,1000761,Hollie Davidson,1001076,Kat Roche,1001022,Luke Rogan,-1,,3,International,N,L
1992,941540,25195,Ben LeSage,953,Canada,5228.12,5232.08,6216,2,61,29,0,0,23,Ruck,0,,401,Won Outright,549,Behind Previous Gainline,555,3-4 Seconds,663,Close Left Open Movement Ruck,0,,0,,0,,0,,0,,0,0,0,9,,1,70,68,0,-2,953,Canada,951,Romania,12/07/2024,19:00,13,10,35,22,20,22,1146,TD Place,-1,NA,1,2023,13,13,Outside Centre,0,,0,,1000761,Hollie Davidson,1001076,Kat Roche,1001022,Luke Rogan,-1,,3,International,Y,W
1993,941540,40389,Jason Tomane,951,Romania,5228.40,5228.40,6216,2,39,39,0,0,43,Ruck OOA,578,Got Cleaned Out,583,Own Team 1st Entry,603,OOA Entry 1st Entry- Def,633,Defensive OOA,0,1,0,,0,,0,,0,,0,,0,0,0,0,,1,70,68,0,-2,953,Canada,951,Romania,12/07/2024,19:00,13,10,35,22,20,22,1146,TD Place,-1,NA,1,2023,12,12,Inside Centre,0,,0,,1000761,Hollie Davidson,1001076,Kat Roche,1001022,Luke Rogan,-1,,3,International,N,L
1994,941540,19391,Peter Nelson,953,Canada,5228.96,5228.96,6217,2,61,29,0,0,43,Ruck OOA,572,Cleaned Out,583,Own Team 1st Entry,588,OOA Entry 1st Entry- Att,632,Attacking OOA,0,1,0,,0,,0,,0,,0,,0,0,0,0,,1,70,68,0,-2,953,Canada,951,Romania,12/07/2024,19:00,13,10,35,22,20,22,1146,TD Place,-1,NA,1,2023,10,10,Fly Half,0,,0,,1000761,Hollie Davidson,1001076,Kat Roche,1001022,Luke Rogan,-1,,3,International,Y,W
1995,941540,25183,Lucas Rumball,953,Canada,5230.24,5230.24,6218,2,61,29,0,0,43,Ruck OOA,574,Secured,584,Own Team 2nd Entry,589,OOA Entry 2nd Entry- Att,632,Attacking OOA,0,2,0,,0,,0,,0,,0,,0,0,0,0,,1,70,68,0,-2,953,Canada,951,Romania,12/07/2024,19:00,13,10,35,22,20,22,1146,TD Place,-1,NA,1,2023,08,8,Number 8,0,,0,,1000761,Hollie Davidson,1001076,Kat Roche,1001022,Luke Rogan,-1,,3,International,Y,W
1996,941540,64048,Talon McMullin,953,Canada,5230.36,5230.36,6218,2,61,29,0,0,43,Ruck OOA,574,Secured,585,Own Team 3rd Entry,590,OOA Entry 3rd Entry- Att,632,Attacking OOA,0,3,0,,0,,0,,0,,0,,0,0,0,0,,1,70,68,0,-2,953,Canada,951,Romania,12/07/2024,19:00,13,10,35,22,20,22,1146,TD Place,-1,NA,1,2023,12,12,Inside Centre,0,,0,,1000761,Hollie Davidson,1001076,Kat Roche,1001022,Luke Rogan,-1,,3,International,Y,W
1997,941540,58656,Calixto Martinez,953,Canada,5230.88,5230.88,6219,2,61,29,0,0,43,Ruck OOA,575,Attended,586,Own Team 4th Entry,591,OOA Entry 4th Entry- Att,632,Attacking OOA,0,4,0,,0,,0,,0,,0,,0,0,0,0,,1,70,68,0,-2,953,Canada,951,Romania,12/07/2024,19:00,13,10,35,22,20,22,1146,TD Place,-1,NA,1,2023,17,1,Loosehead Prop,0,,0,,1000761,Hollie Davidson,1001076,Kat Roche,1001022,Luke Rogan,-1,,3,International,Y,W
1998,941540,38159,Jason Higgins,953,Canada,5232.08,5232.08,6220,2,61,29,0,0,18,Collection,631,General Catch,0,,0,,0,,0,,0,,0,,0,,0,,0,,0,0,0,0,,2,70,68,0,-2,953,Canada,951,Romania,12/07/2024,19:00,13,10,35,22,20,22,1146,TD Place,-1,NA,1,2023,09,9,Scrum Half,0,,0,,1000761,Hollie Davidson,1001076,Kat Roche,1001022,Luke Rogan,-1,,3,International,Y,W
1999,941540,38159,Jason Higgins,953,Canada,5232.08,5232.08,6220,2,61,29,0,0,47,Playmaker Options,671,Halfback at Breakdown,675,Playmaker Option - Pass,0,,0,,0,,0,,0,,0,,0,,0,,0,0,0,0,,2,70,68,0,-2,953,Canada,951,Romania,12/07/2024,19:00,13,10,35,22,20,22,1146,TD Place,-1,NA,1,2023,09,9,Scrum Half,0,,0,,1000761,Hollie Davidson,1001076,Kat Roche,1001022,Luke Rogan,-1,,3,International,Y,W
2000,941540,38159,Jason Higgins,953,Canada,5232.40,5234.04,6220,2,61,29,59,21,3,Pass,169,Complete,0,,686,Medium Pass,681,Left Pass,700,0th Receiver,0,,0,,0,,0,,0,,9,9,2,0,,2,70,68,0,-2,953,Canada,951,Romania,12/07/2024,19:00,13,10,35,22,20,22,1146,TD Place,-1,NA,1,2023,09,9,Scrum Half,0,,0,,1000761,Hollie Davidson,1001076,Kat Roche,1001022,Luke Rogan,-1,,3,International,Y,W
2001,941540,27090,Conor Keys,953,Canada,5234.04,5234.04,6222,2,59,21,0,0,18,Collection,631,General Catch,0,,0,,0,,0,,0,,0,,0,,0,,0,,0,0,0,0,,2,70,68,0,-2,953,Canada,951,Romania,12/07/2024,19:00,13,10,35,22,20,22,1146,TD Place,-1,NA,1,2023,04,4,Lock (4),0,,0,,1000761,Hollie Davidson,1001076,Kat Roche,1001022,Luke Rogan,-1,,3,International,Y,W
2002,941540,27090,Conor Keys,953,Canada,5234.04,5234.04,6222,2,59,21,0,0,47,Playmaker Options,656,First Receiver,673,Playmaker Option - Carry,0,,0,,0,,0,,0,,0,,0,,0,,0,0,0,0,,2,70,68,0,-2,953,Canada,951,Romania,12/07/2024,19:00,13,10,35,22,20,22,1146,TD Place,-1,NA,1,2023,04,4,Lock (4),0,,0,,1000761,Hollie Davidson,1001076,Kat Roche,1001022,Luke Rogan,-1,,3,International,Y,W
2003,941540,27090,Conor Keys,953,Canada,5234.04,5236.68,6222,2,59,21,61,20,1,Carry,101,One Out Drive,108,Tackled Neutral,110,Neutral Gain line,461,Neutral Contact,502,2 Tacklers Committed,701,1st Receiver,0,,0,,0,,0,,0,2,0,0,,2,70,68,0,-2,953,Canada,951,Romania,12/07/2024,19:00,13,10,35,22,20,22,1146,TD Place,-1,NA,1,2023,04,4,Lock (4),0,,0,,1000761,Hollie Davidson,1001076,Kat Roche,1001022,Luke Rogan,-1,,3,International,Y,W
2004,941540,38195,Rob Irimescu,951,Romania,5234.32,5234.32,6222,2,39,50,0,0,2,Tackle,144,Line,153,Complete,0,,474,Neutral Tackle,708,1st Tackler,0,,0,,0,,0,,0,,0,0,0,0,,2,70,68,0,-2,953,Canada,951,Romania,12/07/2024,19:00,13,10,35,22,20,22,1146,TD Place,-1,NA,1,2023,16,2,Hooker,0,,0,,1000761,Hollie Davidson,1001076,Kat Roche,1001022,Luke Rogan,-1,,3,International,N,L
2005,941540,27535,Alexandru Savin,951,Romania,5234.80,5234.80,6223,2,39,50,0,0,2,Tackle,144,Line,153,Complete,441,Assist,474,Neutral Tackle,709,2nd Tackler,0,,0,,0,,0,,0,,0,0,0,0,,2,70,68,0,-2,953,Canada,951,Romania,12/07/2024,19:00,13,10,35,22,20,22,1146,TD Place,-1,NA,1,2023,17,1,Loosehead Prop,0,,0,,1000761,Hollie Davidson,1001076,Kat Roche,1001022,Luke Rogan,-1,,3,International,N,L
2006,941540,27090,Conor Keys,953,Canada,5236.68,5238.80,6225,2,61,20,0,0,23,Ruck,0,,401,Won Outright,550,Equal to Previous  Gainline,554,2-3 Seconds,722,Mid Left Blindside Movement Ruck,0,,0,,0,,0,,0,,0,0,1,15,,2,70,68,0,-2,953,Canada,951,Romania,12/07/2024,19:00,13,10,35,22,20,22,1146,TD Place,-1,NA,1,2023,04,4,Lock (4),0,,0,,1000761,Hollie Davidson,1001076,Kat Roche,1001022,Luke Rogan,-1,,3,International,Y,W
2007,941540,25189,Andrew Quattrin,953,Canada,5237.76,5237.76,6226,2,61,20,0,0,43,Ruck OOA,574,Secured,583,Own Team 1st Entry,588,OOA Entry 1st Entry- Att,632,Attacking OOA,0,1,0,,0,,0,,0,,0,,0,0,0,0,,2,70,68,0,-2,953,Canada,951,Romania,12/07/2024,19:00,13,10,35,22,20,22,1146,TD Place,-1,NA,1,2023,02,2,Hooker,0,,0,,1000761,Hollie Davidson,1001076,Kat Roche,1001022,Luke Rogan,-1,,3,International,Y,W
2008,941540,38159,Jason Higgins,953,Canada,5238.80,5238.80,6227,2,61,20,0,0,18,Collection,631,General Catch,0,,0,,0,,0,,0,,0,,0,,0,,0,,0,0,0,0,,3,70,68,0,-2,953,Canada,951,Romania,12/07/2024,19:00,13,10,35,22,20,22,1146,TD Place,-1,NA,1,2023,09,9,Scrum Half,0,,0,,1000761,Hollie Davidson,1001076,Kat Roche,1001022,Luke Rogan,-1,,3,International,Y,W
2009,941540,38159,Jason Higgins,953,Canada,5238.80,5238.80,6227,2,61,20,0,0,47,Playmaker Options,671,Halfback at Breakdown,675,Playmaker Option - Pass,0,,0,,0,,0,,0,,0,,0,,0,,0,0,0,0,,3,70,68,0,-2,953,Canada,951,Romania,12/07/2024,19:00,13,10,35,22,20,22,1146,TD Place,-1,NA,1,2023,09,9,Scrum Half,0,,0,,1000761,Hollie Davidson,1001076,Kat Roche,1001022,Luke Rogan,-1,,3,International,Y,W
2010,941540,38159,Jason Higgins,953,Canada,5239.28,5240.48,6227,2,61,20,59,10,3,Pass,169,Complete,0,,686,Medium Pass,681,Left Pass,700,0th Receiver,0,,0,,0,,0,,0,,11,11,2,0,,3,70,68,0,-2,953,Canada,951,Romania,12/07/2024,19:00,13,10,35,22,20,22,1146,TD Place,-1,NA,1,2023,09,9,Scrum Half,0,,0,,1000761,Hollie Davidson,1001076,Kat Roche,1001022,Luke Rogan,-1,,3,International,Y,W
2011,941540,33642,Cooper Coats,953,Canada,5240.48,5240.48,6228,2,59,10,0,0,18,Collection,631,General Catch,0,,0,,0,,0,,0,,0,,0,,0,,0,,0,0,0,0,,3,70,68,0,-2,953,Canada,951,Romania,12/07/2024,19:00,13,10,35,22,20,22,1146,TD Place,-1,NA,1,2023,15,15,Full Back,0,,0,,1000761,Hollie Davidson,1001076,Kat Roche,1001022,Luke Rogan,-1,,3,International,Y,W
2012,941540,33642,Cooper Coats,953,Canada,5240.48,5240.48,6228,2,59,10,0,0,47,Playmaker Options,656,First Receiver,675,Playmaker Option - Pass,0,,0,,0,,0,,0,,0,,0,,0,,0,0,0,0,,3,70,68,0,-2,953,Canada,951,Romania,12/07/2024,19:00,13,10,35,22,20,22,1146,TD Place,-1,NA,1,2023,15,15,Full Back,0,,0,,1000761,Hollie Davidson,1001076,Kat Roche,1001022,Luke Rogan,-1,,3,International,Y,W
2013,941540,33642,Cooper Coats,953,Canada,5240.52,5240.84,6229,2,60,10,59,6,3,Pass,169,Complete,0,,679,Short Pass,681,Left Pass,701,1st Receiver,0,,0,,0,,0,,0,,4,4,1,0,,3,70,68,0,-2,953,Canada,951,Romania,12/07/2024,19:00,13,10,35,22,20,22,1146,TD Place,-1,NA,1,2023,15,15,Full Back,0,,0,,1000761,Hollie Davidson,1001076,Kat Roche,1001022,Luke Rogan,-1,,3,International,Y,W
2014,941540,28377,Andrew Coe,953,Canada,5240.84,5240.84,6229,2,59,6,0,0,18,Collection,631,General Catch,0,,0,,0,,0,,0,,0,,0,,0,,0,,0,0,0,0,,3,70,68,0,-2,953,Canada,951,Romania,12/07/2024,19:00,13,10,35,22,20,22,1146,TD Place,-1,NA,1,2023,14,14,Right Wing,0,,0,,1000761,Hollie Davidson,1001076,Kat Roche,1001022,Luke Rogan,-1,,3,International,Y,W
2015,941540,28377,Andrew Coe,953,Canada,5240.84,5240.84,6229,2,59,6,0,0,47,Playmaker Options,657,Second Receiver,673,Playmaker Option - Carry,0,,0,,0,,0,,0,,0,,0,,0,,0,0,0,0,,3,70,68,0,-2,953,Canada,951,Romania,12/07/2024,19:00,13,10,35,22,20,22,1146,TD Place,-1,NA,1,2023,14,14,Right Wing,0,,0,,1000761,Hollie Davidson,1001076,Kat Roche,1001022,Luke Rogan,-1,,3,International,Y,W
2016,941540,28377,Andrew Coe,953,Canada,5240.84,5242.16,6229,2,59,6,61,6,1,Carry,103,Other Carry,108,Tackled Neutral,110,Neutral Gain line,461,Neutral Contact,501,1 Tacklers Committed,702,2nd Receiver,0,,0,,0,,0,,1,3,1,1,,3,70,68,0,-2,953,Canada,951,Romania,12/07/2024,19:00,13,10,35,22,20,22,1146,TD Place,-1,NA,1,2023,14,14,Right Wing,0,,0,,1000761,Hollie Davidson,1001076,Kat Roche,1001022,Luke Rogan,-1,,3,International,Y,W
2017,941540,60960,Mihai Graure,951,Romania,5241.56,5241.56,6230,2,39,62,0,0,2,Tackle,144,Line,153,Complete,0,,474,Neutral Tackle,708,1st Tackler,0,,0,,0,,0,,0,,0,0,0,0,,3,70,68,0,-2,953,Canada,951,Romania,12/07/2024,19:00,13,10,35,22,20,22,1146,TD Place,-1,NA,1,2023,13,13,Outside Centre,0,,0,,1000761,Hollie Davidson,1001076,Kat Roche,1001022,Luke Rogan,-1,,3,International,N,L
2018,941540,28377,Andrew Coe,953,Canada,5242.16,5247.32,6230,2,61,6,0,0,23,Ruck,0,,401,Won Outright,550,Equal to Previous  Gainline,557,5-6 Seconds,662,Mid Right Open Movement Ruck,0,,0,,0,,0,,0,,0,0,-2,17,,3,70,68,0,-2,953,Canada,951,Romania,12/07/2024,19:00,13,10,35,22,20,22,1146,TD Place,-1,NA,1,2023,14,14,Right Wing,0,,0,,1000761,Hollie Davidson,1001076,Kat Roche,1001022,Luke Rogan,-1,,3,International,Y,W
2019,941540,20983,Tevita Manumua,951,Romania,5242.56,5242.56,6231,2,39,62,0,0,43,Ruck OOA,578,Got Cleaned Out,583,Own Team 1st Entry,603,OOA Entry 1st Entry- Def,633,Defensive OOA,0,1,0,,0,,0,,0,,0,,0,0,0,0,,3,70,68,0,-2,953,Canada,951,Romania,12/07/2024,19:00,13,10,35,22,20,22,1146,TD Place,-1,NA,1,2023,11,11,Left Wing,0,,0,,1000761,Hollie Davidson,1001076,Kat Roche,1001022,Luke Rogan,-1,,3,International,N,L
2020,941540,33642,Cooper Coats,953,Canada,5243.12,5243.12,6231,2,61,6,0,0,43,Ruck OOA,572,Cleaned Out,583,Own Team 1st Entry,588,OOA Entry 1st Entry- Att,632,Attacking OOA,0,1,0,,0,,0,,0,,0,,0,0,0,0,,3,70,68,0,-2,953,Canada,951,Romania,12/07/2024,19:00,13,10,35,22,20,22,1146,TD Place,-1,NA,1,2023,15,15,Full Back,0,,0,,1000761,Hollie Davidson,1001076,Kat Roche,1001022,Luke Rogan,-1,,3,International,Y,W
2021,941540,38501,Nic Benn,953,Canada,5243.76,5243.76,6232,2,61,6,0,0,43,Ruck OOA,572,Cleaned Out,584,Own Team 2nd Entry,589,OOA Entry 2nd Entry- Att,632,Attacking OOA,0,2,0,,0,,0,,0,,0,,0,0,0,0,,3,70,68,0,-2,953,Canada,951,Romania,12/07/2024,19:00,13,10,35,22,20,22,1146,TD Place,-1,NA,1,2023,11,11,Left Wing,0,,0,,1000761,Hollie Davidson,1001076,Kat Roche,1001022,Luke Rogan,-1,,3,International,Y,W
2022,941540,58656,Calixto Martinez,953,Canada,5244.08,5244.08,6232,2,61,6,0,0,43,Ruck OOA,572,Cleaned Out,585,Own Team 3rd Entry,590,OOA Entry 3rd Entry- Att,632,Attacking OOA,0,3,0,,0,,0,,0,,0,,0,0,0,0,,3,70,68,0,-2,953,Canada,951,Romania,12/07/2024,19:00,13,10,35,22,20,22,1146,TD Place,-1,NA,1,2023,17,1,Loosehead Prop,0,,0,,1000761,Hollie Davidson,1001076,Kat Roche,1001022,Luke Rogan,-1,,3,International,Y,W
2023,941540,38159,Jason Higgins,953,Canada,5247.32,5247.32,6235,2,61,6,0,0,18,Collection,631,General Catch,0,,0,,0,,0,,0,,0,,0,,0,,0,,0,0,0,0,,4,70,68,0,-2,953,Canada,951,Romania,12/07/2024,19:00,13,10,35,22,20,22,1146,TD Place,-1,NA,1,2023,09,9,Scrum Half,0,,0,,1000761,Hollie Davidson,1001076,Kat Roche,1001022,Luke Rogan,-1,,3,International,Y,W
2024,941540,38159,Jason Higgins,953,Canada,5247.32,5247.32,6235,2,61,6,0,0,47,Playmaker Options,671,Halfback at Breakdown,675,Playmaker Option - Pass,0,,0,,0,,0,,0,,0,,0,,0,,0,0,0,0,,4,70,68,0,-2,953,Canada,951,Romania,12/07/2024,19:00,13,10,35,22,20,22,1146,TD Place,-1,NA,1,2023,09,9,Scrum Half,0,,0,,1000761,Hollie Davidson,1001076,Kat Roche,1001022,Luke Rogan,-1,,3,International,Y,W
2025,941540,38159,Jason Higgins,953,Canada,5247.36,5249.84,6235,2,61,6,60,17,3,Pass,169,Complete,0,,686,Medium Pass,682,Right Pass,700,0th Receiver,0,,0,,0,,0,,0,,11,11,2,0,,4,70,68,0,-2,953,Canada,951,Romania,12/07/2024,19:00,13,10,35,22,20,22,1146,TD Place,-1,NA,1,2023,09,9,Scrum Half,0,,0,,1000761,Hollie Davidson,1001076,Kat Roche,1001022,Luke Rogan,-1,,3,International,Y,W
2026,941540,27090,Conor Keys,953,Canada,5249.84,5249.84,6238,2,60,17,0,0,18,Collection,631,General Catch,0,,0,,0,,0,,0,,0,,0,,0,,0,,0,0,0,0,,4,70,68,0,-2,953,Canada,951,Romania,12/07/2024,19:00,13,10,35,22,20,22,1146,TD Place,-1,NA,1,2023,04,4,Lock (4),0,,0,,1000761,Hollie Davidson,1001076,Kat Roche,1001022,Luke Rogan,-1,,3,International,Y,W
2027,941540,27090,Conor Keys,953,Canada,5249.84,5249.84,6238,2,60,17,0,0,47,Playmaker Options,656,First Receiver,675,Playmaker Option - Pass,0,,0,,0,,0,,0,,0,,0,,0,,0,0,0,0,,4,70,68,0,-2,953,Canada,951,Romania,12/07/2024,19:00,13,10,35,22,20,22,1146,TD Place,-1,NA,1,2023,04,4,Lock (4),0,,0,,1000761,Hollie Davidson,1001076,Kat Roche,1001022,Luke Rogan,-1,,3,International,Y,W
2028,941540,27090,Conor Keys,953,Canada,5249.88,5250.04,6238,2,61,17,57,21,3,Pass,169,Complete,0,,679,Short Pass,682,Right Pass,701,1st Receiver,0,,0,,0,,0,,0,,5,6,4,0,,4,70,68,0,-2,953,Canada,951,Romania,12/07/2024,19:00,13,10,35,22,20,22,1146,TD Place,-1,NA,1,2023,04,4,Lock (4),0,,0,,1000761,Hollie Davidson,1001076,Kat Roche,1001022,Luke Rogan,-1,,3,International,Y,W
2029,941540,25181,Kyle Baillie,953,Canada,5250.04,5250.04,6238,2,57,21,0,0,18,Collection,631,General Catch,0,,0,,0,,0,,0,,0,,0,,0,,0,,0,0,0,0,,4,70,68,0,-2,953,Canada,951,Romania,12/07/2024,19:00,13,10,35,22,20,22,1146,TD Place,-1,NA,1,2023,05,5,Lock (5),0,,0,,1000761,Hollie Davidson,1001076,Kat Roche,1001022,Luke Rogan,-1,,3,International,Y,W
2030,941540,25181,Kyle Baillie,953,Canada,5250.04,5250.04,6238,2,57,21,0,0,47,Playmaker Options,657,Second Receiver,673,Playmaker Option - Carry,0,,0,,0,,0,,0,,0,,0,,0,,0,0,0,0,,4,70,68,0,-2,953,Canada,951,Romania,12/07/2024,19:00,13,10,35,22,20,22,1146,TD Place,-1,NA,1,2023,05,5,Lock (5),0,,0,,1000761,Hollie Davidson,1001076,Kat Roche,1001022,Luke Rogan,-1,,3,International,Y,W
2031,941540,25181,Kyle Baillie,953,Canada,5250.04,5252.68,6238,2,57,21,59,22,1,Carry,103,Other Carry,108,Tackled Neutral,111,Failed Gain line,461,Neutral Contact,502,2 Tacklers Committed,702,2nd Receiver,0,,0,,0,,0,,0,2,1,1,,4,70,68,0,-2,953,Canada,951,Romania,12/07/2024,19:00,13,10,35,22,20,22,1146,TD Place,-1,NA,1,2023,05,5,Lock (5),0,,0,,1000761,Hollie Davidson,1001076,Kat Roche,1001022,Luke Rogan,-1,,3,International,Y,W
2032,941540,38195,Rob Irimescu,951,Romania,5250.40,5250.40,6238,2,42,46,0,0,2,Tackle,144,Line,153,Complete,0,,474,Neutral Tackle,708,1st Tackler,0,,0,,0,,0,,0,,0,0,0,0,,4,70,68,0,-2,953,Canada,951,Romania,12/07/2024,19:00,13,10,35,22,20,22,1146,TD Place,-1,NA,1,2023,16,2,Hooker,0,,0,,1000761,Hollie Davidson,1001076,Kat Roche,1001022,Luke Rogan,-1,,3,International,N,L
2033,941540,27535,Alexandru Savin,951,Romania,5251.44,5251.44,6239,2,42,46,0,0,2,Tackle,144,Line,153,Complete,441,Assist,474,Neutral Tackle,709,2nd Tackler,0,,0,,0,,0,,0,,0,0,0,0,,4,70,68,0,-2,953,Canada,951,Romania,12/07/2024,19:00,13,10,35,22,20,22,1146,TD Place,-1,NA,1,2023,17,1,Loosehead Prop,0,,0,,1000761,Hollie Davidson,1001076,Kat Roche,1001022,Luke Rogan,-1,,3,International,N,L
2034,941540,25181,Kyle Baillie,953,Canada,5252.68,5254.04,6241,2,59,22,0,0,23,Ruck,0,,401,Won Outright,549,Behind Previous Gainline,553,1-2 Seconds,662,Mid Right Open Movement Ruck,0,,0,,0,,0,,0,,0,0,14,23,,4,70,68,0,-2,953,Canada,951,Romania,12/07/2024,19:00,13,10,35,22,20,22,1146,TD Place,-1,NA,1,2023,05,5,Lock (5),0,,0,,1000761,Hollie Davidson,1001076,Kat Roche,1001022,Luke Rogan,-1,,3,International,Y,W
2035,941540,25189,Andrew Quattrin,953,Canada,5253.52,5253.52,6242,2,59,22,0,0,43,Ruck OOA,574,Secured,583,Own Team 1st Entry,588,OOA Entry 1st Entry- Att,632,Attacking OOA,0,1,0,,0,,0,,0,,0,,0,0,0,0,,4,70,68,0,-2,953,Canada,951,Romania,12/07/2024,19:00,13,10,35,22,20,22,1146,TD Place,-1,NA,1,2023,02,2,Hooker,0,,0,,1000761,Hollie Davidson,1001076,Kat Roche,1001022,Luke Rogan,-1,,3,International,Y,W
2036,941540,38159,Jason Higgins,953,Canada,5254.04,5254.04,6242,2,59,22,0,0,18,Collection,631,General Catch,0,,0,,0,,0,,0,,0,,0,,0,,0,,0,0,0,0,,5,70,68,0,-2,953,Canada,951,Romania,12/07/2024,19:00,13,10,35,22,20,22,1146,TD Place,-1,NA,1,2023,09,9,Scrum Half,0,,0,,1000761,Hollie Davidson,1001076,Kat Roche,1001022,Luke Rogan,-1,,3,International,Y,W
2037,941540,38159,Jason Higgins,953,Canada,5254.04,5254.04,6242,2,59,22,0,0,47,Playmaker Options,671,Halfback at Breakdown,675,Playmaker Option - Pass,0,,0,,0,,0,,0,,0,,0,,0,,0,0,0,0,,5,70,68,0,-2,953,Canada,951,Romania,12/07/2024,19:00,13,10,35,22,20,22,1146,TD Place,-1,NA,1,2023,09,9,Scrum Half,0,,0,,1000761,Hollie Davidson,1001076,Kat Roche,1001022,Luke Rogan,-1,,3,International,Y,W
2038,941540,38159,Jason Higgins,953,Canada,5254.48,5255.92,6242,2,59,22,56,28,3,Pass,169,Complete,0,,686,Medium Pass,682,Right Pass,700,0th Receiver,0,,0,,0,,0,,0,,7,7,3,0,,5,70,68,0,-2,953,Canada,951,Romania,12/07/2024,19:00,13,10,35,22,20,22,1146,TD Place,-1,NA,1,2023,09,9,Scrum Half,0,,0,,1000761,Hollie Davidson,1001076,Kat Roche,1001022,Luke Rogan,-1,,3,International,Y,W
2039,941540,19391,Peter Nelson,953,Canada,5255.92,5255.92,6244,2,56,28,0,0,18,Collection,631,General Catch,0,,0,,0,,0,,0,,0,,0,,0,,0,,0,0,0,0,,5,70,68,0,-2,953,Canada,951,Romania,12/07/2024,19:00,13,10,35,22,20,22,1146,TD Place,-1,NA,1,2023,10,10,Fly Half,0,,0,,1000761,Hollie Davidson,1001076,Kat Roche,1001022,Luke Rogan,-1,,3,International,Y,W
2040,941540,19391,Peter Nelson,953,Canada,5255.92,5255.92,6244,2,56,28,0,0,47,Playmaker Options,656,First Receiver,675,Playmaker Option - Pass,0,,0,,0,,0,,0,,0,,0,,0,,0,0,0,0,,5,70,68,0,-2,953,Canada,951,Romania,12/07/2024,19:00,13,10,35,22,20,22,1146,TD Place,-1,NA,1,2023,10,10,Fly Half,0,,0,,1000761,Hollie Davidson,1001076,Kat Roche,1001022,Luke Rogan,-1,,3,International,Y,W
2041,941540,19391,Peter Nelson,953,Canada,5255.96,5256.28,6244,2,57,29,56,39,3,Pass,172,Break,0,,686,Medium Pass,682,Right Pass,701,1st Receiver,0,,0,,0,,0,,0,,10,10,1,0,,5,70,68,0,-2,953,Canada,951,Romania,12/07/2024,19:00,13,10,35,22,20,22,1146,TD Place,-1,NA,1,2023,10,10,Fly Half,0,,0,,1000761,Hollie Davidson,1001076,Kat Roche,1001022,Luke Rogan,-1,,3,International,Y,W
2042,941540,19391,Peter Nelson,953,Canada,5256.04,5256.04,6244,2,57,29,0,0,10,Attacking Qualities,527,Break Assist,0,,0,,0,,0,,0,,0,,0,,0,,0,,0,0,0,0,,5,70,68,0,-2,953,Canada,951,Romania,12/07/2024,19:00,13,10,35,22,20,22,1146,TD Place,-1,NA,1,2023,10,10,Fly Half,0,,0,,1000761,Hollie Davidson,1001076,Kat Roche,1001022,Luke Rogan,-1,,3,International,Y,W
2043,941540,38465,Mason Flesch,953,Canada,5256.28,5256.28,6244,2,56,39,0,0,18,Collection,631,General Catch,0,,0,,0,,0,,0,,0,,0,,0,,0,,0,0,0,0,,5,70,68,0,-2,953,Canada,951,Romania,12/07/2024,19:00,13,10,35,22,20,22,1146,TD Place,-1,NA,1,2023,06,6,Blindside Flanker,0,,0,,1000761,Hollie Davidson,1001076,Kat Roche,1001022,Luke Rogan,-1,,3,International,Y,W
2044,941540,38465,Mason Flesch,953,Canada,5256.28,5256.28,6244,2,56,39,0,0,47,Playmaker Options,657,Second Receiver,673,Playmaker Option - Carry,0,,0,,0,,0,,0,,0,,0,,0,,0,0,0,0,,5,70,68,0,-2,953,Canada,951,Romania,12/07/2024,19:00,13,10,35,22,20,22,1146,TD Place,-1,NA,1,2023,06,6,Blindside Flanker,0,,0,,1000761,Hollie Davidson,1001076,Kat Roche,1001022,Luke Rogan,-1,,3,International,Y,W
2045,941540,38465,Mason Flesch,953,Canada,5256.28,5259.96,6244,2,56,39,73,44,1,Carry,103,Other Carry,119,Error,109,Crossed Gain line,462,Ineffective Contact,504,4+ Tacklers Committed,702,2nd Receiver,0,,0,,0,,0,,14,17,13,0,,5,70,68,0,-2,953,Canada,951,Romania,12/07/2024,19:00,13,10,35,22,20,22,1146,TD Place,-1,NA,1,2023,06,6,Blindside Flanker,0,,0,,1000761,Hollie Davidson,1001076,Kat Roche,1001022,Luke Rogan,-1,,3,International,Y,W
2046,941540,34102,Vasile Balan,951,Romania,5256.48,5256.48,6244,2,40,28,0,0,2,Tackle,144,Line,161,Missed,0,,475,Ineffective Tackle,708,1st Tackler,0,,0,,0,,0,,0,,0,0,0,0,,5,70,68,0,-2,953,Canada,951,Romania,12/07/2024,19:00,13,10,35,22,20,22,1146,TD Place,-1,NA,1,2023,03,3,Tighthead Prop,0,,0,,1000761,Hollie Davidson,1001076,Kat Roche,1001022,Luke Rogan,-1,,3,International,N,L
2047,941540,34102,Vasile Balan,951,Romania,5256.48,5256.48,6244,2,40,28,0,0,12,Missed Tackle,162,Bumped Off,167,Clean Break,0,,0,,0,,0,,0,,0,,0,,0,,0,0,0,0,,5,70,68,0,-2,953,Canada,951,Romania,12/07/2024,19:00,13,10,35,22,20,22,1146,TD Place,-1,NA,1,2023,03,3,Tighthead Prop,0,,0,,1000761,Hollie Davidson,1001076,Kat Roche,1001022,Luke Rogan,-1,,3,International,N,L
2048,941540,38465,Mason Flesch,953,Canada,5256.52,5256.52,6245,2,60,40,0,0,10,Attacking Qualities,116,Defender Beaten,0,,0,,0,,0,,0,,0,,0,,0,,0,,0,0,0,0,,5,70,68,0,-2,953,Canada,951,Romania,12/07/2024,19:00,13,10,35,22,20,22,1146,TD Place,-1,NA,1,2023,06,6,Blindside Flanker,0,,0,,1000761,Hollie Davidson,1001076,Kat Roche,1001022,Luke Rogan,-1,,3,International,Y,W
2049,941540,63895,Yanis Horvat,951,Romania,5256.56,5256.56,6245,2,38,28,0,0,2,Tackle,144,Line,161,Missed,441,Assist,475,Ineffective Tackle,709,2nd Tackler,0,,0,,0,,0,,0,,0,0,0,0,,5,70,68,0,-2,953,Canada,951,Romania,12/07/2024,19:00,13,10,35,22,20,22,1146,TD Place,-1,NA,1,2023,04,4,Lock (4),0,,0,,1000761,Hollie Davidson,1001076,Kat Roche,1001022,Luke Rogan,-1,,3,International,N,L
2050,941540,63895,Yanis Horvat,951,Romania,5256.56,5256.56,6245,2,38,28,0,0,12,Missed Tackle,162,Bumped Off,167,Clean Break,0,,0,,0,,0,,0,,0,,0,,0,,0,0,0,0,,5,70,68,0,-2,953,Canada,951,Romania,12/07/2024,19:00,13,10,35,22,20,22,1146,TD Place,-1,NA,1,2023,04,4,Lock (4),0,,0,,1000761,Hollie Davidson,1001076,Kat Roche,1001022,Luke Rogan,-1,,3,International,N,L
2051,941540,38465,Mason Flesch,953,Canada,5256.88,5256.88,6245,2,62,40,0,0,10,Attacking Qualities,116,Defender Beaten,0,,0,,0,,0,,0,,0,,0,,0,,0,,0,0,0,0,,5,70,68,0,-2,953,Canada,951,Romania,12/07/2024,19:00,13,10,35,22,20,22,1146,TD Place,-1,NA,1,2023,06,6,Blindside Flanker,0,,0,,1000761,Hollie Davidson,1001076,Kat Roche,1001022,Luke Rogan,-1,,3,International,Y,W
2052,941540,38465,Mason Flesch,953,Canada,5257.64,5257.64,6246,2,66,42,0,0,10,Attacking Qualities,112,Initial Break,530,Line Break,0,,0,,0,,0,,0,,0,,0,,0,,0,0,0,0,,5,70,68,0,-2,953,Canada,951,Romania,12/07/2024,19:00,13,10,35,22,20,22,1146,TD Place,-1,NA,1,2023,06,6,Blindside Flanker,0,,0,,1000761,Hollie Davidson,1001076,Kat Roche,1001022,Luke Rogan,-1,,3,International,Y,W
2053,941540,57666,Alin Conache,951,Romania,5259.08,5259.08,6247,2,32,25,0,0,2,Tackle,143,Cover,161,Missed,441,Assist,475,Ineffective Tackle,710,3rd Tackler,0,,0,,0,,0,,0,,0,0,0,0,,5,70,68,0,-2,953,Canada,951,Romania,12/07/2024,19:00,13,10,35,22,20,22,1146,TD Place,-1,NA,1,2023,09,9,Scrum Half,0,,0,,1000761,Hollie Davidson,1001076,Kat Roche,1001022,Luke Rogan,-1,,3,International,N,L
2054,941540,57666,Alin Conache,951,Romania,5259.08,5259.08,6247,2,32,25,0,0,12,Missed Tackle,162,Bumped Off,167,Clean Break,0,,0,,0,,0,,0,,0,,0,,0,,0,0,0,0,,5,70,68,0,-2,953,Canada,951,Romania,12/07/2024,19:00,13,10,35,22,20,22,1146,TD Place,-1,NA,1,2023,09,9,Scrum Half,0,,0,,1000761,Hollie Davidson,1001076,Kat Roche,1001022,Luke Rogan,-1,,3,International,N,L
2055,941540,38465,Mason Flesch,953,Canada,5259.40,5259.40,6247,2,68,43,0,0,10,Attacking Qualities,116,Defender Beaten,0,,0,,0,,0,,0,,0,,0,,0,,0,,0,0,0,0,,5,70,68,0,-2,953,Canada,951,Romania,12/07/2024,19:00,13,10,35,22,20,22,1146,TD Place,-1,NA,1,2023,06,6,Blindside Flanker,0,,0,,1000761,Hollie Davidson,1001076,Kat Roche,1001022,Luke Rogan,-1,,3,International,Y,W
2056,941540,27035,Marius Simionescu,951,Romania,5259.76,5259.76,6248,2,27,24,0,0,2,Tackle,143,Cover,156,Turnover Won,441,Assist,473,Dominant Tackle,711,4th Tackler,0,,0,,0,,0,,0,,0,0,0,0,,5,70,68,0,-2,953,Canada,951,Romania,12/07/2024,19:00,13,10,35,22,20,22,1146,TD Place,-1,NA,1,2023,14,14,Right Wing,0,,0,,1000761,Hollie Davidson,1001076,Kat Roche,1001022,Luke Rogan,-1,,3,International,N,L
2057,941540,38465,Mason Flesch,953,Canada,5259.96,5259.96,6248,2,73,44,0,0,8,Turnover,256,Lost Ball Forced,677,Error on Attack,0,,0,,0,,0,,0,,0,,0,,0,,0,0,0,0,,5,70,68,0,-2,953,Canada,951,Romania,12/07/2024,19:00,13,10,35,22,20,22,1146,TD Place,-1,NA,1,2023,06,6,Blindside Flanker,0,,0,,1000761,Hollie Davidson,1001076,Kat Roche,1001022,Luke Rogan,-1,,3,International,Y,W
2058,941540,0,,953,Canada,5221.56,5262.04,6250,2,63,68,82,52,15,Possession,306,Lineout,318,Turnover,112,Initial Break,684,Fails to enter into Opposition 22,0,,0,,0,,0,,0,,0,,19,0,0,0,,5,70,68,0,-2,953,Canada,951,Romania,12/07/2024,19:00,13,10,35,22,20,22,1146,TD Place,-1,NA,1,2023,,,,0,,0,,1000761,Hollie Davidson,1001076,Kat Roche,1001022,Luke Rogan,-1,,3,International,Y,W
2059,941540,0,,951,Romania,5262.00,5262.00,6250,2,18,16,0,0,20,Ref Review,245,Advantage,0,,0,,0,,0,,0,,0,,0,,0,,0,,0,0,0,0,,5,70,68,0,-2,953,Canada,951,Romania,12/07/2024,19:00,13,10,35,22,20,22,1146,TD Place,-1,NA,1,2023,,,,0,,0,,1000761,Hollie Davidson,1001076,Kat Roche,1001022,Luke Rogan,-1,,3,International,N,L
2060,941540,33463,Paul Popoaia,951,Romania,5262.04,5262.04,6250,2,18,16,0,0,18,Collection,274,Defensive Loose Ball,277,Success,0,,0,,0,,0,,0,,0,,0,,0,,0,0,0,0,,1,71,68,0,-2,953,Canada,951,Romania,12/07/2024,19:00,13,10,35,22,20,22,1146,TD Place,-1,NA,1,2023,15,15,Full Back,0,,0,,1000761,Hollie Davidson,1001076,Kat Roche,1001022,Luke Rogan,-1,,3,International,N,L
2061,941540,0,,951,Romania,5262.04,5262.04,6250,2,18,16,0,0,45,Defensive Exits,630,Kicked out of 22,0,,0,,0,,0,,0,,0,,0,,0,,0,,0,0,0,0,,1,71,68,0,-2,953,Canada,951,Romania,12/07/2024,19:00,13,10,35,22,20,22,1146,TD Place,-1,NA,1,2023,,,,0,,0,,1000761,Hollie Davidson,1001076,Kat Roche,1001022,Luke Rogan,-1,,3,International,N,L
2062,941540,33463,Paul Popoaia,951,Romania,5262.04,5265.96,6250,2,18,16,23,14,1,Carry,103,Other Carry,108,Tackled Neutral,109,Crossed Gain line,461,Neutral Contact,502,2 Tacklers Committed,700,0th Receiver,0,,0,,0,,0,,6,6,2,0,,1,71,68,0,-2,953,Canada,951,Romania,12/07/2024,19:00,13,10,35,22,20,22,1146,TD Place,-1,NA,1,2023,15,15,Full Back,0,,0,,1000761,Hollie Davidson,1001076,Kat Roche,1001022,Luke Rogan,-1,,3,International,N,L
2063,941540,19391,Peter Nelson,953,Canada,5263.52,5263.52,6252,2,79,57,0,0,2,Tackle,147,Other,161,Missed,0,,475,Ineffective Tackle,708,1st Tackler,0,,0,,0,,0,,0,,0,0,0,0,,1,71,68,0,-2,953,Canada,951,Romania,12/07/2024,19:00,13,10,35,22,20,22,1146,TD Place,-1,NA,1,2023,10,10,Fly Half,0,,0,,1000761,Hollie Davidson,1001076,Kat Roche,1001022,Luke Rogan,-1,,3,International,Y,W
2064,941540,19391,Peter Nelson,953,Canada,5263.52,5263.52,6252,2,79,57,0,0,12,Missed Tackle,163,Stepped,166,Tackled,0,,0,,0,,0,,0,,0,,0,,0,,0,0,0,0,,1,71,68,0,-2,953,Canada,951,Romania,12/07/2024,19:00,13,10,35,22,20,22,1146,TD Place,-1,NA,1,2023,10,10,Fly Half,0,,0,,1000761,Hollie Davidson,1001076,Kat Roche,1001022,Luke Rogan,-1,,3,International,Y,W
2065,941540,33463,Paul Popoaia,951,Romania,5264.24,5264.24,6252,2,21,11,0,0,10,Attacking Qualities,116,Defender Beaten,0,,0,,0,,0,,0,,0,,0,,0,,0,,0,0,0,0,,1,71,68,0,-2,953,Canada,951,Romania,12/07/2024,19:00,13,10,35,22,20,22,1146,TD Place,-1,NA,1,2023,15,15,Full Back,0,,0,,1000761,Hollie Davidson,1001076,Kat Roche,1001022,Luke Rogan,-1,,3,International,N,L
2066,941540,64048,Talon McMullin,953,Canada,5265.52,5265.52,6254,2,77,55,0,0,2,Tackle,147,Other,153,Complete,441,Assist,474,Neutral Tackle,709,2nd Tackler,0,,0,,0,,0,,0,,0,0,0,0,,1,71,68,0,-2,953,Canada,951,Romania,12/07/2024,19:00,13,10,35,22,20,22,1146,TD Place,-1,NA,1,2023,12,12,Inside Centre,0,,0,,1000761,Hollie Davidson,1001076,Kat Roche,1001022,Luke Rogan,-1,,3,International,Y,W
2067,941540,33463,Paul Popoaia,951,Romania,5265.96,5270.08,6254,2,23,14,0,0,23,Ruck,0,,401,Won Outright,551,N/A Gainline,556,4-5 Seconds,664,Close Right Open Movement Ruck,0,,0,,0,,0,,0,,0,0,2,5,,1,71,68,0,-2,953,Canada,951,Romania,12/07/2024,19:00,13,10,35,22,20,22,1146,TD Place,-1,NA,1,2023,15,15,Full Back,0,,0,,1000761,Hollie Davidson,1001076,Kat Roche,1001022,Luke Rogan,-1,,3,International,N,L
2068,941540,40389,Jason Tomane,951,Romania,5266.60,5266.60,6255,2,23,14,0,0,43,Ruck OOA,574,Secured,583,Own Team 1st Entry,588,OOA Entry 1st Entry- Att,632,Attacking OOA,0,1,0,,0,,0,,0,,0,,0,0,0,0,,1,71,68,0,-2,953,Canada,951,Romania,12/07/2024,19:00,13,10,35,22,20,22,1146,TD Place,-1,NA,1,2023,12,12,Inside Centre,0,,0,,1000761,Hollie Davidson,1001076,Kat Roche,1001022,Luke Rogan,-1,,3,International,N,L
2069,941540,63895,Yanis Horvat,951,Romania,5267.12,5267.12,6255,2,23,14,0,0,43,Ruck OOA,574,Secured,584,Own Team 2nd Entry,589,OOA Entry 2nd Entry- Att,632,Attacking OOA,0,2,0,,0,,0,,0,,0,,0,0,0,0,,1,71,68,0,-2,953,Canada,951,Romania,12/07/2024,19:00,13,10,35,22,20,22,1146,TD Place,-1,NA,1,2023,04,4,Lock (4),0,,0,,1000761,Hollie Davidson,1001076,Kat Roche,1001022,Luke Rogan,-1,,3,International,N,L
2070,941540,57666,Alin Conache,951,Romania,5270.08,5270.08,6258,2,23,14,0,0,18,Collection,631,General Catch,0,,0,,0,,0,,0,,0,,0,,0,,0,,0,0,0,0,,2,71,68,0,-2,953,Canada,951,Romania,12/07/2024,19:00,13,10,35,22,20,22,1146,TD Place,-1,NA,1,2023,09,9,Scrum Half,0,,0,,1000761,Hollie Davidson,1001076,Kat Roche,1001022,Luke Rogan,-1,,3,International,N,L
2071,941540,57666,Alin Conache,951,Romania,5270.08,5270.08,6258,2,23,14,0,0,47,Playmaker Options,671,Halfback at Breakdown,675,Playmaker Option - Pass,0,,0,,0,,0,,0,,0,,0,,0,,0,0,0,0,,2,71,68,0,-2,953,Canada,951,Romania,12/07/2024,19:00,13,10,35,22,20,22,1146,TD Place,-1,NA,1,2023,09,9,Scrum Half,0,,0,,1000761,Hollie Davidson,1001076,Kat Roche,1001022,Luke Rogan,-1,,3,International,N,L
2072,941540,57666,Alin Conache,951,Romania,5270.36,5271.64,6258,2,23,14,20,20,3,Pass,169,Complete,0,,686,Medium Pass,682,Right Pass,700,0th Receiver,0,,0,,0,,0,,0,,6,7,3,0,,2,71,68,0,-2,953,Canada,951,Romania,12/07/2024,19:00,13,10,35,22,20,22,1146,TD Place,-1,NA,1,2023,09,9,Scrum Half,0,,0,,1000761,Hollie Davidson,1001076,Kat Roche,1001022,Luke Rogan,-1,,3,International,N,L
2073,941540,27028,Marius Iftimiciuc,951,Romania,5271.64,5271.64,6300,2,20,20,0,0,18,Collection,631,General Catch,0,,0,,0,,0,,0,,0,,0,,0,,0,,0,0,0,0,,2,71,68,0,-2,953,Canada,951,Romania,12/07/2024,19:00,13,10,35,22,20,22,1146,TD Place,-1,NA,1,2023,19,5,Lock (5),0,,0,,1000761,Hollie Davidson,1001076,Kat Roche,1001022,Luke Rogan,-1,,3,International,N,L
2074,941540,27028,Marius Iftimiciuc,951,Romania,5271.64,5271.64,6300,2,20,20,0,0,47,Playmaker Options,656,First Receiver,673,Playmaker Option - Carry,0,,0,,0,,0,,0,,0,,0,,0,,0,0,0,0,,2,71,68,0,-2,953,Canada,951,Romania,12/07/2024,19:00,13,10,35,22,20,22,1146,TD Place,-1,NA,1,2023,19,5,Lock (5),0,,0,,1000761,Hollie Davidson,1001076,Kat Roche,1001022,Luke Rogan,-1,,3,International,N,L
2075,941540,27028,Marius Iftimiciuc,951,Romania,5271.64,5274.00,6300,2,20,20,25,19,1,Carry,101,One Out Drive,108,Tackled Neutral,109,Crossed Gain line,461,Neutral Contact,502,2 Tacklers Committed,701,1st Receiver,0,,0,,0,,0,,2,5,1,1,,2,71,68,0,-2,953,Canada,951,Romania,12/07/2024,19:00,13,10,35,22,20,22,1146,TD Place,-1,NA,1,2023,19,5,Lock (5),0,,0,,1000761,Hollie Davidson,1001076,Kat Roche,1001022,Luke Rogan,-1,,3,International,N,L
2076,941540,25189,Andrew Quattrin,953,Canada,5272.04,5272.04,6300,2,76,49,0,0,2,Tackle,144,Line,153,Complete,0,,474,Neutral Tackle,708,1st Tackler,0,,0,,0,,0,,0,,0,0,0,0,,2,71,68,0,-2,953,Canada,951,Romania,12/07/2024,19:00,13,10,35,22,20,22,1146,TD Place,-1,NA,1,2023,02,2,Hooker,0,,0,,1000761,Hollie Davidson,1001076,Kat Roche,1001022,Luke Rogan,-1,,3,International,Y,W
2077,941540,38465,Mason Flesch,953,Canada,5272.52,5272.52,6301,2,76,49,0,0,2,Tackle,144,Line,153,Complete,441,Assist,474,Neutral Tackle,709,2nd Tackler,0,,0,,0,,0,,0,,0,0,0,0,,2,71,68,0,-2,953,Canada,951,Romania,12/07/2024,19:00,13,10,35,22,20,22,1146,TD Place,-1,NA,1,2023,06,6,Blindside Flanker,0,,0,,1000761,Hollie Davidson,1001076,Kat Roche,1001022,Luke Rogan,-1,,3,International,Y,W
2078,941540,27028,Marius Iftimiciuc,951,Romania,5274.00,5277.88,6302,2,25,19,0,0,23,Ruck,0,,401,Won Outright,548,Over Previous Gainline,555,3-4 Seconds,669,Tight Left Blindside Movement Ruck,0,,0,,0,,0,,0,,0,0,0,2,,2,71,68,0,-2,953,Canada,951,Romania,12/07/2024,19:00,13,10,35,22,20,22,1146,TD Place,-1,NA,1,2023,19,5,Lock (5),0,,0,,1000761,Hollie Davidson,1001076,Kat Roche,1001022,Luke Rogan,-1,,3,International,N,L
2079,941540,34102,Vasile Balan,951,Romania,5274.68,5274.68,6303,2,25,19,0,0,43,Ruck OOA,574,Secured,583,Own Team 1st Entry,588,OOA Entry 1st Entry- Att,632,Attacking OOA,0,1,0,,0,,0,,0,,0,,0,0,0,0,,2,71,68,0,-2,953,Canada,951,Romania,12/07/2024,19:00,13,10,35,22,20,22,1146,TD Place,-1,NA,1,2023,03,3,Tighthead Prop,0,,0,,1000761,Hollie Davidson,1001076,Kat Roche,1001022,Luke Rogan,-1,,3,International,N,L
2080,941540,33151,Vlad Neculau,951,Romania,5276.72,5276.72,6305,2,25,19,0,0,43,Ruck OOA,574,Secured,584,Own Team 2nd Entry,589,OOA Entry 2nd Entry- Att,632,Attacking OOA,0,2,0,,0,,0,,0,,0,,0,0,0,0,,2,71,68,0,-2,953,Canada,951,Romania,12/07/2024,19:00,13,10,35,22,20,22,1146,TD Place,-1,NA,1,2023,06,6,Blindside Flanker,0,,0,,1000761,Hollie Davidson,1001076,Kat Roche,1001022,Luke Rogan,-1,,3,International,N,L
2081,941540,63895,Yanis Horvat,951,Romania,5276.84,5276.84,6305,2,25,19,0,0,43,Ruck OOA,574,Secured,585,Own Team 3rd Entry,590,OOA Entry 3rd Entry- Att,632,Attacking OOA,0,3,0,,0,,0,,0,,0,,0,0,0,0,,2,71,68,0,-2,953,Canada,951,Romania,12/07/2024,19:00,13,10,35,22,20,22,1146,TD Place,-1,NA,1,2023,04,4,Lock (4),0,,0,,1000761,Hollie Davidson,1001076,Kat Roche,1001022,Luke Rogan,-1,,3,International,N,L
2082,941540,57666,Alin Conache,951,Romania,5277.88,5277.88,6306,2,25,19,0,0,18,Collection,631,General Catch,0,,0,,0,,0,,0,,0,,0,,0,,0,,0,0,0,0,,3,71,68,0,-2,953,Canada,951,Romania,12/07/2024,19:00,13,10,35,22,20,22,1146,TD Place,-1,NA,1,2023,09,9,Scrum Half,0,,0,,1000761,Hollie Davidson,1001076,Kat Roche,1001022,Luke Rogan,-1,,3,International,N,L
2083,941540,57666,Alin Conache,951,Romania,5277.88,5277.88,6306,2,25,19,0,0,47,Playmaker Options,671,Halfback at Breakdown,675,Playmaker Option - Pass,0,,0,,0,,0,,0,,0,,0,,0,,0,0,0,0,,3,71,68,0,-2,953,Canada,951,Romania,12/07/2024,19:00,13,10,35,22,20,22,1146,TD Place,-1,NA,1,2023,09,9,Scrum Half,0,,0,,1000761,Hollie Davidson,1001076,Kat Roche,1001022,Luke Rogan,-1,,3,International,N,L
2084,941540,57666,Alin Conache,951,Romania,5279.20,5280.08,6307,2,25,19,9,18,3,Pass,169,Complete,0,,679,Short Pass,681,Left Pass,700,0th Receiver,0,,0,,0,,0,,0,,1,16,16,0,,3,71,68,0,-2,953,Canada,951,Romania,12/07/2024,19:00,13,10,35,22,20,22,1146,TD Place,-1,NA,1,2023,09,9,Scrum Half,0,,0,,1000761,Hollie Davidson,1001076,Kat Roche,1001022,Luke Rogan,-1,,3,International,N,L
2085,941540,27747,Hinckley Vaovasa,951,Romania,5280.08,5280.08,6308,2,9,18,0,0,18,Collection,631,General Catch,0,,0,,0,,0,,0,,0,,0,,0,,0,,0,0,0,0,,3,71,68,0,-2,953,Canada,951,Romania,12/07/2024,19:00,13,10,35,22,20,22,1146,TD Place,-1,NA,1,2023,10,10,Fly Half,0,,0,,1000761,Hollie Davidson,1001076,Kat Roche,1001022,Luke Rogan,-1,,3,International,N,L
2086,941540,27747,Hinckley Vaovasa,951,Romania,5280.08,5280.08,6308,2,9,18,0,0,47,Playmaker Options,656,First Receiver,674,Playmaker Option - Kick,0,,0,,0,,0,,0,,0,,0,,0,,0,0,0,0,,3,71,68,0,-2,953,Canada,951,Romania,12/07/2024,19:00,13,10,35,22,20,22,1146,TD Place,-1,NA,1,2023,10,10,Fly Half,0,,0,,1000761,Hollie Davidson,1001076,Kat Roche,1001022,Luke Rogan,-1,,3,International,N,L
2087,941540,27747,Hinckley Vaovasa,951,Romania,5280.12,5284.32,6308,2,10,17,56,13,4,Kick,190,Territorial,198,Caught Full,186,Kick in Play (Own 22),0,,0,,0,,0,,0,,0,,0,,46,46,0,0,,3,71,68,0,-2,953,Canada,951,Romania,12/07/2024,19:00,13,10,35,22,20,22,1146,TD Place,-1,NA,1,2023,10,10,Fly Half,0,,0,,1000761,Hollie Davidson,1001076,Kat Roche,1001022,Luke Rogan,-1,,3,International,N,L
2088,941540,0,,951,Romania,5262.04,5284.32,6312,2,18,16,56,13,15,Possession,308,Turnover Won,351,Kick in Play,0,,684,Fails to enter into Opposition 22,0,,0,,0,,0,,0,,0,,38,0,0,0,,3,71,68,0,-2,953,Canada,951,Romania,12/07/2024,19:00,13,10,35,22,20,22,1146,TD Place,-1,NA,1,2023,,,,0,,0,,1000761,Hollie Davidson,1001076,Kat Roche,1001022,Luke Rogan,-1,,3,International,N,L
2089,941540,28377,Andrew Coe,953,Canada,5284.32,5284.32,6312,2,44,55,0,0,18,Collection,273,Defensive Catch,277,Success,0,,0,,0,,0,,0,,0,,0,,0,,0,0,0,0,,1,72,68,0,-2,953,Canada,951,Romania,12/07/2024,19:00,13,10,35,22,20,22,1146,TD Place,-1,NA,1,2023,14,14,Right Wing,0,,0,,1000761,Hollie Davidson,1001076,Kat Roche,1001022,Luke Rogan,-1,,3,International,Y,W
2090,941540,28377,Andrew Coe,953,Canada,5284.32,5284.32,6312,2,44,55,0,0,44,Counter Attack,623,Outcome - Penalty Won,0,,0,,0,,0,,0,,0,,0,,0,,0,,0,0,0,0,,1,72,68,0,-2,953,Canada,951,Romania,12/07/2024,19:00,13,10,35,22,20,22,1146,TD Place,-1,NA,1,2023,14,14,Right Wing,0,,0,,1000761,Hollie Davidson,1001076,Kat Roche,1001022,Luke Rogan,-1,,3,International,Y,W
2091,941540,28377,Andrew Coe,953,Canada,5284.32,5288.92,6312,2,44,55,60,60,1,Carry,104,Kick Return,108,Tackled Neutral,109,Crossed Gain line,461,Neutral Contact,501,1 Tacklers Committed,700,0th Receiver,0,,0,,0,,0,,16,16,1,1,,1,72,68,0,-2,953,Canada,951,Romania,12/07/2024,19:00,13,10,35,22,20,22,1146,TD Place,-1,NA,1,2023,14,14,Right Wing,0,,0,,1000761,Hollie Davidson,1001076,Kat Roche,1001022,Luke Rogan,-1,,3,International,Y,W
2092,941540,29316,Nicolaas Immelman,951,Romania,5288.20,5288.20,6316,2,41,9,0,0,2,Tackle,142,Chase,157,Pen Conceded,0,,474,Neutral Tackle,708,1st Tackler,0,,0,,0,,0,,0,,0,0,0,0,,1,72,68,0,-2,953,Canada,951,Romania,12/07/2024,19:00,13,10,35,22,20,22,1146,TD Place,-1,NA,1,2023,08,8,Number 8,0,,0,,1000761,Hollie Davidson,1001076,Kat Roche,1001022,Luke Rogan,-1,,3,International,N,L
2093,941540,28377,Andrew Coe,953,Canada,5288.92,5297.56,6317,2,60,60,0,0,23,Ruck,0,,403,Penalty Won,551,N/A Gainline,559,N/A Ruck Speed,661,Mid Left Open Movement Ruck,0,,0,,0,,0,,0,,0,0,-7,29,,1,72,68,0,-2,953,Canada,951,Romania,12/07/2024,19:00,13,10,35,22,20,22,1146,TD Place,-1,NA,1,2023,14,14,Right Wing,0,,0,,1000761,Hollie Davidson,1001076,Kat Roche,1001022,Luke Rogan,-1,,3,International,Y,W
2094,941540,27035,Marius Simionescu,951,Romania,5289.36,5289.36,6317,2,40,8,0,0,43,Ruck OOA,578,Got Cleaned Out,583,Own Team 1st Entry,603,OOA Entry 1st Entry- Def,633,Defensive OOA,0,1,0,,0,,0,,0,,0,,0,0,0,0,,1,72,68,0,-2,953,Canada,951,Romania,12/07/2024,19:00,13,10,35,22,20,22,1146,TD Place,-1,NA,1,2023,14,14,Right Wing,0,,0,,1000761,Hollie Davidson,1001076,Kat Roche,1001022,Luke Rogan,-1,,3,International,N,L
2095,941540,29316,Nicolaas Immelman,951,Romania,5289.80,5289.80,6318,2,40,8,0,0,43,Ruck OOA,578,Got Cleaned Out,584,Own Team 2nd Entry,604,OOA Entry 2nd Entry- Def,633,Defensive OOA,0,2,0,,0,,0,,0,,0,,0,0,0,0,,1,72,68,0,-2,953,Canada,951,Romania,12/07/2024,19:00,13,10,35,22,20,22,1146,TD Place,-1,NA,1,2023,08,8,Number 8,0,,0,,1000761,Hollie Davidson,1001076,Kat Roche,1001022,Luke Rogan,-1,,3,International,N,L
2096,941540,56146,Ethan Fryer,953,Canada,5289.96,5289.96,6318,2,60,60,0,0,43,Ruck OOA,572,Cleaned Out,583,Own Team 1st Entry,588,OOA Entry 1st Entry- Att,632,Attacking OOA,0,1,0,,0,,0,,0,,0,,0,0,0,0,,1,72,68,0,-2,953,Canada,951,Romania,12/07/2024,19:00,13,10,35,22,20,22,1146,TD Place,-1,NA,1,2023,07,7,Openside Flanker,0,,0,,1000761,Hollie Davidson,1001076,Kat Roche,1001022,Luke Rogan,-1,,3,International,Y,W
2097,941540,25195,Ben LeSage,953,Canada,5290.80,5290.80,6319,2,60,60,0,0,43,Ruck OOA,572,Cleaned Out,584,Own Team 2nd Entry,589,OOA Entry 2nd Entry- Att,632,Attacking OOA,0,2,0,,0,,0,,0,,0,,0,0,0,0,,1,72,68,0,-2,953,Canada,951,Romania,12/07/2024,19:00,13,10,35,22,20,22,1146,TD Place,-1,NA,1,2023,13,13,Outside Centre,0,,0,,1000761,Hollie Davidson,1001076,Kat Roche,1001022,Luke Rogan,-1,,3,International,Y,W
2098,941540,29316,Nicolaas Immelman,951,Romania,5293.76,5293.76,6322,2,40,8,0,0,7,Penalty Conceded,225,Not Rolling Away,236,No Action,215,Defence,233,Full Penalty,0,,0,,0,,0,,0,,0,,0,0,0,0,,1,72,68,0,-2,953,Canada,951,Romania,12/07/2024,19:00,13,10,35,22,20,22,1146,TD Place,-1,NA,1,2023,08,8,Number 8,0,,0,,1000761,Hollie Davidson,1001076,Kat Roche,1001022,Luke Rogan,-1,,3,International,N,L
2099,941540,0,,953,Canada,5294.20,5294.20,6322,2,60,60,0,0,20,Ref Review,245,Advantage,0,,0,,0,,0,,0,,0,,0,,0,,0,,0,0,0,0,,1,72,68,0,-2,953,Canada,951,Romania,12/07/2024,19:00,13,10,35,22,20,22,1146,TD Place,-1,NA,1,2023,,,,0,,0,,1000761,Hollie Davidson,1001076,Kat Roche,1001022,Luke Rogan,-1,,3,International,Y,W
2100,941540,38159,Jason Higgins,953,Canada,5297.56,5297.56,6326,2,60,60,0,0,18,Collection,631,General Catch,0,,0,,0,,0,,0,,0,,0,,0,,0,,0,0,0,0,,2,72,68,0,-2,953,Canada,951,Romania,12/07/2024,19:00,13,10,35,22,20,22,1146,TD Place,-1,NA,1,2023,09,9,Scrum Half,0,,0,,1000761,Hollie Davidson,1001076,Kat Roche,1001022,Luke Rogan,-1,,3,International,Y,W
2101,941540,38159,Jason Higgins,953,Canada,5297.56,5297.56,6326,2,60,60,0,0,47,Playmaker Options,671,Halfback at Breakdown,675,Playmaker Option - Pass,0,,0,,0,,0,,0,,0,,0,,0,,0,0,0,0,,2,72,68,0,-2,953,Canada,951,Romania,12/07/2024,19:00,13,10,35,22,20,22,1146,TD Place,-1,NA,1,2023,09,9,Scrum Half,0,,0,,1000761,Hollie Davidson,1001076,Kat Roche,1001022,Luke Rogan,-1,,3,International,Y,W
2102,941540,38159,Jason Higgins,953,Canada,5297.60,5298.88,6326,2,60,60,56,51,3,Pass,169,Complete,0,,686,Medium Pass,681,Left Pass,700,0th Receiver,0,,0,,0,,0,,0,,9,10,4,0,,2,72,68,0,-2,953,Canada,951,Romania,12/07/2024,19:00,13,10,35,22,20,22,1146,TD Place,-1,NA,1,2023,09,9,Scrum Half,0,,0,,1000761,Hollie Davidson,1001076,Kat Roche,1001022,Luke Rogan,-1,,3,International,Y,W
2103,941540,38465,Mason Flesch,953,Canada,5298.88,5298.88,6327,2,56,51,0,0,18,Collection,631,General Catch,0,,0,,0,,0,,0,,0,,0,,0,,0,,0,0,0,0,,2,72,68,0,-2,953,Canada,951,Romania,12/07/2024,19:00,13,10,35,22,20,22,1146,TD Place,-1,NA,1,2023,06,6,Blindside Flanker,0,,0,,1000761,Hollie Davidson,1001076,Kat Roche,1001022,Luke Rogan,-1,,3,International,Y,W
2104,941540,38465,Mason Flesch,953,Canada,5298.88,5298.88,6327,2,56,51,0,0,47,Playmaker Options,656,First Receiver,675,Playmaker Option - Pass,0,,0,,0,,0,,0,,0,,0,,0,,0,0,0,0,,2,72,68,0,-2,953,Canada,951,Romania,12/07/2024,19:00,13,10,35,22,20,22,1146,TD Place,-1,NA,1,2023,06,6,Blindside Flanker,0,,0,,1000761,Hollie Davidson,1001076,Kat Roche,1001022,Luke Rogan,-1,,3,International,Y,W
2105,941540,38465,Mason Flesch,953,Canada,5298.92,5300.96,6327,2,57,51,53,43,3,Pass,169,Complete,0,,686,Medium Pass,681,Left Pass,701,1st Receiver,0,,0,,0,,0,,0,,8,9,4,0,,2,72,68,0,-2,953,Canada,951,Romania,12/07/2024,19:00,13,10,35,22,20,22,1146,TD Place,-1,NA,1,2023,06,6,Blindside Flanker,0,,0,,1000761,Hollie Davidson,1001076,Kat Roche,1001022,Luke Rogan,-1,,3,International,Y,W
2106,941540,19391,Peter Nelson,953,Canada,5300.96,5300.96,6329,2,53,43,0,0,18,Collection,631,General Catch,0,,0,,0,,0,,0,,0,,0,,0,,0,,0,0,0,0,,2,72,68,0,-2,953,Canada,951,Romania,12/07/2024,19:00,13,10,35,22,20,22,1146,TD Place,-1,NA,1,2023,10,10,Fly Half,0,,0,,1000761,Hollie Davidson,1001076,Kat Roche,1001022,Luke Rogan,-1,,3,International,Y,W
2107,941540,19391,Peter Nelson,953,Canada,5300.96,5300.96,6329,2,53,43,0,0,47,Playmaker Options,657,Second Receiver,673,Playmaker Option - Carry,0,,0,,0,,0,,0,,0,,0,,0,,0,0,0,0,,2,72,68,0,-2,953,Canada,951,Romania,12/07/2024,19:00,13,10,35,22,20,22,1146,TD Place,-1,NA,1,2023,10,10,Fly Half,0,,0,,1000761,Hollie Davidson,1001076,Kat Roche,1001022,Luke Rogan,-1,,3,International,Y,W
2108,941540,19391,Peter Nelson,953,Canada,5300.96,5301.92,6329,2,53,43,56,40,1,Carry,103,Other Carry,121,Pass,111,Failed Gain line,0,,500,0 Tacklers Committed,702,2nd Receiver,0,,0,,0,,0,,0,3,0,0,,2,72,68,0,-2,953,Canada,951,Romania,12/07/2024,19:00,13,10,35,22,20,22,1146,TD Place,-1,NA,1,2023,10,10,Fly Half,0,,0,,1000761,Hollie Davidson,1001076,Kat Roche,1001022,Luke Rogan,-1,,3,International,Y,W
2109,941540,19391,Peter Nelson,953,Canada,5301.92,5303.72,6330,2,56,40,53,32,3,Pass,174,Incomplete,0,,686,Medium Pass,681,Left Pass,702,2nd Receiver,0,,0,,0,,0,,0,,8,8,4,0,,2,72,68,0,-2,953,Canada,951,Romania,12/07/2024,19:00,13,10,35,22,20,22,1146,TD Place,-1,NA,1,2023,10,10,Fly Half,0,,0,,1000761,Hollie Davidson,1001076,Kat Roche,1001022,Luke Rogan,-1,,3,International,Y,W
2110,941540,0,,953,Canada,5221.56,5303.72,6332,2,63,68,53,32,26,Sequences,306,Lineout,316,Pen Won,0,,0,,0,,0,,0,,0,,0,,0,,-11,0,0,0,,2,72,68,0,-2,953,Canada,951,Romania,12/07/2024,19:00,13,10,35,22,20,22,1146,TD Place,-1,NA,1,2023,,,,0,,0,,1000761,Hollie Davidson,1001076,Kat Roche,1001022,Luke Rogan,-1,,3,International,Y,W
2111,941540,0,,953,Canada,5284.32,5303.72,6332,2,44,55,53,32,15,Possession,311,Kick Return,316,Pen Won,0,,684,Fails to enter into Opposition 22,0,,0,,0,,0,,0,,0,,9,0,0,0,,2,72,68,0,-2,953,Canada,951,Romania,12/07/2024,19:00,13,10,35,22,20,22,1146,TD Place,-1,NA,1,2023,,,,0,,0,,1000761,Hollie Davidson,1001076,Kat Roche,1001022,Luke Rogan,-1,,3,International,Y,W
2112,941540,19391,Peter Nelson,953,Canada,5361.44,5363.20,6429,2,61,60,94,67,4,Kick,347,Touch Kick,193,Kick in Touch (Full),148,Penalty Kick,0,,0,,0,,0,,0,,0,,0,,33,34,0,0,,1,72,69,0,-2,953,Canada,951,Romania,12/07/2024,19:00,13,10,35,22,20,22,1146,TD Place,-1,NA,1,2023,10,10,Fly Half,0,,0,,1000761,Hollie Davidson,1001076,Kat Roche,1001022,Luke Rogan,-1,,3,International,Y,W
2113,941540,0,,953,Canada,5361.44,5363.20,6431,2,61,60,94,67,26,Sequences,780,Penalty Kick Touch,415,Own Lineout,0,,0,,0,,0,,0,,0,,0,,0,,33,0,0,0,,1,72,69,0,-2,953,Canada,951,Romania,12/07/2024,19:00,13,10,35,22,20,22,1146,TD Place,-1,NA,1,2023,,,,0,,0,,1000761,Hollie Davidson,1001076,Kat Roche,1001022,Luke Rogan,-1,,3,International,Y,W
2114,941540,25189,Andrew Quattrin,953,Canada,5388.36,5389.84,6456,2,93,68,93,58,6,Lineout Throw,373,Throw Back,376,Won Clean Catch,207,Catch and Drive,0,6+1,676,N/A Movement Lineout,731,6 Players,725,Forward at Halfback (+1),0,,0,,0,,10,0,0,0,,1,73,70,0,-2,953,Canada,951,Romania,12/07/2024,19:00,13,10,35,22,20,22,1146,TD Place,-1,NA,1,2023,02,2,Hooker,0,,0,,1000761,Hollie Davidson,1001076,Kat Roche,1001022,Luke Rogan,-1,,3,International,Y,W
2115,941540,0,,953,Canada,5388.36,5396.32,6456,2,93,68,101,65,46,Attacking 22 Entry,645,22 Entry Outcome - Try,650,22 Entry Points - Try and Conversion,0,,0,,0,,0,,0,,0,,0,,0,,0,0,0,0,,1,73,70,0,-2,953,Canada,951,Romania,12/07/2024,19:00,13,10,35,22,20,22,1146,TD Place,-1,NA,1,2023,,,,0,,0,,1000761,Hollie Davidson,1001076,Kat Roche,1001022,Luke Rogan,-1,,3,International,Y,W
2116,941540,25181,Kyle Baillie,953,Canada,5389.84,5389.84,6458,2,93,58,0,0,27,Lineout Take,388,Lineout Win Back,376,Won Clean,207,Catch and Drive,396,Clean Catch,0,,0,,0,,0,,0,,0,,0,0,0,0,,1,73,70,0,-2,953,Canada,951,Romania,12/07/2024,19:00,13,10,35,22,20,22,1146,TD Place,-1,NA,1,2023,05,5,Lock (5),0,,0,,1000761,Hollie Davidson,1001076,Kat Roche,1001022,Luke Rogan,-1,,3,International,Y,W
2117,941540,25181,Kyle Baillie,953,Canada,5390.96,5395.16,6459,2,93,58,0,0,24,Maul,0,,401,Won Outright,0,,0,,670,Tight Right Blindside Movement Maul,0,,0,,0,,0,,0,,3,3,4,1,,1,73,70,0,-2,953,Canada,951,Romania,12/07/2024,19:00,13,10,35,22,20,22,1146,TD Place,-1,NA,1,2023,05,5,Lock (5),0,,0,,1000761,Hollie Davidson,1001076,Kat Roche,1001022,Luke Rogan,-1,,3,International,Y,W
2118,941540,25189,Andrew Quattrin,953,Canada,5395.16,5395.16,6503,2,96,64,0,0,18,Collection,631,General Catch,0,,0,,0,,0,,0,,0,,0,,0,,0,,0,0,0,0,,1,73,70,0,-2,953,Canada,951,Romania,12/07/2024,19:00,13,10,35,22,20,22,1146,TD Place,-1,NA,1,2023,02,2,Hooker,0,,0,,1000761,Hollie Davidson,1001076,Kat Roche,1001022,Luke Rogan,-1,,3,International,Y,W
2119,941540,25189,Andrew Quattrin,953,Canada,5395.16,5395.16,6503,2,96,64,0,0,47,Playmaker Options,672,Acting Halfback at Breakdown,673,Playmaker Option - Carry,0,,0,,0,,0,,0,,0,,0,,0,,0,0,0,0,,1,73,70,0,-2,953,Canada,951,Romania,12/07/2024,19:00,13,10,35,22,20,22,1146,TD Place,-1,NA,1,2023,02,2,Hooker,0,,0,,1000761,Hollie Davidson,1001076,Kat Roche,1001022,Luke Rogan,-1,,3,International,Y,W
2120,941540,25189,Andrew Quattrin,953,Canada,5395.16,5396.32,6503,2,96,64,101,65,1,Carry,103,Other Carry,117,Try Scored,109,Crossed Gain line,0,,500,0 Tacklers Committed,700,0th Receiver,0,,0,,0,,0,,4,5,0,0,,1,73,70,0,-2,953,Canada,951,Romania,12/07/2024,19:00,13,10,35,22,20,22,1146,TD Place,-1,NA,1,2023,02,2,Hooker,0,,0,,1000761,Hollie Davidson,1001076,Kat Roche,1001022,Luke Rogan,-1,,3,International,Y,W
2121,941540,25189,Andrew Quattrin,953,Canada,5396.16,5396.16,6504,2,98,65,0,0,10,Attacking Qualities,112,Initial Break,530,Line Break,0,,0,,0,,0,,0,,0,,0,,0,,0,0,0,0,,1,73,70,0,-2,953,Canada,951,Romania,12/07/2024,19:00,13,10,35,22,20,22,1146,TD Place,-1,NA,1,2023,02,2,Hooker,0,,0,,1000761,Hollie Davidson,1001076,Kat Roche,1001022,Luke Rogan,-1,,3,International,Y,W
2122,941540,25189,Andrew Quattrin,953,Canada,5396.32,5396.32,6504,2,101,65,0,0,9,Try,0,Try,0,,0,,0,,0,,0,,0,,0,,0,,0,,0,0,0,0,,1,73,70,0,3,953,Canada,951,Romania,12/07/2024,19:00,13,10,35,22,20,22,1146,TD Place,-1,NA,1,2023,02,2,Hooker,0,,0,,1000761,Hollie Davidson,1001076,Kat Roche,1001022,Luke Rogan,-1,,3,International,Y,W
2123,941540,0,,953,Canada,5388.36,5396.76,6505,2,93,68,101,65,15,Possession,306,Lineout,314,Try,112,Initial Break,685,Starts inside Opposition 22,0,,0,,0,,0,,0,,0,,7,0,0,0,,1,73,70,0,-2,953,Canada,951,Romania,12/07/2024,19:00,13,10,35,22,20,22,1146,TD Place,-1,NA,1,2023,,,,0,,0,,1000761,Hollie Davidson,1001076,Kat Roche,1001022,Luke Rogan,-1,,3,International,Y,W
2124,941540,0,,953,Canada,5388.36,5396.76,6505,2,93,68,101,65,26,Sequences,306,Lineout,314,Try,0,,0,,0,,0,,0,,0,,0,,0,,7,0,0,0,,1,73,70,0,-2,953,Canada,951,Romania,12/07/2024,19:00,13,10,35,22,20,22,1146,TD Place,-1,NA,1,2023,,,,0,,0,,1000761,Hollie Davidson,1001076,Kat Roche,1001022,Luke Rogan,-1,,3,International,Y,W
2125,941540,19391,Peter Nelson,953,Canada,5458.52,5461.84,6607,2,75,65,106,28,11,Goal Kick,295,Conversion,299,Goal Kicked,0,,0,,0,,0,,0,,0,,0,,0,,25,41,0,0,,1,73,71,0,5,953,Canada,951,Romania,12/07/2024,19:00,13,10,35,22,25,22,1146,TD Place,-1,NA,1,2023,10,10,Fly Half,0,,0,,1000761,Hollie Davidson,1001076,Kat Roche,1001022,Luke Rogan,-1,,3,International,Y,W
2126,941540,57666,Alin Conache,951,Romania,5464.00,5464.00,6612,2,-6,40,0,0,41,Sub Out,562,Tactical,0,,0,,0,,0,,0,,0,,0,,0,,0,,0,0,0,0,,1,73,71,1,5,953,Canada,951,Romania,12/07/2024,19:00,13,10,35,22,25,22,1146,TD Place,-1,NA,1,2023,09,9,Scrum Half,0,,0,,1000761,Hollie Davidson,1001076,Kat Roche,1001022,Luke Rogan,-1,,3,International,N,L
2127,941540,33152,Gabriel Rupanu,951,Romania,5464.04,5464.04,6612,2,-6,40,0,0,42,Sub In,562,Tactical,0,,0,,0,,0,,0,,0,,0,,0,,0,,0,0,0,0,,1,73,71,0,5,953,Canada,951,Romania,12/07/2024,19:00,13,10,35,22,25,22,1146,TD Place,-1,NA,1,2023,21,9,Scrum Half,0,,0,,1000761,Hollie Davidson,1001076,Kat Roche,1001022,Luke Rogan,-1,,3,International,N,L
2128,941540,33642,Cooper Coats,953,Canada,5486.40,5486.40,6634,2,106,28,0,0,41,Sub Out,562,Tactical,0,,0,,0,,0,,0,,0,,0,,0,,0,,0,0,0,0,,1,73,71,-1,5,953,Canada,951,Romania,12/07/2024,19:00,13,10,35,22,25,22,1146,TD Place,-1,NA,1,2023,15,15,Full Back,0,,0,,1000761,Hollie Davidson,1001076,Kat Roche,1001022,Luke Rogan,-1,,3,International,Y,W
2129,941540,64047,Takoda McMullin,953,Canada,5486.44,5486.44,6634,2,106,28,0,0,42,Sub In,562,Tactical,0,,0,,0,,0,,0,,0,,0,,0,,0,,0,0,0,0,,1,73,71,0,5,953,Canada,951,Romania,12/07/2024,19:00,13,10,35,22,25,22,1146,TD Place,-1,NA,1,2023,23,14,Right Wing,0,,0,,1000761,Hollie Davidson,1001076,Kat Roche,1001022,Luke Rogan,-1,,3,International,Y,W
2130,941540,33463,Paul Popoaia,951,Romania,5487.44,5491.64,6635,2,49,33,76,28,14,Restart,281,50m Restart,286,Restart Opp Collection,289,Short,752,Kicked Left,0,,0,,0,,0,,0,,0,,27,28,5,0,,1,73,72,0,5,953,Canada,951,Romania,12/07/2024,19:00,13,10,35,22,25,22,1146,TD Place,-1,NA,1,2023,15,15,Full Back,0,,0,,1000761,Hollie Davidson,1001076,Kat Roche,1001022,Luke Rogan,-1,,3,International,N,L
2131,941540,28377,Andrew Coe,953,Canada,5491.64,5491.64,6640,2,24,40,0,0,18,Collection,275,Restart Catch,277,Success,0,,0,,0,,0,,0,,0,,0,,0,,0,0,0,0,,1,74,72,0,5,953,Canada,951,Romania,12/07/2024,19:00,13,10,35,22,25,22,1146,TD Place,-1,NA,1,2023,14,14,Right Wing,0,,0,,1000761,Hollie Davidson,1001076,Kat Roche,1001022,Luke Rogan,-1,,3,International,Y,W
2132,941540,28377,Andrew Coe,953,Canada,5491.64,5494.60,6640,2,24,40,28,38,1,Carry,105,Restart Return,108,Tackled Neutral,109,Crossed Gain line,461,Neutral Contact,502,2 Tacklers Committed,700,0th Receiver,0,,0,,0,,0,,4,4,3,2,,1,74,72,0,5,953,Canada,951,Romania,12/07/2024,19:00,13,10,35,22,25,22,1146,TD Place,-1,NA,1,2023,14,14,Right Wing,0,,0,,1000761,Hollie Davidson,1001076,Kat Roche,1001022,Luke Rogan,-1,,3,International,Y,W
2133,941540,27535,Alexandru Savin,951,Romania,5492.96,5492.96,6641,2,75,29,0,0,2,Tackle,142,Chase,161,Missed,0,,475,Ineffective Tackle,708,1st Tackler,0,,0,,0,,0,,0,,0,0,0,0,,1,74,72,0,5,953,Canada,951,Romania,12/07/2024,19:00,13,10,35,22,25,22,1146,TD Place,-1,NA,1,2023,17,1,Loosehead Prop,0,,0,,1000761,Hollie Davidson,1001076,Kat Roche,1001022,Luke Rogan,-1,,3,International,N,L
2134,941540,27535,Alexandru Savin,951,Romania,5492.96,5492.96,6641,2,75,29,0,0,12,Missed Tackle,163,Stepped,166,Tackled,0,,0,,0,,0,,0,,0,,0,,0,,0,0,0,0,,1,74,72,0,5,953,Canada,951,Romania,12/07/2024,19:00,13,10,35,22,25,22,1146,TD Place,-1,NA,1,2023,17,1,Loosehead Prop,0,,0,,1000761,Hollie Davidson,1001076,Kat Roche,1001022,Luke Rogan,-1,,3,International,N,L
2135,941540,28377,Andrew Coe,953,Canada,5493.16,5493.16,6641,2,25,39,0,0,10,Attacking Qualities,116,Defender Beaten,0,,0,,0,,0,,0,,0,,0,,0,,0,,0,0,0,0,,1,74,72,0,5,953,Canada,951,Romania,12/07/2024,19:00,13,10,35,22,25,22,1146,TD Place,-1,NA,1,2023,14,14,Right Wing,0,,0,,1000761,Hollie Davidson,1001076,Kat Roche,1001022,Luke Rogan,-1,,3,International,Y,W
2136,941540,38195,Rob Irimescu,951,Romania,5494.20,5494.20,6642,2,74,30,0,0,2,Tackle,142,Chase,153,Complete,441,Assist,474,Neutral Tackle,709,2nd Tackler,0,,0,,0,,0,,0,,0,0,0,0,,1,74,72,0,5,953,Canada,951,Romania,12/07/2024,19:00,13,10,35,22,25,22,1146,TD Place,-1,NA,1,2023,16,2,Hooker,0,,0,,1000761,Hollie Davidson,1001076,Kat Roche,1001022,Luke Rogan,-1,,3,International,N,L
2137,941540,28377,Andrew Coe,953,Canada,5494.60,5498.92,6643,2,28,38,0,0,23,Ruck,0,,401,Won Outright,551,N/A Gainline,556,4-5 Seconds,663,Close Left Open Movement Ruck,0,,0,,0,,0,,0,,0,0,-8,7,,1,74,72,0,5,953,Canada,951,Romania,12/07/2024,19:00,13,10,35,22,25,22,1146,TD Place,-1,NA,1,2023,14,14,Right Wing,0,,0,,1000761,Hollie Davidson,1001076,Kat Roche,1001022,Luke Rogan,-1,,3,International,Y,W
2138,941540,25189,Andrew Quattrin,953,Canada,5494.64,5494.64,6643,2,28,38,0,0,43,Ruck OOA,574,Secured,583,Own Team 1st Entry,588,OOA Entry 1st Entry- Att,632,Attacking OOA,0,1,0,,0,,0,,0,,0,,0,0,0,0,,1,74,72,0,5,953,Canada,951,Romania,12/07/2024,19:00,13,10,35,22,25,22,1146,TD Place,-1,NA,1,2023,02,2,Hooker,0,,0,,1000761,Hollie Davidson,1001076,Kat Roche,1001022,Luke Rogan,-1,,3,International,Y,W
2139,941540,29383,Conor Young,953,Canada,5494.72,5494.72,6643,2,28,38,0,0,43,Ruck OOA,574,Secured,584,Own Team 2nd Entry,589,OOA Entry 2nd Entry- Att,632,Attacking OOA,0,2,0,,0,,0,,0,,0,,0,0,0,0,,1,74,72,0,5,953,Canada,951,Romania,12/07/2024,19:00,13,10,35,22,25,22,1146,TD Place,-1,NA,1,2023,03,3,Tighthead Prop,0,,0,,1000761,Hollie Davidson,1001076,Kat Roche,1001022,Luke Rogan,-1,,3,International,Y,W
2140,941540,25181,Kyle Baillie,953,Canada,5495.48,5495.48,6643,2,28,38,0,0,43,Ruck OOA,574,Secured,585,Own Team 3rd Entry,590,OOA Entry 3rd Entry- Att,632,Attacking OOA,0,3,0,,0,,0,,0,,0,,0,0,0,0,,1,74,72,0,5,953,Canada,951,Romania,12/07/2024,19:00,13,10,35,22,25,22,1146,TD Place,-1,NA,1,2023,05,5,Lock (5),0,,0,,1000761,Hollie Davidson,1001076,Kat Roche,1001022,Luke Rogan,-1,,3,International,Y,W
2141,941540,58656,Calixto Martinez,953,Canada,5496.36,5496.36,6644,2,28,38,0,0,43,Ruck OOA,575,Attended,586,Own Team 4th Entry,591,OOA Entry 4th Entry- Att,632,Attacking OOA,0,4,0,,0,,0,,0,,0,,0,0,0,0,,1,74,72,0,5,953,Canada,951,Romania,12/07/2024,19:00,13,10,35,22,25,22,1146,TD Place,-1,NA,1,2023,17,1,Loosehead Prop,0,,0,,1000761,Hollie Davidson,1001076,Kat Roche,1001022,Luke Rogan,-1,,3,International,Y,W
2142,941540,38159,Jason Higgins,953,Canada,5498.92,5498.92,6647,2,28,38,0,0,18,Collection,631,General Catch,0,,0,,0,,0,,0,,0,,0,,0,,0,,0,0,0,0,,2,74,72,0,5,953,Canada,951,Romania,12/07/2024,19:00,13,10,35,22,25,22,1146,TD Place,-1,NA,1,2023,09,9,Scrum Half,0,,0,,1000761,Hollie Davidson,1001076,Kat Roche,1001022,Luke Rogan,-1,,3,International,Y,W
2143,941540,38159,Jason Higgins,953,Canada,5498.92,5498.92,6647,2,28,38,0,0,47,Playmaker Options,671,Halfback at Breakdown,675,Playmaker Option - Pass,0,,0,,0,,0,,0,,0,,0,,0,,0,0,0,0,,2,74,72,0,5,953,Canada,951,Romania,12/07/2024,19:00,13,10,35,22,25,22,1146,TD Place,-1,NA,1,2023,09,9,Scrum Half,0,,0,,1000761,Hollie Davidson,1001076,Kat Roche,1001022,Luke Rogan,-1,,3,International,Y,W
2144,941540,38159,Jason Higgins,953,Canada,5499.24,5501.64,6647,2,28,38,19,32,3,Pass,169,Complete,0,,686,Medium Pass,681,Left Pass,700,0th Receiver,0,,0,,0,,0,,0,,7,11,9,0,,2,74,72,0,5,953,Canada,951,Romania,12/07/2024,19:00,13,10,35,22,25,22,1146,TD Place,-1,NA,1,2023,09,9,Scrum Half,0,,0,,1000761,Hollie Davidson,1001076,Kat Roche,1001022,Luke Rogan,-1,,3,International,Y,W
2145,941540,19391,Peter Nelson,953,Canada,5501.64,5501.64,6650,2,19,32,0,0,18,Collection,631,General Catch,0,,0,,0,,0,,0,,0,,0,,0,,0,,0,0,0,0,,2,74,72,0,5,953,Canada,951,Romania,12/07/2024,19:00,13,10,35,22,25,22,1146,TD Place,-1,NA,1,2023,10,10,Fly Half,0,,0,,1000761,Hollie Davidson,1001076,Kat Roche,1001022,Luke Rogan,-1,,3,International,Y,W
2146,941540,0,,953,Canada,5501.64,5501.64,6650,2,19,32,0,0,45,Defensive Exits,630,Kicked out of 22,0,,0,,0,,0,,0,,0,,0,,0,,0,,0,0,0,0,,2,74,72,0,5,953,Canada,951,Romania,12/07/2024,19:00,13,10,35,22,25,22,1146,TD Place,-1,NA,1,2023,,,,0,,0,,1000761,Hollie Davidson,1001076,Kat Roche,1001022,Luke Rogan,-1,,3,International,Y,W
2147,941540,19391,Peter Nelson,953,Canada,5501.64,5501.64,6650,2,19,32,0,0,47,Playmaker Options,656,First Receiver,674,Playmaker Option - Kick,0,,0,,0,,0,,0,,0,,0,,0,,0,0,0,0,,2,74,72,0,5,953,Canada,951,Romania,12/07/2024,19:00,13,10,35,22,25,22,1146,TD Place,-1,NA,1,2023,10,10,Fly Half,0,,0,,1000761,Hollie Davidson,1001076,Kat Roche,1001022,Luke Rogan,-1,,3,International,Y,W
2148,941540,19391,Peter Nelson,953,Canada,5501.68,5506.64,6650,2,20,31,79,13,4,Kick,190,Territorial,199,Collected Bounce,186,Kick in Play (Own 22),0,,0,,0,,0,,0,,0,,0,,59,62,0,0,,2,74,72,0,5,953,Canada,951,Romania,12/07/2024,19:00,13,10,35,22,25,22,1146,TD Place,-1,NA,1,2023,10,10,Fly Half,0,,0,,1000761,Hollie Davidson,1001076,Kat Roche,1001022,Luke Rogan,-1,,3,International,Y,W
2149,941540,0,,953,Canada,5491.64,5506.64,6655,2,24,40,79,13,15,Possession,307,50m Restart,351,Kick in Play,0,,684,Fails to enter into Opposition 22,0,,0,,0,,0,,0,,0,,55,0,0,0,,2,74,72,0,5,953,Canada,951,Romania,12/07/2024,19:00,13,10,35,22,25,22,1146,TD Place,-1,NA,1,2023,,,,0,,0,,1000761,Hollie Davidson,1001076,Kat Roche,1001022,Luke Rogan,-1,,3,International,Y,W
2150,941540,33463,Paul Popoaia,951,Romania,5506.64,5506.64,6655,2,21,55,0,0,18,Collection,274,Defensive Loose Ball,277,Success,0,,0,,0,,0,,0,,0,,0,,0,,0,0,0,0,,1,75,72,0,5,953,Canada,951,Romania,12/07/2024,19:00,13,10,35,22,25,22,1146,TD Place,-1,NA,1,2023,15,15,Full Back,0,,0,,1000761,Hollie Davidson,1001076,Kat Roche,1001022,Luke Rogan,-1,,3,International,N,L
2151,941540,0,,951,Romania,5506.64,5506.64,6655,2,21,55,0,0,45,Defensive Exits,629,Carried out of 22,0,,0,,0,,0,,0,,0,,0,,0,,0,,0,0,0,0,,1,75,72,0,5,953,Canada,951,Romania,12/07/2024,19:00,13,10,35,22,25,22,1146,TD Place,-1,NA,1,2023,,,,0,,0,,1000761,Hollie Davidson,1001076,Kat Roche,1001022,Luke Rogan,-1,,3,International,N,L
2152,941540,33463,Paul Popoaia,951,Romania,5508.40,5512.76,6656,2,29,55,70,66,4,Kick,190,Territorial,198,Caught Full,185,Kick in Play,0,,0,,0,,0,,0,,0,,0,,41,42,0,0,,1,75,72,0,5,953,Canada,951,Romania,12/07/2024,19:00,13,10,35,22,25,22,1146,TD Place,-1,NA,1,2023,15,15,Full Back,0,,0,,1000761,Hollie Davidson,1001076,Kat Roche,1001022,Luke Rogan,-1,,3,International,N,L
2153,941540,0,,951,Romania,5506.64,5512.76,6701,2,21,55,70,66,15,Possession,311,Kick Return,351,Kick in Play,0,,684,Fails to enter into Opposition 22,0,,0,,0,,0,,0,,0,,48,0,0,0,,1,75,72,0,5,953,Canada,951,Romania,12/07/2024,19:00,13,10,35,22,27,22,1146,TD Place,-1,NA,1,2023,,,,0,,0,,1000761,Hollie Davidson,1001076,Kat Roche,1001022,Luke Rogan,-1,,3,International,N,L
2154,941540,19391,Peter Nelson,953,Canada,5512.76,5512.76,6701,2,31,2,0,0,18,Collection,273,Defensive Catch,277,Success,0,,0,,0,,0,,0,,0,,0,,0,,0,0,0,0,,1,76,72,0,5,953,Canada,951,Romania,12/07/2024,19:00,13,10,35,22,27,22,1146,TD Place,-1,NA,1,2023,10,10,Fly Half,0,,0,,1000761,Hollie Davidson,1001076,Kat Roche,1001022,Luke Rogan,-1,,3,International,Y,W
2155,941540,19391,Peter Nelson,953,Canada,5513.60,5517.00,6702,2,37,2,54,3,4,Kick,187,Bomb,201,Own Player - Collected,185,Kick in Play,0,,0,,0,,0,,0,,0,,0,,17,17,0,0,,1,76,72,0,5,953,Canada,951,Romania,12/07/2024,19:00,13,10,35,22,27,22,1146,TD Place,-1,NA,1,2023,10,10,Fly Half,0,,0,,1000761,Hollie Davidson,1001076,Kat Roche,1001022,Luke Rogan,-1,,3,International,Y,W
2156,941540,19391,Peter Nelson,953,Canada,5517.00,5517.00,6705,2,54,3,0,0,18,Collection,271,Attacking Catch,277,Success,0,,0,,0,,0,,0,,0,,0,,0,,0,0,0,0,,1,76,72,0,5,953,Canada,951,Romania,12/07/2024,19:00,13,10,35,22,27,22,1146,TD Place,-1,NA,1,2023,10,10,Fly Half,0,,0,,1000761,Hollie Davidson,1001076,Kat Roche,1001022,Luke Rogan,-1,,3,International,Y,W
2157,941540,20983,Tevita Manumua,951,Romania,5517.04,5517.04,6705,2,46,65,0,0,7,Penalty Conceded,227,Foul Play - Mid Air Tackle,237,Yellow Card,215,Defence,233,Full Penalty,0,,0,,0,,0,,0,,0,,0,0,0,0,,1,76,72,0,5,953,Canada,951,Romania,12/07/2024,19:00,13,10,35,22,27,22,1146,TD Place,-1,NA,1,2023,11,11,Left Wing,0,,0,,1000761,Hollie Davidson,1001076,Kat Roche,1001022,Luke Rogan,-1,,3,International,N,L
2158,941540,0,,951,Romania,5487.44,5518.08,6706,2,49,33,46,65,26,Sequences,307,50m Restart,316,Pen Won,0,,0,,0,,0,,0,,0,,0,,0,,-3,0,0,0,,1,76,72,0,5,953,Canada,951,Romania,12/07/2024,19:00,13,10,35,22,27,22,1146,TD Place,-1,NA,1,2023,,,,0,,0,,1000761,Hollie Davidson,1001076,Kat Roche,1001022,Luke Rogan,-1,,3,International,N,L
2159,941540,0,,953,Canada,5512.76,5518.08,6706,2,31,2,54,3,15,Possession,311,Kick Return,316,Pen Won,0,,684,Fails to enter into Opposition 22,0,,0,,0,,0,,0,,0,,24,0,0,0,,1,76,72,0,5,953,Canada,951,Romania,12/07/2024,19:00,13,10,35,22,27,22,1146,TD Place,-1,NA,1,2023,,,,0,,0,,1000761,Hollie Davidson,1001076,Kat Roche,1001022,Luke Rogan,-1,,3,International,Y,W
2160,941540,20983,Tevita Manumua,951,Romania,5517.96,5677.56,6706,2,46,65,0,0,21,Card,246,Yellow Card,542,Foul Play,0,,0,,0,,0,,0,,0,,0,,0,,0,0,0,0,,1,76,72,0,5,953,Canada,951,Romania,12/07/2024,19:00,13,10,35,22,27,22,1146,TD Place,-1,NA,1,2023,11,11,Left Wing,0,,0,,1000761,Hollie Davidson,1001076,Kat Roche,1001022,Luke Rogan,-1,,3,International,N,L
2161,941540,0,,953,Canada,5522.72,5686.36,6711,2,46,65,0,0,17,Period,0,Period,0,,0,,0,,0,,0,,0,,0,,0,,0,,0,0,0,0,,1,76,72,0,5,953,Canada,951,Romania,12/07/2024,19:00,13,10,35,22,27,22,1146,TD Place,-1,NA,1,2023,,,,0,,0,,1000761,Hollie Davidson,1001076,Kat Roche,1001022,Luke Rogan,-1,,3,International,Y,W
2162,941540,0,,951,Romania,5617.80,5617.80,6711,2,46,65,0,0,20,Ref Review,244,Video Review,0,,0,,0,,0,,0,,0,,0,,0,,0,,0,0,0,0,,1,76,72,0,5,953,Canada,951,Romania,12/07/2024,19:00,13,10,35,22,27,22,1146,TD Place,-1,NA,1,2023,,,,0,,0,,1000761,Hollie Davidson,1001076,Kat Roche,1001022,Luke Rogan,-1,,3,International,N,L
2163,941540,20983,Tevita Manumua,951,Romania,5677.56,5677.56,6711,2,46,65,0,0,41,Sub Out,570,Yellow Card,0,,0,,0,,0,,0,,0,,0,,0,,0,,0,0,0,0,,1,76,72,1,5,953,Canada,951,Romania,12/07/2024,19:00,13,10,35,22,27,22,1146,TD Place,-1,NA,1,2023,11,11,Left Wing,0,,0,,1000761,Hollie Davidson,1001076,Kat Roche,1001022,Luke Rogan,-1,,3,International,N,L
2164,941540,19391,Peter Nelson,953,Canada,5693.80,5695.12,6718,2,54,6,84,0,4,Kick,347,Touch Kick,193,Kick in Touch (Full),148,Penalty Kick,0,,0,,0,,0,,0,,0,,0,,30,31,0,0,,1,76,73,1,5,953,Canada,951,Romania,12/07/2024,19:00,13,10,35,22,27,22,1146,TD Place,-1,NA,1,2023,10,10,Fly Half,0,,0,,1000761,Hollie Davidson,1001076,Kat Roche,1001022,Luke Rogan,-1,,3,International,Y,W
2165,941540,0,,953,Canada,5693.80,5695.12,6719,2,54,6,84,0,26,Sequences,780,Penalty Kick Touch,415,Own Lineout,0,,0,,0,,0,,0,,0,,0,,0,,30,0,0,0,,1,76,73,1,5,953,Canada,951,Romania,12/07/2024,19:00,13,10,35,22,27,22,1146,TD Place,-1,NA,1,2023,,,,0,,0,,1000761,Hollie Davidson,1001076,Kat Roche,1001022,Luke Rogan,-1,,3,International,Y,W
2166,941540,0,,953,Canada,5719.24,5719.24,6744,2,87,0,87,0,46,Attacking 22 Entry,646,22 Entry Outcome - Turnover,0,,0,,0,,0,,0,,0,,0,,0,,0,,0,0,0,0,,1,76,74,1,5,953,Canada,951,Romania,12/07/2024,19:00,13,10,35,22,27,22,1146,TD Place,-1,NA,1,2023,,,,0,,0,,1000761,Hollie Davidson,1001076,Kat Roche,1001022,Luke Rogan,-1,,3,International,Y,W
2167,941540,25189,Andrew Quattrin,953,Canada,5719.24,5720.96,6744,2,87,0,87,11,6,Lineout Throw,372,Throw Middle,382,Lost Clean,420,Catch and Run,0,7+1,676,N/A Movement Lineout,732,7 Players,725,Forward at Halfback (+1),0,,0,,0,,11,0,0,0,,1,76,74,1,5,953,Canada,951,Romania,12/07/2024,19:00,13,10,35,22,27,22,1146,TD Place,-1,NA,1,2023,02,2,Hooker,0,,0,,1000761,Hollie Davidson,1001076,Kat Roche,1001022,Luke Rogan,-1,,3,International,Y,W
2168,941540,63895,Yanis Horvat,951,Romania,5720.96,5720.96,6745,2,13,57,0,0,27,Lineout Take,392,Lineout Steal Middle,382,Lost Clean,420,Catch and Run,396,Clean Catch,0,,0,,0,,0,,0,,0,,0,0,0,0,,1,77,74,1,5,953,Canada,951,Romania,12/07/2024,19:00,13,10,35,22,27,22,1146,TD Place,-1,NA,1,2023,04,4,Lock (4),0,,0,,1000761,Hollie Davidson,1001076,Kat Roche,1001022,Luke Rogan,-1,,3,International,N,L
2169,941540,0,,951,Romania,5722.04,5722.04,6746,2,13,59,0,0,45,Defensive Exits,630,Kicked out of 22,0,,0,,0,,0,,0,,0,,0,,0,,0,,0,0,0,0,,1,77,74,1,5,953,Canada,951,Romania,12/07/2024,19:00,13,10,35,22,27,22,1146,TD Place,-1,NA,1,2023,,,,0,,0,,1000761,Hollie Davidson,1001076,Kat Roche,1001022,Luke Rogan,-1,,3,International,N,L
2170,941540,63895,Yanis Horvat,951,Romania,5722.04,5727.48,6746,2,13,59,0,0,23,Ruck,0,,401,Won Outright,551,N/A Gainline,557,5-6 Seconds,676,N/A Movement Ruck,0,,0,,0,,0,,0,,0,0,0,0,,1,77,74,1,5,953,Canada,951,Romania,12/07/2024,19:00,13,10,35,22,27,22,1146,TD Place,-1,NA,1,2023,04,4,Lock (4),0,,0,,1000761,Hollie Davidson,1001076,Kat Roche,1001022,Luke Rogan,-1,,3,International,N,L
2171,941540,33152,Gabriel Rupanu,951,Romania,5727.48,5727.48,6752,2,13,59,0,0,18,Collection,631,General Catch,0,,0,,0,,0,,0,,0,,0,,0,,0,,0,0,0,0,,2,77,74,1,5,953,Canada,951,Romania,12/07/2024,19:00,13,10,35,22,27,22,1146,TD Place,-1,NA,1,2023,21,9,Scrum Half,0,,0,,1000761,Hollie Davidson,1001076,Kat Roche,1001022,Luke Rogan,-1,,3,International,N,L
2172,941540,33152,Gabriel Rupanu,951,Romania,5727.48,5727.48,6752,2,13,59,0,0,47,Playmaker Options,671,Halfback at Breakdown,674,Playmaker Option - Kick,0,,0,,0,,0,,0,,0,,0,,0,,0,0,0,0,,2,77,74,1,5,953,Canada,951,Romania,12/07/2024,19:00,13,10,35,22,27,22,1146,TD Place,-1,NA,1,2023,21,9,Scrum Half,0,,0,,1000761,Hollie Davidson,1001076,Kat Roche,1001022,Luke Rogan,-1,,3,International,N,L
2173,941540,33152,Gabriel Rupanu,951,Romania,5728.28,5732.20,6753,2,13,59,32,68,4,Kick,346,Box,193,Kick in Touch (Full),186,Kick in Play (Own 22),0,,0,,0,,0,,0,,0,,0,,19,21,0,0,,2,77,74,1,5,953,Canada,951,Romania,12/07/2024,19:00,13,10,35,22,27,22,1146,TD Place,-1,NA,1,2023,21,9,Scrum Half,0,,0,,1000761,Hollie Davidson,1001076,Kat Roche,1001022,Luke Rogan,-1,,3,International,N,L
2174,941540,0,,953,Canada,5719.24,5732.20,6757,2,87,0,69,0,26,Sequences,348,Lineout Steal,315,Kick Out of Play,0,,0,,0,,0,,0,,0,,0,,0,,-18,0,0,0,,2,77,74,1,5,953,Canada,951,Romania,12/07/2024,19:00,13,10,35,22,27,22,1146,TD Place,-1,NA,1,2023,,,,0,,0,,1000761,Hollie Davidson,1001076,Kat Roche,1001022,Luke Rogan,-1,,3,International,Y,W
2175,941540,0,,951,Romania,5720.96,5732.20,6757,2,13,57,32,68,15,Possession,348,Lineout Steal,315,Kick Out of Play,0,,684,Fails to enter into Opposition 22,0,,0,,0,,0,,0,,0,,18,0,0,0,,2,77,74,1,5,953,Canada,951,Romania,12/07/2024,19:00,13,10,35,22,27,22,1146,TD Place,-1,NA,1,2023,,,,0,,0,,1000761,Hollie Davidson,1001076,Kat Roche,1001022,Luke Rogan,-1,,3,International,N,L
2176,941540,25189,Andrew Quattrin,953,Canada,5754.36,5755.36,6819,2,69,0,69,9,6,Lineout Throw,371,Throw Front,376,Won Clean Catch,211,Off The Top,0,6,662,Mid Right Open Movement Lineout,731,6 Players,724,Halfback in Position,0,,0,,0,,9,0,-3,23,,1,78,75,1,5,953,Canada,951,Romania,12/07/2024,19:00,13,10,35,22,27,22,1146,TD Place,-1,NA,1,2023,02,2,Hooker,0,,0,,1000761,Hollie Davidson,1001076,Kat Roche,1001022,Luke Rogan,-1,,3,International,Y,W
2177,941540,56146,Ethan Fryer,953,Canada,5755.36,5755.36,6820,2,69,9,0,0,27,Lineout Take,386,Lineout Win Front,376,Won Clean,211,Off The Top,396,Clean Catch,0,,0,,0,,0,,0,,0,,0,0,0,0,,1,78,75,1,5,953,Canada,951,Romania,12/07/2024,19:00,13,10,35,22,27,22,1146,TD Place,-1,NA,1,2023,07,7,Openside Flanker,0,,0,,1000761,Hollie Davidson,1001076,Kat Roche,1001022,Luke Rogan,-1,,3,International,Y,W
2178,941540,56146,Ethan Fryer,953,Canada,5755.88,5756.84,6820,2,69,9,65,9,3,Pass,169,Complete,0,,679,Short Pass,687,Neutral Pass,700,0th Receiver,0,,0,,0,,0,,0,,0,4,4,0,,1,78,75,1,5,953,Canada,951,Romania,12/07/2024,19:00,13,10,35,22,27,22,1146,TD Place,-1,NA,1,2023,07,7,Openside Flanker,0,,0,,1000761,Hollie Davidson,1001076,Kat Roche,1001022,Luke Rogan,-1,,3,International,Y,W
2179,941540,38159,Jason Higgins,953,Canada,5756.84,5756.84,6821,2,65,9,0,0,18,Collection,631,General Catch,0,,0,,0,,0,,0,,0,,0,,0,,0,,0,0,0,0,,1,78,75,1,5,953,Canada,951,Romania,12/07/2024,19:00,13,10,35,22,27,22,1146,TD Place,-1,NA,1,2023,09,9,Scrum Half,0,,0,,1000761,Hollie Davidson,1001076,Kat Roche,1001022,Luke Rogan,-1,,3,International,Y,W
2180,941540,38159,Jason Higgins,953,Canada,5756.88,5758.52,6821,2,66,9,62,22,3,Pass,169,Complete,0,,686,Medium Pass,682,Right Pass,701,1st Receiver,0,,0,,0,,0,,0,,13,13,3,0,,1,78,75,1,5,953,Canada,951,Romania,12/07/2024,19:00,13,10,35,22,27,22,1146,TD Place,-1,NA,1,2023,09,9,Scrum Half,0,,0,,1000761,Hollie Davidson,1001076,Kat Roche,1001022,Luke Rogan,-1,,3,International,Y,W
2181,941540,19391,Peter Nelson,953,Canada,5758.52,5758.52,6823,2,62,22,0,0,18,Collection,631,General Catch,0,,0,,0,,0,,0,,0,,0,,0,,0,,0,0,0,0,,1,78,75,1,5,953,Canada,951,Romania,12/07/2024,19:00,13,10,35,22,27,22,1146,TD Place,-1,NA,1,2023,10,10,Fly Half,0,,0,,1000761,Hollie Davidson,1001076,Kat Roche,1001022,Luke Rogan,-1,,3,International,Y,W
2182,941540,19391,Peter Nelson,953,Canada,5758.56,5759.64,6823,2,64,23,63,31,3,Pass,169,Complete,0,,686,Medium Pass,682,Right Pass,702,2nd Receiver,0,,0,,0,,0,,0,,9,9,1,0,,1,78,75,1,5,953,Canada,951,Romania,12/07/2024,19:00,13,10,35,22,27,22,1146,TD Place,-1,NA,1,2023,10,10,Fly Half,0,,0,,1000761,Hollie Davidson,1001076,Kat Roche,1001022,Luke Rogan,-1,,3,International,Y,W
2183,941540,64048,Talon McMullin,953,Canada,5759.64,5759.64,6824,2,63,31,0,0,18,Collection,631,General Catch,0,,0,,0,,0,,0,,0,,0,,0,,0,,0,0,0,0,,1,78,75,1,5,953,Canada,951,Romania,12/07/2024,19:00,13,10,35,22,27,22,1146,TD Place,-1,NA,1,2023,12,12,Inside Centre,0,,0,,1000761,Hollie Davidson,1001076,Kat Roche,1001022,Luke Rogan,-1,,3,International,Y,W
2184,941540,64048,Talon McMullin,953,Canada,5759.64,5760.84,6824,2,63,31,66,31,1,Carry,103,Other Carry,108,Tackled Neutral,111,Failed Gain line,461,Neutral Contact,502,2 Tacklers Committed,703,3rd Receiver,0,,0,,0,,0,,0,3,1,1,,1,78,75,1,5,953,Canada,951,Romania,12/07/2024,19:00,13,10,35,22,27,22,1146,TD Place,-1,NA,1,2023,12,12,Inside Centre,0,,0,,1000761,Hollie Davidson,1001076,Kat Roche,1001022,Luke Rogan,-1,,3,International,Y,W
2185,941540,27037,Fonovai Tangimana,951,Romania,5760.20,5760.20,6825,2,35,36,0,0,2,Tackle,144,Line,153,Complete,0,,474,Neutral Tackle,708,1st Tackler,0,,0,,0,,0,,0,,0,0,0,0,,1,78,75,1,5,953,Canada,951,Romania,12/07/2024,19:00,13,10,35,22,27,22,1146,TD Place,-1,NA,1,2023,20,7,Openside Flanker,0,,0,,1000761,Hollie Davidson,1001076,Kat Roche,1001022,Luke Rogan,-1,,3,International,N,L
2186,941540,40389,Jason Tomane,951,Romania,5760.64,5760.64,6825,2,35,36,0,0,2,Tackle,144,Line,153,Complete,441,Assist,474,Neutral Tackle,709,2nd Tackler,0,,0,,0,,0,,0,,0,0,0,0,,1,78,75,1,5,953,Canada,951,Romania,12/07/2024,19:00,13,10,35,22,27,22,1146,TD Place,-1,NA,1,2023,12,12,Inside Centre,0,,0,,1000761,Hollie Davidson,1001076,Kat Roche,1001022,Luke Rogan,-1,,3,International,N,L
2187,941540,64048,Talon McMullin,953,Canada,5760.84,5763.20,6825,2,66,31,0,0,23,Ruck,0,,401,Won Outright,549,Behind Previous Gainline,554,2-3 Seconds,663,Close Left Open Movement Ruck,0,,0,,0,,0,,0,,0,0,-3,7,,1,78,75,1,5,953,Canada,951,Romania,12/07/2024,19:00,13,10,35,22,27,22,1146,TD Place,-1,NA,1,2023,12,12,Inside Centre,0,,0,,1000761,Hollie Davidson,1001076,Kat Roche,1001022,Luke Rogan,-1,,3,International,Y,W
2188,941540,25195,Ben LeSage,953,Canada,5761.44,5761.44,6826,2,66,31,0,0,43,Ruck OOA,572,Cleaned Out,583,Own Team 1st Entry,588,OOA Entry 1st Entry- Att,632,Attacking OOA,0,1,0,,0,,0,,0,,0,,0,0,0,0,,1,78,75,1,5,953,Canada,951,Romania,12/07/2024,19:00,13,10,35,22,27,22,1146,TD Place,-1,NA,1,2023,13,13,Outside Centre,0,,0,,1000761,Hollie Davidson,1001076,Kat Roche,1001022,Luke Rogan,-1,,3,International,Y,W
2189,941540,25183,Lucas Rumball,953,Canada,5761.56,5761.56,6826,2,66,31,0,0,43,Ruck OOA,572,Cleaned Out,584,Own Team 2nd Entry,589,OOA Entry 2nd Entry- Att,632,Attacking OOA,0,2,0,,0,,0,,0,,0,,0,0,0,0,,1,78,75,1,5,953,Canada,951,Romania,12/07/2024,19:00,13,10,35,22,27,22,1146,TD Place,-1,NA,1,2023,08,8,Number 8,0,,0,,1000761,Hollie Davidson,1001076,Kat Roche,1001022,Luke Rogan,-1,,3,International,Y,W
2190,941540,40389,Jason Tomane,951,Romania,5761.72,5761.72,6826,2,34,37,0,0,43,Ruck OOA,578,Got Cleaned Out,583,Own Team 1st Entry,603,OOA Entry 1st Entry- Def,633,Defensive OOA,0,1,0,,0,,0,,0,,0,,0,0,0,0,,1,78,75,1,5,953,Canada,951,Romania,12/07/2024,19:00,13,10,35,22,27,22,1146,TD Place,-1,NA,1,2023,12,12,Inside Centre,0,,0,,1000761,Hollie Davidson,1001076,Kat Roche,1001022,Luke Rogan,-1,,3,International,N,L
2191,941540,58656,Calixto Martinez,953,Canada,5762.88,5762.88,6827,2,66,31,0,0,43,Ruck OOA,574,Secured,585,Own Team 3rd Entry,590,OOA Entry 3rd Entry- Att,632,Attacking OOA,0,3,0,,0,,0,,0,,0,,0,0,0,0,,1,78,75,1,5,953,Canada,951,Romania,12/07/2024,19:00,13,10,35,22,27,22,1146,TD Place,-1,NA,1,2023,17,1,Loosehead Prop,0,,0,,1000761,Hollie Davidson,1001076,Kat Roche,1001022,Luke Rogan,-1,,3,International,Y,W
2192,941540,38159,Jason Higgins,953,Canada,5763.20,5763.20,6828,2,66,31,0,0,18,Collection,631,General Catch,0,,0,,0,,0,,0,,0,,0,,0,,0,,0,0,0,0,,2,78,75,1,5,953,Canada,951,Romania,12/07/2024,19:00,13,10,35,22,27,22,1146,TD Place,-1,NA,1,2023,09,9,Scrum Half,0,,0,,1000761,Hollie Davidson,1001076,Kat Roche,1001022,Luke Rogan,-1,,3,International,Y,W
2193,941540,38159,Jason Higgins,953,Canada,5763.20,5763.20,6828,2,66,31,0,0,47,Playmaker Options,671,Halfback at Breakdown,675,Playmaker Option - Pass,0,,0,,0,,0,,0,,0,,0,,0,,0,0,0,0,,2,78,75,1,5,953,Canada,951,Romania,12/07/2024,19:00,13,10,35,22,27,22,1146,TD Place,-1,NA,1,2023,09,9,Scrum Half,0,,0,,1000761,Hollie Davidson,1001076,Kat Roche,1001022,Luke Rogan,-1,,3,International,Y,W
2194,941540,38159,Jason Higgins,953,Canada,5763.40,5765.40,6828,2,66,31,62,24,3,Pass,169,Complete,0,,686,Medium Pass,681,Left Pass,700,0th Receiver,0,,0,,0,,0,,0,,7,8,4,0,,2,78,75,1,5,953,Canada,951,Romania,12/07/2024,19:00,13,10,35,22,27,22,1146,TD Place,-1,NA,1,2023,09,9,Scrum Half,0,,0,,1000761,Hollie Davidson,1001076,Kat Roche,1001022,Luke Rogan,-1,,3,International,Y,W
2195,941540,19391,Peter Nelson,953,Canada,5765.40,5765.40,6830,2,62,24,0,0,18,Collection,631,General Catch,0,,0,,0,,0,,0,,0,,0,,0,,0,,0,0,0,0,,2,78,75,1,5,953,Canada,951,Romania,12/07/2024,19:00,13,10,35,22,27,22,1146,TD Place,-1,NA,1,2023,10,10,Fly Half,0,,0,,1000761,Hollie Davidson,1001076,Kat Roche,1001022,Luke Rogan,-1,,3,International,Y,W
2196,941540,19391,Peter Nelson,953,Canada,5765.40,5765.40,6830,2,62,24,0,0,47,Playmaker Options,656,First Receiver,674,Playmaker Option - Kick,0,,0,,0,,0,,0,,0,,0,,0,,0,0,0,0,,2,78,75,1,5,953,Canada,951,Romania,12/07/2024,19:00,13,10,35,22,27,22,1146,TD Place,-1,NA,1,2023,10,10,Fly Half,0,,0,,1000761,Hollie Davidson,1001076,Kat Roche,1001022,Luke Rogan,-1,,3,International,Y,W
2197,941540,19391,Peter Nelson,953,Canada,5765.44,5770.16,6830,2,63,24,95,0,4,Kick,347,Touch Kick,192,Kick in Touch (Bounce),185,Kick in Play,0,,0,,0,,0,,0,,0,,0,,33,41,0,0,,2,78,75,1,5,953,Canada,951,Romania,12/07/2024,19:00,13,10,35,22,27,22,1146,TD Place,-1,NA,1,2023,10,10,Fly Half,0,,0,,1000761,Hollie Davidson,1001076,Kat Roche,1001022,Luke Rogan,-1,,3,International,Y,W
2198,941540,0,,953,Canada,5754.36,5770.16,6835,2,69,0,95,0,15,Possession,306,Lineout,315,Kick Out of Play,0,,684,Fails to enter into Opposition 22,0,,0,,0,,0,,0,,0,,26,0,0,0,,2,78,75,1,5,953,Canada,951,Romania,12/07/2024,19:00,13,10,35,22,27,22,1146,TD Place,-1,NA,1,2023,,,,0,,0,,1000761,Hollie Davidson,1001076,Kat Roche,1001022,Luke Rogan,-1,,3,International,Y,W
2199,941540,0,,953,Canada,5754.36,5770.16,6835,2,69,0,95,0,26,Sequences,306,Lineout,315,Kick Out of Play,0,,0,,0,,0,,0,,0,,0,,0,,26,0,0,0,,2,78,75,1,5,953,Canada,951,Romania,12/07/2024,19:00,13,10,35,22,27,22,1146,TD Place,-1,NA,1,2023,,,,0,,0,,1000761,Hollie Davidson,1001076,Kat Roche,1001022,Luke Rogan,-1,,3,International,Y,W
2200,941540,0,,951,Romania,5795.16,5795.16,6900,2,6,68,0,0,45,Defensive Exits,628,Failed Exit From 22,0,,0,,0,,0,,0,,0,,0,,0,,0,,0,0,0,0,,1,78,76,1,5,953,Canada,951,Romania,12/07/2024,19:00,13,10,35,22,27,22,1146,TD Place,-1,NA,1,2023,,,,0,,0,,1000761,Hollie Davidson,1001076,Kat Roche,1001022,Luke Rogan,-1,,3,International,N,L
2201,941540,38195,Rob Irimescu,951,Romania,5795.16,5797.08,6900,2,6,68,6,55,6,Lineout Throw,372,Throw Middle,419,Lost Overthrown,420,Catch and Run,0,4,676,N/A Movement Lineout,729,4 Players,724,Halfback in Position,0,,0,,0,,13,0,0,0,,1,78,76,1,5,953,Canada,951,Romania,12/07/2024,19:00,13,10,35,22,27,22,1146,TD Place,-1,NA,1,2023,16,2,Hooker,0,,0,,1000761,Hollie Davidson,1001076,Kat Roche,1001022,Luke Rogan,-1,,3,International,N,L
2202,941540,25189,Andrew Quattrin,953,Canada,5797.08,5797.08,6901,2,94,13,0,0,27,Lineout Take,392,Lineout Steal Middle,419,Lost Overthrown,420,Catch and Run,396,Clean Catch,0,,0,,0,,0,,0,,0,,0,0,0,0,,1,79,76,1,5,953,Canada,951,Romania,12/07/2024,19:00,13,10,35,22,27,22,1146,TD Place,-1,NA,1,2023,02,2,Hooker,0,,0,,1000761,Hollie Davidson,1001076,Kat Roche,1001022,Luke Rogan,-1,,3,International,Y,W
2203,941540,25189,Andrew Quattrin,953,Canada,5797.08,5798.16,6901,2,94,13,101,12,1,Carry,103,Other Carry,117,Try Scored,110,Neutral Gain line,460,Dominant Contact,501,1 Tacklers Committed,700,0th Receiver,0,,0,,0,,0,,6,7,2,2,,1,79,76,1,5,953,Canada,951,Romania,12/07/2024,19:00,13,10,35,22,27,22,1146,TD Place,-1,NA,1,2023,02,2,Hooker,0,,0,,1000761,Hollie Davidson,1001076,Kat Roche,1001022,Luke Rogan,-1,,3,International,Y,W
2204,941540,0,,953,Canada,5797.60,5798.16,6902,2,100,12,101,12,46,Attacking 22 Entry,645,22 Entry Outcome - Try,651,22 Entry Points -  Try without Conversion,0,,0,,0,,0,,0,,0,,0,,0,,0,0,0,0,,1,79,76,1,5,953,Canada,951,Romania,12/07/2024,19:00,13,10,35,22,27,22,1146,TD Place,-1,NA,1,2023,,,,0,,0,,1000761,Hollie Davidson,1001076,Kat Roche,1001022,Luke Rogan,-1,,3,International,Y,W
2205,941540,33152,Gabriel Rupanu,951,Romania,5797.92,5797.92,6902,2,1,56,0,0,2,Tackle,147,Other,467,Ineffective,0,,475,Ineffective Tackle,708,1st Tackler,0,,0,,0,,0,,0,,0,0,0,0,,1,79,76,1,5,953,Canada,951,Romania,12/07/2024,19:00,13,10,35,22,27,22,1146,TD Place,-1,NA,1,2023,21,9,Scrum Half,0,,0,,1000761,Hollie Davidson,1001076,Kat Roche,1001022,Luke Rogan,-1,,3,International,N,L
2206,941540,0,,951,Romania,5795.16,5798.88,6903,2,6,68,-1,56,26,Sequences,348,Lineout Steal,314,Try,0,,0,,0,,0,,0,,0,,0,,0,,-6,0,0,0,,1,79,76,1,5,953,Canada,951,Romania,12/07/2024,19:00,13,10,35,22,27,22,1146,TD Place,-1,NA,1,2023,,,,0,,0,,1000761,Hollie Davidson,1001076,Kat Roche,1001022,Luke Rogan,-1,,3,International,N,L
2207,941540,0,,953,Canada,5797.08,5798.88,6903,2,94,13,101,12,15,Possession,348,Lineout Steal,314,Try,0,,685,Starts inside Opposition 22,0,,0,,0,,0,,0,,0,,6,0,0,0,,1,79,76,1,5,953,Canada,951,Romania,12/07/2024,19:00,13,10,35,22,27,22,1146,TD Place,-1,NA,1,2023,,,,0,,0,,1000761,Hollie Davidson,1001076,Kat Roche,1001022,Luke Rogan,-1,,3,International,Y,W
2208,941540,25189,Andrew Quattrin,953,Canada,5798.16,5798.16,6903,2,101,12,0,0,9,Try,0,Try,0,,0,,0,,0,,0,,0,,0,,0,,0,,0,0,0,0,,1,79,76,1,10,953,Canada,951,Romania,12/07/2024,19:00,13,10,35,22,27,22,1146,TD Place,-1,NA,1,2023,02,2,Hooker,0,,0,,1000761,Hollie Davidson,1001076,Kat Roche,1001022,Luke Rogan,-1,,3,International,Y,W
2209,941540,19391,Peter Nelson,953,Canada,5850.32,5853.52,6955,2,75,12,105,32,11,Goal Kick,295,Conversion,298,Goal Missed,533,Missed Left,0,,0,,0,,0,,0,,0,,0,,25,34,0,0,,1,79,77,1,10,953,Canada,951,Romania,12/07/2024,19:00,13,10,35,22,27,22,1146,TD Place,-1,NA,1,2023,10,10,Fly Half,0,,0,,1000761,Hollie Davidson,1001076,Kat Roche,1001022,Luke Rogan,-1,,3,International,Y,W
2210,941540,29383,Conor Young,953,Canada,5869.68,5869.68,7014,2,105,32,0,0,41,Sub Out,562,Tactical,0,,0,,0,,0,,0,,0,,0,,0,,0,,0,0,0,0,,1,79,77,0,10,953,Canada,951,Romania,12/07/2024,19:00,13,10,35,22,32,22,1146,TD Place,-1,NA,1,2023,03,3,Tighthead Prop,0,,0,,1000761,Hollie Davidson,1001076,Kat Roche,1001022,Luke Rogan,-1,,3,International,Y,W
2211,941540,27410,Cole Keith,953,Canada,5869.72,5869.72,7014,2,105,32,0,0,42,Sub In,562,Tactical,0,,0,,0,,0,,0,,0,,0,,0,,0,,0,0,0,0,,1,79,77,1,10,953,Canada,951,Romania,12/07/2024,19:00,13,10,35,22,32,22,1146,TD Place,-1,NA,1,2023,18,3,Tighthead Prop,0,,0,,1000761,Hollie Davidson,1001076,Kat Roche,1001022,Luke Rogan,-1,,3,International,Y,W
2212,941540,56146,Ethan Fryer,953,Canada,5870.32,5870.32,7015,2,105,32,0,0,41,Sub Out,562,Tactical,0,,0,,0,,0,,0,,0,,0,,0,,0,,0,0,0,0,,1,79,77,0,10,953,Canada,951,Romania,12/07/2024,19:00,13,10,35,22,32,22,1146,TD Place,-1,NA,1,2023,07,7,Openside Flanker,0,,0,,1000761,Hollie Davidson,1001076,Kat Roche,1001022,Luke Rogan,-1,,3,International,Y,W
2213,941540,59972,Sion Parry,953,Canada,5870.36,5870.36,7015,2,105,32,0,0,42,Sub In,562,Tactical,0,,0,,0,,0,,0,,0,,0,,0,,0,,0,0,0,0,,1,79,77,1,10,953,Canada,951,Romania,12/07/2024,19:00,13,10,35,22,32,22,1146,TD Place,-1,NA,1,2023,20,7,Openside Flanker,0,,0,,1000761,Hollie Davidson,1001076,Kat Roche,1001022,Luke Rogan,-1,,3,International,Y,W
2214,941540,33463,Paul Popoaia,951,Romania,5876.28,5880.76,7021,2,49,33,75,19,14,Restart,281,50m Restart,284,Restart Retained,289,Short,752,Kicked Left,0,,0,,0,,0,,0,,0,,26,30,14,0,,1,80,78,1,10,953,Canada,951,Romania,12/07/2024,19:00,13,10,35,22,32,22,1146,TD Place,-1,NA,1,2023,15,15,Full Back,0,,0,,1000761,Hollie Davidson,1001076,Kat Roche,1001022,Luke Rogan,-1,,3,International,N,L
2215,941540,27035,Marius Simionescu,951,Romania,5880.76,5880.76,7025,2,75,19,0,0,18,Collection,275,Restart Catch,277,Success,0,,0,,0,,0,,0,,0,,0,,0,,0,0,0,0,,1,80,78,1,10,953,Canada,951,Romania,12/07/2024,19:00,13,10,35,22,32,22,1146,TD Place,-1,NA,1,2023,14,14,Right Wing,0,,0,,1000761,Hollie Davidson,1001076,Kat Roche,1001022,Luke Rogan,-1,,3,International,N,L
2216,941540,27035,Marius Simionescu,951,Romania,5880.76,5882.80,7025,2,75,19,78,15,1,Carry,104,Kick Return,107,Tackled Dominant,109,Crossed Gain line,460,Dominant Contact,501,1 Tacklers Committed,700,0th Receiver,0,,0,,0,,0,,3,3,1,1,,1,80,78,1,10,953,Canada,951,Romania,12/07/2024,19:00,13,10,35,22,32,22,1146,TD Place,-1,NA,1,2023,14,14,Right Wing,0,,0,,1000761,Hollie Davidson,1001076,Kat Roche,1001022,Luke Rogan,-1,,3,International,N,L
2217,941540,25183,Lucas Rumball,953,Canada,5882.44,5882.44,7027,2,23,53,0,0,2,Tackle,144,Line,160,Passive,0,,475,Ineffective Tackle,708,1st Tackler,0,,0,,0,,0,,0,,0,0,0,0,,1,80,78,1,10,953,Canada,951,Romania,12/07/2024,19:00,13,10,35,22,32,22,1146,TD Place,-1,NA,1,2023,08,8,Number 8,0,,0,,1000761,Hollie Davidson,1001076,Kat Roche,1001022,Luke Rogan,-1,,3,International,Y,W
2218,941540,38195,Rob Irimescu,951,Romania,5882.56,5882.56,7027,2,77,15,0,0,10,Attacking Qualities,529,Snake,0,,0,,0,,0,,0,,0,,0,,0,,0,,0,0,0,0,,1,80,78,1,10,953,Canada,951,Romania,12/07/2024,19:00,13,10,35,22,32,22,1146,TD Place,-1,NA,1,2023,16,2,Hooker,0,,0,,1000761,Hollie Davidson,1001076,Kat Roche,1001022,Luke Rogan,-1,,3,International,N,L
2219,941540,27035,Marius Simionescu,951,Romania,5882.80,5885.00,7027,2,78,15,0,0,23,Ruck,0,,401,Won Outright,548,Over Previous Gainline,554,2-3 Seconds,662,Mid Right Open Movement Ruck,0,,0,,0,,0,,0,,0,0,-2,12,,1,80,78,1,10,953,Canada,951,Romania,12/07/2024,19:00,13,10,35,22,32,22,1146,TD Place,-1,NA,1,2023,14,14,Right Wing,0,,0,,1000761,Hollie Davidson,1001076,Kat Roche,1001022,Luke Rogan,-1,,3,International,N,L
2220,941540,33151,Vlad Neculau,951,Romania,5884.24,5884.24,7029,2,78,15,0,0,43,Ruck OOA,574,Secured,583,Own Team 1st Entry,588,OOA Entry 1st Entry- Att,632,Attacking OOA,0,1,0,,0,,0,,0,,0,,0,0,0,0,,1,80,78,1,10,953,Canada,951,Romania,12/07/2024,19:00,13,10,35,22,32,22,1146,TD Place,-1,NA,1,2023,06,6,Blindside Flanker,0,,0,,1000761,Hollie Davidson,1001076,Kat Roche,1001022,Luke Rogan,-1,,3,International,N,L
2221,941540,63895,Yanis Horvat,951,Romania,5884.36,5884.36,7029,2,78,15,0,0,43,Ruck OOA,574,Secured,584,Own Team 2nd Entry,589,OOA Entry 2nd Entry- Att,632,Attacking OOA,0,2,0,,0,,0,,0,,0,,0,0,0,0,,1,80,78,1,10,953,Canada,951,Romania,12/07/2024,19:00,13,10,35,22,32,22,1146,TD Place,-1,NA,1,2023,04,4,Lock (4),0,,0,,1000761,Hollie Davidson,1001076,Kat Roche,1001022,Luke Rogan,-1,,3,International,N,L
2222,941540,27037,Fonovai Tangimana,951,Romania,5884.96,5884.96,7029,2,78,15,0,0,43,Ruck OOA,575,Attended,585,Own Team 3rd Entry,590,OOA Entry 3rd Entry- Att,632,Attacking OOA,0,3,0,,0,,0,,0,,0,,0,0,0,0,,1,80,78,1,10,953,Canada,951,Romania,12/07/2024,19:00,13,10,35,22,32,22,1146,TD Place,-1,NA,1,2023,20,7,Openside Flanker,0,,0,,1000761,Hollie Davidson,1001076,Kat Roche,1001022,Luke Rogan,-1,,3,International,N,L
2223,941540,33152,Gabriel Rupanu,951,Romania,5885.00,5885.00,7029,2,78,15,0,0,18,Collection,631,General Catch,0,,0,,0,,0,,0,,0,,0,,0,,0,,0,0,0,0,,2,80,78,1,10,953,Canada,951,Romania,12/07/2024,19:00,13,10,35,22,32,22,1146,TD Place,-1,NA,1,2023,21,9,Scrum Half,0,,0,,1000761,Hollie Davidson,1001076,Kat Roche,1001022,Luke Rogan,-1,,3,International,N,L
2224,941540,33152,Gabriel Rupanu,951,Romania,5885.00,5885.00,7029,2,78,15,0,0,47,Playmaker Options,671,Halfback at Breakdown,675,Playmaker Option - Pass,0,,0,,0,,0,,0,,0,,0,,0,,0,0,0,0,,2,80,78,1,10,953,Canada,951,Romania,12/07/2024,19:00,13,10,35,22,32,22,1146,TD Place,-1,NA,1,2023,21,9,Scrum Half,0,,0,,1000761,Hollie Davidson,1001076,Kat Roche,1001022,Luke Rogan,-1,,3,International,N,L
2225,941540,33152,Gabriel Rupanu,951,Romania,5885.36,5886.96,7030,2,78,15,75,25,3,Pass,169,Complete,0,,686,Medium Pass,682,Right Pass,700,0th Receiver,0,,0,,0,,0,,0,,10,11,3,0,,2,80,78,1,10,953,Canada,951,Romania,12/07/2024,19:00,13,10,35,22,32,22,1146,TD Place,-1,NA,1,2023,21,9,Scrum Half,0,,0,,1000761,Hollie Davidson,1001076,Kat Roche,1001022,Luke Rogan,-1,,3,International,N,L
2226,941540,27535,Alexandru Savin,951,Romania,5886.96,5886.96,7031,2,75,25,0,0,18,Collection,631,General Catch,0,,0,,0,,0,,0,,0,,0,,0,,0,,0,0,0,0,,2,80,78,1,10,953,Canada,951,Romania,12/07/2024,19:00,13,10,35,22,32,22,1146,TD Place,-1,NA,1,2023,17,1,Loosehead Prop,0,,0,,1000761,Hollie Davidson,1001076,Kat Roche,1001022,Luke Rogan,-1,,3,International,N,L
2227,941540,27535,Alexandru Savin,951,Romania,5886.96,5886.96,7031,2,75,25,0,0,47,Playmaker Options,656,First Receiver,673,Playmaker Option - Carry,0,,0,,0,,0,,0,,0,,0,,0,,0,0,0,0,,2,80,78,1,10,953,Canada,951,Romania,12/07/2024,19:00,13,10,35,22,32,22,1146,TD Place,-1,NA,1,2023,17,1,Loosehead Prop,0,,0,,1000761,Hollie Davidson,1001076,Kat Roche,1001022,Luke Rogan,-1,,3,International,N,L
2228,941540,27535,Alexandru Savin,951,Romania,5886.96,5887.88,7031,2,75,25,76,26,1,Carry,101,One Out Drive,119,Error,111,Failed Gain line,462,Ineffective Contact,502,2 Tacklers Committed,701,1st Receiver,0,,0,,0,,0,,0,1,1,1,,2,80,78,1,10,953,Canada,951,Romania,12/07/2024,19:00,13,10,35,22,32,22,1146,TD Place,-1,NA,1,2023,17,1,Loosehead Prop,0,,0,,1000761,Hollie Davidson,1001076,Kat Roche,1001022,Luke Rogan,-1,,3,International,N,L
2229,941540,58656,Calixto Martinez,953,Canada,5887.20,5887.20,7032,2,25,42,0,0,2,Tackle,144,Line,156,Turnover Won,0,,473,Dominant Tackle,708,1st Tackler,0,,0,,0,,0,,0,,0,0,0,0,,2,80,78,1,10,953,Canada,951,Romania,12/07/2024,19:00,13,10,35,22,32,22,1146,TD Place,-1,NA,1,2023,17,1,Loosehead Prop,0,,0,,1000761,Hollie Davidson,1001076,Kat Roche,1001022,Luke Rogan,-1,,3,International,Y,W
2230,941540,25189,Andrew Quattrin,953,Canada,5887.24,5887.24,7032,2,25,42,0,0,2,Tackle,144,Line,159,Sack,441,Assist,473,Dominant Tackle,709,2nd Tackler,0,,0,,0,,0,,0,,0,0,0,0,,2,80,78,1,10,953,Canada,951,Romania,12/07/2024,19:00,13,10,35,22,32,22,1146,TD Place,-1,NA,1,2023,02,2,Hooker,0,,0,,1000761,Hollie Davidson,1001076,Kat Roche,1001022,Luke Rogan,-1,,3,International,Y,W
2231,941540,27535,Alexandru Savin,951,Romania,5887.88,5887.88,7032,2,76,26,0,0,8,Turnover,256,Lost Ball Forced,677,Error on Attack,0,,0,,0,,0,,0,,0,,0,,0,,0,0,0,0,,2,80,78,1,10,953,Canada,951,Romania,12/07/2024,19:00,13,10,35,22,32,22,1146,TD Place,-1,NA,1,2023,17,1,Loosehead Prop,0,,0,,1000761,Hollie Davidson,1001076,Kat Roche,1001022,Luke Rogan,-1,,3,International,N,L
2232,941540,0,,951,Romania,5876.28,5888.60,7033,2,49,33,78,30,15,Possession,350,50m Restart Retained,318,Turnover,0,,684,Fails to enter into Opposition 22,0,,0,,0,,0,,0,,0,,29,0,0,0,,2,80,78,1,10,953,Canada,951,Romania,12/07/2024,19:00,13,10,35,22,32,22,1146,TD Place,-1,NA,1,2023,,,,0,,0,,1000761,Hollie Davidson,1001076,Kat Roche,1001022,Luke Rogan,-1,,3,International,N,L
2233,941540,0,,953,Canada,5888.52,5888.52,7033,2,21,27,0,0,20,Ref Review,245,Advantage,0,,0,,0,,0,,0,,0,,0,,0,,0,,0,0,0,0,,2,80,78,1,10,953,Canada,951,Romania,12/07/2024,19:00,13,10,35,22,32,22,1146,TD Place,-1,NA,1,2023,,,,0,,0,,1000761,Hollie Davidson,1001076,Kat Roche,1001022,Luke Rogan,-1,,3,International,Y,W
2234,941540,25181,Kyle Baillie,953,Canada,5888.60,5888.60,7033,2,23,38,0,0,18,Collection,274,Defensive Loose Ball,277,Success,0,,0,,0,,0,,0,,0,,0,,0,,0,0,0,0,,1,81,78,1,10,953,Canada,951,Romania,12/07/2024,19:00,13,10,35,22,32,22,1146,TD Place,-1,NA,1,2023,05,5,Lock (5),0,,0,,1000761,Hollie Davidson,1001076,Kat Roche,1001022,Luke Rogan,-1,,3,International,Y,W
2235,941540,25181,Kyle Baillie,953,Canada,5888.60,5888.60,7033,2,23,38,0,0,44,Counter Attack,622,Outcome - Penalty Conceded,0,,0,,0,,0,,0,,0,,0,,0,,0,,0,0,0,0,,1,81,78,1,10,953,Canada,951,Romania,12/07/2024,19:00,13,10,35,22,32,22,1146,TD Place,-1,NA,1,2023,05,5,Lock (5),0,,0,,1000761,Hollie Davidson,1001076,Kat Roche,1001022,Luke Rogan,-1,,3,International,Y,W
2236,941540,25181,Kyle Baillie,953,Canada,5888.76,5889.76,7033,2,23,37,21,27,3,Pass,169,Complete,0,,686,Medium Pass,681,Left Pass,700,0th Receiver,0,,0,,0,,0,,0,,10,10,2,0,,1,81,78,1,10,953,Canada,951,Romania,12/07/2024,19:00,13,10,35,22,32,22,1146,TD Place,-1,NA,1,2023,05,5,Lock (5),0,,0,,1000761,Hollie Davidson,1001076,Kat Roche,1001022,Luke Rogan,-1,,3,International,Y,W
2237,941540,27410,Cole Keith,953,Canada,5889.76,5889.76,7034,2,21,27,0,0,18,Collection,631,General Catch,0,,0,,0,,0,,0,,0,,0,,0,,0,,0,0,0,0,,1,81,78,1,10,953,Canada,951,Romania,12/07/2024,19:00,13,10,35,22,32,22,1146,TD Place,-1,NA,1,2023,18,3,Tighthead Prop,0,,0,,1000761,Hollie Davidson,1001076,Kat Roche,1001022,Luke Rogan,-1,,3,International,Y,W
2238,941540,0,,953,Canada,5889.76,5889.76,7034,2,21,27,0,0,45,Defensive Exits,629,Carried out of 22,0,,0,,0,,0,,0,,0,,0,,0,,0,,0,0,0,0,,1,81,78,1,10,953,Canada,951,Romania,12/07/2024,19:00,13,10,35,22,32,22,1146,TD Place,-1,NA,1,2023,,,,0,,0,,1000761,Hollie Davidson,1001076,Kat Roche,1001022,Luke Rogan,-1,,3,International,Y,W
2239,941540,27410,Cole Keith,953,Canada,5889.80,5890.92,7034,2,23,26,20,18,3,Pass,169,Complete,0,,686,Medium Pass,681,Left Pass,701,1st Receiver,0,,0,,0,,0,,0,,8,8,2,0,,1,81,78,1,10,953,Canada,951,Romania,12/07/2024,19:00,13,10,35,22,32,22,1146,TD Place,-1,NA,1,2023,18,3,Tighthead Prop,0,,0,,1000761,Hollie Davidson,1001076,Kat Roche,1001022,Luke Rogan,-1,,3,International,Y,W
2240,941540,38465,Mason Flesch,953,Canada,5890.92,5890.92,7035,2,20,18,0,0,18,Collection,631,General Catch,0,,0,,0,,0,,0,,0,,0,,0,,0,,0,0,0,0,,1,81,78,1,10,953,Canada,951,Romania,12/07/2024,19:00,13,10,35,22,32,22,1146,TD Place,-1,NA,1,2023,06,6,Blindside Flanker,0,,0,,1000761,Hollie Davidson,1001076,Kat Roche,1001022,Luke Rogan,-1,,3,International,Y,W
2241,941540,38465,Mason Flesch,953,Canada,5890.96,5892.64,7035,2,21,18,20,15,3,Pass,169,Complete,0,,679,Short Pass,681,Left Pass,702,2nd Receiver,0,,0,,0,,0,,0,,4,4,1,0,,1,81,78,1,10,953,Canada,951,Romania,12/07/2024,19:00,13,10,35,22,32,22,1146,TD Place,-1,NA,1,2023,06,6,Blindside Flanker,0,,0,,1000761,Hollie Davidson,1001076,Kat Roche,1001022,Luke Rogan,-1,,3,International,Y,W
2242,941540,28377,Andrew Coe,953,Canada,5892.64,5892.64,7037,2,20,15,0,0,18,Collection,631,General Catch,0,,0,,0,,0,,0,,0,,0,,0,,0,,0,0,0,0,,1,81,78,1,10,953,Canada,951,Romania,12/07/2024,19:00,13,10,35,22,32,22,1146,TD Place,-1,NA,1,2023,14,14,Right Wing,0,,0,,1000761,Hollie Davidson,1001076,Kat Roche,1001022,Luke Rogan,-1,,3,International,Y,W
2243,941540,28377,Andrew Coe,953,Canada,5892.68,5894.36,7037,2,24,16,24,5,3,Pass,172,Break,0,,686,Medium Pass,681,Left Pass,703,3rd Receiver,0,,0,,0,,0,,0,,11,11,0,0,,1,81,78,1,10,953,Canada,951,Romania,12/07/2024,19:00,13,10,35,22,32,22,1146,TD Place,-1,NA,1,2023,14,14,Right Wing,0,,0,,1000761,Hollie Davidson,1001076,Kat Roche,1001022,Luke Rogan,-1,,3,International,Y,W
2244,941540,28377,Andrew Coe,953,Canada,5892.72,5892.72,7037,2,24,16,0,0,10,Attacking Qualities,527,Break Assist,0,,0,,0,,0,,0,,0,,0,,0,,0,,0,0,0,0,,1,81,78,1,10,953,Canada,951,Romania,12/07/2024,19:00,13,10,35,22,32,22,1146,TD Place,-1,NA,1,2023,14,14,Right Wing,0,,0,,1000761,Hollie Davidson,1001076,Kat Roche,1001022,Luke Rogan,-1,,3,International,Y,W
2245,941540,38501,Nic Benn,953,Canada,5894.36,5894.36,7039,2,24,5,0,0,18,Collection,631,General Catch,0,,0,,0,,0,,0,,0,,0,,0,,0,,0,0,0,0,,1,81,78,1,10,953,Canada,951,Romania,12/07/2024,19:00,13,10,35,22,32,22,1146,TD Place,-1,NA,1,2023,11,11,Left Wing,0,,0,,1000761,Hollie Davidson,1001076,Kat Roche,1001022,Luke Rogan,-1,,3,International,Y,W
2246,941540,38501,Nic Benn,953,Canada,5894.36,5896.48,7039,2,24,5,43,2,1,Carry,103,Other Carry,107,Tackled Dominant,109,Crossed Gain line,460,Dominant Contact,501,1 Tacklers Committed,704,4th Receiver,0,,0,,0,,0,,20,20,2,2,,1,81,78,1,10,953,Canada,951,Romania,12/07/2024,19:00,13,10,35,22,32,22,1146,TD Place,-1,NA,1,2023,11,11,Left Wing,0,,0,,1000761,Hollie Davidson,1001076,Kat Roche,1001022,Luke Rogan,-1,,3,International,Y,W
2247,941540,38501,Nic Benn,953,Canada,5894.40,5894.40,7039,2,30,4,0,0,10,Attacking Qualities,112,Initial Break,530,Line Break,0,,0,,0,,0,,0,,0,,0,,0,,0,0,0,0,,1,81,78,1,10,953,Canada,951,Romania,12/07/2024,19:00,13,10,35,22,32,22,1146,TD Place,-1,NA,1,2023,11,11,Left Wing,0,,0,,1000761,Hollie Davidson,1001076,Kat Roche,1001022,Luke Rogan,-1,,3,International,Y,W
2248,941540,60960,Mihai Graure,951,Romania,5895.96,5895.96,7040,2,59,65,0,0,2,Tackle,143,Cover,160,Passive,0,,475,Ineffective Tackle,708,1st Tackler,0,,0,,0,,0,,0,,0,0,0,0,,1,81,78,1,10,953,Canada,951,Romania,12/07/2024,19:00,13,10,35,22,32,22,1146,TD Place,-1,NA,1,2023,13,13,Outside Centre,0,,0,,1000761,Hollie Davidson,1001076,Kat Roche,1001022,Luke Rogan,-1,,3,International,N,L
2249,941540,38501,Nic Benn,953,Canada,5896.48,5899.76,7041,2,43,2,0,0,23,Ruck,0,,401,Won Outright,551,N/A Gainline,555,3-4 Seconds,668,Tight Right Open Movement Ruck,0,,0,,0,,0,,0,,0,0,0,2,,1,81,78,1,10,953,Canada,951,Romania,12/07/2024,19:00,13,10,35,22,32,22,1146,TD Place,-1,NA,1,2023,11,11,Left Wing,0,,0,,1000761,Hollie Davidson,1001076,Kat Roche,1001022,Luke Rogan,-1,,3,International,Y,W
2250,941540,28377,Andrew Coe,953,Canada,5898.80,5898.80,7043,2,43,2,0,0,43,Ruck OOA,573,Failed Clearout,583,Own Team 1st Entry,588,OOA Entry 1st Entry- Att,632,Attacking OOA,0,1,0,,0,,0,,0,,0,,0,0,0,0,,1,81,78,1,10,953,Canada,951,Romania,12/07/2024,19:00,13,10,35,22,32,22,1146,TD Place,-1,NA,1,2023,14,14,Right Wing,0,,0,,1000761,Hollie Davidson,1001076,Kat Roche,1001022,Luke Rogan,-1,,3,International,Y,W
2251,941540,27747,Hinckley Vaovasa,951,Romania,5898.84,5898.84,7043,2,57,66,0,0,43,Ruck OOA,576,Nuisance,583,Own Team 1st Entry,603,OOA Entry 1st Entry- Def,633,Defensive OOA,0,1,0,,0,,0,,0,,0,,0,0,0,0,,1,81,78,1,10,953,Canada,951,Romania,12/07/2024,19:00,13,10,35,22,32,22,1146,TD Place,-1,NA,1,2023,10,10,Fly Half,0,,0,,1000761,Hollie Davidson,1001076,Kat Roche,1001022,Luke Rogan,-1,,3,International,N,L
2252,941540,40389,Jason Tomane,951,Romania,5898.96,5898.96,7043,2,57,66,0,0,43,Ruck OOA,576,Nuisance,584,Own Team 2nd Entry,604,OOA Entry 2nd Entry- Def,633,Defensive OOA,0,2,0,,0,,0,,0,,0,,0,0,0,0,,1,81,78,1,10,953,Canada,951,Romania,12/07/2024,19:00,13,10,35,22,32,22,1146,TD Place,-1,NA,1,2023,12,12,Inside Centre,0,,0,,1000761,Hollie Davidson,1001076,Kat Roche,1001022,Luke Rogan,-1,,3,International,N,L
2253,941540,28377,Andrew Coe,953,Canada,5899.76,5899.76,7044,2,43,2,0,0,18,Collection,631,General Catch,0,,0,,0,,0,,0,,0,,0,,0,,0,,0,0,0,0,,2,81,78,1,10,953,Canada,951,Romania,12/07/2024,19:00,13,10,35,22,32,22,1146,TD Place,-1,NA,1,2023,14,14,Right Wing,0,,0,,1000761,Hollie Davidson,1001076,Kat Roche,1001022,Luke Rogan,-1,,3,International,Y,W
2254,941540,28377,Andrew Coe,953,Canada,5900.36,5904.00,7045,2,43,4,0,0,23,Ruck,0,,401,Won Outright,550,Equal to Previous  Gainline,555,3-4 Seconds,664,Close Right Open Movement Ruck,0,,0,,0,,0,,0,,0,0,3,6,,2,81,78,1,10,953,Canada,951,Romania,12/07/2024,19:00,13,10,35,22,32,22,1146,TD Place,-1,NA,1,2023,14,14,Right Wing,0,,0,,1000761,Hollie Davidson,1001076,Kat Roche,1001022,Luke Rogan,-1,,3,International,Y,W
2255,941540,60960,Mihai Graure,951,Romania,5901.08,5901.08,7045,2,57,64,0,0,43,Ruck OOA,578,Got Cleaned Out,583,Own Team 1st Entry,603,OOA Entry 1st Entry- Def,633,Defensive OOA,0,1,0,,0,,0,,0,,0,,0,0,0,0,,2,81,78,1,10,953,Canada,951,Romania,12/07/2024,19:00,13,10,35,22,32,22,1146,TD Place,-1,NA,1,2023,13,13,Outside Centre,0,,0,,1000761,Hollie Davidson,1001076,Kat Roche,1001022,Luke Rogan,-1,,3,International,N,L
2256,941540,64048,Talon McMullin,953,Canada,5901.44,5901.44,7046,2,43,4,0,0,43,Ruck OOA,572,Cleaned Out,583,Own Team 1st Entry,588,OOA Entry 1st Entry- Att,632,Attacking OOA,0,1,0,,0,,0,,0,,0,,0,0,0,0,,2,81,78,1,10,953,Canada,951,Romania,12/07/2024,19:00,13,10,35,22,32,22,1146,TD Place,-1,NA,1,2023,12,12,Inside Centre,0,,0,,1000761,Hollie Davidson,1001076,Kat Roche,1001022,Luke Rogan,-1,,3,International,Y,W
2257,941540,38465,Mason Flesch,953,Canada,5903.24,5903.24,7048,2,43,4,0,0,43,Ruck OOA,572,Cleaned Out,584,Own Team 2nd Entry,589,OOA Entry 2nd Entry- Att,632,Attacking OOA,0,2,0,,0,,0,,0,,0,,0,0,0,0,,2,81,78,1,10,953,Canada,951,Romania,12/07/2024,19:00,13,10,35,22,32,22,1146,TD Place,-1,NA,1,2023,06,6,Blindside Flanker,0,,0,,1000761,Hollie Davidson,1001076,Kat Roche,1001022,Luke Rogan,-1,,3,International,Y,W
2258,941540,38159,Jason Higgins,953,Canada,5904.00,5904.00,7048,2,43,4,0,0,18,Collection,631,General Catch,0,,0,,0,,0,,0,,0,,0,,0,,0,,0,0,0,0,,3,81,78,1,10,953,Canada,951,Romania,12/07/2024,19:00,13,10,35,22,32,22,1146,TD Place,-1,NA,1,2023,09,9,Scrum Half,0,,0,,1000761,Hollie Davidson,1001076,Kat Roche,1001022,Luke Rogan,-1,,3,International,Y,W
2259,941540,38159,Jason Higgins,953,Canada,5904.00,5904.00,7048,2,43,4,0,0,47,Playmaker Options,671,Halfback at Breakdown,675,Playmaker Option - Pass,0,,0,,0,,0,,0,,0,,0,,0,,0,0,0,0,,3,81,78,1,10,953,Canada,951,Romania,12/07/2024,19:00,13,10,35,22,32,22,1146,TD Place,-1,NA,1,2023,09,9,Scrum Half,0,,0,,1000761,Hollie Davidson,1001076,Kat Roche,1001022,Luke Rogan,-1,,3,International,Y,W
2260,941540,38159,Jason Higgins,953,Canada,5904.52,5905.76,7049,2,43,4,42,12,3,Pass,169,Complete,0,,686,Medium Pass,682,Right Pass,700,0th Receiver,0,,0,,0,,0,,0,,8,8,1,0,,3,81,78,1,10,953,Canada,951,Romania,12/07/2024,19:00,13,10,35,22,32,22,1146,TD Place,-1,NA,1,2023,09,9,Scrum Half,0,,0,,1000761,Hollie Davidson,1001076,Kat Roche,1001022,Luke Rogan,-1,,3,International,Y,W
2261,941540,59972,Sion Parry,953,Canada,5905.76,5905.76,7050,2,42,12,0,0,18,Collection,631,General Catch,0,,0,,0,,0,,0,,0,,0,,0,,0,,0,0,0,0,,3,81,78,1,10,953,Canada,951,Romania,12/07/2024,19:00,13,10,35,22,32,22,1146,TD Place,-1,NA,1,2023,20,7,Openside Flanker,0,,0,,1000761,Hollie Davidson,1001076,Kat Roche,1001022,Luke Rogan,-1,,3,International,Y,W
2262,941540,59972,Sion Parry,953,Canada,5905.76,5905.76,7050,2,42,12,0,0,47,Playmaker Options,656,First Receiver,673,Playmaker Option - Carry,0,,0,,0,,0,,0,,0,,0,,0,,0,0,0,0,,3,81,78,1,10,953,Canada,951,Romania,12/07/2024,19:00,13,10,35,22,32,22,1146,TD Place,-1,NA,1,2023,20,7,Openside Flanker,0,,0,,1000761,Hollie Davidson,1001076,Kat Roche,1001022,Luke Rogan,-1,,3,International,Y,W
2263,941540,59972,Sion Parry,953,Canada,5905.76,5906.80,7050,2,42,12,46,10,1,Carry,101,One Out Drive,108,Tackled Neutral,109,Crossed Gain line,461,Neutral Contact,502,2 Tacklers Committed,701,1st Receiver,0,,0,,0,,0,,3,4,1,1,,3,81,78,1,10,953,Canada,951,Romania,12/07/2024,19:00,13,10,35,22,32,22,1146,TD Place,-1,NA,1,2023,20,7,Openside Flanker,0,,0,,1000761,Hollie Davidson,1001076,Kat Roche,1001022,Luke Rogan,-1,,3,International,Y,W
2264,941540,38195,Rob Irimescu,951,Romania,5906.16,5906.16,7051,2,55,58,0,0,2,Tackle,144,Line,153,Complete,0,,474,Neutral Tackle,708,1st Tackler,0,,0,,0,,0,,0,,0,0,0,0,,3,81,78,1,10,953,Canada,951,Romania,12/07/2024,19:00,13,10,35,22,32,22,1146,TD Place,-1,NA,1,2023,16,2,Hooker,0,,0,,1000761,Hollie Davidson,1001076,Kat Roche,1001022,Luke Rogan,-1,,3,International,N,L
2265,941540,29316,Nicolaas Immelman,951,Romania,5906.36,5906.36,7051,2,55,58,0,0,2,Tackle,144,Line,153,Complete,441,Assist,474,Neutral Tackle,709,2nd Tackler,0,,0,,0,,0,,0,,0,0,0,0,,3,81,78,1,10,953,Canada,951,Romania,12/07/2024,19:00,13,10,35,22,32,22,1146,TD Place,-1,NA,1,2023,08,8,Number 8,0,,0,,1000761,Hollie Davidson,1001076,Kat Roche,1001022,Luke Rogan,-1,,3,International,N,L
2266,941540,59972,Sion Parry,953,Canada,5906.80,5908.12,7051,2,46,10,0,0,23,Ruck,0,,404,Penalty Conceded,548,Over Previous Gainline,559,N/A Ruck Speed,676,N/A Movement Ruck,0,,0,,0,,0,,0,,0,0,0,0,,3,81,78,1,10,953,Canada,951,Romania,12/07/2024,19:00,13,10,35,22,32,22,1146,TD Place,-1,NA,1,2023,20,7,Openside Flanker,0,,0,,1000761,Hollie Davidson,1001076,Kat Roche,1001022,Luke Rogan,-1,,3,International,Y,W
2267,941540,0,,951,Romania,5876.28,5908.12,7052,2,49,33,54,58,26,Sequences,307,50m Restart,319,Pen Con,0,,0,,0,,0,,0,,0,,0,,0,,5,0,0,0,,3,81,78,1,10,953,Canada,951,Romania,12/07/2024,19:00,13,10,35,22,32,22,1146,TD Place,-1,NA,1,2023,,,,0,,0,,1000761,Hollie Davidson,1001076,Kat Roche,1001022,Luke Rogan,-1,,3,International,N,L
2268,941540,0,,953,Canada,5888.60,5908.12,7052,2,23,38,46,10,15,Possession,308,Turnover Won,319,Pen Con,112,Initial Break,684,Fails to enter into Opposition 22,0,,0,,0,,0,,0,,0,,24,0,0,0,,3,81,78,1,10,953,Canada,951,Romania,12/07/2024,19:00,13,10,35,22,32,22,1146,TD Place,-1,NA,1,2023,,,,0,,0,,1000761,Hollie Davidson,1001076,Kat Roche,1001022,Luke Rogan,-1,,3,International,Y,W
2269,941540,27410,Cole Keith,953,Canada,5907.28,5907.28,7052,2,46,10,0,0,43,Ruck OOA,574,Secured,583,Own Team 1st Entry,588,OOA Entry 1st Entry- Att,632,Attacking OOA,0,1,0,,0,,0,,0,,0,,0,0,0,0,,3,81,78,1,10,953,Canada,951,Romania,12/07/2024,19:00,13,10,35,22,32,22,1146,TD Place,-1,NA,1,2023,18,3,Tighthead Prop,0,,0,,1000761,Hollie Davidson,1001076,Kat Roche,1001022,Luke Rogan,-1,,3,International,Y,W
2270,941540,63895,Yanis Horvat,951,Romania,5907.32,5907.32,7052,2,54,58,0,0,43,Ruck OOA,577,Not Clearing,583,Own Team 1st Entry,603,OOA Entry 1st Entry- Def,633,Defensive OOA,0,1,0,,0,,0,,0,,0,,0,0,0,0,,3,81,78,1,10,953,Canada,951,Romania,12/07/2024,19:00,13,10,35,22,32,22,1146,TD Place,-1,NA,1,2023,04,4,Lock (4),0,,0,,1000761,Hollie Davidson,1001076,Kat Roche,1001022,Luke Rogan,-1,,3,International,N,L
2271,941540,27090,Conor Keys,953,Canada,5907.64,5907.64,7052,2,46,10,0,0,43,Ruck OOA,581,Penalty Conceded,584,Own Team 2nd Entry,589,OOA Entry 2nd Entry- Att,632,Attacking OOA,0,2,0,,0,,0,,0,,0,,0,0,0,0,,3,81,78,1,10,953,Canada,951,Romania,12/07/2024,19:00,13,10,35,22,32,22,1146,TD Place,-1,NA,1,2023,04,4,Lock (4),0,,0,,1000761,Hollie Davidson,1001076,Kat Roche,1001022,Luke Rogan,-1,,3,International,Y,W
2272,941540,27090,Conor Keys,953,Canada,5907.96,5907.96,7052,2,46,10,0,0,7,Penalty Conceded,421,Wrong Side at Ruck,236,No Action,214,Offence,233,Full Penalty,0,,0,,0,,0,,0,,0,,0,0,0,0,,3,81,78,1,10,953,Canada,951,Romania,12/07/2024,19:00,13,10,35,22,32,22,1146,TD Place,-1,NA,1,2023,04,4,Lock (4),0,,0,,1000761,Hollie Davidson,1001076,Kat Roche,1001022,Luke Rogan,-1,,3,International,Y,W
2273,941540,27035,Marius Simionescu,951,Romania,5929.72,5931.96,7114,2,55,58,85,68,4,Kick,347,Touch Kick,193,Kick in Touch (Full),148,Penalty Kick,0,,0,,0,,0,,0,,0,,0,,30,32,0,0,,1,81,79,1,10,953,Canada,951,Romania,12/07/2024,19:00,13,10,35,22,32,22,1146,TD Place,-1,NA,1,2023,14,14,Right Wing,0,,0,,1000761,Hollie Davidson,1001076,Kat Roche,1001022,Luke Rogan,-1,,3,International,N,L
2274,941540,0,,951,Romania,5929.72,5931.96,7116,2,55,58,85,68,26,Sequences,780,Penalty Kick Touch,415,Own Lineout,0,,0,,0,,0,,0,,0,,0,,0,,30,0,0,0,,1,81,79,1,10,953,Canada,951,Romania,12/07/2024,19:00,13,10,35,22,32,22,1146,TD Place,-1,NA,1,2023,,,,0,,0,,1000761,Hollie Davidson,1001076,Kat Roche,1001022,Luke Rogan,-1,,3,International,N,L
2275,941540,38195,Rob Irimescu,951,Romania,5961.36,5962.36,7146,2,86,68,86,59,6,Lineout Throw,371,Throw Front,376,Won Clean Catch,207,Catch and Drive,0,7+1,676,N/A Movement Lineout,732,7 Players,725,Forward at Halfback (+1),0,,0,,0,,9,0,0,0,,1,82,80,1,10,953,Canada,951,Romania,12/07/2024,19:00,13,10,35,22,32,22,1146,TD Place,-1,NA,1,2023,16,2,Hooker,0,,0,,1000761,Hollie Davidson,1001076,Kat Roche,1001022,Luke Rogan,-1,,3,International,N,L
2276,941540,0,,951,Romania,5961.36,6055.12,7146,2,86,68,98,4,46,Attacking 22 Entry,646,22 Entry Outcome - Turnover,0,,0,,0,,0,,0,,0,,0,,0,,0,,0,0,0,0,,1,82,80,1,10,953,Canada,951,Romania,12/07/2024,19:00,13,10,35,22,32,22,1146,TD Place,-1,NA,1,2023,,,,0,,0,,1000761,Hollie Davidson,1001076,Kat Roche,1001022,Luke Rogan,-1,,3,International,N,L
2277,941540,27028,Marius Iftimiciuc,951,Romania,5962.36,5962.36,7147,2,86,59,0,0,27,Lineout Take,386,Lineout Win Front,376,Won Clean,207,Catch and Drive,396,Clean Catch,0,,0,,0,,0,,0,,0,,0,0,0,0,,1,82,80,1,10,953,Canada,951,Romania,12/07/2024,19:00,13,10,35,22,32,22,1146,TD Place,-1,NA,1,2023,19,5,Lock (5),0,,0,,1000761,Hollie Davidson,1001076,Kat Roche,1001022,Luke Rogan,-1,,3,International,N,L
2278,941540,27028,Marius Iftimiciuc,951,Romania,5963.04,5972.80,7147,2,86,59,0,0,24,Maul,0,,401,Won Outright,0,,0,,670,Tight Right Blindside Movement Maul,0,,0,,0,,0,,0,,2,2,10,1,,1,82,80,1,10,953,Canada,951,Romania,12/07/2024,19:00,13,10,35,22,32,22,1146,TD Place,-1,NA,1,2023,19,5,Lock (5),0,,0,,1000761,Hollie Davidson,1001076,Kat Roche,1001022,Luke Rogan,-1,,3,International,N,L
2279,941540,33152,Gabriel Rupanu,951,Romania,5972.80,5972.80,7157,2,88,57,0,0,18,Collection,631,General Catch,0,,0,,0,,0,,0,,0,,0,,0,,0,,0,0,0,0,,1,82,80,1,10,953,Canada,951,Romania,12/07/2024,19:00,13,10,35,22,32,22,1146,TD Place,-1,NA,1,2023,21,9,Scrum Half,0,,0,,1000761,Hollie Davidson,1001076,Kat Roche,1001022,Luke Rogan,-1,,3,International,N,L
2280,941540,33152,Gabriel Rupanu,951,Romania,5972.80,5972.80,7157,2,88,57,0,0,47,Playmaker Options,671,Halfback at Breakdown,675,Playmaker Option - Pass,0,,0,,0,,0,,0,,0,,0,,0,,0,0,0,0,,1,82,80,1,10,953,Canada,951,Romania,12/07/2024,19:00,13,10,35,22,32,22,1146,TD Place,-1,NA,1,2023,21,9,Scrum Half,0,,0,,1000761,Hollie Davidson,1001076,Kat Roche,1001022,Luke Rogan,-1,,3,International,N,L
2281,941540,33152,Gabriel Rupanu,951,Romania,5972.84,5974.68,7157,2,88,57,87,45,3,Pass,169,Complete,0,,686,Medium Pass,681,Left Pass,700,0th Receiver,0,,0,,0,,0,,0,,12,12,1,0,,1,82,80,1,10,953,Canada,951,Romania,12/07/2024,19:00,13,10,35,22,32,22,1146,TD Place,-1,NA,1,2023,21,9,Scrum Half,0,,0,,1000761,Hollie Davidson,1001076,Kat Roche,1001022,Luke Rogan,-1,,3,International,N,L
2282,941540,40389,Jason Tomane,951,Romania,5974.68,5974.68,7159,2,87,45,0,0,18,Collection,631,General Catch,0,,0,,0,,0,,0,,0,,0,,0,,0,,0,0,0,0,,1,82,80,1,10,953,Canada,951,Romania,12/07/2024,19:00,13,10,35,22,32,22,1146,TD Place,-1,NA,1,2023,12,12,Inside Centre,0,,0,,1000761,Hollie Davidson,1001076,Kat Roche,1001022,Luke Rogan,-1,,3,International,N,L
2283,941540,40389,Jason Tomane,951,Romania,5974.68,5974.68,7159,2,87,45,0,0,47,Playmaker Options,656,First Receiver,673,Playmaker Option - Carry,0,,0,,0,,0,,0,,0,,0,,0,,0,0,0,0,,1,82,80,1,10,953,Canada,951,Romania,12/07/2024,19:00,13,10,35,22,32,22,1146,TD Place,-1,NA,1,2023,12,12,Inside Centre,0,,0,,1000761,Hollie Davidson,1001076,Kat Roche,1001022,Luke Rogan,-1,,3,International,N,L
2284,941540,40389,Jason Tomane,951,Romania,5974.68,5979.96,7159,2,87,45,98,58,1,Carry,101,One Out Drive,108,Tackled Neutral,109,Crossed Gain line,461,Neutral Contact,504,4+ Tacklers Committed,701,1st Receiver,0,,0,,0,,0,,10,11,8,1,,1,82,80,1,10,953,Canada,951,Romania,12/07/2024,19:00,13,10,35,22,32,22,1146,TD Place,-1,NA,1,2023,12,12,Inside Centre,0,,0,,1000761,Hollie Davidson,1001076,Kat Roche,1001022,Luke Rogan,-1,,3,International,N,L
2285,941540,64048,Talon McMullin,953,Canada,5975.20,5975.20,7200,2,11,20,0,0,2,Tackle,144,Line,161,Missed,0,,475,Ineffective Tackle,708,1st Tackler,0,,0,,0,,0,,0,,0,0,0,0,,1,82,80,1,10,953,Canada,951,Romania,12/07/2024,19:00,13,10,35,22,32,22,1146,TD Place,-1,NA,1,2023,12,12,Inside Centre,0,,0,,1000761,Hollie Davidson,1001076,Kat Roche,1001022,Luke Rogan,-1,,3,International,Y,W
2286,941540,64048,Talon McMullin,953,Canada,5975.20,5975.20,7200,2,11,20,0,0,12,Missed Tackle,162,Bumped Off,166,Tackled,0,,0,,0,,0,,0,,0,,0,,0,,0,0,0,0,,1,82,80,1,10,953,Canada,951,Romania,12/07/2024,19:00,13,10,35,22,32,22,1146,TD Place,-1,NA,1,2023,12,12,Inside Centre,0,,0,,1000761,Hollie Davidson,1001076,Kat Roche,1001022,Luke Rogan,-1,,3,International,Y,W
2287,941540,40389,Jason Tomane,951,Romania,5975.24,5975.24,7200,2,90,48,0,0,10,Attacking Qualities,116,Defender Beaten,0,,0,,0,,0,,0,,0,,0,,0,,0,,0,0,0,0,,1,82,80,1,10,953,Canada,951,Romania,12/07/2024,19:00,13,10,35,22,32,22,1146,TD Place,-1,NA,1,2023,12,12,Inside Centre,0,,0,,1000761,Hollie Davidson,1001076,Kat Roche,1001022,Luke Rogan,-1,,3,International,N,L
2288,941540,38465,Mason Flesch,953,Canada,5977.48,5977.48,7202,2,9,16,0,0,2,Tackle,147,Other,161,Missed,441,Assist,475,Ineffective Tackle,709,2nd Tackler,0,,0,,0,,0,,0,,0,0,0,0,,1,82,80,1,10,953,Canada,951,Romania,12/07/2024,19:00,13,10,35,22,32,22,1146,TD Place,-1,NA,1,2023,06,6,Blindside Flanker,0,,0,,1000761,Hollie Davidson,1001076,Kat Roche,1001022,Luke Rogan,-1,,3,International,Y,W
2289,941540,38465,Mason Flesch,953,Canada,5977.48,5977.48,7202,2,9,16,0,0,12,Missed Tackle,162,Bumped Off,166,Tackled,0,,0,,0,,0,,0,,0,,0,,0,,0,0,0,0,,1,82,80,1,10,953,Canada,951,Romania,12/07/2024,19:00,13,10,35,22,32,22,1146,TD Place,-1,NA,1,2023,06,6,Blindside Flanker,0,,0,,1000761,Hollie Davidson,1001076,Kat Roche,1001022,Luke Rogan,-1,,3,International,Y,W
2290,941540,40389,Jason Tomane,951,Romania,5977.52,5977.52,7202,2,91,52,0,0,10,Attacking Qualities,116,Defender Beaten,0,,0,,0,,0,,0,,0,,0,,0,,0,,0,0,0,0,,1,82,80,1,10,953,Canada,951,Romania,12/07/2024,19:00,13,10,35,22,32,22,1146,TD Place,-1,NA,1,2023,12,12,Inside Centre,0,,0,,1000761,Hollie Davidson,1001076,Kat Roche,1001022,Luke Rogan,-1,,3,International,N,L
2291,941540,58656,Calixto Martinez,953,Canada,5978.32,5978.32,7203,2,7,13,0,0,2,Tackle,147,Other,161,Missed,441,Assist,475,Ineffective Tackle,710,3rd Tackler,0,,0,,0,,0,,0,,0,0,0,0,,1,82,80,1,10,953,Canada,951,Romania,12/07/2024,19:00,13,10,35,22,32,22,1146,TD Place,-1,NA,1,2023,17,1,Loosehead Prop,0,,0,,1000761,Hollie Davidson,1001076,Kat Roche,1001022,Luke Rogan,-1,,3,International,Y,W
2292,941540,58656,Calixto Martinez,953,Canada,5978.32,5978.32,7203,2,7,13,0,0,12,Missed Tackle,162,Bumped Off,166,Tackled,0,,0,,0,,0,,0,,0,,0,,0,,0,0,0,0,,1,82,80,1,10,953,Canada,951,Romania,12/07/2024,19:00,13,10,35,22,32,22,1146,TD Place,-1,NA,1,2023,17,1,Loosehead Prop,0,,0,,1000761,Hollie Davidson,1001076,Kat Roche,1001022,Luke Rogan,-1,,3,International,Y,W
2293,941540,40389,Jason Tomane,951,Romania,5978.36,5978.36,7203,2,93,55,0,0,10,Attacking Qualities,116,Defender Beaten,0,,0,,0,,0,,0,,0,,0,,0,,0,,0,0,0,0,,1,82,80,1,10,953,Canada,951,Romania,12/07/2024,19:00,13,10,35,22,32,22,1146,TD Place,-1,NA,1,2023,12,12,Inside Centre,0,,0,,1000761,Hollie Davidson,1001076,Kat Roche,1001022,Luke Rogan,-1,,3,International,N,L
2294,941540,25189,Andrew Quattrin,953,Canada,5979.04,5979.04,7203,2,3,11,0,0,2,Tackle,147,Other,153,Complete,441,Assist,474,Neutral Tackle,711,4th Tackler,0,,0,,0,,0,,0,,0,0,0,0,,1,82,80,1,10,953,Canada,951,Romania,12/07/2024,19:00,13,10,35,22,32,22,1146,TD Place,-1,NA,1,2023,02,2,Hooker,0,,0,,1000761,Hollie Davidson,1001076,Kat Roche,1001022,Luke Rogan,-1,,3,International,Y,W
2295,941540,59972,Sion Parry,953,Canada,5979.64,5979.64,7204,2,3,11,0,0,2,Tackle,144,Line,153,Complete,441,Assist,474,Neutral Tackle,712,5th+ Tackler,0,,0,,0,,0,,0,,0,0,0,0,,1,82,80,1,10,953,Canada,951,Romania,12/07/2024,19:00,13,10,35,22,32,22,1146,TD Place,-1,NA,1,2023,20,7,Openside Flanker,0,,0,,1000761,Hollie Davidson,1001076,Kat Roche,1001022,Luke Rogan,-1,,3,International,Y,W
2296,941540,40389,Jason Tomane,951,Romania,5979.96,5983.52,7204,2,98,58,0,0,23,Ruck,0,,401,Won Outright,548,Over Previous Gainline,555,3-4 Seconds,670,Tight Right Blindside Movement Ruck,0,,0,,0,,0,,0,,0,0,1,2,,1,82,80,1,10,953,Canada,951,Romania,12/07/2024,19:00,13,10,35,22,32,22,1146,TD Place,-1,NA,1,2023,12,12,Inside Centre,0,,0,,1000761,Hollie Davidson,1001076,Kat Roche,1001022,Luke Rogan,-1,,3,International,N,L
2297,941540,59972,Sion Parry,953,Canada,5980.44,5980.44,7205,2,2,10,0,0,43,Ruck OOA,578,Got Cleaned Out,583,Own Team 1st Entry,603,OOA Entry 1st Entry- Def,633,Defensive OOA,0,1,0,,0,,0,,0,,0,,0,0,0,0,,1,82,80,1,10,953,Canada,951,Romania,12/07/2024,19:00,13,10,35,22,32,22,1146,TD Place,-1,NA,1,2023,20,7,Openside Flanker,0,,0,,1000761,Hollie Davidson,1001076,Kat Roche,1001022,Luke Rogan,-1,,3,International,Y,W
2298,941540,29316,Nicolaas Immelman,951,Romania,5981.12,5981.12,7205,2,98,58,0,0,43,Ruck OOA,572,Cleaned Out,583,Own Team 1st Entry,588,OOA Entry 1st Entry- Att,632,Attacking OOA,0,1,0,,0,,0,,0,,0,,0,0,0,0,,1,82,80,1,10,953,Canada,951,Romania,12/07/2024,19:00,13,10,35,22,32,22,1146,TD Place,-1,NA,1,2023,08,8,Number 8,0,,0,,1000761,Hollie Davidson,1001076,Kat Roche,1001022,Luke Rogan,-1,,3,International,N,L
2299,941540,27028,Marius Iftimiciuc,951,Romania,5981.32,5981.32,7206,2,98,58,0,0,43,Ruck OOA,574,Secured,584,Own Team 2nd Entry,589,OOA Entry 2nd Entry- Att,632,Attacking OOA,0,2,0,,0,,0,,0,,0,,0,0,0,0,,1,82,80,1,10,953,Canada,951,Romania,12/07/2024,19:00,13,10,35,22,32,22,1146,TD Place,-1,NA,1,2023,19,5,Lock (5),0,,0,,1000761,Hollie Davidson,1001076,Kat Roche,1001022,Luke Rogan,-1,,3,International,N,L
2300,941540,63895,Yanis Horvat,951,Romania,5983.04,5983.04,7207,2,98,58,0,0,43,Ruck OOA,575,Attended,585,Own Team 3rd Entry,590,OOA Entry 3rd Entry- Att,632,Attacking OOA,0,3,0,,0,,0,,0,,0,,0,0,0,0,,1,82,80,1,10,953,Canada,951,Romania,12/07/2024,19:00,13,10,35,22,32,22,1146,TD Place,-1,NA,1,2023,04,4,Lock (4),0,,0,,1000761,Hollie Davidson,1001076,Kat Roche,1001022,Luke Rogan,-1,,3,International,N,L
2301,941540,27535,Alexandru Savin,951,Romania,5983.52,5983.52,7208,2,98,58,0,0,18,Collection,631,General Catch,0,,0,,0,,0,,0,,0,,0,,0,,0,,0,0,0,0,,2,82,80,1,10,953,Canada,951,Romania,12/07/2024,19:00,13,10,35,22,32,22,1146,TD Place,-1,NA,1,2023,17,1,Loosehead Prop,0,,0,,1000761,Hollie Davidson,1001076,Kat Roche,1001022,Luke Rogan,-1,,3,International,N,L
2302,941540,27535,Alexandru Savin,951,Romania,5983.52,5983.52,7208,2,98,58,0,0,47,Playmaker Options,672,Acting Halfback at Breakdown,673,Playmaker Option - Carry,0,,0,,0,,0,,0,,0,,0,,0,,0,0,0,0,,2,82,80,1,10,953,Canada,951,Romania,12/07/2024,19:00,13,10,35,22,32,22,1146,TD Place,-1,NA,1,2023,17,1,Loosehead Prop,0,,0,,1000761,Hollie Davidson,1001076,Kat Roche,1001022,Luke Rogan,-1,,3,International,N,L
2303,941540,27535,Alexandru Savin,951,Romania,5983.52,5985.88,7208,2,98,58,99,59,1,Carry,102,Pick and Go,108,Tackled Neutral,109,Crossed Gain line,461,Neutral Contact,502,2 Tacklers Committed,700,0th Receiver,0,,0,,0,,0,,1,1,1,1,,2,82,80,1,10,953,Canada,951,Romania,12/07/2024,19:00,13,10,35,22,32,22,1146,TD Place,-1,NA,1,2023,17,1,Loosehead Prop,0,,0,,1000761,Hollie Davidson,1001076,Kat Roche,1001022,Luke Rogan,-1,,3,International,N,L
2304,941540,25183,Lucas Rumball,953,Canada,5983.96,5983.96,7208,2,2,9,0,0,2,Tackle,144,Line,153,Complete,0,,474,Neutral Tackle,708,1st Tackler,0,,0,,0,,0,,0,,0,0,0,0,,2,82,80,1,10,953,Canada,951,Romania,12/07/2024,19:00,13,10,35,22,32,22,1146,TD Place,-1,NA,1,2023,08,8,Number 8,0,,0,,1000761,Hollie Davidson,1001076,Kat Roche,1001022,Luke Rogan,-1,,3,International,Y,W
2305,941540,27410,Cole Keith,953,Canada,5984.72,5984.72,7209,2,2,9,0,0,2,Tackle,145,Guard,153,Complete,441,Assist,474,Neutral Tackle,709,2nd Tackler,0,,0,,0,,0,,0,,0,0,0,0,,2,82,80,1,10,953,Canada,951,Romania,12/07/2024,19:00,13,10,35,22,32,22,1146,TD Place,-1,NA,1,2023,18,3,Tighthead Prop,0,,0,,1000761,Hollie Davidson,1001076,Kat Roche,1001022,Luke Rogan,-1,,3,International,Y,W
2306,941540,27535,Alexandru Savin,951,Romania,5985.88,5990.88,7210,2,99,59,0,0,23,Ruck,0,,401,Won Outright,548,Over Previous Gainline,556,4-5 Seconds,676,N/A Movement Ruck,0,,0,,0,,0,,0,,0,0,0,0,,2,82,80,1,10,953,Canada,951,Romania,12/07/2024,19:00,13,10,35,22,32,22,1146,TD Place,-1,NA,1,2023,17,1,Loosehead Prop,0,,0,,1000761,Hollie Davidson,1001076,Kat Roche,1001022,Luke Rogan,-1,,3,International,N,L
2307,941540,27028,Marius Iftimiciuc,951,Romania,5990.88,5990.88,7215,2,99,59,0,0,18,Collection,631,General Catch,0,,0,,0,,0,,0,,0,,0,,0,,0,,0,0,0,0,,3,82,80,1,10,953,Canada,951,Romania,12/07/2024,19:00,13,10,35,22,32,22,1146,TD Place,-1,NA,1,2023,19,5,Lock (5),0,,0,,1000761,Hollie Davidson,1001076,Kat Roche,1001022,Luke Rogan,-1,,3,International,N,L
2308,941540,27028,Marius Iftimiciuc,951,Romania,5990.88,5990.88,7215,2,99,59,0,0,47,Playmaker Options,672,Acting Halfback at Breakdown,673,Playmaker Option - Carry,0,,0,,0,,0,,0,,0,,0,,0,,0,0,0,0,,3,82,80,1,10,953,Canada,951,Romania,12/07/2024,19:00,13,10,35,22,32,22,1146,TD Place,-1,NA,1,2023,19,5,Lock (5),0,,0,,1000761,Hollie Davidson,1001076,Kat Roche,1001022,Luke Rogan,-1,,3,International,N,L
2309,941540,27028,Marius Iftimiciuc,951,Romania,5990.88,5993.12,7215,2,99,59,99,59,1,Carry,102,Pick and Go,108,Tackled Neutral,110,Neutral Gain line,461,Neutral Contact,501,1 Tacklers Committed,700,0th Receiver,0,,0,,0,,0,,0,0,0,0,,3,82,80,1,10,953,Canada,951,Romania,12/07/2024,19:00,13,10,35,22,32,22,1146,TD Place,-1,NA,1,2023,19,5,Lock (5),0,,0,,1000761,Hollie Davidson,1001076,Kat Roche,1001022,Luke Rogan,-1,,3,International,N,L
2310,941540,59972,Sion Parry,953,Canada,5992.20,5992.20,7217,2,1,9,0,0,2,Tackle,145,Guard,153,Complete,0,,474,Neutral Tackle,708,1st Tackler,0,,0,,0,,0,,0,,0,0,0,0,,3,82,80,1,10,953,Canada,951,Romania,12/07/2024,19:00,13,10,35,22,32,22,1146,TD Place,-1,NA,1,2023,20,7,Openside Flanker,0,,0,,1000761,Hollie Davidson,1001076,Kat Roche,1001022,Luke Rogan,-1,,3,International,Y,W
2311,941540,27028,Marius Iftimiciuc,951,Romania,5993.12,6003.60,7217,2,99,59,0,0,23,Ruck,0,,401,Won Outright,550,Equal to Previous  Gainline,558,6+ Seconds,661,Mid Left Open Movement Ruck,0,,0,,0,,0,,0,,0,0,-2,17,,3,82,80,1,10,953,Canada,951,Romania,12/07/2024,19:00,13,10,35,22,32,22,1146,TD Place,-1,NA,1,2023,19,5,Lock (5),0,,0,,1000761,Hollie Davidson,1001076,Kat Roche,1001022,Luke Rogan,-1,,3,International,N,L
2312,941540,25181,Kyle Baillie,953,Canada,5994.08,5994.08,7218,2,1,9,0,0,43,Ruck OOA,577,Not Clearing,583,Own Team 1st Entry,603,OOA Entry 1st Entry- Def,633,Defensive OOA,0,1,0,,0,,0,,0,,0,,0,0,0,0,,3,82,80,1,10,953,Canada,951,Romania,12/07/2024,19:00,13,10,35,22,32,22,1146,TD Place,-1,NA,1,2023,05,5,Lock (5),0,,0,,1000761,Hollie Davidson,1001076,Kat Roche,1001022,Luke Rogan,-1,,3,International,Y,W
2313,941540,63895,Yanis Horvat,951,Romania,5995.56,5995.56,7220,2,99,59,0,0,43,Ruck OOA,574,Secured,583,Own Team 1st Entry,588,OOA Entry 1st Entry- Att,632,Attacking OOA,0,1,0,,0,,0,,0,,0,,0,0,0,0,,3,82,80,1,10,953,Canada,951,Romania,12/07/2024,19:00,13,10,35,22,32,22,1146,TD Place,-1,NA,1,2023,04,4,Lock (4),0,,0,,1000761,Hollie Davidson,1001076,Kat Roche,1001022,Luke Rogan,-1,,3,International,N,L
2314,941540,34102,Vasile Balan,951,Romania,5995.60,5995.60,7220,2,99,59,0,0,43,Ruck OOA,574,Secured,584,Own Team 2nd Entry,589,OOA Entry 2nd Entry- Att,632,Attacking OOA,0,2,0,,0,,0,,0,,0,,0,0,0,0,,3,82,80,1,10,953,Canada,951,Romania,12/07/2024,19:00,13,10,35,22,32,22,1146,TD Place,-1,NA,1,2023,03,3,Tighthead Prop,0,,0,,1000761,Hollie Davidson,1001076,Kat Roche,1001022,Luke Rogan,-1,,3,International,N,L
2315,941540,33152,Gabriel Rupanu,951,Romania,6003.60,6003.60,7228,2,99,59,0,0,18,Collection,631,General Catch,0,,0,,0,,0,,0,,0,,0,,0,,0,,0,0,0,0,,4,82,80,1,10,953,Canada,951,Romania,12/07/2024,19:00,13,10,35,22,32,22,1146,TD Place,-1,NA,1,2023,21,9,Scrum Half,0,,0,,1000761,Hollie Davidson,1001076,Kat Roche,1001022,Luke Rogan,-1,,3,International,N,L
2316,941540,33152,Gabriel Rupanu,951,Romania,6003.60,6003.60,7228,2,99,59,0,0,47,Playmaker Options,671,Halfback at Breakdown,675,Playmaker Option - Pass,0,,0,,0,,0,,0,,0,,0,,0,,0,0,0,0,,4,82,80,1,10,953,Canada,951,Romania,12/07/2024,19:00,13,10,35,22,32,22,1146,TD Place,-1,NA,1,2023,21,9,Scrum Half,0,,0,,1000761,Hollie Davidson,1001076,Kat Roche,1001022,Luke Rogan,-1,,3,International,N,L
2317,941540,33152,Gabriel Rupanu,951,Romania,6003.92,6004.72,7228,2,99,59,96,51,3,Pass,169,Complete,0,,686,Medium Pass,681,Left Pass,700,0th Receiver,0,,0,,0,,0,,0,,8,8,3,0,,4,82,80,1,10,953,Canada,951,Romania,12/07/2024,19:00,13,10,35,22,32,22,1146,TD Place,-1,NA,1,2023,21,9,Scrum Half,0,,0,,1000761,Hollie Davidson,1001076,Kat Roche,1001022,Luke Rogan,-1,,3,International,N,L
2318,941540,29316,Nicolaas Immelman,951,Romania,6004.72,6004.72,7229,2,96,51,0,0,18,Collection,631,General Catch,0,,0,,0,,0,,0,,0,,0,,0,,0,,0,0,0,0,,4,82,80,1,10,953,Canada,951,Romania,12/07/2024,19:00,13,10,35,22,32,22,1146,TD Place,-1,NA,1,2023,08,8,Number 8,0,,0,,1000761,Hollie Davidson,1001076,Kat Roche,1001022,Luke Rogan,-1,,3,International,N,L
2319,941540,29316,Nicolaas Immelman,951,Romania,6004.72,6004.72,7229,2,96,51,0,0,47,Playmaker Options,656,First Receiver,675,Playmaker Option - Pass,0,,0,,0,,0,,0,,0,,0,,0,,0,0,0,0,,4,82,80,1,10,953,Canada,951,Romania,12/07/2024,19:00,13,10,35,22,32,22,1146,TD Place,-1,NA,1,2023,08,8,Number 8,0,,0,,1000761,Hollie Davidson,1001076,Kat Roche,1001022,Luke Rogan,-1,,3,International,N,L
2320,941540,29316,Nicolaas Immelman,951,Romania,6004.80,6005.72,7229,2,97,51,96,43,3,Pass,169,Complete,0,,686,Medium Pass,681,Left Pass,701,1st Receiver,0,,0,,0,,0,,0,,8,8,1,0,,4,82,80,1,10,953,Canada,951,Romania,12/07/2024,19:00,13,10,35,22,32,22,1146,TD Place,-1,NA,1,2023,08,8,Number 8,0,,0,,1000761,Hollie Davidson,1001076,Kat Roche,1001022,Luke Rogan,-1,,3,International,N,L
2321,941540,38195,Rob Irimescu,951,Romania,6005.72,6005.72,7230,2,96,43,0,0,18,Collection,631,General Catch,0,,0,,0,,0,,0,,0,,0,,0,,0,,0,0,0,0,,4,82,80,1,10,953,Canada,951,Romania,12/07/2024,19:00,13,10,35,22,32,22,1146,TD Place,-1,NA,1,2023,16,2,Hooker,0,,0,,1000761,Hollie Davidson,1001076,Kat Roche,1001022,Luke Rogan,-1,,3,International,N,L
2322,941540,38195,Rob Irimescu,951,Romania,6005.72,6005.72,7230,2,96,43,0,0,47,Playmaker Options,657,Second Receiver,673,Playmaker Option - Carry,0,,0,,0,,0,,0,,0,,0,,0,,0,0,0,0,,4,82,80,1,10,953,Canada,951,Romania,12/07/2024,19:00,13,10,35,22,32,22,1146,TD Place,-1,NA,1,2023,16,2,Hooker,0,,0,,1000761,Hollie Davidson,1001076,Kat Roche,1001022,Luke Rogan,-1,,3,International,N,L
2323,941540,38195,Rob Irimescu,951,Romania,6005.72,6006.72,7230,2,96,43,97,43,1,Carry,103,Other Carry,108,Tackled Neutral,111,Failed Gain line,461,Neutral Contact,502,2 Tacklers Committed,702,2nd Receiver,0,,0,,0,,0,,0,1,1,1,,4,82,80,1,10,953,Canada,951,Romania,12/07/2024,19:00,13,10,35,22,32,22,1146,TD Place,-1,NA,1,2023,16,2,Hooker,0,,0,,1000761,Hollie Davidson,1001076,Kat Roche,1001022,Luke Rogan,-1,,3,International,N,L
2324,941540,19391,Peter Nelson,953,Canada,6006.48,6006.48,7231,2,4,25,0,0,2,Tackle,144,Line,153,Complete,0,,474,Neutral Tackle,708,1st Tackler,0,,0,,0,,0,,0,,0,0,0,0,,4,82,80,1,10,953,Canada,951,Romania,12/07/2024,19:00,13,10,35,22,32,22,1146,TD Place,-1,NA,1,2023,10,10,Fly Half,0,,0,,1000761,Hollie Davidson,1001076,Kat Roche,1001022,Luke Rogan,-1,,3,International,Y,W
2325,941540,64048,Talon McMullin,953,Canada,6006.52,6006.52,7231,2,4,25,0,0,2,Tackle,144,Line,153,Complete,441,Assist,474,Neutral Tackle,709,2nd Tackler,0,,0,,0,,0,,0,,0,0,0,0,,4,82,80,1,10,953,Canada,951,Romania,12/07/2024,19:00,13,10,35,22,32,22,1146,TD Place,-1,NA,1,2023,12,12,Inside Centre,0,,0,,1000761,Hollie Davidson,1001076,Kat Roche,1001022,Luke Rogan,-1,,3,International,Y,W
2326,941540,38195,Rob Irimescu,951,Romania,6006.72,6008.68,7231,2,97,43,0,0,23,Ruck,0,,401,Won Outright,549,Behind Previous Gainline,553,1-2 Seconds,659,Wide Left Open Movement Ruck,0,,0,,0,,0,,0,,0,0,0,38,,4,82,80,1,10,953,Canada,951,Romania,12/07/2024,19:00,13,10,35,22,32,22,1146,TD Place,-1,NA,1,2023,16,2,Hooker,0,,0,,1000761,Hollie Davidson,1001076,Kat Roche,1001022,Luke Rogan,-1,,3,International,N,L
2327,941540,29316,Nicolaas Immelman,951,Romania,6008.60,6008.60,7233,2,97,43,0,0,43,Ruck OOA,574,Secured,583,Own Team 1st Entry,588,OOA Entry 1st Entry- Att,632,Attacking OOA,0,1,0,,0,,0,,0,,0,,0,0,0,0,,4,82,80,1,10,953,Canada,951,Romania,12/07/2024,19:00,13,10,35,22,32,22,1146,TD Place,-1,NA,1,2023,08,8,Number 8,0,,0,,1000761,Hollie Davidson,1001076,Kat Roche,1001022,Luke Rogan,-1,,3,International,N,L
2328,941540,33152,Gabriel Rupanu,951,Romania,6008.68,6008.68,7233,2,97,43,0,0,18,Collection,631,General Catch,0,,0,,0,,0,,0,,0,,0,,0,,0,,0,0,0,0,,5,82,80,1,10,953,Canada,951,Romania,12/07/2024,19:00,13,10,35,22,32,22,1146,TD Place,-1,NA,1,2023,21,9,Scrum Half,0,,0,,1000761,Hollie Davidson,1001076,Kat Roche,1001022,Luke Rogan,-1,,3,International,N,L
2329,941540,33152,Gabriel Rupanu,951,Romania,6008.68,6008.68,7233,2,97,43,0,0,47,Playmaker Options,671,Halfback at Breakdown,675,Playmaker Option - Pass,0,,0,,0,,0,,0,,0,,0,,0,,0,0,0,0,,5,82,80,1,10,953,Canada,951,Romania,12/07/2024,19:00,13,10,35,22,32,22,1146,TD Place,-1,NA,1,2023,21,9,Scrum Half,0,,0,,1000761,Hollie Davidson,1001076,Kat Roche,1001022,Luke Rogan,-1,,3,International,N,L
2330,941540,33152,Gabriel Rupanu,951,Romania,6009.36,6010.24,7234,2,97,43,92,31,3,Pass,169,Complete,0,,686,Medium Pass,681,Left Pass,700,0th Receiver,0,,0,,0,,0,,0,,12,13,5,0,,5,82,80,1,10,953,Canada,951,Romania,12/07/2024,19:00,13,10,35,22,32,22,1146,TD Place,-1,NA,1,2023,21,9,Scrum Half,0,,0,,1000761,Hollie Davidson,1001076,Kat Roche,1001022,Luke Rogan,-1,,3,International,N,L
2331,941540,27747,Hinckley Vaovasa,951,Romania,6010.24,6010.24,7235,2,92,31,0,0,18,Collection,631,General Catch,0,,0,,0,,0,,0,,0,,0,,0,,0,,0,0,0,0,,5,82,80,1,10,953,Canada,951,Romania,12/07/2024,19:00,13,10,35,22,32,22,1146,TD Place,-1,NA,1,2023,10,10,Fly Half,0,,0,,1000761,Hollie Davidson,1001076,Kat Roche,1001022,Luke Rogan,-1,,3,International,N,L
2332,941540,27747,Hinckley Vaovasa,951,Romania,6010.24,6010.24,7235,2,92,31,0,0,47,Playmaker Options,656,First Receiver,675,Playmaker Option - Pass,0,,0,,0,,0,,0,,0,,0,,0,,0,0,0,0,,5,82,80,1,10,953,Canada,951,Romania,12/07/2024,19:00,13,10,35,22,32,22,1146,TD Place,-1,NA,1,2023,10,10,Fly Half,0,,0,,1000761,Hollie Davidson,1001076,Kat Roche,1001022,Luke Rogan,-1,,3,International,N,L
2333,941540,27747,Hinckley Vaovasa,951,Romania,6010.28,6011.88,7235,2,92,31,92,24,3,Pass,169,Complete,0,,686,Medium Pass,681,Left Pass,701,1st Receiver,0,,0,,0,,0,,0,,7,7,1,0,,5,82,80,1,10,953,Canada,951,Romania,12/07/2024,19:00,13,10,35,22,32,22,1146,TD Place,-1,NA,1,2023,10,10,Fly Half,0,,0,,1000761,Hollie Davidson,1001076,Kat Roche,1001022,Luke Rogan,-1,,3,International,N,L
2334,941540,27035,Marius Simionescu,951,Romania,6011.88,6011.88,7236,2,92,24,0,0,18,Collection,631,General Catch,0,,0,,0,,0,,0,,0,,0,,0,,0,,0,0,0,0,,5,82,80,1,10,953,Canada,951,Romania,12/07/2024,19:00,13,10,35,22,32,22,1146,TD Place,-1,NA,1,2023,14,14,Right Wing,0,,0,,1000761,Hollie Davidson,1001076,Kat Roche,1001022,Luke Rogan,-1,,3,International,N,L
2335,941540,27035,Marius Simionescu,951,Romania,6011.88,6011.88,7236,2,92,24,0,0,47,Playmaker Options,657,Second Receiver,673,Playmaker Option - Carry,0,,0,,0,,0,,0,,0,,0,,0,,0,0,0,0,,5,82,80,1,10,953,Canada,951,Romania,12/07/2024,19:00,13,10,35,22,32,22,1146,TD Place,-1,NA,1,2023,14,14,Right Wing,0,,0,,1000761,Hollie Davidson,1001076,Kat Roche,1001022,Luke Rogan,-1,,3,International,N,L
2336,941540,27035,Marius Simionescu,951,Romania,6011.88,6012.88,7236,2,92,24,93,19,1,Carry,103,Other Carry,121,Pass,111,Failed Gain line,0,,500,0 Tacklers Committed,702,2nd Receiver,0,,0,,0,,0,,0,1,0,0,,5,82,80,1,10,953,Canada,951,Romania,12/07/2024,19:00,13,10,35,22,32,22,1146,TD Place,-1,NA,1,2023,14,14,Right Wing,0,,0,,1000761,Hollie Davidson,1001076,Kat Roche,1001022,Luke Rogan,-1,,3,International,N,L
2337,941540,27035,Marius Simionescu,951,Romania,6012.88,6014.44,7237,2,93,19,91,3,3,Pass,169,Complete,0,,680,Long Pass,681,Left Pass,702,2nd Receiver,0,,0,,0,,0,,0,,16,16,2,0,,5,82,80,1,10,953,Canada,951,Romania,12/07/2024,19:00,13,10,35,22,32,22,1146,TD Place,-1,NA,1,2023,14,14,Right Wing,0,,0,,1000761,Hollie Davidson,1001076,Kat Roche,1001022,Luke Rogan,-1,,3,International,N,L
2338,941540,33463,Paul Popoaia,951,Romania,6014.44,6014.44,7239,2,91,3,0,0,18,Collection,631,General Catch,0,,0,,0,,0,,0,,0,,0,,0,,0,,0,0,0,0,,5,82,80,1,10,953,Canada,951,Romania,12/07/2024,19:00,13,10,35,22,32,22,1146,TD Place,-1,NA,1,2023,15,15,Full Back,0,,0,,1000761,Hollie Davidson,1001076,Kat Roche,1001022,Luke Rogan,-1,,3,International,N,L
2339,941540,33463,Paul Popoaia,951,Romania,6014.44,6016.96,7239,2,91,3,95,3,1,Carry,103,Other Carry,122,Off Load,111,Failed Gain line,461,Neutral Contact,502,2 Tacklers Committed,703,3rd Receiver,0,,0,,0,,0,,0,4,3,1,,5,82,80,1,10,953,Canada,951,Romania,12/07/2024,19:00,13,10,35,22,32,22,1146,TD Place,-1,NA,1,2023,15,15,Full Back,0,,0,,1000761,Hollie Davidson,1001076,Kat Roche,1001022,Luke Rogan,-1,,3,International,N,L
2340,941540,28377,Andrew Coe,953,Canada,6015.00,6015.00,7239,2,8,65,0,0,2,Tackle,146,Edge,161,Missed,0,,475,Ineffective Tackle,708,1st Tackler,0,,0,,0,,0,,0,,0,0,0,0,,5,82,80,1,10,953,Canada,951,Romania,12/07/2024,19:00,13,10,35,22,32,22,1146,TD Place,-1,NA,1,2023,14,14,Right Wing,0,,0,,1000761,Hollie Davidson,1001076,Kat Roche,1001022,Luke Rogan,-1,,3,International,Y,W
2341,941540,28377,Andrew Coe,953,Canada,6015.00,6015.00,7239,2,8,65,0,0,12,Missed Tackle,163,Stepped,166,Tackled,0,,0,,0,,0,,0,,0,,0,,0,,0,0,0,0,,5,82,80,1,10,953,Canada,951,Romania,12/07/2024,19:00,13,10,35,22,32,22,1146,TD Place,-1,NA,1,2023,14,14,Right Wing,0,,0,,1000761,Hollie Davidson,1001076,Kat Roche,1001022,Luke Rogan,-1,,3,International,Y,W
2342,941540,33463,Paul Popoaia,951,Romania,6015.24,6015.24,7240,2,92,3,0,0,10,Attacking Qualities,116,Defender Beaten,0,,0,,0,,0,,0,,0,,0,,0,,0,,0,0,0,0,,5,82,80,1,10,953,Canada,951,Romania,12/07/2024,19:00,13,10,35,22,32,22,1146,TD Place,-1,NA,1,2023,15,15,Full Back,0,,0,,1000761,Hollie Davidson,1001076,Kat Roche,1001022,Luke Rogan,-1,,3,International,N,L
2343,941540,64047,Takoda McMullin,953,Canada,6016.92,6016.92,7241,2,6,65,0,0,2,Tackle,144,Line,155,Offload Allowed,441,Assist,474,Neutral Tackle,709,2nd Tackler,0,,0,,0,,0,,0,,0,0,0,0,,5,82,80,1,10,953,Canada,951,Romania,12/07/2024,19:00,13,10,35,22,32,22,1146,TD Place,-1,NA,1,2023,23,14,Right Wing,0,,0,,1000761,Hollie Davidson,1001076,Kat Roche,1001022,Luke Rogan,-1,,3,International,Y,W
2344,941540,33463,Paul Popoaia,951,Romania,6016.96,6017.56,7241,2,95,3,94,5,3,Pass,151,Offload,128,Own Player,679,Short Pass,682,Right Pass,703,3rd Receiver,0,,0,,0,,0,,0,,2,3,2,0,,5,82,80,1,10,953,Canada,951,Romania,12/07/2024,19:00,13,10,35,22,32,22,1146,TD Place,-1,NA,1,2023,15,15,Full Back,0,,0,,1000761,Hollie Davidson,1001076,Kat Roche,1001022,Luke Rogan,-1,,3,International,N,L
2345,941540,60960,Mihai Graure,951,Romania,6017.56,6017.56,7242,2,94,5,0,0,18,Collection,631,General Catch,0,,0,,0,,0,,0,,0,,0,,0,,0,,0,0,0,0,,5,82,80,1,10,953,Canada,951,Romania,12/07/2024,19:00,13,10,35,22,32,22,1146,TD Place,-1,NA,1,2023,13,13,Outside Centre,0,,0,,1000761,Hollie Davidson,1001076,Kat Roche,1001022,Luke Rogan,-1,,3,International,N,L
2346,941540,60960,Mihai Graure,951,Romania,6017.56,6021.44,7242,2,94,5,97,6,1,Carry,106,Support Carry,108,Tackled Neutral,110,Neutral Gain line,461,Neutral Contact,502,2 Tacklers Committed,704,4th Receiver,0,,0,,0,,0,,0,4,1,1,,5,82,80,1,10,953,Canada,951,Romania,12/07/2024,19:00,13,10,35,22,32,22,1146,TD Place,-1,NA,1,2023,13,13,Outside Centre,0,,0,,1000761,Hollie Davidson,1001076,Kat Roche,1001022,Luke Rogan,-1,,3,International,N,L
2347,941540,25195,Ben LeSage,953,Canada,6018.20,6018.20,7243,2,4,61,0,0,2,Tackle,144,Line,153,Complete,0,,474,Neutral Tackle,708,1st Tackler,0,,0,,0,,0,,0,,0,0,0,0,,5,82,80,1,10,953,Canada,951,Romania,12/07/2024,19:00,13,10,35,22,32,22,1146,TD Place,-1,NA,1,2023,13,13,Outside Centre,0,,0,,1000761,Hollie Davidson,1001076,Kat Roche,1001022,Luke Rogan,-1,,3,International,Y,W
2348,941540,19391,Peter Nelson,953,Canada,6018.92,6018.92,7243,2,4,61,0,0,2,Tackle,144,Line,153,Complete,441,Assist,474,Neutral Tackle,709,2nd Tackler,0,,0,,0,,0,,0,,0,0,0,0,,5,82,80,1,10,953,Canada,951,Romania,12/07/2024,19:00,13,10,35,22,32,22,1146,TD Place,-1,NA,1,2023,10,10,Fly Half,0,,0,,1000761,Hollie Davidson,1001076,Kat Roche,1001022,Luke Rogan,-1,,3,International,Y,W
2349,941540,60960,Mihai Graure,951,Romania,6021.44,6023.56,7246,2,97,6,0,0,23,Ruck,0,,401,Won Outright,550,Equal to Previous  Gainline,554,2-3 Seconds,664,Close Right Open Movement Ruck,0,,0,,0,,0,,0,,0,0,-3,8,,5,82,80,1,10,953,Canada,951,Romania,12/07/2024,19:00,13,10,35,22,32,22,1146,TD Place,-1,NA,1,2023,13,13,Outside Centre,0,,0,,1000761,Hollie Davidson,1001076,Kat Roche,1001022,Luke Rogan,-1,,3,International,N,L
2350,941540,27035,Marius Simionescu,951,Romania,6022.24,6022.24,7247,2,97,6,0,0,43,Ruck OOA,574,Secured,583,Own Team 1st Entry,588,OOA Entry 1st Entry- Att,632,Attacking OOA,0,1,0,,0,,0,,0,,0,,0,0,0,0,,5,82,80,1,10,953,Canada,951,Romania,12/07/2024,19:00,13,10,35,22,32,22,1146,TD Place,-1,NA,1,2023,14,14,Right Wing,0,,0,,1000761,Hollie Davidson,1001076,Kat Roche,1001022,Luke Rogan,-1,,3,International,N,L
2351,941540,28377,Andrew Coe,953,Canada,6022.52,6022.52,7247,2,3,62,0,0,43,Ruck OOA,577,Not Clearing,583,Own Team 1st Entry,603,OOA Entry 1st Entry- Def,633,Defensive OOA,0,1,0,,0,,0,,0,,0,,0,0,0,0,,5,82,80,1,10,953,Canada,951,Romania,12/07/2024,19:00,13,10,35,22,32,22,1146,TD Place,-1,NA,1,2023,14,14,Right Wing,0,,0,,1000761,Hollie Davidson,1001076,Kat Roche,1001022,Luke Rogan,-1,,3,International,Y,W
2352,941540,29316,Nicolaas Immelman,951,Romania,6023.52,6023.52,7248,2,97,6,0,0,43,Ruck OOA,575,Attended,584,Own Team 2nd Entry,589,OOA Entry 2nd Entry- Att,632,Attacking OOA,0,2,0,,0,,0,,0,,0,,0,0,0,0,,5,82,80,1,10,953,Canada,951,Romania,12/07/2024,19:00,13,10,35,22,32,22,1146,TD Place,-1,NA,1,2023,08,8,Number 8,0,,0,,1000761,Hollie Davidson,1001076,Kat Roche,1001022,Luke Rogan,-1,,3,International,N,L
2353,941540,33152,Gabriel Rupanu,951,Romania,6023.56,6023.56,7248,2,97,6,0,0,18,Collection,631,General Catch,0,,0,,0,,0,,0,,0,,0,,0,,0,,0,0,0,0,,6,82,80,1,10,953,Canada,951,Romania,12/07/2024,19:00,13,10,35,22,32,22,1146,TD Place,-1,NA,1,2023,21,9,Scrum Half,0,,0,,1000761,Hollie Davidson,1001076,Kat Roche,1001022,Luke Rogan,-1,,3,International,N,L
2354,941540,33152,Gabriel Rupanu,951,Romania,6023.56,6023.56,7248,2,97,6,0,0,47,Playmaker Options,671,Halfback at Breakdown,675,Playmaker Option - Pass,0,,0,,0,,0,,0,,0,,0,,0,,0,0,0,0,,6,82,80,1,10,953,Canada,951,Romania,12/07/2024,19:00,13,10,35,22,32,22,1146,TD Place,-1,NA,1,2023,21,9,Scrum Half,0,,0,,1000761,Hollie Davidson,1001076,Kat Roche,1001022,Luke Rogan,-1,,3,International,N,L
2355,941540,33152,Gabriel Rupanu,951,Romania,6024.08,6024.84,7248,2,97,6,94,12,3,Pass,169,Complete,0,,686,Medium Pass,682,Right Pass,700,0th Receiver,0,,0,,0,,0,,0,,6,7,4,0,,6,82,80,1,10,953,Canada,951,Romania,12/07/2024,19:00,13,10,35,22,32,22,1146,TD Place,-1,NA,1,2023,21,9,Scrum Half,0,,0,,1000761,Hollie Davidson,1001076,Kat Roche,1001022,Luke Rogan,-1,,3,International,N,L
2356,941540,27747,Hinckley Vaovasa,951,Romania,6024.84,6024.84,7249,2,94,12,0,0,18,Collection,631,General Catch,0,,0,,0,,0,,0,,0,,0,,0,,0,,0,0,0,0,,6,82,80,1,10,953,Canada,951,Romania,12/07/2024,19:00,13,10,35,22,32,22,1146,TD Place,-1,NA,1,2023,10,10,Fly Half,0,,0,,1000761,Hollie Davidson,1001076,Kat Roche,1001022,Luke Rogan,-1,,3,International,N,L
2357,941540,27747,Hinckley Vaovasa,951,Romania,6024.84,6024.84,7249,2,94,12,0,0,47,Playmaker Options,656,First Receiver,673,Playmaker Option - Carry,0,,0,,0,,0,,0,,0,,0,,0,,0,0,0,0,,6,82,80,1,10,953,Canada,951,Romania,12/07/2024,19:00,13,10,35,22,32,22,1146,TD Place,-1,NA,1,2023,10,10,Fly Half,0,,0,,1000761,Hollie Davidson,1001076,Kat Roche,1001022,Luke Rogan,-1,,3,International,N,L
2358,941540,27747,Hinckley Vaovasa,951,Romania,6024.84,6026.80,7249,2,94,12,95,14,1,Carry,101,One Out Drive,108,Tackled Neutral,111,Failed Gain line,461,Neutral Contact,501,1 Tacklers Committed,701,1st Receiver,0,,0,,0,,0,,0,1,1,1,,6,82,80,1,10,953,Canada,951,Romania,12/07/2024,19:00,13,10,35,22,32,22,1146,TD Place,-1,NA,1,2023,10,10,Fly Half,0,,0,,1000761,Hollie Davidson,1001076,Kat Roche,1001022,Luke Rogan,-1,,3,International,N,L
2359,941540,25181,Kyle Baillie,953,Canada,6025.20,6025.20,7250,2,6,55,0,0,2,Tackle,144,Line,153,Complete,0,,474,Neutral Tackle,708,1st Tackler,0,,0,,0,,0,,0,,0,0,0,0,,6,82,80,1,10,953,Canada,951,Romania,12/07/2024,19:00,13,10,35,22,32,22,1146,TD Place,-1,NA,1,2023,05,5,Lock (5),0,,0,,1000761,Hollie Davidson,1001076,Kat Roche,1001022,Luke Rogan,-1,,3,International,Y,W
2360,941540,27747,Hinckley Vaovasa,951,Romania,6026.80,6029.36,7251,2,95,14,0,0,23,Ruck,0,,401,Won Outright,549,Behind Previous Gainline,554,2-3 Seconds,664,Close Right Open Movement Ruck,0,,0,,0,,0,,0,,0,0,0,8,,6,82,80,1,10,953,Canada,951,Romania,12/07/2024,19:00,13,10,35,22,32,22,1146,TD Place,-1,NA,1,2023,10,10,Fly Half,0,,0,,1000761,Hollie Davidson,1001076,Kat Roche,1001022,Luke Rogan,-1,,3,International,N,L
2361,941540,25181,Kyle Baillie,953,Canada,6026.84,6026.84,7251,2,5,54,0,0,43,Ruck OOA,578,Got Cleaned Out,583,Own Team 1st Entry,603,OOA Entry 1st Entry- Def,633,Defensive OOA,0,1,0,,0,,0,,0,,0,,0,0,0,0,,6,82,80,1,10,953,Canada,951,Romania,12/07/2024,19:00,13,10,35,22,32,22,1146,TD Place,-1,NA,1,2023,05,5,Lock (5),0,,0,,1000761,Hollie Davidson,1001076,Kat Roche,1001022,Luke Rogan,-1,,3,International,Y,W
2362,941540,27028,Marius Iftimiciuc,951,Romania,6026.96,6026.96,7251,2,95,14,0,0,43,Ruck OOA,572,Cleaned Out,583,Own Team 1st Entry,588,OOA Entry 1st Entry- Att,632,Attacking OOA,0,1,0,,0,,0,,0,,0,,0,0,0,0,,6,82,80,1,10,953,Canada,951,Romania,12/07/2024,19:00,13,10,35,22,32,22,1146,TD Place,-1,NA,1,2023,19,5,Lock (5),0,,0,,1000761,Hollie Davidson,1001076,Kat Roche,1001022,Luke Rogan,-1,,3,International,N,L
2363,941540,27037,Fonovai Tangimana,951,Romania,6027.08,6027.08,7251,2,95,14,0,0,43,Ruck OOA,572,Cleaned Out,584,Own Team 2nd Entry,589,OOA Entry 2nd Entry- Att,632,Attacking OOA,0,2,0,,0,,0,,0,,0,,0,0,0,0,,6,82,80,1,10,953,Canada,951,Romania,12/07/2024,19:00,13,10,35,22,32,22,1146,TD Place,-1,NA,1,2023,20,7,Openside Flanker,0,,0,,1000761,Hollie Davidson,1001076,Kat Roche,1001022,Luke Rogan,-1,,3,International,N,L
2364,941540,38195,Rob Irimescu,951,Romania,6029.28,6029.28,7254,2,95,14,0,0,43,Ruck OOA,574,Secured,585,Own Team 3rd Entry,590,OOA Entry 3rd Entry- Att,632,Attacking OOA,0,3,0,,0,,0,,0,,0,,0,0,0,0,,6,82,80,1,10,953,Canada,951,Romania,12/07/2024,19:00,13,10,35,22,32,22,1146,TD Place,-1,NA,1,2023,16,2,Hooker,0,,0,,1000761,Hollie Davidson,1001076,Kat Roche,1001022,Luke Rogan,-1,,3,International,N,L
2365,941540,33152,Gabriel Rupanu,951,Romania,6029.36,6029.36,7254,2,95,14,0,0,18,Collection,631,General Catch,0,,0,,0,,0,,0,,0,,0,,0,,0,,0,0,0,0,,7,82,80,1,10,953,Canada,951,Romania,12/07/2024,19:00,13,10,35,22,32,22,1146,TD Place,-1,NA,1,2023,21,9,Scrum Half,0,,0,,1000761,Hollie Davidson,1001076,Kat Roche,1001022,Luke Rogan,-1,,3,International,N,L
2366,941540,33152,Gabriel Rupanu,951,Romania,6029.36,6029.36,7254,2,95,14,0,0,47,Playmaker Options,671,Halfback at Breakdown,675,Playmaker Option - Pass,0,,0,,0,,0,,0,,0,,0,,0,,0,0,0,0,,7,82,80,1,10,953,Canada,951,Romania,12/07/2024,19:00,13,10,35,22,32,22,1146,TD Place,-1,NA,1,2023,21,9,Scrum Half,0,,0,,1000761,Hollie Davidson,1001076,Kat Roche,1001022,Luke Rogan,-1,,3,International,N,L
2367,941540,33152,Gabriel Rupanu,951,Romania,6029.84,6030.96,7254,2,95,14,93,19,3,Pass,169,Complete,0,,686,Medium Pass,682,Right Pass,700,0th Receiver,0,,0,,0,,0,,0,,6,6,2,0,,7,82,80,1,10,953,Canada,951,Romania,12/07/2024,19:00,13,10,35,22,32,22,1146,TD Place,-1,NA,1,2023,21,9,Scrum Half,0,,0,,1000761,Hollie Davidson,1001076,Kat Roche,1001022,Luke Rogan,-1,,3,International,N,L
2368,941540,27535,Alexandru Savin,951,Romania,6030.96,6030.96,7255,2,93,19,0,0,18,Collection,631,General Catch,0,,0,,0,,0,,0,,0,,0,,0,,0,,0,0,0,0,,7,82,80,1,10,953,Canada,951,Romania,12/07/2024,19:00,13,10,35,22,32,22,1146,TD Place,-1,NA,1,2023,17,1,Loosehead Prop,0,,0,,1000761,Hollie Davidson,1001076,Kat Roche,1001022,Luke Rogan,-1,,3,International,N,L
2369,941540,27535,Alexandru Savin,951,Romania,6030.96,6030.96,7255,2,93,19,0,0,47,Playmaker Options,656,First Receiver,673,Playmaker Option - Carry,0,,0,,0,,0,,0,,0,,0,,0,,0,0,0,0,,7,82,80,1,10,953,Canada,951,Romania,12/07/2024,19:00,13,10,35,22,32,22,1146,TD Place,-1,NA,1,2023,17,1,Loosehead Prop,0,,0,,1000761,Hollie Davidson,1001076,Kat Roche,1001022,Luke Rogan,-1,,3,International,N,L
2370,941540,27535,Alexandru Savin,951,Romania,6030.96,6031.72,7255,2,93,19,94,21,1,Carry,101,One Out Drive,108,Tackled Neutral,110,Neutral Gain line,461,Neutral Contact,503,3 Tacklers Committed,701,1st Receiver,0,,0,,0,,0,,0,2,1,1,,7,82,80,1,10,953,Canada,951,Romania,12/07/2024,19:00,13,10,35,22,32,22,1146,TD Place,-1,NA,1,2023,17,1,Loosehead Prop,0,,0,,1000761,Hollie Davidson,1001076,Kat Roche,1001022,Luke Rogan,-1,,3,International,N,L
2371,941540,25189,Andrew Quattrin,953,Canada,6031.12,6031.12,7255,2,7,48,0,0,2,Tackle,144,Line,153,Complete,0,,474,Neutral Tackle,708,1st Tackler,0,,0,,0,,0,,0,,0,0,0,0,,7,82,80,1,10,953,Canada,951,Romania,12/07/2024,19:00,13,10,35,22,32,22,1146,TD Place,-1,NA,1,2023,02,2,Hooker,0,,0,,1000761,Hollie Davidson,1001076,Kat Roche,1001022,Luke Rogan,-1,,3,International,Y,W
2372,941540,27410,Cole Keith,953,Canada,6031.48,6031.48,7256,2,7,48,0,0,2,Tackle,144,Line,153,Complete,441,Assist,474,Neutral Tackle,709,2nd Tackler,0,,0,,0,,0,,0,,0,0,0,0,,7,82,80,1,10,953,Canada,951,Romania,12/07/2024,19:00,13,10,35,22,32,22,1146,TD Place,-1,NA,1,2023,18,3,Tighthead Prop,0,,0,,1000761,Hollie Davidson,1001076,Kat Roche,1001022,Luke Rogan,-1,,3,International,Y,W
2373,941540,58656,Calixto Martinez,953,Canada,6031.64,6031.64,7256,2,7,48,0,0,2,Tackle,144,Line,153,Complete,441,Assist,474,Neutral Tackle,710,3rd Tackler,0,,0,,0,,0,,0,,0,0,0,0,,7,82,80,1,10,953,Canada,951,Romania,12/07/2024,19:00,13,10,35,22,32,22,1146,TD Place,-1,NA,1,2023,17,1,Loosehead Prop,0,,0,,1000761,Hollie Davidson,1001076,Kat Roche,1001022,Luke Rogan,-1,,3,International,Y,W
2374,941540,27535,Alexandru Savin,951,Romania,6031.72,6036.24,7256,2,94,21,0,0,23,Ruck,0,,401,Won Outright,550,Equal to Previous  Gainline,556,4-5 Seconds,662,Mid Right Open Movement Ruck,0,,0,,0,,0,,0,,0,0,-1,11,,7,82,80,1,10,953,Canada,951,Romania,12/07/2024,19:00,13,10,35,22,32,22,1146,TD Place,-1,NA,1,2023,17,1,Loosehead Prop,0,,0,,1000761,Hollie Davidson,1001076,Kat Roche,1001022,Luke Rogan,-1,,3,International,N,L
2375,941540,63895,Yanis Horvat,951,Romania,6032.76,6032.76,7257,2,94,21,0,0,43,Ruck OOA,574,Secured,583,Own Team 1st Entry,588,OOA Entry 1st Entry- Att,632,Attacking OOA,0,1,0,,0,,0,,0,,0,,0,0,0,0,,7,82,80,1,10,953,Canada,951,Romania,12/07/2024,19:00,13,10,35,22,32,22,1146,TD Place,-1,NA,1,2023,04,4,Lock (4),0,,0,,1000761,Hollie Davidson,1001076,Kat Roche,1001022,Luke Rogan,-1,,3,International,N,L
2376,941540,33151,Vlad Neculau,951,Romania,6032.88,6032.88,7257,2,94,21,0,0,43,Ruck OOA,574,Secured,584,Own Team 2nd Entry,589,OOA Entry 2nd Entry- Att,632,Attacking OOA,0,2,0,,0,,0,,0,,0,,0,0,0,0,,7,82,80,1,10,953,Canada,951,Romania,12/07/2024,19:00,13,10,35,22,32,22,1146,TD Place,-1,NA,1,2023,06,6,Blindside Flanker,0,,0,,1000761,Hollie Davidson,1001076,Kat Roche,1001022,Luke Rogan,-1,,3,International,N,L
2377,941540,33152,Gabriel Rupanu,951,Romania,6036.24,6036.24,7301,2,94,21,0,0,18,Collection,631,General Catch,0,,0,,0,,0,,0,,0,,0,,0,,0,,0,0,0,0,,8,82,80,1,10,953,Canada,951,Romania,12/07/2024,19:00,13,10,35,22,32,22,1146,TD Place,-1,NA,1,2023,21,9,Scrum Half,0,,0,,1000761,Hollie Davidson,1001076,Kat Roche,1001022,Luke Rogan,-1,,3,International,N,L
2378,941540,33152,Gabriel Rupanu,951,Romania,6036.24,6036.24,7301,2,94,21,0,0,47,Playmaker Options,671,Halfback at Breakdown,675,Playmaker Option - Pass,0,,0,,0,,0,,0,,0,,0,,0,,0,0,0,0,,8,82,80,1,10,953,Canada,951,Romania,12/07/2024,19:00,13,10,35,22,32,22,1146,TD Place,-1,NA,1,2023,21,9,Scrum Half,0,,0,,1000761,Hollie Davidson,1001076,Kat Roche,1001022,Luke Rogan,-1,,3,International,N,L
2379,941540,33152,Gabriel Rupanu,951,Romania,6036.48,6037.88,7301,2,94,21,92,30,3,Pass,169,Complete,0,,686,Medium Pass,682,Right Pass,700,0th Receiver,0,,0,,0,,0,,0,,8,9,3,0,,8,82,80,1,10,953,Canada,951,Romania,12/07/2024,19:00,13,10,35,22,32,22,1146,TD Place,-1,NA,1,2023,21,9,Scrum Half,0,,0,,1000761,Hollie Davidson,1001076,Kat Roche,1001022,Luke Rogan,-1,,3,International,N,L
2380,941540,29316,Nicolaas Immelman,951,Romania,6037.88,6037.88,7302,2,92,30,0,0,18,Collection,631,General Catch,0,,0,,0,,0,,0,,0,,0,,0,,0,,0,0,0,0,,8,82,80,1,10,953,Canada,951,Romania,12/07/2024,19:00,13,10,35,22,32,22,1146,TD Place,-1,NA,1,2023,08,8,Number 8,0,,0,,1000761,Hollie Davidson,1001076,Kat Roche,1001022,Luke Rogan,-1,,3,International,N,L
2381,941540,29316,Nicolaas Immelman,951,Romania,6037.88,6037.88,7302,2,92,30,0,0,47,Playmaker Options,656,First Receiver,673,Playmaker Option - Carry,0,,0,,0,,0,,0,,0,,0,,0,,0,0,0,0,,8,82,80,1,10,953,Canada,951,Romania,12/07/2024,19:00,13,10,35,22,32,22,1146,TD Place,-1,NA,1,2023,08,8,Number 8,0,,0,,1000761,Hollie Davidson,1001076,Kat Roche,1001022,Luke Rogan,-1,,3,International,N,L
2382,941540,29316,Nicolaas Immelman,951,Romania,6037.88,6040.00,7302,2,92,30,93,32,1,Carry,101,One Out Drive,108,Tackled Neutral,111,Failed Gain line,461,Neutral Contact,501,1 Tacklers Committed,701,1st Receiver,0,,0,,0,,0,,0,1,1,1,,8,82,80,1,10,953,Canada,951,Romania,12/07/2024,19:00,13,10,35,22,32,22,1146,TD Place,-1,NA,1,2023,08,8,Number 8,0,,0,,1000761,Hollie Davidson,1001076,Kat Roche,1001022,Luke Rogan,-1,,3,International,N,L
2383,941540,25183,Lucas Rumball,953,Canada,6038.48,6038.48,7303,2,8,37,0,0,2,Tackle,144,Line,153,Complete,0,,474,Neutral Tackle,708,1st Tackler,0,,0,,0,,0,,0,,0,0,0,0,,8,82,80,1,10,953,Canada,951,Romania,12/07/2024,19:00,13,10,35,22,32,22,1146,TD Place,-1,NA,1,2023,08,8,Number 8,0,,0,,1000761,Hollie Davidson,1001076,Kat Roche,1001022,Luke Rogan,-1,,3,International,Y,W
2384,941540,29316,Nicolaas Immelman,951,Romania,6040.00,6044.08,7304,2,93,32,0,0,23,Ruck,0,,401,Won Outright,549,Behind Previous Gainline,556,4-5 Seconds,664,Close Right Open Movement Ruck,0,,0,,0,,0,,0,,0,0,0,4,,8,82,80,1,10,953,Canada,951,Romania,12/07/2024,19:00,13,10,35,22,32,22,1146,TD Place,-1,NA,1,2023,08,8,Number 8,0,,0,,1000761,Hollie Davidson,1001076,Kat Roche,1001022,Luke Rogan,-1,,3,International,N,L
2385,941540,25183,Lucas Rumball,953,Canada,6040.04,6040.04,7304,2,7,36,0,0,43,Ruck OOA,578,Got Cleaned Out,583,Own Team 1st Entry,603,OOA Entry 1st Entry- Def,633,Defensive OOA,0,1,0,,0,,0,,0,,0,,0,0,0,0,,8,82,80,1,10,953,Canada,951,Romania,12/07/2024,19:00,13,10,35,22,32,22,1146,TD Place,-1,NA,1,2023,08,8,Number 8,0,,0,,1000761,Hollie Davidson,1001076,Kat Roche,1001022,Luke Rogan,-1,,3,International,Y,W
2386,941540,38195,Rob Irimescu,951,Romania,6040.16,6040.16,7305,2,93,32,0,0,43,Ruck OOA,572,Cleaned Out,583,Own Team 1st Entry,588,OOA Entry 1st Entry- Att,632,Attacking OOA,0,1,0,,0,,0,,0,,0,,0,0,0,0,,8,82,80,1,10,953,Canada,951,Romania,12/07/2024,19:00,13,10,35,22,32,22,1146,TD Place,-1,NA,1,2023,16,2,Hooker,0,,0,,1000761,Hollie Davidson,1001076,Kat Roche,1001022,Luke Rogan,-1,,3,International,N,L
2387,941540,34102,Vasile Balan,951,Romania,6041.44,6041.44,7306,2,93,32,0,0,43,Ruck OOA,574,Secured,584,Own Team 2nd Entry,589,OOA Entry 2nd Entry- Att,632,Attacking OOA,0,2,0,,0,,0,,0,,0,,0,0,0,0,,8,82,80,1,10,953,Canada,951,Romania,12/07/2024,19:00,13,10,35,22,32,22,1146,TD Place,-1,NA,1,2023,03,3,Tighthead Prop,0,,0,,1000761,Hollie Davidson,1001076,Kat Roche,1001022,Luke Rogan,-1,,3,International,N,L
2388,941540,58656,Calixto Martinez,953,Canada,6042.52,6042.52,7307,2,7,36,0,0,43,Ruck OOA,577,Not Clearing,584,Own Team 2nd Entry,604,OOA Entry 2nd Entry- Def,633,Defensive OOA,0,2,0,,0,,0,,0,,0,,0,0,0,0,,8,82,80,1,10,953,Canada,951,Romania,12/07/2024,19:00,13,10,35,22,32,22,1146,TD Place,-1,NA,1,2023,17,1,Loosehead Prop,0,,0,,1000761,Hollie Davidson,1001076,Kat Roche,1001022,Luke Rogan,-1,,3,International,Y,W
2389,941540,33152,Gabriel Rupanu,951,Romania,6044.08,6044.08,7308,2,93,32,0,0,18,Collection,631,General Catch,0,,0,,0,,0,,0,,0,,0,,0,,0,,0,0,0,0,,9,82,80,1,10,953,Canada,951,Romania,12/07/2024,19:00,13,10,35,22,32,22,1146,TD Place,-1,NA,1,2023,21,9,Scrum Half,0,,0,,1000761,Hollie Davidson,1001076,Kat Roche,1001022,Luke Rogan,-1,,3,International,N,L
2390,941540,33152,Gabriel Rupanu,951,Romania,6044.08,6044.08,7308,2,93,32,0,0,47,Playmaker Options,671,Halfback at Breakdown,675,Playmaker Option - Pass,0,,0,,0,,0,,0,,0,,0,,0,,0,0,0,0,,9,82,80,1,10,953,Canada,951,Romania,12/07/2024,19:00,13,10,35,22,32,22,1146,TD Place,-1,NA,1,2023,21,9,Scrum Half,0,,0,,1000761,Hollie Davidson,1001076,Kat Roche,1001022,Luke Rogan,-1,,3,International,N,L
2391,941540,33152,Gabriel Rupanu,951,Romania,6044.80,6045.04,7309,2,93,32,91,34,3,Pass,169,Complete,0,,679,Short Pass,682,Right Pass,700,0th Receiver,0,,0,,0,,0,,0,,2,3,2,0,,9,82,80,1,10,953,Canada,951,Romania,12/07/2024,19:00,13,10,35,22,32,22,1146,TD Place,-1,NA,1,2023,21,9,Scrum Half,0,,0,,1000761,Hollie Davidson,1001076,Kat Roche,1001022,Luke Rogan,-1,,3,International,N,L
2392,941540,27028,Marius Iftimiciuc,951,Romania,6045.04,6045.04,7309,2,91,34,0,0,18,Collection,631,General Catch,0,,0,,0,,0,,0,,0,,0,,0,,0,,0,0,0,0,,9,82,80,1,10,953,Canada,951,Romania,12/07/2024,19:00,13,10,35,22,32,22,1146,TD Place,-1,NA,1,2023,19,5,Lock (5),0,,0,,1000761,Hollie Davidson,1001076,Kat Roche,1001022,Luke Rogan,-1,,3,International,N,L
2393,941540,27028,Marius Iftimiciuc,951,Romania,6045.04,6045.04,7309,2,91,34,0,0,47,Playmaker Options,656,First Receiver,673,Playmaker Option - Carry,0,,0,,0,,0,,0,,0,,0,,0,,0,0,0,0,,9,82,80,1,10,953,Canada,951,Romania,12/07/2024,19:00,13,10,35,22,32,22,1146,TD Place,-1,NA,1,2023,19,5,Lock (5),0,,0,,1000761,Hollie Davidson,1001076,Kat Roche,1001022,Luke Rogan,-1,,3,International,N,L
2394,941540,27028,Marius Iftimiciuc,951,Romania,6045.04,6046.40,7309,2,91,34,92,35,1,Carry,101,One Out Drive,108,Tackled Neutral,110,Neutral Gain line,461,Neutral Contact,502,2 Tacklers Committed,701,1st Receiver,0,,0,,0,,0,,0,2,1,1,,9,82,80,1,10,953,Canada,951,Romania,12/07/2024,19:00,13,10,35,22,32,22,1146,TD Place,-1,NA,1,2023,19,5,Lock (5),0,,0,,1000761,Hollie Davidson,1001076,Kat Roche,1001022,Luke Rogan,-1,,3,International,N,L
2395,941540,59972,Sion Parry,953,Canada,6045.92,6045.92,7310,2,8,33,0,0,2,Tackle,144,Line,153,Complete,0,,474,Neutral Tackle,708,1st Tackler,0,,0,,0,,0,,0,,0,0,0,0,,9,82,80,1,10,953,Canada,951,Romania,12/07/2024,19:00,13,10,35,22,32,22,1146,TD Place,-1,NA,1,2023,20,7,Openside Flanker,0,,0,,1000761,Hollie Davidson,1001076,Kat Roche,1001022,Luke Rogan,-1,,3,International,Y,W
2396,941540,27410,Cole Keith,953,Canada,6046.04,6046.04,7310,2,8,33,0,0,2,Tackle,144,Line,153,Complete,441,Assist,474,Neutral Tackle,709,2nd Tackler,0,,0,,0,,0,,0,,0,0,0,0,,9,82,80,1,10,953,Canada,951,Romania,12/07/2024,19:00,13,10,35,22,32,22,1146,TD Place,-1,NA,1,2023,18,3,Tighthead Prop,0,,0,,1000761,Hollie Davidson,1001076,Kat Roche,1001022,Luke Rogan,-1,,3,International,Y,W
2397,941540,27028,Marius Iftimiciuc,951,Romania,6046.40,6048.48,7311,2,92,35,0,0,23,Ruck,0,,401,Won Outright,550,Equal to Previous  Gainline,554,2-3 Seconds,659,Wide Left Open Movement Ruck,0,,0,,0,,0,,0,,0,0,5,31,,9,82,80,1,10,953,Canada,951,Romania,12/07/2024,19:00,13,10,35,22,32,22,1146,TD Place,-1,NA,1,2023,19,5,Lock (5),0,,0,,1000761,Hollie Davidson,1001076,Kat Roche,1001022,Luke Rogan,-1,,3,International,N,L
2398,941540,27535,Alexandru Savin,951,Romania,6047.12,6047.12,7311,2,92,35,0,0,43,Ruck OOA,574,Secured,583,Own Team 1st Entry,588,OOA Entry 1st Entry- Att,632,Attacking OOA,0,1,0,,0,,0,,0,,0,,0,0,0,0,,9,82,80,1,10,953,Canada,951,Romania,12/07/2024,19:00,13,10,35,22,32,22,1146,TD Place,-1,NA,1,2023,17,1,Loosehead Prop,0,,0,,1000761,Hollie Davidson,1001076,Kat Roche,1001022,Luke Rogan,-1,,3,International,N,L
2399,941540,58656,Calixto Martinez,953,Canada,6047.16,6047.16,7312,2,8,33,0,0,43,Ruck OOA,577,Not Clearing,583,Own Team 1st Entry,603,OOA Entry 1st Entry- Def,633,Defensive OOA,0,1,0,,0,,0,,0,,0,,0,0,0,0,,9,82,80,1,10,953,Canada,951,Romania,12/07/2024,19:00,13,10,35,22,32,22,1146,TD Place,-1,NA,1,2023,17,1,Loosehead Prop,0,,0,,1000761,Hollie Davidson,1001076,Kat Roche,1001022,Luke Rogan,-1,,3,International,Y,W
2400,941540,40389,Jason Tomane,951,Romania,6048.16,6048.16,7313,2,92,35,0,0,43,Ruck OOA,574,Secured,584,Own Team 2nd Entry,589,OOA Entry 2nd Entry- Att,632,Attacking OOA,0,2,0,,0,,0,,0,,0,,0,0,0,0,,9,82,80,1,10,953,Canada,951,Romania,12/07/2024,19:00,13,10,35,22,32,22,1146,TD Place,-1,NA,1,2023,12,12,Inside Centre,0,,0,,1000761,Hollie Davidson,1001076,Kat Roche,1001022,Luke Rogan,-1,,3,International,N,L
2401,941540,33151,Vlad Neculau,951,Romania,6048.44,6048.44,7313,2,92,35,0,0,43,Ruck OOA,575,Attended,585,Own Team 3rd Entry,590,OOA Entry 3rd Entry- Att,632,Attacking OOA,0,3,0,,0,,0,,0,,0,,0,0,0,0,,9,82,80,1,10,953,Canada,951,Romania,12/07/2024,19:00,13,10,35,22,32,22,1146,TD Place,-1,NA,1,2023,06,6,Blindside Flanker,0,,0,,1000761,Hollie Davidson,1001076,Kat Roche,1001022,Luke Rogan,-1,,3,International,N,L
2402,941540,33152,Gabriel Rupanu,951,Romania,6048.48,6048.48,7313,2,92,35,0,0,18,Collection,631,General Catch,0,,0,,0,,0,,0,,0,,0,,0,,0,,0,0,0,0,,10,82,80,1,10,953,Canada,951,Romania,12/07/2024,19:00,13,10,35,22,32,22,1146,TD Place,-1,NA,1,2023,21,9,Scrum Half,0,,0,,1000761,Hollie Davidson,1001076,Kat Roche,1001022,Luke Rogan,-1,,3,International,N,L
2403,941540,33152,Gabriel Rupanu,951,Romania,6048.48,6048.48,7313,2,92,35,0,0,47,Playmaker Options,671,Halfback at Breakdown,675,Playmaker Option - Pass,0,,0,,0,,0,,0,,0,,0,,0,,0,0,0,0,,10,82,80,1,10,953,Canada,951,Romania,12/07/2024,19:00,13,10,35,22,32,22,1146,TD Place,-1,NA,1,2023,21,9,Scrum Half,0,,0,,1000761,Hollie Davidson,1001076,Kat Roche,1001022,Luke Rogan,-1,,3,International,N,L
2404,941540,33152,Gabriel Rupanu,951,Romania,6049.52,6051.16,7314,2,92,35,90,20,3,Pass,169,Complete,0,,680,Long Pass,681,Left Pass,700,0th Receiver,0,,0,,0,,0,,0,,16,17,2,0,,10,82,80,1,10,953,Canada,951,Romania,12/07/2024,19:00,13,10,35,22,32,22,1146,TD Place,-1,NA,1,2023,21,9,Scrum Half,0,,0,,1000761,Hollie Davidson,1001076,Kat Roche,1001022,Luke Rogan,-1,,3,International,N,L
2405,941540,27747,Hinckley Vaovasa,951,Romania,6051.16,6051.16,7316,2,90,20,0,0,18,Collection,631,General Catch,0,,0,,0,,0,,0,,0,,0,,0,,0,,0,0,0,0,,10,82,80,1,10,953,Canada,951,Romania,12/07/2024,19:00,13,10,35,22,32,22,1146,TD Place,-1,NA,1,2023,10,10,Fly Half,0,,0,,1000761,Hollie Davidson,1001076,Kat Roche,1001022,Luke Rogan,-1,,3,International,N,L
2406,941540,27747,Hinckley Vaovasa,951,Romania,6051.16,6051.16,7316,2,90,20,0,0,47,Playmaker Options,656,First Receiver,673,Playmaker Option - Carry,0,,0,,0,,0,,0,,0,,0,,0,,0,0,0,0,,10,82,80,1,10,953,Canada,951,Romania,12/07/2024,19:00,13,10,35,22,32,22,1146,TD Place,-1,NA,1,2023,10,10,Fly Half,0,,0,,1000761,Hollie Davidson,1001076,Kat Roche,1001022,Luke Rogan,-1,,3,International,N,L
2407,941540,27747,Hinckley Vaovasa,951,Romania,6051.16,6052.52,7316,2,90,20,94,19,1,Carry,101,One Out Drive,121,Pass,109,Crossed Gain line,0,,501,1 Tacklers Committed,701,1st Receiver,0,,0,,0,,0,,1,4,2,0,,10,82,80,1,10,953,Canada,951,Romania,12/07/2024,19:00,13,10,35,22,32,22,1146,TD Place,-1,NA,1,2023,10,10,Fly Half,0,,0,,1000761,Hollie Davidson,1001076,Kat Roche,1001022,Luke Rogan,-1,,3,International,N,L
2408,941540,25181,Kyle Baillie,953,Canada,6051.24,6051.24,7316,2,8,49,0,0,2,Tackle,144,Line,161,Missed,0,,475,Ineffective Tackle,708,1st Tackler,0,,0,,0,,0,,0,,0,0,0,0,,10,82,80,1,10,953,Canada,951,Romania,12/07/2024,19:00,13,10,35,22,32,22,1146,TD Place,-1,NA,1,2023,05,5,Lock (5),0,,0,,1000761,Hollie Davidson,1001076,Kat Roche,1001022,Luke Rogan,-1,,3,International,Y,W
2409,941540,25181,Kyle Baillie,953,Canada,6051.24,6051.24,7316,2,8,49,0,0,12,Missed Tackle,163,Stepped,166,Tackled,0,,0,,0,,0,,0,,0,,0,,0,,0,0,0,0,,10,82,80,1,10,953,Canada,951,Romania,12/07/2024,19:00,13,10,35,22,32,22,1146,TD Place,-1,NA,1,2023,05,5,Lock (5),0,,0,,1000761,Hollie Davidson,1001076,Kat Roche,1001022,Luke Rogan,-1,,3,International,Y,W
2410,941540,27747,Hinckley Vaovasa,951,Romania,6051.60,6051.60,7316,2,92,19,0,0,10,Attacking Qualities,116,Defender Beaten,0,,0,,0,,0,,0,,0,,0,,0,,0,,0,0,0,0,,10,82,80,1,10,953,Canada,951,Romania,12/07/2024,19:00,13,10,35,22,32,22,1146,TD Place,-1,NA,1,2023,10,10,Fly Half,0,,0,,1000761,Hollie Davidson,1001076,Kat Roche,1001022,Luke Rogan,-1,,3,International,N,L
2411,941540,27747,Hinckley Vaovasa,951,Romania,6052.52,6053.28,7317,2,94,19,91,12,3,Pass,169,Complete,0,,686,Medium Pass,681,Left Pass,701,1st Receiver,0,,0,,0,,0,,0,,7,7,2,0,,10,82,80,1,10,953,Canada,951,Romania,12/07/2024,19:00,13,10,35,22,32,22,1146,TD Place,-1,NA,1,2023,10,10,Fly Half,0,,0,,1000761,Hollie Davidson,1001076,Kat Roche,1001022,Luke Rogan,-1,,3,International,N,L
2412,941540,27035,Marius Simionescu,951,Romania,6053.28,6053.28,7318,2,91,12,0,0,18,Collection,631,General Catch,0,,0,,0,,0,,0,,0,,0,,0,,0,,0,0,0,0,,10,82,80,1,10,953,Canada,951,Romania,12/07/2024,19:00,13,10,35,22,32,22,1146,TD Place,-1,NA,1,2023,14,14,Right Wing,0,,0,,1000761,Hollie Davidson,1001076,Kat Roche,1001022,Luke Rogan,-1,,3,International,N,L
2413,941540,27035,Marius Simionescu,951,Romania,6053.28,6053.52,7318,2,91,12,94,11,1,Carry,103,Other Carry,122,Off Load,110,Neutral Gain line,461,Neutral Contact,501,1 Tacklers Committed,702,2nd Receiver,0,,0,,0,,0,,1,3,2,2,,10,82,80,1,10,953,Canada,951,Romania,12/07/2024,19:00,13,10,35,22,32,22,1146,TD Place,-1,NA,1,2023,14,14,Right Wing,0,,0,,1000761,Hollie Davidson,1001076,Kat Roche,1001022,Luke Rogan,-1,,3,International,N,L
2414,941540,28377,Andrew Coe,953,Canada,6053.48,6053.48,7318,2,8,56,0,0,2,Tackle,146,Edge,155,Offload Allowed,0,,474,Neutral Tackle,708,1st Tackler,0,,0,,0,,0,,0,,0,0,0,0,,10,82,80,1,10,953,Canada,951,Romania,12/07/2024,19:00,13,10,35,22,32,22,1146,TD Place,-1,NA,1,2023,14,14,Right Wing,0,,0,,1000761,Hollie Davidson,1001076,Kat Roche,1001022,Luke Rogan,-1,,3,International,Y,W
2415,941540,27035,Marius Simionescu,951,Romania,6053.52,6054.36,7318,2,94,11,93,6,3,Pass,151,Offload,128,Own Player,686,Medium Pass,681,Left Pass,702,2nd Receiver,0,,0,,0,,0,,0,,5,6,1,0,,10,82,80,1,10,953,Canada,951,Romania,12/07/2024,19:00,13,10,35,22,32,22,1146,TD Place,-1,NA,1,2023,14,14,Right Wing,0,,0,,1000761,Hollie Davidson,1001076,Kat Roche,1001022,Luke Rogan,-1,,3,International,N,L
2416,941540,27037,Fonovai Tangimana,951,Romania,6054.36,6054.36,7319,2,93,6,0,0,18,Collection,631,General Catch,0,,0,,0,,0,,0,,0,,0,,0,,0,,0,0,0,0,,10,82,80,1,10,953,Canada,951,Romania,12/07/2024,19:00,13,10,35,22,32,22,1146,TD Place,-1,NA,1,2023,20,7,Openside Flanker,0,,0,,1000761,Hollie Davidson,1001076,Kat Roche,1001022,Luke Rogan,-1,,3,International,N,L
2417,941540,27037,Fonovai Tangimana,951,Romania,6054.36,6055.12,7319,2,93,6,98,4,1,Carry,106,Support Carry,119,Error,109,Crossed Gain line,462,Ineffective Contact,501,1 Tacklers Committed,703,3rd Receiver,0,,0,,0,,0,,4,5,1,1,,10,82,80,1,10,953,Canada,951,Romania,12/07/2024,19:00,13,10,35,22,32,22,1146,TD Place,-1,NA,1,2023,20,7,Openside Flanker,0,,0,,1000761,Hollie Davidson,1001076,Kat Roche,1001022,Luke Rogan,-1,,3,International,N,L
2418,941540,64047,Takoda McMullin,953,Canada,6054.64,6054.64,7319,2,4,64,0,0,2,Tackle,146,Edge,156,Turnover Won,0,,473,Dominant Tackle,708,1st Tackler,0,,0,,0,,0,,0,,0,0,0,0,,10,82,80,1,10,953,Canada,951,Romania,12/07/2024,19:00,13,10,35,22,32,22,1146,TD Place,-1,NA,1,2023,23,14,Right Wing,0,,0,,1000761,Hollie Davidson,1001076,Kat Roche,1001022,Luke Rogan,-1,,3,International,Y,W
2419,941540,27037,Fonovai Tangimana,951,Romania,6055.12,6055.12,7319,2,98,4,0,0,8,Turnover,256,Lost Ball Forced,677,Error on Attack,0,,0,,0,,0,,0,,0,,0,,0,,0,0,0,0,,10,82,80,1,10,953,Canada,951,Romania,12/07/2024,19:00,13,10,35,22,32,22,1146,TD Place,-1,NA,1,2023,20,7,Openside Flanker,0,,0,,1000761,Hollie Davidson,1001076,Kat Roche,1001022,Luke Rogan,-1,,3,International,N,L
2420,941540,0,,951,Romania,5961.36,6056.32,7321,2,86,68,98,6,15,Possession,306,Lineout,411,Turnover (Scrum),0,,685,Starts inside Opposition 22,0,,0,,0,,0,,0,,0,,12,0,0,0,,10,82,80,1,10,953,Canada,951,Romania,12/07/2024,19:00,13,10,35,22,32,22,1146,TD Place,-1,NA,1,2023,,,,0,,0,,1000761,Hollie Davidson,1001076,Kat Roche,1001022,Luke Rogan,-1,,3,International,N,L
2421,941540,0,,951,Romania,5961.36,6056.32,7321,2,86,68,98,6,26,Sequences,306,Lineout,411,Turnover (Scrum),0,,0,,0,,0,,0,,0,,0,,0,,12,0,0,0,,10,82,80,1,10,953,Canada,951,Romania,12/07/2024,19:00,13,10,35,22,32,22,1146,TD Place,-1,NA,1,2023,,,,0,,0,,1000761,Hollie Davidson,1001076,Kat Roche,1001022,Luke Rogan,-1,,3,International,N,L
2422,941540,0,,953,Canada,6083.12,6116.20,7347,2,98,6,0,0,17,Period,0,Period,0,,0,,0,,0,,0,,0,,0,,0,,0,,0,0,0,0,,10,82,80,1,10,953,Canada,951,Romania,12/07/2024,19:00,13,10,35,22,32,22,1146,TD Place,-1,NA,1,2023,,,,0,,0,,1000761,Hollie Davidson,1001076,Kat Roche,1001022,Luke Rogan,-1,,3,International,Y,W
2423,941540,0,,953,Canada,6178.92,6178.92,7450,2,7,61,0,0,45,Defensive Exits,630,Kicked out of 22,0,,0,,0,,0,,0,,0,,0,,0,,0,,0,0,0,0,,1,82,81,1,10,953,Canada,951,Romania,12/07/2024,19:00,13,10,35,22,32,22,1146,TD Place,-1,NA,1,2023,,,,0,,0,,1000761,Hollie Davidson,1001076,Kat Roche,1001022,Luke Rogan,-1,,3,International,Y,W
2424,941540,38159,Jason Higgins,953,Canada,6178.92,6181.12,7450,2,7,61,0,0,5,Scrum,0,,356,Won Free Kick,365,Neutral,0,,676,N/A Movement Scrum,0,,0,,0,,0,,0,,0,0,0,0,,1,82,81,1,10,953,Canada,951,Romania,12/07/2024,19:00,13,10,35,22,32,22,1146,TD Place,-1,NA,1,2023,09,9,Scrum Half,0,,0,,1000761,Hollie Davidson,1001076,Kat Roche,1001022,Luke Rogan,-1,,3,International,Y,W
2425,941540,25189,Andrew Quattrin,953,Canada,6178.92,6181.12,7450,2,7,61,0,0,28,,0,,356,Won Free Kick,365,Neutral,0,,0,,0,,0,,0,,0,,0,,0,0,0,0,,1,82,81,1,10,953,Canada,951,Romania,12/07/2024,19:00,13,10,35,22,32,22,1146,TD Place,-1,NA,1,2023,02,2,Hooker,0,,0,,1000761,Hollie Davidson,1001076,Kat Roche,1001022,Luke Rogan,-1,,3,International,Y,W
2426,941540,27090,Conor Keys,953,Canada,6178.92,6181.12,7450,2,7,61,0,0,28,,0,,356,Won Free Kick,365,Neutral,0,,0,,0,,0,,0,,0,,0,,0,0,0,0,,1,82,81,1,10,953,Canada,951,Romania,12/07/2024,19:00,13,10,35,22,32,22,1146,TD Place,-1,NA,1,2023,04,4,Lock (4),0,,0,,1000761,Hollie Davidson,1001076,Kat Roche,1001022,Luke Rogan,-1,,3,International,Y,W
2427,941540,25181,Kyle Baillie,953,Canada,6178.92,6181.12,7450,2,7,61,0,0,28,,0,,356,Won Free Kick,365,Neutral,0,,0,,0,,0,,0,,0,,0,,0,0,0,0,,1,82,81,1,10,953,Canada,951,Romania,12/07/2024,19:00,13,10,35,22,32,22,1146,TD Place,-1,NA,1,2023,05,5,Lock (5),0,,0,,1000761,Hollie Davidson,1001076,Kat Roche,1001022,Luke Rogan,-1,,3,International,Y,W
2428,941540,38465,Mason Flesch,953,Canada,6178.92,6181.12,7450,2,7,61,0,0,28,,0,,356,Won Free Kick,365,Neutral,0,,0,,0,,0,,0,,0,,0,,0,0,0,0,,1,82,81,1,10,953,Canada,951,Romania,12/07/2024,19:00,13,10,35,22,32,22,1146,TD Place,-1,NA,1,2023,06,6,Blindside Flanker,0,,0,,1000761,Hollie Davidson,1001076,Kat Roche,1001022,Luke Rogan,-1,,3,International,Y,W
2429,941540,25183,Lucas Rumball,953,Canada,6178.92,6181.12,7450,2,7,61,0,0,28,,0,,356,Won Free Kick,365,Neutral,0,,0,,0,,0,,0,,0,,0,,0,0,0,0,,1,82,81,1,10,953,Canada,951,Romania,12/07/2024,19:00,13,10,35,22,32,22,1146,TD Place,-1,NA,1,2023,08,8,Number 8,0,,0,,1000761,Hollie Davidson,1001076,Kat Roche,1001022,Luke Rogan,-1,,3,International,Y,W
2430,941540,58656,Calixto Martinez,953,Canada,6178.92,6181.12,7450,2,7,61,0,0,28,,0,,356,Won Free Kick,365,Neutral,0,,0,,0,,0,,0,,0,,0,,0,0,0,0,,1,82,81,1,10,953,Canada,951,Romania,12/07/2024,19:00,13,10,35,22,32,22,1146,TD Place,-1,NA,1,2023,17,1,Loosehead Prop,0,,0,,1000761,Hollie Davidson,1001076,Kat Roche,1001022,Luke Rogan,-1,,3,International,Y,W
2431,941540,27410,Cole Keith,953,Canada,6178.92,6181.12,7450,2,7,61,0,0,28,,0,,356,Won Free Kick,365,Neutral,0,,0,,0,,0,,0,,0,,0,,0,0,0,0,,1,82,81,1,10,953,Canada,951,Romania,12/07/2024,19:00,13,10,35,22,32,22,1146,TD Place,-1,NA,1,2023,18,3,Tighthead Prop,0,,0,,1000761,Hollie Davidson,1001076,Kat Roche,1001022,Luke Rogan,-1,,3,International,Y,W
2432,941540,59972,Sion Parry,953,Canada,6178.92,6181.12,7450,2,7,61,0,0,28,,0,,356,Won Free Kick,365,Neutral,0,,0,,0,,0,,0,,0,,0,,0,0,0,0,,1,82,81,1,10,953,Canada,951,Romania,12/07/2024,19:00,13,10,35,22,32,22,1146,TD Place,-1,NA,1,2023,20,7,Openside Flanker,0,,0,,1000761,Hollie Davidson,1001076,Kat Roche,1001022,Luke Rogan,-1,,3,International,Y,W
2433,941540,34102,Vasile Balan,951,Romania,6178.92,6181.12,7450,2,7,61,0,0,29,,0,,356,Won Free Kick,365,Neutral,0,,0,,0,,0,,0,,0,,0,,0,0,0,0,,1,82,81,1,10,953,Canada,951,Romania,12/07/2024,19:00,13,10,35,22,32,22,1146,TD Place,-1,NA,1,2023,03,3,Tighthead Prop,0,,0,,1000761,Hollie Davidson,1001076,Kat Roche,1001022,Luke Rogan,-1,,3,International,N,L
2434,941540,63895,Yanis Horvat,951,Romania,6178.92,6181.12,7450,2,7,61,0,0,29,,0,,356,Won Free Kick,365,Neutral,0,,0,,0,,0,,0,,0,,0,,0,0,0,0,,1,82,81,1,10,953,Canada,951,Romania,12/07/2024,19:00,13,10,35,22,32,22,1146,TD Place,-1,NA,1,2023,04,4,Lock (4),0,,0,,1000761,Hollie Davidson,1001076,Kat Roche,1001022,Luke Rogan,-1,,3,International,N,L
2435,941540,33151,Vlad Neculau,951,Romania,6178.92,6181.12,7450,2,7,61,0,0,29,,0,,356,Won Free Kick,365,Neutral,0,,0,,0,,0,,0,,0,,0,,0,0,0,0,,1,82,81,1,10,953,Canada,951,Romania,12/07/2024,19:00,13,10,35,22,32,22,1146,TD Place,-1,NA,1,2023,06,6,Blindside Flanker,0,,0,,1000761,Hollie Davidson,1001076,Kat Roche,1001022,Luke Rogan,-1,,3,International,N,L
2436,941540,29316,Nicolaas Immelman,951,Romania,6178.92,6181.12,7450,2,7,61,0,0,29,,0,,356,Won Free Kick,365,Neutral,0,,0,,0,,0,,0,,0,,0,,0,0,0,0,,1,82,81,1,10,953,Canada,951,Romania,12/07/2024,19:00,13,10,35,22,32,22,1146,TD Place,-1,NA,1,2023,08,8,Number 8,0,,0,,1000761,Hollie Davidson,1001076,Kat Roche,1001022,Luke Rogan,-1,,3,International,N,L
2437,941540,38195,Rob Irimescu,951,Romania,6178.92,6181.12,7450,2,7,61,0,0,29,,0,,356,Won Free Kick,365,Neutral,0,,0,,0,,0,,0,,0,,0,,0,0,0,0,,1,82,81,1,10,953,Canada,951,Romania,12/07/2024,19:00,13,10,35,22,32,22,1146,TD Place,-1,NA,1,2023,16,2,Hooker,0,,0,,1000761,Hollie Davidson,1001076,Kat Roche,1001022,Luke Rogan,-1,,3,International,N,L
2438,941540,27535,Alexandru Savin,951,Romania,6178.92,6181.12,7450,2,7,61,0,0,29,,0,,356,Won Free Kick,365,Neutral,0,,0,,0,,0,,0,,0,,0,,0,0,0,0,,1,82,81,1,10,953,Canada,951,Romania,12/07/2024,19:00,13,10,35,22,32,22,1146,TD Place,-1,NA,1,2023,17,1,Loosehead Prop,0,,0,,1000761,Hollie Davidson,1001076,Kat Roche,1001022,Luke Rogan,-1,,3,International,N,L
2439,941540,27028,Marius Iftimiciuc,951,Romania,6178.92,6181.12,7450,2,7,61,0,0,29,,0,,356,Won Free Kick,365,Neutral,0,,0,,0,,0,,0,,0,,0,,0,0,0,0,,1,82,81,1,10,953,Canada,951,Romania,12/07/2024,19:00,13,10,35,22,32,22,1146,TD Place,-1,NA,1,2023,19,5,Lock (5),0,,0,,1000761,Hollie Davidson,1001076,Kat Roche,1001022,Luke Rogan,-1,,3,International,N,L
2440,941540,27037,Fonovai Tangimana,951,Romania,6178.92,6181.12,7450,2,7,61,0,0,29,,0,,356,Won Free Kick,365,Neutral,0,,0,,0,,0,,0,,0,,0,,0,0,0,0,,1,82,81,1,10,953,Canada,951,Romania,12/07/2024,19:00,13,10,35,22,32,22,1146,TD Place,-1,NA,1,2023,20,7,Openside Flanker,0,,0,,1000761,Hollie Davidson,1001076,Kat Roche,1001022,Luke Rogan,-1,,3,International,N,L
2441,941540,34102,Vasile Balan,951,Romania,6179.92,6179.92,7451,2,93,8,0,0,7,Penalty Conceded,222,Scrum Offence,236,No Action,215,Defence,235,Free Kick,427,Standing Up,0,,0,,0,,0,,0,,0,0,0,0,,1,82,81,1,10,953,Canada,951,Romania,12/07/2024,19:00,13,10,35,22,32,22,1146,TD Place,-1,NA,1,2023,03,3,Tighthead Prop,0,,0,,1000761,Hollie Davidson,1001076,Kat Roche,1001022,Luke Rogan,-1,,3,International,N,L
2442,941540,0,,953,Canada,6178.92,6181.12,7452,2,7,61,7,60,26,Sequences,309,Scrum,320,Other,0,,0,,0,,0,,0,,0,,0,,0,,0,0,0,0,,1,82,81,1,10,953,Canada,951,Romania,12/07/2024,19:00,13,10,35,22,32,22,1146,TD Place,-1,NA,1,2023,,,,0,,0,,1000761,Hollie Davidson,1001076,Kat Roche,1001022,Luke Rogan,-1,,3,International,Y,W
2443,941540,19391,Peter Nelson,953,Canada,6206.56,6206.56,7518,2,7,61,0,0,18,Collection,631,General Catch,0,,0,,0,,0,,0,,0,,0,,0,,0,,0,0,0,0,,1,82,82,1,10,953,Canada,951,Romania,12/07/2024,19:00,13,10,35,22,32,22,1146,TD Place,-1,NA,1,2023,10,10,Fly Half,0,,0,,1000761,Hollie Davidson,1001076,Kat Roche,1001022,Luke Rogan,-1,,3,International,Y,W
2444,941540,19391,Peter Nelson,953,Canada,6206.60,6208.76,7518,2,10,60,27,68,4,Kick,347,Touch Kick,193,Kick in Touch (Full),186,Kick in Play (Own 22),0,,0,,0,,0,,0,,0,,0,,18,19,0,0,,1,82,82,1,10,953,Canada,951,Romania,12/07/2024,19:00,13,10,35,22,32,22,1146,TD Place,-1,NA,1,2023,10,10,Fly Half,0,,0,,1000761,Hollie Davidson,1001076,Kat Roche,1001022,Luke Rogan,-1,,3,International,Y,W
2445,941540,0,,953,Canada,6206.32,6208.76,7520,2,7,61,27,68,26,Sequences,312,Free Kick,315,Kick Out of Play,0,,0,,0,,0,,0,,0,,0,,0,,20,0,0,0,,1,82,82,1,10,953,Canada,951,Romania,12/07/2024,19:00,13,10,35,22,32,22,1146,TD Place,-1,NA,1,2023,,,,0,,0,,1000761,Hollie Davidson,1001076,Kat Roche,1001022,Luke Rogan,-1,,3,International,Y,W
2446,941540,38195,Rob Irimescu,951,Romania,6229.92,6233.28,7541,2,73,0,74,17,6,Lineout Throw,373,Throw Back,419,Lost Overthrown,420,Catch and Run,0,7+1,676,N/A Movement Lineout,732,7 Players,725,Forward at Halfback (+1),0,,0,,0,,18,0,0,0,,1,82,83,1,10,953,Canada,951,Romania,12/07/2024,19:00,13,10,35,22,32,22,1146,TD Place,-1,NA,1,2023,16,2,Hooker,0,,0,,1000761,Hollie Davidson,1001076,Kat Roche,1001022,Luke Rogan,-1,,3,International,N,L
2447,941540,25189,Andrew Quattrin,953,Canada,6233.28,6233.28,7545,2,26,51,0,0,18,Collection,274,Defensive Loose Ball,277,Success,0,,0,,0,,0,,0,,0,,0,,0,,0,0,0,0,,1,83,83,1,10,953,Canada,951,Romania,12/07/2024,19:00,13,10,35,22,32,22,1146,TD Place,-1,NA,1,2023,02,2,Hooker,0,,0,,1000761,Hollie Davidson,1001076,Kat Roche,1001022,Luke Rogan,-1,,3,International,Y,W
2448,941540,25189,Andrew Quattrin,953,Canada,6233.28,6237.20,7545,2,26,51,33,43,1,Carry,103,Other Carry,108,Tackled Neutral,109,Crossed Gain line,461,Neutral Contact,503,3 Tacklers Committed,700,0th Receiver,0,,0,,0,,0,,7,7,5,2,,1,83,83,1,10,953,Canada,951,Romania,12/07/2024,19:00,13,10,35,22,32,22,1146,TD Place,-1,NA,1,2023,02,2,Hooker,0,,0,,1000761,Hollie Davidson,1001076,Kat Roche,1001022,Luke Rogan,-1,,3,International,Y,W
2449,941540,27037,Fonovai Tangimana,951,Romania,6234.88,6234.88,7546,2,71,22,0,0,2,Tackle,147,Other,161,Missed,0,,475,Ineffective Tackle,708,1st Tackler,0,,0,,0,,0,,0,,0,0,0,0,,1,83,83,1,10,953,Canada,951,Romania,12/07/2024,19:00,13,10,35,22,32,22,1146,TD Place,-1,NA,1,2023,20,7,Openside Flanker,0,,0,,1000761,Hollie Davidson,1001076,Kat Roche,1001022,Luke Rogan,-1,,3,International,N,L
2450,941540,27037,Fonovai Tangimana,951,Romania,6234.88,6234.88,7546,2,71,22,0,0,12,Missed Tackle,162,Bumped Off,166,Tackled,0,,0,,0,,0,,0,,0,,0,,0,,0,0,0,0,,1,83,83,1,10,953,Canada,951,Romania,12/07/2024,19:00,13,10,35,22,32,22,1146,TD Place,-1,NA,1,2023,20,7,Openside Flanker,0,,0,,1000761,Hollie Davidson,1001076,Kat Roche,1001022,Luke Rogan,-1,,3,International,N,L
2451,941540,25189,Andrew Quattrin,953,Canada,6235.76,6235.76,7547,2,29,46,0,0,10,Attacking Qualities,116,Defender Beaten,0,,0,,0,,0,,0,,0,,0,,0,,0,,0,0,0,0,,1,83,83,1,10,953,Canada,951,Romania,12/07/2024,19:00,13,10,35,22,32,22,1146,TD Place,-1,NA,1,2023,02,2,Hooker,0,,0,,1000761,Hollie Davidson,1001076,Kat Roche,1001022,Luke Rogan,-1,,3,International,Y,W
2452,941540,63895,Yanis Horvat,951,Romania,6236.28,6236.28,7548,2,69,25,0,0,2,Tackle,147,Other,153,Complete,441,Assist,474,Neutral Tackle,709,2nd Tackler,0,,0,,0,,0,,0,,0,0,0,0,,1,83,83,1,10,953,Canada,951,Romania,12/07/2024,19:00,13,10,35,22,32,22,1146,TD Place,-1,NA,1,2023,04,4,Lock (4),0,,0,,1000761,Hollie Davidson,1001076,Kat Roche,1001022,Luke Rogan,-1,,3,International,N,L
2453,941540,27535,Alexandru Savin,951,Romania,6236.68,6236.68,7548,2,69,25,0,0,2,Tackle,147,Other,153,Complete,441,Assist,474,Neutral Tackle,710,3rd Tackler,0,,0,,0,,0,,0,,0,0,0,0,,1,83,83,1,10,953,Canada,951,Romania,12/07/2024,19:00,13,10,35,22,32,22,1146,TD Place,-1,NA,1,2023,17,1,Loosehead Prop,0,,0,,1000761,Hollie Davidson,1001076,Kat Roche,1001022,Luke Rogan,-1,,3,International,N,L
2454,941540,25189,Andrew Quattrin,953,Canada,6237.20,6239.32,7548,2,33,43,0,0,23,Ruck,0,,401,Won Outright,551,N/A Gainline,554,2-3 Seconds,664,Close Right Open Movement Ruck,0,,0,,0,,0,,0,,0,0,1,7,,1,83,83,1,10,953,Canada,951,Romania,12/07/2024,19:00,13,10,35,22,32,22,1146,TD Place,-1,NA,1,2023,02,2,Hooker,0,,0,,1000761,Hollie Davidson,1001076,Kat Roche,1001022,Luke Rogan,-1,,3,International,Y,W
2455,941540,59972,Sion Parry,953,Canada,6237.24,6237.24,7549,2,33,43,0,0,43,Ruck OOA,572,Cleaned Out,583,Own Team 1st Entry,588,OOA Entry 1st Entry- Att,632,Attacking OOA,0,1,0,,0,,0,,0,,0,,0,0,0,0,,1,83,83,1,10,953,Canada,951,Romania,12/07/2024,19:00,13,10,35,22,32,22,1146,TD Place,-1,NA,1,2023,20,7,Openside Flanker,0,,0,,1000761,Hollie Davidson,1001076,Kat Roche,1001022,Luke Rogan,-1,,3,International,Y,W
2456,941540,27535,Alexandru Savin,951,Romania,6237.36,6237.36,7549,2,67,25,0,0,43,Ruck OOA,578,Got Cleaned Out,583,Own Team 1st Entry,603,OOA Entry 1st Entry- Def,633,Defensive OOA,0,1,0,,0,,0,,0,,0,,0,0,0,0,,1,83,83,1,10,953,Canada,951,Romania,12/07/2024,19:00,13,10,35,22,32,22,1146,TD Place,-1,NA,1,2023,17,1,Loosehead Prop,0,,0,,1000761,Hollie Davidson,1001076,Kat Roche,1001022,Luke Rogan,-1,,3,International,N,L
2457,941540,58656,Calixto Martinez,953,Canada,6237.80,6237.80,7549,2,33,43,0,0,43,Ruck OOA,572,Cleaned Out,584,Own Team 2nd Entry,589,OOA Entry 2nd Entry- Att,632,Attacking OOA,0,2,0,,0,,0,,0,,0,,0,0,0,0,,1,83,83,1,10,953,Canada,951,Romania,12/07/2024,19:00,13,10,35,22,32,22,1146,TD Place,-1,NA,1,2023,17,1,Loosehead Prop,0,,0,,1000761,Hollie Davidson,1001076,Kat Roche,1001022,Luke Rogan,-1,,3,International,Y,W
2458,941540,25181,Kyle Baillie,953,Canada,6238.80,6238.80,7550,2,33,43,0,0,43,Ruck OOA,574,Secured,585,Own Team 3rd Entry,590,OOA Entry 3rd Entry- Att,632,Attacking OOA,0,3,0,,0,,0,,0,,0,,0,0,0,0,,1,83,83,1,10,953,Canada,951,Romania,12/07/2024,19:00,13,10,35,22,32,22,1146,TD Place,-1,NA,1,2023,05,5,Lock (5),0,,0,,1000761,Hollie Davidson,1001076,Kat Roche,1001022,Luke Rogan,-1,,3,International,Y,W
2459,941540,38159,Jason Higgins,953,Canada,6239.32,6239.32,7551,2,33,43,0,0,18,Collection,631,General Catch,0,,0,,0,,0,,0,,0,,0,,0,,0,,0,0,0,0,,2,83,83,1,10,953,Canada,951,Romania,12/07/2024,19:00,13,10,35,22,32,22,1146,TD Place,-1,NA,1,2023,09,9,Scrum Half,0,,0,,1000761,Hollie Davidson,1001076,Kat Roche,1001022,Luke Rogan,-1,,3,International,Y,W
2460,941540,38159,Jason Higgins,953,Canada,6239.32,6239.32,7551,2,33,43,0,0,47,Playmaker Options,671,Halfback at Breakdown,675,Playmaker Option - Pass,0,,0,,0,,0,,0,,0,,0,,0,,0,0,0,0,,2,83,83,1,10,953,Canada,951,Romania,12/07/2024,19:00,13,10,35,22,32,22,1146,TD Place,-1,NA,1,2023,09,9,Scrum Half,0,,0,,1000761,Hollie Davidson,1001076,Kat Roche,1001022,Luke Rogan,-1,,3,International,Y,W
2461,941540,38159,Jason Higgins,953,Canada,6239.80,6240.60,7551,2,33,43,32,48,3,Pass,169,Complete,0,,686,Medium Pass,682,Right Pass,700,0th Receiver,0,,0,,0,,0,,0,,5,5,1,0,,2,83,83,1,10,953,Canada,951,Romania,12/07/2024,19:00,13,10,35,22,32,22,1146,TD Place,-1,NA,1,2023,09,9,Scrum Half,0,,0,,1000761,Hollie Davidson,1001076,Kat Roche,1001022,Luke Rogan,-1,,3,International,Y,W
2462,941540,27410,Cole Keith,953,Canada,6240.60,6240.60,7552,2,32,48,0,0,18,Collection,631,General Catch,0,,0,,0,,0,,0,,0,,0,,0,,0,,0,0,0,0,,2,83,83,1,10,953,Canada,951,Romania,12/07/2024,19:00,13,10,35,22,32,22,1146,TD Place,-1,NA,1,2023,18,3,Tighthead Prop,0,,0,,1000761,Hollie Davidson,1001076,Kat Roche,1001022,Luke Rogan,-1,,3,International,Y,W
2463,941540,27410,Cole Keith,953,Canada,6240.60,6240.60,7552,2,32,48,0,0,47,Playmaker Options,656,First Receiver,673,Playmaker Option - Carry,0,,0,,0,,0,,0,,0,,0,,0,,0,0,0,0,,2,83,83,1,10,953,Canada,951,Romania,12/07/2024,19:00,13,10,35,22,32,22,1146,TD Place,-1,NA,1,2023,18,3,Tighthead Prop,0,,0,,1000761,Hollie Davidson,1001076,Kat Roche,1001022,Luke Rogan,-1,,3,International,Y,W
2464,941540,27410,Cole Keith,953,Canada,6240.60,6241.60,7552,2,32,48,34,50,1,Carry,101,One Out Drive,108,Tackled Neutral,109,Crossed Gain line,461,Neutral Contact,501,1 Tacklers Committed,701,1st Receiver,0,,0,,0,,0,,1,2,0,0,,2,83,83,1,10,953,Canada,951,Romania,12/07/2024,19:00,13,10,35,22,32,22,1146,TD Place,-1,NA,1,2023,18,3,Tighthead Prop,0,,0,,1000761,Hollie Davidson,1001076,Kat Roche,1001022,Luke Rogan,-1,,3,International,Y,W
2465,941540,33151,Vlad Neculau,951,Romania,6241.00,6241.00,7552,2,66,19,0,0,2,Tackle,144,Line,153,Complete,0,,474,Neutral Tackle,708,1st Tackler,0,,0,,0,,0,,0,,0,0,0,0,,2,83,83,1,10,953,Canada,951,Romania,12/07/2024,19:00,13,10,35,22,32,22,1146,TD Place,-1,NA,1,2023,06,6,Blindside Flanker,0,,0,,1000761,Hollie Davidson,1001076,Kat Roche,1001022,Luke Rogan,-1,,3,International,N,L
2466,941540,27410,Cole Keith,953,Canada,6241.60,6249.36,7553,2,34,50,0,0,23,Ruck,0,,401,Won Outright,548,Over Previous Gainline,558,6+ Seconds,676,N/A Movement Ruck,0,,0,,0,,0,,0,,0,0,0,0,,2,83,83,1,10,953,Canada,951,Romania,12/07/2024,19:00,13,10,35,22,32,22,1146,TD Place,-1,NA,1,2023,18,3,Tighthead Prop,0,,0,,1000761,Hollie Davidson,1001076,Kat Roche,1001022,Luke Rogan,-1,,3,International,Y,W
2467,941540,27090,Conor Keys,953,Canada,6242.36,6242.36,7554,2,34,50,0,0,43,Ruck OOA,574,Secured,583,Own Team 1st Entry,588,OOA Entry 1st Entry- Att,632,Attacking OOA,0,1,0,,0,,0,,0,,0,,0,0,0,0,,2,83,83,1,10,953,Canada,951,Romania,12/07/2024,19:00,13,10,35,22,32,22,1146,TD Place,-1,NA,1,2023,04,4,Lock (4),0,,0,,1000761,Hollie Davidson,1001076,Kat Roche,1001022,Luke Rogan,-1,,3,International,Y,W
2468,941540,38465,Mason Flesch,953,Canada,6242.76,6242.76,7554,2,34,50,0,0,43,Ruck OOA,574,Secured,584,Own Team 2nd Entry,589,OOA Entry 2nd Entry- Att,632,Attacking OOA,0,2,0,,0,,0,,0,,0,,0,0,0,0,,2,83,83,1,10,953,Canada,951,Romania,12/07/2024,19:00,13,10,35,22,32,22,1146,TD Place,-1,NA,1,2023,06,6,Blindside Flanker,0,,0,,1000761,Hollie Davidson,1001076,Kat Roche,1001022,Luke Rogan,-1,,3,International,Y,W
2469,941540,25181,Kyle Baillie,953,Canada,6244.56,6244.56,7556,2,34,50,0,0,43,Ruck OOA,575,Attended,585,Own Team 3rd Entry,590,OOA Entry 3rd Entry- Att,632,Attacking OOA,0,3,0,,0,,0,,0,,0,,0,0,0,0,,2,83,83,1,10,953,Canada,951,Romania,12/07/2024,19:00,13,10,35,22,32,22,1146,TD Place,-1,NA,1,2023,05,5,Lock (5),0,,0,,1000761,Hollie Davidson,1001076,Kat Roche,1001022,Luke Rogan,-1,,3,International,Y,W
2470,941540,58656,Calixto Martinez,953,Canada,6246.96,6246.96,7558,2,34,50,0,0,43,Ruck OOA,575,Attended,586,Own Team 4th Entry,591,OOA Entry 4th Entry- Att,632,Attacking OOA,0,4,0,,0,,0,,0,,0,,0,0,0,0,,2,83,83,1,10,953,Canada,951,Romania,12/07/2024,19:00,13,10,35,22,32,22,1146,TD Place,-1,NA,1,2023,17,1,Loosehead Prop,0,,0,,1000761,Hollie Davidson,1001076,Kat Roche,1001022,Luke Rogan,-1,,3,International,Y,W
2471,941540,38159,Jason Higgins,953,Canada,6249.36,6249.36,7601,2,34,50,0,0,18,Collection,631,General Catch,0,,0,,0,,0,,0,,0,,0,,0,,0,,0,0,0,0,,3,83,83,1,10,953,Canada,951,Romania,12/07/2024,19:00,13,10,35,22,32,22,1146,TD Place,-1,NA,1,2023,09,9,Scrum Half,0,,0,,1000761,Hollie Davidson,1001076,Kat Roche,1001022,Luke Rogan,-1,,3,International,Y,W
2472,941540,38159,Jason Higgins,953,Canada,6249.36,6249.36,7601,2,34,50,0,0,47,Playmaker Options,671,Halfback at Breakdown,674,Playmaker Option - Kick,0,,0,,0,,0,,0,,0,,0,,0,,0,0,0,0,,3,83,83,1,10,953,Canada,951,Romania,12/07/2024,19:00,13,10,35,22,32,22,1146,TD Place,-1,NA,1,2023,09,9,Scrum Half,0,,0,,1000761,Hollie Davidson,1001076,Kat Roche,1001022,Luke Rogan,-1,,3,International,Y,W
2473,941540,38159,Jason Higgins,953,Canada,6250.00,6254.56,7601,2,34,50,55,39,4,Kick,346,Box,198,Caught Full,185,Kick in Play,0,,0,,0,,0,,0,,0,,0,,21,24,0,0,,3,83,83,1,10,953,Canada,951,Romania,12/07/2024,19:00,13,10,35,22,32,22,1146,TD Place,-1,NA,1,2023,09,9,Scrum Half,0,,0,,1000761,Hollie Davidson,1001076,Kat Roche,1001022,Luke Rogan,-1,,3,International,Y,W
2474,941540,0,,953,Canada,6233.28,6254.56,7606,2,26,51,55,39,15,Possession,348,Lineout Steal,351,Kick in Play,0,,684,Fails to enter into Opposition 22,0,,0,,0,,0,,0,,0,,29,0,0,0,,3,83,83,1,10,953,Canada,951,Romania,12/07/2024,19:00,13,10,35,22,32,22,1146,TD Place,-1,NA,1,2023,,,,0,,0,,1000761,Hollie Davidson,1001076,Kat Roche,1001022,Luke Rogan,-1,,3,International,Y,W
2475,941540,27035,Marius Simionescu,951,Romania,6254.56,6254.56,7606,2,45,29,0,0,18,Collection,273,Defensive Catch,277,Success,0,,0,,0,,0,,0,,0,,0,,0,,0,0,0,0,,1,84,83,1,10,953,Canada,951,Romania,12/07/2024,19:00,13,10,35,22,32,22,1146,TD Place,-1,NA,1,2023,14,14,Right Wing,0,,0,,1000761,Hollie Davidson,1001076,Kat Roche,1001022,Luke Rogan,-1,,3,International,N,L
2476,941540,27035,Marius Simionescu,951,Romania,6254.56,6256.92,7606,2,45,29,53,29,1,Carry,104,Kick Return,108,Tackled Neutral,109,Crossed Gain line,461,Neutral Contact,502,2 Tacklers Committed,700,0th Receiver,0,,0,,0,,0,,8,8,1,1,,1,84,83,1,10,953,Canada,951,Romania,12/07/2024,19:00,13,10,35,22,32,22,1146,TD Place,-1,NA,1,2023,14,14,Right Wing,0,,0,,1000761,Hollie Davidson,1001076,Kat Roche,1001022,Luke Rogan,-1,,3,International,N,L
2477,941540,25183,Lucas Rumball,953,Canada,6255.76,6255.76,7607,2,48,38,0,0,2,Tackle,142,Chase,153,Complete,0,,474,Neutral Tackle,708,1st Tackler,0,,0,,0,,0,,0,,0,0,0,0,,1,84,83,1,10,953,Canada,951,Romania,12/07/2024,19:00,13,10,35,22,32,22,1146,TD Place,-1,NA,1,2023,08,8,Number 8,0,,0,,1000761,Hollie Davidson,1001076,Kat Roche,1001022,Luke Rogan,-1,,3,International,Y,W
2478,941540,59972,Sion Parry,953,Canada,6256.28,6256.28,7608,2,48,38,0,0,2,Tackle,142,Chase,153,Complete,441,Assist,474,Neutral Tackle,709,2nd Tackler,0,,0,,0,,0,,0,,0,0,0,0,,1,84,83,1,10,953,Canada,951,Romania,12/07/2024,19:00,13,10,35,22,32,22,1146,TD Place,-1,NA,1,2023,20,7,Openside Flanker,0,,0,,1000761,Hollie Davidson,1001076,Kat Roche,1001022,Luke Rogan,-1,,3,International,Y,W
2479,941540,27035,Marius Simionescu,951,Romania,6256.92,6257.80,7608,2,53,29,0,0,23,Ruck,0,,401,Won Outright,551,N/A Gainline,552,0-1 Seconds,660,Wide Right Open Movement Ruck,0,,0,,0,,0,,0,,0,0,-2,37,,1,84,83,1,10,953,Canada,951,Romania,12/07/2024,19:00,13,10,35,22,32,22,1146,TD Place,-1,NA,1,2023,14,14,Right Wing,0,,0,,1000761,Hollie Davidson,1001076,Kat Roche,1001022,Luke Rogan,-1,,3,International,N,L
2480,941540,63895,Yanis Horvat,951,Romania,6257.16,6257.16,7608,2,53,29,0,0,43,Ruck OOA,574,Secured,583,Own Team 1st Entry,588,OOA Entry 1st Entry- Att,632,Attacking OOA,0,1,0,,0,,0,,0,,0,,0,0,0,0,,1,84,83,1,10,953,Canada,951,Romania,12/07/2024,19:00,13,10,35,22,32,22,1146,TD Place,-1,NA,1,2023,04,4,Lock (4),0,,0,,1000761,Hollie Davidson,1001076,Kat Roche,1001022,Luke Rogan,-1,,3,International,N,L
2481,941540,27747,Hinckley Vaovasa,951,Romania,6257.68,6257.68,7609,2,53,29,0,0,43,Ruck OOA,574,Secured,584,Own Team 2nd Entry,589,OOA Entry 2nd Entry- Att,632,Attacking OOA,0,2,0,,0,,0,,0,,0,,0,0,0,0,,1,84,83,1,10,953,Canada,951,Romania,12/07/2024,19:00,13,10,35,22,32,22,1146,TD Place,-1,NA,1,2023,10,10,Fly Half,0,,0,,1000761,Hollie Davidson,1001076,Kat Roche,1001022,Luke Rogan,-1,,3,International,N,L
2482,941540,59972,Sion Parry,953,Canada,6257.76,6257.76,7609,2,48,39,0,0,43,Ruck OOA,577,Not Clearing,583,Own Team 1st Entry,603,OOA Entry 1st Entry- Def,633,Defensive OOA,0,1,0,,0,,0,,0,,0,,0,0,0,0,,1,84,83,1,10,953,Canada,951,Romania,12/07/2024,19:00,13,10,35,22,32,22,1146,TD Place,-1,NA,1,2023,20,7,Openside Flanker,0,,0,,1000761,Hollie Davidson,1001076,Kat Roche,1001022,Luke Rogan,-1,,3,International,Y,W
2483,941540,33152,Gabriel Rupanu,951,Romania,6257.80,6257.80,7609,2,53,29,0,0,18,Collection,631,General Catch,0,,0,,0,,0,,0,,0,,0,,0,,0,,0,0,0,0,,2,84,83,1,10,953,Canada,951,Romania,12/07/2024,19:00,13,10,35,22,32,22,1146,TD Place,-1,NA,1,2023,21,9,Scrum Half,0,,0,,1000761,Hollie Davidson,1001076,Kat Roche,1001022,Luke Rogan,-1,,3,International,N,L
2484,941540,33152,Gabriel Rupanu,951,Romania,6257.80,6257.80,7609,2,53,29,0,0,47,Playmaker Options,671,Halfback at Breakdown,675,Playmaker Option - Pass,0,,0,,0,,0,,0,,0,,0,,0,,0,0,0,0,,2,84,83,1,10,953,Canada,951,Romania,12/07/2024,19:00,13,10,35,22,32,22,1146,TD Place,-1,NA,1,2023,21,9,Scrum Half,0,,0,,1000761,Hollie Davidson,1001076,Kat Roche,1001022,Luke Rogan,-1,,3,International,N,L
2485,941540,33152,Gabriel Rupanu,951,Romania,6258.36,6260.08,7610,2,53,29,51,44,3,Pass,169,Complete,0,,680,Long Pass,682,Right Pass,700,0th Receiver,0,,0,,0,,0,,0,,16,16,1,0,,2,84,83,1,10,953,Canada,951,Romania,12/07/2024,19:00,13,10,35,22,32,22,1146,TD Place,-1,NA,1,2023,21,9,Scrum Half,0,,0,,1000761,Hollie Davidson,1001076,Kat Roche,1001022,Luke Rogan,-1,,3,International,N,L
2486,941540,27037,Fonovai Tangimana,951,Romania,6260.08,6260.08,7611,2,51,44,0,0,18,Collection,631,General Catch,0,,0,,0,,0,,0,,0,,0,,0,,0,,0,0,0,0,,2,84,83,1,10,953,Canada,951,Romania,12/07/2024,19:00,13,10,35,22,32,22,1146,TD Place,-1,NA,1,2023,20,7,Openside Flanker,0,,0,,1000761,Hollie Davidson,1001076,Kat Roche,1001022,Luke Rogan,-1,,3,International,N,L
2487,941540,27037,Fonovai Tangimana,951,Romania,6260.08,6260.08,7611,2,51,44,0,0,47,Playmaker Options,656,First Receiver,675,Playmaker Option - Pass,0,,0,,0,,0,,0,,0,,0,,0,,0,0,0,0,,2,84,83,1,10,953,Canada,951,Romania,12/07/2024,19:00,13,10,35,22,32,22,1146,TD Place,-1,NA,1,2023,20,7,Openside Flanker,0,,0,,1000761,Hollie Davidson,1001076,Kat Roche,1001022,Luke Rogan,-1,,3,International,N,L
2488,941540,27037,Fonovai Tangimana,951,Romania,6260.12,6262.52,7611,2,53,46,48,60,3,Pass,174,Incomplete,0,,686,Medium Pass,682,Right Pass,701,1st Receiver,0,,0,,0,,0,,0,,15,16,5,0,,2,84,83,1,10,953,Canada,951,Romania,12/07/2024,19:00,13,10,35,22,32,22,1146,TD Place,-1,NA,1,2023,20,7,Openside Flanker,0,,0,,1000761,Hollie Davidson,1001076,Kat Roche,1001022,Luke Rogan,-1,,3,International,N,L
2489,941540,60960,Mihai Graure,951,Romania,6262.52,6262.52,7614,2,48,60,0,0,18,Collection,272,Attacking Loose Ball,277,Success,0,,0,,0,,0,,0,,0,,0,,0,,0,0,0,0,,2,84,83,1,10,953,Canada,951,Romania,12/07/2024,19:00,13,10,35,22,32,22,1146,TD Place,-1,NA,1,2023,13,13,Outside Centre,0,,0,,1000761,Hollie Davidson,1001076,Kat Roche,1001022,Luke Rogan,-1,,3,International,N,L
2490,941540,60960,Mihai Graure,951,Romania,6262.52,6262.52,7614,2,48,60,0,0,47,Playmaker Options,657,Second Receiver,673,Playmaker Option - Carry,0,,0,,0,,0,,0,,0,,0,,0,,0,0,0,0,,2,84,83,1,10,953,Canada,951,Romania,12/07/2024,19:00,13,10,35,22,32,22,1146,TD Place,-1,NA,1,2023,13,13,Outside Centre,0,,0,,1000761,Hollie Davidson,1001076,Kat Roche,1001022,Luke Rogan,-1,,3,International,N,L
2491,941540,60960,Mihai Graure,951,Romania,6262.52,6264.48,7614,2,48,60,51,65,1,Carry,103,Other Carry,108,Tackled Neutral,111,Failed Gain line,461,Neutral Contact,501,1 Tacklers Committed,702,2nd Receiver,0,,0,,0,,0,,0,3,1,1,,2,84,83,1,10,953,Canada,951,Romania,12/07/2024,19:00,13,10,35,22,32,22,1146,TD Place,-1,NA,1,2023,13,13,Outside Centre,0,,0,,1000761,Hollie Davidson,1001076,Kat Roche,1001022,Luke Rogan,-1,,3,International,N,L
2492,941540,38501,Nic Benn,953,Canada,6264.04,6264.04,7615,2,51,4,0,0,2,Tackle,146,Edge,153,Complete,0,,474,Neutral Tackle,708,1st Tackler,0,,0,,0,,0,,0,,0,0,0,0,,2,84,83,1,10,953,Canada,951,Romania,12/07/2024,19:00,13,10,35,22,32,22,1146,TD Place,-1,NA,1,2023,11,11,Left Wing,0,,0,,1000761,Hollie Davidson,1001076,Kat Roche,1001022,Luke Rogan,-1,,3,International,Y,W
2493,941540,60960,Mihai Graure,951,Romania,6264.48,6266.20,7616,2,51,65,0,0,23,Ruck,0,,401,Won Outright,549,Behind Previous Gainline,553,1-2 Seconds,661,Mid Left Open Movement Ruck,0,,0,,0,,0,,0,,0,0,-2,10,,2,84,83,1,10,953,Canada,951,Romania,12/07/2024,19:00,13,10,35,22,32,22,1146,TD Place,-1,NA,1,2023,13,13,Outside Centre,0,,0,,1000761,Hollie Davidson,1001076,Kat Roche,1001022,Luke Rogan,-1,,3,International,N,L
2494,941540,25195,Ben LeSage,953,Canada,6264.60,6264.60,7616,2,49,3,0,0,43,Ruck OOA,577,Not Clearing,583,Own Team 1st Entry,603,OOA Entry 1st Entry- Def,633,Defensive OOA,0,1,0,,0,,0,,0,,0,,0,0,0,0,,2,84,83,1,10,953,Canada,951,Romania,12/07/2024,19:00,13,10,35,22,32,22,1146,TD Place,-1,NA,1,2023,13,13,Outside Centre,0,,0,,1000761,Hollie Davidson,1001076,Kat Roche,1001022,Luke Rogan,-1,,3,International,Y,W
2495,941540,33463,Paul Popoaia,951,Romania,6264.76,6264.76,7616,2,51,65,0,0,43,Ruck OOA,574,Secured,583,Own Team 1st Entry,588,OOA Entry 1st Entry- Att,632,Attacking OOA,0,1,0,,0,,0,,0,,0,,0,0,0,0,,2,84,83,1,10,953,Canada,951,Romania,12/07/2024,19:00,13,10,35,22,32,22,1146,TD Place,-1,NA,1,2023,15,15,Full Back,0,,0,,1000761,Hollie Davidson,1001076,Kat Roche,1001022,Luke Rogan,-1,,3,International,N,L
2496,941540,40389,Jason Tomane,951,Romania,6265.76,6265.76,7617,2,51,65,0,0,43,Ruck OOA,574,Secured,584,Own Team 2nd Entry,589,OOA Entry 2nd Entry- Att,632,Attacking OOA,0,2,0,,0,,0,,0,,0,,0,0,0,0,,2,84,83,1,10,953,Canada,951,Romania,12/07/2024,19:00,13,10,35,22,32,22,1146,TD Place,-1,NA,1,2023,12,12,Inside Centre,0,,0,,1000761,Hollie Davidson,1001076,Kat Roche,1001022,Luke Rogan,-1,,3,International,N,L
2497,941540,33152,Gabriel Rupanu,951,Romania,6266.20,6266.20,7617,2,51,65,0,0,18,Collection,631,General Catch,0,,0,,0,,0,,0,,0,,0,,0,,0,,0,0,0,0,,3,84,83,1,10,953,Canada,951,Romania,12/07/2024,19:00,13,10,35,22,32,22,1146,TD Place,-1,NA,1,2023,21,9,Scrum Half,0,,0,,1000761,Hollie Davidson,1001076,Kat Roche,1001022,Luke Rogan,-1,,3,International,N,L
2498,941540,33152,Gabriel Rupanu,951,Romania,6266.20,6266.20,7617,2,51,65,0,0,47,Playmaker Options,671,Halfback at Breakdown,675,Playmaker Option - Pass,0,,0,,0,,0,,0,,0,,0,,0,,0,0,0,0,,3,84,83,1,10,953,Canada,951,Romania,12/07/2024,19:00,13,10,35,22,32,22,1146,TD Place,-1,NA,1,2023,21,9,Scrum Half,0,,0,,1000761,Hollie Davidson,1001076,Kat Roche,1001022,Luke Rogan,-1,,3,International,N,L
2499,941540,33152,Gabriel Rupanu,951,Romania,6266.68,6267.96,7618,2,51,65,47,54,3,Pass,169,Complete,0,,686,Medium Pass,681,Left Pass,700,0th Receiver,0,,0,,0,,0,,0,,11,11,3,0,,3,84,83,1,10,953,Canada,951,Romania,12/07/2024,19:00,13,10,35,22,32,22,1146,TD Place,-1,NA,1,2023,21,9,Scrum Half,0,,0,,1000761,Hollie Davidson,1001076,Kat Roche,1001022,Luke Rogan,-1,,3,International,N,L
2500,941540,27535,Alexandru Savin,951,Romania,6267.96,6267.96,7619,2,47,54,0,0,18,Collection,631,General Catch,0,,0,,0,,0,,0,,0,,0,,0,,0,,0,0,0,0,,3,84,83,1,10,953,Canada,951,Romania,12/07/2024,19:00,13,10,35,22,32,22,1146,TD Place,-1,NA,1,2023,17,1,Loosehead Prop,0,,0,,1000761,Hollie Davidson,1001076,Kat Roche,1001022,Luke Rogan,-1,,3,International,N,L
2501,941540,27535,Alexandru Savin,951,Romania,6267.96,6267.96,7619,2,47,54,0,0,47,Playmaker Options,656,First Receiver,673,Playmaker Option - Carry,0,,0,,0,,0,,0,,0,,0,,0,,0,0,0,0,,3,84,83,1,10,953,Canada,951,Romania,12/07/2024,19:00,13,10,35,22,32,22,1146,TD Place,-1,NA,1,2023,17,1,Loosehead Prop,0,,0,,1000761,Hollie Davidson,1001076,Kat Roche,1001022,Luke Rogan,-1,,3,International,N,L
2502,941540,27535,Alexandru Savin,951,Romania,6267.96,6270.36,7619,2,47,54,49,55,1,Carry,101,One Out Drive,409,Tackled Ineffective,111,Failed Gain line,462,Ineffective Contact,502,2 Tacklers Committed,701,1st Receiver,0,,0,,0,,0,,0,2,0,0,,3,84,83,1,10,953,Canada,951,Romania,12/07/2024,19:00,13,10,35,22,32,22,1146,TD Place,-1,NA,1,2023,17,1,Loosehead Prop,0,,0,,1000761,Hollie Davidson,1001076,Kat Roche,1001022,Luke Rogan,-1,,3,International,N,L
2503,941540,27090,Conor Keys,953,Canada,6269.12,6269.12,7620,2,51,12,0,0,2,Tackle,144,Line,159,Sack,0,,473,Dominant Tackle,708,1st Tackler,0,,0,,0,,0,,0,,0,0,0,0,,3,84,83,1,10,953,Canada,951,Romania,12/07/2024,19:00,13,10,35,22,32,22,1146,TD Place,-1,NA,1,2023,04,4,Lock (4),0,,0,,1000761,Hollie Davidson,1001076,Kat Roche,1001022,Luke Rogan,-1,,3,International,Y,W
2504,941540,59972,Sion Parry,953,Canada,6269.36,6269.36,7621,2,51,12,0,0,2,Tackle,144,Line,159,Sack,441,Assist,473,Dominant Tackle,709,2nd Tackler,0,,0,,0,,0,,0,,0,0,0,0,,3,84,83,1,10,953,Canada,951,Romania,12/07/2024,19:00,13,10,35,22,32,22,1146,TD Place,-1,NA,1,2023,20,7,Openside Flanker,0,,0,,1000761,Hollie Davidson,1001076,Kat Roche,1001022,Luke Rogan,-1,,3,International,Y,W
2505,941540,27535,Alexandru Savin,951,Romania,6270.36,6274.48,7622,2,49,55,0,0,23,Ruck,0,,452,Unplayable,549,Behind Previous Gainline,559,N/A Ruck Speed,676,N/A Movement Ruck,0,,0,,0,,0,,0,,0,0,0,0,,3,84,83,1,10,953,Canada,951,Romania,12/07/2024,19:00,13,10,35,22,32,22,1146,TD Place,-1,NA,1,2023,17,1,Loosehead Prop,0,,0,,1000761,Hollie Davidson,1001076,Kat Roche,1001022,Luke Rogan,-1,,3,International,N,L
2506,941540,29316,Nicolaas Immelman,951,Romania,6271.40,6271.40,7623,2,49,55,0,0,43,Ruck OOA,574,Secured,583,Own Team 1st Entry,588,OOA Entry 1st Entry- Att,632,Attacking OOA,0,1,0,,0,,0,,0,,0,,0,0,0,0,,3,84,83,1,10,953,Canada,951,Romania,12/07/2024,19:00,13,10,35,22,32,22,1146,TD Place,-1,NA,1,2023,08,8,Number 8,0,,0,,1000761,Hollie Davidson,1001076,Kat Roche,1001022,Luke Rogan,-1,,3,International,N,L
2507,941540,38195,Rob Irimescu,951,Romania,6271.52,6271.52,7623,2,49,55,0,0,43,Ruck OOA,574,Secured,584,Own Team 2nd Entry,589,OOA Entry 2nd Entry- Att,632,Attacking OOA,0,2,0,,0,,0,,0,,0,,0,0,0,0,,3,84,83,1,10,953,Canada,951,Romania,12/07/2024,19:00,13,10,35,22,32,22,1146,TD Place,-1,NA,1,2023,16,2,Hooker,0,,0,,1000761,Hollie Davidson,1001076,Kat Roche,1001022,Luke Rogan,-1,,3,International,N,L
2508,941540,58656,Calixto Martinez,953,Canada,6272.20,6272.20,7623,2,51,13,0,0,43,Ruck OOA,577,Not Clearing,583,Own Team 1st Entry,603,OOA Entry 1st Entry- Def,633,Defensive OOA,0,1,0,,0,,0,,0,,0,,0,0,0,0,,3,84,83,1,10,953,Canada,951,Romania,12/07/2024,19:00,13,10,35,22,32,22,1146,TD Place,-1,NA,1,2023,17,1,Loosehead Prop,0,,0,,1000761,Hollie Davidson,1001076,Kat Roche,1001022,Luke Rogan,-1,,3,International,Y,W
2509,941540,27410,Cole Keith,953,Canada,6273.60,6273.60,7625,2,51,13,0,0,43,Ruck OOA,577,Not Clearing,584,Own Team 2nd Entry,604,OOA Entry 2nd Entry- Def,633,Defensive OOA,0,2,0,,0,,0,,0,,0,,0,0,0,0,,3,84,83,1,10,953,Canada,951,Romania,12/07/2024,19:00,13,10,35,22,32,22,1146,TD Place,-1,NA,1,2023,18,3,Tighthead Prop,0,,0,,1000761,Hollie Davidson,1001076,Kat Roche,1001022,Luke Rogan,-1,,3,International,Y,W
2510,941540,0,,951,Romania,6229.92,6274.48,7626,2,73,0,49,55,26,Sequences,348,Lineout Steal,317,Scrum,0,,0,,0,,0,,0,,0,,0,,0,,-24,0,0,0,,3,84,83,1,10,953,Canada,951,Romania,12/07/2024,19:00,13,10,35,22,32,22,1146,TD Place,-1,NA,1,2023,,,,0,,0,,1000761,Hollie Davidson,1001076,Kat Roche,1001022,Luke Rogan,-1,,3,International,N,L
2511,941540,0,,951,Romania,6254.56,6274.48,7626,2,45,29,49,55,15,Possession,311,Kick Return,317,Scrum,0,,684,Fails to enter into Opposition 22,0,,0,,0,,0,,0,,0,,4,0,0,0,,3,84,83,1,10,953,Canada,951,Romania,12/07/2024,19:00,13,10,35,22,32,22,1146,TD Place,-1,NA,1,2023,,,,0,,0,,1000761,Hollie Davidson,1001076,Kat Roche,1001022,Luke Rogan,-1,,3,International,N,L
2512,941540,0,,953,Canada,6301.56,6313.24,7653,2,49,55,0,0,17,Period,0,Period,0,,0,,0,,0,,0,,0,,0,,0,,0,,0,0,0,0,,3,84,83,1,10,953,Canada,951,Romania,12/07/2024,19:00,13,10,35,22,32,22,1146,TD Place,-1,NA,1,2023,,,,0,,0,,1000761,Hollie Davidson,1001076,Kat Roche,1001022,Luke Rogan,-1,,3,International,Y,W
2513,941540,25189,Andrew Quattrin,953,Canada,6306.44,6306.44,7653,2,51,13,0,0,41,Sub Out,562,Tactical,0,,0,,0,,0,,0,,0,,0,,0,,0,,0,0,0,0,,3,84,83,0,10,953,Canada,951,Romania,12/07/2024,19:00,13,10,35,22,32,22,1146,TD Place,-1,NA,1,2023,02,2,Hooker,0,,0,,1000761,Hollie Davidson,1001076,Kat Roche,1001022,Luke Rogan,-1,,3,International,Y,W
2514,941540,38836,Dewald Kotze,953,Canada,6306.48,6306.48,7653,2,51,13,0,0,42,Sub In,562,Tactical,0,,0,,0,,0,,0,,0,,0,,0,,0,,0,0,0,0,,3,84,83,1,10,953,Canada,951,Romania,12/07/2024,19:00,13,10,35,22,32,22,1146,TD Place,-1,NA,1,2023,16,2,Hooker,0,,0,,1000761,Hollie Davidson,1001076,Kat Roche,1001022,Luke Rogan,-1,,3,International,Y,W
2515,941540,33463,Paul Popoaia,951,Romania,6309.28,6309.28,7653,2,49,55,0,0,41,Sub Out,562,Tactical,0,,0,,0,,0,,0,,0,,0,,0,,0,,0,0,0,0,,3,84,83,2,10,953,Canada,951,Romania,12/07/2024,19:00,13,10,35,22,32,22,1146,TD Place,-1,NA,1,2023,15,15,Full Back,0,,0,,1000761,Hollie Davidson,1001076,Kat Roche,1001022,Luke Rogan,-1,,3,International,N,L
2516,941540,63897,Corrado Stetco,951,Romania,6309.32,6309.32,7653,2,49,55,0,0,42,Sub In,562,Tactical,0,,0,,0,,0,,0,,0,,0,,0,,0,,0,0,0,0,,3,84,83,1,10,953,Canada,951,Romania,12/07/2024,19:00,13,10,35,22,32,22,1146,TD Place,-1,NA,1,2023,22,11,Left Wing,0,,0,,1000761,Hollie Davidson,1001076,Kat Roche,1001022,Luke Rogan,-1,,3,International,N,L
2517,941540,33152,Gabriel Rupanu,951,Romania,6337.52,6341.64,7717,2,49,55,0,0,5,Scrum,0,,356,Won Free Kick,365,Neutral,0,,676,N/A Movement Scrum,0,,0,,0,,0,,0,,0,0,0,0,,1,84,84,1,10,953,Canada,951,Romania,12/07/2024,19:00,13,10,35,22,32,22,1146,TD Place,-1,NA,1,2023,21,9,Scrum Half,0,,0,,1000761,Hollie Davidson,1001076,Kat Roche,1001022,Luke Rogan,-1,,3,International,N,L
2518,941540,34102,Vasile Balan,951,Romania,6337.52,6341.64,7717,2,49,55,0,0,28,,0,,356,Won Free Kick,365,Neutral,0,,0,,0,,0,,0,,0,,0,,0,0,0,0,,1,84,84,1,10,953,Canada,951,Romania,12/07/2024,19:00,13,10,35,22,32,22,1146,TD Place,-1,NA,1,2023,03,3,Tighthead Prop,0,,0,,1000761,Hollie Davidson,1001076,Kat Roche,1001022,Luke Rogan,-1,,3,International,N,L
2519,941540,63895,Yanis Horvat,951,Romania,6337.52,6341.64,7717,2,49,55,0,0,28,,0,,356,Won Free Kick,365,Neutral,0,,0,,0,,0,,0,,0,,0,,0,0,0,0,,1,84,84,1,10,953,Canada,951,Romania,12/07/2024,19:00,13,10,35,22,32,22,1146,TD Place,-1,NA,1,2023,04,4,Lock (4),0,,0,,1000761,Hollie Davidson,1001076,Kat Roche,1001022,Luke Rogan,-1,,3,International,N,L
2520,941540,33151,Vlad Neculau,951,Romania,6337.52,6341.64,7717,2,49,55,0,0,28,,0,,356,Won Free Kick,365,Neutral,0,,0,,0,,0,,0,,0,,0,,0,0,0,0,,1,84,84,1,10,953,Canada,951,Romania,12/07/2024,19:00,13,10,35,22,32,22,1146,TD Place,-1,NA,1,2023,06,6,Blindside Flanker,0,,0,,1000761,Hollie Davidson,1001076,Kat Roche,1001022,Luke Rogan,-1,,3,International,N,L
2521,941540,29316,Nicolaas Immelman,951,Romania,6337.52,6341.64,7717,2,49,55,0,0,28,,0,,356,Won Free Kick,365,Neutral,0,,0,,0,,0,,0,,0,,0,,0,0,0,0,,1,84,84,1,10,953,Canada,951,Romania,12/07/2024,19:00,13,10,35,22,32,22,1146,TD Place,-1,NA,1,2023,08,8,Number 8,0,,0,,1000761,Hollie Davidson,1001076,Kat Roche,1001022,Luke Rogan,-1,,3,International,N,L
2522,941540,38195,Rob Irimescu,951,Romania,6337.52,6341.64,7717,2,49,55,0,0,28,,0,,356,Won Free Kick,365,Neutral,0,,0,,0,,0,,0,,0,,0,,0,0,0,0,,1,84,84,1,10,953,Canada,951,Romania,12/07/2024,19:00,13,10,35,22,32,22,1146,TD Place,-1,NA,1,2023,16,2,Hooker,0,,0,,1000761,Hollie Davidson,1001076,Kat Roche,1001022,Luke Rogan,-1,,3,International,N,L
2523,941540,27535,Alexandru Savin,951,Romania,6337.52,6341.64,7717,2,49,55,0,0,28,,0,,356,Won Free Kick,365,Neutral,0,,0,,0,,0,,0,,0,,0,,0,0,0,0,,1,84,84,1,10,953,Canada,951,Romania,12/07/2024,19:00,13,10,35,22,32,22,1146,TD Place,-1,NA,1,2023,17,1,Loosehead Prop,0,,0,,1000761,Hollie Davidson,1001076,Kat Roche,1001022,Luke Rogan,-1,,3,International,N,L
2524,941540,27028,Marius Iftimiciuc,951,Romania,6337.52,6341.64,7717,2,49,55,0,0,28,,0,,356,Won Free Kick,365,Neutral,0,,0,,0,,0,,0,,0,,0,,0,0,0,0,,1,84,84,1,10,953,Canada,951,Romania,12/07/2024,19:00,13,10,35,22,32,22,1146,TD Place,-1,NA,1,2023,19,5,Lock (5),0,,0,,1000761,Hollie Davidson,1001076,Kat Roche,1001022,Luke Rogan,-1,,3,International,N,L
2525,941540,27037,Fonovai Tangimana,951,Romania,6337.52,6341.64,7717,2,49,55,0,0,28,,0,,356,Won Free Kick,365,Neutral,0,,0,,0,,0,,0,,0,,0,,0,0,0,0,,1,84,84,1,10,953,Canada,951,Romania,12/07/2024,19:00,13,10,35,22,32,22,1146,TD Place,-1,NA,1,2023,20,7,Openside Flanker,0,,0,,1000761,Hollie Davidson,1001076,Kat Roche,1001022,Luke Rogan,-1,,3,International,N,L
2526,941540,27090,Conor Keys,953,Canada,6337.52,6341.64,7717,2,49,55,0,0,29,,0,,356,Won Free Kick,365,Neutral,0,,0,,0,,0,,0,,0,,0,,0,0,0,0,,1,84,84,1,10,953,Canada,951,Romania,12/07/2024,19:00,13,10,35,22,32,22,1146,TD Place,-1,NA,1,2023,04,4,Lock (4),0,,0,,1000761,Hollie Davidson,1001076,Kat Roche,1001022,Luke Rogan,-1,,3,International,Y,W
2527,941540,25181,Kyle Baillie,953,Canada,6337.52,6341.64,7717,2,49,55,0,0,29,,0,,356,Won Free Kick,365,Neutral,0,,0,,0,,0,,0,,0,,0,,0,0,0,0,,1,84,84,1,10,953,Canada,951,Romania,12/07/2024,19:00,13,10,35,22,32,22,1146,TD Place,-1,NA,1,2023,05,5,Lock (5),0,,0,,1000761,Hollie Davidson,1001076,Kat Roche,1001022,Luke Rogan,-1,,3,International,Y,W
2528,941540,38465,Mason Flesch,953,Canada,6337.52,6341.64,7717,2,49,55,0,0,29,,0,,356,Won Free Kick,365,Neutral,0,,0,,0,,0,,0,,0,,0,,0,0,0,0,,1,84,84,1,10,953,Canada,951,Romania,12/07/2024,19:00,13,10,35,22,32,22,1146,TD Place,-1,NA,1,2023,06,6,Blindside Flanker,0,,0,,1000761,Hollie Davidson,1001076,Kat Roche,1001022,Luke Rogan,-1,,3,International,Y,W
2529,941540,25183,Lucas Rumball,953,Canada,6337.52,6341.64,7717,2,49,55,0,0,29,,0,,356,Won Free Kick,365,Neutral,0,,0,,0,,0,,0,,0,,0,,0,0,0,0,,1,84,84,1,10,953,Canada,951,Romania,12/07/2024,19:00,13,10,35,22,32,22,1146,TD Place,-1,NA,1,2023,08,8,Number 8,0,,0,,1000761,Hollie Davidson,1001076,Kat Roche,1001022,Luke Rogan,-1,,3,International,Y,W
2530,941540,38836,Dewald Kotze,953,Canada,6337.52,6341.64,7717,2,49,55,0,0,29,,0,,356,Won Free Kick,365,Neutral,0,,0,,0,,0,,0,,0,,0,,0,0,0,0,,1,84,84,1,10,953,Canada,951,Romania,12/07/2024,19:00,13,10,35,22,32,22,1146,TD Place,-1,NA,1,2023,16,2,Hooker,0,,0,,1000761,Hollie Davidson,1001076,Kat Roche,1001022,Luke Rogan,-1,,3,International,Y,W
2531,941540,58656,Calixto Martinez,953,Canada,6337.52,6341.64,7717,2,49,55,0,0,29,,0,,356,Won Free Kick,365,Neutral,0,,0,,0,,0,,0,,0,,0,,0,0,0,0,,1,84,84,1,10,953,Canada,951,Romania,12/07/2024,19:00,13,10,35,22,32,22,1146,TD Place,-1,NA,1,2023,17,1,Loosehead Prop,0,,0,,1000761,Hollie Davidson,1001076,Kat Roche,1001022,Luke Rogan,-1,,3,International,Y,W
2532,941540,27410,Cole Keith,953,Canada,6337.52,6341.64,7717,2,49,55,0,0,29,,0,,356,Won Free Kick,365,Neutral,0,,0,,0,,0,,0,,0,,0,,0,0,0,0,,1,84,84,1,10,953,Canada,951,Romania,12/07/2024,19:00,13,10,35,22,32,22,1146,TD Place,-1,NA,1,2023,18,3,Tighthead Prop,0,,0,,1000761,Hollie Davidson,1001076,Kat Roche,1001022,Luke Rogan,-1,,3,International,Y,W
2533,941540,59972,Sion Parry,953,Canada,6337.52,6341.64,7717,2,49,55,0,0,29,,0,,356,Won Free Kick,365,Neutral,0,,0,,0,,0,,0,,0,,0,,0,0,0,0,,1,84,84,1,10,953,Canada,951,Romania,12/07/2024,19:00,13,10,35,22,32,22,1146,TD Place,-1,NA,1,2023,20,7,Openside Flanker,0,,0,,1000761,Hollie Davidson,1001076,Kat Roche,1001022,Luke Rogan,-1,,3,International,Y,W
2534,941540,27410,Cole Keith,953,Canada,6340.36,6340.36,7720,2,51,13,0,0,7,Penalty Conceded,222,Scrum Offence,236,No Action,215,Defence,235,Free Kick,450,Early Engagement,0,,0,,0,,0,,0,,0,0,0,0,,1,84,84,1,10,953,Canada,951,Romania,12/07/2024,19:00,13,10,35,22,32,22,1146,TD Place,-1,NA,1,2023,18,3,Tighthead Prop,0,,0,,1000761,Hollie Davidson,1001076,Kat Roche,1001022,Luke Rogan,-1,,3,International,Y,W
2535,941540,0,,951,Romania,6337.52,6341.64,7721,2,49,55,49,55,26,Sequences,309,Scrum,320,Other,0,,0,,0,,0,,0,,0,,0,,0,,0,0,0,0,,1,84,84,1,10,953,Canada,951,Romania,12/07/2024,19:00,13,10,35,22,32,22,1146,TD Place,-1,NA,1,2023,,,,0,,0,,1000761,Hollie Davidson,1001076,Kat Roche,1001022,Luke Rogan,-1,,3,International,N,L
2536,941540,33152,Gabriel Rupanu,951,Romania,6343.80,6343.80,7723,2,47,55,0,0,18,Collection,631,General Catch,0,,0,,0,,0,,0,,0,,0,,0,,0,,0,0,0,0,,1,85,85,1,10,953,Canada,951,Romania,12/07/2024,19:00,13,10,35,22,32,22,1146,TD Place,-1,NA,1,2023,21,9,Scrum Half,0,,0,,1000761,Hollie Davidson,1001076,Kat Roche,1001022,Luke Rogan,-1,,3,International,N,L
2537,941540,33152,Gabriel Rupanu,951,Romania,6343.84,6345.84,7723,2,47,54,45,41,3,Pass,169,Complete,0,,686,Medium Pass,681,Left Pass,700,0th Receiver,0,,0,,0,,0,,0,,14,14,2,0,,1,85,85,1,10,953,Canada,951,Romania,12/07/2024,19:00,13,10,35,22,32,22,1146,TD Place,-1,NA,1,2023,21,9,Scrum Half,0,,0,,1000761,Hollie Davidson,1001076,Kat Roche,1001022,Luke Rogan,-1,,3,International,N,L
2538,941540,27028,Marius Iftimiciuc,951,Romania,6345.84,6345.84,7725,2,45,41,0,0,18,Collection,631,General Catch,0,,0,,0,,0,,0,,0,,0,,0,,0,,0,0,0,0,,1,85,85,1,10,953,Canada,951,Romania,12/07/2024,19:00,13,10,35,22,32,22,1146,TD Place,-1,NA,1,2023,19,5,Lock (5),0,,0,,1000761,Hollie Davidson,1001076,Kat Roche,1001022,Luke Rogan,-1,,3,International,N,L
2539,941540,27028,Marius Iftimiciuc,951,Romania,6345.84,6348.20,7725,2,45,41,53,34,1,Carry,103,Other Carry,108,Tackled Neutral,109,Crossed Gain line,461,Neutral Contact,501,1 Tacklers Committed,701,1st Receiver,0,,0,,0,,0,,6,7,1,1,,1,85,85,1,10,953,Canada,951,Romania,12/07/2024,19:00,13,10,35,22,32,22,1146,TD Place,-1,NA,1,2023,19,5,Lock (5),0,,0,,1000761,Hollie Davidson,1001076,Kat Roche,1001022,Luke Rogan,-1,,3,International,N,L
2540,941540,38465,Mason Flesch,953,Canada,6346.24,6346.24,7726,2,48,32,0,0,2,Tackle,144,Line,153,Complete,0,,474,Neutral Tackle,708,1st Tackler,0,,0,,0,,0,,0,,0,0,0,0,,1,85,85,1,10,953,Canada,951,Romania,12/07/2024,19:00,13,10,35,22,32,22,1146,TD Place,-1,NA,1,2023,06,6,Blindside Flanker,0,,0,,1000761,Hollie Davidson,1001076,Kat Roche,1001022,Luke Rogan,-1,,3,International,Y,W
2541,941540,19391,Peter Nelson,953,Canada,6346.68,6346.68,7726,2,48,32,0,0,40,Defensive Action,560,Tackle Arrival,0,,0,,0,,0,,0,,0,,0,,0,,0,,0,0,0,0,,1,85,85,1,10,953,Canada,951,Romania,12/07/2024,19:00,13,10,35,22,32,22,1146,TD Place,-1,NA,1,2023,10,10,Fly Half,0,,0,,1000761,Hollie Davidson,1001076,Kat Roche,1001022,Luke Rogan,-1,,3,International,Y,W
2542,941540,27028,Marius Iftimiciuc,951,Romania,6348.20,6348.96,7728,2,53,34,0,0,23,Ruck,0,,401,Won Outright,548,Over Previous Gainline,552,0-1 Seconds,661,Mid Left Open Movement Ruck,0,,0,,0,,0,,0,,0,0,-5,26,,1,85,85,1,10,953,Canada,951,Romania,12/07/2024,19:00,13,10,35,22,32,22,1146,TD Place,-1,NA,1,2023,19,5,Lock (5),0,,0,,1000761,Hollie Davidson,1001076,Kat Roche,1001022,Luke Rogan,-1,,3,International,N,L
2543,941540,33151,Vlad Neculau,951,Romania,6348.56,6348.56,7728,2,53,34,0,0,43,Ruck OOA,574,Secured,583,Own Team 1st Entry,588,OOA Entry 1st Entry- Att,632,Attacking OOA,0,1,0,,0,,0,,0,,0,,0,0,0,0,,1,85,85,1,10,953,Canada,951,Romania,12/07/2024,19:00,13,10,35,22,32,22,1146,TD Place,-1,NA,1,2023,06,6,Blindside Flanker,0,,0,,1000761,Hollie Davidson,1001076,Kat Roche,1001022,Luke Rogan,-1,,3,International,N,L
2544,941540,33152,Gabriel Rupanu,951,Romania,6348.96,6348.96,7729,2,53,34,0,0,18,Collection,631,General Catch,0,,0,,0,,0,,0,,0,,0,,0,,0,,0,0,0,0,,2,85,85,1,10,953,Canada,951,Romania,12/07/2024,19:00,13,10,35,22,32,22,1146,TD Place,-1,NA,1,2023,21,9,Scrum Half,0,,0,,1000761,Hollie Davidson,1001076,Kat Roche,1001022,Luke Rogan,-1,,3,International,N,L
2545,941540,33152,Gabriel Rupanu,951,Romania,6348.96,6348.96,7729,2,53,34,0,0,47,Playmaker Options,671,Halfback at Breakdown,675,Playmaker Option - Pass,0,,0,,0,,0,,0,,0,,0,,0,,0,0,0,0,,2,85,85,1,10,953,Canada,951,Romania,12/07/2024,19:00,13,10,35,22,32,22,1146,TD Place,-1,NA,1,2023,21,9,Scrum Half,0,,0,,1000761,Hollie Davidson,1001076,Kat Roche,1001022,Luke Rogan,-1,,3,International,N,L
2546,941540,33152,Gabriel Rupanu,951,Romania,6349.36,6350.72,7729,2,53,34,47,25,3,Pass,169,Complete,0,,686,Medium Pass,681,Left Pass,700,0th Receiver,0,,0,,0,,0,,0,,9,11,6,0,,2,85,85,1,10,953,Canada,951,Romania,12/07/2024,19:00,13,10,35,22,32,22,1146,TD Place,-1,NA,1,2023,21,9,Scrum Half,0,,0,,1000761,Hollie Davidson,1001076,Kat Roche,1001022,Luke Rogan,-1,,3,International,N,L
2547,941540,40389,Jason Tomane,951,Romania,6350.72,6350.72,7730,2,47,25,0,0,18,Collection,631,General Catch,0,,0,,0,,0,,0,,0,,0,,0,,0,,0,0,0,0,,2,85,85,1,10,953,Canada,951,Romania,12/07/2024,19:00,13,10,35,22,32,22,1146,TD Place,-1,NA,1,2023,12,12,Inside Centre,0,,0,,1000761,Hollie Davidson,1001076,Kat Roche,1001022,Luke Rogan,-1,,3,International,N,L
2548,941540,40389,Jason Tomane,951,Romania,6350.72,6350.72,7730,2,47,25,0,0,47,Playmaker Options,656,First Receiver,675,Playmaker Option - Pass,0,,0,,0,,0,,0,,0,,0,,0,,0,0,0,0,,2,85,85,1,10,953,Canada,951,Romania,12/07/2024,19:00,13,10,35,22,32,22,1146,TD Place,-1,NA,1,2023,12,12,Inside Centre,0,,0,,1000761,Hollie Davidson,1001076,Kat Roche,1001022,Luke Rogan,-1,,3,International,N,L
2549,941540,40389,Jason Tomane,951,Romania,6350.76,6351.64,7730,2,47,24,46,15,3,Pass,169,Complete,0,,686,Medium Pass,681,Left Pass,701,1st Receiver,0,,0,,0,,0,,0,,9,9,1,0,,2,85,85,1,10,953,Canada,951,Romania,12/07/2024,19:00,13,10,35,22,32,22,1146,TD Place,-1,NA,1,2023,12,12,Inside Centre,0,,0,,1000761,Hollie Davidson,1001076,Kat Roche,1001022,Luke Rogan,-1,,3,International,N,L
2550,941540,27747,Hinckley Vaovasa,951,Romania,6351.64,6351.64,7731,2,46,15,0,0,18,Collection,631,General Catch,0,,0,,0,,0,,0,,0,,0,,0,,0,,0,0,0,0,,2,85,85,1,10,953,Canada,951,Romania,12/07/2024,19:00,13,10,35,22,32,22,1146,TD Place,-1,NA,1,2023,10,10,Fly Half,0,,0,,1000761,Hollie Davidson,1001076,Kat Roche,1001022,Luke Rogan,-1,,3,International,N,L
2551,941540,27747,Hinckley Vaovasa,951,Romania,6351.64,6351.64,7731,2,46,15,0,0,47,Playmaker Options,657,Second Receiver,675,Playmaker Option - Pass,0,,0,,0,,0,,0,,0,,0,,0,,0,0,0,0,,2,85,85,1,10,953,Canada,951,Romania,12/07/2024,19:00,13,10,35,22,32,22,1146,TD Place,-1,NA,1,2023,10,10,Fly Half,0,,0,,1000761,Hollie Davidson,1001076,Kat Roche,1001022,Luke Rogan,-1,,3,International,N,L
2552,941540,27747,Hinckley Vaovasa,951,Romania,6351.68,6353.48,7731,2,47,15,46,7,3,Pass,169,Complete,0,,686,Medium Pass,681,Left Pass,702,2nd Receiver,0,,0,,0,,0,,0,,8,8,1,0,,2,85,85,1,10,953,Canada,951,Romania,12/07/2024,19:00,13,10,35,22,32,22,1146,TD Place,-1,NA,1,2023,10,10,Fly Half,0,,0,,1000761,Hollie Davidson,1001076,Kat Roche,1001022,Luke Rogan,-1,,3,International,N,L
2553,941540,27035,Marius Simionescu,951,Romania,6353.48,6353.48,7733,2,46,7,0,0,18,Collection,631,General Catch,0,,0,,0,,0,,0,,0,,0,,0,,0,,0,0,0,0,,2,85,85,1,10,953,Canada,951,Romania,12/07/2024,19:00,13,10,35,22,32,22,1146,TD Place,-1,NA,1,2023,14,14,Right Wing,0,,0,,1000761,Hollie Davidson,1001076,Kat Roche,1001022,Luke Rogan,-1,,3,International,N,L
2554,941540,27035,Marius Simionescu,951,Romania,6353.48,6353.48,7733,2,46,7,0,0,47,Playmaker Options,658,Third Receiver,673,Playmaker Option - Carry,0,,0,,0,,0,,0,,0,,0,,0,,0,0,0,0,,2,85,85,1,10,953,Canada,951,Romania,12/07/2024,19:00,13,10,35,22,32,22,1146,TD Place,-1,NA,1,2023,14,14,Right Wing,0,,0,,1000761,Hollie Davidson,1001076,Kat Roche,1001022,Luke Rogan,-1,,3,International,N,L
2555,941540,27035,Marius Simionescu,951,Romania,6353.48,6356.04,7733,2,46,7,48,9,1,Carry,103,Other Carry,108,Tackled Neutral,111,Failed Gain line,461,Neutral Contact,501,1 Tacklers Committed,703,3rd Receiver,0,,0,,0,,0,,0,2,0,0,,2,85,85,1,10,953,Canada,951,Romania,12/07/2024,19:00,13,10,35,22,32,22,1146,TD Place,-1,NA,1,2023,14,14,Right Wing,0,,0,,1000761,Hollie Davidson,1001076,Kat Roche,1001022,Luke Rogan,-1,,3,International,N,L
2556,941540,25195,Ben LeSage,953,Canada,6355.80,6355.80,7735,2,52,60,0,0,2,Tackle,144,Line,153,Complete,0,,474,Neutral Tackle,708,1st Tackler,0,,0,,0,,0,,0,,0,0,0,0,,2,85,85,1,10,953,Canada,951,Romania,12/07/2024,19:00,13,10,35,22,32,22,1146,TD Place,-1,NA,1,2023,13,13,Outside Centre,0,,0,,1000761,Hollie Davidson,1001076,Kat Roche,1001022,Luke Rogan,-1,,3,International,Y,W
2557,941540,27035,Marius Simionescu,951,Romania,6356.04,6358.52,7736,2,48,9,0,0,23,Ruck,0,,401,Won Outright,549,Behind Previous Gainline,554,2-3 Seconds,662,Mid Right Open Movement Ruck,0,,0,,0,,0,,0,,0,0,0,15,,2,85,85,1,10,953,Canada,951,Romania,12/07/2024,19:00,13,10,35,22,32,22,1146,TD Place,-1,NA,1,2023,14,14,Right Wing,0,,0,,1000761,Hollie Davidson,1001076,Kat Roche,1001022,Luke Rogan,-1,,3,International,N,L
2558,941540,33152,Gabriel Rupanu,951,Romania,6358.52,6358.52,7738,2,48,9,0,0,18,Collection,631,General Catch,0,,0,,0,,0,,0,,0,,0,,0,,0,,0,0,0,0,,3,85,85,1,10,953,Canada,951,Romania,12/07/2024,19:00,13,10,35,22,32,22,1146,TD Place,-1,NA,1,2023,21,9,Scrum Half,0,,0,,1000761,Hollie Davidson,1001076,Kat Roche,1001022,Luke Rogan,-1,,3,International,N,L
2559,941540,33152,Gabriel Rupanu,951,Romania,6358.52,6358.52,7738,2,48,9,0,0,47,Playmaker Options,671,Halfback at Breakdown,675,Playmaker Option - Pass,0,,0,,0,,0,,0,,0,,0,,0,,0,0,0,0,,3,85,85,1,10,953,Canada,951,Romania,12/07/2024,19:00,13,10,35,22,32,22,1146,TD Place,-1,NA,1,2023,21,9,Scrum Half,0,,0,,1000761,Hollie Davidson,1001076,Kat Roche,1001022,Luke Rogan,-1,,3,International,N,L
2560,941540,33152,Gabriel Rupanu,951,Romania,6359.00,6360.80,7739,2,48,9,44,22,3,Pass,169,Complete,0,,686,Medium Pass,682,Right Pass,700,0th Receiver,0,,0,,0,,0,,0,,14,14,4,0,,3,85,85,1,10,953,Canada,951,Romania,12/07/2024,19:00,13,10,35,22,32,22,1146,TD Place,-1,NA,1,2023,21,9,Scrum Half,0,,0,,1000761,Hollie Davidson,1001076,Kat Roche,1001022,Luke Rogan,-1,,3,International,N,L
2561,941540,27028,Marius Iftimiciuc,951,Romania,6360.80,6360.80,7740,2,44,22,0,0,18,Collection,631,General Catch,0,,0,,0,,0,,0,,0,,0,,0,,0,,0,0,0,0,,3,85,85,1,10,953,Canada,951,Romania,12/07/2024,19:00,13,10,35,22,32,22,1146,TD Place,-1,NA,1,2023,19,5,Lock (5),0,,0,,1000761,Hollie Davidson,1001076,Kat Roche,1001022,Luke Rogan,-1,,3,International,N,L
2562,941540,27028,Marius Iftimiciuc,951,Romania,6360.80,6360.80,7740,2,44,22,0,0,47,Playmaker Options,656,First Receiver,673,Playmaker Option - Carry,0,,0,,0,,0,,0,,0,,0,,0,,0,0,0,0,,3,85,85,1,10,953,Canada,951,Romania,12/07/2024,19:00,13,10,35,22,32,22,1146,TD Place,-1,NA,1,2023,19,5,Lock (5),0,,0,,1000761,Hollie Davidson,1001076,Kat Roche,1001022,Luke Rogan,-1,,3,International,N,L
2563,941540,27028,Marius Iftimiciuc,951,Romania,6360.80,6361.88,7740,2,44,22,49,23,1,Carry,101,One Out Drive,108,Tackled Neutral,110,Neutral Gain line,461,Neutral Contact,502,2 Tacklers Committed,701,1st Receiver,0,,0,,0,,0,,0,5,3,1,,3,85,85,1,10,953,Canada,951,Romania,12/07/2024,19:00,13,10,35,22,32,22,1146,TD Place,-1,NA,1,2023,19,5,Lock (5),0,,0,,1000761,Hollie Davidson,1001076,Kat Roche,1001022,Luke Rogan,-1,,3,International,N,L
2564,941540,58656,Calixto Martinez,953,Canada,6360.84,6360.84,7740,2,55,45,0,0,2,Tackle,144,Line,161,Missed,0,,475,Ineffective Tackle,708,1st Tackler,0,,0,,0,,0,,0,,0,0,0,0,,3,85,85,1,10,953,Canada,951,Romania,12/07/2024,19:00,13,10,35,22,32,22,1146,TD Place,-1,NA,1,2023,17,1,Loosehead Prop,0,,0,,1000761,Hollie Davidson,1001076,Kat Roche,1001022,Luke Rogan,-1,,3,International,Y,W
2565,941540,58656,Calixto Martinez,953,Canada,6360.84,6360.84,7740,2,55,45,0,0,12,Missed Tackle,162,Bumped Off,166,Tackled,0,,0,,0,,0,,0,,0,,0,,0,,0,0,0,0,,3,85,85,1,10,953,Canada,951,Romania,12/07/2024,19:00,13,10,35,22,32,22,1146,TD Place,-1,NA,1,2023,17,1,Loosehead Prop,0,,0,,1000761,Hollie Davidson,1001076,Kat Roche,1001022,Luke Rogan,-1,,3,International,Y,W
2566,941540,27028,Marius Iftimiciuc,951,Romania,6360.92,6360.92,7741,2,46,23,0,0,10,Attacking Qualities,116,Defender Beaten,0,,0,,0,,0,,0,,0,,0,,0,,0,,0,0,0,0,,3,85,85,1,10,953,Canada,951,Romania,12/07/2024,19:00,13,10,35,22,32,22,1146,TD Place,-1,NA,1,2023,19,5,Lock (5),0,,0,,1000761,Hollie Davidson,1001076,Kat Roche,1001022,Luke Rogan,-1,,3,International,N,L
2567,941540,59972,Sion Parry,953,Canada,6361.48,6361.48,7741,2,53,45,0,0,2,Tackle,144,Line,153,Complete,441,Assist,474,Neutral Tackle,709,2nd Tackler,0,,0,,0,,0,,0,,0,0,0,0,,3,85,85,1,10,953,Canada,951,Romania,12/07/2024,19:00,13,10,35,22,32,22,1146,TD Place,-1,NA,1,2023,20,7,Openside Flanker,0,,0,,1000761,Hollie Davidson,1001076,Kat Roche,1001022,Luke Rogan,-1,,3,International,Y,W
2568,941540,27028,Marius Iftimiciuc,951,Romania,6361.88,6363.52,7741,2,49,23,0,0,23,Ruck,0,,404,Penalty Conceded,550,Equal to Previous  Gainline,559,N/A Ruck Speed,676,N/A Movement Ruck,0,,0,,0,,0,,0,,0,0,0,0,,3,85,85,1,10,953,Canada,951,Romania,12/07/2024,19:00,13,10,35,22,32,22,1146,TD Place,-1,NA,1,2023,19,5,Lock (5),0,,0,,1000761,Hollie Davidson,1001076,Kat Roche,1001022,Luke Rogan,-1,,3,International,N,L
2569,941540,59972,Sion Parry,953,Canada,6362.80,6362.80,7742,2,52,45,0,0,43,Ruck OOA,578,Got Cleaned Out,583,Own Team 1st Entry,603,OOA Entry 1st Entry- Def,633,Defensive OOA,0,1,0,,0,,0,,0,,0,,0,0,0,0,,3,85,85,1,10,953,Canada,951,Romania,12/07/2024,19:00,13,10,35,22,32,22,1146,TD Place,-1,NA,1,2023,20,7,Openside Flanker,0,,0,,1000761,Hollie Davidson,1001076,Kat Roche,1001022,Luke Rogan,-1,,3,International,Y,W
2570,941540,27535,Alexandru Savin,951,Romania,6362.84,6362.84,7742,2,49,23,0,0,43,Ruck OOA,572,Cleaned Out,583,Own Team 1st Entry,588,OOA Entry 1st Entry- Att,632,Attacking OOA,0,1,0,,0,,0,,0,,0,,0,0,0,0,,3,85,85,1,10,953,Canada,951,Romania,12/07/2024,19:00,13,10,35,22,32,22,1146,TD Place,-1,NA,1,2023,17,1,Loosehead Prop,0,,0,,1000761,Hollie Davidson,1001076,Kat Roche,1001022,Luke Rogan,-1,,3,International,N,L
2571,941540,38195,Rob Irimescu,951,Romania,6362.88,6362.88,7742,2,49,23,0,0,43,Ruck OOA,581,Penalty Conceded,584,Own Team 2nd Entry,589,OOA Entry 2nd Entry- Att,632,Attacking OOA,0,2,0,,0,,0,,0,,0,,0,0,0,0,,3,85,85,1,10,953,Canada,951,Romania,12/07/2024,19:00,13,10,35,22,32,22,1146,TD Place,-1,NA,1,2023,16,2,Hooker,0,,0,,1000761,Hollie Davidson,1001076,Kat Roche,1001022,Luke Rogan,-1,,3,International,N,L
2572,941540,0,,951,Romania,6343.20,6363.52,7743,2,47,55,49,23,15,Possession,312,Free Kick,319,Pen Con,0,,684,Fails to enter into Opposition 22,0,,0,,0,,0,,0,,0,,1,0,0,0,,3,85,85,1,10,953,Canada,951,Romania,12/07/2024,19:00,13,10,35,22,32,22,1146,TD Place,-1,NA,1,2023,,,,0,,0,,1000761,Hollie Davidson,1001076,Kat Roche,1001022,Luke Rogan,-1,,3,International,N,L
2573,941540,0,,951,Romania,6343.20,6363.52,7743,2,47,55,49,23,26,Sequences,312,Free Kick,319,Pen Con,0,,0,,0,,0,,0,,0,,0,,0,,1,0,0,0,,3,85,85,1,10,953,Canada,951,Romania,12/07/2024,19:00,13,10,35,22,32,22,1146,TD Place,-1,NA,1,2023,,,,0,,0,,1000761,Hollie Davidson,1001076,Kat Roche,1001022,Luke Rogan,-1,,3,International,N,L
2574,941540,38195,Rob Irimescu,951,Romania,6362.96,6362.96,7743,2,49,23,0,0,7,Penalty Conceded,230,Other Offence,236,No Action,214,Offence,233,Full Penalty,0,,0,,0,,0,,0,,0,,0,0,0,0,,3,85,85,1,10,953,Canada,951,Romania,12/07/2024,19:00,13,10,35,22,32,22,1146,TD Place,-1,NA,1,2023,16,2,Hooker,0,,0,,1000761,Hollie Davidson,1001076,Kat Roche,1001022,Luke Rogan,-1,,3,International,N,L
2575,941540,20983,Tevita Manumua,951,Romania,6390.24,6390.24,7810,2,49,23,0,0,42,Sub In,570,Yellow Card,0,,0,,0,,0,,0,,0,,0,,0,,0,,0,0,0,0,,3,85,85,0,10,953,Canada,951,Romania,12/07/2024,19:00,13,10,35,22,32,22,1146,TD Place,-1,NA,1,2023,11,11,Left Wing,0,,0,,1000761,Hollie Davidson,1001076,Kat Roche,1001022,Luke Rogan,-1,,3,International,N,L
2576,941540,19391,Peter Nelson,953,Canada,6464.80,6468.76,7924,2,54,44,107,31,11,Goal Kick,297,Penalty Goal,299,Goal Kicked,0,,0,,0,,0,,0,,0,,0,,0,,46,47,0,0,,1,85,86,0,13,953,Canada,951,Romania,12/07/2024,19:00,13,10,35,22,32,22,1146,TD Place,-1,NA,1,2023,10,10,Fly Half,0,,0,,1000761,Hollie Davidson,1001076,Kat Roche,1001022,Luke Rogan,-1,,3,International,Y,W
2577,941540,0,,953,Canada,6464.80,6468.76,7928,2,54,44,107,31,26,Sequences,781,Penalty Goal,783,Penalty Goal Scored,0,,0,,0,,0,,0,,0,,0,,0,,46,0,0,0,,1,85,86,0,13,953,Canada,951,Romania,12/07/2024,19:00,13,10,35,22,32,22,1146,TD Place,-1,NA,1,2023,,,,0,,0,,1000761,Hollie Davidson,1001076,Kat Roche,1001022,Luke Rogan,-1,,3,International,Y,W
2578,941540,34102,Vasile Balan,951,Romania,6481.16,6481.16,7941,2,-7,37,0,0,41,Sub Out,562,Tactical,0,,0,,0,,0,,0,,0,,0,,0,,0,,0,0,0,0,,1,85,86,1,13,953,Canada,951,Romania,12/07/2024,19:00,13,10,35,22,32,22,1146,TD Place,-1,NA,1,2023,03,3,Tighthead Prop,0,,0,,1000761,Hollie Davidson,1001076,Kat Roche,1001022,Luke Rogan,-1,,3,International,N,L
2579,941540,24734,Cosmin Manole,951,Romania,6481.20,6481.20,7941,2,-7,37,0,0,42,Sub In,562,Tactical,0,,0,,0,,0,,0,,0,,0,,0,,0,,0,0,0,0,,1,85,86,0,13,953,Canada,951,Romania,12/07/2024,19:00,13,10,35,22,32,22,1146,TD Place,-1,NA,1,2023,18,3,Tighthead Prop,0,,0,,1000761,Hollie Davidson,1001076,Kat Roche,1001022,Luke Rogan,-1,,3,International,N,L
2580,941540,0,,953,Canada,6483.00,6508.60,7943,2,-7,37,0,0,17,Period,0,Period,0,,0,,0,,0,,0,,0,,0,,0,,0,,0,0,0,0,,1,85,86,0,13,953,Canada,951,Romania,12/07/2024,19:00,13,10,35,22,32,22,1146,TD Place,-1,NA,1,2023,,,,0,,0,,1000761,Hollie Davidson,1001076,Kat Roche,1001022,Luke Rogan,-1,,3,International,Y,W
2581,941540,27035,Marius Simionescu,951,Romania,6483.76,6483.76,7943,2,-7,37,0,0,41,Sub Out,562,Tactical,0,,0,,0,,0,,0,,0,,0,,0,,0,,0,0,0,0,,1,85,86,1,13,953,Canada,951,Romania,12/07/2024,19:00,13,10,35,22,32,22,1146,TD Place,-1,NA,1,2023,14,14,Right Wing,0,,0,,1000761,Hollie Davidson,1001076,Kat Roche,1001022,Luke Rogan,-1,,3,International,N,L
2582,941540,29532,Daniel Plai,951,Romania,6483.80,6483.80,7943,2,-7,37,0,0,42,Sub In,562,Tactical,0,,0,,0,,0,,0,,0,,0,,0,,0,,0,0,0,0,,1,85,86,0,13,953,Canada,951,Romania,12/07/2024,19:00,13,10,35,22,32,22,1146,TD Place,-1,NA,1,2023,23,15,Full Back,0,,0,,1000761,Hollie Davidson,1001076,Kat Roche,1001022,Luke Rogan,-1,,3,International,N,L
2583,941540,64048,Talon McMullin,953,Canada,6504.76,6504.76,7943,2,107,31,0,0,41,Sub Out,562,Tactical,0,,0,,0,,0,,0,,0,,0,,0,,0,,0,0,0,0,,1,85,86,-1,13,953,Canada,951,Romania,12/07/2024,19:00,13,10,35,22,32,22,1146,TD Place,-1,NA,1,2023,12,12,Inside Centre,0,,0,,1000761,Hollie Davidson,1001076,Kat Roche,1001022,Luke Rogan,-1,,3,International,Y,W
2584,941540,64045,Mark Balaski,953,Canada,6504.80,6504.80,7943,2,107,31,0,0,42,Sub In,562,Tactical,0,,0,,0,,0,,0,,0,,0,,0,,0,,0,0,0,0,,1,85,86,0,13,953,Canada,951,Romania,12/07/2024,19:00,13,10,35,22,32,22,1146,TD Place,-1,NA,1,2023,22,12,Inside Centre,0,,0,,1000761,Hollie Davidson,1001076,Kat Roche,1001022,Luke Rogan,-1,,3,International,Y,W
2585,941540,38159,Jason Higgins,953,Canada,6505.84,6505.84,7943,2,107,31,0,0,41,Sub Out,562,Tactical,0,,0,,0,,0,,0,,0,,0,,0,,0,,0,0,0,0,,1,85,86,-1,13,953,Canada,951,Romania,12/07/2024,19:00,13,10,35,22,32,22,1146,TD Place,-1,NA,1,2023,09,9,Scrum Half,0,,0,,1000761,Hollie Davidson,1001076,Kat Roche,1001022,Luke Rogan,-1,,3,International,Y,W
2586,941540,62279,Brock Gallagher,953,Canada,6505.88,6505.88,7943,2,107,31,0,0,42,Sub In,562,Tactical,0,,0,,0,,0,,0,,0,,0,,0,,0,,0,0,0,0,,1,85,86,0,13,953,Canada,951,Romania,12/07/2024,19:00,13,10,35,22,32,22,1146,TD Place,-1,NA,1,2023,21,9,Scrum Half,0,,0,,1000761,Hollie Davidson,1001076,Kat Roche,1001022,Luke Rogan,-1,,3,International,Y,W
2587,941540,25181,Kyle Baillie,953,Canada,6506.08,6506.08,7943,2,107,31,0,0,41,Sub Out,562,Tactical,0,,0,,0,,0,,0,,0,,0,,0,,0,,0,0,0,0,,1,85,86,-1,13,953,Canada,951,Romania,12/07/2024,19:00,13,10,35,22,32,22,1146,TD Place,-1,NA,1,2023,05,5,Lock (5),0,,0,,1000761,Hollie Davidson,1001076,Kat Roche,1001022,Luke Rogan,-1,,3,International,Y,W
2588,941540,64043,James Stockwood,953,Canada,6506.20,6506.20,7943,2,107,31,0,0,42,Sub In,562,Tactical,0,,0,,0,,0,,0,,0,,0,,0,,0,,0,0,0,0,,1,85,86,0,13,953,Canada,951,Romania,12/07/2024,19:00,13,10,35,22,32,22,1146,TD Place,-1,NA,1,2023,19,5,Lock (5),0,,0,,1000761,Hollie Davidson,1001076,Kat Roche,1001022,Luke Rogan,-1,,3,International,Y,W
2589,941540,29532,Daniel Plai,951,Romania,6508.88,6512.60,7943,2,49,33,80,9,14,Restart,281,50m Restart,286,Restart Opp Collection,288,Long,752,Kicked Left,0,,0,,0,,0,,0,,0,,31,40,25,0,,1,85,87,0,13,953,Canada,951,Romania,12/07/2024,19:00,13,10,35,22,32,22,1146,TD Place,-1,NA,1,2023,23,15,Full Back,0,,0,,1000761,Hollie Davidson,1001076,Kat Roche,1001022,Luke Rogan,-1,,3,International,N,L
2590,941540,64047,Takoda McMullin,953,Canada,6512.60,6512.60,7947,2,20,59,0,0,18,Collection,275,Restart Catch,277,Success,0,,0,,0,,0,,0,,0,,0,,0,,0,0,0,0,,1,86,87,0,13,953,Canada,951,Romania,12/07/2024,19:00,13,10,35,22,32,22,1146,TD Place,-1,NA,1,2023,23,14,Right Wing,0,,0,,1000761,Hollie Davidson,1001076,Kat Roche,1001022,Luke Rogan,-1,,3,International,Y,W
2591,941540,0,,953,Canada,6512.60,6512.60,7947,2,20,59,0,0,45,Defensive Exits,630,Kicked out of 22,0,,0,,0,,0,,0,,0,,0,,0,,0,,0,0,0,0,,1,86,87,0,13,953,Canada,951,Romania,12/07/2024,19:00,13,10,35,22,32,22,1146,TD Place,-1,NA,1,2023,,,,0,,0,,1000761,Hollie Davidson,1001076,Kat Roche,1001022,Luke Rogan,-1,,3,International,Y,W
2592,941540,64047,Takoda McMullin,953,Canada,6512.60,6516.04,7947,2,20,59,23,49,1,Carry,105,Restart Return,108,Tackled Neutral,109,Crossed Gain line,461,Neutral Contact,504,4+ Tacklers Committed,700,0th Receiver,0,,0,,0,,0,,3,3,2,0,,1,86,87,0,13,953,Canada,951,Romania,12/07/2024,19:00,13,10,35,22,32,22,1146,TD Place,-1,NA,1,2023,23,14,Right Wing,0,,0,,1000761,Hollie Davidson,1001076,Kat Roche,1001022,Luke Rogan,-1,,3,International,Y,W
2593,941540,27747,Hinckley Vaovasa,951,Romania,6513.76,6513.76,7948,2,79,14,0,0,2,Tackle,142,Chase,161,Missed,0,,475,Ineffective Tackle,708,1st Tackler,0,,0,,0,,0,,0,,0,0,0,0,,1,86,87,0,13,953,Canada,951,Romania,12/07/2024,19:00,13,10,35,22,32,22,1146,TD Place,-1,NA,1,2023,10,10,Fly Half,0,,0,,1000761,Hollie Davidson,1001076,Kat Roche,1001022,Luke Rogan,-1,,3,International,N,L
2594,941540,27747,Hinckley Vaovasa,951,Romania,6513.76,6513.76,7948,2,79,14,0,0,12,Missed Tackle,162,Bumped Off,166,Tackled,0,,0,,0,,0,,0,,0,,0,,0,,0,0,0,0,,1,86,87,0,13,953,Canada,951,Romania,12/07/2024,19:00,13,10,35,22,32,22,1146,TD Place,-1,NA,1,2023,10,10,Fly Half,0,,0,,1000761,Hollie Davidson,1001076,Kat Roche,1001022,Luke Rogan,-1,,3,International,N,L
2595,941540,64047,Takoda McMullin,953,Canada,6513.80,6513.80,7948,2,21,54,0,0,10,Attacking Qualities,116,Defender Beaten,0,,0,,0,,0,,0,,0,,0,,0,,0,,0,0,0,0,,1,86,87,0,13,953,Canada,951,Romania,12/07/2024,19:00,13,10,35,22,32,22,1146,TD Place,-1,NA,1,2023,23,14,Right Wing,0,,0,,1000761,Hollie Davidson,1001076,Kat Roche,1001022,Luke Rogan,-1,,3,International,Y,W
2596,941540,27037,Fonovai Tangimana,951,Romania,6514.12,6514.12,7948,2,78,16,0,0,2,Tackle,142,Chase,161,Missed,441,Assist,475,Ineffective Tackle,709,2nd Tackler,0,,0,,0,,0,,0,,0,0,0,0,,1,86,87,0,13,953,Canada,951,Romania,12/07/2024,19:00,13,10,35,22,32,22,1146,TD Place,-1,NA,1,2023,20,7,Openside Flanker,0,,0,,1000761,Hollie Davidson,1001076,Kat Roche,1001022,Luke Rogan,-1,,3,International,N,L
2597,941540,27037,Fonovai Tangimana,951,Romania,6514.12,6514.12,7948,2,78,16,0,0,12,Missed Tackle,162,Bumped Off,166,Tackled,0,,0,,0,,0,,0,,0,,0,,0,,0,0,0,0,,1,86,87,0,13,953,Canada,951,Romania,12/07/2024,19:00,13,10,35,22,32,22,1146,TD Place,-1,NA,1,2023,20,7,Openside Flanker,0,,0,,1000761,Hollie Davidson,1001076,Kat Roche,1001022,Luke Rogan,-1,,3,International,N,L
2598,941540,64047,Takoda McMullin,953,Canada,6514.20,6514.20,7948,2,22,52,0,0,10,Attacking Qualities,116,Defender Beaten,0,,0,,0,,0,,0,,0,,0,,0,,0,,0,0,0,0,,1,86,87,0,13,953,Canada,951,Romania,12/07/2024,19:00,13,10,35,22,32,22,1146,TD Place,-1,NA,1,2023,23,14,Right Wing,0,,0,,1000761,Hollie Davidson,1001076,Kat Roche,1001022,Luke Rogan,-1,,3,International,Y,W
2599,941540,38195,Rob Irimescu,951,Romania,6514.24,6514.24,7948,2,78,17,0,0,2,Tackle,142,Chase,161,Missed,441,Assist,475,Ineffective Tackle,710,3rd Tackler,0,,0,,0,,0,,0,,0,0,0,0,,1,86,87,0,13,953,Canada,951,Romania,12/07/2024,19:00,13,10,35,22,32,22,1146,TD Place,-1,NA,1,2023,16,2,Hooker,0,,0,,1000761,Hollie Davidson,1001076,Kat Roche,1001022,Luke Rogan,-1,,3,International,N,L
2600,941540,38195,Rob Irimescu,951,Romania,6514.24,6514.24,7948,2,78,17,0,0,12,Missed Tackle,162,Bumped Off,166,Tackled,0,,0,,0,,0,,0,,0,,0,,0,,0,0,0,0,,1,86,87,0,13,953,Canada,951,Romania,12/07/2024,19:00,13,10,35,22,32,22,1146,TD Place,-1,NA,1,2023,16,2,Hooker,0,,0,,1000761,Hollie Davidson,1001076,Kat Roche,1001022,Luke Rogan,-1,,3,International,N,L
2601,941540,64047,Takoda McMullin,953,Canada,6514.48,6514.48,7948,2,22,51,0,0,10,Attacking Qualities,116,Defender Beaten,0,,0,,0,,0,,0,,0,,0,,0,,0,,0,0,0,0,,1,86,87,0,13,953,Canada,951,Romania,12/07/2024,19:00,13,10,35,22,32,22,1146,TD Place,-1,NA,1,2023,23,14,Right Wing,0,,0,,1000761,Hollie Davidson,1001076,Kat Roche,1001022,Luke Rogan,-1,,3,International,Y,W
2602,941540,63895,Yanis Horvat,951,Romania,6515.16,6515.16,7949,2,77,19,0,0,2,Tackle,142,Chase,153,Complete,441,Assist,474,Neutral Tackle,711,4th Tackler,0,,0,,0,,0,,0,,0,0,0,0,,1,86,87,0,13,953,Canada,951,Romania,12/07/2024,19:00,13,10,35,22,32,22,1146,TD Place,-1,NA,1,2023,04,4,Lock (4),0,,0,,1000761,Hollie Davidson,1001076,Kat Roche,1001022,Luke Rogan,-1,,3,International,N,L
2603,941540,64047,Takoda McMullin,953,Canada,6516.04,6520.04,7950,2,23,49,0,0,23,Ruck,0,,401,Won Outright,551,N/A Gainline,555,3-4 Seconds,666,Close Right Blindside Movement Ruck,0,,0,,0,,0,,0,,0,0,-2,7,,1,86,87,0,13,953,Canada,951,Romania,12/07/2024,19:00,13,10,35,22,32,22,1146,TD Place,-1,NA,1,2023,23,14,Right Wing,0,,0,,1000761,Hollie Davidson,1001076,Kat Roche,1001022,Luke Rogan,-1,,3,International,Y,W
2604,941540,63895,Yanis Horvat,951,Romania,6516.08,6516.08,7950,2,77,19,0,0,43,Ruck OOA,577,Not Clearing,583,Own Team 1st Entry,603,OOA Entry 1st Entry- Def,633,Defensive OOA,0,1,0,,0,,0,,0,,0,,0,0,0,0,,1,86,87,0,13,953,Canada,951,Romania,12/07/2024,19:00,13,10,35,22,32,22,1146,TD Place,-1,NA,1,2023,04,4,Lock (4),0,,0,,1000761,Hollie Davidson,1001076,Kat Roche,1001022,Luke Rogan,-1,,3,International,N,L
2605,941540,38836,Dewald Kotze,953,Canada,6516.40,6516.40,7950,2,23,49,0,0,43,Ruck OOA,574,Secured,583,Own Team 1st Entry,588,OOA Entry 1st Entry- Att,632,Attacking OOA,0,1,0,,0,,0,,0,,0,,0,0,0,0,,1,86,87,0,13,953,Canada,951,Romania,12/07/2024,19:00,13,10,35,22,32,22,1146,TD Place,-1,NA,1,2023,16,2,Hooker,0,,0,,1000761,Hollie Davidson,1001076,Kat Roche,1001022,Luke Rogan,-1,,3,International,Y,W
2606,941540,64045,Mark Balaski,953,Canada,6516.60,6516.60,7951,2,23,49,0,0,43,Ruck OOA,574,Secured,584,Own Team 2nd Entry,589,OOA Entry 2nd Entry- Att,632,Attacking OOA,0,2,0,,0,,0,,0,,0,,0,0,0,0,,1,86,87,0,13,953,Canada,951,Romania,12/07/2024,19:00,13,10,35,22,32,22,1146,TD Place,-1,NA,1,2023,22,12,Inside Centre,0,,0,,1000761,Hollie Davidson,1001076,Kat Roche,1001022,Luke Rogan,-1,,3,International,Y,W
2607,941540,59972,Sion Parry,953,Canada,6516.68,6516.68,7951,2,23,49,0,0,43,Ruck OOA,574,Secured,585,Own Team 3rd Entry,590,OOA Entry 3rd Entry- Att,632,Attacking OOA,0,3,0,,0,,0,,0,,0,,0,0,0,0,,1,86,87,0,13,953,Canada,951,Romania,12/07/2024,19:00,13,10,35,22,32,22,1146,TD Place,-1,NA,1,2023,20,7,Openside Flanker,0,,0,,1000761,Hollie Davidson,1001076,Kat Roche,1001022,Luke Rogan,-1,,3,International,Y,W
2608,941540,38195,Rob Irimescu,951,Romania,6516.96,6516.96,7951,2,77,19,0,0,43,Ruck OOA,577,Not Clearing,584,Own Team 2nd Entry,604,OOA Entry 2nd Entry- Def,633,Defensive OOA,0,2,0,,0,,0,,0,,0,,0,0,0,0,,1,86,87,0,13,953,Canada,951,Romania,12/07/2024,19:00,13,10,35,22,32,22,1146,TD Place,-1,NA,1,2023,16,2,Hooker,0,,0,,1000761,Hollie Davidson,1001076,Kat Roche,1001022,Luke Rogan,-1,,3,International,N,L
2609,941540,62279,Brock Gallagher,953,Canada,6520.04,6520.04,7954,2,23,49,0,0,18,Collection,631,General Catch,0,,0,,0,,0,,0,,0,,0,,0,,0,,0,0,0,0,,2,86,87,0,13,953,Canada,951,Romania,12/07/2024,19:00,13,10,35,22,32,22,1146,TD Place,-1,NA,1,2023,21,9,Scrum Half,0,,0,,1000761,Hollie Davidson,1001076,Kat Roche,1001022,Luke Rogan,-1,,3,International,Y,W
2610,941540,62279,Brock Gallagher,953,Canada,6520.04,6520.04,7954,2,23,49,0,0,47,Playmaker Options,671,Halfback at Breakdown,675,Playmaker Option - Pass,0,,0,,0,,0,,0,,0,,0,,0,,0,0,0,0,,2,86,87,0,13,953,Canada,951,Romania,12/07/2024,19:00,13,10,35,22,32,22,1146,TD Place,-1,NA,1,2023,21,9,Scrum Half,0,,0,,1000761,Hollie Davidson,1001076,Kat Roche,1001022,Luke Rogan,-1,,3,International,Y,W
2611,941540,62279,Brock Gallagher,953,Canada,6520.44,6521.32,7954,2,23,49,20,54,3,Pass,169,Complete,0,,686,Medium Pass,682,Right Pass,700,0th Receiver,0,,0,,0,,0,,0,,6,7,4,0,,2,86,87,0,13,953,Canada,951,Romania,12/07/2024,19:00,13,10,35,22,32,22,1146,TD Place,-1,NA,1,2023,21,9,Scrum Half,0,,0,,1000761,Hollie Davidson,1001076,Kat Roche,1001022,Luke Rogan,-1,,3,International,Y,W
2612,941540,27410,Cole Keith,953,Canada,6521.32,6521.32,7955,2,20,54,0,0,18,Collection,631,General Catch,0,,0,,0,,0,,0,,0,,0,,0,,0,,0,0,0,0,,2,86,87,0,13,953,Canada,951,Romania,12/07/2024,19:00,13,10,35,22,32,22,1146,TD Place,-1,NA,1,2023,18,3,Tighthead Prop,0,,0,,1000761,Hollie Davidson,1001076,Kat Roche,1001022,Luke Rogan,-1,,3,International,Y,W
2613,941540,27410,Cole Keith,953,Canada,6521.32,6521.32,7955,2,20,54,0,0,47,Playmaker Options,656,First Receiver,673,Playmaker Option - Carry,0,,0,,0,,0,,0,,0,,0,,0,,0,0,0,0,,2,86,87,0,13,953,Canada,951,Romania,12/07/2024,19:00,13,10,35,22,32,22,1146,TD Place,-1,NA,1,2023,18,3,Tighthead Prop,0,,0,,1000761,Hollie Davidson,1001076,Kat Roche,1001022,Luke Rogan,-1,,3,International,Y,W
2614,941540,27410,Cole Keith,953,Canada,6521.32,6522.36,7955,2,20,54,21,55,1,Carry,101,One Out Drive,108,Tackled Neutral,111,Failed Gain line,461,Neutral Contact,501,1 Tacklers Committed,701,1st Receiver,0,,0,,0,,0,,0,2,1,1,,2,86,87,0,13,953,Canada,951,Romania,12/07/2024,19:00,13,10,35,22,32,22,1146,TD Place,-1,NA,1,2023,18,3,Tighthead Prop,0,,0,,1000761,Hollie Davidson,1001076,Kat Roche,1001022,Luke Rogan,-1,,3,International,Y,W
2615,941540,27037,Fonovai Tangimana,951,Romania,6521.84,6521.84,7956,2,80,13,0,0,2,Tackle,144,Line,153,Complete,0,,474,Neutral Tackle,708,1st Tackler,0,,0,,0,,0,,0,,0,0,0,0,,2,86,87,0,13,953,Canada,951,Romania,12/07/2024,19:00,13,10,35,22,32,22,1146,TD Place,-1,NA,1,2023,20,7,Openside Flanker,0,,0,,1000761,Hollie Davidson,1001076,Kat Roche,1001022,Luke Rogan,-1,,3,International,N,L
2616,941540,27410,Cole Keith,953,Canada,6522.36,6527.44,7956,2,21,55,0,0,23,Ruck,0,,401,Won Outright,549,Behind Previous Gainline,557,5-6 Seconds,666,Close Right Blindside Movement Ruck,0,,0,,0,,0,,0,,0,0,0,4,,2,86,87,0,13,953,Canada,951,Romania,12/07/2024,19:00,13,10,35,22,32,22,1146,TD Place,-1,NA,1,2023,18,3,Tighthead Prop,0,,0,,1000761,Hollie Davidson,1001076,Kat Roche,1001022,Luke Rogan,-1,,3,International,Y,W
2617,941540,25183,Lucas Rumball,953,Canada,6523.08,6523.08,7957,2,21,55,0,0,43,Ruck OOA,574,Secured,583,Own Team 1st Entry,588,OOA Entry 1st Entry- Att,632,Attacking OOA,0,1,0,,0,,0,,0,,0,,0,0,0,0,,2,86,87,0,13,953,Canada,951,Romania,12/07/2024,19:00,13,10,35,22,32,22,1146,TD Place,-1,NA,1,2023,08,8,Number 8,0,,0,,1000761,Hollie Davidson,1001076,Kat Roche,1001022,Luke Rogan,-1,,3,International,Y,W
2618,941540,27090,Conor Keys,953,Canada,6523.20,6523.20,7957,2,21,55,0,0,43,Ruck OOA,574,Secured,584,Own Team 2nd Entry,589,OOA Entry 2nd Entry- Att,632,Attacking OOA,0,2,0,,0,,0,,0,,0,,0,0,0,0,,2,86,87,0,13,953,Canada,951,Romania,12/07/2024,19:00,13,10,35,22,32,22,1146,TD Place,-1,NA,1,2023,04,4,Lock (4),0,,0,,1000761,Hollie Davidson,1001076,Kat Roche,1001022,Luke Rogan,-1,,3,International,Y,W
2619,941540,62279,Brock Gallagher,953,Canada,6527.44,6527.44,8001,2,21,55,0,0,18,Collection,631,General Catch,0,,0,,0,,0,,0,,0,,0,,0,,0,,0,0,0,0,,3,86,87,0,13,953,Canada,951,Romania,12/07/2024,19:00,13,10,35,22,35,22,1146,TD Place,-1,NA,1,2023,21,9,Scrum Half,0,,0,,1000761,Hollie Davidson,1001076,Kat Roche,1001022,Luke Rogan,-1,,3,International,Y,W
2620,941540,62279,Brock Gallagher,953,Canada,6527.44,6527.44,8001,2,21,55,0,0,47,Playmaker Options,671,Halfback at Breakdown,675,Playmaker Option - Pass,0,,0,,0,,0,,0,,0,,0,,0,,0,0,0,0,,3,86,87,0,13,953,Canada,951,Romania,12/07/2024,19:00,13,10,35,22,35,22,1146,TD Place,-1,NA,1,2023,21,9,Scrum Half,0,,0,,1000761,Hollie Davidson,1001076,Kat Roche,1001022,Luke Rogan,-1,,3,International,Y,W
2621,941540,62279,Brock Gallagher,953,Canada,6528.04,6528.64,8002,2,21,55,19,58,3,Pass,169,Complete,0,,679,Short Pass,682,Right Pass,700,0th Receiver,0,,0,,0,,0,,0,,3,4,3,0,,3,86,87,0,13,953,Canada,951,Romania,12/07/2024,19:00,13,10,35,22,35,22,1146,TD Place,-1,NA,1,2023,21,9,Scrum Half,0,,0,,1000761,Hollie Davidson,1001076,Kat Roche,1001022,Luke Rogan,-1,,3,International,Y,W
2622,941540,58656,Calixto Martinez,953,Canada,6528.64,6528.64,8003,2,19,58,0,0,18,Collection,631,General Catch,0,,0,,0,,0,,0,,0,,0,,0,,0,,0,0,0,0,,3,86,87,0,13,953,Canada,951,Romania,12/07/2024,19:00,13,10,35,22,35,22,1146,TD Place,-1,NA,1,2023,17,1,Loosehead Prop,0,,0,,1000761,Hollie Davidson,1001076,Kat Roche,1001022,Luke Rogan,-1,,3,International,Y,W
2623,941540,58656,Calixto Martinez,953,Canada,6528.64,6528.64,8003,2,19,58,0,0,47,Playmaker Options,656,First Receiver,673,Playmaker Option - Carry,0,,0,,0,,0,,0,,0,,0,,0,,0,0,0,0,,3,86,87,0,13,953,Canada,951,Romania,12/07/2024,19:00,13,10,35,22,35,22,1146,TD Place,-1,NA,1,2023,17,1,Loosehead Prop,0,,0,,1000761,Hollie Davidson,1001076,Kat Roche,1001022,Luke Rogan,-1,,3,International,Y,W
2624,941540,58656,Calixto Martinez,953,Canada,6528.64,6529.80,8003,2,19,58,21,59,1,Carry,101,One Out Drive,108,Tackled Neutral,110,Neutral Gain line,461,Neutral Contact,502,2 Tacklers Committed,701,1st Receiver,0,,0,,0,,0,,0,3,1,1,,3,86,87,0,13,953,Canada,951,Romania,12/07/2024,19:00,13,10,35,22,35,22,1146,TD Place,-1,NA,1,2023,17,1,Loosehead Prop,0,,0,,1000761,Hollie Davidson,1001076,Kat Roche,1001022,Luke Rogan,-1,,3,International,Y,W
2625,941540,38195,Rob Irimescu,951,Romania,6528.96,6528.96,8003,2,80,9,0,0,2,Tackle,144,Line,153,Complete,0,,474,Neutral Tackle,708,1st Tackler,0,,0,,0,,0,,0,,0,0,0,0,,3,86,87,0,13,953,Canada,951,Romania,12/07/2024,19:00,13,10,35,22,35,22,1146,TD Place,-1,NA,1,2023,16,2,Hooker,0,,0,,1000761,Hollie Davidson,1001076,Kat Roche,1001022,Luke Rogan,-1,,3,International,N,L
2626,941540,27747,Hinckley Vaovasa,951,Romania,6529.04,6529.04,8003,2,80,9,0,0,2,Tackle,145,Guard,153,Complete,441,Assist,474,Neutral Tackle,709,2nd Tackler,0,,0,,0,,0,,0,,0,0,0,0,,3,86,87,0,13,953,Canada,951,Romania,12/07/2024,19:00,13,10,35,22,35,22,1146,TD Place,-1,NA,1,2023,10,10,Fly Half,0,,0,,1000761,Hollie Davidson,1001076,Kat Roche,1001022,Luke Rogan,-1,,3,International,N,L
2627,941540,58656,Calixto Martinez,953,Canada,6529.80,6533.24,8004,2,21,59,0,0,23,Ruck,0,,401,Won Outright,550,Equal to Previous  Gainline,555,3-4 Seconds,676,N/A Movement Ruck,0,,0,,0,,0,,0,,0,0,0,0,,3,86,87,0,13,953,Canada,951,Romania,12/07/2024,19:00,13,10,35,22,35,22,1146,TD Place,-1,NA,1,2023,17,1,Loosehead Prop,0,,0,,1000761,Hollie Davidson,1001076,Kat Roche,1001022,Luke Rogan,-1,,3,International,Y,W
2628,941540,59972,Sion Parry,953,Canada,6530.20,6530.20,8004,2,21,59,0,0,43,Ruck OOA,574,Secured,583,Own Team 1st Entry,588,OOA Entry 1st Entry- Att,632,Attacking OOA,0,1,0,,0,,0,,0,,0,,0,0,0,0,,3,86,87,0,13,953,Canada,951,Romania,12/07/2024,19:00,13,10,35,22,35,22,1146,TD Place,-1,NA,1,2023,20,7,Openside Flanker,0,,0,,1000761,Hollie Davidson,1001076,Kat Roche,1001022,Luke Rogan,-1,,3,International,Y,W
2629,941540,64043,James Stockwood,953,Canada,6530.52,6530.52,8004,2,21,59,0,0,43,Ruck OOA,574,Secured,584,Own Team 2nd Entry,589,OOA Entry 2nd Entry- Att,632,Attacking OOA,0,2,0,,0,,0,,0,,0,,0,0,0,0,,3,86,87,0,13,953,Canada,951,Romania,12/07/2024,19:00,13,10,35,22,35,22,1146,TD Place,-1,NA,1,2023,19,5,Lock (5),0,,0,,1000761,Hollie Davidson,1001076,Kat Roche,1001022,Luke Rogan,-1,,3,International,Y,W
2630,941540,38836,Dewald Kotze,953,Canada,6531.44,6531.44,8005,2,21,59,0,0,43,Ruck OOA,575,Attended,585,Own Team 3rd Entry,590,OOA Entry 3rd Entry- Att,632,Attacking OOA,0,3,0,,0,,0,,0,,0,,0,0,0,0,,3,86,87,0,13,953,Canada,951,Romania,12/07/2024,19:00,13,10,35,22,35,22,1146,TD Place,-1,NA,1,2023,16,2,Hooker,0,,0,,1000761,Hollie Davidson,1001076,Kat Roche,1001022,Luke Rogan,-1,,3,International,Y,W
2631,941540,27410,Cole Keith,953,Canada,6533.08,6533.08,8007,2,21,59,0,0,43,Ruck OOA,575,Attended,586,Own Team 4th Entry,591,OOA Entry 4th Entry- Att,632,Attacking OOA,0,4,0,,0,,0,,0,,0,,0,0,0,0,,3,86,87,0,13,953,Canada,951,Romania,12/07/2024,19:00,13,10,35,22,35,22,1146,TD Place,-1,NA,1,2023,18,3,Tighthead Prop,0,,0,,1000761,Hollie Davidson,1001076,Kat Roche,1001022,Luke Rogan,-1,,3,International,Y,W
2632,941540,62279,Brock Gallagher,953,Canada,6533.24,6533.24,8007,2,21,59,0,0,18,Collection,631,General Catch,0,,0,,0,,0,,0,,0,,0,,0,,0,,0,0,0,0,,4,86,87,0,13,953,Canada,951,Romania,12/07/2024,19:00,13,10,35,22,35,22,1146,TD Place,-1,NA,1,2023,21,9,Scrum Half,0,,0,,1000761,Hollie Davidson,1001076,Kat Roche,1001022,Luke Rogan,-1,,3,International,Y,W
2633,941540,62279,Brock Gallagher,953,Canada,6533.24,6533.24,8007,2,21,59,0,0,47,Playmaker Options,671,Halfback at Breakdown,674,Playmaker Option - Kick,0,,0,,0,,0,,0,,0,,0,,0,,0,0,0,0,,4,86,87,0,13,953,Canada,951,Romania,12/07/2024,19:00,13,10,35,22,35,22,1146,TD Place,-1,NA,1,2023,21,9,Scrum Half,0,,0,,1000761,Hollie Davidson,1001076,Kat Roche,1001022,Luke Rogan,-1,,3,International,Y,W
2634,941540,62279,Brock Gallagher,953,Canada,6534.24,6538.08,8008,2,19,59,15,68,4,Kick,347,Touch Kick,193,Kick in Touch (Full),186,Kick in Play (Own 22),0,,0,,0,,0,,0,,0,,0,,0,10,0,0,,4,86,87,0,13,953,Canada,951,Romania,12/07/2024,19:00,13,10,35,22,35,22,1146,TD Place,-1,NA,1,2023,21,9,Scrum Half,0,,0,,1000761,Hollie Davidson,1001076,Kat Roche,1001022,Luke Rogan,-1,,3,International,Y,W
2635,941540,0,,951,Romania,6508.88,6538.08,8012,2,49,33,85,0,26,Sequences,307,50m Restart,321,End of Play,0,,0,,0,,0,,0,,0,,0,,0,,36,0,0,0,,1,86,87,0,13,953,Canada,951,Romania,12/07/2024,19:00,13,10,35,22,35,22,1146,TD Place,-1,NA,1,2023,,,,0,,0,,1000761,Hollie Davidson,1001076,Kat Roche,1001022,Luke Rogan,-1,,3,International,N,L
2636,941540,0,,953,Canada,6512.60,6538.08,8012,2,20,59,15,68,15,Possession,307,50m Restart,321,End of Play,0,,684,Fails to enter into Opposition 22,0,,0,,0,,0,,0,,0,,-5,0,0,0,,1,86,87,0,13,953,Canada,951,Romania,12/07/2024,19:00,13,10,35,22,35,22,1146,TD Place,-1,NA,1,2023,,,,0,,0,,1000761,Hollie Davidson,1001076,Kat Roche,1001022,Luke Rogan,-1,,3,International,Y,W
