ID,start_timestamp,end_timestamp,PlayerName (Team),next_action_type,next_action_result,FXID,ShirtNumber,HomeAway,FxTID,TeamName,PlayerID,PlayerFirstName,PlayerLastName,Period,MatchTime
1,10.398363063670343,29.599988404010528,Alex Mann (Wales),Tackle,Green,946408,6,A,500,Wales,38683,Alex,Mann,1,9
2,11.098025654653163,30.39993448599757,Keiron Assiratti (Wales),Tackle,Green,946408,3,A,500,Wales,24078,Keiron,Assiratti,1,9
3,13.579319727891155,20.895181450326824,Epineri Uluiviti (Japan),Ruck,Green,946408,4,H,3000,Japan,26154,Epineri,Uluiviti,1,8
4,16.58,26.895092875992383,Jack Cornelsen (Japan),Ruck,Yellow,946408,7,H,3000,Japan,23697,Jack,Cornelsen,1,14
5,17.933488051,26.816409846,Yota Kamimori (Japan),Ruck,Green,946408,1,H,3000,Japan,34494,Yota,Kamimori,1,16
6,18.59984126984127,27.89754782767317,Mamoru Harada (Japan),Ruck,Green,946408,2,H,3000,Japan,34483,Mamoru,Harada,1,16
7,19.1434693877551,24.1434693877551,Michael Leitch (Japan),Ruck,Green,946408,6,H,3000,Japan,11306,Michael,Leitch,1,16
8,19.1434693877551,24.1434693877551,Amato Fakatava (Japan),Carry,Green,946408,8,H,3000,Japan,36500,Amato,Fakatava,1,16
9,425.99818747033663,451.641244251,Alex Mann (Wales),Scrum Defence,Green,946408,6,A,500,Wales,38683,Alex,Mann,1,110
10,425.99818747033663,451.641244251,Taulupe Faletau (Wales),Scrum Defence,Green,946408,8,A,500,Wales,11029,Taulupe,Faletau,1,110
11,444.239979949,452.5998867886966,Shuhei Takeuchi (Japan),Scrum Attack,Green,946408,3,H,3000,Japan,37874,Shuhei,Takeuchi,1,119
12,444.239979949,452.5998867886966,Epineri Uluiviti (Japan),Scrum Attack,Yellow,946408,4,H,3000,Japan,26154,Epineri,Uluiviti,1,119
13,444.239979949,452.5998867886966,Warner Dearns (Japan),Scrum Attack,Green,946408,5,H,3000,Japan,40399,Warner,Dearns,1,119
14,444.239979949,452.5998867886966,Michael Leitch (Japan),Scrum Attack,Green,946408,6,H,3000,Japan,11306,Michael,Leitch,1,119
15,444.239979949,452.5998867886966,Amato Fakatava (Japan),Scrum Attack,Green,946408,8,H,3000,Japan,36500,Amato,Fakatava,1,119
16,468.37655495,487.8998494613296,Yota Kamimori (Japan),Lineout Defence,Green,946408,1,H,3000,Japan,34494,Yota,Kamimori,1,142
17,468.37655495,487.8998494613296,Shuhei Takeuchi (Japan),Lineout Defence,Green,946408,3,H,3000,Japan,37874,Shuhei,Takeuchi,1,142
18,468.37655495,487.8998494613296,Epineri Uluiviti (Japan),Lineout Defence,Green,946408,4,H,3000,Japan,26154,Epineri,Uluiviti,1,142
19,468.37655495,487.8998494613296,Warner Dearns (Japan),Lineout Defence,Green,946408,5,H,3000,Japan,40399,Warner,Dearns,1,142
20,468.37655495,487.8998494613296,Jack Cornelsen (Japan),Lineout Defence,Green,946408,7,H,3000,Japan,23697,Jack,Cornelsen,1,142
21,471.477946559,492.914501042,Nicky Smith (Wales),Lineout Attack,Green,946408,1,A,500,Wales,20327,Nicky,Smith,1,145
22,471.477946559,492.914501042,Dewi Lake (Wales),Lineout Attack,Green,946408,2,A,500,Wales,29806,Dewi,Lake,1,145
23,471.477946559,492.914501042,Keiron Assiratti (Wales),Lineout Attack,Green,946408,3,A,500,Wales,24078,Keiron,Assiratti,1,145
24,471.477946559,492.914501042,James Ratti (Wales),Lineout Attack,Green,946408,19,A,500,Wales,24591,James,Ratti,1,145
25,471.477946559,492.914501042,Teddy Williams (Wales),Lineout Attack,Green,946408,5,A,500,Wales,33845,Teddy,Williams,1,145
26,471.477946559,492.914501042,Alex Mann (Wales),Lineout Attack,Green,946408,6,A,500,Wales,38683,Alex,Mann,1,145
27,471.477946559,492.914501042,Josh MacLeod (Wales),Lineout Attack,Green,946408,7,A,500,Wales,25019,Josh,MacLeod,1,145
28,472.69832318731414,496.5999315146556,James Ratti (Wales),Carry,Green,946408,19,A,500,Wales,24591,James,Ratti,1,147
29,475.1984793546547,492.9006044766501,Teddy Williams (Wales),Ruck,Green,946408,5,A,500,Wales,33845,Teddy,Williams,1,149
30,476.0976453133042,492.9006044766501,Keiron Assiratti (Wales),Ruck,Green,946408,3,A,500,Wales,24078,Keiron,Assiratti,1,149
31,477.59786827067217,492.9006044766501,Josh MacLeod (Wales),Ruck,Green,946408,7,A,500,Wales,25019,Josh,MacLeod,1,151
32,478.59894143734147,492.9006044766501,Nicky Smith (Wales),Ruck,Green,946408,1,A,500,Wales,20327,Nicky,Smith,1,146
33,480.99789868698093,492.9006044766501,Alex Mann (Wales),Ruck,Green,946408,6,A,500,Wales,38683,Alex,Mann,1,154
34,483.5984289846596,499.6003506189835,Dewi Lake (Wales),Carry,Green,946408,2,A,500,Wales,29806,Dewi,Lake,1,156
35,483.9982263983157,500.4999232723271,Alex Mann (Wales),Ruck,Green,946408,6,A,500,Wales,38683,Alex,Mann,1,200
36,485.3982136063266,500.4999232723271,Keiron Assiratti (Wales),Ruck,Green,946408,3,A,500,Wales,24078,Keiron,Assiratti,1,200
37,486.046086091,491.046086091,Shuhei Takeuchi (Japan),Tackle,Green,946408,3,H,3000,Japan,37874,Shuhei,Takeuchi,1,200
38,486.14698412698414,499.088952656,Warner Dearns (Japan),Tackle,Yellow,946408,5,H,3000,Japan,40399,Warner,Dearns,1,200
39,490.2989799833289,505.6000790069825,Taulupe Faletau (Wales),Ruck,Green,946408,8,A,500,Wales,11029,Taulupe,Faletau,1,205
40,490.527288731,516.539792952,Amato Fakatava (Japan),Tackle,Gold,946408,8,H,3000,Japan,36500,Amato,Fakatava,1,205
41,490.9980736096412,505.6000790069825,Nicky Smith (Wales),Ruck,Green,946408,1,A,500,Wales,20327,Nicky,Smith,1,205
42,490.9983795909935,508.0003529640038,Teddy Williams (Wales),Carry,Green,946408,5,A,500,Wales,33845,Teddy,Williams,1,205
43,491.972506251,497.897971841,Mamoru Harada (Japan),Tackle,Green,946408,2,H,3000,Japan,34483,Mamoru,Harada,1,204
44,492.0602947845805,518.2989718043311,Josh Adams (Wales),Carry,Gold,946408,11,A,500,Wales,21514,Josh,Adams,1,204
45,494.98093899333537,505.821852785,Michael Leitch (Japan),Tackle,Green,946408,6,H,3000,Japan,11306,Michael,Leitch,1,208
46,497.2968066093207,510.60096847666864,Alex Mann (Wales),Carry,Green,946408,6,A,500,Wales,38683,Alex,Mann,1,211
47,497.777664399093,507.016948587,Shinobu Fujiwara (Japan),Tackle,Green,946408,9,H,3000,Japan,30969,Shinobu,Fujiwara,1,212
48,499.213202723,506.743932676,Mamoru Harada (Japan),Tackle,Green,946408,2,H,3000,Japan,34483,Mamoru,Harada,1,213
49,501.1843310657597,511.59386007,Warner Dearns (Japan),Tackle,Green,946408,5,H,3000,Japan,40399,Warner,Dearns,1,216
50,501.59496615633503,519.1000857760125,Dewi Lake (Wales),Carry,Green,946408,2,A,500,Wales,29806,Dewi,Lake,1,216
51,503.743811042,510.79980095365096,Kippei Ishida (Japan),Jackler,Green,946408,14,H,3000,Japan,34036,Kippei,Ishida,1,218
52,504.6980363300075,517.1000014666641,Alex Mann (Wales),Ruck,Green,946408,6,A,500,Wales,38683,Alex,Mann,1,218
53,506.658936916,514.701676882,Amato Fakatava (Japan),Tackle,Green,946408,8,H,3000,Japan,36500,Amato,Fakatava,1,221
54,507.2313605442176,517.8981442213261,Josh Adams (Wales),Ruck,Green,946408,11,A,500,Wales,21514,Josh,Adams,1,221
55,507.4802267573696,515.0995358516578,Michael Leitch (Japan),Tackle,Green,946408,6,H,3000,Japan,11306,Michael,Leitch,1,221
56,507.89822772731566,522.7001221309812,James Ratti (Wales),Carry,Green,946408,19,A,500,Wales,24591,James,Ratti,1,223
57,509.39908817568255,523.0000035869887,Taulupe Faletau (Wales),Ruck,Green,946408,8,A,500,Wales,11029,Taulupe,Faletau,1,222
58,509.807498991,519.647544534,Jack Cornelsen (Japan),Tackle,Green,946408,7,H,3000,Japan,23697,Jack,Cornelsen,1,222
59,510.0978642173179,523.0000035869887,Keiron Assiratti (Wales),Ruck,Green,946408,3,A,500,Wales,24078,Keiron,Assiratti,1,222
60,512.6979293540109,528.2999712319855,Teddy Williams (Wales),Carry,Green,946408,5,A,500,Wales,33845,Teddy,Williams,1,227
61,514.0859599626662,522.343733628,Yota Kamimori (Japan),Tackle,Green,946408,1,H,3000,Japan,34494,Yota,Kamimori,1,228
62,514.1988051903364,527.6000028323243,Nicky Smith (Wales),Ruck,Yellow,946408,1,A,500,Wales,20327,Nicky,Smith,1,228
63,517.4342630385488,527.704977006,Josh MacLeod (Wales),Ruck,Gold,946408,7,A,500,Wales,25019,Josh,MacLeod,1,231
64,518.739146288,525.401139999,Seungsin Lee (Japan),Tackle,Green,946408,10,H,3000,Japan,37841,Seungsin,Lee,1,232
65,519.6983515556717,533.4000295996686,Ben Thomas (Wales),Carry,Green,946408,12,A,500,Wales,25826,Ben,Thomas,1,235
66,520.4986877623132,537.0999908036708,Johnny Williams (Wales),Ruck,Yellow,946408,13,A,500,Wales,22036,Johnny,Williams,1,235
67,520.9971128353263,537.0999908036708,Blair Murray (Wales),Ruck,Green,946408,15,A,500,Wales,32980,Blair,Murray,1,235
68,521.6287074829931,526.6287074829931,Shogo Nakano (Japan),Tackle,Green,946408,12,H,3000,Japan,36750,Shogo,Nakano,1,235
69,582.535719942,602.6999352103522,Dewi Lake (Wales),Lineout Attack,Green,946408,2,A,500,Wales,29806,Dewi,Lake,1,341
70,582.535719942,602.6999352103522,James Ratti (Wales),Lineout Attack,Green,946408,19,A,500,Wales,24591,James,Ratti,1,341
71,582.535719942,602.6999352103522,Alex Mann (Wales),Lineout Attack,Green,946408,6,A,500,Wales,38683,Alex,Mann,1,341
72,582.535719942,602.6999352103522,Taulupe Faletau (Wales),Lineout Attack,Green,946408,8,A,500,Wales,11029,Taulupe,Faletau,1,341
73,586.014642733,602.6999352103522,Teddy Williams (Wales),Lineout Attack,Green,946408,5,A,500,Wales,33845,Teddy,Williams,1,341
74,586.3939107,601.9998823256417,Warner Dearns (Japan),Lineout Defence,Green,946408,5,H,3000,Japan,40399,Warner,Dearns,1,341
75,586.3939107,601.9998823256417,Jack Cornelsen (Japan),Lineout Defence,Green,946408,7,H,3000,Japan,23697,Jack,Cornelsen,1,341
76,586.3939107,601.9998823256417,Amato Fakatava (Japan),Lineout Defence,Yellow,946408,8,H,3000,Japan,36500,Amato,Fakatava,1,341
77,678.2977107039952,699.5000188509796,Teddy Williams (Wales),Carry,Green,946408,5,A,500,Wales,33845,Teddy,Williams,1,513
78,680.058264252,685.058264252,Mamoru Harada (Japan),Tackle,Green,946408,2,H,3000,Japan,34483,Mamoru,Harada,1,514
79,680.5987100400012,698.3998662196703,Josh MacLeod (Wales),Ruck,Green,946408,7,A,500,Wales,25019,Josh,MacLeod,1,514
80,680.995763188,688.3994372106617,Malo Tuitama (Japan),Tackle,Green,946408,11,H,3000,Japan,23585,Malo,Tuitama,1,515
81,681.3986420386628,698.3998662196703,Keiron Assiratti (Wales),Ruck,Green,946408,3,A,500,Wales,24078,Keiron,Assiratti,1,515
82,682.697569581322,698.3998662196703,Taulupe Faletau (Wales),Ruck,Green,946408,8,A,500,Wales,11029,Taulupe,Faletau,1,518
83,687.0986399603174,711.5000244703184,Dewi Lake (Wales),Carry,Green,946408,2,A,500,Wales,29806,Dewi,Lake,1,521
84,690.9984295086468,709.4999363583323,James Ratti (Wales),Ruck,Green,946408,19,A,500,Wales,24591,James,Ratti,1,525
85,692.8981839656492,709.4999363583323,Nicky Smith (Wales),Ruck,Green,946408,1,A,500,Wales,20327,Nicky,Smith,1,525
86,693.886318961,698.886318961,Mamoru Harada (Japan),Tackle,Green,946408,2,H,3000,Japan,34483,Mamoru,Harada,1,529
87,694.1975500509739,709.4999363583323,Alex Mann (Wales),Ruck,Green,946408,6,A,500,Wales,38683,Alex,Mann,1,529
88,695.9988978903274,702.5991575563222,Epineri Uluiviti (Japan),Tackle,Green,946408,4,H,3000,Japan,26154,Epineri,Uluiviti,1,529
89,697.5974249436408,709.4999363583323,Keiron Assiratti (Wales),Ruck,Green,946408,3,A,500,Wales,24078,Keiron,Assiratti,1,529
90,699.269253255,706.016058364,Warner Dearns (Japan),Charge Down,Green,946408,5,H,3000,Japan,40399,Warner,Dearns,1,531
91,721.199784788,739.287007792,Nicky Smith (Wales),Lineout Defence,Green,946408,1,A,500,Wales,20327,Nicky,Smith,1,554
92,721.199784788,739.287007792,Keiron Assiratti (Wales),Lineout Defence,Green,946408,3,A,500,Wales,24078,Keiron,Assiratti,1,554
93,721.199784788,739.287007792,James Ratti (Wales),Lineout Defence,Red,946408,19,A,500,Wales,24591,James,Ratti,1,554
94,721.199784788,739.287007792,Teddy Williams (Wales),Lineout Defence,Green,946408,5,A,500,Wales,33845,Teddy,Williams,1,554
95,721.199784788,739.287007792,Alex Mann (Wales),Lineout Defence,Green,946408,6,A,500,Wales,38683,Alex,Mann,1,554
96,722.394246015,736.854973852,Yota Kamimori (Japan),Lineout Attack,Green,946408,1,H,3000,Japan,34494,Yota,Kamimori,1,554
97,722.394246015,736.854973852,Mamoru Harada (Japan),Lineout Attack,Yellow,946408,2,H,3000,Japan,34483,Mamoru,Harada,1,554
98,722.394246015,736.854973852,Shuhei Takeuchi (Japan),Lineout Attack,Green,946408,3,H,3000,Japan,37874,Shuhei,Takeuchi,1,554
99,722.394246015,736.854973852,Epineri Uluiviti (Japan),Lineout Attack,Green,946408,4,H,3000,Japan,26154,Epineri,Uluiviti,1,554
100,722.394246015,736.854973852,Warner Dearns (Japan),Lineout Attack,Green,946408,5,H,3000,Japan,40399,Warner,Dearns,1,554
101,722.394246015,736.854973852,Jack Cornelsen (Japan),Lineout Attack,Green,946408,7,H,3000,Japan,23697,Jack,Cornelsen,1,554
102,727.4978254009751,740.1999352549959,Sam Costelow (Wales),Tackle,Green,946408,10,A,500,Wales,33844,Sam,Costelow,1,602
103,728.3985932866508,736.399873161012,James Ratti (Wales),Phase Defence,Red,946408,19,A,500,Wales,24591,James,Ratti,1,602
104,728.6979453123217,736.1998746859891,Josh MacLeod (Wales),Phase Defence,Red,946408,7,A,500,Wales,25019,Josh,MacLeod,1,602
105,728.6981604799741,739.9000633786575,Taulupe Faletau (Wales),Jackler,Green,946408,8,A,500,Wales,11029,Taulupe,Faletau,1,602
106,729.5983761796647,736.9999287640213,Alex Mann (Wales),Phase Defence,Red,946408,6,A,500,Wales,38683,Alex,Mann,1,603
107,729.7977641056457,736.1998746859891,Ben Thomas (Wales),Phase Defence,Red,946408,12,A,500,Wales,25826,Ben,Thomas,1,603
108,730.0024036281179,739.12918823,Shogo Nakano (Japan),Ruck,Green,946408,12,H,3000,Japan,36750,Shogo,Nakano,1,603
109,730.6827829166615,737.1984173336622,Michael Leitch (Japan),Ruck,Green,946408,6,H,3000,Japan,11306,Michael,Leitch,1,605
110,732.6980708903161,742.2999437240013,James Ratti (Wales),Tackle,Green,946408,19,A,500,Wales,24591,James,Ratti,1,606
111,733.58360393,738.58360393,Amato Fakatava (Japan),Carry,Green,946408,8,H,3000,Japan,36500,Amato,Fakatava,1,608
112,820.297631024,835.058577894,Nicky Smith (Wales),Kick Chase,Green,946408,1,A,500,Wales,20327,Nicky,Smith,1,733
113,820.297631024,835.058577894,Dewi Lake (Wales),Kick Chase,Green,946408,2,A,500,Wales,29806,Dewi,Lake,1,733
114,820.297631024,835.058577894,Keiron Assiratti (Wales),Kick Chase,Green,946408,3,A,500,Wales,24078,Keiron,Assiratti,1,733
115,820.297631024,835.058577894,James Ratti (Wales),Kick Chase,Green,946408,19,A,500,Wales,24591,James,Ratti,1,733
116,820.297631024,835.058577894,Teddy Williams (Wales),Kick Chase,Green,946408,5,A,500,Wales,33845,Teddy,Williams,1,733
117,820.297631024,835.058577894,Alex Mann (Wales),Kick Chase,Green,946408,6,A,500,Wales,38683,Alex,Mann,1,733
118,820.297631024,835.058577894,Josh MacLeod (Wales),Kick Chase,Green,946408,7,A,500,Wales,25019,Josh,MacLeod,1,733
119,820.297631024,835.058577894,Taulupe Faletau (Wales),Kick Chase,Green,946408,8,A,500,Wales,11029,Taulupe,Faletau,1,733
120,820.297631024,835.058577894,Kieran Hardy (Wales),Kick Chase,Green,946408,9,A,500,Wales,22648,Kieran,Hardy,1,733
121,820.297631024,835.058577894,Josh Adams (Wales),Kick Chase,Green,946408,11,A,500,Wales,21514,Josh,Adams,1,733
122,820.297631024,835.058577894,Ben Thomas (Wales),Kick Chase,Green,946408,12,A,500,Wales,25826,Ben,Thomas,1,733
123,820.297631024,835.058577894,Johnny Williams (Wales),Kick Chase,Green,946408,13,A,500,Wales,22036,Johnny,Williams,1,733
124,820.297631024,835.058577894,Tom Rogers (Wales),Kick Chase,Green,946408,14,A,500,Wales,29598,Tom,Rogers,1,733
125,820.319615134,834.637163505,Yota Kamimori (Japan),Kick Retreat,Green,946408,1,H,3000,Japan,34494,Yota,Kamimori,1,733
126,820.319615134,834.637163505,Mamoru Harada (Japan),Kick Retreat,Green,946408,2,H,3000,Japan,34483,Mamoru,Harada,1,733
127,820.319615134,834.637163505,Shuhei Takeuchi (Japan),Kick Retreat,Green,946408,3,H,3000,Japan,37874,Shuhei,Takeuchi,1,733
128,820.319615134,834.637163505,Epineri Uluiviti (Japan),Kick Retreat,Green,946408,4,H,3000,Japan,26154,Epineri,Uluiviti,1,733
129,820.319615134,834.637163505,Warner Dearns (Japan),Kick Retreat,Green,946408,5,H,3000,Japan,40399,Warner,Dearns,1,733
130,820.319615134,834.637163505,Michael Leitch (Japan),Kick Retreat,Green,946408,6,H,3000,Japan,11306,Michael,Leitch,1,733
131,820.319615134,834.637163505,Jack Cornelsen (Japan),Kick Retreat,Green,946408,7,H,3000,Japan,23697,Jack,Cornelsen,1,733
132,820.319615134,834.637163505,Amato Fakatava (Japan),Kick Retreat,Green,946408,8,H,3000,Japan,36500,Amato,Fakatava,1,733
133,820.319615134,834.637163505,Shinobu Fujiwara (Japan),Kick Retreat,Green,946408,9,H,3000,Japan,30969,Shinobu,Fujiwara,1,733
134,820.319615134,834.637163505,Seungsin Lee (Japan),Kick Retreat,Green,946408,10,H,3000,Japan,37841,Seungsin,Lee,1,733
135,820.319615134,834.637163505,Malo Tuitama (Japan),Kick Retreat,Green,946408,11,H,3000,Japan,23585,Malo,Tuitama,1,733
136,820.319615134,834.637163505,Shogo Nakano (Japan),Kick Retreat,Green,946408,12,H,3000,Japan,36750,Shogo,Nakano,1,733
137,820.319615134,834.637163505,Dylan Riley (Japan),Kick Retreat,Green,946408,13,H,3000,Japan,27652,Dylan,Riley,1,733
138,821.089311535591,829.471001519,Shinobu Fujiwara (Japan),Charge Down,Green,946408,9,H,3000,Japan,30969,Shinobu,Fujiwara,1,733
139,824.7978391369836,841.9999187686666,Johnny Williams (Wales),Tackle,Yellow,946408,13,A,500,Wales,22036,Johnny,Williams,1,739
140,828.5841995396693,834.373367957,Dylan Riley (Japan),Ruck,Green,946408,13,H,3000,Japan,27652,Dylan,Riley,1,742
141,828.632281429,833.632281429,Michael Leitch (Japan),Ruck,Green,946408,6,H,3000,Japan,11306,Michael,Leitch,1,742
142,830.14775003,840.277399562,Amato Fakatava (Japan),Ruck,Green,946408,8,H,3000,Japan,36500,Amato,Fakatava,1,744
143,831.3985634853365,837.7002546200048,Dewi Lake (Wales),Tackle,Green,946408,2,A,500,Wales,29806,Dewi,Lake,1,745
144,832.869438985,837.869438985,Malo Tuitama (Japan),Carry,Green,946408,11,H,3000,Japan,23585,Malo,Tuitama,1,747
145,882.138276754,902.364463329,Dewi Lake (Wales),Lineout Defence,Green,946408,2,A,500,Wales,29806,Dewi,Lake,1,835
146,882.138276754,902.364463329,Keiron Assiratti (Wales),Lineout Defence,Green,946408,3,A,500,Wales,24078,Keiron,Assiratti,1,835
147,882.138276754,902.364463329,James Ratti (Wales),Lineout Defence,Green,946408,19,A,500,Wales,24591,James,Ratti,1,835
148,882.138276754,902.364463329,Teddy Williams (Wales),Lineout Defence,Green,946408,5,A,500,Wales,33845,Teddy,Williams,1,835
149,882.138276754,902.364463329,Alex Mann (Wales),Lineout Defence,Green,946408,6,A,500,Wales,38683,Alex,Mann,1,835
150,882.138276754,902.364463329,Taulupe Faletau (Wales),Lineout Defence,Green,946408,8,A,500,Wales,11029,Taulupe,Faletau,1,835
151,882.361280729,905.435677342,Yota Kamimori (Japan),Lineout Attack,Green,946408,1,H,3000,Japan,34494,Yota,Kamimori,1,835
152,882.361280729,905.435677342,Shuhei Takeuchi (Japan),Lineout Attack,Green,946408,3,H,3000,Japan,37874,Shuhei,Takeuchi,1,835
153,882.361280729,905.435677342,Epineri Uluiviti (Japan),Lineout Attack,Green,946408,4,H,3000,Japan,26154,Epineri,Uluiviti,1,835
154,882.361280729,905.435677342,Warner Dearns (Japan),Lineout Attack,Green,946408,5,H,3000,Japan,40399,Warner,Dearns,1,835
155,882.361280729,905.435677342,Jack Cornelsen (Japan),Lineout Attack,Green,946408,7,H,3000,Japan,23697,Jack,Cornelsen,1,835
156,882.361280729,905.435677342,Amato Fakatava (Japan),Lineout Attack,Green,946408,8,H,3000,Japan,36500,Amato,Fakatava,1,835
157,887.216603167,905.8024556026862,Nicky Smith (Wales),Lineout Defence,Green,946408,1,A,500,Wales,20327,Nicky,Smith,1,841
158,888.0976673463222,897.899996031019,Nicky Smith (Wales),Tackle,Green,946408,1,A,500,Wales,20327,Nicky,Smith,1,842
159,891.0969954243197,906.7998852326626,Sam Costelow (Wales),Tackle,Green,946408,10,A,500,Wales,33844,Sam,Costelow,1,846
160,891.0969954243197,906.7998852326626,Sam Costelow (Wales),Tackle,Green,946408,10,A,500,Wales,33844,Sam,Costelow,1,846
161,893.3968059916398,906.7998852326626,Alex Mann (Wales),Tackle,Green,946408,6,A,500,Wales,38683,Alex,Mann,1,848
162,894.3974055863362,908.7999639276724,Josh MacLeod (Wales),Jackler,Green,946408,7,A,500,Wales,25019,Josh,MacLeod,1,849
163,894.4986859929662,909.2999150720044,Taulupe Faletau (Wales),Tackle,Green,946408,8,A,500,Wales,11029,Taulupe,Faletau,1,849
164,899.8852618076673,908.313990935,Amato Fakatava (Japan),Ruck,Green,946408,8,H,3000,Japan,36500,Amato,Fakatava,1,854
165,901.073414363,906.987330912,Seungsin Lee (Japan),Ruck,Green,946408,10,H,3000,Japan,37841,Seungsin,Lee,1,855
166,901.1985181479878,921.8000212416534,Nicky Smith (Wales),Tackle,Yellow,946408,1,A,500,Wales,20327,Nicky,Smith,1,855
167,901.356053044,909.594555391,Shuhei Takeuchi (Japan),Ruck,Green,946408,3,H,3000,Japan,37874,Shuhei,Takeuchi,1,855
168,904.050434872,909.050434872,Shogo Nakano (Japan),Carry,Green,946408,12,H,3000,Japan,36750,Shogo,Nakano,1,857
169,936.065219453,958.762466619,Nicky Smith (Wales),Lineout Attack,Yellow,946408,1,A,500,Wales,20327,Nicky,Smith,1,929
170,936.065219453,958.762466619,Dewi Lake (Wales),Lineout Attack,Green,946408,2,A,500,Wales,29806,Dewi,Lake,1,929
171,936.065219453,958.762466619,Keiron Assiratti (Wales),Lineout Attack,Green,946408,3,A,500,Wales,24078,Keiron,Assiratti,1,929
172,936.065219453,958.762466619,James Ratti (Wales),Lineout Attack,Green,946408,19,A,500,Wales,24591,James,Ratti,1,929
173,936.065219453,958.762466619,Teddy Williams (Wales),Lineout Attack,Green,946408,5,A,500,Wales,33845,Teddy,Williams,1,929
174,936.065219453,958.762466619,Alex Mann (Wales),Lineout Attack,Yellow,946408,6,A,500,Wales,38683,Alex,Mann,1,929
175,936.065219453,958.762466619,Josh MacLeod (Wales),Lineout Attack,Yellow,946408,7,A,500,Wales,25019,Josh,MacLeod,1,929
176,936.3396371882086,955.8155011,Yota Kamimori (Japan),Lineout Defence,Green,946408,1,H,3000,Japan,34494,Yota,Kamimori,1,929
177,936.3396371882086,955.8155011,Shuhei Takeuchi (Japan),Lineout Defence,Red,946408,3,H,3000,Japan,37874,Shuhei,Takeuchi,1,929
178,936.3396371882086,955.8155011,Epineri Uluiviti (Japan),Lineout Defence,Red,946408,4,H,3000,Japan,26154,Epineri,Uluiviti,1,929
179,936.3396371882086,955.8155011,Warner Dearns (Japan),Lineout Defence,Green,946408,5,H,3000,Japan,40399,Warner,Dearns,1,929
180,936.3396371882086,955.8155011,Jack Cornelsen (Japan),Lineout Defence,Green,946408,7,H,3000,Japan,23697,Jack,Cornelsen,1,929
181,940.3979579486588,959.9000455630038,Alex Mann (Wales),Carry,Red,946408,6,A,500,Wales,38683,Alex,Mann,1,932
182,943.361314525,955.8155011,Mamoru Harada (Japan),Lineout Defence,Green,946408,2,H,3000,Japan,34483,Mamoru,Harada,1,932
183,943.6984441366412,954.5000500713276,Nicky Smith (Wales),Ruck,Red,946408,1,A,500,Wales,20327,Nicky,Smith,1,938
184,947.3980659036588,962.7002204680006,Taulupe Faletau (Wales),Carry,Red,946408,8,A,500,Wales,11029,Taulupe,Faletau,1,941
185,949.2815192743764,967.2972964469976,Dylan Riley (Japan),Kick Retreat,Gold,946408,13,H,3000,Japan,27652,Dylan,Riley,1,943
186,949.33302005,957.7991799246664,Michael Leitch (Japan),Tackle,Green,946408,6,H,3000,Japan,11306,Michael,Leitch,1,943
187,949.6986303129823,962.1000246926786,Ben Thomas (Wales),Ruck,Green,946408,12,A,500,Wales,25826,Ben,Thomas,1,943
188,950.297489639,956.077827659,Seungsin Lee (Japan),Tackle,Green,946408,10,H,3000,Japan,37841,Seungsin,Lee,1,945
189,956.567479835,968.995990691,Yota Kamimori (Japan),Kick Retreat,Green,946408,1,H,3000,Japan,34494,Yota,Kamimori,1,949
190,956.567479835,968.995990691,Mamoru Harada (Japan),Kick Retreat,Green,946408,2,H,3000,Japan,34483,Mamoru,Harada,1,949
191,956.567479835,968.995990691,Shuhei Takeuchi (Japan),Kick Retreat,Green,946408,3,H,3000,Japan,37874,Shuhei,Takeuchi,1,949
192,956.567479835,968.995990691,Epineri Uluiviti (Japan),Kick Retreat,Green,946408,4,H,3000,Japan,26154,Epineri,Uluiviti,1,949
193,956.567479835,968.995990691,Warner Dearns (Japan),Kick Retreat,Green,946408,5,H,3000,Japan,40399,Warner,Dearns,1,949
194,956.567479835,968.995990691,Michael Leitch (Japan),Kick Retreat,Green,946408,6,H,3000,Japan,11306,Michael,Leitch,1,949
195,956.567479835,968.995990691,Jack Cornelsen (Japan),Kick Retreat,Green,946408,7,H,3000,Japan,23697,Jack,Cornelsen,1,949
196,956.567479835,968.995990691,Amato Fakatava (Japan),Kick Retreat,Green,946408,8,H,3000,Japan,36500,Amato,Fakatava,1,949
197,956.567479835,968.995990691,Shinobu Fujiwara (Japan),Kick Retreat,Green,946408,9,H,3000,Japan,30969,Shinobu,Fujiwara,1,949
198,956.567479835,968.995990691,Seungsin Lee (Japan),Kick Retreat,Green,946408,10,H,3000,Japan,37841,Seungsin,Lee,1,949
199,956.567479835,968.995990691,Shogo Nakano (Japan),Kick Retreat,Green,946408,12,H,3000,Japan,36750,Shogo,Nakano,1,949
200,956.567479835,968.995990691,Kippei Ishida (Japan),Kick Retreat,Green,946408,14,H,3000,Japan,34036,Kippei,Ishida,1,949
201,956.567479835,968.995990691,Takuro Matsunaga (Japan),Kick Retreat,Green,946408,15,H,3000,Japan,38312,Takuro,Matsunaga,1,949
202,957.199675563,969.356718752,Nicky Smith (Wales),Kick Chase,Green,946408,1,A,500,Wales,20327,Nicky,Smith,1,950
203,957.199675563,969.356718752,Dewi Lake (Wales),Kick Chase,Green,946408,2,A,500,Wales,29806,Dewi,Lake,1,950
204,957.199675563,969.356718752,Keiron Assiratti (Wales),Kick Chase,Green,946408,3,A,500,Wales,24078,Keiron,Assiratti,1,950
205,957.199675563,969.356718752,James Ratti (Wales),Kick Chase,Green,946408,19,A,500,Wales,24591,James,Ratti,1,950
206,957.199675563,969.356718752,Teddy Williams (Wales),Kick Chase,Green,946408,5,A,500,Wales,33845,Teddy,Williams,1,950
207,957.199675563,969.356718752,Alex Mann (Wales),Kick Chase,Green,946408,6,A,500,Wales,38683,Alex,Mann,1,950
208,957.199675563,969.356718752,Josh MacLeod (Wales),Kick Chase,Green,946408,7,A,500,Wales,25019,Josh,MacLeod,1,950
209,957.199675563,969.356718752,Taulupe Faletau (Wales),Kick Chase,Yellow,946408,8,A,500,Wales,11029,Taulupe,Faletau,1,950
210,957.199675563,969.356718752,Kieran Hardy (Wales),Kick Chase,Green,946408,9,A,500,Wales,22648,Kieran,Hardy,1,950
211,957.199675563,969.356718752,Sam Costelow (Wales),Kick Chase,Green,946408,10,A,500,Wales,33844,Sam,Costelow,1,950
212,957.199675563,969.356718752,Josh Adams (Wales),Kick Chase,Green,946408,11,A,500,Wales,21514,Josh,Adams,1,950
213,957.199675563,969.356718752,Ben Thomas (Wales),Kick Chase,Green,946408,12,A,500,Wales,25826,Ben,Thomas,1,950
214,957.199675563,969.356718752,Johnny Williams (Wales),Kick Chase,Green,946408,13,A,500,Wales,22036,Johnny,Williams,1,950
215,957.199675563,969.356718752,Tom Rogers (Wales),Kick Chase,Green,946408,14,A,500,Wales,29598,Tom,Rogers,1,950
216,957.199675563,969.356718752,Blair Murray (Wales),Kick Chase,Green,946408,15,A,500,Wales,32980,Blair,Murray,1,950
217,1159.9986494036568,1174.4999774089883,James Ratti (Wales),Jackler,Green,946408,19,A,500,Wales,24591,James,Ratti,1,1202
218,1162.0980436793195,1179.800023855987,Josh MacLeod (Wales),Jackler,Red,946408,7,A,500,Wales,25019,Josh,MacLeod,1,1205
219,1192.29574266,1206.6998996716725,Yota Kamimori (Japan),Lineout Defence,Green,946408,1,H,3000,Japan,34494,Yota,Kamimori,1,1233
220,1192.29574266,1206.6998996716725,Shuhei Takeuchi (Japan),Lineout Defence,Green,946408,3,H,3000,Japan,37874,Shuhei,Takeuchi,1,1233
221,1192.29574266,1206.6998996716725,Epineri Uluiviti (Japan),Lineout Defence,Green,946408,4,H,3000,Japan,26154,Epineri,Uluiviti,1,1233
222,1192.29574266,1206.6998996716725,Warner Dearns (Japan),Lineout Defence,Green,946408,5,H,3000,Japan,40399,Warner,Dearns,1,1233
223,1192.29574266,1206.6998996716725,Jack Cornelsen (Japan),Lineout Defence,Green,946408,7,H,3000,Japan,23697,Jack,Cornelsen,1,1233
224,1192.29574266,1206.6998996716725,Amato Fakatava (Japan),Lineout Defence,Green,946408,8,H,3000,Japan,36500,Amato,Fakatava,1,1233
225,1193.178505728,1208.32420618,Nicky Smith (Wales),Lineout Attack,Green,946408,1,A,500,Wales,20327,Nicky,Smith,1,1233
226,1193.178505728,1208.32420618,Dewi Lake (Wales),Lineout Attack,Green,946408,2,A,500,Wales,29806,Dewi,Lake,1,1233
227,1193.178505728,1208.32420618,Keiron Assiratti (Wales),Lineout Attack,Green,946408,3,A,500,Wales,24078,Keiron,Assiratti,1,1233
228,1193.178505728,1208.32420618,James Ratti (Wales),Lineout Attack,Green,946408,19,A,500,Wales,24591,James,Ratti,1,1233
229,1193.178505728,1208.32420618,Teddy Williams (Wales),Lineout Attack,Green,946408,5,A,500,Wales,33845,Teddy,Williams,1,1233
230,1193.178505728,1208.32420618,Alex Mann (Wales),Lineout Attack,Green,946408,6,A,500,Wales,38683,Alex,Mann,1,1233
231,1193.178505728,1208.32420618,Taulupe Faletau (Wales),Lineout Attack,Green,946408,8,A,500,Wales,11029,Taulupe,Faletau,1,1233
232,1193.178505728,1208.32420618,Kieran Hardy (Wales),Lineout Attack,Green,946408,9,A,500,Wales,22648,Kieran,Hardy,1,1233
233,1196.999167166337,1213.000059951008,Ben Thomas (Wales),Carry,Green,946408,12,A,500,Wales,25826,Ben,Thomas,1,1239
234,1197.453047587,1206.427639969,Seungsin Lee (Japan),Tackle,Green,946408,10,H,3000,Japan,37841,Seungsin,Lee,1,1239
235,1198.3838444306623,1223.797144515006,Michael Leitch (Japan),Tackle,Green,946408,6,H,3000,Japan,11306,Michael,Leitch,1,1240
236,1199.2974756176625,1211.7000276746492,Josh MacLeod (Wales),Ruck,Green,946408,7,A,500,Wales,25019,Josh,MacLeod,1,1241
237,1199.641751467,1210.8983030483244,Michael Leitch (Japan),Tackle,Gold,946408,6,H,3000,Japan,11306,Michael,Leitch,1,1241
238,1201.0982702006518,1211.7000276746492,Nicky Smith (Wales),Ruck,Green,946408,1,A,500,Wales,20327,Nicky,Smith,1,1242
239,1202.8976382446388,1218.5000123739949,Taulupe Faletau (Wales),Carry,Green,946408,8,A,500,Wales,11029,Taulupe,Faletau,1,1244
240,1203.8980667046442,1217.4998808956648,Keiron Assiratti (Wales),Ruck,Green,946408,3,A,500,Wales,24078,Keiron,Assiratti,1,1245
241,1204.6982386639877,1217.4998808956648,Johnny Williams (Wales),Ruck,Green,946408,13,A,500,Wales,22036,Johnny,Williams,1,1247
242,1205.799032429,1212.88253032,Mamoru Harada (Japan),Tackle,Green,946408,2,H,3000,Japan,34483,Mamoru,Harada,1,1247
243,1208.598228730336,1223.8000706776745,Teddy Williams (Wales),Carry,Red,946408,5,A,500,Wales,33845,Teddy,Williams,1,1251
244,1210.2976302570178,1225.1000666959878,Alex Mann (Wales),Ruck,Green,946408,6,A,500,Wales,38683,Alex,Mann,1,1250
245,1210.730770478,1217.246098112,Shuhei Takeuchi (Japan),Tackle,Green,946408,3,H,3000,Japan,37874,Shuhei,Takeuchi,1,1250
246,1211.098956173993,1225.1000666959878,James Ratti (Wales),Ruck,Red,946408,19,A,500,Wales,24591,James,Ratti,1,1250
247,1233.444741502,1247.6998430192964,Yota Kamimori (Japan),Kick Chase,Green,946408,1,H,3000,Japan,34494,Yota,Kamimori,1,1313
248,1233.444741502,1247.6998430192964,Mamoru Harada (Japan),Kick Chase,Green,946408,2,H,3000,Japan,34483,Mamoru,Harada,1,1313
249,1233.444741502,1247.6998430192964,Shuhei Takeuchi (Japan),Kick Chase,Green,946408,3,H,3000,Japan,37874,Shuhei,Takeuchi,1,1313
250,1233.444741502,1247.6998430192964,Epineri Uluiviti (Japan),Kick Chase,Green,946408,4,H,3000,Japan,26154,Epineri,Uluiviti,1,1313
251,1233.444741502,1247.6998430192964,Warner Dearns (Japan),Kick Chase,Green,946408,5,H,3000,Japan,40399,Warner,Dearns,1,1313
252,1233.444741502,1247.6998430192964,Michael Leitch (Japan),Kick Chase,Green,946408,6,H,3000,Japan,11306,Michael,Leitch,1,1313
253,1233.444741502,1247.6998430192964,Jack Cornelsen (Japan),Kick Chase,Green,946408,7,H,3000,Japan,23697,Jack,Cornelsen,1,1313
254,1233.444741502,1247.6998430192964,Amato Fakatava (Japan),Kick Chase,Green,946408,8,H,3000,Japan,36500,Amato,Fakatava,1,1313
255,1233.444741502,1247.6998430192964,Shinobu Fujiwara (Japan),Kick Chase,Green,946408,9,H,3000,Japan,30969,Shinobu,Fujiwara,1,1313
256,1233.444741502,1247.6998430192964,Seungsin Lee (Japan),Kick Chase,Green,946408,10,H,3000,Japan,37841,Seungsin,Lee,1,1313
257,1233.444741502,1247.6998430192964,Malo Tuitama (Japan),Kick Chase,Green,946408,11,H,3000,Japan,23585,Malo,Tuitama,1,1313
258,1233.444741502,1247.6998430192964,Shogo Nakano (Japan),Kick Chase,Green,946408,12,H,3000,Japan,36750,Shogo,Nakano,1,1313
259,1233.444741502,1247.6998430192964,Dylan Riley (Japan),Kick Chase,Green,946408,13,H,3000,Japan,27652,Dylan,Riley,1,1313
260,1233.444741502,1247.6998430192964,Kippei Ishida (Japan),Kick Chase,Green,946408,14,H,3000,Japan,34036,Kippei,Ishida,1,1313
261,1234.588008884,1247.199782167339,Nicky Smith (Wales),Kick Retreat,Green,946408,1,A,500,Wales,20327,Nicky,Smith,1,1313
262,1234.588008884,1247.199782167339,Dewi Lake (Wales),Kick Retreat,Green,946408,2,A,500,Wales,29806,Dewi,Lake,1,1313
263,1234.588008884,1247.199782167339,Keiron Assiratti (Wales),Kick Retreat,Yellow,946408,3,A,500,Wales,24078,Keiron,Assiratti,1,1313
264,1234.588008884,1247.199782167339,James Ratti (Wales),Kick Retreat,Green,946408,19,A,500,Wales,24591,James,Ratti,1,1313
265,1234.588008884,1247.199782167339,Teddy Williams (Wales),Kick Retreat,Green,946408,5,A,500,Wales,33845,Teddy,Williams,1,1313
266,1234.588008884,1247.199782167339,Alex Mann (Wales),Kick Retreat,Green,946408,6,A,500,Wales,38683,Alex,Mann,1,1313
267,1234.588008884,1247.199782167339,Josh MacLeod (Wales),Kick Retreat,Green,946408,7,A,500,Wales,25019,Josh,MacLeod,1,1313
268,1234.588008884,1247.199782167339,Taulupe Faletau (Wales),Kick Retreat,Green,946408,8,A,500,Wales,11029,Taulupe,Faletau,1,1313
269,1234.588008884,1247.199782167339,Kieran Hardy (Wales),Kick Retreat,Green,946408,9,A,500,Wales,22648,Kieran,Hardy,1,1313
270,1234.588008884,1247.199782167339,Sam Costelow (Wales),Kick Retreat,Green,946408,10,A,500,Wales,33844,Sam,Costelow,1,1313
271,1234.588008884,1247.199782167339,Josh Adams (Wales),Kick Retreat,Green,946408,11,A,500,Wales,21514,Josh,Adams,1,1313
272,1234.588008884,1247.199782167339,Ben Thomas (Wales),Kick Retreat,Green,946408,12,A,500,Wales,25826,Ben,Thomas,1,1313
273,1234.588008884,1247.199782167339,Johnny Williams (Wales),Kick Retreat,Green,946408,13,A,500,Wales,22036,Johnny,Williams,1,1313
274,1234.588008884,1247.199782167339,Tom Rogers (Wales),Kick Retreat,Green,946408,14,A,500,Wales,29598,Tom,Rogers,1,1313
275,1234.588008884,1247.199782167339,Blair Murray (Wales),Kick Retreat,Green,946408,15,A,500,Wales,32980,Blair,Murray,1,1313
276,1259.848530191,1279.011871133,Yota Kamimori (Japan),Lineout Defence,Green,946408,1,H,3000,Japan,34494,Yota,Kamimori,1,1341
277,1259.848530191,1279.011871133,Shuhei Takeuchi (Japan),Lineout Defence,Green,946408,3,H,3000,Japan,37874,Shuhei,Takeuchi,1,1341
278,1259.848530191,1279.011871133,Epineri Uluiviti (Japan),Lineout Defence,Green,946408,4,H,3000,Japan,26154,Epineri,Uluiviti,1,1341
279,1259.848530191,1279.011871133,Warner Dearns (Japan),Lineout Defence,Yellow,946408,5,H,3000,Japan,40399,Warner,Dearns,1,1341
280,1259.848530191,1279.011871133,Jack Cornelsen (Japan),Lineout Defence,Green,946408,7,H,3000,Japan,23697,Jack,Cornelsen,1,1341
281,1260.2424943310657,1278.7999182023275,Nicky Smith (Wales),Lineout Attack,Green,946408,1,A,500,Wales,20327,Nicky,Smith,1,1341
282,1260.2424943310657,1278.7999182023275,Dewi Lake (Wales),Lineout Attack,Green,946408,2,A,500,Wales,29806,Dewi,Lake,1,1341
283,1260.2424943310657,1278.7999182023275,Keiron Assiratti (Wales),Lineout Attack,Green,946408,3,A,500,Wales,24078,Keiron,Assiratti,1,1341
284,1260.2424943310657,1278.7999182023275,James Ratti (Wales),Lineout Attack,Yellow,946408,19,A,500,Wales,24591,James,Ratti,1,1341
285,1260.2424943310657,1278.7999182023275,Teddy Williams (Wales),Lineout Attack,Green,946408,5,A,500,Wales,33845,Teddy,Williams,1,1341
286,1260.2424943310657,1278.7999182023275,Alex Mann (Wales),Lineout Attack,Green,946408,6,A,500,Wales,38683,Alex,Mann,1,1341
287,1263.049421237,1278.7999182023275,Josh MacLeod (Wales),Lineout Attack,Yellow,946408,7,A,500,Wales,25019,Josh,MacLeod,1,1344
288,1266.7036734693877,1278.6991310533256,Mamoru Harada (Japan),Tackle,Yellow,946408,2,H,3000,Japan,34483,Mamoru,Harada,1,1348
289,1266.9975435739934,1289.9000069696544,Taulupe Faletau (Wales),Carry,Red,946408,8,A,500,Wales,11029,Taulupe,Faletau,1,1349
290,1268.1980119630025,1289.899975028657,Alex Mann (Wales),Ruck,Green,946408,6,A,500,Wales,38683,Alex,Mann,1,1349
291,1268.8986690050035,1289.899975028657,Ben Thomas (Wales),Ruck,Green,946408,12,A,500,Wales,25826,Ben,Thomas,1,1349
292,1269.618237782,1278.899455265994,Amato Fakatava (Japan),Jackler,Green,946408,8,H,3000,Japan,36500,Amato,Fakatava,1,1352
293,1271.5975366309858,1289.899975028657,Nicky Smith (Wales),Ruck,Red,946408,1,A,500,Wales,20327,Nicky,Smith,1,1347
294,1272.3972246303333,1289.899975028657,Keiron Assiratti (Wales),Ruck,Red,946408,3,A,500,Wales,24078,Keiron,Assiratti,1,1347
295,1275.387823807,1292.42799097,Yota Kamimori (Japan),Kick Retreat,Green,946408,1,H,3000,Japan,34494,Yota,Kamimori,1,1347
296,1275.387823807,1292.42799097,Mamoru Harada (Japan),Kick Retreat,Green,946408,2,H,3000,Japan,34483,Mamoru,Harada,1,1347
297,1275.387823807,1292.42799097,Shuhei Takeuchi (Japan),Kick Retreat,Green,946408,3,H,3000,Japan,37874,Shuhei,Takeuchi,1,1347
298,1275.387823807,1292.42799097,Epineri Uluiviti (Japan),Kick Retreat,Green,946408,4,H,3000,Japan,26154,Epineri,Uluiviti,1,1347
299,1275.387823807,1292.42799097,Warner Dearns (Japan),Kick Retreat,Green,946408,5,H,3000,Japan,40399,Warner,Dearns,1,1347
300,1275.387823807,1292.42799097,Michael Leitch (Japan),Kick Retreat,Green,946408,6,H,3000,Japan,11306,Michael,Leitch,1,1347
301,1275.387823807,1292.42799097,Jack Cornelsen (Japan),Kick Retreat,Green,946408,7,H,3000,Japan,23697,Jack,Cornelsen,1,1347
302,1275.387823807,1292.42799097,Amato Fakatava (Japan),Kick Retreat,Green,946408,8,H,3000,Japan,36500,Amato,Fakatava,1,1347
303,1275.387823807,1292.42799097,Shinobu Fujiwara (Japan),Kick Retreat,Green,946408,9,H,3000,Japan,30969,Shinobu,Fujiwara,1,1347
304,1275.387823807,1292.42799097,Seungsin Lee (Japan),Kick Retreat,Green,946408,10,H,3000,Japan,37841,Seungsin,Lee,1,1347
305,1275.387823807,1292.42799097,Malo Tuitama (Japan),Kick Retreat,Green,946408,11,H,3000,Japan,23585,Malo,Tuitama,1,1347
306,1275.387823807,1292.42799097,Shogo Nakano (Japan),Kick Retreat,Green,946408,12,H,3000,Japan,36750,Shogo,Nakano,1,1347
307,1275.387823807,1292.42799097,Dylan Riley (Japan),Kick Retreat,Green,946408,13,H,3000,Japan,27652,Dylan,Riley,1,1347
308,1276.25511452,1291.581059111,Nicky Smith (Wales),Kick Chase,Yellow,946408,1,A,500,Wales,20327,Nicky,Smith,1,1358
309,1276.25511452,1291.581059111,Dewi Lake (Wales),Kick Chase,Green,946408,2,A,500,Wales,29806,Dewi,Lake,1,1358
310,1276.25511452,1291.581059111,Keiron Assiratti (Wales),Kick Chase,Yellow,946408,3,A,500,Wales,24078,Keiron,Assiratti,1,1358
311,1276.25511452,1291.581059111,James Ratti (Wales),Kick Chase,Green,946408,19,A,500,Wales,24591,James,Ratti,1,1358
312,1276.25511452,1291.581059111,Teddy Williams (Wales),Kick Chase,Green,946408,5,A,500,Wales,33845,Teddy,Williams,1,1358
313,1276.25511452,1291.581059111,Alex Mann (Wales),Kick Chase,Green,946408,6,A,500,Wales,38683,Alex,Mann,1,1358
314,1276.25511452,1291.581059111,Josh MacLeod (Wales),Kick Chase,Green,946408,7,A,500,Wales,25019,Josh,MacLeod,1,1358
315,1276.25511452,1291.581059111,Taulupe Faletau (Wales),Kick Chase,Green,946408,8,A,500,Wales,11029,Taulupe,Faletau,1,1358
316,1276.25511452,1291.581059111,Kieran Hardy (Wales),Kick Chase,Green,946408,9,A,500,Wales,22648,Kieran,Hardy,1,1358
317,1276.25511452,1291.581059111,Ben Thomas (Wales),Kick Chase,Green,946408,12,A,500,Wales,25826,Ben,Thomas,1,1358
318,1276.25511452,1291.581059111,Johnny Williams (Wales),Kick Chase,Green,946408,13,A,500,Wales,22036,Johnny,Williams,1,1358
319,1276.25511452,1291.581059111,Tom Rogers (Wales),Kick Chase,Green,946408,14,A,500,Wales,29598,Tom,Rogers,1,1358
320,1276.8837733739751,1285.6999096666543,Jack Cornelsen (Japan),Charge Down,Green,946408,7,H,3000,Japan,23697,Jack,Cornelsen,1,1358
321,1277.439630966,1290.693586206,Josh Adams (Wales),Kick Chase,Gold,946408,11,A,500,Wales,21514,Josh,Adams,1,1358
322,1288.359093912,1295.129326489,Seungsin Lee (Japan),Tackle,Green,946408,10,H,3000,Japan,37841,Seungsin,Lee,1,1410
323,1288.8986727286365,1308.599928526001,Teddy Williams (Wales),Ruck,Green,946408,5,A,500,Wales,33845,Teddy,Williams,1,1410
324,1289.197804284658,1310.4999620580195,Dewi Lake (Wales),Carry,Green,946408,2,A,500,Wales,29806,Dewi,Lake,1,1411
325,1290.069965388,1295.069965388,Michael Leitch (Japan),Jackler,Green,946408,6,H,3000,Japan,11306,Michael,Leitch,1,1411
326,1290.98141460633,1297.264382273,Shuhei Takeuchi (Japan),Tackle,Green,946408,3,H,3000,Japan,37874,Shuhei,Takeuchi,1,1413
327,1291.298328769995,1308.599928526001,Ben Thomas (Wales),Ruck,Green,946408,12,A,500,Wales,25826,Ben,Thomas,1,1413
328,1296.3983353819915,1317.7999085193396,Nicky Smith (Wales),Ruck,Green,946408,1,A,500,Wales,20327,Nicky,Smith,1,1418
329,1296.894861694,1307.3988803439904,Shuhei Takeuchi (Japan),Jackler,Red,946408,3,H,3000,Japan,37874,Shuhei,Takeuchi,1,1418
330,1296.8983827703212,1319.2999470686625,Taulupe Faletau (Wales),Carry,Red,946408,8,A,500,Wales,11029,Taulupe,Faletau,1,1418
331,1297.097919466345,1317.7999085193396,Alex Mann (Wales),Ruck,Green,946408,6,A,500,Wales,38683,Alex,Mann,1,1418
332,1298.2838441463211,1316.724592538,Mamoru Harada (Japan),Tackle,Yellow,946408,2,H,3000,Japan,34483,Mamoru,Harada,1,1420
333,1300.9977063546532,1317.7999085193396,James Ratti (Wales),Ruck,Green,946408,19,A,500,Wales,24591,James,Ratti,1,1424
334,1306.680551585327,1321.2991727793376,Michael Leitch (Japan),Tackle,Yellow,946408,6,H,3000,Japan,11306,Michael,Leitch,1,1429
335,1307.1983980879916,1332.2000774336689,Teddy Williams (Wales),Carry,Green,946408,5,A,500,Wales,33845,Teddy,Williams,1,1429
336,1308.0979296829937,1331.500012449991,Keiron Assiratti (Wales),Ruck,Green,946408,3,A,500,Wales,24078,Keiron,Assiratti,1,1429
337,1308.7989016416564,1331.500012449991,Dewi Lake (Wales),Ruck,Green,946408,2,A,500,Wales,29806,Dewi,Lake,1,1431
338,1310.0976253909694,1331.500012449991,Josh MacLeod (Wales),Ruck,Green,946408,7,A,500,Wales,25019,Josh,MacLeod,1,1431
339,1311.1987738089892,1331.500012449991,Nicky Smith (Wales),Ruck,Green,946408,1,A,500,Wales,20327,Nicky,Smith,1,1434
340,1312.387317629,1332.15845068,Yota Kamimori (Japan),Kick Retreat,Green,946408,1,H,3000,Japan,34494,Yota,Kamimori,1,1434
341,1312.387317629,1332.15845068,Mamoru Harada (Japan),Kick Retreat,Green,946408,2,H,3000,Japan,34483,Mamoru,Harada,1,1434
342,1312.387317629,1332.15845068,Shuhei Takeuchi (Japan),Kick Retreat,Green,946408,3,H,3000,Japan,37874,Shuhei,Takeuchi,1,1434
343,1312.387317629,1332.15845068,Epineri Uluiviti (Japan),Kick Retreat,Green,946408,4,H,3000,Japan,26154,Epineri,Uluiviti,1,1434
344,1312.387317629,1332.15845068,Warner Dearns (Japan),Kick Retreat,Green,946408,5,H,3000,Japan,40399,Warner,Dearns,1,1434
345,1312.387317629,1332.15845068,Michael Leitch (Japan),Kick Retreat,Green,946408,6,H,3000,Japan,11306,Michael,Leitch,1,1434
346,1312.387317629,1332.15845068,Jack Cornelsen (Japan),Kick Retreat,Green,946408,7,H,3000,Japan,23697,Jack,Cornelsen,1,1434
347,1312.387317629,1332.15845068,Amato Fakatava (Japan),Kick Retreat,Green,946408,8,H,3000,Japan,36500,Amato,Fakatava,1,1434
348,1312.387317629,1332.15845068,Shinobu Fujiwara (Japan),Kick Retreat,Green,946408,9,H,3000,Japan,30969,Shinobu,Fujiwara,1,1434
349,1312.387317629,1332.15845068,Seungsin Lee (Japan),Kick Retreat,Green,946408,10,H,3000,Japan,37841,Seungsin,Lee,1,1434
350,1312.387317629,1332.15845068,Shogo Nakano (Japan),Kick Retreat,Green,946408,12,H,3000,Japan,36750,Shogo,Nakano,1,1434
351,1312.387317629,1332.15845068,Dylan Riley (Japan),Kick Retreat,Green,946408,13,H,3000,Japan,27652,Dylan,Riley,1,1434
352,1316.003276545,1332.577991266,Nicky Smith (Wales),Kick Chase,Green,946408,1,A,500,Wales,20327,Nicky,Smith,1,1428
353,1316.003276545,1332.577991266,Dewi Lake (Wales),Kick Chase,Green,946408,2,A,500,Wales,29806,Dewi,Lake,1,1428
354,1316.003276545,1332.577991266,Keiron Assiratti (Wales),Kick Chase,Green,946408,3,A,500,Wales,24078,Keiron,Assiratti,1,1428
355,1316.003276545,1332.577991266,James Ratti (Wales),Kick Chase,Green,946408,19,A,500,Wales,24591,James,Ratti,1,1428
356,1316.003276545,1332.577991266,Teddy Williams (Wales),Kick Chase,Green,946408,5,A,500,Wales,33845,Teddy,Williams,1,1428
357,1316.003276545,1332.577991266,Alex Mann (Wales),Kick Chase,Green,946408,6,A,500,Wales,38683,Alex,Mann,1,1428
358,1316.003276545,1332.577991266,Josh MacLeod (Wales),Kick Chase,Green,946408,7,A,500,Wales,25019,Josh,MacLeod,1,1428
359,1316.003276545,1332.577991266,Taulupe Faletau (Wales),Kick Chase,Green,946408,8,A,500,Wales,11029,Taulupe,Faletau,1,1428
360,1316.003276545,1332.577991266,Kieran Hardy (Wales),Kick Chase,Green,946408,9,A,500,Wales,22648,Kieran,Hardy,1,1428
361,1316.003276545,1332.577991266,Josh Adams (Wales),Kick Chase,Green,946408,11,A,500,Wales,21514,Josh,Adams,1,1428
362,1316.003276545,1332.577991266,Ben Thomas (Wales),Kick Chase,Green,946408,12,A,500,Wales,25826,Ben,Thomas,1,1428
363,1316.003276545,1332.577991266,Johnny Williams (Wales),Kick Chase,Green,946408,13,A,500,Wales,22036,Johnny,Williams,1,1428
364,1316.003276545,1332.577991266,Tom Rogers (Wales),Kick Chase,Green,946408,14,A,500,Wales,29598,Tom,Rogers,1,1428
365,1316.188399226671,1326.3998938516324,Shinobu Fujiwara (Japan),Charge Down,Green,946408,9,H,3000,Japan,30969,Shinobu,Fujiwara,1,1428
366,1317.382529525663,1327.473518843,Epineri Uluiviti (Japan),Tackle,Green,946408,4,H,3000,Japan,26154,Epineri,Uluiviti,1,1437
367,1323.599227112,1340.902350254,Yota Kamimori (Japan),Kick Chase,Green,946408,1,H,3000,Japan,34494,Yota,Kamimori,1,1443
368,1323.599227112,1340.902350254,Mamoru Harada (Japan),Kick Chase,Green,946408,2,H,3000,Japan,34483,Mamoru,Harada,1,1443
369,1323.599227112,1340.902350254,Shuhei Takeuchi (Japan),Kick Chase,Green,946408,3,H,3000,Japan,37874,Shuhei,Takeuchi,1,1443
370,1323.599227112,1340.902350254,Epineri Uluiviti (Japan),Kick Chase,Green,946408,4,H,3000,Japan,26154,Epineri,Uluiviti,1,1443
371,1323.599227112,1340.902350254,Warner Dearns (Japan),Kick Chase,Green,946408,5,H,3000,Japan,40399,Warner,Dearns,1,1443
372,1323.599227112,1340.902350254,Michael Leitch (Japan),Kick Chase,Yellow,946408,6,H,3000,Japan,11306,Michael,Leitch,1,1443
373,1323.599227112,1340.902350254,Jack Cornelsen (Japan),Kick Chase,Green,946408,7,H,3000,Japan,23697,Jack,Cornelsen,1,1443
374,1323.599227112,1340.902350254,Amato Fakatava (Japan),Kick Chase,Green,946408,8,H,3000,Japan,36500,Amato,Fakatava,1,1443
375,1323.599227112,1340.902350254,Shinobu Fujiwara (Japan),Kick Chase,Green,946408,9,H,3000,Japan,30969,Shinobu,Fujiwara,1,1443
376,1323.599227112,1340.902350254,Shogo Nakano (Japan),Kick Chase,Green,946408,12,H,3000,Japan,36750,Shogo,Nakano,1,1443
377,1323.599227112,1340.902350254,Dylan Riley (Japan),Kick Chase,Green,946408,13,H,3000,Japan,27652,Dylan,Riley,1,1443
378,1323.599227112,1340.902350254,Kippei Ishida (Japan),Kick Chase,Green,946408,14,H,3000,Japan,34036,Kippei,Ishida,1,1443
379,1324.670446741,1339.5997801936255,Kieran Hardy (Wales),Kick Retreat,Yellow,946408,9,A,500,Wales,22648,Kieran,Hardy,1,1443
380,1324.670446741,1339.5997801936255,Sam Costelow (Wales),Kick Retreat,Green,946408,10,A,500,Wales,33844,Sam,Costelow,1,1443
381,1324.670446741,1339.5997801936255,Josh Adams (Wales),Kick Retreat,Green,946408,11,A,500,Wales,21514,Josh,Adams,1,1443
382,1324.670446741,1339.5997801936255,Ben Thomas (Wales),Kick Retreat,Yellow,946408,12,A,500,Wales,25826,Ben,Thomas,1,1443
383,1324.670446741,1339.5997801936255,Johnny Williams (Wales),Kick Retreat,Yellow,946408,13,A,500,Wales,22036,Johnny,Williams,1,1443
384,1324.670446741,1339.5997801936255,Tom Rogers (Wales),Kick Retreat,Green,946408,14,A,500,Wales,29598,Tom,Rogers,1,1443
385,1324.670446741,1339.5997801936255,Blair Murray (Wales),Kick Retreat,Green,946408,15,A,500,Wales,32980,Blair,Murray,1,1443
386,1325.254038038,1339.5997801936255,Nicky Smith (Wales),Kick Retreat,Yellow,946408,1,A,500,Wales,20327,Nicky,Smith,1,1443
387,1325.254038038,1339.5997801936255,Dewi Lake (Wales),Kick Retreat,Yellow,946408,2,A,500,Wales,29806,Dewi,Lake,1,1443
388,1325.254038038,1339.5997801936255,Keiron Assiratti (Wales),Kick Retreat,Yellow,946408,3,A,500,Wales,24078,Keiron,Assiratti,1,1443
389,1325.254038038,1339.5997801936255,James Ratti (Wales),Kick Retreat,Green,946408,19,A,500,Wales,24591,James,Ratti,1,1443
390,1325.254038038,1339.5997801936255,Teddy Williams (Wales),Kick Retreat,Green,946408,5,A,500,Wales,33845,Teddy,Williams,1,1443
391,1325.254038038,1339.5997801936255,Alex Mann (Wales),Kick Retreat,Green,946408,6,A,500,Wales,38683,Alex,Mann,1,1443
392,1325.254038038,1339.5997801936255,Josh MacLeod (Wales),Kick Retreat,Yellow,946408,7,A,500,Wales,25019,Josh,MacLeod,1,1443
393,1325.254038038,1339.5997801936255,Taulupe Faletau (Wales),Kick Retreat,Yellow,946408,8,A,500,Wales,11029,Taulupe,Faletau,1,1443
394,1357.895324104,1382.8999114250223,Nicky Smith (Wales),Lineout Defence,Green,946408,1,A,500,Wales,20327,Nicky,Smith,1,1522
395,1357.895324104,1382.8999114250223,Keiron Assiratti (Wales),Lineout Defence,Green,946408,3,A,500,Wales,24078,Keiron,Assiratti,1,1522
396,1357.895324104,1382.8999114250223,James Ratti (Wales),Lineout Defence,Green,946408,19,A,500,Wales,24591,James,Ratti,1,1522
397,1358.345590037,1378.5002447073405,Yota Kamimori (Japan),Lineout Attack,Green,946408,1,H,3000,Japan,34494,Yota,Kamimori,1,1522
398,1358.345590037,1378.5002447073405,Mamoru Harada (Japan),Lineout Attack,Green,946408,2,H,3000,Japan,34483,Mamoru,Harada,1,1522
399,1358.345590037,1378.5002447073405,Shuhei Takeuchi (Japan),Lineout Attack,Green,946408,3,H,3000,Japan,37874,Shuhei,Takeuchi,1,1522
400,1358.345590037,1378.5002447073405,Epineri Uluiviti (Japan),Lineout Attack,Green,946408,4,H,3000,Japan,26154,Epineri,Uluiviti,1,1522
401,1358.345590037,1378.5002447073405,Warner Dearns (Japan),Lineout Attack,Green,946408,5,H,3000,Japan,40399,Warner,Dearns,1,1522
402,1358.345590037,1378.5002447073405,Jack Cornelsen (Japan),Lineout Attack,Yellow,946408,7,H,3000,Japan,23697,Jack,Cornelsen,1,1522
403,1360.086853832,1382.8999114250223,Teddy Williams (Wales),Lineout Defence,Green,946408,5,A,500,Wales,33845,Teddy,Williams,1,1522
404,1361.148467035,1382.8999114250223,Alex Mann (Wales),Lineout Defence,Green,946408,6,A,500,Wales,38683,Alex,Mann,1,1522
405,1361.880413796,1378.5002447073405,Michael Leitch (Japan),Lineout Attack,Green,946408,6,H,3000,Japan,11306,Michael,Leitch,1,1522
406,1368.2987553633209,1380.799983991327,Johnny Williams (Wales),Tackle,Red,946408,13,A,500,Wales,22036,Johnny,Williams,1,1530
407,1502.9801587301588,1527.618181217,Yota Kamimori (Japan),Lineout Defence,Green,946408,1,H,3000,Japan,34494,Yota,Kamimori,1,1752
408,1502.9801587301588,1527.618181217,Shuhei Takeuchi (Japan),Lineout Defence,Green,946408,3,H,3000,Japan,37874,Shuhei,Takeuchi,1,1752
409,1502.9801587301588,1527.618181217,Epineri Uluiviti (Japan),Lineout Defence,Green,946408,4,H,3000,Japan,26154,Epineri,Uluiviti,1,1752
410,1502.9801587301588,1527.618181217,Warner Dearns (Japan),Lineout Defence,Yellow,946408,5,H,3000,Japan,40399,Warner,Dearns,1,1752
411,1513.375295063,1526.834168878,Dewi Lake (Wales),Lineout Attack,Green,946408,2,A,500,Wales,29806,Dewi,Lake,1,1755
412,1513.375295063,1526.834168878,Keiron Assiratti (Wales),Lineout Attack,Green,946408,3,A,500,Wales,24078,Keiron,Assiratti,1,1755
413,1513.375295063,1526.834168878,James Ratti (Wales),Lineout Attack,Green,946408,19,A,500,Wales,24591,James,Ratti,1,1755
414,1513.375295063,1526.834168878,Teddy Williams (Wales),Lineout Attack,Green,946408,5,A,500,Wales,33845,Teddy,Williams,1,1755
415,1513.375295063,1526.834168878,Alex Mann (Wales),Lineout Attack,Green,946408,6,A,500,Wales,38683,Alex,Mann,1,1755
416,1519.1971237572973,1532.999933428006,Ben Thomas (Wales),Ruck,Green,946408,12,A,500,Wales,25826,Ben,Thomas,1,1800
417,1519.2983485323127,1534.9999518893144,Taulupe Faletau (Wales),Carry,Red,946408,8,A,500,Wales,11029,Taulupe,Faletau,1,1800
418,1519.654273749,1527.298030238662,Michael Leitch (Japan),Tackle,Green,946408,6,H,3000,Japan,11306,Michael,Leitch,1,1801
419,1519.8998816729954,1532.999933428006,Nicky Smith (Wales),Ruck,Green,946408,1,A,500,Wales,20327,Nicky,Smith,1,1801
420,1523.1982058443048,1535.884929302,Nicky Smith (Wales),Kick Chase,Green,946408,1,A,500,Wales,20327,Nicky,Smith,1,1801
421,1523.1982058443048,1535.884929302,Dewi Lake (Wales),Kick Chase,Green,946408,2,A,500,Wales,29806,Dewi,Lake,1,1801
422,1523.1982058443048,1535.884929302,Keiron Assiratti (Wales),Kick Chase,Green,946408,3,A,500,Wales,24078,Keiron,Assiratti,1,1801
423,1523.1982058443048,1535.884929302,James Ratti (Wales),Kick Chase,Green,946408,19,A,500,Wales,24591,James,Ratti,1,1801
424,1523.1982058443048,1535.884929302,Teddy Williams (Wales),Kick Chase,Green,946408,5,A,500,Wales,33845,Teddy,Williams,1,1801
425,1523.1982058443048,1535.884929302,Alex Mann (Wales),Kick Chase,Green,946408,6,A,500,Wales,38683,Alex,Mann,1,1801
426,1523.1982058443048,1535.884929302,Josh MacLeod (Wales),Kick Chase,Green,946408,7,A,500,Wales,25019,Josh,MacLeod,1,1801
427,1523.1982058443048,1535.884929302,Taulupe Faletau (Wales),Kick Chase,Yellow,946408,8,A,500,Wales,11029,Taulupe,Faletau,1,1801
428,1523.3484353741496,1528.3484353741496,Seungsin Lee (Japan),Tackle,Green,946408,10,H,3000,Japan,37841,Seungsin,Lee,1,1803
429,1523.635562185,1535.599945319969,Yota Kamimori (Japan),Kick Retreat,Green,946408,1,H,3000,Japan,34494,Yota,Kamimori,1,1803
430,1523.635562185,1535.599945319969,Mamoru Harada (Japan),Kick Retreat,Green,946408,2,H,3000,Japan,34483,Mamoru,Harada,1,1803
431,1523.635562185,1535.599945319969,Shuhei Takeuchi (Japan),Kick Retreat,Green,946408,3,H,3000,Japan,37874,Shuhei,Takeuchi,1,1803
432,1523.635562185,1535.599945319969,Epineri Uluiviti (Japan),Kick Retreat,Green,946408,4,H,3000,Japan,26154,Epineri,Uluiviti,1,1803
433,1523.635562185,1535.599945319969,Warner Dearns (Japan),Kick Retreat,Green,946408,5,H,3000,Japan,40399,Warner,Dearns,1,1803
434,1523.635562185,1535.599945319969,Michael Leitch (Japan),Kick Retreat,Green,946408,6,H,3000,Japan,11306,Michael,Leitch,1,1803
435,1523.635562185,1535.599945319969,Jack Cornelsen (Japan),Kick Retreat,Green,946408,7,H,3000,Japan,23697,Jack,Cornelsen,1,1803
436,1523.635562185,1535.599945319969,Amato Fakatava (Japan),Kick Retreat,Green,946408,8,H,3000,Japan,36500,Amato,Fakatava,1,1803
437,1523.635562185,1535.599945319969,Shinobu Fujiwara (Japan),Kick Retreat,Green,946408,9,H,3000,Japan,30969,Shinobu,Fujiwara,1,1803
438,1523.635562185,1535.599945319969,Seungsin Lee (Japan),Kick Retreat,Green,946408,10,H,3000,Japan,37841,Seungsin,Lee,1,1803
439,1523.635562185,1535.599945319969,Shogo Nakano (Japan),Kick Retreat,Green,946408,12,H,3000,Japan,36750,Shogo,Nakano,1,1803
440,1523.635562185,1535.599945319969,Dylan Riley (Japan),Kick Retreat,Green,946408,13,H,3000,Japan,27652,Dylan,Riley,1,1803
441,1523.635562185,1535.599945319969,Kippei Ishida (Japan),Kick Retreat,Green,946408,14,H,3000,Japan,34036,Kippei,Ishida,1,1803
442,1523.84513583,1528.635562185,Yota Kamimori (Japan),Charge Down,Green,946408,1,H,3000,Japan,34494,Yota,Kamimori,1,1803
443,1524.033248969,1535.884929302,Kieran Hardy (Wales),Kick Chase,Green,946408,9,A,500,Wales,22648,Kieran,Hardy,1,1803
444,1524.033248969,1535.884929302,Josh Adams (Wales),Kick Chase,Green,946408,11,A,500,Wales,21514,Josh,Adams,1,1803
445,1524.033248969,1535.884929302,Ben Thomas (Wales),Kick Chase,Green,946408,12,A,500,Wales,25826,Ben,Thomas,1,1803
446,1524.033248969,1535.884929302,Johnny Williams (Wales),Kick Chase,Green,946408,13,A,500,Wales,22036,Johnny,Williams,1,1803
447,1524.033248969,1535.884929302,Tom Rogers (Wales),Kick Chase,Green,946408,14,A,500,Wales,29598,Tom,Rogers,1,1803
448,1525.06412407,1531.025658756,Amato Fakatava (Japan),Tackle,Green,946408,8,H,3000,Japan,36500,Amato,Fakatava,1,1803
449,1785.2981675066712,1806.173267828,Alex Mann (Wales),Scrum Attack,Green,946408,6,A,500,Wales,38683,Alex,Mann,1,1851
450,1788.198220195637,1816.044636045,Mamoru Harada (Japan),Scrum Defence,Green,946408,2,H,3000,Japan,34483,Mamoru,Harada,1,1851
451,1788.198220195637,1816.044636045,Shuhei Takeuchi (Japan),Scrum Defence,Green,946408,3,H,3000,Japan,37874,Shuhei,Takeuchi,1,1851
452,1788.198220195637,1816.044636045,Epineri Uluiviti (Japan),Scrum Defence,Yellow,946408,4,H,3000,Japan,26154,Epineri,Uluiviti,1,1851
453,1788.198220195637,1816.044636045,Warner Dearns (Japan),Scrum Defence,Green,946408,5,H,3000,Japan,40399,Warner,Dearns,1,1851
454,1788.198220195637,1816.044636045,Jack Cornelsen (Japan),Scrum Defence,Green,946408,7,H,3000,Japan,23697,Jack,Cornelsen,1,1851
455,1788.198220195637,1816.044636045,Amato Fakatava (Japan),Scrum Defence,Green,946408,8,H,3000,Japan,36500,Amato,Fakatava,1,1851
456,1795.098674673329,1817.89993166901,Kieran Hardy (Wales),Carry,Green,946408,9,A,500,Wales,22648,Kieran,Hardy,1,1900
457,1796.897934256008,1818.6000512260068,Alex Mann (Wales),Ruck,Green,946408,6,A,500,Wales,38683,Alex,Mann,1,1900
458,1802.0985335893083,1818.6000512260068,Ben Thomas (Wales),Ruck,Green,946408,12,A,500,Wales,25826,Ben,Thomas,1,1907
459,1806.721678004535,1818.216810276,Michael Leitch (Japan),Tackle,Gold,946408,6,H,3000,Japan,11306,Michael,Leitch,1,1913
460,1807.538344671202,1833.8975813659936,Amato Fakatava (Japan),Tackle,Red,946408,8,H,3000,Japan,36500,Amato,Fakatava,1,1914
461,1807.9643537414968,1825.4967947709947,Warner Dearns (Japan),Tackle,Red,946408,5,H,3000,Japan,40399,Warner,Dearns,1,1914
462,1808.6982844313231,1826.399929635648,Dewi Lake (Wales),Carry,Green,946408,2,A,500,Wales,29806,Dewi,Lake,1,1915
463,1810.5984377223187,1825.299936498326,Johnny Williams (Wales),Ruck,Red,946408,13,A,500,Wales,22036,Johnny,Williams,1,1916
464,1810.9977248790044,1825.299936498326,Josh MacLeod (Wales),Ruck,Green,946408,7,A,500,Wales,25019,Josh,MacLeod,1,1916
465,1812.1985913896592,1825.299936498326,Blair Murray (Wales),Ruck,Green,946408,15,A,500,Wales,32980,Blair,Murray,1,1917
466,1813.997659282332,1831.5999212080044,Nicky Smith (Wales),Carry,Green,946408,1,A,500,Wales,20327,Nicky,Smith,1,1920
467,1814.3973541003168,1830.1999412470147,Teddy Williams (Wales),Ruck,Green,946408,5,A,500,Wales,33845,Teddy,Williams,1,1920
468,1815.0976941839972,1830.1999412470147,Alex Mann (Wales),Ruck,Green,946408,6,A,500,Wales,38683,Alex,Mann,1,1922
469,1818.714892301,1830.7975847776709,Michael Leitch (Japan),Tackle,Green,946408,6,H,3000,Japan,11306,Michael,Leitch,1,1924
470,1820.7976872826673,1837.400042480328,Taulupe Faletau (Wales),Ruck,Red,946408,8,A,500,Wales,11029,Taulupe,Faletau,1,1927
471,1821.642683035,1833.8975639209923,Shuhei Takeuchi (Japan),Tackle,Green,946408,3,H,3000,Japan,37874,Shuhei,Takeuchi,1,1926
472,1821.6703854875284,1829.599229026654,Johnny Williams (Wales),Ruck,Green,946408,13,A,500,Wales,22036,Johnny,Williams,1,1926
473,1822.4982816986528,1837.400042480328,James Ratti (Wales),Ruck,Green,946408,19,A,500,Wales,24591,James,Ratti,1,1926
474,1823.696722724,1836.0996898536537,Shuhei Takeuchi (Japan),Kick Retreat,Green,946408,3,H,3000,Japan,37874,Shuhei,Takeuchi,1,1926
475,1823.696722724,1836.0996898536537,Epineri Uluiviti (Japan),Kick Retreat,Green,946408,4,H,3000,Japan,26154,Epineri,Uluiviti,1,1926
476,1823.696722724,1836.0996898536537,Warner Dearns (Japan),Kick Retreat,Yellow,946408,5,H,3000,Japan,40399,Warner,Dearns,1,1926
477,1823.696722724,1836.0996898536537,Michael Leitch (Japan),Kick Retreat,Green,946408,6,H,3000,Japan,11306,Michael,Leitch,1,1926
478,1823.696722724,1836.0996898536537,Jack Cornelsen (Japan),Kick Retreat,Green,946408,7,H,3000,Japan,23697,Jack,Cornelsen,1,1926
479,1823.696722724,1836.0996898536537,Amato Fakatava (Japan),Kick Retreat,Green,946408,8,H,3000,Japan,36500,Amato,Fakatava,1,1926
480,1823.696722724,1836.0996898536537,Shinobu Fujiwara (Japan),Kick Retreat,Green,946408,9,H,3000,Japan,30969,Shinobu,Fujiwara,1,1926
481,1823.696722724,1836.0996898536537,Seungsin Lee (Japan),Kick Retreat,Green,946408,10,H,3000,Japan,37841,Seungsin,Lee,1,1926
482,1823.696722724,1836.0996898536537,Malo Tuitama (Japan),Kick Retreat,Green,946408,11,H,3000,Japan,23585,Malo,Tuitama,1,1926
483,1823.696722724,1836.0996898536537,Shogo Nakano (Japan),Kick Retreat,Green,946408,12,H,3000,Japan,36750,Shogo,Nakano,1,1926
484,1823.696722724,1836.0996898536537,Dylan Riley (Japan),Kick Retreat,Green,946408,13,H,3000,Japan,27652,Dylan,Riley,1,1926
485,1823.696722724,1836.0996898536537,Kippei Ishida (Japan),Kick Retreat,Green,946408,14,H,3000,Japan,34036,Kippei,Ishida,1,1926
486,1823.696722724,1836.0996898536537,Ichigo Nakakusu (Japan),Kick Retreat,Green,946408,22,H,3000,Japan,61472,Ichigo,Nakakusu,1,1926
487,1824.116117765,1836.246415855,Dewi Lake (Wales),Kick Chase,Green,946408,2,A,500,Wales,29806,Dewi,Lake,1,1932
488,1824.116117765,1836.246415855,Keiron Assiratti (Wales),Kick Chase,Green,946408,3,A,500,Wales,24078,Keiron,Assiratti,1,1932
489,1824.116117765,1836.246415855,James Ratti (Wales),Kick Chase,Green,946408,19,A,500,Wales,24591,James,Ratti,1,1932
490,1824.116117765,1836.246415855,Teddy Williams (Wales),Kick Chase,Green,946408,5,A,500,Wales,33845,Teddy,Williams,1,1932
491,1824.116117765,1836.246415855,Alex Mann (Wales),Kick Chase,Green,946408,6,A,500,Wales,38683,Alex,Mann,1,1932
492,1824.116117765,1836.246415855,Josh MacLeod (Wales),Kick Chase,Green,946408,7,A,500,Wales,25019,Josh,MacLeod,1,1932
493,1824.116117765,1836.246415855,Taulupe Faletau (Wales),Kick Chase,Yellow,946408,8,A,500,Wales,11029,Taulupe,Faletau,1,1932
494,1824.370119436,1831.3999260533124,Epineri Uluiviti (Japan),Charge Down,Green,946408,4,H,3000,Japan,26154,Epineri,Uluiviti,1,1932
495,1827.086800808,1836.246415855,Kieran Hardy (Wales),Kick Chase,Green,946408,9,A,500,Wales,22648,Kieran,Hardy,1,1933
496,1827.086800808,1836.246415855,Ben Thomas (Wales),Kick Chase,Green,946408,12,A,500,Wales,25826,Ben,Thomas,1,1933
497,1827.086800808,1836.246415855,Johnny Williams (Wales),Kick Chase,Green,946408,13,A,500,Wales,22036,Johnny,Williams,1,1933
498,1827.086800808,1836.246415855,Tom Rogers (Wales),Kick Chase,Green,946408,14,A,500,Wales,29598,Tom,Rogers,1,1933
499,1827.198069652,1832.198069652,Taulupe Faletau (Wales),Ruck,Yellow,946408,8,A,500,Wales,11029,Taulupe,Faletau,1,1933
500,1827.453161678,1836.246415855,Sam Costelow (Wales),Kick Chase,Green,946408,10,A,500,Wales,33844,Sam,Costelow,1,1933
501,1827.7142176870748,1834.5999699460017,Josh Adams (Wales),Kick Chase,Gold,946408,11,A,500,Wales,21514,Josh,Adams,1,1934
502,1828.650908,1833.650908,Mamoru Harada (Japan),Tackle,Green,946408,2,H,3000,Japan,34483,Mamoru,Harada,1,1934
503,1830.69407364,1835.69407364,Nicky Smith (Wales),Kick Chase,Yellow,946408,1,A,500,Wales,20327,Nicky,Smith,1,1934
504,2182.1972343076477,2197.9996439649976,Nicky Smith (Wales),Scrum Attack,Green,946408,1,A,500,Wales,20327,Nicky,Smith,1,2057
505,2182.1972343076477,2197.9996439649976,Dewi Lake (Wales),Scrum Attack,Green,946408,2,A,500,Wales,29806,Dewi,Lake,1,2057
506,2182.1972343076477,2197.9996439649976,Keiron Assiratti (Wales),Scrum Attack,Green,946408,3,A,500,Wales,24078,Keiron,Assiratti,1,2057
507,2182.1972343076477,2197.9996439649976,James Ratti (Wales),Scrum Attack,Green,946408,19,A,500,Wales,24591,James,Ratti,1,2057
508,2182.1972343076477,2197.9996439649976,Teddy Williams (Wales),Scrum Attack,Green,946408,5,A,500,Wales,33845,Teddy,Williams,1,2057
509,2182.1972343076477,2197.9996439649976,Alex Mann (Wales),Scrum Attack,Green,946408,6,A,500,Wales,38683,Alex,Mann,1,2057
510,2182.1972343076477,2197.9996439649976,Josh MacLeod (Wales),Scrum Attack,Green,946408,7,A,500,Wales,25019,Josh,MacLeod,1,2057
511,2182.1972343076477,2197.9996439649976,Taulupe Faletau (Wales),Scrum Attack,Green,946408,8,A,500,Wales,11029,Taulupe,Faletau,1,2057
512,2183.5853192206605,2205.099732230293,Yota Kamimori (Japan),Scrum Defence,Green,946408,1,H,3000,Japan,34494,Yota,Kamimori,1,2057
513,2183.5853192206605,2205.099732230293,Mamoru Harada (Japan),Scrum Defence,Green,946408,2,H,3000,Japan,34483,Mamoru,Harada,1,2057
514,2183.5853192206605,2205.099732230293,Shuhei Takeuchi (Japan),Scrum Defence,Green,946408,3,H,3000,Japan,37874,Shuhei,Takeuchi,1,2057
515,2183.5853192206605,2205.099732230293,Epineri Uluiviti (Japan),Scrum Defence,Green,946408,4,H,3000,Japan,26154,Epineri,Uluiviti,1,2057
516,2183.5853192206605,2205.099732230293,Warner Dearns (Japan),Scrum Defence,Yellow,946408,5,H,3000,Japan,40399,Warner,Dearns,1,2057
517,2183.5853192206605,2205.099732230293,Michael Leitch (Japan),Scrum Defence,Green,946408,6,H,3000,Japan,11306,Michael,Leitch,1,2057
518,2183.5853192206605,2205.099732230293,Jack Cornelsen (Japan),Scrum Defence,Green,946408,7,H,3000,Japan,23697,Jack,Cornelsen,1,2057
519,2183.5853192206605,2205.099732230293,Amato Fakatava (Japan),Scrum Defence,Green,946408,8,H,3000,Japan,36500,Amato,Fakatava,1,2057
520,2299.1982214569975,2319.3999794489887,Taulupe Faletau (Wales),Carry,Green,946408,8,A,500,Wales,11029,Taulupe,Faletau,1,2256
521,2299.598045824331,2319.299976019644,Teddy Williams (Wales),Ruck,Green,946408,5,A,500,Wales,33845,Teddy,Williams,1,2256
522,2300.9289115646257,2310.832170063,Malo Tuitama (Japan),Tackle,Yellow,946408,11,H,3000,Japan,23585,Malo,Tuitama,1,2258
523,2302.0983557709956,2317.500033783008,Josh MacLeod (Wales),Ruck,Red,946408,7,A,500,Wales,25019,Josh,MacLeod,1,2258
524,2302.9782629426622,2314.0969457173246,Michael Leitch (Japan),Jackler,Green,946408,6,H,3000,Japan,11306,Michael,Leitch,1,2300
525,2303.8977901989983,2319.299976019644,Keiron Assiratti (Wales),Ruck,Green,946408,3,A,500,Wales,24078,Keiron,Assiratti,1,2300
526,2307.095246834656,2330.1998257273385,Dewi Lake (Wales),Carry,Green,946408,2,A,500,Wales,29806,Dewi,Lake,1,2304
527,2307.809520048,2318.688775510204,Yota Kamimori (Japan),Tackle,Green,946408,1,H,3000,Japan,34494,Yota,Kamimori,1,2304
528,2307.998301631013,2330.099966260685,James Ratti (Wales),Ruck,Green,946408,19,A,500,Wales,24591,James,Ratti,1,2304
529,2308.6355328798186,2316.2986209859837,Epineri Uluiviti (Japan),Tackle,Green,946408,4,H,3000,Japan,26154,Epineri,Uluiviti,1,2305
530,2309.697987631657,2330.099966260685,Nicky Smith (Wales),Ruck,Green,946408,1,A,500,Wales,20327,Nicky,Smith,1,2305
531,2310.1983634823264,2330.099966260685,Alex Mann (Wales),Ruck,Green,946408,6,A,500,Wales,38683,Alex,Mann,1,2308
532,2315.4983979826443,2330.099966260685,Keiron Assiratti (Wales),Ruck,Green,946408,3,A,500,Wales,24078,Keiron,Assiratti,1,2310
533,2317.350585253,2328.59995810667,Warner Dearns (Japan),Charge Down,Green,946408,5,H,3000,Japan,40399,Warner,Dearns,1,2312
534,2338.439490473,2359.162575397,Yota Kamimori (Japan),Lineout Defence,Green,946408,1,H,3000,Japan,34494,Yota,Kamimori,1,2340
535,2338.439490473,2359.162575397,Mamoru Harada (Japan),Lineout Defence,Green,946408,2,H,3000,Japan,34483,Mamoru,Harada,1,2340
536,2338.439490473,2359.162575397,Shuhei Takeuchi (Japan),Lineout Defence,Yellow,946408,3,H,3000,Japan,37874,Shuhei,Takeuchi,1,2340
537,2338.439490473,2359.162575397,Epineri Uluiviti (Japan),Lineout Defence,Green,946408,4,H,3000,Japan,26154,Epineri,Uluiviti,1,2340
538,2338.439490473,2359.162575397,Warner Dearns (Japan),Lineout Defence,Yellow,946408,5,H,3000,Japan,40399,Warner,Dearns,1,2340
539,2338.439490473,2359.162575397,Jack Cornelsen (Japan),Lineout Defence,Yellow,946408,7,H,3000,Japan,23697,Jack,Cornelsen,1,2340
540,2340.164054629,2354.740228034,Nicky Smith (Wales),Lineout Attack,Yellow,946408,1,A,500,Wales,20327,Nicky,Smith,1,2340
541,2340.164054629,2354.740228034,Keiron Assiratti (Wales),Lineout Attack,Green,946408,3,A,500,Wales,24078,Keiron,Assiratti,1,2340
542,2340.164054629,2354.740228034,James Ratti (Wales),Lineout Attack,Green,946408,19,A,500,Wales,24591,James,Ratti,1,2340
543,2340.164054629,2354.740228034,Teddy Williams (Wales),Lineout Attack,Green,946408,5,A,500,Wales,33845,Teddy,Williams,1,2340
544,2341.087085619,2354.740228034,Alex Mann (Wales),Lineout Attack,Green,946408,6,A,500,Wales,38683,Alex,Mann,1,2340
545,2347.366064619,2358.362579728,Yota Kamimori (Japan),Kick Chase,Green,946408,1,H,3000,Japan,34494,Yota,Kamimori,1,2344
546,2347.366064619,2358.362579728,Mamoru Harada (Japan),Kick Chase,Green,946408,2,H,3000,Japan,34483,Mamoru,Harada,1,2344
547,2347.366064619,2358.362579728,Shuhei Takeuchi (Japan),Kick Chase,Yellow,946408,3,H,3000,Japan,37874,Shuhei,Takeuchi,1,2344
548,2347.366064619,2358.362579728,Epineri Uluiviti (Japan),Kick Chase,Green,946408,4,H,3000,Japan,26154,Epineri,Uluiviti,1,2344
549,2347.366064619,2358.362579728,Warner Dearns (Japan),Kick Chase,Yellow,946408,5,H,3000,Japan,40399,Warner,Dearns,1,2344
550,2347.366064619,2358.362579728,Michael Leitch (Japan),Kick Chase,Yellow,946408,6,H,3000,Japan,11306,Michael,Leitch,1,2344
551,2347.366064619,2358.362579728,Jack Cornelsen (Japan),Kick Chase,Yellow,946408,7,H,3000,Japan,23697,Jack,Cornelsen,1,2344
552,2347.366064619,2358.362579728,Amato Fakatava (Japan),Kick Chase,Green,946408,8,H,3000,Japan,36500,Amato,Fakatava,1,2344
553,2347.366064619,2358.362579728,Shinobu Fujiwara (Japan),Kick Chase,Green,946408,9,H,3000,Japan,30969,Shinobu,Fujiwara,1,2344
554,2347.366064619,2358.362579728,Seungsin Lee (Japan),Kick Chase,Green,946408,10,H,3000,Japan,37841,Seungsin,Lee,1,2344
555,2347.366064619,2358.362579728,Shogo Nakano (Japan),Kick Chase,Green,946408,12,H,3000,Japan,36750,Shogo,Nakano,1,2344
556,2347.366064619,2358.362579728,Dylan Riley (Japan),Kick Chase,Green,946408,13,H,3000,Japan,27652,Dylan,Riley,1,2344
557,2347.366064619,2358.362579728,Kippei Ishida (Japan),Kick Chase,Green,946408,14,H,3000,Japan,34036,Kippei,Ishida,1,2344
558,2347.50225854,2359.039991261,Keiron Assiratti (Wales),Kick Retreat,Green,946408,3,A,500,Wales,24078,Keiron,Assiratti,1,2344
559,2347.50225854,2359.039991261,James Ratti (Wales),Kick Retreat,Green,946408,19,A,500,Wales,24591,James,Ratti,1,2344
560,2347.50225854,2359.039991261,Teddy Williams (Wales),Kick Retreat,Green,946408,5,A,500,Wales,33845,Teddy,Williams,1,2344
561,2347.50225854,2359.039991261,Alex Mann (Wales),Kick Retreat,Green,946408,6,A,500,Wales,38683,Alex,Mann,1,2344
562,2347.50225854,2359.039991261,Kieran Hardy (Wales),Kick Retreat,Green,946408,9,A,500,Wales,22648,Kieran,Hardy,1,2344
563,2347.50225854,2359.039991261,Sam Costelow (Wales),Kick Retreat,Green,946408,10,A,500,Wales,33844,Sam,Costelow,1,2344
564,2347.50225854,2359.039991261,Josh Adams (Wales),Kick Retreat,Green,946408,11,A,500,Wales,21514,Josh,Adams,1,2344
565,2347.50225854,2359.039991261,Ben Thomas (Wales),Kick Retreat,Green,946408,12,A,500,Wales,25826,Ben,Thomas,1,2344
566,2347.50225854,2359.039991261,Johnny Williams (Wales),Kick Retreat,Green,946408,13,A,500,Wales,22036,Johnny,Williams,1,2344
567,2348.797209583321,2361.9999861543274,Sam Costelow (Wales),Turnover Attack,Gold,946408,10,A,500,Wales,33844,Sam,Costelow,1,2343
568,2349.259954648526,2354.259954648526,Nicky Smith (Wales),Kick Retreat,Yellow,946408,1,A,500,Wales,20327,Nicky,Smith,1,2343
569,2349.289977324263,2354.289977324263,Josh MacLeod (Wales),Kick Retreat,Yellow,946408,7,A,500,Wales,25019,Josh,MacLeod,1,2343
570,2349.289977324263,2354.289977324263,Taulupe Faletau (Wales),Kick Retreat,Yellow,946408,8,A,500,Wales,11029,Taulupe,Faletau,1,2343
571,2350.811227047,2356.499930752338,Dewi Lake (Wales),Kick Retreat,Yellow,946408,2,A,500,Wales,29806,Dewi,Lake,1,2347
572,2356.025691624,2367.099875829327,Nicky Smith (Wales),Kick Chase,Green,946408,1,A,500,Wales,20327,Nicky,Smith,1,2352
573,2356.025691624,2367.099875829327,Dewi Lake (Wales),Kick Chase,Green,946408,2,A,500,Wales,29806,Dewi,Lake,1,2352
574,2356.025691624,2367.099875829327,Keiron Assiratti (Wales),Kick Chase,Green,946408,3,A,500,Wales,24078,Keiron,Assiratti,1,2352
575,2356.025691624,2367.099875829327,James Ratti (Wales),Kick Chase,Green,946408,19,A,500,Wales,24591,James,Ratti,1,2352
576,2356.025691624,2367.099875829327,Teddy Williams (Wales),Kick Chase,Green,946408,5,A,500,Wales,33845,Teddy,Williams,1,2352
577,2356.025691624,2367.099875829327,Alex Mann (Wales),Kick Chase,Green,946408,6,A,500,Wales,38683,Alex,Mann,1,2352
578,2356.025691624,2367.099875829327,Josh MacLeod (Wales),Kick Chase,Green,946408,7,A,500,Wales,25019,Josh,MacLeod,1,2352
579,2356.025691624,2367.099875829327,Taulupe Faletau (Wales),Kick Chase,Green,946408,8,A,500,Wales,11029,Taulupe,Faletau,1,2352
580,2356.025691624,2367.099875829327,Kieran Hardy (Wales),Kick Chase,Green,946408,9,A,500,Wales,22648,Kieran,Hardy,1,2352
581,2356.025691624,2367.099875829327,Josh Adams (Wales),Kick Chase,Green,946408,11,A,500,Wales,21514,Josh,Adams,1,2352
582,2356.025691624,2367.099875829327,Ben Thomas (Wales),Kick Chase,Green,946408,12,A,500,Wales,25826,Ben,Thomas,1,2352
583,2356.025691624,2367.099875829327,Johnny Williams (Wales),Kick Chase,Green,946408,13,A,500,Wales,22036,Johnny,Williams,1,2352
584,2356.025691624,2367.099875829327,Tom Rogers (Wales),Kick Chase,Green,946408,14,A,500,Wales,29598,Tom,Rogers,1,2352
585,2356.037982763,2367.722594339,Yota Kamimori (Japan),Kick Retreat,Green,946408,1,H,3000,Japan,34494,Yota,Kamimori,1,2352
586,2356.037982763,2367.722594339,Mamoru Harada (Japan),Kick Retreat,Green,946408,2,H,3000,Japan,34483,Mamoru,Harada,1,2352
587,2356.037982763,2367.722594339,Shuhei Takeuchi (Japan),Kick Retreat,Green,946408,3,H,3000,Japan,37874,Shuhei,Takeuchi,1,2352
588,2356.037982763,2367.722594339,Epineri Uluiviti (Japan),Kick Retreat,Green,946408,4,H,3000,Japan,26154,Epineri,Uluiviti,1,2352
589,2356.037982763,2367.722594339,Warner Dearns (Japan),Kick Retreat,Green,946408,5,H,3000,Japan,40399,Warner,Dearns,1,2352
590,2356.037982763,2367.722594339,Michael Leitch (Japan),Kick Retreat,Green,946408,6,H,3000,Japan,11306,Michael,Leitch,1,2352
591,2356.037982763,2367.722594339,Jack Cornelsen (Japan),Kick Retreat,Green,946408,7,H,3000,Japan,23697,Jack,Cornelsen,1,2352
592,2356.037982763,2367.722594339,Amato Fakatava (Japan),Kick Retreat,Green,946408,8,H,3000,Japan,36500,Amato,Fakatava,1,2352
593,2356.037982763,2367.722594339,Shinobu Fujiwara (Japan),Kick Retreat,Green,946408,9,H,3000,Japan,30969,Shinobu,Fujiwara,1,2352
594,2356.037982763,2367.722594339,Seungsin Lee (Japan),Kick Retreat,Green,946408,10,H,3000,Japan,37841,Seungsin,Lee,1,2352
595,2356.037982763,2367.722594339,Shogo Nakano (Japan),Kick Retreat,Green,946408,12,H,3000,Japan,36750,Shogo,Nakano,1,2352
596,2356.037982763,2367.722594339,Dylan Riley (Japan),Kick Retreat,Green,946408,13,H,3000,Japan,27652,Dylan,Riley,1,2352
597,2356.037982763,2367.722594339,Kippei Ishida (Japan),Kick Retreat,Green,946408,14,H,3000,Japan,34036,Kippei,Ishida,1,2352
598,2357.4259637188206,2367.099875829327,Blair Murray (Wales),Kick Chase,Green,946408,15,A,500,Wales,32980,Blair,Murray,1,2352
599,2538.2314512471658,2550.673331354,Nicky Smith (Wales),Lineout Defence,Green,946408,1,A,500,Wales,20327,Nicky,Smith,1,2654
600,2538.2314512471658,2550.673331354,Keiron Assiratti (Wales),Lineout Defence,Green,946408,3,A,500,Wales,24078,Keiron,Assiratti,1,2654
601,2538.2314512471658,2550.673331354,James Ratti (Wales),Lineout Defence,Green,946408,19,A,500,Wales,24591,James,Ratti,1,2654
602,2538.2314512471658,2550.673331354,Teddy Williams (Wales),Lineout Defence,Green,946408,5,A,500,Wales,33845,Teddy,Williams,1,2654
603,2538.2314512471658,2550.673331354,Taulupe Faletau (Wales),Lineout Defence,Green,946408,8,A,500,Wales,11029,Taulupe,Faletau,1,2654
604,2538.590702947846,2551.689662376,Yota Kamimori (Japan),Lineout Attack,Green,946408,1,H,3000,Japan,34494,Yota,Kamimori,1,2654
605,2538.590702947846,2551.689662376,Mamoru Harada (Japan),Lineout Attack,Green,946408,2,H,3000,Japan,34483,Mamoru,Harada,1,2654
606,2538.590702947846,2551.689662376,Shuhei Takeuchi (Japan),Lineout Attack,Green,946408,3,H,3000,Japan,37874,Shuhei,Takeuchi,1,2654
607,2538.590702947846,2551.689662376,Epineri Uluiviti (Japan),Lineout Attack,Green,946408,4,H,3000,Japan,26154,Epineri,Uluiviti,1,2654
608,2538.590702947846,2551.689662376,Warner Dearns (Japan),Lineout Attack,Green,946408,5,H,3000,Japan,40399,Warner,Dearns,1,2654
609,2538.590702947846,2551.689662376,Jack Cornelsen (Japan),Lineout Attack,Green,946408,7,H,3000,Japan,23697,Jack,Cornelsen,1,2654
610,2538.590702947846,2551.689662376,Amato Fakatava (Japan),Lineout Attack,Green,946408,8,H,3000,Japan,36500,Amato,Fakatava,1,2654
611,2540.647839838,2550.673331354,Alex Mann (Wales),Lineout Defence,Green,946408,6,A,500,Wales,38683,Alex,Mann,1,2657
612,2540.898125206987,2553.599965208643,Josh MacLeod (Wales),Tackle,Green,946408,7,A,500,Wales,25019,Josh,MacLeod,1,2658
613,2542.398421990008,2552.0000609103267,Sam Costelow (Wales),Tackle,Green,946408,10,A,500,Wales,33844,Sam,Costelow,1,2659
614,2542.898213033989,2552.799985019349,Teddy Williams (Wales),Jackler,Green,946408,5,A,500,Wales,33845,Teddy,Williams,1,2700
615,2544.250778246,2551.500202744684,Josh MacLeod (Wales),Phase Defence,Red,946408,7,A,500,Wales,25019,Josh,MacLeod,1,2701
616,2544.357664614,2551.500202744684,Nicky Smith (Wales),Phase Defence,Red,946408,1,A,500,Wales,20327,Nicky,Smith,1,2701
617,2544.357664614,2551.500202744684,Alex Mann (Wales),Phase Defence,Red,946408,6,A,500,Wales,38683,Alex,Mann,1,2701
618,2544.369291639,2551.500202744684,James Ratti (Wales),Phase Defence,Red,946408,19,A,500,Wales,24591,James,Ratti,1,2701
619,2544.8020181405896,2552.139213314,Jack Cornelsen (Japan),Carry,Green,946408,7,H,3000,Japan,23697,Jack,Cornelsen,1,2702
620,2546.664339152,2551.664339152,Shuhei Takeuchi (Japan),Ruck,Green,946408,3,H,3000,Japan,37874,Shuhei,Takeuchi,1,2703
621,2546.8835544779927,2566.199624602664,Yota Kamimori (Japan),Carry,Green,946408,1,H,3000,Japan,34494,Yota,Kamimori,1,2703
622,2547.0990349253375,2558.9999061339954,Taulupe Faletau (Wales),Tackle,Green,946408,8,A,500,Wales,11029,Taulupe,Faletau,1,2703
623,2547.997941632984,2564.299985656021,James Ratti (Wales),Tackle,Green,946408,19,A,500,Wales,24591,James,Ratti,1,2706
624,2548.016810905,2553.016810905,Shogo Nakano (Japan),Ruck,Green,946408,12,H,3000,Japan,36750,Shogo,Nakano,1,2706
625,2548.2979903003124,2564.299985656021,Teddy Williams (Wales),Tackle,Green,946408,5,A,500,Wales,33845,Teddy,Williams,1,2706
626,2549.274555396,2554.274555396,Michael Leitch (Japan),Carry,Green,946408,6,H,3000,Japan,11306,Michael,Leitch,1,2706
627,2551.699365079365,2562.698517409336,Mamoru Harada (Japan),Ruck,Yellow,946408,2,H,3000,Japan,34483,Mamoru,Harada,1,2709
628,2551.974351518,2558.708423515,Epineri Uluiviti (Japan),Ruck,Green,946408,4,H,3000,Japan,26154,Epineri,Uluiviti,1,2709
629,2554.1988293326767,2565.8002065999876,Johnny Williams (Wales),Tackle,Green,946408,13,A,500,Wales,22036,Johnny,Williams,1,2711
630,2554.99782253766,2572.000258675648,Sam Costelow (Wales),Tackle,Green,946408,10,A,500,Wales,33844,Sam,Costelow,1,2712
631,2557.1814099726616,2568.3976069310015,Amato Fakatava (Japan),Ruck,Green,946408,8,H,3000,Japan,36500,Amato,Fakatava,1,2714
632,2557.5990014416693,2569.5998585233583,Taulupe Faletau (Wales),Jackler,Green,946408,8,A,500,Wales,11029,Taulupe,Faletau,1,2714
633,2560.2536054421766,2567.860568606,Shogo Nakano (Japan),Ruck,Green,946408,12,H,3000,Japan,36750,Shogo,Nakano,1,2717
634,2562.5986238086584,2577.000037143318,Alex Mann (Wales),Jackler,Green,946408,6,A,500,Wales,38683,Alex,Mann,1,2719
635,2564.618976306,2569.618976306,Michael Leitch (Japan),Carry,Green,946408,6,H,3000,Japan,11306,Michael,Leitch,1,2721
636,2568.337154756,2573.337154756,Shuhei Takeuchi (Japan),Ruck,Green,946408,3,H,3000,Japan,37874,Shuhei,Takeuchi,1,2724
637,2691.5982152989795,2709.399733292294,Nicky Smith (Wales),Kick Chase,Green,946408,1,A,500,Wales,20327,Nicky,Smith,1,2807
638,2691.5982152989795,2709.399733292294,Dewi Lake (Wales),Kick Chase,Green,946408,2,A,500,Wales,29806,Dewi,Lake,1,2807
639,2691.5982152989795,2709.399733292294,Keiron Assiratti (Wales),Kick Chase,Green,946408,3,A,500,Wales,24078,Keiron,Assiratti,1,2807
640,2691.5982152989795,2709.399733292294,James Ratti (Wales),Kick Chase,Green,946408,19,A,500,Wales,24591,James,Ratti,1,2807
641,2691.5982152989795,2709.399733292294,Teddy Williams (Wales),Kick Chase,Green,946408,5,A,500,Wales,33845,Teddy,Williams,1,2807
642,2691.5982152989795,2709.399733292294,Alex Mann (Wales),Kick Chase,Green,946408,6,A,500,Wales,38683,Alex,Mann,1,2807
643,2691.5982152989795,2709.399733292294,Josh MacLeod (Wales),Kick Chase,Green,946408,7,A,500,Wales,25019,Josh,MacLeod,1,2807
644,2691.5982152989795,2709.399733292294,Taulupe Faletau (Wales),Kick Chase,Green,946408,8,A,500,Wales,11029,Taulupe,Faletau,1,2807
645,2692.1838528426233,2709.399733292294,Kieran Hardy (Wales),Kick Chase,Green,946408,9,A,500,Wales,22648,Kieran,Hardy,1,2807
646,2692.78846455,2709.399733292294,Josh Adams (Wales),Kick Chase,Green,946408,11,A,500,Wales,21514,Josh,Adams,1,2807
647,2692.78846455,2709.399733292294,Ben Thomas (Wales),Kick Chase,Green,946408,12,A,500,Wales,25826,Ben,Thomas,1,2807
648,2692.78846455,2709.399733292294,Johnny Williams (Wales),Kick Chase,Green,946408,13,A,500,Wales,22036,Johnny,Williams,1,2807
649,2692.78846455,2709.399733292294,Tom Rogers (Wales),Kick Chase,Green,946408,14,A,500,Wales,29598,Tom,Rogers,1,2807
650,2693.9201360544216,2709.667396173,Yota Kamimori (Japan),Kick Retreat,Green,946408,1,H,3000,Japan,34494,Yota,Kamimori,1,2811
651,2693.9201360544216,2709.667396173,Mamoru Harada (Japan),Kick Retreat,Green,946408,2,H,3000,Japan,34483,Mamoru,Harada,1,2811
652,2693.9201360544216,2709.667396173,Shuhei Takeuchi (Japan),Kick Retreat,Green,946408,3,H,3000,Japan,37874,Shuhei,Takeuchi,1,2811
653,2693.9201360544216,2709.667396173,Epineri Uluiviti (Japan),Kick Retreat,Green,946408,4,H,3000,Japan,26154,Epineri,Uluiviti,1,2811
654,2693.9201360544216,2709.667396173,Warner Dearns (Japan),Kick Retreat,Green,946408,5,H,3000,Japan,40399,Warner,Dearns,1,2811
655,2693.9201360544216,2709.667396173,Michael Leitch (Japan),Kick Retreat,Green,946408,6,H,3000,Japan,11306,Michael,Leitch,1,2811
656,2693.9201360544216,2709.667396173,Jack Cornelsen (Japan),Kick Retreat,Green,946408,7,H,3000,Japan,23697,Jack,Cornelsen,1,2811
657,2693.9201360544216,2709.667396173,Shinobu Fujiwara (Japan),Kick Retreat,Green,946408,9,H,3000,Japan,30969,Shinobu,Fujiwara,1,2811
658,2693.9201360544216,2709.667396173,Shogo Nakano (Japan),Kick Retreat,Green,946408,12,H,3000,Japan,36750,Shogo,Nakano,1,2811
659,2693.9201360544216,2709.667396173,Dylan Riley (Japan),Kick Retreat,Green,946408,13,H,3000,Japan,27652,Dylan,Riley,1,2811
660,2699.2989288209906,2715.6001199486686,Alex Mann (Wales),Tackle,Green,946408,6,A,500,Wales,38683,Alex,Mann,1,2815
661,2700.4972350269863,2718.1999160793207,Dewi Lake (Wales),Jackler,Green,946408,2,A,500,Wales,29806,Dewi,Lake,1,2816
662,2700.8985795693266,2718.1999160793207,Josh MacLeod (Wales),Jackler,Red,946408,7,A,500,Wales,25019,Josh,MacLeod,1,2816
663,2702.679079407324,2715.16467645,Jack Cornelsen (Japan),Ruck,Green,946408,7,H,3000,Japan,23697,Jack,Cornelsen,1,2818
664,2703.6802366186707,2716.453343243,Michael Leitch (Japan),Ruck,Red,946408,6,H,3000,Japan,11306,Michael,Leitch,1,2818
665,2704.9754195011337,2714.420901647,Amato Fakatava (Japan),Carry,Red,946408,8,H,3000,Japan,36500,Amato,Fakatava,1,2819
666,2706.69126984127,2714.934635504,Yota Kamimori (Japan),Ruck,Red,946408,1,H,3000,Japan,34494,Yota,Kamimori,1,2822
667,2707.012440204,2716.374001134,Mamoru Harada (Japan),Ruck,Red,946408,2,H,3000,Japan,34483,Mamoru,Harada,1,2822
668,2844.885623941618,2862.810479933,Yota Kamimori (Japan),Scrum Defence,Green,946408,1,H,3000,Japan,34494,Yota,Kamimori,1,3002
669,2844.885623941618,2862.810479933,Mamoru Harada (Japan),Scrum Defence,Yellow,946408,2,H,3000,Japan,34483,Mamoru,Harada,1,3002
670,2844.885623941618,2862.810479933,Shuhei Takeuchi (Japan),Scrum Defence,Green,946408,3,H,3000,Japan,37874,Shuhei,Takeuchi,1,3002
671,2844.885623941618,2862.810479933,Epineri Uluiviti (Japan),Scrum Defence,Green,946408,4,H,3000,Japan,26154,Epineri,Uluiviti,1,3002
672,2844.885623941618,2862.810479933,Warner Dearns (Japan),Scrum Defence,Green,946408,5,H,3000,Japan,40399,Warner,Dearns,1,3002
673,2844.885623941618,2862.810479933,Michael Leitch (Japan),Scrum Defence,Green,946408,6,H,3000,Japan,11306,Michael,Leitch,1,3002
674,2844.885623941618,2862.810479933,Jack Cornelsen (Japan),Scrum Defence,Green,946408,7,H,3000,Japan,23697,Jack,Cornelsen,1,3002
675,2844.885623941618,2862.810479933,Amato Fakatava (Japan),Scrum Defence,Green,946408,8,H,3000,Japan,36500,Amato,Fakatava,1,3002
676,2845.99795800434,2860.641168414,Dewi Lake (Wales),Scrum Attack,Green,946408,2,A,500,Wales,29806,Dewi,Lake,1,3002
677,2845.99795800434,2860.641168414,James Ratti (Wales),Scrum Attack,Green,946408,19,A,500,Wales,24591,James,Ratti,1,3002
678,2845.99795800434,2860.641168414,Teddy Williams (Wales),Scrum Attack,Green,946408,5,A,500,Wales,33845,Teddy,Williams,1,3002
679,2845.99795800434,2860.641168414,Alex Mann (Wales),Scrum Attack,Green,946408,6,A,500,Wales,38683,Alex,Mann,1,3002
680,2845.99795800434,2860.641168414,Josh MacLeod (Wales),Scrum Attack,Green,946408,7,A,500,Wales,25019,Josh,MacLeod,1,3002
681,2845.99795800434,2860.641168414,Taulupe Faletau (Wales),Scrum Attack,Green,946408,8,A,500,Wales,11029,Taulupe,Faletau,1,3002
682,2847.9885260770975,2855.662951759,Nicky Smith (Wales),Scrum Attack,Yellow,946408,1,A,500,Wales,20327,Nicky,Smith,1,3002
683,2847.9885260770975,2855.662951759,Keiron Assiratti (Wales),Scrum Attack,Yellow,946408,3,A,500,Wales,24078,Keiron,Assiratti,1,3002
684,2854.833037753,2866.895271227,Yota Kamimori (Japan),Kick Retreat,Green,946408,1,H,3000,Japan,34494,Yota,Kamimori,1,3009
685,2854.833037753,2866.895271227,Mamoru Harada (Japan),Kick Retreat,Green,946408,2,H,3000,Japan,34483,Mamoru,Harada,1,3009
686,2854.833037753,2866.895271227,Shuhei Takeuchi (Japan),Kick Retreat,Green,946408,3,H,3000,Japan,37874,Shuhei,Takeuchi,1,3009
687,2854.833037753,2866.895271227,Epineri Uluiviti (Japan),Kick Retreat,Green,946408,4,H,3000,Japan,26154,Epineri,Uluiviti,1,3009
688,2854.833037753,2866.895271227,Warner Dearns (Japan),Kick Retreat,Green,946408,5,H,3000,Japan,40399,Warner,Dearns,1,3009
689,2854.833037753,2866.895271227,Michael Leitch (Japan),Kick Retreat,Green,946408,6,H,3000,Japan,11306,Michael,Leitch,1,3009
690,2854.833037753,2866.895271227,Jack Cornelsen (Japan),Kick Retreat,Green,946408,7,H,3000,Japan,23697,Jack,Cornelsen,1,3009
691,2854.833037753,2866.895271227,Amato Fakatava (Japan),Kick Retreat,Green,946408,8,H,3000,Japan,36500,Amato,Fakatava,1,3009
692,2854.833037753,2866.895271227,Shinobu Fujiwara (Japan),Kick Retreat,Green,946408,9,H,3000,Japan,30969,Shinobu,Fujiwara,1,3009
693,2854.833037753,2866.895271227,Seungsin Lee (Japan),Kick Retreat,Green,946408,10,H,3000,Japan,37841,Seungsin,Lee,1,3009
694,2854.833037753,2866.895271227,Shogo Nakano (Japan),Kick Retreat,Green,946408,12,H,3000,Japan,36750,Shogo,Nakano,1,3009
695,2854.833037753,2866.895271227,Dylan Riley (Japan),Kick Retreat,Green,946408,13,H,3000,Japan,27652,Dylan,Riley,1,3009
696,2856.133205002,2866.895271227,Malo Tuitama (Japan),Kick Retreat,Green,946408,11,H,3000,Japan,23585,Malo,Tuitama,1,3014
697,2856.759444819,2867.268940327,Nicky Smith (Wales),Kick Chase,Green,946408,1,A,500,Wales,20327,Nicky,Smith,1,3014
698,2856.759444819,2867.268940327,Dewi Lake (Wales),Kick Chase,Green,946408,2,A,500,Wales,29806,Dewi,Lake,1,3014
699,2856.759444819,2867.268940327,Keiron Assiratti (Wales),Kick Chase,Green,946408,3,A,500,Wales,24078,Keiron,Assiratti,1,3014
700,2856.759444819,2867.268940327,James Ratti (Wales),Kick Chase,Green,946408,19,A,500,Wales,24591,James,Ratti,1,3014
701,2856.759444819,2867.268940327,Teddy Williams (Wales),Kick Chase,Green,946408,5,A,500,Wales,33845,Teddy,Williams,1,3014
702,2856.759444819,2867.268940327,Alex Mann (Wales),Kick Chase,Green,946408,6,A,500,Wales,38683,Alex,Mann,1,3014
703,2856.759444819,2867.268940327,Josh MacLeod (Wales),Kick Chase,Green,946408,7,A,500,Wales,25019,Josh,MacLeod,1,3014
704,2856.759444819,2867.268940327,Taulupe Faletau (Wales),Kick Chase,Green,946408,8,A,500,Wales,11029,Taulupe,Faletau,1,3014
705,2856.759444819,2867.268940327,Kieran Hardy (Wales),Kick Chase,Green,946408,9,A,500,Wales,22648,Kieran,Hardy,1,3014
706,2856.759444819,2867.268940327,Josh Adams (Wales),Kick Chase,Green,946408,11,A,500,Wales,21514,Josh,Adams,1,3014
707,2856.759444819,2867.268940327,Ben Thomas (Wales),Kick Chase,Green,946408,12,A,500,Wales,25826,Ben,Thomas,1,3014
708,2856.759444819,2867.268940327,Johnny Williams (Wales),Kick Chase,Green,946408,13,A,500,Wales,22036,Johnny,Williams,1,3014
709,2856.759444819,2867.268940327,Tom Rogers (Wales),Kick Chase,Green,946408,14,A,500,Wales,29598,Tom,Rogers,1,3014
710,2912.386988346,2927.099321773,Nicky Smith (Wales),Lineout Attack,Green,946408,1,A,500,Wales,20327,Nicky,Smith,1,3108
711,2912.386988346,2927.099321773,Keiron Assiratti (Wales),Lineout Attack,Yellow,946408,3,A,500,Wales,24078,Keiron,Assiratti,1,3108
712,2912.386988346,2927.099321773,James Ratti (Wales),Lineout Attack,Green,946408,19,A,500,Wales,24591,James,Ratti,1,3108
713,2912.386988346,2927.099321773,Teddy Williams (Wales),Lineout Attack,Green,946408,5,A,500,Wales,33845,Teddy,Williams,1,3108
714,2912.386988346,2927.099321773,Alex Mann (Wales),Lineout Attack,Green,946408,6,A,500,Wales,38683,Alex,Mann,1,3108
715,2912.665007197,2927.207266531,Yota Kamimori (Japan),Lineout Defence,Green,946408,1,H,3000,Japan,34494,Yota,Kamimori,1,3108
716,2912.665007197,2927.207266531,Mamoru Harada (Japan),Lineout Defence,Green,946408,2,H,3000,Japan,34483,Mamoru,Harada,1,3108
717,2912.665007197,2927.207266531,Shuhei Takeuchi (Japan),Lineout Defence,Green,946408,3,H,3000,Japan,37874,Shuhei,Takeuchi,1,3108
718,2912.665007197,2927.207266531,Epineri Uluiviti (Japan),Lineout Defence,Green,946408,4,H,3000,Japan,26154,Epineri,Uluiviti,1,3108
719,2912.665007197,2927.207266531,Warner Dearns (Japan),Lineout Defence,Green,946408,5,H,3000,Japan,40399,Warner,Dearns,1,3108
720,2912.665007197,2927.207266531,Michael Leitch (Japan),Lineout Defence,Green,946408,6,H,3000,Japan,11306,Michael,Leitch,1,3108
721,2912.665007197,2927.207266531,Jack Cornelsen (Japan),Lineout Defence,Green,946408,7,H,3000,Japan,23697,Jack,Cornelsen,1,3108
722,2914.0979246233032,2925.8998787903556,Dewi Lake (Wales),Turnover Attack,Gold,946408,2,A,500,Wales,29806,Dewi,Lake,1,3111
723,2916.3974845853227,2940.9000259560084,Dewi Lake (Wales),Carry,Green,946408,2,A,500,Wales,29806,Dewi,Lake,1,3113
724,2917.811224489796,2927.697121425993,Amato Fakatava (Japan),Tackle,Yellow,946408,8,H,3000,Japan,36500,Amato,Fakatava,1,3114
725,2918.0980735683256,2939.400181355002,Josh MacLeod (Wales),Ruck,Green,946408,7,A,500,Wales,25019,Josh,MacLeod,1,3114
726,2919.798775859658,2939.400181355002,Nicky Smith (Wales),Ruck,Green,946408,1,A,500,Wales,20327,Nicky,Smith,1,3116
727,2919.884004970658,2941.0999400543274,Shuhei Takeuchi (Japan),Tackle,Green,946408,3,H,3000,Japan,37874,Shuhei,Takeuchi,1,3116
728,2924.098831566005,2950.5001506733265,Alex Mann (Wales),Carry,Green,946408,6,A,500,Wales,38683,Alex,Mann,1,3119
729,2924.8426757369616,2934.5967484863295,Taulupe Faletau (Wales),Ruck,Yellow,946408,8,A,500,Wales,11029,Taulupe,Faletau,1,3122
730,2925.298528244652,2948.5999748156473,Keiron Assiratti (Wales),Ruck,Green,946408,3,A,500,Wales,24078,Keiron,Assiratti,1,3122
731,2925.498117179339,2948.5999748156473,Teddy Williams (Wales),Ruck,Green,946408,5,A,500,Wales,33845,Teddy,Williams,1,3122
732,2925.998549804651,2948.5999748156473,James Ratti (Wales),Ruck,Green,946408,19,A,500,Wales,24591,James,Ratti,1,3123
733,2927.285306122449,2940.637626398,Epineri Uluiviti (Japan),Tackle,Green,946408,4,H,3000,Japan,26154,Epineri,Uluiviti,1,3123
734,2927.6981629526495,2948.5999748156473,Nicky Smith (Wales),Ruck,Green,946408,1,A,500,Wales,20327,Nicky,Smith,1,3123
735,2928.683958412328,2935.199293077985,Amato Fakatava (Japan),Tackle,Green,946408,8,H,3000,Japan,36500,Amato,Fakatava,1,3123
736,2929.484168639995,2935.6983217239954,Warner Dearns (Japan),Tackle,Green,946408,5,H,3000,Japan,40399,Warner,Dearns,1,3128
737,2931.5985740783176,2948.5999748156473,Taulupe Faletau (Wales),Ruck,Green,946408,8,A,500,Wales,11029,Taulupe,Faletau,1,3128
738,2932.6798691366403,2941.500038387041,Warner Dearns (Japan),Charge Down,Green,946408,5,H,3000,Japan,40399,Warner,Dearns,1,3128
739,2932.681065759637,2948.045287901415,Kippei Ishida (Japan),Kick Retreat,Green,946408,14,H,3000,Japan,34036,Kippei,Ishida,1,3128
740,2933.5284580498865,2948.300166474662,Yota Kamimori (Japan),Kick Retreat,Green,946408,1,H,3000,Japan,34494,Yota,Kamimori,1,3128
741,2933.5284580498865,2948.300166474662,Mamoru Harada (Japan),Kick Retreat,Green,946408,2,H,3000,Japan,34483,Mamoru,Harada,1,3128
742,2933.5284580498865,2948.300166474662,Shuhei Takeuchi (Japan),Kick Retreat,Green,946408,3,H,3000,Japan,37874,Shuhei,Takeuchi,1,3128
743,2933.5284580498865,2948.300166474662,Epineri Uluiviti (Japan),Kick Retreat,Green,946408,4,H,3000,Japan,26154,Epineri,Uluiviti,1,3128
744,2933.5284580498865,2948.300166474662,Warner Dearns (Japan),Kick Retreat,Green,946408,5,H,3000,Japan,40399,Warner,Dearns,1,3128
745,2933.5284580498865,2948.300166474662,Michael Leitch (Japan),Kick Retreat,Green,946408,6,H,3000,Japan,11306,Michael,Leitch,1,3128
746,2933.5284580498865,2948.300166474662,Jack Cornelsen (Japan),Kick Retreat,Green,946408,7,H,3000,Japan,23697,Jack,Cornelsen,1,3128
747,2933.5284580498865,2948.300166474662,Amato Fakatava (Japan),Kick Retreat,Green,946408,8,H,3000,Japan,36500,Amato,Fakatava,1,3128
748,2933.5284580498865,2948.300166474662,Shinobu Fujiwara (Japan),Kick Retreat,Green,946408,9,H,3000,Japan,30969,Shinobu,Fujiwara,1,3128
749,2933.5284580498865,2948.300166474662,Seungsin Lee (Japan),Kick Retreat,Green,946408,10,H,3000,Japan,37841,Seungsin,Lee,1,3128
750,2933.5284580498865,2948.300166474662,Shogo Nakano (Japan),Kick Retreat,Green,946408,12,H,3000,Japan,36750,Shogo,Nakano,1,3128
751,2933.5284580498865,2948.300166474662,Dylan Riley (Japan),Kick Retreat,Green,946408,13,H,3000,Japan,27652,Dylan,Riley,1,3128
752,2933.64693712,2948.582818418,Nicky Smith (Wales),Kick Chase,Green,946408,1,A,500,Wales,20327,Nicky,Smith,1,3128
753,2933.64693712,2948.582818418,Dewi Lake (Wales),Kick Chase,Green,946408,2,A,500,Wales,29806,Dewi,Lake,1,3128
754,2933.64693712,2948.582818418,Keiron Assiratti (Wales),Kick Chase,Green,946408,3,A,500,Wales,24078,Keiron,Assiratti,1,3128
755,2933.64693712,2948.582818418,James Ratti (Wales),Kick Chase,Green,946408,19,A,500,Wales,24591,James,Ratti,1,3128
756,2933.64693712,2948.582818418,Teddy Williams (Wales),Kick Chase,Green,946408,5,A,500,Wales,33845,Teddy,Williams,1,3128
757,2933.64693712,2948.582818418,Alex Mann (Wales),Kick Chase,Green,946408,6,A,500,Wales,38683,Alex,Mann,1,3128
758,2933.64693712,2948.582818418,Josh MacLeod (Wales),Kick Chase,Green,946408,7,A,500,Wales,25019,Josh,MacLeod,1,3128
759,2933.64693712,2948.582818418,Taulupe Faletau (Wales),Kick Chase,Green,946408,8,A,500,Wales,11029,Taulupe,Faletau,1,3128
760,2933.64693712,2948.582818418,Kieran Hardy (Wales),Kick Chase,Green,946408,9,A,500,Wales,22648,Kieran,Hardy,1,3128
761,2933.64693712,2948.582818418,Josh Adams (Wales),Kick Chase,Green,946408,11,A,500,Wales,21514,Josh,Adams,1,3128
762,2933.64693712,2948.582818418,Ben Thomas (Wales),Kick Chase,Green,946408,12,A,500,Wales,25826,Ben,Thomas,1,3128
763,2933.64693712,2948.582818418,Johnny Williams (Wales),Kick Chase,Green,946408,13,A,500,Wales,22036,Johnny,Williams,1,3128
764,2936.652766439909,2950.9461904761906,Tom Rogers (Wales),Kick Chase,Gold,946408,14,A,500,Wales,29598,Tom,Rogers,1,3134
765,2937.6982472666436,2951.400002656347,Taulupe Faletau (Wales),Turnover Attack,Gold,946408,8,A,500,Wales,11029,Taulupe,Faletau,1,3130
766,3130.6871517036425,3151.728155842,Michael Leitch (Japan),Scrum Attack,Green,946408,6,H,3000,Japan,11306,Michael,Leitch,1,3344
767,3130.6871517036425,3151.728155842,Jack Cornelsen (Japan),Scrum Attack,Green,946408,7,H,3000,Japan,23697,Jack,Cornelsen,1,3344
768,3130.6871517036425,3151.728155842,Amato Fakatava (Japan),Scrum Attack,Green,946408,8,H,3000,Japan,36500,Amato,Fakatava,1,3344
769,3139.828255937,3146.2000401223204,Teddy Williams (Wales),Scrum Defence,Green,946408,5,A,500,Wales,33845,Teddy,Williams,1,3356
770,3139.828255937,3146.2000401223204,Alex Mann (Wales),Scrum Defence,Green,946408,6,A,500,Wales,38683,Alex,Mann,1,3356
771,3139.828255937,3146.2000401223204,Josh MacLeod (Wales),Scrum Defence,Green,946408,7,A,500,Wales,25019,Josh,MacLeod,1,3356
772,3139.828255937,3146.2000401223204,Taulupe Faletau (Wales),Scrum Defence,Green,946408,8,A,500,Wales,11029,Taulupe,Faletau,1,3356
773,3192.6849113733524,3208.499901841694,Yota Kamimori (Japan),Scrum Attack,Green,946408,1,H,3000,Japan,34494,Yota,Kamimori,1,3447
774,3192.6849113733524,3208.499901841694,Mamoru Harada (Japan),Scrum Attack,Green,946408,2,H,3000,Japan,34483,Mamoru,Harada,1,3447
775,3192.6849113733524,3208.499901841694,Shuhei Takeuchi (Japan),Scrum Attack,Green,946408,3,H,3000,Japan,37874,Shuhei,Takeuchi,1,3447
776,3192.6849113733524,3208.499901841694,Epineri Uluiviti (Japan),Scrum Attack,Green,946408,4,H,3000,Japan,26154,Epineri,Uluiviti,1,3447
777,3192.6849113733524,3208.499901841694,Warner Dearns (Japan),Scrum Attack,Green,946408,5,H,3000,Japan,40399,Warner,Dearns,1,3447
778,3192.6849113733524,3208.499901841694,Michael Leitch (Japan),Scrum Attack,Green,946408,6,H,3000,Japan,11306,Michael,Leitch,1,3447
779,3192.6849113733524,3208.499901841694,Jack Cornelsen (Japan),Scrum Attack,Green,946408,7,H,3000,Japan,23697,Jack,Cornelsen,1,3447
780,3192.6849113733524,3208.499901841694,Amato Fakatava (Japan),Scrum Attack,Green,946408,8,H,3000,Japan,36500,Amato,Fakatava,1,3447
781,3193.1972540509714,3212.051106756,Keiron Assiratti (Wales),Scrum Defence,Green,946408,3,A,500,Wales,24078,Keiron,Assiratti,1,3449
782,3193.1972540509714,3212.051106756,James Ratti (Wales),Scrum Defence,Green,946408,19,A,500,Wales,24591,James,Ratti,1,3449
783,3193.1972540509714,3212.051106756,Teddy Williams (Wales),Scrum Defence,Green,946408,5,A,500,Wales,33845,Teddy,Williams,1,3449
784,3193.1972540509714,3212.051106756,Alex Mann (Wales),Scrum Defence,Green,946408,6,A,500,Wales,38683,Alex,Mann,1,3449
785,3193.1972540509714,3212.051106756,Josh MacLeod (Wales),Scrum Defence,Green,946408,7,A,500,Wales,25019,Josh,MacLeod,1,3449
786,3193.1972540509714,3212.051106756,Taulupe Faletau (Wales),Scrum Defence,Green,946408,8,A,500,Wales,11029,Taulupe,Faletau,1,3449
787,3195.2590702947846,3203.01948474,Nicky Smith (Wales),Scrum Defence,Yellow,946408,1,A,500,Wales,20327,Nicky,Smith,1,3452
788,3195.2590702947846,3203.01948474,Dewi Lake (Wales),Scrum Defence,Yellow,946408,2,A,500,Wales,29806,Dewi,Lake,1,3452
789,3196.598608933672,3212.9999687326667,Sam Costelow (Wales),Tackle,Green,946408,10,A,500,Wales,33844,Sam,Costelow,1,3454
790,3197.897617448644,3215.300010901983,Josh MacLeod (Wales),Jackler,Green,946408,7,A,500,Wales,25019,Josh,MacLeod,1,3454
791,3199.1509523809523,3204.1509523809523,Dylan Riley (Japan),Ruck,Green,946408,13,H,3000,Japan,27652,Dylan,Riley,1,3453
792,3201.726336234,3211.735861024,Jack Cornelsen (Japan),Ruck,Green,946408,7,H,3000,Japan,23697,Jack,Cornelsen,1,3457
793,3201.726336234,3211.735861024,Jack Cornelsen (Japan),Ruck,Green,946408,7,H,3000,Japan,23697,Jack,Cornelsen,1,3457
794,3202.081601287335,3209.622025456,Amato Fakatava (Japan),Ruck,Green,946408,8,H,3000,Japan,36500,Amato,Fakatava,1,3457
795,3203.498222989672,3225.099748818686,Alex Mann (Wales),Tackle,Green,946408,6,A,500,Wales,38683,Alex,Mann,1,3500
796,3204.644489795918,3209.644489795918,Shogo Nakano (Japan),Carry,Green,946408,12,H,3000,Japan,36750,Shogo,Nakano,1,3500
797,3204.830158730159,3209.830158730159,Seungsin Lee (Japan),Ruck,Green,946408,10,H,3000,Japan,37841,Seungsin,Lee,1,3500
798,3205.4977436976337,3225.099748818686,Teddy Williams (Wales),Tackle,Red,946408,5,A,500,Wales,33845,Teddy,Williams,1,3503
799,3209.2149886621314,3218.696688904648,Michael Leitch (Japan),Carry,Green,946408,6,H,3000,Japan,11306,Michael,Leitch,1,3505
800,3209.700707429,3218.21612208,Epineri Uluiviti (Japan),Ruck,Green,946408,4,H,3000,Japan,26154,Epineri,Uluiviti,1,3506
801,3211.199008220335,3230.699948622675,Taulupe Faletau (Wales),Carry,Green,946408,8,A,500,Wales,11029,Taulupe,Faletau,1,3508
802,3211.2975470749984,3226.500011435688,James Ratti (Wales),Ruck,Red,946408,19,A,500,Wales,24591,James,Ratti,1,3508
803,3212.079482909668,3220.841321452,Amato Fakatava (Japan),Carry,Green,946408,8,H,3000,Japan,36500,Amato,Fakatava,1,3508
804,3218.897471786324,3233.900062574657,Blair Murray (Wales),Carry,Green,946408,15,A,500,Wales,32980,Blair,Murray,1,3516
805,3218.9971520543186,3237.2001030836855,Ben Thomas (Wales),Ruck,Green,946408,12,A,500,Wales,25826,Ben,Thomas,1,3516
806,3218.998263517665,3237.2001030836855,Johnny Williams (Wales),Ruck,Green,946408,13,A,500,Wales,22036,Johnny,Williams,1,3516
807,3219.598402220308,3237.2001030836855,Alex Mann (Wales),Ruck,Green,946408,6,A,500,Wales,38683,Alex,Mann,1,3516
808,3221.775873015873,3231.215905948,Yota Kamimori (Japan),Tackle,Green,946408,1,H,3000,Japan,34494,Yota,Kamimori,1,3518
809,3223.4976890639896,3247.0000020063103,Taulupe Faletau (Wales),Ruck,Green,946408,8,A,500,Wales,11029,Taulupe,Faletau,1,3520
810,3223.6979521916614,3247.5000258046693,Josh MacLeod (Wales),Carry,Green,946408,7,A,500,Wales,25019,Josh,MacLeod,1,3520
811,3223.8831065759637,3237.3960496296568,Warner Dearns (Japan),Jackler,Green,946408,5,H,3000,Japan,40399,Warner,Dearns,1,3520
812,3224.348163265306,3232.7989692926535,Mamoru Harada (Japan),Tackle,Green,946408,2,H,3000,Japan,34483,Mamoru,Harada,1,3520
813,3225.2975722306473,3247.0000020063103,James Ratti (Wales),Ruck,Green,946408,19,A,500,Wales,24591,James,Ratti,1,3523
814,3226.215905948,3231.215905948,Shinobu Fujiwara (Japan),Tackle,Green,946408,9,H,3000,Japan,30969,Shinobu,Fujiwara,1,3523
815,3228.2976564389933,3247.0000020063103,Keiron Assiratti (Wales),Ruck,Green,946408,3,A,500,Wales,24078,Keiron,Assiratti,1,3524
816,3229.697347104976,3247.0000020063103,Teddy Williams (Wales),Ruck,Green,946408,5,A,500,Wales,33845,Teddy,Williams,1,3527
817,3229.881784129663,3242.1982930063236,Amato Fakatava (Japan),Tackle,Green,946408,8,H,3000,Japan,36500,Amato,Fakatava,1,3527
818,3232.9391156462584,3247.762244897959,Michael Leitch (Japan),Kick Retreat,Gold,946408,6,H,3000,Japan,11306,Michael,Leitch,1,3519
819,3233.597195736659,3246.911437657,Nicky Smith (Wales),Kick Chase,Green,946408,1,A,500,Wales,20327,Nicky,Smith,1,3519
820,3233.597195736659,3246.911437657,Dewi Lake (Wales),Kick Chase,Green,946408,2,A,500,Wales,29806,Dewi,Lake,1,3519
821,3233.597195736659,3246.911437657,Keiron Assiratti (Wales),Kick Chase,Green,946408,3,A,500,Wales,24078,Keiron,Assiratti,1,3519
822,3233.597195736659,3246.911437657,James Ratti (Wales),Kick Chase,Green,946408,19,A,500,Wales,24591,James,Ratti,1,3519
823,3233.597195736659,3246.911437657,Teddy Williams (Wales),Kick Chase,Green,946408,5,A,500,Wales,33845,Teddy,Williams,1,3519
824,3233.597195736659,3246.911437657,Alex Mann (Wales),Kick Chase,Green,946408,6,A,500,Wales,38683,Alex,Mann,1,3519
825,3233.597195736659,3246.911437657,Josh MacLeod (Wales),Kick Chase,Green,946408,7,A,500,Wales,25019,Josh,MacLeod,1,3519
826,3233.597195736659,3246.911437657,Taulupe Faletau (Wales),Kick Chase,Green,946408,8,A,500,Wales,11029,Taulupe,Faletau,1,3519
827,3233.753476373,3247.357618837,Yota Kamimori (Japan),Kick Retreat,Green,946408,1,H,3000,Japan,34494,Yota,Kamimori,1,3519
828,3233.753476373,3247.357618837,Mamoru Harada (Japan),Kick Retreat,Green,946408,2,H,3000,Japan,34483,Mamoru,Harada,1,3519
829,3233.753476373,3247.357618837,Shuhei Takeuchi (Japan),Kick Retreat,Green,946408,3,H,3000,Japan,37874,Shuhei,Takeuchi,1,3519
830,3233.753476373,3247.357618837,Epineri Uluiviti (Japan),Kick Retreat,Green,946408,4,H,3000,Japan,26154,Epineri,Uluiviti,1,3519
831,3233.753476373,3247.357618837,Warner Dearns (Japan),Kick Retreat,Green,946408,5,H,3000,Japan,40399,Warner,Dearns,1,3519
832,3233.753476373,3247.357618837,Jack Cornelsen (Japan),Kick Retreat,Green,946408,7,H,3000,Japan,23697,Jack,Cornelsen,1,3519
833,3233.753476373,3247.357618837,Amato Fakatava (Japan),Kick Retreat,Green,946408,8,H,3000,Japan,36500,Amato,Fakatava,1,3519
834,3233.753476373,3247.357618837,Shinobu Fujiwara (Japan),Kick Retreat,Green,946408,9,H,3000,Japan,30969,Shinobu,Fujiwara,1,3519
835,3233.753476373,3247.357618837,Seungsin Lee (Japan),Kick Retreat,Green,946408,10,H,3000,Japan,37841,Seungsin,Lee,1,3519
836,3233.753476373,3247.357618837,Malo Tuitama (Japan),Kick Retreat,Green,946408,11,H,3000,Japan,23585,Malo,Tuitama,1,3519
837,3233.753476373,3247.357618837,Shogo Nakano (Japan),Kick Retreat,Green,946408,12,H,3000,Japan,36750,Shogo,Nakano,1,3519
838,3233.753476373,3247.357618837,Dylan Riley (Japan),Kick Retreat,Green,946408,13,H,3000,Japan,27652,Dylan,Riley,1,3519
839,3233.753476373,3247.357618837,Kippei Ishida (Japan),Kick Retreat,Green,946408,14,H,3000,Japan,34036,Kippei,Ishida,1,3519
840,3234.158534278,3246.911437657,Kieran Hardy (Wales),Kick Chase,Green,946408,9,A,500,Wales,22648,Kieran,Hardy,1,3519
841,3234.158534278,3246.911437657,Ben Thomas (Wales),Kick Chase,Green,946408,12,A,500,Wales,25826,Ben,Thomas,1,3519
842,3234.158534278,3246.911437657,Johnny Williams (Wales),Kick Chase,Green,946408,13,A,500,Wales,22036,Johnny,Williams,1,3519
843,3234.158534278,3246.911437657,Tom Rogers (Wales),Kick Chase,Green,946408,14,A,500,Wales,29598,Tom,Rogers,1,3519
844,3234.216910283,3243.8998493963354,Josh Adams (Wales),Kick Chase,Gold,946408,11,A,500,Wales,21514,Josh,Adams,1,3519
845,3238.898081377668,3255.9999917293335,Josh Adams (Wales),Carry,Gold,946408,11,A,500,Wales,21514,Josh,Adams,1,3536
846,3240.3978685173106,3254.899977867992,Johnny Williams (Wales),Ruck,Green,946408,13,A,500,Wales,22036,Johnny,Williams,1,3535
847,3241.9534240362814,3246.9534240362814,Yota Kamimori (Japan),Linebreak Defence,Red,946408,1,H,3000,Japan,34494,Yota,Kamimori,1,3538
848,3241.9983357272977,3254.899977867992,Nicky Smith (Wales),Ruck,Red,946408,1,A,500,Wales,20327,Nicky,Smith,1,3538
849,3242.031768707483,3247.031768707483,Shuhei Takeuchi (Japan),Linebreak Defence,Red,946408,3,H,3000,Japan,37874,Shuhei,Takeuchi,1,3538
850,3242.035260770975,3247.035260770975,Seungsin Lee (Japan),Linebreak Defence,Red,946408,10,H,3000,Japan,37841,Seungsin,Lee,1,3538
851,3243.39761378965,3261.400015344017,Teddy Williams (Wales),Ruck,Green,946408,5,A,500,Wales,33845,Teddy,Williams,1,3540
852,3244.698376305976,3264.6999850106613,Dewi Lake (Wales),Carry,Red,946408,2,A,500,Wales,29806,Dewi,Lake,1,3541
853,3245.74410430839,3253.338370523,Michael Leitch (Japan),Tackle,Green,946408,6,H,3000,Japan,11306,Michael,Leitch,1,3543
854,3248.7976045433247,3258.100299706685,James Ratti (Wales),Ruck,Green,946408,19,A,500,Wales,24591,James,Ratti,1,3545
855,3250.0534693877553,3259.279337754,Shuhei Takeuchi (Japan),Tackle,Green,946408,3,H,3000,Japan,37874,Shuhei,Takeuchi,1,3547
856,3250.1980628409824,3267.8001153540145,Josh MacLeod (Wales),Carry,Green,946408,7,A,500,Wales,25019,Josh,MacLeod,1,3547
857,3251.249821249,3265.6993612246692,Jack Cornelsen (Japan),Tackle,Green,946408,7,H,3000,Japan,23697,Jack,Cornelsen,1,3548
858,3251.397167206327,3268.1999059380073,Keiron Assiratti (Wales),Ruck,Yellow,946408,3,A,500,Wales,24078,Keiron,Assiratti,1,3548
859,3251.583181918,3256.583181918,Ichigo Nakakusu (Japan),Tackle,Green,946408,22,H,3000,Japan,61472,Ichigo,Nakakusu,1,3548
860,3252.415284005,3261.0993553689877,Amato Fakatava (Japan),Tackle,Green,946408,8,H,3000,Japan,36500,Amato,Fakatava,1,3548
861,3252.598219289662,3268.1999059380073,Ben Thomas (Wales),Ruck,Green,946408,12,A,500,Wales,25826,Ben,Thomas,1,3549
862,3252.862766439909,3257.862766439909,Shuhei Takeuchi (Japan),Phase Defence,Red,946408,3,H,3000,Japan,37874,Shuhei,Takeuchi,1,3549
863,3253.08681573,3258.08681573,Epineri Uluiviti (Japan),Phase Defence,Red,946408,4,H,3000,Japan,26154,Epineri,Uluiviti,1,3549
864,3253.3537188208616,3259.367562625,Epineri Uluiviti (Japan),Tackle,Green,946408,4,H,3000,Japan,26154,Epineri,Uluiviti,1,3549
865,3259.1987309073083,3277.5000396883206,Josh Adams (Wales),Carry,Green,946408,11,A,500,Wales,21514,Josh,Adams,1,3556
866,3260.126342571,3265.126342571,Kippei Ishida (Japan),Tackle,Green,946408,14,H,3000,Japan,34036,Kippei,Ishida,1,3557
867,3260.998512989333,3275.9000725199976,Johnny Williams (Wales),Ruck,Green,946408,13,A,500,Wales,22036,Johnny,Williams,1,3558
868,3261.3048752834466,3276.706553287982,Michael Leitch (Japan),Tackle,Red,946408,6,H,3000,Japan,11306,Michael,Leitch,1,3558
869,3261.99808028132,3275.9000725199976,Blair Murray (Wales),Ruck,Green,946408,15,A,500,Wales,32980,Blair,Murray,1,3558
870,3262.477006802721,3267.477006802721,Shogo Nakano (Japan),Phase Defence,Red,946408,12,H,3000,Japan,36750,Shogo,Nakano,1,3559
871,3263.298039029681,3275.9000725199976,Taulupe Faletau (Wales),Ruck,Green,946408,8,A,500,Wales,11029,Taulupe,Faletau,1,3559
872,3264.998306505004,3275.299993719313,Teddy Williams (Wales),Carry,Green,946408,5,A,500,Wales,33845,Teddy,Williams,1,3602
873,3266.7976121889837,3291.099996651345,James Ratti (Wales),Carry,Green,946408,19,A,500,Wales,24591,James,Ratti,1,3603
874,3267.0121315192746,3273.832450814,Mamoru Harada (Japan),Tackle,Green,946408,2,H,3000,Japan,34483,Mamoru,Harada,1,3603
875,3268.3988159946553,3289.5998991606584,Nicky Smith (Wales),Ruck,Green,946408,1,A,500,Wales,20327,Nicky,Smith,1,3605
876,3270.398474454325,3289.5998991606584,Teddy Williams (Wales),Ruck,Green,946408,5,A,500,Wales,33845,Teddy,Williams,1,3607
877,3273.747029478458,3279.790042681,Shuhei Takeuchi (Japan),Jackler,Green,946408,3,H,3000,Japan,37874,Shuhei,Takeuchi,1,3611
878,3273.905578231293,3285.4994315676636,Amato Fakatava (Japan),Tackle,Yellow,946408,8,H,3000,Japan,36500,Amato,Fakatava,1,3611
879,3275.497642306326,3295.199874533316,Blair Murray (Wales),Carry,Green,946408,15,A,500,Wales,32980,Blair,Murray,1,3612
880,3276.7130612244896,3285.4587657,Warner Dearns (Japan),Tackle,Green,946408,5,H,3000,Japan,40399,Warner,Dearns,1,3613
881,3277.1984889413384,3294.4002374663582,Johnny Williams (Wales),Ruck,Red,946408,13,A,500,Wales,22036,Johnny,Williams,1,3614
882,3277.8748526077097,3282.8748526077097,Seungsin Lee (Japan),Tackle,Green,946408,10,H,3000,Japan,37841,Seungsin,Lee,1,3614
883,3278.497473733005,3294.4002374663582,Taulupe Faletau (Wales),Ruck,Red,946408,8,A,500,Wales,11029,Taulupe,Faletau,1,3614
884,3282.1974974853265,3294.096978617994,Michael Leitch (Japan),Jackler,Red,946408,6,H,3000,Japan,11306,Michael,Leitch,1,3619
885,3282.8982937766605,3301.0999908889903,James Ratti (Wales),Carry,Green,946408,19,A,500,Wales,24591,James,Ratti,1,3619
886,3283.9947173253418,3301.700095936326,Teddy Williams (Wales),Ruck,Green,946408,5,A,500,Wales,33845,Teddy,Williams,1,3621
887,3284.698132781986,3301.700095936326,Nicky Smith (Wales),Ruck,Yellow,946408,1,A,500,Wales,20327,Nicky,Smith,1,3621
888,3288.2654195011337,3298.227787492,Amato Fakatava (Japan),Tackle,Yellow,946408,8,H,3000,Japan,36500,Amato,Fakatava,1,3625
889,3289.198831315341,3308.300530894668,Sam Costelow (Wales),Carry,Green,946408,10,A,500,Wales,33844,Sam,Costelow,1,3626
890,3290.598782280011,3306.2999290543416,Dewi Lake (Wales),Ruck,Red,946408,2,A,500,Wales,29806,Dewi,Lake,1,3627
891,3291.1796402630016,3298.083938347,Jack Cornelsen (Japan),Tackle,Green,946408,7,H,3000,Japan,23697,Jack,Cornelsen,1,3627
892,3291.3976607380096,3306.2999290543416,Keiron Assiratti (Wales),Ruck,Green,946408,3,A,500,Wales,24078,Keiron,Assiratti,1,3627
893,3292.5987423216575,3306.2999290543416,Josh MacLeod (Wales),Ruck,Green,946408,7,A,500,Wales,25019,Josh,MacLeod,1,3628
894,3293.083938347,3303.545693259,Epineri Uluiviti (Japan),Tackle,Green,946408,4,H,3000,Japan,26154,Epineri,Uluiviti,1,3630
895,3294.5988892733244,3312.400000756677,Taulupe Faletau (Wales),Carry,Green,946408,8,A,500,Wales,11029,Taulupe,Faletau,1,3631
896,3296.381134747317,3311.443360373,Amato Fakatava (Japan),Tackle,Green,946408,8,H,3000,Japan,36500,Amato,Fakatava,1,3633
897,3296.698645063987,3311.8999574636805,Nicky Smith (Wales),Ruck,Red,946408,1,A,500,Wales,20327,Nicky,Smith,1,3633
898,3297.282549925,3306.942847272,Shuhei Takeuchi (Japan),Tackle,Red,946408,3,H,3000,Japan,37874,Shuhei,Takeuchi,1,3633
899,3298.197591314333,3311.8999574636805,James Ratti (Wales),Ruck,Green,946408,19,A,500,Wales,24591,James,Ratti,1,3634
900,3301.199229978656,3325.8999464599806,Teddy Williams (Wales),Carry,Red,946408,5,A,500,Wales,33845,Teddy,Williams,1,3638
901,3303.6977527483136,3320.699903363665,Johnny Williams (Wales),Ruck,Red,946408,13,A,500,Wales,22036,Johnny,Williams,1,3640
902,3304.3986652063486,3320.699903363665,Alex Mann (Wales),Ruck,Green,946408,6,A,500,Wales,38683,Alex,Mann,1,3640
903,3304.945873015873,3309.945873015873,Amato Fakatava (Japan),Phase Defence,Red,946408,8,H,3000,Japan,36500,Amato,Fakatava,1,3640
904,3313.4852590299192,3321.699907904358,Jack Cornelsen (Japan),Charge Down,Green,946408,7,H,3000,Japan,23697,Jack,Cornelsen,1,3649
905,3314.003547934,3327.313636657,Nicky Smith (Wales),Kick Chase,Yellow,946408,1,A,500,Wales,20327,Nicky,Smith,1,3649
906,3314.003547934,3327.313636657,Dewi Lake (Wales),Kick Chase,Yellow,946408,2,A,500,Wales,29806,Dewi,Lake,1,3649
907,3314.003547934,3327.313636657,Keiron Assiratti (Wales),Kick Chase,Yellow,946408,3,A,500,Wales,24078,Keiron,Assiratti,1,3649
908,3314.003547934,3327.313636657,James Ratti (Wales),Kick Chase,Yellow,946408,19,A,500,Wales,24591,James,Ratti,1,3649
909,3314.003547934,3327.313636657,Teddy Williams (Wales),Kick Chase,Yellow,946408,5,A,500,Wales,33845,Teddy,Williams,1,3649
910,3314.003547934,3327.313636657,Alex Mann (Wales),Kick Chase,Yellow,946408,6,A,500,Wales,38683,Alex,Mann,1,3649
911,3314.003547934,3327.313636657,Taulupe Faletau (Wales),Kick Chase,Yellow,946408,8,A,500,Wales,11029,Taulupe,Faletau,1,3649
912,3314.003547934,3327.313636657,Kieran Hardy (Wales),Kick Chase,Yellow,946408,9,A,500,Wales,22648,Kieran,Hardy,1,3649
913,3314.003547934,3327.313636657,Josh Adams (Wales),Kick Chase,Yellow,946408,11,A,500,Wales,21514,Josh,Adams,1,3649
914,3314.003547934,3327.313636657,Ben Thomas (Wales),Kick Chase,Yellow,946408,12,A,500,Wales,25826,Ben,Thomas,1,3649
915,3314.003547934,3327.313636657,Johnny Williams (Wales),Kick Chase,Yellow,946408,13,A,500,Wales,22036,Johnny,Williams,1,3649
916,3314.265105894,3325.030300876,Yota Kamimori (Japan),Kick Retreat,Yellow,946408,1,H,3000,Japan,34494,Yota,Kamimori,1,3652
917,3314.265105894,3325.030300876,Mamoru Harada (Japan),Kick Retreat,Yellow,946408,2,H,3000,Japan,34483,Mamoru,Harada,1,3652
918,3314.265105894,3325.030300876,Shuhei Takeuchi (Japan),Kick Retreat,Yellow,946408,3,H,3000,Japan,37874,Shuhei,Takeuchi,1,3652
919,3314.265105894,3325.030300876,Epineri Uluiviti (Japan),Kick Retreat,Yellow,946408,4,H,3000,Japan,26154,Epineri,Uluiviti,1,3652
920,3314.265105894,3325.030300876,Warner Dearns (Japan),Kick Retreat,Yellow,946408,5,H,3000,Japan,40399,Warner,Dearns,1,3652
921,3314.265105894,3325.030300876,Michael Leitch (Japan),Kick Retreat,Yellow,946408,6,H,3000,Japan,11306,Michael,Leitch,1,3652
922,3314.265105894,3325.030300876,Jack Cornelsen (Japan),Kick Retreat,Yellow,946408,7,H,3000,Japan,23697,Jack,Cornelsen,1,3652
923,3314.265105894,3325.030300876,Amato Fakatava (Japan),Kick Retreat,Yellow,946408,8,H,3000,Japan,36500,Amato,Fakatava,1,3652
924,3314.265105894,3325.030300876,Shinobu Fujiwara (Japan),Kick Retreat,Green,946408,9,H,3000,Japan,30969,Shinobu,Fujiwara,1,3652
925,3314.265105894,3325.030300876,Seungsin Lee (Japan),Kick Retreat,Yellow,946408,10,H,3000,Japan,37841,Seungsin,Lee,1,3652
926,3314.265105894,3325.030300876,Malo Tuitama (Japan),Kick Retreat,Yellow,946408,11,H,3000,Japan,23585,Malo,Tuitama,1,3652
927,3314.265105894,3325.030300876,Shogo Nakano (Japan),Kick Retreat,Yellow,946408,12,H,3000,Japan,36750,Shogo,Nakano,1,3652
928,3314.265105894,3325.030300876,Dylan Riley (Japan),Kick Retreat,Green,946408,13,H,3000,Japan,27652,Dylan,Riley,1,3652
929,3314.265105894,3325.030300876,Kippei Ishida (Japan),Kick Retreat,Green,946408,14,H,3000,Japan,34036,Kippei,Ishida,1,3652
930,3314.265105894,3325.030300876,Ichigo Nakakusu (Japan),Kick Retreat,Green,946408,22,H,3000,Japan,61472,Ichigo,Nakakusu,1,3652
931,3316.0036281179136,3327.915288996,Josh MacLeod (Wales),Kick Chase,Green,946408,7,A,500,Wales,25019,Josh,MacLeod,1,3652
932,3316.0036281179136,3327.915288996,Tom Rogers (Wales),Kick Chase,Green,946408,14,A,500,Wales,29598,Tom,Rogers,1,3652
933,3319.49496297,3327.313636657,Blair Murray (Wales),Kick Chase,Yellow,946408,15,A,500,Wales,32980,Blair,Murray,1,3652
934,3319.812100286,3327.915288996,Sam Costelow (Wales),Kick Chase,Green,946408,10,A,500,Wales,33844,Sam,Costelow,1,3652
935,3439.181278789,3456.296413766,Yota Kamimori (Japan),Kick Retreat,Green,946408,1,H,3000,Japan,34494,Yota,Kamimori,1,3736
936,3439.181278789,3456.296413766,Mamoru Harada (Japan),Kick Retreat,Green,946408,2,H,3000,Japan,34483,Mamoru,Harada,1,3736
937,3439.181278789,3456.296413766,Shuhei Takeuchi (Japan),Kick Retreat,Green,946408,3,H,3000,Japan,37874,Shuhei,Takeuchi,1,3736
938,3439.181278789,3456.296413766,Epineri Uluiviti (Japan),Kick Retreat,Green,946408,4,H,3000,Japan,26154,Epineri,Uluiviti,1,3736
939,3439.181278789,3456.296413766,Warner Dearns (Japan),Kick Retreat,Green,946408,5,H,3000,Japan,40399,Warner,Dearns,1,3736
940,3439.181278789,3456.296413766,Michael Leitch (Japan),Kick Retreat,Green,946408,6,H,3000,Japan,11306,Michael,Leitch,1,3736
941,3439.181278789,3456.296413766,Jack Cornelsen (Japan),Kick Retreat,Green,946408,7,H,3000,Japan,23697,Jack,Cornelsen,1,3736
942,3439.181278789,3456.296413766,Amato Fakatava (Japan),Kick Retreat,Green,946408,8,H,3000,Japan,36500,Amato,Fakatava,1,3736
943,3439.181278789,3456.296413766,Shinobu Fujiwara (Japan),Kick Retreat,Green,946408,9,H,3000,Japan,30969,Shinobu,Fujiwara,1,3736
944,3439.181278789,3456.296413766,Malo Tuitama (Japan),Kick Retreat,Green,946408,11,H,3000,Japan,23585,Malo,Tuitama,1,3736
945,3439.181278789,3456.296413766,Shogo Nakano (Japan),Kick Retreat,Green,946408,12,H,3000,Japan,36750,Shogo,Nakano,1,3736
946,3439.181278789,3456.296413766,Dylan Riley (Japan),Kick Retreat,Green,946408,13,H,3000,Japan,27652,Dylan,Riley,1,3736
947,3439.181278789,3456.296413766,Kippei Ishida (Japan),Kick Retreat,Green,946408,14,H,3000,Japan,34036,Kippei,Ishida,1,3736
948,3440.114738872,3454.82450214,Nicky Smith (Wales),Kick Chase,Green,946408,1,A,500,Wales,20327,Nicky,Smith,1,3743
949,3440.114738872,3454.82450214,Dewi Lake (Wales),Kick Chase,Green,946408,2,A,500,Wales,29806,Dewi,Lake,1,3743
950,3440.114738872,3454.82450214,Keiron Assiratti (Wales),Kick Chase,Green,946408,3,A,500,Wales,24078,Keiron,Assiratti,1,3743
951,3440.114738872,3454.82450214,James Ratti (Wales),Kick Chase,Green,946408,19,A,500,Wales,24591,James,Ratti,1,3743
952,3440.114738872,3454.82450214,Teddy Williams (Wales),Kick Chase,Green,946408,5,A,500,Wales,33845,Teddy,Williams,1,3743
953,3440.114738872,3454.82450214,Alex Mann (Wales),Kick Chase,Green,946408,6,A,500,Wales,38683,Alex,Mann,1,3743
954,3440.114738872,3454.82450214,Josh MacLeod (Wales),Kick Chase,Green,946408,7,A,500,Wales,25019,Josh,MacLeod,1,3743
955,3440.114738872,3454.82450214,Taulupe Faletau (Wales),Kick Chase,Green,946408,8,A,500,Wales,11029,Taulupe,Faletau,1,3743
956,3440.114738872,3454.82450214,Kieran Hardy (Wales),Kick Chase,Green,946408,9,A,500,Wales,22648,Kieran,Hardy,1,3743
957,3440.114738872,3454.82450214,Ben Thomas (Wales),Kick Chase,Green,946408,12,A,500,Wales,25826,Ben,Thomas,1,3743
958,3440.114738872,3454.82450214,Johnny Williams (Wales),Kick Chase,Green,946408,13,A,500,Wales,22036,Johnny,Williams,1,3743
959,3440.114738872,3454.82450214,Tom Rogers (Wales),Kick Chase,Green,946408,14,A,500,Wales,29598,Tom,Rogers,1,3743
960,3440.114738872,3454.82450214,Blair Murray (Wales),Kick Chase,Green,946408,15,A,500,Wales,32980,Blair,Murray,1,3743
961,3443.2432199546483,3454.82450214,Josh Adams (Wales),Kick Chase,Green,946408,11,A,500,Wales,21514,Josh,Adams,1,3739
962,3447.0985346913317,3458.1001002763305,Kieran Hardy (Wales),Tackle,Green,946408,9,A,500,Wales,22648,Kieran,Hardy,1,3747
963,3447.9982635226615,3457.399992148996,Ben Thomas (Wales),Tackle,Green,946408,12,A,500,Wales,25826,Ben,Thomas,1,3748
964,3493.4908390022674,3510.07295408,Yota Kamimori (Japan),Lineout Attack,Green,946408,1,H,3000,Japan,34494,Yota,Kamimori,1,3834
965,3493.4908390022674,3510.07295408,Mamoru Harada (Japan),Lineout Attack,Green,946408,2,H,3000,Japan,34483,Mamoru,Harada,1,3834
966,3493.4908390022674,3510.07295408,Shuhei Takeuchi (Japan),Lineout Attack,Green,946408,3,H,3000,Japan,37874,Shuhei,Takeuchi,1,3834
967,3493.4908390022674,3510.07295408,Epineri Uluiviti (Japan),Lineout Attack,Green,946408,4,H,3000,Japan,26154,Epineri,Uluiviti,1,3834
968,3493.4908390022674,3510.07295408,Warner Dearns (Japan),Lineout Attack,Green,946408,5,H,3000,Japan,40399,Warner,Dearns,1,3834
969,3493.4908390022674,3510.07295408,Michael Leitch (Japan),Lineout Attack,Green,946408,6,H,3000,Japan,11306,Michael,Leitch,1,3834
970,3493.4908390022674,3510.07295408,Jack Cornelsen (Japan),Lineout Attack,Green,946408,7,H,3000,Japan,23697,Jack,Cornelsen,1,3834
971,3493.4908390022674,3510.07295408,Amato Fakatava (Japan),Lineout Attack,Green,946408,8,H,3000,Japan,36500,Amato,Fakatava,1,3834
972,3495.586557814,3510.228903333,Nicky Smith (Wales),Lineout Defence,Green,946408,1,A,500,Wales,20327,Nicky,Smith,1,3836
973,3495.586557814,3510.228903333,Dewi Lake (Wales),Lineout Defence,Green,946408,2,A,500,Wales,29806,Dewi,Lake,1,3836
974,3495.586557814,3510.228903333,Keiron Assiratti (Wales),Lineout Defence,Green,946408,3,A,500,Wales,24078,Keiron,Assiratti,1,3836
975,3495.586557814,3510.228903333,James Ratti (Wales),Lineout Defence,Green,946408,19,A,500,Wales,24591,James,Ratti,1,3836
976,3495.586557814,3510.228903333,Teddy Williams (Wales),Lineout Defence,Green,946408,5,A,500,Wales,33845,Teddy,Williams,1,3836
977,3495.586557814,3510.228903333,Alex Mann (Wales),Lineout Defence,Green,946408,6,A,500,Wales,38683,Alex,Mann,1,3836
978,3495.586557814,3510.228903333,Taulupe Faletau (Wales),Lineout Defence,Green,946408,8,A,500,Wales,11029,Taulupe,Faletau,1,3836
979,3560.269432342,3583.949524455,Nicky Smith (Wales),Lineout Attack,Red,946408,1,A,500,Wales,20327,Nicky,Smith,1,3941
980,3560.269432342,3583.949524455,Keiron Assiratti (Wales),Lineout Attack,Red,946408,3,A,500,Wales,24078,Keiron,Assiratti,1,3941
981,3560.269432342,3583.949524455,James Ratti (Wales),Lineout Attack,Red,946408,19,A,500,Wales,24591,James,Ratti,1,3941
982,3560.269432342,3583.949524455,Teddy Williams (Wales),Lineout Attack,Green,946408,5,A,500,Wales,33845,Teddy,Williams,1,3941
983,3560.269432342,3583.949524455,Alex Mann (Wales),Lineout Attack,Red,946408,6,A,500,Wales,38683,Alex,Mann,1,3941
984,3560.658800535,3583.949524455,Dewi Lake (Wales),Lineout Attack,Red,946408,2,A,500,Wales,29806,Dewi,Lake,1,3941
985,3561.306507936508,3585.864811334,Yota Kamimori (Japan),Lineout Defence,Green,946408,1,H,3000,Japan,34494,Yota,Kamimori,1,3941
986,3561.306507936508,3585.864811334,Shuhei Takeuchi (Japan),Lineout Defence,Green,946408,3,H,3000,Japan,37874,Shuhei,Takeuchi,1,3941
987,3561.306507936508,3585.864811334,Epineri Uluiviti (Japan),Lineout Defence,Green,946408,4,H,3000,Japan,26154,Epineri,Uluiviti,1,3941
988,3561.306507936508,3585.864811334,Warner Dearns (Japan),Lineout Defence,Yellow,946408,5,H,3000,Japan,40399,Warner,Dearns,1,3941
989,3561.306507936508,3585.864811334,Jack Cornelsen (Japan),Lineout Defence,Yellow,946408,7,H,3000,Japan,23697,Jack,Cornelsen,1,3941
990,3564.911360598,3583.949524455,Josh MacLeod (Wales),Lineout Attack,Green,946408,7,A,500,Wales,25019,Josh,MacLeod,1,3941
991,3574.9948745626666,3591.9004490886564,Ben Thomas (Wales),Carry,Green,946408,12,A,500,Wales,25826,Ben,Thomas,1,3956
992,3576.4976991733247,3591.1999476006704,Taulupe Faletau (Wales),Ruck,Green,946408,8,A,500,Wales,11029,Taulupe,Faletau,1,3957
993,3578.431201814059,3583.431201814059,Michael Leitch (Japan),Tackle,Green,946408,6,H,3000,Japan,11306,Michael,Leitch,1,3959
994,3579.010612244898,3584.010612244898,Dylan Riley (Japan),Phase Defence,Red,946408,13,H,3000,Japan,27652,Dylan,Riley,1,3959
995,3580.635335015,3596.296468521329,Seungsin Lee (Japan),Tackle,Red,946408,10,H,3000,Japan,37841,Seungsin,Lee,1,4000
996,3582.4988942516625,3597.6003418526757,Tom Rogers (Wales),Ruck,Green,946408,14,A,500,Wales,29598,Tom,Rogers,1,4003
997,3582.598368430335,3603.20004299432,Johnny Williams (Wales),Carry,Red,946408,13,A,500,Wales,22036,Johnny,Williams,1,4003
998,3583.319387755102,3598.599362871671,Mamoru Harada (Japan),Jackler,Red,946408,2,H,3000,Japan,34483,Mamoru,Harada,1,4003
999,3585.148246047,3591.318626709,Shogo Nakano (Japan),Tackle,Green,946408,12,H,3000,Japan,36750,Shogo,Nakano,1,4004
1000,3586.318626709,3588.319387755102,Mamoru Harada (Japan),Tackle,Green,946408,2,H,3000,Japan,34483,Mamoru,Harada,1,4007
1001,3587.148367346939,3592.148367346939,Jack Cornelsen (Japan),Phase Defence,Red,946408,7,H,3000,Japan,23697,Jack,Cornelsen,1,4007
1002,3587.296893424036,3592.296893424036,Warner Dearns (Japan),Phase Defence,Red,946408,5,H,3000,Japan,40399,Warner,Dearns,1,4007
1003,3590.423154149,3602.348032377,Nicky Smith (Wales),Kick Chase,Yellow,946408,1,A,500,Wales,20327,Nicky,Smith,1,4009
1004,3590.423154149,3602.348032377,Dewi Lake (Wales),Kick Chase,Green,946408,2,A,500,Wales,29806,Dewi,Lake,1,4009
1005,3590.423154149,3602.348032377,Keiron Assiratti (Wales),Kick Chase,Yellow,946408,3,A,500,Wales,24078,Keiron,Assiratti,1,4009
1006,3590.423154149,3602.348032377,James Ratti (Wales),Kick Chase,Green,946408,19,A,500,Wales,24591,James,Ratti,1,4009
1007,3590.423154149,3602.348032377,Teddy Williams (Wales),Kick Chase,Yellow,946408,5,A,500,Wales,33845,Teddy,Williams,1,4009
1008,3590.423154149,3602.348032377,Alex Mann (Wales),Kick Chase,Green,946408,6,A,500,Wales,38683,Alex,Mann,1,4009
1009,3590.423154149,3602.348032377,Josh MacLeod (Wales),Kick Chase,Yellow,946408,7,A,500,Wales,25019,Josh,MacLeod,1,4009
1010,3590.423154149,3602.348032377,Taulupe Faletau (Wales),Kick Chase,Yellow,946408,8,A,500,Wales,11029,Taulupe,Faletau,1,4009
1011,3590.423154149,3602.348032377,Kieran Hardy (Wales),Kick Chase,Yellow,946408,9,A,500,Wales,22648,Kieran,Hardy,1,4009
1012,3590.423154149,3602.348032377,Josh Adams (Wales),Kick Chase,Yellow,946408,11,A,500,Wales,21514,Josh,Adams,1,4009
1013,3590.423154149,3602.348032377,Ben Thomas (Wales),Kick Chase,Green,946408,12,A,500,Wales,25826,Ben,Thomas,1,4009
1014,3590.423154149,3602.348032377,Johnny Williams (Wales),Kick Chase,Yellow,946408,13,A,500,Wales,22036,Johnny,Williams,1,4009
1015,3591.163038548753,3602.2997058359974,Yota Kamimori (Japan),Kick Retreat,Yellow,946408,1,H,3000,Japan,34494,Yota,Kamimori,1,4009
1016,3591.163038548753,3602.2997058359974,Mamoru Harada (Japan),Kick Retreat,Yellow,946408,2,H,3000,Japan,34483,Mamoru,Harada,1,4009
1017,3591.163038548753,3602.2997058359974,Shuhei Takeuchi (Japan),Kick Retreat,Yellow,946408,3,H,3000,Japan,37874,Shuhei,Takeuchi,1,4009
1018,3591.163038548753,3602.2997058359974,Epineri Uluiviti (Japan),Kick Retreat,Yellow,946408,4,H,3000,Japan,26154,Epineri,Uluiviti,1,4009
1019,3591.163038548753,3602.2997058359974,Warner Dearns (Japan),Kick Retreat,Yellow,946408,5,H,3000,Japan,40399,Warner,Dearns,1,4009
1020,3591.163038548753,3602.2997058359974,Michael Leitch (Japan),Kick Retreat,Yellow,946408,6,H,3000,Japan,11306,Michael,Leitch,1,4009
1021,3591.163038548753,3602.2997058359974,Jack Cornelsen (Japan),Kick Retreat,Green,946408,7,H,3000,Japan,23697,Jack,Cornelsen,1,4009
1022,3591.163038548753,3602.2997058359974,Amato Fakatava (Japan),Kick Retreat,Green,946408,8,H,3000,Japan,36500,Amato,Fakatava,1,4009
1023,3591.163038548753,3602.2997058359974,Shinobu Fujiwara (Japan),Kick Retreat,Green,946408,9,H,3000,Japan,30969,Shinobu,Fujiwara,1,4009
1024,3591.163038548753,3602.2997058359974,Seungsin Lee (Japan),Kick Retreat,Green,946408,10,H,3000,Japan,37841,Seungsin,Lee,1,4009
1025,3591.163038548753,3602.2997058359974,Shogo Nakano (Japan),Kick Retreat,Green,946408,12,H,3000,Japan,36750,Shogo,Nakano,1,4009
1026,3591.163038548753,3602.2997058359974,Dylan Riley (Japan),Kick Retreat,Yellow,946408,13,H,3000,Japan,27652,Dylan,Riley,1,4009
1027,3591.163038548753,3602.2997058359974,Kippei Ishida (Japan),Kick Retreat,Green,946408,14,H,3000,Japan,34036,Kippei,Ishida,1,4009
1028,3591.163038548753,3602.2997058359974,Ichigo Nakakusu (Japan),Kick Retreat,Green,946408,22,H,3000,Japan,61472,Ichigo,Nakakusu,1,4009
1029,4901.72253968254,4917.297946178995,Malo Tuitama (Japan),Tackle,Yellow,946408,11,H,3000,Japan,23585,Malo,Tuitama,2,4006
1030,4902.797575827654,4927.599960908981,Taulupe Faletau (Wales),Carry,Red,946408,8,A,500,Wales,11029,Taulupe,Faletau,2,4006
1031,4905.798002760994,4925.499990303992,Josh MacLeod (Wales),Ruck,Green,946408,7,A,500,Wales,25019,Josh,MacLeod,2,4010
1032,4906.598027095635,4925.499990303992,Teddy Williams (Wales),Ruck,Green,946408,5,A,500,Wales,33845,Teddy,Williams,2,4010
1033,4907.878707172995,4917.898119393999,Michael Leitch (Japan),Tackle,Green,946408,6,H,3000,Japan,11306,Michael,Leitch,2,4010
1034,4908.098450428668,4925.499990303992,Keiron Assiratti (Wales),Ruck,Green,946408,3,A,500,Wales,24078,Keiron,Assiratti,2,4010
1035,4911.799013593662,4925.499990303992,Alex Mann (Wales),Ruck,Green,946408,6,A,500,Wales,38683,Alex,Mann,2,4015
1036,4914.898162789335,4936.599919774982,Nicky Smith (Wales),Ruck,Yellow,946408,1,A,500,Wales,20327,Nicky,Smith,2,4020
1037,4916.098245351638,4935.699989316335,Kieran Hardy (Wales),Carry,Green,946408,9,A,500,Wales,22648,Kieran,Hardy,2,4020
1038,4917.398657081332,4936.599919774982,James Ratti (Wales),Ruck,Green,946408,19,A,500,Wales,24591,James,Ratti,2,4022
1039,4918.842789115646,4923.842789115646,Yota Kamimori (Japan),Ruck,Green,946408,1,H,3000,Japan,34494,Yota,Kamimori,2,4022
1040,4919.098690539326,4936.599919774982,Alex Mann (Wales),Ruck,Green,946408,6,A,500,Wales,38683,Alex,Mann,2,4022
1041,4925.398065211981,4947.299972308322,Dewi Lake (Wales),Ruck,Green,946408,2,A,500,Wales,29806,Dewi,Lake,2,4030
1042,4925.798301311334,4947.200093515658,Teddy Williams (Wales),Carry,Green,946408,5,A,500,Wales,33845,Teddy,Williams,2,4030
1043,4925.862970521542,4936.495180261,Mamoru Harada (Japan),Tackle,Red,946408,2,H,3000,Japan,34483,Mamoru,Harada,2,4030
1044,4926.141768707483,4932.298745407993,Epineri Uluiviti (Japan),Tackle,Green,946408,4,H,3000,Japan,26154,Epineri,Uluiviti,2,4031
1045,4926.47716553288,4934.271829439,Shuhei Takeuchi (Japan),Ruck,Green,946408,3,H,3000,Japan,37874,Shuhei,Takeuchi,2,4031
1046,4926.597455420657,4947.299972308322,Josh MacLeod (Wales),Ruck,Green,946408,7,A,500,Wales,25019,Josh,MacLeod,2,4031
1047,4929.698363297332,4947.299972308322,Taulupe Faletau (Wales),Ruck,Red,946408,8,A,500,Wales,11029,Taulupe,Faletau,2,4035
1048,4929.700979641,4934.700979641,Michael Leitch (Japan),Jackler,Green,946408,6,H,3000,Japan,11306,Michael,Leitch,2,4035
1049,4930.697358670985,4947.299972308322,Keiron Assiratti (Wales),Ruck,Green,946408,3,A,500,Wales,24078,Keiron,Assiratti,2,4035
1050,4931.298588838994,4947.299972308322,Nicky Smith (Wales),Ruck,Green,946408,1,A,500,Wales,20327,Nicky,Smith,2,4029
1051,4954.095987701,4969.880384075,Nicky Smith (Wales),Lineout Defence,Green,946408,1,A,500,Wales,20327,Nicky,Smith,2,4059
1052,4954.095987701,4969.880384075,Dewi Lake (Wales),Lineout Defence,Green,946408,2,A,500,Wales,29806,Dewi,Lake,2,4059
1053,4954.095987701,4969.880384075,Keiron Assiratti (Wales),Lineout Defence,Green,946408,3,A,500,Wales,24078,Keiron,Assiratti,2,4059
1054,4954.095987701,4969.880384075,James Ratti (Wales),Lineout Defence,Green,946408,19,A,500,Wales,24591,James,Ratti,2,4059
1055,4954.095987701,4969.880384075,Teddy Williams (Wales),Lineout Defence,Green,946408,5,A,500,Wales,33845,Teddy,Williams,2,4059
1056,4954.095987701,4969.880384075,Taulupe Faletau (Wales),Lineout Defence,Green,946408,8,A,500,Wales,11029,Taulupe,Faletau,2,4059
1057,4955.301246852,4970.897795147,Yota Kamimori (Japan),Lineout Attack,Green,946408,1,H,3000,Japan,34494,Yota,Kamimori,2,4059
1058,4955.301246852,4970.897795147,Mamoru Harada (Japan),Lineout Attack,Green,946408,2,H,3000,Japan,34483,Mamoru,Harada,2,4059
1059,4955.301246852,4970.897795147,Shuhei Takeuchi (Japan),Lineout Attack,Green,946408,3,H,3000,Japan,37874,Shuhei,Takeuchi,2,4059
1060,4955.301246852,4970.897795147,Epineri Uluiviti (Japan),Lineout Attack,Green,946408,4,H,3000,Japan,26154,Epineri,Uluiviti,2,4059
1061,4955.301246852,4970.897795147,Warner Dearns (Japan),Lineout Attack,Green,946408,5,H,3000,Japan,40399,Warner,Dearns,2,4059
1062,4955.301246852,4970.897795147,Michael Leitch (Japan),Lineout Attack,Green,946408,6,H,3000,Japan,11306,Michael,Leitch,2,4059
1063,4955.301246852,4970.897795147,Jack Cornelsen (Japan),Lineout Attack,Green,946408,7,H,3000,Japan,23697,Jack,Cornelsen,2,4059
1064,4956.887959087,4969.880384075,Alex Mann (Wales),Lineout Defence,Green,946408,6,A,500,Wales,38683,Alex,Mann,2,4059
1065,4958.739465265,4972.755963718821,Amato Fakatava (Japan),Lineout Attack,Gold,946408,8,H,3000,Japan,36500,Amato,Fakatava,2,4103
1066,4961.198340829983,4975.80008487666,Josh MacLeod (Wales),Tackle,Green,946408,7,A,500,Wales,25019,Josh,MacLeod,2,4106
1067,4961.79780305568,4969.900047180346,Dewi Lake (Wales),Tackle,Green,946408,2,A,500,Wales,29806,Dewi,Lake,2,4106
1068,4961.798051571321,4973.700403340664,Sam Costelow (Wales),Tackle,Green,946408,10,A,500,Wales,33844,Sam,Costelow,2,4106
1069,4963.789781623,4970.00000860667,Dewi Lake (Wales),Phase Defence,Red,946408,2,A,500,Wales,29806,Dewi,Lake,2,4109
1070,5034.01571554,5052.714213797,Nicky Smith (Wales),Lineout Attack,Green,946408,1,A,500,Wales,20327,Nicky,Smith,2,4220
1071,5034.01571554,5052.714213797,Dewi Lake (Wales),Lineout Attack,Green,946408,2,A,500,Wales,29806,Dewi,Lake,2,4220
1072,5034.01571554,5052.714213797,Keiron Assiratti (Wales),Lineout Attack,Green,946408,3,A,500,Wales,24078,Keiron,Assiratti,2,4220
1073,5034.01571554,5052.714213797,James Ratti (Wales),Lineout Attack,Green,946408,19,A,500,Wales,24591,James,Ratti,2,4220
1074,5034.01571554,5052.714213797,Teddy Williams (Wales),Lineout Attack,Green,946408,5,A,500,Wales,33845,Teddy,Williams,2,4220
1075,5034.01571554,5052.714213797,Alex Mann (Wales),Lineout Attack,Green,946408,6,A,500,Wales,38683,Alex,Mann,2,4220
1076,5034.01571554,5052.714213797,Josh MacLeod (Wales),Lineout Attack,Green,946408,7,A,500,Wales,25019,Josh,MacLeod,2,4220
1077,5034.01571554,5052.714213797,Taulupe Faletau (Wales),Lineout Attack,Green,946408,8,A,500,Wales,11029,Taulupe,Faletau,2,4220
1078,5035.559811575,5051.06038979,Yota Kamimori (Japan),Lineout Defence,Green,946408,1,H,3000,Japan,34494,Yota,Kamimori,2,4220
1079,5035.559811575,5051.06038979,Shuhei Takeuchi (Japan),Lineout Defence,Red,946408,3,H,3000,Japan,37874,Shuhei,Takeuchi,2,4220
1080,5035.559811575,5051.06038979,Epineri Uluiviti (Japan),Lineout Defence,Green,946408,4,H,3000,Japan,26154,Epineri,Uluiviti,2,4220
1081,5035.559811575,5051.06038979,Jack Cornelsen (Japan),Lineout Defence,Green,946408,7,H,3000,Japan,23697,Jack,Cornelsen,2,4220
1082,5035.559811575,5051.06038979,Amato Fakatava (Japan),Lineout Defence,Red,946408,8,H,3000,Japan,36500,Amato,Fakatava,2,4220
1083,5036.409977324263,5050.871700680272,Warner Dearns (Japan),Lineout Defence,Gold,946408,5,H,3000,Japan,40399,Warner,Dearns,2,4220
1084,5039.729037062,5051.06038979,Mamoru Harada (Japan),Lineout Defence,Red,946408,2,H,3000,Japan,34483,Mamoru,Harada,2,4225
1085,5041.597626188348,5055.5000240699965,Taulupe Faletau (Wales),Carry,Green,946408,8,A,500,Wales,11029,Taulupe,Faletau,2,4226
1086,5042.498024097664,5058.399960941659,Dewi Lake (Wales),Carry,Green,946408,2,A,500,Wales,29806,Dewi,Lake,2,4227
1087,5043.99896862701,5056.600037969664,Ben Thomas (Wales),Ruck,Green,946408,12,A,500,Wales,25826,Ben,Thomas,2,4228
1088,5047.148843537415,5054.422011561,Malo Tuitama (Japan),Jackler,Green,946408,11,H,3000,Japan,23585,Malo,Tuitama,2,4232
1089,5048.497923425657,5062.500414107349,Alex Mann (Wales),Carry,Green,946408,6,A,500,Wales,38683,Alex,Mann,2,4233
1090,5049.422011561,5055.722780261,Warner Dearns (Japan),Tackle,Green,946408,5,H,3000,Japan,40399,Warner,Dearns,2,4233
1091,5049.796816191324,5060.700004500324,Teddy Williams (Wales),Ruck,Green,946408,5,A,500,Wales,33845,Teddy,Williams,2,4233
1092,5051.497355106651,5060.700004500324,James Ratti (Wales),Ruck,Green,946408,19,A,500,Wales,24591,James,Ratti,2,4236
1093,5052.657709750567,5069.195935980658,Yota Kamimori (Japan),Tackle,Green,946408,1,H,3000,Japan,34494,Yota,Kamimori,2,4238
1094,5052.888775510204,5057.888775510204,Jack Cornelsen (Japan),Tackle,Green,946408,7,H,3000,Japan,23697,Jack,Cornelsen,2,4238
1095,5052.888775510204,5061.803792215,Michael Leitch (Japan),Tackle,Green,946408,6,H,3000,Japan,11306,Michael,Leitch,2,4238
1096,5052.898764977323,5069.199902837334,Josh MacLeod (Wales),Carry,Green,946408,7,A,500,Wales,25019,Josh,MacLeod,2,4238
1097,5054.798850315333,5070.199888436002,Teddy Williams (Wales),Ruck,Green,946408,5,A,500,Wales,33845,Teddy,Williams,2,4239
1098,5055.398090227676,5070.199888436002,Keiron Assiratti (Wales),Ruck,Yellow,946408,3,A,500,Wales,24078,Keiron,Assiratti,2,4237
1099,5057.330770975057,5065.179027625,Epineri Uluiviti (Japan),Tackle,Green,946408,4,H,3000,Japan,26154,Epineri,Uluiviti,2,4242
1100,5058.598569906646,5077.099977533675,Dewi Lake (Wales),Carry,Green,946408,2,A,500,Wales,29806,Dewi,Lake,2,4242
1101,5060.0986494759945,5076.89994452167,Alex Mann (Wales),Ruck,Green,946408,6,A,500,Wales,38683,Alex,Mann,2,4245
1102,5061.198671892664,5076.89994452167,Taulupe Faletau (Wales),Ruck,Yellow,946408,8,A,500,Wales,11029,Taulupe,Faletau,2,4244
1103,5061.797958184339,5076.89994452167,Nicky Smith (Wales),Ruck,Green,946408,1,A,500,Wales,20327,Nicky,Smith,2,4246
1104,5064.697893772298,5079.699895667325,Teddy Williams (Wales),Carry,Green,946408,5,A,500,Wales,33845,Teddy,Williams,2,4249
1105,5064.737029478458,5075.996922418324,Michael Leitch (Japan),Tackle,Red,946408,6,H,3000,Japan,11306,Michael,Leitch,2,4249
1106,5065.030566893424,5074.620693471,Jack Cornelsen (Japan),Tackle,Green,946408,7,H,3000,Japan,23697,Jack,Cornelsen,2,4250
1107,5065.197133186644,5080.800257125996,James Ratti (Wales),Ruck,Green,946408,19,A,500,Wales,24591,James,Ratti,2,4250
1108,5065.2445351473925,5075.396200533,Amato Fakatava (Japan),Tackle,Green,946408,8,H,3000,Japan,36500,Amato,Fakatava,2,4250
1109,5066.19797706033,5080.800257125996,Josh MacLeod (Wales),Ruck,Yellow,946408,7,A,500,Wales,25019,Josh,MacLeod,2,4250
1110,5067.182325477987,5077.422326405,Mamoru Harada (Japan),Tackle,Green,946408,2,H,3000,Japan,34483,Mamoru,Harada,2,4252
1111,5068.498088286978,5081.000069305998,Ben Thomas (Wales),Carry,Green,946408,12,A,500,Wales,25826,Ben,Thomas,2,4253
1112,5070.698982050996,5085.300034729341,Keiron Assiratti (Wales),Ruck,Red,946408,3,A,500,Wales,24078,Keiron,Assiratti,2,4255
1113,5070.883673469388,5086.105981889987,Kippei Ishida (Japan),Tackle,Gold,946408,14,H,3000,Japan,34036,Kippei,Ishida,2,4255
1114,5071.125918367347,5079.073315332,Shuhei Takeuchi (Japan),Tackle,Red,946408,3,H,3000,Japan,37874,Shuhei,Takeuchi,2,4255
1115,5071.498009841645,5085.300034729341,Johnny Williams (Wales),Ruck,Yellow,946408,13,A,500,Wales,22036,Johnny,Williams,2,4255
1116,5072.810542726,5078.927762888,Dylan Riley (Japan),Tackle,Green,946408,13,H,3000,Japan,27652,Dylan,Riley,2,4257
1117,5076.197808605005,5086.200043879331,Josh Adams (Wales),Ruck,Green,946408,11,A,500,Wales,21514,Josh,Adams,2,4300
1118,5204.50109318,5220.464643823,Mamoru Harada (Japan),Lineout Attack,Green,946408,2,H,3000,Japan,34483,Mamoru,Harada,2,4433
1119,5204.50109318,5220.464643823,Epineri Uluiviti (Japan),Lineout Attack,Green,946408,4,H,3000,Japan,26154,Epineri,Uluiviti,2,4433
1120,5204.50109318,5220.464643823,Warner Dearns (Japan),Lineout Attack,Green,946408,5,H,3000,Japan,40399,Warner,Dearns,2,4433
1121,5204.50109318,5220.464643823,Michael Leitch (Japan),Lineout Attack,Yellow,946408,6,H,3000,Japan,11306,Michael,Leitch,2,4433
1122,5204.50109318,5220.464643823,Jack Cornelsen (Japan),Lineout Attack,Yellow,946408,7,H,3000,Japan,23697,Jack,Cornelsen,2,4433
1123,5206.553159287,5220.199941002655,Nicky Smith (Wales),Lineout Defence,Green,946408,1,A,500,Wales,20327,Nicky,Smith,2,4433
1124,5206.553159287,5220.199941002655,Keiron Assiratti (Wales),Lineout Defence,Green,946408,3,A,500,Wales,24078,Keiron,Assiratti,2,4433
1125,5206.553159287,5220.199941002655,James Ratti (Wales),Lineout Defence,Green,946408,19,A,500,Wales,24591,James,Ratti,2,4433
1126,5206.553159287,5220.199941002655,Teddy Williams (Wales),Lineout Defence,Green,946408,5,A,500,Wales,33845,Teddy,Williams,2,4433
1127,5210.997832549647,5221.800116716335,Dewi Lake (Wales),Tackle,Green,946408,2,A,500,Wales,29806,Dewi,Lake,2,4438
1128,5212.397727758677,5222.700059592649,Nicky Smith (Wales),Tackle,Green,946408,1,A,500,Wales,20327,Nicky,Smith,2,4440
1129,5220.963492063492,5225.963492063492,Warner Dearns (Japan),Ruck,Green,946408,5,H,3000,Japan,40399,Warner,Dearns,2,4449
1130,5221.107324263038,5229.524995635,Yota Kamimori (Japan),Ruck,Green,946408,1,H,3000,Japan,34494,Yota,Kamimori,2,4449
1131,5221.107324263038,5229.524995635,Shuhei Takeuchi (Japan),Ruck,Green,946408,3,H,3000,Japan,37874,Shuhei,Takeuchi,2,4449
1132,5224.524995635,5229.524995635,Amato Fakatava (Japan),Carry,Green,946408,8,H,3000,Japan,36500,Amato,Fakatava,2,4449
1133,5369.066049716,5386.099736466676,Yota Kamimori (Japan),Scrum Attack,Green,946408,1,H,3000,Japan,34494,Yota,Kamimori,2,4717
1134,5369.066049716,5386.099736466676,Mamoru Harada (Japan),Scrum Attack,Green,946408,2,H,3000,Japan,34483,Mamoru,Harada,2,4717
1135,5369.066049716,5386.099736466676,Shuhei Takeuchi (Japan),Scrum Attack,Green,946408,3,H,3000,Japan,37874,Shuhei,Takeuchi,2,4717
1136,5369.066049716,5386.099736466676,Epineri Uluiviti (Japan),Scrum Attack,Green,946408,4,H,3000,Japan,26154,Epineri,Uluiviti,2,4717
1137,5369.066049716,5386.099736466676,Warner Dearns (Japan),Scrum Attack,Green,946408,5,H,3000,Japan,40399,Warner,Dearns,2,4717
1138,5369.066049716,5386.099736466676,Michael Leitch (Japan),Scrum Attack,Green,946408,6,H,3000,Japan,11306,Michael,Leitch,2,4717
1139,5369.066049716,5386.099736466676,Jack Cornelsen (Japan),Scrum Attack,Green,946408,7,H,3000,Japan,23697,Jack,Cornelsen,2,4717
1140,5369.066049716,5386.099736466676,Amato Fakatava (Japan),Scrum Attack,Green,946408,8,H,3000,Japan,36500,Amato,Fakatava,2,4717
1141,5369.823859379,5388.855450179,Nicky Smith (Wales),Lineout Defence,Green,946408,1,A,500,Wales,20327,Nicky,Smith,2,4717
1142,5369.823859379,5388.855450179,Dewi Lake (Wales),Lineout Defence,Green,946408,2,A,500,Wales,29806,Dewi,Lake,2,4717
1143,5369.823859379,5388.855450179,Keiron Assiratti (Wales),Lineout Defence,Green,946408,3,A,500,Wales,24078,Keiron,Assiratti,2,4717
1144,5369.823859379,5388.855450179,James Ratti (Wales),Lineout Defence,Green,946408,19,A,500,Wales,24591,James,Ratti,2,4717
1145,5369.823859379,5388.855450179,Teddy Williams (Wales),Lineout Defence,Green,946408,5,A,500,Wales,33845,Teddy,Williams,2,4717
1146,5369.823859379,5388.855450179,Alex Mann (Wales),Lineout Defence,Green,946408,6,A,500,Wales,38683,Alex,Mann,2,4717
1147,5369.823859379,5388.855450179,Josh MacLeod (Wales),Lineout Defence,Green,946408,7,A,500,Wales,25019,Josh,MacLeod,2,4717
1148,5369.823859379,5388.855450179,Taulupe Faletau (Wales),Lineout Defence,Green,946408,8,A,500,Wales,11029,Taulupe,Faletau,2,4717
1149,5374.9974701403335,5387.199951939343,Sam Costelow (Wales),Tackle,Green,946408,10,A,500,Wales,33844,Sam,Costelow,2,4723
1150,5375.697881765645,5387.199951939343,Alex Mann (Wales),Tackle,Green,946408,6,A,500,Wales,38683,Alex,Mann,2,4723
1151,5430.050907029478,5456.16571473,Yota Kamimori (Japan),Lineout Attack,Green,946408,1,H,3000,Japan,34494,Yota,Kamimori,2,4826
1152,5430.050907029478,5456.16571473,Mamoru Harada (Japan),Lineout Attack,Green,946408,2,H,3000,Japan,34483,Mamoru,Harada,2,4826
1153,5430.050907029478,5456.16571473,Shuhei Takeuchi (Japan),Lineout Attack,Green,946408,3,H,3000,Japan,37874,Shuhei,Takeuchi,2,4826
1154,5430.050907029478,5456.16571473,Epineri Uluiviti (Japan),Lineout Attack,Green,946408,4,H,3000,Japan,26154,Epineri,Uluiviti,2,4826
1155,5430.050907029478,5456.16571473,Warner Dearns (Japan),Lineout Attack,Green,946408,5,H,3000,Japan,40399,Warner,Dearns,2,4826
1156,5430.050907029478,5456.16571473,Jack Cornelsen (Japan),Lineout Attack,Yellow,946408,7,H,3000,Japan,23697,Jack,Cornelsen,2,4826
1157,5430.050907029478,5456.16571473,Jack Cornelsen (Japan),Lineout Attack,Green,946408,7,H,3000,Japan,23697,Jack,Cornelsen,2,4826
1158,5435.052845616,5456.399794518023,Nicky Smith (Wales),Lineout Defence,Green,946408,1,A,500,Wales,20327,Nicky,Smith,2,4826
1159,5435.052845616,5456.399794518023,Keiron Assiratti (Wales),Lineout Defence,Green,946408,3,A,500,Wales,24078,Keiron,Assiratti,2,4826
1160,5435.052845616,5456.399794518023,James Ratti (Wales),Lineout Defence,Green,946408,19,A,500,Wales,24591,James,Ratti,2,4826
1161,5435.052845616,5456.399794518023,Teddy Williams (Wales),Lineout Defence,Green,946408,5,A,500,Wales,33845,Teddy,Williams,2,4826
1162,5435.052845616,5456.399794518023,Alex Mann (Wales),Lineout Defence,Green,946408,6,A,500,Wales,38683,Alex,Mann,2,4826
1163,5445.697825939662,5452.599998143344,Johnny Williams (Wales),Tackle,Green,946408,13,A,500,Wales,22036,Johnny,Williams,2,4831
1164,5447.84977324263,5463.497848896651,Seungsin Lee (Japan),Turnover Attack,Gold,946408,10,H,3000,Japan,37841,Seungsin,Lee,2,4836
1165,5448.1979476023325,5459.1999553516835,Johnny Williams (Wales),Jackler,Green,946408,13,A,500,Wales,22036,Johnny,Williams,2,4836
1166,5450.598083541309,5463.099981124667,Johnny Williams (Wales),Linebreak Defence,Gold,946408,13,A,500,Wales,22036,Johnny,Williams,2,4838
1167,5450.797904402016,5462.399972522339,Josh MacLeod (Wales),Carry,Green,946408,7,A,500,Wales,25019,Josh,MacLeod,2,4838
1168,5451.397667642654,5460.404598907663,Alex Mann (Wales),Linebreak Defence,Gold,946408,6,A,500,Wales,38683,Alex,Mann,2,4839
1169,5591.685162493328,5605.099976879644,Michael Leitch (Japan),Scrum Defence,Green,946408,6,H,3000,Japan,11306,Michael,Leitch,2,4910
1170,5592.498093783651,5605.099976879644,Amato Fakatava (Japan),Scrum Defence,Green,946408,8,H,3000,Japan,36500,Amato,Fakatava,2,4910
1171,5596.791432536976,5606.499906162372,Dylan Riley (Japan),Charge Down,Green,946408,13,H,3000,Japan,27652,Dylan,Riley,2,4911
1172,5614.99133628,5632.399798207629,Nicky Smith (Wales),Lineout Defence,Green,946408,1,A,500,Wales,20327,Nicky,Smith,2,4934
1173,5614.99133628,5632.399798207629,Keiron Assiratti (Wales),Lineout Defence,Green,946408,3,A,500,Wales,24078,Keiron,Assiratti,2,4934
1174,5614.99133628,5632.399798207629,James Ratti (Wales),Lineout Defence,Green,946408,19,A,500,Wales,24591,James,Ratti,2,4934
1175,5614.99133628,5632.399798207629,Teddy Williams (Wales),Lineout Defence,Green,946408,5,A,500,Wales,33845,Teddy,Williams,2,4934
1176,5614.99133628,5632.399798207629,Alex Mann (Wales),Lineout Defence,Green,946408,6,A,500,Wales,38683,Alex,Mann,2,4934
1177,5617.929714912,5632.399804905666,Yota Kamimori (Japan),Lineout Attack,Green,946408,1,H,3000,Japan,34494,Yota,Kamimori,2,4934
1178,5617.929714912,5632.399804905666,Mamoru Harada (Japan),Lineout Attack,Green,946408,2,H,3000,Japan,34483,Mamoru,Harada,2,4934
1179,5617.929714912,5632.399804905666,Shuhei Takeuchi (Japan),Lineout Attack,Green,946408,3,H,3000,Japan,37874,Shuhei,Takeuchi,2,4934
1180,5617.929714912,5632.399804905666,Epineri Uluiviti (Japan),Lineout Attack,Green,946408,4,H,3000,Japan,26154,Epineri,Uluiviti,2,4934
1181,5617.929714912,5632.399804905666,Warner Dearns (Japan),Lineout Attack,Green,946408,5,H,3000,Japan,40399,Warner,Dearns,2,4934
1182,5617.929714912,5632.399804905666,Jack Cornelsen (Japan),Lineout Attack,Yellow,946408,7,H,3000,Japan,23697,Jack,Cornelsen,2,4934
1183,5680.1684352,5700.09999442304,Yota Kamimori (Japan),Lineout Defence,Green,946408,1,H,3000,Japan,34494,Yota,Kamimori,2,5040
1184,5680.1684352,5700.09999442304,Shuhei Takeuchi (Japan),Lineout Defence,Green,946408,3,H,3000,Japan,37874,Shuhei,Takeuchi,2,5040
1185,5680.1684352,5700.09999442304,Epineri Uluiviti (Japan),Lineout Defence,Green,946408,4,H,3000,Japan,26154,Epineri,Uluiviti,2,5040
1186,5680.1684352,5700.09999442304,Warner Dearns (Japan),Lineout Defence,Green,946408,5,H,3000,Japan,40399,Warner,Dearns,2,5040
1187,5683.008676428,5699.097883361,James Ratti (Wales),Lineout Attack,Green,946408,19,A,500,Wales,24591,James,Ratti,2,5040
1188,5683.008676428,5699.097883361,Teddy Williams (Wales),Lineout Attack,Green,946408,5,A,500,Wales,33845,Teddy,Williams,2,5040
1189,5683.008676428,5699.097883361,Alex Mann (Wales),Lineout Attack,Green,946408,6,A,500,Wales,38683,Alex,Mann,2,5040
1190,5683.008676428,5699.097883361,Archie Griffin (Wales),Lineout Attack,Green,946408,18,A,500,Wales,36663,Archie,Griffin,2,5040
1191,5683.511057155,5699.097883361,Dewi Lake (Wales),Lineout Attack,Green,946408,2,A,500,Wales,29806,Dewi,Lake,2,5040
1192,5689.798289274334,5707.799966636681,Ben Thomas (Wales),Carry,Yellow,946408,12,A,500,Wales,25826,Ben,Thomas,2,5047
1193,5690.398496581993,5707.89994750731,Gareth Thomas (Wales),Ruck,Green,946408,17,A,500,Wales,19851,Gareth,Thomas,2,5047
1194,5690.672653061224,5695.672653061224,Michael Leitch (Japan),Tackle,Green,946408,6,H,3000,Japan,11306,Michael,Leitch,2,5048
1195,5690.672653061224,5695.672653061224,Amato Fakatava (Japan),Tackle,Green,946408,8,H,3000,Japan,36500,Amato,Fakatava,2,5048
1196,5691.796943205661,5707.89994750731,Taulupe Faletau (Wales),Ruck,Red,946408,8,A,500,Wales,11029,Taulupe,Faletau,2,5049
1197,5694.474518335,5710.206092789,Kippei Ishida (Japan),Kick Retreat,Green,946408,14,H,3000,Japan,34036,Kippei,Ishida,2,5049
1198,5695.073622161,5710.185323018,Dewi Lake (Wales),Kick Chase,Green,946408,2,A,500,Wales,29806,Dewi,Lake,2,5051
1199,5695.073622161,5710.185323018,James Ratti (Wales),Kick Chase,Green,946408,19,A,500,Wales,24591,James,Ratti,2,5051
1200,5695.073622161,5710.185323018,Teddy Williams (Wales),Kick Chase,Green,946408,5,A,500,Wales,33845,Teddy,Williams,2,5051
1201,5695.073622161,5710.185323018,Taulupe Faletau (Wales),Kick Chase,Yellow,946408,8,A,500,Wales,11029,Taulupe,Faletau,2,5051
1202,5695.073622161,5710.185323018,Kieran Hardy (Wales),Kick Chase,Green,946408,9,A,500,Wales,22648,Kieran,Hardy,2,5051
1203,5695.073622161,5710.185323018,Josh Adams (Wales),Kick Chase,Green,946408,11,A,500,Wales,21514,Josh,Adams,2,5051
1204,5695.073622161,5710.185323018,Ben Thomas (Wales),Kick Chase,Green,946408,12,A,500,Wales,25826,Ben,Thomas,2,5051
1205,5695.073622161,5710.185323018,Johnny Williams (Wales),Kick Chase,Green,946408,13,A,500,Wales,22036,Johnny,Williams,2,5051
1206,5695.073622161,5710.185323018,Tom Rogers (Wales),Kick Chase,Green,946408,14,A,500,Wales,29598,Tom,Rogers,2,5051
1207,5695.073622161,5710.185323018,Gareth Thomas (Wales),Kick Chase,Green,946408,17,A,500,Wales,19851,Gareth,Thomas,2,5051
1208,5695.073622161,5710.185323018,Archie Griffin (Wales),Kick Chase,Green,946408,18,A,500,Wales,36663,Archie,Griffin,2,5051
1209,5695.738666922,5710.206092789,Yota Kamimori (Japan),Kick Retreat,Green,946408,1,H,3000,Japan,34494,Yota,Kamimori,2,5051
1210,5695.738666922,5710.206092789,Mamoru Harada (Japan),Kick Retreat,Green,946408,2,H,3000,Japan,34483,Mamoru,Harada,2,5051
1211,5695.738666922,5710.206092789,Shuhei Takeuchi (Japan),Kick Retreat,Green,946408,3,H,3000,Japan,37874,Shuhei,Takeuchi,2,5051
1212,5695.738666922,5710.206092789,Epineri Uluiviti (Japan),Kick Retreat,Green,946408,4,H,3000,Japan,26154,Epineri,Uluiviti,2,5051
1213,5695.738666922,5710.206092789,Warner Dearns (Japan),Kick Retreat,Green,946408,5,H,3000,Japan,40399,Warner,Dearns,2,5051
1214,5695.738666922,5710.206092789,Michael Leitch (Japan),Kick Retreat,Green,946408,6,H,3000,Japan,11306,Michael,Leitch,2,5051
1215,5695.738666922,5710.206092789,Jack Cornelsen (Japan),Kick Retreat,Green,946408,7,H,3000,Japan,23697,Jack,Cornelsen,2,5051
1216,5695.738666922,5710.206092789,Amato Fakatava (Japan),Kick Retreat,Green,946408,8,H,3000,Japan,36500,Amato,Fakatava,2,5051
1217,5695.738666922,5710.206092789,Shinobu Fujiwara (Japan),Kick Retreat,Green,946408,9,H,3000,Japan,30969,Shinobu,Fujiwara,2,5051
1218,5695.738666922,5710.206092789,Seungsin Lee (Japan),Kick Retreat,Green,946408,10,H,3000,Japan,37841,Seungsin,Lee,2,5051
1219,5695.738666922,5710.206092789,Shogo Nakano (Japan),Kick Retreat,Green,946408,12,H,3000,Japan,36750,Shogo,Nakano,2,5051
1220,5695.738666922,5710.206092789,Dylan Riley (Japan),Kick Retreat,Green,946408,13,H,3000,Japan,27652,Dylan,Riley,2,5051
1221,5698.33589569161,5717.099190315662,Jack Cornelsen (Japan),Turnover Attack,Gold,946408,7,H,3000,Japan,23697,Jack,Cornelsen,2,5055
1222,5699.029351455,5709.49990528699,Alex Mann (Wales),Phase Defence,Red,946408,6,A,500,Wales,38683,Alex,Mann,2,5056
1223,5699.029351455,5709.49990528699,Josh MacLeod (Wales),Phase Defence,Red,946408,7,A,500,Wales,25019,Josh,MacLeod,2,5056
1224,5699.029351455,5709.49990528699,Tom Rogers (Wales),Phase Defence,Red,946408,14,A,500,Wales,29598,Tom,Rogers,2,5056
1225,5699.222551464745,5708.133473573001,Josh MacLeod (Wales),Kick Chase,Red,946408,7,A,500,Wales,25019,Josh,MacLeod,2,5056
1226,5701.998495745313,5714.5999714906875,Archie Griffin (Wales),Tackle,Green,946408,18,A,500,Wales,36663,Archie,Griffin,2,5059
1227,5702.308080234,5708.133473573,Alex Mann (Wales),Kick Chase,Red,946408,6,A,500,Wales,38683,Alex,Mann,2,5059
1228,5704.486766426,5712.400066797669,Gareth Thomas (Wales),Phase Defence,Red,946408,17,A,500,Wales,19851,Gareth,Thomas,2,5102
1229,5706.518842647,5717.923701648,Kieran Hardy (Wales),Kick Retreat,Yellow,946408,9,A,500,Wales,22648,Kieran,Hardy,2,5102
1230,5706.518842647,5717.923701648,Josh Adams (Wales),Kick Retreat,Green,946408,11,A,500,Wales,21514,Josh,Adams,2,5102
1231,5706.518842647,5717.923701648,Ben Thomas (Wales),Kick Retreat,Green,946408,12,A,500,Wales,25826,Ben,Thomas,2,5102
1232,5706.518842647,5717.923701648,Johnny Williams (Wales),Kick Retreat,Yellow,946408,13,A,500,Wales,22036,Johnny,Williams,2,5102
1233,5706.518842647,5717.923701648,Tom Rogers (Wales),Kick Retreat,Green,946408,14,A,500,Wales,29598,Tom,Rogers,2,5102
1234,5706.807278911565,5711.807278911565,Shuhei Takeuchi (Japan),Ruck,Green,946408,3,H,3000,Japan,37874,Shuhei,Takeuchi,2,5102
1235,5706.807278911565,5711.807278911565,Amato Fakatava (Japan),Ruck,Green,946408,8,H,3000,Japan,36500,Amato,Fakatava,2,5102
1236,5706.90000582,5717.923701648,Dewi Lake (Wales),Kick Retreat,Green,946408,2,A,500,Wales,29806,Dewi,Lake,2,5102
1237,5706.90000582,5717.923701648,James Ratti (Wales),Kick Retreat,Green,946408,19,A,500,Wales,24591,James,Ratti,2,5102
1238,5706.90000582,5717.923701648,Teddy Williams (Wales),Kick Retreat,Green,946408,5,A,500,Wales,33845,Teddy,Williams,2,5102
1239,5706.90000582,5717.923701648,Alex Mann (Wales),Kick Retreat,Green,946408,6,A,500,Wales,38683,Alex,Mann,2,5102
1240,5706.90000582,5717.923701648,Josh MacLeod (Wales),Kick Retreat,Yellow,946408,7,A,500,Wales,25019,Josh,MacLeod,2,5102
1241,5706.90000582,5717.923701648,Taulupe Faletau (Wales),Kick Retreat,Yellow,946408,8,A,500,Wales,11029,Taulupe,Faletau,2,5102
1242,5706.90000582,5717.923701648,Gareth Thomas (Wales),Kick Retreat,Green,946408,17,A,500,Wales,19851,Gareth,Thomas,2,5102
1243,5706.90000582,5717.923701648,Archie Griffin (Wales),Kick Retreat,Green,946408,18,A,500,Wales,36663,Archie,Griffin,2,5102
1244,5707.088611318,5718.6998658413295,Yota Kamimori (Japan),Kick Chase,Green,946408,1,H,3000,Japan,34494,Yota,Kamimori,2,5103
1245,5707.088611318,5718.6998658413295,Mamoru Harada (Japan),Kick Chase,Green,946408,2,H,3000,Japan,34483,Mamoru,Harada,2,5103
1246,5707.088611318,5718.6998658413295,Shuhei Takeuchi (Japan),Kick Chase,Green,946408,3,H,3000,Japan,37874,Shuhei,Takeuchi,2,5103
1247,5707.088611318,5718.6998658413295,Epineri Uluiviti (Japan),Kick Chase,Green,946408,4,H,3000,Japan,26154,Epineri,Uluiviti,2,5103
1248,5707.088611318,5718.6998658413295,Warner Dearns (Japan),Kick Chase,Green,946408,5,H,3000,Japan,40399,Warner,Dearns,2,5103
1249,5707.088611318,5718.6998658413295,Michael Leitch (Japan),Kick Chase,Green,946408,6,H,3000,Japan,11306,Michael,Leitch,2,5103
1250,5707.088611318,5718.6998658413295,Jack Cornelsen (Japan),Kick Chase,Green,946408,7,H,3000,Japan,23697,Jack,Cornelsen,2,5103
1251,5707.088611318,5718.6998658413295,Amato Fakatava (Japan),Kick Chase,Green,946408,8,H,3000,Japan,36500,Amato,Fakatava,2,5103
1252,5707.088611318,5718.6998658413295,Shinobu Fujiwara (Japan),Kick Chase,Green,946408,9,H,3000,Japan,30969,Shinobu,Fujiwara,2,5103
1253,5707.088611318,5718.6998658413295,Shogo Nakano (Japan),Kick Chase,Green,946408,12,H,3000,Japan,36750,Shogo,Nakano,2,5103
1254,5707.088611318,5718.6998658413295,Dylan Riley (Japan),Kick Chase,Green,946408,13,H,3000,Japan,27652,Dylan,Riley,2,5103
1255,5707.088611318,5718.6998658413295,Kippei Ishida (Japan),Kick Chase,Green,946408,14,H,3000,Japan,34036,Kippei,Ishida,2,5103
1256,5707.088611318,5718.6998658413295,Halatoa Vailea (Japan),Kick Chase,Green,946408,23,H,3000,Japan,30956,Halatoa,Vailea,2,5103
1257,5709.400644781,5714.400644781,Shogo Nakano (Japan),Ruck,Green,946408,12,H,3000,Japan,36750,Shogo,Nakano,2,5107
1258,5711.032552736,5716.032552736,Jack Cornelsen (Japan),Carry,Green,946408,7,H,3000,Japan,23697,Jack,Cornelsen,2,5107
1259,5755.286141624,5771.275706653,Mamoru Harada (Japan),Lineout Attack,Green,946408,2,H,3000,Japan,34483,Mamoru,Harada,2,5153
1260,5755.286141624,5771.275706653,Epineri Uluiviti (Japan),Lineout Attack,Green,946408,4,H,3000,Japan,26154,Epineri,Uluiviti,2,5153
1261,5755.286141624,5771.275706653,Warner Dearns (Japan),Lineout Attack,Green,946408,5,H,3000,Japan,40399,Warner,Dearns,2,5153
1262,5757.98843537415,5772.397203812331,Michael Leitch (Japan),Lineout Attack,Green,946408,6,H,3000,Japan,11306,Michael,Leitch,2,5153
1263,5758.202380952381,5769.799926666317,James Ratti (Wales),Lineout Defence,Green,946408,19,A,500,Wales,24591,James,Ratti,2,5153
1264,5758.202380952381,5769.799926666317,Gareth Thomas (Wales),Lineout Defence,Green,946408,17,A,500,Wales,19851,Gareth,Thomas,2,5153
1265,5758.202380952381,5769.799926666317,Archie Griffin (Wales),Lineout Defence,Green,946408,18,A,500,Wales,36663,Archie,Griffin,2,5153
1266,5758.299676505985,5772.998974727661,Jack Cornelsen (Japan),Lineout Attack,Green,946408,7,H,3000,Japan,23697,Jack,Cornelsen,2,5153
1267,5758.558866823,5769.799926666317,Teddy Williams (Wales),Lineout Defence,Green,946408,5,A,500,Wales,33845,Teddy,Williams,2,5156
1268,5761.698609991985,5769.0999254099925,Dewi Lake (Wales),Tackle,Green,946408,2,A,500,Wales,29806,Dewi,Lake,2,5159
1269,5813.350213134,5834.672886333,Dewi Lake (Wales),Lineout Attack,Green,946408,2,A,500,Wales,29806,Dewi,Lake,2,5253
1270,5813.350213134,5834.672886333,James Ratti (Wales),Lineout Attack,Green,946408,19,A,500,Wales,24591,James,Ratti,2,5253
1271,5813.350213134,5834.672886333,Teddy Williams (Wales),Lineout Attack,Green,946408,5,A,500,Wales,33845,Teddy,Williams,2,5253
1272,5813.350213134,5834.672886333,Alex Mann (Wales),Lineout Attack,Green,946408,6,A,500,Wales,38683,Alex,Mann,2,5253
1273,5813.350213134,5834.672886333,Josh MacLeod (Wales),Lineout Attack,Green,946408,7,A,500,Wales,25019,Josh,MacLeod,2,5253
1274,5813.350213134,5834.672886333,Taulupe Faletau (Wales),Lineout Attack,Yellow,946408,8,A,500,Wales,11029,Taulupe,Faletau,2,5253
1275,5813.350213134,5834.672886333,Gareth Thomas (Wales),Lineout Attack,Green,946408,17,A,500,Wales,19851,Gareth,Thomas,2,5253
1276,5813.350213134,5834.672886333,Archie Griffin (Wales),Lineout Attack,Green,946408,18,A,500,Wales,36663,Archie,Griffin,2,5253
1277,5814.08485260771,5835.340790874,Yota Kamimori (Japan),Lineout Defence,Green,946408,1,H,3000,Japan,34494,Yota,Kamimori,2,5253
1278,5814.08485260771,5835.340790874,Shuhei Takeuchi (Japan),Lineout Defence,Green,946408,3,H,3000,Japan,37874,Shuhei,Takeuchi,2,5253
1279,5814.08485260771,5835.340790874,Epineri Uluiviti (Japan),Lineout Defence,Green,946408,4,H,3000,Japan,26154,Epineri,Uluiviti,2,5253
1280,5814.08485260771,5835.340790874,Warner Dearns (Japan),Lineout Defence,Yellow,946408,5,H,3000,Japan,40399,Warner,Dearns,2,5253
1281,5814.08485260771,5835.340790874,Jack Cornelsen (Japan),Lineout Defence,Green,946408,7,H,3000,Japan,23697,Jack,Cornelsen,2,5253
1282,5814.08485260771,5835.340790874,Amato Fakatava (Japan),Lineout Defence,Green,946408,8,H,3000,Japan,36500,Amato,Fakatava,2,5253
1283,5821.697431866002,5840.899893958683,Josh MacLeod (Wales),Ruck,Green,946408,7,A,500,Wales,25019,Josh,MacLeod,2,5259
1284,5821.897566187303,5843.29998737065,Kieran Hardy (Wales),Carry,Red,946408,9,A,500,Wales,22648,Kieran,Hardy,2,5259
1285,5822.298336449317,5840.899893958683,Teddy Williams (Wales),Ruck,Green,946408,5,A,500,Wales,33845,Teddy,Williams,2,5259
1286,5822.697350286998,5833.729098079,Jack Cornelsen (Japan),Tackle,Green,946408,7,H,3000,Japan,23697,Jack,Cornelsen,2,5259
1287,5827.998304207338,5840.899893958683,Gareth Thomas (Wales),Ruck,Green,946408,17,A,500,Wales,19851,Gareth,Thomas,2,5300
1288,5829.124671201814,5837.827273292,Amato Fakatava (Japan),Jackler,Yellow,946408,8,H,3000,Japan,36500,Amato,Fakatava,2,5306
1289,5829.264906709,5837.254432495,Epineri Uluiviti (Japan),Tackle,Yellow,946408,4,H,3000,Japan,26154,Epineri,Uluiviti,2,5306
1290,5831.8710430839,5851.55979218,Yota Kamimori (Japan),Jackler,Green,946408,1,H,3000,Japan,34494,Yota,Kamimori,2,5308
1291,5832.39846683765,5849.100018880647,Archie Griffin (Wales),Carry,Green,946408,18,A,500,Wales,36663,Archie,Griffin,2,5310
1292,5832.597898046991,5849.800026130349,Gareth Thomas (Wales),Ruck,Green,946408,17,A,500,Wales,19851,Gareth,Thomas,2,5310
1293,5833.498213504318,5849.800026130349,Alex Mann (Wales),Ruck,Green,946408,6,A,500,Wales,38683,Alex,Mann,2,5311
1294,5834.43843537415,5842.404786659,Warner Dearns (Japan),Tackle,Red,946408,5,H,3000,Japan,40399,Warner,Dearns,2,5309
1295,5835.298705920649,5849.800026130349,Josh MacLeod (Wales),Ruck,Green,946408,7,A,500,Wales,25019,Josh,MacLeod,2,5309
1296,5837.997909973978,5850.699853426649,Taulupe Faletau (Wales),Ruck,Red,946408,8,A,500,Wales,11029,Taulupe,Faletau,2,5316
1297,5838.5981547659985,5850.699853426649,Teddy Williams (Wales),Ruck,Green,946408,5,A,500,Wales,33845,Teddy,Williams,2,5316
1298,5838.998128935993,5856.999915507325,James Ratti (Wales),Carry,Red,946408,19,A,500,Wales,24591,James,Ratti,2,5316
1299,5841.054263038549,5850.154399408,Amato Fakatava (Japan),Tackle,Yellow,946408,8,H,3000,Japan,36500,Amato,Fakatava,2,5315
1300,5841.398169668645,5850.699853426649,Dewi Lake (Wales),Ruck,Red,946408,2,A,500,Wales,29806,Dewi,Lake,2,5315
1301,5841.9018820861675,5849.953803633,Shuhei Takeuchi (Japan),Tackle,Green,946408,3,H,3000,Japan,37874,Shuhei,Takeuchi,2,5318
1302,5843.934132726,5857.01662347,Dewi Lake (Wales),Kick Chase,Green,946408,2,A,500,Wales,29806,Dewi,Lake,2,5318
1303,5843.934132726,5857.01662347,James Ratti (Wales),Kick Chase,Yellow,946408,19,A,500,Wales,24591,James,Ratti,2,5318
1304,5843.934132726,5857.01662347,Teddy Williams (Wales),Kick Chase,Green,946408,5,A,500,Wales,33845,Teddy,Williams,2,5318
1305,5843.934132726,5857.01662347,Alex Mann (Wales),Kick Chase,Green,946408,6,A,500,Wales,38683,Alex,Mann,2,5318
1306,5843.934132726,5857.01662347,Josh MacLeod (Wales),Kick Chase,Yellow,946408,7,A,500,Wales,25019,Josh,MacLeod,2,5318
1307,5843.934132726,5857.01662347,Kieran Hardy (Wales),Kick Chase,Green,946408,9,A,500,Wales,22648,Kieran,Hardy,2,5318
1308,5843.934132726,5857.01662347,Ben Thomas (Wales),Kick Chase,Green,946408,12,A,500,Wales,25826,Ben,Thomas,2,5318
1309,5843.934132726,5857.01662347,Johnny Williams (Wales),Kick Chase,Green,946408,13,A,500,Wales,22036,Johnny,Williams,2,5318
1310,5843.934132726,5857.01662347,Tom Rogers (Wales),Kick Chase,Green,946408,14,A,500,Wales,29598,Tom,Rogers,2,5318
1311,5843.934132726,5857.01662347,Blair Murray (Wales),Kick Chase,Green,946408,15,A,500,Wales,32980,Blair,Murray,2,5318
1312,5843.934132726,5857.01662347,Gareth Thomas (Wales),Kick Chase,Green,946408,17,A,500,Wales,19851,Gareth,Thomas,2,5318
1313,5843.934132726,5857.01662347,Archie Griffin (Wales),Kick Chase,Green,946408,18,A,500,Wales,36663,Archie,Griffin,2,5318
1314,5844.10712229,5849.6000498449785,Michael Leitch (Japan),Charge Down,Green,946408,6,H,3000,Japan,11306,Michael,Leitch,2,5318
1315,5845.22716553288,5856.89976875433,Shinobu Fujiwara (Japan),Kick Retreat,Green,946408,9,H,3000,Japan,30969,Shinobu,Fujiwara,2,5320
1316,5845.22716553288,5856.89976875433,Seungsin Lee (Japan),Kick Retreat,Green,946408,10,H,3000,Japan,37841,Seungsin,Lee,2,5320
1317,5845.22716553288,5856.89976875433,Shogo Nakano (Japan),Kick Retreat,Green,946408,12,H,3000,Japan,36750,Shogo,Nakano,2,5320
1318,5845.22716553288,5856.89976875433,Dylan Riley (Japan),Kick Retreat,Green,946408,13,H,3000,Japan,27652,Dylan,Riley,2,5320
1319,5845.22716553288,5856.89976875433,Halatoa Vailea (Japan),Kick Retreat,Green,946408,23,H,3000,Japan,30956,Halatoa,Vailea,2,5320
1320,5845.287177678,5856.89976875433,Yota Kamimori (Japan),Kick Retreat,Green,946408,1,H,3000,Japan,34494,Yota,Kamimori,2,5320
1321,5845.287177678,5856.89976875433,Mamoru Harada (Japan),Kick Retreat,Green,946408,2,H,3000,Japan,34483,Mamoru,Harada,2,5320
1322,5845.287177678,5856.89976875433,Shuhei Takeuchi (Japan),Kick Retreat,Green,946408,3,H,3000,Japan,37874,Shuhei,Takeuchi,2,5320
1323,5845.287177678,5856.89976875433,Epineri Uluiviti (Japan),Kick Retreat,Green,946408,4,H,3000,Japan,26154,Epineri,Uluiviti,2,5320
1324,5845.287177678,5856.89976875433,Warner Dearns (Japan),Kick Retreat,Green,946408,5,H,3000,Japan,40399,Warner,Dearns,2,5320
1325,5845.287177678,5856.89976875433,Michael Leitch (Japan),Kick Retreat,Green,946408,6,H,3000,Japan,11306,Michael,Leitch,2,5320
1326,5845.287177678,5856.89976875433,Jack Cornelsen (Japan),Kick Retreat,Green,946408,7,H,3000,Japan,23697,Jack,Cornelsen,2,5320
1327,5845.287177678,5856.89976875433,Amato Fakatava (Japan),Kick Retreat,Green,946408,8,H,3000,Japan,36500,Amato,Fakatava,2,5320
1328,5894.745238095238,5916.663263836,Yota Kamimori (Japan),Lineout Defence,Green,946408,1,H,3000,Japan,34494,Yota,Kamimori,2,5419
1329,5894.745238095238,5916.663263836,Shuhei Takeuchi (Japan),Lineout Defence,Green,946408,3,H,3000,Japan,37874,Shuhei,Takeuchi,2,5419
1330,5894.745238095238,5916.663263836,Epineri Uluiviti (Japan),Lineout Defence,Green,946408,4,H,3000,Japan,26154,Epineri,Uluiviti,2,5419
1331,5894.745238095238,5916.663263836,Warner Dearns (Japan),Lineout Defence,Green,946408,5,H,3000,Japan,40399,Warner,Dearns,2,5419
1332,5896.191193226,5916.576938302,Dewi Lake (Wales),Lineout Attack,Green,946408,2,A,500,Wales,29806,Dewi,Lake,2,5419
1333,5896.191193226,5916.576938302,Alex Mann (Wales),Lineout Attack,Green,946408,6,A,500,Wales,38683,Alex,Mann,2,5419
1334,5896.191193226,5916.576938302,Archie Griffin (Wales),Lineout Attack,Green,946408,18,A,500,Wales,36663,Archie,Griffin,2,5419
1335,5897.49933689,5916.576938302,James Ratti (Wales),Lineout Attack,Green,946408,19,A,500,Wales,24591,James,Ratti,2,5419
1336,5897.49933689,5916.576938302,Teddy Williams (Wales),Lineout Attack,Green,946408,5,A,500,Wales,33845,Teddy,Williams,2,5419
1337,5905.198260109993,5924.29996247436,Sam Costelow (Wales),Carry,Green,946408,10,A,500,Wales,33844,Sam,Costelow,2,5419
1338,5907.997643779335,5921.300107585018,Gareth Thomas (Wales),Ruck,Green,946408,17,A,500,Wales,19851,Gareth,Thomas,2,5424
1339,5908.117936507936,5917.550425765,Amato Fakatava (Japan),Tackle,Green,946408,8,H,3000,Japan,36500,Amato,Fakatava,2,5424
1340,5908.198116125324,5921.300107585018,Ben Thomas (Wales),Ruck,Red,946408,12,A,500,Wales,25826,Ben,Thomas,2,5424
1341,5913.898369897016,5935.400045956661,James Ratti (Wales),Carry,Green,946408,19,A,500,Wales,24591,James,Ratti,2,5431
1342,5914.997864944003,5934.599942961331,Archie Griffin (Wales),Ruck,Green,946408,18,A,500,Wales,36663,Archie,Griffin,2,5432
1343,5916.797934818334,5934.599942961331,Taulupe Faletau (Wales),Ruck,Red,946408,8,A,500,Wales,11029,Taulupe,Faletau,2,5432
1344,5917.498347124659,5934.599942961331,Gareth Thomas (Wales),Ruck,Green,946408,17,A,500,Wales,19851,Gareth,Thomas,2,5430
1345,5920.196869559317,5939.781081995,Dewi Lake (Wales),Kick Chase,Green,946408,2,A,500,Wales,29806,Dewi,Lake,2,5430
1346,5920.196869559317,5939.781081995,James Ratti (Wales),Kick Chase,Green,946408,19,A,500,Wales,24591,James,Ratti,2,5430
1347,5920.196869559317,5939.781081995,Teddy Williams (Wales),Kick Chase,Green,946408,5,A,500,Wales,33845,Teddy,Williams,2,5430
1348,5920.196869559317,5939.781081995,Alex Mann (Wales),Kick Chase,Green,946408,6,A,500,Wales,38683,Alex,Mann,2,5430
1349,5920.196869559317,5939.781081995,Josh MacLeod (Wales),Kick Chase,Green,946408,7,A,500,Wales,25019,Josh,MacLeod,2,5430
1350,5920.196869559317,5939.781081995,Taulupe Faletau (Wales),Kick Chase,Yellow,946408,8,A,500,Wales,11029,Taulupe,Faletau,2,5430
1351,5920.196869559317,5939.781081995,Gareth Thomas (Wales),Kick Chase,Green,946408,17,A,500,Wales,19851,Gareth,Thomas,2,5430
1352,5920.196869559317,5939.781081995,Archie Griffin (Wales),Kick Chase,Green,946408,18,A,500,Wales,36663,Archie,Griffin,2,5430
1353,5921.158251934,5939.781081995,Kieran Hardy (Wales),Kick Chase,Green,946408,9,A,500,Wales,22648,Kieran,Hardy,2,5430
1354,5921.158251934,5939.781081995,Josh Adams (Wales),Kick Chase,Green,946408,11,A,500,Wales,21514,Josh,Adams,2,5430
1355,5921.158251934,5939.781081995,Ben Thomas (Wales),Kick Chase,Green,946408,12,A,500,Wales,25826,Ben,Thomas,2,5430
1356,5921.158251934,5939.781081995,Johnny Williams (Wales),Kick Chase,Green,946408,13,A,500,Wales,22036,Johnny,Williams,2,5430
1357,5921.64503817,5931.907665491,Jack Cornelsen (Japan),Charge Down,Green,946408,7,H,3000,Japan,23697,Jack,Cornelsen,2,5430
1358,5922.377664399093,5940.197735485,Yota Kamimori (Japan),Kick Retreat,Green,946408,1,H,3000,Japan,34494,Yota,Kamimori,2,5442
1359,5922.377664399093,5940.197735485,Mamoru Harada (Japan),Kick Retreat,Green,946408,2,H,3000,Japan,34483,Mamoru,Harada,2,5442
1360,5922.377664399093,5940.197735485,Shuhei Takeuchi (Japan),Kick Retreat,Green,946408,3,H,3000,Japan,37874,Shuhei,Takeuchi,2,5442
1361,5922.377664399093,5940.197735485,Epineri Uluiviti (Japan),Kick Retreat,Green,946408,4,H,3000,Japan,26154,Epineri,Uluiviti,2,5442
1362,5922.377664399093,5940.197735485,Warner Dearns (Japan),Kick Retreat,Green,946408,5,H,3000,Japan,40399,Warner,Dearns,2,5442
1363,5922.377664399093,5940.197735485,Michael Leitch (Japan),Kick Retreat,Green,946408,6,H,3000,Japan,11306,Michael,Leitch,2,5442
1364,5922.377664399093,5940.197735485,Jack Cornelsen (Japan),Kick Retreat,Green,946408,7,H,3000,Japan,23697,Jack,Cornelsen,2,5442
1365,5922.377664399093,5940.197735485,Amato Fakatava (Japan),Kick Retreat,Green,946408,8,H,3000,Japan,36500,Amato,Fakatava,2,5442
1366,5922.377664399093,5940.197735485,Shinobu Fujiwara (Japan),Kick Retreat,Green,946408,9,H,3000,Japan,30969,Shinobu,Fujiwara,2,5442
1367,5922.377664399093,5940.197735485,Seungsin Lee (Japan),Kick Retreat,Green,946408,10,H,3000,Japan,37841,Seungsin,Lee,2,5442
1368,5922.377664399093,5940.197735485,Shogo Nakano (Japan),Kick Retreat,Green,946408,12,H,3000,Japan,36750,Shogo,Nakano,2,5442
1369,5922.377664399093,5940.197735485,Dylan Riley (Japan),Kick Retreat,Green,946408,13,H,3000,Japan,27652,Dylan,Riley,2,5442
1370,5923.483424036282,5940.197735485,Kippei Ishida (Japan),Kick Retreat,Green,946408,14,H,3000,Japan,34036,Kippei,Ishida,2,5442
1371,5927.071194865,5942.154920634921,Tom Rogers (Wales),Kick Chase,Gold,946408,14,A,500,Wales,29598,Tom,Rogers,2,5444
1372,5931.297239961321,5953.899979208012,Josh MacLeod (Wales),Carry,Red,946408,7,A,500,Wales,25019,Josh,MacLeod,2,5448
1373,5932.648253968254,5948.798112296667,Shinobu Fujiwara (Japan),Turnover Defence,Gold,946408,9,H,3000,Japan,30969,Shinobu,Fujiwara,2,5450
1374,5932.898779271662,5950.499957863657,Alex Mann (Wales),Ruck,Red,946408,6,A,500,Wales,38683,Alex,Mann,2,5450
1375,5933.316326530612,5945.119799558,Halatoa Vailea (Japan),Jackler,Green,946408,23,H,3000,Japan,30956,Halatoa,Vailea,2,5450
1376,5933.597694199342,5950.499957863657,Gareth Thomas (Wales),Ruck,Yellow,946408,17,A,500,Wales,19851,Gareth,Thomas,2,5450
1377,5937.068072562358,5944.872030843,Seungsin Lee (Japan),Tackle,Green,946408,10,H,3000,Japan,37841,Seungsin,Lee,2,5452
1378,5938.112562358277,5945.819208719,Mamoru Harada (Japan),Tackle,Red,946408,2,H,3000,Japan,34483,Mamoru,Harada,2,5452
1379,5938.437212632,5957.19234541,Yota Kamimori (Japan),Kick Retreat,Green,946408,1,H,3000,Japan,34494,Yota,Kamimori,2,5452
1380,5938.437212632,5957.19234541,Mamoru Harada (Japan),Kick Retreat,Green,946408,2,H,3000,Japan,34483,Mamoru,Harada,2,5452
1381,5938.437212632,5957.19234541,Shuhei Takeuchi (Japan),Kick Retreat,Yellow,946408,3,H,3000,Japan,37874,Shuhei,Takeuchi,2,5452
1382,5938.437212632,5957.19234541,Epineri Uluiviti (Japan),Kick Retreat,Yellow,946408,4,H,3000,Japan,26154,Epineri,Uluiviti,2,5452
1383,5938.437212632,5957.19234541,Warner Dearns (Japan),Kick Retreat,Green,946408,5,H,3000,Japan,40399,Warner,Dearns,2,5452
1384,5938.437212632,5957.19234541,Michael Leitch (Japan),Kick Retreat,Yellow,946408,6,H,3000,Japan,11306,Michael,Leitch,2,5452
1385,5938.437212632,5957.19234541,Jack Cornelsen (Japan),Kick Retreat,Green,946408,7,H,3000,Japan,23697,Jack,Cornelsen,2,5452
1386,5938.437212632,5957.19234541,Amato Fakatava (Japan),Kick Retreat,Green,946408,8,H,3000,Japan,36500,Amato,Fakatava,2,5452
1387,5938.437212632,5957.19234541,Shinobu Fujiwara (Japan),Kick Retreat,Green,946408,9,H,3000,Japan,30969,Shinobu,Fujiwara,2,5452
1388,5938.437212632,5957.19234541,Seungsin Lee (Japan),Kick Retreat,Green,946408,10,H,3000,Japan,37841,Seungsin,Lee,2,5452
1389,5938.741199345,5949.391111684,Dewi Lake (Wales),Kick Chase,Green,946408,2,A,500,Wales,29806,Dewi,Lake,2,5452
1390,5938.741199345,5949.391111684,James Ratti (Wales),Kick Chase,Green,946408,19,A,500,Wales,24591,James,Ratti,2,5452
1391,5938.741199345,5949.391111684,Teddy Williams (Wales),Kick Chase,Green,946408,5,A,500,Wales,33845,Teddy,Williams,2,5452
1392,5938.741199345,5949.391111684,Alex Mann (Wales),Kick Chase,Yellow,946408,6,A,500,Wales,38683,Alex,Mann,2,5452
1393,5938.741199345,5949.391111684,Taulupe Faletau (Wales),Kick Chase,Green,946408,8,A,500,Wales,11029,Taulupe,Faletau,2,5452
1394,5938.741199345,5949.391111684,Kieran Hardy (Wales),Kick Chase,Green,946408,9,A,500,Wales,22648,Kieran,Hardy,2,5452
1395,5938.741199345,5949.391111684,Gareth Thomas (Wales),Kick Chase,Green,946408,17,A,500,Wales,19851,Gareth,Thomas,2,5452
1396,5938.741199345,5949.391111684,Archie Griffin (Wales),Kick Chase,Green,946408,18,A,500,Wales,36663,Archie,Griffin,2,5452
1397,5938.920233738,5957.19234541,Shogo Nakano (Japan),Kick Retreat,Yellow,946408,12,H,3000,Japan,36750,Shogo,Nakano,2,5458
1398,5938.920233738,5957.19234541,Dylan Riley (Japan),Kick Retreat,Yellow,946408,13,H,3000,Japan,27652,Dylan,Riley,2,5458
1399,5938.920233738,5957.19234541,Kippei Ishida (Japan),Kick Retreat,Green,946408,14,H,3000,Japan,34036,Kippei,Ishida,2,5458
1400,5938.920233738,5957.19234541,Ichigo Nakakusu (Japan),Kick Retreat,Green,946408,22,H,3000,Japan,61472,Ichigo,Nakakusu,2,5458
1401,5939.112996885,5949.391111684,Sam Costelow (Wales),Kick Chase,Green,946408,10,A,500,Wales,33844,Sam,Costelow,2,5458
1402,5939.112996885,5949.391111684,Ben Thomas (Wales),Kick Chase,Yellow,946408,12,A,500,Wales,25826,Ben,Thomas,2,5458
1403,5939.112996885,5949.391111684,Johnny Williams (Wales),Kick Chase,Yellow,946408,13,A,500,Wales,22036,Johnny,Williams,2,5458
1404,5939.112996885,5949.391111684,Tom Rogers (Wales),Kick Chase,Green,946408,14,A,500,Wales,29598,Tom,Rogers,2,5458
1405,5943.19899116232,5955.700005896986,Sam Costelow (Wales),Tackle,Green,946408,10,A,500,Wales,33844,Sam,Costelow,2,5459
1406,5946.082097769,5958.899908088973,Alex Mann (Wales),Phase Defence,Red,946408,6,A,500,Wales,38683,Alex,Mann,2,5503
1407,5946.082097769,5958.899908088973,Josh MacLeod (Wales),Phase Defence,Red,946408,7,A,500,Wales,25019,Josh,MacLeod,2,5503
1408,5946.082097769,5958.899908088973,Ben Thomas (Wales),Phase Defence,Red,946408,12,A,500,Wales,25826,Ben,Thomas,2,5503
1409,5946.082097769,5958.899908088973,Gareth Thomas (Wales),Phase Defence,Red,946408,17,A,500,Wales,19851,Gareth,Thomas,2,5503
1410,5946.098410020665,5965.999885155999,Tom Rogers (Wales),Tackle,Green,946408,14,A,500,Wales,29598,Tom,Rogers,2,5503
1411,5946.398301701326,5970.599916420988,Taulupe Faletau (Wales),Tackle,Red,946408,8,A,500,Wales,11029,Taulupe,Faletau,2,5503
1412,5946.798290807339,5966.499888826317,Dewi Lake (Wales),Jackler,Red,946408,2,A,500,Wales,29806,Dewi,Lake,2,5504
1413,5949.0984753806515,5966.499888826317,Teddy Williams (Wales),Jackler,Red,946408,5,A,500,Wales,33845,Teddy,Williams,2,5507
1414,5955.398084603669,5972.199932482651,Archie Griffin (Wales),Tackle,Red,946408,18,A,500,Wales,36663,Archie,Griffin,2,5513
1415,5955.49814443167,5970.899917217653,Gareth Thomas (Wales),Tackle,Red,946408,17,A,500,Wales,19851,Gareth,Thomas,2,5513
1416,5956.758775510204,5965.370267079,Amato Fakatava (Japan),Ruck,Red,946408,8,H,3000,Japan,36500,Amato,Fakatava,2,5512
1417,5956.8737188208615,5961.8737188208615,Warner Dearns (Japan),Ruck,Red,946408,5,H,3000,Japan,40399,Warner,Dearns,2,5512
1418,5959.299103993004,5968.997239504663,Halatoa Vailea (Japan),Carry,Red,946408,23,H,3000,Japan,30956,Halatoa,Vailea,2,5512
1419,6003.255771269,6017.599919977337,Yota Kamimori (Japan),Lineout Attack,Green,946408,1,H,3000,Japan,34494,Yota,Kamimori,2,5601
1420,6003.255771269,6017.599919977337,Shuhei Takeuchi (Japan),Lineout Attack,Green,946408,3,H,3000,Japan,37874,Shuhei,Takeuchi,2,5601
1421,6003.255771269,6017.599919977337,Warner Dearns (Japan),Lineout Attack,Green,946408,5,H,3000,Japan,40399,Warner,Dearns,2,5601
1422,6003.255771269,6017.599919977337,Jack Cornelsen (Japan),Lineout Attack,Green,946408,7,H,3000,Japan,23697,Jack,Cornelsen,2,5601
1423,6003.255771269,6017.599919977337,Waisake Raratubua (Japan),Lineout Attack,Green,946408,19,H,3000,Japan,30796,Waisake,Raratubua,2,5601
1424,6003.515600784,6019.399937472362,Dewi Lake (Wales),Lineout Defence,Green,946408,2,A,500,Wales,29806,Dewi,Lake,2,5601
1425,6003.515600784,6019.399937472362,Teddy Williams (Wales),Lineout Defence,Red,946408,5,A,500,Wales,33845,Teddy,Williams,2,5601
1426,6003.515600784,6019.399937472362,Alex Mann (Wales),Lineout Defence,Green,946408,6,A,500,Wales,38683,Alex,Mann,2,5601
1427,6003.515600784,6019.399937472362,Archie Griffin (Wales),Lineout Defence,Green,946408,18,A,500,Wales,36663,Archie,Griffin,2,5601
1428,6006.411017635,6019.399937472362,Gareth Thomas (Wales),Lineout Defence,Green,946408,17,A,500,Wales,19851,Gareth,Thomas,2,5603
1429,6007.068252532,6019.399937472362,James Ratti (Wales),Lineout Defence,Green,946408,19,A,500,Wales,24591,James,Ratti,2,5604
1430,6012.198512132999,6018.8000897163265,Johnny Williams (Wales),Tackle,Green,946408,13,A,500,Wales,22036,Johnny,Williams,2,5609
1431,6012.297700048648,6026.600095049016,Ben Thomas (Wales),Tackle,Yellow,946408,12,A,500,Wales,25826,Ben,Thomas,2,5609
1432,6013.9986958423215,6024.800067050672,Johnny Williams (Wales),Jackler,Green,946408,13,A,500,Wales,22036,Johnny,Williams,2,5611
1433,6015.290437858,6021.099845361356,Dewi Lake (Wales),Phase Defence,Red,946408,2,A,500,Wales,29806,Dewi,Lake,2,5612
1434,6015.290437858,6021.099845361356,James Ratti (Wales),Phase Defence,Red,946408,19,A,500,Wales,24591,James,Ratti,2,5612
1435,6015.290437858,6021.099845361356,Teddy Williams (Wales),Phase Defence,Red,946408,5,A,500,Wales,33845,Teddy,Williams,2,5612
1436,6015.290437858,6021.099845361356,Josh MacLeod (Wales),Phase Defence,Red,946408,7,A,500,Wales,25019,Josh,MacLeod,2,5612
1437,6015.290437858,6021.099845361356,Taulupe Faletau (Wales),Phase Defence,Red,946408,8,A,500,Wales,11029,Taulupe,Faletau,2,5612
1438,6015.290437858,6021.099845361356,Gareth Thomas (Wales),Phase Defence,Red,946408,17,A,500,Wales,19851,Gareth,Thomas,2,5612
1439,6017.598224696979,6028.400013445986,Teddy Williams (Wales),Tackle,Green,946408,5,A,500,Wales,33845,Teddy,Williams,2,5615
1440,6017.598724562992,6024.699951230685,Josh MacLeod (Wales),Tackle,Green,946408,7,A,500,Wales,25019,Josh,MacLeod,2,5615
1441,6017.619468449,6024.966315536,Dylan Riley (Japan),Ruck,Yellow,946408,13,H,3000,Japan,27652,Dylan,Riley,2,5615
1442,6019.966315536,6024.966315536,Shogo Nakano (Japan),Carry,Green,946408,12,H,3000,Japan,36750,Shogo,Nakano,2,5618
1443,6238.757775023,6265.380941395,James Ratti (Wales),Lineout Defence,Green,946408,19,A,500,Wales,24591,James,Ratti,2,5718
1444,6238.757775023,6265.380941395,Teddy Williams (Wales),Lineout Defence,Green,946408,5,A,500,Wales,33845,Teddy,Williams,2,5718
1445,6238.757775023,6265.380941395,Alex Mann (Wales),Lineout Defence,Green,946408,6,A,500,Wales,38683,Alex,Mann,2,5718
1446,6238.757775023,6265.380941395,Gareth Thomas (Wales),Lineout Defence,Green,946408,17,A,500,Wales,19851,Gareth,Thomas,2,5718
1447,6238.757775023,6265.380941395,Archie Griffin (Wales),Lineout Defence,Green,946408,18,A,500,Wales,36663,Archie,Griffin,2,5718
1448,6238.757775023,6265.380941395,Aaron Wainwright (Wales),Lineout Defence,Green,946408,20,A,500,Wales,29440,Aaron,Wainwright,2,5718
1449,6238.757775023,6265.380941395,Tommy Reffell (Wales),Lineout Defence,Green,946408,21,A,500,Wales,25969,Tommy,Reffell,2,5718
1450,6252.154486181,6264.927834036,Yota Kamimori (Japan),Lineout Attack,Green,946408,1,H,3000,Japan,34494,Yota,Kamimori,2,5720
1451,6252.154486181,6264.927834036,Shuhei Takeuchi (Japan),Lineout Attack,Green,946408,3,H,3000,Japan,37874,Shuhei,Takeuchi,2,5720
1452,6252.154486181,6264.927834036,Warner Dearns (Japan),Lineout Attack,Green,946408,5,H,3000,Japan,40399,Warner,Dearns,2,5720
1453,6252.154486181,6264.927834036,Michael Leitch (Japan),Lineout Attack,Green,946408,6,H,3000,Japan,11306,Michael,Leitch,2,5720
1454,6252.154486181,6264.927834036,Jack Cornelsen (Japan),Lineout Attack,Green,946408,7,H,3000,Japan,23697,Jack,Cornelsen,2,5720
1455,6252.154486181,6264.927834036,Waisake Raratubua (Japan),Lineout Attack,Green,946408,19,H,3000,Japan,30796,Waisake,Raratubua,2,5720
1456,6252.154486181,6264.927834036,Ben Gunter (Japan),Lineout Attack,Green,946408,20,H,3000,Japan,26283,Ben,Gunter,2,5720
1457,6252.299061797649,6285.96306122449,Mamoru Harada (Japan),Lineout Attack,Gold,946408,2,H,3000,Japan,34483,Mamoru,Harada,2,5720
1458,6255.798417295975,6268.000110306672,Ben Thomas (Wales),Tackle,Green,946408,12,A,500,Wales,25826,Ben,Thomas,2,5725
1459,6256.797662260001,6268.399929896016,Johnny Williams (Wales),Tackle,Green,946408,13,A,500,Wales,22036,Johnny,Williams,2,5726
1460,6258.498531921978,6266.699942504343,Sam Costelow (Wales),Phase Defence,Red,946408,10,A,500,Wales,33844,Sam,Costelow,2,5727
1461,6258.692225792328,6264.155747794,Dylan Riley (Japan),Ruck,Green,946408,13,H,3000,Japan,27652,Dylan,Riley,2,5727
1462,6259.481450667991,6266.736281528,Kippei Ishida (Japan),Ruck,Green,946408,14,H,3000,Japan,34036,Kippei,Ishida,2,5728
1463,6259.790582017,6265.800090839,Shuhei Takeuchi (Japan),Ruck,Green,946408,3,H,3000,Japan,37874,Shuhei,Takeuchi,2,5729
1464,6260.397173169681,6269.500047794999,Sam Costelow (Wales),Tackle,Green,946408,10,A,500,Wales,33844,Sam,Costelow,2,5729
1465,6261.1980266893215,6267.100069967359,Tommy Reffell (Wales),Tackle,Green,946408,21,A,500,Wales,25969,Tommy,Reffell,2,5730
1466,6262.4990456760015,6274.400009916008,Tommy Reffell (Wales),Jackler,Green,946408,21,A,500,Wales,25969,Tommy,Reffell,2,5731
1467,6262.998628980311,6281.699895792335,Gareth Thomas (Wales),Tackle,Red,946408,17,A,500,Wales,19851,Gareth,Thomas,2,5731
1468,6263.056234898,6268.056234898,Shogo Nakano (Japan),Carry,Green,946408,12,H,3000,Japan,36750,Shogo,Nakano,2,5731
1469,6263.914040477,6269.752290766,Shuhei Takeuchi (Japan),Ruck,Green,946408,3,H,3000,Japan,37874,Shuhei,Takeuchi,2,5733
1470,6264.427959183674,6270.998150468653,Waisake Raratubua (Japan),Carry,Green,946408,19,H,3000,Japan,30796,Waisake,Raratubua,2,5733
1471,6264.898571813664,6281.699895792335,Aaron Wainwright (Wales),Tackle,Green,946408,20,A,500,Wales,29440,Aaron,Wainwright,2,5734
1472,6265.456671177,6272.46070082,Jack Cornelsen (Japan),Ruck,Green,946408,7,H,3000,Japan,23697,Jack,Cornelsen,2,5734
1473,6267.46070082,6272.46070082,Mamoru Harada (Japan),Carry,Green,946408,2,H,3000,Japan,34483,Mamoru,Harada,2,5737
1474,6267.46070082,6272.46070082,Ben Gunter (Japan),Ruck,Green,946408,20,H,3000,Japan,26283,Ben,Gunter,2,5737
1475,6267.612783283,6271.599967200336,Ben Thomas (Wales),Phase Defence,Red,946408,12,A,500,Wales,25826,Ben,Thomas,2,5737
1476,6267.612783283,6271.599967200336,Tom Rogers (Wales),Phase Defence,Red,946408,14,A,500,Wales,29598,Tom,Rogers,2,5737
1477,6269.297554949299,6280.700114518994,Ben Thomas (Wales),Tackle,Green,946408,12,A,500,Wales,25826,Ben,Thomas,2,5738
1478,6269.999365142983,6283.9999398933505,Alex Mann (Wales),Tackle,Green,946408,6,A,500,Wales,38683,Alex,Mann,2,5739
1479,6270.309562007,6276.38551711,Yota Kamimori (Japan),Ruck,Green,946408,1,H,3000,Japan,34494,Yota,Kamimori,2,5739
1480,6271.38551711,6277.781332692,Warner Dearns (Japan),Ruck,Red,946408,5,H,3000,Japan,40399,Warner,Dearns,2,5740
1481,6272.816009070295,6277.816009070295,Ichigo Nakakusu (Japan),Ruck,Green,946408,22,H,3000,Japan,61472,Ichigo,Nakakusu,2,5741
1482,6273.397806832658,6289.300054100653,Ben Thomas (Wales),Tackle,Green,946408,12,A,500,Wales,25826,Ben,Thomas,2,5743
1483,6273.897917074672,6289.300054100653,Archie Griffin (Wales),Tackle,Green,946408,18,A,500,Wales,36663,Archie,Griffin,2,5743
1484,6274.401614774,6279.401614774,Kippei Ishida (Japan),Ruck,Green,946408,14,H,3000,Japan,34036,Kippei,Ishida,2,5743
1485,6276.19903886,6281.19903886,Seungsin Lee (Japan),Carry,Green,946408,10,H,3000,Japan,37841,Seungsin,Lee,2,5745
1486,6276.698278824312,6289.300054100653,Teddy Williams (Wales),Tackle,Green,946408,5,A,500,Wales,33845,Teddy,Williams,2,5745
1487,6277.383197278911,6286.566873703,Shuhei Takeuchi (Japan),Carry,Green,946408,3,H,3000,Japan,37874,Shuhei,Takeuchi,2,5747
1488,6277.598418996653,6300.600076677332,Gareth Thomas (Wales),Tackle,Green,946408,17,A,500,Wales,19851,Gareth,Thomas,2,5747
1489,6278.575705789,6288.958002096,Kippei Ishida (Japan),Ruck,Green,946408,14,H,3000,Japan,34036,Kippei,Ishida,2,5747
1490,6278.9988565566655,6300.600076677332,Dewi Lake (Wales),Tackle,Red,946408,2,A,500,Wales,29806,Dewi,Lake,2,5748
1491,6279.498031806992,6300.600076677332,Teddy Williams (Wales),Tackle,Green,946408,5,A,500,Wales,33845,Teddy,Williams,2,5748
1492,6279.5434467120185,6286.547917763,Shinobu Fujiwara (Japan),Ruck,Yellow,946408,9,H,3000,Japan,30969,Shinobu,Fujiwara,2,5748
1493,6283.353563975,6289.261435584,Waisake Raratubua (Japan),Ruck,Green,946408,19,H,3000,Japan,30796,Waisake,Raratubua,2,5753
1494,6284.097724759657,6307.099957203654,Alex Mann (Wales),Jackler,Yellow,946408,6,A,500,Wales,38683,Alex,Mann,2,5753
1495,6284.099259639327,6294.700063348353,Tommy Reffell (Wales),Tackle,Green,946408,21,A,500,Wales,25969,Tommy,Reffell,2,5753
1496,6284.932405783,6289.932405783,Mamoru Harada (Japan),Ruck,Green,946408,2,H,3000,Japan,34483,Mamoru,Harada,2,5754
1497,6286.41309011,6291.41309011,Yota Kamimori (Japan),Ruck,Green,946408,1,H,3000,Japan,34494,Yota,Kamimori,2,5754
1498,6287.13349897,6293.842605293,Ben Gunter (Japan),Carry,Green,946408,20,H,3000,Japan,26283,Ben,Gunter,2,5754
1499,6291.801904761905,6306.90077929966,Jack Cornelsen (Japan),Ruck,Red,946408,7,H,3000,Japan,23697,Jack,Cornelsen,2,5801
1500,6292.297899448312,6310.399912191004,James Ratti (Wales),Tackle,Green,946408,19,A,500,Wales,24591,James,Ratti,2,5801
1501,6293.636734693878,6298.636734693878,Warner Dearns (Japan),Carry,Red,946408,5,H,3000,Japan,40399,Warner,Dearns,2,5802
1502,6293.7065986394555,6307.999683931324,Shuhei Takeuchi (Japan),Ruck,Green,946408,3,H,3000,Japan,37874,Shuhei,Takeuchi,2,5802
1503,6293.888888264,6301.284364905,Waisake Raratubua (Japan),Ruck,Yellow,946408,19,H,3000,Japan,30796,Waisake,Raratubua,2,5802
1504,6294.098543657335,6310.399912191004,Johnny Williams (Wales),Tackle,Yellow,946408,13,A,500,Wales,22036,Johnny,Williams,2,5802
1505,6297.197713616979,6311.899903874645,Tommy Reffell (Wales),Tackle,Green,946408,21,A,500,Wales,25969,Tommy,Reffell,2,5804
1506,6298.297890208668,6309.099921691315,Gareth Thomas (Wales),Tackle,Green,946408,17,A,500,Wales,19851,Gareth,Thomas,2,5807
1507,6298.443967749,6305.278536178,Mamoru Harada (Japan),Ruck,Green,946408,2,H,3000,Japan,34483,Mamoru,Harada,2,5807
1508,6299.379977324263,6304.379977324263,Shogo Nakano (Japan),Ruck,Green,946408,12,H,3000,Japan,36750,Shogo,Nakano,2,5808
1509,6300.278536178,6306.720767987,Michael Leitch (Japan),Carry,Green,946408,6,H,3000,Japan,11306,Michael,Leitch,2,5809
1510,6300.297580897337,6314.399977380008,Teddy Williams (Wales),Tackle,Green,946408,5,A,500,Wales,33845,Teddy,Williams,2,5809
1511,6301.05416867,6309.128222312,Yota Kamimori (Japan),Ruck,Green,946408,1,H,3000,Japan,34494,Yota,Kamimori,2,5809
1512,6301.888616780046,6309.356227939,Halatoa Vailea (Japan),Carry,Green,946408,23,H,3000,Japan,30956,Halatoa,Vailea,2,5812
1513,6302.297839563681,6314.399977380008,Dewi Lake (Wales),Tackle,Green,946408,2,A,500,Wales,29806,Dewi,Lake,2,5812
1514,6304.128222312,6309.128222312,Seungsin Lee (Japan),Ruck,Green,946408,10,H,3000,Japan,37841,Seungsin,Lee,2,5813
1515,6304.922517006803,6326.09758224533,Ichigo Nakakusu (Japan),Linebreak Attack,Gold,946408,22,H,3000,Japan,61472,Ichigo,Nakakusu,2,5813
1516,6305.19717913598,6322.900031282343,Dewi Lake (Wales),Tackle,Green,946408,2,A,500,Wales,29806,Dewi,Lake,2,5813
1517,6308.61693877551,6313.61693877551,Yota Kamimori (Japan),Ruck,Green,946408,1,H,3000,Japan,34494,Yota,Kamimori,2,5814
1518,6309.3851703,6316.347572035,Mamoru Harada (Japan),Carry,Green,946408,2,H,3000,Japan,34483,Mamoru,Harada,2,5817
1519,6310.498501047003,6327.300055287669,Alex Mann (Wales),Tackle,Red,946408,6,A,500,Wales,38683,Alex,Mann,2,5819
1520,6311.347572035,6317.488275471,Halatoa Vailea (Japan),Ruck,Green,946408,23,H,3000,Japan,30956,Halatoa,Vailea,2,5820
1521,6311.544915595,6318.401830241,Shuhei Takeuchi (Japan),Ruck,Green,946408,3,H,3000,Japan,37874,Shuhei,Takeuchi,2,5820
1522,6311.69864959367,6327.300055287669,Ben Thomas (Wales),Tackle,Red,946408,12,A,500,Wales,25826,Ben,Thomas,2,5821
1523,6311.78271336,6316.78271336,Yota Kamimori (Japan),Ruck,Green,946408,1,H,3000,Japan,34494,Yota,Kamimori,2,5821
1524,6313.756952186,6318.756952186,Michael Leitch (Japan),Carry,Green,946408,6,H,3000,Japan,11306,Michael,Leitch,2,5823
1525,6315.34258164,6322.730885881,Warner Dearns (Japan),Ruck,Red,946408,5,H,3000,Japan,40399,Warner,Dearns,2,5824
1526,6315.49766430435,6326.099858164351,Johnny Williams (Wales),Tackle,Red,946408,13,A,500,Wales,22036,Johnny,Williams,2,5824
1527,6315.630861678004,6324.180014675,Waisake Raratubua (Japan),Carry,Red,946408,19,H,3000,Japan,30796,Waisake,Raratubua,2,5824
1528,6316.619455782313,6324.201608369,Ben Gunter (Japan),Ruck,Yellow,946408,20,H,3000,Japan,26283,Ben,Gunter,2,5825
1529,6418.298155590665,6433.100000926346,Tom Rogers (Wales),Tackle,Green,946408,14,A,500,Wales,29598,Tom,Rogers,2,6007
1530,6422.498152924002,6433.100000926346,Tommy Reffell (Wales),Tackle,Green,946408,21,A,500,Wales,25969,Tommy,Reffell,2,6010
1531,6474.087818427,6488.025888193,Archie Griffin (Wales),Lineout Defence,Green,946408,18,A,500,Wales,36663,Archie,Griffin,2,6102
1532,6474.208227284,6488.583390063,Yota Kamimori (Japan),Lineout Attack,Green,946408,1,H,3000,Japan,34494,Yota,Kamimori,2,6102
1533,6474.208227284,6488.583390063,Mamoru Harada (Japan),Lineout Attack,Green,946408,2,H,3000,Japan,34483,Mamoru,Harada,2,6102
1534,6474.208227284,6488.583390063,Shuhei Takeuchi (Japan),Lineout Attack,Green,946408,3,H,3000,Japan,37874,Shuhei,Takeuchi,2,6102
1535,6474.208227284,6488.583390063,Warner Dearns (Japan),Lineout Attack,Green,946408,5,H,3000,Japan,40399,Warner,Dearns,2,6102
1536,6474.208227284,6488.583390063,Jack Cornelsen (Japan),Lineout Attack,Yellow,946408,7,H,3000,Japan,23697,Jack,Cornelsen,2,6102
1537,6474.208227284,6488.583390063,Waisake Raratubua (Japan),Lineout Attack,Green,946408,19,H,3000,Japan,30796,Waisake,Raratubua,2,6102
1538,6475.254104502,6488.025888193,James Ratti (Wales),Lineout Defence,Green,946408,19,A,500,Wales,24591,James,Ratti,2,6104
1539,6475.254104502,6488.025888193,Alex Mann (Wales),Lineout Defence,Green,946408,6,A,500,Wales,38683,Alex,Mann,2,6104
1540,6475.254104502,6488.025888193,Gareth Thomas (Wales),Lineout Defence,Green,946408,17,A,500,Wales,19851,Gareth,Thomas,2,6104
1541,6475.600695774,6488.025888193,Teddy Williams (Wales),Lineout Defence,Yellow,946408,5,A,500,Wales,33845,Teddy,Williams,2,6104
1542,6478.8987536056575,6494.100232069338,Sam Costelow (Wales),Tackle,Green,946408,10,A,500,Wales,33844,Sam,Costelow,2,6108
1543,6479.298850937651,6494.100232069338,Ben Thomas (Wales),Tackle,Green,946408,12,A,500,Wales,25826,Ben,Thomas,2,6108
1544,6479.498833147649,6492.599909606687,Tommy Reffell (Wales),Tackle,Green,946408,21,A,500,Wales,25969,Tommy,Reffell,2,6108
1545,6480.495881434973,6488.7999620183355,Tommy Reffell (Wales),Phase Defence,Red,946408,21,A,500,Wales,25969,Tommy,Reffell,2,6110
1546,6483.997920468978,6506.799901513657,Alex Mann (Wales),Tackle,Yellow,946408,6,A,500,Wales,38683,Alex,Mann,2,6113
1547,6484.652507241,6490.965759817,Michael Leitch (Japan),Ruck,Green,946408,6,H,3000,Japan,11306,Michael,Leitch,2,6113
1548,6484.698652985323,6498.5003763863215,James Ratti (Wales),Jackler,Green,946408,19,A,500,Wales,24591,James,Ratti,2,6113
1549,6486.544238949,6491.544238949,Ben Gunter (Japan),Carry,Green,946408,20,H,3000,Japan,26283,Ben,Gunter,2,6115
1550,6488.746303854875,6494.52224601,Shuhei Takeuchi (Japan),Ruck,Green,946408,3,H,3000,Japan,37874,Shuhei,Takeuchi,2,6117
1551,6489.269297526,6498.038957965,Warner Dearns (Japan),Ruck,Red,946408,5,H,3000,Japan,40399,Warner,Dearns,2,6119
1552,6489.398440856317,6495.70056950665,Tommy Reffell (Wales),Tackle,Green,946408,21,A,500,Wales,25969,Tommy,Reffell,2,6119
1553,6489.698153932655,6500.700081640656,Dewi Lake (Wales),Tackle,Green,946408,2,A,500,Wales,29806,Dewi,Lake,2,6119
1554,6490.366258503402,6500.649631536,Yota Kamimori (Japan),Ruck,Green,946408,1,H,3000,Japan,34494,Yota,Kamimori,2,6119
1555,6491.098553715668,6504.899973468676,Tommy Reffell (Wales),Jackler,Yellow,946408,21,A,500,Wales,25969,Tommy,Reffell,2,6120
1556,6491.587414965987,6504.071182682,Waisake Raratubua (Japan),Carry,Red,946408,19,H,3000,Japan,30796,Waisake,Raratubua,2,6121
1557,6494.777823129251,6502.448136883,Ben Gunter (Japan),Ruck,Green,946408,20,H,3000,Japan,26283,Ben,Gunter,2,6123
1558,6495.5541950113375,6503.654458788,Shuhei Takeuchi (Japan),Ruck,Green,946408,3,H,3000,Japan,37874,Shuhei,Takeuchi,2,6125
1559,6495.89805614365,6513.099971127002,Dewi Lake (Wales),Tackle,Red,946408,2,A,500,Wales,29806,Dewi,Lake,2,6125
1560,6496.391587301588,6501.391587301588,Shinobu Fujiwara (Japan),Carry,Green,946408,9,H,3000,Japan,30969,Shinobu,Fujiwara,2,6125
1561,6499.290181405896,6504.290181405896,Michael Leitch (Japan),Carry,Red,946408,6,H,3000,Japan,11306,Michael,Leitch,2,6127
1562,6500.341931263,6508.440962667,Shuhei Takeuchi (Japan),Ruck,Red,946408,3,H,3000,Japan,37874,Shuhei,Takeuchi,2,6130
1563,6502.041995464852,6507.041995464852,Ben Gunter (Japan),Ruck,Green,946408,20,H,3000,Japan,26283,Ben,Gunter,2,6131
1564,6504.698423240303,6516.399980930652,Josh Adams (Wales),Tackle,Green,946408,11,A,500,Wales,21514,Josh,Adams,2,6132
1565,6508.198420474995,6520.100038100003,Blair Murray (Wales),Tackle,Red,946408,15,A,500,Wales,32980,Blair,Murray,2,6137
1566,6508.797922467642,6514.899967557667,Johnny Williams (Wales),Tackle,Green,946408,13,A,500,Wales,22036,Johnny,Williams,2,6137
1567,6509.298379645637,6520.299970186998,Dewi Lake (Wales),Phase Defence,Red,946408,2,A,500,Wales,29806,Dewi,Lake,2,6138
1568,6509.898316186971,6520.299970186998,Teddy Williams (Wales),Phase Defence,Red,946408,5,A,500,Wales,33845,Teddy,Williams,2,6138
1569,6510.198724349333,6523.899995937987,Johnny Williams (Wales),Jackler,Green,946408,13,A,500,Wales,22036,Johnny,Williams,2,6138
1570,6513.753083900227,6526.696295558,Ichigo Nakakusu (Japan),Ruck,Green,946408,22,H,3000,Japan,61472,Ichigo,Nakakusu,2,6143
1571,6513.798639375352,6526.899973412669,Aaron Wainwright (Wales),Tackle,Green,946408,20,A,500,Wales,29440,Aaron,Wainwright,2,6143
1572,6513.810402833,6521.52458033,Dylan Riley (Japan),Ruck,Red,946408,13,H,3000,Japan,27652,Dylan,Riley,2,6143
1573,6514.4596145124715,6536.448801228,Kippei Ishida (Japan),Carry,Gold,946408,14,H,3000,Japan,34036,Kippei,Ishida,2,6143
1574,6514.698525375672,6526.899973412669,Gareth Thomas (Wales),Tackle,Green,946408,17,A,500,Wales,19851,Gareth,Thomas,2,6143
1575,6515.635783503,6526.738378398,Shogo Nakano (Japan),Carry,Green,946408,12,H,3000,Japan,36750,Shogo,Nakano,2,6144
1576,6516.598639455782,6524.840669297,Shuhei Takeuchi (Japan),Carry,Green,946408,3,H,3000,Japan,37874,Shuhei,Takeuchi,2,6145
1577,6517.398506209661,6526.20042845933,Josh Adams (Wales),Tackle,Green,946408,11,A,500,Wales,21514,Josh,Adams,2,6145
1578,6518.298974806639,6534.9998880530175,Ben Thomas (Wales),Tackle,Yellow,946408,12,A,500,Wales,25826,Ben,Thomas,2,6145
1579,6519.098165516639,6534.9998880530175,James Ratti (Wales),Tackle,Yellow,946408,19,A,500,Wales,24591,James,Ratti,2,6149
1580,6692.391746529,6710.853945445,Dewi Lake (Wales),Kick Retreat,Green,946408,2,A,500,Wales,29806,Dewi,Lake,2,6440
1581,6692.391746529,6710.853945445,James Ratti (Wales),Kick Retreat,Green,946408,19,A,500,Wales,24591,James,Ratti,2,6440
1582,6692.391746529,6710.853945445,Teddy Williams (Wales),Kick Retreat,Green,946408,5,A,500,Wales,33845,Teddy,Williams,2,6440
1583,6692.391746529,6710.853945445,Alex Mann (Wales),Kick Retreat,Green,946408,6,A,500,Wales,38683,Alex,Mann,2,6440
1584,6692.391746529,6710.853945445,Kieran Hardy (Wales),Kick Retreat,Green,946408,9,A,500,Wales,22648,Kieran,Hardy,2,6440
1585,6692.391746529,6710.853945445,Josh Adams (Wales),Kick Retreat,Green,946408,11,A,500,Wales,21514,Josh,Adams,2,6440
1586,6692.391746529,6710.853945445,Ben Thomas (Wales),Kick Retreat,Green,946408,12,A,500,Wales,25826,Ben,Thomas,2,6440
1587,6692.391746529,6710.853945445,Johnny Williams (Wales),Kick Retreat,Green,946408,13,A,500,Wales,22036,Johnny,Williams,2,6440
1588,6692.391746529,6710.853945445,Tom Rogers (Wales),Kick Retreat,Green,946408,14,A,500,Wales,29598,Tom,Rogers,2,6440
1589,6692.391746529,6710.853945445,Gareth Thomas (Wales),Kick Retreat,Green,946408,17,A,500,Wales,19851,Gareth,Thomas,2,6440
1590,6692.391746529,6710.853945445,Archie Griffin (Wales),Kick Retreat,Green,946408,18,A,500,Wales,36663,Archie,Griffin,2,6440
1591,6692.391746529,6710.853945445,Aaron Wainwright (Wales),Kick Retreat,Green,946408,20,A,500,Wales,29440,Aaron,Wainwright,2,6440
1592,6692.391746529,6710.853945445,Tommy Reffell (Wales),Kick Retreat,Green,946408,21,A,500,Wales,25969,Tommy,Reffell,2,6440
1593,6692.475678341,6710.832948612,Yota Kamimori (Japan),Kick Chase,Green,946408,1,H,3000,Japan,34494,Yota,Kamimori,2,6440
1594,6692.475678341,6710.832948612,Mamoru Harada (Japan),Kick Chase,Green,946408,2,H,3000,Japan,34483,Mamoru,Harada,2,6440
1595,6692.475678341,6710.832948612,Shuhei Takeuchi (Japan),Kick Chase,Green,946408,3,H,3000,Japan,37874,Shuhei,Takeuchi,2,6440
1596,6692.475678341,6710.832948612,Warner Dearns (Japan),Kick Chase,Green,946408,5,H,3000,Japan,40399,Warner,Dearns,2,6440
1597,6692.475678341,6710.832948612,Michael Leitch (Japan),Kick Chase,Green,946408,6,H,3000,Japan,11306,Michael,Leitch,2,6440
1598,6692.475678341,6710.832948612,Jack Cornelsen (Japan),Kick Chase,Green,946408,7,H,3000,Japan,23697,Jack,Cornelsen,2,6440
1599,6692.475678341,6710.832948612,Shinobu Fujiwara (Japan),Kick Chase,Green,946408,9,H,3000,Japan,30969,Shinobu,Fujiwara,2,6440
1600,6692.475678341,6710.832948612,Shogo Nakano (Japan),Kick Chase,Green,946408,12,H,3000,Japan,36750,Shogo,Nakano,2,6440
1601,6692.475678341,6710.832948612,Dylan Riley (Japan),Kick Chase,Green,946408,13,H,3000,Japan,27652,Dylan,Riley,2,6440
1602,6692.475678341,6710.832948612,Kippei Ishida (Japan),Kick Chase,Green,946408,14,H,3000,Japan,34036,Kippei,Ishida,2,6440
1603,6692.475678341,6710.832948612,Waisake Raratubua (Japan),Kick Chase,Green,946408,19,H,3000,Japan,30796,Waisake,Raratubua,2,6440
1604,6692.475678341,6710.832948612,Ben Gunter (Japan),Kick Chase,Green,946408,20,H,3000,Japan,26283,Ben,Gunter,2,6440
1605,6692.475678341,6710.832948612,Halatoa Vailea (Japan),Kick Chase,Green,946408,23,H,3000,Japan,30956,Halatoa,Vailea,2,6440
1606,6693.699826152,6698.699826152,Michael Leitch (Japan),Ruck,Green,946408,6,H,3000,Japan,11306,Michael,Leitch,2,6440
1607,6694.755199837,6699.755199837,Ben Gunter (Japan),Ruck,Green,946408,20,H,3000,Japan,26283,Ben,Gunter,2,6440
1608,6695.90281817,6700.90281817,Yota Kamimori (Japan),Ruck,Green,946408,1,H,3000,Japan,34494,Yota,Kamimori,2,6440
1609,6695.90281817,6700.90281817,Mamoru Harada (Japan),Ruck,Green,946408,2,H,3000,Japan,34483,Mamoru,Harada,2,6440
1610,6695.90281817,6700.90281817,Jack Cornelsen (Japan),Carry,Green,946408,7,H,3000,Japan,23697,Jack,Cornelsen,2,6440
1611,6700.49891641698,6717.39987088298,Blair Murray (Wales),Carry,Green,946408,15,A,500,Wales,32980,Blair,Murray,2,6449
1612,6700.788503401361,6706.499860943,Shuhei Takeuchi (Japan),Tackle,Green,946408,3,H,3000,Japan,37874,Shuhei,Takeuchi,2,6449
1613,6701.375646258503,6709.993177731,Ben Gunter (Japan),Tackle,Green,946408,20,H,3000,Japan,26283,Ben,Gunter,2,6450
1614,6702.798493781311,6719.1999088926605,James Ratti (Wales),Ruck,Yellow,946408,19,A,500,Wales,24591,James,Ratti,2,6451
1615,6703.598517447999,6719.1999088926605,Gareth Thomas (Wales),Ruck,Green,946408,17,A,500,Wales,19851,Gareth,Thomas,2,6453
1616,6706.998393435665,6726.199917533676,Kieran Hardy (Wales),Carry,Green,946408,9,A,500,Wales,22648,Kieran,Hardy,2,6456
1617,6707.18433106576,6715.791831274,Michael Leitch (Japan),Jackler,Green,946408,6,H,3000,Japan,11306,Michael,Leitch,2,6456
1618,6708.398075631657,6725.900032610998,Dewi Lake (Wales),Ruck,Red,946408,2,A,500,Wales,29806,Dewi,Lake,2,6456
1619,6708.997931338332,6725.900032610998,Archie Griffin (Wales),Ruck,Green,946408,18,A,500,Wales,36663,Archie,Griffin,2,6456
1620,6709.63283446712,6716.697984141323,Shinobu Fujiwara (Japan),Tackle,Green,946408,9,H,3000,Japan,30969,Shinobu,Fujiwara,2,6501
1621,6714.598649033654,6740.100118426359,Teddy Williams (Wales),Ruck,Green,946408,5,A,500,Wales,33845,Teddy,Williams,2,6504
1622,6715.098151339677,6740.100080994323,James Ratti (Wales),Carry,Green,946408,19,A,500,Wales,24591,James,Ratti,2,6504
1623,6715.39772340833,6740.100118426359,Gareth Thomas (Wales),Ruck,Green,946408,17,A,500,Wales,19851,Gareth,Thomas,2,6504
1624,6716.898058742326,6740.100118426359,Tommy Reffell (Wales),Ruck,Green,946408,21,A,500,Wales,25969,Tommy,Reffell,2,6505
1625,6717.966077097506,6724.685067894,Waisake Raratubua (Japan),Jackler,Yellow,946408,19,H,3000,Japan,30796,Waisake,Raratubua,2,6508
1626,6721.798248494651,6740.100118426359,Archie Griffin (Wales),Ruck,Green,946408,18,A,500,Wales,36663,Archie,Griffin,2,6510
1627,6723.571891962,6731.565204542349,Jack Cornelsen (Japan),Charge Down,Gold,946408,7,H,3000,Japan,23697,Jack,Cornelsen,2,6512
1628,6729.298097622663,6752.600027876667,Sam Costelow (Wales),Carry,Green,946408,10,A,500,Wales,33844,Sam,Costelow,2,6518
1629,6729.342057176,6734.342057176,Shuhei Takeuchi (Japan),Tackle,Green,946408,3,H,3000,Japan,37874,Shuhei,Takeuchi,2,6518
1630,6729.904421768708,6734.904421768708,Jack Cornelsen (Japan),Tackle,Green,946408,7,H,3000,Japan,23697,Jack,Cornelsen,2,6519
1631,6730.274530404,6738.388911299,Yota Kamimori (Japan),Tackle,Yellow,946408,1,H,3000,Japan,34494,Yota,Kamimori,2,6519
1632,6732.398034778989,6747.899955236998,Gareth Thomas (Wales),Ruck,Red,946408,17,A,500,Wales,19851,Gareth,Thomas,2,6520
1633,6733.098690071975,6747.899955236998,Archie Griffin (Wales),Ruck,Green,946408,18,A,500,Wales,36663,Archie,Griffin,2,6523
1634,6733.277868480725,6751.798303116333,Shuhei Takeuchi (Japan),Jackler,Red,946408,3,H,3000,Japan,37874,Shuhei,Takeuchi,2,6523
1635,6733.780136054422,6738.780136054422,Warner Dearns (Japan),Tackle,Green,946408,5,H,3000,Japan,40399,Warner,Dearns,2,6523
1636,6737.590385487529,6748.095800406662,Warner Dearns (Japan),Jackler,Red,946408,5,H,3000,Japan,40399,Warner,Dearns,2,6526
1637,6737.697745980324,6757.699962707332,Teddy Williams (Wales),Ruck,Green,946408,5,A,500,Wales,33845,Teddy,Williams,2,6526
1638,6737.898346580666,6762.30010979632,James Ratti (Wales),Carry,Yellow,946408,19,A,500,Wales,24591,James,Ratti,2,6526
1639,6739.49830660531,6757.699962707332,Tommy Reffell (Wales),Ruck,Green,946408,21,A,500,Wales,25969,Tommy,Reffell,2,6528
1640,6740.398463981662,6757.699962707332,Aaron Wainwright (Wales),Ruck,Green,946408,20,A,500,Wales,29440,Aaron,Wainwright,2,6529
1641,6742.398709105673,6757.699962707332,Archie Griffin (Wales),Ruck,Green,946408,18,A,500,Wales,36663,Archie,Griffin,2,6530
1642,6743.198632439655,6757.699962707332,Gareth Thomas (Wales),Ruck,Green,946408,17,A,500,Wales,19851,Gareth,Thomas,2,6533
1643,6747.068332047,6764.786308402,Yota Kamimori (Japan),Kick Retreat,Green,946408,1,H,3000,Japan,34494,Yota,Kamimori,2,6533
1644,6747.068332047,6764.786308402,Mamoru Harada (Japan),Kick Retreat,Green,946408,2,H,3000,Japan,34483,Mamoru,Harada,2,6533
1645,6747.068332047,6764.786308402,Shuhei Takeuchi (Japan),Kick Retreat,Green,946408,3,H,3000,Japan,37874,Shuhei,Takeuchi,2,6533
1646,6747.068332047,6764.786308402,Warner Dearns (Japan),Kick Retreat,Green,946408,5,H,3000,Japan,40399,Warner,Dearns,2,6533
1647,6747.068332047,6764.786308402,Shinobu Fujiwara (Japan),Kick Retreat,Yellow,946408,9,H,3000,Japan,30969,Shinobu,Fujiwara,2,6533
1648,6747.068332047,6764.786308402,Shogo Nakano (Japan),Kick Retreat,Green,946408,12,H,3000,Japan,36750,Shogo,Nakano,2,6533
1649,6747.068332047,6764.786308402,Dylan Riley (Japan),Kick Retreat,Green,946408,13,H,3000,Japan,27652,Dylan,Riley,2,6533
1650,6747.068332047,6764.786308402,Kippei Ishida (Japan),Kick Retreat,Green,946408,14,H,3000,Japan,34036,Kippei,Ishida,2,6533
1651,6747.068332047,6764.786308402,Waisake Raratubua (Japan),Kick Retreat,Yellow,946408,19,H,3000,Japan,30796,Waisake,Raratubua,2,6533
1652,6747.068332047,6764.786308402,Ben Gunter (Japan),Kick Retreat,Green,946408,20,H,3000,Japan,26283,Ben,Gunter,2,6533
1653,6747.068332047,6764.786308402,Halatoa Vailea (Japan),Kick Retreat,Green,946408,23,H,3000,Japan,30956,Halatoa,Vailea,2,6533
1654,6747.097301587301,6763.691966705123,Jack Cornelsen (Japan),Kick Retreat,Green,946408,7,H,3000,Japan,23697,Jack,Cornelsen,2,6533
1655,6747.197069175653,6764.199708742949,Dewi Lake (Wales),Kick Chase,Green,946408,2,A,500,Wales,29806,Dewi,Lake,2,6533
1656,6747.197069175653,6764.199708742949,James Ratti (Wales),Kick Chase,Green,946408,19,A,500,Wales,24591,James,Ratti,2,6533
1657,6747.197069175653,6764.199708742949,Teddy Williams (Wales),Kick Chase,Green,946408,5,A,500,Wales,33845,Teddy,Williams,2,6533
1658,6747.197069175653,6764.199708742949,Alex Mann (Wales),Kick Chase,Green,946408,6,A,500,Wales,38683,Alex,Mann,2,6533
1659,6747.197069175653,6764.199708742949,Gareth Thomas (Wales),Kick Chase,Green,946408,17,A,500,Wales,19851,Gareth,Thomas,2,6533
1660,6747.197069175653,6764.199708742949,Archie Griffin (Wales),Kick Chase,Green,946408,18,A,500,Wales,36663,Archie,Griffin,2,6533
1661,6747.197069175653,6764.199708742949,Aaron Wainwright (Wales),Kick Chase,Green,946408,20,A,500,Wales,29440,Aaron,Wainwright,2,6533
1662,6747.197069175653,6764.199708742949,Tommy Reffell (Wales),Kick Chase,Green,946408,21,A,500,Wales,25969,Tommy,Reffell,2,6533
1663,6747.3907747702915,6754.580660354,Jack Cornelsen (Japan),Charge Down,Green,946408,7,H,3000,Japan,23697,Jack,Cornelsen,2,6533
1664,6747.758916968,6764.199708742949,Kieran Hardy (Wales),Kick Chase,Green,946408,9,A,500,Wales,22648,Kieran,Hardy,2,6534
1665,6747.758916968,6764.199708742949,Josh Adams (Wales),Kick Chase,Green,946408,11,A,500,Wales,21514,Josh,Adams,2,6534
1666,6747.758916968,6764.199708742949,Ben Thomas (Wales),Kick Chase,Green,946408,12,A,500,Wales,25826,Ben,Thomas,2,6534
1667,6747.758916968,6764.199708742949,Johnny Williams (Wales),Kick Chase,Green,946408,13,A,500,Wales,22036,Johnny,Williams,2,6534
1668,6747.758916968,6764.199708742949,Tom Rogers (Wales),Kick Chase,Green,946408,14,A,500,Wales,29598,Tom,Rogers,2,6534
1669,6749.428820861678,6758.395125172,Yota Kamimori (Japan),Tackle,Green,946408,1,H,3000,Japan,34494,Yota,Kamimori,2,6534
1670,6755.898282746319,6773.700006356346,Alex Mann (Wales),Tackle,Green,946408,6,A,500,Wales,38683,Alex,Mann,2,6545
1671,6759.17605282,6764.17605282,Halatoa Vailea (Japan),Ruck,Green,946408,23,H,3000,Japan,30956,Halatoa,Vailea,2,6547
1672,6760.4625850340135,6765.4625850340135,Waisake Raratubua (Japan),Ruck,Red,946408,19,H,3000,Japan,30796,Waisake,Raratubua,2,6549
1673,6760.536870748299,6771.90038795367,Yota Kamimori (Japan),Ruck,Red,946408,1,H,3000,Japan,34494,Yota,Kamimori,2,6549
1674,6760.773806827,6767.621261003,Shuhei Takeuchi (Japan),Ruck,Red,946408,3,H,3000,Japan,37874,Shuhei,Takeuchi,2,6549
1675,6763.097349542999,6776.600087092995,James Ratti (Wales),Tackle,Red,946408,19,A,500,Wales,24591,James,Ratti,2,6553
1676,6763.622166205,6772.245827071,Ben Gunter (Japan),Carry,Green,946408,20,H,3000,Japan,26283,Ben,Gunter,2,6553
1677,6763.642766439909,6771.099897041328,Ben Thomas (Wales),Phase Defence,Red,946408,12,A,500,Wales,25826,Ben,Thomas,2,6553
1678,6767.0489342403625,6775.69963453366,Ben Thomas (Wales),Charge Down,Gold,946408,12,A,500,Wales,25826,Ben,Thomas,2,6556
1679,6836.298481506935,6854.856536898,Yota Kamimori (Japan),Scrum Attack,Yellow,946408,1,H,3000,Japan,34494,Yota,Kamimori,2,6703
1680,6836.298481506935,6854.856536898,Mamoru Harada (Japan),Scrum Attack,Yellow,946408,2,H,3000,Japan,34483,Mamoru,Harada,2,6703
1681,6836.298481506935,6854.856536898,Shuhei Takeuchi (Japan),Scrum Attack,Green,946408,3,H,3000,Japan,37874,Shuhei,Takeuchi,2,6703
1682,6836.298481506935,6854.856536898,Warner Dearns (Japan),Scrum Attack,Yellow,946408,5,H,3000,Japan,40399,Warner,Dearns,2,6703
1683,6836.298481506935,6854.856536898,Jack Cornelsen (Japan),Scrum Attack,Yellow,946408,7,H,3000,Japan,23697,Jack,Cornelsen,2,6703
1684,6836.298481506935,6854.856536898,Waisake Raratubua (Japan),Scrum Attack,Green,946408,19,H,3000,Japan,30796,Waisake,Raratubua,2,6703
1685,6836.298481506935,6854.856536898,Ben Gunter (Japan),Scrum Attack,Green,946408,20,H,3000,Japan,26283,Ben,Gunter,2,6703
1686,6837.7933063129685,6852.638859709,Dewi Lake (Wales),Scrum Defence,Red,946408,2,A,500,Wales,29806,Dewi,Lake,2,6703
1687,6837.7933063129685,6852.638859709,James Ratti (Wales),Scrum Defence,Red,946408,19,A,500,Wales,24591,James,Ratti,2,6703
1688,6837.7933063129685,6852.638859709,Teddy Williams (Wales),Scrum Defence,Red,946408,5,A,500,Wales,33845,Teddy,Williams,2,6703
1689,6837.7933063129685,6852.638859709,Gareth Thomas (Wales),Scrum Defence,Red,946408,17,A,500,Wales,19851,Gareth,Thomas,2,6703
1690,6837.7933063129685,6852.638859709,Archie Griffin (Wales),Scrum Defence,Red,946408,18,A,500,Wales,36663,Archie,Griffin,2,6703
1691,6837.98791086597,6854.08035426,Michael Leitch (Japan),Scrum Attack,Green,946408,6,H,3000,Japan,11306,Michael,Leitch,2,6703
1692,6838.226618554036,6853.072040816326,Aaron Wainwright (Wales),Scrum Defence,Green,946408,20,A,500,Wales,29440,Aaron,Wainwright,2,6707
1693,6838.3283816200055,6853.072054060255,Tommy Reffell (Wales),Scrum Defence,Gold,946408,21,A,500,Wales,25969,Tommy,Reffell,2,6707
1694,6842.997259709005,6853.799934888686,Kieran Hardy (Wales),Tackle,Green,946408,9,A,500,Wales,22648,Kieran,Hardy,2,6712
1695,6843.614826665,6852.06164735,Alex Mann (Wales),Scrum Defence,Green,946408,6,A,500,Wales,38683,Alex,Mann,2,6712
1696,6843.998366122996,6850.200014540006,Tom Rogers (Wales),Tackle,Green,946408,14,A,500,Wales,29598,Tom,Rogers,2,6713
1697,6845.498598165315,6859.400502571352,Tom Rogers (Wales),Jackler,Green,946408,14,A,500,Wales,29598,Tom,Rogers,2,6714
1698,6915.578158346,6931.474828583,James Ratti (Wales),Scrum Defence,Red,946408,19,A,500,Wales,24591,James,Ratti,2,6826
1699,6915.578158346,6931.474828583,Teddy Williams (Wales),Scrum Defence,Red,946408,5,A,500,Wales,33845,Teddy,Williams,2,6826
1700,6915.578158346,6931.474828583,Alex Mann (Wales),Scrum Defence,Green,946408,6,A,500,Wales,38683,Alex,Mann,2,6826
1701,6915.578158346,6931.474828583,Gareth Thomas (Wales),Scrum Defence,Green,946408,17,A,500,Wales,19851,Gareth,Thomas,2,6826
1702,6915.578158346,6931.474828583,Archie Griffin (Wales),Scrum Defence,Green,946408,18,A,500,Wales,36663,Archie,Griffin,2,6826
1703,6915.578158346,6931.474828583,Aaron Wainwright (Wales),Scrum Defence,Green,946408,20,A,500,Wales,29440,Aaron,Wainwright,2,6826
1704,6915.578158346,6931.474828583,Tommy Reffell (Wales),Scrum Defence,Green,946408,21,A,500,Wales,25969,Tommy,Reffell,2,6826
1705,6916.08135008383,6933.172265155999,Liam Belcher (Wales),Scrum Defence,Green,946408,16,A,500,Wales,22675,Liam,Belcher,2,6826
1706,6918.561383345,6934.725204798,Yota Kamimori (Japan),Scrum Attack,Yellow,946408,1,H,3000,Japan,34494,Yota,Kamimori,2,6828
1707,6918.561383345,6934.725204798,Mamoru Harada (Japan),Scrum Attack,Yellow,946408,2,H,3000,Japan,34483,Mamoru,Harada,2,6828
1708,6918.561383345,6934.725204798,Shuhei Takeuchi (Japan),Scrum Attack,Green,946408,3,H,3000,Japan,37874,Shuhei,Takeuchi,2,6828
1709,6918.561383345,6934.725204798,Warner Dearns (Japan),Scrum Attack,Yellow,946408,5,H,3000,Japan,40399,Warner,Dearns,2,6828
1710,6918.561383345,6934.725204798,Michael Leitch (Japan),Scrum Attack,Green,946408,6,H,3000,Japan,11306,Michael,Leitch,2,6828
1711,6918.561383345,6934.725204798,Jack Cornelsen (Japan),Scrum Attack,Green,946408,7,H,3000,Japan,23697,Jack,Cornelsen,2,6828
1712,6918.561383345,6934.725204798,Waisake Raratubua (Japan),Scrum Attack,Yellow,946408,19,H,3000,Japan,30796,Waisake,Raratubua,2,6828
1713,6918.561383345,6934.725204798,Ben Gunter (Japan),Scrum Attack,Green,946408,20,H,3000,Japan,26283,Ben,Gunter,2,6828
1714,6920.498570696976,6940.799942031352,Kieran Hardy (Wales),Tackle,Green,946408,9,A,500,Wales,22648,Kieran,Hardy,2,6829
1715,6925.898259332307,6936.399915052008,Archie Griffin (Wales),Jackler,Red,946408,18,A,500,Wales,36663,Archie,Griffin,2,6835
1716,6928.750090359,6939.564176825,Yota Kamimori (Japan),Kick Chase,Green,946408,1,H,3000,Japan,34494,Yota,Kamimori,2,6836
1717,6928.750090359,6939.564176825,Mamoru Harada (Japan),Kick Chase,Green,946408,2,H,3000,Japan,34483,Mamoru,Harada,2,6836
1718,6928.750090359,6939.564176825,Shuhei Takeuchi (Japan),Kick Chase,Green,946408,3,H,3000,Japan,37874,Shuhei,Takeuchi,2,6836
1719,6928.750090359,6939.564176825,Warner Dearns (Japan),Kick Chase,Green,946408,5,H,3000,Japan,40399,Warner,Dearns,2,6836
1720,6928.750090359,6939.564176825,Shinobu Fujiwara (Japan),Kick Chase,Green,946408,9,H,3000,Japan,30969,Shinobu,Fujiwara,2,6836
1721,6928.750090359,6939.564176825,Shogo Nakano (Japan),Kick Chase,Green,946408,12,H,3000,Japan,36750,Shogo,Nakano,2,6836
1722,6928.750090359,6939.564176825,Dylan Riley (Japan),Kick Chase,Yellow,946408,13,H,3000,Japan,27652,Dylan,Riley,2,6836
1723,6928.750090359,6939.564176825,Waisake Raratubua (Japan),Kick Chase,Green,946408,19,H,3000,Japan,30796,Waisake,Raratubua,2,6836
1724,6928.750090359,6939.564176825,Halatoa Vailea (Japan),Kick Chase,Green,946408,23,H,3000,Japan,30956,Halatoa,Vailea,2,6836
1725,6930.206873352,6941.484455587,James Ratti (Wales),Kick Retreat,Green,946408,19,A,500,Wales,24591,James,Ratti,2,6836
1726,6930.206873352,6941.484455587,Teddy Williams (Wales),Kick Retreat,Yellow,946408,5,A,500,Wales,33845,Teddy,Williams,2,6836
1727,6930.206873352,6941.484455587,Alex Mann (Wales),Kick Retreat,Yellow,946408,6,A,500,Wales,38683,Alex,Mann,2,6836
1728,6930.206873352,6941.484455587,Kieran Hardy (Wales),Kick Retreat,Green,946408,9,A,500,Wales,22648,Kieran,Hardy,2,6836
1729,6930.206873352,6941.484455587,Josh Adams (Wales),Kick Retreat,Yellow,946408,11,A,500,Wales,21514,Josh,Adams,2,6836
1730,6930.206873352,6941.484455587,Ben Thomas (Wales),Kick Retreat,Yellow,946408,12,A,500,Wales,25826,Ben,Thomas,2,6836
1731,6930.206873352,6941.484455587,Blair Murray (Wales),Kick Retreat,Yellow,946408,15,A,500,Wales,32980,Blair,Murray,2,6836
1732,6930.206873352,6941.484455587,Liam Belcher (Wales),Kick Retreat,Green,946408,16,A,500,Wales,22675,Liam,Belcher,2,6836
1733,6930.206873352,6941.484455587,Gareth Thomas (Wales),Kick Retreat,Yellow,946408,17,A,500,Wales,19851,Gareth,Thomas,2,6836
1734,6930.206873352,6941.484455587,Aaron Wainwright (Wales),Kick Retreat,Yellow,946408,20,A,500,Wales,29440,Aaron,Wainwright,2,6836
1735,6930.206873352,6941.484455587,Tommy Reffell (Wales),Kick Retreat,Yellow,946408,21,A,500,Wales,25969,Tommy,Reffell,2,6836
1736,6930.206873352,6941.484455587,Joe Roberts (Wales),Kick Retreat,Green,946408,23,A,500,Wales,33954,Joe,Roberts,2,6836
1737,6931.645398377,6943.9883673469385,Sam Costelow (Wales),Kick Retreat,Yellow,946408,10,A,500,Wales,33844,Sam,Costelow,2,6836
1738,7129.672486636,7146.499820417345,James Ratti (Wales),Lineout Attack,Green,946408,19,A,500,Wales,24591,James,Ratti,2,7158
1739,7129.672486636,7146.499820417345,Teddy Williams (Wales),Lineout Attack,Green,946408,5,A,500,Wales,33845,Teddy,Williams,2,7158
1740,7129.672486636,7146.499820417345,Alex Mann (Wales),Lineout Attack,Green,946408,6,A,500,Wales,38683,Alex,Mann,2,7158
1741,7129.672486636,7146.499820417345,Liam Belcher (Wales),Lineout Attack,Green,946408,16,A,500,Wales,22675,Liam,Belcher,2,7158
1742,7129.672486636,7146.499820417345,Gareth Thomas (Wales),Lineout Attack,Green,946408,17,A,500,Wales,19851,Gareth,Thomas,2,7158
1743,7129.672486636,7146.499820417345,Archie Griffin (Wales),Lineout Attack,Green,946408,18,A,500,Wales,36663,Archie,Griffin,2,7158
1744,7129.672486636,7146.499820417345,Aaron Wainwright (Wales),Lineout Attack,Green,946408,20,A,500,Wales,29440,Aaron,Wainwright,2,7158
1745,7131.211575902,7145.611917689,Yota Kamimori (Japan),Lineout Defence,Green,946408,1,H,3000,Japan,34494,Yota,Kamimori,2,7200
1746,7131.211575902,7145.611917689,Shuhei Takeuchi (Japan),Lineout Defence,Green,946408,3,H,3000,Japan,37874,Shuhei,Takeuchi,2,7200
1747,7131.211575902,7145.611917689,Warner Dearns (Japan),Lineout Defence,Yellow,946408,5,H,3000,Japan,40399,Warner,Dearns,2,7200
1748,7131.211575902,7145.611917689,Jack Cornelsen (Japan),Lineout Defence,Green,946408,7,H,3000,Japan,23697,Jack,Cornelsen,2,7200
1749,7131.211575902,7145.611917689,Waisake Raratubua (Japan),Lineout Defence,Green,946408,19,H,3000,Japan,30796,Waisake,Raratubua,2,7200
1750,7131.211575902,7145.611917689,Ben Gunter (Japan),Lineout Defence,Green,946408,20,H,3000,Japan,26283,Ben,Gunter,2,7200
1751,7135.099007683991,7148.900130114338,Tommy Reffell (Wales),Carry,Green,946408,21,A,500,Wales,25969,Tommy,Reffell,2,7204
1752,7135.59839956898,7147.899985543986,Ben Thomas (Wales),Ruck,Green,946408,12,A,500,Wales,25826,Ben,Thomas,2,7204
1753,7135.998040235326,7147.899985543986,Joe Roberts (Wales),Ruck,Green,946408,23,A,500,Wales,33954,Joe,Roberts,2,7205
1754,7139.8760997732425,7150.690883205,Dylan Riley (Japan),Jackler,Red,946408,13,H,3000,Japan,27652,Dylan,Riley,2,7207
1755,7140.732925170068,7147.402224546,Shogo Nakano (Japan),Tackle,Green,946408,12,H,3000,Japan,36750,Shogo,Nakano,2,7210
1756,7142.452811791383,7148.845248362,Waisake Raratubua (Japan),Tackle,Green,946408,19,H,3000,Japan,30796,Waisake,Raratubua,2,7212
1757,7142.497506781344,7158.399954104651,Aaron Wainwright (Wales),Carry,Green,946408,20,A,500,Wales,29440,Aaron,Wainwright,2,7212
1758,7143.398013275652,7159.000036095336,Archie Griffin (Wales),Ruck,Yellow,946408,18,A,500,Wales,36663,Archie,Griffin,2,7212
1759,7143.798408108669,7159.000036095336,James Ratti (Wales),Ruck,Green,946408,19,A,500,Wales,24591,James,Ratti,2,7213
1760,7144.345124716553,7150.700272582,Ben Gunter (Japan),Tackle,Green,946408,20,H,3000,Japan,26283,Ben,Gunter,2,7211
1761,7145.700272582,7156.796859602,Ben Gunter (Japan),Jackler,Yellow,946408,20,H,3000,Japan,26283,Ben,Gunter,2,7214
1762,7149.298216161309,7171.699993522337,Sam Costelow (Wales),Carry,Red,946408,10,A,500,Wales,33844,Sam,Costelow,2,7218
1763,7150.797953700315,7165.500283103339,Liam Belcher (Wales),Ruck,Green,946408,16,A,500,Wales,22675,Liam,Belcher,2,7220
1764,7151.997672407648,7165.500283103339,Tommy Reffell (Wales),Ruck,Green,946408,21,A,500,Wales,25969,Tommy,Reffell,2,7221
1765,7152.898665955326,7165.500283103339,Joe Roberts (Wales),Ruck,Green,946408,23,A,500,Wales,33954,Joe,Roberts,2,7221
1766,7156.292758442,7164.069976036,Dylan Riley (Japan),Jackler,Green,946408,13,H,3000,Japan,27652,Dylan,Riley,2,7225
1767,7158.446674137,7173.099880387313,Yota Kamimori (Japan),Kick Retreat,Green,946408,1,H,3000,Japan,34494,Yota,Kamimori,2,7229
1768,7158.446674137,7173.099880387313,Mamoru Harada (Japan),Kick Retreat,Green,946408,2,H,3000,Japan,34483,Mamoru,Harada,2,7229
1769,7158.446674137,7173.099880387313,Shuhei Takeuchi (Japan),Kick Retreat,Green,946408,3,H,3000,Japan,37874,Shuhei,Takeuchi,2,7229
1770,7158.446674137,7173.099880387313,Warner Dearns (Japan),Kick Retreat,Green,946408,5,H,3000,Japan,40399,Warner,Dearns,2,7229
1771,7158.446674137,7173.099880387313,Michael Leitch (Japan),Kick Retreat,Yellow,946408,6,H,3000,Japan,11306,Michael,Leitch,2,7229
1772,7158.446674137,7173.099880387313,Jack Cornelsen (Japan),Kick Retreat,Green,946408,7,H,3000,Japan,23697,Jack,Cornelsen,2,7229
1773,7158.446674137,7173.099880387313,Shinobu Fujiwara (Japan),Kick Retreat,Green,946408,9,H,3000,Japan,30969,Shinobu,Fujiwara,2,7229
1774,7158.446674137,7173.099880387313,Shogo Nakano (Japan),Kick Retreat,Yellow,946408,12,H,3000,Japan,36750,Shogo,Nakano,2,7229
1775,7158.446674137,7173.099880387313,Dylan Riley (Japan),Kick Retreat,Green,946408,13,H,3000,Japan,27652,Dylan,Riley,2,7229
1776,7158.446674137,7173.099880387313,Kippei Ishida (Japan),Kick Retreat,Green,946408,14,H,3000,Japan,34036,Kippei,Ishida,2,7229
1777,7158.446674137,7173.099880387313,Waisake Raratubua (Japan),Kick Retreat,Green,946408,19,H,3000,Japan,30796,Waisake,Raratubua,2,7229
1778,7158.446674137,7173.099880387313,Ben Gunter (Japan),Kick Retreat,Green,946408,20,H,3000,Japan,26283,Ben,Gunter,2,7229
1779,7158.665056689342,7173.099880387313,Seungsin Lee (Japan),Kick Retreat,Green,946408,10,H,3000,Japan,37841,Seungsin,Lee,2,7229
1780,7158.665056689342,7173.099880387313,Ichigo Nakakusu (Japan),Kick Retreat,Green,946408,22,H,3000,Japan,61472,Ichigo,Nakakusu,2,7229
1781,7158.702811791383,7166.098422000329,Shogo Nakano (Japan),Jackler,Red,946408,12,H,3000,Japan,36750,Shogo,Nakano,2,7229
1782,7213.17126984127,7231.787036432,Yota Kamimori (Japan),Lineout Attack,Yellow,946408,1,H,3000,Japan,34494,Yota,Kamimori,2,7322
1783,7213.17126984127,7231.787036432,Shuhei Takeuchi (Japan),Lineout Attack,Green,946408,3,H,3000,Japan,37874,Shuhei,Takeuchi,2,7322
1784,7213.17126984127,7231.787036432,Warner Dearns (Japan),Lineout Attack,Red,946408,5,H,3000,Japan,40399,Warner,Dearns,2,7322
1785,7213.17126984127,7231.787036432,Jack Cornelsen (Japan),Lineout Attack,Green,946408,7,H,3000,Japan,23697,Jack,Cornelsen,2,7322
1786,7213.17126984127,7231.787036432,Waisake Raratubua (Japan),Lineout Attack,Green,946408,19,H,3000,Japan,30796,Waisake,Raratubua,2,7322
1787,7213.17126984127,7231.787036432,Ben Gunter (Japan),Lineout Attack,Green,946408,20,H,3000,Japan,26283,Ben,Gunter,2,7322
1788,7217.323922902494,7225.066389796,James Ratti (Wales),Lineout Defence,Green,946408,19,A,500,Wales,24591,James,Ratti,2,7327
1789,7217.323922902494,7225.066389796,Teddy Williams (Wales),Lineout Defence,Green,946408,5,A,500,Wales,33845,Teddy,Williams,2,7327
1790,7217.323922902494,7225.066389796,Alex Mann (Wales),Lineout Defence,Green,946408,6,A,500,Wales,38683,Alex,Mann,2,7327
1791,7217.323922902494,7225.066389796,Liam Belcher (Wales),Lineout Defence,Green,946408,16,A,500,Wales,22675,Liam,Belcher,2,7327
1792,7217.323922902494,7225.066389796,Gareth Thomas (Wales),Lineout Defence,Yellow,946408,17,A,500,Wales,19851,Gareth,Thomas,2,7327
1793,7217.323922902494,7225.066389796,Archie Griffin (Wales),Lineout Defence,Green,946408,18,A,500,Wales,36663,Archie,Griffin,2,7327
1794,7217.323922902494,7225.066389796,Aaron Wainwright (Wales),Lineout Defence,Yellow,946408,20,A,500,Wales,29440,Aaron,Wainwright,2,7327
1795,7217.323922902494,7225.066389796,Tommy Reffell (Wales),Lineout Defence,Green,946408,21,A,500,Wales,25969,Tommy,Reffell,2,7327
1796,7219.598983658331,7231.299966409335,Sam Costelow (Wales),Tackle,Green,946408,10,A,500,Wales,33844,Sam,Costelow,2,7328
1797,7220.598662381308,7236.900002616002,Teddy Williams (Wales),Jackler,Yellow,946408,5,A,500,Wales,33845,Teddy,Williams,2,7329
1798,7227.653650793651,7232.653650793651,Seungsin Lee (Japan),Ruck,Green,946408,10,H,3000,Japan,37841,Seungsin,Lee,2,7337
1799,7227.799887674672,7239.199871842644,Alex Mann (Wales),Tackle,Green,946408,6,A,500,Wales,38683,Alex,Mann,2,7337
1800,7227.928639455782,7232.928639455782,Yota Kamimori (Japan),Carry,Green,946408,1,H,3000,Japan,34494,Yota,Kamimori,2,7337
1801,7229.271729746,7236.411995332,Ben Gunter (Japan),Ruck,Yellow,946408,20,H,3000,Japan,26283,Ben,Gunter,2,7337
1802,7229.397624793683,7247.600058463652,Gareth Thomas (Wales),Tackle,Red,946408,17,A,500,Wales,19851,Gareth,Thomas,2,7339
1803,7231.676535878,7241.398924260318,Michael Leitch (Japan),Carry,Yellow,946408,6,H,3000,Japan,11306,Michael,Leitch,2,7340
1804,7262.893490845,7285.699978559002,Yota Kamimori (Japan),Lineout Attack,Green,946408,1,H,3000,Japan,34494,Yota,Kamimori,2,7415
1805,7262.893490845,7285.699978559002,Shuhei Takeuchi (Japan),Lineout Attack,Green,946408,3,H,3000,Japan,37874,Shuhei,Takeuchi,2,7415
1806,7262.893490845,7285.699978559002,Warner Dearns (Japan),Lineout Attack,Green,946408,5,H,3000,Japan,40399,Warner,Dearns,2,7415
1807,7262.893490845,7285.699978559002,Jack Cornelsen (Japan),Lineout Attack,Green,946408,7,H,3000,Japan,23697,Jack,Cornelsen,2,7415
1808,7262.893490845,7285.699978559002,Waisake Raratubua (Japan),Lineout Attack,Green,946408,19,H,3000,Japan,30796,Waisake,Raratubua,2,7415
1809,7262.893490845,7285.699978559002,Ben Gunter (Japan),Lineout Attack,Green,946408,20,H,3000,Japan,26283,Ben,Gunter,2,7415
1810,7267.042267573696,7281.431110455,James Ratti (Wales),Lineout Defence,Yellow,946408,19,A,500,Wales,24591,James,Ratti,2,7415
1811,7267.042267573696,7281.431110455,Teddy Williams (Wales),Lineout Defence,Green,946408,5,A,500,Wales,33845,Teddy,Williams,2,7415
1812,7267.042267573696,7281.431110455,Alex Mann (Wales),Lineout Defence,Yellow,946408,6,A,500,Wales,38683,Alex,Mann,2,7415
1813,7267.042267573696,7281.431110455,Liam Belcher (Wales),Lineout Defence,Green,946408,16,A,500,Wales,22675,Liam,Belcher,2,7415
1814,7267.042267573696,7281.431110455,Gareth Thomas (Wales),Lineout Defence,Green,946408,17,A,500,Wales,19851,Gareth,Thomas,2,7415
1815,7267.042267573696,7281.431110455,Archie Griffin (Wales),Lineout Defence,Green,946408,18,A,500,Wales,36663,Archie,Griffin,2,7415
1816,7267.042267573696,7281.431110455,Aaron Wainwright (Wales),Lineout Defence,Green,946408,20,A,500,Wales,29440,Aaron,Wainwright,2,7415
1817,7267.042267573696,7281.431110455,Tommy Reffell (Wales),Lineout Defence,Green,946408,21,A,500,Wales,25969,Tommy,Reffell,2,7415
1818,7333.021022479,7351.408620423,James Ratti (Wales),Scrum Defence,Green,946408,19,A,500,Wales,24591,James,Ratti,2,7521
1819,7333.021022479,7351.408620423,Teddy Williams (Wales),Scrum Defence,Green,946408,5,A,500,Wales,33845,Teddy,Williams,2,7521
1820,7333.021022479,7351.408620423,Alex Mann (Wales),Scrum Defence,Green,946408,6,A,500,Wales,38683,Alex,Mann,2,7521
1821,7333.021022479,7351.408620423,Aaron Wainwright (Wales),Scrum Defence,Green,946408,20,A,500,Wales,29440,Aaron,Wainwright,2,7521
1822,7333.021022479,7351.408620423,Tommy Reffell (Wales),Scrum Defence,Green,946408,21,A,500,Wales,25969,Tommy,Reffell,2,7521
1823,7333.584367526331,7354.718344146,Yota Kamimori (Japan),Scrum Attack,Green,946408,1,H,3000,Japan,34494,Yota,Kamimori,2,7521
1824,7333.584367526331,7354.718344146,Mamoru Harada (Japan),Scrum Attack,Yellow,946408,2,H,3000,Japan,34483,Mamoru,Harada,2,7521
1825,7333.584367526331,7354.718344146,Shuhei Takeuchi (Japan),Scrum Attack,Yellow,946408,3,H,3000,Japan,37874,Shuhei,Takeuchi,2,7521
1826,7333.584367526331,7354.718344146,Warner Dearns (Japan),Scrum Attack,Green,946408,5,H,3000,Japan,40399,Warner,Dearns,2,7521
1827,7333.584367526331,7354.718344146,Michael Leitch (Japan),Scrum Attack,Green,946408,6,H,3000,Japan,11306,Michael,Leitch,2,7521
1828,7333.584367526331,7354.718344146,Jack Cornelsen (Japan),Scrum Attack,Yellow,946408,7,H,3000,Japan,23697,Jack,Cornelsen,2,7521
1829,7333.584367526331,7354.718344146,Waisake Raratubua (Japan),Scrum Attack,Yellow,946408,19,H,3000,Japan,30796,Waisake,Raratubua,2,7521
1830,7333.584367526331,7354.718344146,Ben Gunter (Japan),Scrum Attack,Green,946408,20,H,3000,Japan,26283,Ben,Gunter,2,7521
1831,7335.871955398415,7351.930326104,Liam Belcher (Wales),Scrum Defence,Yellow,946408,16,A,500,Wales,22675,Liam,Belcher,2,7520
1832,7336.566338672093,7351.930326104,Archie Griffin (Wales),Scrum Defence,Yellow,946408,18,A,500,Wales,36663,Archie,Griffin,2,7520
1833,7338.056868285418,7351.930326104,Gareth Thomas (Wales),Scrum Defence,Yellow,946408,17,A,500,Wales,19851,Gareth,Thomas,2,7520
1834,7347.997377417991,7361.400002114327,Tom Rogers (Wales),Tackle,Yellow,946408,14,A,500,Wales,29598,Tom,Rogers,2,7535
1835,7348.09352578,7358.308134277,Shogo Nakano (Japan),Kick Chase,Green,946408,12,H,3000,Japan,36750,Shogo,Nakano,2,7535
1836,7348.09352578,7358.308134277,Dylan Riley (Japan),Kick Chase,Green,946408,13,H,3000,Japan,27652,Dylan,Riley,2,7535
1837,7348.09352578,7358.308134277,Halatoa Vailea (Japan),Kick Chase,Green,946408,23,H,3000,Japan,30956,Halatoa,Vailea,2,7535
1838,7348.101068578,7358.308134277,Yota Kamimori (Japan),Kick Chase,Green,946408,1,H,3000,Japan,34494,Yota,Kamimori,2,7535
1839,7348.101068578,7358.308134277,Mamoru Harada (Japan),Kick Chase,Green,946408,2,H,3000,Japan,34483,Mamoru,Harada,2,7535
1840,7348.101068578,7358.308134277,Shuhei Takeuchi (Japan),Kick Chase,Green,946408,3,H,3000,Japan,37874,Shuhei,Takeuchi,2,7535
1841,7348.101068578,7358.308134277,Warner Dearns (Japan),Kick Chase,Green,946408,5,H,3000,Japan,40399,Warner,Dearns,2,7535
1842,7348.101068578,7358.308134277,Michael Leitch (Japan),Kick Chase,Green,946408,6,H,3000,Japan,11306,Michael,Leitch,2,7535
1843,7348.101068578,7358.308134277,Jack Cornelsen (Japan),Kick Chase,Green,946408,7,H,3000,Japan,23697,Jack,Cornelsen,2,7535
1844,7348.101068578,7358.308134277,Shinobu Fujiwara (Japan),Kick Chase,Green,946408,9,H,3000,Japan,30969,Shinobu,Fujiwara,2,7535
1845,7348.101068578,7358.308134277,Waisake Raratubua (Japan),Kick Chase,Green,946408,19,H,3000,Japan,30796,Waisake,Raratubua,2,7535
1846,7348.101068578,7358.308134277,Ben Gunter (Japan),Kick Chase,Green,946408,20,H,3000,Japan,26283,Ben,Gunter,2,7535
1847,7348.136295071,7358.308134277,Ichigo Nakakusu (Japan),Kick Chase,Green,946408,22,H,3000,Japan,61472,Ichigo,Nakakusu,2,7535
1848,7348.684361193,7357.642950014,James Ratti (Wales),Kick Retreat,Green,946408,19,A,500,Wales,24591,James,Ratti,2,7535
1849,7348.684361193,7357.642950014,Teddy Williams (Wales),Kick Retreat,Green,946408,5,A,500,Wales,33845,Teddy,Williams,2,7535
1850,7348.684361193,7357.642950014,Alex Mann (Wales),Kick Retreat,Green,946408,6,A,500,Wales,38683,Alex,Mann,2,7535
1851,7348.684361193,7357.642950014,Kieran Hardy (Wales),Kick Retreat,Green,946408,9,A,500,Wales,22648,Kieran,Hardy,2,7535
1852,7348.684361193,7357.642950014,Sam Costelow (Wales),Kick Retreat,Green,946408,10,A,500,Wales,33844,Sam,Costelow,2,7535
1853,7348.684361193,7357.642950014,Ben Thomas (Wales),Kick Retreat,Green,946408,12,A,500,Wales,25826,Ben,Thomas,2,7535
1854,7348.684361193,7357.642950014,Blair Murray (Wales),Kick Retreat,Green,946408,15,A,500,Wales,32980,Blair,Murray,2,7535
1855,7348.684361193,7357.642950014,Liam Belcher (Wales),Kick Retreat,Green,946408,16,A,500,Wales,22675,Liam,Belcher,2,7535
1856,7348.684361193,7357.642950014,Gareth Thomas (Wales),Kick Retreat,Green,946408,17,A,500,Wales,19851,Gareth,Thomas,2,7535
1857,7348.684361193,7357.642950014,Archie Griffin (Wales),Kick Retreat,Green,946408,18,A,500,Wales,36663,Archie,Griffin,2,7535
1858,7348.684361193,7357.642950014,Aaron Wainwright (Wales),Kick Retreat,Green,946408,20,A,500,Wales,29440,Aaron,Wainwright,2,7535
1859,7348.684361193,7357.642950014,Tommy Reffell (Wales),Kick Retreat,Green,946408,21,A,500,Wales,25969,Tommy,Reffell,2,7535
1860,7348.684361193,7357.642950014,Joe Roberts (Wales),Kick Retreat,Green,946408,23,A,500,Wales,33954,Joe,Roberts,2,7535
1861,7351.298014527676,7362.258600895,Halatoa Vailea (Japan),Charge Down,Gold,946408,23,H,3000,Japan,30956,Halatoa,Vailea,2,7540
1862,7356.697548920675,7372.200109028002,Blair Murray (Wales),Carry,Green,946408,15,A,500,Wales,32980,Blair,Murray,2,7545
1863,7358.398245069639,7375.899958992321,Tommy Reffell (Wales),Ruck,Yellow,946408,21,A,500,Wales,25969,Tommy,Reffell,2,7546
1864,7359.497642861325,7375.899958992321,Tom Rogers (Wales),Ruck,Yellow,946408,14,A,500,Wales,29598,Tom,Rogers,2,7546
1865,7360.322267573696,7373.399432112323,Ichigo Nakakusu (Japan),Tackle,Green,946408,22,H,3000,Japan,61472,Ichigo,Nakakusu,2,7548
1866,7362.480631924318,7373.065655832,Dylan Riley (Japan),Tackle,Yellow,946408,13,H,3000,Japan,27652,Dylan,Riley,2,7551
1867,7362.99844895265,7379.899894986672,Aaron Wainwright (Wales),Ruck,Green,946408,20,A,500,Wales,29440,Aaron,Wainwright,2,7552
1868,7363.39845126,7383.499927757334,Alex Mann (Wales),Carry,Green,946408,6,A,500,Wales,38683,Alex,Mann,2,7552
1869,7364.998124286985,7379.899894986672,Teddy Williams (Wales),Ruck,Green,946408,5,A,500,Wales,33845,Teddy,Williams,2,7554
1870,7365.811737493,7370.811737493,Ben Gunter (Japan),Tackle,Green,946408,20,H,3000,Japan,26283,Ben,Gunter,2,7554
1871,7366.197654995337,7379.899894986672,Archie Griffin (Wales),Ruck,Green,946408,18,A,500,Wales,36663,Archie,Griffin,2,7554
1872,7370.690839002267,7384.392069563,James Ratti (Wales),Kick Chase,Green,946408,19,A,500,Wales,24591,James,Ratti,2,7556
1873,7370.690839002267,7384.392069563,Teddy Williams (Wales),Kick Chase,Green,946408,5,A,500,Wales,33845,Teddy,Williams,2,7556
1874,7370.690839002267,7384.392069563,Alex Mann (Wales),Kick Chase,Green,946408,6,A,500,Wales,38683,Alex,Mann,2,7556
1875,7370.690839002267,7384.392069563,Kieran Hardy (Wales),Kick Chase,Green,946408,9,A,500,Wales,22648,Kieran,Hardy,2,7556
1876,7370.690839002267,7384.392069563,Josh Adams (Wales),Kick Chase,Green,946408,11,A,500,Wales,21514,Josh,Adams,2,7556
1877,7370.690839002267,7384.392069563,Ben Thomas (Wales),Kick Chase,Green,946408,12,A,500,Wales,25826,Ben,Thomas,2,7556
1878,7370.690839002267,7384.392069563,Liam Belcher (Wales),Kick Chase,Green,946408,16,A,500,Wales,22675,Liam,Belcher,2,7556
1879,7370.690839002267,7384.392069563,Gareth Thomas (Wales),Kick Chase,Green,946408,17,A,500,Wales,19851,Gareth,Thomas,2,7556
1880,7370.690839002267,7384.392069563,Archie Griffin (Wales),Kick Chase,Green,946408,18,A,500,Wales,36663,Archie,Griffin,2,7556
1881,7370.690839002267,7384.392069563,Aaron Wainwright (Wales),Kick Chase,Green,946408,20,A,500,Wales,29440,Aaron,Wainwright,2,7556
1882,7370.690839002267,7384.392069563,Tommy Reffell (Wales),Kick Chase,Green,946408,21,A,500,Wales,25969,Tommy,Reffell,2,7556
1883,7370.690839002267,7384.392069563,Joe Roberts (Wales),Kick Chase,Green,946408,23,A,500,Wales,33954,Joe,Roberts,2,7556
1884,7370.783574076,7386.879147844,Yota Kamimori (Japan),Kick Retreat,Green,946408,1,H,3000,Japan,34494,Yota,Kamimori,2,7556
1885,7370.783574076,7386.879147844,Mamoru Harada (Japan),Kick Retreat,Green,946408,2,H,3000,Japan,34483,Mamoru,Harada,2,7556
1886,7370.783574076,7386.879147844,Shuhei Takeuchi (Japan),Kick Retreat,Green,946408,3,H,3000,Japan,37874,Shuhei,Takeuchi,2,7556
1887,7370.783574076,7386.879147844,Warner Dearns (Japan),Kick Retreat,Green,946408,5,H,3000,Japan,40399,Warner,Dearns,2,7556
1888,7370.783574076,7386.879147844,Michael Leitch (Japan),Kick Retreat,Green,946408,6,H,3000,Japan,11306,Michael,Leitch,2,7556
1889,7370.783574076,7386.879147844,Jack Cornelsen (Japan),Kick Retreat,Green,946408,7,H,3000,Japan,23697,Jack,Cornelsen,2,7556
1890,7370.783574076,7386.879147844,Shinobu Fujiwara (Japan),Kick Retreat,Green,946408,9,H,3000,Japan,30969,Shinobu,Fujiwara,2,7556
1891,7370.783574076,7386.879147844,Shogo Nakano (Japan),Kick Retreat,Green,946408,12,H,3000,Japan,36750,Shogo,Nakano,2,7556
1892,7370.783574076,7386.879147844,Dylan Riley (Japan),Kick Retreat,Yellow,946408,13,H,3000,Japan,27652,Dylan,Riley,2,7556
1893,7370.783574076,7386.879147844,Kippei Ishida (Japan),Kick Retreat,Green,946408,14,H,3000,Japan,34036,Kippei,Ishida,2,7556
1894,7370.783574076,7386.879147844,Waisake Raratubua (Japan),Kick Retreat,Green,946408,19,H,3000,Japan,30796,Waisake,Raratubua,2,7556
1895,7370.783574076,7386.879147844,Ben Gunter (Japan),Kick Retreat,Green,946408,20,H,3000,Japan,26283,Ben,Gunter,2,7556
1896,7371.579537288,7386.879147844,Ichigo Nakakusu (Japan),Kick Retreat,Green,946408,22,H,3000,Japan,61472,Ichigo,Nakakusu,2,7603
1897,7373.703871688458,7384.227369922302,Tom Rogers (Wales),Kick Chase,Gold,946408,14,A,500,Wales,29598,Tom,Rogers,2,7603
1898,7377.064145551,7388.799646290319,Gareth Thomas (Wales),Carry,Red,946408,17,A,500,Wales,19851,Gareth,Thomas,2,7605
1899,7377.898083870991,7393.100106013016,Liam Belcher (Wales),Ruck,Green,946408,16,A,500,Wales,22675,Liam,Belcher,2,7606
1900,7378.398203995977,7393.100106013016,Teddy Williams (Wales),Ruck,Yellow,946408,5,A,500,Wales,33845,Teddy,Williams,2,7607
1901,7378.680205955332,7391.627906641,Michael Leitch (Japan),Turnover Attack,Gold,946408,6,H,3000,Japan,11306,Michael,Leitch,2,7607
1902,7381.597676833658,7401.999953729324,Tommy Reffell (Wales),Jackler,Red,946408,21,A,500,Wales,25969,Tommy,Reffell,2,7610
1903,7384.679187962,7396.27868319,Seungsin Lee (Japan),Tackle,Red,946408,10,H,3000,Japan,37841,Seungsin,Lee,2,7613
1904,7385.461609977324,7390.461609977324,Alex Mann (Wales),Ruck,Red,946408,6,A,500,Wales,38683,Alex,Mann,2,7613
1905,7387.147868480725,7402.137194534,Yota Kamimori (Japan),Kick Retreat,Yellow,946408,1,H,3000,Japan,34494,Yota,Kamimori,2,7616
1906,7387.147868480725,7402.137194534,Mamoru Harada (Japan),Kick Retreat,Yellow,946408,2,H,3000,Japan,34483,Mamoru,Harada,2,7616
1907,7387.147868480725,7402.137194534,Shuhei Takeuchi (Japan),Kick Retreat,Yellow,946408,3,H,3000,Japan,37874,Shuhei,Takeuchi,2,7616
1908,7387.147868480725,7402.137194534,Warner Dearns (Japan),Kick Retreat,Yellow,946408,5,H,3000,Japan,40399,Warner,Dearns,2,7616
1909,7387.147868480725,7402.137194534,Michael Leitch (Japan),Kick Retreat,Yellow,946408,6,H,3000,Japan,11306,Michael,Leitch,2,7616
1910,7387.147868480725,7402.137194534,Jack Cornelsen (Japan),Kick Retreat,Yellow,946408,7,H,3000,Japan,23697,Jack,Cornelsen,2,7616
1911,7387.147868480725,7402.137194534,Shinobu Fujiwara (Japan),Kick Retreat,Green,946408,9,H,3000,Japan,30969,Shinobu,Fujiwara,2,7616
1912,7387.147868480725,7402.137194534,Seungsin Lee (Japan),Kick Retreat,Yellow,946408,10,H,3000,Japan,37841,Seungsin,Lee,2,7616
1913,7387.147868480725,7402.137194534,Shogo Nakano (Japan),Kick Retreat,Yellow,946408,12,H,3000,Japan,36750,Shogo,Nakano,2,7616
1914,7387.147868480725,7402.137194534,Dylan Riley (Japan),Kick Retreat,Yellow,946408,13,H,3000,Japan,27652,Dylan,Riley,2,7616
1915,7387.147868480725,7402.137194534,Kippei Ishida (Japan),Kick Retreat,Green,946408,14,H,3000,Japan,34036,Kippei,Ishida,2,7616
1916,7387.147868480725,7402.137194534,Waisake Raratubua (Japan),Kick Retreat,Green,946408,19,H,3000,Japan,30796,Waisake,Raratubua,2,7616
1917,7387.147868480725,7402.137194534,Ben Gunter (Japan),Kick Retreat,Green,946408,20,H,3000,Japan,26283,Ben,Gunter,2,7616
1918,7387.147868480725,7402.137194534,Halatoa Vailea (Japan),Kick Retreat,Yellow,946408,23,H,3000,Japan,30956,Halatoa,Vailea,2,7616
1919,7389.021901785,7396.495158995,Shuhei Takeuchi (Japan),Ruck,Red,946408,3,H,3000,Japan,37874,Shuhei,Takeuchi,2,7616
1920,7389.025956563,7404.740855163,James Ratti (Wales),Kick Chase,Green,946408,19,A,500,Wales,24591,James,Ratti,2,7616
1921,7389.025956563,7404.740855163,Teddy Williams (Wales),Kick Chase,Green,946408,5,A,500,Wales,33845,Teddy,Williams,2,7616
1922,7389.025956563,7404.740855163,Alex Mann (Wales),Kick Chase,Green,946408,6,A,500,Wales,38683,Alex,Mann,2,7616
1923,7389.025956563,7404.740855163,Kieran Hardy (Wales),Kick Chase,Green,946408,9,A,500,Wales,22648,Kieran,Hardy,2,7616
1924,7389.025956563,7404.740855163,Josh Adams (Wales),Kick Chase,Green,946408,11,A,500,Wales,21514,Josh,Adams,2,7616
1925,7389.025956563,7404.740855163,Ben Thomas (Wales),Kick Chase,Yellow,946408,12,A,500,Wales,25826,Ben,Thomas,2,7616
1926,7389.025956563,7404.740855163,Liam Belcher (Wales),Kick Chase,Yellow,946408,16,A,500,Wales,22675,Liam,Belcher,2,7616
1927,7389.025956563,7404.740855163,Gareth Thomas (Wales),Kick Chase,Yellow,946408,17,A,500,Wales,19851,Gareth,Thomas,2,7616
1928,7389.025956563,7404.740855163,Archie Griffin (Wales),Kick Chase,Green,946408,18,A,500,Wales,36663,Archie,Griffin,2,7616
1929,7389.025956563,7404.740855163,Aaron Wainwright (Wales),Kick Chase,Yellow,946408,20,A,500,Wales,29440,Aaron,Wainwright,2,7616
1930,7389.025956563,7404.740855163,Tommy Reffell (Wales),Kick Chase,Yellow,946408,21,A,500,Wales,25969,Tommy,Reffell,2,7616
1931,7389.025956563,7404.740855163,Joe Roberts (Wales),Kick Chase,Green,946408,23,A,500,Wales,33954,Joe,Roberts,2,7616
1932,7390.609064729,7404.740855163,Blair Murray (Wales),Kick Chase,Green,946408,15,A,500,Wales,32980,Blair,Murray,2,7620
1933,7391.495158995,7396.495158995,Mamoru Harada (Japan),Ruck,Red,946408,2,H,3000,Japan,34483,Mamoru,Harada,2,7620
1934,7392.992192888,7399.874447029,Michael Leitch (Japan),Carry,Red,946408,6,H,3000,Japan,11306,Michael,Leitch,2,7620
1935,7398.102436717,7407.358274727,Shinobu Fujiwara (Japan),Kick Chase,Green,946408,9,H,3000,Japan,30969,Shinobu,Fujiwara,2,7622
1936,7398.102436717,7407.358274727,Ichigo Nakakusu (Japan),Kick Chase,Green,946408,22,H,3000,Japan,61472,Ichigo,Nakakusu,2,7622
1937,7398.226445585,7408.973504565,James Ratti (Wales),Kick Retreat,Yellow,946408,19,A,500,Wales,24591,James,Ratti,2,7622
1938,7398.226445585,7408.973504565,Teddy Williams (Wales),Kick Retreat,Yellow,946408,5,A,500,Wales,33845,Teddy,Williams,2,7622
1939,7398.226445585,7408.973504565,Alex Mann (Wales),Kick Retreat,Yellow,946408,6,A,500,Wales,38683,Alex,Mann,2,7622
1940,7398.226445585,7408.973504565,Kieran Hardy (Wales),Kick Retreat,Yellow,946408,9,A,500,Wales,22648,Kieran,Hardy,2,7622
1941,7398.226445585,7408.973504565,Josh Adams (Wales),Kick Retreat,Green,946408,11,A,500,Wales,21514,Josh,Adams,2,7622
1942,7398.226445585,7408.973504565,Ben Thomas (Wales),Kick Retreat,Yellow,946408,12,A,500,Wales,25826,Ben,Thomas,2,7622
1943,7398.226445585,7408.973504565,Tom Rogers (Wales),Kick Retreat,Yellow,946408,14,A,500,Wales,29598,Tom,Rogers,2,7622
1944,7398.226445585,7408.973504565,Blair Murray (Wales),Kick Retreat,Yellow,946408,15,A,500,Wales,32980,Blair,Murray,2,7622
1945,7398.226445585,7408.973504565,Liam Belcher (Wales),Kick Retreat,Green,946408,16,A,500,Wales,22675,Liam,Belcher,2,7622
1946,7398.226445585,7408.973504565,Gareth Thomas (Wales),Kick Retreat,Yellow,946408,17,A,500,Wales,19851,Gareth,Thomas,2,7622
1947,7398.226445585,7408.973504565,Archie Griffin (Wales),Kick Retreat,Yellow,946408,18,A,500,Wales,36663,Archie,Griffin,2,7622
1948,7398.226445585,7408.973504565,Aaron Wainwright (Wales),Kick Retreat,Yellow,946408,20,A,500,Wales,29440,Aaron,Wainwright,2,7622
1949,7398.226445585,7408.973504565,Tommy Reffell (Wales),Kick Retreat,Yellow,946408,21,A,500,Wales,25969,Tommy,Reffell,2,7622
1950,7398.226445585,7408.973504565,Joe Roberts (Wales),Kick Retreat,Yellow,946408,23,A,500,Wales,33954,Joe,Roberts,2,7622
1951,7399.32436969,7407.358274727,Waisake Raratubua (Japan),Kick Chase,Yellow,946408,19,H,3000,Japan,30796,Waisake,Raratubua,2,7622
1952,7400.751362685,7407.358274727,Ben Gunter (Japan),Kick Chase,Green,946408,20,H,3000,Japan,26283,Ben,Gunter,2,7629
1953,7401.560835929,7407.358274727,Yota Kamimori (Japan),Kick Chase,Green,946408,1,H,3000,Japan,34494,Yota,Kamimori,2,7629
1954,7401.560835929,7407.358274727,Mamoru Harada (Japan),Kick Chase,Green,946408,2,H,3000,Japan,34483,Mamoru,Harada,2,7629
1955,7401.560835929,7407.358274727,Shuhei Takeuchi (Japan),Kick Chase,Green,946408,3,H,3000,Japan,37874,Shuhei,Takeuchi,2,7629
1956,7401.560835929,7407.358274727,Warner Dearns (Japan),Kick Chase,Green,946408,5,H,3000,Japan,40399,Warner,Dearns,2,7629
1957,7401.560835929,7407.358274727,Michael Leitch (Japan),Kick Chase,Yellow,946408,6,H,3000,Japan,11306,Michael,Leitch,2,7629
1958,7401.560835929,7407.358274727,Jack Cornelsen (Japan),Kick Chase,Green,946408,7,H,3000,Japan,23697,Jack,Cornelsen,2,7629
1959,7401.560835929,7407.358274727,Shogo Nakano (Japan),Kick Chase,Yellow,946408,12,H,3000,Japan,36750,Shogo,Nakano,2,7629
1960,7401.560835929,7407.358274727,Dylan Riley (Japan),Kick Chase,Yellow,946408,13,H,3000,Japan,27652,Dylan,Riley,2,7629
1961,7401.560835929,7407.358274727,Halatoa Vailea (Japan),Kick Chase,Green,946408,23,H,3000,Japan,30956,Halatoa,Vailea,2,7629
1962,7402.18071339,7419.979082316,James Ratti (Wales),Kick Chase,Green,946408,19,A,500,Wales,24591,James,Ratti,2,7629
1963,7402.18071339,7419.979082316,Teddy Williams (Wales),Kick Chase,Green,946408,5,A,500,Wales,33845,Teddy,Williams,2,7629
1964,7402.18071339,7419.979082316,Alex Mann (Wales),Kick Chase,Green,946408,6,A,500,Wales,38683,Alex,Mann,2,7629
1965,7402.18071339,7419.979082316,Kieran Hardy (Wales),Kick Chase,Yellow,946408,9,A,500,Wales,22648,Kieran,Hardy,2,7629
1966,7402.18071339,7419.979082316,Sam Costelow (Wales),Kick Chase,Green,946408,10,A,500,Wales,33844,Sam,Costelow,2,7629
1967,7402.18071339,7419.979082316,Ben Thomas (Wales),Kick Chase,Yellow,946408,12,A,500,Wales,25826,Ben,Thomas,2,7629
1968,7402.18071339,7419.979082316,Tom Rogers (Wales),Kick Chase,Green,946408,14,A,500,Wales,29598,Tom,Rogers,2,7629
1969,7402.18071339,7419.979082316,Blair Murray (Wales),Kick Chase,Green,946408,15,A,500,Wales,32980,Blair,Murray,2,7629
1970,7402.18071339,7419.979082316,Liam Belcher (Wales),Kick Chase,Green,946408,16,A,500,Wales,22675,Liam,Belcher,2,7629
1971,7402.18071339,7419.979082316,Gareth Thomas (Wales),Kick Chase,Green,946408,17,A,500,Wales,19851,Gareth,Thomas,2,7629
1972,7402.18071339,7419.979082316,Archie Griffin (Wales),Kick Chase,Green,946408,18,A,500,Wales,36663,Archie,Griffin,2,7629
1973,7402.18071339,7419.979082316,Aaron Wainwright (Wales),Kick Chase,Yellow,946408,20,A,500,Wales,29440,Aaron,Wainwright,2,7629
1974,7402.18071339,7419.979082316,Tommy Reffell (Wales),Kick Chase,Yellow,946408,21,A,500,Wales,25969,Tommy,Reffell,2,7629
1975,7402.18071339,7419.979082316,Joe Roberts (Wales),Kick Chase,Green,946408,23,A,500,Wales,33954,Joe,Roberts,2,7629
1976,7403.084557934,7422.226818199,Yota Kamimori (Japan),Kick Retreat,Green,946408,1,H,3000,Japan,34494,Yota,Kamimori,2,7629
1977,7403.084557934,7422.226818199,Mamoru Harada (Japan),Kick Retreat,Yellow,946408,2,H,3000,Japan,34483,Mamoru,Harada,2,7629
1978,7403.084557934,7422.226818199,Shuhei Takeuchi (Japan),Kick Retreat,Yellow,946408,3,H,3000,Japan,37874,Shuhei,Takeuchi,2,7629
1979,7403.084557934,7422.226818199,Warner Dearns (Japan),Kick Retreat,Yellow,946408,5,H,3000,Japan,40399,Warner,Dearns,2,7629
1980,7403.084557934,7422.226818199,Michael Leitch (Japan),Kick Retreat,Yellow,946408,6,H,3000,Japan,11306,Michael,Leitch,2,7629
1981,7403.084557934,7422.226818199,Jack Cornelsen (Japan),Kick Retreat,Yellow,946408,7,H,3000,Japan,23697,Jack,Cornelsen,2,7629
1982,7403.084557934,7422.226818199,Shinobu Fujiwara (Japan),Kick Retreat,Green,946408,9,H,3000,Japan,30969,Shinobu,Fujiwara,2,7629
1983,7403.084557934,7422.226818199,Shogo Nakano (Japan),Kick Retreat,Green,946408,12,H,3000,Japan,36750,Shogo,Nakano,2,7629
1984,7403.084557934,7422.226818199,Dylan Riley (Japan),Kick Retreat,Yellow,946408,13,H,3000,Japan,27652,Dylan,Riley,2,7629
1985,7403.084557934,7422.226818199,Waisake Raratubua (Japan),Kick Retreat,Green,946408,19,H,3000,Japan,30796,Waisake,Raratubua,2,7629
1986,7403.084557934,7422.226818199,Ben Gunter (Japan),Kick Retreat,Yellow,946408,20,H,3000,Japan,26283,Ben,Gunter,2,7629
1987,7403.084557934,7422.226818199,Ichigo Nakakusu (Japan),Kick Retreat,Yellow,946408,22,H,3000,Japan,61472,Ichigo,Nakakusu,2,7629
1988,7410.797802342995,7430.200085743347,Blair Murray (Wales),Tackle,Red,946408,15,A,500,Wales,32980,Blair,Murray,2,7638
1989,7413.197272544636,7431.799970391331,James Ratti (Wales),Jackler,Red,946408,19,A,500,Wales,24591,James,Ratti,2,7642
1990,7414.406427367,7419.406427367,Joe Roberts (Wales),Tackle,Green,946408,23,A,500,Wales,33954,Joe,Roberts,2,7643
1991,7417.597706127653,7431.799970391331,Tom Rogers (Wales),Jackler,Green,946408,14,A,500,Wales,29598,Tom,Rogers,2,7646
1992,7418.730113378685,7438.424693877551,Seungsin Lee (Japan),Ruck,Red,946408,10,H,3000,Japan,37841,Seungsin,Lee,2,7646
1993,7420.59769539634,7442.6999566536515,Gareth Thomas (Wales),Tackle,Green,946408,17,A,500,Wales,19851,Gareth,Thomas,2,7649
1994,7420.697806750648,7442.6999566536515,Teddy Williams (Wales),Tackle,Green,946408,5,A,500,Wales,33845,Teddy,Williams,2,7649
1995,7422.506473298,7429.313823531,Shogo Nakano (Japan),Ruck,Red,946408,12,H,3000,Japan,36750,Shogo,Nakano,2,7651
1996,7424.313823531,7429.313823531,Jack Cornelsen (Japan),Ruck,Red,946408,7,H,3000,Japan,23697,Jack,Cornelsen,2,7651
1997,7425.452995736,7430.452995736,Kippei Ishida (Japan),Carry,Red,946408,14,H,3000,Japan,34036,Kippei,Ishida,2,7657
1998,7431.611020408163,7446.16512322,James Ratti (Wales),Kick Retreat,Green,946408,19,A,500,Wales,24591,James,Ratti,2,7657
1999,7431.611020408163,7446.16512322,Teddy Williams (Wales),Kick Retreat,Green,946408,5,A,500,Wales,33845,Teddy,Williams,2,7657
2000,7431.611020408163,7446.16512322,Alex Mann (Wales),Kick Retreat,Green,946408,6,A,500,Wales,38683,Alex,Mann,2,7657
2001,7431.611020408163,7446.16512322,Kieran Hardy (Wales),Kick Retreat,Green,946408,9,A,500,Wales,22648,Kieran,Hardy,2,7657
2002,7431.611020408163,7446.16512322,Ben Thomas (Wales),Kick Retreat,Green,946408,12,A,500,Wales,25826,Ben,Thomas,2,7657
2003,7431.611020408163,7446.16512322,Tom Rogers (Wales),Kick Retreat,Green,946408,14,A,500,Wales,29598,Tom,Rogers,2,7657
2004,7431.611020408163,7446.16512322,Liam Belcher (Wales),Kick Retreat,Green,946408,16,A,500,Wales,22675,Liam,Belcher,2,7657
2005,7431.611020408163,7446.16512322,Gareth Thomas (Wales),Kick Retreat,Green,946408,17,A,500,Wales,19851,Gareth,Thomas,2,7657
2006,7431.611020408163,7446.16512322,Archie Griffin (Wales),Kick Retreat,Green,946408,18,A,500,Wales,36663,Archie,Griffin,2,7657
2007,7431.611020408163,7446.16512322,Aaron Wainwright (Wales),Kick Retreat,Green,946408,20,A,500,Wales,29440,Aaron,Wainwright,2,7657
2008,7431.611020408163,7446.16512322,Tommy Reffell (Wales),Kick Retreat,Green,946408,21,A,500,Wales,25969,Tommy,Reffell,2,7657
2009,7431.611020408163,7446.16512322,Joe Roberts (Wales),Kick Retreat,Green,946408,23,A,500,Wales,33954,Joe,Roberts,2,7657
2010,7432.237144590205,7446.16512322,Blair Murray (Wales),Kick Retreat,Green,946408,15,A,500,Wales,32980,Blair,Murray,2,7704
2011,7433.521460355,7446.91612244898,Kippei Ishida (Japan),Kick Chase,Gold,946408,14,H,3000,Japan,34036,Kippei,Ishida,2,7704
2012,7433.522569727,7438.522569727,Mamoru Harada (Japan),Ruck,Green,946408,2,H,3000,Japan,34483,Mamoru,Harada,2,7704
2013,7433.754256542,7447.199697949992,Yota Kamimori (Japan),Kick Chase,Green,946408,1,H,3000,Japan,34494,Yota,Kamimori,2,7704
2014,7433.754256542,7447.199697949992,Mamoru Harada (Japan),Kick Chase,Green,946408,2,H,3000,Japan,34483,Mamoru,Harada,2,7704
2015,7433.754256542,7447.199697949992,Shuhei Takeuchi (Japan),Kick Chase,Green,946408,3,H,3000,Japan,37874,Shuhei,Takeuchi,2,7704
2016,7433.754256542,7447.199697949992,Warner Dearns (Japan),Kick Chase,Green,946408,5,H,3000,Japan,40399,Warner,Dearns,2,7704
2017,7433.754256542,7447.199697949992,Michael Leitch (Japan),Kick Chase,Green,946408,6,H,3000,Japan,11306,Michael,Leitch,2,7704
2018,7433.754256542,7447.199697949992,Jack Cornelsen (Japan),Kick Chase,Green,946408,7,H,3000,Japan,23697,Jack,Cornelsen,2,7704
2019,7433.754256542,7447.199697949992,Shinobu Fujiwara (Japan),Kick Chase,Green,946408,9,H,3000,Japan,30969,Shinobu,Fujiwara,2,7704
2020,7433.754256542,7447.199697949992,Shogo Nakano (Japan),Kick Chase,Green,946408,12,H,3000,Japan,36750,Shogo,Nakano,2,7704
2021,7433.754256542,7447.199697949992,Dylan Riley (Japan),Kick Chase,Green,946408,13,H,3000,Japan,27652,Dylan,Riley,2,7704
2022,7433.754256542,7447.199697949992,Waisake Raratubua (Japan),Kick Chase,Green,946408,19,H,3000,Japan,30796,Waisake,Raratubua,2,7704
2023,7433.754256542,7447.199697949992,Ben Gunter (Japan),Kick Chase,Green,946408,20,H,3000,Japan,26283,Ben,Gunter,2,7704
2024,7433.754256542,7447.199697949992,Halatoa Vailea (Japan),Kick Chase,Green,946408,23,H,3000,Japan,30956,Halatoa,Vailea,2,7704
2025,7434.658256315,7439.658256315,Waisake Raratubua (Japan),Ruck,Green,946408,19,H,3000,Japan,30796,Waisake,Raratubua,2,7704
2026,7437.273366777,7442.273366777,Yota Kamimori (Japan),Ruck,Green,946408,1,H,3000,Japan,34494,Yota,Kamimori,2,7706
2027,7437.799921464994,7444.554616465,Warner Dearns (Japan),Carry,Green,946408,5,H,3000,Japan,40399,Warner,Dearns,2,7707
2028,7438.898972665984,7456.900190068653,Josh Adams (Wales),Tackle,Green,946408,11,A,500,Wales,21514,Josh,Adams,2,7707
2029,7444.511657683,7463.35154347,Yota Kamimori (Japan),Kick Chase,Red,946408,1,H,3000,Japan,34494,Yota,Kamimori,2,7710
2030,7444.511657683,7463.35154347,Mamoru Harada (Japan),Kick Chase,Red,946408,2,H,3000,Japan,34483,Mamoru,Harada,2,7710
2031,7444.511657683,7463.35154347,Warner Dearns (Japan),Kick Chase,Green,946408,5,H,3000,Japan,40399,Warner,Dearns,2,7710
2032,7444.511657683,7463.35154347,Michael Leitch (Japan),Kick Chase,Green,946408,6,H,3000,Japan,11306,Michael,Leitch,2,7710
2033,7444.511657683,7463.35154347,Jack Cornelsen (Japan),Kick Chase,Red,946408,7,H,3000,Japan,23697,Jack,Cornelsen,2,7710
2034,7444.511657683,7463.35154347,Shinobu Fujiwara (Japan),Kick Chase,Green,946408,9,H,3000,Japan,30969,Shinobu,Fujiwara,2,7710
2035,7444.511657683,7463.35154347,Shogo Nakano (Japan),Kick Chase,Red,946408,12,H,3000,Japan,36750,Shogo,Nakano,2,7710
2036,7444.511657683,7463.35154347,Dylan Riley (Japan),Kick Chase,Green,946408,13,H,3000,Japan,27652,Dylan,Riley,2,7710
2037,7444.511657683,7463.35154347,Kippei Ishida (Japan),Kick Chase,Green,946408,14,H,3000,Japan,34036,Kippei,Ishida,2,7710
2038,7444.511657683,7463.35154347,Waisake Raratubua (Japan),Kick Chase,Green,946408,19,H,3000,Japan,30796,Waisake,Raratubua,2,7710
2039,7444.511657683,7463.35154347,Ben Gunter (Japan),Kick Chase,Green,946408,20,H,3000,Japan,26283,Ben,Gunter,2,7710
2040,7444.511657683,7463.35154347,Halatoa Vailea (Japan),Kick Chase,Green,946408,23,H,3000,Japan,30956,Halatoa,Vailea,2,7710
2041,7444.8965759637185,7461.838704461,James Ratti (Wales),Kick Retreat,Green,946408,19,A,500,Wales,24591,James,Ratti,2,7710
2042,7444.8965759637185,7461.838704461,Teddy Williams (Wales),Kick Retreat,Green,946408,5,A,500,Wales,33845,Teddy,Williams,2,7710
2043,7444.8965759637185,7461.838704461,Alex Mann (Wales),Kick Retreat,Green,946408,6,A,500,Wales,38683,Alex,Mann,2,7710
2044,7444.8965759637185,7461.838704461,Kieran Hardy (Wales),Kick Retreat,Green,946408,9,A,500,Wales,22648,Kieran,Hardy,2,7710
2045,7444.8965759637185,7461.838704461,Josh Adams (Wales),Kick Retreat,Green,946408,11,A,500,Wales,21514,Josh,Adams,2,7710
2046,7444.8965759637185,7461.838704461,Ben Thomas (Wales),Kick Retreat,Green,946408,12,A,500,Wales,25826,Ben,Thomas,2,7710
2047,7444.8965759637185,7461.838704461,Tom Rogers (Wales),Kick Retreat,Green,946408,14,A,500,Wales,29598,Tom,Rogers,2,7710
2048,7444.8965759637185,7461.838704461,Liam Belcher (Wales),Kick Retreat,Green,946408,16,A,500,Wales,22675,Liam,Belcher,2,7710
2049,7444.8965759637185,7461.838704461,Gareth Thomas (Wales),Kick Retreat,Yellow,946408,17,A,500,Wales,19851,Gareth,Thomas,2,7710
2050,7444.8965759637185,7461.838704461,Archie Griffin (Wales),Kick Retreat,Green,946408,18,A,500,Wales,36663,Archie,Griffin,2,7710
2051,7444.8965759637185,7461.838704461,Aaron Wainwright (Wales),Kick Retreat,Green,946408,20,A,500,Wales,29440,Aaron,Wainwright,2,7710
2052,7444.8965759637185,7461.838704461,Tommy Reffell (Wales),Kick Retreat,Green,946408,21,A,500,Wales,25969,Tommy,Reffell,2,7710
2053,7444.8965759637185,7461.838704461,Joe Roberts (Wales),Kick Retreat,Green,946408,23,A,500,Wales,33954,Joe,Roberts,2,7710
2054,7444.950090702948,7453.44556373,Mamoru Harada (Japan),Ruck,Yellow,946408,2,H,3000,Japan,34483,Mamoru,Harada,2,7710
2055,7444.971936613,7451.668703195,Alex Mann (Wales),Charge Down,Green,946408,6,A,500,Wales,38683,Alex,Mann,2,7710
2056,7447.510022675737,7452.510022675737,Jack Cornelsen (Japan),Ruck,Green,946408,7,H,3000,Japan,23697,Jack,Cornelsen,2,7717
2057,7448.062130325,7465.194341891,Shogo Nakano (Japan),Ruck,Red,946408,12,H,3000,Japan,36750,Shogo,Nakano,2,7717
2058,7453.199296243007,7473.700414245004,Ben Thomas (Wales),Carry,Green,946408,12,A,500,Wales,25826,Ben,Thomas,2,7722
2059,7454.17201814059,7459.17201814059,Ben Gunter (Japan),Tackle,Green,946408,20,H,3000,Japan,26283,Ben,Gunter,2,7724
2060,7454.833213218,7462.273097267,Dylan Riley (Japan),Tackle,Green,946408,13,H,3000,Japan,27652,Dylan,Riley,2,7724
2061,7454.997554036306,7471.900038663014,Tommy Reffell (Wales),Ruck,Red,946408,21,A,500,Wales,25969,Tommy,Reffell,2,7724
2062,7455.597345953649,7471.900038663014,Aaron Wainwright (Wales),Ruck,Green,946408,20,A,500,Wales,29440,Aaron,Wainwright,2,7724
2063,7458.101655328798,7465.098650926,Yota Kamimori (Japan),Phase Defence,Red,946408,1,H,3000,Japan,34494,Yota,Kamimori,2,7726
2064,7458.101655328798,7465.098650926,Mamoru Harada (Japan),Phase Defence,Red,946408,2,H,3000,Japan,34483,Mamoru,Harada,2,7726
2065,7458.101655328798,7465.098650926,Shuhei Takeuchi (Japan),Phase Defence,Red,946408,3,H,3000,Japan,37874,Shuhei,Takeuchi,2,7726
2066,7458.101655328798,7465.098650926,Jack Cornelsen (Japan),Phase Defence,Red,946408,7,H,3000,Japan,23697,Jack,Cornelsen,2,7726
2067,7458.101655328798,7465.098650926,Shogo Nakano (Japan),Phase Defence,Red,946408,12,H,3000,Japan,36750,Shogo,Nakano,2,7726
2068,7461.397733702971,7474.399894823667,Liam Belcher (Wales),Carry,Green,946408,16,A,500,Wales,22675,Liam,Belcher,2,7730
2069,7462.198796790968,7476.500063471665,Archie Griffin (Wales),Ruck,Red,946408,18,A,500,Wales,36663,Archie,Griffin,2,7729
2070,7462.620083037,7467.620083037,Ben Gunter (Japan),Jackler,Green,946408,20,H,3000,Japan,26283,Ben,Gunter,2,7729
2071,7464.404648526077,7473.0130322,Shuhei Takeuchi (Japan),Tackle,Red,946408,3,H,3000,Japan,37874,Shuhei,Takeuchi,2,7732
2072,7464.913968253968,7469.913968253968,Waisake Raratubua (Japan),Tackle,Green,946408,19,H,3000,Japan,30796,Waisake,Raratubua,2,7732
2073,7466.498818595649,7479.199975802335,Teddy Williams (Wales),Carry,Green,946408,5,A,500,Wales,33845,Teddy,Williams,2,7735
2074,7467.997826882644,7484.300061150001,James Ratti (Wales),Carry,Red,946408,19,A,500,Wales,24591,James,Ratti,2,7737
2075,7469.298004783999,7482.900018784024,Gareth Thomas (Wales),Ruck,Red,946408,17,A,500,Wales,19851,Gareth,Thomas,2,7738
2076,7469.42379109,7476.950161226,Jack Cornelsen (Japan),Tackle,Green,946408,7,H,3000,Japan,23697,Jack,Cornelsen,2,7738
2077,7471.314217687075,7480.553178502,Shogo Nakano (Japan),Tackle,Red,946408,12,H,3000,Japan,36750,Shogo,Nakano,2,7740
2078,7471.445986394558,7477.79656729466,Yota Kamimori (Japan),Jackler,Red,946408,1,H,3000,Japan,34494,Yota,Kamimori,2,7740
2079,7472.098168046986,7489.49991135799,Aaron Wainwright (Wales),Tackle,Yellow,946408,20,A,500,Wales,29440,Aaron,Wainwright,2,7740
2080,7475.29749883334,7493.599984688357,Blair Murray (Wales),Jackler,Red,946408,15,A,500,Wales,32980,Blair,Murray,2,7741
2081,7479.582182105,7497.088740191,James Ratti (Wales),Kick Retreat,Green,946408,19,A,500,Wales,24591,James,Ratti,2,7745
2082,7479.582182105,7497.088740191,Teddy Williams (Wales),Kick Retreat,Green,946408,5,A,500,Wales,33845,Teddy,Williams,2,7745
2083,7479.582182105,7497.088740191,Alex Mann (Wales),Kick Retreat,Green,946408,6,A,500,Wales,38683,Alex,Mann,2,7745
2084,7479.582182105,7497.088740191,Kieran Hardy (Wales),Kick Retreat,Yellow,946408,9,A,500,Wales,22648,Kieran,Hardy,2,7745
2085,7479.582182105,7497.088740191,Sam Costelow (Wales),Kick Retreat,Green,946408,10,A,500,Wales,33844,Sam,Costelow,2,7745
2086,7479.582182105,7497.088740191,Josh Adams (Wales),Kick Retreat,Green,946408,11,A,500,Wales,21514,Josh,Adams,2,7745
2087,7479.582182105,7497.088740191,Ben Thomas (Wales),Kick Retreat,Yellow,946408,12,A,500,Wales,25826,Ben,Thomas,2,7745
2088,7479.582182105,7497.088740191,Tom Rogers (Wales),Kick Retreat,Green,946408,14,A,500,Wales,29598,Tom,Rogers,2,7745
2089,7479.582182105,7497.088740191,Blair Murray (Wales),Kick Retreat,Yellow,946408,15,A,500,Wales,32980,Blair,Murray,2,7745
2090,7479.582182105,7497.088740191,Liam Belcher (Wales),Kick Retreat,Yellow,946408,16,A,500,Wales,22675,Liam,Belcher,2,7745
2091,7479.582182105,7497.088740191,Gareth Thomas (Wales),Kick Retreat,Yellow,946408,17,A,500,Wales,19851,Gareth,Thomas,2,7745
2092,7479.582182105,7497.088740191,Archie Griffin (Wales),Kick Retreat,Yellow,946408,18,A,500,Wales,36663,Archie,Griffin,2,7745
2093,7479.582182105,7497.088740191,Aaron Wainwright (Wales),Kick Retreat,Green,946408,20,A,500,Wales,29440,Aaron,Wainwright,2,7745
2094,7479.582182105,7497.088740191,Tommy Reffell (Wales),Kick Retreat,Yellow,946408,21,A,500,Wales,25969,Tommy,Reffell,2,7745
2095,7479.582182105,7497.088740191,Joe Roberts (Wales),Kick Retreat,Green,946408,23,A,500,Wales,33954,Joe,Roberts,2,7745
2096,7480.093581430598,7489.002030306,Kieran Hardy (Wales),Charge Down,Green,946408,9,A,500,Wales,22648,Kieran,Hardy,2,7745
2097,7480.255950328,7497.109793671,Yota Kamimori (Japan),Kick Chase,Green,946408,1,H,3000,Japan,34494,Yota,Kamimori,2,7745
2098,7480.255950328,7497.109793671,Mamoru Harada (Japan),Kick Chase,Yellow,946408,2,H,3000,Japan,34483,Mamoru,Harada,2,7745
2099,7480.255950328,7497.109793671,Shuhei Takeuchi (Japan),Kick Chase,Green,946408,3,H,3000,Japan,37874,Shuhei,Takeuchi,2,7745
2100,7480.255950328,7497.109793671,Warner Dearns (Japan),Kick Chase,Green,946408,5,H,3000,Japan,40399,Warner,Dearns,2,7745
2101,7480.255950328,7497.109793671,Michael Leitch (Japan),Kick Chase,Green,946408,6,H,3000,Japan,11306,Michael,Leitch,2,7745
2102,7480.255950328,7497.109793671,Jack Cornelsen (Japan),Kick Chase,Yellow,946408,7,H,3000,Japan,23697,Jack,Cornelsen,2,7745
2103,7480.255950328,7497.109793671,Shinobu Fujiwara (Japan),Kick Chase,Green,946408,9,H,3000,Japan,30969,Shinobu,Fujiwara,2,7745
2104,7480.255950328,7497.109793671,Shogo Nakano (Japan),Kick Chase,Yellow,946408,12,H,3000,Japan,36750,Shogo,Nakano,2,7745
2105,7480.255950328,7497.109793671,Dylan Riley (Japan),Kick Chase,Yellow,946408,13,H,3000,Japan,27652,Dylan,Riley,2,7745
2106,7480.255950328,7497.109793671,Waisake Raratubua (Japan),Kick Chase,Yellow,946408,19,H,3000,Japan,30796,Waisake,Raratubua,2,7745
2107,7480.255950328,7497.109793671,Ben Gunter (Japan),Kick Chase,Green,946408,20,H,3000,Japan,26283,Ben,Gunter,2,7745
2108,7483.487705248,7488.487705248,Mamoru Harada (Japan),Ruck,Red,946408,2,H,3000,Japan,34483,Mamoru,Harada,2,7756
2109,7484.268522608,7497.109793671,Seungsin Lee (Japan),Kick Chase,Yellow,946408,10,H,3000,Japan,37841,Seungsin,Lee,2,7756
2110,7536.201904761905,7556.7471428571425,Ben Gunter (Japan),Ruck,Red,946408,20,H,3000,Japan,26283,Ben,Gunter,2,7845
2111,7537.897748751344,7555.599916655655,Alex Mann (Wales),Tackle,Red,946408,6,A,500,Wales,38683,Alex,Mann,2,7846
2112,7538.685251859999,7555.098118141321,Jack Cornelsen (Japan),Ruck,Red,946408,7,H,3000,Japan,23697,Jack,Cornelsen,2,7847
2113,7539.314263038549,7544.314263038549,Ben Thomas (Wales),Kick Chase,Red,946408,12,A,500,Wales,25826,Ben,Thomas,2,7847
2114,7539.314263038549,7544.314263038549,Aaron Wainwright (Wales),Kick Chase,Red,946408,20,A,500,Wales,29440,Aaron,Wainwright,2,7847
2115,7540.077188208616,7549.798813408328,Tommy Reffell (Wales),Tackle,Red,946408,21,A,500,Wales,25969,Tommy,Reffell,2,7849
2116,7541.097907816677,7557.199973537669,Liam Belcher (Wales),Tackle,Green,946408,16,A,500,Wales,22675,Liam,Belcher,2,7850
2117,7541.398588942,7557.199973537669,Archie Griffin (Wales),Tackle,Green,946408,18,A,500,Wales,36663,Archie,Griffin,2,7850
2118,7541.430498866213,7558.496696986322,Michael Leitch (Japan),Ruck,Green,946408,6,H,3000,Japan,11306,Michael,Leitch,2,7850
2119,7542.456298234,7548.899030703985,Halatoa Vailea (Japan),Carry,Green,946408,23,H,3000,Japan,30956,Halatoa,Vailea,2,7850
2120,7545.6581405895695,7553.465273524,Waisake Raratubua (Japan),Ruck,Yellow,946408,19,H,3000,Japan,30796,Waisake,Raratubua,2,7854
2121,7547.797456382,7565.20044590067,Gareth Thomas (Wales),Tackle,Red,946408,17,A,500,Wales,19851,Gareth,Thomas,2,7856
2122,7547.898018137321,7553.800088811681,James Ratti (Wales),Tackle,Green,946408,19,A,500,Wales,24591,James,Ratti,2,7857
2123,7549.06039454,7554.06039454,Shuhei Takeuchi (Japan),Ruck,Red,946408,3,H,3000,Japan,37874,Shuhei,Takeuchi,2,7858
2124,7549.06039454,7556.996239277988,Mamoru Harada (Japan),Carry,Green,946408,2,H,3000,Japan,34483,Mamoru,Harada,2,7858
2125,7549.197455311316,7563.299956520007,James Ratti (Wales),Jackler,Red,946408,19,A,500,Wales,24591,James,Ratti,2,7858
2126,7551.997597991337,7568.300008170331,Joe Roberts (Wales),Tackle,Green,946408,23,A,500,Wales,33954,Joe,Roberts,2,7901
2127,7552.518705651,7560.952976264,Warner Dearns (Japan),Ruck,Red,946408,5,H,3000,Japan,40399,Warner,Dearns,2,7901
2128,7552.6975181576545,7568.300008170331,Liam Belcher (Wales),Tackle,Green,946408,16,A,500,Wales,22675,Liam,Belcher,2,7901
2129,7553.187596371882,7563.182065822,Yota Kamimori (Japan),Ruck,Green,946408,1,H,3000,Japan,34494,Yota,Kamimori,2,7902
2130,7554.719115646259,7559.719115646259,Shogo Nakano (Japan),Carry,Red,946408,12,H,3000,Japan,36750,Shogo,Nakano,2,7903
2131,7558.032426303855,7571.095480394661,Shuhei Takeuchi (Japan),Carry,Yellow,946408,3,H,3000,Japan,37874,Shuhei,Takeuchi,2,7907
2132,7558.267369863,7565.519978724,Waisake Raratubua (Japan),Ruck,Green,946408,19,H,3000,Japan,30796,Waisake,Raratubua,2,7907
2133,7558.798342157652,7580.79991922067,Archie Griffin (Wales),Tackle,Red,946408,18,A,500,Wales,36663,Archie,Griffin,2,7908
2134,7559.098053658994,7580.79991922067,Alex Mann (Wales),Tackle,Yellow,946408,6,A,500,Wales,38683,Alex,Mann,2,7908
2135,7560.986388534,7568.209988258,Ben Gunter (Japan),Ruck,Green,946408,20,H,3000,Japan,26283,Ben,Gunter,2,7911
2136,7562.353786848073,7571.31900817,Jack Cornelsen (Japan),Ruck,Red,946408,7,H,3000,Japan,23697,Jack,Cornelsen,2,7911
2137,7563.866227885,7568.866227885,Gareth Thomas (Wales),Phase Defence,Red,946408,17,A,500,Wales,19851,Gareth,Thomas,2,7912
2138,7566.948708025,7574.584891045,Mamoru Harada (Japan),Ruck,Red,946408,2,H,3000,Japan,34483,Mamoru,Harada,2,7916
2139,7567.698401404988,7589.899941216999,Aaron Wainwright (Wales),Tackle,Green,946408,20,A,500,Wales,29440,Aaron,Wainwright,2,7916
2140,7568.797312279666,7589.899941216999,Liam Belcher (Wales),Tackle,Green,946408,16,A,500,Wales,22675,Liam,Belcher,2,7919
2141,7569.584891045,7577.443694405,Michael Leitch (Japan),Carry,Red,946408,6,H,3000,Japan,11306,Michael,Leitch,2,7919
2142,7574.09754039099,7587.299956467011,Alex Mann (Wales),Tackle,Red,946408,6,A,500,Wales,38683,Alex,Mann,2,7923
2143,7574.997562550317,7591.399997272315,Tommy Reffell (Wales),Tackle,Red,946408,21,A,500,Wales,25969,Tommy,Reffell,2,7924
2144,7575.687387055,7582.225243186,Seungsin Lee (Japan),Ruck,Red,946408,10,H,3000,Japan,37841,Seungsin,Lee,2,7924
2145,7577.398310340643,7591.399997272315,Teddy Williams (Wales),Tackle,Green,946408,5,A,500,Wales,33845,Teddy,Williams,2,7926
2146,7578.189422604,7583.189422604,Yota Kamimori (Japan),Ruck,Green,946408,1,H,3000,Japan,34494,Yota,Kamimori,2,7926
2147,7579.053899288,7584.053899288,Shuhei Takeuchi (Japan),Ruck,Red,946408,3,H,3000,Japan,37874,Shuhei,Takeuchi,2,7928
2148,7579.053899288,7585.618837985,Waisake Raratubua (Japan),Carry,Red,946408,19,H,3000,Japan,30796,Waisake,Raratubua,2,7928
2149,7582.498947174639,7590.800014619329,Alex Mann (Wales),Phase Defence,Red,946408,6,A,500,Wales,38683,Alex,Mann,2,7930
2150,7583.069297052154,7590.202836606,Halatoa Vailea (Japan),Ruck,Red,946408,23,H,3000,Japan,30956,Halatoa,Vailea,2,7930
2151,7583.298025222991,7600.699967270678,Archie Griffin (Wales),Tackle,Red,946408,18,A,500,Wales,36663,Archie,Griffin,2,7933
2152,7583.798057305661,7600.699967270678,Liam Belcher (Wales),Tackle,Green,946408,16,A,500,Wales,22675,Liam,Belcher,2,7933
2153,7583.907573696145,7592.512979138,Mamoru Harada (Japan),Ruck,Yellow,946408,2,H,3000,Japan,34483,Mamoru,Harada,2,7933
2154,7585.097882556655,7600.699967270678,Teddy Williams (Wales),Tackle,Green,946408,5,A,500,Wales,33845,Teddy,Williams,2,7934
2155,7588.272576534,7593.272576534,Jack Cornelsen (Japan),Ruck,Red,946408,7,H,3000,Japan,23697,Jack,Cornelsen,2,7932
2156,7588.272576534,7594.968121137,Michael Leitch (Japan),Carry,Red,946408,6,H,3000,Japan,11306,Michael,Leitch,2,7932
2157,7593.597969906314,7611.300002038656,Tommy Reffell (Wales),Jackler,Yellow,946408,21,A,500,Wales,25969,Tommy,Reffell,2,7942
2158,7593.6953968253965,7603.100614122,Shuhei Takeuchi (Japan),Ruck,Red,946408,3,H,3000,Japan,37874,Shuhei,Takeuchi,2,7942
2159,7593.6986740273105,7613.600008581998,Alex Mann (Wales),Tackle,Green,946408,6,A,500,Wales,38683,Alex,Mann,2,7942
2160,7596.77439909297,7605.542165044,Warner Dearns (Japan),Ruck,Green,946408,5,H,3000,Japan,40399,Warner,Dearns,2,7944
2161,7598.100614122,7603.100614122,Yota Kamimori (Japan),Ruck,Red,946408,1,H,3000,Japan,34494,Yota,Kamimori,2,7948
2162,7600.542165044,7605.542165044,Ben Gunter (Japan),Carry,Green,946408,20,H,3000,Japan,26283,Ben,Gunter,2,7949
2163,7601.279682539683,7613.620983437,Michael Leitch (Japan),Ruck,Red,946408,6,H,3000,Japan,11306,Michael,Leitch,2,7950
2164,7601.797971545999,7617.599935634331,Liam Belcher (Wales),Tackle,Green,946408,16,A,500,Wales,22675,Liam,Belcher,2,7951
2165,7602.7245578231295,7615.742451007,Jack Cornelsen (Japan),Carry,Yellow,946408,7,H,3000,Japan,23697,Jack,Cornelsen,2,7951
2166,7603.634135037,7611.110074704,Dylan Riley (Japan),Ruck,Red,946408,13,H,3000,Japan,27652,Dylan,Riley,2,7951
2167,7603.685736961451,7612.481275433,Mamoru Harada (Japan),Ruck,Yellow,946408,2,H,3000,Japan,34483,Mamoru,Harada,2,7951
2168,7604.298613172998,7618.800200015325,James Ratti (Wales),Jackler,Red,946408,19,A,500,Wales,24591,James,Ratti,2,7954
2169,7611.497487081327,7637.100011911325,Gareth Thomas (Wales),Tackle,Yellow,946408,17,A,500,Wales,19851,Gareth,Thomas,2,8000
2170,7612.498610185976,7629.70001077433,Liam Belcher (Wales),Jackler,Red,946408,16,A,500,Wales,22675,Liam,Belcher,2,8001
2171,7612.697357244342,7637.100011911325,Archie Griffin (Wales),Tackle,Yellow,946408,18,A,500,Wales,36663,Archie,Griffin,2,8001
2172,7612.709591836735,7618.46999625,Ichigo Nakakusu (Japan),Ruck,Green,946408,22,H,3000,Japan,61472,Ichigo,Nakakusu,2,8001
2173,7613.516031746031,7624.491649507,Waisake Raratubua (Japan),Carry,Green,946408,19,H,3000,Japan,30796,Waisake,Raratubua,2,8003
2174,7613.697862393999,7629.70001077433,Tommy Reffell (Wales),Jackler,Red,946408,21,A,500,Wales,25969,Tommy,Reffell,2,8003
2175,7614.491283411,7619.491283411,Shuhei Takeuchi (Japan),Ruck,Red,946408,3,H,3000,Japan,37874,Shuhei,Takeuchi,2,8003
2176,7614.531156462585,7622.398179873,Yota Kamimori (Japan),Ruck,Yellow,946408,1,H,3000,Japan,34494,Yota,Kamimori,2,8003
2177,7620.682040816327,7627.357884796,Ichigo Nakakusu (Japan),Ruck,Green,946408,22,H,3000,Japan,61472,Ichigo,Nakakusu,2,8010
2178,7622.367990207,7630.048701834,Shogo Nakano (Japan),Ruck,Red,946408,12,H,3000,Japan,36750,Shogo,Nakano,2,8011
2179,7622.798691339652,7641.500041121664,Teddy Williams (Wales),Jackler,Green,946408,5,A,500,Wales,33845,Teddy,Williams,2,8012
2180,7623.975276024,7628.975276024,Mamoru Harada (Japan),Ruck,Green,946408,2,H,3000,Japan,34483,Mamoru,Harada,2,8012
2181,7623.975276024,7630.902730515,Warner Dearns (Japan),Ruck,Red,946408,5,H,3000,Japan,40399,Warner,Dearns,2,8012
2182,7624.92560090703,7633.12353057,Ben Gunter (Japan),Carry,Green,946408,20,H,3000,Japan,26283,Ben,Gunter,2,8012
2183,7626.184784580499,7632.572620049,Jack Cornelsen (Japan),Ruck,Red,946408,7,H,3000,Japan,23697,Jack,Cornelsen,2,8016
2184,7631.578752834467,7640.206501213,Shuhei Takeuchi (Japan),Ruck,Red,946408,3,H,3000,Japan,37874,Shuhei,Takeuchi,2,8021
2185,7632.513401360544,7642.499283489661,Dylan Riley (Japan),Ruck,Red,946408,13,H,3000,Japan,27652,Dylan,Riley,2,8021
2186,7633.387600468,7640.91521628,Yota Kamimori (Japan),Ruck,Yellow,946408,1,H,3000,Japan,34494,Yota,Kamimori,2,8022
