ID,start_timestamp,end_timestamp,PlayerName (Team),next_action_type,next_action_result,FXID,ShirtNumber,HomeAway,FxTID,TeamName,PlayerID,PlayerFirstName,PlayerLastName,Period,MatchTime
1,13.606788287,18.79995926533319,Viliame Mata (Fiji),Tackle,Green,947046,8,A,954,Fiji,24151,Viliame,Mata,1,11
2,14.105931804,19.399961606333473,Ponipate Loganimasi (Fiji),Phase Defence,Red,947046,15,A,954,Fiji,58879,Ponipate,Loganimasi,1,14
3,15.849411699,24.082114484,Hayate Era (Japan),Ruck,Green,947046,2,H,3000,Japan,61955,Hayate,Era,1,14
4,15.849411699,24.082114484,Shuhei Takeuchi (Japan),Ruck,Green,947046,3,H,3000,Japan,37874,Shuhei,Takeuchi,1,14
5,15.849411699,24.082114484,Amato Fakatava (Japan),Ruck,Green,947046,8,H,3000,Japan,36500,Amato,Fakatava,1,14
6,17.142737439,26.594775537,Yuya Hirose (Japan),Carry,Green,947046,13,H,3000,Japan,61922,Yuya,Hirose,1,17
7,17.216580679,22.216580679,Charlie Lawrence (Japan),Ruck,Green,947046,12,H,3000,Japan,32522,Charlie,Lawrence,1,17
8,18.16606533,27.29997800533344,Mesake Doge (Fiji),Tackle,Yellow,947046,3,A,954,Fiji,20730,Mesake,Doge,1,17
9,18.621698932,23.89998009300012,Tevita Ikanivere (Fiji),Tackle,Yellow,947046,2,A,954,Fiji,34455,Tevita,Ikanivere,1,17
10,20.996649145,39.40002873099977,Elia Canakaivata (Fiji),Kick Retreat,Green,947046,7,A,954,Fiji,34647,Elia,Canakaivata,1,19
11,20.996649145,39.40002873099977,Ponipate Loganimasi (Fiji),Kick Retreat,Green,947046,15,A,954,Fiji,58879,Ponipate,Loganimasi,1,19
12,21.538072562358277,37.59991558000039,Eroni Mawi (Fiji),Kick Retreat,Green,947046,1,A,954,Fiji,29306,Eroni,Mawi,1,19
13,21.538072562358277,37.59991558000039,Tevita Ikanivere (Fiji),Kick Retreat,Green,947046,2,A,954,Fiji,34455,Tevita,Ikanivere,1,19
14,21.538072562358277,37.59991558000039,Temo Mayanavanua (Fiji),Kick Retreat,Green,947046,5,A,954,Fiji,28186,Temo,Mayanavanua,1,19
15,21.538072562358277,37.59991558000039,Kalaveti Ravouvou (Fiji),Kick Retreat,Green,947046,13,A,954,Fiji,40515,Kalaveti,Ravouvou,1,19
16,21.538072562358277,37.59991558000039,Simione Kuruvoli (Fiji),Kick Retreat,Green,947046,9,A,954,Fiji,34467,Simione,Kuruvoli,1,19
17,21.59292517006803,38.000059216333106,Mesake Doge (Fiji),Kick Retreat,Red,947046,3,A,954,Fiji,20730,Mesake,Doge,1,19
18,21.59292517006803,38.000059216333106,Etonia Waqa (Fiji),Kick Retreat,Red,947046,6,A,954,Fiji,34464,Etonia,Waqa,1,19
19,22.726393539,36.955377828,Kenta Kobayashi (Japan),Kick Chase,Green,947046,1,H,3000,Japan,34481,Kenta,Kobayashi,1,19
20,22.726393539,36.955377828,Hayate Era (Japan),Kick Chase,Green,947046,2,H,3000,Japan,61955,Hayate,Era,1,19
21,22.726393539,36.955377828,Shuhei Takeuchi (Japan),Kick Chase,Green,947046,3,H,3000,Japan,37874,Shuhei,Takeuchi,1,19
22,22.726393539,36.955377828,Jack Cornelsen (Japan),Kick Chase,Green,947046,4,H,3000,Japan,23697,Jack,Cornelsen,1,19
23,22.726393539,36.955377828,Warner Dearns (Japan),Kick Chase,Green,947046,5,H,3000,Japan,40399,Warner,Dearns,1,19
24,22.726393539,36.955377828,Faulua Makisi (Japan),Kick Chase,Green,947046,6,H,3000,Japan,23417,Faulua,Makisi,1,19
25,22.726393539,36.955377828,Kanji Shimokawa (Japan),Kick Chase,Green,947046,7,H,3000,Japan,30962,Kanji,Shimokawa,1,19
26,22.726393539,36.955377828,Amato Fakatava (Japan),Kick Chase,Green,947046,8,H,3000,Japan,36500,Amato,Fakatava,1,19
27,22.726393539,36.955377828,Charlie Lawrence (Japan),Kick Chase,Green,947046,12,H,3000,Japan,32522,Charlie,Lawrence,1,19
28,22.726393539,36.955377828,Yuya Hirose (Japan),Kick Chase,Green,947046,13,H,3000,Japan,61922,Yuya,Hirose,1,19
29,22.726393539,36.955377828,Tomoki Osada (Japan),Kick Chase,Green,947046,14,H,3000,Japan,31059,Tomoki,Osada,1,19
30,23.600226334,28.600226334,Kenta Kobayashi (Japan),Ruck,Green,947046,1,H,3000,Japan,34481,Kenta,Kobayashi,1,25
31,23.600226334,28.600226334,Kanji Shimokawa (Japan),Ruck,Green,947046,7,H,3000,Japan,30962,Kanji,Shimokawa,1,25
32,24.27487528344671,38.09996472566635,Inia Tabuavou (Fiji),Kick Retreat,Green,947046,12,A,954,Fiji,39311,Inia,Tabuavou,1,25
33,24.642273881,30.40236814933328,Viliame Mata (Fiji),Tackle,Green,947046,8,A,954,Fiji,24151,Viliame,Mata,1,25
34,25.278122121,30.278122121,Warner Dearns (Japan),Carry,Green,947046,5,H,3000,Japan,40399,Warner,Dearns,1,25
35,26.334546983,40.69993971800013,Mesake Vocevoce (Fiji),Kick Retreat,Red,947046,4,A,954,Fiji,59793,Mesake,Vocevoce,1,26
36,31.053017271,37.215410145,Tomoki Osada (Japan),Tackle,Green,947046,14,H,3000,Japan,31059,Tomoki,Osada,1,28
37,31.349216178,44.99993737433317,Inia Tabuavou (Fiji),Ruck,Yellow,947046,12,A,954,Fiji,39311,Inia,Tabuavou,1,32
38,31.944440447,45.49993039133314,Caleb Muntz (Fiji),Carry,Green,947046,10,A,954,Fiji,30799,Caleb,Muntz,1,32
39,32.370952655,37.370952655,Kenta Kobayashi (Japan),Tackle,Green,947046,1,H,3000,Japan,34481,Kenta,Kobayashi,1,32
40,32.744953587,43.899931057000025,Joji Nasova (Fiji),Ruck,Green,947046,14,A,954,Fiji,62542,Joji,Nasova,1,32
41,36.334784079,50.199988022666474,Simione Kuruvoli (Fiji),Carry,Green,947046,9,A,954,Fiji,34467,Simione,Kuruvoli,1,37
42,36.708297311,41.708297311,Faulua Makisi (Japan),Tackle,Green,947046,6,H,3000,Japan,23417,Faulua,Makisi,1,37
43,37.518282686,42.518282686,Kanji Shimokawa (Japan),Tackle,Green,947046,7,H,3000,Japan,30962,Kanji,Shimokawa,1,37
44,38.8321768707483,50.29997084366675,Mesake Vocevoce (Fiji),Ruck,Yellow,947046,4,A,954,Fiji,59793,Mesake,Vocevoce,1,38
45,38.8321768707483,50.29997084366675,Elia Canakaivata (Fiji),Ruck,Yellow,947046,7,A,954,Fiji,34647,Elia,Canakaivata,1,38
46,40.25703383,45.25703383,Kenta Kobayashi (Japan),Tackle,Green,947046,1,H,3000,Japan,34481,Kenta,Kobayashi,1,40
47,42.652052496,47.652052496,Kanji Shimokawa (Japan),Jackler,Green,947046,7,H,3000,Japan,30962,Kanji,Shimokawa,1,42
48,43.921292517006805,64.69990790933332,Inia Tabuavou (Fiji),Carry,Red,947046,12,A,954,Fiji,39311,Inia,Tabuavou,1,44
49,48.836869405,66.0999004676663,Temo Mayanavanua (Fiji),Ruck,Red,947046,5,A,954,Fiji,28186,Temo,Mayanavanua,1,43
50,49.054579636,54.054579636,Shinobu Fujiwara (Japan),Tackle,Red,947046,9,H,3000,Japan,30969,Shinobu,Fujiwara,1,48
51,49.085362299,62.09995779300009,Mesake Doge (Fiji),Ruck,Green,947046,3,A,954,Fiji,20730,Mesake,Doge,1,48
52,49.545583567,62.070423875,Eroni Mawi (Fiji),Ruck,Yellow,947046,1,A,954,Fiji,29306,Eroni,Mawi,1,48
53,49.830821136,54.830821136,Hayate Era (Japan),Tackle,Green,947046,2,H,3000,Japan,61955,Hayate,Era,1,48
54,50.31630385487529,64.99990572066662,Eroni Mawi (Fiji),Kick Chase,Yellow,947046,1,A,954,Fiji,29306,Eroni,Mawi,1,48
55,50.31630385487529,64.99990572066662,Temo Mayanavanua (Fiji),Kick Chase,Yellow,947046,5,A,954,Fiji,28186,Temo,Mayanavanua,1,48
56,50.363294938,62.1999328829999,Elia Canakaivata (Fiji),Kick Chase,Yellow,947046,7,A,954,Fiji,34647,Elia,Canakaivata,1,48
57,51.199280824,63.79998227666635,Mesake Doge (Fiji),Kick Chase,Green,947046,3,A,954,Fiji,20730,Mesake,Doge,1,48
58,51.206598639455784,66.793280672,Etonia Waqa (Fiji),Kick Chase,Gold,947046,6,A,954,Fiji,34464,Etonia,Waqa,1,48
59,51.31315192743765,62.49994233266669,Viliame Mata (Fiji),Kick Chase,Green,947046,8,A,954,Fiji,24151,Viliame,Mata,1,48
60,51.703233519,63.534162827,Kenta Kobayashi (Japan),Kick Retreat,Green,947046,1,H,3000,Japan,34481,Kenta,Kobayashi,1,48
61,51.703233519,63.534162827,Hayate Era (Japan),Kick Retreat,Green,947046,2,H,3000,Japan,61955,Hayate,Era,1,48
62,51.703233519,63.534162827,Shuhei Takeuchi (Japan),Kick Retreat,Green,947046,3,H,3000,Japan,37874,Shuhei,Takeuchi,1,48
63,51.703233519,63.534162827,Jack Cornelsen (Japan),Kick Retreat,Green,947046,4,H,3000,Japan,23697,Jack,Cornelsen,1,48
64,51.703233519,63.534162827,Warner Dearns (Japan),Kick Retreat,Green,947046,5,H,3000,Japan,40399,Warner,Dearns,1,48
65,51.703233519,63.534162827,Kanji Shimokawa (Japan),Kick Retreat,Green,947046,7,H,3000,Japan,30962,Kanji,Shimokawa,1,48
66,51.703233519,63.534162827,Amato Fakatava (Japan),Kick Retreat,Green,947046,8,H,3000,Japan,36500,Amato,Fakatava,1,48
67,51.703233519,63.534162827,Shinobu Fujiwara (Japan),Kick Retreat,Green,947046,9,H,3000,Japan,30969,Shinobu,Fujiwara,1,48
68,51.703233519,63.534162827,Haruto Kida (Japan),Kick Retreat,Green,947046,11,H,3000,Japan,34476,Haruto,Kida,1,48
69,51.703233519,63.534162827,Charlie Lawrence (Japan),Kick Retreat,Green,947046,12,H,3000,Japan,32522,Charlie,Lawrence,1,48
70,51.703233519,63.534162827,Yuya Hirose (Japan),Kick Retreat,Green,947046,13,H,3000,Japan,61922,Yuya,Hirose,1,48
71,51.703233519,63.534162827,Tomoki Osada (Japan),Kick Retreat,Green,947046,14,H,3000,Japan,31059,Tomoki,Osada,1,48
72,51.848884696,56.848884696,Jack Cornelsen (Japan),Charge Down,Green,947046,4,H,3000,Japan,23697,Jack,Cornelsen,1,48
73,51.937790018,56.937790018,Faulua Makisi (Japan),Tackle,Red,947046,6,H,3000,Japan,23417,Faulua,Makisi,1,48
74,52.344997029,62.99994704933309,Tevita Ikanivere (Fiji),Kick Chase,Green,947046,2,A,954,Fiji,34455,Tevita,Ikanivere,1,48
75,52.344997029,62.99994704933309,Kalaveti Ravouvou (Fiji),Kick Chase,Green,947046,13,A,954,Fiji,40515,Kalaveti,Ravouvou,1,48
76,52.947358773,64.99990572066662,Inia Tabuavou (Fiji),Kick Chase,Yellow,947046,12,A,954,Fiji,39311,Inia,Tabuavou,1,53
77,53.002403198,62.99994704933309,Taniela Rakuro (Fiji),Kick Chase,Green,947046,11,A,954,Fiji,58917,Taniela,Rakuro,1,53
78,54.446583393,59.446583393,Faulua Makisi (Japan),Kick Retreat,Yellow,947046,6,H,3000,Japan,23417,Faulua,Makisi,1,54
79,83.815766828,101.636673703,Hayate Era (Japan),Lineout Attack,Green,947046,2,H,3000,Japan,61955,Hayate,Era,1,125
80,83.815766828,101.636673703,Jack Cornelsen (Japan),Lineout Attack,Yellow,947046,4,H,3000,Japan,23697,Jack,Cornelsen,1,125
81,83.815766828,101.636673703,Warner Dearns (Japan),Lineout Attack,Green,947046,5,H,3000,Japan,40399,Warner,Dearns,1,125
82,83.815766828,101.636673703,Faulua Makisi (Japan),Lineout Attack,Yellow,947046,6,H,3000,Japan,23417,Faulua,Makisi,1,125
83,83.815766828,101.636673703,Kanji Shimokawa (Japan),Lineout Attack,Green,947046,7,H,3000,Japan,30962,Kanji,Shimokawa,1,125
84,87.26931972789116,102.09989866699992,Etonia Waqa (Fiji),Lineout Defence,Red,947046,6,A,954,Fiji,34464,Etonia,Waqa,1,125
85,89.413291682,105.09994749066658,Tevita Ikanivere (Fiji),Lineout Defence,Green,947046,2,A,954,Fiji,34455,Tevita,Ikanivere,1,129
86,89.413291682,105.09994749066658,Mesake Doge (Fiji),Lineout Defence,Green,947046,3,A,954,Fiji,20730,Mesake,Doge,1,129
87,89.413291682,105.09994749066658,Mesake Vocevoce (Fiji),Lineout Defence,Green,947046,4,A,954,Fiji,59793,Mesake,Vocevoce,1,129
88,89.413291682,105.09994749066658,Temo Mayanavanua (Fiji),Lineout Defence,Green,947046,5,A,954,Fiji,28186,Temo,Mayanavanua,1,129
89,90.905062101,101.99987330833324,Taniela Rakuro (Fiji),Tackle,Green,947046,11,A,954,Fiji,58917,Taniela,Rakuro,1,131
90,92.396502657,101.89994029200024,Tevita Ikanivere (Fiji),Ruck,Green,947046,2,A,954,Fiji,34455,Tevita,Ikanivere,1,132
91,100.5036507936508,108.79986486766664,Eroni Mawi (Fiji),Phase Defence,Red,947046,1,A,954,Fiji,29306,Eroni,Mawi,1,130
92,100.5036507936508,108.79986486766664,Elia Canakaivata (Fiji),Phase Defence,Red,947046,7,A,954,Fiji,34647,Elia,Canakaivata,1,130
93,101.4621768707483,117.64469387755102,Amato Fakatava (Japan),Kick Chase,Yellow,947046,8,H,3000,Japan,36500,Amato,Fakatava,1,139
94,101.538200625,109.19995800433368,Temo Mayanavanua (Fiji),Charge Down,Green,947046,5,A,954,Fiji,28186,Temo,Mayanavanua,1,139
95,101.54217687074828,121.199862851,Eroni Mawi (Fiji),Kick Retreat,Green,947046,1,A,954,Fiji,29306,Eroni,Mawi,1,139
96,101.54217687074828,121.199862851,Tevita Ikanivere (Fiji),Kick Retreat,Green,947046,2,A,954,Fiji,34455,Tevita,Ikanivere,1,139
97,101.54217687074828,121.199862851,Mesake Doge (Fiji),Kick Retreat,Green,947046,3,A,954,Fiji,20730,Mesake,Doge,1,139
98,101.54217687074828,121.199862851,Mesake Vocevoce (Fiji),Kick Retreat,Green,947046,4,A,954,Fiji,59793,Mesake,Vocevoce,1,139
99,101.54217687074828,121.199862851,Temo Mayanavanua (Fiji),Kick Retreat,Green,947046,5,A,954,Fiji,28186,Temo,Mayanavanua,1,139
100,101.54217687074828,121.199862851,Etonia Waqa (Fiji),Kick Retreat,Green,947046,6,A,954,Fiji,34464,Etonia,Waqa,1,139
101,101.54217687074828,121.199862851,Elia Canakaivata (Fiji),Kick Retreat,Green,947046,7,A,954,Fiji,34647,Elia,Canakaivata,1,139
102,101.54217687074828,121.199862851,Simione Kuruvoli (Fiji),Kick Retreat,Green,947046,9,A,954,Fiji,34467,Simione,Kuruvoli,1,139
103,101.54217687074828,121.199862851,Inia Tabuavou (Fiji),Kick Retreat,Green,947046,12,A,954,Fiji,39311,Inia,Tabuavou,1,139
104,102.757986316,117.56426303854876,Kenta Kobayashi (Japan),Kick Chase,Green,947046,1,H,3000,Japan,34481,Kenta,Kobayashi,1,139
105,102.757986316,117.56426303854876,Hayate Era (Japan),Kick Chase,Green,947046,2,H,3000,Japan,61955,Hayate,Era,1,139
106,102.757986316,117.56426303854876,Shuhei Takeuchi (Japan),Kick Chase,Green,947046,3,H,3000,Japan,37874,Shuhei,Takeuchi,1,139
107,102.757986316,117.56426303854876,Jack Cornelsen (Japan),Kick Chase,Green,947046,4,H,3000,Japan,23697,Jack,Cornelsen,1,139
108,102.757986316,117.56426303854876,Warner Dearns (Japan),Kick Chase,Green,947046,5,H,3000,Japan,40399,Warner,Dearns,1,139
109,102.757986316,117.56426303854876,Faulua Makisi (Japan),Kick Chase,Green,947046,6,H,3000,Japan,23417,Faulua,Makisi,1,139
110,102.757986316,117.56426303854876,Kanji Shimokawa (Japan),Kick Chase,Green,947046,7,H,3000,Japan,30962,Kanji,Shimokawa,1,139
111,102.757986316,117.56426303854876,Haruto Kida (Japan),Kick Chase,Green,947046,11,H,3000,Japan,34476,Haruto,Kida,1,139
112,102.757986316,117.56426303854876,Charlie Lawrence (Japan),Kick Chase,Green,947046,12,H,3000,Japan,32522,Charlie,Lawrence,1,139
113,102.757986316,117.56426303854876,Yuya Hirose (Japan),Kick Chase,Green,947046,13,H,3000,Japan,61922,Yuya,Hirose,1,139
114,102.757986316,117.56426303854876,Tomoki Osada (Japan),Kick Chase,Green,947046,14,H,3000,Japan,31059,Tomoki,Osada,1,139
115,103.397105883,108.397105883,Warner Dearns (Japan),Ruck,Green,947046,5,H,3000,Japan,40399,Warner,Dearns,1,139
116,105.04682176,110.04682176,Kenta Kobayashi (Japan),Ruck,Green,947046,1,H,3000,Japan,34481,Kenta,Kobayashi,1,144
117,105.04682176,110.04682176,Shuhei Takeuchi (Japan),Ruck,Green,947046,3,H,3000,Japan,37874,Shuhei,Takeuchi,1,144
118,105.06056689342404,121.199862851,Taniela Rakuro (Fiji),Kick Retreat,Green,947046,11,A,954,Fiji,58917,Taniela,Rakuro,1,144
119,107.494644048,112.494644048,Amato Fakatava (Japan),Carry,Red,947046,8,H,3000,Japan,36500,Amato,Fakatava,1,148
120,116.00419501133788,131.6516553287982,Haruto Kida (Japan),Kick Retreat,Red,947046,11,H,3000,Japan,34476,Haruto,Kida,1,147
121,116.790834655,124.769334528,Jack Cornelsen (Japan),Charge Down,Green,947046,4,H,3000,Japan,23697,Jack,Cornelsen,1,147
122,117.035137921,131.9507029478458,Kenta Kobayashi (Japan),Kick Retreat,Green,947046,1,H,3000,Japan,34481,Kenta,Kobayashi,1,155
123,117.035137921,131.9507029478458,Hayate Era (Japan),Kick Retreat,Green,947046,2,H,3000,Japan,61955,Hayate,Era,1,155
124,117.035137921,131.9507029478458,Shuhei Takeuchi (Japan),Kick Retreat,Green,947046,3,H,3000,Japan,37874,Shuhei,Takeuchi,1,155
125,117.035137921,131.9507029478458,Jack Cornelsen (Japan),Kick Retreat,Red,947046,4,H,3000,Japan,23697,Jack,Cornelsen,1,155
126,117.035137921,131.9507029478458,Warner Dearns (Japan),Kick Retreat,Green,947046,5,H,3000,Japan,40399,Warner,Dearns,1,155
127,117.035137921,131.9507029478458,Faulua Makisi (Japan),Kick Retreat,Yellow,947046,6,H,3000,Japan,23417,Faulua,Makisi,1,155
128,117.035137921,131.9507029478458,Kanji Shimokawa (Japan),Kick Retreat,Green,947046,7,H,3000,Japan,30962,Kanji,Shimokawa,1,155
129,117.035137921,131.9507029478458,Amato Fakatava (Japan),Kick Retreat,Green,947046,8,H,3000,Japan,36500,Amato,Fakatava,1,155
130,117.035137921,131.9507029478458,Shinobu Fujiwara (Japan),Kick Retreat,Green,947046,9,H,3000,Japan,30969,Shinobu,Fujiwara,1,155
131,117.035137921,131.9507029478458,Charlie Lawrence (Japan),Kick Retreat,Green,947046,12,H,3000,Japan,32522,Charlie,Lawrence,1,155
132,117.035137921,131.9507029478458,Yuya Hirose (Japan),Kick Retreat,Green,947046,13,H,3000,Japan,61922,Yuya,Hirose,1,155
133,117.035137921,131.9507029478458,Tomoki Osada (Japan),Kick Retreat,Green,947046,14,H,3000,Japan,31059,Tomoki,Osada,1,155
134,117.34310657596372,131.988978957,Temo Mayanavanua (Fiji),Kick Chase,Green,947046,5,A,954,Fiji,28186,Temo,Mayanavanua,1,155
135,117.34310657596372,131.988978957,Etonia Waqa (Fiji),Kick Chase,Green,947046,6,A,954,Fiji,34464,Etonia,Waqa,1,155
136,117.64065759637188,128.59991426233316,Eroni Mawi (Fiji),Ruck,Green,947046,1,A,954,Fiji,29306,Eroni,Mawi,1,155
137,117.64065759637188,128.59991426233316,Tevita Ikanivere (Fiji),Ruck,Green,947046,2,A,954,Fiji,34455,Tevita,Ikanivere,1,155
138,117.64065759637188,128.59991426233316,Mesake Doge (Fiji),Ruck,Green,947046,3,A,954,Fiji,20730,Mesake,Doge,1,155
139,117.64065759637188,128.59991426233316,Mesake Vocevoce (Fiji),Ruck,Green,947046,4,A,954,Fiji,59793,Mesake,Vocevoce,1,155
140,117.659261779,131.988978957,Viliame Mata (Fiji),Kick Chase,Green,947046,8,A,954,Fiji,24151,Viliame,Mata,1,155
141,117.659261779,131.988978957,Inia Tabuavou (Fiji),Kick Chase,Green,947046,12,A,954,Fiji,39311,Inia,Tabuavou,1,155
142,118.8780045351474,128.2999472163331,Caleb Muntz (Fiji),Carry,Yellow,947046,10,A,954,Fiji,30799,Caleb,Muntz,1,155
143,120.98861678004536,132.69989871099995,Elia Canakaivata (Fiji),Kick Chase,Green,947046,7,A,954,Fiji,34647,Elia,Canakaivata,1,200
144,120.98861678004536,132.69989871099995,Joji Nasova (Fiji),Kick Chase,Green,947046,14,A,954,Fiji,62542,Joji,Nasova,1,200
145,120.98861678004536,132.69989871099995,Inia Tabuavou (Fiji),Kick Chase,Green,947046,12,A,954,Fiji,39311,Inia,Tabuavou,1,200
146,122.57621315192743,133.39999985700007,Tevita Ikanivere (Fiji),Kick Chase,Green,947046,2,A,954,Fiji,34455,Tevita,Ikanivere,1,204
147,123.840222185,128.840222185,Haruto Kida (Japan),Tackle,Green,947046,11,H,3000,Japan,34476,Haruto,Kida,1,204
148,126.75818594104308,132.29992853466675,Mesake Doge (Fiji),Kick Chase,Red,947046,3,A,954,Fiji,20730,Mesake,Doge,1,205
149,126.75818594104308,132.29992853466675,Mesake Vocevoce (Fiji),Kick Chase,Red,947046,4,A,954,Fiji,59793,Mesake,Vocevoce,1,205
150,128.184252824,142.09995064666634,Etonia Waqa (Fiji),Tackle,Red,947046,6,A,954,Fiji,34464,Etonia,Waqa,1,207
151,131.355422177,136.355422177,Hayate Era (Japan),Ruck,Yellow,947046,2,H,3000,Japan,61955,Hayate,Era,1,211
152,131.656332382,136.656332382,Shuhei Takeuchi (Japan),Ruck,Red,947046,3,H,3000,Japan,37874,Shuhei,Takeuchi,1,211
153,131.825840156,136.825840156,Kanji Shimokawa (Japan),Ruck,Green,947046,7,H,3000,Japan,30962,Kanji,Shimokawa,1,211
154,131.88705032248652,138.463162656,Amato Fakatava (Japan),Carry,Green,947046,8,H,3000,Japan,36500,Amato,Fakatava,1,211
155,132.06528344671202,140.8999165353334,Elia Canakaivata (Fiji),Tackle,Green,947046,7,A,954,Fiji,34647,Elia,Canakaivata,1,212
156,137.094057533,145.09996473900014,Eroni Mawi (Fiji),Tackle,Red,947046,1,A,954,Fiji,29306,Eroni,Mawi,1,217
157,138.045066077,148.00000446066687,Mesake Doge (Fiji),Tackle,Red,947046,3,A,954,Fiji,20730,Mesake,Doge,1,217
158,142.687032992,147.687032992,Jack Cornelsen (Japan),Ruck,Yellow,947046,4,H,3000,Japan,23697,Jack,Cornelsen,1,223
159,143.532445973,148.532445973,Kenta Kobayashi (Japan),Ruck,Green,947046,1,H,3000,Japan,34481,Kenta,Kobayashi,1,222
160,144.818604955,156.89998113766657,Tevita Ikanivere (Fiji),Tackle,Green,947046,2,A,954,Fiji,34455,Tevita,Ikanivere,1,222
161,144.818604955,156.89998113766657,Etonia Waqa (Fiji),Tackle,Green,947046,6,A,954,Fiji,34464,Etonia,Waqa,1,222
162,145.16012893,150.16012893,Charlie Lawrence (Japan),Carry,Green,947046,12,H,3000,Japan,32522,Charlie,Lawrence,1,225
163,148.584988073,159.19999174799992,Simione Kuruvoli (Fiji),Tackle,Yellow,947046,9,A,954,Fiji,34467,Simione,Kuruvoli,1,228
164,148.6622902494331,160.49999443066648,Inia Tabuavou (Fiji),Tackle,Red,947046,12,A,954,Fiji,39311,Inia,Tabuavou,1,228
165,148.846854499,159.4999495019999,Viliame Mata (Fiji),Tackle,Yellow,947046,8,A,954,Fiji,24151,Viliame,Mata,1,229
166,149.420249075,154.420249075,Kanji Shimokawa (Japan),Ruck,Green,947046,7,H,3000,Japan,30962,Kanji,Shimokawa,1,229
167,150.058375198,155.058375198,Shuhei Takeuchi (Japan),Ruck,Yellow,947046,3,H,3000,Japan,37874,Shuhei,Takeuchi,1,229
168,151.661553318,156.661553318,Hayate Era (Japan),Carry,Green,947046,2,H,3000,Japan,61955,Hayate,Era,1,231
169,159.75485260770975,176.79995501133303,Kalaveti Ravouvou (Fiji),Kick Retreat,Green,947046,13,A,954,Fiji,40515,Kalaveti,Ravouvou,1,237
170,159.75485260770975,176.79995501133303,Joji Nasova (Fiji),Kick Retreat,Green,947046,14,A,954,Fiji,62542,Joji,Nasova,1,237
171,160.0526530612245,169.790809671,Etonia Waqa (Fiji),Charge Down,Green,947046,6,A,954,Fiji,34464,Etonia,Waqa,1,237
172,160.949746854,176.184823058,Kenta Kobayashi (Japan),Kick Chase,Green,947046,1,H,3000,Japan,34481,Kenta,Kobayashi,1,239
173,160.949746854,176.184823058,Hayate Era (Japan),Kick Chase,Green,947046,2,H,3000,Japan,61955,Hayate,Era,1,239
174,160.949746854,176.184823058,Shuhei Takeuchi (Japan),Kick Chase,Green,947046,3,H,3000,Japan,37874,Shuhei,Takeuchi,1,239
175,160.949746854,176.184823058,Jack Cornelsen (Japan),Kick Chase,Green,947046,4,H,3000,Japan,23697,Jack,Cornelsen,1,239
176,160.949746854,176.184823058,Warner Dearns (Japan),Kick Chase,Green,947046,5,H,3000,Japan,40399,Warner,Dearns,1,239
177,160.949746854,176.184823058,Kanji Shimokawa (Japan),Kick Chase,Green,947046,7,H,3000,Japan,30962,Kanji,Shimokawa,1,239
178,160.949746854,176.184823058,Haruto Kida (Japan),Kick Chase,Green,947046,11,H,3000,Japan,34476,Haruto,Kida,1,239
179,160.949746854,176.184823058,Charlie Lawrence (Japan),Kick Chase,Green,947046,12,H,3000,Japan,32522,Charlie,Lawrence,1,239
180,160.949746854,176.184823058,Yuya Hirose (Japan),Kick Chase,Green,947046,13,H,3000,Japan,61922,Yuya,Hirose,1,239
181,160.949746854,176.184823058,Tomoki Osada (Japan),Kick Chase,Green,947046,14,H,3000,Japan,31059,Tomoki,Osada,1,239
182,161.1382766439909,177.60010513300026,Temo Mayanavanua (Fiji),Kick Retreat,Green,947046,5,A,954,Fiji,28186,Temo,Mayanavanua,1,239
183,161.1382766439909,177.60010513300026,Temo Mayanavanua (Fiji),Kick Retreat,Green,947046,5,A,954,Fiji,28186,Temo,Mayanavanua,1,239
184,161.1382766439909,177.60010513300026,Elia Canakaivata (Fiji),Kick Retreat,Green,947046,7,A,954,Fiji,34647,Elia,Canakaivata,1,239
185,161.1382766439909,177.60010513300026,Elia Canakaivata (Fiji),Kick Retreat,Green,947046,7,A,954,Fiji,34647,Elia,Canakaivata,1,239
186,163.083027306,168.083027306,Shuhei Takeuchi (Japan),Ruck,Green,947046,3,H,3000,Japan,37874,Shuhei,Takeuchi,1,239
187,163.248149368,168.248149368,Warner Dearns (Japan),Ruck,Green,947046,5,H,3000,Japan,40399,Warner,Dearns,1,239
188,163.662782075,177.60010513300026,Mesake Vocevoce (Fiji),Kick Retreat,Green,947046,4,A,954,Fiji,59793,Mesake,Vocevoce,1,239
189,163.662782075,177.60010513300026,Mesake Vocevoce (Fiji),Kick Retreat,Green,947046,4,A,954,Fiji,59793,Mesake,Vocevoce,1,239
190,163.662782075,177.60010513300026,Taniela Rakuro (Fiji),Kick Retreat,Green,947046,11,A,954,Fiji,58917,Taniela,Rakuro,1,239
191,163.662782075,177.60010513300026,Taniela Rakuro (Fiji),Kick Retreat,Green,947046,11,A,954,Fiji,58917,Taniela,Rakuro,1,239
192,163.665534793,168.665534793,Faulua Makisi (Japan),Ruck,Green,947046,6,H,3000,Japan,23417,Faulua,Makisi,1,239
193,167.041329313,172.041329313,Amato Fakatava (Japan),Carry,Red,947046,8,H,3000,Japan,36500,Amato,Fakatava,1,243
194,169.083021721,179.09995350766695,Etonia Waqa (Fiji),Kick Retreat,Red,947046,6,A,954,Fiji,34464,Etonia,Waqa,1,248
195,169.919894953,182.09997954566623,Ponipate Loganimasi (Fiji),Carry,Red,947046,15,A,954,Fiji,58879,Ponipate,Loganimasi,1,249
196,170.80238095238096,177.39997230966685,Eroni Mawi (Fiji),Kick Retreat,Red,947046,1,A,954,Fiji,29306,Eroni,Mawi,1,249
197,170.80238095238096,177.39997230966685,Tevita Ikanivere (Fiji),Kick Retreat,Red,947046,2,A,954,Fiji,34455,Tevita,Ikanivere,1,249
198,170.80238095238096,177.39997230966685,Mesake Doge (Fiji),Kick Retreat,Red,947046,3,A,954,Fiji,20730,Mesake,Doge,1,249
199,170.80238095238096,177.39997230966685,Inia Tabuavou (Fiji),Kick Retreat,Red,947046,12,A,954,Fiji,39311,Inia,Tabuavou,1,249
200,170.891076081,179.19991672666683,Viliame Mata (Fiji),Kick Retreat,Red,947046,8,A,954,Fiji,24151,Viliame,Mata,1,249
201,171.184823058,176.184823058,Faulua Makisi (Japan),Kick Chase,Red,947046,6,H,3000,Japan,23417,Faulua,Makisi,1,249
202,173.385093653,183.29996225466704,Temo Mayanavanua (Fiji),Ruck,Yellow,947046,5,A,954,Fiji,28186,Temo,Mayanavanua,1,250
203,173.385093653,183.29996225466704,Elia Canakaivata (Fiji),Ruck,Yellow,947046,7,A,954,Fiji,34647,Elia,Canakaivata,1,250
204,174.715617949,191.598296733,Kenta Kobayashi (Japan),Kick Retreat,Green,947046,1,H,3000,Japan,34481,Kenta,Kobayashi,1,255
205,174.715617949,191.598296733,Hayate Era (Japan),Kick Retreat,Green,947046,2,H,3000,Japan,61955,Hayate,Era,1,255
206,174.715617949,191.598296733,Shuhei Takeuchi (Japan),Kick Retreat,Green,947046,3,H,3000,Japan,37874,Shuhei,Takeuchi,1,255
207,174.715617949,191.598296733,Jack Cornelsen (Japan),Kick Retreat,Red,947046,4,H,3000,Japan,23697,Jack,Cornelsen,1,255
208,174.715617949,191.598296733,Warner Dearns (Japan),Kick Retreat,Yellow,947046,5,H,3000,Japan,40399,Warner,Dearns,1,255
209,174.715617949,191.598296733,Faulua Makisi (Japan),Kick Retreat,Green,947046,6,H,3000,Japan,23417,Faulua,Makisi,1,255
210,174.715617949,191.598296733,Kanji Shimokawa (Japan),Kick Retreat,Green,947046,7,H,3000,Japan,30962,Kanji,Shimokawa,1,255
211,174.715617949,191.598296733,Amato Fakatava (Japan),Kick Retreat,Green,947046,8,H,3000,Japan,36500,Amato,Fakatava,1,255
212,174.715617949,191.598296733,Shinobu Fujiwara (Japan),Kick Retreat,Green,947046,9,H,3000,Japan,30969,Shinobu,Fujiwara,1,255
213,174.715617949,191.598296733,Haruto Kida (Japan),Kick Retreat,Green,947046,11,H,3000,Japan,34476,Haruto,Kida,1,255
214,174.715617949,191.598296733,Charlie Lawrence (Japan),Kick Retreat,Green,947046,12,H,3000,Japan,32522,Charlie,Lawrence,1,255
215,174.715617949,191.598296733,Yuya Hirose (Japan),Kick Retreat,Green,947046,13,H,3000,Japan,61922,Yuya,Hirose,1,255
216,174.715617949,191.598296733,Tomoki Osada (Japan),Kick Retreat,Green,947046,14,H,3000,Japan,31059,Tomoki,Osada,1,255
217,175.207816069,180.207816069,Charlie Lawrence (Japan),Tackle,Red,947046,12,H,3000,Japan,32522,Charlie,Lawrence,1,255
218,175.250675122,191.99992278966627,Eroni Mawi (Fiji),Kick Chase,Green,947046,1,A,954,Fiji,29306,Eroni,Mawi,1,255
219,175.250675122,191.99992278966627,Tevita Ikanivere (Fiji),Kick Chase,Green,947046,2,A,954,Fiji,34455,Tevita,Ikanivere,1,255
220,175.250675122,191.99992278966627,Mesake Doge (Fiji),Kick Chase,Green,947046,3,A,954,Fiji,20730,Mesake,Doge,1,255
221,175.801249604,191.99992278966627,Mesake Vocevoce (Fiji),Kick Chase,Green,947046,4,A,954,Fiji,59793,Mesake,Vocevoce,1,255
222,175.801249604,191.99992278966627,Viliame Mata (Fiji),Kick Chase,Green,947046,8,A,954,Fiji,24151,Viliame,Mata,1,255
223,175.801249604,191.99992278966627,Caleb Muntz (Fiji),Kick Chase,Green,947046,10,A,954,Fiji,30799,Caleb,Muntz,1,255
224,175.801249604,191.99992278966627,Taniela Rakuro (Fiji),Kick Chase,Green,947046,11,A,954,Fiji,58917,Taniela,Rakuro,1,255
225,176.537161606,181.537161606,Jack Cornelsen (Japan),Tackle,Red,947046,4,H,3000,Japan,23697,Jack,Cornelsen,1,255
226,177.41585034013605,191.99992278966627,Etonia Waqa (Fiji),Kick Chase,Green,947046,6,A,954,Fiji,34464,Etonia,Waqa,1,255
227,177.87444444444444,191.99992278966627,Kalaveti Ravouvou (Fiji),Kick Chase,Green,947046,13,A,954,Fiji,40515,Kalaveti,Ravouvou,1,259
228,177.87444444444444,191.99992278966627,Joji Nasova (Fiji),Kick Chase,Green,947046,14,A,954,Fiji,62542,Joji,Nasova,1,259
229,186.442342154,193.09997824566605,Inia Tabuavou (Fiji),Kick Chase,Red,947046,12,A,954,Fiji,39311,Inia,Tabuavou,1,305
230,188.230773526,193.230773526,Faulua Makisi (Japan),Ruck,Red,947046,6,H,3000,Japan,23417,Faulua,Makisi,1,307
231,191.594823123,196.594823123,Hayate Era (Japan),Ruck,Green,947046,2,H,3000,Japan,61955,Hayate,Era,1,313
232,192.955640376,197.955640376,Amato Fakatava (Japan),Carry,Red,947046,8,H,3000,Japan,36500,Amato,Fakatava,1,313
233,197.313491071,202.6999829490001,Mesake Doge (Fiji),Phase Defence,Red,947046,3,A,954,Fiji,20730,Mesake,Doge,1,316
234,197.313491071,202.6999829490001,Elia Canakaivata (Fiji),Phase Defence,Red,947046,7,A,954,Fiji,34647,Elia,Canakaivata,1,316
235,197.622352439,203.199930464667,Kalaveti Ravouvou (Fiji),Tackle,Green,947046,13,A,954,Fiji,40515,Kalaveti,Ravouvou,1,316
236,197.733490868,202.6999829490001,Temo Mayanavanua (Fiji),Phase Defence,Red,947046,5,A,954,Fiji,28186,Temo,Mayanavanua,1,316
237,197.733490868,202.6999829490001,Inia Tabuavou (Fiji),Phase Defence,Red,947046,12,A,954,Fiji,39311,Inia,Tabuavou,1,316
238,199.99866019,204.99866019,Seungsin Lee (Japan),Ruck,Green,947046,10,H,3000,Japan,37841,Seungsin,Lee,1,320
239,200.4742733,205.4742733,Yuya Hirose (Japan),Carry,Green,947046,13,H,3000,Japan,61922,Yuya,Hirose,1,320
240,201.873504016,206.873504016,Charlie Lawrence (Japan),Ruck,Green,947046,12,H,3000,Japan,32522,Charlie,Lawrence,1,321
241,203.209244143,212.9999602526661,Temo Mayanavanua (Fiji),Tackle,Yellow,947046,5,A,954,Fiji,28186,Temo,Mayanavanua,1,323
242,203.28002267573697,211.7999570503329,Eroni Mawi (Fiji),Tackle,Green,947046,1,A,954,Fiji,29306,Eroni,Mawi,1,323
243,205.65381034,215.39993034766624,Joji Nasova (Fiji),Tackle,Green,947046,14,A,954,Fiji,62542,Joji,Nasova,1,324
244,205.87621315192743,215.39993034766624,Ponipate Loganimasi (Fiji),Tackle,Green,947046,15,A,954,Fiji,58879,Ponipate,Loganimasi,1,326
245,205.956164602,210.956164602,Kenta Kobayashi (Japan),Ruck,Yellow,947046,1,H,3000,Japan,34481,Kenta,Kobayashi,1,326
246,206.28623934,211.28623934,Jack Cornelsen (Japan),Ruck,Red,947046,4,H,3000,Japan,23697,Jack,Cornelsen,1,326
247,207.022130429,212.022130429,Kanji Shimokawa (Japan),Carry,Green,947046,7,H,3000,Japan,30962,Kanji,Shimokawa,1,326
248,209.35456476,214.35456476,Yuya Hirose (Japan),Carry,Green,947046,13,H,3000,Japan,61922,Yuya,Hirose,1,329
249,209.529410430839,216.89993222133333,Tevita Ikanivere (Fiji),Phase Defence,Red,947046,2,A,954,Fiji,34455,Tevita,Ikanivere,1,329
250,209.529410430839,216.89993222133333,Viliame Mata (Fiji),Phase Defence,Red,947046,8,A,954,Fiji,24151,Viliame,Mata,1,329
251,209.778447397,215.19993339800044,Mesake Doge (Fiji),Phase Defence,Red,947046,3,A,954,Fiji,20730,Mesake,Doge,1,329
252,209.778447397,215.19993339800044,Temo Mayanavanua (Fiji),Phase Defence,Red,947046,5,A,954,Fiji,28186,Temo,Mayanavanua,1,329
253,209.778447397,215.19993339800044,Inia Tabuavou (Fiji),Phase Defence,Red,947046,12,A,954,Fiji,39311,Inia,Tabuavou,1,329
254,209.829143069,215.19993339800044,Eroni Mawi (Fiji),Phase Defence,Red,947046,1,A,954,Fiji,29306,Eroni,Mawi,1,330
255,210.05290249433108,218.9000520596672,Kalaveti Ravouvou (Fiji),Tackle,Red,947046,13,A,954,Fiji,40515,Kalaveti,Ravouvou,1,330
256,212.790045244,217.790045244,Tomoki Osada (Japan),Ruck,Green,947046,14,H,3000,Japan,31059,Tomoki,Osada,1,331
257,213.9971201814059,222.80000520466663,Temo Mayanavanua (Fiji),Tackle,Green,947046,5,A,954,Fiji,28186,Temo,Mayanavanua,1,332
258,216.858289352,221.858289352,Charlie Lawrence (Japan),Carry,Red,947046,12,H,3000,Japan,32522,Charlie,Lawrence,1,332
259,217.052291388,222.052291388,Jack Cornelsen (Japan),Ruck,Yellow,947046,4,H,3000,Japan,23697,Jack,Cornelsen,1,332
260,217.052291388,222.052291388,Kanji Shimokawa (Japan),Ruck,Green,947046,7,H,3000,Japan,30962,Kanji,Shimokawa,1,332
261,261.847034728,270.9999493109996,Tevita Ikanivere (Fiji),Lineout Defence,Green,947046,2,A,954,Fiji,34455,Tevita,Ikanivere,1,422
262,261.847034728,270.9999493109996,Viliame Mata (Fiji),Lineout Defence,Green,947046,8,A,954,Fiji,24151,Viliame,Mata,1,422
263,263.09678004535147,268.09678004535147,Hayate Era (Japan),Lineout Attack,Green,947046,2,H,3000,Japan,61955,Hayate,Era,1,422
264,264.311816372,269.311816372,Amato Fakatava (Japan),Lineout Attack,Green,947046,8,H,3000,Japan,36500,Amato,Fakatava,1,422
265,265.144194408,270.144194408,Kanji Shimokawa (Japan),Lineout Attack,Green,947046,7,H,3000,Japan,30962,Kanji,Shimokawa,1,422
266,353.786997325,365.307699974,Temo Mayanavanua (Fiji),Tackle,Green,947046,5,A,954,Fiji,28186,Temo,Mayanavanua,1,549
267,353.786997325,365.307699974,Taniela Rakuro (Fiji),Tackle,Green,947046,11,A,954,Fiji,58917,Taniela,Rakuro,1,549
268,354.849394094,367.38267573696146,Taniela Rakuro (Fiji),Tackle,Green,947046,11,A,954,Fiji,58917,Taniela,Rakuro,1,555
269,354.888936206,364.399933748333,Eroni Mawi (Fiji),Tackle,Yellow,947046,1,A,954,Fiji,29306,Eroni,Mawi,1,555
270,362.38267573696146,372.2999431963333,Etonia Waqa (Fiji),Tackle,Yellow,947046,6,A,954,Fiji,34464,Etonia,Waqa,1,554
271,363.0224943310658,380.899772571,Kalaveti Ravouvou (Fiji),Kick Retreat,Green,947046,13,A,954,Fiji,40515,Kalaveti,Ravouvou,1,554
272,363.9305442176871,380.899772571,Tevita Ikanivere (Fiji),Kick Retreat,Green,947046,2,A,954,Fiji,34455,Tevita,Ikanivere,1,554
273,363.9305442176871,380.899772571,Mesake Vocevoce (Fiji),Kick Retreat,Green,947046,4,A,954,Fiji,59793,Mesake,Vocevoce,1,554
274,363.9305442176871,380.899772571,Temo Mayanavanua (Fiji),Kick Retreat,Green,947046,5,A,954,Fiji,28186,Temo,Mayanavanua,1,554
275,363.9305442176871,380.899772571,Elia Canakaivata (Fiji),Kick Retreat,Green,947046,7,A,954,Fiji,34647,Elia,Canakaivata,1,554
276,363.9305442176871,380.899772571,Viliame Mata (Fiji),Kick Retreat,Green,947046,8,A,954,Fiji,24151,Viliame,Mata,1,554
277,363.973598229,380.899772571,Eroni Mawi (Fiji),Kick Retreat,Green,947046,1,A,954,Fiji,29306,Eroni,Mawi,1,554
278,363.973598229,380.899772571,Etonia Waqa (Fiji),Kick Retreat,Green,947046,6,A,954,Fiji,34464,Etonia,Waqa,1,554
279,365.740948085,379.999651644,Kenta Kobayashi (Japan),Kick Chase,Green,947046,1,H,3000,Japan,34481,Kenta,Kobayashi,1,606
280,365.740948085,379.999651644,Hayate Era (Japan),Kick Chase,Green,947046,2,H,3000,Japan,61955,Hayate,Era,1,606
281,365.740948085,379.999651644,Shuhei Takeuchi (Japan),Kick Chase,Green,947046,3,H,3000,Japan,37874,Shuhei,Takeuchi,1,606
282,365.740948085,379.999651644,Jack Cornelsen (Japan),Kick Chase,Green,947046,4,H,3000,Japan,23697,Jack,Cornelsen,1,606
283,365.740948085,379.999651644,Warner Dearns (Japan),Kick Chase,Red,947046,5,H,3000,Japan,40399,Warner,Dearns,1,606
284,365.740948085,379.999651644,Faulua Makisi (Japan),Kick Chase,Red,947046,6,H,3000,Japan,23417,Faulua,Makisi,1,606
285,365.740948085,379.999651644,Kanji Shimokawa (Japan),Kick Chase,Green,947046,7,H,3000,Japan,30962,Kanji,Shimokawa,1,606
286,365.740948085,379.999651644,Amato Fakatava (Japan),Kick Chase,Green,947046,8,H,3000,Japan,36500,Amato,Fakatava,1,606
287,365.740948085,379.999651644,Haruto Kida (Japan),Kick Chase,Green,947046,11,H,3000,Japan,34476,Haruto,Kida,1,606
288,365.740948085,379.999651644,Charlie Lawrence (Japan),Kick Chase,Green,947046,12,H,3000,Japan,32522,Charlie,Lawrence,1,606
289,365.740948085,379.999651644,Yuya Hirose (Japan),Kick Chase,Green,947046,13,H,3000,Japan,61922,Yuya,Hirose,1,606
290,365.740948085,379.999651644,Tomoki Osada (Japan),Kick Chase,Green,947046,14,H,3000,Japan,31059,Tomoki,Osada,1,606
291,366.01383219954647,375.9999071886664,Mesake Doge (Fiji),Tackle,Green,947046,3,A,954,Fiji,20730,Mesake,Doge,1,606
292,366.205786214,371.205786214,Jack Cornelsen (Japan),Ruck,Green,947046,4,H,3000,Japan,23697,Jack,Cornelsen,1,606
293,366.210560804,380.899772571,Simione Kuruvoli (Fiji),Kick Retreat,Green,947046,9,A,954,Fiji,34467,Simione,Kuruvoli,1,606
294,366.950925383,371.950925383,Hayate Era (Japan),Ruck,Green,947046,2,H,3000,Japan,61955,Hayate,Era,1,606
295,367.16131519274376,380.899772571,Taniela Rakuro (Fiji),Kick Retreat,Green,947046,11,A,954,Fiji,58917,Taniela,Rakuro,1,603
296,367.16131519274376,380.899772571,Joji Nasova (Fiji),Kick Retreat,Green,947046,14,A,954,Fiji,62542,Joji,Nasova,1,603
297,367.16131519274376,380.899772571,Inia Tabuavou (Fiji),Kick Retreat,Green,947046,12,A,954,Fiji,39311,Inia,Tabuavou,1,603
298,367.394704328,372.394704328,Kenta Kobayashi (Japan),Ruck,Green,947046,1,H,3000,Japan,34481,Kenta,Kobayashi,1,603
299,369.06499122,374.06499122,Warner Dearns (Japan),Carry,Green,947046,5,H,3000,Japan,40399,Warner,Dearns,1,610
300,373.67750566893426,380.9999417886665,Mesake Doge (Fiji),Kick Retreat,Red,947046,3,A,954,Fiji,20730,Mesake,Doge,1,611
301,374.256558347,387.5999586566661,Taniela Rakuro (Fiji),Carry,Red,947046,11,A,954,Fiji,58917,Taniela,Rakuro,1,614
302,374.703303914,384.3999821719998,Etonia Waqa (Fiji),Ruck,Red,947046,6,A,954,Fiji,34464,Etonia,Waqa,1,614
303,374.703303914,384.3999821719998,Kalaveti Ravouvou (Fiji),Ruck,Red,947046,13,A,954,Fiji,40515,Kalaveti,Ravouvou,1,614
304,377.654527935,382.654527935,Hayate Era (Japan),Tackle,Yellow,947046,2,H,3000,Japan,61955,Hayate,Era,1,617
305,379.355465117,389.2000381960001,Mesake Doge (Fiji),Ruck,Red,947046,3,A,954,Fiji,20730,Mesake,Doge,1,619
306,379.366374205,388.8999436886664,Eroni Mawi (Fiji),Ruck,Yellow,947046,1,A,954,Fiji,29306,Eroni,Mawi,1,619
307,379.496706618,390.29998104833305,Temo Mayanavanua (Fiji),Carry,Green,947046,5,A,954,Fiji,28186,Temo,Mayanavanua,1,619
308,380.097496578,385.097496578,Kanji Shimokawa (Japan),Tackle,Green,947046,7,H,3000,Japan,30962,Kanji,Shimokawa,1,619
309,380.097496578,385.097496578,Amato Fakatava (Japan),Tackle,Green,947046,8,H,3000,Japan,36500,Amato,Fakatava,1,619
310,385.3798866213152,398.90113432066704,Tevita Ikanivere (Fiji),Carry,Green,947046,2,A,954,Fiji,34455,Tevita,Ikanivere,1,624
311,386.81780045351474,398.60003422866714,Mesake Vocevoce (Fiji),Ruck,Red,947046,4,A,954,Fiji,59793,Mesake,Vocevoce,1,624
312,386.81780045351474,398.60003422866714,Viliame Mata (Fiji),Ruck,Red,947046,8,A,954,Fiji,24151,Viliame,Mata,1,624
313,387.574834173,392.574834173,Faulua Makisi (Japan),Tackle,Green,947046,6,H,3000,Japan,23417,Faulua,Makisi,1,627
314,389.9905668934241,394.9905668934241,Warner Dearns (Japan),Tackle,Red,947046,5,H,3000,Japan,40399,Warner,Dearns,1,629
315,391.938637414,396.938637414,Kanji Shimokawa (Japan),Tackle,Green,947046,7,H,3000,Japan,30962,Kanji,Shimokawa,1,632
316,394.893149762,406.4000916493335,Inia Tabuavou (Fiji),Carry,Green,947046,12,A,954,Fiji,39311,Inia,Tabuavou,1,634
317,395.12002267573695,406.99991467000024,Mesake Vocevoce (Fiji),Ruck,Green,947046,4,A,954,Fiji,59793,Mesake,Vocevoce,1,634
318,396.067811043,406.7999657033339,Temo Mayanavanua (Fiji),Ruck,Red,947046,5,A,954,Fiji,28186,Temo,Mayanavanua,1,634
319,396.6493424036281,406.99991467000024,Caleb Muntz (Fiji),Ruck,Green,947046,10,A,954,Fiji,30799,Caleb,Muntz,1,636
320,398.662011992,403.662011992,Faulua Makisi (Japan),Jackler,Yellow,947046,6,H,3000,Japan,23417,Faulua,Makisi,1,638
321,453.461457514,467.66439787,Kenta Kobayashi (Japan),Lineout Defence,Green,947046,1,H,3000,Japan,34481,Kenta,Kobayashi,1,733
322,453.461457514,467.66439787,Shuhei Takeuchi (Japan),Lineout Defence,Green,947046,3,H,3000,Japan,37874,Shuhei,Takeuchi,1,733
323,453.461457514,467.66439787,Jack Cornelsen (Japan),Lineout Defence,Green,947046,4,H,3000,Japan,23697,Jack,Cornelsen,1,733
324,453.461457514,467.66439787,Warner Dearns (Japan),Lineout Defence,Green,947046,5,H,3000,Japan,40399,Warner,Dearns,1,733
325,453.461457514,467.66439787,Kanji Shimokawa (Japan),Lineout Defence,Green,947046,7,H,3000,Japan,30962,Kanji,Shimokawa,1,733
326,456.696097509,468.6016972006672,Tevita Ikanivere (Fiji),Lineout Attack,Green,947046,2,A,954,Fiji,34455,Tevita,Ikanivere,1,735
327,456.696097509,468.6016972006672,Mesake Vocevoce (Fiji),Lineout Attack,Green,947046,4,A,954,Fiji,59793,Mesake,Vocevoce,1,735
328,456.696097509,468.6016972006672,Temo Mayanavanua (Fiji),Lineout Attack,Green,947046,5,A,954,Fiji,28186,Temo,Mayanavanua,1,735
329,456.696097509,468.6016972006672,Etonia Waqa (Fiji),Lineout Attack,Green,947046,6,A,954,Fiji,34464,Etonia,Waqa,1,735
330,458.25911401,468.39988955333354,Mesake Doge (Fiji),Lineout Attack,Yellow,947046,3,A,954,Fiji,20730,Mesake,Doge,1,738
331,458.55324169,468.6016972006672,Eroni Mawi (Fiji),Lineout Attack,Green,947046,1,A,954,Fiji,29306,Eroni,Mawi,1,738
332,461.5215419501134,474.29999275000057,Elia Canakaivata (Fiji),Ruck,Red,947046,7,A,954,Fiji,34647,Elia,Canakaivata,1,741
333,461.5215419501134,474.29999275000057,Taniela Rakuro (Fiji),Ruck,Red,947046,11,A,954,Fiji,58917,Taniela,Rakuro,1,741
334,462.274103708,467.274103708,Shinobu Fujiwara (Japan),Phase Defence,Red,947046,9,H,3000,Japan,30969,Shinobu,Fujiwara,1,741
335,463.505306122449,473.568947566,Inia Tabuavou (Fiji),Carry,Green,947046,12,A,954,Fiji,39311,Inia,Tabuavou,1,743
336,463.64013605442176,471.79994486233335,Viliame Mata (Fiji),Ruck,Green,947046,8,A,954,Fiji,24151,Viliame,Mata,1,743
337,463.73100311,468.73100311,Faulua Makisi (Japan),Tackle,Green,947046,6,H,3000,Japan,23417,Faulua,Makisi,1,743
338,463.757749545,468.757749545,Amato Fakatava (Japan),Tackle,Green,947046,8,H,3000,Japan,36500,Amato,Fakatava,1,743
339,465.6009523809524,478.6999045709998,Tevita Ikanivere (Fiji),Carry,Red,947046,2,A,954,Fiji,34455,Tevita,Ikanivere,1,744
340,467.613537115,472.613537115,Seungsin Lee (Japan),Tackle,Green,947046,10,H,3000,Japan,37841,Seungsin,Lee,1,746
341,467.699533671,475.8998898516664,Eroni Mawi (Fiji),Ruck,Red,947046,1,A,954,Fiji,29306,Eroni,Mawi,1,746
342,467.699533671,475.8998898516664,Temo Mayanavanua (Fiji),Ruck,Red,947046,5,A,954,Fiji,28186,Temo,Mayanavanua,1,746
343,470.004794746,475.004794746,Hayate Era (Japan),Jackler,Green,947046,2,H,3000,Japan,61955,Hayate,Era,1,748
344,655.765437589,667.336862911,Kenta Kobayashi (Japan),Lineout Attack,Green,947046,1,H,3000,Japan,34481,Kenta,Kobayashi,1,1009
345,655.765437589,667.336862911,Hayate Era (Japan),Lineout Attack,Green,947046,2,H,3000,Japan,61955,Hayate,Era,1,1009
346,655.765437589,667.336862911,Shuhei Takeuchi (Japan),Lineout Attack,Green,947046,3,H,3000,Japan,37874,Shuhei,Takeuchi,1,1009
347,655.765437589,667.336862911,Jack Cornelsen (Japan),Lineout Attack,Green,947046,4,H,3000,Japan,23697,Jack,Cornelsen,1,1009
348,655.765437589,667.336862911,Warner Dearns (Japan),Lineout Attack,Green,947046,5,H,3000,Japan,40399,Warner,Dearns,1,1009
349,655.765437589,667.336862911,Kanji Shimokawa (Japan),Lineout Attack,Green,947046,7,H,3000,Japan,30962,Kanji,Shimokawa,1,1009
350,656.138935483,667.1999244486667,Eroni Mawi (Fiji),Lineout Defence,Green,947046,1,A,954,Fiji,29306,Eroni,Mawi,1,1009
351,656.138935483,667.1999244486667,Tevita Ikanivere (Fiji),Lineout Defence,Green,947046,2,A,954,Fiji,34455,Tevita,Ikanivere,1,1009
352,656.138935483,667.1999244486667,Mesake Doge (Fiji),Lineout Defence,Green,947046,3,A,954,Fiji,20730,Mesake,Doge,1,1009
353,656.138935483,667.1999244486667,Mesake Vocevoce (Fiji),Lineout Defence,Green,947046,4,A,954,Fiji,59793,Mesake,Vocevoce,1,1009
354,656.138935483,667.1999244486667,Temo Mayanavanua (Fiji),Lineout Defence,Green,947046,5,A,954,Fiji,28186,Temo,Mayanavanua,1,1009
355,656.138935483,667.1999244486667,Etonia Waqa (Fiji),Lineout Defence,Green,947046,6,A,954,Fiji,34464,Etonia,Waqa,1,1009
356,717.100438099,729.5999545184542,Shuhei Takeuchi (Japan),Lineout Defence,Green,947046,3,H,3000,Japan,37874,Shuhei,Takeuchi,1,1110
357,717.100438099,729.5999545184542,Jack Cornelsen (Japan),Lineout Defence,Green,947046,4,H,3000,Japan,23697,Jack,Cornelsen,1,1110
358,717.100438099,729.5999545184542,Warner Dearns (Japan),Lineout Defence,Green,947046,5,H,3000,Japan,40399,Warner,Dearns,1,1110
359,717.100438099,729.5999545184542,Amato Fakatava (Japan),Lineout Defence,Green,947046,8,H,3000,Japan,36500,Amato,Fakatava,1,1110
360,717.100438099,729.5999545184542,Shinobu Fujiwara (Japan),Lineout Defence,Green,947046,9,H,3000,Japan,30969,Shinobu,Fujiwara,1,1110
361,749.664021788,762.900031823,Hayate Era (Japan),Lineout Defence,Green,947046,2,H,3000,Japan,61955,Hayate,Era,1,1144
362,749.664021788,762.900031823,Jack Cornelsen (Japan),Lineout Defence,Green,947046,4,H,3000,Japan,23697,Jack,Cornelsen,1,1144
363,749.664021788,762.900031823,Warner Dearns (Japan),Lineout Defence,Green,947046,5,H,3000,Japan,40399,Warner,Dearns,1,1144
364,749.664021788,762.900031823,Faulua Makisi (Japan),Lineout Defence,Green,947046,6,H,3000,Japan,23417,Faulua,Makisi,1,1144
365,749.664021788,762.900031823,Kanji Shimokawa (Japan),Lineout Defence,Green,947046,7,H,3000,Japan,30962,Kanji,Shimokawa,1,1144
366,750.4746712018141,763.3998853626663,Mesake Doge (Fiji),Lineout Attack,Green,947046,3,A,954,Fiji,20730,Mesake,Doge,1,1144
367,750.4746712018141,763.3998853626663,Mesake Vocevoce (Fiji),Lineout Attack,Green,947046,4,A,954,Fiji,59793,Mesake,Vocevoce,1,1144
368,750.4746712018141,763.3998853626663,Temo Mayanavanua (Fiji),Lineout Attack,Green,947046,5,A,954,Fiji,28186,Temo,Mayanavanua,1,1144
369,750.4746712018141,763.3998853626663,Etonia Waqa (Fiji),Lineout Attack,Green,947046,6,A,954,Fiji,34464,Etonia,Waqa,1,1144
370,751.63422281,763.3998853626663,Tevita Ikanivere (Fiji),Lineout Attack,Green,947046,2,A,954,Fiji,34455,Tevita,Ikanivere,1,1146
371,757.821390844,766.6999912786671,Eroni Mawi (Fiji),Ruck,Green,947046,1,A,954,Fiji,29306,Eroni,Mawi,1,1152
372,757.821390844,766.6999912786671,Temo Mayanavanua (Fiji),Ruck,Green,947046,5,A,954,Fiji,28186,Temo,Mayanavanua,1,1152
373,757.821414408,768.814191906,Taniela Rakuro (Fiji),Ruck,Red,947046,11,A,954,Fiji,58917,Taniela,Rakuro,1,1152
374,758.009381374,763.009381374,Faulua Makisi (Japan),Phase Defence,Red,947046,6,H,3000,Japan,23417,Faulua,Makisi,1,1152
375,758.141748588,763.141748588,Amato Fakatava (Japan),Tackle,Green,947046,8,H,3000,Japan,36500,Amato,Fakatava,1,1152
376,758.326459805,768.999938659,Elia Canakaivata (Fiji),Carry,Red,947046,7,A,954,Fiji,34647,Elia,Canakaivata,1,1152
377,762.297522245,770.4999407246667,Mesake Vocevoce (Fiji),Ruck,Green,947046,4,A,954,Fiji,59793,Mesake,Vocevoce,1,1156
378,762.412507262,767.412507262,Kenta Kobayashi (Japan),Tackle,Green,947046,1,H,3000,Japan,34481,Kenta,Kobayashi,1,1156
379,762.797661731,767.797661731,Shuhei Takeuchi (Japan),Tackle,Green,947046,3,H,3000,Japan,37874,Shuhei,Takeuchi,1,1156
380,762.850961162,773.7000478426664,Tevita Ikanivere (Fiji),Carry,Green,947046,2,A,954,Fiji,34455,Tevita,Ikanivere,1,1156
381,762.873179114,771.7999226083333,Mesake Doge (Fiji),Ruck,Yellow,947046,3,A,954,Fiji,20730,Mesake,Doge,1,1156
382,767.906515173,772.906515173,Charlie Lawrence (Japan),Tackle,Green,947046,12,H,3000,Japan,32522,Charlie,Lawrence,1,1203
383,770.344980004,781.6000261040003,Joji Nasova (Fiji),Ruck,Green,947046,14,A,954,Fiji,62542,Joji,Nasova,1,1202
384,770.344980004,781.6000261040003,Ponipate Loganimasi (Fiji),Ruck,Green,947046,15,A,954,Fiji,58879,Ponipate,Loganimasi,1,1202
385,770.532185804,778.799953205667,Kalaveti Ravouvou (Fiji),Carry,Green,947046,13,A,954,Fiji,40515,Kalaveti,Ravouvou,1,1202
386,776.57667265,786.8999356113335,Eroni Mawi (Fiji),Ruck,Green,947046,1,A,954,Fiji,29306,Eroni,Mawi,1,1210
387,776.57667265,786.8999356113335,Mesake Vocevoce (Fiji),Ruck,Green,947046,4,A,954,Fiji,59793,Mesake,Vocevoce,1,1210
388,776.57667265,786.8999356113335,Temo Mayanavanua (Fiji),Ruck,Green,947046,5,A,954,Fiji,28186,Temo,Mayanavanua,1,1210
389,776.860737388,787.199930826333,Caleb Muntz (Fiji),Carry,Green,947046,10,A,954,Fiji,30799,Caleb,Muntz,1,1211
390,777.133393377,782.133393377,Yuya Hirose (Japan),Tackle,Red,947046,13,H,3000,Japan,61922,Yuya,Hirose,1,1211
391,778.267728429,783.267728429,Kanji Shimokawa (Japan),Tackle,Green,947046,7,H,3000,Japan,30962,Kanji,Shimokawa,1,1211
392,780.295396452,784.069393087,Ichigo Nakakusu (Japan),Tackle,Green,947046,15,H,3000,Japan,61472,Ichigo,Nakakusu,1,1213
393,781.336894196,790.500225961667,Tevita Ikanivere (Fiji),Ruck,Red,947046,2,A,954,Fiji,34455,Tevita,Ikanivere,1,1216
394,781.336894196,790.500225961667,Mesake Doge (Fiji),Ruck,Red,947046,3,A,954,Fiji,20730,Mesake,Doge,1,1216
395,784.685460203,789.685460203,Kenta Kobayashi (Japan),Tackle,Green,947046,1,H,3000,Japan,34481,Kenta,Kobayashi,1,1218
396,785.0451593659999,790.0819745566762,Hayate Era (Japan),Tackle,Green,947046,2,H,3000,Japan,61955,Hayate,Era,1,1218
397,915.583536874944,930.516225838,Kenta Kobayashi (Japan),Scrum Defence,Green,947046,1,H,3000,Japan,34481,Kenta,Kobayashi,1,1243
398,915.583536874944,930.516225838,Hayate Era (Japan),Scrum Defence,Green,947046,2,H,3000,Japan,61955,Hayate,Era,1,1243
399,915.583536874944,930.516225838,Shuhei Takeuchi (Japan),Scrum Defence,Green,947046,3,H,3000,Japan,37874,Shuhei,Takeuchi,1,1243
400,915.583536874944,930.516225838,Jack Cornelsen (Japan),Scrum Defence,Green,947046,4,H,3000,Japan,23697,Jack,Cornelsen,1,1243
401,915.583536874944,930.516225838,Warner Dearns (Japan),Scrum Defence,Green,947046,5,H,3000,Japan,40399,Warner,Dearns,1,1243
402,915.583536874944,930.516225838,Faulua Makisi (Japan),Scrum Defence,Green,947046,6,H,3000,Japan,23417,Faulua,Makisi,1,1243
403,915.583536874944,930.516225838,Kanji Shimokawa (Japan),Scrum Defence,Green,947046,7,H,3000,Japan,30962,Kanji,Shimokawa,1,1243
404,915.583536874944,930.516225838,Akito Okui (Japan),Scrum Defence,Green,947046,20,H,3000,Japan,61966,Akito,Okui,1,1243
405,919.926024624,930.8999703716664,Etonia Waqa (Fiji),Scrum Attack,Red,947046,6,A,954,Fiji,34464,Etonia,Waqa,1,1243
406,920.324812244,932.2999872256668,Temo Mayanavanua (Fiji),Scrum Attack,Green,947046,5,A,954,Fiji,28186,Temo,Mayanavanua,1,1243
407,920.324812244,932.2999872256668,Viliame Mata (Fiji),Scrum Attack,Green,947046,8,A,954,Fiji,24151,Viliame,Mata,1,1243
408,920.379393118,930.8999703716664,Elia Canakaivata (Fiji),Scrum Attack,Red,947046,7,A,954,Fiji,34647,Elia,Canakaivata,1,1243
409,953.234842934,961.322579886,Etonia Waqa (Fiji),Lineout Defence,Green,947046,6,A,954,Fiji,34464,Etonia,Waqa,1,1323
410,1087.62557799,1099.669004536,Hayate Era (Japan),Lineout Attack,Green,947046,2,H,3000,Japan,61955,Hayate,Era,1,1538
411,1087.62557799,1099.669004536,Jack Cornelsen (Japan),Lineout Attack,Yellow,947046,4,H,3000,Japan,23697,Jack,Cornelsen,1,1538
412,1087.62557799,1099.669004536,Warner Dearns (Japan),Lineout Attack,Green,947046,5,H,3000,Japan,40399,Warner,Dearns,1,1538
413,1087.62557799,1099.669004536,Kanji Shimokawa (Japan),Lineout Attack,Green,947046,7,H,3000,Japan,30962,Kanji,Shimokawa,1,1538
414,1087.62557799,1099.669004536,Akito Okui (Japan),Lineout Attack,Green,947046,20,H,3000,Japan,61966,Akito,Okui,1,1538
415,1089.6166213151928,1103.2998029486666,Eroni Mawi (Fiji),Lineout Defence,Green,947046,1,A,954,Fiji,29306,Eroni,Mawi,1,1540
416,1089.6166213151928,1103.2998029486666,Mesake Vocevoce (Fiji),Lineout Defence,Green,947046,4,A,954,Fiji,59793,Mesake,Vocevoce,1,1540
417,1089.6166213151928,1103.2998029486666,Temo Mayanavanua (Fiji),Lineout Defence,Green,947046,5,A,954,Fiji,28186,Temo,Mayanavanua,1,1540
418,1089.894594928,1103.2998029486666,Tevita Ikanivere (Fiji),Lineout Defence,Green,947046,2,A,954,Fiji,34455,Tevita,Ikanivere,1,1540
419,1090.793101129,1105.1999261186672,Etonia Waqa (Fiji),Lineout Defence,Red,947046,6,A,954,Fiji,34464,Etonia,Waqa,1,1541
420,1096.129083102,1102.19993226,Joji Nasova (Fiji),Tackle,Green,947046,14,A,954,Fiji,62542,Joji,Nasova,1,1546
421,1097.526902302,1108.0999623206671,Elia Canakaivata (Fiji),Tackle,Green,947046,7,A,954,Fiji,34647,Elia,Canakaivata,1,1551
422,1103.1387981859411,1116.8998667953338,Eroni Mawi (Fiji),Kick Retreat,Green,947046,1,A,954,Fiji,29306,Eroni,Mawi,1,1552
423,1103.1387981859411,1116.8998667953338,Tevita Ikanivere (Fiji),Kick Retreat,Green,947046,2,A,954,Fiji,34455,Tevita,Ikanivere,1,1552
424,1103.1387981859411,1116.8998667953338,Mesake Doge (Fiji),Kick Retreat,Green,947046,3,A,954,Fiji,20730,Mesake,Doge,1,1552
425,1103.1387981859411,1116.8998667953338,Mesake Vocevoce (Fiji),Kick Retreat,Green,947046,4,A,954,Fiji,59793,Mesake,Vocevoce,1,1552
426,1103.1387981859411,1116.8998667953338,Temo Mayanavanua (Fiji),Kick Retreat,Green,947046,5,A,954,Fiji,28186,Temo,Mayanavanua,1,1552
427,1103.1387981859411,1116.8998667953338,Viliame Mata (Fiji),Kick Retreat,Green,947046,8,A,954,Fiji,24151,Viliame,Mata,1,1552
428,1104.1343990929706,1112.3999677176664,Temo Mayanavanua (Fiji),Charge Down,Green,947046,5,A,954,Fiji,28186,Temo,Mayanavanua,1,1558
429,1104.738061468,1117.205416141,Kenta Kobayashi (Japan),Kick Chase,Green,947046,1,H,3000,Japan,34481,Kenta,Kobayashi,1,1558
430,1104.738061468,1117.205416141,Hayate Era (Japan),Kick Chase,Green,947046,2,H,3000,Japan,61955,Hayate,Era,1,1558
431,1104.738061468,1117.205416141,Shuhei Takeuchi (Japan),Kick Chase,Green,947046,3,H,3000,Japan,37874,Shuhei,Takeuchi,1,1558
432,1104.738061468,1117.205416141,Jack Cornelsen (Japan),Kick Chase,Green,947046,4,H,3000,Japan,23697,Jack,Cornelsen,1,1558
433,1104.738061468,1117.205416141,Warner Dearns (Japan),Kick Chase,Green,947046,5,H,3000,Japan,40399,Warner,Dearns,1,1558
434,1104.738061468,1117.205416141,Faulua Makisi (Japan),Kick Chase,Green,947046,6,H,3000,Japan,23417,Faulua,Makisi,1,1558
435,1104.738061468,1117.205416141,Kanji Shimokawa (Japan),Kick Chase,Green,947046,7,H,3000,Japan,30962,Kanji,Shimokawa,1,1558
436,1104.738061468,1117.205416141,Charlie Lawrence (Japan),Kick Chase,Green,947046,12,H,3000,Japan,32522,Charlie,Lawrence,1,1558
437,1104.738061468,1117.205416141,Yuya Hirose (Japan),Kick Chase,Green,947046,13,H,3000,Japan,61922,Yuya,Hirose,1,1558
438,1104.738061468,1117.205416141,Tomoki Osada (Japan),Kick Chase,Green,947046,14,H,3000,Japan,31059,Tomoki,Osada,1,1558
439,1104.738061468,1117.205416141,Akito Okui (Japan),Kick Chase,Green,947046,20,H,3000,Japan,61966,Akito,Okui,1,1558
440,1104.738061468,1117.205416141,Yuki Ikeda (Japan),Kick Chase,Green,947046,23,H,3000,Japan,32520,Yuki,Ikeda,1,1558
441,1106.025141492,1111.025141492,Warner Dearns (Japan),Ruck,Green,947046,5,H,3000,Japan,40399,Warner,Dearns,1,1558
442,1107.5658276643992,1117.999896588333,Elia Canakaivata (Fiji),Kick Retreat,Yellow,947046,7,A,954,Fiji,34647,Elia,Canakaivata,1,1554
443,1107.598358545,1112.598358545,Kenta Kobayashi (Japan),Ruck,Green,947046,1,H,3000,Japan,34481,Kenta,Kobayashi,1,1554
444,1107.598358545,1112.598358545,Shuhei Takeuchi (Japan),Ruck,Green,947046,3,H,3000,Japan,37874,Shuhei,Takeuchi,1,1554
445,1108.03494074,1113.03494074,Akito Okui (Japan),Ruck,Green,947046,20,H,3000,Japan,61966,Akito,Okui,1,1600
446,1108.510226758,1113.510226758,Tomoki Osada (Japan),Kick Chase,Gold,947046,14,H,3000,Japan,31059,Tomoki,Osada,1,1600
447,1109.235883835,1114.235883835,Faulua Makisi (Japan),Carry,Green,947046,6,H,3000,Japan,23417,Faulua,Makisi,1,1601
448,1109.948097529,1117.205416141,Shinobu Fujiwara (Japan),Kick Chase,Green,947046,9,H,3000,Japan,30969,Shinobu,Fujiwara,1,1601
449,1110.665802014,1116.8998667953338,Joji Nasova (Fiji),Kick Retreat,Green,947046,14,A,954,Fiji,62542,Joji,Nasova,1,1602
450,1110.665802014,1116.8998667953338,Simione Kuruvoli (Fiji),Kick Retreat,Green,947046,9,A,954,Fiji,34467,Simione,Kuruvoli,1,1602
451,1111.079222897,1116.8998667953338,Etonia Waqa (Fiji),Kick Retreat,Green,947046,6,A,954,Fiji,34464,Etonia,Waqa,1,1602
452,1111.343136334,1116.8998667953338,Kalaveti Ravouvou (Fiji),Kick Retreat,Green,947046,13,A,954,Fiji,40515,Kalaveti,Ravouvou,1,1603
453,1111.343136334,1116.8998667953338,Inia Tabuavou (Fiji),Kick Retreat,Green,947046,12,A,954,Fiji,39311,Inia,Tabuavou,1,1603
454,1114.727287183,1123.703653338,Faulua Makisi (Japan),Kick Chase,Green,947046,6,H,3000,Japan,23417,Faulua,Makisi,1,1608
455,1114.727287183,1123.703653338,Charlie Lawrence (Japan),Kick Chase,Green,947046,12,H,3000,Japan,32522,Charlie,Lawrence,1,1608
456,1114.727287183,1123.703653338,Yuya Hirose (Japan),Kick Chase,Green,947046,13,H,3000,Japan,61922,Yuya,Hirose,1,1608
457,1116.275542052,1123.703653338,Yuki Ikeda (Japan),Kick Chase,Green,947046,23,H,3000,Japan,32520,Yuki,Ikeda,1,1608
458,1193.242990307,1205.909725632,Kenta Kobayashi (Japan),Scrum Attack,Green,947046,1,H,3000,Japan,34481,Kenta,Kobayashi,1,1724
459,1193.242990307,1205.909725632,Hayate Era (Japan),Scrum Attack,Green,947046,2,H,3000,Japan,61955,Hayate,Era,1,1724
460,1193.242990307,1205.909725632,Shuhei Takeuchi (Japan),Scrum Attack,Green,947046,3,H,3000,Japan,37874,Shuhei,Takeuchi,1,1724
461,1193.242990307,1205.909725632,Jack Cornelsen (Japan),Scrum Attack,Green,947046,4,H,3000,Japan,23697,Jack,Cornelsen,1,1724
462,1193.242990307,1205.909725632,Warner Dearns (Japan),Scrum Attack,Green,947046,5,H,3000,Japan,40399,Warner,Dearns,1,1724
463,1193.242990307,1205.909725632,Faulua Makisi (Japan),Scrum Attack,Green,947046,6,H,3000,Japan,23417,Faulua,Makisi,1,1724
464,1193.242990307,1205.909725632,Kanji Shimokawa (Japan),Scrum Attack,Green,947046,7,H,3000,Japan,30962,Kanji,Shimokawa,1,1724
465,1193.242990307,1205.909725632,Akito Okui (Japan),Scrum Attack,Green,947046,20,H,3000,Japan,61966,Akito,Okui,1,1724
466,1195.216382249,1208.8999695983337,Etonia Waqa (Fiji),Scrum Defence,Red,947046,6,A,954,Fiji,34464,Etonia,Waqa,1,1727
467,1196.417810667,1209.4999489726672,Eroni Mawi (Fiji),Scrum Defence,Green,947046,1,A,954,Fiji,29306,Eroni,Mawi,1,1728
468,1196.417810667,1209.4999489726672,Tevita Ikanivere (Fiji),Scrum Defence,Green,947046,2,A,954,Fiji,34455,Tevita,Ikanivere,1,1728
469,1196.417810667,1209.4999489726672,Mesake Doge (Fiji),Scrum Defence,Green,947046,3,A,954,Fiji,20730,Mesake,Doge,1,1728
470,1196.417810667,1209.4999489726672,Elia Canakaivata (Fiji),Scrum Defence,Green,947046,7,A,954,Fiji,34647,Elia,Canakaivata,1,1728
471,1196.417810667,1209.4999489726672,Viliame Mata (Fiji),Scrum Defence,Green,947046,8,A,954,Fiji,24151,Viliame,Mata,1,1728
472,1197.8109750566894,1207.8999348236669,Inia Tabuavou (Fiji),Tackle,Green,947046,12,A,954,Fiji,39311,Inia,Tabuavou,1,1729
473,1201.168655181,1207.6998694823333,Mesake Vocevoce (Fiji),Scrum Defence,Green,947046,4,A,954,Fiji,59793,Mesake,Vocevoce,1,1733
474,1201.168655181,1207.6998694823333,Temo Mayanavanua (Fiji),Scrum Defence,Green,947046,5,A,954,Fiji,28186,Temo,Mayanavanua,1,1733
475,1224.223199716,1239.458485971,Kenta Kobayashi (Japan),Lineout Attack,Yellow,947046,1,H,3000,Japan,34481,Kenta,Kobayashi,1,1757
476,1224.223199716,1239.458485971,Shuhei Takeuchi (Japan),Lineout Attack,Green,947046,3,H,3000,Japan,37874,Shuhei,Takeuchi,1,1757
477,1224.223199716,1239.458485971,Jack Cornelsen (Japan),Lineout Attack,Yellow,947046,4,H,3000,Japan,23697,Jack,Cornelsen,1,1757
478,1224.223199716,1239.458485971,Warner Dearns (Japan),Lineout Attack,Green,947046,5,H,3000,Japan,40399,Warner,Dearns,1,1757
479,1224.223199716,1239.458485971,Kanji Shimokawa (Japan),Lineout Attack,Green,947046,7,H,3000,Japan,30962,Kanji,Shimokawa,1,1757
480,1225.9816553287983,1240.0998677883333,Eroni Mawi (Fiji),Lineout Defence,Green,947046,1,A,954,Fiji,29306,Eroni,Mawi,1,1757
481,1225.9816553287983,1240.0998677883333,Tevita Ikanivere (Fiji),Lineout Defence,Green,947046,2,A,954,Fiji,34455,Tevita,Ikanivere,1,1757
482,1225.9816553287983,1240.0998677883333,Mesake Doge (Fiji),Lineout Defence,Green,947046,3,A,954,Fiji,20730,Mesake,Doge,1,1757
483,1225.9816553287983,1240.0998677883333,Mesake Vocevoce (Fiji),Lineout Defence,Green,947046,4,A,954,Fiji,59793,Mesake,Vocevoce,1,1757
484,1225.9816553287983,1240.0998677883333,Temo Mayanavanua (Fiji),Lineout Defence,Green,947046,5,A,954,Fiji,28186,Temo,Mayanavanua,1,1757
485,1225.9816553287983,1240.0998677883333,Etonia Waqa (Fiji),Lineout Defence,Green,947046,6,A,954,Fiji,34464,Etonia,Waqa,1,1757
486,1225.9816553287983,1240.0998677883333,Elia Canakaivata (Fiji),Lineout Defence,Green,947046,7,A,954,Fiji,34647,Elia,Canakaivata,1,1757
487,1226.5607936507936,1239.0980811189977,Hayate Era (Japan),Turnover Attack,Gold,947046,2,H,3000,Japan,61955,Hayate,Era,1,1757
488,1230.3007936507936,1263.2966209429987,Kanji Shimokawa (Japan),Ruck,Gold,947046,7,H,3000,Japan,30962,Kanji,Shimokawa,1,1801
489,1234.210702947846,1239.7999238503337,Kalaveti Ravouvou (Fiji),Phase Defence,Red,947046,13,A,954,Fiji,40515,Kalaveti,Ravouvou,1,1806
490,1234.210702947846,1239.7999238503337,Joji Nasova (Fiji),Phase Defence,Red,947046,14,A,954,Fiji,62542,Joji,Nasova,1,1806
491,1234.4753855,1245.3999246873327,Taniela Rakuro (Fiji),Tackle,Yellow,947046,11,A,954,Fiji,58917,Taniela,Rakuro,1,1806
492,1234.916738439,1242.599903625999,Elia Canakaivata (Fiji),Tackle,Red,947046,7,A,954,Fiji,34647,Elia,Canakaivata,1,1806
493,1237.157312606,1242.157312606,Kanji Shimokawa (Japan),Ruck,Green,947046,7,H,3000,Japan,30962,Kanji,Shimokawa,1,1809
494,1238.189103331,1243.189103331,Shuhei Takeuchi (Japan),Ruck,Yellow,947046,3,H,3000,Japan,37874,Shuhei,Takeuchi,1,1809
495,1238.349491866,1243.349491866,Hayate Era (Japan),Carry,Green,947046,2,H,3000,Japan,61955,Hayate,Era,1,1810
496,1238.495037137,1248.5999159700002,Inia Tabuavou (Fiji),Tackle,Red,947046,12,A,954,Fiji,39311,Inia,Tabuavou,1,1810
497,1238.873814149,1246.6999539499996,Temo Mayanavanua (Fiji),Tackle,Green,947046,5,A,954,Fiji,28186,Temo,Mayanavanua,1,1810
498,1240.820031151,1245.820031151,Akito Okui (Japan),Ruck,Green,947046,20,H,3000,Japan,61966,Akito,Okui,1,1813
499,1241.156453824,1246.156453824,Warner Dearns (Japan),Ruck,Red,947046,5,H,3000,Japan,40399,Warner,Dearns,1,1813
500,1243.467258884,1248.467258884,Jack Cornelsen (Japan),Ruck,Green,947046,4,H,3000,Japan,23697,Jack,Cornelsen,1,1815
501,1247.2286621315193,1254.5999483436665,Joji Nasova (Fiji),Tackle,Green,947046,14,A,954,Fiji,62542,Joji,Nasova,1,1819
502,1247.251463014,1252.251463014,Faulua Makisi (Japan),Carry,Yellow,947046,6,H,3000,Japan,23417,Faulua,Makisi,1,1819
503,1249.8661224489797,1260.0999424716665,Mesake Vocevoce (Fiji),Jackler,Yellow,947046,4,A,954,Fiji,59793,Mesake,Vocevoce,1,1821
504,1252.274394516,1262.4998749153333,Temo Mayanavanua (Fiji),Tackle,Red,947046,5,A,954,Fiji,28186,Temo,Mayanavanua,1,1820
505,1252.316037215,1257.316037215,Kanji Shimokawa (Japan),Ruck,Green,947046,7,H,3000,Japan,30962,Kanji,Shimokawa,1,1820
506,1254.218173016,1259.218173016,Yuki Ikeda (Japan),Carry,Green,947046,23,H,3000,Japan,32520,Yuki,Ikeda,1,1826
507,1254.926635619,1259.926635619,Charlie Lawrence (Japan),Ruck,Green,947046,12,H,3000,Japan,32522,Charlie,Lawrence,1,1826
508,1255.862990917,1260.862990917,Jack Cornelsen (Japan),Ruck,Green,947046,4,H,3000,Japan,23697,Jack,Cornelsen,1,1828
509,1255.976112489,1260.976112489,Kanji Shimokawa (Japan),Ruck,Green,947046,7,H,3000,Japan,30962,Kanji,Shimokawa,1,1828
510,1449.073469387755,1459.7999522453338,Ponipate Loganimasi (Fiji),Kick Chase,Gold,947046,15,A,954,Fiji,58879,Ponipate,Loganimasi,1,2015
511,1449.7436961451249,1459.9999768126668,Elia Canakaivata (Fiji),Kick Chase,Gold,947046,7,A,954,Fiji,34647,Elia,Canakaivata,1,2015
512,1554.302016681,1559.302016681,Tomoki Osada (Japan),Tackle,Green,947046,14,H,3000,Japan,31059,Tomoki,Osada,1,2159
513,1556.174887447,1567.3999807300002,Eroni Mawi (Fiji),Ruck,Green,947046,1,A,954,Fiji,29306,Eroni,Mawi,1,2200
514,1556.174887447,1567.3999807300002,Mesake Vocevoce (Fiji),Ruck,Green,947046,4,A,954,Fiji,59793,Mesake,Vocevoce,1,2200
515,1556.798432502,1566.0998590749991,Joji Nasova (Fiji),Ruck,Yellow,947046,14,A,954,Fiji,62542,Joji,Nasova,1,2201
516,1557.513424036281,1569.7999777179984,Inia Tabuavou (Fiji),Carry,Green,947046,12,A,954,Fiji,39311,Inia,Tabuavou,1,2201
517,1562.047825455,1567.047825455,Shuhei Takeuchi (Japan),Tackle,Green,947046,3,H,3000,Japan,37874,Shuhei,Takeuchi,1,2206
518,1562.353471364,1567.353471364,Faulua Makisi (Japan),Tackle,Green,947046,6,H,3000,Japan,23417,Faulua,Makisi,1,2208
519,1562.405122928,1567.405122928,Kanji Shimokawa (Japan),Tackle,Green,947046,7,H,3000,Japan,30962,Kanji,Shimokawa,1,2208
520,1566.208209788,1571.208209788,Kanji Shimokawa (Japan),Jackler,Green,947046,7,H,3000,Japan,30962,Kanji,Shimokawa,1,2211
521,1569.8682766439908,1581.699968691,Tevita Ikanivere (Fiji),Carry,Green,947046,2,A,954,Fiji,34455,Tevita,Ikanivere,1,2203
522,1570.1121088435375,1579.3999078169998,Eroni Mawi (Fiji),Ruck,Green,947046,1,A,954,Fiji,29306,Eroni,Mawi,1,2203
523,1570.1121088435375,1579.3999078169998,Mesake Doge (Fiji),Ruck,Green,947046,3,A,954,Fiji,20730,Mesake,Doge,1,2203
524,1570.1121088435375,1579.3999078169998,Elia Canakaivata (Fiji),Ruck,Green,947046,7,A,954,Fiji,34647,Elia,Canakaivata,1,2203
525,1570.1121088435375,1579.3999078169998,Viliame Mata (Fiji),Ruck,Green,947046,8,A,954,Fiji,24151,Viliame,Mata,1,2203
526,1570.274152492,1581.215813945,Kenta Kobayashi (Japan),Kick Retreat,Green,947046,1,H,3000,Japan,34481,Kenta,Kobayashi,1,2203
527,1570.274152492,1581.215813945,Hayate Era (Japan),Kick Retreat,Green,947046,2,H,3000,Japan,61955,Hayate,Era,1,2203
528,1570.274152492,1581.215813945,Shuhei Takeuchi (Japan),Kick Retreat,Green,947046,3,H,3000,Japan,37874,Shuhei,Takeuchi,1,2203
529,1570.274152492,1581.215813945,Jack Cornelsen (Japan),Kick Retreat,Green,947046,4,H,3000,Japan,23697,Jack,Cornelsen,1,2203
530,1570.274152492,1581.215813945,Warner Dearns (Japan),Kick Retreat,Green,947046,5,H,3000,Japan,40399,Warner,Dearns,1,2203
531,1570.274152492,1581.215813945,Faulua Makisi (Japan),Kick Retreat,Green,947046,6,H,3000,Japan,23417,Faulua,Makisi,1,2203
532,1570.274152492,1581.215813945,Kanji Shimokawa (Japan),Kick Retreat,Green,947046,7,H,3000,Japan,30962,Kanji,Shimokawa,1,2203
533,1570.274152492,1581.215813945,Shinobu Fujiwara (Japan),Kick Retreat,Green,947046,9,H,3000,Japan,30969,Shinobu,Fujiwara,1,2203
534,1570.274152492,1581.215813945,Haruto Kida (Japan),Kick Retreat,Green,947046,11,H,3000,Japan,34476,Haruto,Kida,1,2203
535,1570.274152492,1581.215813945,Charlie Lawrence (Japan),Kick Retreat,Green,947046,12,H,3000,Japan,32522,Charlie,Lawrence,1,2203
536,1570.274152492,1581.215813945,Yuya Hirose (Japan),Kick Retreat,Green,947046,13,H,3000,Japan,61922,Yuya,Hirose,1,2203
537,1570.274152492,1581.215813945,Tomoki Osada (Japan),Kick Retreat,Green,947046,14,H,3000,Japan,31059,Tomoki,Osada,1,2203
538,1570.274152492,1581.215813945,Akito Okui (Japan),Kick Retreat,Green,947046,20,H,3000,Japan,61966,Akito,Okui,1,2203
539,1572.265518995,1581.074226274,Warner Dearns (Japan),Charge Down,Green,947046,5,H,3000,Japan,40399,Warner,Dearns,1,2215
540,1572.582332803,1581.9998514493338,Eroni Mawi (Fiji),Kick Chase,Green,947046,1,A,954,Fiji,29306,Eroni,Mawi,1,2215
541,1572.582332803,1581.9998514493338,Mesake Doge (Fiji),Kick Chase,Green,947046,3,A,954,Fiji,20730,Mesake,Doge,1,2215
542,1572.582332803,1581.9998514493338,Mesake Vocevoce (Fiji),Kick Chase,Green,947046,4,A,954,Fiji,59793,Mesake,Vocevoce,1,2215
543,1572.582332803,1581.9998514493338,Elia Canakaivata (Fiji),Kick Chase,Green,947046,7,A,954,Fiji,34647,Elia,Canakaivata,1,2215
544,1572.582332803,1581.9998514493338,Joji Nasova (Fiji),Kick Chase,Green,947046,14,A,954,Fiji,62542,Joji,Nasova,1,2215
545,1572.582332803,1581.9998514493338,Inia Tabuavou (Fiji),Kick Chase,Green,947046,12,A,954,Fiji,39311,Inia,Tabuavou,1,2215
546,1573.817213512,1581.9998514493338,Temo Mayanavanua (Fiji),Kick Chase,Green,947046,5,A,954,Fiji,28186,Temo,Mayanavanua,1,2215
547,1573.817213512,1581.9998514493338,Viliame Mata (Fiji),Kick Chase,Green,947046,8,A,954,Fiji,24151,Viliame,Mata,1,2215
548,1575.0050340136054,1589.7997699120017,Eroni Mawi (Fiji),Kick Retreat,Yellow,947046,1,A,954,Fiji,29306,Eroni,Mawi,1,2219
549,1575.0050340136054,1589.7997699120017,Tevita Ikanivere (Fiji),Kick Retreat,Yellow,947046,2,A,954,Fiji,34455,Tevita,Ikanivere,1,2219
550,1575.0050340136054,1589.7997699120017,Mesake Doge (Fiji),Kick Retreat,Yellow,947046,3,A,954,Fiji,20730,Mesake,Doge,1,2219
551,1575.0050340136054,1589.7997699120017,Mesake Vocevoce (Fiji),Kick Retreat,Yellow,947046,4,A,954,Fiji,59793,Mesake,Vocevoce,1,2219
552,1575.0050340136054,1589.7997699120017,Temo Mayanavanua (Fiji),Kick Retreat,Yellow,947046,5,A,954,Fiji,28186,Temo,Mayanavanua,1,2219
553,1575.0050340136054,1589.7997699120017,Elia Canakaivata (Fiji),Kick Retreat,Yellow,947046,7,A,954,Fiji,34647,Elia,Canakaivata,1,2219
554,1575.0050340136054,1589.7997699120017,Viliame Mata (Fiji),Kick Retreat,Yellow,947046,8,A,954,Fiji,24151,Viliame,Mata,1,2219
555,1575.651242729,1581.9998514493338,Taniela Rakuro (Fiji),Kick Chase,Green,947046,11,A,954,Fiji,58917,Taniela,Rakuro,1,2219
556,1576.074226274,1588.249352448,Kenta Kobayashi (Japan),Kick Chase,Green,947046,1,H,3000,Japan,34481,Kenta,Kobayashi,1,2219
557,1576.074226274,1588.249352448,Hayate Era (Japan),Kick Chase,Green,947046,2,H,3000,Japan,61955,Hayate,Era,1,2219
558,1576.074226274,1588.249352448,Shuhei Takeuchi (Japan),Kick Chase,Green,947046,3,H,3000,Japan,37874,Shuhei,Takeuchi,1,2219
559,1576.074226274,1588.249352448,Jack Cornelsen (Japan),Kick Chase,Green,947046,4,H,3000,Japan,23697,Jack,Cornelsen,1,2219
560,1576.074226274,1588.249352448,Warner Dearns (Japan),Kick Chase,Green,947046,5,H,3000,Japan,40399,Warner,Dearns,1,2219
561,1576.074226274,1588.249352448,Faulua Makisi (Japan),Kick Chase,Green,947046,6,H,3000,Japan,23417,Faulua,Makisi,1,2219
562,1576.074226274,1588.249352448,Kanji Shimokawa (Japan),Kick Chase,Green,947046,7,H,3000,Japan,30962,Kanji,Shimokawa,1,2219
563,1576.074226274,1588.249352448,Charlie Lawrence (Japan),Kick Chase,Green,947046,12,H,3000,Japan,32522,Charlie,Lawrence,1,2219
564,1576.074226274,1588.249352448,Yuya Hirose (Japan),Kick Chase,Green,947046,13,H,3000,Japan,61922,Yuya,Hirose,1,2219
565,1576.074226274,1588.249352448,Ichigo Nakakusu (Japan),Kick Chase,Green,947046,15,H,3000,Japan,61472,Ichigo,Nakakusu,1,2219
566,1576.074226274,1588.249352448,Akito Okui (Japan),Kick Chase,Green,947046,20,H,3000,Japan,61966,Akito,Okui,1,2219
567,1577.170612244898,1581.9998514493338,Kalaveti Ravouvou (Fiji),Kick Chase,Green,947046,13,A,954,Fiji,40515,Kalaveti,Ravouvou,1,2219
568,1577.197238407,1589.7997699120017,Taniela Rakuro (Fiji),Kick Retreat,Yellow,947046,11,A,954,Fiji,58917,Taniela,Rakuro,1,2219
569,1577.197238407,1589.7997699120017,Inia Tabuavou (Fiji),Kick Retreat,Yellow,947046,12,A,954,Fiji,39311,Inia,Tabuavou,1,2219
570,1583.2212425,1596.905079354,Kenta Kobayashi (Japan),Kick Retreat,Green,947046,1,H,3000,Japan,34481,Kenta,Kobayashi,1,2224
571,1583.2212425,1596.905079354,Hayate Era (Japan),Kick Retreat,Green,947046,2,H,3000,Japan,61955,Hayate,Era,1,2224
572,1583.2212425,1596.905079354,Shuhei Takeuchi (Japan),Kick Retreat,Green,947046,3,H,3000,Japan,37874,Shuhei,Takeuchi,1,2224
573,1583.2212425,1596.905079354,Jack Cornelsen (Japan),Kick Retreat,Green,947046,4,H,3000,Japan,23697,Jack,Cornelsen,1,2224
574,1583.2212425,1596.905079354,Warner Dearns (Japan),Kick Retreat,Yellow,947046,5,H,3000,Japan,40399,Warner,Dearns,1,2224
575,1583.2212425,1596.905079354,Faulua Makisi (Japan),Kick Retreat,Yellow,947046,6,H,3000,Japan,23417,Faulua,Makisi,1,2224
576,1583.2212425,1596.905079354,Kanji Shimokawa (Japan),Kick Retreat,Green,947046,7,H,3000,Japan,30962,Kanji,Shimokawa,1,2224
577,1583.2212425,1596.905079354,Shinobu Fujiwara (Japan),Kick Retreat,Green,947046,9,H,3000,Japan,30969,Shinobu,Fujiwara,1,2224
578,1583.2212425,1596.905079354,Charlie Lawrence (Japan),Kick Retreat,Green,947046,12,H,3000,Japan,32522,Charlie,Lawrence,1,2224
579,1583.2212425,1596.905079354,Yuya Hirose (Japan),Kick Retreat,Green,947046,13,H,3000,Japan,61922,Yuya,Hirose,1,2224
580,1583.2212425,1596.905079354,Ichigo Nakakusu (Japan),Kick Retreat,Green,947046,15,H,3000,Japan,61472,Ichigo,Nakakusu,1,2224
581,1583.2212425,1596.905079354,Akito Okui (Japan),Kick Retreat,Green,947046,20,H,3000,Japan,61966,Akito,Okui,1,2224
582,1585.619905781,1596.905079354,Haruto Kida (Japan),Kick Retreat,Green,947046,11,H,3000,Japan,34476,Haruto,Kida,1,2233
583,1586.716725093,1591.716725093,Tomoki Osada (Japan),Kick Retreat,Green,947046,14,H,3000,Japan,31059,Tomoki,Osada,1,2233
584,1587.278344671202,1601.9998768196665,Temo Mayanavanua (Fiji),Kick Chase,Green,947046,5,A,954,Fiji,28186,Temo,Mayanavanua,1,2233
585,1587.278344671202,1601.9998768196665,Etonia Waqa (Fiji),Kick Chase,Green,947046,6,A,954,Fiji,34464,Etonia,Waqa,1,2233
586,1588.147729391,1598.8999281680003,Taniela Rakuro (Fiji),Kick Chase,Gold,947046,11,A,954,Fiji,58917,Taniela,Rakuro,1,2233
587,1588.147729391,1598.8999281680003,Ponipate Loganimasi (Fiji),Kick Chase,Gold,947046,15,A,954,Fiji,58879,Ponipate,Loganimasi,1,2233
588,1596.774004533,1601.9998768196665,Eroni Mawi (Fiji),Kick Chase,Green,947046,1,A,954,Fiji,29306,Eroni,Mawi,1,2241
589,1596.774004533,1601.9998768196665,Tevita Ikanivere (Fiji),Kick Chase,Green,947046,2,A,954,Fiji,34455,Tevita,Ikanivere,1,2241
590,1596.774004533,1601.9998768196665,Mesake Doge (Fiji),Kick Chase,Green,947046,3,A,954,Fiji,20730,Mesake,Doge,1,2241
591,1596.774004533,1601.9998768196665,Mesake Vocevoce (Fiji),Kick Chase,Green,947046,4,A,954,Fiji,59793,Mesake,Vocevoce,1,2241
592,1596.774004533,1601.9998768196665,Elia Canakaivata (Fiji),Kick Chase,Green,947046,7,A,954,Fiji,34647,Elia,Canakaivata,1,2241
593,1596.774004533,1601.9998768196665,Viliame Mata (Fiji),Kick Chase,Green,947046,8,A,954,Fiji,24151,Viliame,Mata,1,2241
594,1596.774004533,1601.9998768196665,Joji Nasova (Fiji),Kick Chase,Green,947046,14,A,954,Fiji,62542,Joji,Nasova,1,2241
595,1598.6961451247166,1604.9999753936663,Eroni Mawi (Fiji),Kick Retreat,Green,947046,1,A,954,Fiji,29306,Eroni,Mawi,1,2244
596,1598.6961451247166,1604.9999753936663,Tevita Ikanivere (Fiji),Kick Retreat,Green,947046,2,A,954,Fiji,34455,Tevita,Ikanivere,1,2244
597,1598.6961451247166,1604.9999753936663,Mesake Doge (Fiji),Kick Retreat,Green,947046,3,A,954,Fiji,20730,Mesake,Doge,1,2244
598,1598.6961451247166,1604.9999753936663,Mesake Vocevoce (Fiji),Kick Retreat,Green,947046,4,A,954,Fiji,59793,Mesake,Vocevoce,1,2244
599,1598.6961451247166,1604.9999753936663,Etonia Waqa (Fiji),Kick Retreat,Green,947046,6,A,954,Fiji,34464,Etonia,Waqa,1,2244
600,1598.6961451247166,1604.9999753936663,Elia Canakaivata (Fiji),Kick Retreat,Green,947046,7,A,954,Fiji,34647,Elia,Canakaivata,1,2244
601,1598.879861929,1611.09102596,Kenta Kobayashi (Japan),Kick Chase,Green,947046,1,H,3000,Japan,34481,Kenta,Kobayashi,1,2244
602,1598.879861929,1611.09102596,Hayate Era (Japan),Kick Chase,Green,947046,2,H,3000,Japan,61955,Hayate,Era,1,2244
603,1598.879861929,1611.09102596,Shuhei Takeuchi (Japan),Kick Chase,Green,947046,3,H,3000,Japan,37874,Shuhei,Takeuchi,1,2244
604,1598.879861929,1611.09102596,Jack Cornelsen (Japan),Kick Chase,Green,947046,4,H,3000,Japan,23697,Jack,Cornelsen,1,2244
605,1598.879861929,1611.09102596,Warner Dearns (Japan),Kick Chase,Green,947046,5,H,3000,Japan,40399,Warner,Dearns,1,2244
606,1598.879861929,1611.09102596,Faulua Makisi (Japan),Kick Chase,Yellow,947046,6,H,3000,Japan,23417,Faulua,Makisi,1,2244
607,1598.879861929,1611.09102596,Kanji Shimokawa (Japan),Kick Chase,Green,947046,7,H,3000,Japan,30962,Kanji,Shimokawa,1,2244
608,1598.879861929,1611.09102596,Shinobu Fujiwara (Japan),Kick Chase,Green,947046,9,H,3000,Japan,30969,Shinobu,Fujiwara,1,2244
609,1598.879861929,1611.09102596,Haruto Kida (Japan),Kick Chase,Green,947046,11,H,3000,Japan,34476,Haruto,Kida,1,2244
610,1598.879861929,1611.09102596,Charlie Lawrence (Japan),Kick Chase,Red,947046,12,H,3000,Japan,32522,Charlie,Lawrence,1,2244
611,1598.879861929,1611.09102596,Yuya Hirose (Japan),Kick Chase,Green,947046,13,H,3000,Japan,61922,Yuya,Hirose,1,2244
612,1598.879861929,1611.09102596,Tomoki Osada (Japan),Kick Chase,Green,947046,14,H,3000,Japan,31059,Tomoki,Osada,1,2244
613,1598.879861929,1611.09102596,Akito Okui (Japan),Kick Chase,Green,947046,20,H,3000,Japan,61966,Akito,Okui,1,2244
614,1599.658050389,1604.9999753936663,Inia Tabuavou (Fiji),Kick Retreat,Green,947046,12,A,954,Fiji,39311,Inia,Tabuavou,1,2244
615,1602.204473666,1607.204473666,Haruto Kida (Japan),Tackle,Green,947046,11,H,3000,Japan,34476,Haruto,Kida,1,2247
616,1603.973808115,1608.973808115,Hayate Era (Japan),Tackle,Green,947046,2,H,3000,Japan,61955,Hayate,Era,1,2249
617,1606.814853419,1617.446862869,Ponipate Loganimasi (Fiji),Kick Retreat,Red,947046,15,A,954,Fiji,58879,Ponipate,Loganimasi,1,2252
618,1606.8885941043084,1611.9998627246664,Temo Mayanavanua (Fiji),Kick Retreat,Red,947046,5,A,954,Fiji,28186,Temo,Mayanavanua,1,2252
619,1606.8885941043084,1611.9998627246664,Viliame Mata (Fiji),Kick Retreat,Red,947046,8,A,954,Fiji,24151,Viliame,Mata,1,2252
620,1606.8885941043084,1611.9998627246664,Taniela Rakuro (Fiji),Kick Retreat,Red,947046,11,A,954,Fiji,58917,Taniela,Rakuro,1,2252
621,1607.9622675736962,1612.9622675736962,Hayate Era (Japan),Jackler,Yellow,947046,2,H,3000,Japan,61955,Hayate,Era,1,2252
622,1608.4743990929703,1618.099992734334,Simione Kuruvoli (Fiji),Carry,Green,947046,9,A,954,Fiji,34467,Simione,Kuruvoli,1,2252
623,1608.7203628117911,1616.799950940334,Etonia Waqa (Fiji),Ruck,Red,947046,6,A,954,Fiji,34464,Etonia,Waqa,1,2254
624,1608.7203628117911,1616.799950940334,Kalaveti Ravouvou (Fiji),Ruck,Red,947046,13,A,954,Fiji,40515,Kalaveti,Ravouvou,1,2254
625,1608.802516241,1613.802516241,Haruto Kida (Japan),Jackler,Green,947046,11,H,3000,Japan,34476,Haruto,Kida,1,2254
626,1610.4983251648512,1616.5999366238702,Warner Dearns (Japan),Tackle,Green,947046,5,H,3000,Japan,40399,Warner,Dearns,1,2255
627,1621.714206714,1633.699977046334,Eroni Mawi (Fiji),Ruck,Yellow,947046,1,A,954,Fiji,29306,Eroni,Mawi,1,2305
628,1621.714206714,1633.699977046334,Mesake Doge (Fiji),Ruck,Yellow,947046,3,A,954,Fiji,20730,Mesake,Doge,1,2305
629,1621.714206714,1633.699977046334,Temo Mayanavanua (Fiji),Ruck,Yellow,947046,5,A,954,Fiji,28186,Temo,Mayanavanua,1,2305
630,1622.946859575,1634.7998518053334,Viliame Mata (Fiji),Carry,Green,947046,8,A,954,Fiji,24151,Viliame,Mata,1,2305
631,1623.3039002267574,1635.148544089,Kenta Kobayashi (Japan),Kick Retreat,Green,947046,1,H,3000,Japan,34481,Kenta,Kobayashi,1,2311
632,1623.3039002267574,1635.148544089,Hayate Era (Japan),Kick Retreat,Green,947046,2,H,3000,Japan,61955,Hayate,Era,1,2311
633,1623.3039002267574,1635.148544089,Shuhei Takeuchi (Japan),Kick Retreat,Green,947046,3,H,3000,Japan,37874,Shuhei,Takeuchi,1,2311
634,1623.3039002267574,1635.148544089,Jack Cornelsen (Japan),Kick Retreat,Green,947046,4,H,3000,Japan,23697,Jack,Cornelsen,1,2311
635,1623.3039002267574,1635.148544089,Warner Dearns (Japan),Kick Retreat,Green,947046,5,H,3000,Japan,40399,Warner,Dearns,1,2311
636,1623.3039002267574,1635.148544089,Faulua Makisi (Japan),Kick Retreat,Green,947046,6,H,3000,Japan,23417,Faulua,Makisi,1,2311
637,1623.3039002267574,1635.148544089,Kanji Shimokawa (Japan),Kick Retreat,Green,947046,7,H,3000,Japan,30962,Kanji,Shimokawa,1,2311
638,1623.3039002267574,1635.148544089,Shinobu Fujiwara (Japan),Kick Retreat,Green,947046,9,H,3000,Japan,30969,Shinobu,Fujiwara,1,2311
639,1623.3039002267574,1635.148544089,Haruto Kida (Japan),Kick Retreat,Green,947046,11,H,3000,Japan,34476,Haruto,Kida,1,2311
640,1623.3039002267574,1635.148544089,Charlie Lawrence (Japan),Kick Retreat,Green,947046,12,H,3000,Japan,32522,Charlie,Lawrence,1,2311
641,1623.3039002267574,1635.148544089,Yuya Hirose (Japan),Kick Retreat,Green,947046,13,H,3000,Japan,61922,Yuya,Hirose,1,2311
642,1623.3039002267574,1635.148544089,Tomoki Osada (Japan),Kick Retreat,Green,947046,14,H,3000,Japan,31059,Tomoki,Osada,1,2311
643,1623.3039002267574,1635.148544089,Akito Okui (Japan),Kick Retreat,Green,947046,20,H,3000,Japan,61966,Akito,Okui,1,2311
644,1624.430959958,1629.6999992707658,Warner Dearns (Japan),Charge Down,Green,947046,5,H,3000,Japan,40399,Warner,Dearns,1,2311
645,1624.79089285,1634.2999380716667,Mesake Vocevoce (Fiji),Kick Chase,Green,947046,4,A,954,Fiji,59793,Mesake,Vocevoce,1,2311
646,1625.071262839,1633.8999608736665,Etonia Waqa (Fiji),Kick Chase,Red,947046,6,A,954,Fiji,34464,Etonia,Waqa,1,2311
647,1625.071262839,1633.8999608736665,Taniela Rakuro (Fiji),Kick Chase,Red,947046,11,A,954,Fiji,58917,Taniela,Rakuro,1,2311
648,1628.779509576,1633.779509576,Shuhei Takeuchi (Japan),Tackle,Green,947046,3,H,3000,Japan,37874,Shuhei,Takeuchi,1,2314
649,1694.622565067,1707.157432282,Kenta Kobayashi (Japan),Lineout Attack,Green,947046,1,H,3000,Japan,34481,Kenta,Kobayashi,1,2353
650,1694.622565067,1707.157432282,Hayate Era (Japan),Lineout Attack,Green,947046,2,H,3000,Japan,61955,Hayate,Era,1,2353
651,1694.622565067,1707.157432282,Shuhei Takeuchi (Japan),Lineout Attack,Green,947046,3,H,3000,Japan,37874,Shuhei,Takeuchi,1,2353
652,1694.622565067,1707.157432282,Jack Cornelsen (Japan),Lineout Attack,Green,947046,4,H,3000,Japan,23697,Jack,Cornelsen,1,2353
653,1694.622565067,1707.157432282,Warner Dearns (Japan),Lineout Attack,Green,947046,5,H,3000,Japan,40399,Warner,Dearns,1,2353
654,1694.622565067,1707.157432282,Kanji Shimokawa (Japan),Lineout Attack,Green,947046,7,H,3000,Japan,30962,Kanji,Shimokawa,1,2353
655,1695.093769543,1709.3999050176667,Eroni Mawi (Fiji),Lineout Defence,Green,947046,1,A,954,Fiji,29306,Eroni,Mawi,1,2353
656,1695.093769543,1709.3999050176667,Tevita Ikanivere (Fiji),Lineout Defence,Green,947046,2,A,954,Fiji,34455,Tevita,Ikanivere,1,2353
657,1695.093769543,1709.3999050176667,Temo Mayanavanua (Fiji),Lineout Defence,Green,947046,5,A,954,Fiji,28186,Temo,Mayanavanua,1,2353
658,1696.557821386,1709.3999050176667,Mesake Doge (Fiji),Lineout Defence,Green,947046,3,A,954,Fiji,20730,Mesake,Doge,1,2355
659,1696.557821386,1709.3999050176667,Mesake Vocevoce (Fiji),Lineout Defence,Green,947046,4,A,954,Fiji,59793,Mesake,Vocevoce,1,2355
660,1696.798120565,1709.5999895266673,Etonia Waqa (Fiji),Lineout Defence,Red,947046,6,A,954,Fiji,34464,Etonia,Waqa,1,2355
661,1697.533332861,1705.9582945871389,Amato Fakatava (Japan),Lineout Attack,Green,947046,8,H,3000,Japan,36500,Amato,Fakatava,1,2357
662,1698.247668245,1707.157432282,Faulua Makisi (Japan),Lineout Attack,Green,947046,6,H,3000,Japan,23417,Faulua,Makisi,1,2358
663,1702.179905043,1711.3999289880014,Taniela Rakuro (Fiji),Tackle,Green,947046,11,A,954,Fiji,58917,Taniela,Rakuro,1,2403
664,1706.7064172335602,1714.5999172600011,Eroni Mawi (Fiji),Jackler,Red,947046,1,A,954,Fiji,29306,Eroni,Mawi,1,2407
665,1708.569009503,1716.0996398796665,Mesake Doge (Fiji),Ruck,Green,947046,3,A,954,Fiji,20730,Mesake,Doge,1,2408
666,1709.072263379,1714.072263379,Haruto Kida (Japan),Ruck,Green,947046,11,H,3000,Japan,34476,Haruto,Kida,1,2409
667,1710.157344177,1717.9999444880011,Taniela Rakuro (Fiji),Jackler,Green,947046,11,A,954,Fiji,58917,Taniela,Rakuro,1,2409
668,1710.654149487,1715.654149487,Faulua Makisi (Japan),Ruck,Green,947046,6,H,3000,Japan,23417,Faulua,Makisi,1,2409
669,1711.553415169,1716.553415169,Charlie Lawrence (Japan),Carry,Green,947046,12,H,3000,Japan,32522,Charlie,Lawrence,1,2411
670,1713.7813605442177,1725.599948650667,Elia Canakaivata (Fiji),Tackle,Red,947046,7,A,954,Fiji,34647,Elia,Canakaivata,1,2412
671,1713.9756009070295,1721.9002219799986,Temo Mayanavanua (Fiji),Tackle,Green,947046,5,A,954,Fiji,28186,Temo,Mayanavanua,1,2412
672,1716.799732932,1721.799732932,Shuhei Takeuchi (Japan),Ruck,Green,947046,3,H,3000,Japan,37874,Shuhei,Takeuchi,1,2416
673,1717.045034034,1722.045034034,Seungsin Lee (Japan),Ruck,Green,947046,10,H,3000,Japan,37841,Seungsin,Lee,1,2417
674,1718.0231972789115,1726.3001744543344,Caleb Muntz (Fiji),Tackle,Green,947046,10,A,954,Fiji,30799,Caleb,Muntz,1,2418
675,1719.011984059,1724.011984059,Hayate Era (Japan),Carry,Green,947046,2,H,3000,Japan,61955,Hayate,Era,1,2418
676,1722.310544217687,1727.310544217687,Ichigo Nakakusu (Japan),Linebreak Attack,Gold,947046,15,H,3000,Japan,61472,Ichigo,Nakakusu,1,2422
677,1723.5555782312924,1733.4999742473335,Mesake Vocevoce (Fiji),Ruck,Green,947046,4,A,954,Fiji,59793,Mesake,Vocevoce,1,2423
678,1723.749898398,1728.749898398,Haruto Kida (Japan),Carry,Green,947046,11,H,3000,Japan,34476,Haruto,Kida,1,2423
679,1724.750566893424,1733.099963788001,Simione Kuruvoli (Fiji),Tackle,Green,947046,9,A,954,Fiji,34467,Simione,Kuruvoli,1,2425
680,1727.527370249,1732.527370249,Charlie Lawrence (Japan),Ruck,Green,947046,12,H,3000,Japan,32522,Charlie,Lawrence,1,2427
681,1727.691700039,1732.691700039,Yuya Hirose (Japan),Carry,Green,947046,13,H,3000,Japan,61922,Yuya,Hirose,1,2427
682,1728.44071183,1733.44071183,Jack Cornelsen (Japan),Ruck,Green,947046,4,H,3000,Japan,23697,Jack,Cornelsen,1,2428
683,1729.124946348,1734.124946348,Ichigo Nakakusu (Japan),Ruck,Green,947046,15,H,3000,Japan,61472,Ichigo,Nakakusu,1,2428
684,1729.5867346938776,1743.399903302001,Mesake Doge (Fiji),Tackle,Yellow,947046,3,A,954,Fiji,20730,Mesake,Doge,1,2429
685,1729.5867346938776,1743.399903302001,Viliame Mata (Fiji),Tackle,Yellow,947046,8,A,954,Fiji,24151,Viliame,Mata,1,2429
686,1733.343506197,1738.343506197,Kenta Kobayashi (Japan),Ruck,Green,947046,1,H,3000,Japan,34481,Kenta,Kobayashi,1,2433
687,1734.616020834,1739.616020834,Warner Dearns (Japan),Ruck,Green,947046,5,H,3000,Japan,40399,Warner,Dearns,1,2433
688,1736.380833508,1741.380833508,Faulua Makisi (Japan),Carry,Green,947046,6,H,3000,Japan,23417,Faulua,Makisi,1,2435
689,1739.888538238,1744.888538238,Kanji Shimokawa (Japan),Ruck,Green,947046,7,H,3000,Japan,30962,Kanji,Shimokawa,1,2439
690,1740.271361732,1745.271361732,Shuhei Takeuchi (Japan),Ruck,Red,947046,3,H,3000,Japan,37874,Shuhei,Takeuchi,1,2439
691,1740.950453845,1745.950453845,Hayate Era (Japan),Carry,Green,947046,2,H,3000,Japan,61955,Hayate,Era,1,2439
692,1855.84236842,1868.9998993230008,Eroni Mawi (Fiji),Lineout Defence,Green,947046,1,A,954,Fiji,29306,Eroni,Mawi,1,2633
693,1855.84236842,1868.9998993230008,Tevita Ikanivere (Fiji),Lineout Defence,Green,947046,2,A,954,Fiji,34455,Tevita,Ikanivere,1,2633
694,1855.84236842,1868.9998993230008,Mesake Doge (Fiji),Lineout Defence,Green,947046,3,A,954,Fiji,20730,Mesake,Doge,1,2633
695,1855.84236842,1868.9998993230008,Mesake Vocevoce (Fiji),Lineout Defence,Green,947046,4,A,954,Fiji,59793,Mesake,Vocevoce,1,2633
696,1855.84236842,1868.9998993230008,Temo Mayanavanua (Fiji),Lineout Defence,Green,947046,5,A,954,Fiji,28186,Temo,Mayanavanua,1,2633
697,1855.84236842,1868.9998993230008,Etonia Waqa (Fiji),Lineout Defence,Green,947046,6,A,954,Fiji,34464,Etonia,Waqa,1,2633
698,1855.998881644,1866.597736505,Kenta Kobayashi (Japan),Lineout Attack,Green,947046,1,H,3000,Japan,34481,Kenta,Kobayashi,1,2633
699,1855.998881644,1866.597736505,Shuhei Takeuchi (Japan),Lineout Attack,Green,947046,3,H,3000,Japan,37874,Shuhei,Takeuchi,1,2633
700,1855.998881644,1866.597736505,Jack Cornelsen (Japan),Lineout Attack,Yellow,947046,4,H,3000,Japan,23697,Jack,Cornelsen,1,2633
701,1855.998881644,1866.597736505,Warner Dearns (Japan),Lineout Attack,Green,947046,5,H,3000,Japan,40399,Warner,Dearns,1,2633
702,1855.998881644,1866.597736505,Kanji Shimokawa (Japan),Lineout Attack,Green,947046,7,H,3000,Japan,30962,Kanji,Shimokawa,1,2633
703,1862.5224943310657,1869.5999663243335,Caleb Muntz (Fiji),Tackle,Green,947046,10,A,954,Fiji,30799,Caleb,Muntz,1,2641
704,1863.9059637188209,1873.3999492243329,Eroni Mawi (Fiji),Ruck,Green,947046,1,A,954,Fiji,29306,Eroni,Mawi,1,2643
705,1866.787480459,1872.365067849,Hayate Era (Japan),Ruck,Green,947046,2,H,3000,Japan,61955,Hayate,Era,1,2647
706,1866.787480459,1872.365067849,Shuhei Takeuchi (Japan),Ruck,Green,947046,3,H,3000,Japan,37874,Shuhei,Takeuchi,1,2647
707,1868.440783708,1873.440783708,Faulua Makisi (Japan),Carry,Green,947046,6,H,3000,Japan,23417,Faulua,Makisi,1,2648
708,1873.1957142857143,1884.3999888426663,Elia Canakaivata (Fiji),Tackle,Yellow,947046,7,A,954,Fiji,34647,Elia,Canakaivata,1,2653
709,1873.1957142857143,1884.3999888426663,Viliame Mata (Fiji),Tackle,Yellow,947046,8,A,954,Fiji,24151,Viliame,Mata,1,2653
710,1878.244780802,1883.244780802,Kanji Shimokawa (Japan),Ruck,Green,947046,7,H,3000,Japan,30962,Kanji,Shimokawa,1,2654
711,1878.244780802,1883.244780802,Amato Fakatava (Japan),Ruck,Green,947046,8,H,3000,Japan,36500,Amato,Fakatava,1,2654
712,1881.469441015,1887.200012434665,Mesake Doge (Fiji),Tackle,Green,947046,3,A,954,Fiji,20730,Mesake,Doge,1,2703
713,1881.577986922,1886.577986922,Warner Dearns (Japan),Carry,Red,947046,5,H,3000,Japan,40399,Warner,Dearns,1,2703
714,1885.3256235827664,1894.3999434439988,Eroni Mawi (Fiji),Tackle,Red,947046,1,A,954,Fiji,29306,Eroni,Mawi,1,2703
715,1888.768679605,1893.768679605,Hayate Era (Japan),Ruck,Green,947046,2,H,3000,Japan,61955,Hayate,Era,1,2708
716,1888.894999215,1893.894999215,Kenta Kobayashi (Japan),Ruck,Green,947046,1,H,3000,Japan,34481,Kenta,Kobayashi,1,2708
717,1889.835732002,1894.835732002,Shuhei Takeuchi (Japan),Carry,Green,947046,3,H,3000,Japan,37874,Shuhei,Takeuchi,1,2710
718,1895.03256957,1900.03256957,Amato Fakatava (Japan),Ruck,Green,947046,8,H,3000,Japan,36500,Amato,Fakatava,1,2715
719,1897.382970521542,1905.7998712486665,Kalaveti Ravouvou (Fiji),Tackle,Green,947046,13,A,954,Fiji,40515,Kalaveti,Ravouvou,1,2717
720,1898.9616099773243,1908.8999370723336,Inia Tabuavou (Fiji),Ruck,Green,947046,12,A,954,Fiji,39311,Inia,Tabuavou,1,2719
721,1899.25123281,1904.25123281,Charlie Lawrence (Japan),Ruck,Green,947046,12,H,3000,Japan,32522,Charlie,Lawrence,1,2719
722,1903.372911558,1908.372911558,Kanji Shimokawa (Japan),Ruck,Green,947046,7,H,3000,Japan,30962,Kanji,Shimokawa,1,2722
723,1903.372911558,1908.372911558,Yuya Hirose (Japan),Ruck,Green,947046,13,H,3000,Japan,61922,Yuya,Hirose,1,2722
724,1904.058422511,1909.058422511,Seungsin Lee (Japan),Carry,Green,947046,10,H,3000,Japan,37841,Seungsin,Lee,1,2723
725,1904.6520181405897,1911.2999972416671,Elia Canakaivata (Fiji),Tackle,Green,947046,7,A,954,Fiji,34647,Elia,Canakaivata,1,2723
726,1905.288310469,1914.099960929667,Taniela Rakuro (Fiji),Tackle,Red,947046,11,A,954,Fiji,58917,Taniela,Rakuro,1,2723
727,1907.38289377,1915.129906747,Kenta Kobayashi (Japan),Kick Chase,Green,947046,1,H,3000,Japan,34481,Kenta,Kobayashi,1,2726
728,1907.38289377,1915.129906747,Hayate Era (Japan),Kick Chase,Green,947046,2,H,3000,Japan,61955,Hayate,Era,1,2726
729,1907.38289377,1915.129906747,Shuhei Takeuchi (Japan),Kick Chase,Green,947046,3,H,3000,Japan,37874,Shuhei,Takeuchi,1,2726
730,1907.38289377,1915.129906747,Jack Cornelsen (Japan),Kick Chase,Green,947046,4,H,3000,Japan,23697,Jack,Cornelsen,1,2726
731,1907.38289377,1915.129906747,Faulua Makisi (Japan),Kick Chase,Yellow,947046,6,H,3000,Japan,23417,Faulua,Makisi,1,2726
732,1907.38289377,1915.129906747,Kanji Shimokawa (Japan),Kick Chase,Green,947046,7,H,3000,Japan,30962,Kanji,Shimokawa,1,2726
733,1907.38289377,1915.129906747,Shinobu Fujiwara (Japan),Kick Chase,Green,947046,9,H,3000,Japan,30969,Shinobu,Fujiwara,1,2726
734,1908.232752611,1913.232752611,Hayate Era (Japan),Ruck,Green,947046,2,H,3000,Japan,61955,Hayate,Era,1,2726
735,1908.915592225,1917.1998966219992,Kalaveti Ravouvou (Fiji),Tackle,Yellow,947046,13,A,954,Fiji,40515,Kalaveti,Ravouvou,1,2728
736,1909.933401360544,1914.933401360544,Shinobu Fujiwara (Japan),Charge Down,Green,947046,9,H,3000,Japan,30969,Shinobu,Fujiwara,1,2728
737,1912.020616082,1925.3998575239991,Ponipate Loganimasi (Fiji),Kick Chase,Green,947046,15,A,954,Fiji,58879,Ponipate,Loganimasi,1,2732
738,1912.255658547,1917.255658547,Warner Dearns (Japan),Ruck,Yellow,947046,5,H,3000,Japan,40399,Warner,Dearns,1,2732
739,1913.446418858,1918.446418858,Amato Fakatava (Japan),Carry,Yellow,947046,8,H,3000,Japan,36500,Amato,Fakatava,1,2732
740,1913.876243495,1923.901118732,Kenta Kobayashi (Japan),Kick Retreat,Green,947046,1,H,3000,Japan,34481,Kenta,Kobayashi,1,2732
741,1913.876243495,1923.901118732,Hayate Era (Japan),Kick Retreat,Green,947046,2,H,3000,Japan,61955,Hayate,Era,1,2732
742,1913.876243495,1923.901118732,Shuhei Takeuchi (Japan),Kick Retreat,Green,947046,3,H,3000,Japan,37874,Shuhei,Takeuchi,1,2732
743,1913.876243495,1923.901118732,Jack Cornelsen (Japan),Kick Retreat,Green,947046,4,H,3000,Japan,23697,Jack,Cornelsen,1,2732
744,1913.876243495,1923.901118732,Warner Dearns (Japan),Kick Retreat,Green,947046,5,H,3000,Japan,40399,Warner,Dearns,1,2732
745,1913.876243495,1923.901118732,Faulua Makisi (Japan),Kick Retreat,Yellow,947046,6,H,3000,Japan,23417,Faulua,Makisi,1,2732
746,1913.876243495,1923.901118732,Kanji Shimokawa (Japan),Kick Retreat,Green,947046,7,H,3000,Japan,30962,Kanji,Shimokawa,1,2732
747,1913.876243495,1923.901118732,Amato Fakatava (Japan),Kick Retreat,Yellow,947046,8,H,3000,Japan,36500,Amato,Fakatava,1,2732
748,1913.876243495,1923.901118732,Shinobu Fujiwara (Japan),Kick Retreat,Green,947046,9,H,3000,Japan,30969,Shinobu,Fujiwara,1,2732
749,1913.876243495,1923.901118732,Charlie Lawrence (Japan),Kick Retreat,Green,947046,12,H,3000,Japan,32522,Charlie,Lawrence,1,2732
750,1913.876243495,1923.901118732,Yuya Hirose (Japan),Kick Retreat,Green,947046,13,H,3000,Japan,61922,Yuya,Hirose,1,2732
751,1913.876243495,1923.901118732,Tomoki Osada (Japan),Kick Retreat,Green,947046,14,H,3000,Japan,31059,Tomoki,Osada,1,2732
752,1915.511677833,1925.3998575239991,Eroni Mawi (Fiji),Kick Chase,Green,947046,1,A,954,Fiji,29306,Eroni,Mawi,1,2732
753,1915.511677833,1925.3998575239991,Tevita Ikanivere (Fiji),Kick Chase,Green,947046,2,A,954,Fiji,34455,Tevita,Ikanivere,1,2732
754,1915.511677833,1925.3998575239991,Mesake Doge (Fiji),Kick Chase,Green,947046,3,A,954,Fiji,20730,Mesake,Doge,1,2732
755,1915.511677833,1925.3998575239991,Mesake Vocevoce (Fiji),Kick Chase,Green,947046,4,A,954,Fiji,59793,Mesake,Vocevoce,1,2732
756,1915.511677833,1925.3998575239991,Temo Mayanavanua (Fiji),Kick Chase,Green,947046,5,A,954,Fiji,28186,Temo,Mayanavanua,1,2732
757,2026.328441216,2043.414880064,Kenta Kobayashi (Japan),Scrum Attack,Green,947046,1,H,3000,Japan,34481,Kenta,Kobayashi,1,2926
758,2026.328441216,2043.414880064,Hayate Era (Japan),Scrum Attack,Green,947046,2,H,3000,Japan,61955,Hayate,Era,1,2926
759,2026.328441216,2043.414880064,Shuhei Takeuchi (Japan),Scrum Attack,Green,947046,3,H,3000,Japan,37874,Shuhei,Takeuchi,1,2926
760,2026.328441216,2043.414880064,Jack Cornelsen (Japan),Scrum Attack,Green,947046,4,H,3000,Japan,23697,Jack,Cornelsen,1,2926
761,2026.328441216,2043.414880064,Warner Dearns (Japan),Scrum Attack,Green,947046,5,H,3000,Japan,40399,Warner,Dearns,1,2926
762,2026.328441216,2043.414880064,Faulua Makisi (Japan),Scrum Attack,Green,947046,6,H,3000,Japan,23417,Faulua,Makisi,1,2926
763,2026.328441216,2043.414880064,Kanji Shimokawa (Japan),Scrum Attack,Green,947046,7,H,3000,Japan,30962,Kanji,Shimokawa,1,2926
764,2026.328441216,2043.414880064,Amato Fakatava (Japan),Scrum Attack,Green,947046,8,H,3000,Japan,36500,Amato,Fakatava,1,2926
765,2027.133514739229,2036.450667414,Etonia Waqa (Fiji),Scrum Defence,Green,947046,6,A,954,Fiji,34464,Etonia,Waqa,1,2926
766,2027.133514739229,2036.450667414,Elia Canakaivata (Fiji),Scrum Defence,Green,947046,7,A,954,Fiji,34647,Elia,Canakaivata,1,2926
767,2027.133514739229,2036.450667414,Viliame Mata (Fiji),Scrum Defence,Green,947046,8,A,954,Fiji,24151,Viliame,Mata,1,2926
768,2027.950657596372,2041.7999168810004,Mesake Vocevoce (Fiji),Scrum Defence,Red,947046,4,A,954,Fiji,59793,Mesake,Vocevoce,1,2928
769,2027.950657596372,2041.7999168810004,Temo Mayanavanua (Fiji),Scrum Defence,Red,947046,5,A,954,Fiji,28186,Temo,Mayanavanua,1,2928
770,2028.597709750567,2041.1999528910012,Eroni Mawi (Fiji),Scrum Defence,Red,947046,1,A,954,Fiji,29306,Eroni,Mawi,1,2928
771,2028.597709750567,2041.1999528910012,Tevita Ikanivere (Fiji),Scrum Defence,Red,947046,2,A,954,Fiji,34455,Tevita,Ikanivere,1,2928
772,2028.597709750567,2041.1999528910012,Mesake Doge (Fiji),Scrum Defence,Red,947046,3,A,954,Fiji,20730,Mesake,Doge,1,2928
773,2036.185626398,2041.185626398,Kanji Shimokawa (Japan),Ruck,Green,947046,7,H,3000,Japan,30962,Kanji,Shimokawa,1,2936
774,2037.121799952,2042.121799952,Haruto Kida (Japan),Carry,Green,947046,11,H,3000,Japan,34476,Haruto,Kida,1,2936
775,2038.491119825,2043.491119825,Kenta Kobayashi (Japan),Turnover Defence,Gold,947046,1,H,3000,Japan,34481,Kenta,Kobayashi,1,2939
776,2038.661288327,2043.661288327,Charlie Lawrence (Japan),Ruck,Red,947046,12,H,3000,Japan,32522,Charlie,Lawrence,1,2939
777,2039.884259017,2044.884259017,Shuhei Takeuchi (Japan),Carry,Red,947046,3,H,3000,Japan,37874,Shuhei,Takeuchi,1,2939
778,2041.798149775,2054.470882763,Etonia Waqa (Fiji),Jackler,Yellow,947046,6,A,954,Fiji,34464,Etonia,Waqa,1,2937
779,2042.3866666666668,2052.8999344703334,Mesake Doge (Fiji),Tackle,Red,947046,3,A,954,Fiji,20730,Mesake,Doge,1,2937
780,2044.6097052154196,2059.2988175336623,Kenta Kobayashi (Japan),Ruck,Gold,947046,1,H,3000,Japan,34481,Kenta,Kobayashi,1,2944
781,2044.748628373,2049.748628373,Shinobu Fujiwara (Japan),Ruck,Green,947046,9,H,3000,Japan,30969,Shinobu,Fujiwara,1,2944
782,2046.998762601157,2053.597080559,Hayate Era (Japan),Carry,Green,947046,2,H,3000,Japan,61955,Hayate,Era,1,2946
783,2048.0291836734696,2059.6999471683334,Tevita Ikanivere (Fiji),Tackle,Green,947046,2,A,954,Fiji,34455,Tevita,Ikanivere,1,2947
784,2048.0291836734696,2059.6999471683334,Caleb Muntz (Fiji),Tackle,Green,947046,10,A,954,Fiji,30799,Caleb,Muntz,1,2947
785,2048.755145772,2053.755145772,Jack Cornelsen (Japan),Ruck,Yellow,947046,4,H,3000,Japan,23697,Jack,Cornelsen,1,2948
786,2052.78422239,2057.78422239,Kanji Shimokawa (Japan),Ruck,Green,947046,7,H,3000,Japan,30962,Kanji,Shimokawa,1,2952
787,2052.78422239,2057.78422239,Amato Fakatava (Japan),Ruck,Green,947046,8,H,3000,Japan,36500,Amato,Fakatava,1,2952
788,2053.352383433,2058.352383433,Faulua Makisi (Japan),Carry,Green,947046,6,H,3000,Japan,23417,Faulua,Makisi,1,2953
789,2053.425067991,2064.799947348666,Mesake Doge (Fiji),Tackle,Red,947046,3,A,954,Fiji,20730,Mesake,Doge,1,2953
790,2056.615328798186,2082.3986311966664,Yuya Hirose (Japan),Linebreak Defence,Gold,947046,13,H,3000,Japan,61922,Yuya,Hirose,1,2955
791,2057.519030025,2064.735104393,Warner Dearns (Japan),Turnover Defence,Gold,947046,5,H,3000,Japan,40399,Warner,Dearns,1,2956
792,2058.563486292,2063.563486292,Shuhei Takeuchi (Japan),Ruck,Green,947046,3,H,3000,Japan,37874,Shuhei,Takeuchi,1,2956
793,2058.563486292,2063.563486292,Jack Cornelsen (Japan),Ruck,Green,947046,4,H,3000,Japan,23697,Jack,Cornelsen,1,2956
794,2058.67854837,2069.999949144001,Taniela Rakuro (Fiji),Linebreak Attack,Gold,947046,11,A,954,Fiji,58917,Taniela,Rakuro,1,2956
795,2059.003107752,2068.872786229,Mesake Vocevoce (Fiji),Linebreak Attack,Gold,947046,4,A,954,Fiji,59793,Mesake,Vocevoce,1,2956
796,2059.816385796,2064.816385796,Seungsin Lee (Japan),Tackle,Green,947046,10,H,3000,Japan,37841,Seungsin,Lee,1,2956
797,2063.410241269,2068.410241269,Amato Fakatava (Japan),Tackle,Green,947046,8,H,3000,Japan,36500,Amato,Fakatava,1,3004
798,2065.215430251,2070.215430251,Charlie Lawrence (Japan),Turnover Defence,Gold,947046,12,H,3000,Japan,32522,Charlie,Lawrence,1,3005
799,2066.5657596371884,2076.799939648666,Taniela Rakuro (Fiji),Carry,Red,947046,11,A,954,Fiji,58917,Taniela,Rakuro,1,3005
800,2066.9163492063494,2094.045351473923,Seungsin Lee (Japan),Linebreak Defence,Gold,947046,10,H,3000,Japan,37841,Seungsin,Lee,1,3008
801,2067.399143171,2072.399143171,Jack Cornelsen (Japan),Turnover Defence,Red,947046,4,H,3000,Japan,23697,Jack,Cornelsen,1,3008
802,2067.399143171,2072.399143171,Amato Fakatava (Japan),Turnover Defence,Red,947046,8,H,3000,Japan,36500,Amato,Fakatava,1,3008
803,2067.977491509,2072.977491509,Charlie Lawrence (Japan),Tackle,Green,947046,12,H,3000,Japan,32522,Charlie,Lawrence,1,3008
804,2068.211980269,2073.211980269,Hayate Era (Japan),Turnover Defence,Red,947046,2,H,3000,Japan,61955,Hayate,Era,1,3008
805,2068.211980269,2073.211980269,Faulua Makisi (Japan),Turnover Defence,Red,947046,6,H,3000,Japan,23417,Faulua,Makisi,1,3008
806,2068.857029478458,2094.0719501133785,Jack Cornelsen (Japan),Linebreak Defence,Gold,947046,4,H,3000,Japan,23697,Jack,Cornelsen,1,3008
807,2069.34040123,2077.899990298001,Kalaveti Ravouvou (Fiji),Ruck,Red,947046,13,A,954,Fiji,40515,Kalaveti,Ravouvou,1,3009
808,2069.719089304,2074.719089304,Kanji Shimokawa (Japan),Jackler,Green,947046,7,H,3000,Japan,30962,Kanji,Shimokawa,1,3009
809,2070.535250653,2075.535250653,Yuya Hirose (Japan),Jackler,Green,947046,13,H,3000,Japan,61922,Yuya,Hirose,1,3009
810,2070.841394405,2075.841394405,Kenta Kobayashi (Japan),Turnover Defence,Red,947046,1,H,3000,Japan,34481,Kenta,Kobayashi,1,3009
811,2070.841394405,2075.841394405,Shuhei Takeuchi (Japan),Turnover Defence,Red,947046,3,H,3000,Japan,37874,Shuhei,Takeuchi,1,3009
812,2075.0597505668934,2083.599852416,Tevita Ikanivere (Fiji),Carry,Yellow,947046,2,A,954,Fiji,34455,Tevita,Ikanivere,1,3014
813,2075.0597505668934,2083.599852416,Viliame Mata (Fiji),Carry,Yellow,947046,8,A,954,Fiji,24151,Viliame,Mata,1,3014
814,2078.145492246,2083.145492246,Seungsin Lee (Japan),Tackle,Green,947046,10,H,3000,Japan,37841,Seungsin,Lee,1,3018
815,2079.847806596,2084.847806596,Ichigo Nakakusu (Japan),Tackle,Green,947046,15,H,3000,Japan,61472,Ichigo,Nakakusu,1,3017
816,2082.493771328,2091.8999711553347,Caleb Muntz (Fiji),Ruck,Green,947046,10,A,954,Fiji,30799,Caleb,Muntz,1,3023
817,2085.6403174603174,2094.4000333116674,Joji Nasova (Fiji),Carry,Green,947046,14,A,954,Fiji,62542,Joji,Nasova,1,3025
818,2085.667704825,2090.667704825,Jack Cornelsen (Japan),Jackler,Green,947046,4,H,3000,Japan,23697,Jack,Cornelsen,1,3025
819,2085.863173266,2090.863173266,Hayate Era (Japan),Phase Defence,Red,947046,2,H,3000,Japan,61955,Hayate,Era,1,3026
820,2085.863173266,2090.863173266,Amato Fakatava (Japan),Phase Defence,Red,947046,8,H,3000,Japan,36500,Amato,Fakatava,1,3026
821,2085.863173266,2090.863173266,Charlie Lawrence (Japan),Phase Defence,Red,947046,12,H,3000,Japan,32522,Charlie,Lawrence,1,3026
822,2086.0857596371884,2091.0857596371884,Kanji Shimokawa (Japan),Phase Defence,Red,947046,7,H,3000,Japan,30962,Kanji,Shimokawa,1,3026
823,2087.0071882086168,2092.0071882086168,Shuhei Takeuchi (Japan),Phase Defence,Red,947046,3,H,3000,Japan,37874,Shuhei,Takeuchi,1,3026
824,2091.039153843,2096.039153843,Warner Dearns (Japan),Tackle,Red,947046,5,H,3000,Japan,40399,Warner,Dearns,1,3026
825,2205.629667296,2210.629667296,Tomoki Osada (Japan),Tackle,Green,947046,14,H,3000,Japan,31059,Tomoki,Osada,1,3225
826,2206.581610193,2211.581610193,Kanji Shimokawa (Japan),Tackle,Green,947046,7,H,3000,Japan,30962,Kanji,Shimokawa,1,3225
827,2207.013260825,2220.599874714667,Mesake Vocevoce (Fiji),Ruck,Yellow,947046,4,A,954,Fiji,59793,Mesake,Vocevoce,1,3226
828,2207.013260825,2220.599874714667,Elia Canakaivata (Fiji),Ruck,Yellow,947046,7,A,954,Fiji,34647,Elia,Canakaivata,1,3226
829,2207.5095238095237,2212.5095238095237,Tomoki Osada (Japan),Phase Defence,Red,947046,14,H,3000,Japan,31059,Tomoki,Osada,1,3226
830,2207.835854394,2215.6999558366683,Inia Tabuavou (Fiji),Carry,Green,947046,12,A,954,Fiji,39311,Inia,Tabuavou,1,3226
831,2208.850195885,2213.850195885,Amato Fakatava (Japan),Tackle,Green,947046,8,H,3000,Japan,36500,Amato,Fakatava,1,3226
832,2209.991752946,2224.079265901,Kenta Kobayashi (Japan),Kick Retreat,Green,947046,1,H,3000,Japan,34481,Kenta,Kobayashi,1,3226
833,2209.991752946,2224.079265901,Hayate Era (Japan),Kick Retreat,Green,947046,2,H,3000,Japan,61955,Hayate,Era,1,3226
834,2209.991752946,2224.079265901,Shuhei Takeuchi (Japan),Kick Retreat,Green,947046,3,H,3000,Japan,37874,Shuhei,Takeuchi,1,3226
835,2209.991752946,2224.079265901,Jack Cornelsen (Japan),Kick Retreat,Green,947046,4,H,3000,Japan,23697,Jack,Cornelsen,1,3226
836,2209.991752946,2224.079265901,Warner Dearns (Japan),Kick Retreat,Yellow,947046,5,H,3000,Japan,40399,Warner,Dearns,1,3226
837,2209.991752946,2224.079265901,Faulua Makisi (Japan),Kick Retreat,Yellow,947046,6,H,3000,Japan,23417,Faulua,Makisi,1,3226
838,2209.991752946,2224.079265901,Kanji Shimokawa (Japan),Kick Retreat,Green,947046,7,H,3000,Japan,30962,Kanji,Shimokawa,1,3226
839,2209.991752946,2224.079265901,Amato Fakatava (Japan),Kick Retreat,Yellow,947046,8,H,3000,Japan,36500,Amato,Fakatava,1,3226
840,2209.991752946,2224.079265901,Shinobu Fujiwara (Japan),Kick Retreat,Yellow,947046,9,H,3000,Japan,30969,Shinobu,Fujiwara,1,3226
841,2209.991752946,2224.079265901,Seungsin Lee (Japan),Kick Retreat,Green,947046,10,H,3000,Japan,37841,Seungsin,Lee,1,3226
842,2209.991752946,2224.079265901,Charlie Lawrence (Japan),Kick Retreat,Green,947046,12,H,3000,Japan,32522,Charlie,Lawrence,1,3226
843,2209.991752946,2224.079265901,Yuya Hirose (Japan),Kick Retreat,Green,947046,13,H,3000,Japan,61922,Yuya,Hirose,1,3226
844,2209.991752946,2224.079265901,Tomoki Osada (Japan),Kick Retreat,Green,947046,14,H,3000,Japan,31059,Tomoki,Osada,1,3226
845,2210.778017821,2218.589050711,Haruto Kida (Japan),Kick Retreat,Green,947046,11,H,3000,Japan,34476,Haruto,Kida,1,3232
846,2214.582024812,2228.000671134,Eroni Mawi (Fiji),Kick Chase,Green,947046,1,A,954,Fiji,29306,Eroni,Mawi,1,3235
847,2214.582024812,2228.000671134,Tevita Ikanivere (Fiji),Kick Chase,Green,947046,2,A,954,Fiji,34455,Tevita,Ikanivere,1,3235
848,2214.582024812,2228.000671134,Mesake Doge (Fiji),Kick Chase,Green,947046,3,A,954,Fiji,20730,Mesake,Doge,1,3235
849,2214.582024812,2228.000671134,Mesake Vocevoce (Fiji),Kick Chase,Green,947046,4,A,954,Fiji,59793,Mesake,Vocevoce,1,3235
850,2214.582024812,2228.000671134,Elia Canakaivata (Fiji),Kick Chase,Green,947046,7,A,954,Fiji,34647,Elia,Canakaivata,1,3235
851,2214.582024812,2228.000671134,Viliame Mata (Fiji),Kick Chase,Green,947046,8,A,954,Fiji,24151,Viliame,Mata,1,3235
852,2214.582024812,2228.000671134,Joji Nasova (Fiji),Kick Chase,Green,947046,14,A,954,Fiji,62542,Joji,Nasova,1,3235
853,2214.582024812,2228.000671134,Inia Tabuavou (Fiji),Kick Chase,Green,947046,12,A,954,Fiji,39311,Inia,Tabuavou,1,3235
854,2214.960635408,2219.960635408,Kenta Kobayashi (Japan),Charge Down,Green,947046,1,H,3000,Japan,34481,Kenta,Kobayashi,1,3235
855,2214.960635408,2219.960635408,Kanji Shimokawa (Japan),Charge Down,Green,947046,7,H,3000,Japan,30962,Kanji,Shimokawa,1,3235
856,2218.576244839,2228.000671134,Temo Mayanavanua (Fiji),Kick Chase,Green,947046,5,A,954,Fiji,28186,Temo,Mayanavanua,1,3236
857,2218.576244839,2228.000671134,Etonia Waqa (Fiji),Kick Chase,Green,947046,6,A,954,Fiji,34464,Etonia,Waqa,1,3236
858,2219.899709278,2228.000671134,Taniela Rakuro (Fiji),Kick Chase,Green,947046,11,A,954,Fiji,58917,Taniela,Rakuro,1,3238
859,2219.899709278,2228.000671134,Kalaveti Ravouvou (Fiji),Kick Chase,Green,947046,13,A,954,Fiji,40515,Kalaveti,Ravouvou,1,3238
860,2220.886979398,2236.159770001,Hayate Era (Japan),Kick Chase,Green,947046,2,H,3000,Japan,61955,Hayate,Era,1,3238
861,2220.886979398,2236.159770001,Shuhei Takeuchi (Japan),Kick Chase,Green,947046,3,H,3000,Japan,37874,Shuhei,Takeuchi,1,3238
862,2220.886979398,2236.159770001,Jack Cornelsen (Japan),Kick Chase,Green,947046,4,H,3000,Japan,23697,Jack,Cornelsen,1,3238
863,2220.886979398,2236.159770001,Warner Dearns (Japan),Kick Chase,Yellow,947046,5,H,3000,Japan,40399,Warner,Dearns,1,3238
864,2220.886979398,2236.159770001,Faulua Makisi (Japan),Kick Chase,Green,947046,6,H,3000,Japan,23417,Faulua,Makisi,1,3238
865,2220.886979398,2236.159770001,Amato Fakatava (Japan),Kick Chase,Yellow,947046,8,H,3000,Japan,36500,Amato,Fakatava,1,3238
866,2220.886979398,2236.159770001,Haruto Kida (Japan),Kick Chase,Green,947046,11,H,3000,Japan,34476,Haruto,Kida,1,3238
867,2220.886979398,2236.159770001,Charlie Lawrence (Japan),Kick Chase,Green,947046,12,H,3000,Japan,32522,Charlie,Lawrence,1,3238
868,2220.886979398,2236.159770001,Yuya Hirose (Japan),Kick Chase,Green,947046,13,H,3000,Japan,61922,Yuya,Hirose,1,3238
869,2223.307541915,2232.0999192863337,Eroni Mawi (Fiji),Kick Retreat,Red,947046,1,A,954,Fiji,29306,Eroni,Mawi,1,3242
870,2223.307541915,2232.0999192863337,Tevita Ikanivere (Fiji),Kick Retreat,Red,947046,2,A,954,Fiji,34455,Tevita,Ikanivere,1,3242
871,2223.307541915,2232.0999192863337,Mesake Doge (Fiji),Kick Retreat,Red,947046,3,A,954,Fiji,20730,Mesake,Doge,1,3242
872,2223.307541915,2232.0999192863337,Kalaveti Ravouvou (Fiji),Kick Retreat,Red,947046,13,A,954,Fiji,40515,Kalaveti,Ravouvou,1,3242
873,2224.335035668,2235.9306938407244,Shinobu Fujiwara (Japan),Kick Chase,Green,947046,9,H,3000,Japan,30969,Shinobu,Fujiwara,1,3244
874,2225.105111077,2231.399901573667,Elia Canakaivata (Fiji),Kick Retreat,Green,947046,7,A,954,Fiji,34647,Elia,Canakaivata,1,3244
875,2225.105111077,2231.399901573667,Viliame Mata (Fiji),Kick Retreat,Green,947046,8,A,954,Fiji,24151,Viliame,Mata,1,3244
876,2225.152075604,2236.159770001,Kenta Kobayashi (Japan),Kick Chase,Yellow,947046,1,H,3000,Japan,34481,Kenta,Kobayashi,1,3244
877,2225.152075604,2236.159770001,Kanji Shimokawa (Japan),Kick Chase,Yellow,947046,7,H,3000,Japan,30962,Kanji,Shimokawa,1,3244
878,2225.44761558,2231.399901573667,Temo Mayanavanua (Fiji),Kick Retreat,Green,947046,5,A,954,Fiji,28186,Temo,Mayanavanua,1,3244
879,2225.44761558,2231.399901573667,Taniela Rakuro (Fiji),Kick Retreat,Green,947046,11,A,954,Fiji,58917,Taniela,Rakuro,1,3244
880,2228.1774603174604,2243.897120123332,Ichigo Nakakusu (Japan),Kick Retreat,Gold,947046,15,H,3000,Japan,61472,Ichigo,Nakakusu,1,3248
881,2228.740750458,2233.740750458,Haruto Kida (Japan),Tackle,Red,947046,11,H,3000,Japan,34476,Haruto,Kida,1,3248
882,2231.769076143,2243.300123656854,Kenta Kobayashi (Japan),Kick Retreat,Green,947046,1,H,3000,Japan,34481,Kenta,Kobayashi,1,3248
883,2231.769076143,2243.300123656854,Hayate Era (Japan),Kick Retreat,Green,947046,2,H,3000,Japan,61955,Hayate,Era,1,3248
884,2231.769076143,2243.300123656854,Shuhei Takeuchi (Japan),Kick Retreat,Green,947046,3,H,3000,Japan,37874,Shuhei,Takeuchi,1,3248
885,2231.769076143,2243.300123656854,Jack Cornelsen (Japan),Kick Retreat,Green,947046,4,H,3000,Japan,23697,Jack,Cornelsen,1,3248
886,2231.769076143,2243.300123656854,Warner Dearns (Japan),Kick Retreat,Green,947046,5,H,3000,Japan,40399,Warner,Dearns,1,3248
887,2231.769076143,2243.300123656854,Faulua Makisi (Japan),Kick Retreat,Green,947046,6,H,3000,Japan,23417,Faulua,Makisi,1,3248
888,2231.769076143,2243.300123656854,Kanji Shimokawa (Japan),Kick Retreat,Green,947046,7,H,3000,Japan,30962,Kanji,Shimokawa,1,3248
889,2231.769076143,2243.300123656854,Amato Fakatava (Japan),Kick Retreat,Green,947046,8,H,3000,Japan,36500,Amato,Fakatava,1,3248
890,2231.769076143,2243.300123656854,Shinobu Fujiwara (Japan),Kick Retreat,Green,947046,9,H,3000,Japan,30969,Shinobu,Fujiwara,1,3248
891,2231.769076143,2243.300123656854,Seungsin Lee (Japan),Kick Retreat,Green,947046,10,H,3000,Japan,37841,Seungsin,Lee,1,3248
892,2231.769076143,2243.300123656854,Haruto Kida (Japan),Kick Retreat,Green,947046,11,H,3000,Japan,34476,Haruto,Kida,1,3248
893,2231.769076143,2243.300123656854,Charlie Lawrence (Japan),Kick Retreat,Green,947046,12,H,3000,Japan,32522,Charlie,Lawrence,1,3248
894,2231.769076143,2243.300123656854,Yuya Hirose (Japan),Kick Retreat,Green,947046,13,H,3000,Japan,61922,Yuya,Hirose,1,3248
895,2231.769076143,2243.300123656854,Tomoki Osada (Japan),Kick Retreat,Green,947046,14,H,3000,Japan,31059,Tomoki,Osada,1,3248
896,2231.962960633,2236.962960633,Charlie Lawrence (Japan),Tackle,Green,947046,12,H,3000,Japan,32522,Charlie,Lawrence,1,3249
897,2233.442985355,2238.442985355,Yuya Hirose (Japan),Tackle,Green,947046,13,H,3000,Japan,61922,Yuya,Hirose,1,3249
898,2264.790357981,2274.808143636,Hayate Era (Japan),Lineout Attack,Green,947046,2,H,3000,Japan,61955,Hayate,Era,1,3324
899,2264.790357981,2274.808143636,Jack Cornelsen (Japan),Lineout Attack,Green,947046,4,H,3000,Japan,23697,Jack,Cornelsen,1,3324
900,2264.790357981,2274.808143636,Warner Dearns (Japan),Lineout Attack,Green,947046,5,H,3000,Japan,40399,Warner,Dearns,1,3324
901,2264.790357981,2274.808143636,Faulua Makisi (Japan),Lineout Attack,Yellow,947046,6,H,3000,Japan,23417,Faulua,Makisi,1,3324
902,2264.790357981,2274.808143636,Kanji Shimokawa (Japan),Lineout Attack,Green,947046,7,H,3000,Japan,30962,Kanji,Shimokawa,1,3324
903,2264.8592290249435,2274.2998183036666,Mesake Doge (Fiji),Lineout Defence,Green,947046,3,A,954,Fiji,20730,Mesake,Doge,1,3324
904,2264.8592290249435,2274.2998183036666,Mesake Vocevoce (Fiji),Lineout Defence,Green,947046,4,A,954,Fiji,59793,Mesake,Vocevoce,1,3324
905,2264.8592290249435,2274.2998183036666,Temo Mayanavanua (Fiji),Lineout Defence,Green,947046,5,A,954,Fiji,28186,Temo,Mayanavanua,1,3324
906,2264.8592290249435,2274.2998183036666,Etonia Waqa (Fiji),Lineout Defence,Green,947046,6,A,954,Fiji,34464,Etonia,Waqa,1,3324
907,2269.84633847,2278.6999472583325,Mesake Doge (Fiji),Tackle,Green,947046,3,A,954,Fiji,20730,Mesake,Doge,1,3326
908,2278.623672612,2283.623672612,Hayate Era (Japan),Ruck,Yellow,947046,2,H,3000,Japan,61955,Hayate,Era,1,3338
909,2278.623672612,2283.623672612,Jack Cornelsen (Japan),Ruck,Yellow,947046,4,H,3000,Japan,23697,Jack,Cornelsen,1,3338
910,2278.623672612,2283.623672612,Warner Dearns (Japan),Ruck,Yellow,947046,5,H,3000,Japan,40399,Warner,Dearns,1,3338
911,2278.623672612,2283.623672612,Kanji Shimokawa (Japan),Carry,Green,947046,7,H,3000,Japan,30962,Kanji,Shimokawa,1,3338
912,2280.207188424,2287.0999161290006,Mesake Vocevoce (Fiji),Jackler,Green,947046,4,A,954,Fiji,59793,Mesake,Vocevoce,1,3338
913,2287.0949659863945,2296.6999113223337,Temo Mayanavanua (Fiji),Tackle,Yellow,947046,5,A,954,Fiji,28186,Temo,Mayanavanua,1,3346
914,2310.1868027210885,2323.3999395660003,Etonia Waqa (Fiji),Lineout Attack,Red,947046,6,A,954,Fiji,34464,Etonia,Waqa,1,3407
915,2310.366152819,2324.315515145,Kenta Kobayashi (Japan),Lineout Defence,Green,947046,1,H,3000,Japan,34481,Kenta,Kobayashi,1,3407
916,2310.366152819,2324.315515145,Shuhei Takeuchi (Japan),Lineout Defence,Green,947046,3,H,3000,Japan,37874,Shuhei,Takeuchi,1,3407
917,2310.366152819,2324.315515145,Warner Dearns (Japan),Lineout Defence,Yellow,947046,5,H,3000,Japan,40399,Warner,Dearns,1,3407
918,2310.5754875283446,2323.4999023403334,Tevita Ikanivere (Fiji),Lineout Attack,Yellow,947046,2,A,954,Fiji,34455,Tevita,Ikanivere,1,3410
919,2310.5754875283446,2323.4999023403334,Mesake Vocevoce (Fiji),Lineout Attack,Yellow,947046,4,A,954,Fiji,59793,Mesake,Vocevoce,1,3410
920,2311.027074829932,2321.3999433293343,Temo Mayanavanua (Fiji),Lineout Attack,Green,947046,5,A,954,Fiji,28186,Temo,Mayanavanua,1,3410
921,2311.40288174,2324.399944935001,Mesake Doge (Fiji),Lineout Attack,Red,947046,3,A,954,Fiji,20730,Mesake,Doge,1,3410
922,2319.2063718820864,2330.6999568896663,Eroni Mawi (Fiji),Ruck,Red,947046,1,A,954,Fiji,29306,Eroni,Mawi,1,3417
923,2319.333492063492,2331.899868343667,Viliame Mata (Fiji),Carry,Green,947046,8,A,954,Fiji,24151,Viliame,Mata,1,3417
924,2319.453492063492,2330.999983667333,Elia Canakaivata (Fiji),Ruck,Green,947046,7,A,954,Fiji,34647,Elia,Canakaivata,1,3417
925,2319.967249151,2324.967249151,Amato Fakatava (Japan),Tackle,Green,947046,8,H,3000,Japan,36500,Amato,Fakatava,1,3417
926,2323.753339409,2328.753339409,Seungsin Lee (Japan),Tackle,Green,947046,10,H,3000,Japan,37841,Seungsin,Lee,1,3423
927,2326.094602891,2331.094602891,Tomoki Osada (Japan),Tackle,Green,947046,14,H,3000,Japan,31059,Tomoki,Osada,1,3422
928,2326.4414739229023,2335.2998882499996,Taniela Rakuro (Fiji),Ruck,Green,947046,11,A,954,Fiji,58917,Taniela,Rakuro,1,3426
929,2326.4414739229023,2335.2998882499996,Kalaveti Ravouvou (Fiji),Ruck,Green,947046,13,A,954,Fiji,40515,Kalaveti,Ravouvou,1,3426
930,2326.4414739229023,2335.2998882499996,Joji Nasova (Fiji),Ruck,Green,947046,14,A,954,Fiji,62542,Joji,Nasova,1,3426
931,2326.687664399093,2340.199949312,Ponipate Loganimasi (Fiji),Carry,Yellow,947046,15,A,954,Fiji,58879,Ponipate,Loganimasi,1,3426
932,2327.108934240363,2332.108934240363,Warner Dearns (Japan),Phase Defence,Red,947046,5,H,3000,Japan,40399,Warner,Dearns,1,3426
933,2327.5071428571428,2332.5071428571428,Kenta Kobayashi (Japan),Phase Defence,Red,947046,1,H,3000,Japan,34481,Kenta,Kobayashi,1,3427
934,2327.5071428571428,2332.5071428571428,Shinobu Fujiwara (Japan),Phase Defence,Red,947046,9,H,3000,Japan,30969,Shinobu,Fujiwara,1,3427
935,2327.5313605442175,2332.5313605442175,Jack Cornelsen (Japan),Phase Defence,Red,947046,4,H,3000,Japan,23697,Jack,Cornelsen,1,3427
936,2332.212303001,2337.212303001,Yuya Hirose (Japan),Tackle,Green,947046,13,H,3000,Japan,61922,Yuya,Hirose,1,3431
937,2332.8431065759637,2343.399968849667,Eroni Mawi (Fiji),Ruck,Red,947046,1,A,954,Fiji,29306,Eroni,Mawi,1,3432
938,2332.8431065759637,2343.399968849667,Mesake Vocevoce (Fiji),Ruck,Red,947046,4,A,954,Fiji,59793,Mesake,Vocevoce,1,3432
939,2333.7864172335603,2343.3999410573333,Elia Canakaivata (Fiji),Carry,Red,947046,7,A,954,Fiji,34647,Elia,Canakaivata,1,3432
940,2333.838796248,2338.838796248,Kanji Shimokawa (Japan),Tackle,Green,947046,7,H,3000,Japan,30962,Kanji,Shimokawa,1,3432
941,2335.751636369,2340.751636369,Shinobu Fujiwara (Japan),Charge Down,Green,947046,9,H,3000,Japan,30969,Shinobu,Fujiwara,1,3435
942,2335.775918367347,2352.4968424843323,Inia Tabuavou (Fiji),Linebreak Attack,Gold,947046,12,A,954,Fiji,39311,Inia,Tabuavou,1,3435
943,2338.821952294,2346.592359165,Kenta Kobayashi (Japan),Kick Retreat,Green,947046,1,H,3000,Japan,34481,Kenta,Kobayashi,1,3438
944,2338.821952294,2346.592359165,Hayate Era (Japan),Kick Retreat,Green,947046,2,H,3000,Japan,61955,Hayate,Era,1,3438
945,2338.821952294,2346.592359165,Shuhei Takeuchi (Japan),Kick Retreat,Green,947046,3,H,3000,Japan,37874,Shuhei,Takeuchi,1,3438
946,2338.821952294,2346.592359165,Jack Cornelsen (Japan),Kick Retreat,Green,947046,4,H,3000,Japan,23697,Jack,Cornelsen,1,3438
947,2338.821952294,2346.592359165,Warner Dearns (Japan),Kick Retreat,Green,947046,5,H,3000,Japan,40399,Warner,Dearns,1,3438
948,2338.821952294,2346.592359165,Faulua Makisi (Japan),Kick Retreat,Yellow,947046,6,H,3000,Japan,23417,Faulua,Makisi,1,3438
949,2338.821952294,2346.592359165,Kanji Shimokawa (Japan),Kick Retreat,Green,947046,7,H,3000,Japan,30962,Kanji,Shimokawa,1,3438
950,2338.821952294,2346.592359165,Amato Fakatava (Japan),Kick Retreat,Yellow,947046,8,H,3000,Japan,36500,Amato,Fakatava,1,3438
951,2338.821952294,2346.592359165,Shinobu Fujiwara (Japan),Kick Retreat,Green,947046,9,H,3000,Japan,30969,Shinobu,Fujiwara,1,3438
952,2338.821952294,2346.592359165,Seungsin Lee (Japan),Kick Retreat,Green,947046,10,H,3000,Japan,37841,Seungsin,Lee,1,3438
953,2338.821952294,2346.592359165,Charlie Lawrence (Japan),Kick Retreat,Green,947046,12,H,3000,Japan,32522,Charlie,Lawrence,1,3438
954,2338.821952294,2346.592359165,Yuya Hirose (Japan),Kick Retreat,Yellow,947046,13,H,3000,Japan,61922,Yuya,Hirose,1,3438
955,2338.821952294,2346.592359165,Tomoki Osada (Japan),Kick Retreat,Yellow,947046,14,H,3000,Japan,31059,Tomoki,Osada,1,3438
956,2342.183039121,2347.183039121,Charlie Lawrence (Japan),Tackle,Green,947046,12,H,3000,Japan,32522,Charlie,Lawrence,1,3442
957,2342.664693877551,2347.664693877551,Ichigo Nakakusu (Japan),Kick Retreat,Yellow,947046,15,H,3000,Japan,61472,Ichigo,Nakakusu,1,3442
958,2517.800800792,2532.298396797,Kenta Kobayashi (Japan),Scrum Defence,Green,947046,1,H,3000,Japan,34481,Kenta,Kobayashi,1,3737
959,2517.800800792,2532.298396797,Hayate Era (Japan),Scrum Defence,Green,947046,2,H,3000,Japan,61955,Hayate,Era,1,3737
960,2517.800800792,2532.298396797,Shuhei Takeuchi (Japan),Scrum Defence,Green,947046,3,H,3000,Japan,37874,Shuhei,Takeuchi,1,3737
961,2517.800800792,2532.298396797,Jack Cornelsen (Japan),Scrum Defence,Green,947046,4,H,3000,Japan,23697,Jack,Cornelsen,1,3737
962,2517.800800792,2532.298396797,Warner Dearns (Japan),Scrum Defence,Green,947046,5,H,3000,Japan,40399,Warner,Dearns,1,3737
963,2517.800800792,2532.298396797,Faulua Makisi (Japan),Scrum Defence,Green,947046,6,H,3000,Japan,23417,Faulua,Makisi,1,3737
964,2517.800800792,2532.298396797,Kanji Shimokawa (Japan),Scrum Defence,Green,947046,7,H,3000,Japan,30962,Kanji,Shimokawa,1,3737
965,2517.800800792,2532.298396797,Amato Fakatava (Japan),Scrum Defence,Green,947046,8,H,3000,Japan,36500,Amato,Fakatava,1,3737
966,2522.627249315,2534.409367121,Joji Nasova (Fiji),Kick Chase,Green,947046,14,A,954,Fiji,62542,Joji,Nasova,1,3744
967,2522.627249315,2534.409367121,Inia Tabuavou (Fiji),Kick Chase,Green,947046,12,A,954,Fiji,39311,Inia,Tabuavou,1,3744
968,2522.663714621,2545.945988359,Kenta Kobayashi (Japan),Kick Retreat,Red,947046,1,H,3000,Japan,34481,Kenta,Kobayashi,1,3744
969,2522.663714621,2545.945988359,Hayate Era (Japan),Kick Retreat,Red,947046,2,H,3000,Japan,61955,Hayate,Era,1,3744
970,2522.663714621,2545.945988359,Shuhei Takeuchi (Japan),Kick Retreat,Red,947046,3,H,3000,Japan,37874,Shuhei,Takeuchi,1,3744
971,2522.663714621,2545.945988359,Jack Cornelsen (Japan),Kick Retreat,Red,947046,4,H,3000,Japan,23697,Jack,Cornelsen,1,3744
972,2522.663714621,2545.945988359,Warner Dearns (Japan),Kick Retreat,Red,947046,5,H,3000,Japan,40399,Warner,Dearns,1,3744
973,2522.663714621,2545.945988359,Faulua Makisi (Japan),Kick Retreat,Green,947046,6,H,3000,Japan,23417,Faulua,Makisi,1,3744
974,2522.663714621,2545.945988359,Kanji Shimokawa (Japan),Kick Retreat,Green,947046,7,H,3000,Japan,30962,Kanji,Shimokawa,1,3744
975,2522.663714621,2545.945988359,Amato Fakatava (Japan),Kick Retreat,Green,947046,8,H,3000,Japan,36500,Amato,Fakatava,1,3744
976,2522.663714621,2545.945988359,Shinobu Fujiwara (Japan),Kick Retreat,Green,947046,9,H,3000,Japan,30969,Shinobu,Fujiwara,1,3744
977,2522.663714621,2545.945988359,Seungsin Lee (Japan),Kick Retreat,Green,947046,10,H,3000,Japan,37841,Seungsin,Lee,1,3744
978,2522.663714621,2545.945988359,Haruto Kida (Japan),Kick Retreat,Green,947046,11,H,3000,Japan,34476,Haruto,Kida,1,3744
979,2522.663714621,2545.945988359,Charlie Lawrence (Japan),Kick Retreat,Green,947046,12,H,3000,Japan,32522,Charlie,Lawrence,1,3744
980,2522.663714621,2545.945988359,Yuya Hirose (Japan),Kick Retreat,Green,947046,13,H,3000,Japan,61922,Yuya,Hirose,1,3744
981,2522.832016648,2532.899765236666,Eroni Mawi (Fiji),Scrum Attack,Yellow,947046,1,A,954,Fiji,29306,Eroni,Mawi,1,3744
982,2522.832016648,2532.899765236666,Tevita Ikanivere (Fiji),Scrum Attack,Yellow,947046,2,A,954,Fiji,34455,Tevita,Ikanivere,1,3744
983,2522.832016648,2532.899765236666,Mesake Doge (Fiji),Scrum Attack,Yellow,947046,3,A,954,Fiji,20730,Mesake,Doge,1,3744
984,2522.832016648,2532.899765236666,Mesake Vocevoce (Fiji),Scrum Attack,Yellow,947046,4,A,954,Fiji,59793,Mesake,Vocevoce,1,3744
985,2522.832016648,2532.899765236666,Temo Mayanavanua (Fiji),Scrum Attack,Yellow,947046,5,A,954,Fiji,28186,Temo,Mayanavanua,1,3744
986,2522.832016648,2532.899765236666,Etonia Waqa (Fiji),Scrum Attack,Yellow,947046,6,A,954,Fiji,34464,Etonia,Waqa,1,3744
987,2522.832016648,2532.899765236666,Elia Canakaivata (Fiji),Scrum Attack,Yellow,947046,7,A,954,Fiji,34647,Elia,Canakaivata,1,3744
988,2522.832016648,2532.899765236666,Viliame Mata (Fiji),Scrum Attack,Yellow,947046,8,A,954,Fiji,24151,Viliame,Mata,1,3744
989,2522.946956321,2549.2978433366648,Amato Fakatava (Japan),Kick Retreat,Gold,947046,8,H,3000,Japan,36500,Amato,Fakatava,1,3744
990,2523.5980045351475,2591.1554648526076,Tomoki Osada (Japan),Kick Retreat,Gold,947046,14,H,3000,Japan,31059,Tomoki,Osada,1,3744
991,2524.2428798185942,2542.0999521559997,Simione Kuruvoli (Fiji),Kick Chase,Gold,947046,9,A,954,Fiji,34467,Simione,Kuruvoli,1,3744
992,2524.287175826,2534.409367121,Kalaveti Ravouvou (Fiji),Kick Chase,Green,947046,13,A,954,Fiji,40515,Kalaveti,Ravouvou,1,3744
993,2525.1439229024945,2534.409367121,Taniela Rakuro (Fiji),Kick Chase,Green,947046,11,A,954,Fiji,58917,Taniela,Rakuro,1,3744
994,2525.1439229024945,2534.409367121,Ponipate Loganimasi (Fiji),Kick Chase,Green,947046,15,A,954,Fiji,58879,Ponipate,Loganimasi,1,3744
995,2525.4962131519273,2552.587755102041,Faulua Makisi (Japan),Linebreak Defence,Gold,947046,6,H,3000,Japan,23417,Faulua,Makisi,1,3744
996,2531.082219954,2548.7974603174603,Amato Fakatava (Japan),Turnover Defence,Gold,947046,8,H,3000,Japan,36500,Amato,Fakatava,1,3751
997,2531.082219954,2548.7974603174603,Shinobu Fujiwara (Japan),Turnover Defence,Gold,947046,9,H,3000,Japan,30969,Shinobu,Fujiwara,1,3751
998,2537.441815766,2542.441815766,Shinobu Fujiwara (Japan),Tackle,Green,947046,9,H,3000,Japan,30969,Shinobu,Fujiwara,1,3757
999,2540.562400512,2545.562400512,Amato Fakatava (Japan),Tackle,Green,947046,8,H,3000,Japan,36500,Amato,Fakatava,1,3800
1000,2541.317273351,2551.8999054726664,Kalaveti Ravouvou (Fiji),Ruck,Green,947046,13,A,954,Fiji,40515,Kalaveti,Ravouvou,1,3801
1001,2545.618594195,2550.618594195,Shinobu Fujiwara (Japan),Tackle,Green,947046,9,H,3000,Japan,30969,Shinobu,Fujiwara,1,3805
1002,2546.584926749,2551.584926749,Amato Fakatava (Japan),Tackle,Green,947046,8,H,3000,Japan,36500,Amato,Fakatava,1,3805
1003,2549.3479591836735,2557.699919667333,Inia Tabuavou (Fiji),Ruck,Red,947046,12,A,954,Fiji,39311,Inia,Tabuavou,1,3807
1004,2549.535111967,2562.6999674029994,Simione Kuruvoli (Fiji),Carry,Green,947046,9,A,954,Fiji,34467,Simione,Kuruvoli,1,3810
1005,2550.8704308390024,2557.800227898334,Kalaveti Ravouvou (Fiji),Ruck,Green,947046,13,A,954,Fiji,40515,Kalaveti,Ravouvou,1,3810
1006,2550.8704308390024,2557.800227898334,Joji Nasova (Fiji),Ruck,Green,947046,14,A,954,Fiji,62542,Joji,Nasova,1,3810
1007,2551.908285102,2556.908285102,Seungsin Lee (Japan),Tackle,Red,947046,10,H,3000,Japan,37841,Seungsin,Lee,1,3811
1008,2554.622861778,2559.622861778,Kanji Shimokawa (Japan),Tackle,Green,947046,7,H,3000,Japan,30962,Kanji,Shimokawa,1,3812
1009,2555.735611199,2560.735611199,Tomoki Osada (Japan),Tackle,Green,947046,14,H,3000,Japan,31059,Tomoki,Osada,1,3815
1010,2556.28607826,2561.28607826,Shuhei Takeuchi (Japan),Tackle,Green,947046,3,H,3000,Japan,37874,Shuhei,Takeuchi,1,3815
1011,2556.856575963719,2565.9999664136667,Viliame Mata (Fiji),Carry,Red,947046,8,A,954,Fiji,24151,Viliame,Mata,1,3815
1012,2558.174168783,2563.174168783,Faulua Makisi (Japan),Tackle,Red,947046,6,H,3000,Japan,23417,Faulua,Makisi,1,3818
1013,2558.931814058957,2567.0999536469985,Eroni Mawi (Fiji),Ruck,Red,947046,1,A,954,Fiji,29306,Eroni,Mawi,1,3818
1014,2558.931814058957,2567.0999536469985,Temo Mayanavanua (Fiji),Ruck,Red,947046,5,A,954,Fiji,28186,Temo,Mayanavanua,1,3818
1015,2564.080861678005,2569.080861678005,Charlie Lawrence (Japan),Tackle,Red,947046,12,H,3000,Japan,32522,Charlie,Lawrence,1,3823
1016,2566.760453683,2571.760453683,Haruto Kida (Japan),Jackler,Green,947046,11,H,3000,Japan,34476,Haruto,Kida,1,3825
1017,2567.450894702,2572.450894702,Kenta Kobayashi (Japan),Tackle,Yellow,947046,1,H,3000,Japan,34481,Kenta,Kobayashi,1,3828
1018,2614.07231292517,2619.3999153643326,Eroni Mawi (Fiji),Kick Retreat,Red,947046,1,A,954,Fiji,29306,Eroni,Mawi,1,3914
1019,2614.07231292517,2619.3999153643326,Mesake Vocevoce (Fiji),Kick Retreat,Red,947046,4,A,954,Fiji,59793,Mesake,Vocevoce,1,3914
1020,2614.07231292517,2619.3999153643326,Etonia Waqa (Fiji),Kick Retreat,Red,947046,6,A,954,Fiji,34464,Etonia,Waqa,1,3914
1021,2614.07231292517,2619.3999153643326,Joji Nasova (Fiji),Kick Retreat,Red,947046,14,A,954,Fiji,62542,Joji,Nasova,1,3914
1022,2614.790126533,2619.790126533,Faulua Makisi (Japan),Tackle,Green,947046,6,H,3000,Japan,23417,Faulua,Makisi,1,3914
1023,2615.373023323,2624.1999685910014,Temo Mayanavanua (Fiji),Ruck,Green,947046,5,A,954,Fiji,28186,Temo,Mayanavanua,1,3915
1024,2615.54575536,2626.7999063760008,Elia Canakaivata (Fiji),Carry,Green,947046,7,A,954,Fiji,34647,Elia,Canakaivata,1,3915
1025,2616.562403628118,2624.100050917668,Inia Tabuavou (Fiji),Ruck,Green,947046,12,A,954,Fiji,39311,Inia,Tabuavou,1,3915
1026,2616.567521143,2621.567521143,Shuhei Takeuchi (Japan),Tackle,Green,947046,3,H,3000,Japan,37874,Shuhei,Takeuchi,1,3915
1027,2620.8869841269843,2632.3999693560004,Caleb Muntz (Fiji),Carry,Green,947046,10,A,954,Fiji,30799,Caleb,Muntz,1,3919
1028,2621.112902494331,2628.4999318243317,Tevita Ikanivere (Fiji),Ruck,Red,947046,2,A,954,Fiji,34455,Tevita,Ikanivere,1,3919
1029,2621.112902494331,2628.4999318243317,Mesake Doge (Fiji),Ruck,Red,947046,3,A,954,Fiji,20730,Mesake,Doge,1,3919
1030,2621.924927063,2626.924927063,Hayate Era (Japan),Tackle,Green,947046,2,H,3000,Japan,61955,Hayate,Era,1,3922
1031,2626.372059595,2640.1976292153345,Yuya Hirose (Japan),Linebreak Defence,Gold,947046,13,H,3000,Japan,61922,Yuya,Hirose,1,3926
1032,2630.944319959,2635.944319959,Kanji Shimokawa (Japan),Tackle,Green,947046,7,H,3000,Japan,30962,Kanji,Shimokawa,1,3930
1033,3606.184949950999,3614.699842887332,Taniela Rakuro (Fiji),Kick Chase,Green,947046,11,A,954,Fiji,58917,Taniela,Rakuro,1,4004
1034,3608.092508703,3624.7992289166655,Temo Mayanavanua (Fiji),Kick Chase,Gold,947046,5,A,954,Fiji,28186,Temo,Mayanavanua,1,4006
1035,3609.5705215419503,3623.093688743666,Caleb Muntz (Fiji),Kick Chase,Green,947046,10,A,954,Fiji,30799,Caleb,Muntz,1,4006
1036,3609.700018321,3614.8998653576864,Tomoki Osada (Japan),Charge Down,Gold,947046,14,H,3000,Japan,31059,Tomoki,Osada,2,4006
1037,3609.7561904761906,3619.0981537876655,Ponipate Loganimasi (Fiji),Kick Chase,Green,947046,15,A,954,Fiji,58879,Ponipate,Loganimasi,2,4006
1038,3610.247263226,3622.200955153001,Eroni Mawi (Fiji),Kick Chase,Green,947046,1,A,954,Fiji,29306,Eroni,Mawi,2,4010
1039,3610.247263226,3622.200955153001,Mesake Doge (Fiji),Kick Chase,Green,947046,3,A,954,Fiji,20730,Mesake,Doge,2,4010
1040,3610.247263226,3622.200955153001,Mesake Vocevoce (Fiji),Kick Chase,Green,947046,4,A,954,Fiji,59793,Mesake,Vocevoce,2,4010
1041,3610.247263226,3622.200955153001,Etonia Waqa (Fiji),Kick Chase,Green,947046,6,A,954,Fiji,34464,Etonia,Waqa,2,4010
1042,3610.247263226,3622.200955153001,Viliame Mata (Fiji),Kick Chase,Green,947046,8,A,954,Fiji,24151,Viliame,Mata,2,4010
1043,3610.323628117914,3622.2007635159994,Kalaveti Ravouvou (Fiji),Kick Chase,Green,947046,13,A,954,Fiji,40515,Kalaveti,Ravouvou,2,4010
1044,3611.686751798,3616.686751798,Elia Canakaivata (Fiji),Kick Chase,Yellow,947046,7,A,954,Fiji,34647,Elia,Canakaivata,2,4010
1045,3612.088051089,3620.698515426999,Tevita Ikanivere (Fiji),Kick Chase,Yellow,947046,2,A,954,Fiji,34455,Tevita,Ikanivere,2,4010
1046,3616.631387757,3621.631387757,Hayate Era (Japan),Tackle,Green,947046,2,H,3000,Japan,61955,Hayate,Era,2,4015
1047,3619.799921214,3624.799921214,Tomoki Osada (Japan),Phase Defence,Red,947046,14,H,3000,Japan,31059,Tomoki,Osada,2,4017
1048,3620.097211619,3625.097211619,Yuya Hirose (Japan),Tackle,Green,947046,13,H,3000,Japan,61922,Yuya,Hirose,2,4017
1049,3620.4673242630383,3632.797554260664,Taniela Rakuro (Fiji),Kick Chase,Green,947046,11,A,954,Fiji,58917,Taniela,Rakuro,2,4017
1050,3620.496896068,3625.496896068,Jack Cornelsen (Japan),Tackle,Green,947046,4,H,3000,Japan,23697,Jack,Cornelsen,2,4017
1051,3620.725551605,3628.397167811998,Etonia Waqa (Fiji),Ruck,Green,947046,6,A,954,Fiji,34464,Etonia,Waqa,2,4017
1052,3621.586591380999,3629.698134151664,Mesake Doge (Fiji),Kick Chase,Yellow,947046,3,A,954,Fiji,20730,Mesake,Doge,2,4020
1053,3622.034977586,3631.033127976,Kenta Kobayashi (Japan),Kick Retreat,Green,947046,1,H,3000,Japan,34481,Kenta,Kobayashi,2,4020
1054,3622.034977586,3631.033127976,Hayate Era (Japan),Kick Retreat,Green,947046,2,H,3000,Japan,61955,Hayate,Era,2,4020
1055,3622.034977586,3631.033127976,Shuhei Takeuchi (Japan),Kick Retreat,Green,947046,3,H,3000,Japan,37874,Shuhei,Takeuchi,2,4020
1056,3622.034977586,3631.033127976,Jack Cornelsen (Japan),Kick Retreat,Green,947046,4,H,3000,Japan,23697,Jack,Cornelsen,2,4020
1057,3622.034977586,3631.033127976,Warner Dearns (Japan),Kick Retreat,Yellow,947046,5,H,3000,Japan,40399,Warner,Dearns,2,4020
1058,3622.034977586,3631.033127976,Faulua Makisi (Japan),Kick Retreat,Green,947046,6,H,3000,Japan,23417,Faulua,Makisi,2,4020
1059,3622.034977586,3631.033127976,Kanji Shimokawa (Japan),Kick Retreat,Green,947046,7,H,3000,Japan,30962,Kanji,Shimokawa,2,4020
1060,3622.034977586,3631.033127976,Amato Fakatava (Japan),Kick Retreat,Green,947046,8,H,3000,Japan,36500,Amato,Fakatava,2,4020
1061,3622.034977586,3631.033127976,Shinobu Fujiwara (Japan),Kick Retreat,Green,947046,9,H,3000,Japan,30969,Shinobu,Fujiwara,2,4020
1062,3622.034977586,3631.033127976,Haruto Kida (Japan),Kick Retreat,Green,947046,11,H,3000,Japan,34476,Haruto,Kida,2,4020
1063,3622.034977586,3631.033127976,Yuya Hirose (Japan),Kick Retreat,Green,947046,13,H,3000,Japan,61922,Yuya,Hirose,2,4020
1064,3622.034977586,3631.033127976,Tomoki Osada (Japan),Kick Retreat,Yellow,947046,14,H,3000,Japan,31059,Tomoki,Osada,2,4020
1065,3622.034977586,3631.033127976,Shogo Nakano (Japan),Kick Retreat,Green,947046,22,H,3000,Japan,36750,Shogo,Nakano,2,4020
1066,3622.714648526077,3630.997384485666,Caleb Muntz (Fiji),Kick Chase,Green,947046,10,A,954,Fiji,30799,Caleb,Muntz,2,4020
1067,3622.839581305,3627.839581305,Hayate Era (Japan),Jackler,Green,947046,2,H,3000,Japan,61955,Hayate,Era,2,4020
1068,3623.441723394,3629.267313683,Mesake Vocevoce (Fiji),Kick Chase,Green,947046,4,A,954,Fiji,59793,Mesake,Vocevoce,2,4023
1069,3623.441723394,3629.267313683,Temo Mayanavanua (Fiji),Kick Chase,Green,947046,5,A,954,Fiji,28186,Temo,Mayanavanua,2,4023
1070,3624.267313683,3629.267313683,Tevita Ikanivere (Fiji),Kick Chase,Yellow,947046,2,A,954,Fiji,34455,Tevita,Ikanivere,2,4023
1071,3624.585273099,3629.585273099,Mesake Doge (Fiji),Ruck,Red,947046,3,A,954,Fiji,20730,Mesake,Doge,2,4023
1072,3624.585273099,3629.585273099,Temo Mayanavanua (Fiji),Carry,Green,947046,5,A,954,Fiji,28186,Temo,Mayanavanua,2,4023
1073,3628.11943331,3638.697441541666,Taniela Rakuro (Fiji),Tackle,Green,947046,11,A,954,Fiji,58917,Taniela,Rakuro,2,4027
1074,3629.379380271,3634.379380271,Caleb Muntz (Fiji),Tackle,Green,947046,10,A,954,Fiji,30799,Caleb,Muntz,2,4027
1075,3632.725531323,3637.725531323,Seungsin Lee (Japan),Carry,Green,947046,10,H,3000,Japan,37841,Seungsin,Lee,2,4029
1076,3667.015986394558,3684.200415332333,Eroni Mawi (Fiji),Lineout Attack,Green,947046,1,A,954,Fiji,29306,Eroni,Mawi,2,4106
1077,3667.015986394558,3684.200415332333,Mesake Doge (Fiji),Lineout Attack,Green,947046,3,A,954,Fiji,20730,Mesake,Doge,2,4106
1078,3667.015986394558,3684.200415332333,Mesake Vocevoce (Fiji),Lineout Attack,Green,947046,4,A,954,Fiji,59793,Mesake,Vocevoce,2,4106
1079,3667.015986394558,3684.200415332333,Temo Mayanavanua (Fiji),Lineout Attack,Green,947046,5,A,954,Fiji,28186,Temo,Mayanavanua,2,4106
1080,3667.015986394558,3684.200415332333,Etonia Waqa (Fiji),Lineout Attack,Green,947046,6,A,954,Fiji,34464,Etonia,Waqa,2,4106
1081,3667.766448529,3683.809568035,Kenta Kobayashi (Japan),Lineout Defence,Green,947046,1,H,3000,Japan,34481,Kenta,Kobayashi,2,4106
1082,3667.766448529,3683.809568035,Hayate Era (Japan),Lineout Defence,Green,947046,2,H,3000,Japan,61955,Hayate,Era,2,4106
1083,3667.766448529,3683.809568035,Shuhei Takeuchi (Japan),Lineout Defence,Green,947046,3,H,3000,Japan,37874,Shuhei,Takeuchi,2,4106
1084,3667.766448529,3683.809568035,Jack Cornelsen (Japan),Lineout Defence,Green,947046,4,H,3000,Japan,23697,Jack,Cornelsen,2,4106
1085,3667.766448529,3683.809568035,Warner Dearns (Japan),Lineout Defence,Yellow,947046,5,H,3000,Japan,40399,Warner,Dearns,2,4106
1086,3667.766448529,3683.809568035,Faulua Makisi (Japan),Lineout Defence,Green,947046,6,H,3000,Japan,23417,Faulua,Makisi,2,4106
1087,3667.766448529,3683.809568035,Kanji Shimokawa (Japan),Lineout Defence,Green,947046,7,H,3000,Japan,30962,Kanji,Shimokawa,2,4106
1088,3667.766448529,3683.809568035,Amato Fakatava (Japan),Lineout Defence,Green,947046,8,H,3000,Japan,36500,Amato,Fakatava,2,4106
1089,3668.025102040816,3684.200415332333,Viliame Mata (Fiji),Lineout Attack,Green,947046,8,A,954,Fiji,24151,Viliame,Mata,2,4107
1090,3677.9883579006664,3694.2992966433326,Temo Mayanavanua (Fiji),Ruck,Red,947046,5,A,954,Fiji,28186,Temo,Mayanavanua,2,4111
1091,3684.898688422,3692.90030373,Mesake Doge (Fiji),Ruck,Red,947046,3,A,954,Fiji,20730,Mesake,Doge,2,4124
1092,3686.749402044,3691.749402044,Elia Canakaivata (Fiji),Ruck,Green,947046,7,A,954,Fiji,34647,Elia,Canakaivata,2,4126
1093,3687.0979587406664,3693.798518396998,Viliame Mata (Fiji),Carry,Green,947046,8,A,954,Fiji,24151,Viliame,Mata,2,4126
1094,3689.825514339,3694.825514339,Kenta Kobayashi (Japan),Tackle,Green,947046,1,H,3000,Japan,34481,Kenta,Kobayashi,2,4129
1095,3689.92791721,3696.097523783665,Tevita Ikanivere (Fiji),Carry,Red,947046,2,A,954,Fiji,34455,Tevita,Ikanivere,2,4129
1096,3691.7866781606663,3702.233983378,Eroni Mawi (Fiji),Ruck,Green,947046,1,A,954,Fiji,29306,Eroni,Mawi,2,4129
1097,3692.035397484,3697.035397484,Amato Fakatava (Japan),Tackle,Green,947046,8,H,3000,Japan,36500,Amato,Fakatava,2,4129
1098,3692.599483606999,3702.233983378,Temo Mayanavanua (Fiji),Ruck,Green,947046,5,A,954,Fiji,28186,Temo,Mayanavanua,2,4129
1099,3693.297408905665,3713.0999566093337,Eroni Mawi (Fiji),Kick Chase,Green,947046,1,A,954,Fiji,29306,Eroni,Mawi,2,4129
1100,3693.894978456,3713.0999566093337,Tevita Ikanivere (Fiji),Kick Chase,Green,947046,2,A,954,Fiji,34455,Tevita,Ikanivere,2,4130
1101,3694.198401006,3713.0999566093337,Mesake Doge (Fiji),Kick Chase,Green,947046,3,A,954,Fiji,20730,Mesake,Doge,2,4130
1102,3694.593281413999,3713.0999566093337,Mesake Vocevoce (Fiji),Kick Chase,Green,947046,4,A,954,Fiji,59793,Mesake,Vocevoce,2,4130
1103,3694.9989210386657,3713.0999566093337,Temo Mayanavanua (Fiji),Kick Chase,Green,947046,5,A,954,Fiji,28186,Temo,Mayanavanua,2,4130
1104,3695.025263233,3711.641689508,Kenta Kobayashi (Japan),Kick Retreat,Green,947046,1,H,3000,Japan,34481,Kenta,Kobayashi,2,4130
1105,3695.025263233,3711.641689508,Hayate Era (Japan),Kick Retreat,Green,947046,2,H,3000,Japan,61955,Hayate,Era,2,4130
1106,3695.025263233,3711.641689508,Shuhei Takeuchi (Japan),Kick Retreat,Green,947046,3,H,3000,Japan,37874,Shuhei,Takeuchi,2,4130
1107,3695.025263233,3711.641689508,Jack Cornelsen (Japan),Kick Retreat,Green,947046,4,H,3000,Japan,23697,Jack,Cornelsen,2,4130
1108,3695.025263233,3711.641689508,Warner Dearns (Japan),Kick Retreat,Green,947046,5,H,3000,Japan,40399,Warner,Dearns,2,4130
1109,3695.025263233,3711.641689508,Faulua Makisi (Japan),Kick Retreat,Red,947046,6,H,3000,Japan,23417,Faulua,Makisi,2,4130
1110,3695.025263233,3711.641689508,Kanji Shimokawa (Japan),Kick Retreat,Green,947046,7,H,3000,Japan,30962,Kanji,Shimokawa,2,4130
1111,3695.025263233,3711.641689508,Amato Fakatava (Japan),Kick Retreat,Green,947046,8,H,3000,Japan,36500,Amato,Fakatava,2,4130
1112,3695.025263233,3711.641689508,Shinobu Fujiwara (Japan),Kick Retreat,Green,947046,9,H,3000,Japan,30969,Shinobu,Fujiwara,2,4130
1113,3695.025263233,3711.641689508,Yuya Hirose (Japan),Kick Retreat,Green,947046,13,H,3000,Japan,61922,Yuya,Hirose,2,4130
1114,3695.025263233,3711.641689508,Tomoki Osada (Japan),Kick Retreat,Green,947046,14,H,3000,Japan,31059,Tomoki,Osada,2,4130
1115,3695.025263233,3711.641689508,Shogo Nakano (Japan),Kick Retreat,Green,947046,22,H,3000,Japan,36750,Shogo,Nakano,2,4130
1116,3695.298443644,3713.0999566093337,Etonia Waqa (Fiji),Kick Chase,Green,947046,6,A,954,Fiji,34464,Etonia,Waqa,2,4130
1117,3695.697657625,3713.0999566093337,Elia Canakaivata (Fiji),Kick Chase,Green,947046,7,A,954,Fiji,34647,Elia,Canakaivata,2,4130
1118,3696.097858200332,3713.0999566093337,Viliame Mata (Fiji),Kick Chase,Green,947046,8,A,954,Fiji,24151,Viliame,Mata,2,4130
1119,3700.684077847,3705.684077847,Faulua Makisi (Japan),Tackle,Green,947046,6,H,3000,Japan,23417,Faulua,Makisi,2,4136
1120,3700.89069607,3713.0999566093337,Taniela Rakuro (Fiji),Kick Chase,Green,947046,11,A,954,Fiji,58917,Taniela,Rakuro,2,4136
1121,3700.89069607,3713.0999566093337,Kalaveti Ravouvou (Fiji),Kick Chase,Green,947046,13,A,954,Fiji,40515,Kalaveti,Ravouvou,2,4136
1122,3700.89069607,3713.0999566093337,Joji Nasova (Fiji),Kick Chase,Green,947046,14,A,954,Fiji,62542,Joji,Nasova,2,4136
1123,3700.89069607,3713.0999566093337,Inia Tabuavou (Fiji),Kick Chase,Green,947046,12,A,954,Fiji,39311,Inia,Tabuavou,2,4136
1124,3703.000882839,3711.641689508,Seungsin Lee (Japan),Kick Retreat,Green,947046,10,H,3000,Japan,37841,Seungsin,Lee,2,4142
1125,3706.419602892,3720.298302956331,Mesake Doge (Fiji),Tackle,Red,947046,3,A,954,Fiji,20730,Mesake,Doge,2,4143
1126,3707.0832604713314,3714.210883098,Temo Mayanavanua (Fiji),Tackle,Green,947046,5,A,954,Fiji,28186,Temo,Mayanavanua,2,4143
1127,3710.3981445998234,3717.934164684,Ichigo Nakakusu (Japan),Carry,Red,947046,15,H,3000,Japan,61472,Ichigo,Nakakusu,2,4149
1128,3711.092511941,3716.092511941,Shuhei Takeuchi (Japan),Ruck,Red,947046,3,H,3000,Japan,37874,Shuhei,Takeuchi,2,4149
1129,3711.092511941,3716.092511941,Jack Cornelsen (Japan),Ruck,Red,947046,4,H,3000,Japan,23697,Jack,Cornelsen,2,4149
1130,3714.620915302,3728.9996858139993,Inia Tabuavou (Fiji),Jackler,Red,947046,12,A,954,Fiji,39311,Inia,Tabuavou,2,4153
1131,3715.010304288,3722.298357567999,Joji Nasova (Fiji),Tackle,Green,947046,14,A,954,Fiji,62542,Joji,Nasova,2,4153
1132,3719.474149659864,3734.698826452666,Eroni Mawi (Fiji),Turnover Attack,Gold,947046,1,A,954,Fiji,29306,Eroni,Mawi,2,4158
1133,3719.573226574,3724.573226574,Kanji Shimokawa (Japan),Ruck,Green,947046,7,H,3000,Japan,30962,Kanji,Shimokawa,2,4158
1134,3721.027191532,3727.398153988333,Temo Mayanavanua (Fiji),Tackle,Red,947046,5,A,954,Fiji,28186,Temo,Mayanavanua,2,4159
1135,3721.027206255,3726.027206255,Yuya Hirose (Japan),Ruck,Green,947046,13,H,3000,Japan,61922,Yuya,Hirose,2,4159
1136,3721.027206255,3726.027206255,Shogo Nakano (Japan),Ruck,Green,947046,22,H,3000,Japan,36750,Shogo,Nakano,2,4159
1137,3721.9836054421767,3726.9836054421767,Tomoki Osada (Japan),Carry,Green,947046,14,H,3000,Japan,31059,Tomoki,Osada,2,4159
1138,3722.788489578331,3735.809330153,Elia Canakaivata (Fiji),Tackle,Red,947046,7,A,954,Fiji,34647,Elia,Canakaivata,2,4159
1139,3726.464571549,3731.464571549,Kenta Kobayashi (Japan),Carry,Green,947046,1,H,3000,Japan,34481,Kenta,Kobayashi,2,4205
1140,3732.386198660333,3746.6990990929985,Elia Canakaivata (Fiji),Carry,Red,947046,7,A,954,Fiji,34647,Elia,Canakaivata,2,4208
1141,3736.511457077,3742.198292548998,Mesake Doge (Fiji),Ruck,Red,947046,3,A,954,Fiji,20730,Mesake,Doge,2,4213
1142,3736.511457077,3742.4540518,Viliame Mata (Fiji),Ruck,Red,947046,8,A,954,Fiji,24151,Viliame,Mata,2,4213
1143,3736.94980516,3741.94980516,Eroni Mawi (Fiji),Ruck,Red,947046,1,A,954,Fiji,29306,Eroni,Mawi,2,4215
1144,3740.834064758,3745.834064758,Ichigo Nakakusu (Japan),Tackle,Red,947046,15,H,3000,Japan,61472,Ichigo,Nakakusu,2,4220
1145,3742.343314798,3747.343314798,Faulua Makisi (Japan),Tackle,Green,947046,6,H,3000,Japan,23417,Faulua,Makisi,2,4220
1146,3744.3328117913834,3749.3328117913834,Kenta Kobayashi (Japan),Phase Defence,Red,947046,1,H,3000,Japan,34481,Kenta,Kobayashi,2,4222
1147,3744.3328117913834,3749.3328117913834,Kanji Shimokawa (Japan),Phase Defence,Red,947046,7,H,3000,Japan,30962,Kanji,Shimokawa,2,4222
1148,3744.3328117913834,3749.3328117913834,Yuya Hirose (Japan),Phase Defence,Red,947046,13,H,3000,Japan,61922,Yuya,Hirose,2,4222
1149,3744.3328117913834,3749.3328117913834,Ichigo Nakakusu (Japan),Phase Defence,Red,947046,15,H,3000,Japan,61472,Ichigo,Nakakusu,2,4222
1150,3744.3328117913834,3749.3328117913834,Shogo Nakano (Japan),Phase Defence,Red,947046,22,H,3000,Japan,36750,Shogo,Nakano,2,4222
1151,3748.91451893,3753.91451893,Mesake Vocevoce (Fiji),Ruck,Yellow,947046,4,A,954,Fiji,59793,Mesake,Vocevoce,2,4226
1152,3749.006950239,3754.006950239,Amato Fakatava (Japan),Tackle,Red,947046,8,H,3000,Japan,36500,Amato,Fakatava,2,4226
1153,3750.323225204,3755.323225204,Taniela Rakuro (Fiji),Ruck,Red,947046,11,A,954,Fiji,58917,Taniela,Rakuro,2,4228
1154,3752.099042309666,3760.495217354,Etonia Waqa (Fiji),Carry,Red,947046,6,A,954,Fiji,34464,Etonia,Waqa,2,4227
1155,3754.141385428,3759.499990696209,Warner Dearns (Japan),Tackle,Green,947046,5,H,3000,Japan,40399,Warner,Dearns,2,4231
1156,3754.454128588,3759.454128588,Kenta Kobayashi (Japan),Tackle,Yellow,947046,1,H,3000,Japan,34481,Kenta,Kobayashi,2,4233
1157,3758.601157227,3763.601157227,Eroni Mawi (Fiji),Ruck,Red,947046,1,A,954,Fiji,29306,Eroni,Mawi,2,4237
1158,3758.601157227,3763.601157227,Mesake Doge (Fiji),Ruck,Red,947046,3,A,954,Fiji,20730,Mesake,Doge,2,4237
1159,3759.997176146,3776.6994049203304,Jack Cornelsen (Japan),Linebreak Defence,Gold,947046,4,H,3000,Japan,23697,Jack,Cornelsen,2,4238
1160,3762.985326121,3767.985326121,Ichigo Nakakusu (Japan),Tackle,Green,947046,15,H,3000,Japan,61472,Ichigo,Nakakusu,2,4240
1161,3766.153011447,3777.597831350334,Joji Nasova (Fiji),Linebreak Attack,Gold,947046,14,A,954,Fiji,62542,Joji,Nasova,2,4244
1162,3767.497615675,3772.497615675,Shogo Nakano (Japan),Linebreak Defence,Gold,947046,22,H,3000,Japan,36750,Shogo,Nakano,2,4247
1163,3887.5875963718822,3894.701170133,Eroni Mawi (Fiji),Ruck,Green,947046,1,A,954,Fiji,29306,Eroni,Mawi,2,4446
1164,3888.6978553986655,3894.691921565,Joji Nasova (Fiji),Ruck,Red,947046,14,A,954,Fiji,62542,Joji,Nasova,2,4446
1165,3889.701170133,3894.701170133,Elia Canakaivata (Fiji),Ruck,Green,947046,7,A,954,Fiji,34647,Elia,Canakaivata,2,4449
1166,3890.446892133,3895.446892133,Kanji Shimokawa (Japan),Tackle,Green,947046,7,H,3000,Japan,30962,Kanji,Shimokawa,2,4449
1167,3893.907698354,3898.907698354,Mesake Vocevoce (Fiji),Carry,Green,947046,4,A,954,Fiji,59793,Mesake,Vocevoce,2,4451
1168,3893.986865507333,3903.608830618,Elia Canakaivata (Fiji),Ruck,Green,947046,7,A,954,Fiji,34647,Elia,Canakaivata,2,4451
1169,3894.268624683,3905.725171124,Kenta Kobayashi (Japan),Kick Retreat,Green,947046,1,H,3000,Japan,34481,Kenta,Kobayashi,2,4451
1170,3894.268624683,3905.725171124,Hayate Era (Japan),Kick Retreat,Green,947046,2,H,3000,Japan,61955,Hayate,Era,2,4451
1171,3894.268624683,3905.725171124,Shuhei Takeuchi (Japan),Kick Retreat,Green,947046,3,H,3000,Japan,37874,Shuhei,Takeuchi,2,4451
1172,3894.268624683,3905.725171124,Jack Cornelsen (Japan),Kick Retreat,Green,947046,4,H,3000,Japan,23697,Jack,Cornelsen,2,4451
1173,3894.268624683,3905.725171124,Warner Dearns (Japan),Kick Retreat,Green,947046,5,H,3000,Japan,40399,Warner,Dearns,2,4451
1174,3894.268624683,3905.725171124,Faulua Makisi (Japan),Kick Retreat,Green,947046,6,H,3000,Japan,23417,Faulua,Makisi,2,4451
1175,3894.268624683,3905.725171124,Kanji Shimokawa (Japan),Kick Retreat,Green,947046,7,H,3000,Japan,30962,Kanji,Shimokawa,2,4451
1176,3894.268624683,3905.725171124,Amato Fakatava (Japan),Kick Retreat,Green,947046,8,H,3000,Japan,36500,Amato,Fakatava,2,4451
1177,3894.268624683,3905.725171124,Shinobu Fujiwara (Japan),Kick Retreat,Green,947046,9,H,3000,Japan,30969,Shinobu,Fujiwara,2,4451
1178,3894.268624683,3905.725171124,Haruto Kida (Japan),Kick Retreat,Green,947046,11,H,3000,Japan,34476,Haruto,Kida,2,4451
1179,3894.268624683,3905.725171124,Yuya Hirose (Japan),Kick Retreat,Green,947046,13,H,3000,Japan,61922,Yuya,Hirose,2,4451
1180,3894.268624683,3905.725171124,Tomoki Osada (Japan),Kick Retreat,Green,947046,14,H,3000,Japan,31059,Tomoki,Osada,2,4451
1181,3894.268624683,3905.725171124,Shogo Nakano (Japan),Kick Retreat,Green,947046,22,H,3000,Japan,36750,Shogo,Nakano,2,4451
1182,3894.68199081,3905.8000830909978,Eroni Mawi (Fiji),Kick Chase,Green,947046,1,A,954,Fiji,29306,Eroni,Mawi,2,4451
1183,3894.68199081,3905.8000830909978,Tevita Ikanivere (Fiji),Kick Chase,Green,947046,2,A,954,Fiji,34455,Tevita,Ikanivere,2,4451
1184,3894.68199081,3905.8000830909978,Mesake Doge (Fiji),Kick Chase,Green,947046,3,A,954,Fiji,20730,Mesake,Doge,2,4451
1185,3894.68199081,3905.8000830909978,Mesake Vocevoce (Fiji),Kick Chase,Green,947046,4,A,954,Fiji,59793,Mesake,Vocevoce,2,4451
1186,3894.68199081,3905.8000830909978,Etonia Waqa (Fiji),Kick Chase,Green,947046,6,A,954,Fiji,34464,Etonia,Waqa,2,4451
1187,3894.68199081,3905.8000830909978,Elia Canakaivata (Fiji),Kick Chase,Green,947046,7,A,954,Fiji,34647,Elia,Canakaivata,2,4451
1188,3894.68199081,3905.8000830909978,Isoa Nasilasila (Fiji),Kick Chase,Green,947046,19,A,954,Fiji,32876,Isoa,Nasilasila,2,4451
1189,3895.169118838,3905.8000830909978,Taniela Rakuro (Fiji),Kick Chase,Green,947046,11,A,954,Fiji,58917,Taniela,Rakuro,2,4451
1190,3895.169118838,3905.8000830909978,Joji Nasova (Fiji),Kick Chase,Green,947046,14,A,954,Fiji,62542,Joji,Nasova,2,4451
1191,3895.169118838,3905.8000830909978,Inia Tabuavou (Fiji),Kick Chase,Green,947046,12,A,954,Fiji,39311,Inia,Tabuavou,2,4451
1192,3896.461927212,3901.461927212,Kenta Kobayashi (Japan),Tackle,Green,947046,1,H,3000,Japan,34481,Kenta,Kobayashi,2,4455
1193,3896.954214076,3901.954214076,Mesake Doge (Fiji),Ruck,Green,947046,3,A,954,Fiji,20730,Mesake,Doge,2,4455
1194,3897.184739590333,3904.722436001,Tevita Ikanivere (Fiji),Carry,Green,947046,2,A,954,Fiji,34455,Tevita,Ikanivere,2,4456
1195,3898.831622268,3903.831622268,Viliame Mata (Fiji),Kick Chase,Yellow,947046,8,A,954,Fiji,24151,Viliame,Mata,2,4457
1196,3898.837505668934,3909.696398305002,Kalaveti Ravouvou (Fiji),Kick Chase,Gold,947046,13,A,954,Fiji,40515,Kalaveti,Ravouvou,2,4457
1197,3899.1702494331066,3921.080265048,Inia Tabuavou (Fiji),Turnover Attack,Gold,947046,12,A,954,Fiji,39311,Inia,Tabuavou,2,4457
1198,3899.5973788,3904.5973788,Viliame Mata (Fiji),Ruck,Red,947046,8,A,954,Fiji,24151,Viliame,Mata,2,4457
1199,3905.022883794,3910.022883794,Ichigo Nakakusu (Japan),Turnover Defence,Red,947046,15,H,3000,Japan,61472,Ichigo,Nakakusu,2,4503
1200,3906.3990249433105,3911.3990249433105,Elia Canakaivata (Fiji),Ruck,Red,947046,7,A,954,Fiji,34647,Elia,Canakaivata,2,4505
1201,3906.597517963,3912.604761382,Mesake Vocevoce (Fiji),Ruck,Red,947046,4,A,954,Fiji,59793,Mesake,Vocevoce,2,4505
1202,3907.238210416,3912.238210416,Amato Fakatava (Japan),Tackle,Red,947046,8,H,3000,Japan,36500,Amato,Fakatava,2,4506
1203,3908.748029312,3913.748029312,Tomoki Osada (Japan),Tackle,Red,947046,14,H,3000,Japan,31059,Tomoki,Osada,2,4507
1204,3911.188966252,3916.188966252,Hayate Era (Japan),Tackle,Green,947046,2,H,3000,Japan,61955,Hayate,Era,2,4508
1205,3913.311700680272,3921.196932934997,Ponipate Loganimasi (Fiji),Kick Chase,Gold,947046,15,A,954,Fiji,58879,Ponipate,Loganimasi,2,4512
1206,3913.931248883,3925.556069503,Kenta Kobayashi (Japan),Kick Retreat,Green,947046,1,H,3000,Japan,34481,Kenta,Kobayashi,2,4512
1207,3913.931248883,3925.556069503,Hayate Era (Japan),Kick Retreat,Green,947046,2,H,3000,Japan,61955,Hayate,Era,2,4512
1208,3913.931248883,3925.556069503,Shuhei Takeuchi (Japan),Kick Retreat,Green,947046,3,H,3000,Japan,37874,Shuhei,Takeuchi,2,4512
1209,3913.931248883,3925.556069503,Jack Cornelsen (Japan),Kick Retreat,Green,947046,4,H,3000,Japan,23697,Jack,Cornelsen,2,4512
1210,3913.931248883,3925.556069503,Warner Dearns (Japan),Kick Retreat,Green,947046,5,H,3000,Japan,40399,Warner,Dearns,2,4512
1211,3913.931248883,3925.556069503,Faulua Makisi (Japan),Kick Retreat,Yellow,947046,6,H,3000,Japan,23417,Faulua,Makisi,2,4512
1212,3913.931248883,3925.556069503,Kanji Shimokawa (Japan),Kick Retreat,Green,947046,7,H,3000,Japan,30962,Kanji,Shimokawa,2,4512
1213,3913.931248883,3925.556069503,Amato Fakatava (Japan),Kick Retreat,Green,947046,8,H,3000,Japan,36500,Amato,Fakatava,2,4512
1214,3913.931248883,3925.556069503,Shinobu Fujiwara (Japan),Kick Retreat,Green,947046,9,H,3000,Japan,30969,Shinobu,Fujiwara,2,4512
1215,3913.931248883,3925.556069503,Haruto Kida (Japan),Kick Retreat,Green,947046,11,H,3000,Japan,34476,Haruto,Kida,2,4512
1216,3913.931248883,3925.556069503,Yuya Hirose (Japan),Kick Retreat,Green,947046,13,H,3000,Japan,61922,Yuya,Hirose,2,4512
1217,3913.931248883,3925.556069503,Tomoki Osada (Japan),Kick Retreat,Green,947046,14,H,3000,Japan,31059,Tomoki,Osada,2,4512
1218,3913.931248883,3925.556069503,Shogo Nakano (Japan),Kick Retreat,Green,947046,22,H,3000,Japan,36750,Shogo,Nakano,2,4512
1219,3914.122398435,3919.122398435,Jack Cornelsen (Japan),Charge Down,Green,947046,4,H,3000,Japan,23697,Jack,Cornelsen,2,4512
1220,3914.3448526077095,3929.0993551113343,Mesake Vocevoce (Fiji),Kick Chase,Red,947046,4,A,954,Fiji,59793,Mesake,Vocevoce,2,4513
1221,3914.643380452,3925.261450362,Etonia Waqa (Fiji),Kick Chase,Green,947046,6,A,954,Fiji,34464,Etonia,Waqa,2,4513
1222,3914.643380452,3925.261450362,Taniela Rakuro (Fiji),Kick Chase,Green,947046,11,A,954,Fiji,58917,Taniela,Rakuro,2,4513
1223,3914.643380452,3925.261450362,Inia Tabuavou (Fiji),Kick Chase,Green,947046,12,A,954,Fiji,39311,Inia,Tabuavou,2,4513
1224,3914.869309643,3921.857209977,Eroni Mawi (Fiji),Kick Chase,Yellow,947046,1,A,954,Fiji,29306,Eroni,Mawi,2,4513
1225,3914.869309643,3921.857209977,Mesake Doge (Fiji),Kick Chase,Yellow,947046,3,A,954,Fiji,20730,Mesake,Doge,2,4513
1226,3915.459561801,3921.857209977,Tevita Ikanivere (Fiji),Kick Chase,Yellow,947046,2,A,954,Fiji,34455,Tevita,Ikanivere,2,4513
1227,3915.459561801,3921.857209977,Viliame Mata (Fiji),Kick Chase,Yellow,947046,8,A,954,Fiji,24151,Viliame,Mata,2,4513
1228,3915.776149042,3920.776149042,Viliame Mata (Fiji),Ruck,Yellow,947046,8,A,954,Fiji,24151,Viliame,Mata,2,4513
1229,3916.330290414,3921.330290414,Faulua Makisi (Japan),Tackle,Red,947046,6,H,3000,Japan,23417,Faulua,Makisi,2,4514
1230,3916.502875205,3920.4195918367345,Tevita Ikanivere (Fiji),Ruck,Yellow,947046,2,A,954,Fiji,34455,Tevita,Ikanivere,2,4514
1231,3920.108983257,3925.108983257,Isoa Nasilasila (Fiji),Carry,Green,947046,19,A,954,Fiji,32876,Isoa,Nasilasila,2,4520
1232,3920.261450362,3925.261450362,Isoa Nasilasila (Fiji),Kick Chase,Green,947046,19,A,954,Fiji,32876,Isoa,Nasilasila,2,4520
1233,3920.455926009,3927.109202249,Ponipate Loganimasi (Fiji),Carry,Green,947046,15,A,954,Fiji,58879,Ponipate,Loganimasi,2,4520
1234,3921.110994825,3926.110994825,Seungsin Lee (Japan),Tackle,Green,947046,10,H,3000,Japan,37841,Seungsin,Lee,2,4520
1235,3921.185986394558,3926.185986394558,Kalaveti Ravouvou (Fiji),Kick Chase,Red,947046,13,A,954,Fiji,40515,Kalaveti,Ravouvou,2,4520
1236,3925.345238095238,3930.345238095238,Inia Tabuavou (Fiji),Phase Defence,Red,947046,12,A,954,Fiji,39311,Inia,Tabuavou,2,4523
1237,3929.448890982,3934.448890982,Etonia Waqa (Fiji),Jackler,Green,947046,6,A,954,Fiji,34464,Etonia,Waqa,2,4527
1238,3930.722824933,3935.722824933,Hayate Era (Japan),Carry,Green,947046,2,H,3000,Japan,61955,Hayate,Era,2,4529
1239,3931.052566265,3936.052566265,Kenta Kobayashi (Japan),Ruck,Red,947046,1,H,3000,Japan,34481,Kenta,Kobayashi,2,4529
1240,3933.866859039,3938.866859039,Eroni Mawi (Fiji),Phase Defence,Red,947046,1,A,954,Fiji,29306,Eroni,Mawi,2,4530
1241,3933.866859039,3938.866859039,Tevita Ikanivere (Fiji),Phase Defence,Red,947046,2,A,954,Fiji,34455,Tevita,Ikanivere,2,4530
1242,3933.866859039,3938.866859039,Mesake Vocevoce (Fiji),Phase Defence,Red,947046,4,A,954,Fiji,59793,Mesake,Vocevoce,2,4530
1243,3933.866859039,3938.866859039,Etonia Waqa (Fiji),Phase Defence,Red,947046,6,A,954,Fiji,34464,Etonia,Waqa,2,4530
1244,3933.866859039,3938.866859039,Elia Canakaivata (Fiji),Phase Defence,Red,947046,7,A,954,Fiji,34647,Elia,Canakaivata,2,4530
1245,3933.866859039,3938.866859039,Kalaveti Ravouvou (Fiji),Phase Defence,Red,947046,13,A,954,Fiji,40515,Kalaveti,Ravouvou,2,4530
1246,3938.986448473335,3945.798959840333,Taniela Rakuro (Fiji),Tackle,Green,947046,11,A,954,Fiji,58917,Taniela,Rakuro,2,4534
1247,3940.899138321995,3945.899138321995,Inia Tabuavou (Fiji),Phase Defence,Red,947046,12,A,954,Fiji,39311,Inia,Tabuavou,2,4537
1248,3940.999522206,3945.999522206,Haruto Kida (Japan),Carry,Yellow,947046,11,H,3000,Japan,34476,Haruto,Kida,2,4537
1249,3941.036178514,3946.036178514,Simione Kuruvoli (Fiji),Phase Defence,Red,947046,9,A,954,Fiji,34467,Simione,Kuruvoli,2,4537
1250,3941.344325625,3946.344325625,Shuhei Takeuchi (Japan),Ruck,Red,947046,3,H,3000,Japan,37874,Shuhei,Takeuchi,2,4540
1251,3942.210606791,3947.210606791,Shogo Nakano (Japan),Ruck,Yellow,947046,22,H,3000,Japan,36750,Shogo,Nakano,2,4541
1252,3944.612543224,3949.612543224,Mesake Doge (Fiji),Tackle,Green,947046,3,A,954,Fiji,20730,Mesake,Doge,2,4543
1253,3945.140395387,3950.140395387,Jack Cornelsen (Japan),Ruck,Red,947046,4,H,3000,Japan,23697,Jack,Cornelsen,2,4543
1254,3945.402747522,3950.402747522,Isoa Nasilasila (Fiji),Tackle,Green,947046,19,A,954,Fiji,32876,Isoa,Nasilasila,2,4543
1255,3946.125587033,3951.125587033,Warner Dearns (Japan),Carry,Green,947046,5,H,3000,Japan,40399,Warner,Dearns,2,4543
1256,3946.735052516,3951.735052516,Kenta Kobayashi (Japan),Ruck,Yellow,947046,1,H,3000,Japan,34481,Kenta,Kobayashi,2,4544
1257,3947.6604308390024,3963.500521545333,Eroni Mawi (Fiji),Phase Defence,Red,947046,1,A,954,Fiji,29306,Eroni,Mawi,2,4544
1258,3947.6604308390024,3963.500521545333,Tevita Ikanivere (Fiji),Phase Defence,Red,947046,2,A,954,Fiji,34455,Tevita,Ikanivere,2,4544
1259,3947.6604308390024,3963.500521545333,Mesake Vocevoce (Fiji),Phase Defence,Red,947046,4,A,954,Fiji,59793,Mesake,Vocevoce,2,4544
1260,3947.6604308390024,3963.500521545333,Elia Canakaivata (Fiji),Phase Defence,Red,947046,7,A,954,Fiji,34647,Elia,Canakaivata,2,4544
1261,3947.6604308390024,3963.500521545333,Kalaveti Ravouvou (Fiji),Phase Defence,Red,947046,13,A,954,Fiji,40515,Kalaveti,Ravouvou,2,4544
1262,3947.795546271,3952.795546271,Mesake Doge (Fiji),Phase Defence,Red,947046,3,A,954,Fiji,20730,Mesake,Doge,2,4544
1263,3948.936485260771,3957.607862026,Inia Tabuavou (Fiji),Jackler,Red,947046,12,A,954,Fiji,39311,Inia,Tabuavou,2,4548
1264,3949.242853223,3954.242853223,Viliame Mata (Fiji),Tackle,Red,947046,8,A,954,Fiji,24151,Viliame,Mata,2,4548
1265,3951.422078013,3956.422078013,Shuhei Takeuchi (Japan),Ruck,Green,947046,3,H,3000,Japan,37874,Shuhei,Takeuchi,2,4550
1266,3952.1990022675736,3957.1990022675736,Viliame Mata (Fiji),Phase Defence,Red,947046,8,A,954,Fiji,24151,Viliame,Mata,2,4550
1267,3952.4296598639457,3957.4296598639457,Mesake Vocevoce (Fiji),Phase Defence,Red,947046,4,A,954,Fiji,59793,Mesake,Vocevoce,2,4551
1268,3952.5267346938776,3957.5267346938776,Kalaveti Ravouvou (Fiji),Phase Defence,Red,947046,13,A,954,Fiji,40515,Kalaveti,Ravouvou,2,4551
1269,3952.5267346938776,3957.5267346938776,Simione Kuruvoli (Fiji),Phase Defence,Red,947046,9,A,954,Fiji,34467,Simione,Kuruvoli,2,4551
1270,3952.610276463,3957.610276463,Shogo Nakano (Japan),Carry,Green,947046,22,H,3000,Japan,36750,Shogo,Nakano,2,4551
1271,3952.859668951,3957.859668951,Elia Canakaivata (Fiji),Phase Defence,Red,947046,7,A,954,Fiji,34647,Elia,Canakaivata,2,4551
1272,3952.909153461,3957.909153461,Etonia Waqa (Fiji),Phase Defence,Red,947046,6,A,954,Fiji,34464,Etonia,Waqa,2,4551
1273,3952.999495285,3957.999495285,Ponipate Loganimasi (Fiji),Tackle,Green,947046,15,A,954,Fiji,58879,Ponipate,Loganimasi,2,4551
1274,3952.999495285,3959.466625161,Tevita Ikanivere (Fiji),Tackle,Green,947046,2,A,954,Fiji,34455,Tevita,Ikanivere,2,4551
1275,3953.898979192,3958.898979192,Jack Cornelsen (Japan),Ruck,Red,947046,4,H,3000,Japan,23697,Jack,Cornelsen,2,4552
1276,3956.754773498,3961.754773498,Hayate Era (Japan),Ruck,Yellow,947046,2,H,3000,Japan,61955,Hayate,Era,2,4556
1277,3957.896975832665,3966.698350073999,Mesake Vocevoce (Fiji),Tackle,Green,947046,4,A,954,Fiji,59793,Mesake,Vocevoce,2,4556
1278,3958.073101537,3963.073101537,Warner Dearns (Japan),Ruck,Red,947046,5,H,3000,Japan,40399,Warner,Dearns,2,4556
1279,3959.402412752,3964.402412752,Kenta Kobayashi (Japan),Carry,Yellow,947046,1,H,3000,Japan,34481,Kenta,Kobayashi,2,4558
1280,3963.720200682,3968.720200682,Kanji Shimokawa (Japan),Ruck,Green,947046,7,H,3000,Japan,30962,Kanji,Shimokawa,2,4602
1281,3963.720200682,3968.720200682,Yuya Hirose (Japan),Ruck,Green,947046,13,H,3000,Japan,61922,Yuya,Hirose,2,4602
1282,3964.031445376,3969.031445376,Elia Canakaivata (Fiji),Tackle,Red,947046,7,A,954,Fiji,34647,Elia,Canakaivata,2,4602
1283,3967.953329252,3972.953329252,Tomoki Osada (Japan),Carry,Green,947046,14,H,3000,Japan,31059,Tomoki,Osada,2,4604
1284,4066.545011337868,4071.545011337868,Mesake Vocevoce (Fiji),Kick Chase,Red,947046,4,A,954,Fiji,59793,Mesake,Vocevoce,2,4746
1285,4067.491195903,4072.491195903,Isoa Nasilasila (Fiji),Jackler,Green,947046,19,A,954,Fiji,32876,Isoa,Nasilasila,2,4746
1286,4069.800285815,4074.800285815,Hayate Era (Japan),Ruck,Green,947046,2,H,3000,Japan,61955,Hayate,Era,2,4747
1287,4069.86767894,4074.86767894,Haruto Kida (Japan),Ruck,Green,947046,11,H,3000,Japan,34476,Haruto,Kida,2,4749
1288,4071.108413695,4076.108413695,Kenta Kobayashi (Japan),Ruck,Green,947046,1,H,3000,Japan,34481,Kenta,Kobayashi,2,4749
1289,4071.995294264,4076.995294264,Jack Cornelsen (Japan),Carry,Green,947046,4,H,3000,Japan,23697,Jack,Cornelsen,2,4750
1290,4080.432752796,4085.432752796,Isoa Nasilasila (Fiji),Charge Down,Green,947046,19,A,954,Fiji,32876,Isoa,Nasilasila,2,4758
1291,4134.401054576,4150.982011674,Kenta Kobayashi (Japan),Lineout Attack,Green,947046,1,H,3000,Japan,34481,Kenta,Kobayashi,2,4823
1292,4134.401054576,4150.982011674,Shuhei Takeuchi (Japan),Lineout Attack,Green,947046,3,H,3000,Japan,37874,Shuhei,Takeuchi,2,4823
1293,4134.401054576,4150.982011674,Jack Cornelsen (Japan),Lineout Attack,Green,947046,4,H,3000,Japan,23697,Jack,Cornelsen,2,4823
1294,4134.401054576,4150.982011674,Warner Dearns (Japan),Lineout Attack,Green,947046,5,H,3000,Japan,40399,Warner,Dearns,2,4823
1295,4134.401054576,4150.982011674,Kanji Shimokawa (Japan),Lineout Attack,Green,947046,7,H,3000,Japan,30962,Kanji,Shimokawa,2,4823
1296,4134.982925170068,4149.300126437334,Eroni Mawi (Fiji),Lineout Defence,Green,947046,1,A,954,Fiji,29306,Eroni,Mawi,2,4825
1297,4134.982925170068,4149.300126437334,Mesake Doge (Fiji),Lineout Defence,Green,947046,3,A,954,Fiji,20730,Mesake,Doge,2,4825
1298,4134.982925170068,4149.300126437334,Mesake Vocevoce (Fiji),Lineout Defence,Green,947046,4,A,954,Fiji,59793,Mesake,Vocevoce,2,4825
1299,4134.982925170068,4149.300126437334,Etonia Waqa (Fiji),Lineout Defence,Green,947046,6,A,954,Fiji,34464,Etonia,Waqa,2,4825
1300,4134.982925170068,4149.300126437334,Isoa Nasilasila (Fiji),Lineout Defence,Green,947046,19,A,954,Fiji,32876,Isoa,Nasilasila,2,4825
1301,4147.385378714667,4159.099445479334,Etonia Waqa (Fiji),Tackle,Green,947046,6,A,954,Fiji,34464,Etonia,Waqa,2,4836
1302,4148.041551728,4153.041551728,Jack Cornelsen (Japan),Ruck,Green,947046,4,H,3000,Japan,23697,Jack,Cornelsen,2,4836
1303,4148.56406476,4153.56406476,Kenta Kobayashi (Japan),Ruck,Green,947046,1,H,3000,Japan,34481,Kenta,Kobayashi,2,4836
1304,4148.56406476,4153.56406476,Kanji Shimokawa (Japan),Carry,Green,947046,7,H,3000,Japan,30962,Kanji,Shimokawa,2,4836
1305,4153.989676531666,4165.460036873,Mesake Doge (Fiji),Tackle,Green,947046,3,A,954,Fiji,20730,Mesake,Doge,2,4835
1306,4155.759105977,4166.759522627,Warner Dearns (Japan),Ruck,Green,947046,5,H,3000,Japan,40399,Warner,Dearns,2,4835
1307,4155.759105977,4166.759522627,Amato Fakatava (Japan),Ruck,Green,947046,8,H,3000,Japan,36500,Amato,Fakatava,2,4835
1308,4157.597343377665,4165.460036873,Elia Canakaivata (Fiji),Tackle,Green,947046,7,A,954,Fiji,34647,Elia,Canakaivata,2,4845
1309,4159.0604081632655,4173.450819316,Kenta Kobayashi (Japan),Kick Chase,Green,947046,1,H,3000,Japan,34481,Kenta,Kobayashi,2,4845
1310,4159.0604081632655,4173.450819316,Hayate Era (Japan),Kick Chase,Green,947046,2,H,3000,Japan,61955,Hayate,Era,2,4845
1311,4159.0604081632655,4173.450819316,Shuhei Takeuchi (Japan),Kick Chase,Green,947046,3,H,3000,Japan,37874,Shuhei,Takeuchi,2,4845
1312,4159.0604081632655,4173.450819316,Jack Cornelsen (Japan),Kick Chase,Green,947046,4,H,3000,Japan,23697,Jack,Cornelsen,2,4845
1313,4159.0604081632655,4173.450819316,Warner Dearns (Japan),Kick Chase,Green,947046,5,H,3000,Japan,40399,Warner,Dearns,2,4845
1314,4159.0604081632655,4173.450819316,Faulua Makisi (Japan),Kick Chase,Green,947046,6,H,3000,Japan,23417,Faulua,Makisi,2,4845
1315,4159.0604081632655,4173.450819316,Kanji Shimokawa (Japan),Kick Chase,Green,947046,7,H,3000,Japan,30962,Kanji,Shimokawa,2,4845
1316,4159.0604081632655,4173.450819316,Amato Fakatava (Japan),Kick Chase,Green,947046,8,H,3000,Japan,36500,Amato,Fakatava,2,4845
1317,4159.0604081632655,4173.450819316,Shinobu Fujiwara (Japan),Kick Chase,Green,947046,9,H,3000,Japan,30969,Shinobu,Fujiwara,2,4845
1318,4159.0604081632655,4173.450819316,Tomoki Osada (Japan),Kick Chase,Green,947046,14,H,3000,Japan,31059,Tomoki,Osada,2,4845
1319,4159.0604081632655,4173.450819316,Shogo Nakano (Japan),Kick Chase,Green,947046,22,H,3000,Japan,36750,Shogo,Nakano,2,4845
1320,4159.62450462,4173.450819316,Yuki Ikeda (Japan),Kick Chase,Green,947046,23,H,3000,Japan,32520,Yuki,Ikeda,2,4845
1321,4159.703314731,4166.298794541002,Kemu Valetini (Fiji),Kick Retreat,Green,947046,22,A,954,Fiji,32283,Kemu,Valetini,2,4845
1322,4160.460036873,4171.000450528664,Eroni Mawi (Fiji),Kick Retreat,Green,947046,1,A,954,Fiji,29306,Eroni,Mawi,2,4845
1323,4160.460036873,4171.000450528664,Tevita Ikanivere (Fiji),Kick Retreat,Green,947046,2,A,954,Fiji,34455,Tevita,Ikanivere,2,4845
1324,4160.460036873,4171.000450528664,Mesake Doge (Fiji),Kick Retreat,Green,947046,3,A,954,Fiji,20730,Mesake,Doge,2,4845
1325,4160.460036873,4171.000450528664,Mesake Vocevoce (Fiji),Kick Retreat,Green,947046,4,A,954,Fiji,59793,Mesake,Vocevoce,2,4845
1326,4160.460036873,4171.000450528664,Etonia Waqa (Fiji),Kick Retreat,Green,947046,6,A,954,Fiji,34464,Etonia,Waqa,2,4845
1327,4160.460036873,4171.000450528664,Elia Canakaivata (Fiji),Kick Retreat,Green,947046,7,A,954,Fiji,34647,Elia,Canakaivata,2,4845
1328,4160.460036873,4171.000450528664,Viliame Mata (Fiji),Kick Retreat,Green,947046,8,A,954,Fiji,24151,Viliame,Mata,2,4845
1329,4160.460036873,4171.000450528664,Isoa Nasilasila (Fiji),Kick Retreat,Green,947046,19,A,954,Fiji,32876,Isoa,Nasilasila,2,4845
1330,4160.864670976,4171.000450528664,Taniela Rakuro (Fiji),Kick Retreat,Green,947046,11,A,954,Fiji,58917,Taniela,Rakuro,2,4851
1331,4160.864670976,4171.000450528664,Kalaveti Ravouvou (Fiji),Kick Retreat,Green,947046,13,A,954,Fiji,40515,Kalaveti,Ravouvou,2,4851
1332,4160.864670976,4171.000450528664,Joji Nasova (Fiji),Kick Retreat,Green,947046,14,A,954,Fiji,62542,Joji,Nasova,2,4851
1333,4160.915627956,4166.759522627,Hayate Era (Japan),Ruck,Green,947046,2,H,3000,Japan,61955,Hayate,Era,2,4851
1334,4161.87138731,4172.3641951277295,Haruto Kida (Japan),Kick Chase,Gold,947046,11,H,3000,Japan,34476,Haruto,Kida,2,4851
1335,4161.998248885796,4167.499977403653,Shuhei Takeuchi (Japan),Carry,Green,947046,3,H,3000,Japan,37874,Shuhei,Takeuchi,2,4851
1336,4164.684266635331,4178.140718897,Tevita Ikanivere (Fiji),Jackler,Red,947046,2,A,954,Fiji,34455,Tevita,Ikanivere,2,4854
1337,4166.485950770997,4173.597589406,Caleb Muntz (Fiji),Carry,Green,947046,10,A,954,Fiji,30799,Caleb,Muntz,2,4855
1338,4167.68198430633,4174.335229065,Eroni Mawi (Fiji),Tackle,Green,947046,1,A,954,Fiji,29306,Eroni,Mawi,2,4856
1339,4169.0604535147395,4174.0604535147395,Viliame Mata (Fiji),Turnover Defence,Red,947046,8,A,954,Fiji,24151,Viliame,Mata,2,4858
1340,4170.592412413999,4177.197719784333,Kemu Valetini (Fiji),Kick Retreat,Green,947046,22,A,954,Fiji,32283,Kemu,Valetini,2,4858
1341,4170.947097505669,4180.497727756331,Tevita Ikanivere (Fiji),Kick Retreat,Yellow,947046,2,A,954,Fiji,34455,Tevita,Ikanivere,2,4902
1342,4171.099542824665,4181.197178481997,Etonia Waqa (Fiji),Kick Retreat,Yellow,947046,6,A,954,Fiji,34464,Etonia,Waqa,2,4902
1343,4171.572921404,4181.432322229,Kenta Kobayashi (Japan),Kick Chase,Green,947046,1,H,3000,Japan,34481,Kenta,Kobayashi,2,4902
1344,4171.572921404,4181.432322229,Hayate Era (Japan),Kick Chase,Green,947046,2,H,3000,Japan,61955,Hayate,Era,2,4902
1345,4171.572921404,4181.432322229,Shuhei Takeuchi (Japan),Kick Chase,Green,947046,3,H,3000,Japan,37874,Shuhei,Takeuchi,2,4902
1346,4171.572921404,4181.432322229,Jack Cornelsen (Japan),Kick Chase,Green,947046,4,H,3000,Japan,23697,Jack,Cornelsen,2,4902
1347,4171.572921404,4181.432322229,Warner Dearns (Japan),Kick Chase,Yellow,947046,5,H,3000,Japan,40399,Warner,Dearns,2,4902
1348,4171.572921404,4181.432322229,Faulua Makisi (Japan),Kick Chase,Green,947046,6,H,3000,Japan,23417,Faulua,Makisi,2,4902
1349,4171.572921404,4181.432322229,Kanji Shimokawa (Japan),Kick Chase,Green,947046,7,H,3000,Japan,30962,Kanji,Shimokawa,2,4902
1350,4171.572921404,4181.432322229,Amato Fakatava (Japan),Kick Chase,Green,947046,8,H,3000,Japan,36500,Amato,Fakatava,2,4902
1351,4171.572921404,4181.432322229,Shinobu Fujiwara (Japan),Kick Chase,Green,947046,9,H,3000,Japan,30969,Shinobu,Fujiwara,2,4902
1352,4171.572921404,4181.432322229,Haruto Kida (Japan),Kick Chase,Green,947046,11,H,3000,Japan,34476,Haruto,Kida,2,4902
1353,4171.572921404,4181.432322229,Shogo Nakano (Japan),Kick Chase,Green,947046,22,H,3000,Japan,36750,Shogo,Nakano,2,4902
1354,4171.572921404,4181.432322229,Yuki Ikeda (Japan),Kick Chase,Green,947046,23,H,3000,Japan,32520,Yuki,Ikeda,2,4902
1355,4172.536714305,4177.536714305,Kenta Kobayashi (Japan),Ruck,Green,947046,1,H,3000,Japan,34481,Kenta,Kobayashi,2,4902
1356,4172.536714305,4177.536714305,Hayate Era (Japan),Ruck,Green,947046,2,H,3000,Japan,61955,Hayate,Era,2,4902
1357,4173.391614077217,4181.954487961,Yuya Hirose (Japan),Kick Chase,Green,947046,13,H,3000,Japan,61922,Yuya,Hirose,2,4904
1358,4173.457302884,4183.856357911,Eroni Mawi (Fiji),Kick Retreat,Green,947046,1,A,954,Fiji,29306,Eroni,Mawi,2,4904
1359,4173.997644874,4183.856357911,Mesake Doge (Fiji),Kick Retreat,Green,947046,3,A,954,Fiji,20730,Mesake,Doge,2,4904
1360,4173.997644874,4183.856357911,Mesake Vocevoce (Fiji),Kick Retreat,Green,947046,4,A,954,Fiji,59793,Mesake,Vocevoce,2,4904
1361,4173.997644874,4183.856357911,Elia Canakaivata (Fiji),Kick Retreat,Green,947046,7,A,954,Fiji,34647,Elia,Canakaivata,2,4904
1362,4173.997644874,4183.856357911,Viliame Mata (Fiji),Kick Retreat,Green,947046,8,A,954,Fiji,24151,Viliame,Mata,2,4904
1363,4173.997644874,4183.856357911,Isoa Nasilasila (Fiji),Kick Retreat,Green,947046,19,A,954,Fiji,32876,Isoa,Nasilasila,2,4904
1364,4174.330913669,4183.856357911,Sam Wye (Fiji),Kick Retreat,Green,947046,21,A,954,Fiji,39130,Sam,Wye,2,4904
1365,4174.330913669,4183.856357911,Taniela Rakuro (Fiji),Kick Retreat,Green,947046,11,A,954,Fiji,58917,Taniela,Rakuro,2,4904
1366,4174.330913669,4183.856357911,Kalaveti Ravouvou (Fiji),Kick Retreat,Green,947046,13,A,954,Fiji,40515,Kalaveti,Ravouvou,2,4904
1367,4174.330913669,4183.856357911,Joji Nasova (Fiji),Kick Retreat,Green,947046,14,A,954,Fiji,62542,Joji,Nasova,2,4904
1368,4174.501666226,4181.223986289055,Tomoki Osada (Japan),Kick Chase,Gold,947046,14,H,3000,Japan,31059,Tomoki,Osada,2,4904
1369,4176.381702701,4181.381702701,Warner Dearns (Japan),Carry,Red,947046,5,H,3000,Japan,40399,Warner,Dearns,2,4906
1370,4181.862557335,4186.862557335,Kalaveti Ravouvou (Fiji),Tackle,Green,947046,13,A,954,Fiji,40515,Kalaveti,Ravouvou,2,4907
1371,4182.19861852233,4195.297511795663,Kalaveti Ravouvou (Fiji),Jackler,Red,947046,13,A,954,Fiji,40515,Kalaveti,Ravouvou,2,4907
1372,4187.178616564,4193.314707084,Kanji Shimokawa (Japan),Ruck,Green,947046,7,H,3000,Japan,30962,Kanji,Shimokawa,2,4916
1373,4187.178616564,4193.314707084,Yuya Hirose (Japan),Ruck,Green,947046,13,H,3000,Japan,61922,Yuya,Hirose,2,4916
1374,4187.178616564,4193.314707084,Shogo Nakano (Japan),Ruck,Green,947046,22,H,3000,Japan,36750,Shogo,Nakano,2,4916
1375,4188.314707084,4193.314707084,Tomoki Osada (Japan),Ruck,Yellow,947046,14,H,3000,Japan,31059,Tomoki,Osada,2,4917
1376,4188.314707084,4193.314707084,Yuki Ikeda (Japan),Carry,Green,947046,23,H,3000,Japan,32520,Yuki,Ikeda,2,4917
1377,4190.587789427334,4200.980371865,Elia Canakaivata (Fiji),Tackle,Green,947046,7,A,954,Fiji,34647,Elia,Canakaivata,2,4920
1378,4191.425555555556,4199.30068368,Mesake Vocevoce (Fiji),Tackle,Yellow,947046,4,A,954,Fiji,59793,Mesake,Vocevoce,2,4920
1379,4193.017780599,4198.017780599,Shuhei Takeuchi (Japan),Carry,Green,947046,3,H,3000,Japan,37874,Shuhei,Takeuchi,2,4921
1380,4193.547991227,4198.547991227,Amato Fakatava (Japan),Ruck,Red,947046,8,H,3000,Japan,36500,Amato,Fakatava,2,4921
1381,4194.153749949,4199.153749949,Faulua Makisi (Japan),Carry,Green,947046,6,H,3000,Japan,23417,Faulua,Makisi,2,4921
1382,4197.354988662131,4204.03148089,Tevita Ikanivere (Fiji),Tackle,Green,947046,2,A,954,Fiji,34455,Tevita,Ikanivere,2,4925
1383,4199.759990587,4204.759990587,Kenta Kobayashi (Japan),Ruck,Green,947046,1,H,3000,Japan,34481,Kenta,Kobayashi,2,4929
1384,4200.599871729667,4212.099007601331,Eroni Mawi (Fiji),Tackle,Yellow,947046,1,A,954,Fiji,29306,Eroni,Mawi,2,4930
1385,4201.143568992,4206.143568992,Jack Cornelsen (Japan),Ruck,Red,947046,4,H,3000,Japan,23697,Jack,Cornelsen,2,4930
1386,4202.065195067,4207.065195067,Hayate Era (Japan),Carry,Green,947046,2,H,3000,Japan,61955,Hayate,Era,2,4930
1387,4211.608599156,4216.608599156,Kanji Shimokawa (Japan),Ruck,Green,947046,7,H,3000,Japan,30962,Kanji,Shimokawa,2,4940
1388,4211.608599156,4216.608599156,Seungsin Lee (Japan),Ruck,Green,947046,10,H,3000,Japan,37841,Seungsin,Lee,2,4940
1389,4211.911293698,4216.911293698,Shogo Nakano (Japan),Ruck,Green,947046,22,H,3000,Japan,36750,Shogo,Nakano,2,4943
1390,4214.028571428571,4219.028571428571,Isoa Nasilasila (Fiji),Tackle,Green,947046,19,A,954,Fiji,32876,Isoa,Nasilasila,2,4943
1391,4217.02875762,4222.02875762,Warner Dearns (Japan),Carry,Red,947046,5,H,3000,Japan,40399,Warner,Dearns,2,4948
1392,4220.264646101,4231.602573317,Kenta Kobayashi (Japan),Kick Chase,Green,947046,1,H,3000,Japan,34481,Kenta,Kobayashi,2,4948
1393,4220.264646101,4231.602573317,Hayate Era (Japan),Kick Chase,Green,947046,2,H,3000,Japan,61955,Hayate,Era,2,4948
1394,4220.264646101,4231.602573317,Shuhei Takeuchi (Japan),Kick Chase,Green,947046,3,H,3000,Japan,37874,Shuhei,Takeuchi,2,4948
1395,4220.264646101,4231.602573317,Jack Cornelsen (Japan),Kick Chase,Green,947046,4,H,3000,Japan,23697,Jack,Cornelsen,2,4948
1396,4220.264646101,4231.602573317,Warner Dearns (Japan),Kick Chase,Green,947046,5,H,3000,Japan,40399,Warner,Dearns,2,4948
1397,4220.264646101,4231.602573317,Faulua Makisi (Japan),Kick Chase,Green,947046,6,H,3000,Japan,23417,Faulua,Makisi,2,4948
1398,4220.264646101,4231.602573317,Kanji Shimokawa (Japan),Kick Chase,Green,947046,7,H,3000,Japan,30962,Kanji,Shimokawa,2,4948
1399,4220.264646101,4231.602573317,Amato Fakatava (Japan),Kick Chase,Green,947046,8,H,3000,Japan,36500,Amato,Fakatava,2,4948
1400,4220.264646101,4231.602573317,Shinobu Fujiwara (Japan),Kick Chase,Green,947046,9,H,3000,Japan,30969,Shinobu,Fujiwara,2,4948
1401,4220.264646101,4231.602573317,Haruto Kida (Japan),Kick Chase,Green,947046,11,H,3000,Japan,34476,Haruto,Kida,2,4948
1402,4220.264646101,4231.602573317,Tomoki Osada (Japan),Kick Chase,Green,947046,14,H,3000,Japan,31059,Tomoki,Osada,2,4948
1403,4220.264646101,4231.602573317,Shogo Nakano (Japan),Kick Chase,Green,947046,22,H,3000,Japan,36750,Shogo,Nakano,2,4948
1404,4222.182065761,4231.602573317,Yuki Ikeda (Japan),Kick Chase,Green,947046,23,H,3000,Japan,32520,Yuki,Ikeda,2,4953
1405,4223.007126454,4228.007126454,Jack Cornelsen (Japan),Ruck,Green,947046,4,H,3000,Japan,23697,Jack,Cornelsen,2,4953
1406,4223.806741562,4228.806741562,Kenta Kobayashi (Japan),Ruck,Green,947046,1,H,3000,Japan,34481,Kenta,Kobayashi,2,4953
1407,4223.806741562,4228.806741562,Kanji Shimokawa (Japan),Ruck,Green,947046,7,H,3000,Japan,30962,Kanji,Shimokawa,2,4953
1408,4224.607723228,4229.607723228,Hayate Era (Japan),Carry,Green,947046,2,H,3000,Japan,61955,Hayate,Era,2,4954
1409,4224.610622731,4229.610622731,Mesake Doge (Fiji),Tackle,Green,947046,3,A,954,Fiji,20730,Mesake,Doge,2,4954
1410,4295.027414965986,4308.000171422999,Mesake Vocevoce (Fiji),Lineout Defence,Green,947046,4,A,954,Fiji,59793,Mesake,Vocevoce,2,5105
1411,4295.027414965986,4308.000171422999,Viliame Mata (Fiji),Lineout Defence,Green,947046,8,A,954,Fiji,24151,Viliame,Mata,2,5105
1412,4295.027414965986,4308.000171422999,Haereiti Hetet (Fiji),Lineout Defence,Green,947046,17,A,954,Fiji,31483,Haereiti,Hetet,2,5105
1413,4295.060269052,4308.000171422999,Isoa Nasilasila (Fiji),Lineout Defence,Green,947046,19,A,954,Fiji,32876,Isoa,Nasilasila,2,5105
1414,4295.380025694,4308.999907281678,Kenta Kobayashi (Japan),Lineout Attack,Green,947046,1,H,3000,Japan,34481,Kenta,Kobayashi,2,5105
1415,4295.380025694,4308.999907281678,Shuhei Takeuchi (Japan),Lineout Attack,Green,947046,3,H,3000,Japan,37874,Shuhei,Takeuchi,2,5105
1416,4295.380025694,4308.999907281678,Jack Cornelsen (Japan),Lineout Attack,Green,947046,4,H,3000,Japan,23697,Jack,Cornelsen,2,5105
1417,4295.380025694,4308.999907281678,Warner Dearns (Japan),Lineout Attack,Green,947046,5,H,3000,Japan,40399,Warner,Dearns,2,5105
1418,4295.380025694,4308.999907281678,Kanji Shimokawa (Japan),Lineout Attack,Green,947046,7,H,3000,Japan,30962,Kanji,Shimokawa,2,5105
1419,4295.380025694,4308.999907281678,Amato Fakatava (Japan),Lineout Attack,Green,947046,8,H,3000,Japan,36500,Amato,Fakatava,2,5105
1420,4295.73770433,4308.000171422999,Etonia Waqa (Fiji),Lineout Defence,Green,947046,6,A,954,Fiji,34464,Etonia,Waqa,2,5105
1421,4296.451999768,4308.000171422999,Mesake Doge (Fiji),Lineout Defence,Green,947046,3,A,954,Fiji,20730,Mesake,Doge,2,5105
1422,4298.483959901665,4326.6977883716645,Sam Wye (Fiji),Tackle,Gold,947046,21,A,954,Fiji,39130,Sam,Wye,2,5108
1423,4304.442290249433,4331.796723875665,Tevita Ikanivere (Fiji),Turnover Defence,Gold,947046,2,A,954,Fiji,34455,Tevita,Ikanivere,2,5114
1424,4306.048986589,4311.048986589,Kanji Shimokawa (Japan),Ruck,Green,947046,7,H,3000,Japan,30962,Kanji,Shimokawa,2,5116
1425,4308.940125385,4313.940125385,Hayate Era (Japan),Carry,Green,947046,2,H,3000,Japan,61955,Hayate,Era,2,5118
1426,4309.839421999,4317.298446230999,Joji Nasova (Fiji),Tackle,Green,947046,14,A,954,Fiji,62542,Joji,Nasova,2,5119
1427,4310.897437641724,4315.897437641724,Viliame Mata (Fiji),Tackle,Green,947046,8,A,954,Fiji,24151,Viliame,Mata,2,5120
1428,4313.786108403,4318.786108403,Kalaveti Ravouvou (Fiji),Jackler,Green,947046,13,A,954,Fiji,40515,Kalaveti,Ravouvou,2,5123
1429,4314.948705913,4319.948705913,Yuki Ikeda (Japan),Ruck,Green,947046,23,H,3000,Japan,32520,Yuki,Ikeda,2,5124
1430,4317.486981442665,4323.351054332,Kemu Valetini (Fiji),Tackle,Green,947046,22,A,954,Fiji,32283,Kemu,Valetini,2,5127
1431,4318.982458154,4323.982458154,Yuya Hirose (Japan),Carry,Green,947046,13,H,3000,Japan,61922,Yuya,Hirose,2,5129
1432,4319.72640536,4327.399212265997,Tevita Ikanivere (Fiji),Tackle,Red,947046,2,A,954,Fiji,34455,Tevita,Ikanivere,2,5129
1433,4320.717359542,4325.717359542,Faulua Makisi (Japan),Carry,Green,947046,6,H,3000,Japan,23417,Faulua,Makisi,2,5130
1434,4328.586468116,4333.586468116,Shogo Nakano (Japan),Ruck,Red,947046,22,H,3000,Japan,36750,Shogo,Nakano,2,5138
1435,4329.519141584,4334.519141584,Elia Canakaivata (Fiji),Jackler,Red,947046,7,A,954,Fiji,34647,Elia,Canakaivata,2,5139
1436,4329.519141584,4334.519141584,Kalaveti Ravouvou (Fiji),Tackle,Red,947046,13,A,954,Fiji,40515,Kalaveti,Ravouvou,2,5139
1437,4330.97903259,4335.97903259,Tomoki Osada (Japan),Carry,Red,947046,14,H,3000,Japan,31059,Tomoki,Osada,2,5140
1438,4333.586048707,4338.586048707,Warner Dearns (Japan),Jackler,Green,947046,5,H,3000,Japan,40399,Warner,Dearns,2,5143
1439,4334.530530351,4339.530530351,Amato Fakatava (Japan),Tackle,Red,947046,8,H,3000,Japan,36500,Amato,Fakatava,2,5144
1440,4336.16332273,4341.16332273,Haereiti Hetet (Fiji),Carry,Green,947046,17,A,954,Fiji,31483,Haereiti,Hetet,2,5145
1441,4336.267408112,4341.267408112,Kanji Shimokawa (Japan),Jackler,Green,947046,7,H,3000,Japan,30962,Kanji,Shimokawa,2,5145
1442,4336.739768011,4341.739768011,Hayate Era (Japan),Tackle,Green,947046,2,H,3000,Japan,61955,Hayate,Era,2,5145
1443,4336.847191899,4341.847191899,Mesake Doge (Fiji),Ruck,Red,947046,3,A,954,Fiji,20730,Mesake,Doge,2,5145
1444,4337.553170205,4344.89361869,Mesake Vocevoce (Fiji),Ruck,Red,947046,4,A,954,Fiji,59793,Mesake,Vocevoce,2,5145
1445,4340.596405534,4345.596405534,Isoa Nasilasila (Fiji),Ruck,Yellow,947046,19,A,954,Fiji,32876,Isoa,Nasilasila,2,5145
1446,4341.438498175,4346.438498175,Kemu Valetini (Fiji),Ruck,Red,947046,22,A,954,Fiji,32283,Kemu,Valetini,2,5154
1447,4341.893883952,4346.893883952,Haruto Kida (Japan),Tackle,Green,947046,11,H,3000,Japan,34476,Haruto,Kida,2,5154
1448,4344.002857107,4349.002857107,Kenta Kobayashi (Japan),Tackle,Green,947046,1,H,3000,Japan,34481,Kenta,Kobayashi,2,5154
1449,4345.106523116,4350.106523116,Yuki Ikeda (Japan),Tackle,Green,947046,23,H,3000,Japan,32520,Yuki,Ikeda,2,5154
1450,4345.164172335601,4350.164172335601,Faulua Makisi (Japan),Phase Defence,Red,947046,6,H,3000,Japan,23417,Faulua,Makisi,2,5154
1451,4346.226530049,4351.226530049,Viliame Mata (Fiji),Carry,Green,947046,8,A,954,Fiji,24151,Viliame,Mata,2,5154
1452,4347.085837452332,4354.01142733,Taniela Rakuro (Fiji),Ruck,Red,947046,11,A,954,Fiji,58917,Taniela,Rakuro,2,5156
1453,4348.916281179138,4354.997010485666,Isoa Nasilasila (Fiji),Carry,Red,947046,19,A,954,Fiji,32876,Isoa,Nasilasila,2,5159
1454,4350.043466895,4355.043466895,Ponipate Loganimasi (Fiji),Ruck,Green,947046,15,A,954,Fiji,58879,Ponipate,Loganimasi,2,5200
1455,4350.999878585998,4361.399440550332,Etonia Waqa (Fiji),Carry,Red,947046,6,A,954,Fiji,34464,Etonia,Waqa,2,5158
1456,4351.1996171523315,4357.699478273334,Viliame Mata (Fiji),Ruck,Red,947046,8,A,954,Fiji,24151,Viliame,Mata,2,5158
1457,4359.931222364,4364.931222364,Hayate Era (Japan),Tackle,Green,947046,2,H,3000,Japan,61955,Hayate,Era,2,5209
1458,4360.933341374,4365.933341374,Haereiti Hetet (Fiji),Ruck,Green,947046,17,A,954,Fiji,31483,Haereiti,Hetet,2,5211
1459,4364.14451652,4369.14451652,Shinobu Fujiwara (Japan),Tackle,Green,947046,9,H,3000,Japan,30969,Shinobu,Fujiwara,2,5213
1460,4364.514127177,4369.514127177,Shogo Nakano (Japan),Tackle,Green,947046,22,H,3000,Japan,36750,Shogo,Nakano,2,5213
1461,4367.148752834467,4374.323138717,Kemu Valetini (Fiji),Ruck,Red,947046,22,A,954,Fiji,32283,Kemu,Valetini,2,5216
1462,4370.196825169665,4378.662049384,Joji Nasova (Fiji),Ruck,Red,947046,14,A,954,Fiji,62542,Joji,Nasova,2,5220
1463,4371.754791794,4376.754791794,Kalaveti Ravouvou (Fiji),Ruck,Red,947046,13,A,954,Fiji,40515,Kalaveti,Ravouvou,2,5223
1464,4372.423344257,4377.423344257,Elia Canakaivata (Fiji),Carry,Red,947046,7,A,954,Fiji,34647,Elia,Canakaivata,2,5223
1465,4372.944920634921,4377.944920634921,Kanji Shimokawa (Japan),Jackler,Green,947046,7,H,3000,Japan,30962,Kanji,Shimokawa,2,5223
1466,4375.252063492064,4398.499520936329,Tomoki Osada (Japan),Linebreak Attack,Gold,947046,14,H,3000,Japan,31059,Tomoki,Osada,2,5224
1467,4376.274149659864,4381.274149659864,Sam Wye (Fiji),Phase Defence,Red,947046,21,A,954,Fiji,39130,Sam,Wye,2,5227
1468,4379.158084935,4384.158084935,Hayate Era (Japan),Jackler,Yellow,947046,2,H,3000,Japan,61955,Hayate,Era,2,5228
1469,4379.535920428,4384.535920428,Amato Fakatava (Japan),Jackler,Yellow,947046,8,H,3000,Japan,36500,Amato,Fakatava,2,5229
1470,4382.288796033665,4389.237265705,Kemu Valetini (Fiji),Tackle,Red,947046,22,A,954,Fiji,32283,Kemu,Valetini,2,5232
1471,4386.786834770667,4395.199766904335,Ponipate Loganimasi (Fiji),Tackle,Red,947046,15,A,954,Fiji,58879,Ponipate,Loganimasi,2,5236
1472,4388.425065033,4393.425065033,Etonia Waqa (Fiji),Phase Defence,Red,947046,6,A,954,Fiji,34464,Etonia,Waqa,2,5238
1473,4388.425065033,4393.425065033,Viliame Mata (Fiji),Phase Defence,Red,947046,8,A,954,Fiji,24151,Viliame,Mata,2,5238
1474,4389.803333333333,4397.951507347,Kalaveti Ravouvou (Fiji),Tackle,Red,947046,13,A,954,Fiji,40515,Kalaveti,Ravouvou,2,5239
1475,4390.263794764,4395.263794764,Tomoki Osada (Japan),Carry,Red,947046,14,H,3000,Japan,31059,Tomoki,Osada,2,5239
1476,4391.348911564626,4402.498357005998,Caleb Muntz (Fiji),Tackle,Green,947046,10,A,954,Fiji,30799,Caleb,Muntz,2,5242
1477,4391.908367376,4396.908367376,Kanji Shimokawa (Japan),Ruck,Green,947046,7,H,3000,Japan,30962,Kanji,Shimokawa,2,5242
1478,4392.109173214,4399.332745072,Mesake Vocevoce (Fiji),Tackle,Red,947046,4,A,954,Fiji,59793,Mesake,Vocevoce,2,5242
1479,4394.004164229,4399.004164229,Shuhei Takeuchi (Japan),Carry,Green,947046,3,H,3000,Japan,37874,Shuhei,Takeuchi,2,5242
1480,4394.472190203,4399.472190203,Faulua Makisi (Japan),Ruck,Green,947046,6,H,3000,Japan,23417,Faulua,Makisi,2,5245
1481,4499.173242630385,4510.90042523,Tevita Ikanivere (Fiji),Scrum Defence,Green,947046,2,A,954,Fiji,34455,Tevita,Ikanivere,2,5419
1482,4499.173242630385,4510.90042523,Mesake Doge (Fiji),Scrum Defence,Green,947046,3,A,954,Fiji,20730,Mesake,Doge,2,5419
1483,4499.173242630385,4510.90042523,Mesake Vocevoce (Fiji),Scrum Defence,Green,947046,4,A,954,Fiji,59793,Mesake,Vocevoce,2,5419
1484,4499.173242630385,4510.90042523,Etonia Waqa (Fiji),Scrum Defence,Green,947046,6,A,954,Fiji,34464,Etonia,Waqa,2,5419
1485,4499.173242630385,4510.90042523,Elia Canakaivata (Fiji),Scrum Defence,Green,947046,7,A,954,Fiji,34647,Elia,Canakaivata,2,5419
1486,4499.173242630385,4510.90042523,Isoa Nasilasila (Fiji),Scrum Defence,Green,947046,19,A,954,Fiji,32876,Isoa,Nasilasila,2,5419
1487,4499.173242630385,4510.90042523,Haereiti Hetet (Fiji),Scrum Defence,Green,947046,17,A,954,Fiji,31483,Haereiti,Hetet,2,5419
1488,4499.262963173,4512.336978216,Kenta Kobayashi (Japan),Scrum Attack,Green,947046,1,H,3000,Japan,34481,Kenta,Kobayashi,2,5419
1489,4499.262963173,4512.336978216,Hayate Era (Japan),Scrum Attack,Yellow,947046,2,H,3000,Japan,61955,Hayate,Era,2,5419
1490,4499.262963173,4512.336978216,Shuhei Takeuchi (Japan),Scrum Attack,Yellow,947046,3,H,3000,Japan,37874,Shuhei,Takeuchi,2,5419
1491,4499.262963173,4512.336978216,Jack Cornelsen (Japan),Scrum Attack,Green,947046,4,H,3000,Japan,23697,Jack,Cornelsen,2,5419
1492,4499.262963173,4512.336978216,Warner Dearns (Japan),Scrum Attack,Green,947046,5,H,3000,Japan,40399,Warner,Dearns,2,5419
1493,4499.262963173,4512.336978216,Faulua Makisi (Japan),Scrum Attack,Green,947046,6,H,3000,Japan,23417,Faulua,Makisi,2,5419
1494,4499.262963173,4512.336978216,Kanji Shimokawa (Japan),Scrum Attack,Green,947046,7,H,3000,Japan,30962,Kanji,Shimokawa,2,5419
1495,4499.262963173,4512.336978216,Amato Fakatava (Japan),Scrum Attack,Green,947046,8,H,3000,Japan,36500,Amato,Fakatava,2,5419
1496,4502.385439909999,4513.994636482998,Sam Wye (Fiji),Tackle,Green,947046,21,A,954,Fiji,39130,Sam,Wye,2,5422
1497,4503.084580498866,4509.798744199665,Kemu Valetini (Fiji),Tackle,Green,947046,22,A,954,Fiji,32283,Kemu,Valetini,2,5422
1498,4510.147021591,4515.147021591,Kanji Shimokawa (Japan),Ruck,Green,947046,7,H,3000,Japan,30962,Kanji,Shimokawa,2,5428
1499,4512.448471691,4517.448471691,Shogo Nakano (Japan),Carry,Green,947046,22,H,3000,Japan,36750,Shogo,Nakano,2,5435
1500,4512.448471691,4517.448471691,Yuki Ikeda (Japan),Ruck,Green,947046,23,H,3000,Japan,32520,Yuki,Ikeda,2,5435
1501,4512.811308274,4517.811308274,Amato Fakatava (Japan),Ruck,Red,947046,8,H,3000,Japan,36500,Amato,Fakatava,2,5435
1502,4520.708110756,4525.708110756,Jack Cornelsen (Japan),Ruck,Green,947046,4,H,3000,Japan,23697,Jack,Cornelsen,2,5439
1503,4526.292559608,4531.292559608,Warner Dearns (Japan),Carry,Red,947046,5,H,3000,Japan,40399,Warner,Dearns,2,5439
1504,4616.939869071,4626.656911657,Tevita Ikanivere (Fiji),Scrum Defence,Green,947046,2,A,954,Fiji,34455,Tevita,Ikanivere,2,5540
1505,4616.939869071,4626.656911657,Mesake Doge (Fiji),Scrum Defence,Green,947046,3,A,954,Fiji,20730,Mesake,Doge,2,5540
1506,4616.939869071,4626.656911657,Mesake Vocevoce (Fiji),Scrum Defence,Green,947046,4,A,954,Fiji,59793,Mesake,Vocevoce,2,5540
1507,4616.939869071,4626.656911657,Etonia Waqa (Fiji),Scrum Defence,Green,947046,6,A,954,Fiji,34464,Etonia,Waqa,2,5540
1508,4616.939869071,4626.656911657,Elia Canakaivata (Fiji),Scrum Defence,Green,947046,7,A,954,Fiji,34647,Elia,Canakaivata,2,5540
1509,4616.939869071,4626.656911657,Isoa Nasilasila (Fiji),Scrum Defence,Green,947046,19,A,954,Fiji,32876,Isoa,Nasilasila,2,5540
1510,4616.939869071,4626.656911657,Haereiti Hetet (Fiji),Scrum Defence,Green,947046,17,A,954,Fiji,31483,Haereiti,Hetet,2,5540
1511,4617.539224741,4626.756658767,Kenta Kobayashi (Japan),Scrum Attack,Green,947046,1,H,3000,Japan,34481,Kenta,Kobayashi,2,5540
1512,4617.539224741,4626.756658767,Hayate Era (Japan),Scrum Attack,Green,947046,2,H,3000,Japan,61955,Hayate,Era,2,5540
1513,4617.539224741,4626.756658767,Shuhei Takeuchi (Japan),Scrum Attack,Green,947046,3,H,3000,Japan,37874,Shuhei,Takeuchi,2,5540
1514,4617.539224741,4626.756658767,Jack Cornelsen (Japan),Scrum Attack,Green,947046,4,H,3000,Japan,23697,Jack,Cornelsen,2,5540
1515,4617.539224741,4626.756658767,Warner Dearns (Japan),Scrum Attack,Yellow,947046,5,H,3000,Japan,40399,Warner,Dearns,2,5540
1516,4617.539224741,4626.756658767,Faulua Makisi (Japan),Scrum Attack,Yellow,947046,6,H,3000,Japan,23417,Faulua,Makisi,2,5540
1517,4617.539224741,4626.756658767,Kanji Shimokawa (Japan),Scrum Attack,Green,947046,7,H,3000,Japan,30962,Kanji,Shimokawa,2,5540
1518,4617.539224741,4626.756658767,Amato Fakatava (Japan),Scrum Attack,Green,947046,8,H,3000,Japan,36500,Amato,Fakatava,2,5540
1519,4625.852177918,4630.852177918,Hayate Era (Japan),Ruck,Green,947046,2,H,3000,Japan,61955,Hayate,Era,2,5546
1520,4626.884420042,4636.094326865,Isoa Nasilasila (Fiji),Tackle,Green,947046,19,A,954,Fiji,32876,Isoa,Nasilasila,2,5552
1521,4627.146606496,4632.146606496,Kanji Shimokawa (Japan),Ruck,Green,947046,7,H,3000,Japan,30962,Kanji,Shimokawa,2,5552
1522,4629.152874165,4634.152874165,Amato Fakatava (Japan),Carry,Red,947046,8,H,3000,Japan,36500,Amato,Fakatava,2,5552
1523,4629.271210574,4634.271210574,Elia Canakaivata (Fiji),Tackle,Green,947046,7,A,954,Fiji,34647,Elia,Canakaivata,2,5552
1524,4629.535668934241,4649.495768983664,Sam Wye (Fiji),Linebreak Defence,Gold,947046,21,A,954,Fiji,39130,Sam,Wye,2,5552
1525,4629.729015865,4634.729015865,Jack Cornelsen (Japan),Ruck,Red,947046,4,H,3000,Japan,23697,Jack,Cornelsen,2,5552
1526,4636.653704305,4641.653704305,Hayate Era (Japan),Ruck,Yellow,947046,2,H,3000,Japan,61955,Hayate,Era,2,5225
1527,4636.653704305,4641.653704305,Warner Dearns (Japan),Ruck,Yellow,947046,5,H,3000,Japan,40399,Warner,Dearns,2,5225
1528,4683.354671201814,4688.354671201814,Kalaveti Ravouvou (Fiji),Kick Chase,Red,947046,13,A,954,Fiji,40515,Kalaveti,Ravouvou,2,5646
1529,4686.984739037,4691.984739037,Hayate Era (Japan),Ruck,Green,947046,2,H,3000,Japan,61955,Hayate,Era,2,5647
1530,4688.016017698,4693.016017698,Kanji Shimokawa (Japan),Ruck,Green,947046,7,H,3000,Japan,30962,Kanji,Shimokawa,2,5647
1531,4688.810344707,4693.810344707,Jack Cornelsen (Japan),Ruck,Red,947046,4,H,3000,Japan,23697,Jack,Cornelsen,2,5647
1532,4823.499366436,4837.952259786,Kenta Kobayashi (Japan),Scrum Attack,Green,947046,1,H,3000,Japan,34481,Kenta,Kobayashi,2,5712
1533,4823.499366436,4837.952259786,Kenta Kobayashi (Japan),Scrum Attack,Yellow,947046,1,H,3000,Japan,34481,Kenta,Kobayashi,2,5712
1534,4823.499366436,4837.952259786,Hayate Era (Japan),Scrum Attack,Yellow,947046,2,H,3000,Japan,61955,Hayate,Era,2,5712
1535,4823.499366436,4837.952259786,Shuhei Takeuchi (Japan),Scrum Attack,Green,947046,3,H,3000,Japan,37874,Shuhei,Takeuchi,2,5712
1536,4823.499366436,4837.952259786,Jack Cornelsen (Japan),Scrum Attack,Green,947046,4,H,3000,Japan,23697,Jack,Cornelsen,2,5712
1537,4823.499366436,4837.952259786,Warner Dearns (Japan),Scrum Attack,Green,947046,5,H,3000,Japan,40399,Warner,Dearns,2,5712
1538,4823.499366436,4837.952259786,Faulua Makisi (Japan),Scrum Attack,Yellow,947046,6,H,3000,Japan,23417,Faulua,Makisi,2,5712
1539,4823.499366436,4837.952259786,Kanji Shimokawa (Japan),Scrum Attack,Green,947046,7,H,3000,Japan,30962,Kanji,Shimokawa,2,5712
1540,4823.499366436,4837.952259786,Amato Fakatava (Japan),Scrum Attack,Green,947046,8,H,3000,Japan,36500,Amato,Fakatava,2,5712
1541,4824.760092528,4839.065364796,Eroni Mawi (Fiji),Scrum Defence,Red,947046,1,A,954,Fiji,29306,Eroni,Mawi,2,5721
1542,4824.760092528,4839.065364796,Tevita Ikanivere (Fiji),Scrum Defence,Red,947046,2,A,954,Fiji,34455,Tevita,Ikanivere,2,5721
1543,4824.760092528,4839.065364796,Mesake Vocevoce (Fiji),Scrum Defence,Red,947046,4,A,954,Fiji,59793,Mesake,Vocevoce,2,5721
1544,4824.760092528,4839.065364796,Etonia Waqa (Fiji),Scrum Defence,Red,947046,6,A,954,Fiji,34464,Etonia,Waqa,2,5721
1545,4830.1611111111115,4835.1611111111115,Elia Canakaivata (Fiji),Scrum Defence,Green,947046,7,A,954,Fiji,34647,Elia,Canakaivata,2,5727
1546,4831.152675736961,4836.152675736961,Mesake Doge (Fiji),Phase Defence,Red,947046,3,A,954,Fiji,20730,Mesake,Doge,2,5727
1547,4831.287218658998,4838.797369433,Ponipate Loganimasi (Fiji),Tackle,Red,947046,15,A,954,Fiji,58879,Ponipate,Loganimasi,2,5727
1548,4833.792077253,4838.792077253,Isoa Nasilasila (Fiji),Scrum Defence,Red,947046,19,A,954,Fiji,32876,Isoa,Nasilasila,2,5730
1549,4833.824429234,4838.824429234,Mesake Doge (Fiji),Scrum Defence,Green,947046,3,A,954,Fiji,20730,Mesake,Doge,2,5730
1550,4837.026469856,4842.026469856,Yuya Hirose (Japan),Ruck,Green,947046,13,H,3000,Japan,61922,Yuya,Hirose,2,5732
1551,4838.577540458,4843.577540458,Haruto Kida (Japan),Carry,Green,947046,11,H,3000,Japan,34476,Haruto,Kida,2,5735
1552,4839.268509789,4844.268509789,Kanji Shimokawa (Japan),Ruck,Green,947046,7,H,3000,Japan,30962,Kanji,Shimokawa,2,5735
1553,4839.392309979333,4845.520575913,Isoa Nasilasila (Fiji),Tackle,Green,947046,19,A,954,Fiji,32876,Isoa,Nasilasila,2,5736
1554,4839.4428798185945,4845.398311195331,Tevita Ikanivere (Fiji),Tackle,Green,947046,2,A,954,Fiji,34455,Tevita,Ikanivere,2,5736
1555,4844.226010132,4849.226010132,Etonia Waqa (Fiji),Tackle,Green,947046,6,A,954,Fiji,34464,Etonia,Waqa,2,5742
1556,4844.886919551,4849.886919551,Jack Cornelsen (Japan),Ruck,Green,947046,4,H,3000,Japan,23697,Jack,Cornelsen,2,5742
1557,4844.886919551,4849.886919551,Warner Dearns (Japan),Ruck,Green,947046,5,H,3000,Japan,40399,Warner,Dearns,2,5742
1558,4844.886919551,4849.886919551,Amato Fakatava (Japan),Carry,Green,947046,8,H,3000,Japan,36500,Amato,Fakatava,2,5742
1559,4851.451394468,4856.451394468,Kenta Kobayashi (Japan),Ruck,Red,947046,1,H,3000,Japan,34481,Kenta,Kobayashi,2,5747
1560,4851.451394468,4856.451394468,Shuhei Takeuchi (Japan),Ruck,Red,947046,3,H,3000,Japan,37874,Shuhei,Takeuchi,2,5747
1561,5038.4887953163325,5048.763164046,Taniela Rakuro (Fiji),Tackle,Red,947046,11,A,954,Fiji,58917,Taniela,Rakuro,2,6055
1562,5041.252950536,5046.252950536,Kenta Kobayashi (Japan),Ruck,Green,947046,1,H,3000,Japan,34481,Kenta,Kobayashi,2,6058
1563,5041.252950536,5046.252950536,Hayate Era (Japan),Ruck,Green,947046,2,H,3000,Japan,61955,Hayate,Era,2,6058
1564,5046.142151326,5051.142151326,Jack Cornelsen (Japan),Carry,Red,947046,4,H,3000,Japan,23697,Jack,Cornelsen,2,6100
1565,5143.097057255998,5166.500972835,Tevita Ikanivere (Fiji),Lineout Defence,Green,947046,2,A,954,Fiji,34455,Tevita,Ikanivere,2,6220
1566,5143.597911797,5166.500972835,Mesake Doge (Fiji),Lineout Defence,Green,947046,3,A,954,Fiji,20730,Mesake,Doge,2,6220
1567,5144.8003617573295,5166.500972835,Mesake Vocevoce (Fiji),Lineout Defence,Green,947046,4,A,954,Fiji,59793,Mesake,Vocevoce,2,6220
1568,5145.398198437663,5166.500972835,Isoa Nasilasila (Fiji),Lineout Defence,Green,947046,19,A,954,Fiji,32876,Isoa,Nasilasila,2,6220
1569,5146.699878349997,5166.500972835,Etonia Waqa (Fiji),Lineout Defence,Green,947046,6,A,954,Fiji,34464,Etonia,Waqa,2,6220
1570,5149.021075539,5164.665748205,Kenta Kobayashi (Japan),Lineout Attack,Green,947046,1,H,3000,Japan,34481,Kenta,Kobayashi,2,6220
1571,5149.021075539,5164.665748205,Hayate Era (Japan),Lineout Attack,Green,947046,2,H,3000,Japan,61955,Hayate,Era,2,6220
1572,5149.021075539,5164.665748205,Shuhei Takeuchi (Japan),Lineout Attack,Yellow,947046,3,H,3000,Japan,37874,Shuhei,Takeuchi,2,6220
1573,5149.021075539,5164.665748205,Jack Cornelsen (Japan),Lineout Attack,Yellow,947046,4,H,3000,Japan,23697,Jack,Cornelsen,2,6220
1574,5149.021075539,5164.665748205,Warner Dearns (Japan),Lineout Attack,Green,947046,5,H,3000,Japan,40399,Warner,Dearns,2,6220
1575,5149.021075539,5164.665748205,Kanji Shimokawa (Japan),Lineout Attack,Green,947046,7,H,3000,Japan,30962,Kanji,Shimokawa,2,6220
1576,5158.289726643667,5165.234773448,Tevita Ikanivere (Fiji),Phase Defence,Red,947046,2,A,954,Fiji,34455,Tevita,Ikanivere,2,6230
1577,5160.234773448,5165.234773448,Tevita Ikanivere (Fiji),Tackle,Green,947046,2,A,954,Fiji,34455,Tevita,Ikanivere,2,6233
1578,5161.788094436998,5171.035751662,Kemu Valetini (Fiji),Tackle,Green,947046,22,A,954,Fiji,32283,Kemu,Valetini,2,6234
1579,5164.691878231,5169.691878231,Faulua Makisi (Japan),Carry,Red,947046,6,H,3000,Japan,23417,Faulua,Makisi,2,6237
1580,5165.025551596,5170.025551596,Shogo Nakano (Japan),Ruck,Yellow,947046,22,H,3000,Japan,36750,Shogo,Nakano,2,6237
1581,5165.290902695,5172.349274927,Joji Nasova (Fiji),Tackle,Green,947046,14,A,954,Fiji,62542,Joji,Nasova,2,6237
1582,5166.00433336,5171.00433336,Amato Fakatava (Japan),Ruck,Green,947046,8,H,3000,Japan,36500,Amato,Fakatava,2,6236
1583,5167.928772198,5172.928772198,Elia Canakaivata (Fiji),Tackle,Green,947046,7,A,954,Fiji,34647,Elia,Canakaivata,2,6240
1584,5168.988651418,5173.988651418,Haruto Kida (Japan),Ruck,Green,947046,11,H,3000,Japan,34476,Haruto,Kida,2,6241
1585,5169.704450037,5174.704450037,Ponipate Loganimasi (Fiji),Tackle,Green,947046,15,A,954,Fiji,58879,Ponipate,Loganimasi,2,6242
1586,5170.37089621,5175.37089621,Tomoki Osada (Japan),Ruck,Green,947046,14,H,3000,Japan,31059,Tomoki,Osada,2,6242
1587,5171.344723098,5176.344723098,Yuya Hirose (Japan),Carry,Green,947046,13,H,3000,Japan,61922,Yuya,Hirose,2,6242
1588,5172.331951961663,5180.101303044,Ponipate Loganimasi (Fiji),Jackler,Green,947046,15,A,954,Fiji,58879,Ponipate,Loganimasi,2,6245
1589,5175.881044016,5182.735697043,Hayate Era (Japan),Ruck,Green,947046,2,H,3000,Japan,61955,Hayate,Era,2,6248
1590,5175.881044016,5182.735697043,Haruto Kida (Japan),Ruck,Green,947046,11,H,3000,Japan,34476,Haruto,Kida,2,6248
1591,5177.236022204,5182.735697043,Kanji Shimokawa (Japan),Ruck,Green,947046,7,H,3000,Japan,30962,Kanji,Shimokawa,2,6249
1592,5178.217356947,5183.217356947,Yuki Ikeda (Japan),Carry,Green,947046,23,H,3000,Japan,32520,Yuki,Ikeda,2,6250
1593,5179.286560139665,5191.160334489,Mesake Doge (Fiji),Tackle,Red,947046,3,A,954,Fiji,20730,Mesake,Doge,2,6251
1594,5180.482231103,5188.838782617,Isoa Nasilasila (Fiji),Tackle,Yellow,947046,19,A,954,Fiji,32876,Isoa,Nasilasila,2,6253
1595,5182.19113497,5187.19113497,Kenta Kobayashi (Japan),Ruck,Green,947046,1,H,3000,Japan,34481,Kenta,Kobayashi,2,6254
1596,5182.19113497,5187.19113497,Shuhei Takeuchi (Japan),Ruck,Green,947046,3,H,3000,Japan,37874,Shuhei,Takeuchi,2,6254
1597,5185.260956938,5190.260956938,Warner Dearns (Japan),Carry,Red,947046,5,H,3000,Japan,40399,Warner,Dearns,2,6256
1598,5382.093186201,5387.093186201,Shuhei Takeuchi (Japan),Ruck,Green,947046,3,H,3000,Japan,37874,Shuhei,Takeuchi,2,6448
1599,5382.407619047619,5387.407619047619,Taniela Rakuro (Fiji),Tackle,Green,947046,11,A,954,Fiji,58917,Taniela,Rakuro,2,6448
1600,5384.399387556334,5393.498776407333,Etonia Waqa (Fiji),Tackle,Yellow,947046,6,A,954,Fiji,34464,Etonia,Waqa,2,6450
1601,5386.112888107,5391.112888107,Haruto Kida (Japan),Ruck,Green,947046,11,H,3000,Japan,34476,Haruto,Kida,2,6452
1602,5386.200499998,5391.200499998,Kenta Kobayashi (Japan),Ruck,Green,947046,1,H,3000,Japan,34481,Kenta,Kobayashi,2,6452
1603,5387.36310118,5392.36310118,Jack Cornelsen (Japan),Carry,Green,947046,4,H,3000,Japan,23697,Jack,Cornelsen,2,6452
1604,5387.637395069,5392.637395069,Warner Dearns (Japan),Carry,Red,947046,5,H,3000,Japan,40399,Warner,Dearns,2,6452
1605,5394.842384698,5402.212320324,Hayate Era (Japan),Ruck,Green,947046,2,H,3000,Japan,61955,Hayate,Era,2,6457
1606,5394.842384698,5402.212320324,Shuhei Takeuchi (Japan),Ruck,Green,947046,3,H,3000,Japan,37874,Shuhei,Takeuchi,2,6457
1607,5394.842384698,5402.212320324,Akito Okui (Japan),Ruck,Green,947046,20,H,3000,Japan,61966,Akito,Okui,2,6457
1608,5396.893356382,5401.893356382,Amato Fakatava (Japan),Carry,Green,947046,8,H,3000,Japan,36500,Amato,Fakatava,2,6457
1609,5412.75514739229,5434.020463576,Samu Tawake (Fiji),Lineout Attack,Green,947046,18,A,954,Fiji,21899,Samu,Tawake,2,6525
1610,5413.715553521,5434.020463576,Mesake Vocevoce (Fiji),Lineout Attack,Green,947046,4,A,954,Fiji,59793,Mesake,Vocevoce,2,6525
1611,5426.949074027,5431.949074027,Akito Okui (Japan),Tackle,Green,947046,20,H,3000,Japan,61966,Akito,Okui,2,6530
1612,5426.969520972,5431.969520972,Etonia Waqa (Fiji),Lineout Attack,Yellow,947046,6,A,954,Fiji,34464,Etonia,Waqa,2,6530
1613,5426.969520972,5431.969520972,Isoa Nasilasila (Fiji),Lineout Attack,Yellow,947046,19,A,954,Fiji,32876,Isoa,Nasilasila,2,6530
1614,5427.310603409,5432.310603409,Kenta Kobayashi (Japan),Lineout Defence,Green,947046,1,H,3000,Japan,34481,Kenta,Kobayashi,2,6530
1615,5427.310603409,5432.310603409,Shuhei Takeuchi (Japan),Lineout Defence,Green,947046,3,H,3000,Japan,37874,Shuhei,Takeuchi,2,6530
1616,5427.310603409,5432.310603409,Jack Cornelsen (Japan),Lineout Defence,Green,947046,4,H,3000,Japan,23697,Jack,Cornelsen,2,6530
1617,5427.310603409,5432.310603409,Warner Dearns (Japan),Lineout Defence,Yellow,947046,5,H,3000,Japan,40399,Warner,Dearns,2,6530
1618,5428.568427356,5436.459146836,Seungsin Lee (Japan),Jackler,Green,947046,10,H,3000,Japan,37841,Seungsin,Lee,2,6533
1619,5430.495399746,5439.037630536,Elia Canakaivata (Fiji),Ruck,Red,947046,7,A,954,Fiji,34647,Elia,Canakaivata,2,6536
1620,5433.498373342665,5434.701589098,Kemu Valetini (Fiji),Ruck,Red,947046,22,A,954,Fiji,32283,Kemu,Valetini,2,6538
1621,5435.24847572,5440.24847572,Viliame Mata (Fiji),Carry,Red,947046,8,A,954,Fiji,24151,Viliame,Mata,2,6544
1622,5605.983971175492,5620.593215672,Kenta Kobayashi (Japan),Scrum Attack,Green,947046,1,H,3000,Japan,34481,Kenta,Kobayashi,2,6627
1623,5605.983971175492,5620.593215672,Hayate Era (Japan),Scrum Attack,Green,947046,2,H,3000,Japan,61955,Hayate,Era,2,6627
1624,5605.983971175492,5620.593215672,Shuhei Takeuchi (Japan),Scrum Attack,Green,947046,3,H,3000,Japan,37874,Shuhei,Takeuchi,2,6627
1625,5605.983971175492,5620.593215672,Jack Cornelsen (Japan),Scrum Attack,Green,947046,4,H,3000,Japan,23697,Jack,Cornelsen,2,6627
1626,5605.983971175492,5620.593215672,Warner Dearns (Japan),Scrum Attack,Green,947046,5,H,3000,Japan,40399,Warner,Dearns,2,6627
1627,5605.983971175492,5620.593215672,Faulua Makisi (Japan),Scrum Attack,Green,947046,6,H,3000,Japan,23417,Faulua,Makisi,2,6627
1628,5605.983971175492,5620.593215672,Amato Fakatava (Japan),Scrum Attack,Green,947046,8,H,3000,Japan,36500,Amato,Fakatava,2,6627
1629,5605.983971175492,5620.593215672,Akito Okui (Japan),Scrum Attack,Green,947046,20,H,3000,Japan,61966,Akito,Okui,2,6627
1630,5611.986394557823,5639.401879243998,Tevita Ikanivere (Fiji),Linebreak Defence,Gold,947046,2,A,954,Fiji,34455,Tevita,Ikanivere,2,6635
1631,5614.585102040816,5624.197377633998,Etonia Waqa (Fiji),Tackle,Green,947046,6,A,954,Fiji,34464,Etonia,Waqa,2,6639
1632,5615.809376206,5620.809376206,Sam Wye (Fiji),Tackle,Green,947046,21,A,954,Fiji,39130,Sam,Wye,2,6639
1633,5618.704954734,5623.704954734,Akito Okui (Japan),Ruck,Green,947046,20,H,3000,Japan,61966,Akito,Okui,2,6642
1634,5619.253736465,5624.253736465,Shogo Nakano (Japan),Ruck,Green,947046,22,H,3000,Japan,36750,Shogo,Nakano,2,6642
1635,5619.64557933,5624.64557933,Yuki Ikeda (Japan),Carry,Green,947046,23,H,3000,Japan,32520,Yuki,Ikeda,2,6644
1636,5621.064406676,5632.807742271,Kenta Kobayashi (Japan),Kick Chase,Green,947046,1,H,3000,Japan,34481,Kenta,Kobayashi,2,6644
1637,5621.064406676,5632.807742271,Hayate Era (Japan),Kick Chase,Green,947046,2,H,3000,Japan,61955,Hayate,Era,2,6644
1638,5621.064406676,5632.807742271,Shuhei Takeuchi (Japan),Kick Chase,Green,947046,3,H,3000,Japan,37874,Shuhei,Takeuchi,2,6644
1639,5621.064406676,5632.807742271,Jack Cornelsen (Japan),Kick Chase,Green,947046,4,H,3000,Japan,23697,Jack,Cornelsen,2,6644
1640,5621.064406676,5632.807742271,Warner Dearns (Japan),Kick Chase,Green,947046,5,H,3000,Japan,40399,Warner,Dearns,2,6644
1641,5621.064406676,5632.807742271,Faulua Makisi (Japan),Kick Chase,Green,947046,6,H,3000,Japan,23417,Faulua,Makisi,2,6644
1642,5621.064406676,5632.807742271,Amato Fakatava (Japan),Kick Chase,Red,947046,8,H,3000,Japan,36500,Amato,Fakatava,2,6644
1643,5621.064406676,5632.807742271,Haruto Kida (Japan),Kick Chase,Green,947046,11,H,3000,Japan,34476,Haruto,Kida,2,6644
1644,5621.064406676,5632.807742271,Yuya Hirose (Japan),Kick Chase,Green,947046,13,H,3000,Japan,61922,Yuya,Hirose,2,6644
1645,5621.064406676,5632.807742271,Tomoki Osada (Japan),Kick Chase,Green,947046,14,H,3000,Japan,31059,Tomoki,Osada,2,6644
1646,5621.064406676,5632.807742271,Akito Okui (Japan),Kick Chase,Green,947046,20,H,3000,Japan,61966,Akito,Okui,2,6644
1647,5621.064406676,5632.807742271,Kenta Fukuda (Japan),Kick Chase,Green,947046,21,H,3000,Japan,36475,Kenta,Fukuda,2,6644
1648,5621.064406676,5632.807742271,Shogo Nakano (Japan),Kick Chase,Green,947046,22,H,3000,Japan,36750,Shogo,Nakano,2,6644
1649,5621.449194644,5639.119561131,Tevita Ikanivere (Fiji),Kick Retreat,Green,947046,2,A,954,Fiji,34455,Tevita,Ikanivere,2,6644
1650,5621.449194644,5639.119561131,Mesake Vocevoce (Fiji),Kick Retreat,Green,947046,4,A,954,Fiji,59793,Mesake,Vocevoce,2,6644
1651,5621.449194644,5639.119561131,Etonia Waqa (Fiji),Kick Retreat,Green,947046,6,A,954,Fiji,34464,Etonia,Waqa,2,6644
1652,5621.449194644,5639.119561131,Isoa Nasilasila (Fiji),Kick Retreat,Green,947046,19,A,954,Fiji,32876,Isoa,Nasilasila,2,6644
1653,5621.449194644,5639.119561131,Samu Tawake (Fiji),Kick Retreat,Green,947046,18,A,954,Fiji,21899,Samu,Tawake,2,6644
1654,5621.449194644,5639.119561131,Zuriel Togiatama (Fiji),Kick Retreat,Green,947046,16,A,954,Fiji,34982,Zuriel,Togiatama,2,6644
1655,5621.987947579,5639.119561131,Sam Wye (Fiji),Kick Retreat,Green,947046,21,A,954,Fiji,39130,Sam,Wye,2,6646
1656,5621.987947579,5639.119561131,Caleb Muntz (Fiji),Kick Retreat,Green,947046,10,A,954,Fiji,30799,Caleb,Muntz,2,6646
1657,5621.987947579,5639.119561131,Taniela Rakuro (Fiji),Kick Retreat,Green,947046,11,A,954,Fiji,58917,Taniela,Rakuro,2,6646
1658,5621.987947579,5639.119561131,Kemu Valetini (Fiji),Kick Retreat,Green,947046,22,A,954,Fiji,32283,Kemu,Valetini,2,6646
1659,5621.987947579,5639.119561131,Kalaveti Ravouvou (Fiji),Kick Retreat,Green,947046,13,A,954,Fiji,40515,Kalaveti,Ravouvou,2,6646
1660,5621.987947579,5639.119561131,Joji Nasova (Fiji),Kick Retreat,Green,947046,14,A,954,Fiji,62542,Joji,Nasova,2,6646
1661,5621.987947579,5639.119561131,Ponipate Loganimasi (Fiji),Kick Retreat,Green,947046,15,A,954,Fiji,58879,Ponipate,Loganimasi,2,6646
1662,5624.509047619048,5631.899022392665,Viliame Mata (Fiji),Kick Retreat ,Red,947046,8,A,954,Fiji,24151,Viliame,Mata,2,6648
1663,5627.334768191,5632.334768191,Yuya Hirose (Japan),Tackle,Green,947046,13,H,3000,Japan,61922,Yuya,Hirose,2,6650
1664,5635.950687723,5640.950687723,Jack Cornelsen (Japan),Charge Down,Green,947046,4,H,3000,Japan,23697,Jack,Cornelsen,2,6700
1665,5665.618446522,5681.591729374,Kenta Kobayashi (Japan),Lineout Attack,Yellow,947046,1,H,3000,Japan,34481,Kenta,Kobayashi,2,6729
1666,5665.618446522,5681.591729374,Hayate Era (Japan),Lineout Attack,Green,947046,2,H,3000,Japan,61955,Hayate,Era,2,6729
1667,5665.618446522,5681.591729374,Shuhei Takeuchi (Japan),Lineout Attack,Green,947046,3,H,3000,Japan,37874,Shuhei,Takeuchi,2,6729
1668,5665.618446522,5681.591729374,Jack Cornelsen (Japan),Lineout Attack,Yellow,947046,4,H,3000,Japan,23697,Jack,Cornelsen,2,6729
1669,5665.618446522,5681.591729374,Warner Dearns (Japan),Lineout Attack,Green,947046,5,H,3000,Japan,40399,Warner,Dearns,2,6729
1670,5665.618446522,5681.591729374,Faulua Makisi (Japan),Lineout Attack,Yellow,947046,6,H,3000,Japan,23417,Faulua,Makisi,2,6729
1671,5667.818458049886,5685.100007989336,Tevita Ikanivere (Fiji),Lineout Defence,Green,947046,2,A,954,Fiji,34455,Tevita,Ikanivere,2,6731
1672,5667.818458049886,5685.100007989336,Mesake Vocevoce (Fiji),Lineout Defence,Green,947046,4,A,954,Fiji,59793,Mesake,Vocevoce,2,6731
1673,5667.818458049886,5685.100007989336,Isoa Nasilasila (Fiji),Lineout Defence,Green,947046,19,A,954,Fiji,32876,Isoa,Nasilasila,2,6731
1674,5667.818458049886,5685.100007989336,Samu Tawake (Fiji),Lineout Defence,Green,947046,18,A,954,Fiji,21899,Samu,Tawake,2,6731
1675,5667.818458049886,5685.100007989336,Zuriel Togiatama (Fiji),Lineout Defence,Green,947046,16,A,954,Fiji,34982,Zuriel,Togiatama,2,6731
1676,5672.55731317,5682.996805349666,Etonia Waqa (Fiji),Lineout Defence,Yellow,947046,6,A,954,Fiji,34464,Etonia,Waqa,2,6735
1677,5681.785974045662,5689.155311584,Viliame Mata (Fiji),Tackle,Green,947046,8,A,954,Fiji,24151,Viliame,Mata,2,6745
1678,5683.38435789,5688.38435789,Akito Okui (Japan),Ruck,Green,947046,20,H,3000,Japan,61966,Akito,Okui,2,6748
1679,5683.654352849,5688.654352849,Tomoki Osada (Japan),Carry,Red,947046,14,H,3000,Japan,31059,Tomoki,Osada,2,6748
1680,5685.682858534667,5692.398145715668,Zuriel Togiatama (Fiji),Tackle,Green,947046,16,A,954,Fiji,34982,Zuriel,Togiatama,2,6747
1681,5686.371533915,5691.371533915,Amato Fakatava (Japan),Ruck,Red,947046,8,H,3000,Japan,36500,Amato,Fakatava,2,6750
1682,5687.486771035666,5697.713110321,Mesake Vocevoce (Fiji),Tackle,Green,947046,4,A,954,Fiji,59793,Mesake,Vocevoce,2,6751
1683,5690.335366508,5695.335366508,Shuhei Takeuchi (Japan),Ruck,Green,947046,3,H,3000,Japan,37874,Shuhei,Takeuchi,2,6753
1684,5692.188161682,5697.188161682,Hayate Era (Japan),Ruck,Green,947046,2,H,3000,Japan,61955,Hayate,Era,2,6756
1685,5694.148163265306,5699.148163265306,Kemu Valetini (Fiji),Phase Defence,Red,947046,22,A,954,Fiji,32283,Kemu,Valetini,2,6758
1686,5694.192578736,5699.192578736,Mesake Vocevoce (Fiji),Phase Defence,Red,947046,4,A,954,Fiji,59793,Mesake,Vocevoce,2,6758
1687,5696.041511319,5701.041511319,Warner Dearns (Japan),Carry,Yellow,947046,5,H,3000,Japan,40399,Warner,Dearns,2,6759
1688,5697.907303936,5702.907303936,Yuya Hirose (Japan),Ruck,Yellow,947046,13,H,3000,Japan,61922,Yuya,Hirose,2,6801
1689,5698.2561819,5703.2561819,Jack Cornelsen (Japan),Ruck,Red,947046,4,H,3000,Japan,23697,Jack,Cornelsen,2,6801
1690,5698.443216657,5703.443216657,Yuki Ikeda (Japan),Carry,Green,947046,23,H,3000,Japan,32520,Yuki,Ikeda,2,6801
1691,5699.298844062996,5706.0464263,Tevita Ikanivere (Fiji),Tackle,Red,947046,2,A,954,Fiji,34455,Tevita,Ikanivere,2,6803
1692,5701.0464263,5706.0464263,Samu Tawake (Fiji),Tackle,Red,947046,18,A,954,Fiji,21899,Samu,Tawake,2,6805
1693,5703.939415265,5708.939415265,Akito Okui (Japan),Carry,Green,947046,20,H,3000,Japan,61966,Akito,Okui,2,6807
1694,5704.826208953,5710.699967200844,Kenta Kobayashi (Japan),Ruck,Green,947046,1,H,3000,Japan,34481,Kenta,Kobayashi,2,6808
1695,5704.826208953,5710.699967200844,Shuhei Takeuchi (Japan),Ruck,Green,947046,3,H,3000,Japan,37874,Shuhei,Takeuchi,2,6808
1696,5707.412622799,5712.412622799,Kalaveti Ravouvou (Fiji),Tackle,Green,947046,13,A,954,Fiji,40515,Kalaveti,Ravouvou,2,6811
1697,5709.23218781,5718.699380354666,Kemu Valetini (Fiji),Jackler,Red,947046,22,A,954,Fiji,32283,Kemu,Valetini,2,6813
1698,5713.350697207,5718.350697207,Shogo Nakano (Japan),Ruck,Yellow,947046,22,H,3000,Japan,36750,Shogo,Nakano,2,6817
1699,5713.694517305,5718.694517305,Warner Dearns (Japan),Ruck,Red,947046,5,H,3000,Japan,40399,Warner,Dearns,2,6817
1700,5713.708263751,5718.708263751,Hayate Era (Japan),Carry,Green,947046,2,H,3000,Japan,61955,Hayate,Era,2,6817
1701,5716.386280952665,5722.753775236,Taniela Rakuro (Fiji),Tackle,Green,947046,11,A,954,Fiji,58917,Taniela,Rakuro,2,6815
1702,5719.022108843537,5724.022108843537,Mesake Vocevoce (Fiji),Tackle,Green,947046,4,A,954,Fiji,59793,Mesake,Vocevoce,2,6822
1703,5719.321950113379,5724.321950113379,Mesake Vocevoce (Fiji),Phase Defence,Red,947046,4,A,954,Fiji,59793,Mesake,Vocevoce,2,6822
1704,5719.321950113379,5724.321950113379,Etonia Waqa (Fiji),Phase Defence,Red,947046,6,A,954,Fiji,34464,Etonia,Waqa,2,6822
1705,5719.972670256,5727.965448002,Kalaveti Ravouvou (Fiji),Tackle,Red,947046,13,A,954,Fiji,40515,Kalaveti,Ravouvou,2,6824
1706,5724.130774104,5729.130774104,Amato Fakatava (Japan),Carry,Green,947046,8,H,3000,Japan,36500,Amato,Fakatava,2,6828
1707,5725.737976777,5730.737976777,Haruto Kida (Japan),Ruck,Green,947046,11,H,3000,Japan,34476,Haruto,Kida,2,6828
1708,5725.737976777,5730.737976777,Tomoki Osada (Japan),Ruck,Red,947046,14,H,3000,Japan,31059,Tomoki,Osada,2,6828
1709,5731.711844516,5736.711844516,Zuriel Togiatama (Fiji),Jackler,Yellow,947046,16,A,954,Fiji,34982,Zuriel,Togiatama,2,6834
1710,5734.389160842002,5742.098358623998,Taniela Rakuro (Fiji),Tackle,Green,947046,11,A,954,Fiji,58917,Taniela,Rakuro,2,6838
1711,5735.407714809,5740.775774414,Hayate Era (Japan),Ruck,Green,947046,2,H,3000,Japan,61955,Hayate,Era,2,6839
1712,5735.407714809,5740.775774414,Akito Okui (Japan),Ruck,Green,947046,20,H,3000,Japan,61966,Akito,Okui,2,6839
1713,5736.881927437642,5741.881927437642,Isoa Nasilasila (Fiji),Tackle,Green,947046,19,A,954,Fiji,32876,Isoa,Nasilasila,2,6841
1714,5737.086519455331,5745.554071654,Sam Wye (Fiji),Tackle,Green,947046,21,A,954,Fiji,39130,Sam,Wye,2,6841
1715,5738.164940316,5743.164940316,Shuhei Takeuchi (Japan),Carry,Green,947046,3,H,3000,Japan,37874,Shuhei,Takeuchi,2,6841
1716,5738.444126984127,5744.193809523809,Kalaveti Ravouvou (Fiji),Phase Defence,Red,947046,13,A,954,Fiji,40515,Kalaveti,Ravouvou,2,6841
1717,5738.444126984127,5744.193809523809,Samu Tawake (Fiji),Phase Defence,Red,947046,18,A,954,Fiji,21899,Samu,Tawake,2,6841
1718,5738.78897814433,5744.983855833,Mesake Vocevoce (Fiji),Jackler,Green,947046,4,A,954,Fiji,59793,Mesake,Vocevoce,2,6843
1719,5739.193809523809,5744.193809523809,Tevita Ikanivere (Fiji),Phase Defence,Red,947046,2,A,954,Fiji,34455,Tevita,Ikanivere,2,6843
1720,5739.193809523809,5744.193809523809,Mesake Vocevoce (Fiji),Phase Defence,Red,947046,4,A,954,Fiji,59793,Mesake,Vocevoce,2,6843
1721,5739.193809523809,5744.193809523809,Etonia Waqa (Fiji),Phase Defence,Red,947046,6,A,954,Fiji,34464,Etonia,Waqa,2,6843
1722,5740.752592558,5745.752592558,Haruto Kida (Japan),Carry,Green,947046,11,H,3000,Japan,34476,Haruto,Kida,2,6844
1723,5741.721521278,5746.721521278,Amato Fakatava (Japan),Ruck,Green,947046,8,H,3000,Japan,36500,Amato,Fakatava,2,6845
1724,5746.574288035,5751.574288035,Tomoki Osada (Japan),Carry,Red,947046,14,H,3000,Japan,31059,Tomoki,Osada,2,6850
1725,5746.59569707,5751.59569707,Kenta Fukuda (Japan),Ruck,Green,947046,21,H,3000,Japan,36475,Kenta,Fukuda,2,6850
1726,5747.007066257,5752.007066257,Amato Fakatava (Japan),Ruck,Red,947046,8,H,3000,Japan,36500,Amato,Fakatava,2,6850
1727,5750.495188173,5755.495188173,Akito Okui (Japan),Carry,Green,947046,20,H,3000,Japan,61966,Akito,Okui,2,6855
1728,5751.063018751,5756.063018751,Haruto Kida (Japan),Ruck,Red,947046,11,H,3000,Japan,34476,Haruto,Kida,2,6855
1729,5836.058344671202,5845.236745092,Isoa Nasilasila (Fiji),Lineout Attack,Green,947046,19,A,954,Fiji,32876,Isoa,Nasilasila,2,6944
1730,5836.976842403,5847.883284284,Kenta Kobayashi (Japan),Lineout Defence,Green,947046,1,H,3000,Japan,34481,Kenta,Kobayashi,2,6944
1731,5836.976842403,5847.883284284,Jack Cornelsen (Japan),Lineout Defence,Green,947046,4,H,3000,Japan,23697,Jack,Cornelsen,2,6944
1732,5836.976842403,5847.883284284,Warner Dearns (Japan),Lineout Defence,Green,947046,5,H,3000,Japan,40399,Warner,Dearns,2,6944
1733,5836.976842403,5847.883284284,Keijiro Tamefusa (Japan),Lineout Defence,Green,947046,18,H,3000,Japan,61929,Keijiro,Tamefusa,2,6944
1734,5837.398941272662,5845.236745092,Etonia Waqa (Fiji),Lineout Attack,Green,947046,6,A,954,Fiji,34464,Etonia,Waqa,2,6944
1735,5837.859691613,5845.236745092,Mesake Vocevoce (Fiji),Lineout Attack,Green,947046,4,A,954,Fiji,59793,Mesake,Vocevoce,2,6945
1736,5838.241994087,5845.236745092,Samu Tawake (Fiji),Lineout Attack,Green,947046,18,A,954,Fiji,21899,Samu,Tawake,2,6945
1737,5839.598113587331,5845.236745092,Tevita Ikanivere (Fiji),Lineout Attack,Green,947046,2,A,954,Fiji,34455,Tevita,Ikanivere,2,6947
1738,5840.185515283997,5846.493419312001,Isoa Nasilasila (Fiji),Carry,Green,947046,19,A,954,Fiji,32876,Isoa,Nasilasila,2,6948
1739,5843.399734136999,5851.142814253,Samu Tawake (Fiji),Ruck,Green,947046,18,A,954,Fiji,21899,Samu,Tawake,2,6951
1740,5844.795682958,5849.795682958,Kenta Kobayashi (Japan),Tackle,Green,947046,1,H,3000,Japan,34481,Kenta,Kobayashi,2,6951
1741,5846.827839531,5851.827839531,Zuriel Togiatama (Fiji),Ruck,Green,947046,16,A,954,Fiji,34982,Zuriel,Togiatama,2,6954
1742,5848.949784541,5853.949784541,Kenji Sato (Japan),Tackle,Green,947046,16,H,3000,Japan,61722,Kenji,Sato,2,6955
1743,5849.213132071,5854.213132071,Amato Fakatava (Japan),Phase Defence,Red,947046,8,H,3000,Japan,36500,Amato,Fakatava,2,6957
1744,5849.470108849,5854.470108849,Amato Fakatava (Japan),Tackle,Green,947046,8,H,3000,Japan,36500,Amato,Fakatava,2,6957
1745,5851.889069983334,5859.875830406,Mesake Vocevoce (Fiji),Ruck,Red,947046,4,A,954,Fiji,59793,Mesake,Vocevoce,2,6959
1746,5855.096212507,5860.096212507,Kitione Salawa (Fiji),Ruck,Green,947046,20,A,954,Fiji,35673,Kitione,Salawa,2,7003
1747,5855.230916193,5860.230916193,Tevita Ikanivere (Fiji),Carry,Green,947046,2,A,954,Fiji,34455,Tevita,Ikanivere,2,7003
1748,5855.697562386,5860.697562386,Keijiro Tamefusa (Japan),Tackle,Green,947046,18,H,3000,Japan,61929,Keijiro,Tamefusa,2,7003
1749,5856.998884213998,5863.198617684998,Samu Tawake (Fiji),Ruck,Green,947046,18,A,954,Fiji,21899,Samu,Tawake,2,7005
1750,5857.578035076,5865.79187891,Kemu Valetini (Fiji),Ruck,Red,947046,22,A,954,Fiji,32283,Kemu,Valetini,2,7005
1751,5858.4668638608555,5869.372474848344,Faulua Makisi (Japan),Tackle,Yellow,947046,6,H,3000,Japan,23417,Faulua,Makisi,2,7005
1752,5860.976145124717,5861.823187598,Zuriel Togiatama (Fiji),Carry,Green,947046,16,A,954,Fiji,34982,Zuriel,Togiatama,2,7008
1753,5864.500729809,5891.697849570662,Akito Okui (Japan),Jackler,Gold,947046,20,H,3000,Japan,61966,Akito,Okui,2,7010
1754,5866.962612068,5874.398628095335,Ponipate Loganimasi (Fiji),Ruck,Green,947046,15,A,954,Fiji,58879,Ponipate,Loganimasi,2,7014
1755,5869.697848417,5874.697848417,Seungsin Lee (Japan),Tackle,Green,947046,10,H,3000,Japan,37841,Seungsin,Lee,2,7017
1756,5871.396048023,5876.396048023,Etonia Waqa (Fiji),Ruck,Red,947046,6,A,954,Fiji,34464,Etonia,Waqa,2,7018
1757,5871.396048023,5876.396048023,Taniela Rakuro (Fiji),Carry,Red,947046,11,A,954,Fiji,58917,Taniela,Rakuro,2,7018
1758,5871.466610447,5876.466610447,Kenji Sato (Japan),Tackle,Green,947046,16,H,3000,Japan,61722,Kenji,Sato,2,7018
1759,5872.384987802664,5881.715233629,Mesake Vocevoce (Fiji),Ruck,Green,947046,4,A,954,Fiji,59793,Mesake,Vocevoce,2,7019
1760,5872.60197025,5877.60197025,Faulua Makisi (Japan),Phase Defence,Red,947046,6,H,3000,Japan,23417,Faulua,Makisi,2,7019
1761,5872.60197025,5877.60197025,Faulua Makisi (Japan),Tackle,Green,947046,6,H,3000,Japan,23417,Faulua,Makisi,2,7019
1762,5872.756604014,5877.756604014,Keijiro Tamefusa (Japan),Jackler,Green,947046,18,H,3000,Japan,61929,Keijiro,Tamefusa,2,7019
1763,5877.402586378,5882.402586378,Shogo Nakano (Japan),Tackle,Green,947046,22,H,3000,Japan,36750,Shogo,Nakano,2,7024
1764,5878.787900852999,5887.034524991,Kemu Valetini (Fiji),Ruck,Green,947046,22,A,954,Fiji,32283,Kemu,Valetini,2,7026
1765,5880.280910956,5885.280910956,Tevita Ikanivere (Fiji),Carry,Red,947046,2,A,954,Fiji,34455,Tevita,Ikanivere,2,7027
1766,5881.001921182,5886.001921182,Zuriel Togiatama (Fiji),Ruck,Red,947046,16,A,954,Fiji,34982,Zuriel,Togiatama,2,7027
1767,5882.056760249,5887.056760249,Akito Okui (Japan),Tackle,Green,947046,20,H,3000,Japan,61966,Akito,Okui,2,7030
1768,5883.682838189,5888.682838189,Samu Tawake (Fiji),Carry,Green,947046,18,A,954,Fiji,21899,Samu,Tawake,2,7030
1769,5883.915570895,5887.538175343,Isoa Nasilasila (Fiji),Ruck,Green,947046,19,A,954,Fiji,32876,Isoa,Nasilasila,2,7030
1770,5884.323161418,5889.323161418,Yuki Ikeda (Japan),Tackle,Green,947046,23,H,3000,Japan,32520,Yuki,Ikeda,2,7031
1771,5885.088647818334,5894.745433614,Ponipate Loganimasi (Fiji),Ruck,Red,947046,15,A,954,Fiji,58879,Ponipate,Loganimasi,2,7031
1772,5885.526009124,5895.916711856,Akito Okui (Japan),Jackler,Red,947046,20,H,3000,Japan,61966,Akito,Okui,2,7033
1773,5885.762993197279,5893.798590734333,Kitione Salawa (Fiji),Carry,Green,947046,20,A,954,Fiji,35673,Kitione,Salawa,2,7033
1774,5886.176805801,5892.697311327,Kalaveti Ravouvou (Fiji),Ruck,Green,947046,13,A,954,Fiji,40515,Kalaveti,Ravouvou,2,7033
1775,5891.991741483,5896.991741483,Amato Fakatava (Japan),Tackle,Green,947046,8,H,3000,Japan,36500,Amato,Fakatava,2,7039
1776,5894.667095071,5899.667095071,Keijiro Tamefusa (Japan),Tackle,Green,947046,18,H,3000,Japan,61929,Keijiro,Tamefusa,2,7043
1777,5936.607936507937,5950.380926474,Kenta Kobayashi (Japan),Lineout Attack,Green,947046,1,H,3000,Japan,34481,Kenta,Kobayashi,2,7124
1778,5936.607936507937,5950.380926474,Jack Cornelsen (Japan),Lineout Attack,Green,947046,4,H,3000,Japan,23697,Jack,Cornelsen,2,7124
1779,5936.607936507937,5950.380926474,Warner Dearns (Japan),Lineout Attack,Green,947046,5,H,3000,Japan,40399,Warner,Dearns,2,7124
1780,5936.607936507937,5950.380926474,Faulua Makisi (Japan),Lineout Attack,Green,947046,6,H,3000,Japan,23417,Faulua,Makisi,2,7124
1781,5936.607936507937,5950.380926474,Amato Fakatava (Japan),Lineout Attack,Green,947046,8,H,3000,Japan,36500,Amato,Fakatava,2,7124
1782,5936.607936507937,5950.380926474,Kenji Sato (Japan),Lineout Attack,Green,947046,16,H,3000,Japan,61722,Kenji,Sato,2,7124
1783,5936.607936507937,5950.380926474,Keijiro Tamefusa (Japan),Lineout Attack,Green,947046,18,H,3000,Japan,61929,Keijiro,Tamefusa,2,7124
1784,5936.607936507937,5950.380926474,Akito Okui (Japan),Lineout Attack,Green,947046,20,H,3000,Japan,61966,Akito,Okui,2,7124
1785,5936.998285613997,5952.300743799001,Tevita Ikanivere (Fiji),Lineout Defence,Red,947046,2,A,954,Fiji,34455,Tevita,Ikanivere,2,7124
1786,5937.226297031,5952.300743799001,Mesake Vocevoce (Fiji),Lineout Defence,Red,947046,4,A,954,Fiji,59793,Mesake,Vocevoce,2,7124
1787,5937.226297031,5952.300743799001,Etonia Waqa (Fiji),Lineout Defence,Red,947046,6,A,954,Fiji,34464,Etonia,Waqa,2,7124
1788,5937.226297031,5952.300743799001,Isoa Nasilasila (Fiji),Lineout Defence,Red,947046,19,A,954,Fiji,32876,Isoa,Nasilasila,2,7124
1789,5937.226297031,5952.300743799001,Samu Tawake (Fiji),Lineout Defence,Red,947046,18,A,954,Fiji,21899,Samu,Tawake,2,7124
1790,5946.5379138322,5951.5379138322,Kemu Valetini (Fiji),Tackle,Green,947046,22,A,954,Fiji,32283,Kemu,Valetini,2,7134
1791,5949.500782898,5954.500782898,Keijiro Tamefusa (Japan),Ruck,Green,947046,18,H,3000,Japan,61929,Keijiro,Tamefusa,2,7137
1792,5950.62583959,5955.62583959,Yuki Ikeda (Japan),Carry,Green,947046,23,H,3000,Japan,32520,Yuki,Ikeda,2,7137
1793,5951.52126202,5956.52126202,Tomoki Osada (Japan),Ruck,Yellow,947046,14,H,3000,Japan,31059,Tomoki,Osada,2,7137
1794,6026.84432781,6057.488432121,Kenta Kobayashi (Japan),Lineout Defence,Green,947046,1,H,3000,Japan,34481,Kenta,Kobayashi,2,7226
1795,6026.84432781,6057.488432121,Jack Cornelsen (Japan),Lineout Defence,Yellow,947046,4,H,3000,Japan,23697,Jack,Cornelsen,2,7226
1796,6026.84432781,6057.488432121,Warner Dearns (Japan),Lineout Defence,Yellow,947046,5,H,3000,Japan,40399,Warner,Dearns,2,7226
1797,6026.84432781,6057.488432121,Amato Fakatava (Japan),Lineout Defence,Yellow,947046,8,H,3000,Japan,36500,Amato,Fakatava,2,7226
1798,6026.84432781,6057.488432121,Keijiro Tamefusa (Japan),Lineout Defence,Green,947046,18,H,3000,Japan,61929,Keijiro,Tamefusa,2,7226
1799,6026.898853118999,6062.600469633333,Eroni Mawi (Fiji),Lineout Attack,Green,947046,1,A,954,Fiji,29306,Eroni,Mawi,2,7226
1800,6029.12128016,6062.600469633333,Etonia Waqa (Fiji),Lineout Attack,Green,947046,6,A,954,Fiji,34464,Etonia,Waqa,2,7226
1801,6029.12128016,6062.600469633333,Isoa Nasilasila (Fiji),Lineout Attack,Green,947046,19,A,954,Fiji,32876,Isoa,Nasilasila,2,7226
1802,6029.12128016,6062.600469633333,Samu Tawake (Fiji),Lineout Attack,Green,947046,18,A,954,Fiji,21899,Samu,Tawake,2,7226
1803,6033.113330512,6057.488432121,Kenji Sato (Japan),Lineout Defence,Green,947046,16,H,3000,Japan,61722,Kenji,Sato,2,7226
1804,6048.326326530612,6054.6988737813335,Zuriel Togiatama (Fiji),Lineout Attack,Red,947046,16,A,954,Fiji,34982,Zuriel,Togiatama,2,7249
1805,6053.703057308,6059.508842765,Mesake Vocevoce (Fiji),Lineout Attack,Red,947046,4,A,954,Fiji,59793,Mesake,Vocevoce,2,7252
1806,6053.999650705,6060.5980010523335,Elia Canakaivata (Fiji),Lineout Attack,Yellow,947046,7,A,954,Fiji,34647,Elia,Canakaivata,2,7252
1807,6056.077461653,6061.077461653,Kenta Kobayashi (Japan),Charge Down,Green,947046,1,H,3000,Japan,34481,Kenta,Kobayashi,2,7259
1808,6056.077461653,6068.908506698,Kenta Kobayashi (Japan),Kick Retreat,Green,947046,1,H,3000,Japan,34481,Kenta,Kobayashi,2,7259
1809,6056.077461653,6068.908506698,Jack Cornelsen (Japan),Kick Retreat,Green,947046,4,H,3000,Japan,23697,Jack,Cornelsen,2,7259
1810,6056.077461653,6068.908506698,Warner Dearns (Japan),Kick Retreat,Green,947046,5,H,3000,Japan,40399,Warner,Dearns,2,7259
1811,6056.077461653,6068.908506698,Faulua Makisi (Japan),Kick Retreat,Green,947046,6,H,3000,Japan,23417,Faulua,Makisi,2,7259
1812,6056.077461653,6068.908506698,Amato Fakatava (Japan),Kick Retreat,Green,947046,8,H,3000,Japan,36500,Amato,Fakatava,2,7259
1813,6056.077461653,6068.908506698,Seungsin Lee (Japan),Kick Retreat,Green,947046,10,H,3000,Japan,37841,Seungsin,Lee,2,7259
1814,6056.077461653,6068.908506698,Tomoki Osada (Japan),Kick Retreat,Green,947046,14,H,3000,Japan,31059,Tomoki,Osada,2,7259
1815,6056.077461653,6068.908506698,Kenji Sato (Japan),Kick Retreat,Green,947046,16,H,3000,Japan,61722,Kenji,Sato,2,7259
1816,6056.077461653,6068.908506698,Keijiro Tamefusa (Japan),Kick Retreat,Green,947046,18,H,3000,Japan,61929,Keijiro,Tamefusa,2,7259
1817,6056.077461653,6068.908506698,Akito Okui (Japan),Kick Retreat,Green,947046,20,H,3000,Japan,61966,Akito,Okui,2,7259
1818,6056.077461653,6068.908506698,Kenta Fukuda (Japan),Kick Retreat,Green,947046,21,H,3000,Japan,36475,Kenta,Fukuda,2,7259
1819,6056.077461653,6068.908506698,Shogo Nakano (Japan),Kick Retreat,Green,947046,22,H,3000,Japan,36750,Shogo,Nakano,2,7259
1820,6056.188305492334,6062.7017836879995,Isoa Nasilasila (Fiji),Ruck,Red,947046,19,A,954,Fiji,32876,Isoa,Nasilasila,2,7259
1821,6056.4485034013605,6068.284722209,Eroni Mawi (Fiji),Kick Chase,Green,947046,1,A,954,Fiji,29306,Eroni,Mawi,2,7259
1822,6056.4485034013605,6068.284722209,Mesake Vocevoce (Fiji),Kick Chase,Green,947046,4,A,954,Fiji,59793,Mesake,Vocevoce,2,7259
1823,6056.4485034013605,6068.284722209,Etonia Waqa (Fiji),Kick Chase,Green,947046,6,A,954,Fiji,34464,Etonia,Waqa,2,7259
1824,6056.4485034013605,6068.284722209,Elia Canakaivata (Fiji),Kick Chase,Green,947046,7,A,954,Fiji,34647,Elia,Canakaivata,2,7259
1825,6056.4485034013605,6068.284722209,Samu Tawake (Fiji),Kick Chase,Green,947046,18,A,954,Fiji,21899,Samu,Tawake,2,7259
1826,6056.4485034013605,6068.284722209,Zuriel Togiatama (Fiji),Kick Chase,Green,947046,16,A,954,Fiji,34982,Zuriel,Togiatama,2,7259
1827,6056.4485034013605,6068.284722209,Kitione Salawa (Fiji),Kick Chase,Green,947046,20,A,954,Fiji,35673,Kitione,Salawa,2,7259
1828,6056.498217483331,6068.284722209,Taniela Rakuro (Fiji),Kick Chase,Green,947046,11,A,954,Fiji,58917,Taniela,Rakuro,2,7259
1829,6057.197960808,6068.284722209,Kalaveti Ravouvou (Fiji),Kick Chase,Green,947046,13,A,954,Fiji,40515,Kalaveti,Ravouvou,2,7259
1830,6058.296299591667,6068.284722209,Joji Nasova (Fiji),Kick Chase,Green,947046,14,A,954,Fiji,62542,Joji,Nasova,2,7300
1831,6058.889208605999,6065.12006541,Kemu Valetini (Fiji),Ruck,Red,947046,22,A,954,Fiji,32283,Kemu,Valetini,2,7300
1832,6058.9507029478455,6066.398831174334,Isoa Nasilasila (Fiji),Kick Chase,Yellow,947046,19,A,954,Fiji,32876,Isoa,Nasilasila,2,7300
1833,6058.9507029478455,6067.195506812331,Kemu Valetini (Fiji),Kick Chase,Yellow,947046,22,A,954,Fiji,32283,Kemu,Valetini,2,7300
1834,6059.585028286,6064.585028286,Samu Tawake (Fiji),Ruck,Green,947046,18,A,954,Fiji,21899,Samu,Tawake,2,7300
1835,6059.750776622,6064.750776622,Akito Okui (Japan),Tackle,Green,947046,20,H,3000,Japan,61966,Akito,Okui,2,7300
1836,6061.490701008,6066.490701008,Kitione Salawa (Fiji),Carry,Green,947046,20,A,954,Fiji,35673,Kitione,Salawa,2,7300
1837,6063.509685954,6068.908506698,Yuki Ikeda (Japan),Kick Retreat,Green,947046,23,H,3000,Japan,32520,Yuki,Ikeda,2,7300
1838,6146.73410430839,6176.490645576,Elia Canakaivata (Fiji),Kick Retreat,Green,947046,7,A,954,Fiji,34647,Elia,Canakaivata,2,7402
1839,6146.73410430839,6176.490645576,Kitione Salawa (Fiji),Kick Retreat,Green,947046,20,A,954,Fiji,35673,Kitione,Salawa,2,7402
1840,6147.006625207,6162.154102296,Kenta Kobayashi (Japan),Scrum Attack,Green,947046,1,H,3000,Japan,34481,Kenta,Kobayashi,2,7402
1841,6147.006625207,6162.154102296,Jack Cornelsen (Japan),Scrum Attack,Green,947046,4,H,3000,Japan,23697,Jack,Cornelsen,2,7402
1842,6147.006625207,6162.154102296,Warner Dearns (Japan),Scrum Attack,Green,947046,5,H,3000,Japan,40399,Warner,Dearns,2,7402
1843,6147.006625207,6162.154102296,Faulua Makisi (Japan),Scrum Attack,Green,947046,6,H,3000,Japan,23417,Faulua,Makisi,2,7402
1844,6147.006625207,6162.154102296,Amato Fakatava (Japan),Scrum Attack,Green,947046,8,H,3000,Japan,36500,Amato,Fakatava,2,7402
1845,6147.006625207,6162.154102296,Kenji Sato (Japan),Scrum Attack,Green,947046,16,H,3000,Japan,61722,Kenji,Sato,2,7402
1846,6147.006625207,6162.154102296,Keijiro Tamefusa (Japan),Scrum Attack,Green,947046,18,H,3000,Japan,61929,Keijiro,Tamefusa,2,7402
1847,6147.006625207,6162.154102296,Akito Okui (Japan),Scrum Attack,Green,947046,20,H,3000,Japan,61966,Akito,Okui,2,7402
1848,6148.099436751999,6176.490645576,Caleb Muntz (Fiji),Kick Retreat,Green,947046,10,A,954,Fiji,30799,Caleb,Muntz,2,7402
1849,6148.992492879,6176.490645576,Kemu Valetini (Fiji),Kick Retreat,Green,947046,22,A,954,Fiji,32283,Kemu,Valetini,2,7402
1850,6148.992492879,6176.490645576,Kalaveti Ravouvou (Fiji),Kick Retreat,Green,947046,13,A,954,Fiji,40515,Kalaveti,Ravouvou,2,7402
1851,6148.992492879,6176.490645576,Joji Nasova (Fiji),Kick Retreat,Green,947046,14,A,954,Fiji,62542,Joji,Nasova,2,7402
1852,6150.700362811792,6161.703857279,Eroni Mawi (Fiji),Scrum Defence,Green,947046,1,A,954,Fiji,29306,Eroni,Mawi,2,7403
1853,6150.700362811792,6161.703857279,Elia Canakaivata (Fiji),Scrum Defence,Green,947046,7,A,954,Fiji,34647,Elia,Canakaivata,2,7403
1854,6150.700362811792,6161.703857279,Isoa Nasilasila (Fiji),Scrum Defence,Green,947046,19,A,954,Fiji,32876,Isoa,Nasilasila,2,7403
1855,6150.700362811792,6161.703857279,Samu Tawake (Fiji),Scrum Defence,Green,947046,18,A,954,Fiji,21899,Samu,Tawake,2,7403
1856,6150.700362811792,6161.703857279,Zuriel Togiatama (Fiji),Scrum Defence,Green,947046,16,A,954,Fiji,34982,Zuriel,Togiatama,2,7403
1857,6150.700362811792,6161.703857279,Kitione Salawa (Fiji),Scrum Defence,Green,947046,20,A,954,Fiji,35673,Kitione,Salawa,2,7403
1858,6151.764776224,6167.834301849,Kenta Kobayashi (Japan),Kick Chase,Green,947046,1,H,3000,Japan,34481,Kenta,Kobayashi,2,7407
1859,6151.764776224,6167.834301849,Jack Cornelsen (Japan),Kick Chase,Green,947046,4,H,3000,Japan,23697,Jack,Cornelsen,2,7407
1860,6151.764776224,6167.834301849,Warner Dearns (Japan),Kick Chase,Green,947046,5,H,3000,Japan,40399,Warner,Dearns,2,7407
1861,6151.764776224,6167.834301849,Faulua Makisi (Japan),Kick Chase,Green,947046,6,H,3000,Japan,23417,Faulua,Makisi,2,7407
1862,6151.764776224,6167.834301849,Amato Fakatava (Japan),Kick Chase,Green,947046,8,H,3000,Japan,36500,Amato,Fakatava,2,7407
1863,6151.764776224,6167.834301849,Haruto Kida (Japan),Kick Chase,Green,947046,11,H,3000,Japan,34476,Haruto,Kida,2,7407
1864,6151.764776224,6167.834301849,Tomoki Osada (Japan),Kick Chase,Green,947046,14,H,3000,Japan,31059,Tomoki,Osada,2,7407
1865,6151.764776224,6167.834301849,Kenji Sato (Japan),Kick Chase,Green,947046,16,H,3000,Japan,61722,Kenji,Sato,2,7407
1866,6151.764776224,6167.834301849,Keijiro Tamefusa (Japan),Kick Chase,Green,947046,18,H,3000,Japan,61929,Keijiro,Tamefusa,2,7407
1867,6151.764776224,6167.834301849,Akito Okui (Japan),Kick Chase,Green,947046,20,H,3000,Japan,61966,Akito,Okui,2,7407
1868,6151.764776224,6167.834301849,Shogo Nakano (Japan),Kick Chase,Green,947046,22,H,3000,Japan,36750,Shogo,Nakano,2,7407
1869,6151.764776224,6167.834301849,Yuki Ikeda (Japan),Kick Chase,Green,947046,23,H,3000,Japan,32520,Yuki,Ikeda,2,7407
1870,6153.387095570998,6160.998598402996,Etonia Waqa (Fiji),Scrum Defence,Yellow,947046,6,A,954,Fiji,34464,Etonia,Waqa,2,7407
1871,6157.648955661,6162.648955661,Mesake Vocevoce (Fiji),Scrum Defence,Yellow,947046,4,A,954,Fiji,59793,Mesake,Vocevoce,2,7409
1872,6159.915600907029,6169.8980745126655,Etonia Waqa (Fiji),Kick Retreat ,Red,947046,6,A,954,Fiji,34464,Etonia,Waqa,2,7414
1873,6162.162355661,6171.3009514720015,Eroni Mawi (Fiji),Kick Retreat ,Red,947046,1,A,954,Fiji,29306,Eroni,Mawi,2,7416
1874,6162.162355661,6171.3009514720015,Mesake Vocevoce (Fiji),Kick Retreat ,Red,947046,4,A,954,Fiji,59793,Mesake,Vocevoce,2,7416
1875,6162.162355661,6171.3009514720015,Isoa Nasilasila (Fiji),Kick Retreat ,Red,947046,19,A,954,Fiji,32876,Isoa,Nasilasila,2,7416
1876,6162.162355661,6171.3009514720015,Samu Tawake (Fiji),Kick Retreat ,Red,947046,18,A,954,Fiji,21899,Samu,Tawake,2,7416
1877,6162.162355661,6171.3009514720015,Zuriel Togiatama (Fiji),Kick Retreat ,Red,947046,16,A,954,Fiji,34982,Zuriel,Togiatama,2,7416
1878,6163.094623184,6170.013462543,Kitione Salawa (Fiji),Ruck,Green,947046,20,A,954,Fiji,35673,Kitione,Salawa,2,7417
1879,6163.392979834,6168.392979834,Akito Okui (Japan),Tackle,Green,947046,20,H,3000,Japan,61966,Akito,Okui,2,7417
1880,6164.754952797,6169.754952797,Shogo Nakano (Japan),Tackle,Green,947046,22,H,3000,Japan,36750,Shogo,Nakano,2,7419
1881,6165.691904655,6170.691904655,Kemu Valetini (Fiji),Ruck,Red,947046,22,A,954,Fiji,32283,Kemu,Valetini,2,7419
1882,6167.152698412699,6172.733101493,Isaiah Armstrong-Ravula (Fiji),Carry,Green,947046,23,A,954,Fiji,35870,Isaiah,Armstrong-Ravula,2,7421
1883,6168.909202454,6173.909202454,Tomoki Osada (Japan),Tackle,Green,947046,14,H,3000,Japan,31059,Tomoki,Osada,2,7422
1884,6170.951065346,6176.202511888,Jack Cornelsen (Japan),Phase Defence,Red,947046,4,H,3000,Japan,23697,Jack,Cornelsen,2,7423
1885,6170.951065346,6176.202511888,Warner Dearns (Japan),Phase Defence,Red,947046,5,H,3000,Japan,40399,Warner,Dearns,2,7423
1886,6171.202511888,6176.202511888,Kenta Kobayashi (Japan),Phase Defence,Red,947046,1,H,3000,Japan,34481,Kenta,Kobayashi,2,7423
1887,6172.074912963,6177.074912963,Yuya Hirose (Japan),Tackle,Green,947046,13,H,3000,Japan,61922,Yuya,Hirose,2,7423
1888,6174.15267613,6180.110597878,Joji Nasova (Fiji),Ruck,Red,947046,14,A,954,Fiji,62542,Joji,Nasova,2,7428
1889,6177.714087564,6182.714087564,Kalaveti Ravouvou (Fiji),Carry,Red,947046,13,A,954,Fiji,40515,Kalaveti,Ravouvou,2,7428
1890,6179.033959585,6184.033959585,Yuki Ikeda (Japan),Tackle,Green,947046,23,H,3000,Japan,32520,Yuki,Ikeda,2,7435
1891,6181.839314044,6186.839314044,Warner Dearns (Japan),Tackle,Green,947046,5,H,3000,Japan,40399,Warner,Dearns,2,7435
1892,6184.594897959184,6190.556481444,Kitione Salawa (Fiji),Carry,Green,947046,20,A,954,Fiji,35673,Kitione,Salawa,2,7438
1893,6186.943809523809,6191.943809523809,Faulua Makisi (Japan),Phase Defence,Red,947046,6,H,3000,Japan,23417,Faulua,Makisi,2,7439
1894,6187.698597585,6192.698597585,Faulua Makisi (Japan),Phase Defence,Red,947046,6,H,3000,Japan,23417,Faulua,Makisi,2,7442
1895,6187.698597585,6192.698597585,Faulua Makisi (Japan),Tackle,Green,947046,6,H,3000,Japan,23417,Faulua,Makisi,2,7442
1896,6188.549861353,6193.549861353,Jack Cornelsen (Japan),Tackle,Green,947046,4,H,3000,Japan,23697,Jack,Cornelsen,2,7442
1897,6188.995756548,6197.299182619332,Eroni Mawi (Fiji),Ruck,Red,947046,1,A,954,Fiji,29306,Eroni,Mawi,2,7442
1898,6191.757740958,6196.757740958,Yuki Ikeda (Japan),Tackle,Green,947046,23,H,3000,Japan,32520,Yuki,Ikeda,2,7445
1899,6194.529795597,6199.529795597,Shogo Nakano (Japan),Tackle,Green,947046,22,H,3000,Japan,36750,Shogo,Nakano,2,7447
1900,6194.560528634,6199.560528634,Warner Dearns (Japan),Tackle,Red,947046,5,H,3000,Japan,40399,Warner,Dearns,2,7446
1901,6195.751648565,6200.751648565,Kenji Sato (Japan),Tackle,Green,947046,16,H,3000,Japan,61722,Kenji,Sato,2,7446
1902,6195.916462585034,6200.916462585034,Shogo Nakano (Japan),Phase Defence,Red,947046,22,H,3000,Japan,36750,Shogo,Nakano,2,7446
1903,6196.885763337997,6207.2993374419975,Mesake Vocevoce (Fiji),Ruck,Green,947046,4,A,954,Fiji,59793,Mesake,Vocevoce,2,7446
1904,6197.397332720331,6207.898192574332,Zuriel Togiatama (Fiji),Carry,Red,947046,16,A,954,Fiji,34982,Zuriel,Togiatama,2,7452
1905,6197.916538338,6203.501948346,Samu Tawake (Fiji),Ruck,Green,947046,18,A,954,Fiji,21899,Samu,Tawake,2,7452
1906,6198.308472148,6203.308472148,Kenta Kobayashi (Japan),Ruck,Green,947046,1,H,3000,Japan,34481,Kenta,Kobayashi,2,7452
1907,6200.717233560091,6205.717233560091,Kenta Kobayashi (Japan),Phase Defence,Red,947046,1,H,3000,Japan,34481,Kenta,Kobayashi,2,7454
1908,6200.717233560091,6205.717233560091,Warner Dearns (Japan),Phase Defence,Red,947046,5,H,3000,Japan,40399,Warner,Dearns,2,7454
1909,6200.717233560091,6205.717233560091,Faulua Makisi (Japan),Phase Defence,Red,947046,6,H,3000,Japan,23417,Faulua,Makisi,2,7454
1910,6200.717233560091,6205.717233560091,Amato Fakatava (Japan),Phase Defence,Red,947046,8,H,3000,Japan,36500,Amato,Fakatava,2,7454
1911,6200.717233560091,6205.717233560091,Yuki Ikeda (Japan),Phase Defence,Red,947046,23,H,3000,Japan,32520,Yuki,Ikeda,2,7454
1912,6201.744467843,6206.744467843,Kemu Valetini (Fiji),Carry,Green,947046,22,A,954,Fiji,32283,Kemu,Valetini,2,7455
1913,6201.880725623583,6207.85947113,Isaiah Armstrong-Ravula (Fiji),Ruck,Green,947046,23,A,954,Fiji,35870,Isaiah,Armstrong-Ravula,2,7455
1914,6202.674669156,6207.674669156,Jack Cornelsen (Japan),Tackle,Red,947046,4,H,3000,Japan,23697,Jack,Cornelsen,2,7456
1915,6203.282325815,6208.282325815,Ponipate Loganimasi (Fiji),Ruck,Green,947046,15,A,954,Fiji,58879,Ponipate,Loganimasi,2,7457
1916,6203.645363161,6210.175240435,Sam Wye (Fiji),Carry,Green,947046,21,A,954,Fiji,39130,Sam,Wye,2,7457
1917,6207.540520925,6212.540520925,Kenta Kobayashi (Japan),Tackle,Green,947046,1,H,3000,Japan,34481,Kenta,Kobayashi,2,7501
1918,6209.633526319,6214.633526319,Mesake Vocevoce (Fiji),Ruck,Green,947046,4,A,954,Fiji,59793,Mesake,Vocevoce,2,7503
1919,6210.061133786848,6218.197512923,Samu Tawake (Fiji),Carry,Green,947046,18,A,954,Fiji,21899,Samu,Tawake,2,7503
1920,6210.5862358276645,6224.398283241332,Amato Fakatava (Japan),Linebreak Defence,Gold,947046,8,H,3000,Japan,36500,Amato,Fakatava,2,7505
1921,6212.00669562,6217.00669562,Isoa Nasilasila (Fiji),Ruck,Red,947046,19,A,954,Fiji,32876,Isoa,Nasilasila,2,7506
1922,6213.371088435374,6225.297577706999,Yuya Hirose (Japan),Tackle,Gold,947046,13,H,3000,Japan,61922,Yuya,Hirose,2,7508
1923,6214.475416016,6219.475416016,Tomoki Osada (Japan),Tackle,Green,947046,14,H,3000,Japan,31059,Tomoki,Osada,2,7508
1924,6220.044222412,6225.044222412,Warner Dearns (Japan),Phase Defence,Red,947046,5,H,3000,Japan,40399,Warner,Dearns,2,7513
1925,6220.044222412,6225.044222412,Amato Fakatava (Japan),Phase Defence,Red,947046,8,H,3000,Japan,36500,Amato,Fakatava,2,7513
1926,6220.1439229024945,6225.1439229024945,Kenji Sato (Japan),Phase Defence,Red,947046,16,H,3000,Japan,61722,Kenji,Sato,2,7513
1927,6220.720462169,6225.720462169,Amato Fakatava (Japan),Tackle,Red,947046,8,H,3000,Japan,36500,Amato,Fakatava,2,7513
1928,6220.946190293,6225.946190293,Kenta Kobayashi (Japan),Phase Defence,Red,947046,1,H,3000,Japan,34481,Kenta,Kobayashi,2,7513
1929,6220.946190293,6225.946190293,Jack Cornelsen (Japan),Phase Defence,Red,947046,4,H,3000,Japan,23697,Jack,Cornelsen,2,7513
1930,6220.946190293,6225.946190293,Yuki Ikeda (Japan),Phase Defence,Red,947046,23,H,3000,Japan,32520,Yuki,Ikeda,2,7513
1931,6222.640070231,6227.640070231,Akito Okui (Japan),Jackler,Green,947046,20,H,3000,Japan,61966,Akito,Okui,2,7516
1932,6223.442267573696,6228.442267573696,Kalaveti Ravouvou (Fiji),Carry,Red,947046,13,A,954,Fiji,40515,Kalaveti,Ravouvou,2,7517
1933,6223.870268189,6228.870268189,Yuya Hirose (Japan),Tackle,Green,947046,13,H,3000,Japan,61922,Yuya,Hirose,2,7517
1934,6224.012893058,6229.012893058,Seungsin Lee (Japan),Jackler,Green,947046,10,H,3000,Japan,37841,Seungsin,Lee,2,7518
1935,6226.787959183674,6231.787959183674,Kitione Salawa (Fiji),Ruck,Green,947046,20,A,954,Fiji,35673,Kitione,Salawa,2,7520
1936,6227.171826176,6232.171826176,Warner Dearns (Japan),Tackle,Green,947046,5,H,3000,Japan,40399,Warner,Dearns,2,7521
1937,6227.290076113,6232.290076113,Kenji Sato (Japan),Tackle,Green,947046,16,H,3000,Japan,61722,Kenji,Sato,2,7521
1938,6228.244126984127,6233.244126984127,Jack Cornelsen (Japan),Phase Defence,Red,947046,4,H,3000,Japan,23697,Jack,Cornelsen,2,7522
1939,6228.4917006802725,6233.4917006802725,Amato Fakatava (Japan),Phase Defence,Red,947046,8,H,3000,Japan,36500,Amato,Fakatava,2,7522
1940,6228.751881515,6233.751881515,Yuki Ikeda (Japan),Phase Defence,Red,947046,23,H,3000,Japan,32520,Yuki,Ikeda,2,7522
1941,6230.412808487,6239.149415673,Eroni Mawi (Fiji),Ruck,Red,947046,1,A,954,Fiji,29306,Eroni,Mawi,2,7524
1942,6230.824384489,6235.824384489,Akito Okui (Japan),Jackler,Green,947046,20,H,3000,Japan,61966,Akito,Okui,2,7524
1943,6232.562391531,6237.562391531,Joji Nasova (Fiji),Carry,Red,947046,14,A,954,Fiji,62542,Joji,Nasova,2,7525
1944,6232.6689569161,6237.6689569161,Shogo Nakano (Japan),Phase Defence,Red,947046,22,H,3000,Japan,36750,Shogo,Nakano,2,7525
1945,6233.539415169,6238.539415169,Keijiro Tamefusa (Japan),Jackler,Green,947046,18,H,3000,Japan,61929,Keijiro,Tamefusa,2,7525
1946,6233.636531181,6238.636531181,Jack Cornelsen (Japan),Tackle,Green,947046,4,H,3000,Japan,23697,Jack,Cornelsen,2,7525
1947,6234.636989046,6239.636989046,Elia Canakaivata (Fiji),Ruck,Red,947046,7,A,954,Fiji,34647,Elia,Canakaivata,2,7529
1948,6234.686626777667,6243.06468572,Samu Tawake (Fiji),Ruck,Green,947046,18,A,954,Fiji,21899,Samu,Tawake,2,7529
1949,6236.345918367347,6241.345918367347,Isoa Nasilasila (Fiji),Ruck,Green,947046,19,A,954,Fiji,32876,Isoa,Nasilasila,2,7529
1950,6236.779636249,6241.779636249,Zuriel Togiatama (Fiji),Carry,Red,947046,16,A,954,Fiji,34982,Zuriel,Togiatama,2,7529
1951,6237.134812388,6242.134812388,Warner Dearns (Japan),Jackler,Red,947046,5,H,3000,Japan,40399,Warner,Dearns,2,7529
1952,6238.480344099,6243.480344099,Kenta Kobayashi (Japan),Tackle,Green,947046,1,H,3000,Japan,34481,Kenta,Kobayashi,2,7527
1953,6240.398290482664,6246.892783961,Kitione Salawa (Fiji),Carry,Green,947046,20,A,954,Fiji,35673,Kitione,Salawa,2,7534
1954,6241.383771812333,6249.009785772,Mesake Vocevoce (Fiji),Ruck,Green,947046,4,A,954,Fiji,59793,Mesake,Vocevoce,2,7535
1955,6243.85372341,6248.85372341,Tomoki Osada (Japan),Jackler,Green,947046,14,H,3000,Japan,31059,Tomoki,Osada,2,7537
1956,6245.866992263,6250.866992263,Eroni Mawi (Fiji),Ruck,Red,947046,1,A,954,Fiji,29306,Eroni,Mawi,2,7538
1957,6246.254962184,6251.254962184,Akito Okui (Japan),Tackle,Red,947046,20,H,3000,Japan,61966,Akito,Okui,2,7536
1958,6384.132290249433,6389.99956172533,Eroni Mawi (Fiji),Tackle,Green,947046,1,A,954,Fiji,29306,Eroni,Mawi,2,7646
1959,6384.985673381001,6393.904935371,Isoa Nasilasila (Fiji),Tackle,Green,947046,19,A,954,Fiji,32876,Isoa,Nasilasila,2,7646
1960,6389.130202882,6394.130202882,Keijiro Tamefusa (Japan),Ruck,Green,947046,18,H,3000,Japan,61929,Keijiro,Tamefusa,2,7651
1961,6389.299053190998,6396.198937571666,Zuriel Togiatama (Fiji),Jackler,Green,947046,16,A,954,Fiji,34982,Zuriel,Togiatama,2,7651
1962,6389.642422302,6394.642422302,Tiennan Costley (Japan),Ruck,Green,947046,19,H,3000,Japan,58972,Tiennan,Costley,2,7651
1963,6392.243749066,6397.243749066,Faulua Makisi (Japan),Carry,Red,947046,6,H,3000,Japan,23417,Faulua,Makisi,2,7653
1964,6396.947660079,6402.708195191,Ponipate Loganimasi (Fiji),Tackle,Green,947046,15,A,954,Fiji,58879,Ponipate,Loganimasi,2,7658
1965,6401.885532879819,6406.885532879819,Ryosuke Iwaihara (Japan),Ruck,Green,947046,17,H,3000,Japan,23408,Ryosuke,Iwaihara,2,7703
1966,6401.940385487528,6406.940385487528,Yuya Hirose (Japan),Ruck,Yellow,947046,13,H,3000,Japan,61922,Yuya,Hirose,2,7703
1967,6402.28648049733,6425.66876902,Eroni Mawi (Fiji),Tackle,Red,947046,1,A,954,Fiji,29306,Eroni,Mawi,2,7703
1968,6403.25410222,6408.25410222,Haruto Kida (Japan),Ruck,Yellow,947046,11,H,3000,Japan,34476,Haruto,Kida,2,7704
1969,6405.732766439909,6410.732766439909,Kemu Valetini (Fiji),Tackle,Green,947046,22,A,954,Fiji,32283,Kemu,Valetini,2,7704
1970,6407.549218977,6412.549218977,Tomoki Osada (Japan),Carry,Red,947046,14,H,3000,Japan,31059,Tomoki,Osada,2,7704
1971,6412.767619047619,6435.300921704332,Mesake Vocevoce (Fiji),Kick Retreat,Green,947046,4,A,954,Fiji,59793,Mesake,Vocevoce,2,7702
1972,6412.767619047619,6435.300921704332,Etonia Waqa (Fiji),Kick Retreat,Green,947046,6,A,954,Fiji,34464,Etonia,Waqa,2,7702
1973,6412.767619047619,6435.300921704332,Kemu Valetini (Fiji),Kick Retreat,Green,947046,22,A,954,Fiji,32283,Kemu,Valetini,2,7702
1974,6412.767619047619,6435.300921704332,Kalaveti Ravouvou (Fiji),Kick Retreat,Green,947046,13,A,954,Fiji,40515,Kalaveti,Ravouvou,2,7702
1975,6412.767619047619,6435.300921704332,Ponipate Loganimasi (Fiji),Kick Retreat,Green,947046,15,A,954,Fiji,58879,Ponipate,Loganimasi,2,7702
1976,6412.767619047619,6435.300921704332,Isoa Nasilasila (Fiji),Kick Retreat,Green,947046,19,A,954,Fiji,32876,Isoa,Nasilasila,2,7702
1977,6412.767619047619,6435.300921704332,Samu Tawake (Fiji),Kick Retreat,Green,947046,18,A,954,Fiji,21899,Samu,Tawake,2,7702
1978,6412.767619047619,6435.300921704332,Zuriel Togiatama (Fiji),Kick Retreat,Green,947046,16,A,954,Fiji,34982,Zuriel,Togiatama,2,7702
1979,6412.767619047619,6435.300921704332,Kitione Salawa (Fiji),Kick Retreat,Green,947046,20,A,954,Fiji,35673,Kitione,Salawa,2,7702
1980,6413.95328798186,6431.245427906,Jack Cornelsen (Japan),Kick Chase,Green,947046,4,H,3000,Japan,23697,Jack,Cornelsen,2,7702
1981,6413.95328798186,6431.245427906,Warner Dearns (Japan),Kick Chase,Green,947046,5,H,3000,Japan,40399,Warner,Dearns,2,7702
1982,6413.95328798186,6431.245427906,Faulua Makisi (Japan),Kick Chase,Green,947046,6,H,3000,Japan,23417,Faulua,Makisi,2,7702
1983,6413.95328798186,6431.245427906,Haruto Kida (Japan),Kick Chase,Green,947046,11,H,3000,Japan,34476,Haruto,Kida,2,7702
1984,6413.95328798186,6431.245427906,Tomoki Osada (Japan),Kick Chase,Green,947046,14,H,3000,Japan,31059,Tomoki,Osada,2,7702
1985,6413.95328798186,6431.245427906,Kenji Sato (Japan),Kick Chase,Green,947046,16,H,3000,Japan,61722,Kenji,Sato,2,7702
1986,6413.95328798186,6431.245427906,Ryosuke Iwaihara (Japan),Kick Chase,Green,947046,17,H,3000,Japan,23408,Ryosuke,Iwaihara,2,7702
1987,6413.95328798186,6431.245427906,Keijiro Tamefusa (Japan),Kick Chase,Green,947046,18,H,3000,Japan,61929,Keijiro,Tamefusa,2,7702
1988,6413.95328798186,6431.245427906,Tiennan Costley (Japan),Kick Chase,Green,947046,19,H,3000,Japan,58972,Tiennan,Costley,2,7702
1989,6413.95328798186,6431.245427906,Akito Okui (Japan),Kick Chase,Green,947046,20,H,3000,Japan,61966,Akito,Okui,2,7702
1990,6413.95328798186,6431.245427906,Kenta Fukuda (Japan),Kick Chase,Green,947046,21,H,3000,Japan,36475,Kenta,Fukuda,2,7702
1991,6413.95328798186,6431.245427906,Shogo Nakano (Japan),Kick Chase,Green,947046,22,H,3000,Japan,36750,Shogo,Nakano,2,7702
1992,6413.95328798186,6431.245427906,Yuki Ikeda (Japan),Kick Chase,Green,947046,23,H,3000,Japan,32520,Yuki,Ikeda,2,7702
1993,6414.999453516667,6435.300921704332,Sam Wye (Fiji),Kick Retreat,Green,947046,21,A,954,Fiji,39130,Sam,Wye,2,7702
1994,6415.988266514,6423.200511957,Tiennan Costley (Japan),Ruck,Green,947046,19,H,3000,Japan,58972,Tiennan,Costley,2,7719
1995,6417.917333658,6423.200511957,Kenji Sato (Japan),Ruck,Green,947046,16,H,3000,Japan,61722,Kenji,Sato,2,7719
1996,6417.917333658,6423.200511957,Akito Okui (Japan),Ruck,Green,947046,20,H,3000,Japan,61966,Akito,Okui,2,7719
1997,6418.238095238095,6423.238095238095,Elia Canakaivata (Fiji),Kick Retreat ,Red,947046,7,A,954,Fiji,34647,Elia,Canakaivata,2,7719
1998,6419.54123505,6424.54123505,Keijiro Tamefusa (Japan),Carry,Green,947046,18,H,3000,Japan,61929,Keijiro,Tamefusa,2,7721
1999,6422.684807256236,6427.684807256236,Kalaveti Ravouvou (Fiji),Kick Retreat ,Red,947046,13,A,954,Fiji,40515,Kalaveti,Ravouvou,2,7724
2000,6423.845015133,6434.156157184,Haruto Kida (Japan),Tackle,Red,947046,11,H,3000,Japan,34476,Haruto,Kida,2,7725
2001,6424.612743764173,6436.80306122449,Isoa Nasilasila (Fiji),Ruck,Red,947046,19,A,954,Fiji,32876,Isoa,Nasilasila,2,7725
2002,6426.186827366,6431.186827366,Ryosuke Iwaihara (Japan),Tackle,Green,947046,17,H,3000,Japan,23408,Ryosuke,Iwaihara,2,7726
2003,6426.700952380952,6431.700952380952,Eroni Mawi (Fiji),Kick Retreat ,Red,947046,1,A,954,Fiji,29306,Eroni,Mawi,2,7726
2004,6427.189150705664,6435.699335598665,Kemu Valetini (Fiji),Ruck,Green,947046,22,A,954,Fiji,32283,Kemu,Valetini,2,7726
2005,6427.462979754,6432.462979754,Akito Okui (Japan),Jackler,Green,947046,20,H,3000,Japan,61966,Akito,Okui,2,7726
2006,6431.328085695,6436.328085695,Isaiah Armstrong-Ravula (Fiji),Carry,Green,947046,23,A,954,Fiji,35870,Isaiah,Armstrong-Ravula,2,7732
2007,6432.555865867,6437.555865867,Faulua Makisi (Japan),Tackle,Green,947046,6,H,3000,Japan,23417,Faulua,Makisi,2,7735
2008,6432.555865867,6437.555865867,Tiennan Costley (Japan),Tackle,Green,947046,19,H,3000,Japan,58972,Tiennan,Costley,2,7735
2009,6432.812440664,6437.812440664,Faulua Makisi (Japan),Tackle,Gold,947046,6,H,3000,Japan,23417,Faulua,Makisi,2,7735
2010,6434.02283446712,6439.02283446712,Elia Canakaivata (Fiji),Ruck,Green,947046,7,A,954,Fiji,34647,Elia,Canakaivata,2,7735
2011,6434.207587031,6439.207587031,Keijiro Tamefusa (Japan),Tackle,Green,947046,18,H,3000,Japan,61929,Keijiro,Tamefusa,2,7735
2012,6434.488437995664,6442.498403802999,Samu Tawake (Fiji),Ruck,Green,947046,18,A,954,Fiji,21899,Samu,Tawake,2,7735
2013,6436.285977131666,6442.5988327883315,Kalaveti Ravouvou (Fiji),Kick Chase,Yellow,947046,13,A,954,Fiji,40515,Kalaveti,Ravouvou,2,7736
2014,6438.772382134,6454.441836209,Jack Cornelsen (Japan),Kick Retreat,Green,947046,4,H,3000,Japan,23697,Jack,Cornelsen,2,7742
2015,6438.772382134,6454.441836209,Warner Dearns (Japan),Kick Retreat,Green,947046,5,H,3000,Japan,40399,Warner,Dearns,2,7742
2016,6438.772382134,6454.441836209,Faulua Makisi (Japan),Kick Retreat,Green,947046,6,H,3000,Japan,23417,Faulua,Makisi,2,7742
2017,6438.772382134,6454.441836209,Kenji Sato (Japan),Kick Retreat,Green,947046,16,H,3000,Japan,61722,Kenji,Sato,2,7742
2018,6438.772382134,6454.441836209,Ryosuke Iwaihara (Japan),Kick Retreat,Green,947046,17,H,3000,Japan,23408,Ryosuke,Iwaihara,2,7742
2019,6438.772382134,6454.441836209,Keijiro Tamefusa (Japan),Kick Retreat,Green,947046,18,H,3000,Japan,61929,Keijiro,Tamefusa,2,7742
2020,6438.772382134,6454.441836209,Tiennan Costley (Japan),Kick Retreat,Green,947046,19,H,3000,Japan,58972,Tiennan,Costley,2,7742
2021,6438.772382134,6454.441836209,Akito Okui (Japan),Kick Retreat,Green,947046,20,H,3000,Japan,61966,Akito,Okui,2,7742
2022,6438.790923697,6454.441836209,Tomoki Osada (Japan),Kick Retreat,Green,947046,14,H,3000,Japan,31059,Tomoki,Osada,2,7742
2023,6438.790923697,6454.441836209,Kenta Fukuda (Japan),Kick Retreat,Green,947046,21,H,3000,Japan,36475,Kenta,Fukuda,2,7742
2024,6438.790923697,6454.441836209,Shogo Nakano (Japan),Kick Retreat,Green,947046,22,H,3000,Japan,36750,Shogo,Nakano,2,7742
2025,6438.790923697,6454.441836209,Yuki Ikeda (Japan),Kick Retreat,Green,947046,23,H,3000,Japan,32520,Yuki,Ikeda,2,7742
2026,6439.398279147,6444.398279147,Ryosuke Iwaihara (Japan),Charge Down,Green,947046,17,H,3000,Japan,23408,Ryosuke,Iwaihara,2,7742
2027,6439.398279147,6444.398279147,Tiennan Costley (Japan),Charge Down,Green,947046,19,H,3000,Japan,58972,Tiennan,Costley,2,7742
2028,6440.058256265,6445.058256265,Elia Canakaivata (Fiji),Kick Chase,Yellow,947046,7,A,954,Fiji,34647,Elia,Canakaivata,2,7742
2029,6440.220476190476,6450.800335885001,Mesake Vocevoce (Fiji),Kick Chase,Green,947046,4,A,954,Fiji,59793,Mesake,Vocevoce,2,7742
2030,6440.220476190476,6450.800335885001,Etonia Waqa (Fiji),Kick Chase,Green,947046,6,A,954,Fiji,34464,Etonia,Waqa,2,7742
2031,6440.220476190476,6450.800335885001,Isoa Nasilasila (Fiji),Kick Chase,Green,947046,19,A,954,Fiji,32876,Isoa,Nasilasila,2,7742
2032,6440.220476190476,6450.800335885001,Samu Tawake (Fiji),Kick Chase,Green,947046,18,A,954,Fiji,21899,Samu,Tawake,2,7742
2033,6440.220476190476,6450.800335885001,Zuriel Togiatama (Fiji),Kick Chase,Green,947046,16,A,954,Fiji,34982,Zuriel,Togiatama,2,7742
2034,6440.220476190476,6450.800335885001,Kitione Salawa (Fiji),Kick Chase,Green,947046,20,A,954,Fiji,35673,Kitione,Salawa,2,7742
2035,6440.631831743,6450.800335885001,Kemu Valetini (Fiji),Kick Chase,Green,947046,22,A,954,Fiji,32283,Kemu,Valetini,2,7742
2036,6440.631831743,6450.800335885001,Kalaveti Ravouvou (Fiji),Kick Chase,Green,947046,13,A,954,Fiji,40515,Kalaveti,Ravouvou,2,7742
2037,6440.631831743,6450.800335885001,Joji Nasova (Fiji),Kick Chase,Green,947046,14,A,954,Fiji,62542,Joji,Nasova,2,7742
2038,6440.631831743,6450.800335885001,Ponipate Loganimasi (Fiji),Kick Chase,Green,947046,15,A,954,Fiji,58879,Ponipate,Loganimasi,2,7742
2039,6441.90389294,6449.5981257743315,Eroni Mawi (Fiji),Kick Chase,Yellow,947046,1,A,954,Fiji,29306,Eroni,Mawi,2,7743
2040,6443.07614116,6448.07614116,Zuriel Togiatama (Fiji),Carry,Green,947046,16,A,954,Fiji,34982,Zuriel,Togiatama,2,7745
2041,6444.589053901,6452.998128045,Ponipate Loganimasi (Fiji),Tackle,Red,947046,15,A,954,Fiji,58879,Ponipate,Loganimasi,2,7746
2042,6447.504605245,6455.893314557,Kitione Salawa (Fiji),Tackle,Red,947046,20,A,954,Fiji,35673,Kitione,Salawa,2,7749
2043,6450.893314557,6455.893314557,Kemu Valetini (Fiji),Tackle,Red,947046,22,A,954,Fiji,32283,Kemu,Valetini,2,7752
2044,6453.54469088,6458.54469088,Haruto Kida (Japan),Carry,Red,947046,11,H,3000,Japan,34476,Haruto,Kida,2,7755
2045,6458.526371882086,6463.526371882086,Samu Tawake (Fiji),Tackle,Red,947046,18,A,954,Fiji,21899,Samu,Tawake,2,7801
2046,6462.937752568,6467.937752568,Yuki Ikeda (Japan),Carry,Red,947046,23,H,3000,Japan,32520,Yuki,Ikeda,2,7804
2047,6469.3479553,6474.3479553,Shogo Nakano (Japan),Ruck,Green,947046,22,H,3000,Japan,36750,Shogo,Nakano,2,7812
2048,6471.911950113379,6481.044214827,Ponipate Loganimasi (Fiji),Tackle,Yellow,947046,15,A,954,Fiji,58879,Ponipate,Loganimasi,2,7814
2049,6472.715908661,6477.715908661,Yuya Hirose (Japan),Ruck,Red,947046,13,H,3000,Japan,61922,Yuya,Hirose,2,7814
2050,6473.624603174603,6478.624603174603,Elia Canakaivata (Fiji),Phase Defence,Red,947046,7,A,954,Fiji,34647,Elia,Canakaivata,2,7815
2051,6473.624603174603,6478.624603174603,Isoa Nasilasila (Fiji),Phase Defence,Red,947046,19,A,954,Fiji,32876,Isoa,Nasilasila,2,7815
2052,6474.225351473923,6479.225351473923,Haruto Kida (Japan),Carry,Yellow,947046,11,H,3000,Japan,34476,Haruto,Kida,2,7816
2053,6476.124502637,6481.124502637,Tiennan Costley (Japan),Ruck,Green,947046,19,H,3000,Japan,58972,Tiennan,Costley,2,7818
2054,6476.872543524,6481.872543524,Ryosuke Iwaihara (Japan),Ruck,Green,947046,17,H,3000,Japan,23408,Ryosuke,Iwaihara,2,7818
2055,6477.477478257,6482.477478257,Kenji Sato (Japan),Carry,Green,947046,16,H,3000,Japan,61722,Kenji,Sato,2,7819
2056,6482.628049886622,6491.437946737,Eroni Mawi (Fiji),Tackle,Red,947046,1,A,954,Fiji,29306,Eroni,Mawi,2,7823
2057,6484.996997134,6489.996997134,Keijiro Tamefusa (Japan),Ruck,Green,947046,18,H,3000,Japan,61929,Keijiro,Tamefusa,2,7826
2058,6486.824862705,6491.824862705,Yuki Ikeda (Japan),Ruck,Red,947046,23,H,3000,Japan,32520,Yuki,Ikeda,2,7828
2059,6487.601525843,6492.601525843,Akito Okui (Japan),Carry,Red,947046,20,H,3000,Japan,61966,Akito,Okui,2,7829
2060,6488.845052575,6493.845052575,Joji Nasova (Fiji),Tackle,Green,947046,14,A,954,Fiji,62542,Joji,Nasova,2,7830
2061,6489.866213151928,6495.974717748,Eroni Mawi (Fiji),Phase Defence,Red,947046,1,A,954,Fiji,29306,Eroni,Mawi,2,7832
2062,6489.866213151928,6495.974717748,Samu Tawake (Fiji),Phase Defence,Red,947046,18,A,954,Fiji,21899,Samu,Tawake,2,7832
2063,6489.866213151928,6495.974717748,Zuriel Togiatama (Fiji),Phase Defence,Red,947046,16,A,954,Fiji,34982,Zuriel,Togiatama,2,7832
2064,6490.974717748,6495.974717748,Mesake Vocevoce (Fiji),Phase Defence,Red,947046,4,A,954,Fiji,59793,Mesake,Vocevoce,2,7832
2065,6493.191274662,6499.7983036006635,Kalaveti Ravouvou (Fiji),Jackler,Red,947046,13,A,954,Fiji,40515,Kalaveti,Ravouvou,2,7835
2066,6495.097786643,6500.097786643,Joji Nasova (Fiji),Jackler,Green,947046,14,A,954,Fiji,62542,Joji,Nasova,2,7837
2067,6495.470572757,6500.470572757,Shogo Nakano (Japan),Ruck,Yellow,947046,22,H,3000,Japan,36750,Shogo,Nakano,2,7837
2068,6501.466233247,6506.466233247,Seungsin Lee (Japan),Carry,Red,947046,10,H,3000,Japan,37841,Seungsin,Lee,2,7843
2069,6552.884680297,6587.696233282,Jack Cornelsen (Japan),Lineout Defence,Green,947046,4,H,3000,Japan,23697,Jack,Cornelsen,2,7934
2070,6552.884680297,6587.696233282,Warner Dearns (Japan),Lineout Defence,Green,947046,5,H,3000,Japan,40399,Warner,Dearns,2,7934
2071,6552.884680297,6587.696233282,Ryosuke Iwaihara (Japan),Lineout Defence,Green,947046,17,H,3000,Japan,23408,Ryosuke,Iwaihara,2,7934
2072,6552.884680297,6587.696233282,Keijiro Tamefusa (Japan),Lineout Defence,Green,947046,18,H,3000,Japan,61929,Keijiro,Tamefusa,2,7934
2073,6552.884680297,6587.696233282,Tiennan Costley (Japan),Lineout Defence,Green,947046,19,H,3000,Japan,58972,Tiennan,Costley,2,7934
2074,6561.377989022,6587.696233282,Kenji Sato (Japan),Lineout Defence,Green,947046,16,H,3000,Japan,61722,Kenji,Sato,2,7934
2075,6567.25664399093,6595.500988656001,Mesake Vocevoce (Fiji),Lineout Attack,Green,947046,4,A,954,Fiji,59793,Mesake,Vocevoce,2,7937
2076,6567.25664399093,6595.500988656001,Elia Canakaivata (Fiji),Lineout Attack,Green,947046,7,A,954,Fiji,34647,Elia,Canakaivata,2,7937
2077,6567.25664399093,6595.500988656001,Samu Tawake (Fiji),Lineout Attack,Green,947046,18,A,954,Fiji,21899,Samu,Tawake,2,7937
2078,6567.25664399093,6595.500988656001,Zuriel Togiatama (Fiji),Lineout Attack,Green,947046,16,A,954,Fiji,34982,Zuriel,Togiatama,2,7937
2079,6567.25664399093,6595.500988656001,Kitione Salawa (Fiji),Lineout Attack,Green,947046,20,A,954,Fiji,35673,Kitione,Salawa,2,7937
2080,6580.7905215419505,6585.7905215419505,Isoa Nasilasila (Fiji),Lineout Attack,Red,947046,19,A,954,Fiji,32876,Isoa,Nasilasila,2,8002
2081,6583.672555928,6590.853785327,Keijiro Tamefusa (Japan),Jackler,Green,947046,18,H,3000,Japan,61929,Keijiro,Tamefusa,2,8003
2082,6585.479977522,6590.479977522,Etonia Waqa (Fiji),Lineout Attack,Red,947046,6,A,954,Fiji,34464,Etonia,Waqa,2,8007
2083,6587.873900101,6592.873900101,Tiennan Costley (Japan),Jackler,Green,947046,19,H,3000,Japan,58972,Tiennan,Costley,2,8009
2084,6590.796017031,6595.796017031,Eroni Mawi (Fiji),Lineout Attack,Red,947046,1,A,954,Fiji,29306,Eroni,Mawi,2,8012
