ID,start_timestamp,end_timestamp,PlayerName (Team),next_action_type,next_action_result,FXID,ShirtNumber,HomeAway,FxTID,TeamName,PlayerID,PlayerFirstName,PlayerLastName,Period,MatchTime
1,10.056369606,15.499926325055943,Rufus McLean (USA),Kick Chase,Gold,947041,14,H,2950,USA,33897,Rufus,McLean,1,9
2,10.598872751564748,28.300132929689067,Paddy Ryan (USA),Carry,Green,947041,6,H,2950,USA,31271,Paddy,Ryan,1,10
3,10.699029333639205,26.30001903559008,Kapeli Pifeleti (USA),Ruck,Green,947041,2,H,2950,USA,33820,Kapeli,Pifeleti,1,10
4,11.598590708833784,26.30001903559008,Christian Poidevin (USA),Ruck,Green,947041,7,H,2950,USA,32698,Christian,Poidevin,1,11
5,13.4965618345765,26.30001903559008,Kaleb Geiger (USA),Ruck,Green,947041,3,H,2950,USA,43952,Kaleb,Geiger,1,12
6,16.445555555555554,21.44555555555555,Amato Fakatava (Japan),Tackle,Green,947041,8,A,3000,Japan,36500,Amato,Fakatava,1,14
7,17.3987467438347,32.10011462612378,Ezekiel Lindenmuth (USA),Carry,Green,947041,1,H,2950,USA,28161,Ezekiel,Lindenmuth,1,16
8,17.598091614142117,29.09999604484294,Jason Damm (USA),Ruck,Green,947041,5,H,2950,USA,38021,Jason,Damm,1,16
9,18.398511646938346,29.09999604484294,Marno Redelinghuys (USA),Ruck,Green,947041,4,H,2950,USA,25254,Marno,Redelinghuys,1,18
10,19.49723817733276,25.822826847,Kanji Shimokawa (Japan),Tackle,Green,947041,7,A,3000,Japan,30962,Kanji,Shimokawa,1,19
11,20.017320733,27.264261178,Shuhei Takeuchi (Japan),Tackle,Green,947041,3,A,3000,Japan,37874,Shuhei,Takeuchi,1,19
12,22.19873337833789,41.99999796163097,Tavite Lopeti (USA),Carry,Green,947041,12,H,2950,USA,39901,Tavite,Lopeti,1,21
13,24.79716679078658,40.40001607429082,Chris Hilsenbeck (USA),Ruck,Green,947041,10,H,2950,USA,27595,Chris,Hilsenbeck,1,23
14,26.198632916857516,40.40001607429082,Kapeli Pifeleti (USA),Ruck,Green,947041,2,H,2950,USA,33820,Kapeli,Pifeleti,1,22
15,26.207097505668933,31.207097505668933,Ben Gunter (Japan),Tackle,Green,947041,6,A,3000,Japan,26283,Ben,Gunter,1,22
16,26.49860103580002,40.40001607429082,Makeen Alikhan (USA),Ruck,Green,947041,8,H,2950,USA,40407,Makeen,Alikhan,1,22
17,29.697365890657743,40.30014329631765,Erich Storti (USA),Carry,Green,947041,15,H,2950,USA,55128,Erich,Storti,1,29
18,30.99809767087237,46.39996705318421,Dominic Besag (USA),Carry,Green,947041,13,H,2950,USA,60169,Dominic,Besag,1,29
19,31.67933303733234,38.622200082,Waisake Raratubua (Japan),Jackler,Green,947041,4,A,3000,Japan,30796,Waisake,Raratubua,1,31
20,32.83122448979592,37.83122448979592,Amato Fakatava (Japan),Tackle,Green,947041,8,A,3000,Japan,36500,Amato,Fakatava,1,32
21,33.69850209884407,48.80000911098873,Christian Poidevin (USA),Ruck,Green,947041,7,H,2950,USA,32698,Christian,Poidevin,1,32
22,34.69854872150086,48.80000911098873,Ezekiel Lindenmuth (USA),Ruck,Yellow,947041,1,H,2950,USA,28161,Ezekiel,Lindenmuth,1,34
23,34.96223261,40.596221207,Charlie Lawrence (Japan),Tackle,Green,947041,12,A,3000,Japan,32522,Charlie,Lawrence,1,34
24,35.209195302,40.209195302,Kenta Fukuda (Japan),Tackle,Green,947041,9,A,3000,Japan,36475,Kenta,Fukuda,1,34
25,35.9397052154195,40.9397052154195,Kenta Kobayashi (Japan),Phase Defence,Red,947041,1,A,3000,Japan,34481,Kenta,Kobayashi,1,35
26,36.798469025766344,54.199934862626144,Jason Damm (USA),Carry,Green,947041,5,H,2950,USA,38021,Jason,Damm,1,36
27,39.397910586935375,52.700024739672635,Kaleb Geiger (USA),Ruck,Green,947041,3,H,2950,USA,43952,Kaleb,Geiger,1,39
28,39.69921198314165,52.700024739672635,Erich Storti (USA),Ruck,Green,947041,15,H,2950,USA,55128,Erich,Storti,1,39
29,39.809574036,55.809156928,Charlie Lawrence (Japan),Tackle,Red,947041,12,A,3000,Japan,32522,Charlie,Lawrence,1,39
30,41.09222222222222,46.09222222222222,Amato Fakatava (Japan),Tackle,Green,947041,8,A,3000,Japan,36500,Amato,Fakatava,1,40
31,41.59777177458341,52.700024739672635,Paddy Ryan (USA),Ruck,Green,947041,6,H,2950,USA,31271,Paddy,Ryan,1,40
32,46.099568023482036,64.19992541211646,Kapeli Pifeleti (USA),Carry,Red,947041,2,H,2950,USA,33820,Kapeli,Pifeleti,1,45
33,48.3977832899244,62.89999620869786,Dominic Besag (USA),Ruck,Green,947041,13,H,2950,USA,60169,Dominic,Besag,1,47
34,48.399254229284345,62.89999620869786,Marno Redelinghuys (USA),Ruck,Red,947041,4,H,2950,USA,25254,Marno,Redelinghuys,1,47
35,50.08250400266639,59.591069579,Ben Gunter (Japan),Tackle,Green,947041,6,A,3000,Japan,26283,Ben,Gunter,1,49
36,50.09224489795918,55.09224489795918,Charlie Lawrence (Japan),Phase Defence,Red,947041,12,A,3000,Japan,32522,Charlie,Lawrence,1,49
37,50.19834879119651,62.89999620869786,Erich Storti (USA),Ruck,Green,947041,15,H,2950,USA,55128,Erich,Storti,1,49
38,50.20095238095238,55.20095238095238,Kenta Fukuda (Japan),Phase Defence,Red,947041,9,A,3000,Japan,36475,Kenta,Fukuda,1,49
39,52.39685967595323,65.49990270464093,Kaleb Geiger (USA),Ruck,Yellow,947041,3,H,2950,USA,43952,Kaleb,Geiger,1,51
40,52.79888184282137,65.49990270464093,Christian Poidevin (USA),Ruck,Yellow,947041,7,H,2950,USA,32698,Christian,Poidevin,1,51
41,52.88108843537415,57.88108843537415,Charlie Lawrence (Japan),Tackle,Green,947041,12,A,3000,Japan,32522,Charlie,Lawrence,1,52
42,52.99861874288999,66.5000408805941,Ezekiel Lindenmuth (USA),Carry,Red,947041,1,H,2950,USA,28161,Ezekiel,Lindenmuth,1,52
43,55.871457548,57.88108843537415,Amato Fakatava (Japan),Tackle,Green,947041,8,A,3000,Japan,36500,Amato,Fakatava,1,55
44,58.09850410716925,74.49996009359207,Paddy Ryan (USA),Carry,Green,947041,6,H,2950,USA,31271,Paddy,Ryan,1,57
45,58.56680272108843,67.674277243,Seungsin Lee (Japan),Tackle,Green,947041,10,A,3000,Japan,37841,Seungsin,Lee,1,57
46,58.89921479272621,74.20003696094547,Jason Damm (USA),Ruck,Green,947041,5,H,2950,USA,38021,Jason,Damm,1,58
47,59.78112011599912,72.287589992,Charlie Lawrence (Japan),Jackler,Green,947041,12,A,3000,Japan,32522,Charlie,Lawrence,1,58
48,59.79931337631055,74.20003696094547,Rufus McLean (USA),Ruck,Green,947041,14,H,2950,USA,33897,Rufus,McLean,1,58
49,63.89557416084497,81.4000076774463,Ezekiel Lindenmuth (USA),Carry,Red,947041,1,H,2950,USA,28161,Ezekiel,Lindenmuth,1,103
50,64.39888492359484,78.70003703232044,Kaleb Geiger (USA),Ruck,Green,947041,3,H,2950,USA,43952,Kaleb,Geiger,1,103
51,64.99803050785366,78.70003703232044,Christian Poidevin (USA),Ruck,Green,947041,7,H,2950,USA,32698,Christian,Poidevin,1,104
52,67.62086167800453,72.62086167800453,Kanji Shimokawa (Japan),Tackle,Green,947041,7,A,3000,Japan,30962,Kanji,Shimokawa,1,106
53,68.39886402691725,86.10001599134492,Makeen Alikhan (USA),Carry,Green,947041,8,H,2950,USA,40407,Makeen,Alikhan,1,107
54,70.5965040632785,84.60003088531285,Kapeli Pifeleti (USA),Ruck,Yellow,947041,2,H,2950,USA,33820,Kapeli,Pifeleti,1,108
55,71.59843968858974,84.60003088531285,Marno Redelinghuys (USA),Ruck,Yellow,947041,4,H,2950,USA,25254,Marno,Redelinghuys,1,108
56,72.27447725,77.27447725,Waisake Raratubua (Japan),Tackle,Green,947041,4,A,3000,Japan,30796,Waisake,Raratubua,1,111
57,74.714655793,81.723286244,Ben Gunter (Japan),Jackler,Green,947041,6,A,3000,Japan,26283,Ben,Gunter,1,113
58,76.723286244,81.723286244,Dylan Riley (Japan),Tackle,Green,947041,13,A,3000,Japan,27652,Dylan,Riley,1,117
59,76.723286244,82.690966134,Kenta Kobayashi (Japan),Jackler,Green,947041,1,A,3000,Japan,34481,Kenta,Kobayashi,1,117
60,237.470407592,253.511265083,Ezekiel Lindenmuth (USA),Lineout Defence,Green,947041,1,H,2950,USA,28161,Ezekiel,Lindenmuth,1,305
61,237.470407592,253.511265083,Kaleb Geiger (USA),Lineout Defence,Green,947041,3,H,2950,USA,43952,Kaleb,Geiger,1,305
62,237.470407592,253.511265083,Marno Redelinghuys (USA),Lineout Defence,Green,947041,4,H,2950,USA,25254,Marno,Redelinghuys,1,305
63,237.470407592,253.511265083,Jason Damm (USA),Lineout Defence,Green,947041,5,H,2950,USA,38021,Jason,Damm,1,305
64,237.470407592,253.511265083,Paddy Ryan (USA),Lineout Defence,Green,947041,6,H,2950,USA,31271,Paddy,Ryan,1,305
65,237.470407592,253.511265083,Makeen Alikhan (USA),Lineout Defence,Green,947041,8,H,2950,USA,40407,Makeen,Alikhan,1,305
66,240.006519111,249.654297638,Kenta Kobayashi (Japan),Lineout Attack,Green,947041,1,A,3000,Japan,34481,Kenta,Kobayashi,1,305
67,240.006519111,249.654297638,Hayate Era (Japan),Lineout Attack,Green,947041,2,A,3000,Japan,61955,Hayate,Era,1,305
68,240.006519111,249.654297638,Shuhei Takeuchi (Japan),Lineout Attack,Green,947041,3,A,3000,Japan,37874,Shuhei,Takeuchi,1,305
69,240.006519111,249.654297638,Waisake Raratubua (Japan),Lineout Attack,Green,947041,4,A,3000,Japan,30796,Waisake,Raratubua,1,305
70,240.006519111,249.654297638,Warner Dearns (Japan),Lineout Attack,Green,947041,5,A,3000,Japan,40399,Warner,Dearns,1,305
71,240.006519111,249.654297638,Kanji Shimokawa (Japan),Lineout Attack,Green,947041,7,A,3000,Japan,30962,Kanji,Shimokawa,1,305
72,240.006519111,249.654297638,Amato Fakatava (Japan),Lineout Attack,Green,947041,8,A,3000,Japan,36500,Amato,Fakatava,1,305
73,241.9161224489796,248.99919403933265,Kanji Shimokawa (Japan),Carry,Green,947041,7,A,3000,Japan,30962,Kanji,Shimokawa,1,309
74,242.69889752272925,259.5003373925552,Christian Poidevin (USA),Tackle,Green,947041,7,H,2950,USA,32698,Christian,Poidevin,1,309
75,243.29867006399763,259.5003373925552,Chris Hilsenbeck (USA),Tackle,Green,947041,10,H,2950,USA,27595,Chris,Hilsenbeck,1,310
76,243.598371480679,259.5003373925552,Toby Fricker (USA),Tackle,Green,947041,11,H,2950,USA,34095,Toby,Fricker,1,310
77,250.119385008,255.119385008,Charlie Lawrence (Japan),Ruck,Green,947041,12,A,3000,Japan,32522,Charlie,Lawrence,1,317
78,250.119385008,255.119385008,Kippei Ishida (Japan),Ruck,Green,947041,14,A,3000,Japan,34036,Kippei,Ishida,1,317
79,251.1980885242423,266.60002363434046,Jason Damm (USA),Tackle,Green,947041,5,H,2950,USA,38021,Jason,Damm,1,317
80,251.69804389775953,266.60002363434046,Makeen Alikhan (USA),Tackle,Green,947041,8,H,2950,USA,40407,Makeen,Alikhan,1,319
81,256.18399133966517,261.379976049,Kenta Kobayashi (Japan),Ruck,Green,947041,1,A,3000,Japan,34481,Kenta,Kobayashi,1,323
82,256.99877830003226,269.60001233181686,Rufus McLean (USA),Tackle,Green,947041,14,H,2950,USA,33897,Rufus,McLean,1,324
83,257.49802030031674,269.60001233181686,Dominic Besag (USA),Tackle,Green,947041,13,H,2950,USA,60169,Dominic,Besag,1,324
84,258.07199598,263.07199598,Ben Gunter (Japan),Ruck,Green,947041,6,A,3000,Japan,26283,Ben,Gunter,1,325
85,258.865373855,266.217291811,Warner Dearns (Japan),Carry,Green,947041,5,A,3000,Japan,40399,Warner,Dearns,1,326
86,259.645289805,265.6999724039851,Toby Fricker (USA),Phase Defence,Red,947041,11,H,2950,USA,34095,Toby,Fricker,1,326
87,259.645289805,265.6999724039851,Tavite Lopeti (USA),Phase Defence,Red,947041,12,H,2950,USA,39901,Tavite,Lopeti,1,326
88,259.645289805,265.6999724039851,Erich Storti (USA),Phase Defence,Red,947041,15,H,2950,USA,55128,Erich,Storti,1,326
89,260.983832218,265.983832218,Sam Greene (Japan),Ruck,Green,947041,15,A,3000,Japan,22606,Sam,Greene,1,327
90,262.6987014931023,281.3001301448313,Tavite Lopeti (USA),Carry,Red,947041,12,H,2950,USA,39901,Tavite,Lopeti,1,329
91,263.225635849,268.225635849,Kippei Ishida (Japan),Ruck,Yellow,947041,14,A,3000,Japan,34036,Kippei,Ishida,1,329
92,263.402619311,268.402619311,Amato Fakatava (Japan),Ruck,Green,947041,8,A,3000,Japan,36500,Amato,Fakatava,1,329
93,264.007409704,269.007409704,Dylan Riley (Japan),Carry,Green,947041,13,A,3000,Japan,27652,Dylan,Riley,1,332
94,264.69850946355103,279.6001628344243,Toby Fricker (USA),Ruck,Green,947041,11,H,2950,USA,34095,Toby,Fricker,1,332
95,265.6985161910027,279.6001628344243,Marno Redelinghuys (USA),Ruck,Yellow,947041,4,H,2950,USA,25254,Marno,Redelinghuys,1,332
96,266.5990015463405,279.6001628344243,Erich Storti (USA),Ruck,Green,947041,15,H,2950,USA,55128,Erich,Storti,1,332
97,268.55371882086166,273.55371882086166,Kanji Shimokawa (Japan),Phase Defence,Red,947041,7,A,3000,Japan,30962,Kanji,Shimokawa,1,335
98,270.4985394890265,290.40005817572876,Christian Poidevin (USA),Ruck,Green,947041,7,H,2950,USA,32698,Christian,Poidevin,1,337
99,270.8987243946236,293.50000278535776,Kapeli Pifeleti (USA),Carry,Red,947041,2,H,2950,USA,33820,Kapeli,Pifeleti,1,338
100,271.29822123795543,290.40005817572876,Kaleb Geiger (USA),Ruck,Green,947041,3,H,2950,USA,43952,Kaleb,Geiger,1,338
101,271.48063492063494,279.659911613,Waisake Raratubua (Japan),Tackle,Green,947041,4,A,3000,Japan,30796,Waisake,Raratubua,1,338
102,272.9986035298882,290.40005817572876,Ezekiel Lindenmuth (USA),Ruck,Green,947041,1,H,2950,USA,28161,Ezekiel,Lindenmuth,1,339
103,275.18304018999953,285.40005084033265,Kenta Kobayashi (Japan),Tackle,Green,947041,1,A,3000,Japan,34481,Kenta,Kobayashi,1,341
104,275.69736848840455,290.40005817572876,Marno Redelinghuys (USA),Ruck,Green,947041,4,H,2950,USA,25254,Marno,Redelinghuys,1,344
105,355.88331386783113,370.886670659,Kenta Kobayashi (Japan),Scrum Attack,Green,947041,1,A,3000,Japan,34481,Kenta,Kobayashi,1,501
106,355.88331386783113,370.886670659,Hayate Era (Japan),Scrum Attack,Green,947041,2,A,3000,Japan,61955,Hayate,Era,1,501
107,355.88331386783113,370.886670659,Shuhei Takeuchi (Japan),Scrum Attack,Green,947041,3,A,3000,Japan,37874,Shuhei,Takeuchi,1,501
108,355.88331386783113,370.886670659,Waisake Raratubua (Japan),Scrum Attack,Yellow,947041,4,A,3000,Japan,30796,Waisake,Raratubua,1,501
109,355.88331386783113,370.886670659,Warner Dearns (Japan),Scrum Attack,Green,947041,5,A,3000,Japan,40399,Warner,Dearns,1,501
110,355.88331386783113,370.886670659,Ben Gunter (Japan),Scrum Attack,Green,947041,6,A,3000,Japan,26283,Ben,Gunter,1,501
111,355.88331386783113,370.886670659,Kanji Shimokawa (Japan),Scrum Attack,Green,947041,7,A,3000,Japan,30962,Kanji,Shimokawa,1,501
112,355.88331386783113,370.886670659,Amato Fakatava (Japan),Scrum Attack,Green,947041,8,A,3000,Japan,36500,Amato,Fakatava,1,501
113,357.97774157,372.654381875,Ezekiel Lindenmuth (USA),Scrum Defence,Green,947041,1,H,2950,USA,28161,Ezekiel,Lindenmuth,1,505
114,357.97774157,372.654381875,Kapeli Pifeleti (USA),Scrum Defence,Yellow,947041,2,H,2950,USA,33820,Kapeli,Pifeleti,1,505
115,357.97774157,372.654381875,Kaleb Geiger (USA),Scrum Defence,Yellow,947041,3,H,2950,USA,43952,Kaleb,Geiger,1,505
116,357.97774157,372.654381875,Marno Redelinghuys (USA),Scrum Defence,Green,947041,4,H,2950,USA,25254,Marno,Redelinghuys,1,505
117,357.97774157,372.654381875,Jason Damm (USA),Scrum Defence,Green,947041,5,H,2950,USA,38021,Jason,Damm,1,505
118,357.97774157,372.654381875,Paddy Ryan (USA),Scrum Defence,Green,947041,6,H,2950,USA,31271,Paddy,Ryan,1,505
119,357.97774157,372.654381875,Christian Poidevin (USA),Scrum Defence,Green,947041,7,H,2950,USA,32698,Christian,Poidevin,1,505
120,357.97774157,372.654381875,Makeen Alikhan (USA),Scrum Defence,Green,947041,8,H,2950,USA,40407,Makeen,Alikhan,1,505
121,361.2985142348854,373.2000562723301,Dominic Besag (USA),Tackle,Green,947041,13,H,2950,USA,60169,Dominic,Besag,1,508
122,362.6557369614512,371.040372323,Dylan Riley (Japan),Carry,Green,947041,13,A,3000,Japan,27652,Dylan,Riley,1,510
123,365.0986578364183,379.200443694629,Toby Fricker (USA),Carry,Green,947041,11,H,2950,USA,34095,Toby,Fricker,1,512
124,365.999473036133,379.70009573718664,Makeen Alikhan (USA),Ruck,Green,947041,8,H,2950,USA,40407,Makeen,Alikhan,1,513
125,366.3987512858928,379.70009573718664,Christian Poidevin (USA),Ruck,Green,947041,7,H,2950,USA,32698,Christian,Poidevin,1,513
126,367.8082539682539,372.8082539682539,Kenta Kobayashi (Japan),Phase Defence,Red,947041,1,A,3000,Japan,34481,Kenta,Kobayashi,1,514
127,367.8082539682539,372.8082539682539,Shuhei Takeuchi (Japan),Phase Defence,Red,947041,3,A,3000,Japan,37874,Shuhei,Takeuchi,1,514
128,367.8082539682539,372.8082539682539,Waisake Raratubua (Japan),Phase Defence,Red,947041,4,A,3000,Japan,30796,Waisake,Raratubua,1,514
129,367.91503401360546,372.91503401360546,Tomoki Osada (Japan),Jackler,Green,947041,11,A,3000,Japan,31059,Tomoki,Osada,1,514
130,368.692450755,373.692450755,Dylan Riley (Japan),Jackler,Green,947041,13,A,3000,Japan,27652,Dylan,Riley,1,516
131,369.5983180808694,385.9999949080244,Jason Damm (USA),Carry,Green,947041,5,H,2950,USA,38021,Jason,Damm,1,517
132,370.6993797320532,385.30002048252527,Marno Redelinghuys (USA),Ruck,Red,947041,4,H,2950,USA,25254,Marno,Redelinghuys,1,518
133,371.49830973133214,385.30002048252527,Ezekiel Lindenmuth (USA),Ruck,Red,947041,1,H,2950,USA,28161,Ezekiel,Lindenmuth,1,518
134,375.3984585392946,389.20037973863737,Kapeli Pifeleti (USA),Carry,Green,947041,2,H,2950,USA,33820,Kapeli,Pifeleti,1,523
135,375.844110528,381.622039816,Kenta Kobayashi (Japan),Tackle,Green,947041,1,A,3000,Japan,34481,Kenta,Kobayashi,1,523
136,376.0987900127981,388.0999545734415,Kaleb Geiger (USA),Ruck,Green,947041,3,H,2950,USA,43952,Kaleb,Geiger,1,523
137,376.816485260771,381.816485260771,Shuhei Takeuchi (Japan),Tackle,Green,947041,3,A,3000,Japan,37874,Shuhei,Takeuchi,1,523
138,378.020500656,383.020500656,Waisake Raratubua (Japan),Tackle,Green,947041,4,A,3000,Japan,30796,Waisake,Raratubua,1,522
139,381.725320256,386.725320256,Kenta Fukuda (Japan),Tackle,Green,947041,9,A,3000,Japan,36475,Kenta,Fukuda,1,528
140,479.92347928,494.931191533,Ezekiel Lindenmuth (USA),Lineout Defence,Green,947041,1,H,2950,USA,28161,Ezekiel,Lindenmuth,1,631
141,479.92347928,494.931191533,Kapeli Pifeleti (USA),Lineout Defence,Green,947041,2,H,2950,USA,33820,Kapeli,Pifeleti,1,631
142,479.92347928,494.931191533,Kaleb Geiger (USA),Lineout Defence,Green,947041,3,H,2950,USA,43952,Kaleb,Geiger,1,631
143,479.92347928,494.931191533,Marno Redelinghuys (USA),Lineout Defence,Green,947041,4,H,2950,USA,25254,Marno,Redelinghuys,1,631
144,479.92347928,494.931191533,Jason Damm (USA),Lineout Defence,Green,947041,5,H,2950,USA,38021,Jason,Damm,1,631
145,479.92347928,494.931191533,Paddy Ryan (USA),Lineout Defence,Green,947041,6,H,2950,USA,31271,Paddy,Ryan,1,631
146,479.92347928,494.931191533,Makeen Alikhan (USA),Lineout Defence,Green,947041,8,H,2950,USA,40407,Makeen,Alikhan,1,631
147,479.92347928,494.931191533,Ruben de Haas (USA),Lineout Defence,Green,947041,9,H,2950,USA,30203,Ruben,de Haas,1,631
148,480.1575736961451,499.933610399,Kanji Shimokawa (Japan),Lineout Attack,Green,947041,7,A,3000,Japan,30962,Kanji,Shimokawa,1,631
149,480.1575736961451,499.933610399,Amato Fakatava (Japan),Lineout Attack,Green,947041,8,A,3000,Japan,36500,Amato,Fakatava,1,631
150,481.321453358,499.933610399,Kenta Kobayashi (Japan),Lineout Attack,Green,947041,1,A,3000,Japan,34481,Kenta,Kobayashi,1,632
151,481.321453358,499.933610399,Shuhei Takeuchi (Japan),Lineout Attack,Green,947041,3,A,3000,Japan,37874,Shuhei,Takeuchi,1,632
152,481.321453358,499.933610399,Waisake Raratubua (Japan),Lineout Attack,Green,947041,4,A,3000,Japan,30796,Waisake,Raratubua,1,632
153,481.321453358,499.933610399,Warner Dearns (Japan),Lineout Attack,Yellow,947041,5,A,3000,Japan,40399,Warner,Dearns,1,632
154,483.489057053,494.931191533,Christian Poidevin (USA),Lineout Defence,Green,947041,7,H,2950,USA,32698,Christian,Poidevin,1,634
155,489.2982984793893,515.6001235236357,Makeen Alikhan (USA),Tackle,Green,947041,8,H,2950,USA,40407,Makeen,Alikhan,1,640
156,489.355950522,499.9985398496672,Hayate Era (Japan),Ruck,Green,947041,2,A,3000,Japan,61955,Hayate,Era,1,640
157,489.355950522,500.6992578076658,Ben Gunter (Japan),Ruck,Green,947041,6,A,3000,Japan,26283,Ben,Gunter,1,640
158,489.355950522,502.09880297399974,Kanji Shimokawa (Japan),Ruck,Green,947041,7,A,3000,Japan,30962,Kanji,Shimokawa,1,640
159,490.0339002267574,495.0339002267574,Shuhei Takeuchi (Japan),Carry,Green,947041,3,A,3000,Japan,37874,Shuhei,Takeuchi,1,641
160,490.19815306241014,515.6001235236357,Marno Redelinghuys (USA),Tackle,Green,947041,4,H,2950,USA,25254,Marno,Redelinghuys,1,641
161,500.135249852,516.258775510204,Kenta Kobayashi (Japan),Kick Chase,Green,947041,1,A,3000,Japan,34481,Kenta,Kobayashi,1,650
162,500.135249852,516.258775510204,Hayate Era (Japan),Kick Chase,Green,947041,2,A,3000,Japan,61955,Hayate,Era,1,650
163,500.135249852,516.258775510204,Shuhei Takeuchi (Japan),Kick Chase,Green,947041,3,A,3000,Japan,37874,Shuhei,Takeuchi,1,650
164,500.135249852,516.258775510204,Waisake Raratubua (Japan),Kick Chase,Green,947041,4,A,3000,Japan,30796,Waisake,Raratubua,1,650
165,500.135249852,516.258775510204,Warner Dearns (Japan),Kick Chase,Red,947041,5,A,3000,Japan,40399,Warner,Dearns,1,650
166,500.135249852,516.258775510204,Ben Gunter (Japan),Kick Chase,Green,947041,6,A,3000,Japan,26283,Ben,Gunter,1,650
167,500.135249852,516.258775510204,Kanji Shimokawa (Japan),Kick Chase,Green,947041,7,A,3000,Japan,30962,Kanji,Shimokawa,1,650
168,500.135249852,516.258775510204,Amato Fakatava (Japan),Kick Chase,Green,947041,8,A,3000,Japan,36500,Amato,Fakatava,1,650
169,500.135249852,516.258775510204,Kenta Fukuda (Japan),Kick Chase,Green,947041,9,A,3000,Japan,36475,Kenta,Fukuda,1,650
170,500.135249852,516.258775510204,Tomoki Osada (Japan),Kick Chase,Green,947041,11,A,3000,Japan,31059,Tomoki,Osada,1,650
171,500.135249852,516.258775510204,Charlie Lawrence (Japan),Kick Chase,Green,947041,12,A,3000,Japan,32522,Charlie,Lawrence,1,650
172,500.135249852,516.258775510204,Dylan Riley (Japan),Kick Chase,Green,947041,13,A,3000,Japan,27652,Dylan,Riley,1,650
173,500.135249852,516.258775510204,Kippei Ishida (Japan),Kick Chase,Green,947041,14,A,3000,Japan,34036,Kippei,Ishida,1,650
174,501.292308228,507.029930542,Kapeli Pifeleti (USA),Charge Down,Green,947041,2,H,2950,USA,33820,Kapeli,Pifeleti,1,650
175,502.029930542,516.421040059,Ezekiel Lindenmuth (USA),Kick Retreat,Green,947041,1,H,2950,USA,28161,Ezekiel,Lindenmuth,1,650
176,502.029930542,516.421040059,Kapeli Pifeleti (USA),Kick Retreat,Red,947041,2,H,2950,USA,33820,Kapeli,Pifeleti,1,650
177,502.029930542,516.421040059,Kaleb Geiger (USA),Kick Retreat,Green,947041,3,H,2950,USA,43952,Kaleb,Geiger,1,650
178,502.029930542,516.421040059,Marno Redelinghuys (USA),Kick Retreat,Green,947041,4,H,2950,USA,25254,Marno,Redelinghuys,1,650
179,502.029930542,516.421040059,Jason Damm (USA),Kick Retreat,Green,947041,5,H,2950,USA,38021,Jason,Damm,1,650
180,502.029930542,516.421040059,Paddy Ryan (USA),Kick Retreat,Green,947041,6,H,2950,USA,31271,Paddy,Ryan,1,650
181,502.029930542,516.421040059,Christian Poidevin (USA),Kick Retreat,Green,947041,7,H,2950,USA,32698,Christian,Poidevin,1,650
182,502.029930542,516.421040059,Makeen Alikhan (USA),Kick Retreat,Green,947041,8,H,2950,USA,40407,Makeen,Alikhan,1,650
183,502.029930542,516.421040059,Ruben de Haas (USA),Kick Retreat,Green,947041,9,H,2950,USA,30203,Ruben,de Haas,1,650
184,502.029930542,516.421040059,Chris Hilsenbeck (USA),Kick Retreat,Green,947041,10,H,2950,USA,27595,Chris,Hilsenbeck,1,650
185,502.029930542,516.421040059,Toby Fricker (USA),Kick Retreat,Green,947041,11,H,2950,USA,34095,Toby,Fricker,1,650
186,502.029930542,516.421040059,Tavite Lopeti (USA),Kick Retreat,Green,947041,12,H,2950,USA,39901,Tavite,Lopeti,1,650
187,502.029930542,516.421040059,Dominic Besag (USA),Kick Retreat,Green,947041,13,H,2950,USA,60169,Dominic,Besag,1,650
188,507.535260770975,522.4999514099981,Amato Fakatava (Japan),Tackle,Green,947041,8,A,3000,Japan,36500,Amato,Fakatava,1,658
189,508.1989548353953,524.2000033119939,Rufus McLean (USA),Carry,Green,947041,14,H,2950,USA,33897,Rufus,McLean,1,700
190,509.198812556815,523.1000894070617,Christian Poidevin (USA),Ruck,Green,947041,7,H,2950,USA,32698,Christian,Poidevin,1,700
191,510.0984215452429,523.1000894070617,Erich Storti (USA),Ruck,Green,947041,15,H,2950,USA,55128,Erich,Storti,1,702
192,510.5339229024943,516.37214661,Waisake Raratubua (Japan),Tackle,Green,947041,4,A,3000,Japan,30796,Waisake,Raratubua,1,702
193,510.6991489733171,523.1000894070617,Paddy Ryan (USA),Ruck,Green,947041,6,H,2950,USA,31271,Paddy,Ryan,1,702
194,560.0841276854196,578.235808137,Kenta Kobayashi (Japan),Lineout Attack,Green,947041,1,A,3000,Japan,34481,Kenta,Kobayashi,1,750
195,560.0841276854196,578.235808137,Hayate Era (Japan),Lineout Attack,Green,947041,2,A,3000,Japan,61955,Hayate,Era,1,750
196,560.0841276854196,578.235808137,Shuhei Takeuchi (Japan),Lineout Attack,Green,947041,3,A,3000,Japan,37874,Shuhei,Takeuchi,1,750
197,560.0841276854196,578.235808137,Waisake Raratubua (Japan),Lineout Attack,Yellow,947041,4,A,3000,Japan,30796,Waisake,Raratubua,1,750
198,560.0841276854196,578.235808137,Warner Dearns (Japan),Lineout Attack,Yellow,947041,5,A,3000,Japan,40399,Warner,Dearns,1,750
199,560.0841276854196,578.235808137,Ben Gunter (Japan),Lineout Attack,Yellow,947041,6,A,3000,Japan,26283,Ben,Gunter,1,750
200,560.0841276854196,578.235808137,Kanji Shimokawa (Japan),Lineout Attack,Green,947041,7,A,3000,Japan,30962,Kanji,Shimokawa,1,750
201,560.0841276854196,578.235808137,Amato Fakatava (Japan),Lineout Attack,Green,947041,8,A,3000,Japan,36500,Amato,Fakatava,1,750
202,560.2251020408163,574.479607682,Ezekiel Lindenmuth (USA),Lineout Defence,Green,947041,1,H,2950,USA,28161,Ezekiel,Lindenmuth,1,750
203,560.2251020408163,574.479607682,Kaleb Geiger (USA),Lineout Defence,Green,947041,3,H,2950,USA,43952,Kaleb,Geiger,1,750
204,560.2251020408163,574.479607682,Marno Redelinghuys (USA),Lineout Defence,Green,947041,4,H,2950,USA,25254,Marno,Redelinghuys,1,750
205,560.2251020408163,574.479607682,Jason Damm (USA),Lineout Defence,Green,947041,5,H,2950,USA,38021,Jason,Damm,1,750
206,561.015396751,574.479607682,Makeen Alikhan (USA),Lineout Defence,Green,947041,8,H,2950,USA,40407,Makeen,Alikhan,1,750
207,561.566064277,574.479607682,Paddy Ryan (USA),Lineout Defence,Green,947041,6,H,2950,USA,31271,Paddy,Ryan,1,753
208,565.5984469320689,579.5000839243132,Kaleb Geiger (USA),Tackle,Green,947041,3,H,2950,USA,43952,Kaleb,Geiger,1,756
209,566.7983665537807,579.5000839243132,Christian Poidevin (USA),Tackle,Green,947041,7,H,2950,USA,32698,Christian,Poidevin,1,758
210,569.0991165913197,590.6001290886722,Jason Damm (USA),Tackle,Green,947041,5,H,2950,USA,38021,Jason,Damm,1,800
211,569.4837436723326,578.890362465,Shuhei Takeuchi (Japan),Ruck,Green,947041,3,A,3000,Japan,37874,Shuhei,Takeuchi,1,800
212,569.6983890804069,590.6001290886722,Ezekiel Lindenmuth (USA),Tackle,Green,947041,1,H,2950,USA,28161,Ezekiel,Lindenmuth,1,800
213,572.140612244898,578.637251565,Charlie Lawrence (Japan),Carry,Green,947041,12,A,3000,Japan,32522,Charlie,Lawrence,1,802
214,576.1405668934241,587.146417677,Warner Dearns (Japan),Ruck,Red,947041,5,A,3000,Japan,40399,Warner,Dearns,1,808
215,577.5128798185941,582.5128798185941,Kenta Fukuda (Japan),Ruck,Green,947041,9,A,3000,Japan,36475,Kenta,Fukuda,1,808
216,577.5987681419452,589.7000017673361,Christian Poidevin (USA),Tackle,Green,947041,7,H,2950,USA,32698,Christian,Poidevin,1,808
217,577.6987974044847,592.2001063566518,Ezekiel Lindenmuth (USA),Jackler,Red,947041,1,H,2950,USA,28161,Ezekiel,Lindenmuth,1,808
218,579.37282879,584.37282879,Amato Fakatava (Japan),Carry,Green,947041,8,A,3000,Japan,36500,Amato,Fakatava,1,810
219,581.1094557823129,586.1094557823129,Hayate Era (Japan),Ruck,Green,947041,2,A,3000,Japan,61955,Hayate,Era,1,811
220,582.598171091,590.602836549,Kenta Kobayashi (Japan),Ruck,Green,947041,1,A,3000,Japan,34481,Kenta,Kobayashi,1,814
221,582.7487301587302,589.99726035,Shuhei Takeuchi (Japan),Ruck,Red,947041,3,A,3000,Japan,37874,Shuhei,Takeuchi,1,814
222,583.6984705599439,603.300009629423,Tavite Lopeti (USA),Carry,Green,947041,12,H,2950,USA,39901,Tavite,Lopeti,1,814
223,586.0980335256626,601.6000562474122,Paddy Ryan (USA),Ruck,Green,947041,6,H,2950,USA,31271,Paddy,Ryan,1,817
224,586.386244122,591.386244122,Kanji Shimokawa (Japan),Carry,Green,947041,7,A,3000,Japan,30962,Kanji,Shimokawa,1,817
225,586.401987204,591.7962470946668,Seungsin Lee (Japan),Jackler,Green,947041,10,A,3000,Japan,37841,Seungsin,Lee,1,817
226,586.8966606075443,601.6000562474122,Makeen Alikhan (USA),Ruck,Green,947041,8,H,2950,USA,40407,Makeen,Alikhan,1,817
227,588.2976325660449,601.6000562474122,Dominic Besag (USA),Ruck,Green,947041,13,H,2950,USA,60169,Dominic,Besag,1,815
228,588.4980827636645,597.907804156,Dylan Riley (Japan),Jackler,Green,947041,13,A,3000,Japan,27652,Dylan,Riley,1,815
229,590.1356084,609.231653336,Kenta Kobayashi (Japan),Kick Retreat,Green,947041,1,A,3000,Japan,34481,Kenta,Kobayashi,1,820
230,590.1356084,609.231653336,Hayate Era (Japan),Kick Retreat,Green,947041,2,A,3000,Japan,61955,Hayate,Era,1,820
231,590.1356084,609.231653336,Shuhei Takeuchi (Japan),Kick Retreat,Green,947041,3,A,3000,Japan,37874,Shuhei,Takeuchi,1,820
232,590.1356084,609.231653336,Waisake Raratubua (Japan),Kick Retreat,Green,947041,4,A,3000,Japan,30796,Waisake,Raratubua,1,820
233,590.1356084,609.231653336,Warner Dearns (Japan),Kick Retreat,Green,947041,5,A,3000,Japan,40399,Warner,Dearns,1,820
234,590.1356084,609.231653336,Ben Gunter (Japan),Kick Retreat,Green,947041,6,A,3000,Japan,26283,Ben,Gunter,1,820
235,590.1356084,609.231653336,Kanji Shimokawa (Japan),Kick Retreat,Green,947041,7,A,3000,Japan,30962,Kanji,Shimokawa,1,820
236,590.1356084,609.231653336,Amato Fakatava (Japan),Kick Retreat,Green,947041,8,A,3000,Japan,36500,Amato,Fakatava,1,820
237,590.1356084,609.231653336,Kenta Fukuda (Japan),Kick Retreat,Green,947041,9,A,3000,Japan,36475,Kenta,Fukuda,1,820
238,590.1356084,609.231653336,Seungsin Lee (Japan),Kick Retreat,Green,947041,10,A,3000,Japan,37841,Seungsin,Lee,1,820
239,590.1356084,609.231653336,Charlie Lawrence (Japan),Kick Retreat,Green,947041,12,A,3000,Japan,32522,Charlie,Lawrence,1,820
240,590.1356084,609.231653336,Dylan Riley (Japan),Kick Retreat,Green,947041,13,A,3000,Japan,27652,Dylan,Riley,1,820
241,590.1356084,609.231653336,Sam Greene (Japan),Kick Retreat,Green,947041,15,A,3000,Japan,22606,Sam,Greene,1,820
242,590.2626077097506,596.8999217805568,Kanji Shimokawa (Japan),Charge Down,Green,947041,7,A,3000,Japan,30962,Kanji,Shimokawa,1,820
243,590.844871495,607.394881556,Toby Fricker (USA),Kick Chase,Green,947041,11,H,2950,USA,34095,Toby,Fricker,1,820
244,590.844871495,607.394881556,Tavite Lopeti (USA),Kick Chase,Green,947041,12,H,2950,USA,39901,Tavite,Lopeti,1,820
245,590.844871495,607.394881556,Dominic Besag (USA),Kick Chase,Green,947041,13,H,2950,USA,60169,Dominic,Besag,1,820
246,591.417400351,607.394881556,Ezekiel Lindenmuth (USA),Kick Chase,Green,947041,1,H,2950,USA,28161,Ezekiel,Lindenmuth,1,820
247,591.417400351,607.394881556,Kapeli Pifeleti (USA),Kick Chase,Green,947041,2,H,2950,USA,33820,Kapeli,Pifeleti,1,820
248,591.417400351,607.394881556,Kaleb Geiger (USA),Kick Chase,Green,947041,3,H,2950,USA,43952,Kaleb,Geiger,1,820
249,591.417400351,607.394881556,Marno Redelinghuys (USA),Kick Chase,Green,947041,4,H,2950,USA,25254,Marno,Redelinghuys,1,820
250,591.417400351,607.394881556,Jason Damm (USA),Kick Chase,Green,947041,5,H,2950,USA,38021,Jason,Damm,1,820
251,591.417400351,607.394881556,Paddy Ryan (USA),Kick Chase,Green,947041,6,H,2950,USA,31271,Paddy,Ryan,1,820
252,591.417400351,607.394881556,Christian Poidevin (USA),Kick Chase,Green,947041,7,H,2950,USA,32698,Christian,Poidevin,1,820
253,591.417400351,607.394881556,Makeen Alikhan (USA),Kick Chase,Green,947041,8,H,2950,USA,40407,Makeen,Alikhan,1,820
254,591.800985007,607.394881556,Ruben de Haas (USA),Kick Chase,Green,947041,9,H,2950,USA,30203,Ruben,de Haas,1,820
255,595.510714543,607.394881556,Erich Storti (USA),Kick Chase,Green,947041,15,H,2950,USA,55128,Erich,Storti,1,821
256,601.0983631191896,615.4999060311394,Marno Redelinghuys (USA),Linebreak Defence,Gold,947041,4,H,2950,USA,25254,Marno,Redelinghuys,1,831
257,602.842537916,617.659198204,Waisake Raratubua (Japan),Kick Chase,Green,947041,4,A,3000,Japan,30796,Waisake,Raratubua,1,831
258,602.842537916,617.659198204,Amato Fakatava (Japan),Kick Chase,Green,947041,8,A,3000,Japan,36500,Amato,Fakatava,1,831
259,602.842537916,617.659198204,Tomoki Osada (Japan),Kick Chase,Green,947041,11,A,3000,Japan,31059,Tomoki,Osada,1,831
260,602.9985386145265,614.7000676223605,Tavite Lopeti (USA),Tackle,Green,947041,12,H,2950,USA,39901,Tavite,Lopeti,1,831
261,604.9977324263039,618.1999491921424,Ezekiel Lindenmuth (USA),Kick Retreat,Green,947041,1,H,2950,USA,28161,Ezekiel,Lindenmuth,1,833
262,604.9977324263039,618.1999491921424,Kapeli Pifeleti (USA),Kick Retreat,Green,947041,2,H,2950,USA,33820,Kapeli,Pifeleti,1,833
263,604.9977324263039,618.1999491921424,Kaleb Geiger (USA),Kick Retreat,Green,947041,3,H,2950,USA,43952,Kaleb,Geiger,1,833
264,604.9977324263039,618.1999491921424,Marno Redelinghuys (USA),Kick Retreat,Green,947041,4,H,2950,USA,25254,Marno,Redelinghuys,1,833
265,604.9977324263039,618.1999491921424,Jason Damm (USA),Kick Retreat,Green,947041,5,H,2950,USA,38021,Jason,Damm,1,833
266,604.9977324263039,618.1999491921424,Paddy Ryan (USA),Kick Retreat,Green,947041,6,H,2950,USA,31271,Paddy,Ryan,1,833
267,604.9977324263039,618.1999491921424,Christian Poidevin (USA),Kick Retreat,Green,947041,7,H,2950,USA,32698,Christian,Poidevin,1,833
268,604.9977324263039,618.1999491921424,Makeen Alikhan (USA),Kick Retreat,Green,947041,8,H,2950,USA,40407,Makeen,Alikhan,1,833
269,604.9977324263039,618.1999491921424,Ruben de Haas (USA),Kick Retreat,Green,947041,9,H,2950,USA,30203,Ruben,de Haas,1,833
270,604.9977324263039,618.1999491921424,Toby Fricker (USA),Kick Retreat,Green,947041,11,H,2950,USA,34095,Toby,Fricker,1,833
271,604.9977324263039,618.1999491921424,Tavite Lopeti (USA),Kick Retreat,Green,947041,12,H,2950,USA,39901,Tavite,Lopeti,1,833
272,604.9977324263039,618.1999491921424,Dominic Besag (USA),Kick Retreat,Green,947041,13,H,2950,USA,60169,Dominic,Besag,1,833
273,604.9977324263039,618.1999491921424,Rufus McLean (USA),Kick Retreat,Green,947041,14,H,2950,USA,33897,Rufus,McLean,1,833
274,604.9977324263039,618.1999491921424,Erich Storti (USA),Kick Retreat,Green,947041,15,H,2950,USA,55128,Erich,Storti,1,833
275,606.852419353,617.659198204,Kenta Fukuda (Japan),Kick Chase,Green,947041,9,A,3000,Japan,36475,Kenta,Fukuda,1,833
276,607.48266947,617.659198204,Kippei Ishida (Japan),Kick Chase,Green,947041,14,A,3000,Japan,34036,Kippei,Ishida,1,838
277,609.188283791,617.659198204,Kenta Kobayashi (Japan),Kick Chase,Green,947041,1,A,3000,Japan,34481,Kenta,Kobayashi,1,840
278,609.188283791,617.659198204,Seungsin Lee (Japan),Kick Chase,Green,947041,10,A,3000,Japan,37841,Seungsin,Lee,1,840
279,610.048492651,617.659198204,Warner Dearns (Japan),Kick Chase,Green,947041,5,A,3000,Japan,40399,Warner,Dearns,1,840
280,610.924498739,617.659198204,Shuhei Takeuchi (Japan),Kick Chase,Green,947041,3,A,3000,Japan,37874,Shuhei,Takeuchi,1,840
281,686.202622857,701.57124924,Ezekiel Lindenmuth (USA),Scrum Attack,Green,947041,1,H,2950,USA,28161,Ezekiel,Lindenmuth,1,958
282,686.202622857,701.57124924,Kapeli Pifeleti (USA),Scrum Attack,Green,947041,2,H,2950,USA,33820,Kapeli,Pifeleti,1,958
283,686.202622857,701.57124924,Marno Redelinghuys (USA),Scrum Attack,Green,947041,4,H,2950,USA,25254,Marno,Redelinghuys,1,958
284,686.202622857,701.57124924,Jason Damm (USA),Scrum Attack,Green,947041,5,H,2950,USA,38021,Jason,Damm,1,958
285,686.202622857,701.57124924,Paddy Ryan (USA),Scrum Attack,Green,947041,6,H,2950,USA,31271,Paddy,Ryan,1,958
286,686.202622857,701.57124924,Christian Poidevin (USA),Scrum Attack,Green,947041,7,H,2950,USA,32698,Christian,Poidevin,1,958
287,686.202622857,701.57124924,Makeen Alikhan (USA),Scrum Attack,Green,947041,8,H,2950,USA,40407,Makeen,Alikhan,1,958
288,687.0978165950744,699.275759808,Kenta Kobayashi (Japan),Scrum Defence,Red,947041,1,A,3000,Japan,34481,Kenta,Kobayashi,1,958
289,687.0978165950744,699.275759808,Hayate Era (Japan),Scrum Defence,Red,947041,2,A,3000,Japan,61955,Hayate,Era,1,958
290,687.0978165950744,699.275759808,Shuhei Takeuchi (Japan),Scrum Defence,Red,947041,3,A,3000,Japan,37874,Shuhei,Takeuchi,1,958
291,687.0978165950744,699.275759808,Waisake Raratubua (Japan),Scrum Defence,Red,947041,4,A,3000,Japan,30796,Waisake,Raratubua,1,958
292,687.0978165950744,699.275759808,Warner Dearns (Japan),Scrum Defence,Red,947041,5,A,3000,Japan,40399,Warner,Dearns,1,958
293,687.0978165950744,699.275759808,Ben Gunter (Japan),Scrum Defence,Red,947041,6,A,3000,Japan,26283,Ben,Gunter,1,958
294,687.0978165950744,699.275759808,Kanji Shimokawa (Japan),Scrum Defence,Green,947041,7,A,3000,Japan,30962,Kanji,Shimokawa,1,958
295,687.0978165950744,699.275759808,Amato Fakatava (Japan),Scrum Defence,Green,947041,8,A,3000,Japan,36500,Amato,Fakatava,1,958
296,688.9987263031476,706.7000276969543,Tavite Lopeti (USA),Carry,Green,947041,12,H,2950,USA,39901,Tavite,Lopeti,1,959
297,691.0984763112203,705.2000551073377,Makeen Alikhan (USA),Ruck,Green,947041,8,H,2950,USA,40407,Makeen,Alikhan,1,1002
298,692.398120727519,705.2000551073377,Paddy Ryan (USA),Ruck,Green,947041,6,H,2950,USA,31271,Paddy,Ryan,1,1003
299,694.608861371,701.706558933,Warner Dearns (Japan),Charge Down,Green,947041,5,A,3000,Japan,40399,Warner,Dearns,1,1005
300,694.608861371,701.706558933,Kanji Shimokawa (Japan),Charge Down,Green,947041,7,A,3000,Japan,30962,Kanji,Shimokawa,1,1005
301,714.3681405895692,726.797239712,Hayate Era (Japan),Lineout Attack,Green,947041,2,A,3000,Japan,61955,Hayate,Era,1,1025
302,714.3681405895692,726.797239712,Waisake Raratubua (Japan),Lineout Attack,Green,947041,4,A,3000,Japan,30796,Waisake,Raratubua,1,1025
303,714.3681405895692,726.797239712,Warner Dearns (Japan),Lineout Attack,Green,947041,5,A,3000,Japan,40399,Warner,Dearns,1,1025
304,714.3681405895692,726.797239712,Ben Gunter (Japan),Lineout Attack,Green,947041,6,A,3000,Japan,26283,Ben,Gunter,1,1025
305,714.3681405895692,726.797239712,Kanji Shimokawa (Japan),Lineout Attack,Green,947041,7,A,3000,Japan,30962,Kanji,Shimokawa,1,1025
306,715.679941048,730.2998506728355,Ezekiel Lindenmuth (USA),Lineout Defence,Green,947041,1,H,2950,USA,28161,Ezekiel,Lindenmuth,1,1025
307,715.679941048,730.2998506728355,Marno Redelinghuys (USA),Lineout Defence,Green,947041,4,H,2950,USA,25254,Marno,Redelinghuys,1,1025
308,715.679941048,730.2998506728355,Jason Damm (USA),Lineout Defence,Green,947041,5,H,2950,USA,38021,Jason,Damm,1,1025
309,715.679941048,730.2998506728355,Paddy Ryan (USA),Lineout Defence,Green,947041,6,H,2950,USA,31271,Paddy,Ryan,1,1025
310,748.351807982,765.590836232,Ezekiel Lindenmuth (USA),Lineout Attack,Yellow,947041,1,H,2950,USA,28161,Ezekiel,Lindenmuth,1,1102
311,748.351807982,765.590836232,Marno Redelinghuys (USA),Lineout Attack,Yellow,947041,4,H,2950,USA,25254,Marno,Redelinghuys,1,1102
312,748.351807982,765.590836232,Jason Damm (USA),Lineout Attack,Green,947041,5,H,2950,USA,38021,Jason,Damm,1,1102
313,748.351807982,765.590836232,Paddy Ryan (USA),Lineout Attack,Green,947041,6,H,2950,USA,31271,Paddy,Ryan,1,1102
314,749.797807019,766.928667962,Kenta Kobayashi (Japan),Lineout Defence,Green,947041,1,A,3000,Japan,34481,Kenta,Kobayashi,1,1102
315,749.797807019,766.928667962,Shuhei Takeuchi (Japan),Lineout Defence,Green,947041,3,A,3000,Japan,37874,Shuhei,Takeuchi,1,1102
316,749.797807019,766.928667962,Waisake Raratubua (Japan),Lineout Defence,Green,947041,4,A,3000,Japan,30796,Waisake,Raratubua,1,1102
317,749.797807019,766.928667962,Warner Dearns (Japan),Lineout Defence,Yellow,947041,5,A,3000,Japan,40399,Warner,Dearns,1,1102
318,752.767447785,765.590836232,Christian Poidevin (USA),Lineout Attack,Green,947041,7,H,2950,USA,32698,Christian,Poidevin,1,1103
319,755.9986138702321,782.2999827452912,Jason Damm (USA),Carry,Green,947041,5,H,2950,USA,38021,Jason,Damm,1,1107
320,758.1983082688322,779.0999106525773,Makeen Alikhan (USA),Ruck,Green,947041,8,H,2950,USA,40407,Makeen,Alikhan,1,1109
321,758.7986777280771,779.0999106525773,Kaleb Geiger (USA),Ruck,Green,947041,3,H,2950,USA,43952,Kaleb,Geiger,1,1110
322,760.498474205766,779.0999106525773,Christian Poidevin (USA),Ruck,Green,947041,7,H,2950,USA,32698,Christian,Poidevin,1,1110
323,760.7085714285714,765.7085714285714,Hayate Era (Japan),Tackle,Green,947041,2,A,3000,Japan,61955,Hayate,Era,1,1110
324,764.0978896433259,779.0999106525773,Paddy Ryan (USA),Ruck,Green,947041,6,H,2950,USA,31271,Paddy,Ryan,1,1115
325,765.5974939348429,779.0999106525773,Marno Redelinghuys (USA),Ruck,Green,947041,4,H,2950,USA,25254,Marno,Redelinghuys,1,1116
326,769.425997099,788.1332722096286,Warner Dearns (Japan),Charge Down,Gold,947041,5,A,3000,Japan,40399,Warner,Dearns,1,1121
327,770.1984537857151,785.3000213826739,Christian Poidevin (USA),Tackle,Green,947041,7,H,2950,USA,32698,Christian,Poidevin,1,1121
328,770.8988810369157,785.3000213826739,Kapeli Pifeleti (USA),Tackle,Green,947041,2,H,2950,USA,33820,Kapeli,Pifeleti,1,1122
329,773.134557133,780.2999366231141,Kaleb Geiger (USA),Phase Defence,Red,947041,3,H,2950,USA,43952,Kaleb,Geiger,1,1124
330,773.134557133,780.2999366231141,Marno Redelinghuys (USA),Phase Defence,Red,947041,4,H,2950,USA,25254,Marno,Redelinghuys,1,1124
331,773.134557133,780.2999366231141,Jason Damm (USA),Phase Defence,Red,947041,5,H,2950,USA,38021,Jason,Damm,1,1124
332,773.6598866213152,782.200868515,Warner Dearns (Japan),Ruck,Red,947041,5,A,3000,Japan,40399,Warner,Dearns,1,1124
333,774.6172108843538,783.8994732066659,Hayate Era (Japan),Carry,Green,947041,2,A,3000,Japan,61955,Hayate,Era,1,1126
334,775.8977051551692,792.9999457620228,Paddy Ryan (USA),Tackle,Green,947041,6,H,2950,USA,31271,Paddy,Ryan,1,1127
335,776.0670975056689,778.6598866213152,Kenta Kobayashi (Japan),Ruck,Green,947041,1,A,3000,Japan,34481,Kenta,Kobayashi,1,1127
336,776.6981233211837,792.9999457620228,Kaleb Geiger (USA),Tackle,Green,947041,3,H,2950,USA,43952,Kaleb,Geiger,1,1127
337,779.9797732426304,787.173069614,Shuhei Takeuchi (Japan),Ruck,Green,947041,3,A,3000,Japan,37874,Shuhei,Takeuchi,1,1130
338,781.103944477,786.103944477,Kanji Shimokawa (Japan),Ruck,Green,947041,7,A,3000,Japan,30962,Kanji,Shimokawa,1,1132
339,782.098292480042,795.5000599502548,Tavite Lopeti (USA),Tackle,Green,947041,12,H,2950,USA,39901,Tavite,Lopeti,1,1132
340,782.3986659077754,795.5000599502548,Marno Redelinghuys (USA),Tackle,Yellow,947041,4,H,2950,USA,25254,Marno,Redelinghuys,1,1132
341,782.726186632,787.726186632,Ben Gunter (Japan),Ruck,Green,947041,6,A,3000,Japan,26283,Ben,Gunter,1,1135
342,783.430046284,791.059776855,Waisake Raratubua (Japan),Carry,Red,947041,4,A,3000,Japan,30796,Waisake,Raratubua,1,1135
343,787.4986306794912,804.1999972921462,Dominic Besag (USA),Tackle,Green,947041,13,H,2950,USA,60169,Dominic,Besag,1,1138
344,787.922587603,792.922587603,Dylan Riley (Japan),Ruck,Green,947041,13,A,3000,Japan,27652,Dylan,Riley,1,1138
345,788.4962628047442,804.1999972921462,Jason Damm (USA),Tackle,Green,947041,5,H,2950,USA,38021,Jason,Damm,1,1138
346,788.863875118,795.35018689,Amato Fakatava (Japan),Ruck,Green,947041,8,A,3000,Japan,36500,Amato,Fakatava,1,1141
347,790.35018689,795.35018689,Charlie Lawrence (Japan),Carry,Green,947041,12,A,3000,Japan,32522,Charlie,Lawrence,1,1141
348,791.90312566,798.6000270108765,Chris Hilsenbeck (USA),Phase Defence,Red,947041,10,H,2950,USA,27595,Chris,Hilsenbeck,1,1143
349,792.7533333333333,799.443944431,Tomoki Osada (Japan),Ruck,Yellow,947041,11,A,3000,Japan,31059,Tomoki,Osada,1,1144
350,794.443944431,802.730794273,Warner Dearns (Japan),Ruck,Red,947041,5,A,3000,Japan,40399,Warner,Dearns,1,1146
351,794.919433106576,799.919433106576,Sam Greene (Japan),Carry,Green,947041,15,A,3000,Japan,22606,Sam,Greene,1,1146
352,895.0988570637085,907.2999503539488,Rufus McLean (USA),Tackle,Green,947041,14,H,2950,USA,33897,Rufus,McLean,1,1326
353,895.1981709741601,907.2999503539488,Vili Helu (USA),Tackle,Green,947041,20,H,2950,USA,46434,Vili,Helu,1,1326
354,898.9269160997733,906.903014805,Kanji Shimokawa (Japan),Ruck,Green,947041,7,A,3000,Japan,30962,Kanji,Shimokawa,1,1330
355,902.3951888461884,923.8000602835576,Kaleb Geiger (USA),Tackle,Green,947041,3,H,2950,USA,43952,Kaleb,Geiger,1,1333
356,902.716122699,907.716122699,Kenta Kobayashi (Japan),Ruck,Green,947041,1,A,3000,Japan,34481,Kenta,Kobayashi,1,1333
357,902.9989148455696,923.8000602835576,Jason Damm (USA),Tackle,Green,947041,5,H,2950,USA,38021,Jason,Damm,1,1334
358,903.399087935,908.399087935,Hayate Era (Japan),Ruck,Green,947041,2,A,3000,Japan,61955,Hayate,Era,1,1334
359,904.14710858,909.14710858,Tomoki Osada (Japan),Carry,Green,947041,11,A,3000,Japan,31059,Tomoki,Osada,1,1334
360,906.9254875283448,912.8991174893332,Shuhei Takeuchi (Japan),Ruck,Green,947041,3,A,3000,Japan,37874,Shuhei,Takeuchi,1,1338
361,906.9254875283448,913.5985700293328,Kanji Shimokawa (Japan),Ruck,Green,947041,7,A,3000,Japan,30962,Kanji,Shimokawa,1,1338
362,906.9254875283448,914.597201362999,Amato Fakatava (Japan),Ruck,Green,947041,8,A,3000,Japan,36500,Amato,Fakatava,1,1338
363,912.404318788,933.1997549423604,Ezekiel Lindenmuth (USA),Kick Retreat,Green,947041,1,H,2950,USA,28161,Ezekiel,Lindenmuth,1,1342
364,912.404318788,933.1997549423604,Kapeli Pifeleti (USA),Kick Retreat,Green,947041,2,H,2950,USA,33820,Kapeli,Pifeleti,1,1342
365,912.404318788,933.1997549423604,Kaleb Geiger (USA),Kick Retreat,Green,947041,3,H,2950,USA,43952,Kaleb,Geiger,1,1342
366,912.404318788,933.1997549423604,Marno Redelinghuys (USA),Kick Retreat,Green,947041,4,H,2950,USA,25254,Marno,Redelinghuys,1,1342
367,912.404318788,933.1997549423604,Jason Damm (USA),Kick Retreat,Green,947041,5,H,2950,USA,38021,Jason,Damm,1,1342
368,912.404318788,933.1997549423604,Paddy Ryan (USA),Kick Retreat,Green,947041,6,H,2950,USA,31271,Paddy,Ryan,1,1342
369,912.404318788,933.1997549423604,Christian Poidevin (USA),Kick Retreat,Green,947041,7,H,2950,USA,32698,Christian,Poidevin,1,1342
370,912.404318788,933.1997549423604,Makeen Alikhan (USA),Kick Retreat,Green,947041,8,H,2950,USA,40407,Makeen,Alikhan,1,1342
371,912.404318788,933.1997549423604,Toby Fricker (USA),Kick Retreat,Green,947041,11,H,2950,USA,34095,Toby,Fricker,1,1342
372,912.404318788,933.1997549423604,Tavite Lopeti (USA),Kick Retreat,Green,947041,12,H,2950,USA,39901,Tavite,Lopeti,1,1342
373,912.404318788,933.1997549423604,Dominic Besag (USA),Kick Retreat,Green,947041,13,H,2950,USA,60169,Dominic,Besag,1,1342
374,912.404318788,933.1997549423604,Rufus McLean (USA),Kick Retreat,Green,947041,14,H,2950,USA,33897,Rufus,McLean,1,1342
375,913.317765734,934.583053016,Kenta Kobayashi (Japan),Kick Chase,Green,947041,1,A,3000,Japan,34481,Kenta,Kobayashi,1,1342
376,913.317765734,934.583053016,Hayate Era (Japan),Kick Chase,Green,947041,2,A,3000,Japan,61955,Hayate,Era,1,1342
377,913.317765734,934.583053016,Shuhei Takeuchi (Japan),Kick Chase,Green,947041,3,A,3000,Japan,37874,Shuhei,Takeuchi,1,1342
378,913.317765734,934.583053016,Waisake Raratubua (Japan),Kick Chase,Green,947041,4,A,3000,Japan,30796,Waisake,Raratubua,1,1342
379,913.317765734,934.583053016,Warner Dearns (Japan),Kick Chase,Green,947041,5,A,3000,Japan,40399,Warner,Dearns,1,1342
380,913.317765734,934.583053016,Ben Gunter (Japan),Kick Chase,Green,947041,6,A,3000,Japan,26283,Ben,Gunter,1,1342
381,913.317765734,934.583053016,Kanji Shimokawa (Japan),Kick Chase,Green,947041,7,A,3000,Japan,30962,Kanji,Shimokawa,1,1342
382,913.317765734,934.583053016,Amato Fakatava (Japan),Kick Chase,Green,947041,8,A,3000,Japan,36500,Amato,Fakatava,1,1342
383,913.317765734,934.583053016,Kenta Fukuda (Japan),Kick Chase,Green,947041,9,A,3000,Japan,36475,Kenta,Fukuda,1,1342
384,913.317765734,934.583053016,Tomoki Osada (Japan),Kick Chase,Green,947041,11,A,3000,Japan,31059,Tomoki,Osada,1,1342
385,913.317765734,934.583053016,Charlie Lawrence (Japan),Kick Chase,Green,947041,12,A,3000,Japan,32522,Charlie,Lawrence,1,1342
386,913.317765734,934.583053016,Dylan Riley (Japan),Kick Chase,Green,947041,13,A,3000,Japan,27652,Dylan,Riley,1,1342
387,913.317765734,934.583053016,Kippei Ishida (Japan),Kick Chase,Green,947041,14,A,3000,Japan,34036,Kippei,Ishida,1,1342
388,914.5980727409792,921.405604365,Vili Helu (USA),Kick Retreat,Green,947041,20,H,2950,USA,46434,Vili,Helu,1,1343
389,923.1985064804752,941.3005504931244,Toby Fricker (USA),Carry,Green,947041,11,H,2950,USA,34095,Toby,Fricker,1,1354
390,926.8844671201814,931.8844671201814,Kenta Kobayashi (Japan),Tackle,Green,947041,1,A,3000,Japan,34481,Kenta,Kobayashi,1,1359
391,927.2982139797816,941.200057508272,Marno Redelinghuys (USA),Ruck,Red,947041,4,H,2950,USA,25254,Marno,Redelinghuys,1,1359
392,927.6986648555486,941.200057508272,Jason Damm (USA),Ruck,Green,947041,5,H,2950,USA,38021,Jason,Damm,1,1359
393,931.8999422958524,954.3000587766746,Ezekiel Lindenmuth (USA),Carry,Red,947041,1,H,2950,USA,28161,Ezekiel,Lindenmuth,1,1402
394,932.302133852,942.642251647,Warner Dearns (Japan),Tackle,Red,947041,5,A,3000,Japan,40399,Warner,Dearns,1,1404
395,932.8987247767002,952.700008676726,Vili Helu (USA),Ruck,Green,947041,20,H,2950,USA,46434,Vili,Helu,1,1404
396,934.0987488608532,952.700008676726,Kaleb Geiger (USA),Ruck,Green,947041,3,H,2950,USA,43952,Kaleb,Geiger,1,1406
397,935.6980974855556,952.700008676726,Kapeli Pifeleti (USA),Ruck,Green,947041,2,H,2950,USA,33820,Kapeli,Pifeleti,1,1406
398,941.1848299319728,947.756907832,Amato Fakatava (Japan),Charge Down,Green,947041,8,A,3000,Japan,36500,Amato,Fakatava,1,1412
399,941.784128988,952.504050611,Kenta Kobayashi (Japan),Kick Retreat,Green,947041,1,A,3000,Japan,34481,Kenta,Kobayashi,1,1412
400,941.784128988,952.504050611,Hayate Era (Japan),Kick Retreat,Green,947041,2,A,3000,Japan,61955,Hayate,Era,1,1412
401,941.784128988,952.504050611,Shuhei Takeuchi (Japan),Kick Retreat,Green,947041,3,A,3000,Japan,37874,Shuhei,Takeuchi,1,1412
402,941.784128988,952.504050611,Waisake Raratubua (Japan),Kick Retreat,Green,947041,4,A,3000,Japan,30796,Waisake,Raratubua,1,1412
403,941.784128988,952.504050611,Warner Dearns (Japan),Kick Retreat,Green,947041,5,A,3000,Japan,40399,Warner,Dearns,1,1412
404,941.784128988,952.504050611,Ben Gunter (Japan),Kick Retreat,Green,947041,6,A,3000,Japan,26283,Ben,Gunter,1,1412
405,941.784128988,952.504050611,Kanji Shimokawa (Japan),Kick Retreat,Green,947041,7,A,3000,Japan,30962,Kanji,Shimokawa,1,1412
406,941.784128988,952.504050611,Amato Fakatava (Japan),Kick Retreat,Green,947041,8,A,3000,Japan,36500,Amato,Fakatava,1,1412
407,941.784128988,952.504050611,Kenta Fukuda (Japan),Kick Retreat,Green,947041,9,A,3000,Japan,36475,Kenta,Fukuda,1,1412
408,941.784128988,952.504050611,Tomoki Osada (Japan),Kick Retreat,Green,947041,11,A,3000,Japan,31059,Tomoki,Osada,1,1412
409,941.784128988,952.504050611,Charlie Lawrence (Japan),Kick Retreat,Green,947041,12,A,3000,Japan,32522,Charlie,Lawrence,1,1412
410,941.784128988,952.504050611,Dylan Riley (Japan),Kick Retreat,Green,947041,13,A,3000,Japan,27652,Dylan,Riley,1,1412
411,941.784128988,952.504050611,Kippei Ishida (Japan),Kick Retreat,Green,947041,14,A,3000,Japan,34036,Kippei,Ishida,1,1412
412,942.18078877,957.659435693,Ezekiel Lindenmuth (USA),Kick Chase,Yellow,947041,1,H,2950,USA,28161,Ezekiel,Lindenmuth,1,1412
413,942.18078877,957.659435693,Kapeli Pifeleti (USA),Kick Chase,Yellow,947041,2,H,2950,USA,33820,Kapeli,Pifeleti,1,1412
414,942.18078877,957.659435693,Kaleb Geiger (USA),Kick Chase,Green,947041,3,H,2950,USA,43952,Kaleb,Geiger,1,1412
415,942.18078877,957.659435693,Marno Redelinghuys (USA),Kick Chase,Green,947041,4,H,2950,USA,25254,Marno,Redelinghuys,1,1412
416,942.18078877,957.659435693,Jason Damm (USA),Kick Chase,Green,947041,5,H,2950,USA,38021,Jason,Damm,1,1412
417,942.18078877,957.659435693,Paddy Ryan (USA),Kick Chase,Green,947041,6,H,2950,USA,31271,Paddy,Ryan,1,1412
418,942.18078877,957.659435693,Christian Poidevin (USA),Kick Chase,Green,947041,7,H,2950,USA,32698,Christian,Poidevin,1,1412
419,942.18078877,957.659435693,Makeen Alikhan (USA),Kick Chase,Green,947041,8,H,2950,USA,40407,Makeen,Alikhan,1,1412
420,942.18078877,957.659435693,Ruben de Haas (USA),Kick Chase,Green,947041,9,H,2950,USA,30203,Ruben,de Haas,1,1412
421,942.18078877,957.659435693,Toby Fricker (USA),Kick Chase,Green,947041,11,H,2950,USA,34095,Toby,Fricker,1,1412
422,942.18078877,957.659435693,Tavite Lopeti (USA),Kick Chase,Green,947041,12,H,2950,USA,39901,Tavite,Lopeti,1,1412
423,942.18078877,957.659435693,Dominic Besag (USA),Kick Chase,Green,947041,13,H,2950,USA,60169,Dominic,Besag,1,1412
424,944.1653968253968,949.1653968253968,Waisake Raratubua (Japan),Tackle,Green,947041,4,A,3000,Japan,30796,Waisake,Raratubua,1,1416
425,944.5632879818594,949.5632879818594,Vili Helu (USA),Kick Chase,Green,947041,20,H,2950,USA,46434,Vili,Helu,1,1416
426,947.9978911275184,967.2000339252138,Rufus McLean (USA),Carry,Green,947041,14,H,2950,USA,33897,Rufus,McLean,1,1419
427,948.1987312131588,962.20007471164,Christian Poidevin (USA),Ruck,Green,947041,7,H,2950,USA,32698,Christian,Poidevin,1,1419
428,948.710197609,962.991958027,Sam Greene (Japan),Tackle,Green,947041,15,A,3000,Japan,22606,Sam,Greene,1,1419
429,948.8985530166092,962.20007471164,Marno Redelinghuys (USA),Ruck,Green,947041,4,H,2950,USA,25254,Marno,Redelinghuys,1,1419
430,952.659435693,958.337454295,Rufus McLean (USA),Kick Chase,Gold,947041,14,H,2950,USA,33897,Rufus,McLean,1,1424
431,953.3897253410672,971.1000758799984,Jason Damm (USA),Ruck,Yellow,947041,5,H,2950,USA,38021,Jason,Damm,1,1424
432,953.6986980494812,972.7003353090448,Paddy Ryan (USA),Carry,Green,947041,6,H,2950,USA,31271,Paddy,Ryan,1,1424
433,954.098549758684,971.1000758799984,Vili Helu (USA),Ruck,Yellow,947041,20,H,2950,USA,46434,Vili,Helu,1,1425
434,956.6196371882086,970.581233826,Warner Dearns (Japan),Tackle,Yellow,947041,5,A,3000,Japan,40399,Warner,Dearns,1,1427
435,961.2987118584972,977.5000926702912,Toby Fricker (USA),Carry,Green,947041,11,H,2950,USA,34095,Toby,Fricker,1,1432
436,961.898985922344,976.40008553822,Dominic Besag (USA),Ruck,Green,947041,13,H,2950,USA,60169,Dominic,Besag,1,1433
437,962.898297547282,976.40008553822,Erich Storti (USA),Ruck,Green,947041,15,H,2950,USA,55128,Erich,Storti,1,1434
438,963.859342403628,968.859342403628,Seungsin Lee (Japan),Tackle,Green,947041,10,A,3000,Japan,37841,Seungsin,Lee,1,1434
439,965.8173015873016,970.8173015873016,Hayate Era (Japan),Phase Defence,Red,947041,2,A,3000,Japan,61955,Hayate,Era,1,1437
440,965.8173015873016,970.8173015873016,Waisake Raratubua (Japan),Phase Defence,Red,947041,4,A,3000,Japan,30796,Waisake,Raratubua,1,1437
441,965.8173015873016,970.8173015873016,Warner Dearns (Japan),Phase Defence,Red,947041,5,A,3000,Japan,40399,Warner,Dearns,1,1437
442,966.1650793650794,971.1650793650794,Amato Fakatava (Japan),Phase Defence,Red,947041,8,A,3000,Japan,36500,Amato,Fakatava,1,1437
443,966.5335147392292,971.5335147392292,Kippei Ishida (Japan),Jackler,Green,947041,14,A,3000,Japan,34036,Kippei,Ishida,1,1438
444,967.298478654206,985.8001105460484,Kaleb Geiger (USA),Carry,Red,947041,3,H,2950,USA,43952,Kaleb,Geiger,1,1438
445,968.9983291269136,984.2001048923036,Ezekiel Lindenmuth (USA),Ruck,Green,947041,1,H,2950,USA,28161,Ezekiel,Lindenmuth,1,1440
446,969.958248527,974.958248527,Shuhei Takeuchi (Japan),Tackle,Green,947041,3,A,3000,Japan,37874,Shuhei,Takeuchi,1,1441
447,972.1987298348142,984.2001048923036,Jason Damm (USA),Ruck,Green,947041,5,H,2950,USA,38021,Jason,Damm,1,1443
448,973.998222788,980.381399119,Kenta Kobayashi (Japan),Jackler,Green,947041,1,A,3000,Japan,34481,Kenta,Kobayashi,1,1445
449,974.2982138996342,993.200145504326,Vili Helu (USA),Carry,Green,947041,20,H,2950,USA,46434,Vili,Helu,1,1445
450,974.9985304322724,993.3001419106262,Kapeli Pifeleti (USA),Ruck,Green,947041,2,H,2950,USA,33820,Kapeli,Pifeleti,1,1446
451,976.497577265873,993.3001419106262,Marno Redelinghuys (USA),Ruck,Green,947041,4,H,2950,USA,25254,Marno,Redelinghuys,1,1448
452,981.549988067,989.928632976,Waisake Raratubua (Japan),Tackle,Green,947041,4,A,3000,Japan,30796,Waisake,Raratubua,1,1453
453,982.8988531268392,1000.9002822849408,Christian Poidevin (USA),Carry,Green,947041,7,H,2950,USA,32698,Christian,Poidevin,1,1453
454,984.7982097258588,1001.3000554757608,Toby Fricker (USA),Ruck,Green,947041,11,H,2950,USA,34095,Toby,Fricker,1,1456
455,986.567520308,996.703165089,Sam Greene (Japan),Jackler,Green,947041,15,A,3000,Japan,22606,Sam,Greene,1,1458
456,986.699206142233,1001.3000554757608,Erich Storti (USA),Ruck,Green,947041,15,H,2950,USA,55128,Erich,Storti,1,1458
457,1046.336680795,1058.699120977,Ezekiel Lindenmuth (USA),Lineout Defence,Yellow,947041,1,H,2950,USA,28161,Ezekiel,Lindenmuth,1,1557
458,1046.336680795,1058.699120977,Kapeli Pifeleti (USA),Lineout Defence,Yellow,947041,2,H,2950,USA,33820,Kapeli,Pifeleti,1,1557
459,1046.336680795,1058.699120977,Kaleb Geiger (USA),Lineout Defence,Green,947041,3,H,2950,USA,43952,Kaleb,Geiger,1,1557
460,1046.336680795,1058.699120977,Marno Redelinghuys (USA),Lineout Defence,Green,947041,4,H,2950,USA,25254,Marno,Redelinghuys,1,1557
461,1046.336680795,1058.699120977,Jason Damm (USA),Lineout Defence,Green,947041,5,H,2950,USA,38021,Jason,Damm,1,1557
462,1046.6693555,1058.699120977,Vili Helu (USA),Lineout Defence,Green,947041,20,H,2950,USA,46434,Vili,Helu,1,1557
463,1046.953942143,1058.699120977,Paddy Ryan (USA),Lineout Defence,Green,947041,6,H,2950,USA,31271,Paddy,Ryan,1,1558
464,1053.770654608,1060.927885815,Kenta Kobayashi (Japan),Lineout Attack,Yellow,947041,1,A,3000,Japan,34481,Kenta,Kobayashi,1,1605
465,1053.770654608,1060.927885815,Shuhei Takeuchi (Japan),Lineout Attack,Green,947041,3,A,3000,Japan,37874,Shuhei,Takeuchi,1,1605
466,1053.770654608,1060.927885815,Waisake Raratubua (Japan),Lineout Attack,Yellow,947041,4,A,3000,Japan,30796,Waisake,Raratubua,1,1605
467,1053.770654608,1060.927885815,Warner Dearns (Japan),Lineout Attack,Yellow,947041,5,A,3000,Japan,40399,Warner,Dearns,1,1605
468,1053.770654608,1060.927885815,Kanji Shimokawa (Japan),Lineout Attack,Yellow,947041,7,A,3000,Japan,30962,Kanji,Shimokawa,1,1605
469,1053.770654608,1060.927885815,Amato Fakatava (Japan),Lineout Attack,Yellow,947041,8,A,3000,Japan,36500,Amato,Fakatava,1,1605
470,1054.998520358449,1065.5000925259903,Tavite Lopeti (USA),Tackle,Green,947041,12,H,2950,USA,39901,Tavite,Lopeti,1,1606
471,1055.39822718658,1063.4000385634463,Dominic Besag (USA),Tackle,Green,947041,13,H,2950,USA,60169,Dominic,Besag,1,1606
472,1057.2982195063244,1069.7999892314558,Chris Hilsenbeck (USA),Jackler,Green,947041,10,H,2950,USA,27595,Chris,Hilsenbeck,1,1608
473,1058.473162956,1063.473162956,Charlie Lawrence (Japan),Ruck,Green,947041,12,A,3000,Japan,32522,Charlie,Lawrence,1,1609
474,1058.488856337,1067.2999642693512,Ezekiel Lindenmuth (USA),Phase Defence,Red,947041,1,H,2950,USA,28161,Ezekiel,Lindenmuth,1,1609
475,1058.488856337,1067.2999642693512,Kapeli Pifeleti (USA),Phase Defence,Red,947041,2,H,2950,USA,33820,Kapeli,Pifeleti,1,1609
476,1058.488856337,1067.2999642693512,Kaleb Geiger (USA),Phase Defence,Red,947041,3,H,2950,USA,43952,Kaleb,Geiger,1,1609
477,1058.488856337,1067.2999642693512,Marno Redelinghuys (USA),Phase Defence,Red,947041,4,H,2950,USA,25254,Marno,Redelinghuys,1,1609
478,1058.488856337,1067.2999642693512,Jason Damm (USA),Phase Defence,Red,947041,5,H,2950,USA,38021,Jason,Damm,1,1609
479,1058.488856337,1067.2999642693512,Vili Helu (USA),Phase Defence,Red,947041,20,H,2950,USA,46434,Vili,Helu,1,1609
480,1060.6984552256847,1075.4000799403243,Marno Redelinghuys (USA),Tackle,Green,947041,4,H,2950,USA,25254,Marno,Redelinghuys,1,1612
481,1061.1183900226758,1067.576404671,Dylan Riley (Japan),Carry,Green,947041,13,A,3000,Japan,27652,Dylan,Riley,1,1612
482,1062.779059572,1067.779059572,Hayate Era (Japan),Ruck,Green,947041,2,A,3000,Japan,61955,Hayate,Era,1,1614
483,1062.779059572,1067.779059572,Shuhei Takeuchi (Japan),Carry,Green,947041,3,A,3000,Japan,37874,Shuhei,Takeuchi,1,1614
484,1062.779059572,1067.779059572,Kanji Shimokawa (Japan),Ruck,Green,947041,7,A,3000,Japan,30962,Kanji,Shimokawa,1,1614
485,1066.307551724,1078.337825909,Kenta Kobayashi (Japan),Kick Chase,Green,947041,1,A,3000,Japan,34481,Kenta,Kobayashi,1,1615
486,1066.307551724,1078.337825909,Hayate Era (Japan),Kick Chase,Green,947041,2,A,3000,Japan,61955,Hayate,Era,1,1615
487,1066.307551724,1078.337825909,Shuhei Takeuchi (Japan),Kick Chase,Green,947041,3,A,3000,Japan,37874,Shuhei,Takeuchi,1,1615
488,1066.307551724,1078.337825909,Waisake Raratubua (Japan),Kick Chase,Green,947041,4,A,3000,Japan,30796,Waisake,Raratubua,1,1615
489,1066.307551724,1078.337825909,Warner Dearns (Japan),Kick Chase,Green,947041,5,A,3000,Japan,40399,Warner,Dearns,1,1615
490,1066.307551724,1078.337825909,Ben Gunter (Japan),Kick Chase,Green,947041,6,A,3000,Japan,26283,Ben,Gunter,1,1615
491,1066.307551724,1078.337825909,Kanji Shimokawa (Japan),Kick Chase,Green,947041,7,A,3000,Japan,30962,Kanji,Shimokawa,1,1615
492,1066.307551724,1078.337825909,Amato Fakatava (Japan),Kick Chase,Green,947041,8,A,3000,Japan,36500,Amato,Fakatava,1,1615
493,1066.307551724,1078.337825909,Kenta Fukuda (Japan),Kick Chase,Green,947041,9,A,3000,Japan,36475,Kenta,Fukuda,1,1615
494,1066.307551724,1078.337825909,Tomoki Osada (Japan),Kick Chase,Green,947041,11,A,3000,Japan,31059,Tomoki,Osada,1,1615
495,1066.307551724,1078.337825909,Charlie Lawrence (Japan),Kick Chase,Green,947041,12,A,3000,Japan,32522,Charlie,Lawrence,1,1615
496,1066.307551724,1078.337825909,Dylan Riley (Japan),Kick Chase,Green,947041,13,A,3000,Japan,27652,Dylan,Riley,1,1615
497,1066.307551724,1078.337825909,Kippei Ishida (Japan),Kick Chase,Green,947041,14,A,3000,Japan,34036,Kippei,Ishida,1,1615
498,1068.294217687075,1080.179979569,Ezekiel Lindenmuth (USA),Kick Retreat,Green,947041,1,H,2950,USA,28161,Ezekiel,Lindenmuth,1,1620
499,1068.294217687075,1080.179979569,Kapeli Pifeleti (USA),Kick Retreat,Green,947041,2,H,2950,USA,33820,Kapeli,Pifeleti,1,1620
500,1068.294217687075,1080.179979569,Kaleb Geiger (USA),Kick Retreat,Green,947041,3,H,2950,USA,43952,Kaleb,Geiger,1,1620
501,1068.294217687075,1080.179979569,Marno Redelinghuys (USA),Kick Retreat,Green,947041,4,H,2950,USA,25254,Marno,Redelinghuys,1,1620
502,1068.294217687075,1080.179979569,Jason Damm (USA),Kick Retreat,Green,947041,5,H,2950,USA,38021,Jason,Damm,1,1620
503,1068.294217687075,1080.179979569,Paddy Ryan (USA),Kick Retreat,Green,947041,6,H,2950,USA,31271,Paddy,Ryan,1,1620
504,1068.294217687075,1080.179979569,Christian Poidevin (USA),Kick Retreat,Green,947041,7,H,2950,USA,32698,Christian,Poidevin,1,1620
505,1068.294217687075,1080.179979569,Chris Hilsenbeck (USA),Kick Retreat,Green,947041,10,H,2950,USA,27595,Chris,Hilsenbeck,1,1620
506,1068.294217687075,1080.179979569,Toby Fricker (USA),Kick Retreat,Green,947041,11,H,2950,USA,34095,Toby,Fricker,1,1620
507,1068.294217687075,1080.179979569,Tavite Lopeti (USA),Kick Retreat,Green,947041,12,H,2950,USA,39901,Tavite,Lopeti,1,1620
508,1068.294217687075,1080.179979569,Dominic Besag (USA),Kick Retreat,Green,947041,13,H,2950,USA,60169,Dominic,Besag,1,1620
509,1068.294217687075,1080.179979569,Vili Helu (USA),Kick Retreat,Green,947041,20,H,2950,USA,46434,Vili,Helu,1,1620
510,1068.294217687075,1084.5228529758554,Ruben de Haas (USA),Kick Retreat,Green,947041,9,H,2950,USA,30203,Ruben,de Haas,1,1620
511,1068.294217687075,1084.5228529758554,Ruben de Haas (USA),Kick Chase,Green,947041,9,H,2950,USA,30203,Ruben,de Haas,1,1620
512,1072.998290869,1084.892683681,Kenta Kobayashi (Japan),Kick Retreat,Green,947041,1,A,3000,Japan,34481,Kenta,Kobayashi,1,1627
513,1072.998290869,1084.892683681,Hayate Era (Japan),Kick Retreat,Green,947041,2,A,3000,Japan,61955,Hayate,Era,1,1627
514,1072.998290869,1084.892683681,Shuhei Takeuchi (Japan),Kick Retreat,Green,947041,3,A,3000,Japan,37874,Shuhei,Takeuchi,1,1627
515,1072.998290869,1084.892683681,Waisake Raratubua (Japan),Kick Retreat,Green,947041,4,A,3000,Japan,30796,Waisake,Raratubua,1,1627
516,1072.998290869,1084.892683681,Warner Dearns (Japan),Kick Retreat,Green,947041,5,A,3000,Japan,40399,Warner,Dearns,1,1627
517,1072.998290869,1084.892683681,Ben Gunter (Japan),Kick Retreat,Green,947041,6,A,3000,Japan,26283,Ben,Gunter,1,1627
518,1072.998290869,1084.892683681,Kanji Shimokawa (Japan),Kick Retreat,Green,947041,7,A,3000,Japan,30962,Kanji,Shimokawa,1,1627
519,1072.998290869,1084.892683681,Amato Fakatava (Japan),Kick Retreat,Green,947041,8,A,3000,Japan,36500,Amato,Fakatava,1,1627
520,1072.998290869,1084.892683681,Kenta Fukuda (Japan),Kick Retreat,Green,947041,9,A,3000,Japan,36475,Kenta,Fukuda,1,1627
521,1072.998290869,1084.892683681,Tomoki Osada (Japan),Kick Retreat,Yellow,947041,11,A,3000,Japan,31059,Tomoki,Osada,1,1627
522,1072.998290869,1084.892683681,Charlie Lawrence (Japan),Kick Retreat,Green,947041,12,A,3000,Japan,32522,Charlie,Lawrence,1,1627
523,1072.998290869,1084.892683681,Dylan Riley (Japan),Kick Retreat,Green,947041,13,A,3000,Japan,27652,Dylan,Riley,1,1627
524,1072.998290869,1084.892683681,Kippei Ishida (Japan),Kick Retreat,Green,947041,14,A,3000,Japan,34036,Kippei,Ishida,1,1627
525,1074.671935134,1083.645952922,Paddy Ryan (USA),Kick Chase,Green,947041,6,H,2950,USA,31271,Paddy,Ryan,1,1627
526,1074.671935134,1083.645952922,Christian Poidevin (USA),Kick Chase,Green,947041,7,H,2950,USA,32698,Christian,Poidevin,1,1627
527,1074.671935134,1083.645952922,Dominic Besag (USA),Kick Chase,Green,947041,13,H,2950,USA,60169,Dominic,Besag,1,1627
528,1075.613576589,1083.645952922,Tavite Lopeti (USA),Kick Chase,Green,947041,12,H,2950,USA,39901,Tavite,Lopeti,1,1627
529,1075.67861861,1083.645952922,Marno Redelinghuys (USA),Kick Chase,Green,947041,4,H,2950,USA,25254,Marno,Redelinghuys,1,1627
530,1077.114415019,1083.645952922,Toby Fricker (USA),Kick Chase,Green,947041,11,H,2950,USA,34095,Toby,Fricker,1,1628
531,1077.734882893,1083.645952922,Jason Damm (USA),Kick Chase,Green,947041,5,H,2950,USA,38021,Jason,Damm,1,1628
532,1077.920730901,1085.14525798,Erich Storti (USA),Kick Chase,Gold,947041,15,H,2950,USA,55128,Erich,Storti,1,1628
533,1078.0983014875997,1090.5004947378009,Toby Fricker (USA),Carry,Green,947041,11,H,2950,USA,34095,Toby,Fricker,1,1628
534,1078.645952922,1084.017296903,Ezekiel Lindenmuth (USA),Kick Chase,Yellow,947041,1,H,2950,USA,28161,Ezekiel,Lindenmuth,1,1628
535,1078.645952922,1084.017296903,Kapeli Pifeleti (USA),Kick Chase,Yellow,947041,2,H,2950,USA,33820,Kapeli,Pifeleti,1,1628
536,1078.645952922,1084.017296903,Kaleb Geiger (USA),Kick Chase,Yellow,947041,3,H,2950,USA,43952,Kaleb,Geiger,1,1628
537,1078.645952922,1084.017296903,Vili Helu (USA),Kick Chase,Yellow,947041,20,H,2950,USA,46434,Vili,Helu,1,1628
538,1079.72593379,1089.734546131,Kenta Kobayashi (Japan),Kick Retreat,Green,947041,1,A,3000,Japan,34481,Kenta,Kobayashi,1,1628
539,1079.72593379,1089.734546131,Hayate Era (Japan),Kick Retreat,Green,947041,2,A,3000,Japan,61955,Hayate,Era,1,1628
540,1079.72593379,1089.734546131,Shuhei Takeuchi (Japan),Kick Retreat,Green,947041,3,A,3000,Japan,37874,Shuhei,Takeuchi,1,1628
541,1079.72593379,1089.734546131,Waisake Raratubua (Japan),Kick Retreat,Green,947041,4,A,3000,Japan,30796,Waisake,Raratubua,1,1628
542,1079.72593379,1089.734546131,Warner Dearns (Japan),Kick Retreat,Yellow,947041,5,A,3000,Japan,40399,Warner,Dearns,1,1628
543,1079.72593379,1089.734546131,Ben Gunter (Japan),Kick Retreat,Green,947041,6,A,3000,Japan,26283,Ben,Gunter,1,1628
544,1079.72593379,1089.734546131,Kanji Shimokawa (Japan),Kick Retreat,Green,947041,7,A,3000,Japan,30962,Kanji,Shimokawa,1,1628
545,1079.72593379,1089.734546131,Amato Fakatava (Japan),Kick Retreat,Green,947041,8,A,3000,Japan,36500,Amato,Fakatava,1,1628
546,1079.72593379,1089.734546131,Kenta Fukuda (Japan),Kick Retreat,Green,947041,9,A,3000,Japan,36475,Kenta,Fukuda,1,1628
547,1079.72593379,1089.734546131,Seungsin Lee (Japan),Kick Retreat,Green,947041,10,A,3000,Japan,37841,Seungsin,Lee,1,1628
548,1079.72593379,1089.734546131,Tomoki Osada (Japan),Kick Retreat,Green,947041,11,A,3000,Japan,31059,Tomoki,Osada,1,1628
549,1079.72593379,1089.734546131,Charlie Lawrence (Japan),Kick Retreat,Green,947041,12,A,3000,Japan,32522,Charlie,Lawrence,1,1628
550,1079.72593379,1089.734546131,Dylan Riley (Japan),Kick Retreat,Green,947041,13,A,3000,Japan,27652,Dylan,Riley,1,1628
551,1079.72593379,1089.734546131,Kippei Ishida (Japan),Kick Retreat,Green,947041,14,A,3000,Japan,34036,Kippei,Ishida,1,1628
552,1080.14525798,1090.377653745,Ezekiel Lindenmuth (USA),Kick Chase,Green,947041,1,H,2950,USA,28161,Ezekiel,Lindenmuth,1,1629
553,1080.14525798,1090.377653745,Kapeli Pifeleti (USA),Kick Chase,Green,947041,2,H,2950,USA,33820,Kapeli,Pifeleti,1,1629
554,1080.14525798,1090.377653745,Kaleb Geiger (USA),Kick Chase,Green,947041,3,H,2950,USA,43952,Kaleb,Geiger,1,1629
555,1080.14525798,1090.377653745,Marno Redelinghuys (USA),Kick Chase,Green,947041,4,H,2950,USA,25254,Marno,Redelinghuys,1,1629
556,1080.14525798,1090.377653745,Jason Damm (USA),Kick Chase,Green,947041,5,H,2950,USA,38021,Jason,Damm,1,1629
557,1080.14525798,1090.377653745,Paddy Ryan (USA),Kick Chase,Green,947041,6,H,2950,USA,31271,Paddy,Ryan,1,1629
558,1080.14525798,1090.377653745,Christian Poidevin (USA),Kick Chase,Green,947041,7,H,2950,USA,32698,Christian,Poidevin,1,1629
559,1080.14525798,1090.377653745,Ruben de Haas (USA),Kick Chase,Green,947041,9,H,2950,USA,30203,Ruben,de Haas,1,1629
560,1080.14525798,1090.377653745,Toby Fricker (USA),Kick Chase,Green,947041,11,H,2950,USA,34095,Toby,Fricker,1,1629
561,1080.14525798,1090.377653745,Tavite Lopeti (USA),Kick Chase,Green,947041,12,H,2950,USA,39901,Tavite,Lopeti,1,1629
562,1080.14525798,1090.377653745,Dominic Besag (USA),Kick Chase,Green,947041,13,H,2950,USA,60169,Dominic,Besag,1,1629
563,1080.14525798,1090.377653745,Vili Helu (USA),Kick Chase,Green,947041,20,H,2950,USA,46434,Vili,Helu,1,1629
564,1084.181496911,1103.358598891,Ezekiel Lindenmuth (USA),Kick Retreat,Yellow,947041,1,H,2950,USA,28161,Ezekiel,Lindenmuth,1,1629
565,1084.181496911,1103.358598891,Kapeli Pifeleti (USA),Kick Retreat,Yellow,947041,2,H,2950,USA,33820,Kapeli,Pifeleti,1,1629
566,1084.181496911,1103.358598891,Kaleb Geiger (USA),Kick Retreat,Yellow,947041,3,H,2950,USA,43952,Kaleb,Geiger,1,1629
567,1084.181496911,1103.358598891,Marno Redelinghuys (USA),Kick Retreat,Green,947041,4,H,2950,USA,25254,Marno,Redelinghuys,1,1629
568,1084.181496911,1103.358598891,Jason Damm (USA),Kick Retreat,Green,947041,5,H,2950,USA,38021,Jason,Damm,1,1629
569,1084.181496911,1103.358598891,Paddy Ryan (USA),Kick Retreat,Green,947041,6,H,2950,USA,31271,Paddy,Ryan,1,1629
570,1084.181496911,1103.358598891,Christian Poidevin (USA),Kick Retreat,Green,947041,7,H,2950,USA,32698,Christian,Poidevin,1,1629
571,1084.181496911,1103.358598891,Ruben de Haas (USA),Kick Retreat,Green,947041,9,H,2950,USA,30203,Ruben,de Haas,1,1629
572,1084.181496911,1103.358598891,Toby Fricker (USA),Kick Retreat,Green,947041,11,H,2950,USA,34095,Toby,Fricker,1,1629
573,1084.181496911,1103.358598891,Tavite Lopeti (USA),Kick Retreat,Green,947041,12,H,2950,USA,39901,Tavite,Lopeti,1,1629
574,1084.181496911,1103.358598891,Dominic Besag (USA),Kick Retreat,Green,947041,13,H,2950,USA,60169,Dominic,Besag,1,1629
575,1084.181496911,1103.358598891,Erich Storti (USA),Kick Retreat,Green,947041,15,H,2950,USA,55128,Erich,Storti,1,1629
576,1084.181496911,1103.358598891,Vili Helu (USA),Kick Retreat,Green,947041,20,H,2950,USA,46434,Vili,Helu,1,1629
577,1084.7398639455782,1102.103264585,Sam Greene (Japan),Kick Chase,Green,947041,15,A,3000,Japan,22606,Sam,Greene,1,1634
578,1086.5948982,1102.103264585,Kenta Kobayashi (Japan),Kick Chase,Green,947041,1,A,3000,Japan,34481,Kenta,Kobayashi,1,1634
579,1086.5948982,1102.103264585,Hayate Era (Japan),Kick Chase,Green,947041,2,A,3000,Japan,61955,Hayate,Era,1,1634
580,1086.5948982,1102.103264585,Shuhei Takeuchi (Japan),Kick Chase,Green,947041,3,A,3000,Japan,37874,Shuhei,Takeuchi,1,1634
581,1086.5948982,1102.103264585,Waisake Raratubua (Japan),Kick Chase,Green,947041,4,A,3000,Japan,30796,Waisake,Raratubua,1,1634
582,1086.5948982,1102.103264585,Warner Dearns (Japan),Kick Chase,Green,947041,5,A,3000,Japan,40399,Warner,Dearns,1,1634
583,1086.5948982,1102.103264585,Ben Gunter (Japan),Kick Chase,Green,947041,6,A,3000,Japan,26283,Ben,Gunter,1,1634
584,1086.5948982,1102.103264585,Kanji Shimokawa (Japan),Kick Chase,Green,947041,7,A,3000,Japan,30962,Kanji,Shimokawa,1,1634
585,1086.5948982,1102.103264585,Amato Fakatava (Japan),Kick Chase,Green,947041,8,A,3000,Japan,36500,Amato,Fakatava,1,1634
586,1086.5948982,1102.103264585,Kenta Fukuda (Japan),Kick Chase,Green,947041,9,A,3000,Japan,36475,Kenta,Fukuda,1,1634
587,1086.5948982,1102.103264585,Charlie Lawrence (Japan),Kick Chase,Green,947041,12,A,3000,Japan,32522,Charlie,Lawrence,1,1634
588,1086.5948982,1102.103264585,Dylan Riley (Japan),Kick Chase,Green,947041,13,A,3000,Japan,27652,Dylan,Riley,1,1634
589,1086.5948982,1102.103264585,Kippei Ishida (Japan),Kick Chase,Green,947041,14,A,3000,Japan,34036,Kippei,Ishida,1,1634
590,1098.3214512471654,1103.3214512471654,Dylan Riley (Japan),Tackle,Green,947041,13,A,3000,Japan,27652,Dylan,Riley,1,1649
591,1143.107733498,1157.6999083969968,Kenta Kobayashi (Japan),Lineout Attack,Green,947041,1,A,3000,Japan,34481,Kenta,Kobayashi,1,1733
592,1143.107733498,1157.6999083969968,Hayate Era (Japan),Lineout Attack,Green,947041,2,A,3000,Japan,61955,Hayate,Era,1,1733
593,1143.107733498,1157.6999083969968,Shuhei Takeuchi (Japan),Lineout Attack,Green,947041,3,A,3000,Japan,37874,Shuhei,Takeuchi,1,1733
594,1143.107733498,1157.6999083969968,Waisake Raratubua (Japan),Lineout Attack,Green,947041,4,A,3000,Japan,30796,Waisake,Raratubua,1,1733
595,1143.107733498,1157.6999083969968,Warner Dearns (Japan),Lineout Attack,Green,947041,5,A,3000,Japan,40399,Warner,Dearns,1,1733
596,1143.107733498,1157.6999083969968,Ben Gunter (Japan),Lineout Attack,Green,947041,6,A,3000,Japan,26283,Ben,Gunter,1,1733
597,1143.107733498,1157.6999083969968,Kanji Shimokawa (Japan),Lineout Attack,Green,947041,7,A,3000,Japan,30962,Kanji,Shimokawa,1,1733
598,1143.107733498,1157.6999083969968,Amato Fakatava (Japan),Lineout Attack,Green,947041,8,A,3000,Japan,36500,Amato,Fakatava,1,1733
599,1143.362283208,1155.980093875,Ezekiel Lindenmuth (USA),Lineout Defence,Green,947041,1,H,2950,USA,28161,Ezekiel,Lindenmuth,1,1733
600,1143.362283208,1155.980093875,Kaleb Geiger (USA),Lineout Defence,Green,947041,3,H,2950,USA,43952,Kaleb,Geiger,1,1733
601,1143.362283208,1155.980093875,Marno Redelinghuys (USA),Lineout Defence,Green,947041,4,H,2950,USA,25254,Marno,Redelinghuys,1,1733
602,1143.362283208,1155.980093875,Jason Damm (USA),Lineout Defence,Green,947041,5,H,2950,USA,38021,Jason,Damm,1,1733
603,1143.362283208,1155.980093875,Paddy Ryan (USA),Lineout Defence,Green,947041,6,H,2950,USA,31271,Paddy,Ryan,1,1733
604,1143.362283208,1155.980093875,Vili Helu (USA),Lineout Defence,Green,947041,20,H,2950,USA,46434,Vili,Helu,1,1733
605,1147.998412760183,1166.199953244819,Christian Poidevin (USA),Tackle,Red,947041,7,H,2950,USA,32698,Christian,Poidevin,1,1739
606,1148.4977507391595,1166.199953244819,Toby Fricker (USA),Tackle,Green,947041,11,H,2950,USA,34095,Toby,Fricker,1,1739
607,1152.903613852,1157.903613852,Kippei Ishida (Japan),Ruck,Green,947041,14,A,3000,Japan,34036,Kippei,Ishida,1,1744
608,1153.898979420689,1167.8003479692013,Kaleb Geiger (USA),Tackle,Green,947041,3,H,2950,USA,43952,Kaleb,Geiger,1,1745
609,1154.2987376164697,1167.8003479692013,Paddy Ryan (USA),Tackle,Green,947041,6,H,2950,USA,31271,Paddy,Ryan,1,1745
610,1155.569955905,1160.569955905,Shuhei Takeuchi (Japan),Ruck,Green,947041,3,A,3000,Japan,37874,Shuhei,Takeuchi,1,1747
611,1156.503514739229,1161.503514739229,Kanji Shimokawa (Japan),Ruck,Green,947041,7,A,3000,Japan,30962,Kanji,Shimokawa,1,1748
612,1156.854061714,1161.854061714,Dylan Riley (Japan),Ruck,Green,947041,13,A,3000,Japan,27652,Dylan,Riley,1,1748
613,1157.098594695667,1165.200001695527,Kapeli Pifeleti (USA),Phase Defence,Red,947041,2,H,2950,USA,33820,Kapeli,Pifeleti,1,1748
614,1157.701800285,1162.701800285,Seungsin Lee (Japan),Carry,Green,947041,10,A,3000,Japan,37841,Seungsin,Lee,1,1749
615,1158.5981395710307,1175.4999959612912,Chris Hilsenbeck (USA),Tackle,Green,947041,10,H,2950,USA,27595,Chris,Hilsenbeck,1,1750
616,1158.9818140589568,1175.399449989332,Amato Fakatava (Japan),Carry,Red,947041,8,A,3000,Japan,36500,Amato,Fakatava,1,1750
617,1159.2783143096651,1166.677843373,Warner Dearns (Japan),Ruck,Green,947041,5,A,3000,Japan,40399,Warner,Dearns,1,1750
618,1159.2996141133106,1175.4999959612912,Kapeli Pifeleti (USA),Tackle,Red,947041,2,H,2950,USA,33820,Kapeli,Pifeleti,1,1750
619,1160.098175278439,1175.4999959612912,Jason Damm (USA),Tackle,Green,947041,5,H,2950,USA,38021,Jason,Damm,1,1751
620,1161.202037086,1166.202037086,Hayate Era (Japan),Ruck,Yellow,947041,2,A,3000,Japan,61955,Hayate,Era,1,1752
621,1161.657224783,1168.9000297023283,Ezekiel Lindenmuth (USA),Phase Defence,Red,947041,1,H,2950,USA,28161,Ezekiel,Lindenmuth,1,1752
622,1161.657224783,1168.9000297023283,Kaleb Geiger (USA),Phase Defence,Red,947041,3,H,2950,USA,43952,Kaleb,Geiger,1,1752
623,1163.679485989,1169.65179769,Kenta Kobayashi (Japan),Carry,Green,947041,1,A,3000,Japan,34481,Kenta,Kobayashi,1,1753
624,1164.65179769,1171.129012331,Waisake Raratubua (Japan),Ruck,Red,947041,4,A,3000,Japan,30796,Waisake,Raratubua,1,1753
625,1164.736213824,1176.680351509,Kenta Kobayashi (Japan),Kick Chase,Green,947041,1,A,3000,Japan,34481,Kenta,Kobayashi,1,1753
626,1164.736213824,1176.680351509,Hayate Era (Japan),Kick Chase,Green,947041,2,A,3000,Japan,61955,Hayate,Era,1,1753
627,1164.736213824,1176.680351509,Shuhei Takeuchi (Japan),Kick Chase,Green,947041,3,A,3000,Japan,37874,Shuhei,Takeuchi,1,1753
628,1164.736213824,1176.680351509,Waisake Raratubua (Japan),Kick Chase,Yellow,947041,4,A,3000,Japan,30796,Waisake,Raratubua,1,1753
629,1164.736213824,1176.680351509,Warner Dearns (Japan),Kick Chase,Yellow,947041,5,A,3000,Japan,40399,Warner,Dearns,1,1753
630,1164.736213824,1176.680351509,Ben Gunter (Japan),Kick Chase,Yellow,947041,6,A,3000,Japan,26283,Ben,Gunter,1,1753
631,1164.736213824,1176.680351509,Kanji Shimokawa (Japan),Kick Chase,Green,947041,7,A,3000,Japan,30962,Kanji,Shimokawa,1,1753
632,1164.736213824,1176.680351509,Amato Fakatava (Japan),Kick Chase,Green,947041,8,A,3000,Japan,36500,Amato,Fakatava,1,1753
633,1164.911109022,1177.028610796,Ezekiel Lindenmuth (USA),Kick Retreat,Green,947041,1,H,2950,USA,28161,Ezekiel,Lindenmuth,1,1753
634,1164.911109022,1177.028610796,Kapeli Pifeleti (USA),Kick Retreat,Yellow,947041,2,H,2950,USA,33820,Kapeli,Pifeleti,1,1753
635,1164.911109022,1177.028610796,Kaleb Geiger (USA),Kick Retreat,Green,947041,3,H,2950,USA,43952,Kaleb,Geiger,1,1753
636,1164.911109022,1177.028610796,Marno Redelinghuys (USA),Kick Retreat,Yellow,947041,4,H,2950,USA,25254,Marno,Redelinghuys,1,1753
637,1164.911109022,1177.028610796,Jason Damm (USA),Kick Retreat,Green,947041,5,H,2950,USA,38021,Jason,Damm,1,1753
638,1164.911109022,1177.028610796,Paddy Ryan (USA),Kick Retreat,Green,947041,6,H,2950,USA,31271,Paddy,Ryan,1,1753
639,1164.911109022,1177.028610796,Christian Poidevin (USA),Kick Retreat,Green,947041,7,H,2950,USA,32698,Christian,Poidevin,1,1753
640,1164.911109022,1177.028610796,Ruben de Haas (USA),Kick Retreat,Green,947041,9,H,2950,USA,30203,Ruben,de Haas,1,1753
641,1164.911109022,1177.028610796,Chris Hilsenbeck (USA),Kick Retreat,Green,947041,10,H,2950,USA,27595,Chris,Hilsenbeck,1,1753
642,1164.911109022,1177.028610796,Toby Fricker (USA),Kick Retreat,Green,947041,11,H,2950,USA,34095,Toby,Fricker,1,1753
643,1164.911109022,1177.028610796,Tavite Lopeti (USA),Kick Retreat,Green,947041,12,H,2950,USA,39901,Tavite,Lopeti,1,1753
644,1164.911109022,1177.028610796,Dominic Besag (USA),Kick Retreat,Green,947041,13,H,2950,USA,60169,Dominic,Besag,1,1753
645,1164.911109022,1177.028610796,Erich Storti (USA),Kick Retreat,Green,947041,15,H,2950,USA,55128,Erich,Storti,1,1753
646,1164.911109022,1177.028610796,Vili Helu (USA),Kick Retreat,Green,947041,20,H,2950,USA,46434,Vili,Helu,1,1753
647,1165.75914367,1176.680351509,Seungsin Lee (Japan),Kick Chase,Green,947041,10,A,3000,Japan,37841,Seungsin,Lee,1,1758
648,1165.75914367,1176.680351509,Charlie Lawrence (Japan),Kick Chase,Yellow,947041,12,A,3000,Japan,32522,Charlie,Lawrence,1,1758
649,1165.75914367,1176.680351509,Dylan Riley (Japan),Kick Chase,Green,947041,13,A,3000,Japan,27652,Dylan,Riley,1,1758
650,1165.75914367,1176.680351509,Kippei Ishida (Japan),Kick Chase,Green,947041,14,A,3000,Japan,34036,Kippei,Ishida,1,1758
651,1166.57467857,1171.57467857,Ben Gunter (Japan),Ruck,Red,947041,6,A,3000,Japan,26283,Ben,Gunter,1,1758
652,1475.1983468989897,1496.8000524383974,Kapeli Pifeleti (USA),Tackle,Red,947041,2,H,2950,USA,33820,Kapeli,Pifeleti,1,2246
653,1475.9992779000563,1496.8000524383974,Kaleb Geiger (USA),Tackle,Red,947041,3,H,2950,USA,43952,Kaleb,Geiger,1,2247
654,1476.1985405419312,1496.8000524383974,Jason Damm (USA),Tackle,Green,947041,5,H,2950,USA,38021,Jason,Damm,1,2247
655,1482.6530839002266,1497.6530839002266,Amato Fakatava (Japan),Carry,Gold,947041,8,A,3000,Japan,36500,Amato,Fakatava,1,2253
656,1482.7584580498867,1487.7584580498867,Kenta Kobayashi (Japan),Ruck,Green,947041,1,A,3000,Japan,34481,Kenta,Kobayashi,1,2253
657,1483.896789622,1491.058358068,Warner Dearns (Japan),Ruck,Red,947041,5,A,3000,Japan,40399,Warner,Dearns,1,2255
658,1484.618163265306,1489.618163265306,Hayate Era (Japan),Ruck,Green,947041,2,A,3000,Japan,61955,Hayate,Era,1,2255
659,1484.7989200358263,1495.5000563270917,Tavite Lopeti (USA),Tackle,Green,947041,12,H,2950,USA,39901,Tavite,Lopeti,1,2255
660,1485.798163004531,1500.800093696187,Paddy Ryan (USA),Tackle,Green,947041,6,H,2950,USA,31271,Paddy,Ryan,1,2257
661,1488.4982254721526,1495.5000774404518,Ruben de Haas (USA),Phase Defence,Red,947041,9,H,2950,USA,30203,Ruben,de Haas,1,2300
662,1488.60733073,1495.5000774404518,Kapeli Pifeleti (USA),Phase Defence,Red,947041,2,H,2950,USA,33820,Kapeli,Pifeleti,1,2300
663,1488.60733073,1495.5000774404518,Marno Redelinghuys (USA),Phase Defence,Red,947041,4,H,2950,USA,25254,Marno,Redelinghuys,1,2300
664,1488.60733073,1495.5000774404518,Christian Poidevin (USA),Phase Defence,Red,947041,7,H,2950,USA,32698,Christian,Poidevin,1,2300
665,1490.346900372,1496.588160965,Waisake Raratubua (Japan),Ruck,Red,947041,4,A,3000,Japan,30796,Waisake,Raratubua,1,2301
666,1490.407382703,1497.497138855,Shuhei Takeuchi (Japan),Ruck,Red,947041,3,A,3000,Japan,37874,Shuhei,Takeuchi,1,2301
667,1490.8987119531118,1504.4000212173332,Dominic Besag (USA),Tackle,Green,947041,13,H,2950,USA,60169,Dominic,Besag,1,2301
668,1491.274104739,1498.145674192,Charlie Lawrence (Japan),Carry,Green,947041,12,A,3000,Japan,32522,Charlie,Lawrence,1,2301
669,1491.6969995944469,1504.4000212173332,Toby Fricker (USA),Tackle,Green,947041,11,H,2950,USA,34095,Toby,Fricker,1,2301
670,1493.3986236758462,1500.9999977179086,Kapeli Pifeleti (USA),Tackle,Green,947041,2,H,2950,USA,33820,Kapeli,Pifeleti,1,2304
671,1494.321279848,1499.321279848,Dylan Riley (Japan),Carry,Green,947041,13,A,3000,Japan,27652,Dylan,Riley,1,2305
672,1496.298551883874,1509.3999874015992,Kapeli Pifeleti (USA),Jackler,Red,947041,2,H,2950,USA,33820,Kapeli,Pifeleti,1,2307
673,1497.198427708,1504.6001174295925,Ezekiel Lindenmuth (USA),Phase Defence,Red,947041,1,H,2950,USA,28161,Ezekiel,Lindenmuth,1,2308
674,1497.198427708,1504.6001174295925,Kaleb Geiger (USA),Phase Defence,Red,947041,3,H,2950,USA,43952,Kaleb,Geiger,1,2308
675,1497.198427708,1504.6001174295925,Jason Damm (USA),Phase Defence,Red,947041,5,H,2950,USA,38021,Jason,Damm,1,2308
676,1497.198427708,1504.6001174295925,Vili Helu (USA),Phase Defence,Red,947041,20,H,2950,USA,46434,Vili,Helu,1,2308
677,1497.5982886759375,1509.3999874015992,Tavite Lopeti (USA),Jackler,Green,947041,12,H,2950,USA,39901,Tavite,Lopeti,1,2308
678,1499.331099123,1505.767494104,Ben Gunter (Japan),Ruck,Green,947041,6,A,3000,Japan,26283,Ben,Gunter,1,2310
679,1501.448000791,1506.448000791,Kanji Shimokawa (Japan),Ruck,Green,947041,7,A,3000,Japan,30962,Kanji,Shimokawa,1,2311
680,1501.448000791,1506.448000791,Sam Greene (Japan),Carry,Green,947041,15,A,3000,Japan,22606,Sam,Greene,1,2311
681,1505.8987383135582,1514.7000616900616,Vili Helu (USA),Tackle,Green,947041,20,H,2950,USA,46434,Vili,Helu,1,2316
682,1508.3983291685563,1524.599995183206,Jason Damm (USA),Tackle,Green,947041,5,H,2950,USA,38021,Jason,Damm,1,2319
683,1509.298671794591,1524.599995183206,Vili Helu (USA),Tackle,Green,947041,20,H,2950,USA,46434,Vili,Helu,1,2320
684,1511.736561829,1519.100039156373,Kapeli Pifeleti (USA),Phase Defence,Red,947041,2,H,2950,USA,33820,Kapeli,Pifeleti,1,2322
685,1513.4580498866212,1522.134313861,Charlie Lawrence (Japan),Ruck,Green,947041,12,A,3000,Japan,32522,Charlie,Lawrence,1,2324
686,1513.829186295,1527.3997293873645,Ezekiel Lindenmuth (USA),Kick Retreat,Green,947041,1,H,2950,USA,28161,Ezekiel,Lindenmuth,1,2324
687,1513.829186295,1527.3997293873645,Kapeli Pifeleti (USA),Kick Retreat,Green,947041,2,H,2950,USA,33820,Kapeli,Pifeleti,1,2324
688,1513.829186295,1527.3997293873645,Kaleb Geiger (USA),Kick Retreat,Green,947041,3,H,2950,USA,43952,Kaleb,Geiger,1,2324
689,1513.829186295,1527.3997293873645,Marno Redelinghuys (USA),Kick Retreat,Green,947041,4,H,2950,USA,25254,Marno,Redelinghuys,1,2324
690,1513.829186295,1527.3997293873645,Jason Damm (USA),Kick Retreat,Green,947041,5,H,2950,USA,38021,Jason,Damm,1,2324
691,1513.829186295,1527.3997293873645,Paddy Ryan (USA),Kick Retreat,Green,947041,6,H,2950,USA,31271,Paddy,Ryan,1,2324
692,1513.829186295,1527.3997293873645,Christian Poidevin (USA),Kick Retreat,Green,947041,7,H,2950,USA,32698,Christian,Poidevin,1,2324
693,1513.829186295,1527.3997293873645,Ruben de Haas (USA),Kick Retreat,Green,947041,9,H,2950,USA,30203,Ruben,de Haas,1,2324
694,1513.829186295,1527.3997293873645,Tavite Lopeti (USA),Kick Retreat,Green,947041,12,H,2950,USA,39901,Tavite,Lopeti,1,2324
695,1513.829186295,1527.3997293873645,Dominic Besag (USA),Kick Retreat,Green,947041,13,H,2950,USA,60169,Dominic,Besag,1,2324
696,1513.829186295,1527.3997293873645,Rufus McLean (USA),Kick Retreat,Green,947041,14,H,2950,USA,33897,Rufus,McLean,1,2324
697,1513.829186295,1527.3997293873645,Erich Storti (USA),Kick Retreat,Green,947041,15,H,2950,USA,55128,Erich,Storti,1,2324
698,1513.829186295,1527.3997293873645,Vili Helu (USA),Kick Retreat,Green,947041,20,H,2950,USA,46434,Vili,Helu,1,2324
699,1514.224580817,1525.999343134,Kenta Kobayashi (Japan),Kick Chase,Green,947041,1,A,3000,Japan,34481,Kenta,Kobayashi,1,2324
700,1514.224580817,1525.999343134,Hayate Era (Japan),Kick Chase,Green,947041,2,A,3000,Japan,61955,Hayate,Era,1,2324
701,1514.224580817,1525.999343134,Shuhei Takeuchi (Japan),Kick Chase,Green,947041,3,A,3000,Japan,37874,Shuhei,Takeuchi,1,2324
702,1514.224580817,1525.999343134,Waisake Raratubua (Japan),Kick Chase,Green,947041,4,A,3000,Japan,30796,Waisake,Raratubua,1,2324
703,1514.224580817,1525.999343134,Warner Dearns (Japan),Kick Chase,Green,947041,5,A,3000,Japan,40399,Warner,Dearns,1,2324
704,1514.224580817,1525.999343134,Ben Gunter (Japan),Kick Chase,Green,947041,6,A,3000,Japan,26283,Ben,Gunter,1,2324
705,1514.224580817,1525.999343134,Kanji Shimokawa (Japan),Kick Chase,Green,947041,7,A,3000,Japan,30962,Kanji,Shimokawa,1,2324
706,1514.224580817,1525.999343134,Amato Fakatava (Japan),Kick Chase,Green,947041,8,A,3000,Japan,36500,Amato,Fakatava,1,2324
707,1514.224580817,1525.999343134,Charlie Lawrence (Japan),Kick Chase,Green,947041,12,A,3000,Japan,32522,Charlie,Lawrence,1,2324
708,1514.224580817,1525.999343134,Dylan Riley (Japan),Kick Chase,Green,947041,13,A,3000,Japan,27652,Dylan,Riley,1,2324
709,1514.224580817,1525.999343134,Kippei Ishida (Japan),Kick Chase,Green,947041,14,A,3000,Japan,34036,Kippei,Ishida,1,2324
710,1514.33716553288,1522.7967716539997,Amato Fakatava (Japan),Carry,Green,947041,8,A,3000,Japan,36500,Amato,Fakatava,1,2324
711,1514.451587301587,1522.165899971,Hayate Era (Japan),Ruck,Green,947041,2,A,3000,Japan,61955,Hayate,Era,1,2324
712,1514.614990796,1527.3997293873645,Toby Fricker (USA),Kick Retreat,Green,947041,11,H,2950,USA,34095,Toby,Fricker,1,2324
713,1517.33181755,1522.33181755,Ezekiel Lindenmuth (USA),Kick Retreat,Yellow,947041,1,H,2950,USA,28161,Ezekiel,Lindenmuth,1,2331
714,1517.33181755,1522.33181755,Kapeli Pifeleti (USA),Kick Retreat,Yellow,947041,2,H,2950,USA,33820,Kapeli,Pifeleti,1,2331
715,1517.33181755,1522.33181755,Kaleb Geiger (USA),Kick Retreat,Yellow,947041,3,H,2950,USA,43952,Kaleb,Geiger,1,2331
716,1649.8832879818594,1664.3998695889502,Kenta Kobayashi (Japan),Lineout Attack,Green,947041,1,A,3000,Japan,34481,Kenta,Kobayashi,1,2540
717,1649.8832879818594,1664.3998695889502,Hayate Era (Japan),Lineout Attack,Green,947041,2,A,3000,Japan,61955,Hayate,Era,1,2540
718,1649.8832879818594,1664.3998695889502,Shuhei Takeuchi (Japan),Lineout Attack,Green,947041,3,A,3000,Japan,37874,Shuhei,Takeuchi,1,2540
719,1649.8832879818594,1664.3998695889502,Waisake Raratubua (Japan),Lineout Attack,Green,947041,4,A,3000,Japan,30796,Waisake,Raratubua,1,2540
720,1649.8832879818594,1664.3998695889502,Warner Dearns (Japan),Lineout Attack,Green,947041,5,A,3000,Japan,40399,Warner,Dearns,1,2540
721,1649.8832879818594,1664.3998695889502,Ben Gunter (Japan),Lineout Attack,Green,947041,6,A,3000,Japan,26283,Ben,Gunter,1,2540
722,1649.8832879818594,1664.3998695889502,Kanji Shimokawa (Japan),Lineout Attack,Green,947041,7,A,3000,Japan,30962,Kanji,Shimokawa,1,2540
723,1649.8832879818594,1664.3998695889502,Amato Fakatava (Japan),Lineout Attack,Green,947041,8,A,3000,Japan,36500,Amato,Fakatava,1,2540
724,1654.598607812291,1665.1000574878617,Christian Poidevin (USA),Tackle,Green,947041,7,H,2950,USA,32698,Christian,Poidevin,1,2545
725,1752.598565739864,1761.8000729474827,Rufus McLean (USA),Carry,Green,947041,14,H,2950,USA,33897,Rufus,McLean,1,2723
726,1753.7962034771544,1771.800026526074,Vili Helu (USA),Tackle,Green,947041,20,H,2950,USA,46434,Vili,Helu,1,2723
727,1758.9994441192116,1769.0999774937052,Christian Poidevin (USA),Turnover Attack,Gold,947041,7,H,2950,USA,32698,Christian,Poidevin,1,2727
728,1760.823446712018,1768.009395575,Hayate Era (Japan),Ruck,Green,947041,2,A,3000,Japan,61955,Hayate,Era,1,2732
729,1762.206742361,1767.206742361,Warner Dearns (Japan),Ruck,Yellow,947041,5,A,3000,Japan,40399,Warner,Dearns,1,2734
730,1762.277341018,1767.277341018,Kenta Kobayashi (Japan),Ruck,Green,947041,1,A,3000,Japan,34481,Kenta,Kobayashi,1,2734
731,1762.2978679313194,1774.3000605495026,Kapeli Pifeleti (USA),Ruck,Green,947041,2,H,2950,USA,33820,Kapeli,Pifeleti,1,2734
732,1762.2988056395886,1776.800024422401,Christian Poidevin (USA),Carry,Green,947041,7,H,2950,USA,32698,Christian,Poidevin,1,2734
733,1763.194128039,1769.14340028,Tomoki Osada (Japan),Carry,Green,947041,11,A,3000,Japan,31059,Tomoki,Osada,1,2734
734,1764.7710204081632,1769.7710204081632,Ben Gunter (Japan),Turnover Defence,Red,947041,6,A,3000,Japan,26283,Ben,Gunter,1,2736
735,1764.7710204081632,1769.7710204081632,Tomoki Osada (Japan),Turnover Defence,Red,947041,11,A,3000,Japan,31059,Tomoki,Osada,1,2736
736,1764.844058956916,1769.844058956916,Kenta Kobayashi (Japan),Turnover Defence,Red,947041,1,A,3000,Japan,34481,Kenta,Kobayashi,1,2736
737,1765.5982043802028,1784.6000325820376,Kaleb Geiger (USA),Carry,Green,947041,3,H,2950,USA,43952,Kaleb,Geiger,1,2736
738,1767.081037743,1772.081037743,Kenta Fukuda (Japan),Tackle,Green,947041,9,A,3000,Japan,36475,Kenta,Fukuda,1,2738
739,1767.0975573196058,1779.5000498419615,Jason Damm (USA),Ruck,Green,947041,5,H,2950,USA,38021,Jason,Damm,1,2738
740,1768.939628624,1778.732432926,Waisake Raratubua (Japan),Jackler,Green,947041,4,A,3000,Japan,30796,Waisake,Raratubua,1,2739
741,1770.0314512471657,1775.0314512471657,Amato Fakatava (Japan),Tackle,Green,947041,8,A,3000,Japan,36500,Amato,Fakatava,1,2741
742,1770.5991784711791,1790.2000960006196,Ezekiel Lindenmuth (USA),Carry,Yellow,947041,1,H,2950,USA,28161,Ezekiel,Lindenmuth,1,2742
743,1771.4996086600706,1789.4001678787988,Marno Redelinghuys (USA),Ruck,Green,947041,4,H,2950,USA,25254,Marno,Redelinghuys,1,2742
744,1772.6978467024549,1789.4001678787988,Vili Helu (USA),Ruck,Red,947041,20,H,2950,USA,46434,Vili,Helu,1,2743
745,1773.7030158730158,1778.7030158730158,Warner Dearns (Japan),Phase Defence,Red,947041,5,A,3000,Japan,40399,Warner,Dearns,1,2744
746,1775.0979143132445,1794.900035870255,Kapeli Pifeleti (USA),Carry,Green,947041,2,H,2950,USA,33820,Kapeli,Pifeleti,1,2746
747,1775.8979273122986,1791.700014523116,Paddy Ryan (USA),Ruck,Green,947041,6,H,2950,USA,31271,Paddy,Ryan,1,2746
748,1777.3982905122864,1791.700014523116,Christian Poidevin (USA),Ruck,Yellow,947041,7,H,2950,USA,32698,Christian,Poidevin,1,2749
749,1777.480240781333,1783.702246803,Ben Gunter (Japan),Tackle,Green,947041,6,A,3000,Japan,26283,Ben,Gunter,1,2749
750,1778.9401587301588,1788.721759228,Charlie Lawrence (Japan),Tackle,Red,947041,12,A,3000,Japan,32522,Charlie,Lawrence,1,2750
751,1779.0965986394558,1784.0965986394558,Kenta Kobayashi (Japan),Phase Defence,Red,947041,1,A,3000,Japan,34481,Kenta,Kobayashi,1,2750
752,1781.1983987819888,1792.4000539070428,Tavite Lopeti (USA),Carry,Green,947041,12,H,2950,USA,39901,Tavite,Lopeti,1,2751
753,1781.743136291,1791.338337081,Kippei Ishida (Japan),Tackle,Green,947041,14,A,3000,Japan,34036,Kippei,Ishida,1,2753
754,1783.918752834467,1791.677667335,Seungsin Lee (Japan),Tackle,Red,947041,10,A,3000,Japan,37841,Seungsin,Lee,1,2756
755,1784.0979068374472,1805.300335066208,Chris Hilsenbeck (USA),Carry,Yellow,947041,10,H,2950,USA,27595,Chris,Hilsenbeck,1,2756
756,1784.2985006897695,1793.300156015272,Erich Storti (USA),Carry,Green,947041,15,H,2950,USA,55128,Erich,Storti,1,2756
757,1786.898862684924,1799.3001526888777,Marno Redelinghuys (USA),Ruck,Green,947041,4,H,2950,USA,25254,Marno,Redelinghuys,1,2758
758,1788.8989821868793,1811.7000101620515,Paddy Ryan (USA),Carry,Green,947041,6,H,2950,USA,31271,Paddy,Ryan,1,2800
759,1788.9949659863946,1793.9949659863946,Hayate Era (Japan),Tackle,Green,947041,2,A,3000,Japan,61955,Hayate,Era,1,2800
760,1789.398664963462,1812.400031870636,Christian Poidevin (USA),Ruck,Green,947041,7,H,2950,USA,32698,Christian,Poidevin,1,2800
761,1790.1982165473469,1812.400031870636,Kaleb Geiger (USA),Ruck,Red,947041,3,H,2950,USA,43952,Kaleb,Geiger,1,2801
762,1791.6109523809523,1804.20943826,Amato Fakatava (Japan),Tackle,Red,947041,8,A,3000,Japan,36500,Amato,Fakatava,1,2803
763,1792.9464172335602,1797.9464172335602,Warner Dearns (Japan),Tackle,Red,947041,5,A,3000,Japan,40399,Warner,Dearns,1,2803
764,1798.3983350339795,1819.6000029428344,Kapeli Pifeleti (USA),Carry,Green,947041,2,H,2950,USA,33820,Kapeli,Pifeleti,1,2809
765,1799.1985160342765,1820.3000817172356,Ezekiel Lindenmuth (USA),Ruck,Yellow,947041,1,H,2950,USA,28161,Ezekiel,Lindenmuth,1,2810
766,1800.2984941182615,1820.3000817172356,Jason Damm (USA),Ruck,Green,947041,5,H,2950,USA,38021,Jason,Damm,1,2811
767,1801.053118385,1810.897406698666,Hayate Era (Japan),Tackle,Green,947041,2,A,3000,Japan,61955,Hayate,Era,1,2811
768,1801.532564403,1806.532564403,Ben Gunter (Japan),Jackler,Green,947041,6,A,3000,Japan,26283,Ben,Gunter,1,2811
769,1801.643175799,1808.726911213,Kanji Shimokawa (Japan),Tackle,Green,947041,7,A,3000,Japan,30962,Kanji,Shimokawa,1,2811
770,1801.9988684857783,1826.2001508637136,Marno Redelinghuys (USA),Carry,Red,947041,4,H,2950,USA,25254,Marno,Redelinghuys,1,2814
771,1803.69776189455,1823.1001202541177,Vili Helu (USA),Ruck,Green,947041,20,H,2950,USA,46434,Vili,Helu,1,2814
772,1804.7985619783992,1823.1001202541177,Paddy Ryan (USA),Ruck,Green,947041,6,H,2950,USA,31271,Paddy,Ryan,1,2815
773,1810.398674196154,1826.4000217026155,Christian Poidevin (USA),Ruck,Green,947041,7,H,2950,USA,32698,Christian,Poidevin,1,2821
774,1810.898988372751,1831.9000296423867,Jason Damm (USA),Carry,Red,947041,5,H,2950,USA,38021,Jason,Damm,1,2821
775,1811.1297278911568,1823.209715277,Warner Dearns (Japan),Tackle,Green,947041,5,A,3000,Japan,40399,Warner,Dearns,1,2823
776,1817.098179389172,1839.3001300879264,Kapeli Pifeleti (USA),Carry,Red,947041,2,H,2950,USA,33820,Kapeli,Pifeleti,1,2828
777,1818.560752917,1825.121216911,Ben Gunter (Japan),Tackle,Green,947041,6,A,3000,Japan,26283,Ben,Gunter,1,2830
778,1819.0989749618263,1840.0000811306045,Kaleb Geiger (USA),Ruck,Yellow,947041,3,H,2950,USA,43952,Kaleb,Geiger,1,2830
779,1819.8980142808944,1840.0000811306045,Paddy Ryan (USA),Ruck,Yellow,947041,6,H,2950,USA,31271,Paddy,Ryan,1,2830
780,1823.698204186209,1846.2001067944907,Vili Helu (USA),Carry,Red,947041,20,H,2950,USA,46434,Vili,Helu,1,2834
781,1824.5941172068208,1845.899941914491,Christian Poidevin (USA),Ruck,Green,947041,7,H,2950,USA,32698,Christian,Poidevin,1,2834
782,1824.677090635,1829.677090635,Hayate Era (Japan),Tackle,Green,947041,2,A,3000,Japan,61955,Hayate,Era,1,2834
783,1827.298711309186,1845.899941914491,Ezekiel Lindenmuth (USA),Ruck,Red,947041,1,H,2950,USA,28161,Ezekiel,Lindenmuth,1,2838
784,1827.798435725512,1845.899941914491,Marno Redelinghuys (USA),Ruck,Red,947041,4,H,2950,USA,25254,Marno,Redelinghuys,1,2839
785,1833.2976852300503,1854.600000526374,Kaleb Geiger (USA),Carry,Red,947041,3,H,2950,USA,43952,Kaleb,Geiger,1,2844
786,1834.2986472794264,1853.4002846624755,Paddy Ryan (USA),Ruck,Green,947041,6,H,2950,USA,31271,Paddy,Ryan,1,2845
787,1836.2985228208968,1853.4002846624755,Kapeli Pifeleti (USA),Ruck,Red,947041,2,H,2950,USA,33820,Kapeli,Pifeleti,1,2849
788,1836.737275816,1841.737275816,Waisake Raratubua (Japan),Tackle,Green,947041,4,A,3000,Japan,30796,Waisake,Raratubua,1,2849
789,1840.20162254,1846.388152351,Ben Gunter (Japan),Tackle,Green,947041,6,A,3000,Japan,26283,Ben,Gunter,1,2851
790,1840.3981660073196,1856.0000861401224,Ezekiel Lindenmuth (USA),Carry,Red,947041,1,H,2950,USA,28161,Ezekiel,Lindenmuth,1,2851
791,1841.6302267573697,1861.197417613,Amato Fakatava (Japan),Linebreak Defence,Gold,947041,8,A,3000,Japan,36500,Amato,Fakatava,1,2853
792,1842.498634214612,1856.0001320712831,Christian Poidevin (USA),Ruck,Red,947041,7,H,2950,USA,32698,Christian,Poidevin,1,2853
793,1843.798446199,1848.798446199,Charlie Lawrence (Japan),Tackle,Green,947041,12,A,3000,Japan,32522,Charlie,Lawrence,1,2855
794,1845.3800226757369,1850.3800226757369,Dylan Riley (Japan),Tackle,Green,947041,13,A,3000,Japan,27652,Dylan,Riley,1,2856
795,1846.0973587866752,1859.6999651355184,Jason Damm (USA),Carry,Red,947041,5,H,2950,USA,38021,Jason,Damm,1,2856
796,1846.1984652363817,1858.800552210082,Marno Redelinghuys (USA),Ruck,Red,947041,4,H,2950,USA,25254,Marno,Redelinghuys,1,2857
797,1848.353260853,1853.353260853,Shuhei Takeuchi (Japan),Tackle,Green,947041,3,A,3000,Japan,37874,Shuhei,Takeuchi,1,2900
798,1848.6982109431476,1858.7000521212244,Tavite Lopeti (USA),Carry,Green,947041,12,H,2950,USA,39901,Tavite,Lopeti,1,2900
799,1848.749304782,1856.823987057,Warner Dearns (Japan),Tackle,Red,947041,5,A,3000,Japan,40399,Warner,Dearns,1,2900
800,1850.1982800027351,1865.300041475124,Dominic Besag (USA),Carry,Green,947041,13,H,2950,USA,60169,Dominic,Besag,1,2902
801,1852.1981318095832,1864.39998639386,Erich Storti (USA),Ruck,Green,947041,15,H,2950,USA,55128,Erich,Storti,1,2903
802,1853.1984666432184,1864.39998639386,Tavite Lopeti (USA),Ruck,Green,947041,12,H,2950,USA,39901,Tavite,Lopeti,1,2904
803,1853.499397266188,1876.6999780138071,Vili Helu (USA),Carry,Red,947041,20,H,2950,USA,46434,Vili,Helu,1,2904
804,1855.299334412768,1874.4000323011576,Paddy Ryan (USA),Ruck,Green,947041,6,H,2950,USA,31271,Paddy,Ryan,1,2907
805,1856.4985739151637,1874.4000323011576,Toby Fricker (USA),Ruck,Green,947041,11,H,2950,USA,34095,Toby,Fricker,1,2907
806,1856.9965775381795,1874.4000323011576,Erich Storti (USA),Ruck,Green,947041,15,H,2950,USA,55128,Erich,Storti,1,2907
807,1857.635378106,1862.635378106,Amato Fakatava (Japan),Tackle,Green,947041,8,A,3000,Japan,36500,Amato,Fakatava,1,2907
808,1857.635378106,1862.635378106,Sam Greene (Japan),Tackle,Green,947041,15,A,3000,Japan,22606,Sam,Greene,1,2907
809,1865.692665922,1870.692665922,Ben Gunter (Japan),Tackle,Green,947041,6,A,3000,Japan,26283,Ben,Gunter,1,2917
810,1989.335494837,2004.266492461,Ezekiel Lindenmuth (USA),Lineout Defence,Green,947041,1,H,2950,USA,28161,Ezekiel,Lindenmuth,1,3121
811,1989.335494837,2004.266492461,Marno Redelinghuys (USA),Lineout Defence,Green,947041,4,H,2950,USA,25254,Marno,Redelinghuys,1,3121
812,1989.335494837,2004.266492461,Jason Damm (USA),Lineout Defence,Green,947041,5,H,2950,USA,38021,Jason,Damm,1,3121
813,1989.335494837,2004.266492461,Vili Helu (USA),Lineout Defence,Green,947041,20,H,2950,USA,46434,Vili,Helu,1,3121
814,1989.556322715,2002.768492843,Hayate Era (Japan),Lineout Attack,Green,947041,2,A,3000,Japan,61955,Hayate,Era,1,3121
815,1989.556322715,2002.768492843,Waisake Raratubua (Japan),Lineout Attack,Green,947041,4,A,3000,Japan,30796,Waisake,Raratubua,1,3121
816,1989.556322715,2002.768492843,Warner Dearns (Japan),Lineout Attack,Green,947041,5,A,3000,Japan,40399,Warner,Dearns,1,3121
817,1989.556322715,2002.768492843,Ben Gunter (Japan),Lineout Attack,Green,947041,6,A,3000,Japan,26283,Ben,Gunter,1,3121
818,1993.159923613,2002.768492843,Kanji Shimokawa (Japan),Lineout Attack,Green,947041,7,A,3000,Japan,30962,Kanji,Shimokawa,1,3123
819,1995.8990047983443,2009.8003228989587,Christian Poidevin (USA),Tackle,Green,947041,7,H,2950,USA,32698,Christian,Poidevin,1,3127
820,1995.9989544415264,2009.8003228989587,Paddy Ryan (USA),Tackle,Green,947041,6,H,2950,USA,31271,Paddy,Ryan,1,3127
821,1999.319664665,2006.824764022,Shuhei Takeuchi (Japan),Ruck,Green,947041,3,A,3000,Japan,37874,Shuhei,Takeuchi,1,3130
822,2001.6982061904084,2011.7001261489315,Tavite Lopeti (USA),Tackle,Green,947041,12,H,2950,USA,39901,Tavite,Lopeti,1,3132
823,2001.824764022,2008.468455237,Kenta Kobayashi (Japan),Ruck,Green,947041,1,A,3000,Japan,34481,Kenta,Kobayashi,1,3132
824,2004.0983849812435,2021.7001125776335,Dominic Besag (USA),Jackler,Green,947041,13,H,2950,USA,60169,Dominic,Besag,1,3135
825,2004.414118169,2009.414118169,Charlie Lawrence (Japan),Carry,Green,947041,12,A,3000,Japan,32522,Charlie,Lawrence,1,3135
826,2004.898577313345,2021.7001125776335,Chris Hilsenbeck (USA),Jackler,Green,947041,10,H,2950,USA,27595,Chris,Hilsenbeck,1,3136
827,2010.5895464852608,2017.44072192,Sam Greene (Japan),Ruck,Green,947041,15,A,3000,Japan,22606,Sam,Greene,1,3141
828,2011.9972967723213,2033.9000183996025,Kaleb Geiger (USA),Tackle,Red,947041,3,H,2950,USA,43952,Kaleb,Geiger,1,3142
829,2012.3109297052151,2018.666883502,Kippei Ishida (Japan),Ruck,Green,947041,14,A,3000,Japan,34036,Kippei,Ishida,1,3144
830,2012.4977550202293,2033.9000183996025,Paddy Ryan (USA),Tackle,Green,947041,6,H,2950,USA,31271,Paddy,Ryan,1,3144
831,2014.333757999,2019.333757999,Amato Fakatava (Japan),Ruck,Green,947041,8,A,3000,Japan,36500,Amato,Fakatava,1,3145
832,2014.7627210884357,2019.7627210884357,Seungsin Lee (Japan),Carry,Green,947041,10,A,3000,Japan,37841,Seungsin,Lee,1,3145
833,2021.054807256236,2045.299333769666,Shuhei Takeuchi (Japan),Carry,Gold,947041,3,A,3000,Japan,37874,Shuhei,Takeuchi,1,3152
834,2022.39875870962,2038.5999732237135,Jason Damm (USA),Tackle,Green,947041,5,H,2950,USA,38021,Jason,Damm,1,3153
835,2022.5958276643992,2027.5958276643992,Tomoki Osada (Japan),Ruck,Green,947041,11,A,3000,Japan,31059,Tomoki,Osada,1,3153
836,2022.791700680272,2028.537713437,Dylan Riley (Japan),Ruck,Green,947041,13,A,3000,Japan,27652,Dylan,Riley,1,3154
837,2022.8984039179768,2038.5999732237135,Christian Poidevin (USA),Tackle,Green,947041,7,H,2950,USA,32698,Christian,Poidevin,1,3154
838,2023.2913605442177,2028.2913605442177,Tomoki Osada (Japan),Ruck,Green,947041,11,A,3000,Japan,31059,Tomoki,Osada,1,3154
839,2026.4432199546488,2033.0964145489977,Amato Fakatava (Japan),Carry,Green,947041,8,A,3000,Japan,36500,Amato,Fakatava,1,3157
840,2027.448390022676,2045.198645804666,Kenta Kobayashi (Japan),Carry,Green,947041,1,A,3000,Japan,34481,Kenta,Kobayashi,1,3158
841,2027.672650816,2033.880401978,Hayate Era (Japan),Ruck,Green,947041,2,A,3000,Japan,61955,Hayate,Era,1,3158
842,2028.1987288308408,2048.0000432430547,Paddy Ryan (USA),Tackle,Green,947041,6,H,2950,USA,31271,Paddy,Ryan,1,3159
843,2028.880401978,2036.780659419,Waisake Raratubua (Japan),Ruck,Green,947041,4,A,3000,Japan,30796,Waisake,Raratubua,1,3200
844,2028.8981762048568,2048.0000432430547,Ruben de Haas (USA),Tackle,Green,947041,9,H,2950,USA,30203,Ruben,de Haas,1,3200
845,2030.1986539566897,2048.0000432430547,Kapeli Pifeleti (USA),Tackle,Red,947041,2,H,2950,USA,33820,Kapeli,Pifeleti,1,3201
846,2030.802244452,2035.802244452,Shuhei Takeuchi (Japan),Ruck,Green,947041,3,A,3000,Japan,37874,Shuhei,Takeuchi,1,3201
847,2033.5975676316416,2050.700136781499,Ezekiel Lindenmuth (USA),Tackle,Yellow,947041,1,H,2950,USA,28161,Ezekiel,Lindenmuth,1,3205
848,2034.7986533821388,2050.700136781499,Christian Poidevin (USA),Tackle,Yellow,947041,7,H,2950,USA,32698,Christian,Poidevin,1,3205
849,2036.771145994,2041.771145994,Warner Dearns (Japan),Ruck,Green,947041,5,A,3000,Japan,40399,Warner,Dearns,1,3206
850,2038.0021995464856,2043.0021995464856,Hayate Era (Japan),Ruck,Red,947041,2,A,3000,Japan,61955,Hayate,Era,1,3206
851,2038.0021995464856,2043.0021995464856,Waisake Raratubua (Japan),Ruck,Red,947041,4,A,3000,Japan,30796,Waisake,Raratubua,1,3206
852,2038.597923113332,2045.895943404332,Amato Fakatava (Japan),Carry,Red,947041,8,A,3000,Japan,36500,Amato,Fakatava,1,3209
853,2045.3994712784777,2055.700024156582,Dominic Besag (USA),Tackle,Green,947041,13,H,2950,USA,60169,Dominic,Besag,1,3216
854,2048.245102040816,2053.245102040816,Sam Greene (Japan),Carry,Green,947041,15,A,3000,Japan,22606,Sam,Greene,1,3218
855,2257.198254649636,2269.852815134,Ezekiel Lindenmuth (USA),Scrum Attack,Green,947041,1,H,2950,USA,28161,Ezekiel,Lindenmuth,1,3511
856,2257.198254649636,2269.852815134,Kapeli Pifeleti (USA),Scrum Attack,Green,947041,2,H,2950,USA,33820,Kapeli,Pifeleti,1,3511
857,2257.198254649636,2269.852815134,Kaleb Geiger (USA),Scrum Attack,Green,947041,3,H,2950,USA,43952,Kaleb,Geiger,1,3511
858,2257.198254649636,2269.852815134,Jason Damm (USA),Scrum Attack,Green,947041,5,H,2950,USA,38021,Jason,Damm,1,3511
859,2257.198254649636,2269.852815134,Paddy Ryan (USA),Scrum Attack,Green,947041,6,H,2950,USA,31271,Paddy,Ryan,1,3511
860,2257.198254649636,2269.852815134,Christian Poidevin (USA),Scrum Attack,Green,947041,7,H,2950,USA,32698,Christian,Poidevin,1,3511
861,2257.198254649636,2269.852815134,Tevita Naqali (USA),Scrum Attack,Green,947041,19,H,2950,USA,32285,Tevita,Naqali,1,3511
862,2257.198254649636,2269.852815134,Vili Helu (USA),Scrum Attack,Green,947041,20,H,2950,USA,46434,Vili,Helu,1,3511
863,2260.027273844,2269.155926985,Kenta Kobayashi (Japan),Scrum Defence,Red,947041,1,A,3000,Japan,34481,Kenta,Kobayashi,1,3519
864,2260.027273844,2269.155926985,Hayate Era (Japan),Scrum Defence,Red,947041,2,A,3000,Japan,61955,Hayate,Era,1,3519
865,2260.027273844,2269.155926985,Shuhei Takeuchi (Japan),Scrum Defence,Red,947041,3,A,3000,Japan,37874,Shuhei,Takeuchi,1,3519
866,2260.027273844,2269.155926985,Waisake Raratubua (Japan),Scrum Defence,Red,947041,4,A,3000,Japan,30796,Waisake,Raratubua,1,3519
867,2260.027273844,2269.155926985,Warner Dearns (Japan),Scrum Defence,Green,947041,5,A,3000,Japan,40399,Warner,Dearns,1,3519
868,2260.027273844,2269.155926985,Ben Gunter (Japan),Scrum Defence,Green,947041,6,A,3000,Japan,26283,Ben,Gunter,1,3519
869,2260.027273844,2269.155926985,Kanji Shimokawa (Japan),Scrum Defence,Green,947041,7,A,3000,Japan,30962,Kanji,Shimokawa,1,3519
870,2260.027273844,2269.155926985,Amato Fakatava (Japan),Scrum Defence,Green,947041,8,A,3000,Japan,36500,Amato,Fakatava,1,3519
871,2261.1986017724766,2274.3001392237484,Tavite Lopeti (USA),Carry,Green,947041,12,H,2950,USA,39901,Tavite,Lopeti,1,3519
872,2262.298586174965,2274.4000576802073,Christian Poidevin (USA),Ruck,Green,947041,7,H,2950,USA,32698,Christian,Poidevin,1,3521
873,2262.29938832791,2274.4000576802073,Rufus McLean (USA),Ruck,Green,947041,14,H,2950,USA,33897,Rufus,McLean,1,3521
874,2263.1061224489795,2268.1061224489795,Seungsin Lee (Japan),Tackle,Green,947041,10,A,3000,Japan,37841,Seungsin,Lee,1,3522
875,2263.7453968253967,2268.7453968253967,Ben Gunter (Japan),Phase Defence,Red,947041,6,A,3000,Japan,26283,Ben,Gunter,1,3522
876,2265.0985039257343,2278.500078570022,Paddy Ryan (USA),Carry,Green,947041,6,H,2950,USA,31271,Paddy,Ryan,1,3524
877,2265.998507364224,2277.300234285931,Jason Damm (USA),Ruck,Green,947041,5,H,2950,USA,38021,Jason,Damm,1,3525
878,2266.9984303217234,2277.300234285931,Tevita Naqali (USA),Ruck,Green,947041,19,H,2950,USA,32285,Tevita,Naqali,1,3526
879,2267.995269753,2272.995269753,Warner Dearns (Japan),Phase Defence,Red,947041,5,A,3000,Japan,40399,Warner,Dearns,1,3526
880,2270.207029478458,2277.5991143973324,Amato Fakatava (Japan),Tackle,Green,947041,8,A,3000,Japan,36500,Amato,Fakatava,1,3528
881,2272.7750113378684,2277.7750113378684,Charlie Lawrence (Japan),Tackle,Green,947041,12,A,3000,Japan,32522,Charlie,Lawrence,1,3531
882,2320.928720019,2346.729717644,Ezekiel Lindenmuth (USA),Lineout Attack,Green,947041,1,H,2950,USA,28161,Ezekiel,Lindenmuth,1,3602
883,2320.928720019,2346.729717644,Kapeli Pifeleti (USA),Lineout Attack,Green,947041,2,H,2950,USA,33820,Kapeli,Pifeleti,1,3602
884,2320.928720019,2346.729717644,Kaleb Geiger (USA),Lineout Attack,Green,947041,3,H,2950,USA,43952,Kaleb,Geiger,1,3602
885,2320.928720019,2346.729717644,Jason Damm (USA),Lineout Attack,Green,947041,5,H,2950,USA,38021,Jason,Damm,1,3602
886,2320.928720019,2346.729717644,Paddy Ryan (USA),Lineout Attack,Green,947041,6,H,2950,USA,31271,Paddy,Ryan,1,3602
887,2320.928720019,2346.729717644,Ruben de Haas (USA),Lineout Attack,Green,947041,9,H,2950,USA,30203,Ruben,de Haas,1,3602
888,2320.928720019,2346.729717644,Tevita Naqali (USA),Lineout Attack,Yellow,947041,19,H,2950,USA,32285,Tevita,Naqali,1,3602
889,2320.928720019,2346.729717644,Vili Helu (USA),Lineout Attack,Green,947041,20,H,2950,USA,46434,Vili,Helu,1,3602
890,2323.97862708,2348.929610442,Kenta Kobayashi (Japan),Lineout Defence,Green,947041,1,A,3000,Japan,34481,Kenta,Kobayashi,1,3602
891,2323.97862708,2348.929610442,Shuhei Takeuchi (Japan),Lineout Defence,Green,947041,3,A,3000,Japan,37874,Shuhei,Takeuchi,1,3602
892,2323.97862708,2348.929610442,Waisake Raratubua (Japan),Lineout Defence,Green,947041,4,A,3000,Japan,30796,Waisake,Raratubua,1,3602
893,2323.97862708,2348.929610442,Warner Dearns (Japan),Lineout Defence,Green,947041,5,A,3000,Japan,40399,Warner,Dearns,1,3602
894,2323.97862708,2348.929610442,Kanji Shimokawa (Japan),Lineout Defence,Green,947041,7,A,3000,Japan,30962,Kanji,Shimokawa,1,3602
895,2323.97862708,2348.929610442,Amato Fakatava (Japan),Lineout Defence,Green,947041,8,A,3000,Japan,36500,Amato,Fakatava,1,3602
896,2325.744567971,2346.729717644,Christian Poidevin (USA),Lineout Attack,Green,947041,7,H,2950,USA,32698,Christian,Poidevin,1,3602
897,2329.227794585,2348.929610442,Hayate Era (Japan),Lineout Defence,Green,947041,2,A,3000,Japan,61955,Hayate,Era,1,3603
898,2329.898101558,2348.929610442,Tomoki Osada (Japan),Lineout Defence,Green,947041,11,A,3000,Japan,31059,Tomoki,Osada,1,3603
899,2333.699129519596,2351.100004724816,Christian Poidevin (USA),Carry,Green,947041,7,H,2950,USA,32698,Christian,Poidevin,1,3603
900,2334.0945752321873,2350.50013535274,Paddy Ryan (USA),Ruck,Green,947041,6,H,2950,USA,31271,Paddy,Ryan,1,3603
901,2334.6956543102447,2350.50013535274,Chris Hilsenbeck (USA),Ruck,Green,947041,10,H,2950,USA,27595,Chris,Hilsenbeck,1,3606
902,2336.998703744976,2350.50013535274,Vili Helu (USA),Ruck,Green,947041,20,H,2950,USA,46434,Vili,Helu,1,3605
903,2340.1987046248864,2360.700061829356,Tavite Lopeti (USA),Carry,Green,947041,12,H,2950,USA,39901,Tavite,Lopeti,1,3610
904,2341.298485730066,2359.2999914991765,Kaleb Geiger (USA),Ruck,Green,947041,3,H,2950,USA,43952,Kaleb,Geiger,1,3612
905,2341.664386353,2359.8996341846655,Paddy Ryan (USA),Carry,Green,947041,6,H,2950,USA,31271,Paddy,Ryan,1,3612
906,2342.598828103887,2359.2999914991765,Kapeli Pifeleti (USA),Ruck,Green,947041,2,H,2950,USA,33820,Kapeli,Pifeleti,1,3613
907,2342.896122448979,2349.096885690333,Ben Gunter (Japan),Jackler,Green,947041,6,A,3000,Japan,26283,Ben,Gunter,1,3613
908,2343.26973682,2351.2409429,Kanji Shimokawa (Japan),Tackle,Green,947041,7,A,3000,Japan,30962,Kanji,Shimokawa,1,3611
909,2347.197790006682,2367.9000139929776,Ezekiel Lindenmuth (USA),Ruck,Red,947041,1,H,2950,USA,28161,Ezekiel,Lindenmuth,1,3618
910,2347.57544217687,2352.57544217687,Waisake Raratubua (Japan),Jackler,Green,947041,4,A,3000,Japan,30796,Waisake,Raratubua,1,3618
911,2348.5987960470165,2367.9000139929776,Jason Damm (USA),Ruck,Green,947041,5,H,2950,USA,38021,Jason,Damm,1,3619
912,2348.68885858,2354.503502467,Shuhei Takeuchi (Japan),Tackle,Green,947041,3,A,3000,Japan,37874,Shuhei,Takeuchi,1,3619
913,2349.803230171,2375.7991169679995,Seungsin Lee (Japan),Linebreak Defence,Gold,947041,10,A,3000,Japan,37841,Seungsin,Lee,1,3620
914,2350.99917262733,2366.400143981618,Tevita Naqali (USA),Carry,Green,947041,19,H,2950,USA,32285,Tevita,Naqali,1,3622
915,2351.299292551931,2365.799950552565,Kaleb Geiger (USA),Ruck,Green,947041,3,H,2950,USA,43952,Kaleb,Geiger,1,3622
916,2353.897967429089,2373.400010754334,Kapeli Pifeleti (USA),Carry,Yellow,947041,2,H,2950,USA,33820,Kapeli,Pifeleti,1,3624
917,2354.941836734694,2363.303946126,Shuhei Takeuchi (Japan),Tackle,Green,947041,3,A,3000,Japan,37874,Shuhei,Takeuchi,1,3626
918,2355.7996151300495,2371.500121745266,Tavite Lopeti (USA),Ruck,Green,947041,12,H,2950,USA,39901,Tavite,Lopeti,1,3626
919,2355.982212095332,2365.163213635,Tomoki Osada (Japan),Tackle,Green,947041,11,A,3000,Japan,31059,Tomoki,Osada,1,3626
920,2356.097939954026,2371.500121745266,Vili Helu (USA),Ruck,Green,947041,20,H,2950,USA,46434,Vili,Helu,1,3627
921,2356.896553287982,2363.349587585,Ben Gunter (Japan),Tackle,Green,947041,6,A,3000,Japan,26283,Ben,Gunter,1,3627
922,2357.0090249433106,2362.0090249433106,Dylan Riley (Japan),Phase Defence,Red,947041,13,A,3000,Japan,27652,Dylan,Riley,1,3627
923,2357.4789569161,2362.4789569161,Seungsin Lee (Japan),Tackle,Green,947041,10,A,3000,Japan,37841,Seungsin,Lee,1,3628
924,2357.5125850340137,2363.049566077,Shuhei Takeuchi (Japan),Phase Defence,Red,947041,3,A,3000,Japan,37874,Shuhei,Takeuchi,1,3628
925,2357.5125850340137,2363.049566077,Warner Dearns (Japan),Phase Defence,Red,947041,5,A,3000,Japan,40399,Warner,Dearns,1,3628
926,2358.049566077,2363.049566077,Ben Gunter (Japan),Phase Defence,Red,947041,6,A,3000,Japan,26283,Ben,Gunter,1,3629
927,2358.999175329864,2377.0002137470556,Paddy Ryan (USA),Carry,Red,947041,6,H,2950,USA,31271,Paddy,Ryan,1,3629
928,2359.398477819385,2375.2003702935176,Kaleb Geiger (USA),Ruck,Green,947041,3,H,2950,USA,43952,Kaleb,Geiger,1,3629
929,2362.61074829932,2369.744325461,Shuhei Takeuchi (Japan),Tackle,Green,947041,3,A,3000,Japan,37874,Shuhei,Takeuchi,1,3633
930,2363.8988764779197,2385.4000190933525,Christian Poidevin (USA),Carry,Red,947041,7,H,2950,USA,32698,Christian,Poidevin,1,3634
931,2366.847704066,2371.847704066,Warner Dearns (Japan),Tackle,Green,947041,5,A,3000,Japan,40399,Warner,Dearns,1,3638
932,2366.9985835368616,2380.200028330035,Tevita Naqali (USA),Ruck,Green,947041,19,H,2950,USA,32285,Tevita,Naqali,1,3638
933,2370.558304109,2375.558304109,Kippei Ishida (Japan),Tackle,Green,947041,14,A,3000,Japan,34036,Kippei,Ishida,1,3641
934,2371.297035801,2376.297035801,Seungsin Lee (Japan),Tackle,Green,947041,10,A,3000,Japan,37841,Seungsin,Lee,1,3642
935,2422.098055676259,2436.500036946697,Jason Damm (USA),Ruck,Green,947041,5,H,2950,USA,38021,Jason,Damm,1,3722
936,2422.295671986607,2439.700062594751,Kapeli Pifeleti (USA),Carry,Red,947041,2,H,2950,USA,33820,Kapeli,Pifeleti,1,3722
937,2423.7987724679606,2436.500036946697,Ezekiel Lindenmuth (USA),Ruck,Green,947041,1,H,2950,USA,28161,Ezekiel,Lindenmuth,1,3723
938,2426.3983799156035,2444.800039910755,Kaleb Geiger (USA),Carry,Green,947041,3,H,2950,USA,43952,Kaleb,Geiger,1,3726
939,2426.9982897680084,2443.0998807491774,Paddy Ryan (USA),Ruck,Green,947041,6,H,2950,USA,31271,Paddy,Ryan,1,3727
940,2427.2986098619344,2443.0998807491774,Vili Helu (USA),Ruck,Green,947041,20,H,2950,USA,46434,Vili,Helu,1,3727
941,2427.3986335019836,2443.0998807491774,Tevita Naqali (USA),Ruck,Green,947041,19,H,2950,USA,32285,Tevita,Naqali,1,3727
942,2428.9542857142856,2433.9542857142856,Shuhei Takeuchi (Japan),Tackle,Green,947041,3,A,3000,Japan,37874,Shuhei,Takeuchi,1,3729
943,2429.3982576063077,2452.3999625480424,Paddy Ryan (USA),Carry,Red,947041,6,H,2950,USA,31271,Paddy,Ryan,1,3729
944,2430.6950566893424,2438.141388797,Ben Gunter (Japan),Tackle,Green,947041,6,A,3000,Japan,26283,Ben,Gunter,1,3731
945,2430.771801838,2435.771801838,Amato Fakatava (Japan),Tackle,Green,947041,8,A,3000,Japan,36500,Amato,Fakatava,1,3731
946,2430.898284802106,2449.900022034608,Ezekiel Lindenmuth (USA),Ruck,Red,947041,1,H,2950,USA,28161,Ezekiel,Lindenmuth,1,3731
947,2432.294897959184,2442.276504841,Waisake Raratubua (Japan),Jackler,Green,947041,4,A,3000,Japan,30796,Waisake,Raratubua,1,3731
948,2432.997918511397,2449.900022034608,Christian Poidevin (USA),Ruck,Green,947041,7,H,2950,USA,32698,Christian,Poidevin,1,3731
949,2436.4984672245464,2449.900022034608,Kapeli Pifeleti (USA),Ruck,Green,947041,2,H,2950,USA,33820,Kapeli,Pifeleti,1,3736
950,2438.598252286039,2453.4999954400114,Tavite Lopeti (USA),Carry,Green,947041,12,H,2950,USA,39901,Tavite,Lopeti,1,3739
951,2438.781259651,2443.781259651,Kenta Kobayashi (Japan),Tackle,Green,947041,1,A,3000,Japan,34481,Kenta,Kobayashi,1,3739
952,2440.041940216,2451.355617434,Amato Fakatava (Japan),Tackle,Red,947041,8,A,3000,Japan,36500,Amato,Fakatava,1,3740
953,2440.1989128305445,2454.100439242026,Vili Helu (USA),Ruck,Green,947041,20,H,2950,USA,46434,Vili,Helu,1,3740
954,2440.4984996376033,2454.100439242026,Dominic Besag (USA),Ruck,Green,947041,13,H,2950,USA,60169,Dominic,Besag,1,3740
955,2441.6095691609976,2456.798385609,Charlie Lawrence (Japan),Tackle,Gold,947041,12,A,3000,Japan,32522,Charlie,Lawrence,1,3741
956,2444.098535278224,2459.999973857522,Tevita Naqali (USA),Carry,Green,947041,19,H,2950,USA,32285,Tevita,Naqali,1,3744
957,2445.221020408163,2451.944276053,Ben Gunter (Japan),Jackler,Green,947041,6,A,3000,Japan,26283,Ben,Gunter,1,3745
958,2445.998478267037,2459.6000268338553,Jason Damm (USA),Ruck,Red,947041,5,H,2950,USA,38021,Jason,Damm,1,3746
959,2446.8988489746303,2459.6000268338553,Kaleb Geiger (USA),Ruck,Red,947041,3,H,2950,USA,43952,Kaleb,Geiger,1,3747
960,2447.22746031746,2452.22746031746,Seungsin Lee (Japan),Phase Defence,Red,947041,10,A,3000,Japan,37841,Seungsin,Lee,1,3747
961,2451.856349206349,2456.856349206349,Kanji Shimokawa (Japan),Tackle,Green,947041,7,A,3000,Japan,30962,Kanji,Shimokawa,1,3750
962,2577.187919696,2590.248998112,Kenta Kobayashi (Japan),Lineout Attack,Green,947041,1,A,3000,Japan,34481,Kenta,Kobayashi,1,3957
963,2577.187919696,2590.248998112,Hayate Era (Japan),Lineout Attack,Green,947041,2,A,3000,Japan,61955,Hayate,Era,1,3957
964,2577.187919696,2590.248998112,Shuhei Takeuchi (Japan),Lineout Attack,Green,947041,3,A,3000,Japan,37874,Shuhei,Takeuchi,1,3957
965,2577.187919696,2590.248998112,Waisake Raratubua (Japan),Lineout Attack,Yellow,947041,4,A,3000,Japan,30796,Waisake,Raratubua,1,3957
966,2577.187919696,2590.248998112,Warner Dearns (Japan),Lineout Attack,Green,947041,5,A,3000,Japan,40399,Warner,Dearns,1,3957
967,2577.187919696,2590.248998112,Kanji Shimokawa (Japan),Lineout Attack,Green,947041,7,A,3000,Japan,30962,Kanji,Shimokawa,1,3957
968,2577.187919696,2590.248998112,Amato Fakatava (Japan),Lineout Attack,Green,947041,8,A,3000,Japan,36500,Amato,Fakatava,1,3957
969,2577.58443816,2592.975815372,Ezekiel Lindenmuth (USA),Lineout Defence,Green,947041,1,H,2950,USA,28161,Ezekiel,Lindenmuth,1,3957
970,2577.58443816,2592.975815372,Kaleb Geiger (USA),Lineout Defence,Green,947041,3,H,2950,USA,43952,Kaleb,Geiger,1,3957
971,2577.58443816,2592.975815372,Jason Damm (USA),Lineout Defence,Green,947041,5,H,2950,USA,38021,Jason,Damm,1,3957
972,2577.58443816,2592.975815372,Tevita Naqali (USA),Lineout Defence,Green,947041,19,H,2950,USA,32285,Tevita,Naqali,1,3957
973,2577.58443816,2592.975815372,Vili Helu (USA),Lineout Defence,Green,947041,20,H,2950,USA,46434,Vili,Helu,1,3957
974,2580.437092749,2590.248998112,Ben Gunter (Japan),Lineout Attack,Green,947041,6,A,3000,Japan,26283,Ben,Gunter,1,4000
975,2584.7987674011397,2595.000012775655,Dominic Besag (USA),Tackle,Green,947041,13,H,2950,USA,60169,Dominic,Besag,1,4005
976,2585.59769401654,2594.9000165375246,Tavite Lopeti (USA),Jackler,Green,947041,12,H,2950,USA,39901,Tavite,Lopeti,1,4005
977,2589.314537527,2594.314537527,Sam Greene (Japan),Ruck,Green,947041,15,A,3000,Japan,22606,Sam,Greene,1,4009
978,2590.410050426,2595.410050426,Charlie Lawrence (Japan),Ruck,Green,947041,12,A,3000,Japan,32522,Charlie,Lawrence,1,4010
979,2591.104956729,2596.104956729,Dylan Riley (Japan),Carry,Green,947041,13,A,3000,Japan,27652,Dylan,Riley,1,4011
980,2647.525396825397,2665.1998868294886,Ezekiel Lindenmuth (USA),Lineout Attack,Green,947041,1,H,2950,USA,28161,Ezekiel,Lindenmuth,1,4110
981,2647.525396825397,2665.1998868294886,Kapeli Pifeleti (USA),Lineout Attack,Green,947041,2,H,2950,USA,33820,Kapeli,Pifeleti,1,4110
982,2647.525396825397,2665.1998868294886,Kaleb Geiger (USA),Lineout Attack,Green,947041,3,H,2950,USA,43952,Kaleb,Geiger,1,4110
983,2647.525396825397,2665.1998868294886,Christian Poidevin (USA),Lineout Attack,Green,947041,7,H,2950,USA,32698,Christian,Poidevin,1,4110
984,2647.525396825397,2665.1998868294886,Tevita Naqali (USA),Lineout Attack,Green,947041,19,H,2950,USA,32285,Tevita,Naqali,1,4110
985,2647.525396825397,2665.1998868294886,Vili Helu (USA),Lineout Attack,Green,947041,20,H,2950,USA,46434,Vili,Helu,1,4110
986,2648.202908183,2665.1998868294886,Jason Damm (USA),Lineout Attack,Green,947041,5,H,2950,USA,38021,Jason,Damm,1,4110
987,2651.674405918,2665.699887740742,Kenta Kobayashi (Japan),Lineout Defence,Green,947041,1,A,3000,Japan,34481,Kenta,Kobayashi,1,4110
988,2651.674405918,2665.699887740742,Shuhei Takeuchi (Japan),Lineout Defence,Green,947041,3,A,3000,Japan,37874,Shuhei,Takeuchi,1,4110
989,2651.674405918,2665.699887740742,Waisake Raratubua (Japan),Lineout Defence,Green,947041,4,A,3000,Japan,30796,Waisake,Raratubua,1,4110
990,2651.674405918,2665.699887740742,Warner Dearns (Japan),Lineout Defence,Green,947041,5,A,3000,Japan,40399,Warner,Dearns,1,4110
991,2651.674405918,2665.699887740742,Kanji Shimokawa (Japan),Lineout Defence,Green,947041,7,A,3000,Japan,30962,Kanji,Shimokawa,1,4110
992,2654.9987719785317,2672.399980124277,Christian Poidevin (USA),Carry,Red,947041,7,H,2950,USA,32698,Christian,Poidevin,1,4115
993,2656.1985563182257,2670.100039048275,Tevita Naqali (USA),Ruck,Green,947041,19,H,2950,USA,32285,Tevita,Naqali,1,4116
994,2656.3986055782443,2670.100039048275,Kaleb Geiger (USA),Ruck,Green,947041,3,H,2950,USA,43952,Kaleb,Geiger,1,4116
995,2660.89808861023,2675.00002729497,Ezekiel Lindenmuth (USA),Carry,Green,947041,1,H,2950,USA,28161,Ezekiel,Lindenmuth,1,4121
996,2661.798305164346,2674.8000865385898,Kapeli Pifeleti (USA),Ruck,Red,947041,2,H,2950,USA,33820,Kapeli,Pifeleti,1,4122
997,2662.5985593307128,2674.8000865385898,Jason Damm (USA),Ruck,Green,947041,5,H,2950,USA,38021,Jason,Damm,1,4123
998,2663.464126984127,2669.345021956,Ben Gunter (Japan),Tackle,Green,947041,6,A,3000,Japan,26283,Ben,Gunter,1,4123
999,2668.696714497,2673.696714497,Kippei Ishida (Japan),Turnover Attack,Gold,947041,14,A,3000,Japan,34036,Kippei,Ishida,1,4130
1000,2668.898811039828,2686.700100850285,Chris Hilsenbeck (USA),Tackle,Yellow,947041,10,H,2950,USA,27595,Chris,Hilsenbeck,1,4130
1001,2671.839102609,2678.4999703682415,Ezekiel Lindenmuth (USA),Turnover Defence,Red,947041,1,H,2950,USA,28161,Ezekiel,Lindenmuth,1,4132
1002,2671.839102609,2678.4999703682415,Kapeli Pifeleti (USA),Turnover Defence,Red,947041,2,H,2950,USA,33820,Kapeli,Pifeleti,1,4132
1003,2671.839102609,2678.4999703682415,Kaleb Geiger (USA),Turnover Defence,Red,947041,3,H,2950,USA,43952,Kaleb,Geiger,1,4132
1004,2671.839102609,2678.4999703682415,Jason Damm (USA),Turnover Defence,Red,947041,5,H,2950,USA,38021,Jason,Damm,1,4132
1005,2671.839102609,2678.4999703682415,Christian Poidevin (USA),Turnover Defence,Red,947041,7,H,2950,USA,32698,Christian,Poidevin,1,4132
1006,2671.839102609,2678.4999703682415,Tavite Lopeti (USA),Turnover Defence,Red,947041,12,H,2950,USA,39901,Tavite,Lopeti,1,4132
1007,2671.839102609,2678.4999703682415,Tevita Naqali (USA),Turnover Defence,Red,947041,19,H,2950,USA,32285,Tevita,Naqali,1,4132
1008,2674.206414233,2679.206414233,Seungsin Lee (Japan),Ruck,Green,947041,10,A,3000,Japan,37841,Seungsin,Lee,1,4133
1009,2675.742580692,2680.742580692,Kippei Ishida (Japan),Carry,Yellow,947041,14,A,3000,Japan,34036,Kippei,Ishida,1,4135
1010,2679.7984741835285,2700.9000720713498,Ezekiel Lindenmuth (USA),Tackle,Green,947041,1,H,2950,USA,28161,Ezekiel,Lindenmuth,1,4140
1011,2688.7980026684436,2705.6000373934767,Tevita Naqali (USA),Tackle,Green,947041,19,H,2950,USA,32285,Tevita,Naqali,1,4149
1012,2688.813109718,2694.858655598,Waisake Raratubua (Japan),Ruck,Green,947041,4,A,3000,Japan,30796,Waisake,Raratubua,1,4149
1013,2689.9988644612235,2705.6000373934767,Kaleb Geiger (USA),Tackle,Red,947041,3,H,2950,USA,43952,Kaleb,Geiger,1,4150
1014,2690.340406307,2695.340406307,Shuhei Takeuchi (Japan),Ruck,Green,947041,3,A,3000,Japan,37874,Shuhei,Takeuchi,1,4150
1015,2691.096583218,2697.90007587003,Jason Damm (USA),Phase Defence,Red,947041,5,H,2950,USA,38021,Jason,Damm,1,4151
1016,2692.42344944,2697.42344944,Tomoki Osada (Japan),Carry,Green,947041,11,A,3000,Japan,31059,Tomoki,Osada,1,4152
1017,2693.198907432,2698.198907432,Kanji Shimokawa (Japan),Ruck,Green,947041,7,A,3000,Japan,30962,Kanji,Shimokawa,1,4153
1018,2694.195571932,2699.195571932,Ben Gunter (Japan),Ruck,Green,947041,6,A,3000,Japan,26283,Ben,Gunter,1,4154
1019,2694.2983749112527,2708.8000226649397,Vili Helu (USA),Tackle,Green,947041,20,H,2950,USA,46434,Vili,Helu,1,4154
1020,2694.8979679455383,2708.8000226649397,Jason Damm (USA),Tackle,Green,947041,5,H,2950,USA,38021,Jason,Damm,1,4155
1021,2696.603142429,2703.3000464023403,Ruben de Haas (USA),Phase Defence,Red,947041,9,H,2950,USA,30203,Ruben,de Haas,1,4156
1022,2696.603142429,2703.3000464023403,Chris Hilsenbeck (USA),Phase Defence,Red,947041,10,H,2950,USA,27595,Chris,Hilsenbeck,1,4156
1023,2697.099973749,2702.099973749,Kenta Kobayashi (Japan),Carry,Green,947041,1,A,3000,Japan,34481,Kenta,Kobayashi,1,4157
1024,2699.728262173,2715.118486903,Chris Hilsenbeck (USA),Kick Retreat,Green,947041,10,H,2950,USA,27595,Chris,Hilsenbeck,1,4200
1025,2701.019731868,2715.118486903,Erich Storti (USA),Kick Retreat,Green,947041,15,H,2950,USA,55128,Erich,Storti,1,4200
1026,2701.560310822,2706.560310822,Seungsin Lee (Japan),Ruck,Green,947041,10,A,3000,Japan,37841,Seungsin,Lee,1,4200
1027,2703.017854925,2708.017854925,Hayate Era (Japan),Ruck,Red,947041,2,A,3000,Japan,61955,Hayate,Era,1,4202
1028,2703.027717659,2714.2209455,Kenta Kobayashi (Japan),Kick Chase,Green,947041,1,A,3000,Japan,34481,Kenta,Kobayashi,1,4202
1029,2703.027717659,2714.2209455,Hayate Era (Japan),Kick Chase,Green,947041,2,A,3000,Japan,61955,Hayate,Era,1,4202
1030,2703.027717659,2714.2209455,Shuhei Takeuchi (Japan),Kick Chase,Green,947041,3,A,3000,Japan,37874,Shuhei,Takeuchi,1,4202
1031,2703.027717659,2714.2209455,Waisake Raratubua (Japan),Kick Chase,Green,947041,4,A,3000,Japan,30796,Waisake,Raratubua,1,4202
1032,2703.027717659,2714.2209455,Warner Dearns (Japan),Kick Chase,Green,947041,5,A,3000,Japan,40399,Warner,Dearns,1,4202
1033,2703.027717659,2714.2209455,Ben Gunter (Japan),Kick Chase,Green,947041,6,A,3000,Japan,26283,Ben,Gunter,1,4202
1034,2703.027717659,2714.2209455,Kanji Shimokawa (Japan),Kick Chase,Green,947041,7,A,3000,Japan,30962,Kanji,Shimokawa,1,4202
1035,2703.027717659,2714.2209455,Amato Fakatava (Japan),Kick Chase,Green,947041,8,A,3000,Japan,36500,Amato,Fakatava,1,4202
1036,2703.027717659,2714.2209455,Kenta Fukuda (Japan),Kick Chase,Green,947041,9,A,3000,Japan,36475,Kenta,Fukuda,1,4202
1037,2703.027717659,2714.2209455,Tomoki Osada (Japan),Kick Chase,Yellow,947041,11,A,3000,Japan,31059,Tomoki,Osada,1,4202
1038,2703.027717659,2714.2209455,Dylan Riley (Japan),Kick Chase,Yellow,947041,13,A,3000,Japan,27652,Dylan,Riley,1,4202
1039,2703.027717659,2714.2209455,Kippei Ishida (Japan),Kick Chase,Green,947041,14,A,3000,Japan,34036,Kippei,Ishida,1,4202
1040,2703.465285257,2715.118486903,Ezekiel Lindenmuth (USA),Kick Retreat,Red,947041,1,H,2950,USA,28161,Ezekiel,Lindenmuth,1,4202
1041,2703.465285257,2715.118486903,Kapeli Pifeleti (USA),Kick Retreat,Red,947041,2,H,2950,USA,33820,Kapeli,Pifeleti,1,4202
1042,2703.465285257,2715.118486903,Kaleb Geiger (USA),Kick Retreat,Red,947041,3,H,2950,USA,43952,Kaleb,Geiger,1,4202
1043,2703.465285257,2715.118486903,Jason Damm (USA),Kick Retreat,Green,947041,5,H,2950,USA,38021,Jason,Damm,1,4202
1044,2703.465285257,2715.118486903,Paddy Ryan (USA),Kick Retreat,Green,947041,6,H,2950,USA,31271,Paddy,Ryan,1,4202
1045,2703.465285257,2715.118486903,Christian Poidevin (USA),Kick Retreat,Green,947041,7,H,2950,USA,32698,Christian,Poidevin,1,4202
1046,2703.465285257,2715.118486903,Ruben de Haas (USA),Kick Retreat,Red,947041,9,H,2950,USA,30203,Ruben,de Haas,1,4202
1047,2703.465285257,2715.118486903,Toby Fricker (USA),Kick Retreat,Green,947041,11,H,2950,USA,34095,Toby,Fricker,1,4202
1048,2703.465285257,2715.118486903,Tavite Lopeti (USA),Kick Retreat,Green,947041,12,H,2950,USA,39901,Tavite,Lopeti,1,4202
1049,2703.465285257,2715.118486903,Dominic Besag (USA),Kick Retreat,Green,947041,13,H,2950,USA,60169,Dominic,Besag,1,4202
1050,2703.465285257,2715.118486903,Tevita Naqali (USA),Kick Retreat,Red,947041,19,H,2950,USA,32285,Tevita,Naqali,1,4202
1051,2703.465285257,2715.118486903,Vili Helu (USA),Kick Retreat,Red,947041,20,H,2950,USA,46434,Vili,Helu,1,4202
1052,2703.539244906,2710.978298214,Warner Dearns (Japan),Carry,Green,947041,5,A,3000,Japan,40399,Warner,Dearns,1,4202
1053,2704.169120783,2711.478230958,Charlie Lawrence (Japan),Kick Chase,Gold,947041,12,A,3000,Japan,32522,Charlie,Lawrence,1,4202
1054,2706.697900063895,2720.600178355849,Rufus McLean (USA),Tackle,Green,947041,14,H,2950,USA,33897,Rufus,McLean,1,4206
1055,2707.997887827734,2718.69993833595,Toby Fricker (USA),Jackler,Green,947041,11,H,2950,USA,34095,Toby,Fricker,1,4207
1056,2708.778566846,2717.000103638495,Kapeli Pifeleti (USA),Linebreak Defence,Red,947041,2,H,2950,USA,33820,Kapeli,Pifeleti,1,4207
1057,2708.778566846,2717.000103638495,Paddy Ryan (USA),Linebreak Defence,Red,947041,6,H,2950,USA,31271,Paddy,Ryan,1,4207
1058,2708.778566846,2717.000103638495,Christian Poidevin (USA),Linebreak Defence,Red,947041,7,H,2950,USA,32698,Christian,Poidevin,1,4207
1059,2708.778566846,2717.000103638495,Ruben de Haas (USA),Linebreak Defence,Red,947041,9,H,2950,USA,30203,Ruben,de Haas,1,4207
1060,2708.778566846,2717.000103638495,Chris Hilsenbeck (USA),Linebreak Defence,Red,947041,10,H,2950,USA,27595,Chris,Hilsenbeck,1,4207
1061,2708.778566846,2717.000103638495,Tavite Lopeti (USA),Linebreak Defence,Red,947041,12,H,2950,USA,39901,Tavite,Lopeti,1,4207
1062,2708.778566846,2717.000103638495,Tevita Naqali (USA),Linebreak Defence,Red,947041,19,H,2950,USA,32285,Tevita,Naqali,1,4207
1063,2708.778566846,2717.000103638495,Vili Helu (USA),Linebreak Defence,Red,947041,20,H,2950,USA,46434,Vili,Helu,1,4207
1064,2709.1348752834465,2717.000103638495,Kaleb Geiger (USA),Linebreak Defence,Red,947041,3,H,2950,USA,43952,Kaleb,Geiger,1,4207
1065,2709.1348752834465,2717.000103638495,Jason Damm (USA),Linebreak Defence,Red,947041,5,H,2950,USA,38021,Jason,Damm,1,4207
1066,2710.177370614,2715.177370614,Kippei Ishida (Japan),Ruck,Green,947041,14,A,3000,Japan,34036,Kippei,Ishida,1,4207
1067,2710.740819236,2720.7053176476065,Ezekiel Lindenmuth (USA),Kick Retreat,Green,947041,1,H,2950,USA,28161,Ezekiel,Lindenmuth,1,4207
1068,2710.740819236,2720.7053176476065,Kaleb Geiger (USA),Kick Retreat,Green,947041,3,H,2950,USA,43952,Kaleb,Geiger,1,4207
1069,2710.740819236,2720.7053176476065,Jason Damm (USA),Kick Retreat,Green,947041,5,H,2950,USA,38021,Jason,Damm,1,4207
1070,2710.740819236,2720.7053176476065,Paddy Ryan (USA),Kick Retreat,Green,947041,6,H,2950,USA,31271,Paddy,Ryan,1,4207
1071,2710.740819236,2720.7053176476065,Christian Poidevin (USA),Kick Retreat,Green,947041,7,H,2950,USA,32698,Christian,Poidevin,1,4207
1072,2710.740819236,2720.7053176476065,Ruben de Haas (USA),Kick Retreat,Green,947041,9,H,2950,USA,30203,Ruben,de Haas,1,4207
1073,2710.740819236,2720.7053176476065,Chris Hilsenbeck (USA),Kick Retreat,Green,947041,10,H,2950,USA,27595,Chris,Hilsenbeck,1,4207
1074,2710.740819236,2720.7053176476065,Toby Fricker (USA),Kick Retreat,Green,947041,11,H,2950,USA,34095,Toby,Fricker,1,4207
1075,2710.740819236,2720.7053176476065,Tavite Lopeti (USA),Kick Retreat,Green,947041,12,H,2950,USA,39901,Tavite,Lopeti,1,4207
1076,2710.740819236,2720.7053176476065,Dominic Besag (USA),Kick Retreat,Green,947041,13,H,2950,USA,60169,Dominic,Besag,1,4207
1077,2710.740819236,2720.7053176476065,Rufus McLean (USA),Kick Retreat,Green,947041,14,H,2950,USA,33897,Rufus,McLean,1,4207
1078,2710.740819236,2720.7053176476065,Erich Storti (USA),Kick Retreat,Green,947041,15,H,2950,USA,55128,Erich,Storti,1,4207
1079,2710.740819236,2720.7053176476065,Tevita Naqali (USA),Kick Retreat,Green,947041,19,H,2950,USA,32285,Tevita,Naqali,1,4207
1080,2710.740819236,2720.7053176476065,Vili Helu (USA),Kick Retreat,Green,947041,20,H,2950,USA,46434,Vili,Helu,1,4207
1081,2711.257441022,2722.399893992847,Kenta Kobayashi (Japan),Kick Chase,Green,947041,1,A,3000,Japan,34481,Kenta,Kobayashi,1,4207
1082,2711.257441022,2722.399893992847,Hayate Era (Japan),Kick Chase,Green,947041,2,A,3000,Japan,61955,Hayate,Era,1,4207
1083,2711.257441022,2722.399893992847,Shuhei Takeuchi (Japan),Kick Chase,Green,947041,3,A,3000,Japan,37874,Shuhei,Takeuchi,1,4207
1084,2711.257441022,2722.399893992847,Waisake Raratubua (Japan),Kick Chase,Green,947041,4,A,3000,Japan,30796,Waisake,Raratubua,1,4207
1085,2711.257441022,2722.399893992847,Warner Dearns (Japan),Kick Chase,Green,947041,5,A,3000,Japan,40399,Warner,Dearns,1,4207
1086,2711.257441022,2722.399893992847,Ben Gunter (Japan),Kick Chase,Green,947041,6,A,3000,Japan,26283,Ben,Gunter,1,4207
1087,2711.257441022,2722.399893992847,Kanji Shimokawa (Japan),Kick Chase,Green,947041,7,A,3000,Japan,30962,Kanji,Shimokawa,1,4207
1088,2711.257441022,2722.399893992847,Sam Greene (Japan),Kick Chase,Green,947041,15,A,3000,Japan,22606,Sam,Greene,1,4207
1089,2712.397972694,2722.399893992847,Kenta Fukuda (Japan),Kick Chase,Green,947041,9,A,3000,Japan,36475,Kenta,Fukuda,1,4210
1090,2712.397972694,2722.399893992847,Kippei Ishida (Japan),Kick Chase,Green,947041,14,A,3000,Japan,34036,Kippei,Ishida,1,4210
1091,3685.397435985576,3705.3000643326736,Paddy Ryan (USA),Tackle,Green,947041,6,H,2950,USA,31271,Paddy,Ryan,2,4017
1092,3686.1980036527248,3705.3000643326736,Dominic Besag (USA),Tackle,Green,947041,13,H,2950,USA,60169,Dominic,Besag,2,4017
1093,3689.6985564994766,3696.099987542976,Ezekiel Lindenmuth (USA),Phase Defence,Red,947041,1,H,2950,USA,28161,Ezekiel,Lindenmuth,2,4020
1094,3691.9984282459855,3710.3000048575736,Kapeli Pifeleti (USA),Tackle,Red,947041,2,H,2950,USA,33820,Kapeli,Pifeleti,2,4024
1095,3692.247462933,3697.247462933,Amato Fakatava (Japan),Ruck,Green,947041,8,A,3000,Japan,36500,Amato,Fakatava,2,4024
1096,3692.247462933,3697.247462933,Charlie Lawrence (Japan),Ruck,Green,947041,12,A,3000,Japan,32522,Charlie,Lawrence,2,4024
1097,3692.597500496302,3710.3000048575736,Marno Redelinghuys (USA),Tackle,Green,947041,4,H,2950,USA,25254,Marno,Redelinghuys,2,4024
1098,3693.176451365,3698.176451365,Dylan Riley (Japan),Carry,Green,947041,13,A,3000,Japan,27652,Dylan,Riley,2,4025
1099,3698.295011337868,3703.295011337868,Shuhei Takeuchi (Japan),Carry,Green,947041,3,A,3000,Japan,37874,Shuhei,Takeuchi,2,4030
1100,3701.625445085,3706.4468707482993,Kenta Kobayashi (Japan),Ruck,Green,947041,1,A,3000,Japan,34481,Kenta,Kobayashi,2,4031
1101,3701.625445085,3706.625445085,Kanji Shimokawa (Japan),Ruck,Green,947041,7,A,3000,Japan,30962,Kanji,Shimokawa,2,4031
1102,3702.212298969,3713.410891998,Kenta Kobayashi (Japan),Kick Chase,Green,947041,1,A,3000,Japan,34481,Kenta,Kobayashi,2,4031
1103,3702.212298969,3713.410891998,Hayate Era (Japan),Kick Chase,Green,947041,2,A,3000,Japan,61955,Hayate,Era,2,4031
1104,3702.212298969,3713.410891998,Shuhei Takeuchi (Japan),Kick Chase,Green,947041,3,A,3000,Japan,37874,Shuhei,Takeuchi,2,4031
1105,3702.212298969,3713.410891998,Waisake Raratubua (Japan),Kick Chase,Green,947041,4,A,3000,Japan,30796,Waisake,Raratubua,2,4031
1106,3702.212298969,3713.410891998,Warner Dearns (Japan),Kick Chase,Yellow,947041,5,A,3000,Japan,40399,Warner,Dearns,2,4031
1107,3702.212298969,3713.410891998,Ben Gunter (Japan),Kick Chase,Green,947041,6,A,3000,Japan,26283,Ben,Gunter,2,4031
1108,3702.212298969,3713.410891998,Kanji Shimokawa (Japan),Kick Chase,Green,947041,7,A,3000,Japan,30962,Kanji,Shimokawa,2,4031
1109,3702.212298969,3713.410891998,Amato Fakatava (Japan),Kick Chase,Green,947041,8,A,3000,Japan,36500,Amato,Fakatava,2,4031
1110,3702.212298969,3713.410891998,Tomoki Osada (Japan),Kick Chase,Green,947041,11,A,3000,Japan,31059,Tomoki,Osada,2,4031
1111,3702.212298969,3713.410891998,Charlie Lawrence (Japan),Kick Chase,Green,947041,12,A,3000,Japan,32522,Charlie,Lawrence,2,4031
1112,3702.212298969,3713.410891998,Dylan Riley (Japan),Kick Chase,Green,947041,13,A,3000,Japan,27652,Dylan,Riley,2,4031
1113,3702.212298969,3713.410891998,Shinobu Fujiwara (Japan),Kick Chase,Green,947041,21,A,3000,Japan,30969,Shinobu,Fujiwara,2,4031
1114,3702.861980213,3713.963012822,Ezekiel Lindenmuth (USA),Kick Retreat,Green,947041,1,H,2950,USA,28161,Ezekiel,Lindenmuth,2,4031
1115,3702.861980213,3713.963012822,Kapeli Pifeleti (USA),Kick Retreat,Green,947041,2,H,2950,USA,33820,Kapeli,Pifeleti,2,4031
1116,3702.861980213,3713.963012822,Kaleb Geiger (USA),Kick Retreat,Green,947041,3,H,2950,USA,43952,Kaleb,Geiger,2,4031
1117,3702.861980213,3713.963012822,Marno Redelinghuys (USA),Kick Retreat,Green,947041,4,H,2950,USA,25254,Marno,Redelinghuys,2,4031
1118,3702.861980213,3713.963012822,Jason Damm (USA),Kick Retreat,Green,947041,5,H,2950,USA,38021,Jason,Damm,2,4031
1119,3702.861980213,3713.963012822,Paddy Ryan (USA),Kick Retreat,Green,947041,6,H,2950,USA,31271,Paddy,Ryan,2,4031
1120,3702.861980213,3713.963012822,Christian Poidevin (USA),Kick Retreat,Green,947041,7,H,2950,USA,32698,Christian,Poidevin,2,4031
1121,3702.861980213,3713.963012822,Vili Helu (USA),Kick Retreat,Green,947041,20,H,2950,USA,46434,Vili,Helu,2,4031
1122,3703.68156462585,3713.963012822,Ruben de Haas (USA),Kick Retreat,Green,947041,9,H,2950,USA,30203,Ruben,de Haas,2,4032
1123,3703.68156462585,3713.963012822,Tavite Lopeti (USA),Kick Retreat,Green,947041,12,H,2950,USA,39901,Tavite,Lopeti,2,4032
1124,3703.68156462585,3713.963012822,Dominic Besag (USA),Kick Retreat,Green,947041,13,H,2950,USA,60169,Dominic,Besag,2,4032
1125,3704.439523809524,3709.439523809524,Toby Fricker (USA),Kick Retreat,Green,947041,11,H,2950,USA,34095,Toby,Fricker,2,4032
1126,3704.439523809524,3709.439523809524,Mitch Wilson (USA),Kick Retreat,Green,947041,23,H,2950,USA,38056,Mitch,Wilson,2,4032
1127,3704.976130111,3713.963012822,Chris Hilsenbeck (USA),Kick Retreat,Green,947041,10,H,2950,USA,27595,Chris,Hilsenbeck,2,4032
1128,3757.397029431,3772.681682514,Kenta Kobayashi (Japan),Lineout Attack,Green,947041,1,A,3000,Japan,34481,Kenta,Kobayashi,2,4129
1129,3757.397029431,3772.681682514,Hayate Era (Japan),Lineout Attack,Green,947041,2,A,3000,Japan,61955,Hayate,Era,2,4129
1130,3757.397029431,3772.681682514,Shuhei Takeuchi (Japan),Lineout Attack,Green,947041,3,A,3000,Japan,37874,Shuhei,Takeuchi,2,4129
1131,3757.397029431,3772.681682514,Waisake Raratubua (Japan),Lineout Attack,Green,947041,4,A,3000,Japan,30796,Waisake,Raratubua,2,4129
1132,3757.397029431,3772.681682514,Warner Dearns (Japan),Lineout Attack,Green,947041,5,A,3000,Japan,40399,Warner,Dearns,2,4129
1133,3757.397029431,3772.681682514,Kanji Shimokawa (Japan),Lineout Attack,Green,947041,7,A,3000,Japan,30962,Kanji,Shimokawa,2,4129
1134,3757.397029431,3772.681682514,Amato Fakatava (Japan),Lineout Attack,Green,947041,8,A,3000,Japan,36500,Amato,Fakatava,2,4129
1135,3757.873854875283,3770.899993534009,Ezekiel Lindenmuth (USA),Lineout Defence,Green,947041,1,H,2950,USA,28161,Ezekiel,Lindenmuth,2,4129
1136,3757.873854875283,3770.899993534009,Kaleb Geiger (USA),Lineout Defence,Green,947041,3,H,2950,USA,43952,Kaleb,Geiger,2,4129
1137,3757.873854875283,3770.899993534009,Marno Redelinghuys (USA),Lineout Defence,Green,947041,4,H,2950,USA,25254,Marno,Redelinghuys,2,4129
1138,3757.873854875283,3770.899993534009,Jason Damm (USA),Lineout Defence,Green,947041,5,H,2950,USA,38021,Jason,Damm,2,4129
1139,3757.873854875283,3770.899993534009,Paddy Ryan (USA),Lineout Defence,Green,947041,6,H,2950,USA,31271,Paddy,Ryan,2,4129
1140,3757.873854875283,3770.899993534009,Vili Helu (USA),Lineout Defence,Green,947041,20,H,2950,USA,46434,Vili,Helu,2,4129
1141,3760.798399990036,3771.000022098401,Paddy Ryan (USA),Tackle,Green,947041,6,H,2950,USA,31271,Paddy,Ryan,2,4134
1142,3763.498484334481,3778.600059294217,Toby Fricker (USA),Tackle,Green,947041,11,H,2950,USA,34095,Toby,Fricker,2,4134
1143,3765.3990515022065,3778.600059294217,Chris Hilsenbeck (USA),Tackle,Green,947041,10,H,2950,USA,27595,Chris,Hilsenbeck,2,4137
1144,3766.867590403,3772.9003087006017,Jason Damm (USA),Phase Defence,Red,947041,5,H,2950,USA,38021,Jason,Damm,2,4138
1145,3768.201814058957,3773.201814058957,Kippei Ishida (Japan),Carry,Green,947041,14,A,3000,Japan,34036,Kippei,Ishida,2,4138
1146,3768.4983195307977,3782.500063774649,Jason Damm (USA),Tackle,Green,947041,5,H,2950,USA,38021,Jason,Damm,2,4138
1147,3769.198850697845,3782.500063774649,Kaleb Geiger (USA),Tackle,Green,947041,3,H,2950,USA,43952,Kaleb,Geiger,2,4138
1148,3769.21777624,3774.21777624,Charlie Lawrence (Japan),Ruck,Green,947041,12,A,3000,Japan,32522,Charlie,Lawrence,2,4138
1149,3769.544896716,3774.544896716,Amato Fakatava (Japan),Ruck,Green,947041,8,A,3000,Japan,36500,Amato,Fakatava,2,4142
1150,3769.544896716,3774.544896716,Seungsin Lee (Japan),Ruck,Green,947041,10,A,3000,Japan,37841,Seungsin,Lee,2,4142
1151,3771.8513605442176,3793.996025573665,Dylan Riley (Japan),Linebreak Attack,Gold,947041,13,A,3000,Japan,27652,Dylan,Riley,2,4142
1152,3773.7976613377177,3784.0000040881177,Kapeli Pifeleti (USA),Tackle,Green,947041,2,H,2950,USA,33820,Kapeli,Pifeleti,2,4144
1153,3775.318059521,3780.318059521,Ben Gunter (Japan),Carry,Green,947041,6,A,3000,Japan,26283,Ben,Gunter,2,4144
1154,3778.595898192051,3788.200677653291,Paddy Ryan (USA),Tackle,Green,947041,6,H,2950,USA,31271,Paddy,Ryan,2,4144
1155,3778.987777777778,3785.699152681666,Amato Fakatava (Japan),Carry,Red,947041,8,A,3000,Japan,36500,Amato,Fakatava,2,4144
1156,3779.163638531,3784.163638531,Kanji Shimokawa (Japan),Ruck,Green,947041,7,A,3000,Japan,30962,Kanji,Shimokawa,2,4144
1157,3780.1985720818216,3789.4000234527175,Toby Fricker (USA),Tackle,Green,947041,11,H,2950,USA,34095,Toby,Fricker,2,4144
1158,3781.567450416,3786.567450416,Shuhei Takeuchi (Japan),Ruck,Red,947041,3,A,3000,Japan,37874,Shuhei,Takeuchi,2,4159
1159,3781.949727891156,3789.344034662,Dylan Riley (Japan),Carry,Green,947041,13,A,3000,Japan,27652,Dylan,Riley,2,4159
1160,3784.8985335324646,3799.2999950510775,Ruben de Haas (USA),Tackle,Green,947041,9,H,2950,USA,30203,Ruben,de Haas,2,4159
1161,3785.399247033989,3799.2999950510775,Ezekiel Lindenmuth (USA),Tackle,Green,947041,1,H,2950,USA,28161,Ezekiel,Lindenmuth,2,4159
1162,3788.4049659863945,3799.058962001,Kippei Ishida (Japan),Ruck,Green,947041,14,A,3000,Japan,34036,Kippei,Ishida,2,4159
1163,3789.250329512,3795.799750178,Waisake Raratubua (Japan),Ruck,Green,947041,4,A,3000,Japan,30796,Waisake,Raratubua,2,4201
1164,3789.698456057831,3804.300316076088,Toby Fricker (USA),Tackle,Green,947041,11,H,2950,USA,34095,Toby,Fricker,2,4201
1165,3790.098017123644,3801.200015019382,Vili Helu (USA),Jackler,Green,947041,20,H,2950,USA,46434,Vili,Helu,2,4201
1166,3790.3987703074695,3804.300316076088,Kaleb Geiger (USA),Tackle,Green,947041,3,H,2950,USA,43952,Kaleb,Geiger,2,4201
1167,3791.018371854,3796.018371854,Charlie Lawrence (Japan),Ruck,Green,947041,12,A,3000,Japan,32522,Charlie,Lawrence,2,4203
1168,3791.885714285714,3796.885714285714,Kenta Kobayashi (Japan),Ruck,Green,947041,1,A,3000,Japan,34481,Kenta,Kobayashi,2,4203
1169,3792.394603174603,3797.394603174603,Hayate Era (Japan),Ruck,Green,947041,2,A,3000,Japan,61955,Hayate,Era,2,4203
1170,3792.9983609280007,3802.240055454,Ben Gunter (Japan),Carry,Green,947041,6,A,3000,Japan,26283,Ben,Gunter,2,4204
1171,3796.5807256235826,3801.5807256235826,Warner Dearns (Japan),Carry,Red,947041,5,A,3000,Japan,40399,Warner,Dearns,2,4209
1172,3799.998345898839,3816.2000789162857,Mitch Wilson (USA),Tackle,Green,947041,23,H,2950,USA,38056,Mitch,Wilson,2,4211
1173,3801.2976257328182,3816.2000789162857,Dominic Besag (USA),Tackle,Green,947041,13,H,2950,USA,60169,Dominic,Besag,2,4213
1174,3803.398651221612,3814.4000443242903,Christian Poidevin (USA),Jackler,Green,947041,7,H,2950,USA,32698,Christian,Poidevin,2,4213
1175,3803.46641723356,3808.46641723356,Sam Greene (Japan),Ruck,Green,947041,15,A,3000,Japan,22606,Sam,Greene,2,4213
1176,3804.1831017669974,3814.532159142,Amato Fakatava (Japan),Ruck,Red,947041,8,A,3000,Japan,36500,Amato,Fakatava,2,4217
1177,3805.293635515,3812.0999953048354,Ezekiel Lindenmuth (USA),Phase Defence,Red,947041,1,H,2950,USA,28161,Ezekiel,Lindenmuth,2,4217
1178,3805.293635515,3812.0999953048354,Kapeli Pifeleti (USA),Phase Defence,Red,947041,2,H,2950,USA,33820,Kapeli,Pifeleti,2,4217
1179,3805.293635515,3812.0999953048354,Kaleb Geiger (USA),Phase Defence,Red,947041,3,H,2950,USA,43952,Kaleb,Geiger,2,4217
1180,3805.293635515,3812.0999953048354,Jason Damm (USA),Phase Defence,Red,947041,5,H,2950,USA,38021,Jason,Damm,2,4217
1181,3805.293635515,3812.0999953048354,Vili Helu (USA),Phase Defence,Red,947041,20,H,2950,USA,46434,Vili,Helu,2,4217
1182,3808.098659445941,3826.2001304490896,Tavite Lopeti (USA),Tackle,Green,947041,12,H,2950,USA,39901,Tavite,Lopeti,2,4219
1183,3811.310475203,3816.310475203,Tomoki Osada (Japan),Carry,Green,947041,11,A,3000,Japan,31059,Tomoki,Osada,2,4223
1184,3989.6852125269374,4008.499815275744,Kapeli Pifeleti (USA),Scrum Attack,Green,947041,2,H,2950,USA,33820,Kapeli,Pifeleti,2,4422
1185,3989.6852125269374,4008.499815275744,Marno Redelinghuys (USA),Scrum Attack,Green,947041,4,H,2950,USA,25254,Marno,Redelinghuys,2,4422
1186,3989.6852125269374,4008.499815275744,Jason Damm (USA),Scrum Attack,Green,947041,5,H,2950,USA,38021,Jason,Damm,2,4422
1187,3989.6852125269374,4008.499815275744,Paddy Ryan (USA),Scrum Attack,Green,947041,6,H,2950,USA,31271,Paddy,Ryan,2,4422
1188,3989.6852125269374,4008.499815275744,Christian Poidevin (USA),Scrum Attack,Green,947041,7,H,2950,USA,32698,Christian,Poidevin,2,4422
1189,3989.6852125269374,4008.499815275744,Payton Telea-Ilalio (USA),Scrum Attack,Green,947041,17,H,2950,USA,53734,Payton,Telea-Ilalio,2,4422
1190,3989.6852125269374,4008.499815275744,Pono Davis (USA),Scrum Attack,Green,947041,18,H,2950,USA,43978,Pono,Davis,2,4422
1191,3989.6852125269374,4008.499815275744,Vili Helu (USA),Scrum Attack,Green,947041,20,H,2950,USA,46434,Vili,Helu,2,4422
1192,3995.295743205,4006.851452586,Kenta Kobayashi (Japan),Scrum Defence,Green,947041,1,A,3000,Japan,34481,Kenta,Kobayashi,2,4425
1193,3995.295743205,4006.851452586,Hayate Era (Japan),Scrum Defence,Green,947041,2,A,3000,Japan,61955,Hayate,Era,2,4425
1194,3995.295743205,4006.851452586,Shuhei Takeuchi (Japan),Scrum Defence,Green,947041,3,A,3000,Japan,37874,Shuhei,Takeuchi,2,4425
1195,3995.295743205,4006.851452586,Waisake Raratubua (Japan),Scrum Defence,Green,947041,4,A,3000,Japan,30796,Waisake,Raratubua,2,4425
1196,3995.295743205,4006.851452586,Warner Dearns (Japan),Scrum Defence,Red,947041,5,A,3000,Japan,40399,Warner,Dearns,2,4425
1197,3995.295743205,4006.851452586,Ben Gunter (Japan),Scrum Defence,Green,947041,6,A,3000,Japan,26283,Ben,Gunter,2,4425
1198,3995.295743205,4006.851452586,Kanji Shimokawa (Japan),Scrum Defence,Green,947041,7,A,3000,Japan,30962,Kanji,Shimokawa,2,4425
1199,3995.295743205,4006.851452586,Amato Fakatava (Japan),Scrum Defence,Green,947041,8,A,3000,Japan,36500,Amato,Fakatava,2,4425
1200,3997.197909036934,4016.7000757237856,Paddy Ryan (USA),Carry,Green,947041,6,H,2950,USA,31271,Paddy,Ryan,2,4426
1201,3998.298447787229,4015.900048627983,Tavite Lopeti (USA),Ruck,Green,947041,12,H,2950,USA,39901,Tavite,Lopeti,2,4428
1202,3998.476009070295,4005.526228519,Shinobu Fujiwara (Japan),Tackle,Green,947041,21,A,3000,Japan,30969,Shinobu,Fujiwara,2,4428
1203,3999.298509370545,4015.900048627983,Christian Poidevin (USA),Ruck,Green,947041,7,H,2950,USA,32698,Christian,Poidevin,2,4429
1204,3999.53253968254,4004.53253968254,Kanji Shimokawa (Japan),Tackle,Green,947041,7,A,3000,Japan,30962,Kanji,Shimokawa,2,4429
1205,4001.2993046044103,4015.900048627983,Payton Telea-Ilalio (USA),Ruck,Green,947041,17,H,2950,USA,53734,Payton,Telea-Ilalio,2,4430
1206,4001.5579323,4012.222291722,Seungsin Lee (Japan),Tackle,Green,947041,10,A,3000,Japan,37841,Seungsin,Lee,2,4430
1207,4033.326210192,4046.195508062,Payton Telea-Ilalio (USA),Lineout Defence,Green,947041,17,H,2950,USA,53734,Payton,Telea-Ilalio,2,4504
1208,4033.539604625,4048.599901584688,Kenta Kobayashi (Japan),Lineout Attack,Green,947041,1,A,3000,Japan,34481,Kenta,Kobayashi,2,4504
1209,4033.539604625,4048.599901584688,Hayate Era (Japan),Lineout Attack,Green,947041,2,A,3000,Japan,61955,Hayate,Era,2,4504
1210,4033.539604625,4048.599901584688,Shuhei Takeuchi (Japan),Lineout Attack,Green,947041,3,A,3000,Japan,37874,Shuhei,Takeuchi,2,4504
1211,4033.539604625,4048.599901584688,Waisake Raratubua (Japan),Lineout Attack,Green,947041,4,A,3000,Japan,30796,Waisake,Raratubua,2,4504
1212,4033.539604625,4048.599901584688,Warner Dearns (Japan),Lineout Attack,Green,947041,5,A,3000,Japan,40399,Warner,Dearns,2,4504
1213,4033.539604625,4048.599901584688,Ben Gunter (Japan),Lineout Attack,Green,947041,6,A,3000,Japan,26283,Ben,Gunter,2,4504
1214,4033.539604625,4048.599901584688,Kanji Shimokawa (Japan),Lineout Attack,Green,947041,7,A,3000,Japan,30962,Kanji,Shimokawa,2,4504
1215,4036.798048219962,4046.195508062,Vili Helu (USA),Lineout Defence,Green,947041,20,H,2950,USA,46434,Vili,Helu,2,4504
1216,4037.31714943,4046.195508062,Marno Redelinghuys (USA),Lineout Defence,Green,947041,4,H,2950,USA,25254,Marno,Redelinghuys,2,4507
1217,4037.31714943,4046.195508062,Jason Damm (USA),Lineout Defence,Green,947041,5,H,2950,USA,38021,Jason,Damm,2,4507
1218,4037.31714943,4046.195508062,Pono Davis (USA),Lineout Defence,Green,947041,18,H,2950,USA,43978,Pono,Davis,2,4507
1219,4041.3984178316728,4054.199928814753,Paddy Ryan (USA),Tackle,Green,947041,6,H,2950,USA,31271,Paddy,Ryan,2,4510
1220,4042.298603122933,4054.199928814753,Christian Poidevin (USA),Tackle,Green,947041,7,H,2950,USA,32698,Christian,Poidevin,2,4512
1221,4044.4981441558007,4056.2999525903338,Pono Davis (USA),Tackle,Green,947041,18,H,2950,USA,43978,Pono,Davis,2,4513
1222,4044.781000439,4049.781000439,Amato Fakatava (Japan),Carry,Green,947041,8,A,3000,Japan,36500,Amato,Fakatava,2,4513
1223,4045.141406148,4050.141406148,Charlie Lawrence (Japan),Ruck,Green,947041,12,A,3000,Japan,32522,Charlie,Lawrence,2,4515
1224,4046.39849161282,4056.2999525903338,Jason Damm (USA),Tackle,Green,947041,5,H,2950,USA,38021,Jason,Damm,2,4514
1225,4048.898706584348,4061.999977270697,Payton Telea-Ilalio (USA),Tackle,Green,947041,17,H,2950,USA,53734,Payton,Telea-Ilalio,2,4518
1226,4048.999213829334,4055.398918119999,Shuhei Takeuchi (Japan),Carry,Green,947041,3,A,3000,Japan,37874,Shuhei,Takeuchi,2,4518
1227,4049.6984871253376,4061.999977270697,Chris Hilsenbeck (USA),Tackle,Green,947041,10,H,2950,USA,27595,Chris,Hilsenbeck,2,4519
1228,4050.946387672,4057.405869951,Ben Gunter (Japan),Carry,Green,947041,6,A,3000,Japan,26283,Ben,Gunter,2,4519
1229,4051.784520071,4056.784520071,Kenta Kobayashi (Japan),Ruck,Green,947041,1,A,3000,Japan,34481,Kenta,Kobayashi,2,4521
1230,4051.784520071,4056.784520071,Hayate Era (Japan),Ruck,Green,947041,2,A,3000,Japan,61955,Hayate,Era,2,4521
1231,4051.995082761,4058.197268392,Kanji Shimokawa (Japan),Ruck,Green,947041,7,A,3000,Japan,30962,Kanji,Shimokawa,2,4521
1232,4055.3983951751193,4064.8001295087497,Toby Fricker (USA),Tackle,Green,947041,11,H,2950,USA,34095,Toby,Fricker,2,4524
1233,4057.545877096,4064.600037154386,Kapeli Pifeleti (USA),Linebreak Defence,Red,947041,2,H,2950,USA,33820,Kapeli,Pifeleti,2,4526
1234,4057.545877096,4064.600037154386,Paddy Ryan (USA),Linebreak Defence,Red,947041,6,H,2950,USA,31271,Paddy,Ryan,2,4526
1235,4057.545877096,4064.600037154386,Christian Poidevin (USA),Linebreak Defence,Red,947041,7,H,2950,USA,32698,Christian,Poidevin,2,4526
1236,4057.545877096,4064.600037154386,Chris Hilsenbeck (USA),Linebreak Defence,Red,947041,10,H,2950,USA,27595,Chris,Hilsenbeck,2,4526
1237,4057.545877096,4064.600037154386,Vili Helu (USA),Linebreak Defence,Red,947041,20,H,2950,USA,46434,Vili,Helu,2,4526
1238,4057.8097803,4065.699977808319,Tavite Lopeti (USA),Phase Defence,Red,947041,12,H,2950,USA,39901,Tavite,Lopeti,2,4526
1239,4057.8097803,4065.699977808319,Tavite Lopeti (USA),Turnover Defence,Red,947041,12,H,2950,USA,39901,Tavite,Lopeti,2,4526
1240,4057.8097803,4065.699977808319,Pono Davis (USA),Phase Defence,Red,947041,18,H,2950,USA,43978,Pono,Davis,2,4526
1241,4057.8097803,4065.699977808319,Pono Davis (USA),Turnover Defence,Red,947041,18,H,2950,USA,43978,Pono,Davis,2,4526
1242,4059.650839002268,4064.650839002268,Kanji Shimokawa (Japan),Ruck,Green,947041,7,A,3000,Japan,30962,Kanji,Shimokawa,2,4529
1243,4062.555174598,4067.555174598,Waisake Raratubua (Japan),Carry,Red,947041,4,A,3000,Japan,30796,Waisake,Raratubua,2,4532
1244,4063.097379887,4068.097379887,Shuhei Takeuchi (Japan),Ruck,Red,947041,3,A,3000,Japan,37874,Shuhei,Takeuchi,2,4532
1245,4166.297788319155,4191.300076923563,Mitch Wilson (USA),Tackle,Green,947041,23,H,2950,USA,38056,Mitch,Wilson,2,4715
1246,4171.298192337714,4184.100036937456,Pono Davis (USA),Tackle,Green,947041,18,H,2950,USA,43978,Pono,Davis,2,4720
1247,4171.35746031746,4176.35746031746,Waisake Raratubua (Japan),Carry,Green,947041,4,A,3000,Japan,30796,Waisake,Raratubua,2,4720
1248,4171.358752834467,4177.698801353666,Kenta Kobayashi (Japan),Ruck,Green,947041,1,A,3000,Japan,34481,Kenta,Kobayashi,2,4720
1249,4171.358752834467,4178.598905936664,Hayate Era (Japan),Ruck,Green,947041,2,A,3000,Japan,61955,Hayate,Era,2,4720
1250,4172.599456698179,4184.100036937456,Kapeli Pifeleti (USA),Tackle,Green,947041,2,H,2950,USA,33820,Kapeli,Pifeleti,2,4721
1251,4172.992698412699,4177.992698412699,Shuhei Takeuchi (Japan),Ruck,Green,947041,3,A,3000,Japan,37874,Shuhei,Takeuchi,2,4722
1252,4172.992698412699,4177.992698412699,Kanji Shimokawa (Japan),Ruck,Green,947041,7,A,3000,Japan,30962,Kanji,Shimokawa,2,4722
1253,4172.992698412699,4177.992698412699,Amato Fakatava (Japan),Ruck,Green,947041,8,A,3000,Japan,36500,Amato,Fakatava,2,4722
1254,4174.006503687,4181.24708555,Warner Dearns (Japan),Carry,Red,947041,5,A,3000,Japan,40399,Warner,Dearns,2,4722
1255,4180.780265961,4199.020024294,Kapeli Pifeleti (USA),Kick Retreat,Red,947041,2,H,2950,USA,33820,Kapeli,Pifeleti,2,4730
1256,4180.780265961,4199.020024294,Marno Redelinghuys (USA),Kick Retreat,Green,947041,4,H,2950,USA,25254,Marno,Redelinghuys,2,4730
1257,4180.780265961,4199.020024294,Jason Damm (USA),Kick Retreat,Red,947041,5,H,2950,USA,38021,Jason,Damm,2,4730
1258,4180.780265961,4199.020024294,Paddy Ryan (USA),Kick Retreat,Green,947041,6,H,2950,USA,31271,Paddy,Ryan,2,4730
1259,4180.780265961,4199.020024294,Christian Poidevin (USA),Kick Retreat,Red,947041,7,H,2950,USA,32698,Christian,Poidevin,2,4730
1260,4180.780265961,4199.020024294,Payton Telea-Ilalio (USA),Kick Retreat,Green,947041,17,H,2950,USA,53734,Payton,Telea-Ilalio,2,4730
1261,4180.780265961,4199.020024294,Pono Davis (USA),Kick Retreat,Green,947041,18,H,2950,USA,43978,Pono,Davis,2,4730
1262,4180.780265961,4199.020024294,Vili Helu (USA),Kick Retreat,Green,947041,20,H,2950,USA,46434,Vili,Helu,2,4730
1263,4182.040959953,4189.03458772,Jason Damm (USA),Charge Down,Green,947041,5,H,2950,USA,38021,Jason,Damm,2,4730
1264,4182.040959953,4189.03458772,Christian Poidevin (USA),Charge Down,Green,947041,7,H,2950,USA,32698,Christian,Poidevin,2,4730
1265,4182.756043529,4198.93463992,Kenta Kobayashi (Japan),Kick Chase,Green,947041,1,A,3000,Japan,34481,Kenta,Kobayashi,2,4730
1266,4182.756043529,4198.93463992,Hayate Era (Japan),Kick Chase,Green,947041,2,A,3000,Japan,61955,Hayate,Era,2,4730
1267,4182.756043529,4198.93463992,Shuhei Takeuchi (Japan),Kick Chase,Green,947041,3,A,3000,Japan,37874,Shuhei,Takeuchi,2,4730
1268,4182.756043529,4198.93463992,Waisake Raratubua (Japan),Kick Chase,Green,947041,4,A,3000,Japan,30796,Waisake,Raratubua,2,4730
1269,4182.756043529,4198.93463992,Warner Dearns (Japan),Kick Chase,Green,947041,5,A,3000,Japan,40399,Warner,Dearns,2,4730
1270,4182.756043529,4198.93463992,Ben Gunter (Japan),Kick Chase,Green,947041,6,A,3000,Japan,26283,Ben,Gunter,2,4730
1271,4182.756043529,4198.93463992,Kanji Shimokawa (Japan),Kick Chase,Green,947041,7,A,3000,Japan,30962,Kanji,Shimokawa,2,4730
1272,4182.756043529,4198.93463992,Amato Fakatava (Japan),Kick Chase,Green,947041,8,A,3000,Japan,36500,Amato,Fakatava,2,4730
1273,4182.756043529,4198.93463992,Tomoki Osada (Japan),Kick Chase,Green,947041,11,A,3000,Japan,31059,Tomoki,Osada,2,4730
1274,4182.756043529,4198.93463992,Charlie Lawrence (Japan),Kick Chase,Green,947041,12,A,3000,Japan,32522,Charlie,Lawrence,2,4730
1275,4182.756043529,4198.93463992,Dylan Riley (Japan),Kick Chase,Green,947041,13,A,3000,Japan,27652,Dylan,Riley,2,4730
1276,4182.756043529,4198.93463992,Kippei Ishida (Japan),Kick Chase,Green,947041,14,A,3000,Japan,34036,Kippei,Ishida,2,4730
1277,4182.756043529,4198.93463992,Shinobu Fujiwara (Japan),Kick Chase,Green,947041,21,A,3000,Japan,30969,Shinobu,Fujiwara,2,4730
1278,4183.140986318,4199.020024294,Ruben de Haas (USA),Kick Retreat,Green,947041,9,H,2950,USA,30203,Ruben,de Haas,2,4730
1279,4183.140986318,4199.020024294,Toby Fricker (USA),Kick Retreat,Green,947041,11,H,2950,USA,34095,Toby,Fricker,2,4730
1280,4183.140986318,4199.020024294,Tavite Lopeti (USA),Kick Retreat,Green,947041,12,H,2950,USA,39901,Tavite,Lopeti,2,4730
1281,4185.62760141,4199.020024294,Dominic Besag (USA),Kick Retreat,Green,947041,13,H,2950,USA,60169,Dominic,Besag,2,4731
1282,4186.890725257,4199.020024294,Mitch Wilson (USA),Kick Retreat,Green,947041,23,H,2950,USA,38056,Mitch,Wilson,2,4737
1283,4190.594285714285,4195.594285714285,Hayate Era (Japan),Tackle,Green,947041,2,A,3000,Japan,61955,Hayate,Era,2,4740
1284,4191.198272038599,4204.300051264952,Erich Storti (USA),Carry,Green,947041,15,H,2950,USA,55128,Erich,Storti,2,4740
1285,4192.498529893489,4205.500060027685,Pono Davis (USA),Ruck,Green,947041,18,H,2950,USA,43978,Pono,Davis,2,4739
1286,4193.097721308262,4205.500060027685,Payton Telea-Ilalio (USA),Ruck,Green,947041,17,H,2950,USA,53734,Payton,Telea-Ilalio,2,4739
1287,4195.102917669,4203.313532301,Amato Fakatava (Japan),Jackler,Red,947041,8,A,3000,Japan,36500,Amato,Fakatava,2,4744
1288,4199.543945578232,4204.543945578232,Ben Gunter (Japan),Tackle,Green,947041,6,A,3000,Japan,26283,Ben,Gunter,2,4750
1289,4326.962261078,4341.799837230338,Kenta Kobayashi (Japan),Lineout Defence,Green,947041,1,A,3000,Japan,34481,Kenta,Kobayashi,2,4913
1290,4326.962261078,4341.799837230338,Shuhei Takeuchi (Japan),Lineout Defence,Green,947041,3,A,3000,Japan,37874,Shuhei,Takeuchi,2,4913
1291,4326.962261078,4341.799837230338,Waisake Raratubua (Japan),Lineout Defence,Green,947041,4,A,3000,Japan,30796,Waisake,Raratubua,2,4913
1292,4326.962261078,4341.799837230338,Warner Dearns (Japan),Lineout Defence,Green,947041,5,A,3000,Japan,40399,Warner,Dearns,2,4913
1293,4326.962261078,4341.799837230338,Kanji Shimokawa (Japan),Lineout Defence,Green,947041,7,A,3000,Japan,30962,Kanji,Shimokawa,2,4913
1294,4327.898172434,4343.06418846,Marno Redelinghuys (USA),Lineout Attack,Green,947041,4,H,2950,USA,25254,Marno,Redelinghuys,2,4913
1295,4327.898172434,4343.06418846,Jason Damm (USA),Lineout Attack,Green,947041,5,H,2950,USA,38021,Jason,Damm,2,4913
1296,4327.898172434,4343.06418846,Payton Telea-Ilalio (USA),Lineout Attack,Green,947041,17,H,2950,USA,53734,Payton,Telea-Ilalio,2,4913
1297,4327.898172434,4343.06418846,Pono Davis (USA),Lineout Attack,Green,947041,18,H,2950,USA,43978,Pono,Davis,2,4913
1298,4327.898172434,4343.06418846,Vili Helu (USA),Lineout Attack,Green,947041,20,H,2950,USA,46434,Vili,Helu,2,4913
1299,4329.095285491,4343.06418846,Kapeli Pifeleti (USA),Lineout Attack,Green,947041,2,H,2950,USA,33820,Kapeli,Pifeleti,2,4913
1300,4333.798584014454,4351.200125356943,Paddy Ryan (USA),Carry,Green,947041,6,H,2950,USA,31271,Paddy,Ryan,2,4918
1301,4335.498691249883,4351.199993093396,Christian Poidevin (USA),Ruck,Green,947041,7,H,2950,USA,32698,Christian,Poidevin,2,4920
1302,4336.922230447,4343.760372851,Amato Fakatava (Japan),Tackle,Green,947041,8,A,3000,Japan,36500,Amato,Fakatava,2,4919
1303,4337.397847301866,4351.199993093396,Kapeli Pifeleti (USA),Ruck,Green,947041,2,H,2950,USA,33820,Kapeli,Pifeleti,2,4922
1304,4337.432086167801,4342.432086167801,Waisake Raratubua (Japan),Phase Defence,Red,947041,4,A,3000,Japan,30796,Waisake,Raratubua,2,4922
1305,4337.432086167801,4342.432086167801,Warner Dearns (Japan),Phase Defence,Red,947041,5,A,3000,Japan,40399,Warner,Dearns,2,4922
1306,4339.098592628939,4355.799996302312,Jason Damm (USA),Carry,Green,947041,5,H,2950,USA,38021,Jason,Damm,2,4924
1307,4340.412795286,4345.412795286,Seungsin Lee (Japan),Tackle,Green,947041,10,A,3000,Japan,37841,Seungsin,Lee,2,4925
1308,4341.3987442602665,4354.3999952650265,Marno Redelinghuys (USA),Ruck,Red,947041,4,H,2950,USA,25254,Marno,Redelinghuys,2,4927
1309,4341.6989367846845,4354.3999952650265,Payton Telea-Ilalio (USA),Ruck,Green,947041,17,H,2950,USA,53734,Payton,Telea-Ilalio,2,4927
1310,4343.26253968254,4348.26253968254,Dylan Riley (Japan),Phase Defence,Red,947041,13,A,3000,Japan,27652,Dylan,Riley,2,4928
1311,4344.00641723356,4349.00641723356,Kenta Kobayashi (Japan),Tackle,Green,947041,1,A,3000,Japan,34481,Kenta,Kobayashi,2,4928
1312,4370.824269031,4381.33128688,Kenta Kobayashi (Japan),Kick Chase,Green,947041,1,A,3000,Japan,34481,Kenta,Kobayashi,2,4955
1313,4370.824269031,4381.33128688,Hayate Era (Japan),Kick Chase,Green,947041,2,A,3000,Japan,61955,Hayate,Era,2,4955
1314,4370.824269031,4381.33128688,Shuhei Takeuchi (Japan),Kick Chase,Green,947041,3,A,3000,Japan,37874,Shuhei,Takeuchi,2,4955
1315,4370.824269031,4381.33128688,Waisake Raratubua (Japan),Kick Chase,Green,947041,4,A,3000,Japan,30796,Waisake,Raratubua,2,4955
1316,4370.824269031,4381.33128688,Warner Dearns (Japan),Kick Chase,Green,947041,5,A,3000,Japan,40399,Warner,Dearns,2,4955
1317,4370.824269031,4381.33128688,Ben Gunter (Japan),Kick Chase,Green,947041,6,A,3000,Japan,26283,Ben,Gunter,2,4955
1318,4370.824269031,4381.33128688,Kanji Shimokawa (Japan),Kick Chase,Green,947041,7,A,3000,Japan,30962,Kanji,Shimokawa,2,4955
1319,4370.824269031,4381.33128688,Amato Fakatava (Japan),Kick Chase,Green,947041,8,A,3000,Japan,36500,Amato,Fakatava,2,4955
1320,4370.824269031,4381.33128688,Tomoki Osada (Japan),Kick Chase,Green,947041,11,A,3000,Japan,31059,Tomoki,Osada,2,4955
1321,4370.824269031,4381.33128688,Charlie Lawrence (Japan),Kick Chase,Green,947041,12,A,3000,Japan,32522,Charlie,Lawrence,2,4955
1322,4370.824269031,4381.33128688,Dylan Riley (Japan),Kick Chase,Green,947041,13,A,3000,Japan,27652,Dylan,Riley,2,4955
1323,4370.824269031,4381.33128688,Shinobu Fujiwara (Japan),Kick Chase,Green,947041,21,A,3000,Japan,30969,Shinobu,Fujiwara,2,4955
1324,4371.275632734,4380.998288869,Kapeli Pifeleti (USA),Kick Retreat,Green,947041,2,H,2950,USA,33820,Kapeli,Pifeleti,2,4955
1325,4371.275632734,4380.998288869,Marno Redelinghuys (USA),Kick Retreat,Green,947041,4,H,2950,USA,25254,Marno,Redelinghuys,2,4955
1326,4371.275632734,4380.998288869,Jason Damm (USA),Kick Retreat,Green,947041,5,H,2950,USA,38021,Jason,Damm,2,4955
1327,4371.275632734,4380.998288869,Paddy Ryan (USA),Kick Retreat,Green,947041,6,H,2950,USA,31271,Paddy,Ryan,2,4955
1328,4371.275632734,4380.998288869,Christian Poidevin (USA),Kick Retreat,Green,947041,7,H,2950,USA,32698,Christian,Poidevin,2,4955
1329,4371.275632734,4380.998288869,Tavite Lopeti (USA),Kick Retreat,Green,947041,12,H,2950,USA,39901,Tavite,Lopeti,2,4955
1330,4371.275632734,4380.998288869,Dominic Besag (USA),Kick Retreat,Green,947041,13,H,2950,USA,60169,Dominic,Besag,2,4955
1331,4371.275632734,4380.998288869,Payton Telea-Ilalio (USA),Kick Retreat,Green,947041,17,H,2950,USA,53734,Payton,Telea-Ilalio,2,4955
1332,4371.275632734,4380.998288869,Pono Davis (USA),Kick Retreat,Green,947041,18,H,2950,USA,43978,Pono,Davis,2,4955
1333,4371.275632734,4380.998288869,Vili Helu (USA),Kick Retreat,Green,947041,20,H,2950,USA,46434,Vili,Helu,2,4955
1334,4373.525428225,4380.998288869,Mitch Wilson (USA),Kick Retreat,Green,947041,23,H,2950,USA,38056,Mitch,Wilson,2,4955
1335,4374.499400403,4381.33128688,Sam Greene (Japan),Kick Chase,Green,947041,15,A,3000,Japan,22606,Sam,Greene,2,4955
1336,4374.874496757,4387.72603925,Kapeli Pifeleti (USA),Kick Chase,Green,947041,2,H,2950,USA,33820,Kapeli,Pifeleti,2,4955
1337,4374.874496757,4387.72603925,Marno Redelinghuys (USA),Kick Chase,Green,947041,4,H,2950,USA,25254,Marno,Redelinghuys,2,4955
1338,4374.874496757,4387.72603925,Jason Damm (USA),Kick Chase,Green,947041,5,H,2950,USA,38021,Jason,Damm,2,4955
1339,4374.874496757,4387.72603925,Paddy Ryan (USA),Kick Chase,Green,947041,6,H,2950,USA,31271,Paddy,Ryan,2,4955
1340,4374.874496757,4387.72603925,Christian Poidevin (USA),Kick Chase,Green,947041,7,H,2950,USA,32698,Christian,Poidevin,2,4955
1341,4374.874496757,4387.72603925,Ruben de Haas (USA),Kick Chase,Green,947041,9,H,2950,USA,30203,Ruben,de Haas,2,4955
1342,4374.874496757,4387.72603925,Payton Telea-Ilalio (USA),Kick Chase,Green,947041,17,H,2950,USA,53734,Payton,Telea-Ilalio,2,4955
1343,4374.874496757,4387.72603925,Pono Davis (USA),Kick Chase,Green,947041,18,H,2950,USA,43978,Pono,Davis,2,4955
1344,4374.874496757,4387.72603925,Vili Helu (USA),Kick Chase,Green,947041,20,H,2950,USA,46434,Vili,Helu,2,4955
1345,4375.05786944,4388.530094981,Kenta Kobayashi (Japan),Kick Retreat,Green,947041,1,A,3000,Japan,34481,Kenta,Kobayashi,2,4955
1346,4375.05786944,4388.530094981,Hayate Era (Japan),Kick Retreat,Green,947041,2,A,3000,Japan,61955,Hayate,Era,2,4955
1347,4375.05786944,4388.530094981,Shuhei Takeuchi (Japan),Kick Retreat,Green,947041,3,A,3000,Japan,37874,Shuhei,Takeuchi,2,4955
1348,4375.05786944,4388.530094981,Waisake Raratubua (Japan),Kick Retreat,Green,947041,4,A,3000,Japan,30796,Waisake,Raratubua,2,4955
1349,4375.05786944,4388.530094981,Warner Dearns (Japan),Kick Retreat,Yellow,947041,5,A,3000,Japan,40399,Warner,Dearns,2,4955
1350,4375.05786944,4388.530094981,Ben Gunter (Japan),Kick Retreat,Green,947041,6,A,3000,Japan,26283,Ben,Gunter,2,4955
1351,4375.05786944,4388.530094981,Kanji Shimokawa (Japan),Kick Retreat,Green,947041,7,A,3000,Japan,30962,Kanji,Shimokawa,2,4955
1352,4375.05786944,4388.530094981,Amato Fakatava (Japan),Kick Retreat,Green,947041,8,A,3000,Japan,36500,Amato,Fakatava,2,4955
1353,4375.05786944,4388.530094981,Tomoki Osada (Japan),Kick Retreat,Green,947041,11,A,3000,Japan,31059,Tomoki,Osada,2,4955
1354,4375.05786944,4388.530094981,Charlie Lawrence (Japan),Kick Retreat,Green,947041,12,A,3000,Japan,32522,Charlie,Lawrence,2,4955
1355,4375.05786944,4388.530094981,Dylan Riley (Japan),Kick Retreat,Green,947041,13,A,3000,Japan,27652,Dylan,Riley,2,4955
1356,4375.05786944,4388.530094981,Shinobu Fujiwara (Japan),Kick Retreat,Green,947041,21,A,3000,Japan,30969,Shinobu,Fujiwara,2,4955
1357,4375.225041734,4387.72603925,Tavite Lopeti (USA),Kick Chase,Green,947041,12,H,2950,USA,39901,Tavite,Lopeti,2,4955
1358,4375.225041734,4387.72603925,Dominic Besag (USA),Kick Chase,Green,947041,13,H,2950,USA,60169,Dominic,Besag,2,4955
1359,4375.471579271,4387.72603925,Erich Storti (USA),Kick Chase,Green,947041,15,H,2950,USA,55128,Erich,Storti,2,4955
1360,4378.08514739229,4388.530094981,Sam Greene (Japan),Kick Retreat,Green,947041,15,A,3000,Japan,22606,Sam,Greene,2,4959
1361,4382.681268246,4393.399942085455,Kenta Kobayashi (Japan),Kick Chase,Green,947041,1,A,3000,Japan,34481,Kenta,Kobayashi,2,5006
1362,4382.681268246,4393.399942085455,Hayate Era (Japan),Kick Chase,Green,947041,2,A,3000,Japan,61955,Hayate,Era,2,5006
1363,4382.681268246,4393.399942085455,Shuhei Takeuchi (Japan),Kick Chase,Green,947041,3,A,3000,Japan,37874,Shuhei,Takeuchi,2,5006
1364,4382.681268246,4393.399942085455,Waisake Raratubua (Japan),Kick Chase,Green,947041,4,A,3000,Japan,30796,Waisake,Raratubua,2,5006
1365,4382.681268246,4393.399942085455,Warner Dearns (Japan),Kick Chase,Green,947041,5,A,3000,Japan,40399,Warner,Dearns,2,5006
1366,4382.681268246,4393.399942085455,Ben Gunter (Japan),Kick Chase,Green,947041,6,A,3000,Japan,26283,Ben,Gunter,2,5006
1367,4382.681268246,4393.399942085455,Kanji Shimokawa (Japan),Kick Chase,Green,947041,7,A,3000,Japan,30962,Kanji,Shimokawa,2,5006
1368,4382.681268246,4393.399942085455,Amato Fakatava (Japan),Kick Chase,Green,947041,8,A,3000,Japan,36500,Amato,Fakatava,2,5006
1369,4382.681268246,4393.399942085455,Charlie Lawrence (Japan),Kick Chase,Green,947041,12,A,3000,Japan,32522,Charlie,Lawrence,2,5006
1370,4382.681268246,4393.399942085455,Dylan Riley (Japan),Kick Chase,Green,947041,13,A,3000,Japan,27652,Dylan,Riley,2,5006
1371,4382.681268246,4393.399942085455,Kippei Ishida (Japan),Kick Chase,Green,947041,14,A,3000,Japan,34036,Kippei,Ishida,2,5006
1372,4382.689306306,4395.367325844,Kapeli Pifeleti (USA),Kick Retreat,Yellow,947041,2,H,2950,USA,33820,Kapeli,Pifeleti,2,5006
1373,4382.689306306,4395.367325844,Marno Redelinghuys (USA),Kick Retreat,Green,947041,4,H,2950,USA,25254,Marno,Redelinghuys,2,5006
1374,4382.689306306,4395.367325844,Jason Damm (USA),Kick Retreat,Green,947041,5,H,2950,USA,38021,Jason,Damm,2,5006
1375,4382.689306306,4395.367325844,Paddy Ryan (USA),Kick Retreat,Green,947041,6,H,2950,USA,31271,Paddy,Ryan,2,5006
1376,4382.689306306,4395.367325844,Christian Poidevin (USA),Kick Retreat,Green,947041,7,H,2950,USA,32698,Christian,Poidevin,2,5006
1377,4382.689306306,4395.367325844,Ruben de Haas (USA),Kick Retreat,Green,947041,9,H,2950,USA,30203,Ruben,de Haas,2,5006
1378,4382.689306306,4395.367325844,Tavite Lopeti (USA),Kick Retreat,Green,947041,12,H,2950,USA,39901,Tavite,Lopeti,2,5006
1379,4382.689306306,4395.367325844,Dominic Besag (USA),Kick Retreat,Green,947041,13,H,2950,USA,60169,Dominic,Besag,2,5006
1380,4382.689306306,4395.367325844,Erich Storti (USA),Kick Retreat,Green,947041,15,H,2950,USA,55128,Erich,Storti,2,5006
1381,4382.689306306,4395.367325844,Payton Telea-Ilalio (USA),Kick Retreat,Green,947041,17,H,2950,USA,53734,Payton,Telea-Ilalio,2,5006
1382,4382.689306306,4395.367325844,Pono Davis (USA),Kick Retreat,Green,947041,18,H,2950,USA,43978,Pono,Davis,2,5006
1383,4382.689306306,4395.367325844,Vili Helu (USA),Kick Retreat,Green,947041,20,H,2950,USA,46434,Vili,Helu,2,5006
1384,4383.095396825397,4388.776298521,Erich Storti (USA),Charge Down,Green,947041,15,H,2950,USA,55128,Erich,Storti,2,5006
1385,4385.947953037,4393.399942085455,Tomoki Osada (Japan),Kick Chase,Green,947041,11,A,3000,Japan,31059,Tomoki,Osada,2,5006
1386,4385.947953037,4393.399942085455,Shinobu Fujiwara (Japan),Kick Chase,Green,947041,21,A,3000,Japan,30969,Shinobu,Fujiwara,2,5006
1387,4389.60002614,4395.352733814,Kippei Ishida (Japan),Charge Down,Green,947041,14,A,3000,Japan,34036,Kippei,Ishida,2,5013
1388,4390.051412001,4399.902597985,Kenta Kobayashi (Japan),Kick Retreat,Green,947041,1,A,3000,Japan,34481,Kenta,Kobayashi,2,5013
1389,4390.051412001,4399.902597985,Hayate Era (Japan),Kick Retreat,Green,947041,2,A,3000,Japan,61955,Hayate,Era,2,5013
1390,4390.051412001,4399.902597985,Shuhei Takeuchi (Japan),Kick Retreat,Yellow,947041,3,A,3000,Japan,37874,Shuhei,Takeuchi,2,5013
1391,4390.051412001,4399.902597985,Waisake Raratubua (Japan),Kick Retreat,Yellow,947041,4,A,3000,Japan,30796,Waisake,Raratubua,2,5013
1392,4390.051412001,4399.902597985,Warner Dearns (Japan),Kick Retreat,Yellow,947041,5,A,3000,Japan,40399,Warner,Dearns,2,5013
1393,4390.051412001,4399.902597985,Ben Gunter (Japan),Kick Retreat,Yellow,947041,6,A,3000,Japan,26283,Ben,Gunter,2,5013
1394,4390.051412001,4399.902597985,Kanji Shimokawa (Japan),Kick Retreat,Green,947041,7,A,3000,Japan,30962,Kanji,Shimokawa,2,5013
1395,4390.051412001,4399.902597985,Amato Fakatava (Japan),Kick Retreat,Green,947041,8,A,3000,Japan,36500,Amato,Fakatava,2,5013
1396,4390.051412001,4399.902597985,Charlie Lawrence (Japan),Kick Retreat,Green,947041,12,A,3000,Japan,32522,Charlie,Lawrence,2,5013
1397,4390.051412001,4399.902597985,Dylan Riley (Japan),Kick Retreat,Green,947041,13,A,3000,Japan,27652,Dylan,Riley,2,5013
1398,4390.051412001,4399.902597985,Kippei Ishida (Japan),Kick Retreat,Green,947041,14,A,3000,Japan,34036,Kippei,Ishida,2,5013
1399,4390.051412001,4399.902597985,Shinobu Fujiwara (Japan),Kick Retreat,Green,947041,21,A,3000,Japan,30969,Shinobu,Fujiwara,2,5013
1400,4391.955692302,4399.902597985,Tomoki Osada (Japan),Kick Retreat,Green,947041,11,A,3000,Japan,31059,Tomoki,Osada,2,5013
1401,4391.955703768,4396.955703768,Mitch Wilson (USA),Kick Chase,Green,947041,23,H,2950,USA,38056,Mitch,Wilson,2,5013
1402,4393.257441102,4401.639137425,Kapeli Pifeleti (USA),Kick Chase,Yellow,947041,2,H,2950,USA,33820,Kapeli,Pifeleti,2,5013
1403,4393.257441102,4401.639137425,Marno Redelinghuys (USA),Kick Chase,Yellow,947041,4,H,2950,USA,25254,Marno,Redelinghuys,2,5013
1404,4393.257441102,4401.639137425,Jason Damm (USA),Kick Chase,Green,947041,5,H,2950,USA,38021,Jason,Damm,2,5013
1405,4393.257441102,4401.639137425,Paddy Ryan (USA),Kick Chase,Green,947041,6,H,2950,USA,31271,Paddy,Ryan,2,5013
1406,4393.257441102,4401.639137425,Christian Poidevin (USA),Kick Chase,Yellow,947041,7,H,2950,USA,32698,Christian,Poidevin,2,5013
1407,4393.257441102,4401.639137425,Ruben de Haas (USA),Kick Chase,Green,947041,9,H,2950,USA,30203,Ruben,de Haas,2,5013
1408,4393.257441102,4401.639137425,Tavite Lopeti (USA),Kick Chase,Green,947041,12,H,2950,USA,39901,Tavite,Lopeti,2,5013
1409,4393.257441102,4401.639137425,Dominic Besag (USA),Kick Chase,Green,947041,13,H,2950,USA,60169,Dominic,Besag,2,5013
1410,4393.257441102,4401.639137425,Payton Telea-Ilalio (USA),Kick Chase,Yellow,947041,17,H,2950,USA,53734,Payton,Telea-Ilalio,2,5013
1411,4393.257441102,4401.639137425,Pono Davis (USA),Kick Chase,Yellow,947041,18,H,2950,USA,43978,Pono,Davis,2,5013
1412,4393.257441102,4401.639137425,Vili Helu (USA),Kick Chase,Green,947041,20,H,2950,USA,46434,Vili,Helu,2,5013
1413,4394.998238315482,4405.600129471064,Mitch Wilson (USA),Tackle,Green,947041,23,H,2950,USA,38056,Mitch,Wilson,2,5019
1414,4398.954786139,4403.954786139,Sam Greene (Japan),Carry,Green,947041,15,A,3000,Japan,22606,Sam,Greene,2,5021
1415,4400.301422288,4407.79055856,Kapeli Pifeleti (USA),Kick Retreat,Yellow,947041,2,H,2950,USA,33820,Kapeli,Pifeleti,2,5021
1416,4400.301422288,4407.79055856,Marno Redelinghuys (USA),Kick Retreat,Green,947041,4,H,2950,USA,25254,Marno,Redelinghuys,2,5021
1417,4400.301422288,4407.79055856,Jason Damm (USA),Kick Retreat,Green,947041,5,H,2950,USA,38021,Jason,Damm,2,5021
1418,4400.301422288,4407.79055856,Paddy Ryan (USA),Kick Retreat,Green,947041,6,H,2950,USA,31271,Paddy,Ryan,2,5021
1419,4400.301422288,4407.79055856,Christian Poidevin (USA),Kick Retreat,Green,947041,7,H,2950,USA,32698,Christian,Poidevin,2,5021
1420,4400.301422288,4407.79055856,Ruben de Haas (USA),Kick Retreat,Green,947041,9,H,2950,USA,30203,Ruben,de Haas,2,5021
1421,4400.301422288,4407.79055856,Tavite Lopeti (USA),Kick Retreat,Green,947041,12,H,2950,USA,39901,Tavite,Lopeti,2,5021
1422,4400.301422288,4407.79055856,Dominic Besag (USA),Kick Retreat,Green,947041,13,H,2950,USA,60169,Dominic,Besag,2,5021
1423,4400.301422288,4407.79055856,Payton Telea-Ilalio (USA),Kick Retreat,Green,947041,17,H,2950,USA,53734,Payton,Telea-Ilalio,2,5021
1424,4400.301422288,4407.79055856,Pono Davis (USA),Kick Retreat,Green,947041,18,H,2950,USA,43978,Pono,Davis,2,5021
1425,4400.301422288,4407.79055856,Vili Helu (USA),Kick Retreat,Green,947041,20,H,2950,USA,46434,Vili,Helu,2,5021
1426,4400.301422288,4407.79055856,Mitch Wilson (USA),Kick Retreat,Green,947041,23,H,2950,USA,38056,Mitch,Wilson,2,5021
1427,4400.471610479,4406.556770829,Marno Redelinghuys (USA),Charge Down,Green,947041,4,H,2950,USA,25254,Marno,Redelinghuys,2,5021
1428,4400.916638505,4410.830718679,Kenta Kobayashi (Japan),Kick Chase,Green,947041,1,A,3000,Japan,34481,Kenta,Kobayashi,2,5025
1429,4400.916638505,4410.830718679,Hayate Era (Japan),Kick Chase,Green,947041,2,A,3000,Japan,61955,Hayate,Era,2,5025
1430,4400.916638505,4410.830718679,Shuhei Takeuchi (Japan),Kick Chase,Green,947041,3,A,3000,Japan,37874,Shuhei,Takeuchi,2,5025
1431,4400.916638505,4410.830718679,Waisake Raratubua (Japan),Kick Chase,Green,947041,4,A,3000,Japan,30796,Waisake,Raratubua,2,5025
1432,4400.916638505,4410.830718679,Warner Dearns (Japan),Kick Chase,Green,947041,5,A,3000,Japan,40399,Warner,Dearns,2,5025
1433,4400.916638505,4410.830718679,Ben Gunter (Japan),Kick Chase,Green,947041,6,A,3000,Japan,26283,Ben,Gunter,2,5025
1434,4400.916638505,4410.830718679,Kanji Shimokawa (Japan),Kick Chase,Green,947041,7,A,3000,Japan,30962,Kanji,Shimokawa,2,5025
1435,4400.916638505,4410.830718679,Amato Fakatava (Japan),Kick Chase,Green,947041,8,A,3000,Japan,36500,Amato,Fakatava,2,5025
1436,4401.9290993874865,4410.830718679001,Dylan Riley (Japan),Kick Chase,Green,947041,13,A,3000,Japan,27652,Dylan,Riley,2,5025
1437,4402.323004023509,4410.830718679001,Charlie Lawrence (Japan),Kick Chase,Green,947041,12,A,3000,Japan,32522,Charlie,Lawrence,2,5025
1438,4403.029135331,4407.79055856,Erich Storti (USA),Kick Retreat,Green,947041,15,H,2950,USA,55128,Erich,Storti,2,5025
1439,4404.361032357715,4410.830718679001,Shinobu Fujiwara (Japan),Kick Chase,Green,947041,21,A,3000,Japan,30969,Shinobu,Fujiwara,2,5025
1440,4405.781521254,4417.199881572986,Kenta Kobayashi (Japan),Kick Retreat,Green,947041,1,A,3000,Japan,34481,Kenta,Kobayashi,2,5025
1441,4405.781521254,4417.199881572986,Hayate Era (Japan),Kick Retreat,Green,947041,2,A,3000,Japan,61955,Hayate,Era,2,5025
1442,4405.781521254,4417.199881572986,Shuhei Takeuchi (Japan),Kick Retreat,Green,947041,3,A,3000,Japan,37874,Shuhei,Takeuchi,2,5025
1443,4405.781521254,4417.199881572986,Waisake Raratubua (Japan),Kick Retreat,Green,947041,4,A,3000,Japan,30796,Waisake,Raratubua,2,5025
1444,4405.781521254,4417.199881572986,Warner Dearns (Japan),Kick Retreat,Green,947041,5,A,3000,Japan,40399,Warner,Dearns,2,5025
1445,4405.781521254,4417.199881572986,Ben Gunter (Japan),Kick Retreat,Green,947041,6,A,3000,Japan,26283,Ben,Gunter,2,5025
1446,4405.781521254,4417.199881572986,Kanji Shimokawa (Japan),Kick Retreat,Green,947041,7,A,3000,Japan,30962,Kanji,Shimokawa,2,5025
1447,4405.781521254,4417.199881572986,Amato Fakatava (Japan),Kick Retreat,Green,947041,8,A,3000,Japan,36500,Amato,Fakatava,2,5025
1448,4406.068422659,4417.199881572986,Tomoki Osada (Japan),Kick Retreat,Green,947041,11,A,3000,Japan,31059,Tomoki,Osada,2,5025
1449,4406.068422659,4417.199881572986,Charlie Lawrence (Japan),Kick Retreat,Green,947041,12,A,3000,Japan,32522,Charlie,Lawrence,2,5025
1450,4406.068422659,4417.199881572986,Dylan Riley (Japan),Kick Retreat,Green,947041,13,A,3000,Japan,27652,Dylan,Riley,2,5025
1451,4406.068422659,4417.199881572986,Kippei Ishida (Japan),Kick Retreat,Green,947041,14,A,3000,Japan,34036,Kippei,Ishida,2,5025
1452,4406.068422659,4417.199881572986,Shinobu Fujiwara (Japan),Kick Retreat,Green,947041,21,A,3000,Japan,30969,Shinobu,Fujiwara,2,5025
1453,4406.865515417,4420.3999198535985,Ruben de Haas (USA),Kick Chase,Green,947041,9,H,2950,USA,30203,Ruben,de Haas,2,5029
1454,4406.865515417,4420.3999198535985,Toby Fricker (USA),Kick Chase,Green,947041,11,H,2950,USA,34095,Toby,Fricker,2,5029
1455,4410.207089357,4420.3999198535985,Paddy Ryan (USA),Kick Chase,Green,947041,6,H,2950,USA,31271,Paddy,Ryan,2,5029
1456,4410.207089357,4420.3999198535985,Christian Poidevin (USA),Kick Chase,Green,947041,7,H,2950,USA,32698,Christian,Poidevin,2,5029
1457,4449.033671328,4461.999934487147,Kapeli Pifeleti (USA),Lineout Attack,Green,947041,2,H,2950,USA,33820,Kapeli,Pifeleti,2,5115
1458,4449.033671328,4461.999934487147,Marno Redelinghuys (USA),Lineout Attack,Green,947041,4,H,2950,USA,25254,Marno,Redelinghuys,2,5115
1459,4449.033671328,4461.999934487147,Jason Damm (USA),Lineout Attack,Green,947041,5,H,2950,USA,38021,Jason,Damm,2,5115
1460,4449.033671328,4461.999934487147,Payton Telea-Ilalio (USA),Lineout Attack,Green,947041,17,H,2950,USA,53734,Payton,Telea-Ilalio,2,5115
1461,4449.033671328,4461.999934487147,Pono Davis (USA),Lineout Attack,Green,947041,18,H,2950,USA,43978,Pono,Davis,2,5115
1462,4449.033671328,4461.999934487147,Vili Helu (USA),Lineout Attack,Green,947041,20,H,2950,USA,46434,Vili,Helu,2,5115
1463,4450.887960824,4463.899925012325,Kenta Kobayashi (Japan),Lineout Defence,Green,947041,1,A,3000,Japan,34481,Kenta,Kobayashi,2,5115
1464,4450.887960824,4463.899925012325,Shuhei Takeuchi (Japan),Lineout Defence,Green,947041,3,A,3000,Japan,37874,Shuhei,Takeuchi,2,5115
1465,4450.887960824,4463.899925012325,Waisake Raratubua (Japan),Lineout Defence,Green,947041,4,A,3000,Japan,30796,Waisake,Raratubua,2,5115
1466,4450.887960824,4463.899925012325,Warner Dearns (Japan),Lineout Defence,Green,947041,5,A,3000,Japan,40399,Warner,Dearns,2,5115
1467,4450.887960824,4463.899925012325,Kanji Shimokawa (Japan),Lineout Defence,Green,947041,7,A,3000,Japan,30962,Kanji,Shimokawa,2,5115
1468,4456.498494669477,4474.700196052544,Paddy Ryan (USA),Carry,Green,947041,6,H,2950,USA,31271,Paddy,Ryan,2,5121
1469,4457.898425568211,4471.999967558694,Christian Poidevin (USA),Ruck,Green,947041,7,H,2950,USA,32698,Christian,Poidevin,2,5123
1470,4459.590609818056,4471.999967558694,Kapeli Pifeleti (USA),Ruck,Red,947041,2,H,2950,USA,33820,Kapeli,Pifeleti,2,5124
1471,4462.998649564543,4474.699985697631,Luke Carty (USA),Carry,Green,947041,22,H,2950,USA,28402,Luke,Carty,2,5128
1472,4463.106893424037,4471.297280749665,Amato Fakatava (Japan),Tackle,Yellow,947041,8,A,3000,Japan,36500,Amato,Fakatava,2,5128
1473,4464.024013605442,4472.716833395,Seungsin Lee (Japan),Tackle,Yellow,947041,10,A,3000,Japan,37841,Seungsin,Lee,2,5128
1474,4465.299519634521,4474.700004889915,Dominic Besag (USA),Tackle,Green,947041,13,H,2950,USA,60169,Dominic,Besag,2,5128
1475,4465.803106575963,4472.351245042,Dylan Riley (Japan),Tackle,Green,947041,13,A,3000,Japan,27652,Dylan,Riley,2,5129
1476,4466.189079668,4477.000060263282,Kapeli Pifeleti (USA),Kick Retreat,Green,947041,2,H,2950,USA,33820,Kapeli,Pifeleti,2,5129
1477,4466.189079668,4477.000060263282,Marno Redelinghuys (USA),Kick Retreat,Green,947041,4,H,2950,USA,25254,Marno,Redelinghuys,2,5129
1478,4466.189079668,4477.000060263282,Jason Damm (USA),Kick Retreat,Green,947041,5,H,2950,USA,38021,Jason,Damm,2,5129
1479,4466.189079668,4477.000060263282,Paddy Ryan (USA),Kick Retreat,Green,947041,6,H,2950,USA,31271,Paddy,Ryan,2,5129
1480,4466.189079668,4477.000060263282,Christian Poidevin (USA),Kick Retreat,Green,947041,7,H,2950,USA,32698,Christian,Poidevin,2,5129
1481,4466.189079668,4477.000060263282,Payton Telea-Ilalio (USA),Kick Retreat,Green,947041,17,H,2950,USA,53734,Payton,Telea-Ilalio,2,5129
1482,4466.189079668,4477.000060263282,Pono Davis (USA),Kick Retreat,Green,947041,18,H,2950,USA,43978,Pono,Davis,2,5129
1483,4466.189079668,4477.000060263282,Vili Helu (USA),Kick Retreat,Green,947041,20,H,2950,USA,46434,Vili,Helu,2,5129
1484,4466.501522546,4477.000060263282,Ruben de Haas (USA),Kick Retreat,Green,947041,9,H,2950,USA,30203,Ruben,de Haas,2,5129
1485,4466.501522546,4477.000060263282,Toby Fricker (USA),Kick Retreat,Green,947041,11,H,2950,USA,34095,Toby,Fricker,2,5129
1486,4466.501522546,4477.000060263282,Tavite Lopeti (USA),Kick Retreat,Green,947041,12,H,2950,USA,39901,Tavite,Lopeti,2,5129
1487,4466.501522546,4477.000060263282,Dominic Besag (USA),Kick Retreat,Green,947041,13,H,2950,USA,60169,Dominic,Besag,2,5129
1488,4466.501522546,4477.000060263282,Erich Storti (USA),Kick Retreat,Green,947041,15,H,2950,USA,55128,Erich,Storti,2,5129
1489,4466.501522546,4477.000060263282,Mitch Wilson (USA),Kick Retreat,Green,947041,23,H,2950,USA,38056,Mitch,Wilson,2,5129
1490,4466.787114968,4477.462706462,Kenta Kobayashi (Japan),Kick Chase,Green,947041,1,A,3000,Japan,34481,Kenta,Kobayashi,2,5129
1491,4466.787114968,4477.462706462,Hayate Era (Japan),Kick Chase,Green,947041,2,A,3000,Japan,61955,Hayate,Era,2,5129
1492,4466.787114968,4477.462706462,Shuhei Takeuchi (Japan),Kick Chase,Green,947041,3,A,3000,Japan,37874,Shuhei,Takeuchi,2,5129
1493,4466.787114968,4477.462706462,Waisake Raratubua (Japan),Kick Chase,Green,947041,4,A,3000,Japan,30796,Waisake,Raratubua,2,5129
1494,4466.787114968,4477.462706462,Warner Dearns (Japan),Kick Chase,Green,947041,5,A,3000,Japan,40399,Warner,Dearns,2,5129
1495,4466.787114968,4477.462706462,Ben Gunter (Japan),Kick Chase,Green,947041,6,A,3000,Japan,26283,Ben,Gunter,2,5129
1496,4466.787114968,4477.462706462,Kanji Shimokawa (Japan),Kick Chase,Green,947041,7,A,3000,Japan,30962,Kanji,Shimokawa,2,5129
1497,4466.787114968,4477.462706462,Amato Fakatava (Japan),Kick Chase,Green,947041,8,A,3000,Japan,36500,Amato,Fakatava,2,5129
1498,4467.43188335971,4477.462706462,Seungsin Lee (Japan),Kick Chase,Green,947041,10,A,3000,Japan,37841,Seungsin,Lee,2,5129
1499,4467.9034476,4477.462706462,Tomoki Osada (Japan),Kick Chase,Green,947041,11,A,3000,Japan,31059,Tomoki,Osada,2,5129
1500,4467.9034476,4477.462706462,Charlie Lawrence (Japan),Kick Chase,Green,947041,12,A,3000,Japan,32522,Charlie,Lawrence,2,5129
1501,4467.9034476,4477.462706462,Dylan Riley (Japan),Kick Chase,Green,947041,13,A,3000,Japan,27652,Dylan,Riley,2,5129
1502,4467.9034476,4477.462706462,Shinobu Fujiwara (Japan),Kick Chase,Green,947041,21,A,3000,Japan,30969,Shinobu,Fujiwara,2,5129
1503,4470.557750229286,4477.313879145789,Luke Carty (USA),Kick Retreat,Green,947041,22,H,2950,USA,28402,Luke,Carty,2,5129
1504,4471.296201851,4487.984757704,Kenta Kobayashi (Japan),Kick Retreat,Green,947041,1,A,3000,Japan,34481,Kenta,Kobayashi,2,5135
1505,4471.296201851,4487.984757704,Hayate Era (Japan),Kick Retreat,Green,947041,2,A,3000,Japan,61955,Hayate,Era,2,5135
1506,4471.296201851,4487.984757704,Shuhei Takeuchi (Japan),Kick Retreat,Green,947041,3,A,3000,Japan,37874,Shuhei,Takeuchi,2,5135
1507,4471.296201851,4487.984757704,Waisake Raratubua (Japan),Kick Retreat,Green,947041,4,A,3000,Japan,30796,Waisake,Raratubua,2,5135
1508,4471.296201851,4487.984757704,Warner Dearns (Japan),Kick Retreat,Yellow,947041,5,A,3000,Japan,40399,Warner,Dearns,2,5135
1509,4471.296201851,4487.984757704,Ben Gunter (Japan),Kick Retreat,Green,947041,6,A,3000,Japan,26283,Ben,Gunter,2,5135
1510,4471.296201851,4487.984757704,Kanji Shimokawa (Japan),Kick Retreat,Green,947041,7,A,3000,Japan,30962,Kanji,Shimokawa,2,5135
1511,4471.296201851,4487.984757704,Amato Fakatava (Japan),Kick Retreat,Green,947041,8,A,3000,Japan,36500,Amato,Fakatava,2,5135
1512,4471.296201851,4487.984757704,Tomoki Osada (Japan),Kick Retreat,Green,947041,11,A,3000,Japan,31059,Tomoki,Osada,2,5135
1513,4471.296201851,4487.984757704,Shinobu Fujiwara (Japan),Kick Retreat,Green,947041,21,A,3000,Japan,30969,Shinobu,Fujiwara,2,5135
1514,4472.229599741,4487.984757704,Seungsin Lee (Japan),Kick Retreat,Green,947041,10,A,3000,Japan,37841,Seungsin,Lee,2,5135
1515,4472.229599741,4487.984757704,Charlie Lawrence (Japan),Kick Retreat,Green,947041,12,A,3000,Japan,32522,Charlie,Lawrence,2,5135
1516,4472.229599741,4487.984757704,Dylan Riley (Japan),Kick Retreat,Green,947041,13,A,3000,Japan,27652,Dylan,Riley,2,5135
1517,4476.168957455,4481.168957455,Erich Storti (USA),Kick Chase,Green,947041,15,H,2950,USA,55128,Erich,Storti,2,5139
1518,4476.848475485,4487.180307488,Kapeli Pifeleti (USA),Kick Chase,Green,947041,2,H,2950,USA,33820,Kapeli,Pifeleti,2,5143
1519,4476.848475485,4487.180307488,Marno Redelinghuys (USA),Kick Chase,Green,947041,4,H,2950,USA,25254,Marno,Redelinghuys,2,5143
1520,4476.848475485,4487.180307488,Jason Damm (USA),Kick Chase,Green,947041,5,H,2950,USA,38021,Jason,Damm,2,5143
1521,4476.848475485,4487.180307488,Paddy Ryan (USA),Kick Chase,Green,947041,6,H,2950,USA,31271,Paddy,Ryan,2,5143
1522,4476.848475485,4487.180307488,Christian Poidevin (USA),Kick Chase,Green,947041,7,H,2950,USA,32698,Christian,Poidevin,2,5143
1523,4476.848475485,4487.180307488,Payton Telea-Ilalio (USA),Kick Chase,Green,947041,17,H,2950,USA,53734,Payton,Telea-Ilalio,2,5143
1524,4476.848475485,4487.180307488,Pono Davis (USA),Kick Chase,Green,947041,18,H,2950,USA,43978,Pono,Davis,2,5143
1525,4476.848475485,4487.180307488,Vili Helu (USA),Kick Chase,Green,947041,20,H,2950,USA,46434,Vili,Helu,2,5143
1526,4478.201627138,4487.180307488,Ruben de Haas (USA),Kick Chase,Green,947041,9,H,2950,USA,30203,Ruben,de Haas,2,5143
1527,4478.201627138,4487.180307488,Toby Fricker (USA),Kick Chase,Green,947041,11,H,2950,USA,34095,Toby,Fricker,2,5143
1528,4478.201627138,4487.180307488,Tavite Lopeti (USA),Kick Chase,Green,947041,12,H,2950,USA,39901,Tavite,Lopeti,2,5143
1529,4478.201627138,4487.180307488,Dominic Besag (USA),Kick Chase,Green,947041,13,H,2950,USA,60169,Dominic,Besag,2,5143
1530,4478.519021243,4487.180307488,Mitch Wilson (USA),Kick Chase,Green,947041,23,H,2950,USA,38056,Mitch,Wilson,2,5143
1531,4479.99901939454,4499.500247876563,Jason Damm (USA),Tackle,Green,947041,5,H,2950,USA,38021,Jason,Damm,2,5145
1532,4480.99858776911,4499.500247876563,Dominic Besag (USA),Tackle,Green,947041,13,H,2950,USA,60169,Dominic,Besag,2,5146
1533,4485.73438889,4490.73438889,Shuhei Takeuchi (Japan),Ruck,Green,947041,3,A,3000,Japan,37874,Shuhei,Takeuchi,2,5151
1534,4487.298320465948,4500.800001309867,Payton Telea-Ilalio (USA),Tackle,Red,947041,17,H,2950,USA,53734,Payton,Telea-Ilalio,2,5152
1535,4487.858278688,4492.858278688,Ben Gunter (Japan),Ruck,Green,947041,6,A,3000,Japan,26283,Ben,Gunter,2,5152
1536,4488.46816366,4493.46816366,Kanji Shimokawa (Japan),Ruck,Green,947041,7,A,3000,Japan,30962,Kanji,Shimokawa,2,5154
1537,4489.264470107,4494.264470107,Kippei Ishida (Japan),Carry,Green,947041,14,A,3000,Japan,34036,Kippei,Ishida,2,5154
1538,4490.298207133199,4500.800001309867,Pono Davis (USA),Tackle,Green,947041,18,H,2950,USA,43978,Pono,Davis,2,5155
1539,4492.7985343873,4506.800029457578,Jason Damm (USA),Tackle,Green,947041,5,H,2950,USA,38021,Jason,Damm,2,5158
1540,4493.927862969,4498.927862969,Hayate Era (Japan),Ruck,Green,947041,2,A,3000,Japan,61955,Hayate,Era,2,5159
1541,4493.927862969,4498.927862969,Amato Fakatava (Japan),Ruck,Green,947041,8,A,3000,Japan,36500,Amato,Fakatava,2,5159
1542,4495.930376374,4500.930376374,Shuhei Takeuchi (Japan),Carry,Green,947041,3,A,3000,Japan,37874,Shuhei,Takeuchi,2,5201
1543,4496.686281179138,4501.686281179138,Kanji Shimokawa (Japan),Ruck,Green,947041,7,A,3000,Japan,30962,Kanji,Shimokawa,2,5202
1544,4498.298329613471,4514.900018659766,Dominic Besag (USA),Tackle,Red,947041,13,H,2950,USA,60169,Dominic,Besag,2,5203
1545,4500.126780921,4506.599977576143,Kapeli Pifeleti (USA),Phase Defence,Red,947041,2,H,2950,USA,33820,Kapeli,Pifeleti,2,5205
1546,4500.126780921,4506.599977576143,Marno Redelinghuys (USA),Phase Defence,Red,947041,4,H,2950,USA,25254,Marno,Redelinghuys,2,5205
1547,4500.126780921,4506.599977576143,Paddy Ryan (USA),Phase Defence,Red,947041,6,H,2950,USA,31271,Paddy,Ryan,2,5205
1548,4500.126780921,4506.599977576143,Christian Poidevin (USA),Phase Defence,Red,947041,7,H,2950,USA,32698,Christian,Poidevin,2,5205
1549,4500.675899706,4505.675899706,Kenta Kobayashi (Japan),Carry,Green,947041,1,A,3000,Japan,34481,Kenta,Kobayashi,2,5205
1550,4500.675899706,4505.675899706,Waisake Raratubua (Japan),Ruck,Green,947041,4,A,3000,Japan,30796,Waisake,Raratubua,2,5205
1551,4501.1984139806345,4517.000087040658,Payton Telea-Ilalio (USA),Tackle,Green,947041,17,H,2950,USA,53734,Payton,Telea-Ilalio,2,5206
1552,4501.468684807256,4506.468684807256,Kippei Ishida (Japan),Ruck,Green,947041,14,A,3000,Japan,34036,Kippei,Ishida,2,5206
1553,4501.612041082,4506.612041082,Ben Gunter (Japan),Ruck,Green,947041,6,A,3000,Japan,26283,Ben,Gunter,2,5206
1554,4502.298499355651,4517.000087040658,Pono Davis (USA),Tackle,Green,947041,18,H,2950,USA,43978,Pono,Davis,2,5208
1555,4506.631231113,4511.631231113,Charlie Lawrence (Japan),Carry,Green,947041,12,A,3000,Japan,32522,Charlie,Lawrence,2,5211
1556,4507.328398551,4512.328398551,Kenta Kobayashi (Japan),Ruck,Green,947041,1,A,3000,Japan,34481,Kenta,Kobayashi,2,5212
1557,4507.328398551,4512.328398551,Waisake Raratubua (Japan),Ruck,Green,947041,4,A,3000,Japan,30796,Waisake,Raratubua,2,5212
1558,4508.899115304356,4528.900069539642,Marno Redelinghuys (USA),Tackle,Green,947041,4,H,2950,USA,25254,Marno,Redelinghuys,2,5214
1559,4509.8981487045185,4528.900069539642,Jason Damm (USA),Tackle,Red,947041,5,H,2950,USA,38021,Jason,Damm,2,5215
1560,4512.189264201,4517.189264201,Kanji Shimokawa (Japan),Carry,Green,947041,7,A,3000,Japan,30962,Kanji,Shimokawa,2,5218
1561,4513.086308516667,4522.529272558,Amato Fakatava (Japan),Ruck,Yellow,947041,8,A,3000,Japan,36500,Amato,Fakatava,2,5218
1562,4515.598715013363,4530.299959367359,Payton Telea-Ilalio (USA),Tackle,Green,947041,17,H,2950,USA,53734,Payton,Telea-Ilalio,2,5220
1563,4515.760597767,4520.760597767,Shuhei Takeuchi (Japan),Ruck,Yellow,947041,3,A,3000,Japan,37874,Shuhei,Takeuchi,2,5220
1564,4516.098458472556,4530.299959367359,Pono Davis (USA),Tackle,Green,947041,18,H,2950,USA,43978,Pono,Davis,2,5220
1565,4517.897322572614,4530.200060535522,Marno Redelinghuys (USA),Jackler,Red,947041,4,H,2950,USA,25254,Marno,Redelinghuys,2,5222
1566,4519.234285714286,4524.234285714286,Seungsin Lee (Japan),Carry,Green,947041,10,A,3000,Japan,37841,Seungsin,Lee,2,5221
1567,4519.699138862,4525.999022944999,Hayate Era (Japan),Carry,Green,947041,2,A,3000,Japan,61955,Hayate,Era,2,5225
1568,4520.940856927,4529.434196684,Waisake Raratubua (Japan),Ruck,Green,947041,4,A,3000,Japan,30796,Waisake,Raratubua,2,5225
1569,4520.998509050729,4543.300069574234,Mitch Wilson (USA),Tackle,Green,947041,23,H,2950,USA,38056,Mitch,Wilson,2,5226
1570,4521.498292509061,4543.300069574234,Dominic Besag (USA),Tackle,Green,947041,13,H,2950,USA,60169,Dominic,Besag,2,5226
1571,4522.152587229,4527.152587229,Kenta Kobayashi (Japan),Ruck,Green,947041,1,A,3000,Japan,34481,Kenta,Kobayashi,2,5226
1572,4522.152587229,4527.152587229,Kanji Shimokawa (Japan),Ruck,Green,947041,7,A,3000,Japan,30962,Kanji,Shimokawa,2,5226
1573,4527.2993882916635,4535.687983917,Warner Dearns (Japan),Ruck,Red,947041,5,A,3000,Japan,40399,Warner,Dearns,2,5231
1574,4528.298392781678,4548.100080552735,Pono Davis (USA),Tackle,Green,947041,18,H,2950,USA,43978,Pono,Davis,2,5233
1575,4528.997827071436,4548.100080552735,Marno Redelinghuys (USA),Tackle,Green,947041,4,H,2950,USA,25254,Marno,Redelinghuys,2,5234
1576,4529.372186223,4537.274044149,Ben Gunter (Japan),Ruck,Green,947041,6,A,3000,Japan,26283,Ben,Gunter,2,5234
1577,4532.321017388,4537.321017388,Kippei Ishida (Japan),Ruck,Green,947041,14,A,3000,Japan,34036,Kippei,Ishida,2,5237
1578,4532.82886547,4540.417914701,Charlie Lawrence (Japan),Carry,Red,947041,12,A,3000,Japan,32522,Charlie,Lawrence,2,5238
1579,4535.518791845,4540.518791845,Kanji Shimokawa (Japan),Ruck,Green,947041,7,A,3000,Japan,30962,Kanji,Shimokawa,2,5240
1580,4538.449115646258,4543.449115646258,Shuhei Takeuchi (Japan),Carry,Green,947041,3,A,3000,Japan,37874,Shuhei,Takeuchi,2,5243
1581,4592.791935196,4606.928669071,Kenta Kobayashi (Japan),Lineout Defence,Green,947041,1,A,3000,Japan,34481,Kenta,Kobayashi,2,5337
1582,4592.791935196,4606.928669071,Shuhei Takeuchi (Japan),Lineout Defence,Green,947041,3,A,3000,Japan,37874,Shuhei,Takeuchi,2,5337
1583,4592.791935196,4606.928669071,Waisake Raratubua (Japan),Lineout Defence,Green,947041,4,A,3000,Japan,30796,Waisake,Raratubua,2,5337
1584,4592.791935196,4606.928669071,Warner Dearns (Japan),Lineout Defence,Green,947041,5,A,3000,Japan,40399,Warner,Dearns,2,5337
1585,4592.791935196,4606.928669071,Kanji Shimokawa (Japan),Lineout Defence,Green,947041,7,A,3000,Japan,30962,Kanji,Shimokawa,2,5337
1586,4592.791935196,4606.928669071,Amato Fakatava (Japan),Lineout Defence,Green,947041,8,A,3000,Japan,36500,Amato,Fakatava,2,5337
1587,4592.899685319,4605.699855665953,Christian Poidevin (USA),Lineout Attack,Green,947041,7,H,2950,USA,32698,Christian,Poidevin,2,5337
1588,4592.899685319,4605.699855665953,Payton Telea-Ilalio (USA),Lineout Attack,Green,947041,17,H,2950,USA,53734,Payton,Telea-Ilalio,2,5337
1589,4592.899685319,4605.699855665953,Pono Davis (USA),Lineout Attack,Green,947041,18,H,2950,USA,43978,Pono,Davis,2,5337
1590,4593.455390191,4605.699855665953,Vili Helu (USA),Lineout Attack,Green,947041,20,H,2950,USA,46434,Vili,Helu,2,5337
1591,4593.837712467,4605.699855665953,Marno Redelinghuys (USA),Lineout Attack,Green,947041,4,H,2950,USA,25254,Marno,Redelinghuys,2,5338
1592,4593.837712467,4605.699855665953,Jason Damm (USA),Lineout Attack,Green,947041,5,H,2950,USA,38021,Jason,Damm,2,5338
1593,4594.538682284,4605.699855665953,Kapeli Pifeleti (USA),Lineout Attack,Green,947041,2,H,2950,USA,33820,Kapeli,Pifeleti,2,5338
1594,4598.398127884165,4613.79996746198,Tavite Lopeti (USA),Carry,Green,947041,12,H,2950,USA,39901,Tavite,Lopeti,2,5343
1595,4598.897452856872,4612.000010280304,Mitch Wilson (USA),Ruck,Green,947041,23,H,2950,USA,38056,Mitch,Wilson,2,5343
1596,4600.2986582738895,4612.000010280304,Payton Telea-Ilalio (USA),Ruck,Green,947041,17,H,2950,USA,53734,Payton,Telea-Ilalio,2,5345
1597,4601.201541950113,4606.201541950113,Warner Dearns (Japan),Phase Defence,Red,947041,5,A,3000,Japan,40399,Warner,Dearns,2,5346
1598,4601.5986427315665,4612.000010280304,Jason Damm (USA),Ruck,Green,947041,5,H,2950,USA,38021,Jason,Damm,2,5346
1599,4602.198819800522,4619.7999995197015,Kapeli Pifeleti (USA),Carry,Red,947041,2,H,2950,USA,33820,Kapeli,Pifeleti,2,5347
1600,4602.3677777777775,4607.3677777777775,Ben Gunter (Japan),Tackle,Green,947041,6,A,3000,Japan,26283,Ben,Gunter,2,5347
1601,4605.19556608719,4618.100059630409,Paddy Ryan (USA),Ruck,Green,947041,6,H,2950,USA,31271,Paddy,Ryan,2,5350
1602,4605.698980754133,4618.100059630409,Marno Redelinghuys (USA),Ruck,Red,947041,4,H,2950,USA,25254,Marno,Redelinghuys,2,5350
1603,4607.693996896,4615.218018891,Hayate Era (Japan),Tackle,Green,947041,2,A,3000,Japan,61955,Hayate,Era,2,5352
1604,4607.798842179346,4621.100054282389,Christian Poidevin (USA),Carry,Green,947041,7,H,2950,USA,32698,Christian,Poidevin,2,5352
1605,4609.39794190484,4622.200034763975,Vili Helu (USA),Ruck,Green,947041,20,H,2950,USA,46434,Vili,Helu,2,5354
1606,4609.940090702948,4621.1996607076635,Kanji Shimokawa (Japan),Tackle,Green,947041,7,A,3000,Japan,30962,Kanji,Shimokawa,2,5355
1607,4610.104716553288,4617.191025758,Amato Fakatava (Japan),Tackle,Gold,947041,8,A,3000,Japan,36500,Amato,Fakatava,2,5355
1608,4610.149320282,4615.149320282,Kippei Ishida (Japan),Phase Defence,Red,947041,14,A,3000,Japan,34036,Kippei,Ishida,2,5355
1609,4610.598812811884,4622.200034763975,Pono Davis (USA),Ruck,Red,947041,18,H,2950,USA,43978,Pono,Davis,2,5355
1610,4612.798118063003,4628.200041891105,Luke Carty (USA),Carry,Green,947041,22,H,2950,USA,28402,Luke,Carty,2,5357
1611,4613.298482945136,4633.700022072104,Erich Storti (USA),Ruck,Green,947041,15,H,2950,USA,55128,Erich,Storti,2,5358
1612,4614.098673669549,4628.100003484621,Dominic Besag (USA),Ruck,Green,947041,13,H,2950,USA,60169,Dominic,Besag,2,5359
1613,4616.091874093,4621.091874093,Dylan Riley (Japan),Tackle,Green,947041,13,A,3000,Japan,27652,Dylan,Riley,2,5401
1614,4619.4976925285955,4640.800087447247,Jason Damm (USA),Carry,Yellow,947041,5,H,2950,USA,38021,Jason,Damm,2,5404
1615,4620.198745590625,4634.200089726477,Payton Telea-Ilalio (USA),Ruck,Green,947041,17,H,2950,USA,53734,Payton,Telea-Ilalio,2,5404
1616,4620.698296965567,4634.200089726477,Pono Davis (USA),Ruck,Green,947041,18,H,2950,USA,43978,Pono,Davis,2,5406
1617,4621.729910579,4626.729910579,Charlie Lawrence (Japan),Tackle,Green,947041,12,A,3000,Japan,32522,Charlie,Lawrence,2,5407
1618,4626.028263053,4632.089960592,Hayate Era (Japan),Tackle,Green,947041,2,A,3000,Japan,61955,Hayate,Era,2,5411
1619,4627.089960592,4635.620121302,Waisake Raratubua (Japan),Tackle,Red,947041,4,A,3000,Japan,30796,Waisake,Raratubua,2,5413
1620,4630.617664399093,4635.617664399093,Shinobu Fujiwara (Japan),Tackle,Green,947041,21,A,3000,Japan,30969,Shinobu,Fujiwara,2,5415
1621,4632.857159585,4645.138506296,Kenta Kobayashi (Japan),Kick Chase,Green,947041,1,A,3000,Japan,34481,Kenta,Kobayashi,2,5415
1622,4632.857159585,4645.138506296,Hayate Era (Japan),Kick Chase,Green,947041,2,A,3000,Japan,61955,Hayate,Era,2,5415
1623,4632.857159585,4645.138506296,Shuhei Takeuchi (Japan),Kick Chase,Green,947041,3,A,3000,Japan,37874,Shuhei,Takeuchi,2,5415
1624,4632.857159585,4645.138506296,Waisake Raratubua (Japan),Kick Chase,Green,947041,4,A,3000,Japan,30796,Waisake,Raratubua,2,5415
1625,4632.857159585,4645.138506296,Warner Dearns (Japan),Kick Chase,Green,947041,5,A,3000,Japan,40399,Warner,Dearns,2,5415
1626,4632.857159585,4645.138506296,Ben Gunter (Japan),Kick Chase,Green,947041,6,A,3000,Japan,26283,Ben,Gunter,2,5415
1627,4632.857159585,4645.138506296,Kanji Shimokawa (Japan),Kick Chase,Green,947041,7,A,3000,Japan,30962,Kanji,Shimokawa,2,5415
1628,4632.857159585,4645.138506296,Amato Fakatava (Japan),Kick Chase,Green,947041,8,A,3000,Japan,36500,Amato,Fakatava,2,5415
1629,4632.857159585,4645.138506296,Dylan Riley (Japan),Kick Chase,Green,947041,13,A,3000,Japan,27652,Dylan,Riley,2,5415
1630,4632.857159585,4645.138506296,Kippei Ishida (Japan),Kick Chase,Green,947041,14,A,3000,Japan,34036,Kippei,Ishida,2,5415
1631,4632.857159585,4645.138506296,Sam Greene (Japan),Kick Chase,Green,947041,15,A,3000,Japan,22606,Sam,Greene,2,5415
1632,4632.857159585,4645.138506296,Shinobu Fujiwara (Japan),Kick Chase,Green,947041,21,A,3000,Japan,30969,Shinobu,Fujiwara,2,5415
1633,4634.504385534,4639.504385534,Dylan Riley (Japan),Tackle,Green,947041,13,A,3000,Japan,27652,Dylan,Riley,2,5417
1634,4634.79832787499,4647.697059504,Kapeli Pifeleti (USA),Kick Retreat,Green,947041,2,H,2950,USA,33820,Kapeli,Pifeleti,2,5417
1635,4634.79832787499,4647.697059504,Marno Redelinghuys (USA),Kick Retreat,Green,947041,4,H,2950,USA,25254,Marno,Redelinghuys,2,5417
1636,4634.79832787499,4647.697059504,Jason Damm (USA),Kick Retreat,Green,947041,5,H,2950,USA,38021,Jason,Damm,2,5417
1637,4634.79832787499,4647.697059504,Paddy Ryan (USA),Kick Retreat,Green,947041,6,H,2950,USA,31271,Paddy,Ryan,2,5417
1638,4634.79832787499,4647.697059504,Christian Poidevin (USA),Kick Retreat,Green,947041,7,H,2950,USA,32698,Christian,Poidevin,2,5417
1639,4634.79832787499,4647.697059504,Payton Telea-Ilalio (USA),Kick Retreat,Green,947041,17,H,2950,USA,53734,Payton,Telea-Ilalio,2,5417
1640,4634.79832787499,4647.697059504,Pono Davis (USA),Kick Retreat,Green,947041,18,H,2950,USA,43978,Pono,Davis,2,5417
1641,4634.79832787499,4647.697059504,Vili Helu (USA),Kick Retreat,Green,947041,20,H,2950,USA,46434,Vili,Helu,2,5417
1642,4636.592096416,4647.697059504,Ruben de Haas (USA),Kick Retreat,Green,947041,9,H,2950,USA,30203,Ruben,de Haas,2,5417
1643,4636.592096416,4647.697059504,Toby Fricker (USA),Kick Retreat,Green,947041,11,H,2950,USA,34095,Toby,Fricker,2,5417
1644,4636.592096416,4647.697059504,Tavite Lopeti (USA),Kick Retreat,Green,947041,12,H,2950,USA,39901,Tavite,Lopeti,2,5417
1645,4636.592096416,4647.697059504,Dominic Besag (USA),Kick Retreat,Green,947041,13,H,2950,USA,60169,Dominic,Besag,2,5417
1646,4636.592096416,4647.697059504,Erich Storti (USA),Kick Retreat,Green,947041,15,H,2950,USA,55128,Erich,Storti,2,5417
1647,4636.592096416,4647.697059504,Luke Carty (USA),Kick Retreat,Green,947041,22,H,2950,USA,28402,Luke,Carty,2,5417
1648,4636.592096416,4647.697059504,Mitch Wilson (USA),Kick Retreat,Green,947041,23,H,2950,USA,38056,Mitch,Wilson,2,5417
1649,4640.925043913,4654.443734117,Kenta Kobayashi (Japan),Kick Retreat,Green,947041,1,A,3000,Japan,34481,Kenta,Kobayashi,2,5417
1650,4640.925043913,4654.443734117,Hayate Era (Japan),Kick Retreat,Green,947041,2,A,3000,Japan,61955,Hayate,Era,2,5417
1651,4640.925043913,4654.443734117,Shuhei Takeuchi (Japan),Kick Retreat,Green,947041,3,A,3000,Japan,37874,Shuhei,Takeuchi,2,5417
1652,4640.925043913,4654.443734117,Waisake Raratubua (Japan),Kick Retreat,Yellow,947041,4,A,3000,Japan,30796,Waisake,Raratubua,2,5417
1653,4640.925043913,4654.443734117,Warner Dearns (Japan),Kick Retreat,Green,947041,5,A,3000,Japan,40399,Warner,Dearns,2,5417
1654,4640.925043913,4654.443734117,Ben Gunter (Japan),Kick Retreat,Green,947041,6,A,3000,Japan,26283,Ben,Gunter,2,5417
1655,4640.925043913,4654.443734117,Kanji Shimokawa (Japan),Kick Retreat,Green,947041,7,A,3000,Japan,30962,Kanji,Shimokawa,2,5417
1656,4640.925043913,4654.443734117,Amato Fakatava (Japan),Kick Retreat,Yellow,947041,8,A,3000,Japan,36500,Amato,Fakatava,2,5417
1657,4640.925043913,4654.443734117,Tomoki Osada (Japan),Kick Retreat,Green,947041,11,A,3000,Japan,31059,Tomoki,Osada,2,5417
1658,4640.925043913,4654.443734117,Charlie Lawrence (Japan),Kick Retreat,Yellow,947041,12,A,3000,Japan,32522,Charlie,Lawrence,2,5417
1659,4640.925043913,4654.443734117,Dylan Riley (Japan),Kick Retreat,Yellow,947041,13,A,3000,Japan,27652,Dylan,Riley,2,5417
1660,4640.925043913,4654.443734117,Kippei Ishida (Japan),Kick Retreat,Green,947041,14,A,3000,Japan,34036,Kippei,Ishida,2,5417
1661,4640.925043913,4654.443734117,Sam Greene (Japan),Kick Retreat,Green,947041,15,A,3000,Japan,22606,Sam,Greene,2,5417
1662,4640.925043913,4654.443734117,Shinobu Fujiwara (Japan),Kick Retreat,Green,947041,21,A,3000,Japan,30969,Shinobu,Fujiwara,2,5417
1663,4650.420105991,4659.067479255,Toby Fricker (USA),Kick Chase,Green,947041,11,H,2950,USA,34095,Toby,Fricker,2,5435
1664,4651.925346219,4659.067479255,Paddy Ryan (USA),Kick Chase,Green,947041,6,H,2950,USA,31271,Paddy,Ryan,2,5436
1665,4651.925346219,4659.067479255,Dominic Besag (USA),Kick Chase,Green,947041,13,H,2950,USA,60169,Dominic,Besag,2,5436
1666,4651.925346219,4659.067479255,Vili Helu (USA),Kick Chase,Green,947041,20,H,2950,USA,46434,Vili,Helu,2,5436
1667,4652.211903881,4659.067479255,Christian Poidevin (USA),Kick Chase,Green,947041,7,H,2950,USA,32698,Christian,Poidevin,2,5436
1668,4653.067141862,4664.691794533,Kapeli Pifeleti (USA),Kick Retreat,Yellow,947041,2,H,2950,USA,33820,Kapeli,Pifeleti,2,5437
1669,4653.067141862,4664.691794533,Marno Redelinghuys (USA),Kick Retreat,Yellow,947041,4,H,2950,USA,25254,Marno,Redelinghuys,2,5437
1670,4653.067141862,4664.691794533,Jason Damm (USA),Kick Retreat,Green,947041,5,H,2950,USA,38021,Jason,Damm,2,5437
1671,4653.067141862,4664.691794533,Paddy Ryan (USA),Kick Retreat,Green,947041,6,H,2950,USA,31271,Paddy,Ryan,2,5437
1672,4653.067141862,4664.691794533,Christian Poidevin (USA),Kick Retreat,Green,947041,7,H,2950,USA,32698,Christian,Poidevin,2,5437
1673,4653.067141862,4664.691794533,Ruben de Haas (USA),Kick Retreat,Yellow,947041,9,H,2950,USA,30203,Ruben,de Haas,2,5437
1674,4653.067141862,4664.691794533,Tavite Lopeti (USA),Kick Retreat,Green,947041,12,H,2950,USA,39901,Tavite,Lopeti,2,5437
1675,4653.067141862,4664.691794533,Dominic Besag (USA),Kick Retreat,Green,947041,13,H,2950,USA,60169,Dominic,Besag,2,5437
1676,4653.067141862,4664.691794533,Payton Telea-Ilalio (USA),Kick Retreat,Yellow,947041,17,H,2950,USA,53734,Payton,Telea-Ilalio,2,5437
1677,4653.067141862,4664.691794533,Pono Davis (USA),Kick Retreat,Yellow,947041,18,H,2950,USA,43978,Pono,Davis,2,5437
1678,4653.067141862,4664.691794533,Vili Helu (USA),Kick Retreat,Green,947041,20,H,2950,USA,46434,Vili,Helu,2,5437
1679,4653.067141862,4664.691794533,Mitch Wilson (USA),Kick Retreat,Green,947041,23,H,2950,USA,38056,Mitch,Wilson,2,5437
1680,4654.057771614,4659.408216552,Toby Fricker (USA),Charge Down,Green,947041,11,H,2950,USA,34095,Toby,Fricker,2,5437
1681,4656.058868428,4667.251243549,Kenta Kobayashi (Japan),Kick Chase,Green,947041,1,A,3000,Japan,34481,Kenta,Kobayashi,2,5441
1682,4656.058868428,4667.251243549,Hayate Era (Japan),Kick Chase,Green,947041,2,A,3000,Japan,61955,Hayate,Era,2,5441
1683,4656.058868428,4667.251243549,Shuhei Takeuchi (Japan),Kick Chase,Green,947041,3,A,3000,Japan,37874,Shuhei,Takeuchi,2,5441
1684,4656.058868428,4667.251243549,Waisake Raratubua (Japan),Kick Chase,Green,947041,4,A,3000,Japan,30796,Waisake,Raratubua,2,5441
1685,4656.058868428,4667.251243549,Warner Dearns (Japan),Kick Chase,Yellow,947041,5,A,3000,Japan,40399,Warner,Dearns,2,5441
1686,4656.058868428,4667.251243549,Ben Gunter (Japan),Kick Chase,Green,947041,6,A,3000,Japan,26283,Ben,Gunter,2,5441
1687,4656.058868428,4667.251243549,Kanji Shimokawa (Japan),Kick Chase,Green,947041,7,A,3000,Japan,30962,Kanji,Shimokawa,2,5441
1688,4656.058868428,4667.251243549,Amato Fakatava (Japan),Kick Chase,Green,947041,8,A,3000,Japan,36500,Amato,Fakatava,2,5441
1689,4656.058868428,4667.251243549,Tomoki Osada (Japan),Kick Chase,Green,947041,11,A,3000,Japan,31059,Tomoki,Osada,2,5441
1690,4656.058868428,4667.251243549,Charlie Lawrence (Japan),Kick Chase,Green,947041,12,A,3000,Japan,32522,Charlie,Lawrence,2,5441
1691,4656.058868428,4667.251243549,Dylan Riley (Japan),Kick Chase,Green,947041,13,A,3000,Japan,27652,Dylan,Riley,2,5441
1692,4656.058868428,4667.251243549,Kippei Ishida (Japan),Kick Chase,Green,947041,14,A,3000,Japan,34036,Kippei,Ishida,2,5441
1693,4656.058868428,4667.251243549,Shinobu Fujiwara (Japan),Kick Chase,Green,947041,21,A,3000,Japan,30969,Shinobu,Fujiwara,2,5441
1694,4662.314425837,4671.499846411567,Kenta Kobayashi (Japan),Kick Retreat,Green,947041,1,A,3000,Japan,34481,Kenta,Kobayashi,2,5443
1695,4662.314425837,4671.499846411567,Hayate Era (Japan),Kick Retreat,Green,947041,2,A,3000,Japan,61955,Hayate,Era,2,5443
1696,4662.314425837,4671.499846411567,Shuhei Takeuchi (Japan),Kick Retreat,Green,947041,3,A,3000,Japan,37874,Shuhei,Takeuchi,2,5443
1697,4662.314425837,4671.499846411567,Waisake Raratubua (Japan),Kick Retreat,Green,947041,4,A,3000,Japan,30796,Waisake,Raratubua,2,5443
1698,4662.314425837,4671.499846411567,Warner Dearns (Japan),Kick Retreat,Yellow,947041,5,A,3000,Japan,40399,Warner,Dearns,2,5443
1699,4662.314425837,4671.499846411567,Warner Dearns (Japan),Kick Retreat,Green,947041,5,A,3000,Japan,40399,Warner,Dearns,2,5443
1700,4662.314425837,4671.499846411567,Ben Gunter (Japan),Kick Retreat,Green,947041,6,A,3000,Japan,26283,Ben,Gunter,2,5443
1701,4662.314425837,4671.499846411567,Kanji Shimokawa (Japan),Kick Retreat,Green,947041,7,A,3000,Japan,30962,Kanji,Shimokawa,2,5443
1702,4662.314425837,4671.499846411567,Amato Fakatava (Japan),Kick Retreat,Green,947041,8,A,3000,Japan,36500,Amato,Fakatava,2,5443
1703,4662.314425837,4671.499846411567,Tomoki Osada (Japan),Kick Retreat,Green,947041,11,A,3000,Japan,31059,Tomoki,Osada,2,5443
1704,4662.314425837,4671.499846411567,Charlie Lawrence (Japan),Kick Retreat,Green,947041,12,A,3000,Japan,32522,Charlie,Lawrence,2,5443
1705,4662.314425837,4671.499846411567,Dylan Riley (Japan),Kick Retreat,Green,947041,13,A,3000,Japan,27652,Dylan,Riley,2,5443
1706,4662.314425837,4671.499846411567,Kippei Ishida (Japan),Kick Retreat,Green,947041,14,A,3000,Japan,34036,Kippei,Ishida,2,5443
1707,4662.314425837,4671.499846411567,Sam Greene (Japan),Kick Retreat,Green,947041,15,A,3000,Japan,22606,Sam,Greene,2,5443
1708,4662.314425837,4671.499846411567,Shinobu Fujiwara (Japan),Kick Retreat,Green,947041,21,A,3000,Japan,30969,Shinobu,Fujiwara,2,5443
1709,4663.844177526,4669.385853681,Tavite Lopeti (USA),Kick Chase,Green,947041,12,H,2950,USA,39901,Tavite,Lopeti,2,5443
1710,4811.711486977,4824.740998671,Hayate Era (Japan),Scrum Attack,Green,947041,2,A,3000,Japan,61955,Hayate,Era,2,5636
1711,4811.711486977,4824.740998671,Waisake Raratubua (Japan),Scrum Attack,Yellow,947041,4,A,3000,Japan,30796,Waisake,Raratubua,2,5636
1712,4811.711486977,4824.740998671,Warner Dearns (Japan),Scrum Attack,Green,947041,5,A,3000,Japan,40399,Warner,Dearns,2,5636
1713,4811.711486977,4824.740998671,Ben Gunter (Japan),Scrum Attack,Green,947041,6,A,3000,Japan,26283,Ben,Gunter,2,5636
1714,4811.711486977,4824.740998671,Kanji Shimokawa (Japan),Scrum Attack,Green,947041,7,A,3000,Japan,30962,Kanji,Shimokawa,2,5636
1715,4811.711486977,4824.740998671,Sena Kimura (Japan),Scrum Attack,Green,947041,17,A,3000,Japan,58073,Sena,Kimura,2,5636
1716,4811.711486977,4824.740998671,Keijiro Tamefusa (Japan),Scrum Attack,Green,947041,18,A,3000,Japan,61929,Keijiro,Tamefusa,2,5636
1717,4811.711486977,4824.740998671,Faulua Makisi (Japan),Scrum Attack,Green,947041,20,A,3000,Japan,23417,Faulua,Makisi,2,5636
1718,4812.241980922,4825.279520071,Marno Redelinghuys (USA),Scrum Defence,Green,947041,4,H,2950,USA,25254,Marno,Redelinghuys,2,5639
1719,4812.241980922,4825.279520071,Jason Damm (USA),Scrum Defence,Red,947041,5,H,2950,USA,38021,Jason,Damm,2,5639
1720,4812.241980922,4825.279520071,Paddy Ryan (USA),Scrum Defence,Green,947041,6,H,2950,USA,31271,Paddy,Ryan,2,5639
1721,4812.241980922,4825.279520071,Christian Poidevin (USA),Scrum Defence,Green,947041,7,H,2950,USA,32698,Christian,Poidevin,2,5639
1722,4812.241980922,4825.279520071,Shilo Klein (USA),Scrum Defence,Green,947041,16,H,2950,USA,34447,Shilo,Klein,2,5639
1723,4812.241980922,4825.279520071,Payton Telea-Ilalio (USA),Scrum Defence,Red,947041,17,H,2950,USA,53734,Payton,Telea-Ilalio,2,5639
1724,4812.241980922,4825.279520071,Pono Davis (USA),Scrum Defence,Red,947041,18,H,2950,USA,43978,Pono,Davis,2,5639
1725,4812.241980922,4825.279520071,Vili Helu (USA),Scrum Defence,Green,947041,20,H,2950,USA,46434,Vili,Helu,2,5639
1726,4813.498757225517,4828.799988709698,Luke Carty (USA),Tackle,Green,947041,22,H,2950,USA,28402,Luke,Carty,2,5639
1727,4814.298046400794,4828.799988709698,Christian Poidevin (USA),Tackle,Green,947041,7,H,2950,USA,32698,Christian,Poidevin,2,5641
1728,4814.397817244649,4828.299974086494,Christian Poidevin (USA),Jackler,Green,947041,7,H,2950,USA,32698,Christian,Poidevin,2,5641
1729,4818.183843766669,4827.000085641215,Christian Poidevin (USA),Charge Down,Green,947041,7,H,2950,USA,32698,Christian,Poidevin,2,5644
1730,4818.897264558063,4838.116759557,Luke Carty (USA),Kick Retreat,Green,947041,22,H,2950,USA,28402,Luke,Carty,2,5644
1731,4819.881018913,4838.962972013,Hayate Era (Japan),Kick Chase,Green,947041,2,A,3000,Japan,61955,Hayate,Era,2,5644
1732,4819.881018913,4838.962972013,Waisake Raratubua (Japan),Kick Chase,Green,947041,4,A,3000,Japan,30796,Waisake,Raratubua,2,5644
1733,4819.881018913,4838.962972013,Warner Dearns (Japan),Kick Chase,Green,947041,5,A,3000,Japan,40399,Warner,Dearns,2,5644
1734,4819.881018913,4838.962972013,Ben Gunter (Japan),Kick Chase,Green,947041,6,A,3000,Japan,26283,Ben,Gunter,2,5644
1735,4819.881018913,4838.962972013,Kanji Shimokawa (Japan),Kick Chase,Green,947041,7,A,3000,Japan,30962,Kanji,Shimokawa,2,5644
1736,4819.881018913,4838.962972013,Tomoki Osada (Japan),Kick Chase,Green,947041,11,A,3000,Japan,31059,Tomoki,Osada,2,5644
1737,4819.881018913,4838.962972013,Dylan Riley (Japan),Kick Chase,Green,947041,13,A,3000,Japan,27652,Dylan,Riley,2,5644
1738,4819.881018913,4838.962972013,Kippei Ishida (Japan),Kick Chase,Green,947041,14,A,3000,Japan,34036,Kippei,Ishida,2,5644
1739,4819.881018913,4838.962972013,Sena Kimura (Japan),Kick Chase,Green,947041,17,A,3000,Japan,58073,Sena,Kimura,2,5644
1740,4819.881018913,4838.962972013,Keijiro Tamefusa (Japan),Kick Chase,Green,947041,18,A,3000,Japan,61929,Keijiro,Tamefusa,2,5644
1741,4819.881018913,4838.962972013,Faulua Makisi (Japan),Kick Chase,Green,947041,20,A,3000,Japan,23417,Faulua,Makisi,2,5644
1742,4819.881018913,4838.962972013,Shinobu Fujiwara (Japan),Kick Chase,Green,947041,21,A,3000,Japan,30969,Shinobu,Fujiwara,2,5644
1743,4819.881018913,4838.962972013,Yuya Hirose (Japan),Kick Chase,Green,947041,22,A,3000,Japan,61922,Yuya,Hirose,2,5644
1744,4820.018619469,4825.018619469,Kanji Shimokawa (Japan),Ruck,Green,947041,7,A,3000,Japan,30962,Kanji,Shimokawa,2,5644
1745,4820.018619469,4825.018619469,Faulua Makisi (Japan),Carry,Green,947041,20,A,3000,Japan,23417,Faulua,Makisi,2,5644
1746,4820.018619469,4825.018619469,Yuya Hirose (Japan),Ruck,Green,947041,22,A,3000,Japan,61922,Yuya,Hirose,2,5644
1747,4820.15843537415,4838.116759557,Marno Redelinghuys (USA),Kick Retreat,Green,947041,4,H,2950,USA,25254,Marno,Redelinghuys,2,5644
1748,4820.15843537415,4838.116759557,Jason Damm (USA),Kick Retreat,Green,947041,5,H,2950,USA,38021,Jason,Damm,2,5644
1749,4820.15843537415,4838.116759557,Paddy Ryan (USA),Kick Retreat,Green,947041,6,H,2950,USA,31271,Paddy,Ryan,2,5644
1750,4820.15843537415,4838.116759557,Christian Poidevin (USA),Kick Retreat,Green,947041,7,H,2950,USA,32698,Christian,Poidevin,2,5644
1751,4820.15843537415,4838.116759557,Ruben de Haas (USA),Kick Retreat,Green,947041,9,H,2950,USA,30203,Ruben,de Haas,2,5644
1752,4820.15843537415,4838.116759557,Tavite Lopeti (USA),Kick Retreat,Green,947041,12,H,2950,USA,39901,Tavite,Lopeti,2,5644
1753,4820.15843537415,4838.116759557,Dominic Besag (USA),Kick Retreat,Green,947041,13,H,2950,USA,60169,Dominic,Besag,2,5644
1754,4820.15843537415,4838.116759557,Shilo Klein (USA),Kick Retreat,Green,947041,16,H,2950,USA,34447,Shilo,Klein,2,5644
1755,4820.15843537415,4838.116759557,Payton Telea-Ilalio (USA),Kick Retreat,Green,947041,17,H,2950,USA,53734,Payton,Telea-Ilalio,2,5644
1756,4820.15843537415,4838.116759557,Pono Davis (USA),Kick Retreat,Green,947041,18,H,2950,USA,43978,Pono,Davis,2,5644
1757,4820.15843537415,4838.116759557,Vili Helu (USA),Kick Retreat,Green,947041,20,H,2950,USA,46434,Vili,Helu,2,5644
1758,4821.736255795,4838.116759557,Toby Fricker (USA),Kick Retreat,Green,947041,11,H,2950,USA,34095,Toby,Fricker,2,5645
1759,4822.653323694,4838.116759557,Mitch Wilson (USA),Kick Retreat,Green,947041,23,H,2950,USA,38056,Mitch,Wilson,2,5645
1760,4826.098264213553,4848.200028101413,Erich Storti (USA),Carry,Green,947041,15,H,2950,USA,55128,Erich,Storti,2,5652
1761,4826.298156441153,4845.800069786557,Vili Helu (USA),Ruck,Green,947041,20,H,2950,USA,46434,Vili,Helu,2,5652
1762,4827.457891156462,4836.999345339001,Hayate Era (Japan),Tackle,Green,947041,2,A,3000,Japan,61955,Hayate,Era,2,5653
1763,4827.9974538791585,4849.999984820389,Mitch Wilson (USA),Ruck,Green,947041,23,H,2950,USA,38056,Mitch,Wilson,2,5654
1764,4828.69619047619,4833.69619047619,Ben Gunter (Japan),Tackle,Green,947041,6,A,3000,Japan,26283,Ben,Gunter,2,5654
1765,4828.69619047619,4833.69619047619,Tomoki Osada (Japan),Tackle,Green,947041,11,A,3000,Japan,31059,Tomoki,Osada,2,5654
1766,4830.798820504117,4849.999984820389,Pono Davis (USA),Ruck,Green,947041,18,H,2950,USA,43978,Pono,Davis,2,5654
1767,4832.818061774,4837.818061774,Ben Gunter (Japan),Jackler,Green,947041,6,A,3000,Japan,26283,Ben,Gunter,2,5659
1768,4836.798579137316,4855.199992391589,Shilo Klein (USA),Ruck,Green,947041,16,H,2950,USA,34447,Shilo,Klein,2,5702
1769,4836.898320770446,4857.700097499389,Payton Telea-Ilalio (USA),Carry,Green,947041,17,H,2950,USA,53734,Payton,Telea-Ilalio,2,5702
1770,4837.398490006677,4855.199992391589,Jason Damm (USA),Ruck,Green,947041,5,H,2950,USA,38021,Jason,Damm,2,5703
1771,4837.484311869,4842.484311869,Hayate Era (Japan),Jackler,Green,947041,2,A,3000,Japan,61955,Hayate,Era,2,5703
1772,4840.470665344,4845.470665344,Keijiro Tamefusa (Japan),Tackle,Green,947041,18,A,3000,Japan,61929,Keijiro,Tamefusa,2,5705
1773,4841.1963268495065,4855.199992391589,Pono Davis (USA),Ruck,Green,947041,18,H,2950,USA,43978,Pono,Davis,2,5705
1774,4844.374521663,4849.374521663,Kanji Shimokawa (Japan),Tackle,Green,947041,7,A,3000,Japan,30962,Kanji,Shimokawa,2,5714
1775,4844.794768589,4852.499881756394,Ben Gunter (Japan),Charge Down,Green,947041,6,A,3000,Japan,26283,Ben,Gunter,2,5714
1776,4844.90748527,4855.99535701,Marno Redelinghuys (USA),Kick Chase,Green,947041,4,H,2950,USA,25254,Marno,Redelinghuys,2,5714
1777,4844.90748527,4855.99535701,Jason Damm (USA),Kick Chase,Green,947041,5,H,2950,USA,38021,Jason,Damm,2,5714
1778,4844.90748527,4855.99535701,Paddy Ryan (USA),Kick Chase,Green,947041,6,H,2950,USA,31271,Paddy,Ryan,2,5714
1779,4844.90748527,4855.99535701,Christian Poidevin (USA),Kick Chase,Green,947041,7,H,2950,USA,32698,Christian,Poidevin,2,5714
1780,4844.90748527,4855.99535701,Ruben de Haas (USA),Kick Chase,Green,947041,9,H,2950,USA,30203,Ruben,de Haas,2,5714
1781,4844.90748527,4855.99535701,Tavite Lopeti (USA),Kick Chase,Green,947041,12,H,2950,USA,39901,Tavite,Lopeti,2,5714
1782,4844.90748527,4855.99535701,Dominic Besag (USA),Kick Chase,Green,947041,13,H,2950,USA,60169,Dominic,Besag,2,5714
1783,4844.90748527,4855.99535701,Shilo Klein (USA),Kick Chase,Green,947041,16,H,2950,USA,34447,Shilo,Klein,2,5714
1784,4844.90748527,4855.99535701,Payton Telea-Ilalio (USA),Kick Chase,Green,947041,17,H,2950,USA,53734,Payton,Telea-Ilalio,2,5714
1785,4844.90748527,4855.99535701,Pono Davis (USA),Kick Chase,Green,947041,18,H,2950,USA,43978,Pono,Davis,2,5714
1786,4844.90748527,4855.99535701,Vili Helu (USA),Kick Chase,Green,947041,20,H,2950,USA,46434,Vili,Helu,2,5714
1787,4844.90748527,4855.99535701,Mitch Wilson (USA),Kick Chase,Green,947041,23,H,2950,USA,38056,Mitch,Wilson,2,5714
1788,4845.315004925,4856.350254631,Hayate Era (Japan),Kick Retreat,Green,947041,2,A,3000,Japan,61955,Hayate,Era,2,5714
1789,4845.315004925,4856.350254631,Waisake Raratubua (Japan),Kick Retreat,Green,947041,4,A,3000,Japan,30796,Waisake,Raratubua,2,5714
1790,4845.315004925,4856.350254631,Warner Dearns (Japan),Kick Retreat,Green,947041,5,A,3000,Japan,40399,Warner,Dearns,2,5714
1791,4845.315004925,4856.350254631,Ben Gunter (Japan),Kick Retreat,Green,947041,6,A,3000,Japan,26283,Ben,Gunter,2,5714
1792,4845.315004925,4856.350254631,Kanji Shimokawa (Japan),Kick Retreat,Green,947041,7,A,3000,Japan,30962,Kanji,Shimokawa,2,5714
1793,4845.315004925,4856.350254631,Tomoki Osada (Japan),Kick Retreat,Green,947041,11,A,3000,Japan,31059,Tomoki,Osada,2,5714
1794,4845.315004925,4856.350254631,Dylan Riley (Japan),Kick Retreat,Green,947041,13,A,3000,Japan,27652,Dylan,Riley,2,5714
1795,4845.315004925,4856.350254631,Kippei Ishida (Japan),Kick Retreat,Green,947041,14,A,3000,Japan,34036,Kippei,Ishida,2,5714
1796,4845.315004925,4856.350254631,Sena Kimura (Japan),Kick Retreat,Green,947041,17,A,3000,Japan,58073,Sena,Kimura,2,5714
1797,4845.315004925,4856.350254631,Keijiro Tamefusa (Japan),Kick Retreat,Green,947041,18,A,3000,Japan,61929,Keijiro,Tamefusa,2,5714
1798,4845.315004925,4856.350254631,Faulua Makisi (Japan),Kick Retreat,Green,947041,20,A,3000,Japan,23417,Faulua,Makisi,2,5714
1799,4845.315004925,4856.350254631,Shinobu Fujiwara (Japan),Kick Retreat,Green,947041,21,A,3000,Japan,30969,Shinobu,Fujiwara,2,5714
1800,4845.315004925,4856.350254631,Yuya Hirose (Japan),Kick Retreat,Green,947041,22,A,3000,Japan,61922,Yuya,Hirose,2,5714
1801,4850.417438864,4855.99535701,Erich Storti (USA),Kick Chase,Green,947041,15,H,2950,USA,55128,Erich,Storti,2,5716
1802,4853.198352264352,4874.300095882048,Mitch Wilson (USA),Tackle,Red,947041,23,H,2950,USA,38056,Mitch,Wilson,2,5719
1803,4860.39394520218,4878.600111543854,Paddy Ryan (USA),Carry,Green,947041,6,H,2950,USA,31271,Paddy,Ryan,2,5726
1804,4861.696273511026,4874.4000723696845,Vili Helu (USA),Ruck,Green,947041,20,H,2950,USA,46434,Vili,Helu,2,5728
1805,4861.792426303855,4877.398681342332,Kippei Ishida (Japan),Turnover Defence,Gold,947041,14,A,3000,Japan,34036,Kippei,Ishida,2,5728
1806,4862.198342637275,4874.4000723696845,Erich Storti (USA),Ruck,Green,947041,15,H,2950,USA,55128,Erich,Storti,2,5728
1807,4862.737324263038,4867.737324263038,Dylan Riley (Japan),Turnover Defence,Red,947041,13,A,3000,Japan,27652,Dylan,Riley,2,5729
1808,4862.737324263038,4867.737324263038,Yuya Hirose (Japan),Turnover Defence,Red,947041,22,A,3000,Japan,61922,Yuya,Hirose,2,5729
1809,4862.887210884353,4874.995896639,Dylan Riley (Japan),Turnover Defence,Gold,947041,13,A,3000,Japan,27652,Dylan,Riley,2,5729
1810,4870.095467053232,4885.799997937058,Dominic Besag (USA),Ruck,Green,947041,13,H,2950,USA,60169,Dominic,Besag,2,5736
1811,4870.798518553023,4885.799997937058,Christian Poidevin (USA),Ruck,Green,947041,7,H,2950,USA,32698,Christian,Poidevin,2,5736
1812,4872.002928997,4877.002928997,Kippei Ishida (Japan),Jackler,Green,947041,14,A,3000,Japan,34036,Kippei,Ishida,2,5738
1813,4872.980385487528,4877.980385487528,Dylan Riley (Japan),Tackle,Green,947041,13,A,3000,Japan,27652,Dylan,Riley,2,5739
1814,5091.881260989,5114.568695585,Marno Redelinghuys (USA),Scrum Defence,Green,947041,4,H,2950,USA,25254,Marno,Redelinghuys,2,5925
1815,5091.881260989,5114.568695585,Jason Damm (USA),Scrum Defence,Green,947041,5,H,2950,USA,38021,Jason,Damm,2,5925
1816,5091.881260989,5114.568695585,Paddy Ryan (USA),Scrum Defence,Green,947041,6,H,2950,USA,31271,Paddy,Ryan,2,5925
1817,5091.881260989,5114.568695585,Christian Poidevin (USA),Scrum Defence,Green,947041,7,H,2950,USA,32698,Christian,Poidevin,2,5925
1818,5091.881260989,5114.568695585,Shilo Klein (USA),Scrum Defence,Green,947041,16,H,2950,USA,34447,Shilo,Klein,2,5925
1819,5091.881260989,5114.568695585,Payton Telea-Ilalio (USA),Scrum Defence,Red,947041,17,H,2950,USA,53734,Payton,Telea-Ilalio,2,5925
1820,5091.881260989,5114.568695585,Pono Davis (USA),Scrum Defence,Red,947041,18,H,2950,USA,43978,Pono,Davis,2,5925
1821,5091.881260989,5114.568695585,Vili Helu (USA),Scrum Defence,Green,947041,20,H,2950,USA,46434,Vili,Helu,2,5925
1822,5096.730158730159,5116.496108111999,Christian Poidevin (USA),Linebreak Defence,Gold,947041,7,H,2950,USA,32698,Christian,Poidevin,2,5931
1823,5097.070818552,5109.363121363,Hayate Era (Japan),Scrum Attack,Green,947041,2,A,3000,Japan,61955,Hayate,Era,2,5933
1824,5097.070818552,5109.363121363,Waisake Raratubua (Japan),Scrum Attack,Green,947041,4,A,3000,Japan,30796,Waisake,Raratubua,2,5933
1825,5097.070818552,5109.363121363,Warner Dearns (Japan),Scrum Attack,Green,947041,5,A,3000,Japan,40399,Warner,Dearns,2,5933
1826,5097.070818552,5109.363121363,Ben Gunter (Japan),Scrum Attack,Green,947041,6,A,3000,Japan,26283,Ben,Gunter,2,5933
1827,5097.070818552,5109.363121363,Sena Kimura (Japan),Scrum Attack,Green,947041,17,A,3000,Japan,58073,Sena,Kimura,2,5933
1828,5097.070818552,5109.363121363,Keijiro Tamefusa (Japan),Scrum Attack,Green,947041,18,A,3000,Japan,61929,Keijiro,Tamefusa,2,5933
1829,5097.070818552,5109.363121363,Faulua Makisi (Japan),Scrum Attack,Green,947041,20,A,3000,Japan,23417,Faulua,Makisi,2,5933
1830,5099.396942098808,5114.699974721242,Dominic Besag (USA),Tackle,Gold,947041,13,H,2950,USA,60169,Dominic,Besag,2,5935
1831,5102.173345699713,5116.516962482645,Kanji Shimokawa (Japan),Scrum Attack,Green,947041,7,A,3000,Japan,30962,Kanji,Shimokawa,2,5937
1832,5109.381881678,5115.500002248543,Marno Redelinghuys (USA),Linebreak Defence,Red,947041,4,H,2950,USA,25254,Marno,Redelinghuys,2,5945
1833,5109.381881678,5115.500002248543,Jason Damm (USA),Linebreak Defence,Red,947041,5,H,2950,USA,38021,Jason,Damm,2,5945
1834,5109.381881678,5115.500002248543,Shilo Klein (USA),Linebreak Defence,Red,947041,16,H,2950,USA,34447,Shilo,Klein,2,5945
1835,5109.381881678,5115.500002248543,Payton Telea-Ilalio (USA),Linebreak Defence,Red,947041,17,H,2950,USA,53734,Payton,Telea-Ilalio,2,5945
1836,5109.381881678,5115.500002248543,Pono Davis (USA),Linebreak Defence,Red,947041,18,H,2950,USA,43978,Pono,Davis,2,5945
1837,5148.374529507,5161.621884335,Waisake Raratubua (Japan),Lineout Attack,Green,947041,4,A,3000,Japan,30796,Waisake,Raratubua,2,6027
1838,5148.374529507,5161.621884335,Warner Dearns (Japan),Lineout Attack,Red,947041,5,A,3000,Japan,40399,Warner,Dearns,2,6027
1839,5148.374529507,5161.621884335,Kanji Shimokawa (Japan),Lineout Attack,Green,947041,7,A,3000,Japan,30962,Kanji,Shimokawa,2,6027
1840,5148.374529507,5161.621884335,Sena Kimura (Japan),Lineout Attack,Green,947041,17,A,3000,Japan,58073,Sena,Kimura,2,6027
1841,5148.374529507,5161.621884335,Keijiro Tamefusa (Japan),Lineout Attack,Green,947041,18,A,3000,Japan,61929,Keijiro,Tamefusa,2,6027
1842,5148.79611358,5159.901358857,Shilo Klein (USA),Lineout Defence,Green,947041,16,H,2950,USA,34447,Shilo,Klein,2,6027
1843,5148.79611358,5159.901358857,Payton Telea-Ilalio (USA),Lineout Defence,Green,947041,17,H,2950,USA,53734,Payton,Telea-Ilalio,2,6027
1844,5148.79611358,5159.901358857,Pono Davis (USA),Lineout Defence,Green,947041,18,H,2950,USA,43978,Pono,Davis,2,6027
1845,5148.79611358,5159.901358857,Vili Helu (USA),Lineout Defence,Green,947041,20,H,2950,USA,46434,Vili,Helu,2,6027
1846,5149.24383808,5159.901358857,Marno Redelinghuys (USA),Lineout Defence,Green,947041,4,H,2950,USA,25254,Marno,Redelinghuys,2,6027
1847,5149.24383808,5159.901358857,Jason Damm (USA),Lineout Defence,Green,947041,5,H,2950,USA,38021,Jason,Damm,2,6027
1848,5151.898176228292,5177.300016448994,Pono Davis (USA),Tackle,Yellow,947041,18,H,2950,USA,43978,Pono,Davis,2,6027
1849,5155.700158730158,5161.798750875666,Keijiro Tamefusa (Japan),Carry,Green,947041,18,A,3000,Japan,61929,Keijiro,Tamefusa,2,6031
1850,5158.498631790308,5176.000021163978,Payton Telea-Ilalio (USA),Tackle,Red,947041,17,H,2950,USA,53734,Payton,Telea-Ilalio,2,6034
1851,5159.198669624376,5176.000021163978,Vili Helu (USA),Tackle,Green,947041,20,H,2950,USA,46434,Vili,Helu,2,6035
1852,5159.895260770975,5164.895260770975,Hayate Era (Japan),Ruck,Green,947041,2,A,3000,Japan,61955,Hayate,Era,2,6036
1853,5160.481843012667,5168.24718066,Sena Kimura (Japan),Ruck,Green,947041,17,A,3000,Japan,58073,Sena,Kimura,2,6036
1854,5161.48152705,5166.48152705,Waisake Raratubua (Japan),Ruck,Red,947041,4,A,3000,Japan,30796,Waisake,Raratubua,2,6037
1855,5163.24718066,5168.24718066,Faulua Makisi (Japan),Ruck,Green,947041,20,A,3000,Japan,23417,Faulua,Makisi,2,6040
1856,5163.963894414,5168.963894414,Kanji Shimokawa (Japan),Ruck,Green,947041,7,A,3000,Japan,30962,Kanji,Shimokawa,2,6040
1857,5167.08729104,5172.08729104,Vili Helu (USA),Charge Down,Gold,947041,20,H,2950,USA,46434,Vili,Helu,2,6045
1858,5167.08729104,5177.726907989,Marno Redelinghuys (USA),Kick Retreat,Green,947041,4,H,2950,USA,25254,Marno,Redelinghuys,2,6045
1859,5167.08729104,5177.726907989,Jason Damm (USA),Kick Retreat,Green,947041,5,H,2950,USA,38021,Jason,Damm,2,6045
1860,5167.08729104,5177.726907989,Paddy Ryan (USA),Kick Retreat,Green,947041,6,H,2950,USA,31271,Paddy,Ryan,2,6045
1861,5167.08729104,5177.726907989,Christian Poidevin (USA),Kick Retreat,Green,947041,7,H,2950,USA,32698,Christian,Poidevin,2,6045
1862,5167.08729104,5177.726907989,Ruben de Haas (USA),Kick Retreat,Green,947041,9,H,2950,USA,30203,Ruben,de Haas,2,6045
1863,5167.08729104,5177.726907989,Toby Fricker (USA),Kick Retreat,Green,947041,11,H,2950,USA,34095,Toby,Fricker,2,6045
1864,5167.08729104,5177.726907989,Tavite Lopeti (USA),Kick Retreat,Green,947041,12,H,2950,USA,39901,Tavite,Lopeti,2,6045
1865,5167.08729104,5177.726907989,Dominic Besag (USA),Kick Retreat,Green,947041,13,H,2950,USA,60169,Dominic,Besag,2,6045
1866,5167.08729104,5177.726907989,Shilo Klein (USA),Kick Retreat,Green,947041,16,H,2950,USA,34447,Shilo,Klein,2,6045
1867,5167.08729104,5177.726907989,Payton Telea-Ilalio (USA),Kick Retreat,Green,947041,17,H,2950,USA,53734,Payton,Telea-Ilalio,2,6045
1868,5167.08729104,5177.726907989,Pono Davis (USA),Kick Retreat,Green,947041,18,H,2950,USA,43978,Pono,Davis,2,6045
1869,5167.08729104,5177.726907989,Vili Helu (USA),Kick Retreat,Green,947041,20,H,2950,USA,46434,Vili,Helu,2,6045
1870,5167.08729104,5177.726907989,Luke Carty (USA),Kick Retreat,Green,947041,22,H,2950,USA,28402,Luke,Carty,2,6045
1871,5170.697591914017,5180.900315238517,Pono Davis (USA),Carry,Green,947041,18,H,2950,USA,43978,Pono,Davis,2,6046
1872,5171.134544691,5182.867456061,Hayate Era (Japan),Kick Chase,Green,947041,2,A,3000,Japan,61955,Hayate,Era,2,6046
1873,5171.134544691,5182.867456061,Warner Dearns (Japan),Kick Chase,Yellow,947041,5,A,3000,Japan,40399,Warner,Dearns,2,6046
1874,5171.134544691,5182.867456061,Ben Gunter (Japan),Kick Chase,Green,947041,6,A,3000,Japan,26283,Ben,Gunter,2,6046
1875,5171.134544691,5182.867456061,Kanji Shimokawa (Japan),Kick Chase,Green,947041,7,A,3000,Japan,30962,Kanji,Shimokawa,2,6046
1876,5171.134544691,5182.867456061,Tomoki Osada (Japan),Kick Chase,Green,947041,11,A,3000,Japan,31059,Tomoki,Osada,2,6046
1877,5171.134544691,5182.867456061,Dylan Riley (Japan),Kick Chase,Green,947041,13,A,3000,Japan,27652,Dylan,Riley,2,6046
1878,5171.134544691,5182.867456061,Kippei Ishida (Japan),Kick Chase,Green,947041,14,A,3000,Japan,34036,Kippei,Ishida,2,6046
1879,5171.134544691,5182.867456061,Sam Greene (Japan),Kick Chase,Green,947041,15,A,3000,Japan,22606,Sam,Greene,2,6046
1880,5171.134544691,5182.867456061,Sena Kimura (Japan),Kick Chase,Green,947041,17,A,3000,Japan,58073,Sena,Kimura,2,6046
1881,5171.134544691,5182.867456061,Keijiro Tamefusa (Japan),Kick Chase,Green,947041,18,A,3000,Japan,61929,Keijiro,Tamefusa,2,6046
1882,5171.134544691,5182.867456061,Faulua Makisi (Japan),Kick Chase,Green,947041,20,A,3000,Japan,23417,Faulua,Makisi,2,6046
1883,5171.134544691,5182.867456061,Shinobu Fujiwara (Japan),Kick Chase,Green,947041,21,A,3000,Japan,30969,Shinobu,Fujiwara,2,6046
1884,5171.134544691,5182.867456061,Yuya Hirose (Japan),Kick Chase,Green,947041,22,A,3000,Japan,61922,Yuya,Hirose,2,6046
1885,5171.2049452,5176.931483848,Ben Gunter (Japan),Carry,Green,947041,6,A,3000,Japan,26283,Ben,Gunter,2,6046
1886,5172.4927253284,5183.90066308716,Waisake Raratubua (Japan),Kick Chase,Gold,947041,4,A,3000,Japan,30796,Waisake,Raratubua,2,6049
1887,5175.39884985539,5187.300396791553,Jason Damm (USA),Tackle,Green,947041,5,H,2950,USA,38021,Jason,Damm,2,6051
1888,5178.397546750914,5195.300069183109,Marno Redelinghuys (USA),Tackle,Red,947041,4,H,2950,USA,25254,Marno,Redelinghuys,2,6054
1889,5178.42866213152,5183.42866213152,Keijiro Tamefusa (Japan),Carry,Green,947041,18,A,3000,Japan,61929,Keijiro,Tamefusa,2,6054
1890,5179.398963917974,5195.300069183109,Shilo Klein (USA),Tackle,Green,947041,16,H,2950,USA,34447,Shilo,Klein,2,6054
1891,5182.498141581338,5190.800022999524,Pono Davis (USA),Linebreak Defence,Red,947041,18,H,2950,USA,43978,Pono,Davis,2,6059
1892,5182.998538165676,5190.800022999524,Payton Telea-Ilalio (USA),Linebreak Defence,Red,947041,17,H,2950,USA,53734,Payton,Telea-Ilalio,2,6059
1893,5185.00736766,5190.00736766,Kanji Shimokawa (Japan),Ruck,Green,947041,7,A,3000,Japan,30962,Kanji,Shimokawa,2,6100
1894,5185.598484088345,5198.800060814779,Pono Davis (USA),Tackle,Red,947041,18,H,2950,USA,43978,Pono,Davis,2,6102
1895,5186.098746421326,5198.800060814779,Payton Telea-Ilalio (USA),Tackle,Red,947041,17,H,2950,USA,53734,Payton,Telea-Ilalio,2,6102
1896,5186.805699095,5191.805699095,Waisake Raratubua (Japan),Ruck,Red,947041,4,A,3000,Japan,30796,Waisake,Raratubua,2,6103
1897,5187.241070368,5192.241070368,Tomoki Osada (Japan),Carry,Green,947041,11,A,3000,Japan,31059,Tomoki,Osada,2,6103
1898,5187.306343131,5194.100076499986,Tavite Lopeti (USA),Phase Defence,Red,947041,12,H,2950,USA,39901,Tavite,Lopeti,2,6103
1899,5187.306343131,5194.100076499986,Dominic Besag (USA),Phase Defence,Red,947041,13,H,2950,USA,60169,Dominic,Besag,2,6103
1900,5187.306343131,5194.100076499986,Vili Helu (USA),Phase Defence,Red,947041,20,H,2950,USA,46434,Vili,Helu,2,6103
1901,5189.06506222,5195.097676373,Sena Kimura (Japan),Ruck,Green,947041,17,A,3000,Japan,58073,Sena,Kimura,2,6104
1902,5190.097676373,5195.097676373,Faulua Makisi (Japan),Ruck,Green,947041,20,A,3000,Japan,23417,Faulua,Makisi,2,6106
1903,5191.194635462024,5201.4001156618315,Vili Helu (USA),Tackle,Green,947041,20,H,2950,USA,46434,Vili,Helu,2,6108
1904,5192.165827664399,5197.165827664399,Ben Gunter (Japan),Carry,Red,947041,6,A,3000,Japan,26283,Ben,Gunter,2,6108
1905,5192.498888642724,5207.3000738073715,Dominic Besag (USA),Tackle,Green,947041,13,H,2950,USA,60169,Dominic,Besag,2,6108
1906,5192.698498869843,5207.3000738073715,Toby Fricker (USA),Tackle,Green,947041,11,H,2950,USA,34095,Toby,Fricker,2,6109
1907,5193.498147714987,5208.799991704137,Dominic Besag (USA),Jackler,Red,947041,13,H,2950,USA,60169,Dominic,Besag,2,6109
1908,5198.938276643991,5203.938276643991,Hayate Era (Japan),Ruck,Green,947041,2,A,3000,Japan,61955,Hayate,Era,2,6115
1909,5198.947753824,5203.947753824,Kippei Ishida (Japan),Ruck,Green,947041,14,A,3000,Japan,34036,Kippei,Ishida,2,6115
1910,5201.027249856,5206.027249856,Sam Greene (Japan),Ruck,Green,947041,15,A,3000,Japan,22606,Sam,Greene,2,6117
1911,5321.833886435,5336.017179735,Waisake Raratubua (Japan),Lineout Defence,Green,947041,4,A,3000,Japan,30796,Waisake,Raratubua,2,6319
1912,5321.833886435,5336.017179735,Warner Dearns (Japan),Lineout Defence,Green,947041,5,A,3000,Japan,40399,Warner,Dearns,2,6319
1913,5321.833886435,5336.017179735,Kanji Shimokawa (Japan),Lineout Defence,Green,947041,7,A,3000,Japan,30962,Kanji,Shimokawa,2,6319
1914,5321.833886435,5336.017179735,Sena Kimura (Japan),Lineout Defence,Green,947041,17,A,3000,Japan,58073,Sena,Kimura,2,6319
1915,5321.833886435,5336.017179735,Keijiro Tamefusa (Japan),Lineout Defence,Green,947041,18,A,3000,Japan,61929,Keijiro,Tamefusa,2,6319
1916,5324.218423924,5338.169462993,Marno Redelinghuys (USA),Lineout Attack,Green,947041,4,H,2950,USA,25254,Marno,Redelinghuys,2,6319
1917,5324.218423924,5338.169462993,Jason Damm (USA),Lineout Attack,Green,947041,5,H,2950,USA,38021,Jason,Damm,2,6319
1918,5324.218423924,5338.169462993,Shilo Klein (USA),Lineout Attack,Green,947041,16,H,2950,USA,34447,Shilo,Klein,2,6319
1919,5324.218423924,5338.169462993,Payton Telea-Ilalio (USA),Lineout Attack,Green,947041,17,H,2950,USA,53734,Payton,Telea-Ilalio,2,6319
1920,5324.218423924,5338.169462993,Pono Davis (USA),Lineout Attack,Green,947041,18,H,2950,USA,43978,Pono,Davis,2,6319
1921,5324.218423924,5338.169462993,Vili Helu (USA),Lineout Attack,Green,947041,20,H,2950,USA,46434,Vili,Helu,2,6319
1922,5326.798253577217,5342.399955061342,Payton Telea-Ilalio (USA),Carry,Green,947041,17,H,2950,USA,53734,Payton,Telea-Ilalio,2,6323
1923,5328.098109677539,5339.400009734303,Vili Helu (USA),Ruck,Green,947041,20,H,2950,USA,46434,Vili,Helu,2,6324
1924,5328.5984057566,5339.400009734303,Jason Damm (USA),Ruck,Green,947041,5,H,2950,USA,38021,Jason,Damm,2,6324
1925,5330.244421768707,5335.244421768707,Sena Kimura (Japan),Tackle,Green,947041,17,A,3000,Japan,58073,Sena,Kimura,2,6326
1926,5330.498517689777,5339.400009734303,Shilo Klein (USA),Ruck,Green,947041,16,H,2950,USA,34447,Shilo,Klein,2,6327
1927,5332.298610296751,5349.900136673502,Pono Davis (USA),Carry,Green,947041,18,H,2950,USA,43978,Pono,Davis,2,6328
1928,5335.7988413216435,5348.099979622703,Marno Redelinghuys (USA),Ruck,Green,947041,4,H,2950,USA,25254,Marno,Redelinghuys,2,6332
1929,5336.820273423,5341.820273423,Waisake Raratubua (Japan),Tackle,Green,947041,4,A,3000,Japan,30796,Waisake,Raratubua,2,6332
1930,5336.998664322059,5348.099979622703,Christian Poidevin (USA),Ruck,Green,947041,7,H,2950,USA,32698,Christian,Poidevin,2,6333
1931,5339.598398660935,5356.399957901066,Paddy Ryan (USA),Carry,Red,947041,6,H,2950,USA,31271,Paddy,Ryan,2,6336
1932,5339.7079138322,5344.7079138322,Kenji Sato (Japan),Tackle,Green,947041,16,A,3000,Japan,61722,Kenji,Sato,2,6336
1933,5339.898795106521,5354.200357942181,Vili Helu (USA),Ruck,Green,947041,20,H,2950,USA,46434,Vili,Helu,2,6336
1934,5340.217753708,5345.217753708,Sena Kimura (Japan),Tackle,Green,947041,17,A,3000,Japan,58073,Sena,Kimura,2,6336
1935,5340.698347982201,5354.200357942181,Shilo Klein (USA),Ruck,Green,947041,16,H,2950,USA,34447,Shilo,Klein,2,6336
1936,5341.295610022,5346.769766898,Kanji Shimokawa (Japan),Tackle,Green,947041,7,A,3000,Japan,30962,Kanji,Shimokawa,2,6337
1937,5343.442097383,5351.179603472,Faulua Makisi (Japan),Tackle,Green,947041,20,A,3000,Japan,23417,Faulua,Makisi,2,6338
1938,5346.981552339334,5353.597857546998,Ben Gunter (Japan),Tackle,Green,947041,6,A,3000,Japan,26283,Ben,Gunter,2,6343
1939,5347.198105026634,5361.799973865538,Jason Damm (USA),Ruck,Green,947041,5,H,2950,USA,38021,Jason,Damm,2,6343
1940,5347.198335121936,5363.5998829933615,Payton Telea-Ilalio (USA),Carry,Red,947041,17,H,2950,USA,53734,Payton,Telea-Ilalio,2,6343
1941,5347.798563648818,5361.799973865538,Christian Poidevin (USA),Ruck,Green,947041,7,H,2950,USA,32698,Christian,Poidevin,2,6342
1942,5349.37201814059,5354.37201814059,Keijiro Tamefusa (Japan),Tackle,Green,947041,18,A,3000,Japan,61929,Keijiro,Tamefusa,2,6345
1943,5350.797922090604,5365.900090684136,Shilo Klein (USA),Carry,Green,947041,16,H,2950,USA,34447,Shilo,Klein,2,6346
1944,5352.8957726812,5366.900045077318,Tavite Lopeti (USA),Ruck,Green,947041,12,H,2950,USA,39901,Tavite,Lopeti,2,6349
1945,5353.895542489,5358.895542489,Sena Kimura (Japan),Tackle,Green,947041,17,A,3000,Japan,58073,Sena,Kimura,2,6350
1946,5354.5978135144405,5366.900045077318,Marno Redelinghuys (USA),Ruck,Red,947041,4,H,2950,USA,25254,Marno,Redelinghuys,2,6350
1947,5357.590109262,5362.590109262,Seungsin Lee (Japan),Tackle,Green,947041,10,A,3000,Japan,37841,Seungsin,Lee,2,6353
1948,5357.59827752983,5372.800029039327,Dominic Besag (USA),Carry,Green,947041,13,H,2950,USA,60169,Dominic,Besag,2,6353
1949,5357.897974040594,5371.7999548568105,Luke Carty (USA),Ruck,Green,947041,22,H,2950,USA,28402,Luke,Carty,2,6354
1950,5360.098721123797,5371.7999548568105,Erich Storti (USA),Ruck,Green,947041,15,H,2950,USA,55128,Erich,Storti,2,6356
1951,5367.598599765061,5382.700429888888,Toby Fricker (USA),Ruck,Green,947041,11,H,2950,USA,34095,Toby,Fricker,2,6403
1952,5368.797767175607,5382.700429888888,Shilo Klein (USA),Ruck,Green,947041,16,H,2950,USA,34447,Shilo,Klein,2,6405
1953,5368.897286339987,5382.700429888888,Erich Storti (USA),Ruck,Green,947041,15,H,2950,USA,55128,Erich,Storti,2,6405
1954,5405.261086721,5425.331163917,Waisake Raratubua (Japan),Lineout Attack,Green,947041,4,A,3000,Japan,30796,Waisake,Raratubua,2,6448
1955,5405.261086721,5425.331163917,Warner Dearns (Japan),Lineout Attack,Green,947041,5,A,3000,Japan,40399,Warner,Dearns,2,6448
1956,5405.261086721,5425.331163917,Kanji Shimokawa (Japan),Lineout Attack,Green,947041,7,A,3000,Japan,30962,Kanji,Shimokawa,2,6448
1957,5405.261086721,5425.331163917,Sena Kimura (Japan),Lineout Attack,Green,947041,17,A,3000,Japan,58073,Sena,Kimura,2,6448
1958,5405.261086721,5425.331163917,Keijiro Tamefusa (Japan),Lineout Attack,Green,947041,18,A,3000,Japan,61929,Keijiro,Tamefusa,2,6448
1959,5412.696635131,5425.191344974,Marno Redelinghuys (USA),Lineout Defence,Green,947041,4,H,2950,USA,25254,Marno,Redelinghuys,2,6448
1960,5412.696635131,5425.191344974,Jason Damm (USA),Lineout Defence,Green,947041,5,H,2950,USA,38021,Jason,Damm,2,6448
1961,5412.696635131,5425.191344974,Shilo Klein (USA),Lineout Defence,Green,947041,16,H,2950,USA,34447,Shilo,Klein,2,6448
1962,5412.696635131,5425.191344974,Payton Telea-Ilalio (USA),Lineout Defence,Green,947041,17,H,2950,USA,53734,Payton,Telea-Ilalio,2,6448
1963,5412.696635131,5425.191344974,Pono Davis (USA),Lineout Defence,Green,947041,18,H,2950,USA,43978,Pono,Davis,2,6448
1964,5412.696635131,5425.191344974,Vili Helu (USA),Lineout Defence,Yellow,947041,20,H,2950,USA,46434,Vili,Helu,2,6448
1965,5417.899016165668,5433.500082788711,Paddy Ryan (USA),Tackle,Green,947041,6,H,2950,USA,31271,Paddy,Ryan,2,6454
1966,5418.335986394558,5423.335986394558,Christian Poidevin (USA),Jackler,Gold,947041,7,H,2950,USA,32698,Christian,Poidevin,2,6454
1967,5420.293945578232,5425.293945578232,Kenji Sato (Japan),Ruck,Green,947041,16,A,3000,Japan,61722,Kenji,Sato,2,6457
1968,5421.099183673469,5426.099183673469,Faulua Makisi (Japan),Carry,Green,947041,20,A,3000,Japan,23417,Faulua,Makisi,2,6457
1969,5422.098877483613,5434.299947314711,Marno Redelinghuys (USA),Tackle,Green,947041,4,H,2950,USA,25254,Marno,Redelinghuys,2,6458
1970,5422.456265424,5428.965152985,Ben Gunter (Japan),Ruck,Green,947041,6,A,3000,Japan,26283,Ben,Gunter,2,6458
1971,5423.690544217687,5432.999219929667,Waisake Raratubua (Japan),Linebreak Attack,Gold,947041,4,A,3000,Japan,30796,Waisake,Raratubua,2,6458
1972,5424.558752834467,5429.558752834467,Seungsin Lee (Japan),Linebreak Attack,Gold,947041,10,A,3000,Japan,37841,Seungsin,Lee,2,6502
1973,5424.558752834467,5429.558752834467,Kenji Sato (Japan),Linebreak Attack,Gold,947041,16,A,3000,Japan,61722,Kenji,Sato,2,6502
1974,5427.698606265228,5448.099937342966,Toby Fricker (USA),Tackle,Green,947041,11,H,2950,USA,34095,Toby,Fricker,2,6503
1975,5428.998294723185,5448.099937342966,Vili Helu (USA),Tackle,Red,947041,20,H,2950,USA,46434,Vili,Helu,2,6505
1976,5429.498187297229,5441.699928327133,Christian Poidevin (USA),Jackler,Red,947041,7,H,2950,USA,32698,Christian,Poidevin,2,6505
1977,5432.345374773,5440.299980910976,Marno Redelinghuys (USA),Linebreak Defence,Red,947041,4,H,2950,USA,25254,Marno,Redelinghuys,2,6508
1978,5432.345374773,5440.299980910976,Payton Telea-Ilalio (USA),Linebreak Defence,Red,947041,17,H,2950,USA,53734,Payton,Telea-Ilalio,2,6508
1979,5435.111595313,5440.111595313,Shinobu Fujiwara (Japan),Carry,Green,947041,21,A,3000,Japan,30969,Shinobu,Fujiwara,2,6511
1980,5436.084650202,5441.084650202,Kenji Sato (Japan),Ruck,Green,947041,16,A,3000,Japan,61722,Kenji,Sato,2,6511
1981,5439.7978849571355,5452.000038326285,Dominic Besag (USA),Tackle,Green,947041,13,H,2950,USA,60169,Dominic,Besag,2,6516
1982,5440.797577902695,5458.800050696694,Dominic Besag (USA),Tackle,Green,947041,13,H,2950,USA,60169,Dominic,Besag,2,6517
1983,5440.975743151666,5447.891770351,Tomoki Osada (Japan),Carry,Green,947041,11,A,3000,Japan,31059,Tomoki,Osada,2,6517
1984,5441.798271610197,5458.800050696694,Luke Carty (USA),Tackle,Green,947041,22,H,2950,USA,28402,Luke,Carty,2,6518
1985,5445.253786848072,5450.253786848072,Tomoki Osada (Japan),Ruck,Red,947041,11,A,3000,Japan,31059,Tomoki,Osada,2,6521
1986,5445.404263038548,5450.404263038548,Yuya Hirose (Japan),Ruck,Green,947041,22,A,3000,Japan,61922,Yuya,Hirose,2,6521
1987,5447.897854340248,5463.900029653107,Paddy Ryan (USA),Tackle,Green,947041,6,H,2950,USA,31271,Paddy,Ryan,2,6524
1988,5448.598190465265,5463.900029653107,Pono Davis (USA),Tackle,Red,947041,18,H,2950,USA,43978,Pono,Davis,2,6524
1989,5449.243155589,5454.243155589,Kanji Shimokawa (Japan),Carry,Green,947041,7,A,3000,Japan,30962,Kanji,Shimokawa,2,6526
1990,5451.579598225998,5458.806084616,Kenji Sato (Japan),Ruck,Green,947041,16,A,3000,Japan,61722,Kenji,Sato,2,6528
1991,5452.823501911,5459.019768593,Warner Dearns (Japan),Ruck,Red,947041,5,A,3000,Japan,40399,Warner,Dearns,2,6530
1992,5455.298326738208,5468.303478196747,Christian Poidevin (USA),Linebreak Defence,Gold,947041,7,H,2950,USA,32698,Christian,Poidevin,2,6532
1993,5455.453514739229,5472.599853842997,Christian Poidevin (USA),Linebreak Defence,Gold,947041,7,H,2950,USA,32698,Christian,Poidevin,2,6532
1994,5460.9985053396995,5476.999897091329,Ruben de Haas (USA),Tackle,Red,947041,9,H,2950,USA,30203,Ruben,de Haas,2,6537
1995,5461.299696245188,5467.19997655436,Christian Poidevin (USA),Tackle,Green,947041,7,H,2950,USA,32698,Christian,Poidevin,2,6537
1996,5461.322959785,5468.110170639,Faulua Makisi (Japan),Carry,Green,947041,20,A,3000,Japan,23417,Faulua,Makisi,2,6537
1997,5462.598120762491,5480.3999957941405,Christian Poidevin (USA),Jackler,Yellow,947041,7,H,2950,USA,32698,Christian,Poidevin,2,6536
1998,5464.963377233,5472.000794216813,Marno Redelinghuys (USA),Linebreak Defence,Red,947041,4,H,2950,USA,25254,Marno,Redelinghuys,2,6541
1999,5464.963377233,5472.000794216813,Jason Damm (USA),Linebreak Defence,Red,947041,5,H,2950,USA,38021,Jason,Damm,2,6541
2000,5464.963377233,5472.000794216813,Tavite Lopeti (USA),Linebreak Defence,Red,947041,12,H,2950,USA,39901,Tavite,Lopeti,2,6541
2001,5465.4982490458115,5485.5000478532165,Shilo Klein (USA),Tackle,Red,947041,16,H,2950,USA,34447,Shilo,Klein,2,6541
2002,5466.782380952381,5473.012515626,Kippei Ishida (Japan),Carry,Green,947041,14,A,3000,Japan,34036,Kippei,Ishida,2,6542
2003,5467.759909054,5472.759909054,Sam Greene (Japan),Ruck,Green,947041,15,A,3000,Japan,22606,Sam,Greene,2,6543
2004,5467.822471655329,5472.822471655329,Keijiro Tamefusa (Japan),Ruck,Green,947041,18,A,3000,Japan,61929,Keijiro,Tamefusa,2,6543
2005,5473.0026757369615,5478.0026757369615,Sena Kimura (Japan),Ruck,Green,947041,17,A,3000,Japan,58073,Sena,Kimura,2,6548
2006,5473.434644896,5480.192780764,Ben Gunter (Japan),Ruck,Green,947041,6,A,3000,Japan,26283,Ben,Gunter,2,6548
2007,5475.978462318,5482.556822128,Seungsin Lee (Japan),Carry,Green,947041,10,A,3000,Japan,37841,Seungsin,Lee,2,6552
2008,5776.327982932,5795.810922163,Waisake Raratubua (Japan),Lineout Defence,Green,947041,4,A,3000,Japan,30796,Waisake,Raratubua,2,6810
2009,5776.327982932,5795.810922163,Warner Dearns (Japan),Lineout Defence,Green,947041,5,A,3000,Japan,40399,Warner,Dearns,2,6810
2010,5776.327982932,5795.810922163,Sena Kimura (Japan),Lineout Defence,Green,947041,17,A,3000,Japan,58073,Sena,Kimura,2,6810
2011,5776.327982932,5795.810922163,Keijiro Tamefusa (Japan),Lineout Defence,Green,947041,18,A,3000,Japan,61929,Keijiro,Tamefusa,2,6810
2012,5776.578313027,5795.916533851,Jason Damm (USA),Lineout Attack,Green,947041,5,H,2950,USA,38021,Jason,Damm,2,6810
2013,5776.578313027,5795.916533851,Shilo Klein (USA),Lineout Attack,Green,947041,16,H,2950,USA,34447,Shilo,Klein,2,6810
2014,5776.578313027,5795.916533851,Payton Telea-Ilalio (USA),Lineout Attack,Green,947041,17,H,2950,USA,53734,Payton,Telea-Ilalio,2,6810
2015,5776.578313027,5795.916533851,Tevita Naqali (USA),Lineout Attack,Green,947041,19,H,2950,USA,32285,Tevita,Naqali,2,6810
2016,5776.578313027,5795.916533851,Vili Helu (USA),Lineout Attack,Green,947041,20,H,2950,USA,46434,Vili,Helu,2,6810
2017,5786.598577843396,5798.700016067752,Tavite Lopeti (USA),Carry,Green,947041,12,H,2950,USA,39901,Tavite,Lopeti,2,6818
2018,5788.548525972,5793.548525972,Akito Okui (Japan),Tackle,Green,947041,19,A,3000,Japan,61966,Akito,Okui,2,6820
2019,5793.3991577758,5805.500008365824,Toby Fricker (USA),Tackle,Green,947041,11,H,2950,USA,34095,Toby,Fricker,2,6825
2020,5794.398656045873,5812.100116385541,Ethan McVeigh (USA),Jackler,Green,947041,21,H,2950,USA,38506,Ethan,McVeigh,2,6826
2021,5796.060566893424,5801.060566893424,Seungsin Lee (Japan),Ruck,Green,947041,10,A,3000,Japan,37841,Seungsin,Lee,2,6826
2022,5797.098359151732,5812.100116385541,Paddy Ryan (USA),Jackler,Green,947041,6,H,2950,USA,31271,Paddy,Ryan,2,6826
2023,5797.277278911564,5802.277278911564,Haruto Kida (Japan),Carry,Green,947041,23,A,3000,Japan,34476,Haruto,Kida,2,6831
2024,5803.883410361,5808.883410361,Akito Okui (Japan),Ruck,Green,947041,19,A,3000,Japan,61966,Akito,Okui,2,6836
2025,5807.098438904422,5817.200001054774,Vili Helu (USA),Tackle,Green,947041,20,H,2950,USA,46434,Vili,Helu,2,6838
2026,5809.077391496,5814.077391496,Warner Dearns (Japan),Carry,Green,947041,5,A,3000,Japan,40399,Warner,Dearns,2,6841
2027,5810.098766800561,5823.700008579053,Ethan McVeigh (USA),Tackle,Green,947041,21,H,2950,USA,38506,Ethan,McVeigh,2,6841
2028,5811.098960426097,5823.700008579053,Shilo Klein (USA),Tackle,Green,947041,16,H,2950,USA,34447,Shilo,Klein,2,6842
2029,5816.260898479,5822.570397695,Warner Dearns (Japan),Ruck,Green,947041,5,A,3000,Japan,40399,Warner,Dearns,2,6848
2030,5817.973420583,5822.973420583,Sena Kimura (Japan),Ruck,Green,947041,17,A,3000,Japan,58073,Sena,Kimura,2,6850
2031,5817.973420583,5824.166500653,Kippei Ishida (Japan),Carry,Green,947041,14,A,3000,Japan,34036,Kippei,Ishida,2,6850
2032,5825.899272235862,5835.699971819943,Erich Storti (USA),Tackle,Green,947041,15,H,2950,USA,55128,Erich,Storti,2,6858
2033,5829.1974578122245,5841.8004035430695,Tevita Naqali (USA),Jackler,Green,947041,19,H,2950,USA,32285,Tevita,Naqali,2,6901
2034,5830.587323606,5836.999949388636,Shilo Klein (USA),Linebreak Defence,Red,947041,16,H,2950,USA,34447,Shilo,Klein,2,6902
2035,5830.587323606,5836.999949388636,Payton Telea-Ilalio (USA),Linebreak Defence,Red,947041,17,H,2950,USA,53734,Payton,Telea-Ilalio,2,6902
2036,5830.587323606,5836.999949388636,Pono Davis (USA),Linebreak Defence,Red,947041,18,H,2950,USA,43978,Pono,Davis,2,6902
2037,5830.587323606,5836.999949388636,Vili Helu (USA),Linebreak Defence,Red,947041,20,H,2950,USA,46434,Vili,Helu,2,6902
2038,5832.19831550225,5844.400432264566,Dominic Besag (USA),Tackle,Green,947041,13,H,2950,USA,60169,Dominic,Besag,2,6903
2039,5832.300909216,5839.108253875,Dylan Riley (Japan),Ruck,Yellow,947041,13,A,3000,Japan,27652,Dylan,Riley,2,6903
2040,5833.8980754077875,5849.30000726912,Jason Damm (USA),Jackler,Green,947041,5,H,2950,USA,38021,Jason,Damm,2,6905
2041,5833.998362405711,5847.199985165412,Pono Davis (USA),Tackle,Green,947041,18,H,2950,USA,43978,Pono,Davis,2,6905
2042,5835.32294734,5843.4181088,Haruto Kida (Japan),Carry,Red,947041,23,A,3000,Japan,34476,Haruto,Kida,2,6904
2043,5836.482117933331,5842.895815558331,Kenji Sato (Japan),Ruck,Green,947041,16,A,3000,Japan,61722,Kenji,Sato,2,6904
2044,5838.597918557332,5846.388356714,Ben Gunter (Japan),Ruck,Green,947041,6,A,3000,Japan,26283,Ben,Gunter,2,6910
2045,5841.398281174625,5854.300033508043,Payton Telea-Ilalio (USA),Tackle,Green,947041,17,H,2950,USA,53734,Payton,Telea-Ilalio,2,6912
2046,5842.242289798,5847.242289798,Akito Okui (Japan),Carry,Green,947041,19,A,3000,Japan,61966,Akito,Okui,2,6912
2047,5843.150216153,5848.150216153,Sena Kimura (Japan),Carry,Green,947041,17,A,3000,Japan,58073,Sena,Kimura,2,6915
2048,5844.398793583877,5853.700412628299,Luke Carty (USA),Tackle,Green,947041,22,H,2950,USA,28402,Luke,Carty,2,6915
2049,5845.198748284094,5859.303137326149,Shilo Klein (USA),Linebreak Defence,Gold,947041,16,H,2950,USA,34447,Shilo,Klein,2,6917
2050,5845.722786948,5850.722786948,Sam Greene (Japan),Carry,Green,947041,15,A,3000,Japan,22606,Sam,Greene,2,6917
2051,5958.484971058,5973.561662374,Waisake Raratubua (Japan),Lineout Attack,Green,947041,4,A,3000,Japan,30796,Waisake,Raratubua,2,7111
2052,5958.484971058,5973.561662374,Warner Dearns (Japan),Lineout Attack,Green,947041,5,A,3000,Japan,40399,Warner,Dearns,2,7111
2053,5958.484971058,5973.561662374,Ben Gunter (Japan),Lineout Attack,Green,947041,6,A,3000,Japan,26283,Ben,Gunter,2,7111
2054,5958.484971058,5973.561662374,Akito Okui (Japan),Lineout Attack,Green,947041,19,A,3000,Japan,61966,Akito,Okui,2,7111
2055,5959.659783823,5973.561662374,Kenji Sato (Japan),Lineout Attack,Green,947041,16,A,3000,Japan,61722,Kenji,Sato,2,7111
2056,5959.713629516,5974.392755963,Jason Damm (USA),Lineout Defence,Green,947041,5,H,2950,USA,38021,Jason,Damm,2,7111
2057,5959.713629516,5974.392755963,Tevita Naqali (USA),Lineout Defence,Green,947041,19,H,2950,USA,32285,Tevita,Naqali,2,7111
2058,5959.713629516,5974.392755963,Vili Helu (USA),Lineout Defence,Green,947041,20,H,2950,USA,46434,Vili,Helu,2,7111
2059,5962.94686038,5974.392755963,Payton Telea-Ilalio (USA),Lineout Defence,Green,947041,17,H,2950,USA,53734,Payton,Telea-Ilalio,2,7115
2060,6103.318099573,6118.825535698,Jason Damm (USA),Scrum Attack,Green,947041,5,H,2950,USA,38021,Jason,Damm,2,7308
2061,6103.318099573,6118.825535698,Paddy Ryan (USA),Scrum Attack,Green,947041,6,H,2950,USA,31271,Paddy,Ryan,2,7308
2062,6103.318099573,6118.825535698,Christian Poidevin (USA),Scrum Attack,Green,947041,7,H,2950,USA,32698,Christian,Poidevin,2,7308
2063,6103.318099573,6118.825535698,Shilo Klein (USA),Scrum Attack,Yellow,947041,16,H,2950,USA,34447,Shilo,Klein,2,7308
2064,6103.318099573,6118.825535698,Payton Telea-Ilalio (USA),Scrum Attack,Green,947041,17,H,2950,USA,53734,Payton,Telea-Ilalio,2,7308
2065,6103.318099573,6118.825535698,Pono Davis (USA),Scrum Attack,Yellow,947041,18,H,2950,USA,43978,Pono,Davis,2,7308
2066,6103.318099573,6118.825535698,Tevita Naqali (USA),Scrum Attack,Green,947041,19,H,2950,USA,32285,Tevita,Naqali,2,7308
2067,6103.318099573,6118.825535698,Vili Helu (USA),Scrum Attack,Green,947041,20,H,2950,USA,46434,Vili,Helu,2,7308
2068,6106.575598088,6120.172335815,Waisake Raratubua (Japan),Scrum Defence,Yellow,947041,4,A,3000,Japan,30796,Waisake,Raratubua,2,7308
2069,6106.575598088,6120.172335815,Warner Dearns (Japan),Scrum Defence,Green,947041,5,A,3000,Japan,40399,Warner,Dearns,2,7308
2070,6106.575598088,6120.172335815,Ben Gunter (Japan),Scrum Defence,Green,947041,6,A,3000,Japan,26283,Ben,Gunter,2,7308
2071,6106.575598088,6120.172335815,Kenji Sato (Japan),Scrum Defence,Green,947041,16,A,3000,Japan,61722,Kenji,Sato,2,7308
2072,6106.575598088,6120.172335815,Sena Kimura (Japan),Scrum Defence,Green,947041,17,A,3000,Japan,58073,Sena,Kimura,2,7308
2073,6106.575598088,6120.172335815,Keijiro Tamefusa (Japan),Scrum Defence,Green,947041,18,A,3000,Japan,61929,Keijiro,Tamefusa,2,7308
2074,6106.575598088,6120.172335815,Akito Okui (Japan),Scrum Defence,Green,947041,19,A,3000,Japan,61966,Akito,Okui,2,7308
2075,6106.575598088,6120.172335815,Faulua Makisi (Japan),Scrum Defence,Green,947041,20,A,3000,Japan,23417,Faulua,Makisi,2,7308
2076,6108.999010516948,6140.200004483641,Paddy Ryan (USA),Carry,Green,947041,6,H,2950,USA,31271,Paddy,Ryan,2,7315
2077,6110.198055398514,6125.800038102809,Ethan McVeigh (USA),Ruck,Green,947041,21,H,2950,USA,38506,Ethan,McVeigh,2,7317
2078,6110.245396825397,6115.245396825397,Akito Okui (Japan),Tackle,Green,947041,19,A,3000,Japan,61966,Akito,Okui,2,7317
2079,6110.598569194825,6125.800038102809,Vili Helu (USA),Ruck,Green,947041,20,H,2950,USA,46434,Vili,Helu,2,7317
2080,6111.4970931484995,6125.800038102809,Luke Carty (USA),Ruck,Green,947041,22,H,2950,USA,28402,Luke,Carty,2,7317
2081,6111.546724159,6116.546724159,Akito Okui (Japan),Jackler,Green,947041,19,A,3000,Japan,61966,Akito,Okui,2,7317
2082,6115.598643025495,6142.800057142463,Jason Damm (USA),Carry,Green,947041,5,H,2950,USA,38021,Jason,Damm,2,7322
2083,6116.268761372,6122.547691084,Shinobu Fujiwara (Japan),Jackler,Green,947041,21,A,3000,Japan,30969,Shinobu,Fujiwara,2,7324
2084,6117.39848373373,6140.900237327983,Payton Telea-Ilalio (USA),Ruck,Green,947041,17,H,2950,USA,53734,Payton,Telea-Ilalio,2,7324
2085,6117.898255331531,6140.900237327983,Vili Helu (USA),Ruck,Green,947041,20,H,2950,USA,46434,Vili,Helu,2,7325
2086,6119.198671249223,6140.900237327983,Tevita Naqali (USA),Ruck,Green,947041,19,H,2950,USA,32285,Tevita,Naqali,2,7326
2087,6122.898346714208,6140.900237327983,Pono Davis (USA),Ruck,Green,947041,18,H,2950,USA,43978,Pono,Davis,2,7328
2088,6128.047548322,6133.047548322,Akito Okui (Japan),Jackler,Green,947041,19,A,3000,Japan,61966,Akito,Okui,2,7323
2089,6131.710834899,6148.305072242,Jason Damm (USA),Kick Chase,Green,947041,5,H,2950,USA,38021,Jason,Damm,2,7323
2090,6131.710834899,6148.305072242,Paddy Ryan (USA),Kick Chase,Green,947041,6,H,2950,USA,31271,Paddy,Ryan,2,7323
2091,6131.710834899,6148.305072242,Christian Poidevin (USA),Kick Chase,Green,947041,7,H,2950,USA,32698,Christian,Poidevin,2,7323
2092,6131.710834899,6148.305072242,Toby Fricker (USA),Kick Chase,Green,947041,11,H,2950,USA,34095,Toby,Fricker,2,7323
2093,6131.710834899,6148.305072242,Tavite Lopeti (USA),Kick Chase,Green,947041,12,H,2950,USA,39901,Tavite,Lopeti,2,7323
2094,6131.710834899,6148.305072242,Dominic Besag (USA),Kick Chase,Green,947041,13,H,2950,USA,60169,Dominic,Besag,2,7323
2095,6131.710834899,6148.305072242,Shilo Klein (USA),Kick Chase,Green,947041,16,H,2950,USA,34447,Shilo,Klein,2,7323
2096,6131.710834899,6148.305072242,Payton Telea-Ilalio (USA),Kick Chase,Green,947041,17,H,2950,USA,53734,Payton,Telea-Ilalio,2,7323
2097,6131.710834899,6148.305072242,Pono Davis (USA),Kick Chase,Green,947041,18,H,2950,USA,43978,Pono,Davis,2,7323
2098,6131.710834899,6148.305072242,Tevita Naqali (USA),Kick Chase,Green,947041,19,H,2950,USA,32285,Tevita,Naqali,2,7323
2099,6131.710834899,6148.305072242,Vili Helu (USA),Kick Chase,Green,947041,20,H,2950,USA,46434,Vili,Helu,2,7323
2100,6131.710834899,6148.305072242,Ethan McVeigh (USA),Kick Chase,Green,947041,21,H,2950,USA,38506,Ethan,McVeigh,2,7323
2101,6131.710834899,6148.305072242,Mitch Wilson (USA),Kick Chase,Green,947041,23,H,2950,USA,38056,Mitch,Wilson,2,7323
2102,6132.048684121,6137.608042263,Warner Dearns (Japan),Charge Down,Green,947041,5,A,3000,Japan,40399,Warner,Dearns,2,7323
2103,6132.608042263,6148.957901563,Waisake Raratubua (Japan),Kick Retreat,Green,947041,4,A,3000,Japan,30796,Waisake,Raratubua,2,7323
2104,6132.608042263,6148.957901563,Warner Dearns (Japan),Kick Retreat,Green,947041,5,A,3000,Japan,40399,Warner,Dearns,2,7323
2105,6132.608042263,6148.957901563,Ben Gunter (Japan),Kick Retreat,Green,947041,6,A,3000,Japan,26283,Ben,Gunter,2,7323
2106,6132.608042263,6148.957901563,Dylan Riley (Japan),Kick Retreat,Green,947041,13,A,3000,Japan,27652,Dylan,Riley,2,7323
2107,6132.608042263,6148.957901563,Kippei Ishida (Japan),Kick Retreat,Green,947041,14,A,3000,Japan,34036,Kippei,Ishida,2,7323
2108,6132.608042263,6148.957901563,Kenji Sato (Japan),Kick Retreat,Green,947041,16,A,3000,Japan,61722,Kenji,Sato,2,7323
2109,6132.608042263,6148.957901563,Sena Kimura (Japan),Kick Retreat,Green,947041,17,A,3000,Japan,58073,Sena,Kimura,2,7323
2110,6132.608042263,6148.957901563,Keijiro Tamefusa (Japan),Kick Retreat,Green,947041,18,A,3000,Japan,61929,Keijiro,Tamefusa,2,7323
2111,6132.608042263,6148.957901563,Akito Okui (Japan),Kick Retreat,Green,947041,19,A,3000,Japan,61966,Akito,Okui,2,7323
2112,6132.608042263,6148.957901563,Faulua Makisi (Japan),Kick Retreat,Green,947041,20,A,3000,Japan,23417,Faulua,Makisi,2,7323
2113,6132.608042263,6148.957901563,Shinobu Fujiwara (Japan),Kick Retreat,Green,947041,21,A,3000,Japan,30969,Shinobu,Fujiwara,2,7323
2114,6132.608042263,6148.957901563,Yuya Hirose (Japan),Kick Retreat,Green,947041,22,A,3000,Japan,61922,Yuya,Hirose,2,7323
2115,6134.076153067,6148.957901563,Seungsin Lee (Japan),Kick Retreat,Green,947041,10,A,3000,Japan,37841,Seungsin,Lee,2,7342
2116,6137.998098995502,6156.100019364003,Paddy Ryan (USA),Tackle,Green,947041,6,H,2950,USA,31271,Paddy,Ryan,2,7345
2117,6138.99812462143,6156.100019364003,Shilo Klein (USA),Tackle,Green,947041,16,H,2950,USA,34447,Shilo,Klein,2,7345
2118,6144.224852698,6151.160213919,Sena Kimura (Japan),Ruck,Green,947041,17,A,3000,Japan,58073,Sena,Kimura,2,7350
2119,6146.89556438194,6164.500079234892,Tevita Naqali (USA),Tackle,Green,947041,19,H,2950,USA,32285,Tevita,Naqali,2,7354
2120,6147.098180191,6152.098180191,Faulua Makisi (Japan),Ruck,Green,947041,20,A,3000,Japan,23417,Faulua,Makisi,2,7354
2121,6148.121179138322,6153.121179138322,Haruto Kida (Japan),Carry,Green,947041,23,A,3000,Japan,34476,Haruto,Kida,2,7355
2122,6148.601816965,6155.000027270056,Jason Damm (USA),Phase Defence,Red,947041,5,H,2950,USA,38021,Jason,Damm,2,7355
2123,6150.721225942,6161.849547187,Waisake Raratubua (Japan),Kick Chase,Green,947041,4,A,3000,Japan,30796,Waisake,Raratubua,2,7355
2124,6150.721225942,6161.849547187,Warner Dearns (Japan),Kick Chase,Green,947041,5,A,3000,Japan,40399,Warner,Dearns,2,7355
2125,6150.721225942,6161.849547187,Ben Gunter (Japan),Kick Chase,Green,947041,6,A,3000,Japan,26283,Ben,Gunter,2,7355
2126,6150.721225942,6161.849547187,Dylan Riley (Japan),Kick Chase,Green,947041,13,A,3000,Japan,27652,Dylan,Riley,2,7355
2127,6150.721225942,6161.849547187,Kippei Ishida (Japan),Kick Chase,Green,947041,14,A,3000,Japan,34036,Kippei,Ishida,2,7355
2128,6150.721225942,6161.849547187,Sam Greene (Japan),Kick Chase,Green,947041,15,A,3000,Japan,22606,Sam,Greene,2,7355
2129,6150.721225942,6161.849547187,Kenji Sato (Japan),Kick Chase,Green,947041,16,A,3000,Japan,61722,Kenji,Sato,2,7355
2130,6150.721225942,6161.849547187,Sena Kimura (Japan),Kick Chase,Green,947041,17,A,3000,Japan,58073,Sena,Kimura,2,7355
2131,6150.721225942,6161.849547187,Keijiro Tamefusa (Japan),Kick Chase,Green,947041,18,A,3000,Japan,61929,Keijiro,Tamefusa,2,7355
2132,6150.721225942,6161.849547187,Akito Okui (Japan),Kick Chase,Green,947041,19,A,3000,Japan,61966,Akito,Okui,2,7355
2133,6150.721225942,6161.849547187,Faulua Makisi (Japan),Kick Chase,Green,947041,20,A,3000,Japan,23417,Faulua,Makisi,2,7355
2134,6150.721225942,6161.849547187,Shinobu Fujiwara (Japan),Kick Chase,Green,947041,21,A,3000,Japan,30969,Shinobu,Fujiwara,2,7355
2135,6150.721225942,6161.849547187,Yuya Hirose (Japan),Kick Chase,Green,947041,22,A,3000,Japan,61922,Yuya,Hirose,2,7355
2136,6151.721634982,6168.550644718,Jason Damm (USA),Kick Retreat,Green,947041,5,H,2950,USA,38021,Jason,Damm,2,7357
2137,6151.721634982,6168.550644718,Paddy Ryan (USA),Kick Retreat,Green,947041,6,H,2950,USA,31271,Paddy,Ryan,2,7357
2138,6151.721634982,6168.550644718,Christian Poidevin (USA),Kick Retreat,Green,947041,7,H,2950,USA,32698,Christian,Poidevin,2,7357
2139,6151.721634982,6168.550644718,Toby Fricker (USA),Kick Retreat,Green,947041,11,H,2950,USA,34095,Toby,Fricker,2,7357
2140,6151.721634982,6168.550644718,Tavite Lopeti (USA),Kick Retreat,Green,947041,12,H,2950,USA,39901,Tavite,Lopeti,2,7357
2141,6151.721634982,6168.550644718,Dominic Besag (USA),Kick Retreat,Green,947041,13,H,2950,USA,60169,Dominic,Besag,2,7357
2142,6151.721634982,6168.550644718,Shilo Klein (USA),Kick Retreat,Green,947041,16,H,2950,USA,34447,Shilo,Klein,2,7357
2143,6151.721634982,6168.550644718,Payton Telea-Ilalio (USA),Kick Retreat,Green,947041,17,H,2950,USA,53734,Payton,Telea-Ilalio,2,7357
2144,6151.721634982,6168.550644718,Pono Davis (USA),Kick Retreat,Green,947041,18,H,2950,USA,43978,Pono,Davis,2,7357
2145,6151.721634982,6168.550644718,Tevita Naqali (USA),Kick Retreat,Green,947041,19,H,2950,USA,32285,Tevita,Naqali,2,7357
2146,6151.721634982,6168.550644718,Vili Helu (USA),Kick Retreat,Green,947041,20,H,2950,USA,46434,Vili,Helu,2,7357
2147,6151.721634982,6168.550644718,Ethan McVeigh (USA),Kick Retreat,Green,947041,21,H,2950,USA,38506,Ethan,McVeigh,2,7357
2148,6151.721634982,6168.550644718,Mitch Wilson (USA),Kick Retreat,Green,947041,23,H,2950,USA,38056,Mitch,Wilson,2,7357
2149,6151.949160617,6156.949160617,Waisake Raratubua (Japan),Ruck,Green,947041,4,A,3000,Japan,30796,Waisake,Raratubua,2,7357
2150,6207.661667093,6239.11468847,Waisake Raratubua (Japan),Lineout Defence,Green,947041,4,A,3000,Japan,30796,Waisake,Raratubua,2,7511
2151,6207.661667093,6239.11468847,Warner Dearns (Japan),Lineout Defence,Green,947041,5,A,3000,Japan,40399,Warner,Dearns,2,7511
2152,6207.661667093,6239.11468847,Sena Kimura (Japan),Lineout Defence,Green,947041,17,A,3000,Japan,58073,Sena,Kimura,2,7511
2153,6207.661667093,6239.11468847,Keijiro Tamefusa (Japan),Lineout Defence,Green,947041,18,A,3000,Japan,61929,Keijiro,Tamefusa,2,7511
2154,6224.02008233,6240.060458805,Jason Damm (USA),Lineout Attack,Green,947041,5,H,2950,USA,38021,Jason,Damm,2,7511
2155,6224.02008233,6240.060458805,Shilo Klein (USA),Lineout Attack,Green,947041,16,H,2950,USA,34447,Shilo,Klein,2,7511
2156,6224.02008233,6240.060458805,Payton Telea-Ilalio (USA),Lineout Attack,Green,947041,17,H,2950,USA,53734,Payton,Telea-Ilalio,2,7511
2157,6224.634805614,6240.060458805,Tevita Naqali (USA),Lineout Attack,Green,947041,19,H,2950,USA,32285,Tevita,Naqali,2,7511
2158,6225.883896971,6240.060458805,Vili Helu (USA),Lineout Attack,Green,947041,20,H,2950,USA,46434,Vili,Helu,2,7513
2159,6230.5979375380075,6254.200096632736,Toby Fricker (USA),Carry,Green,947041,11,H,2950,USA,34095,Toby,Fricker,2,7517
2160,6233.2843990929705,6238.2843990929705,Faulua Makisi (Japan),Tackle,Green,947041,20,A,3000,Japan,23417,Faulua,Makisi,2,7518
2161,6234.524966468,6239.524966468,Ben Gunter (Japan),Tackle,Green,947041,6,A,3000,Japan,26283,Ben,Gunter,2,7523
2162,6237.420702947846,6244.159476501,Akito Okui (Japan),Jackler,Green,947041,19,A,3000,Japan,61966,Akito,Okui,2,7525
2163,6238.999040850504,6250.500028184562,Paddy Ryan (USA),Ruck,Green,947041,6,H,2950,USA,31271,Paddy,Ryan,2,7524
2164,6239.179024943311,6253.999814158666,Waisake Raratubua (Japan),Tackle,Gold,947041,4,A,3000,Japan,30796,Waisake,Raratubua,2,7524
2165,6239.698021475737,6250.500028184562,Payton Telea-Ilalio (USA),Ruck,Green,947041,17,H,2950,USA,53734,Payton,Telea-Ilalio,2,7527
2166,6239.798004377173,6250.500028184562,Tavite Lopeti (USA),Ruck,Green,947041,12,H,2950,USA,39901,Tavite,Lopeti,2,7527
2167,6240.148866213152,6245.148866213152,Waisake Raratubua (Japan),Phase Defence,Red,947041,4,A,3000,Japan,30796,Waisake,Raratubua,2,7527
2168,6241.367379675,6246.367379675,Akito Okui (Japan),Jackler,Green,947041,19,A,3000,Japan,61966,Akito,Okui,2,7528
2169,6241.6987841875325,6259.399982991995,Jason Damm (USA),Carry,Green,947041,5,H,2950,USA,38021,Jason,Damm,2,7528
2170,6243.197528431899,6252.300052677599,Ethan McVeigh (USA),Ruck,Green,947041,21,H,2950,USA,38506,Ethan,McVeigh,2,7530
2171,6244.983320161,6252.054665149,Akito Okui (Japan),Tackle,Green,947041,19,A,3000,Japan,61966,Akito,Okui,2,7531
2172,6247.399020615902,6261.499938548527,Tavite Lopeti (USA),Ruck,Green,947041,12,H,2950,USA,39901,Tavite,Lopeti,2,7534
2173,6247.598858833007,6267.700095262406,Paddy Ryan (USA),Carry,Yellow,947041,6,H,2950,USA,31271,Paddy,Ryan,2,7535
2174,6254.867800453515,6259.997792994334,Sena Kimura (Japan),Tackle,Green,947041,17,A,3000,Japan,58073,Sena,Kimura,2,7542
2175,6255.4372264,6261.136974053,Faulua Makisi (Japan),Tackle,Green,947041,20,A,3000,Japan,23417,Faulua,Makisi,2,7542
2176,6257.425918367347,6262.425918367347,Ben Gunter (Japan),Tackle,Green,947041,6,A,3000,Japan,26283,Ben,Gunter,2,7544
2177,6259.498528212339,6275.500030463614,Jason Damm (USA),Carry,Green,947041,5,H,2950,USA,38021,Jason,Damm,2,7546
2178,6260.299407771563,6273.700098695942,Shilo Klein (USA),Ruck,Green,947041,16,H,2950,USA,34447,Shilo,Klein,2,7547
2179,6263.698310230493,6284.3000279353455,Tavite Lopeti (USA),Carry,Green,947041,12,H,2950,USA,39901,Tavite,Lopeti,2,7551
2180,6265.737596371882,6280.210997137,Kenji Sato (Japan),Jackler,Green,947041,16,A,3000,Japan,61722,Kenji,Sato,2,7554
2181,6265.898234262521,6285.600210463874,Ethan McVeigh (USA),Ruck,Green,947041,21,H,2950,USA,38506,Ethan,McVeigh,2,7554
2182,6267.959131471,6274.379261295,Ben Gunter (Japan),Tackle,Green,947041,6,A,3000,Japan,26283,Ben,Gunter,2,7555
2183,6267.998546096486,6285.600210463874,Paddy Ryan (USA),Ruck,Yellow,947041,6,H,2950,USA,31271,Paddy,Ryan,2,7555
2184,6270.398191596428,6285.600210463874,Tevita Naqali (USA),Ruck,Green,947041,19,H,2950,USA,32285,Tevita,Naqali,2,7557
2185,6271.270725623583,6279.953350901,Waisake Raratubua (Japan),Jackler,Green,947041,4,A,3000,Japan,30796,Waisake,Raratubua,2,7558
2186,6271.79752165686,6291.699970806968,Shilo Klein (USA),Carry,Green,947041,16,H,2950,USA,34447,Shilo,Klein,2,7558
2187,6273.469747079,6278.469747079,Faulua Makisi (Japan),Tackle,Green,947041,20,A,3000,Japan,23417,Faulua,Makisi,2,7600
2188,6273.892656363208,6293.700030012229,Jason Damm (USA),Ruck,Red,947041,5,H,2950,USA,38021,Jason,Damm,2,7600
2189,6274.745782312925,6279.745782312925,Akito Okui (Japan),Jackler,Red,947041,19,A,3000,Japan,61966,Akito,Okui,2,7559
2190,6275.498845572131,6293.700030012229,Toby Fricker (USA),Ruck,Red,947041,11,H,2950,USA,34095,Toby,Fricker,2,7559
2191,6276.089738234,6281.089738234,Sena Kimura (Japan),Tackle,Green,947041,17,A,3000,Japan,58073,Sena,Kimura,2,7603
2192,6277.198857585991,6293.700030012229,Payton Telea-Ilalio (USA),Ruck,Red,947041,17,H,2950,USA,53734,Payton,Telea-Ilalio,2,7603
2193,6278.097949581844,6295.399993131313,Tevita Naqali (USA),Carry,Green,947041,19,H,2950,USA,32285,Tevita,Naqali,2,7605
2194,6278.9851575656685,6284.485106149,Ben Gunter (Japan),Tackle,Green,947041,6,A,3000,Japan,26283,Ben,Gunter,2,7606
2195,6279.198223323118,6292.300384813193,Luke Carty (USA),Ruck,Green,947041,22,H,2950,USA,28402,Luke,Carty,2,7606
2196,6279.69841719751,6292.300384813193,Ethan McVeigh (USA),Ruck,Green,947041,21,H,2950,USA,38506,Ethan,McVeigh,2,7606
2197,6280.671711191,6289.264377649,Keijiro Tamefusa (Japan),Tackle,Green,947041,18,A,3000,Japan,61929,Keijiro,Tamefusa,2,7607
2198,6284.496082007362,6300.399945243366,Pono Davis (USA),Carry,Green,947041,18,H,2950,USA,43978,Pono,Davis,2,7611
2199,6285.49834917397,6300.200004450662,Vili Helu (USA),Ruck,Green,947041,20,H,2950,USA,46434,Vili,Helu,2,7612
2200,6285.498955731223,6300.200004450662,Paddy Ryan (USA),Ruck,Red,947041,6,H,2950,USA,31271,Paddy,Ryan,2,7612
2201,6289.0979983547495,6306.799945182614,Shilo Klein (USA),Carry,Green,947041,16,H,2950,USA,34447,Shilo,Klein,2,7616
2202,6289.498768442194,6307.300087629328,Tevita Naqali (USA),Ruck,Green,947041,19,H,2950,USA,32285,Tevita,Naqali,2,7616
2203,6291.218004535147,6296.218004535147,Seungsin Lee (Japan),Tackle,Green,947041,10,A,3000,Japan,37841,Seungsin,Lee,2,7617
2204,6292.09877252515,6307.300087629328,Payton Telea-Ilalio (USA),Ruck,Yellow,947041,17,H,2950,USA,53734,Payton,Telea-Ilalio,2,7619
2205,6294.998816650249,6318.900216834664,Vili Helu (USA),Carry,Yellow,947041,20,H,2950,USA,46434,Vili,Helu,2,7622
2206,6296.498680251697,6310.700058902842,Jason Damm (USA),Ruck,Red,947041,5,H,2950,USA,38021,Jason,Damm,2,7624
2207,6297.098340002618,6310.700058902842,Pono Davis (USA),Ruck,Green,947041,18,H,2950,USA,43978,Pono,Davis,2,7624
2208,6297.99052154195,6302.99052154195,Faulua Makisi (Japan),Tackle,Green,947041,20,A,3000,Japan,23417,Faulua,Makisi,2,7625
2209,6299.185139342,6304.245946756,Waisake Raratubua (Japan),Tackle,Green,947041,4,A,3000,Japan,30796,Waisake,Raratubua,2,7626
2210,6300.198580786492,6319.8000219618925,Tevita Naqali (USA),Carry,Red,947041,19,H,2950,USA,32285,Tevita,Naqali,2,7627
2211,6301.498760811481,6315.499890741033,Paddy Ryan (USA),Ruck,Red,947041,6,H,2950,USA,31271,Paddy,Ryan,2,7628
2212,6302.825873015873,6311.023616138,Sena Kimura (Japan),Tackle,Yellow,947041,17,A,3000,Japan,58073,Sena,Kimura,2,7630
2213,6304.0985077470605,6321.599971578013,Tavite Lopeti (USA),Carry,Red,947041,12,H,2950,USA,39901,Tavite,Lopeti,2,7630
2214,6304.236366705,6312.571261264,Ben Gunter (Japan),Tackle,Red,947041,6,A,3000,Japan,26283,Ben,Gunter,2,7632
2215,6306.193877551021,6318.725108951,Akito Okui (Japan),Tackle,Yellow,947041,19,A,3000,Japan,61966,Akito,Okui,2,7633
2216,6306.597457181547,6317.900039680768,Erich Storti (USA),Ruck,Green,947041,15,H,2950,USA,55128,Erich,Storti,2,7634
2217,6306.898834903945,6317.900039680768,Dominic Besag (USA),Ruck,Green,947041,13,H,2950,USA,60169,Dominic,Besag,2,7634
2218,6307.277807559,6312.277807559,Yuya Hirose (Japan),Tackle,Green,947041,22,A,3000,Japan,61922,Yuya,Hirose,2,7634
2219,6308.697290091661,6326.800317194722,Payton Telea-Ilalio (USA),Carry,Green,947041,17,H,2950,USA,53734,Payton,Telea-Ilalio,2,7636
2220,6310.474389682,6315.474389682,Dylan Riley (Japan),Jackler,Green,947041,13,A,3000,Japan,27652,Dylan,Riley,2,7637
2221,6310.698934965684,6322.300010643886,Erich Storti (USA),Ruck,Green,947041,15,H,2950,USA,55128,Erich,Storti,2,7637
2222,6312.198103060037,6322.300010643886,Dominic Besag (USA),Ruck,Green,947041,13,H,2950,USA,60169,Dominic,Besag,2,7638
2223,6313.99853611282,6329.899883379124,Mitch Wilson (USA),Carry,Green,947041,23,H,2950,USA,38056,Mitch,Wilson,2,7641
2224,6317.69802621461,6331.500146859244,Dominic Besag (USA),Ruck,Green,947041,13,H,2950,USA,60169,Dominic,Besag,2,7645
2225,6318.29848750871,6331.500146859244,Shilo Klein (USA),Ruck,Green,947041,16,H,2950,USA,34447,Shilo,Klein,2,7645
2226,6319.898888888889,6324.898888888889,Sam Greene (Japan),Tackle,Green,947041,15,A,3000,Japan,22606,Sam,Greene,2,7647
2227,6321.621927437642,6329.927631141,Dylan Riley (Japan),Tackle,Green,947041,13,A,3000,Japan,27652,Dylan,Riley,2,7648
2228,6322.742387116,6327.742387116,Haruto Kida (Japan),Jackler,Green,947041,23,A,3000,Japan,34476,Haruto,Kida,2,7649
2229,6410.398329793445,6423.70055081129,Jason Damm (USA),Ruck,Green,947041,5,H,2950,USA,38021,Jason,Damm,2,7754
2230,6410.898695635237,6424.89997339837,Shilo Klein (USA),Carry,Green,947041,16,H,2950,USA,34447,Shilo,Klein,2,7754
2231,6410.998273960732,6423.70055081129,Vili Helu (USA),Ruck,Green,947041,20,H,2950,USA,46434,Vili,Helu,2,7754
2232,6413.29883437842,6423.70055081129,Tevita Naqali (USA),Ruck,Green,947041,19,H,2950,USA,32285,Tevita,Naqali,2,7756
2233,6414.888004535147,6419.888004535147,Waisake Raratubua (Japan),Tackle,Green,947041,4,A,3000,Japan,30796,Waisake,Raratubua,2,7758
2234,6415.238073998,6421.951002444,Warner Dearns (Japan),Tackle,Yellow,947041,5,A,3000,Japan,40399,Warner,Dearns,2,7758
2235,6416.282712771,6421.282712771,Akito Okui (Japan),Tackle,Green,947041,19,A,3000,Japan,61966,Akito,Okui,2,7800
