ID,start_timestamp,end_timestamp,PlayerName (Team),next_action_type,next_action_result,FXID,ShirtNumber,HomeAway,FxTID,TeamName,PlayerID,PlayerFirstName,PlayerLastName,Period,MatchTime
1,13.491065811,22.62555728075108,Kenta Kobayashi (Japan),Jackler,Green,947043,1,A,3000,Japan,34481,Kenta,Kobayashi,1,13
2,14.542821787,24.961679331357857,Ben Gunter (Japan),Tackle,Green,947043,6,A,3000,Japan,26283,Ben,Gunter,1,13
3,16.831156869,21.831156869,Tomoki Osada (Japan),Phase Defence,Red,947043,11,A,3000,Japan,31059,Tomoki,Osada,1,16
4,18.597591692,30.000048592332348,Uilisi Halaholo (Tonga),Ruck,Red,947043,12,H,750,Tonga,20935,Uilisi,Halaholo,1,18
5,19.196332583,25.49996051733241,Veikoso Poloniati (Tonga),Ruck,Yellow,947043,4,H,750,Tonga,39123,Veikoso,Poloniati,1,19
6,19.196332583,25.49996051733241,Fotu Lokotui (Tonga),Ruck,Yellow,947043,7,H,750,Tonga,21971,Fotu,Lokotui,1,19
7,19.482465198,45.59990668333467,Samiuela Moli (Tonga),Carry,Green,947043,2,H,750,Tonga,29511,Samiuela,Moli,1,19
8,19.71903645,34.29998761000077,Sonatane Takulua (Tonga),Carry,Green,947043,9,H,750,Tonga,20156,Sonatane,Takulua,1,20
9,21.040869966,27.028906342,Ben Tameifuna (Tonga),Ruck,Green,947043,3,H,750,Tonga,18807,Ben,Tameifuna,1,21
10,23.01630187,30.100018853674612,Kanji Shimokawa (Japan),Tackle,Green,947043,7,A,3000,Japan,30962,Kanji,Shimokawa,1,23
11,23.494224885,29.799931469742024,Hayate Era (Japan),Tackle,Green,947043,2,A,3000,Japan,61955,Hayate,Era,1,23
12,26.88564146038261,36.2999646679775,Jack Cornelsen (Japan),Charge Down,Green,947043,4,A,3000,Japan,23697,Jack,Cornelsen,1,28
13,29.911493357,40.29993317999805,Ben Tameifuna (Tonga),Ruck,Green,947043,3,H,750,Tonga,18807,Ben,Tameifuna,1,28
14,29.911493357,40.29993317999805,Veikoso Poloniati (Tonga),Ruck,Green,947043,4,H,750,Tonga,39123,Veikoso,Poloniati,1,28
15,33.418283,38.79993874766677,Siegfried Fisi'ihoi (Tonga),Ruck,Green,947043,1,H,750,Tonga,22136,Siegfried,Fisi'ihoi,1,29
16,33.418283,38.79993874766677,Harison Mataele (Tonga),Ruck,Green,947043,5,H,750,Tonga,21969,Harison,Mataele,1,29
17,33.418283,38.79993874766677,Siosiua Moala (Tonga),Ruck,Green,947043,8,H,750,Tonga,65198,Siosiua,Moala,1,29
18,47.274914423,68.277197026,Kenta Kobayashi (Japan),Lineout Attack,Green,947043,1,A,3000,Japan,34481,Kenta,Kobayashi,1,50
19,47.274914423,68.277197026,Hayate Era (Japan),Lineout Attack,Green,947043,2,A,3000,Japan,61955,Hayate,Era,1,50
20,47.274914423,68.277197026,Shuhei Takeuchi (Japan),Lineout Attack,Green,947043,3,A,3000,Japan,37874,Shuhei,Takeuchi,1,50
21,47.274914423,68.277197026,Jack Cornelsen (Japan),Lineout Attack,Green,947043,4,A,3000,Japan,23697,Jack,Cornelsen,1,50
22,47.274914423,68.277197026,Warner Dearns (Japan),Lineout Attack,Green,947043,5,A,3000,Japan,40399,Warner,Dearns,1,50
23,47.274914423,68.277197026,Kanji Shimokawa (Japan),Lineout Attack,Green,947043,7,A,3000,Japan,30962,Kanji,Shimokawa,1,50
24,50.677074829931975,68.29995141833139,Samiuela Moli (Tonga),Lineout Defence,Green,947043,2,H,750,Tonga,29511,Samiuela,Moli,1,50
25,50.677074829931975,68.29995141833139,Veikoso Poloniati (Tonga),Lineout Defence,Green,947043,4,H,750,Tonga,39123,Veikoso,Poloniati,1,50
26,50.677074829931975,68.29995141833139,Harison Mataele (Tonga),Lineout Defence,Green,947043,5,H,750,Tonga,21969,Harison,Mataele,1,50
27,50.69793282999657,67.3999415510011,Siegfried Fisi'ihoi (Tonga),Lineout Defence,Green,947043,1,H,750,Tonga,22136,Siegfried,Fisi'ihoi,1,50
28,51.29847335499684,68.49998060499927,Ben Tameifuna (Tonga),Lineout Defence,Yellow,947043,3,H,750,Tonga,18807,Ben,Tameifuna,1,50
29,52.07947800925564,68.7610329535382,Ben Gunter (Japan),Lineout Attack,Green,947043,6,A,3000,Japan,26283,Ben,Gunter,1,50
30,59.063456898,70.3999692403325,Fotu Lokotui (Tonga),Tackle,Green,947043,7,H,750,Tonga,21971,Fotu,Lokotui,1,59
31,59.390346768,76.19997998600066,Siosiua Moala (Tonga),Jackler,Green,947043,8,H,750,Tonga,65198,Siosiua,Moala,1,59
32,59.807614155,73.122739219,Kanji Shimokawa (Japan),Ruck,Green,947043,7,A,3000,Japan,30962,Kanji,Shimokawa,1,59
33,59.807614155,73.122739219,Kanji Shimokawa (Japan),Kick Retreat,Green,947043,7,A,3000,Japan,30962,Kanji,Shimokawa,1,59
34,59.807614155,73.122739219,Charlie Lawrence (Japan),Ruck,Green,947043,12,A,3000,Japan,32522,Charlie,Lawrence,1,59
35,59.807614155,73.122739219,Charlie Lawrence (Japan),Kick Retreat,Green,947043,12,A,3000,Japan,32522,Charlie,Lawrence,1,59
36,63.80954648526077,73.89994835033426,Samiuela Moli (Tonga),Carry,Green,947043,2,H,750,Tonga,29511,Samiuela,Moli,1,103
37,64.884914879,81.70002695733413,Tupou Ma'afu-Afungia (Tonga),Carry,Yellow,947043,6,H,750,Tonga,56791,Tupou,Ma'afu-Afungia,1,104
38,65.783276994,70.783276994,Seungsin Lee (Japan),Carry,Green,947043,10,A,3000,Japan,37841,Seungsin,Lee,1,105
39,66.532079091,79.10002880299709,Fotu Lokotui (Tonga),Ruck,Red,947043,7,H,750,Tonga,21971,Fotu,Lokotui,1,107
40,66.532079091,79.10002880299709,Uilisi Halaholo (Tonga),Ruck,Red,947043,12,H,750,Tonga,20935,Uilisi,Halaholo,1,107
41,66.5436103,79.629428363,Hayate Era (Japan),Tackle,Yellow,947043,2,A,3000,Japan,61955,Hayate,Era,1,107
42,66.5436103,79.629428363,Warner Dearns (Japan),Tackle,Yellow,947043,5,A,3000,Japan,40399,Warner,Dearns,1,107
43,67.46151927437641,79.49993850500091,Samiuela Moli (Tonga),Ruck,Red,947043,2,H,750,Tonga,29511,Samiuela,Moli,1,107
44,72.32868480725624,86.60000693800087,Samiuela Moli (Tonga),Kick Chase,Green,947043,2,H,750,Tonga,29511,Samiuela,Moli,1,112
45,72.32868480725624,86.60000693800087,Veikoso Poloniati (Tonga),Kick Chase,Green,947043,4,H,750,Tonga,39123,Veikoso,Poloniati,1,112
46,72.32868480725624,86.60000693800087,Siosiua Moala (Tonga),Kick Chase,Green,947043,8,H,750,Tonga,65198,Siosiua,Moala,1,112
47,72.389008348,85.89994469566385,Harison Mataele (Tonga),Kick Chase,Green,947043,5,H,750,Tonga,21969,Harison,Mataele,1,112
48,73.824988076,84.49997785599876,Siegfried Fisi'ihoi (Tonga),Kick Chase,Green,947043,1,H,750,Tonga,22136,Siegfried,Fisi'ihoi,1,113
49,73.824988076,84.49997785599876,Tupou Ma'afu-Afungia (Tonga),Kick Chase,Green,947043,6,H,750,Tonga,56791,Tupou,Ma'afu-Afungia,1,113
50,73.824988076,84.49997785599876,Fotu Lokotui (Tonga),Kick Chase,Green,947043,7,H,750,Tonga,21971,Fotu,Lokotui,1,113
51,73.91165532879819,87.124705777,John Tapueluelu (Tonga),Kick Chase,Green,947043,11,H,750,Tonga,33907,John,Tapueluelu,1,113
52,73.91165532879819,87.124705777,Fetuli Paea (Tonga),Kick Chase,Green,947043,13,H,750,Tonga,27088,Fetuli,Paea,1,113
53,73.91165532879819,87.124705777,Charles Piutau (Tonga),Kick Chase,Green,947043,15,H,750,Tonga,17091,Charles,Piutau,1,113
54,73.94165532879819,87.124705777,Sonatane Takulua (Tonga),Kick Chase,Green,947043,9,H,750,Tonga,20156,Sonatane,Takulua,1,113
55,73.94165532879819,87.124705777,Patrick Pellegrini (Tonga),Kick Chase,Green,947043,10,H,750,Tonga,37085,Patrick,Pellegrini,1,113
56,74.855080373,85.305422589,Kenta Kobayashi (Japan),Kick Retreat,Green,947043,1,A,3000,Japan,34481,Kenta,Kobayashi,1,113
57,74.855080373,85.305422589,Hayate Era (Japan),Kick Retreat,Green,947043,2,A,3000,Japan,61955,Hayate,Era,1,113
58,74.855080373,85.305422589,Shuhei Takeuchi (Japan),Kick Retreat,Green,947043,3,A,3000,Japan,37874,Shuhei,Takeuchi,1,113
59,74.855080373,85.305422589,Jack Cornelsen (Japan),Kick Retreat,Green,947043,4,A,3000,Japan,23697,Jack,Cornelsen,1,113
60,74.855080373,85.305422589,Warner Dearns (Japan),Kick Retreat,Green,947043,5,A,3000,Japan,40399,Warner,Dearns,1,113
61,74.855080373,85.305422589,Ben Gunter (Japan),Kick Retreat,Green,947043,6,A,3000,Japan,26283,Ben,Gunter,1,113
62,74.855080373,85.305422589,Kanji Shimokawa (Japan),Kick Retreat,Green,947043,7,A,3000,Japan,30962,Kanji,Shimokawa,1,113
63,74.855080373,85.305422589,Amato Fakatava (Japan),Kick Retreat,Green,947043,8,A,3000,Japan,36500,Amato,Fakatava,1,113
64,74.855080373,85.305422589,Shinobu Fujiwara (Japan),Kick Retreat,Green,947043,9,A,3000,Japan,30969,Shinobu,Fujiwara,1,113
65,74.855080373,85.305422589,Seungsin Lee (Japan),Kick Retreat,Green,947043,10,A,3000,Japan,37841,Seungsin,Lee,1,113
66,74.855080373,85.305422589,Charlie Lawrence (Japan),Kick Retreat,Green,947043,12,A,3000,Japan,32522,Charlie,Lawrence,1,113
67,74.855080373,85.305422589,Dylan Riley (Japan),Kick Retreat,Green,947043,13,A,3000,Japan,27652,Dylan,Riley,1,113
68,74.855080373,85.305422589,Sam Greene (Japan),Kick Retreat,Green,947043,15,A,3000,Japan,22606,Sam,Greene,1,113
69,99.526489696,111.996107971,Kenta Kobayashi (Japan),Lineout Defence,Green,947043,1,A,3000,Japan,34481,Kenta,Kobayashi,1,139
70,99.526489696,111.996107971,Shuhei Takeuchi (Japan),Lineout Defence,Green,947043,3,A,3000,Japan,37874,Shuhei,Takeuchi,1,139
71,99.526489696,111.996107971,Warner Dearns (Japan),Lineout Defence,Green,947043,5,A,3000,Japan,40399,Warner,Dearns,1,139
72,99.85193479511452,111.996107971,Jack Cornelsen (Japan),Lineout Defence,Red,947043,4,A,3000,Japan,23697,Jack,Cornelsen,1,139
73,99.973522053,112.97351473922905,Siegfried Fisi'ihoi (Tonga),Lineout Attack,Green,947043,1,H,750,Tonga,22136,Siegfried,Fisi'ihoi,1,139
74,99.973522053,112.97351473922905,Samiuela Moli (Tonga),Lineout Attack,Green,947043,2,H,750,Tonga,29511,Samiuela,Moli,1,139
75,99.973522053,112.97351473922905,Veikoso Poloniati (Tonga),Lineout Attack,Green,947043,4,H,750,Tonga,39123,Veikoso,Poloniati,1,139
76,99.973522053,112.97351473922905,Harison Mataele (Tonga),Lineout Attack,Green,947043,5,H,750,Tonga,21969,Harison,Mataele,1,139
77,101.08337278,112.49996353566718,Tupou Ma'afu-Afungia (Tonga),Lineout Attack,Yellow,947043,6,H,750,Tonga,56791,Tupou,Ma'afu-Afungia,1,139
78,105.599784516,119.79993789799958,Ben Tameifuna (Tonga),Carry,Red,947043,3,H,750,Tonga,18807,Ben,Tameifuna,1,145
79,106.25414965986394,122.39996556233336,Fetuli Paea (Tonga),Ruck,Green,947043,13,H,750,Tonga,27088,Fetuli,Paea,1,146
80,106.256867874,122.39996556233336,Harison Mataele (Tonga),Ruck,Green,947043,5,H,750,Tonga,21969,Harison,Mataele,1,146
81,106.910954735,116.266361475,Shuhei Takeuchi (Japan),Jackler,Green,947043,3,A,3000,Japan,37874,Shuhei,Takeuchi,1,147
82,107.113658663,114.986351038,Shinobu Fujiwara (Japan),Phase Defence,Red,947043,9,A,3000,Japan,30969,Shinobu,Fujiwara,1,147
83,107.293192469,122.20003529666704,John Tapueluelu (Tonga),Ruck,Red,947043,11,H,750,Tonga,33907,John,Tapueluelu,1,147
84,110.506718207,116.60015403848236,Ben Gunter (Japan),Tackle,Green,947043,6,A,3000,Japan,26283,Ben,Gunter,1,148
85,113.49433015,121.69989880274746,Shinobu Fujiwara (Japan),Tackle,Green,947043,9,A,3000,Japan,30969,Shinobu,Fujiwara,1,154
86,113.837873891,121.39994962619228,Jack Cornelsen (Japan),Tackle,Green,947043,4,A,3000,Japan,23697,Jack,Cornelsen,1,154
87,116.507474335,129.774199345,Samiuela Moli (Tonga),Carry,Green,947043,2,H,750,Tonga,29511,Samiuela,Moli,1,157
88,117.2976071442407,127.455034603,Jack Cornelsen (Japan),Jackler,Yellow,947043,4,A,3000,Japan,23697,Jack,Cornelsen,1,157
89,117.391919268,131.00032563166712,Patrick Pellegrini (Tonga),Ruck,Green,947043,10,H,750,Tonga,37085,Patrick,Pellegrini,1,157
90,118.493631203,133.1999656553284,Tupou Ma'afu-Afungia (Tonga),Ruck,Red,947043,6,H,750,Tonga,56791,Tupou,Ma'afu-Afungia,1,153
91,122.39821274340856,135.26290153429534,Shuhei Takeuchi (Japan),Tackle,Green,947043,3,A,3000,Japan,37874,Shuhei,Takeuchi,1,202
92,127.64430839002269,140.89996996633127,Siosiua Moala (Tonga),Kick Chase,Green,947043,8,H,750,Tonga,65198,Siosiua,Moala,1,208
93,128.067985428,141.686690434,Shinobu Fujiwara (Japan),Kick Retreat,Green,947043,9,A,3000,Japan,30969,Shinobu,Fujiwara,1,208
94,128.067985428,141.686690434,Seungsin Lee (Japan),Kick Retreat,Green,947043,10,A,3000,Japan,37841,Seungsin,Lee,1,208
95,128.067985428,141.686690434,Charlie Lawrence (Japan),Kick Retreat,Green,947043,12,A,3000,Japan,32522,Charlie,Lawrence,1,208
96,128.067985428,141.686690434,Dylan Riley (Japan),Kick Retreat,Green,947043,13,A,3000,Japan,27652,Dylan,Riley,1,208
97,128.67562358276643,139.0000168999989,Fetuli Paea (Tonga),Kick Chase,Gold,947043,13,H,750,Tonga,27088,Fetuli,Paea,1,208
98,128.68506261994654,136.89991470711766,Warner Dearns (Japan),Charge Down,Gold,947043,5,A,3000,Japan,40399,Warner,Dearns,1,208
99,128.891674729,139.7999794393374,Ben Tameifuna (Tonga),Ruck,Red,947043,3,H,750,Tonga,18807,Ben,Tameifuna,1,208
100,128.891674729,139.7999794393374,Harison Mataele (Tonga),Ruck,Red,947043,5,H,750,Tonga,21969,Harison,Mataele,1,208
101,129.0609523809524,142.0999385453324,Samiuela Moli (Tonga),Kick Chase,Green,947043,2,H,750,Tonga,29511,Samiuela,Moli,1,208
102,129.0609523809524,142.0999385453324,Tupou Ma'afu-Afungia (Tonga),Kick Chase,Green,947043,6,H,750,Tonga,56791,Tupou,Ma'afu-Afungia,1,208
103,129.0609523809524,142.0999385453324,John Tapueluelu (Tonga),Kick Chase,Green,947043,11,H,750,Tonga,33907,John,Tapueluelu,1,208
104,129.31555555555556,145.19997378633107,Veikoso Poloniati (Tonga),Carry,Red,947043,4,H,750,Tonga,39123,Veikoso,Poloniati,1,209
105,129.385590993,141.686690434,Kenta Kobayashi (Japan),Kick Retreat,Green,947043,1,A,3000,Japan,34481,Kenta,Kobayashi,1,209
106,129.385590993,141.686690434,Hayate Era (Japan),Kick Retreat,Green,947043,2,A,3000,Japan,61955,Hayate,Era,1,209
107,129.385590993,141.686690434,Jack Cornelsen (Japan),Kick Retreat,Green,947043,4,A,3000,Japan,23697,Jack,Cornelsen,1,209
108,129.385590993,141.686690434,Ben Gunter (Japan),Kick Retreat,Green,947043,6,A,3000,Japan,26283,Ben,Gunter,1,209
109,129.385590993,141.686690434,Kanji Shimokawa (Japan),Kick Retreat,Green,947043,7,A,3000,Japan,30962,Kanji,Shimokawa,1,209
110,129.385590993,141.686690434,Amato Fakatava (Japan),Kick Retreat,Green,947043,8,A,3000,Japan,36500,Amato,Fakatava,1,209
111,130.85997732426304,135.85997732426304,Shuhei Takeuchi (Japan),Kick Retreat,Green,947043,3,A,3000,Japan,37874,Shuhei,Takeuchi,1,211
112,130.85997732426304,140.965600388,Shuhei Takeuchi (Japan),Linebreak Defence,Red,947043,3,A,3000,Japan,37874,Shuhei,Takeuchi,1,211
113,130.941541371,140.9999641863308,Fotu Lokotui (Tonga),Kick Chase,Green,947043,7,H,750,Tonga,21971,Fotu,Lokotui,1,211
114,130.941541371,140.9999641863308,Uilisi Halaholo (Tonga),Kick Chase,Green,947043,12,H,750,Tonga,20935,Uilisi,Halaholo,1,211
115,131.022192551,141.70004255833388,Ben Tameifuna (Tonga),Kick Chase,Yellow,947043,3,H,750,Tonga,18807,Ben,Tameifuna,1,211
116,131.022192551,141.70004255833388,Harison Mataele (Tonga),Kick Chase,Yellow,947043,5,H,750,Tonga,21969,Harison,Mataele,1,211
117,132.072059885,141.79994291300358,Siegfried Fisi'ihoi (Tonga),Kick Chase,Red,947043,1,H,750,Tonga,22136,Siegfried,Fisi'ihoi,1,211
118,135.74985719,140.74985719,Warner Dearns (Japan),Linebreak Defence,Red,947043,5,A,3000,Japan,40399,Warner,Dearns,1,215
119,136.154829441,143.648102397,Kanji Shimokawa (Japan),Tackle,Green,947043,7,A,3000,Japan,30962,Kanji,Shimokawa,1,215
120,136.68870031591916,151.90001512630604,Warner Dearns (Japan),Kick Retreat,Yellow,947043,5,A,3000,Japan,40399,Warner,Dearns,1,216
121,136.955102955,148.79998019233446,Samiuela Moli (Tonga),Ruck,Yellow,947043,2,H,750,Tonga,29511,Samiuela,Moli,1,216
122,136.955102955,148.79998019233446,Siosiua Moala (Tonga),Ruck,Yellow,947043,8,H,750,Tonga,65198,Siosiua,Moala,1,216
123,137.42596371882087,149.50000544866606,Fetuli Paea (Tonga),Carry,Yellow,947043,13,H,750,Tonga,27088,Fetuli,Paea,1,216
124,138.455581615,151.966256206,Kenta Kobayashi (Japan),Kick Retreat,Green,947043,1,A,3000,Japan,34481,Kenta,Kobayashi,1,218
125,138.455581615,151.966256206,Hayate Era (Japan),Kick Retreat,Green,947043,2,A,3000,Japan,61955,Hayate,Era,1,218
126,138.455581615,151.966256206,Shuhei Takeuchi (Japan),Kick Retreat,Green,947043,3,A,3000,Japan,37874,Shuhei,Takeuchi,1,218
127,138.455581615,151.966256206,Jack Cornelsen (Japan),Kick Retreat,Yellow,947043,4,A,3000,Japan,23697,Jack,Cornelsen,1,218
128,138.455581615,151.966256206,Ben Gunter (Japan),Kick Retreat,Green,947043,6,A,3000,Japan,26283,Ben,Gunter,1,218
129,138.455581615,151.966256206,Kanji Shimokawa (Japan),Kick Retreat,Green,947043,7,A,3000,Japan,30962,Kanji,Shimokawa,1,218
130,138.455581615,151.966256206,Amato Fakatava (Japan),Kick Retreat,Green,947043,8,A,3000,Japan,36500,Amato,Fakatava,1,218
131,138.455581615,151.966256206,Shinobu Fujiwara (Japan),Kick Retreat,Green,947043,9,A,3000,Japan,30969,Shinobu,Fujiwara,1,218
132,138.455581615,151.966256206,Seungsin Lee (Japan),Kick Retreat,Green,947043,10,A,3000,Japan,37841,Seungsin,Lee,1,218
133,138.455581615,151.966256206,Charlie Lawrence (Japan),Kick Retreat,Green,947043,12,A,3000,Japan,32522,Charlie,Lawrence,1,218
134,138.455581615,151.966256206,Kippei Ishida (Japan),Kick Retreat,Green,947043,14,A,3000,Japan,34036,Kippei,Ishida,1,218
135,138.5766439909297,149.79996158266746,Fotu Lokotui (Tonga),Kick Chase,Green,947043,7,H,750,Tonga,21971,Fotu,Lokotui,1,218
136,138.61532879818594,149.49996262666332,Ben Tameifuna (Tonga),Kick Chase,Red,947043,3,H,750,Tonga,18807,Ben,Tameifuna,1,218
137,138.61532879818594,149.49996262666332,Veikoso Poloniati (Tonga),Kick Chase,Red,947043,4,H,750,Tonga,39123,Veikoso,Poloniati,1,218
138,138.696575834,149.59998115666596,Siegfried Fisi'ihoi (Tonga),Kick Chase,Yellow,947043,1,H,750,Tonga,22136,Siegfried,Fisi'ihoi,1,218
139,138.9953514739229,149.79996158266746,Samiuela Moli (Tonga),Kick Chase,Green,947043,2,H,750,Tonga,29511,Samiuela,Moli,1,218
140,138.9953514739229,149.79996158266746,Harison Mataele (Tonga),Kick Chase,Green,947043,5,H,750,Tonga,21969,Harison,Mataele,1,218
141,138.9953514739229,149.79996158266746,Tupou Ma'afu-Afungia (Tonga),Kick Chase,Green,947043,6,H,750,Tonga,56791,Tupou,Ma'afu-Afungia,1,218
142,138.9953514739229,149.79996158266746,Siosiua Moala (Tonga),Kick Chase,Green,947043,8,H,750,Tonga,65198,Siosiua,Moala,1,218
143,138.9953514739229,149.79996158266746,Uilisi Halaholo (Tonga),Kick Chase,Green,947043,12,H,750,Tonga,20935,Uilisi,Halaholo,1,218
144,139.437445576,149.49996262666332,John Tapueluelu (Tonga),Kick Chase,Red,947043,11,H,750,Tonga,33907,John,Tapueluelu,1,218
145,139.9908843537415,149.79996158266746,Nikolai Foliaki (Tonga),Kick Chase,Green,947043,14,H,750,Tonga,34981,Nikolai,Foliaki,1,218
146,140.668023509,148.461512627,Hayate Era (Japan),Tackle,Yellow,947043,2,A,3000,Japan,61955,Hayate,Era,1,218
147,175.4787755102041,204.80655328798187,Warner Dearns (Japan),Lineout Defence,Yellow,947043,5,A,3000,Japan,40399,Warner,Dearns,1,257
148,175.4787755102041,204.80655328798187,Amato Fakatava (Japan),Lineout Defence,Yellow,947043,8,A,3000,Japan,36500,Amato,Fakatava,1,257
149,176.573042339,205.720565274,Kenta Kobayashi (Japan),Lineout Defence,Green,947043,1,A,3000,Japan,34481,Kenta,Kobayashi,1,257
150,176.573042339,205.720565274,Shuhei Takeuchi (Japan),Lineout Defence,Green,947043,3,A,3000,Japan,37874,Shuhei,Takeuchi,1,257
151,176.573042339,205.720565274,Jack Cornelsen (Japan),Lineout Defence,Green,947043,4,A,3000,Japan,23697,Jack,Cornelsen,1,257
152,176.573042339,205.720565274,Kanji Shimokawa (Japan),Lineout Defence,Green,947043,7,A,3000,Japan,30962,Kanji,Shimokawa,1,257
153,181.848652543,205.720565274,Hayate Era (Japan),Lineout Defence,Green,947043,2,A,3000,Japan,61955,Hayate,Era,1,257
154,193.33963718820863,205.164895648,Siegfried Fisi'ihoi (Tonga),Lineout Attack,Yellow,947043,1,H,750,Tonga,22136,Siegfried,Fisi'ihoi,1,259
155,193.33963718820863,205.164895648,Ben Tameifuna (Tonga),Lineout Attack,Yellow,947043,3,H,750,Tonga,18807,Ben,Tameifuna,1,259
156,193.58873067966363,204.69994423066865,Samiuela Moli (Tonga),Lineout Attack,Green,947043,2,H,750,Tonga,29511,Samiuela,Moli,1,259
157,193.718820861678,206.541487482,Veikoso Poloniati (Tonga),Lineout Attack,Green,947043,4,H,750,Tonga,39123,Veikoso,Poloniati,1,259
158,193.718820861678,206.541487482,Harison Mataele (Tonga),Lineout Attack,Green,947043,5,H,750,Tonga,21969,Harison,Mataele,1,259
159,193.718820861678,206.541487482,Fotu Lokotui (Tonga),Lineout Attack,Green,947043,7,H,750,Tonga,21971,Fotu,Lokotui,1,259
160,194.095143752,206.152175159,Tupou Ma'afu-Afungia (Tonga),Lineout Attack,Red,947043,6,H,750,Tonga,56791,Tupou,Ma'afu-Afungia,1,259
161,195.89826688766368,204.69994423066865,Siosiua Moala (Tonga),Lineout Attack,Green,947043,8,H,750,Tonga,65198,Siosiua,Moala,1,316
162,196.79012259670657,208.424337645,Seungsin Lee (Japan),Tackle,Green,947043,10,A,3000,Japan,37841,Seungsin,Lee,1,316
163,197.065559431,208.424337645,Ben Gunter (Japan),Tackle,Green,947043,6,A,3000,Japan,26283,Ben,Gunter,1,318
164,200.219816527,211.20000705099895,Samiuela Moli (Tonga),Ruck,Green,947043,2,H,750,Tonga,29511,Samiuela,Moli,1,317
165,200.219816527,211.20000705099895,John Tapueluelu (Tonga),Ruck,Green,947043,11,H,750,Tonga,33907,John,Tapueluelu,1,317
166,200.219816527,211.20000705099895,Fetuli Paea (Tonga),Ruck,Green,947043,13,H,750,Tonga,27088,Fetuli,Paea,1,317
167,200.35356009070296,211.0999677423272,Uilisi Halaholo (Tonga),Carry,Green,947043,12,H,750,Tonga,20935,Uilisi,Halaholo,1,317
168,203.207489001,215.089767989,Hayate Era (Japan),Tackle,Green,947043,2,A,3000,Japan,61955,Hayate,Era,1,323
169,203.207489001,215.089767989,Kanji Shimokawa (Japan),Tackle,Green,947043,7,A,3000,Japan,30962,Kanji,Shimokawa,1,323
170,205.903382222,220.5824285,Ben Tameifuna (Tonga),Carry,Red,947043,3,H,750,Tonga,18807,Ben,Tameifuna,1,325
171,206.397361896,217.2999296479988,Siegfried Fisi'ihoi (Tonga),Ruck,Red,947043,1,H,750,Tonga,22136,Siegfried,Fisi'ihoi,1,326
172,206.746312674,217.79999590766676,Siosiua Moala (Tonga),Ruck,Yellow,947043,8,H,750,Tonga,65198,Siosiua,Moala,1,326
173,209.232788472,222.021837591,Kenta Kobayashi (Japan),Tackle,Green,947043,1,A,3000,Japan,34481,Kenta,Kobayashi,1,329
174,210.0866342595925,221.541718882,Jack Cornelsen (Japan),Tackle,Red,947043,4,A,3000,Japan,23697,Jack,Cornelsen,1,330
175,210.83414805,222.110007131,Veikoso Poloniati (Tonga),Ruck,Red,947043,4,H,750,Tonga,39123,Veikoso,Poloniati,1,330
176,210.83414805,222.110007131,Harison Mataele (Tonga),Ruck,Red,947043,5,H,750,Tonga,21969,Harison,Mataele,1,330
177,211.767243083,224.2000294406689,Fotu Lokotui (Tonga),Carry,Green,947043,7,H,750,Tonga,21971,Fotu,Lokotui,1,332
178,212.094541306,225.49995033054725,Ben Gunter (Japan),Tackle,Green,947043,6,A,3000,Japan,26283,Ben,Gunter,1,332
179,212.094541306,225.49995033054725,Charlie Lawrence (Japan),Tackle,Green,947043,12,A,3000,Japan,32522,Charlie,Lawrence,1,332
180,214.787109617,229.2999539446667,Siegfried Fisi'ihoi (Tonga),Ruck,Red,947043,1,H,750,Tonga,22136,Siegfried,Fisi'ihoi,1,335
181,214.787109617,229.2999539446667,Tupou Ma'afu-Afungia (Tonga),Ruck,Red,947043,6,H,750,Tonga,56791,Tupou,Ma'afu-Afungia,1,335
182,216.989536329,227.70000612299617,Samiuela Moli (Tonga),Carry,Yellow,947043,2,H,750,Tonga,29511,Samiuela,Moli,1,335
183,217.438072568,224.288364291,Kanji Shimokawa (Japan),Tackle,Green,947043,7,A,3000,Japan,30962,Kanji,Shimokawa,1,336
184,218.191436233,234.49998701132935,Siosiua Moala (Tonga),Carry,Yellow,947043,8,H,750,Tonga,65198,Siosiua,Moala,1,336
185,218.191436233,234.49998701132935,Fetuli Paea (Tonga),Carry,Yellow,947043,13,H,750,Tonga,27088,Fetuli,Paea,1,336
186,218.968496561,224.763036299,Amato Fakatava (Japan),Jackler,Green,947043,8,A,3000,Japan,36500,Amato,Fakatava,1,336
187,220.18435061614,229.40301139383917,Dylan Riley (Japan),Tackle,Green,947043,13,A,3000,Japan,27652,Dylan,Riley,1,340
188,221.09296636,231.675482496,Jack Cornelsen (Japan),Tackle,Green,947043,4,A,3000,Japan,23697,Jack,Cornelsen,1,341
189,221.09296636,231.675482496,Kanji Shimokawa (Japan),Tackle,Green,947043,7,A,3000,Japan,30962,Kanji,Shimokawa,1,341
190,221.259740966,227.319915971,Amato Fakatava (Japan),Tackle,Green,947043,8,A,3000,Japan,36500,Amato,Fakatava,1,341
191,222.812199691,230.799144618,Sonatane Takulua (Tonga),Ruck,Green,947043,9,H,750,Tonga,20156,Sonatane,Takulua,1,342
192,225.470337886,241.34165816,Ben Gunter (Japan),Tackle,Green,947043,6,A,3000,Japan,26283,Ben,Gunter,1,345
193,225.612139278,241.34165816,Shuhei Takeuchi (Japan),Tackle,Yellow,947043,3,A,3000,Japan,37874,Shuhei,Takeuchi,1,345
194,225.612139278,241.34165816,Warner Dearns (Japan),Tackle,Red,947043,5,A,3000,Japan,40399,Warner,Dearns,1,345
195,225.799144618,239.76028361,Harison Mataele (Tonga),Ruck,Green,947043,5,H,750,Tonga,21969,Harison,Mataele,1,345
196,226.811755761,239.463354209,Samiuela Moli (Tonga),Ruck,Green,947043,2,H,750,Tonga,29511,Samiuela,Moli,1,347
197,228.0425850340136,242.706697647,Fotu Lokotui (Tonga),Carry,Green,947043,7,H,750,Tonga,21971,Fotu,Lokotui,1,348
198,232.49834223491249,240.977045878,Hayate Era (Japan),Tackle,Green,947043,2,A,3000,Japan,61955,Hayate,Era,1,352
199,234.641176417,245.520310744,Siosiua Moala (Tonga),Ruck,Green,947043,8,H,750,Tonga,65198,Siosiua,Moala,1,355
200,234.641176417,245.520310744,Charles Piutau (Tonga),Ruck,Green,947043,15,H,750,Tonga,17091,Charles,Piutau,1,355
201,234.722677836,240.516853169,Amato Fakatava (Japan),Tackle,Green,947043,8,A,3000,Japan,36500,Amato,Fakatava,1,355
202,235.050338797,245.64363678,Patrick Pellegrini (Tonga),Carry,Green,947043,10,H,750,Tonga,37085,Patrick,Pellegrini,1,355
203,235.9971981665332,245.713898458,Tomoki Osada (Japan),Tackle,Green,947043,11,A,3000,Japan,31059,Tomoki,Osada,1,356
204,239.80278911564625,244.80278911564625,Shuhei Takeuchi (Japan),Phase Defence,Red,947043,3,A,3000,Japan,37874,Shuhei,Takeuchi,1,400
205,240.24952380952385,245.24952380952385,Ben Gunter (Japan),Phase Defence,Red,947043,6,A,3000,Japan,26283,Ben,Gunter,1,400
206,241.059288742,247.89993218490935,Hayate Era (Japan),Jackler,Green,947043,2,A,3000,Japan,61955,Hayate,Era,1,401
207,244.495871181,250.59997242708008,Jack Cornelsen (Japan),Tackle,Green,947043,4,A,3000,Japan,23697,Jack,Cornelsen,1,404
208,245.209903906,251.99997095733633,Harison Mataele (Tonga),Carry,Green,947043,5,H,750,Tonga,21969,Harison,Mataele,1,404
209,245.209903906,251.99997095733633,Fotu Lokotui (Tonga),Carry,Green,947043,7,H,750,Tonga,21971,Fotu,Lokotui,1,404
210,245.209903906,251.99997095733633,Siosiua Moala (Tonga),Carry,Green,947043,8,H,750,Tonga,65198,Siosiua,Moala,1,404
211,446.1934013605442,460.0998997370066,Siegfried Fisi'ihoi (Tonga),Lineout Attack,Green,947043,1,H,750,Tonga,22136,Siegfried,Fisi'ihoi,1,530
212,446.1934013605442,460.0998997370066,Samiuela Moli (Tonga),Lineout Attack,Green,947043,2,H,750,Tonga,29511,Samiuela,Moli,1,530
213,446.1934013605442,460.0998997370066,Ben Tameifuna (Tonga),Lineout Attack,Green,947043,3,H,750,Tonga,18807,Ben,Tameifuna,1,530
214,446.1934013605442,460.0998997370066,Veikoso Poloniati (Tonga),Lineout Attack,Green,947043,4,H,750,Tonga,39123,Veikoso,Poloniati,1,530
215,446.1934013605442,460.0998997370066,Harison Mataele (Tonga),Lineout Attack,Green,947043,5,H,750,Tonga,21969,Harison,Mataele,1,530
216,446.1934013605442,460.0998997370066,Tupou Ma'afu-Afungia (Tonga),Lineout Attack,Green,947043,6,H,750,Tonga,56791,Tupou,Ma'afu-Afungia,1,530
217,446.1934013605442,460.0998997370066,Fotu Lokotui (Tonga),Lineout Attack,Green,947043,7,H,750,Tonga,21971,Fotu,Lokotui,1,530
218,446.1934013605442,460.0998997370066,Siosiua Moala (Tonga),Lineout Attack,Green,947043,8,H,750,Tonga,65198,Siosiua,Moala,1,530
219,541.792690965,555.460455833,Tomoki Osada (Japan),Tackle,Green,947043,11,A,3000,Japan,31059,Tomoki,Osada,1,705
220,543.9525192809833,555.6292164317549,Kanji Shimokawa (Japan),Tackle,Green,947043,7,A,3000,Japan,30962,Kanji,Shimokawa,1,708
221,546.01000928,555.913560090703,Amato Fakatava (Japan),Charge Down,Green,947043,8,A,3000,Japan,36500,Amato,Fakatava,1,709
222,546.252850592,555.3999269213334,Samiuela Moli (Tonga),Ruck,Green,947043,2,H,750,Tonga,29511,Samiuela,Moli,1,709
223,546.252850592,555.3999269213334,Harison Mataele (Tonga),Ruck,Green,947043,5,H,750,Tonga,21969,Harison,Mataele,1,709
224,546.74410430839,555.0000044819934,Siosiua Moala (Tonga),Carry,Green,947043,8,H,750,Tonga,65198,Siosiua,Moala,1,709
225,547.093628154,555.2999679937036,Shinobu Fujiwara (Japan),Charge Down,Green,947043,9,A,3000,Japan,30969,Shinobu,Fujiwara,1,709
226,565.6845783064969,592.851018183,Kenta Kobayashi (Japan),Lineout Attack,Green,947043,1,A,3000,Japan,34481,Kenta,Kobayashi,1,730
227,565.6845783064969,592.851018183,Hayate Era (Japan),Lineout Attack,Green,947043,2,A,3000,Japan,61955,Hayate,Era,1,730
228,565.6845783064969,592.851018183,Shuhei Takeuchi (Japan),Lineout Attack,Green,947043,3,A,3000,Japan,37874,Shuhei,Takeuchi,1,730
229,565.6845783064969,592.851018183,Jack Cornelsen (Japan),Lineout Attack,Green,947043,4,A,3000,Japan,23697,Jack,Cornelsen,1,730
230,565.6845783064969,592.851018183,Warner Dearns (Japan),Lineout Attack,Green,947043,5,A,3000,Japan,40399,Warner,Dearns,1,730
231,565.6845783064969,592.851018183,Ben Gunter (Japan),Lineout Attack,Green,947043,6,A,3000,Japan,26283,Ben,Gunter,1,730
232,565.6845783064969,592.851018183,Kanji Shimokawa (Japan),Lineout Attack,Green,947043,7,A,3000,Japan,30962,Kanji,Shimokawa,1,730
233,565.6845783064969,592.851018183,Amato Fakatava (Japan),Lineout Attack,Green,947043,8,A,3000,Japan,36500,Amato,Fakatava,1,730
234,568.707274347,590.6999525076628,Siegfried Fisi'ihoi (Tonga),Lineout Defence,Green,947043,1,H,750,Tonga,22136,Siegfried,Fisi'ihoi,1,730
235,568.707274347,590.6999525076628,Samiuela Moli (Tonga),Lineout Defence,Green,947043,2,H,750,Tonga,29511,Samiuela,Moli,1,730
236,568.707274347,590.6999525076628,Veikoso Poloniati (Tonga),Lineout Defence,Green,947043,4,H,750,Tonga,39123,Veikoso,Poloniati,1,730
237,570.703124063,590.6999525076628,Ben Tameifuna (Tonga),Lineout Defence,Green,947043,3,H,750,Tonga,18807,Ben,Tameifuna,1,733
238,571.139113237,594.8999742869958,Tupou Ma'afu-Afungia (Tonga),Lineout Defence,Red,947043,6,H,750,Tonga,56791,Tupou,Ma'afu-Afungia,1,733
239,574.534730424,590.6999525076628,Harison Mataele (Tonga),Lineout Defence,Green,947043,5,H,750,Tonga,21969,Harison,Mataele,1,739
240,583.373471271,593.743974884,Jack Cornelsen (Japan),Ruck,Green,947043,4,A,3000,Japan,23697,Jack,Cornelsen,1,746
241,583.373471271,593.743974884,Sam Greene (Japan),Ruck,Green,947043,15,A,3000,Japan,22606,Sam,Greene,1,746
242,584.314784277,593.743974884,Kippei Ishida (Japan),Ruck,Green,947043,14,A,3000,Japan,34036,Kippei,Ishida,1,747
243,585.847256683,594.883129432,Tomoki Osada (Japan),Carry,Green,947043,11,A,3000,Japan,31059,Tomoki,Osada,1,749
244,588.562181934,606.8999398542076,Kippei Ishida (Japan),Ruck,Green,947043,14,A,3000,Japan,34036,Kippei,Ishida,1,751
245,588.562181934,606.8999398542076,Sam Greene (Japan),Ruck,Green,947043,15,A,3000,Japan,22606,Sam,Greene,1,751
246,590.3263685,595.699918370002,Uilisi Halaholo (Tonga),Tackle,Green,947043,12,H,750,Tonga,20935,Uilisi,Halaholo,1,751
247,592.5633106575964,606.8256376971464,Shinobu Fujiwara (Japan),Ruck,Yellow,947043,9,A,3000,Japan,30969,Shinobu,Fujiwara,1,751
248,597.9969717991091,609.625007086,Jack Cornelsen (Japan),Carry,Green,947043,4,A,3000,Japan,23697,Jack,Cornelsen,1,802
249,598.2542630385487,609.499955373663,Fetuli Paea (Tonga),Jackler,Yellow,947043,13,H,750,Tonga,27088,Fetuli,Paea,1,802
250,599.7161678004535,608.7999738243319,Veikoso Poloniati (Tonga),Tackle,Green,947043,4,H,750,Tonga,39123,Veikoso,Poloniati,1,803
251,600.0930612244898,610.8999600853308,Fotu Lokotui (Tonga),Tackle,Red,947043,7,H,750,Tonga,21971,Fotu,Lokotui,1,803
252,604.3823345643996,616.5999792785184,Amato Fakatava (Japan),Carry,Yellow,947043,8,A,3000,Japan,36500,Amato,Fakatava,1,806
253,604.4443537414966,612.199972945666,Samiuela Moli (Tonga),Tackle,Green,947043,2,H,750,Tonga,29511,Samiuela,Moli,1,806
254,604.612848475,615.868195926,Kenta Kobayashi (Japan),Ruck,Green,947043,1,A,3000,Japan,34481,Kenta,Kobayashi,1,806
255,604.612848475,615.868195926,Hayate Era (Japan),Ruck,Green,947043,2,A,3000,Japan,61955,Hayate,Era,1,806
256,604.612848475,615.868195926,Shuhei Takeuchi (Japan),Ruck,Green,947043,3,A,3000,Japan,37874,Shuhei,Takeuchi,1,806
257,605.2201814058957,614.4999979380008,Siegfried Fisi'ihoi (Tonga),Tackle,Red,947043,1,H,750,Tonga,22136,Siegfried,Fisi'ihoi,1,806
258,610.1980724942179,621.013720005,Warner Dearns (Japan),Ruck,Green,947043,5,A,3000,Japan,40399,Warner,Dearns,1,814
259,610.5984426606914,621.013720005,Kanji Shimokawa (Japan),Ruck,Green,947043,7,A,3000,Japan,30962,Kanji,Shimokawa,1,814
260,610.7978791654796,621.55338745,Charlie Lawrence (Japan),Carry,Green,947043,12,A,3000,Japan,32522,Charlie,Lawrence,1,812
261,611.107169883,616.5999767229961,Harison Mataele (Tonga),Tackle,Green,947043,5,H,750,Tonga,21969,Harison,Mataele,1,812
262,612.5492063492063,626.90000113067,Samiuela Moli (Tonga),Kick Retreat,Yellow,947043,2,H,750,Tonga,29511,Samiuela,Moli,1,816
263,613.190581903,627.985167305,Kenta Kobayashi (Japan),Kick Chase,Green,947043,1,A,3000,Japan,34481,Kenta,Kobayashi,1,816
264,613.190581903,627.985167305,Hayate Era (Japan),Kick Chase,Green,947043,2,A,3000,Japan,61955,Hayate,Era,1,816
265,613.190581903,627.985167305,Shuhei Takeuchi (Japan),Kick Chase,Green,947043,3,A,3000,Japan,37874,Shuhei,Takeuchi,1,816
266,613.190581903,627.985167305,Jack Cornelsen (Japan),Kick Chase,Green,947043,4,A,3000,Japan,23697,Jack,Cornelsen,1,816
267,613.190581903,627.985167305,Warner Dearns (Japan),Kick Chase,Green,947043,5,A,3000,Japan,40399,Warner,Dearns,1,816
268,613.190581903,627.985167305,Ben Gunter (Japan),Kick Chase,Green,947043,6,A,3000,Japan,26283,Ben,Gunter,1,816
269,613.190581903,627.985167305,Kanji Shimokawa (Japan),Kick Chase,Green,947043,7,A,3000,Japan,30962,Kanji,Shimokawa,1,816
270,613.190581903,627.985167305,Shinobu Fujiwara (Japan),Kick Chase,Green,947043,9,A,3000,Japan,30969,Shinobu,Fujiwara,1,816
271,613.190581903,627.985167305,Charlie Lawrence (Japan),Kick Chase,Green,947043,12,A,3000,Japan,32522,Charlie,Lawrence,1,816
272,613.190581903,627.985167305,Dylan Riley (Japan),Kick Chase,Green,947043,13,A,3000,Japan,27652,Dylan,Riley,1,816
273,613.190581903,627.985167305,Kippei Ishida (Japan),Kick Chase,Green,947043,14,A,3000,Japan,34036,Kippei,Ishida,1,816
274,613.190581903,627.985167305,Sam Greene (Japan),Kick Chase,Green,947043,15,A,3000,Japan,22606,Sam,Greene,1,816
275,613.1981793033314,624.0999590466681,Tupou Ma'afu-Afungia (Tonga),Tackle,Yellow,947043,6,H,750,Tonga,56791,Tupou,Ma'afu-Afungia,1,816
276,614.0348299319728,626.2999541150064,Veikoso Poloniati (Tonga),Kick Retreat,Red,947043,4,H,750,Tonga,39123,Veikoso,Poloniati,1,816
277,614.177389294,625.3999325819963,Harison Mataele (Tonga),Kick Retreat,Green,947043,5,H,750,Tonga,21969,Harison,Mataele,1,816
278,614.177389294,625.3999325819963,Siosiua Moala (Tonga),Kick Retreat,Green,947043,8,H,750,Tonga,65198,Siosiua,Moala,1,816
279,614.177389294,625.3999325819963,John Tapueluelu (Tonga),Kick Retreat,Green,947043,11,H,750,Tonga,33907,John,Tapueluelu,1,816
280,614.177389294,625.3999325819963,Uilisi Halaholo (Tonga),Kick Retreat,Green,947043,12,H,750,Tonga,20935,Uilisi,Halaholo,1,816
281,615.0476870748299,626.6999280353342,Fotu Lokotui (Tonga),Kick Retreat,Green,947043,7,H,750,Tonga,21971,Fotu,Lokotui,1,820
282,615.0476870748299,626.6999280353342,Nikolai Foliaki (Tonga),Kick Retreat,Green,947043,14,H,750,Tonga,34981,Nikolai,Foliaki,1,820
283,615.0476870748299,626.6999280353342,Charles Piutau (Tonga),Kick Retreat,Green,947043,15,H,750,Tonga,17091,Charles,Piutau,1,820
284,615.962240274,625.3999325819963,Sonatane Takulua (Tonga),Kick Retreat,Green,947043,9,H,750,Tonga,20156,Sonatane,Takulua,1,820
285,616.188231292517,624.1974435109817,Fetuli Paea (Tonga),Kick Retreat ,Red,947043,13,H,750,Tonga,27088,Fetuli,Paea,1,820
286,618.3614631664743,627.5376879716215,Amato Fakatava (Japan),Kick Chase,Yellow,947043,8,A,3000,Japan,36500,Amato,Fakatava,1,822
287,619.375891993,627.3965210616533,Patrick Pellegrini (Tonga),Carry,Red,947043,10,H,750,Tonga,37085,Patrick,Pellegrini,1,822
288,622.429090574,631.773356155,Ben Gunter (Japan),Jackler,Green,947043,6,A,3000,Japan,26283,Ben,Gunter,1,825
289,622.429090574,631.773356155,Sam Greene (Japan),Jackler,Red,947043,15,A,3000,Japan,22606,Sam,Greene,1,825
290,623.6866823977532,629.610566481,Dylan Riley (Japan),Tackle,Green,947043,13,A,3000,Japan,27652,Dylan,Riley,1,826
291,624.9587528344671,633.421945229,Ben Tameifuna (Tonga),Kick Retreat ,Red,947043,3,H,750,Tonga,18807,Ben,Tameifuna,1,829
292,624.9587528344671,633.421945229,Tupou Ma'afu-Afungia (Tonga),Kick Retreat ,Red,947043,6,H,750,Tonga,56791,Tupou,Ma'afu-Afungia,1,829
293,625.3771882086168,630.3771882086168,Siegfried Fisi'ihoi (Tonga),Kick Retreat ,Red,947043,1,H,750,Tonga,22136,Siegfried,Fisi'ihoi,1,829
294,626.0903174603175,631.0903174603175,Uilisi Halaholo (Tonga),Ruck,Red,947043,12,H,750,Tonga,20935,Uilisi,Halaholo,1,829
295,626.260645356,631.260645356,Amato Fakatava (Japan),Phase Defence,Red,947043,8,A,3000,Japan,36500,Amato,Fakatava,1,823
296,626.609966608,631.609966608,Jack Cornelsen (Japan),Phase Defence,Red,947043,4,A,3000,Japan,23697,Jack,Cornelsen,1,823
297,627.9784807256236,639.0999937580015,Sonatane Takulua (Tonga),Ruck,Green,947043,9,H,750,Tonga,20156,Sonatane,Takulua,1,823
298,628.368697687,638.7000094903326,Siosiua Moala (Tonga),Ruck,Red,947043,8,H,750,Tonga,65198,Siosiua,Moala,1,823
299,633.031118912,638.031118912,Kanji Shimokawa (Japan),Tackle,Green,947043,7,A,3000,Japan,30962,Kanji,Shimokawa,1,835
300,639.397511596083,651.380772596,Warner Dearns (Japan),Charge Down,Green,947043,5,A,3000,Japan,40399,Warner,Dearns,1,842
301,639.689280173996,649.9999088203346,Siegfried Fisi'ihoi (Tonga),Ruck,Green,947043,1,H,750,Tonga,22136,Siegfried,Fisi'ihoi,1,842
302,639.97753084,657.476368218,Kenta Kobayashi (Japan),Kick Retreat,Green,947043,1,A,3000,Japan,34481,Kenta,Kobayashi,1,842
303,639.97753084,657.476368218,Hayate Era (Japan),Kick Retreat,Green,947043,2,A,3000,Japan,61955,Hayate,Era,1,842
304,639.97753084,657.476368218,Shuhei Takeuchi (Japan),Kick Retreat,Green,947043,3,A,3000,Japan,37874,Shuhei,Takeuchi,1,842
305,639.97753084,657.476368218,Jack Cornelsen (Japan),Kick Retreat,Green,947043,4,A,3000,Japan,23697,Jack,Cornelsen,1,842
306,639.97753084,657.476368218,Warner Dearns (Japan),Kick Retreat,Red,947043,5,A,3000,Japan,40399,Warner,Dearns,1,842
307,639.97753084,657.476368218,Ben Gunter (Japan),Kick Retreat,Green,947043,6,A,3000,Japan,26283,Ben,Gunter,1,842
308,639.97753084,657.476368218,Kanji Shimokawa (Japan),Kick Retreat,Green,947043,7,A,3000,Japan,30962,Kanji,Shimokawa,1,842
309,639.97753084,657.476368218,Amato Fakatava (Japan),Kick Retreat,Green,947043,8,A,3000,Japan,36500,Amato,Fakatava,1,842
310,639.97753084,657.476368218,Shinobu Fujiwara (Japan),Kick Retreat,Green,947043,9,A,3000,Japan,30969,Shinobu,Fujiwara,1,842
311,639.97753084,657.476368218,Charlie Lawrence (Japan),Kick Retreat,Green,947043,12,A,3000,Japan,32522,Charlie,Lawrence,1,842
312,639.97753084,657.476368218,Dylan Riley (Japan),Kick Retreat,Green,947043,13,A,3000,Japan,27652,Dylan,Riley,1,842
313,639.97753084,657.476368218,Kippei Ishida (Japan),Kick Retreat,Green,947043,14,A,3000,Japan,34036,Kippei,Ishida,1,842
314,639.97753084,657.476368218,Sam Greene (Japan),Kick Retreat,Green,947043,15,A,3000,Japan,22606,Sam,Greene,1,842
315,640.0555782312925,656.726676103,Tupou Ma'afu-Afungia (Tonga),Kick Chase,Green,947043,6,H,750,Tonga,56791,Tupou,Ma'afu-Afungia,1,842
316,640.0555782312925,656.726676103,Fotu Lokotui (Tonga),Kick Chase,Green,947043,7,H,750,Tonga,21971,Fotu,Lokotui,1,842
317,640.0555782312925,656.726676103,John Tapueluelu (Tonga),Kick Chase,Green,947043,11,H,750,Tonga,33907,John,Tapueluelu,1,842
318,640.0555782312925,656.726676103,Fetuli Paea (Tonga),Kick Chase,Green,947043,13,H,750,Tonga,27088,Fetuli,Paea,1,842
319,640.0555782312925,656.726676103,Nikolai Foliaki (Tonga),Kick Chase,Green,947043,14,H,750,Tonga,34981,Nikolai,Foliaki,1,842
320,640.097011341,649.9999088203346,Ben Tameifuna (Tonga),Ruck,Green,947043,3,H,750,Tonga,18807,Ben,Tameifuna,1,842
321,640.097011341,649.9999088203346,Harison Mataele (Tonga),Ruck,Green,947043,5,H,750,Tonga,21969,Harison,Mataele,1,842
322,641.184612894,651.6999757056674,Siegfried Fisi'ihoi (Tonga),Kick Chase,Green,947043,1,H,750,Tonga,22136,Siegfried,Fisi'ihoi,1,842
323,641.184612894,651.6999757056674,Ben Tameifuna (Tonga),Kick Chase,Green,947043,3,H,750,Tonga,18807,Ben,Tameifuna,1,842
324,641.184612894,651.6999757056674,Harison Mataele (Tonga),Kick Chase,Green,947043,5,H,750,Tonga,21969,Harison,Mataele,1,842
325,642.712091504,649.053628829,Veikoso Poloniati (Tonga),Ruck,Green,947043,4,H,750,Tonga,39123,Veikoso,Poloniati,1,843
326,644.053628829,650.200005105662,Veikoso Poloniati (Tonga),Kick Chase,Green,947043,4,H,750,Tonga,39123,Veikoso,Poloniati,1,843
327,651.31262981,660.5999359746666,John Tapueluelu (Tonga),Tackle,Red,947043,11,H,750,Tonga,33907,John,Tapueluelu,1,854
328,651.453583711,663.6999510263357,Siegfried Fisi'ihoi (Tonga),Jackler,Red,947043,1,H,750,Tonga,22136,Siegfried,Fisi'ihoi,1,854
329,652.3739002267573,657.3739002267573,Siosiua Moala (Tonga),Kick Chase,Red,947043,8,H,750,Tonga,65198,Siosiua,Moala,1,856
330,652.6844935081209,663.655266561,Kenta Kobayashi (Japan),Ruck,Green,947043,1,A,3000,Japan,34481,Kenta,Kobayashi,1,856
331,652.7151473922903,657.7151473922903,Uilisi Halaholo (Tonga),Kick Chase,Red,947043,12,H,750,Tonga,20935,Uilisi,Halaholo,1,856
332,653.093328508,658.240288891,Ben Tameifuna (Tonga),Tackle,Red,947043,3,H,750,Tonga,18807,Ben,Tameifuna,1,856
333,653.298272716,664.408930448,Amato Fakatava (Japan),Ruck,Red,947043,8,A,3000,Japan,36500,Amato,Fakatava,1,857
334,657.161158356,668.1999789526692,Veikoso Poloniati (Tonga),Tackle,Red,947043,4,H,750,Tonga,39123,Veikoso,Poloniati,1,900
335,657.161158356,668.1999789526692,Fotu Lokotui (Tonga),Tackle,Red,947043,7,H,750,Tonga,21971,Fotu,Lokotui,1,900
336,657.6881409028196,665.503576071,Tomoki Osada (Japan),Carry,Red,947043,11,A,3000,Japan,31059,Tomoki,Osada,1,900
337,659.971555232,664.971555232,Siosiua Moala (Tonga),Phase Defence,Red,947043,8,H,750,Tonga,65198,Siosiua,Moala,1,903
338,659.971555232,664.971555232,Uilisi Halaholo (Tonga),Phase Defence,Red,947043,12,H,750,Tonga,20935,Uilisi,Halaholo,1,903
339,661.1978904558475,669.541468529,Hayate Era (Japan),Ruck,Yellow,947043,2,A,3000,Japan,61955,Hayate,Era,1,905
340,662.369050434,667.369050434,Uilisi Halaholo (Tonga),Tackle,Red,947043,12,H,750,Tonga,20935,Uilisi,Halaholo,1,905
341,662.4514965986394,669.705728109,Charles Piutau (Tonga),Kick Retreat,Green,947043,15,H,750,Tonga,17091,Charles,Piutau,1,905
342,662.4960392157936,669.5414685289999,Jack Cornelsen (Japan),Ruck,Red,947043,4,A,3000,Japan,23697,Jack,Cornelsen,1,905
343,662.88724261,671.135583287,Kenta Kobayashi (Japan),Kick Chase,Yellow,947043,1,A,3000,Japan,34481,Kenta,Kobayashi,1,905
344,662.88724261,671.135583287,Hayate Era (Japan),Kick Chase,Green,947043,2,A,3000,Japan,61955,Hayate,Era,1,905
345,662.88724261,671.135583287,Shuhei Takeuchi (Japan),Kick Chase,Green,947043,3,A,3000,Japan,37874,Shuhei,Takeuchi,1,905
346,662.88724261,671.135583287,Jack Cornelsen (Japan),Kick Chase,Yellow,947043,4,A,3000,Japan,23697,Jack,Cornelsen,1,905
347,662.88724261,671.135583287,Warner Dearns (Japan),Kick Chase,Yellow,947043,5,A,3000,Japan,40399,Warner,Dearns,1,905
348,662.88724261,671.135583287,Ben Gunter (Japan),Kick Chase,Yellow,947043,6,A,3000,Japan,26283,Ben,Gunter,1,905
349,662.88724261,671.135583287,Kanji Shimokawa (Japan),Kick Chase,Green,947043,7,A,3000,Japan,30962,Kanji,Shimokawa,1,905
350,662.88724261,671.135583287,Amato Fakatava (Japan),Kick Chase,Yellow,947043,8,A,3000,Japan,36500,Amato,Fakatava,1,905
351,662.88724261,671.135583287,Shinobu Fujiwara (Japan),Kick Chase,Green,947043,9,A,3000,Japan,30969,Shinobu,Fujiwara,1,905
352,662.88724261,671.135583287,Tomoki Osada (Japan),Kick Chase,Yellow,947043,11,A,3000,Japan,31059,Tomoki,Osada,1,905
353,662.88724261,671.135583287,Charlie Lawrence (Japan),Kick Chase,Green,947043,12,A,3000,Japan,32522,Charlie,Lawrence,1,905
354,662.88724261,671.135583287,Kippei Ishida (Japan),Kick Chase,Yellow,947043,14,A,3000,Japan,34036,Kippei,Ishida,1,905
355,662.88724261,671.135583287,Sam Greene (Japan),Kick Chase,Green,947043,15,A,3000,Japan,22606,Sam,Greene,1,905
356,662.985389447,669.705728109,Samiuela Moli (Tonga),Kick Retreat,Green,947043,2,H,750,Tonga,29511,Samiuela,Moli,1,905
357,662.985389447,669.705728109,Ben Tameifuna (Tonga),Kick Retreat,Green,947043,3,H,750,Tonga,18807,Ben,Tameifuna,1,905
358,663.482489421,669.705728109,Harison Mataele (Tonga),Kick Retreat,Green,947043,5,H,750,Tonga,21969,Harison,Mataele,1,905
359,664.2970058224224,670.157178114,Dylan Riley (Japan),Carry,Green,947043,13,A,3000,Japan,27652,Dylan,Riley,1,906
360,664.705728109,669.705728109,Veikoso Poloniati (Tonga),Kick Retreat,Yellow,947043,4,H,750,Tonga,39123,Veikoso,Poloniati,1,906
361,664.76495709,669.76495709,Siegfried Fisi'ihoi (Tonga),Kick Retreat,Yellow,947043,1,H,750,Tonga,22136,Siegfried,Fisi'ihoi,1,906
362,664.76495709,669.76495709,Tupou Ma'afu-Afungia (Tonga),Kick Retreat,Yellow,947043,6,H,750,Tonga,56791,Tupou,Ma'afu-Afungia,1,906
363,664.76495709,669.76495709,Siosiua Moala (Tonga),Kick Retreat,Yellow,947043,8,H,750,Tonga,65198,Siosiua,Moala,1,906
364,664.76495709,669.76495709,Fetuli Paea (Tonga),Kick Retreat,Yellow,947043,13,H,750,Tonga,27088,Fetuli,Paea,1,906
365,665.693487898,683.3998931799996,Patrick Pellegrini (Tonga),Kick Chase,Green,947043,10,H,750,Tonga,37085,Patrick,Pellegrini,1,906
366,667.3939909297052,683.3999001776644,Veikoso Poloniati (Tonga),Kick Chase,Green,947043,4,H,750,Tonga,39123,Veikoso,Poloniati,1,906
367,667.3939909297052,683.3999001776644,Fotu Lokotui (Tonga),Kick Chase,Green,947043,7,H,750,Tonga,21971,Fotu,Lokotui,1,906
368,667.807921881,683.639032688,Kenta Kobayashi (Japan),Kick Retreat,Green,947043,1,A,3000,Japan,34481,Kenta,Kobayashi,1,906
369,667.807921881,683.639032688,Hayate Era (Japan),Kick Retreat,Green,947043,2,A,3000,Japan,61955,Hayate,Era,1,906
370,667.807921881,683.639032688,Shuhei Takeuchi (Japan),Kick Retreat,Green,947043,3,A,3000,Japan,37874,Shuhei,Takeuchi,1,906
371,667.807921881,683.639032688,Jack Cornelsen (Japan),Kick Retreat,Yellow,947043,4,A,3000,Japan,23697,Jack,Cornelsen,1,906
372,667.807921881,683.639032688,Warner Dearns (Japan),Kick Retreat,Green,947043,5,A,3000,Japan,40399,Warner,Dearns,1,906
373,667.807921881,683.639032688,Ben Gunter (Japan),Kick Retreat,Green,947043,6,A,3000,Japan,26283,Ben,Gunter,1,906
374,667.807921881,683.639032688,Kanji Shimokawa (Japan),Kick Retreat,Green,947043,7,A,3000,Japan,30962,Kanji,Shimokawa,1,906
375,667.807921881,683.639032688,Amato Fakatava (Japan),Kick Retreat,Green,947043,8,A,3000,Japan,36500,Amato,Fakatava,1,906
376,667.807921881,683.639032688,Shinobu Fujiwara (Japan),Kick Retreat,Green,947043,9,A,3000,Japan,30969,Shinobu,Fujiwara,1,906
377,667.807921881,683.639032688,Seungsin Lee (Japan),Kick Retreat,Green,947043,10,A,3000,Japan,37841,Seungsin,Lee,1,906
378,667.807921881,683.639032688,Tomoki Osada (Japan),Kick Retreat,Green,947043,11,A,3000,Japan,31059,Tomoki,Osada,1,906
379,667.807921881,683.639032688,Charlie Lawrence (Japan),Kick Retreat,Green,947043,12,A,3000,Japan,32522,Charlie,Lawrence,1,906
380,667.807921881,683.639032688,Dylan Riley (Japan),Kick Retreat,Green,947043,13,A,3000,Japan,27652,Dylan,Riley,1,906
381,667.807921881,683.639032688,Kippei Ishida (Japan),Kick Retreat,Green,947043,14,A,3000,Japan,34036,Kippei,Ishida,1,906
382,667.807921881,683.639032688,Sam Greene (Japan),Kick Retreat,Green,947043,15,A,3000,Japan,22606,Sam,Greene,1,906
383,668.9794557823129,673.9794557823129,Uilisi Halaholo (Tonga),Kick Chase,Yellow,947043,12,H,750,Tonga,20935,Uilisi,Halaholo,1,906
384,669.246554394,674.246554394,Samiuela Moli (Tonga),Kick Chase,Yellow,947043,2,H,750,Tonga,29511,Samiuela,Moli,1,906
385,669.882335600907,674.882335600907,Ben Tameifuna (Tonga),Kick Chase,Yellow,947043,3,H,750,Tonga,18807,Ben,Tameifuna,1,917
386,670.339995013,683.3999001776644,Siegfried Fisi'ihoi (Tonga),Kick Chase,Green,947043,1,H,750,Tonga,22136,Siegfried,Fisi'ihoi,1,917
387,670.339995013,683.3999001776644,Harison Mataele (Tonga),Kick Chase,Green,947043,5,H,750,Tonga,21969,Harison,Mataele,1,917
388,670.7155328798186,683.3999001776644,Fetuli Paea (Tonga),Kick Chase,Green,947043,13,H,750,Tonga,27088,Fetuli,Paea,1,917
389,671.9335827664399,683.3999001776644,Siosiua Moala (Tonga),Kick Chase,Green,947043,8,H,750,Tonga,65198,Siosiua,Moala,1,917
390,672.686687148,683.3999001776644,Tupou Ma'afu-Afungia (Tonga),Kick Chase,Green,947043,6,H,750,Tonga,56791,Tupou,Ma'afu-Afungia,1,917
391,674.144006289,683.3999001776644,Nikolai Foliaki (Tonga),Kick Chase,Green,947043,14,H,750,Tonga,34981,Nikolai,Foliaki,1,917
392,675.592711985,685.161644937,Shinobu Fujiwara (Japan),Kick Chase,Green,947043,9,A,3000,Japan,30969,Shinobu,Fujiwara,1,917
393,675.592711985,685.161644937,Dylan Riley (Japan),Kick Chase,Green,947043,13,A,3000,Japan,27652,Dylan,Riley,1,917
394,707.628151032,716.0999208406637,Veikoso Poloniati (Tonga),Tackle,Green,947043,4,H,750,Tonga,39123,Veikoso,Poloniati,1,950
395,711.791346658,717.9998929168934,Hayate Era (Japan),Linebreak Attack,Gold,947043,2,A,3000,Japan,61955,Hayate,Era,1,954
396,827.022206905,841.186389444,Kenta Kobayashi (Japan),Lineout Defence,Green,947043,1,A,3000,Japan,34481,Kenta,Kobayashi,1,1151
397,827.022206905,841.186389444,Shuhei Takeuchi (Japan),Lineout Defence,Green,947043,3,A,3000,Japan,37874,Shuhei,Takeuchi,1,1151
398,827.022206905,841.186389444,Jack Cornelsen (Japan),Lineout Defence,Green,947043,4,A,3000,Japan,23697,Jack,Cornelsen,1,1151
399,827.022206905,841.186389444,Warner Dearns (Japan),Lineout Defence,Green,947043,5,A,3000,Japan,40399,Warner,Dearns,1,1151
400,827.022206905,841.186389444,Kanji Shimokawa (Japan),Lineout Defence,Green,947043,7,A,3000,Japan,30962,Kanji,Shimokawa,1,1151
401,828.724482096,840.799962837999,Siegfried Fisi'ihoi (Tonga),Lineout Attack,Green,947043,1,H,750,Tonga,22136,Siegfried,Fisi'ihoi,1,1151
402,830.406481898,840.7000017556709,Ben Tameifuna (Tonga),Lineout Attack,Green,947043,3,H,750,Tonga,18807,Ben,Tameifuna,1,1154
403,830.406481898,840.7000017556709,Veikoso Poloniati (Tonga),Lineout Attack,Green,947043,4,H,750,Tonga,39123,Veikoso,Poloniati,1,1154
404,830.406481898,840.7000017556709,Harison Mataele (Tonga),Lineout Attack,Green,947043,5,H,750,Tonga,21969,Harison,Mataele,1,1154
405,830.406481898,840.7000017556709,Tupou Ma'afu-Afungia (Tonga),Lineout Attack,Green,947043,6,H,750,Tonga,56791,Tupou,Ma'afu-Afungia,1,1154
406,830.7768480725623,840.799962837999,Samiuela Moli (Tonga),Lineout Attack,Green,947043,2,H,750,Tonga,29511,Samiuela,Moli,1,1154
407,830.7768480725623,840.799962837999,Fotu Lokotui (Tonga),Lineout Attack,Green,947043,7,H,750,Tonga,21971,Fotu,Lokotui,1,1154
408,832.808287139,843.616608491,Ben Gunter (Japan),Tackle,Green,947043,6,A,3000,Japan,26283,Ben,Gunter,1,1156
409,832.808287139,843.616608491,Amato Fakatava (Japan),Tackle,Green,947043,8,A,3000,Japan,36500,Amato,Fakatava,1,1156
410,835.868340918,847.69908394,Nikolai Foliaki (Tonga),Ruck,Green,947043,14,H,750,Tonga,34981,Nikolai,Foliaki,1,1159
411,840.578819143,849.442568901,Kenta Kobayashi (Japan),Tackle,Green,947043,1,A,3000,Japan,34481,Kenta,Kobayashi,1,1202
412,840.578819143,849.442568901,Shuhei Takeuchi (Japan),Tackle,Green,947043,3,A,3000,Japan,37874,Shuhei,Takeuchi,1,1202
413,841.219609853,850.6999532373327,Samiuela Moli (Tonga),Ruck,Green,947043,2,H,750,Tonga,29511,Samiuela,Moli,1,1204
414,841.219609853,850.6999532373327,Harison Mataele (Tonga),Ruck,Green,947043,5,H,750,Tonga,21969,Harison,Mataele,1,1204
415,841.219609853,850.6999532373327,Fotu Lokotui (Tonga),Ruck,Green,947043,7,H,750,Tonga,21971,Fotu,Lokotui,1,1204
416,841.9440136054421,846.9440136054421,Siosiua Moala (Tonga),Carry,Red,947043,8,H,750,Tonga,65198,Siosiua,Moala,1,1204
417,843.327361334,856.2999509403305,Uilisi Halaholo (Tonga),Carry,Red,947043,12,H,750,Tonga,20935,Uilisi,Halaholo,1,1206
418,843.4797278911565,852.86670135,Fotu Lokotui (Tonga),Ruck,Yellow,947043,7,H,750,Tonga,21971,Fotu,Lokotui,1,1206
419,844.268908319,858.9999655046628,Ben Tameifuna (Tonga),Carry,Red,947043,3,H,750,Tonga,18807,Ben,Tameifuna,1,1208
420,844.502999211,855.986969893,Jack Cornelsen (Japan),Tackle,Green,947043,4,A,3000,Japan,23697,Jack,Cornelsen,1,1208
421,844.502999211,855.986969893,Kanji Shimokawa (Japan),Tackle,Green,947043,7,A,3000,Japan,30962,Kanji,Shimokawa,1,1208
422,847.007215591,861.8999843029997,Siegfried Fisi'ihoi (Tonga),Ruck,Red,947043,1,H,750,Tonga,22136,Siegfried,Fisi'ihoi,1,1207
423,847.007215591,861.8999843029997,Veikoso Poloniati (Tonga),Ruck,Red,947043,4,H,750,Tonga,39123,Veikoso,Poloniati,1,1207
424,848.303802029,861.524655779,Kenta Kobayashi (Japan),Tackle,Green,947043,1,A,3000,Japan,34481,Kenta,Kobayashi,1,1211
425,848.303802029,861.524655779,Hayate Era (Japan),Tackle,Green,947043,2,A,3000,Japan,61955,Hayate,Era,1,1211
426,852.495512342,862.6999377626631,Samiuela Moli (Tonga),Ruck,Yellow,947043,2,H,750,Tonga,29511,Samiuela,Moli,1,1216
427,852.495512342,862.6999377626631,Harison Mataele (Tonga),Ruck,Yellow,947043,5,H,750,Tonga,21969,Harison,Mataele,1,1216
428,853.2028571428572,866.6999142163392,Fotu Lokotui (Tonga),Carry,Yellow,947043,7,H,750,Tonga,21971,Fotu,Lokotui,1,1216
429,853.733322219,863.96250019,Seungsin Lee (Japan),Kick Retreat,Green,947043,10,A,3000,Japan,37841,Seungsin,Lee,1,1216
430,854.947774563,863.96250019,Ben Gunter (Japan),Kick Retreat,Green,947043,6,A,3000,Japan,26283,Ben,Gunter,1,1220
431,854.947774563,863.96250019,Shinobu Fujiwara (Japan),Kick Retreat,Green,947043,9,A,3000,Japan,30969,Shinobu,Fujiwara,1,1220
432,854.947774563,863.96250019,Charlie Lawrence (Japan),Kick Retreat,Green,947043,12,A,3000,Japan,32522,Charlie,Lawrence,1,1220
433,854.947774563,863.96250019,Kippei Ishida (Japan),Kick Retreat,Green,947043,14,A,3000,Japan,34036,Kippei,Ishida,1,1220
434,856.339666262,863.96250019,Kanji Shimokawa (Japan),Kick Retreat,Green,947043,7,A,3000,Japan,30962,Kanji,Shimokawa,1,1220
435,856.958061991,863.96250019,Kenta Kobayashi (Japan),Kick Retreat,Green,947043,1,A,3000,Japan,34481,Kenta,Kobayashi,1,1220
436,858.188397215,864.504489736,Hayate Era (Japan),Kick Retreat,Yellow,947043,2,A,3000,Japan,61955,Hayate,Era,1,1220
437,858.188397215,864.504489736,Shuhei Takeuchi (Japan),Kick Retreat,Yellow,947043,3,A,3000,Japan,37874,Shuhei,Takeuchi,1,1220
438,858.188397215,864.504489736,Jack Cornelsen (Japan),Kick Retreat,Yellow,947043,4,A,3000,Japan,23697,Jack,Cornelsen,1,1220
439,858.188397215,864.504489736,Warner Dearns (Japan),Kick Retreat,Yellow,947043,5,A,3000,Japan,40399,Warner,Dearns,1,1220
440,858.188397215,864.504489736,Amato Fakatava (Japan),Kick Retreat,Yellow,947043,8,A,3000,Japan,36500,Amato,Fakatava,1,1220
441,858.188397215,864.504489736,Dylan Riley (Japan),Kick Retreat,Yellow,947043,13,A,3000,Japan,27652,Dylan,Riley,1,1220
442,883.5465306122449,892.507085431,Samiuela Moli (Tonga),Lineout Defence,Green,947043,2,H,750,Tonga,29511,Samiuela,Moli,1,1246
443,883.5465306122449,892.507085431,Tupou Ma'afu-Afungia (Tonga),Lineout Defence,Green,947043,6,H,750,Tonga,56791,Tupou,Ma'afu-Afungia,1,1246
444,1007.9847829717668,1022.9995339164284,Jack Cornelsen (Japan),Scrum Attack,Green,947043,4,A,3000,Japan,23697,Jack,Cornelsen,1,1450
445,1007.9847829717668,1022.9995339164284,Warner Dearns (Japan),Scrum Attack,Green,947043,5,A,3000,Japan,40399,Warner,Dearns,1,1450
446,1007.9847829717668,1022.9995339164284,Ben Gunter (Japan),Scrum Attack,Green,947043,6,A,3000,Japan,26283,Ben,Gunter,1,1450
447,1007.9847829717668,1022.9995339164284,Kanji Shimokawa (Japan),Scrum Attack,Green,947043,7,A,3000,Japan,30962,Kanji,Shimokawa,1,1450
448,1007.9847829717668,1022.9995339164284,Amato Fakatava (Japan),Scrum Attack,Green,947043,8,A,3000,Japan,36500,Amato,Fakatava,1,1450
449,1009.630538781,1019.599880327332,Veikoso Poloniati (Tonga),Scrum Defence,Green,947043,4,H,750,Tonga,39123,Veikoso,Poloniati,1,1450
450,1009.630538781,1019.599880327332,Tupou Ma'afu-Afungia (Tonga),Scrum Defence,Green,947043,6,H,750,Tonga,56791,Tupou,Ma'afu-Afungia,1,1450
451,1009.630538781,1019.599880327332,Siosiua Moala (Tonga),Scrum Defence,Green,947043,8,H,750,Tonga,65198,Siosiua,Moala,1,1450
452,1009.6412925170068,1018.3999338533356,Fotu Lokotui (Tonga),Scrum Defence,Green,947043,7,H,750,Tonga,21971,Fotu,Lokotui,1,1450
453,1010.827457406,1018.9971892686584,Harison Mataele (Tonga),Scrum Defence,Red,947043,5,H,750,Tonga,21969,Harison,Mataele,1,1454
454,1032.175539201,1065.075375139,Kenta Kobayashi (Japan),Lineout Defence,Green,947043,1,A,3000,Japan,34481,Kenta,Kobayashi,1,1517
455,1032.175539201,1065.075375139,Shuhei Takeuchi (Japan),Lineout Defence,Green,947043,3,A,3000,Japan,37874,Shuhei,Takeuchi,1,1517
456,1032.175539201,1065.075375139,Jack Cornelsen (Japan),Lineout Defence,Green,947043,4,A,3000,Japan,23697,Jack,Cornelsen,1,1517
457,1032.175539201,1065.075375139,Warner Dearns (Japan),Lineout Defence,Green,947043,5,A,3000,Japan,40399,Warner,Dearns,1,1517
458,1032.175539201,1065.075375139,Kanji Shimokawa (Japan),Lineout Defence,Green,947043,7,A,3000,Japan,30962,Kanji,Shimokawa,1,1517
459,1041.845568348,1065.075375139,Hayate Era (Japan),Lineout Defence,Green,947043,2,A,3000,Japan,61955,Hayate,Era,1,1517
460,1050.641836734694,1061.795848469,Ben Tameifuna (Tonga),Lineout Attack,Red,947043,3,H,750,Tonga,18807,Ben,Tameifuna,1,1519
461,1051.1390022675737,1061.795848469,Siegfried Fisi'ihoi (Tonga),Lineout Attack,Red,947043,1,H,750,Tonga,22136,Siegfried,Fisi'ihoi,1,1534
462,1051.1390022675737,1061.795848469,Harison Mataele (Tonga),Lineout Attack,Red,947043,5,H,750,Tonga,21969,Harison,Mataele,1,1534
463,1051.258802772,1062.392620787,Samiuela Moli (Tonga),Lineout Attack,Green,947043,2,H,750,Tonga,29511,Samiuela,Moli,1,1534
464,1051.258802772,1062.392620787,Tupou Ma'afu-Afungia (Tonga),Lineout Attack,Green,947043,6,H,750,Tonga,56791,Tupou,Ma'afu-Afungia,1,1534
465,1055.8792517006802,1060.8792517006802,Fotu Lokotui (Tonga),Lineout Attack,Green,947043,7,H,750,Tonga,21971,Fotu,Lokotui,1,1536
466,1097.532399729,1113.747544773,Kenta Kobayashi (Japan),Lineout Attack,Green,947043,1,A,3000,Japan,34481,Kenta,Kobayashi,1,1622
467,1097.532399729,1113.747544773,Hayate Era (Japan),Lineout Attack,Green,947043,2,A,3000,Japan,61955,Hayate,Era,1,1622
468,1097.532399729,1113.747544773,Shuhei Takeuchi (Japan),Lineout Attack,Green,947043,3,A,3000,Japan,37874,Shuhei,Takeuchi,1,1622
469,1097.532399729,1113.747544773,Jack Cornelsen (Japan),Lineout Attack,Green,947043,4,A,3000,Japan,23697,Jack,Cornelsen,1,1622
470,1097.532399729,1113.747544773,Warner Dearns (Japan),Lineout Attack,Green,947043,5,A,3000,Japan,40399,Warner,Dearns,1,1622
471,1097.532399729,1113.747544773,Ben Gunter (Japan),Lineout Attack,Green,947043,6,A,3000,Japan,26283,Ben,Gunter,1,1622
472,1097.532399729,1113.747544773,Kanji Shimokawa (Japan),Lineout Attack,Green,947043,7,A,3000,Japan,30962,Kanji,Shimokawa,1,1622
473,1097.532399729,1113.747544773,Amato Fakatava (Japan),Lineout Attack,Green,947043,8,A,3000,Japan,36500,Amato,Fakatava,1,1622
474,1100.9918140589568,1112.7001957016707,Tupou Ma'afu-Afungia (Tonga),Lineout Defence,Green,947043,6,H,750,Tonga,56791,Tupou,Ma'afu-Afungia,1,1624
475,1101.4126530612243,1112.7001957016707,Siegfried Fisi'ihoi (Tonga),Lineout Defence,Green,947043,1,H,750,Tonga,22136,Siegfried,Fisi'ihoi,1,1624
476,1101.4126530612243,1112.7001957016707,Samiuela Moli (Tonga),Lineout Defence,Green,947043,2,H,750,Tonga,29511,Samiuela,Moli,1,1624
477,1101.4126530612243,1112.7001957016707,Ben Tameifuna (Tonga),Lineout Defence,Green,947043,3,H,750,Tonga,18807,Ben,Tameifuna,1,1624
478,1101.4126530612243,1112.7001957016707,Veikoso Poloniati (Tonga),Lineout Defence,Green,947043,4,H,750,Tonga,39123,Veikoso,Poloniati,1,1624
479,1102.464349848,1112.7001957016707,Harison Mataele (Tonga),Lineout Defence,Green,947043,5,H,750,Tonga,21969,Harison,Mataele,1,1625
480,1102.9860698236776,1110.0979747389872,Siosiua Moala (Tonga),Jackler,Green,947043,8,H,750,Tonga,65198,Siosiua,Moala,1,1626
481,1105.397839143949,1116.219624137,Dylan Riley (Japan),Ruck,Green,947043,13,A,3000,Japan,27652,Dylan,Riley,1,1628
482,1107.2978566845927,1116.219624137,Shuhei Takeuchi (Japan),Ruck,Green,947043,3,A,3000,Japan,37874,Shuhei,Takeuchi,1,1630
483,1107.936629638,1118.906713371,Fotu Lokotui (Tonga),Tackle,Red,947043,7,H,750,Tonga,21971,Fotu,Lokotui,1,1630
484,1110.823045496,1123.9999502483363,Uilisi Halaholo (Tonga),Tackle,Red,947043,12,H,750,Tonga,20935,Uilisi,Halaholo,1,1635
485,1111.869863753,1122.0999715713333,Siosiua Moala (Tonga),Tackle,Green,947043,8,H,750,Tonga,65198,Siosiua,Moala,1,1634
486,1111.875496073,1116.875496073,Tomoki Osada (Japan),Carry,Green,947043,11,A,3000,Japan,31059,Tomoki,Osada,1,1634
487,1112.1019047619047,1117.1019047619047,Fotu Lokotui (Tonga),Phase Defence,Red,947043,7,H,750,Tonga,21971,Fotu,Lokotui,1,1634
488,1112.467812367,1123.633855378,Hayate Era (Japan),Ruck,Yellow,947043,2,A,3000,Japan,61955,Hayate,Era,1,1634
489,1112.467812367,1123.633855378,Warner Dearns (Japan),Ruck,Red,947043,5,A,3000,Japan,40399,Warner,Dearns,1,1634
490,1112.467812367,1123.633855378,Kanji Shimokawa (Japan),Ruck,Green,947043,7,A,3000,Japan,30962,Kanji,Shimokawa,1,1634
491,1114.9562811791384,1123.6999210563342,John Tapueluelu (Tonga),Tackle,Green,947043,11,H,750,Tonga,33907,John,Tapueluelu,1,1638
492,1114.9562811791384,1123.6999210563342,Charles Piutau (Tonga),Tackle,Green,947043,15,H,750,Tonga,17091,Charles,Piutau,1,1638
493,1115.473853095,1121.270582735,Amato Fakatava (Japan),Carry,Green,947043,8,A,3000,Japan,36500,Amato,Fakatava,1,1638
494,1117.188241086722,1126.096198982,Sam Greene (Japan),Carry,Green,947043,15,A,3000,Japan,22606,Sam,Greene,1,1640
495,1117.738587342,1125.813890339,Seungsin Lee (Japan),Ruck,Yellow,947043,10,A,3000,Japan,37841,Seungsin,Lee,1,1640
496,1117.738587342,1125.813890339,Charlie Lawrence (Japan),Ruck,Yellow,947043,12,A,3000,Japan,32522,Charlie,Lawrence,1,1640
497,1186.540869797,1195.099937871333,Siosiua Moala (Tonga),Scrum Defence,Green,947043,8,H,750,Tonga,65198,Siosiua,Moala,1,1747
498,1293.706243963,1303.5999232449965,Fetuli Paea (Tonga),Tackle,Green,947043,13,H,750,Tonga,27088,Fetuli,Paea,1,1937
499,1295.363431486,1308.37547513,Kenta Kobayashi (Japan),Ruck,Green,947043,1,A,3000,Japan,34481,Kenta,Kobayashi,1,1938
500,1295.363431486,1308.37547513,Hayate Era (Japan),Ruck,Yellow,947043,2,A,3000,Japan,61955,Hayate,Era,1,1938
501,1295.363431486,1308.37547513,Jack Cornelsen (Japan),Ruck,Red,947043,4,A,3000,Japan,23697,Jack,Cornelsen,1,1938
502,1296.5181632653062,1304.7999454216645,Siegfried Fisi'ihoi (Tonga),Jackler,Green,947043,1,H,750,Tonga,22136,Siegfried,Fisi'ihoi,1,1940
503,1297.368960344,1303.1000196866669,Siegfried Fisi'ihoi (Tonga),Phase Defence,Red,947043,1,H,750,Tonga,22136,Siegfried,Fisi'ihoi,1,1940
504,1303.550169775,1310.4001919126683,Fotu Lokotui (Tonga),Tackle,Green,947043,7,H,750,Tonga,21971,Fotu,Lokotui,1,1946
505,1304.2540589569162,1309.2540589569162,Amato Fakatava (Japan),Carry,Red,947043,8,A,3000,Japan,36500,Amato,Fakatava,1,1946
506,1304.436087392,1311.7999425463313,Uilisi Halaholo (Tonga),Tackle,Yellow,947043,12,H,750,Tonga,20935,Uilisi,Halaholo,1,1948
507,1307.2320561992158,1317.024608942,Kanji Shimokawa (Japan),Ruck,Green,947043,7,A,3000,Japan,30962,Kanji,Shimokawa,1,1950
508,1307.5272145909155,1317.024608942,Ben Gunter (Japan),Ruck,Green,947043,6,A,3000,Japan,26283,Ben,Gunter,1,1950
509,1338.971214462,1355.796615366,Kenta Kobayashi (Japan),Lineout Defence,Green,947043,1,A,3000,Japan,34481,Kenta,Kobayashi,1,2022
510,1338.971214462,1355.796615366,Shuhei Takeuchi (Japan),Lineout Defence,Green,947043,3,A,3000,Japan,37874,Shuhei,Takeuchi,1,2022
511,1338.971214462,1355.796615366,Jack Cornelsen (Japan),Lineout Defence,Yellow,947043,4,A,3000,Japan,23697,Jack,Cornelsen,1,2022
512,1338.971214462,1355.796615366,Warner Dearns (Japan),Lineout Defence,Yellow,947043,5,A,3000,Japan,40399,Warner,Dearns,1,2022
513,1339.925761456,1352.6999232646676,Samiuela Moli (Tonga),Lineout Attack,Yellow,947043,2,H,750,Tonga,29511,Samiuela,Moli,1,2022
514,1340.1060317460317,1352.2000136950023,Veikoso Poloniati (Tonga),Lineout Attack,Red,947043,4,H,750,Tonga,39123,Veikoso,Poloniati,1,2022
515,1340.1060317460317,1352.2000136950023,Tupou Ma'afu-Afungia (Tonga),Lineout Attack,Red,947043,6,H,750,Tonga,56791,Tupou,Ma'afu-Afungia,1,2022
516,1342.6868707482993,1352.5999583666685,Siegfried Fisi'ihoi (Tonga),Lineout Attack,Green,947043,1,H,750,Tonga,22136,Siegfried,Fisi'ihoi,1,2022
517,1342.6868707482993,1352.5999583666685,Harison Mataele (Tonga),Lineout Attack,Green,947043,5,H,750,Tonga,21969,Harison,Mataele,1,2022
518,1505.079237612,1517.901746031746,Kenta Kobayashi (Japan),Scrum Defence,Red,947043,1,A,3000,Japan,34481,Kenta,Kobayashi,1,2308
519,1505.079237612,1517.901746031746,Hayate Era (Japan),Scrum Defence,Red,947043,2,A,3000,Japan,61955,Hayate,Era,1,2308
520,1505.079237612,1517.901746031746,Shuhei Takeuchi (Japan),Scrum Defence,Red,947043,3,A,3000,Japan,37874,Shuhei,Takeuchi,1,2308
521,1505.739519271,1517.711101863,Jack Cornelsen (Japan),Scrum Defence,Green,947043,4,A,3000,Japan,23697,Jack,Cornelsen,1,2308
522,1505.739519271,1517.711101863,Warner Dearns (Japan),Scrum Defence,Green,947043,5,A,3000,Japan,40399,Warner,Dearns,1,2308
523,1505.739519271,1517.711101863,Ben Gunter (Japan),Scrum Defence,Green,947043,6,A,3000,Japan,26283,Ben,Gunter,1,2308
524,1505.739519271,1517.711101863,Kanji Shimokawa (Japan),Scrum Defence,Green,947043,7,A,3000,Japan,30962,Kanji,Shimokawa,1,2308
525,1505.739519271,1517.711101863,Amato Fakatava (Japan),Scrum Defence,Green,947043,8,A,3000,Japan,36500,Amato,Fakatava,1,2308
526,1508.045438905,1519.894629828,Siegfried Fisi'ihoi (Tonga),Scrum Attack,Yellow,947043,1,H,750,Tonga,22136,Siegfried,Fisi'ihoi,1,2310
527,1508.045438905,1519.894629828,Samiuela Moli (Tonga),Scrum Attack,Yellow,947043,2,H,750,Tonga,29511,Samiuela,Moli,1,2310
528,1508.045438905,1519.894629828,Ben Tameifuna (Tonga),Scrum Attack,Yellow,947043,3,H,750,Tonga,18807,Ben,Tameifuna,1,2310
529,1508.045438905,1519.894629828,Tupou Ma'afu-Afungia (Tonga),Scrum Attack,Yellow,947043,6,H,750,Tonga,56791,Tupou,Ma'afu-Afungia,1,2310
530,1508.2503597,1518.286192435,Veikoso Poloniati (Tonga),Scrum Attack,Green,947043,4,H,750,Tonga,39123,Veikoso,Poloniati,1,2310
531,1508.2503597,1518.286192435,Harison Mataele (Tonga),Scrum Attack,Green,947043,5,H,750,Tonga,21969,Harison,Mataele,1,2310
532,1508.2503597,1518.286192435,Fotu Lokotui (Tonga),Scrum Attack,Green,947043,7,H,750,Tonga,21971,Fotu,Lokotui,1,2310
533,1508.2503597,1518.286192435,Siosiua Moala (Tonga),Scrum Attack,Green,947043,8,H,750,Tonga,65198,Siosiua,Moala,1,2310
534,1512.37297544,1523.1999709960012,Fotu Lokotui (Tonga),Ruck,Green,947043,7,H,750,Tonga,21971,Fotu,Lokotui,1,2316
535,1512.37297544,1523.1999709960012,Nikolai Foliaki (Tonga),Ruck,Green,947043,14,H,750,Tonga,34981,Nikolai,Foliaki,1,2316
536,1512.742030567,1520.714609372,Kanji Shimokawa (Japan),Tackle,Green,947043,7,A,3000,Japan,30962,Kanji,Shimokawa,1,2316
537,1512.742030567,1520.714609372,Shinobu Fujiwara (Japan),Tackle,Green,947043,9,A,3000,Japan,30969,Shinobu,Fujiwara,1,2316
538,1513.659924273,1524.2999870530011,Fetuli Paea (Tonga),Carry,Green,947043,13,H,750,Tonga,27088,Fetuli,Paea,1,2316
539,1516.319335893,1520.442411114151,Charlie Lawrence (Japan),Tackle,Green,947043,12,A,3000,Japan,32522,Charlie,Lawrence,1,2319
540,1516.319335893,1523.756930555,Seungsin Lee (Japan),Tackle,Green,947043,10,A,3000,Japan,37841,Seungsin,Lee,1,2319
541,1516.949197639,1527.087770131,Patrick Pellegrini (Tonga),Ruck,Green,947043,10,H,750,Tonga,37085,Patrick,Pellegrini,1,2320
542,1518.514790957,1531.7367040473791,Jack Cornelsen (Japan),Tackle,Green,947043,4,A,3000,Japan,23697,Jack,Cornelsen,1,2322
543,1518.514790957,1531.89977498202,Warner Dearns (Japan),Tackle,Yellow,947043,5,A,3000,Japan,40399,Warner,Dearns,1,2322
544,1519.209704941,1531.026368558,Charlie Lawrence (Japan),Tackle,Gold,947043,12,A,3000,Japan,32522,Charlie,Lawrence,1,2323
545,1523.2827437641724,1534.0999367103284,Sonatane Takulua (Tonga),Ruck,Green,947043,9,H,750,Tonga,20156,Sonatane,Takulua,1,2327
546,1523.2827437641724,1534.0999367103284,Uilisi Halaholo (Tonga),Ruck,Green,947043,12,H,750,Tonga,20935,Uilisi,Halaholo,1,2327
547,1524.510818971,1533.7000249173284,Veikoso Poloniati (Tonga),Ruck,Yellow,947043,4,H,750,Tonga,39123,Veikoso,Poloniati,1,2327
548,1531.7889846609776,1545.909505494,Fotu Lokotui (Tonga),Carry,Yellow,947043,7,H,750,Tonga,21971,Fotu,Lokotui,1,2335
549,1533.848160539,1544.599945689669,John Tapueluelu (Tonga),Ruck,Green,947043,11,H,750,Tonga,33907,John,Tapueluelu,1,2337
550,1533.848160539,1544.599945689669,Charles Piutau (Tonga),Ruck,Green,947043,15,H,750,Tonga,17091,Charles,Piutau,1,2337
551,1534.305751957,1540.454205109,Amato Fakatava (Japan),Tackle,Green,947043,8,A,3000,Japan,36500,Amato,Fakatava,1,2337
552,1534.305751957,1540.454205109,Dylan Riley (Japan),Tackle,Green,947043,13,A,3000,Japan,27652,Dylan,Riley,1,2337
553,1537.144144991,1542.144144991,Siosiua Moala (Tonga),Ruck,Red,947043,8,H,750,Tonga,65198,Siosiua,Moala,1,2340
554,1538.303146975,1543.303146975,Charlie Lawrence (Japan),Tackle,Green,947043,12,A,3000,Japan,32522,Charlie,Lawrence,1,2340
555,1540.661317123,1553.5999637770055,Siegfried Fisi'ihoi (Tonga),Ruck,Red,947043,1,H,750,Tonga,22136,Siegfried,Fisi'ihoi,1,2344
556,1542.510430668,1555.299967773996,Samiuela Moli (Tonga),Ruck,Green,947043,2,H,750,Tonga,29511,Samiuela,Moli,1,2345
557,1543.702407697,1548.702407697,Amato Fakatava (Japan),Tackle,Green,947043,8,A,3000,Japan,36500,Amato,Fakatava,1,2343
558,1545.7209523809524,1558.6999325533318,Veikoso Poloniati (Tonga),Carry,Red,947043,4,H,750,Tonga,39123,Veikoso,Poloniati,1,2343
559,1547.585206035,1552.585206035,Fotu Lokotui (Tonga),Ruck,Red,947043,7,H,750,Tonga,21971,Fotu,Lokotui,1,2351
560,1548.449758829,1553.449758829,Warner Dearns (Japan),Tackle,Red,947043,5,A,3000,Japan,40399,Warner,Dearns,1,2351
561,1548.676119706,1558.538218237,Kenta Kobayashi (Japan),Tackle,Green,947043,1,A,3000,Japan,34481,Kenta,Kobayashi,1,2352
562,1548.676119706,1558.538218237,Ben Gunter (Japan),Tackle,Green,947043,6,A,3000,Japan,26283,Ben,Gunter,1,2352
563,1548.696447147,1563.099926385999,Charles Piutau (Tonga),Ruck,Red,947043,15,H,750,Tonga,17091,Charles,Piutau,1,2352
564,1549.831382806,1554.999926467854,Kanji Shimokawa (Japan),Tackle,Green,947043,7,A,3000,Japan,30962,Kanji,Shimokawa,1,2352
565,1550.572322733,1564.199954176001,Ben Tameifuna (Tonga),Carry,Red,947043,3,H,750,Tonga,18807,Ben,Tameifuna,1,2354
566,1552.465379936,1563.715817609,Hayate Era (Japan),Tackle,Green,947043,2,A,3000,Japan,61955,Hayate,Era,1,2355
567,1552.465379936,1563.715817609,Jack Cornelsen (Japan),Tackle,Yellow,947043,4,A,3000,Japan,23697,Jack,Cornelsen,1,2355
568,1553.596129329,1564.1999672166687,John Tapueluelu (Tonga),Carry,Green,947043,11,H,750,Tonga,33907,John,Tapueluelu,1,2356
569,1554.517120104,1563.299978124,Patrick Pellegrini (Tonga),Ruck,Yellow,947043,10,H,750,Tonga,37085,Patrick,Pellegrini,1,2357
570,1558.761587955,1564.499987113336,Fetuli Paea (Tonga),Carry,Green,947043,13,H,750,Tonga,27088,Fetuli,Paea,1,2402
571,1560.181773488,1567.180311284,Shinobu Fujiwara (Japan),Tackle,Green,947043,9,A,3000,Japan,30969,Shinobu,Fujiwara,1,2403
572,1560.181773488,1567.180311284,Seungsin Lee (Japan),Tackle,Green,947043,10,A,3000,Japan,37841,Seungsin,Lee,1,2403
573,1563.483461549,1574.313899342,Tupou Ma'afu-Afungia (Tonga),Ruck,Red,947043,6,H,750,Tonga,56791,Tupou,Ma'afu-Afungia,1,2407
574,1563.483461549,1574.313899342,Uilisi Halaholo (Tonga),Ruck,Red,947043,12,H,750,Tonga,20935,Uilisi,Halaholo,1,2407
575,1564.8538548752836,1576.7999455270044,Fetuli Paea (Tonga),Carry,Red,947043,13,H,750,Tonga,27088,Fetuli,Paea,1,2405
576,1565.062413091,1578.1999241279968,Nikolai Foliaki (Tonga),Ruck,Green,947043,14,H,750,Tonga,34981,Nikolai,Foliaki,1,2405
577,1568.612544185,1578.9999651620003,Veikoso Poloniati (Tonga),Carry,Red,947043,4,H,750,Tonga,39123,Veikoso,Poloniati,1,2412
578,1571.3857710959671,1578.5078635400002,Ben Gunter (Japan),Tackle,Green,947043,6,A,3000,Japan,26283,Ben,Gunter,1,2416
579,1571.791817723223,1578.5078635399998,Kenta Kobayashi (Japan),Tackle,Green,947043,1,A,3000,Japan,34481,Kenta,Kobayashi,1,2416
580,1572.834052197,1577.834052197,Charlie Lawrence (Japan),Tackle,Green,947043,12,A,3000,Japan,32522,Charlie,Lawrence,1,2416
581,1572.834052197,1577.834052197,Dylan Riley (Japan),Tackle,Green,947043,13,A,3000,Japan,27652,Dylan,Riley,1,2416
582,1575.687019715,1581.854738923,Charlie Lawrence (Japan),Phase Defence,Red,947043,12,A,3000,Japan,32522,Charlie,Lawrence,1,2419
583,1575.687019715,1581.854738923,Dylan Riley (Japan),Phase Defence,Red,947043,13,A,3000,Japan,27652,Dylan,Riley,1,2419
584,1575.958798185941,1584.6999430453384,John Tapueluelu (Tonga),Ruck,Green,947043,11,H,750,Tonga,33907,John,Tapueluelu,1,2419
585,1576.1439229024943,1588.599923150328,Charles Piutau (Tonga),Ruck,Red,947043,15,H,750,Tonga,17091,Charles,Piutau,1,2419
586,1577.035894471,1582.824159575,Kippei Ishida (Japan),Jackler,Green,947043,14,A,3000,Japan,34036,Kippei,Ishida,1,2421
587,1580.565985052,1585.565985052,Shuhei Takeuchi (Japan),Tackle,Green,947043,3,A,3000,Japan,37874,Shuhei,Takeuchi,1,2423
588,1581.61589569161,1586.61589569161,Jack Cornelsen (Japan),Phase Defence,Red,947043,4,A,3000,Japan,23697,Jack,Cornelsen,1,2425
589,1581.78113273,1586.78113273,Kenta Kobayashi (Japan),Phase Defence,Red,947043,1,A,3000,Japan,34481,Kenta,Kobayashi,1,2425
590,1581.9366213151927,1593.799924689332,Patrick Pellegrini (Tonga),Carry,Green,947043,10,H,750,Tonga,37085,Patrick,Pellegrini,1,2425
591,1581.973461285,1586.973461285,Fotu Lokotui (Tonga),Carry,Green,947043,7,H,750,Tonga,21971,Fotu,Lokotui,1,2425
592,1582.117150062,1587.117150062,Sam Greene (Japan),Tackle,Green,947043,15,A,3000,Japan,22606,Sam,Greene,1,2425
593,1582.4453968253968,1589.900017307338,Siosiua Moala (Tonga),Ruck,Red,947043,8,H,750,Tonga,65198,Siosiua,Moala,1,2425
594,1586.267014604,1595.484728833,Hayate Era (Japan),Tackle,Green,947043,2,A,3000,Japan,61955,Hayate,Era,1,2429
595,1587.5599319727892,1592.5599319727892,Amato Fakatava (Japan),Tackle,Red,947043,8,A,3000,Japan,36500,Amato,Fakatava,1,2430
596,1588.4309808,1599.599969799334,Samiuela Moli (Tonga),Ruck,Green,947043,2,H,750,Tonga,29511,Samiuela,Moli,1,2432
597,1589.000544217687,1603.2999711460016,Fotu Lokotui (Tonga),Carry,Red,947043,7,H,750,Tonga,21971,Fotu,Lokotui,1,2432
598,1589.8150113378686,1594.8150113378686,Warner Dearns (Japan),Tackle,Red,947043,5,A,3000,Japan,40399,Warner,Dearns,1,2434
599,1592.3736054421768,1597.3736054421768,Siegfried Fisi'ihoi (Tonga),Ruck,Red,947043,1,H,750,Tonga,22136,Siegfried,Fisi'ihoi,1,2435
600,1594.091181303,1602.540473159111,Kenta Kobayashi (Japan),Tackle,Green,947043,1,A,3000,Japan,34481,Kenta,Kobayashi,1,2437
601,1594.091181303,1603.5482515351914,Kanji Shimokawa (Japan),Tackle,Red,947043,7,A,3000,Japan,30962,Kanji,Shimokawa,1,2437
602,1594.091181303,1603.590649978198,Jack Cornelsen (Japan),Tackle,Green,947043,4,A,3000,Japan,23697,Jack,Cornelsen,1,2437
603,1595.3721315192745,1605.5000111650058,Ben Tameifuna (Tonga),Carry,Red,947043,3,H,750,Tonga,18807,Ben,Tameifuna,1,2438
604,1595.756284685,1600.756284685,Shinobu Fujiwara (Japan),Phase Defence,Red,947043,9,A,3000,Japan,30969,Shinobu,Fujiwara,1,2439
605,1599.613244538,1605.062634833,John Tapueluelu (Tonga),Ruck,Red,947043,11,H,750,Tonga,33907,John,Tapueluelu,1,2443
606,1601.445523681,1613.799988126335,Charles Piutau (Tonga),Ruck,Green,947043,15,H,750,Tonga,17091,Charles,Piutau,1,2441
607,1602.2961224489795,1607.2961224489795,Samiuela Moli (Tonga),Carry,Red,947043,2,H,750,Tonga,29511,Samiuela,Moli,1,2446
608,1604.013093803,1609.013093803,Shuhei Takeuchi (Japan),Tackle,Green,947043,3,A,3000,Japan,37874,Shuhei,Takeuchi,1,2446
609,1608.206195563,1613.206195563,Shinobu Fujiwara (Japan),Tackle,Green,947043,9,A,3000,Japan,30969,Shinobu,Fujiwara,1,2452
610,1608.390510714,1616.023406482,Charlie Lawrence (Japan),Tackle,Yellow,947043,12,A,3000,Japan,32522,Charlie,Lawrence,1,2452
611,1613.191483093,1618.191483093,Hayate Era (Japan),Tackle,Red,947043,2,A,3000,Japan,61955,Hayate,Era,1,2455
612,1891.234024322,1896.234024322,Warner Dearns (Japan),Tackle,Green,947043,5,A,3000,Japan,40399,Warner,Dearns,1,2700
613,1891.234024322,1896.234024322,Amato Fakatava (Japan),Tackle,Green,947043,8,A,3000,Japan,36500,Amato,Fakatava,1,2700
614,1891.838888888889,1901.1999529500065,Siegfried Fisi'ihoi (Tonga),Ruck,Green,947043,1,H,750,Tonga,22136,Siegfried,Fisi'ihoi,1,2700
615,1891.838888888889,1901.1999529500065,Tevita Ahokovi (Tonga),Ruck,Green,947043,20,H,750,Tonga,65185,Tevita,Ahokovi,1,2700
616,1895.6665759637187,1903.3999359673348,Samiuela Moli (Tonga),Ruck,Green,947043,2,H,750,Tonga,29511,Samiuela,Moli,1,2705
617,1895.6665759637187,1903.3999359673348,Siosiua Moala (Tonga),Ruck,Green,947043,8,H,750,Tonga,65198,Siosiua,Moala,1,2705
618,1895.7022927,1904.4999388616684,John Tapueluelu (Tonga),Carry,Green,947043,11,H,750,Tonga,33907,John,Tapueluelu,1,2706
619,1902.890723584,1907.890723584,Kenta Kobayashi (Japan),Tackle,Green,947043,1,A,3000,Japan,34481,Kenta,Kobayashi,1,2712
620,1907.7173696145128,1919.0999218710012,Samiuela Moli (Tonga),Kick Chase,Green,947043,2,H,750,Tonga,29511,Samiuela,Moli,1,2707
621,1907.7173696145128,1919.0999218710012,Tupou Ma'afu-Afungia (Tonga),Kick Chase,Green,947043,6,H,750,Tonga,56791,Tupou,Ma'afu-Afungia,1,2707
622,1907.7173696145128,1919.0999218710012,Siosiua Moala (Tonga),Kick Chase,Green,947043,8,H,750,Tonga,65198,Siosiua,Moala,1,2707
623,1907.7173696145128,1919.0999218710012,John Tapueluelu (Tonga),Kick Chase,Green,947043,11,H,750,Tonga,33907,John,Tapueluelu,1,2707
624,1907.7173696145128,1919.0999218710012,Tevita Ahokovi (Tonga),Kick Chase,Green,947043,20,H,750,Tonga,65185,Tevita,Ahokovi,1,2707
625,1907.8221541950113,1919.9999173010028,Fotu Lokotui (Tonga),Kick Chase,Green,947043,7,H,750,Tonga,21971,Fotu,Lokotui,1,2707
626,1908.229909297052,1921.509292322,Kenta Kobayashi (Japan),Kick Retreat,Green,947043,1,A,3000,Japan,34481,Kenta,Kobayashi,1,2707
627,1908.229909297052,1921.509292322,Hayate Era (Japan),Kick Retreat,Green,947043,2,A,3000,Japan,61955,Hayate,Era,1,2707
628,1908.229909297052,1921.509292322,Shuhei Takeuchi (Japan),Kick Retreat,Green,947043,3,A,3000,Japan,37874,Shuhei,Takeuchi,1,2707
629,1908.229909297052,1921.509292322,Jack Cornelsen (Japan),Kick Retreat,Green,947043,4,A,3000,Japan,23697,Jack,Cornelsen,1,2707
630,1908.229909297052,1921.509292322,Warner Dearns (Japan),Kick Retreat,Green,947043,5,A,3000,Japan,40399,Warner,Dearns,1,2707
631,1908.229909297052,1921.509292322,Ben Gunter (Japan),Kick Retreat,Green,947043,6,A,3000,Japan,26283,Ben,Gunter,1,2707
632,1908.229909297052,1921.509292322,Kanji Shimokawa (Japan),Kick Retreat,Green,947043,7,A,3000,Japan,30962,Kanji,Shimokawa,1,2707
633,1908.229909297052,1921.509292322,Amato Fakatava (Japan),Kick Retreat,Green,947043,8,A,3000,Japan,36500,Amato,Fakatava,1,2707
634,1908.229909297052,1921.509292322,Shinobu Fujiwara (Japan),Kick Retreat,Yellow,947043,9,A,3000,Japan,30969,Shinobu,Fujiwara,1,2707
635,1908.229909297052,1921.509292322,Charlie Lawrence (Japan),Kick Retreat,Green,947043,12,A,3000,Japan,32522,Charlie,Lawrence,1,2707
636,1908.229909297052,1921.509292322,Dylan Riley (Japan),Kick Retreat,Green,947043,13,A,3000,Japan,27652,Dylan,Riley,1,2707
637,1908.229909297052,1921.509292322,Kippei Ishida (Japan),Kick Retreat,Green,947043,14,A,3000,Japan,34036,Kippei,Ishida,1,2707
638,1908.2549433106576,1919.0999218710012,Fetuli Paea (Tonga),Kick Chase,Green,947043,13,H,750,Tonga,27088,Fetuli,Paea,1,2707
639,1908.3163265306123,1917.5999388586629,Samiuela Moli (Tonga),Ruck,Green,947043,2,H,750,Tonga,29511,Samiuela,Moli,1,2707
640,1908.3163265306123,1917.5999388586629,Tevita Ahokovi (Tonga),Ruck,Green,947043,20,H,750,Tonga,65185,Tevita,Ahokovi,1,2707
641,1908.666124268,1920.199938633998,Veikoso Poloniati (Tonga),Ruck,Red,947043,4,H,750,Tonga,39123,Veikoso,Poloniati,1,2707
642,1908.744898128,1919.0999218710012,Uilisi Halaholo (Tonga),Kick Chase,Green,947043,12,H,750,Tonga,20935,Uilisi,Halaholo,1,2707
643,1908.744898128,1919.0999218710012,Nikolai Foliaki (Tonga),Kick Chase,Green,947043,14,H,750,Tonga,34981,Nikolai,Foliaki,1,2707
644,1909.039929069,1914.039929069,Warner Dearns (Japan),Charge Down,Green,947043,5,A,3000,Japan,40399,Warner,Dearns,1,2707
645,1909.3295011337868,1919.299927147,Siegfried Fisi'ihoi (Tonga),Kick Chase,Green,947043,1,H,750,Tonga,22136,Siegfried,Fisi'ihoi,1,2707
646,1909.3295011337868,1919.299927147,Tevita Ahokovi (Tonga),Kick Chase,Green,947043,20,H,750,Tonga,65185,Tevita,Ahokovi,1,2707
647,1909.676956365,1919.299927147,Samiuela Moli (Tonga),Kick Chase,Green,947043,2,H,750,Tonga,29511,Samiuela,Moli,1,2707
648,1909.998393736,1917.799957040994,Siegfried Fisi'ihoi (Tonga),Ruck,Green,947043,1,H,750,Tonga,22136,Siegfried,Fisi'ihoi,1,2707
649,1911.26539638,1921.3999834759975,Veikoso Poloniati (Tonga),Kick Chase,Yellow,947043,4,H,750,Tonga,39123,Veikoso,Poloniati,1,2722
650,1911.28684265,1922.3999297056705,Ben Tameifuna (Tonga),Carry,Red,947043,3,H,750,Tonga,18807,Ben,Tameifuna,1,2722
651,2001.436840772,2013.876395716,Kenta Kobayashi (Japan),Scrum Attack,Green,947043,1,A,3000,Japan,34481,Kenta,Kobayashi,1,2850
652,2001.436840772,2013.876395716,Hayate Era (Japan),Scrum Attack,Green,947043,2,A,3000,Japan,61955,Hayate,Era,1,2850
653,2001.436840772,2013.876395716,Shuhei Takeuchi (Japan),Scrum Attack,Green,947043,3,A,3000,Japan,37874,Shuhei,Takeuchi,1,2850
654,2001.436840772,2013.876395716,Jack Cornelsen (Japan),Scrum Attack,Green,947043,4,A,3000,Japan,23697,Jack,Cornelsen,1,2850
655,2001.436840772,2013.876395716,Warner Dearns (Japan),Scrum Attack,Green,947043,5,A,3000,Japan,40399,Warner,Dearns,1,2850
656,2001.436840772,2013.876395716,Ben Gunter (Japan),Scrum Attack,Green,947043,6,A,3000,Japan,26283,Ben,Gunter,1,2850
657,2001.436840772,2013.876395716,Kanji Shimokawa (Japan),Scrum Attack,Green,947043,7,A,3000,Japan,30962,Kanji,Shimokawa,1,2850
658,2001.436840772,2013.876395716,Amato Fakatava (Japan),Scrum Attack,Green,947043,8,A,3000,Japan,36500,Amato,Fakatava,1,2850
659,2002.394013605442,2015.099877063998,Tupou Ma'afu-Afungia (Tonga),Scrum Defence,Green,947043,6,H,750,Tonga,56791,Tupou,Ma'afu-Afungia,1,2850
660,2002.394013605442,2015.099877063998,Fotu Lokotui (Tonga),Scrum Defence,Green,947043,7,H,750,Tonga,21971,Fotu,Lokotui,1,2850
661,2002.394013605442,2015.099877063998,Siosiua Moala (Tonga),Scrum Defence,Green,947043,8,H,750,Tonga,65198,Siosiua,Moala,1,2850
662,2003.1497732426303,2015.099877063998,Veikoso Poloniati (Tonga),Scrum Defence,Green,947043,4,H,750,Tonga,39123,Veikoso,Poloniati,1,2854
663,2003.1497732426303,2015.099877063998,Tevita Ahokovi (Tonga),Scrum Defence,Green,947043,20,H,750,Tonga,65185,Tevita,Ahokovi,1,2854
664,2005.712509683,2017.5998854893369,Siegfried Fisi'ihoi (Tonga),Scrum Defence,Yellow,947043,1,H,750,Tonga,22136,Siegfried,Fisi'ihoi,1,2855
665,2005.712509683,2017.5998854893369,Samiuela Moli (Tonga),Scrum Defence,Yellow,947043,2,H,750,Tonga,29511,Samiuela,Moli,1,2855
666,2005.712509683,2017.5998854893369,Ben Tameifuna (Tonga),Scrum Defence,Yellow,947043,3,H,750,Tonga,18807,Ben,Tameifuna,1,2855
667,2005.827896063,2019.5999584233368,John Tapueluelu (Tonga),Kick Retreat,Gold,947043,11,H,750,Tonga,33907,John,Tapueluelu,1,2855
668,2006.5452607709751,2018.2998547580016,Patrick Pellegrini (Tonga),Kick Retreat,Green,947043,10,H,750,Tonga,37085,Patrick,Pellegrini,1,2855
669,2006.5452607709751,2018.2998547580016,Uilisi Halaholo (Tonga),Kick Retreat,Green,947043,12,H,750,Tonga,20935,Uilisi,Halaholo,1,2855
670,2006.5452607709751,2018.2998547580016,Fetuli Paea (Tonga),Kick Retreat,Green,947043,13,H,750,Tonga,27088,Fetuli,Paea,1,2855
671,2006.5452607709751,2018.2998547580016,Nikolai Foliaki (Tonga),Kick Retreat,Green,947043,14,H,750,Tonga,34981,Nikolai,Foliaki,1,2855
672,2006.5452607709751,2018.2998547580016,Charles Piutau (Tonga),Kick Retreat,Green,947043,15,H,750,Tonga,17091,Charles,Piutau,1,2855
673,2006.791687037,2019.799980258188,Kenta Kobayashi (Japan),Kick Chase,Green,947043,1,A,3000,Japan,34481,Kenta,Kobayashi,1,2855
674,2006.791687037,2019.799980258188,Hayate Era (Japan),Kick Chase,Green,947043,2,A,3000,Japan,61955,Hayate,Era,1,2855
675,2006.791687037,2019.799980258188,Shuhei Takeuchi (Japan),Kick Chase,Green,947043,3,A,3000,Japan,37874,Shuhei,Takeuchi,1,2855
676,2006.791687037,2019.799980258188,Jack Cornelsen (Japan),Kick Chase,Green,947043,4,A,3000,Japan,23697,Jack,Cornelsen,1,2855
677,2006.791687037,2019.799980258188,Warner Dearns (Japan),Kick Chase,Green,947043,5,A,3000,Japan,40399,Warner,Dearns,1,2855
678,2006.791687037,2019.799980258188,Ben Gunter (Japan),Kick Chase,Green,947043,6,A,3000,Japan,26283,Ben,Gunter,1,2855
679,2006.791687037,2019.799980258188,Kanji Shimokawa (Japan),Kick Chase,Green,947043,7,A,3000,Japan,30962,Kanji,Shimokawa,1,2855
680,2006.791687037,2019.799980258188,Amato Fakatava (Japan),Kick Chase,Green,947043,8,A,3000,Japan,36500,Amato,Fakatava,1,2855
681,2006.791687037,2019.799980258188,Shinobu Fujiwara (Japan),Kick Chase,Green,947043,9,A,3000,Japan,30969,Shinobu,Fujiwara,1,2855
682,2006.791687037,2019.799980258188,Tomoki Osada (Japan),Kick Chase,Green,947043,11,A,3000,Japan,31059,Tomoki,Osada,1,2855
683,2006.791687037,2019.799980258188,Charlie Lawrence (Japan),Kick Chase,Green,947043,12,A,3000,Japan,32522,Charlie,Lawrence,1,2855
684,2006.791687037,2019.799980258188,Dylan Riley (Japan),Kick Chase,Green,947043,13,A,3000,Japan,27652,Dylan,Riley,1,2855
685,2006.791687037,2019.799980258188,Sam Greene (Japan),Kick Chase,Green,947043,15,A,3000,Japan,22606,Sam,Greene,1,2855
686,2007.333301363,2021.06616051,Kippei Ishida (Japan),Kick Chase,Gold,947043,14,A,3000,Japan,34036,Kippei,Ishida,1,2855
687,2008.046730211,2018.2998547580016,Sonatane Takulua (Tonga),Kick Retreat,Green,947043,9,H,750,Tonga,20156,Sonatane,Takulua,1,2856
688,2008.7639229024944,2018.2998547580016,Tupou Ma'afu-Afungia (Tonga),Kick Retreat,Green,947043,6,H,750,Tonga,56791,Tupou,Ma'afu-Afungia,1,2856
689,2008.7639229024944,2018.2998547580016,Fotu Lokotui (Tonga),Kick Retreat,Green,947043,7,H,750,Tonga,21971,Fotu,Lokotui,1,2856
690,2008.98690874,2015.895539138331,Ben Tameifuna (Tonga),Kick Retreat,Yellow,947043,3,H,750,Tonga,18807,Ben,Tameifuna,1,2856
691,2009.263943825,2018.2998547580016,Veikoso Poloniati (Tonga),Kick Retreat,Green,947043,4,H,750,Tonga,39123,Veikoso,Poloniati,1,2856
692,2009.263943825,2018.2998547580016,Siosiua Moala (Tonga),Kick Retreat,Green,947043,8,H,750,Tonga,65198,Siosiua,Moala,1,2856
693,2009.263943825,2018.2998547580016,Tevita Ahokovi (Tonga),Kick Retreat,Green,947043,20,H,750,Tonga,65185,Tevita,Ahokovi,1,2856
694,2009.273865368,2014.273865368,Siegfried Fisi'ihoi (Tonga),Kick Retreat,Yellow,947043,1,H,750,Tonga,22136,Siegfried,Fisi'ihoi,1,2856
695,2035.966507936508,2055.1999559366673,Tupou Ma'afu-Afungia (Tonga),Lineout Defence,Green,947043,6,H,750,Tonga,56791,Tupou,Ma'afu-Afungia,1,2933
696,2035.966507936508,2055.1999559366673,Siosiua Moala (Tonga),Lineout Defence,Green,947043,8,H,750,Tonga,65198,Siosiua,Moala,1,2933
697,2042.341046422,2054.8705699,Kenta Kobayashi (Japan),Lineout Attack,Green,947043,1,A,3000,Japan,34481,Kenta,Kobayashi,1,2933
698,2042.341046422,2054.8705699,Hayate Era (Japan),Lineout Attack,Green,947043,2,A,3000,Japan,61955,Hayate,Era,1,2933
699,2042.341046422,2054.8705699,Shuhei Takeuchi (Japan),Lineout Attack,Yellow,947043,3,A,3000,Japan,37874,Shuhei,Takeuchi,1,2933
700,2042.341046422,2054.8705699,Jack Cornelsen (Japan),Lineout Attack,Green,947043,4,A,3000,Japan,23697,Jack,Cornelsen,1,2933
701,2042.341046422,2054.8705699,Warner Dearns (Japan),Lineout Attack,Yellow,947043,5,A,3000,Japan,40399,Warner,Dearns,1,2933
702,2042.341046422,2054.8705699,Kanji Shimokawa (Japan),Lineout Attack,Green,947043,7,A,3000,Japan,30962,Kanji,Shimokawa,1,2933
703,2042.341046422,2054.8705699,Amato Fakatava (Japan),Lineout Attack,Green,947043,8,A,3000,Japan,36500,Amato,Fakatava,1,2933
704,2042.341046422,2054.8705699,Shinobu Fujiwara (Japan),Lineout Attack,Green,947043,9,A,3000,Japan,30969,Shinobu,Fujiwara,1,2933
705,2042.9985941043085,2055.1999559366673,Siegfried Fisi'ihoi (Tonga),Lineout Defence,Green,947043,1,H,750,Tonga,22136,Siegfried,Fisi'ihoi,1,2933
706,2042.9985941043085,2055.1999559366673,Samiuela Moli (Tonga),Lineout Defence,Green,947043,2,H,750,Tonga,29511,Samiuela,Moli,1,2933
707,2042.9985941043085,2055.1999559366673,Veikoso Poloniati (Tonga),Lineout Defence,Green,947043,4,H,750,Tonga,39123,Veikoso,Poloniati,1,2933
708,2043.063868438,2054.507599447,Ben Tameifuna (Tonga),Lineout Defence,Yellow,947043,3,H,750,Tonga,18807,Ben,Tameifuna,1,2933
709,2044.526507936508,2055.1999559366673,Fotu Lokotui (Tonga),Lineout Defence,Green,947043,7,H,750,Tonga,21971,Fotu,Lokotui,1,2934
710,2046.005635097,2055.0999486963287,Tupou Ma'afu-Afungia (Tonga),Tackle,Green,947043,6,H,750,Tonga,56791,Tupou,Ma'afu-Afungia,1,2936
711,2047.229232952,2058.994977767,Hayate Era (Japan),Ruck,Green,947043,2,A,3000,Japan,61955,Hayate,Era,1,2937
712,2047.229232952,2058.994977767,Kanji Shimokawa (Japan),Ruck,Green,947043,7,A,3000,Japan,30962,Kanji,Shimokawa,1,2937
713,2048.1963437439695,2055.297794326337,Samiuela Moli (Tonga),Phase Defence,Red,947043,2,H,750,Tonga,29511,Samiuela,Moli,1,2938
714,2049.371769506,2057.899907993998,Siosiua Moala (Tonga),Tackle,Green,947043,8,H,750,Tonga,65198,Siosiua,Moala,1,2940
715,2049.9161904761904,2054.9161904761904,Tupou Ma'afu-Afungia (Tonga),Phase Defence,Red,947043,6,H,750,Tonga,56791,Tupou,Ma'afu-Afungia,1,2940
716,2051.034414984,2064.4999443143297,Samiuela Moli (Tonga),Tackle,Green,947043,2,H,750,Tonga,29511,Samiuela,Moli,1,2940
717,2051.566113798,2066.2000311703355,Fotu Lokotui (Tonga),Tackle,Red,947043,7,H,750,Tonga,21971,Fotu,Lokotui,1,2942
718,2051.913323776923,2059.0052688028854,Ben Gunter (Japan),Carry,Green,947043,6,A,3000,Japan,26283,Ben,Gunter,1,2942
719,2054.371760331,2064.500300744339,Siosiua Moala (Tonga),Phase Defence,Red,947043,8,H,750,Tonga,65198,Siosiua,Moala,1,2941
720,2054.655360328,2064.570309087,Kenta Kobayashi (Japan),Ruck,Green,947043,1,A,3000,Japan,34481,Kenta,Kobayashi,1,2945
721,2054.655360328,2064.570309087,Amato Fakatava (Japan),Ruck,Green,947043,8,A,3000,Japan,36500,Amato,Fakatava,1,2945
722,2055.173051016,2060.173051016,Siosiua Moala (Tonga),Phase Defence,Red,947043,8,H,750,Tonga,65198,Siosiua,Moala,1,2945
723,2060.954689128,2065.954689128,Warner Dearns (Japan),Carry,Red,947043,5,A,3000,Japan,40399,Warner,Dearns,1,2947
724,2121.034807256236,2135.9999335816674,Siegfried Fisi'ihoi (Tonga),Lineout Defence,Green,947043,1,H,750,Tonga,22136,Siegfried,Fisi'ihoi,1,3051
725,2121.034807256236,2135.9999335816674,Samiuela Moli (Tonga),Lineout Defence,Green,947043,2,H,750,Tonga,29511,Samiuela,Moli,1,3051
726,2121.034807256236,2135.9999335816674,Veikoso Poloniati (Tonga),Lineout Defence,Green,947043,4,H,750,Tonga,39123,Veikoso,Poloniati,1,3051
727,2121.034807256236,2135.9999335816674,Tupou Ma'afu-Afungia (Tonga),Lineout Defence,Green,947043,6,H,750,Tonga,56791,Tupou,Ma'afu-Afungia,1,3051
728,2121.034807256236,2135.9999335816674,Fotu Lokotui (Tonga),Lineout Defence,Green,947043,7,H,750,Tonga,21971,Fotu,Lokotui,1,3051
729,2121.034807256236,2135.9999335816674,Siosiua Moala (Tonga),Lineout Defence,Green,947043,8,H,750,Tonga,65198,Siosiua,Moala,1,3051
730,2121.034807256236,2135.9999335816674,Tevita Ahokovi (Tonga),Lineout Defence,Green,947043,20,H,750,Tonga,65185,Tevita,Ahokovi,1,3051
731,2121.783097789972,2139.556233945,Kenta Kobayashi (Japan),Lineout Attack,Green,947043,1,A,3000,Japan,34481,Kenta,Kobayashi,1,3051
732,2121.783097789972,2139.556233945,Hayate Era (Japan),Lineout Attack,Green,947043,2,A,3000,Japan,61955,Hayate,Era,1,3051
733,2121.783097789972,2139.556233945,Shuhei Takeuchi (Japan),Lineout Attack,Green,947043,3,A,3000,Japan,37874,Shuhei,Takeuchi,1,3051
734,2121.783097789972,2139.556233945,Jack Cornelsen (Japan),Lineout Attack,Green,947043,4,A,3000,Japan,23697,Jack,Cornelsen,1,3051
735,2121.783097789972,2139.556233945,Warner Dearns (Japan),Lineout Attack,Yellow,947043,5,A,3000,Japan,40399,Warner,Dearns,1,3051
736,2121.783097789972,2139.556233945,Ben Gunter (Japan),Lineout Attack,Green,947043,6,A,3000,Japan,26283,Ben,Gunter,1,3051
737,2121.783097789972,2139.556233945,Kanji Shimokawa (Japan),Lineout Attack,Green,947043,7,A,3000,Japan,30962,Kanji,Shimokawa,1,3051
738,2121.783097789972,2139.556233945,Amato Fakatava (Japan),Lineout Attack,Green,947043,8,A,3000,Japan,36500,Amato,Fakatava,1,3051
739,2123.9339002267575,2135.9999335816674,Ben Tameifuna (Tonga),Lineout Defence,Green,947043,3,H,750,Tonga,18807,Ben,Tameifuna,1,3051
740,2131.5868027210886,2136.5868027210886,Uilisi Halaholo (Tonga),Phase Defence,Red,947043,12,H,750,Tonga,20935,Uilisi,Halaholo,1,3053
741,2138.0002267573695,2149.810332766,Fetuli Paea (Tonga),Tackle,Green,947043,13,H,750,Tonga,27088,Fetuli,Paea,1,3108
742,2143.354355566,2153.699941756663,Charles Piutau (Tonga),Tackle,Green,947043,15,H,750,Tonga,17091,Charles,Piutau,1,3113
743,2144.640481677,2154.154567859,Tomoki Osada (Japan),Ruck,Green,947043,11,A,3000,Japan,31059,Tomoki,Osada,1,3115
744,2144.640481677,2154.154567859,Sam Greene (Japan),Ruck,Green,947043,15,A,3000,Japan,22606,Sam,Greene,1,3115
745,2145.607522033,2150.607522033,Charles Piutau (Tonga),Jackler,Green,947043,15,H,750,Tonga,17091,Charles,Piutau,1,3115
746,2147.107789105,2155.6000329963354,Tevita Ahokovi (Tonga),Tackle,Green,947043,20,H,750,Tonga,65185,Tevita,Ahokovi,1,3117
747,2148.013129251701,2158.7999120029976,Samiuela Moli (Tonga),Jackler,Red,947043,2,H,750,Tonga,29511,Samiuela,Moli,1,3117
748,2149.119909933,2154.119909933,Kippei Ishida (Japan),Carry,Green,947043,14,A,3000,Japan,34036,Kippei,Ishida,1,3119
749,2152.47057616,2157.47057616,Hayate Era (Japan),Ruck,Green,947043,2,A,3000,Japan,61955,Hayate,Era,1,3122
750,2153.48053796,2158.48053796,Warner Dearns (Japan),Ruck,Green,947043,5,A,3000,Japan,40399,Warner,Dearns,1,3123
751,2154.525949839,2165.2999747253357,Siosiua Moala (Tonga),Tackle,Green,947043,8,H,750,Tonga,65198,Siosiua,Moala,1,3124
752,2155.6603854875284,2163.4999166829966,Fotu Lokotui (Tonga),Phase Defence,Red,947043,7,H,750,Tonga,21971,Fotu,Lokotui,1,3125
753,2156.4608843537417,2163.4999166829966,Ben Tameifuna (Tonga),Phase Defence,Red,947043,3,H,750,Tonga,18807,Ben,Tameifuna,1,3125
754,2156.4608843537417,2163.4999166829966,Fetuli Paea (Tonga),Phase Defence,Red,947043,13,H,750,Tonga,27088,Fetuli,Paea,1,3125
755,2156.4608843537417,2163.4999166829966,Nikolai Foliaki (Tonga),Phase Defence,Red,947043,14,H,750,Tonga,34981,Nikolai,Foliaki,1,3125
756,2159.5979742349964,2171.594877485,Sonatane Takulua (Tonga),Tackle,Green,947043,9,H,750,Tonga,20156,Sonatane,Takulua,1,3130
757,2159.626793924,2164.626793924,Shuhei Takeuchi (Japan),Ruck,Green,947043,3,A,3000,Japan,37874,Shuhei,Takeuchi,1,3130
758,2159.626793924,2164.626793924,Kanji Shimokawa (Japan),Ruck,Green,947043,7,A,3000,Japan,30962,Kanji,Shimokawa,1,3130
759,2160.488735741313,2168.020319242,Tupou Ma'afu-Afungia (Tonga),Phase Defence,Red,947043,6,H,750,Tonga,56791,Tupou,Ma'afu-Afungia,1,3130
760,2161.779319727891,2166.779319727891,Sonatane Takulua (Tonga),Phase Defence,Red,947043,9,H,750,Tonga,20156,Sonatane,Takulua,1,3132
761,2162.220863235,2167.220863235,Dylan Riley (Japan),Carry,Red,947043,13,A,3000,Japan,27652,Dylan,Riley,1,3132
762,2162.261426517,2167.261426517,Siegfried Fisi'ihoi (Tonga),Phase Defence,Red,947043,1,H,750,Tonga,22136,Siegfried,Fisi'ihoi,1,3132
763,2164.051545785,2178.030845693,Ben Tameifuna (Tonga),Tackle,Red,947043,3,H,750,Tonga,18807,Ben,Tameifuna,1,3135
764,2166.2571882086168,2171.2571882086168,Shuhei Takeuchi (Japan),Ruck,Green,947043,3,A,3000,Japan,37874,Shuhei,Takeuchi,1,3136
765,2167.917931491,2172.917931491,Fotu Lokotui (Tonga),Jackler,Red,947043,7,H,750,Tonga,21971,Fotu,Lokotui,1,3137
766,2169.513732622,2174.513732622,Kanji Shimokawa (Japan),Ruck,Green,947043,7,A,3000,Japan,30962,Kanji,Shimokawa,1,3137
767,2170.7990929705215,2181.399967910664,Nikolai Foliaki (Tonga),Tackle,Red,947043,14,H,750,Tonga,34981,Nikolai,Foliaki,1,3142
768,2172.278032141,2174.513732622,Charlie Lawrence (Japan),Carry,Red,947043,12,A,3000,Japan,32522,Charlie,Lawrence,1,3142
769,2176.284298432,2181.284298432,Kenta Kobayashi (Japan),Ruck,Green,947043,1,A,3000,Japan,34481,Kenta,Kobayashi,1,3146
770,2177.587478614,2182.587478614,Hayate Era (Japan),Carry,Green,947043,2,A,3000,Japan,61955,Hayate,Era,1,3148
771,2177.779111899,2182.779111899,Jack Cornelsen (Japan),Ruck,Green,947043,4,A,3000,Japan,23697,Jack,Cornelsen,1,3148
772,2178.426770463,2192.000039148333,Siosiua Moala (Tonga),Jackler,Red,947043,8,H,750,Tonga,65198,Siosiua,Moala,1,3148
773,2179.233810442,2192.808382108,Fetuli Paea (Tonga),Tackle,Red,947043,13,H,750,Tonga,27088,Fetuli,Paea,1,3149
774,2181.336548178,2191.054420451,Shuhei Takeuchi (Japan),Ruck,Green,947043,3,A,3000,Japan,37874,Shuhei,Takeuchi,1,3151
775,2181.336548178,2191.054420451,Ben Gunter (Japan),Ruck,Yellow,947043,6,A,3000,Japan,26283,Ben,Gunter,1,3151
776,2181.336548178,2191.054420451,Dylan Riley (Japan),Ruck,Green,947043,13,A,3000,Japan,27652,Dylan,Riley,1,3151
777,2181.886571721,2194.0999033536636,Ben Tameifuna (Tonga),Tackle,Yellow,947043,3,H,750,Tonga,18807,Ben,Tameifuna,1,3151
778,2181.886571721,2194.0999033536636,Fotu Lokotui (Tonga),Tackle,Yellow,947043,7,H,750,Tonga,21971,Fotu,Lokotui,1,3151
779,2189.330055691,2194.6999721071866,Kenta Kobayashi (Japan),Ruck,Yellow,947043,1,A,3000,Japan,34481,Kenta,Kobayashi,1,3200
780,2189.529250993,2195.054239948,Kanji Shimokawa (Japan),Ruck,Green,947043,7,A,3000,Japan,30962,Kanji,Shimokawa,1,3200
781,2313.673742273,2327.994729589,Kenta Kobayashi (Japan),Lineout Defence,Green,947043,1,A,3000,Japan,34481,Kenta,Kobayashi,1,3404
782,2313.673742273,2327.994729589,Shuhei Takeuchi (Japan),Lineout Defence,Green,947043,3,A,3000,Japan,37874,Shuhei,Takeuchi,1,3404
783,2313.673742273,2327.994729589,Jack Cornelsen (Japan),Lineout Defence,Green,947043,4,A,3000,Japan,23697,Jack,Cornelsen,1,3404
784,2313.673742273,2327.994729589,Warner Dearns (Japan),Lineout Defence,Yellow,947043,5,A,3000,Japan,40399,Warner,Dearns,1,3404
785,2313.673742273,2327.994729589,Kanji Shimokawa (Japan),Lineout Defence,Green,947043,7,A,3000,Japan,30962,Kanji,Shimokawa,1,3404
786,2314.7115192743763,2328.699855458335,Siegfried Fisi'ihoi (Tonga),Lineout Attack,Green,947043,1,H,750,Tonga,22136,Siegfried,Fisi'ihoi,1,3404
787,2314.7115192743763,2328.699855458335,Samiuela Moli (Tonga),Lineout Attack,Green,947043,2,H,750,Tonga,29511,Samiuela,Moli,1,3404
788,2314.7115192743763,2328.699855458335,Ben Tameifuna (Tonga),Lineout Attack,Green,947043,3,H,750,Tonga,18807,Ben,Tameifuna,1,3404
789,2314.7115192743763,2328.699855458335,Veikoso Poloniati (Tonga),Lineout Attack,Green,947043,4,H,750,Tonga,39123,Veikoso,Poloniati,1,3404
790,2314.7115192743763,2328.699855458335,Tupou Ma'afu-Afungia (Tonga),Lineout Attack,Green,947043,6,H,750,Tonga,56791,Tupou,Ma'afu-Afungia,1,3404
791,2314.7115192743763,2328.699855458335,Fotu Lokotui (Tonga),Lineout Attack,Green,947043,7,H,750,Tonga,21971,Fotu,Lokotui,1,3404
792,2314.7115192743763,2328.699855458335,Siosiua Moala (Tonga),Lineout Attack,Green,947043,8,H,750,Tonga,65198,Siosiua,Moala,1,3404
793,2314.7115192743763,2328.699855458335,Sonatane Takulua (Tonga),Lineout Attack,Green,947043,9,H,750,Tonga,20156,Sonatane,Takulua,1,3404
794,2321.7801133786847,2332.299940404001,Ben Tameifuna (Tonga),Ruck,Red,947043,3,H,750,Tonga,18807,Ben,Tameifuna,1,3411
795,2321.7801133786847,2332.299940404001,Fotu Lokotui (Tonga),Ruck,Red,947043,7,H,750,Tonga,21971,Fotu,Lokotui,1,3411
796,2322.331111111111,2336.100016274669,Fetuli Paea (Tonga),Carry,Red,947043,13,H,750,Tonga,27088,Fetuli,Paea,1,3412
797,2323.254680661,2328.254680661,Amato Fakatava (Japan),Tackle,Green,947043,8,A,3000,Japan,36500,Amato,Fakatava,1,3412
798,2323.933424415,2328.933424415,Seungsin Lee (Japan),Tackle,Green,947043,10,A,3000,Japan,37841,Seungsin,Lee,1,3413
799,2331.21288449,2345.4999658576658,Charles Piutau (Tonga),Ruck,Red,947043,15,H,750,Tonga,17091,Charles,Piutau,1,3421
800,2331.3385260770974,2343.8002532869955,John Tapueluelu (Tonga),Ruck,Green,947043,11,H,750,Tonga,33907,John,Tapueluelu,1,3421
801,2331.3385260770974,2343.8002532869955,Nikolai Foliaki (Tonga),Ruck,Green,947043,14,H,750,Tonga,34981,Nikolai,Foliaki,1,3421
802,2332.039060717,2337.039060717,Sam Greene (Japan),Tackle,Green,947043,15,A,3000,Japan,22606,Sam,Greene,1,3422
803,2333.004696868,2338.004696868,Charlie Lawrence (Japan),Phase Defence,Red,947043,12,A,3000,Japan,32522,Charlie,Lawrence,1,3423
804,2336.262298128,2349.29997283,Tevita Ahokovi (Tonga),Carry,Red,947043,20,H,750,Tonga,65185,Tevita,Ahokovi,1,3427
805,2336.328140589569,2346.4999410226665,Samiuela Moli (Tonga),Ruck,Green,947043,2,H,750,Tonga,29511,Samiuela,Moli,1,3427
806,2337.11413147,2342.11413147,Shuhei Takeuchi (Japan),Tackle,Green,947043,3,A,3000,Japan,37874,Shuhei,Takeuchi,1,3427
807,2337.155849992,2342.155849992,Dylan Riley (Japan),Jackler,Green,947043,13,A,3000,Japan,27652,Dylan,Riley,1,3427
808,2339.429500717,2344.429500717,Hayate Era (Japan),Tackle,Green,947043,2,A,3000,Japan,61955,Hayate,Era,1,3429
809,2342.434689433,2347.434689433,Siosiua Moala (Tonga),Ruck,Red,947043,8,H,750,Tonga,65198,Siosiua,Moala,1,3432
810,2342.99635335,2356.300165581001,Ben Tameifuna (Tonga),Ruck,Red,947043,3,H,750,Tonga,18807,Ben,Tameifuna,1,3432
811,2343.529493641,2348.529493641,Hayate Era (Japan),Tackle,Green,947043,2,A,3000,Japan,61955,Hayate,Era,1,3434
812,2343.536714089,2356.1999608326664,Siegfried Fisi'ihoi (Tonga),Ruck,Green,947043,1,H,750,Tonga,22136,Siegfried,Fisi'ihoi,1,3434
813,2343.536714089,2356.1999608326664,Samiuela Moli (Tonga),Ruck,Green,947043,2,H,750,Tonga,29511,Samiuela,Moli,1,3434
814,2344.131792734,2349.131792734,Kenta Kobayashi (Japan),Tackle,Green,947043,1,A,3000,Japan,34481,Kenta,Kobayashi,1,3434
815,2344.267358699,2356.1000109173347,Fotu Lokotui (Tonga),Carry,Red,947043,7,H,750,Tonga,21971,Fotu,Lokotui,1,3434
816,2344.895482721,2349.895482721,Jack Cornelsen (Japan),Tackle,Green,947043,4,A,3000,Japan,23697,Jack,Cornelsen,1,3431
817,2349.651010619,2362.9999778546694,Fetuli Paea (Tonga),Carry,Yellow,947043,13,H,750,Tonga,27088,Fetuli,Paea,1,3439
818,2351.377573696145,2356.377573696145,Siegfried Fisi'ihoi (Tonga),Kick Retreat,Yellow,947043,1,H,750,Tonga,22136,Siegfried,Fisi'ihoi,1,3442
819,2351.832871323,2356.832871323,Ben Gunter (Japan),Jackler,Green,947043,6,A,3000,Japan,26283,Ben,Gunter,1,3442
820,2352.289729193,2364.786000665,Kenta Kobayashi (Japan),Kick Chase,Green,947043,1,A,3000,Japan,34481,Kenta,Kobayashi,1,3442
821,2352.289729193,2364.786000665,Hayate Era (Japan),Kick Chase,Green,947043,2,A,3000,Japan,61955,Hayate,Era,1,3442
822,2352.289729193,2364.786000665,Shuhei Takeuchi (Japan),Kick Chase,Green,947043,3,A,3000,Japan,37874,Shuhei,Takeuchi,1,3442
823,2352.289729193,2364.786000665,Warner Dearns (Japan),Kick Chase,Green,947043,5,A,3000,Japan,40399,Warner,Dearns,1,3442
824,2352.289729193,2364.786000665,Ben Gunter (Japan),Kick Chase,Green,947043,6,A,3000,Japan,26283,Ben,Gunter,1,3442
825,2352.289729193,2364.786000665,Kanji Shimokawa (Japan),Kick Chase,Green,947043,7,A,3000,Japan,30962,Kanji,Shimokawa,1,3442
826,2352.289729193,2364.786000665,Amato Fakatava (Japan),Kick Chase,Green,947043,8,A,3000,Japan,36500,Amato,Fakatava,1,3442
827,2352.431230137,2357.431230137,Warner Dearns (Japan),Tackle,Green,947043,5,A,3000,Japan,40399,Warner,Dearns,1,3442
828,2352.7944671201813,2364.599973171328,Sonatane Takulua (Tonga),Kick Retreat,Red,947043,9,H,750,Tonga,20156,Sonatane,Takulua,1,3442
829,2353.146013646,2364.3999846286674,Uilisi Halaholo (Tonga),Kick Retreat,Yellow,947043,12,H,750,Tonga,20935,Uilisi,Halaholo,1,3442
830,2353.146013646,2364.3999846286674,Fetuli Paea (Tonga),Kick Retreat,Yellow,947043,13,H,750,Tonga,27088,Fetuli,Paea,1,3442
831,2353.411226093,2372.700761816666,Shinobu Fujiwara (Japan),Kick Chase,Gold,947043,9,A,3000,Japan,30969,Shinobu,Fujiwara,1,3442
832,2353.411226093,2372.700761816666,Kippei Ishida (Japan),Kick Chase,Gold,947043,14,A,3000,Japan,34036,Kippei,Ishida,1,3442
833,2354.470158730159,2362.799876144334,Nikolai Foliaki (Tonga),Kick Retreat,Green,947043,14,H,750,Tonga,34981,Nikolai,Foliaki,1,3442
834,2354.50016944,2362.799876144334,Patrick Pellegrini (Tonga),Kick Retreat,Green,947043,10,H,750,Tonga,37085,Patrick,Pellegrini,1,3442
835,2354.50016944,2362.799876144334,Tevita Ahokovi (Tonga),Kick Retreat,Green,947043,20,H,750,Tonga,65185,Tevita,Ahokovi,1,3442
836,2354.872298264,2362.799876144334,Samiuela Moli (Tonga),Kick Retreat,Green,947043,2,H,750,Tonga,29511,Samiuela,Moli,1,3448
837,2354.872298264,2362.799876144334,Tupou Ma'afu-Afungia (Tonga),Kick Retreat,Green,947043,6,H,750,Tonga,56791,Tupou,Ma'afu-Afungia,1,3448
838,2354.872298264,2362.799876144334,Fotu Lokotui (Tonga),Kick Retreat,Green,947043,7,H,750,Tonga,21971,Fotu,Lokotui,1,3448
839,2354.872298264,2362.799876144334,Siosiua Moala (Tonga),Kick Retreat,Green,947043,8,H,750,Tonga,65198,Siosiua,Moala,1,3448
840,2354.872298264,2362.799876144334,John Tapueluelu (Tonga),Kick Retreat,Green,947043,11,H,750,Tonga,33907,John,Tapueluelu,1,3448
841,2355.360910449,2362.799876144334,Veikoso Poloniati (Tonga),Kick Retreat,Green,947043,4,H,750,Tonga,39123,Veikoso,Poloniati,1,3448
842,2356.949331253,2361.949331253,Amato Fakatava (Japan),Tackle,Red,947043,8,A,3000,Japan,36500,Amato,Fakatava,1,3448
843,2357.378483345,2362.799876144334,Charles Piutau (Tonga),Kick Retreat,Green,947043,15,H,750,Tonga,17091,Charles,Piutau,1,3448
844,2357.54945856,2364.786000665,Seungsin Lee (Japan),Kick Chase,Green,947043,10,A,3000,Japan,37841,Seungsin,Lee,1,3448
845,2357.54945856,2364.786000665,Tomoki Osada (Japan),Kick Chase,Green,947043,11,A,3000,Japan,31059,Tomoki,Osada,1,3448
846,2357.54945856,2364.786000665,Charlie Lawrence (Japan),Kick Chase,Green,947043,12,A,3000,Japan,32522,Charlie,Lawrence,1,3448
847,2357.54945856,2364.786000665,Dylan Riley (Japan),Kick Chase,Green,947043,13,A,3000,Japan,27652,Dylan,Riley,1,3448
848,2359.026607256,2366.47151852,Jack Cornelsen (Japan),Charge Down,Green,947043,4,A,3000,Japan,23697,Jack,Cornelsen,1,3449
849,2360.573412703,2365.573412703,Jack Cornelsen (Japan),Kick Chase,Gold,947043,4,A,3000,Japan,23697,Jack,Cornelsen,1,3449
850,2442.431299597,2455.466693621,Kenta Kobayashi (Japan),Lineout Attack,Green,947043,1,A,3000,Japan,34481,Kenta,Kobayashi,1,3509
851,2442.431299597,2455.466693621,Hayate Era (Japan),Lineout Attack,Green,947043,2,A,3000,Japan,61955,Hayate,Era,1,3509
852,2442.431299597,2455.466693621,Shuhei Takeuchi (Japan),Lineout Attack,Green,947043,3,A,3000,Japan,37874,Shuhei,Takeuchi,1,3509
853,2442.431299597,2455.466693621,Jack Cornelsen (Japan),Lineout Attack,Green,947043,4,A,3000,Japan,23697,Jack,Cornelsen,1,3509
854,2442.431299597,2455.466693621,Warner Dearns (Japan),Lineout Attack,Green,947043,5,A,3000,Japan,40399,Warner,Dearns,1,3509
855,2442.431299597,2455.466693621,Kanji Shimokawa (Japan),Lineout Attack,Green,947043,7,A,3000,Japan,30962,Kanji,Shimokawa,1,3509
856,2445.128979591837,2457.8998985433345,Siegfried Fisi'ihoi (Tonga),Lineout Defence,Green,947043,1,H,750,Tonga,22136,Siegfried,Fisi'ihoi,1,3513
857,2445.423516355,2457.8998985433345,Samiuela Moli (Tonga),Lineout Defence,Green,947043,2,H,750,Tonga,29511,Samiuela,Moli,1,3513
858,2445.423516355,2457.8998985433345,Ben Tameifuna (Tonga),Lineout Defence,Green,947043,3,H,750,Tonga,18807,Ben,Tameifuna,1,3513
859,2445.423516355,2457.8998985433345,Veikoso Poloniati (Tonga),Lineout Defence,Green,947043,4,H,750,Tonga,39123,Veikoso,Poloniati,1,3513
860,2445.423516355,2457.8998985433345,Tupou Ma'afu-Afungia (Tonga),Lineout Defence,Green,947043,6,H,750,Tonga,56791,Tupou,Ma'afu-Afungia,1,3513
861,2447.532239639,2460.1999436163383,Tevita Ahokovi (Tonga),Lineout Defence,Gold,947043,20,H,750,Tonga,65185,Tevita,Ahokovi,1,3514
862,2488.978917205,2503.208918432,Kenta Kobayashi (Japan),Lineout Defence,Green,947043,1,A,3000,Japan,34481,Kenta,Kobayashi,1,3555
863,2488.978917205,2503.208918432,Shuhei Takeuchi (Japan),Lineout Defence,Green,947043,3,A,3000,Japan,37874,Shuhei,Takeuchi,1,3555
864,2488.978917205,2503.208918432,Jack Cornelsen (Japan),Lineout Defence,Green,947043,4,A,3000,Japan,23697,Jack,Cornelsen,1,3555
865,2488.978917205,2503.208918432,Warner Dearns (Japan),Lineout Defence,Yellow,947043,5,A,3000,Japan,40399,Warner,Dearns,1,3555
866,2490.773824208,2501.999913536997,Siegfried Fisi'ihoi (Tonga),Lineout Attack,Green,947043,1,H,750,Tonga,22136,Siegfried,Fisi'ihoi,1,3557
867,2490.773824208,2501.999913536997,Veikoso Poloniati (Tonga),Lineout Attack,Green,947043,4,H,750,Tonga,39123,Veikoso,Poloniati,1,3557
868,2490.773824208,2501.999913536997,Tevita Ahokovi (Tonga),Lineout Attack,Green,947043,20,H,750,Tonga,65185,Tevita,Ahokovi,1,3557
869,2490.804219353,2504.0154785506725,Tupou Ma'afu-Afungia (Tonga),Lineout Attack,Yellow,947043,6,H,750,Tonga,56791,Tupou,Ma'afu-Afungia,1,3557
870,2491.180113378685,2501.999913536997,Samiuela Moli (Tonga),Lineout Attack,Green,947043,2,H,750,Tonga,29511,Samiuela,Moli,1,3557
871,2497.548214419,2502.548214419,Hayate Era (Japan),Tackle,Green,947043,2,A,3000,Japan,61955,Hayate,Era,1,3605
872,2499.257303369,2504.257303369,Ben Gunter (Japan),Tackle,Green,947043,6,A,3000,Japan,26283,Ben,Gunter,1,3607
873,2499.668006142,2511.698817838,Veikoso Poloniati (Tonga),Ruck,Green,947043,4,H,750,Tonga,39123,Veikoso,Poloniati,1,3607
874,2499.668006142,2511.698817838,Fotu Lokotui (Tonga),Ruck,Green,947043,7,H,750,Tonga,21971,Fotu,Lokotui,1,3607
875,2499.668006142,2511.698817838,Siosiua Moala (Tonga),Ruck,Green,947043,8,H,750,Tonga,65198,Siosiua,Moala,1,3607
876,2500.698744887664,2511.698817838,Siegfried Fisi'ihoi (Tonga),Ruck,Green,947043,1,H,750,Tonga,22136,Siegfried,Fisi'ihoi,1,3607
877,2500.846016365,2514.383195055,Kenta Kobayashi (Japan),Kick Retreat,Green,947043,1,A,3000,Japan,34481,Kenta,Kobayashi,1,3607
878,2500.846016365,2514.383195055,Hayate Era (Japan),Kick Retreat,Green,947043,2,A,3000,Japan,61955,Hayate,Era,1,3607
879,2500.846016365,2514.383195055,Shuhei Takeuchi (Japan),Kick Retreat,Green,947043,3,A,3000,Japan,37874,Shuhei,Takeuchi,1,3607
880,2500.846016365,2514.383195055,Jack Cornelsen (Japan),Kick Retreat,Green,947043,4,A,3000,Japan,23697,Jack,Cornelsen,1,3607
881,2500.846016365,2514.383195055,Warner Dearns (Japan),Kick Retreat,Green,947043,5,A,3000,Japan,40399,Warner,Dearns,1,3607
882,2500.846016365,2514.383195055,Ben Gunter (Japan),Kick Retreat,Green,947043,6,A,3000,Japan,26283,Ben,Gunter,1,3607
883,2500.846016365,2514.383195055,Kanji Shimokawa (Japan),Kick Retreat,Green,947043,7,A,3000,Japan,30962,Kanji,Shimokawa,1,3607
884,2500.846016365,2514.383195055,Amato Fakatava (Japan),Kick Retreat,Green,947043,8,A,3000,Japan,36500,Amato,Fakatava,1,3607
885,2500.846016365,2514.383195055,Shinobu Fujiwara (Japan),Kick Retreat,Green,947043,9,A,3000,Japan,30969,Shinobu,Fujiwara,1,3607
886,2500.846016365,2514.383195055,Seungsin Lee (Japan),Kick Retreat,Green,947043,10,A,3000,Japan,37841,Seungsin,Lee,1,3607
887,2500.846016365,2514.383195055,Tomoki Osada (Japan),Kick Retreat,Green,947043,11,A,3000,Japan,31059,Tomoki,Osada,1,3607
888,2500.846016365,2514.383195055,Charlie Lawrence (Japan),Kick Retreat,Green,947043,12,A,3000,Japan,32522,Charlie,Lawrence,1,3607
889,2500.846016365,2514.383195055,Dylan Riley (Japan),Kick Retreat,Green,947043,13,A,3000,Japan,27652,Dylan,Riley,1,3607
890,2501.190923084,2507.79904818,Jack Cornelsen (Japan),Charge Down,Green,947043,4,A,3000,Japan,23697,Jack,Cornelsen,1,3607
891,2501.690589569161,2513.299937314331,Fetuli Paea (Tonga),Kick Chase,Green,947043,13,H,750,Tonga,27088,Fetuli,Paea,1,3607
892,2501.690589569161,2513.299937314331,Tevita Ahokovi (Tonga),Kick Chase,Green,947043,20,H,750,Tonga,65185,Tevita,Ahokovi,1,3607
893,2501.899977324263,2513.1999085469984,Siegfried Fisi'ihoi (Tonga),Kick Chase,Green,947043,1,H,750,Tonga,22136,Siegfried,Fisi'ihoi,1,3607
894,2501.899977324263,2513.1999085469984,Veikoso Poloniati (Tonga),Kick Chase,Green,947043,4,H,750,Tonga,39123,Veikoso,Poloniati,1,3607
895,2501.899977324263,2513.1999085469984,Fotu Lokotui (Tonga),Kick Chase,Green,947043,7,H,750,Tonga,21971,Fotu,Lokotui,1,3607
896,2501.899977324263,2513.1999085469984,Siosiua Moala (Tonga),Kick Chase,Green,947043,8,H,750,Tonga,65198,Siosiua,Moala,1,3607
897,2504.392596062,2513.299937314331,Samiuela Moli (Tonga),Kick Chase,Green,947043,2,H,750,Tonga,29511,Samiuela,Moli,1,3612
898,2504.392596062,2513.299937314331,Tupou Ma'afu-Afungia (Tonga),Kick Chase,Green,947043,6,H,750,Tonga,56791,Tupou,Ma'afu-Afungia,1,3612
899,2505.402780142,2510.402780142,Kanji Shimokawa (Japan),Tackle,Green,947043,7,A,3000,Japan,30962,Kanji,Shimokawa,1,3612
900,2531.052034429,2546.386399681,Kenta Kobayashi (Japan),Lineout Defence,Green,947043,1,A,3000,Japan,34481,Kenta,Kobayashi,1,3639
901,2531.052034429,2546.386399681,Shuhei Takeuchi (Japan),Lineout Defence,Green,947043,3,A,3000,Japan,37874,Shuhei,Takeuchi,1,3639
902,2531.052034429,2546.386399681,Jack Cornelsen (Japan),Lineout Defence,Green,947043,4,A,3000,Japan,23697,Jack,Cornelsen,1,3639
903,2531.052034429,2546.386399681,Warner Dearns (Japan),Lineout Defence,Green,947043,5,A,3000,Japan,40399,Warner,Dearns,1,3639
904,2531.052034429,2546.386399681,Kanji Shimokawa (Japan),Lineout Defence,Green,947043,7,A,3000,Japan,30962,Kanji,Shimokawa,1,3639
905,2531.97774504,2545.9999100233335,Siegfried Fisi'ihoi (Tonga),Lineout Attack,Yellow,947043,1,H,750,Tonga,22136,Siegfried,Fisi'ihoi,1,3639
906,2531.97774504,2545.9999100233335,Veikoso Poloniati (Tonga),Lineout Attack,Yellow,947043,4,H,750,Tonga,39123,Veikoso,Poloniati,1,3639
907,2531.97774504,2545.9999100233335,Tupou Ma'afu-Afungia (Tonga),Lineout Attack,Yellow,947043,6,H,750,Tonga,56791,Tupou,Ma'afu-Afungia,1,3639
908,2533.828117913832,2545.9999100233335,Ben Tameifuna (Tonga),Lineout Attack,Yellow,947043,3,H,750,Tonga,18807,Ben,Tameifuna,1,3639
909,2533.828117913832,2545.9999100233335,Tevita Ahokovi (Tonga),Lineout Attack,Yellow,947043,20,H,750,Tonga,65185,Tevita,Ahokovi,1,3639
910,2534.582086871,2545.3999831516644,Samiuela Moli (Tonga),Lineout Attack,Green,947043,2,H,750,Tonga,29511,Samiuela,Moli,1,3641
911,2540.632394748,2556.8999255090016,Fotu Lokotui (Tonga),Carry,Green,947043,7,H,750,Tonga,21971,Fotu,Lokotui,1,3647
912,2541.956099773243,2553.700021441666,Siosiua Moala (Tonga),Ruck,Green,947043,8,H,750,Tonga,65198,Siosiua,Moala,1,3649
913,2542.70712149,2547.70712149,Shuhei Takeuchi (Japan),Tackle,Green,947043,3,A,3000,Japan,37874,Shuhei,Takeuchi,1,3649
914,2543.3090249433108,2555.4999901966635,Ben Tameifuna (Tonga),Ruck,Yellow,947043,3,H,750,Tonga,18807,Ben,Tameifuna,1,3650
915,2545.427321703,2557.999931344996,Samiuela Moli (Tonga),Carry,Green,947043,2,H,750,Tonga,29511,Samiuela,Moli,1,3652
916,2547.420739265,2552.420739265,Kanji Shimokawa (Japan),Tackle,Green,947043,7,A,3000,Japan,30962,Kanji,Shimokawa,1,3654
917,2548.090794444,2553.090794444,Hayate Era (Japan),Tackle,Green,947043,2,A,3000,Japan,61955,Hayate,Era,1,3655
918,2548.606019912,2553.606019912,Kenta Kobayashi (Japan),Tackle,Green,947043,1,A,3000,Japan,34481,Kenta,Kobayashi,1,3655
919,2549.289433106576,2558.926157963,John Tapueluelu (Tonga),Ruck,Red,947043,11,H,750,Tonga,33907,John,Tapueluelu,1,3657
920,2549.691557922,2559.100012410337,Siegfried Fisi'ihoi (Tonga),Ruck,Red,947043,1,H,750,Tonga,22136,Siegfried,Fisi'ihoi,1,3657
921,2550.850745209,2561.2999766943317,Veikoso Poloniati (Tonga),Carry,Green,947043,4,H,750,Tonga,39123,Veikoso,Poloniati,1,3656
922,2550.862871788,2555.862871788,Warner Dearns (Japan),Tackle,Green,947043,5,A,3000,Japan,40399,Warner,Dearns,1,3656
923,2551.051292517007,2560.3999857446665,Tupou Ma'afu-Afungia (Tonga),Ruck,Red,947043,6,H,750,Tonga,56791,Tupou,Ma'afu-Afungia,1,3656
924,2551.144588175,2556.144588175,Warner Dearns (Japan),Phase Defence,Red,947043,5,A,3000,Japan,40399,Warner,Dearns,1,3656
925,2552.545534406,2557.545534406,Shuhei Takeuchi (Japan),Tackle,Green,947043,3,A,3000,Japan,37874,Shuhei,Takeuchi,1,3659
926,2555.011768707483,2560.011768707483,Tevita Ahokovi (Tonga),Ruck,Green,947043,20,H,750,Tonga,65185,Tevita,Ahokovi,1,3701
927,2556.7515873015873,2566.2999530809957,Fotu Lokotui (Tonga),Ruck,Red,947043,7,H,750,Tonga,21971,Fotu,Lokotui,1,3703
928,2556.7515873015873,2566.2999530809957,Siosiua Moala (Tonga),Ruck,Red,947043,8,H,750,Tonga,65198,Siosiua,Moala,1,3703
929,2558.360165927,2563.360165927,Amato Fakatava (Japan),Tackle,Yellow,947043,8,A,3000,Japan,36500,Amato,Fakatava,1,3706
930,2559.590702947846,2570.3999569933326,Siegfried Fisi'ihoi (Tonga),Ruck,Red,947043,1,H,750,Tonga,22136,Siegfried,Fisi'ihoi,1,3705
931,2559.590702947846,2570.3999569933326,Uilisi Halaholo (Tonga),Ruck,Red,947043,12,H,750,Tonga,20935,Uilisi,Halaholo,1,3705
932,2560.738158761,2571.7999996140015,Samiuela Moli (Tonga),Carry,Yellow,947043,2,H,750,Tonga,29511,Samiuela,Moli,1,3707
933,2560.818715714,2565.818715714,Ben Gunter (Japan),Tackle,Green,947043,6,A,3000,Japan,26283,Ben,Gunter,1,3707
934,2562.6936507936507,2567.6936507936507,Veikoso Poloniati (Tonga),Kick Chase,Red,947043,4,H,750,Tonga,39123,Veikoso,Poloniati,1,3707
935,2562.750390049,2569.9998834622556,Amato Fakatava (Japan),Kick Retreat,Yellow,947043,8,A,3000,Japan,36500,Amato,Fakatava,1,3707
936,2562.750390049,2569.9998834622556,Charlie Lawrence (Japan),Kick Retreat,Yellow,947043,12,A,3000,Japan,32522,Charlie,Lawrence,1,3707
937,2562.750390049,2569.9998834622556,Dylan Riley (Japan),Kick Retreat,Yellow,947043,13,A,3000,Japan,27652,Dylan,Riley,1,3707
938,2563.0690929705215,2568.0690929705215,Tupou Ma'afu-Afungia (Tonga),Kick Chase,Red,947043,6,H,750,Tonga,56791,Tupou,Ma'afu-Afungia,1,3707
939,2563.085137574,2570.237418505,Kenta Kobayashi (Japan),Kick Retreat,Green,947043,1,A,3000,Japan,34481,Kenta,Kobayashi,1,3707
940,2563.085137574,2570.237418505,Shuhei Takeuchi (Japan),Kick Retreat,Green,947043,3,A,3000,Japan,37874,Shuhei,Takeuchi,1,3707
941,2563.085137574,2570.237418505,Warner Dearns (Japan),Kick Retreat,Green,947043,5,A,3000,Japan,40399,Warner,Dearns,1,3707
942,2563.085137574,2570.237418505,Ben Gunter (Japan),Kick Retreat,Green,947043,6,A,3000,Japan,26283,Ben,Gunter,1,3707
943,2563.085137574,2570.237418505,Shinobu Fujiwara (Japan),Kick Retreat,Green,947043,9,A,3000,Japan,30969,Shinobu,Fujiwara,1,3707
944,2563.085137574,2570.237418505,Seungsin Lee (Japan),Kick Retreat,Green,947043,10,A,3000,Japan,37841,Seungsin,Lee,1,3707
945,2563.085137574,2570.237418505,Kippei Ishida (Japan),Kick Retreat,Green,947043,14,A,3000,Japan,34036,Kippei,Ishida,1,3707
946,2563.837502186,2570.237418505,Kanji Shimokawa (Japan),Kick Retreat,Green,947043,7,A,3000,Japan,30962,Kanji,Shimokawa,1,3711
947,2564.308249436,2569.9998834622556,Jack Cornelsen (Japan),Kick Retreat,Yellow,947043,4,A,3000,Japan,23697,Jack,Cornelsen,1,3711
948,2564.335252846,2569.335252846,Jack Cornelsen (Japan),Tackle,Red,947043,4,A,3000,Japan,23697,Jack,Cornelsen,1,3711
949,2564.7337868480727,2569.7337868480727,Patrick Pellegrini (Tonga),Kick Chase,Green,947043,10,H,750,Tonga,37085,Patrick,Pellegrini,1,3711
950,2564.7337868480727,2569.7337868480727,John Tapueluelu (Tonga),Kick Chase,Green,947043,11,H,750,Tonga,33907,John,Tapueluelu,1,3711
951,2565.748698963,2570.748698963,Sam Greene (Japan),Kick Retreat,Green,947043,15,A,3000,Japan,22606,Sam,Greene,1,3711
952,2629.8785487528344,2642.199855306669,Siegfried Fisi'ihoi (Tonga),Lineout Attack,Green,947043,1,H,750,Tonga,22136,Siegfried,Fisi'ihoi,1,3738
953,2631.233554324,2642.199855306669,Samiuela Moli (Tonga),Lineout Attack,Green,947043,2,H,750,Tonga,29511,Samiuela,Moli,1,3738
954,2631.233554324,2642.199855306669,Veikoso Poloniati (Tonga),Lineout Attack,Green,947043,4,H,750,Tonga,39123,Veikoso,Poloniati,1,3738
955,2631.233554324,2642.199855306669,Siosiua Moala (Tonga),Lineout Attack,Green,947043,8,H,750,Tonga,65198,Siosiua,Moala,1,3738
956,2631.233554324,2642.199855306669,Tevita Ahokovi (Tonga),Lineout Attack,Green,947043,20,H,750,Tonga,65185,Tevita,Ahokovi,1,3738
957,2739.256557863,2744.256557863,Kanji Shimokawa (Japan),Tackle,Green,947043,7,A,3000,Japan,30962,Kanji,Shimokawa,1,3928
958,2745.0911111111113,2754.699981173996,Harison Mataele (Tonga),Ruck,Green,947043,5,H,750,Tonga,21969,Harison,Mataele,1,3934
959,2745.0911111111113,2754.699981173996,Siosiua Moala (Tonga),Ruck,Green,947043,8,H,750,Tonga,65198,Siosiua,Moala,1,3934
960,2746.031630006,2754.900007170997,Samiuela Moli (Tonga),Carry,Green,947043,2,H,750,Tonga,29511,Samiuela,Moli,1,3935
961,2749.198597448985,2756.1987929479797,Ben Tameifuna (Tonga),Carry,Red,947043,3,H,750,Tonga,18807,Ben,Tameifuna,1,3938
962,2750.915316993,2755.915316993,Amato Fakatava (Japan),Tackle,Green,947043,8,A,3000,Japan,36500,Amato,Fakatava,1,3938
963,2755.787596371882,2765.699943829337,Siegfried Fisi'ihoi (Tonga),Ruck,Yellow,947043,1,H,750,Tonga,22136,Siegfried,Fisi'ihoi,1,3945
964,2759.410386105,2764.410386105,Charlie Lawrence (Japan),Tackle,Green,947043,12,A,3000,Japan,32522,Charlie,Lawrence,1,3948
965,2759.45309288,2764.45309288,Veikoso Poloniati (Tonga),Ruck,Red,947043,4,H,750,Tonga,39123,Veikoso,Poloniati,1,3948
966,2759.8868786476555,2766.7992483139815,Samiuela Moli (Tonga),Ruck,Red,947043,2,H,750,Tonga,29511,Samiuela,Moli,1,3948
967,2761.501389047,2766.501389047,Kenta Kobayashi (Japan),Tackle,Green,947043,1,A,3000,Japan,34481,Kenta,Kobayashi,1,3950
968,2763.4979136614093,2770.045988079,Kenta Kobayashi (Japan),Jackler,Green,947043,1,A,3000,Japan,34481,Kenta,Kobayashi,1,3952
969,2767.293627357,2772.293627357,Shuhei Takeuchi (Japan),Tackle,Green,947043,3,A,3000,Japan,37874,Shuhei,Takeuchi,1,3956
970,2769.226679695,2774.226679695,Siosiua Moala (Tonga),Carry,Green,947043,8,H,750,Tonga,65198,Siosiua,Moala,1,3956
971,2770.295759022,2775.295759022,Charles Piutau (Tonga),Ruck,Red,947043,15,H,750,Tonga,17091,Charles,Piutau,1,4001
972,2770.3440362811793,2781.7999537156643,Fetuli Paea (Tonga),Carry,Yellow,947043,13,H,750,Tonga,27088,Fetuli,Paea,1,4001
973,2770.589217425,2775.589217425,Kanji Shimokawa (Japan),Tackle,Green,947043,7,A,3000,Japan,30962,Kanji,Shimokawa,1,4001
974,2772.6726984126985,2786.2985750533244,Veikoso Poloniati (Tonga),Ruck,Red,947043,4,H,750,Tonga,39123,Veikoso,Poloniati,1,4001
975,2775.792028892,2780.792028892,Siegfried Fisi'ihoi (Tonga),Ruck,Red,947043,1,H,750,Tonga,22136,Siegfried,Fisi'ihoi,1,4004
976,2777.191025541,2782.191025541,Kenta Kobayashi (Japan),Tackle,Green,947043,1,A,3000,Japan,34481,Kenta,Kobayashi,1,4006
977,3754.4318367346937,3765.04912332,Samiuela Moli (Tonga),Kick Chase,Gold,947043,2,H,750,Tonga,29511,Samiuela,Moli,1,4000
978,3758.836425612,3769.4999364276664,Samiuela Moli (Tonga),Carry,Green,947043,2,H,750,Tonga,29511,Samiuela,Moli,2,4008
979,3761.39340071,3766.39340071,Warner Dearns (Japan),Phase Defence,Red,947043,5,A,3000,Japan,40399,Warner,Dearns,2,4010
980,3761.412760155,3771.000041790329,Harison Mataele (Tonga),Ruck,Red,947043,5,H,750,Tonga,21969,Harison,Mataele,2,4010
981,3761.974905136,3766.974905136,Ben Gunter (Japan),Phase Defence,Red,947043,6,A,3000,Japan,26283,Ben,Gunter,2,4010
982,3761.97591132,3766.97591132,Kanji Shimokawa (Japan),Phase Defence,Red,947043,7,A,3000,Japan,30962,Kanji,Shimokawa,2,4010
983,3762.15586579,3771.300206561332,Siegfried Fisi'ihoi (Tonga),Ruck,Yellow,947043,1,H,750,Tonga,22136,Siegfried,Fisi'ihoi,2,4010
984,3762.598081959383,3770.468079461,Kenta Kobayashi (Japan),Jackler,Green,947043,1,A,3000,Japan,34481,Kenta,Kobayashi,2,4010
985,3763.079522907,3768.079522907,Jack Cornelsen (Japan),Tackle,Red,947043,4,A,3000,Japan,23697,Jack,Cornelsen,2,4010
986,3763.406725342,3774.7000005623295,Siosiua Moala (Tonga),Carry,Red,947043,8,H,750,Tonga,65198,Siosiua,Moala,2,4010
987,3764.94330512,3773.664629964,Ben Tameifuna (Tonga),Ruck,Red,947043,3,H,750,Tonga,18807,Ben,Tameifuna,2,4014
988,3764.94330512,3773.664629964,Veikoso Poloniati (Tonga),Ruck,Red,947043,4,H,750,Tonga,39123,Veikoso,Poloniati,2,4014
989,3765.447271612,3770.447271612,Hayate Era (Japan),Tackle,Green,947043,2,A,3000,Japan,61955,Hayate,Era,2,4014
990,3766.756359706,3771.756359706,Shuhei Takeuchi (Japan),Tackle,Green,947043,3,A,3000,Japan,37874,Shuhei,Takeuchi,2,4013
991,3767.5549433106576,3778.697986144325,Amato Fakatava (Japan),Charge Down,Green,947043,8,A,3000,Japan,36500,Amato,Fakatava,2,4016
992,3768.959789329,3773.959789329,Warner Dearns (Japan),Tackle,Green,947043,5,A,3000,Japan,40399,Warner,Dearns,2,4018
993,3773.8632879818592,3787.899929535334,Samiuela Moli (Tonga),Kick Retreat,Red,947043,2,H,750,Tonga,29511,Samiuela,Moli,2,4020
994,3774.024944742,3783.287945629,Kenta Kobayashi (Japan),Kick Chase,Green,947043,1,A,3000,Japan,34481,Kenta,Kobayashi,2,4020
995,3774.024944742,3783.287945629,Hayate Era (Japan),Kick Chase,Green,947043,2,A,3000,Japan,61955,Hayate,Era,2,4020
996,3774.024944742,3783.287945629,Shuhei Takeuchi (Japan),Kick Chase,Green,947043,3,A,3000,Japan,37874,Shuhei,Takeuchi,2,4020
997,3774.024944742,3783.287945629,Jack Cornelsen (Japan),Kick Chase,Green,947043,4,A,3000,Japan,23697,Jack,Cornelsen,2,4020
998,3774.024944742,3783.287945629,Warner Dearns (Japan),Kick Chase,Green,947043,5,A,3000,Japan,40399,Warner,Dearns,2,4020
999,3774.024944742,3783.287945629,Kanji Shimokawa (Japan),Kick Chase,Green,947043,7,A,3000,Japan,30962,Kanji,Shimokawa,2,4020
1000,3774.024944742,3783.287945629,Amato Fakatava (Japan),Kick Chase,Green,947043,8,A,3000,Japan,36500,Amato,Fakatava,2,4020
1001,3774.024944742,3783.287945629,Shinobu Fujiwara (Japan),Kick Chase,Green,947043,9,A,3000,Japan,30969,Shinobu,Fujiwara,2,4020
1002,3774.024944742,3783.287945629,Seungsin Lee (Japan),Kick Chase,Green,947043,10,A,3000,Japan,37841,Seungsin,Lee,2,4020
1003,3774.024944742,3783.287945629,Tomoki Osada (Japan),Kick Chase,Green,947043,11,A,3000,Japan,31059,Tomoki,Osada,2,4020
1004,3774.024944742,3783.287945629,Charlie Lawrence (Japan),Kick Chase,Green,947043,12,A,3000,Japan,32522,Charlie,Lawrence,2,4020
1005,3774.024944742,3783.287945629,Dylan Riley (Japan),Kick Chase,Green,947043,13,A,3000,Japan,27652,Dylan,Riley,2,4020
1006,3774.024944742,3783.287945629,Kippei Ishida (Japan),Kick Chase,Green,947043,14,A,3000,Japan,34036,Kippei,Ishida,2,4020
1007,3774.024944742,3783.287945629,Sam Greene (Japan),Kick Chase,Green,947043,15,A,3000,Japan,22606,Sam,Greene,2,4020
1008,3774.218820861678,3783.499838510668,Siegfried Fisi'ihoi (Tonga),Kick Retreat,Green,947043,1,H,750,Tonga,22136,Siegfried,Fisi'ihoi,2,4020
1009,3774.218820861678,3783.499838510668,Sonatane Takulua (Tonga),Kick Retreat,Green,947043,9,H,750,Tonga,20156,Sonatane,Takulua,2,4020
1010,3774.299433106576,3783.499838510668,Veikoso Poloniati (Tonga),Kick Retreat,Green,947043,4,H,750,Tonga,39123,Veikoso,Poloniati,2,4020
1011,3774.299433106576,3783.499838510668,Harison Mataele (Tonga),Kick Retreat,Green,947043,5,H,750,Tonga,21969,Harison,Mataele,2,4020
1012,3774.299433106576,3783.499838510668,Siosiua Moala (Tonga),Kick Retreat,Green,947043,8,H,750,Tonga,65198,Siosiua,Moala,2,4020
1013,3774.299433106576,3783.499838510668,Nikolai Foliaki (Tonga),Kick Retreat,Green,947043,14,H,750,Tonga,34981,Nikolai,Foliaki,2,4020
1014,3775.41268714,3780.41268714,Ben Tameifuna (Tonga),Kick Retreat,Yellow,947043,3,H,750,Tonga,18807,Ben,Tameifuna,2,4020
1015,3777.571125904,3783.499838510668,Patrick Pellegrini (Tonga),Kick Retreat,Green,947043,10,H,750,Tonga,37085,Patrick,Pellegrini,2,4027
1016,3777.571125904,3783.499838510668,John Tapueluelu (Tonga),Kick Retreat,Green,947043,11,H,750,Tonga,33907,John,Tapueluelu,2,4027
1017,3777.571125904,3783.499838510668,Uilisi Halaholo (Tonga),Kick Retreat,Green,947043,12,H,750,Tonga,20935,Uilisi,Halaholo,2,4027
1018,3777.571125904,3783.499838510668,Fetuli Paea (Tonga),Kick Retreat,Green,947043,13,H,750,Tonga,27088,Fetuli,Paea,2,4027
1019,3777.571125904,3783.499838510668,Charles Piutau (Tonga),Kick Retreat,Green,947043,15,H,750,Tonga,17091,Charles,Piutau,2,4027
1020,3804.426556314,3817.500194233,Kenta Kobayashi (Japan),Lineout Attack,Green,947043,1,A,3000,Japan,34481,Kenta,Kobayashi,2,4056
1021,3804.426556314,3817.500194233,Hayate Era (Japan),Lineout Attack,Green,947043,2,A,3000,Japan,61955,Hayate,Era,2,4056
1022,3804.426556314,3817.500194233,Shuhei Takeuchi (Japan),Lineout Attack,Green,947043,3,A,3000,Japan,37874,Shuhei,Takeuchi,2,4056
1023,3804.426556314,3817.500194233,Jack Cornelsen (Japan),Lineout Attack,Yellow,947043,4,A,3000,Japan,23697,Jack,Cornelsen,2,4056
1024,3804.426556314,3817.500194233,Warner Dearns (Japan),Lineout Attack,Yellow,947043,5,A,3000,Japan,40399,Warner,Dearns,2,4056
1025,3804.426556314,3817.500194233,Kanji Shimokawa (Japan),Lineout Attack,Green,947043,7,A,3000,Japan,30962,Kanji,Shimokawa,2,4056
1026,3804.426556314,3817.500194233,Amato Fakatava (Japan),Lineout Attack,Green,947043,8,A,3000,Japan,36500,Amato,Fakatava,2,4056
1027,3807.653174603174,3812.653174603174,Harison Mataele (Tonga),Lineout Defence,Green,947043,5,H,750,Tonga,21969,Harison,Mataele,2,4056
1028,3807.8609750566898,3814.398862627976,Samiuela Moli (Tonga),Kick Retreat,Green,947043,2,H,750,Tonga,29511,Samiuela,Moli,2,4056
1029,3809.56504782,3817.500194233,Ben Gunter (Japan),Lineout Attack,Green,947043,6,A,3000,Japan,26283,Ben,Gunter,2,4057
1030,3811.604331735,3816.604331735,Veikoso Poloniati (Tonga),Kick Retreat,Green,947043,4,H,750,Tonga,39123,Veikoso,Poloniati,2,4100
1031,3811.604331735,3816.604331735,Veikoso Poloniati (Tonga),Lineout Defence,Green,947043,4,H,750,Tonga,39123,Veikoso,Poloniati,2,4100
1032,3811.685322052,3819.580930625,Kenta Kobayashi (Japan),Kick Chase,Green,947043,1,A,3000,Japan,34481,Kenta,Kobayashi,2,4100
1033,3811.685322052,3819.580930625,Hayate Era (Japan),Kick Chase,Green,947043,2,A,3000,Japan,61955,Hayate,Era,2,4100
1034,3811.685322052,3819.580930625,Shuhei Takeuchi (Japan),Kick Chase,Green,947043,3,A,3000,Japan,37874,Shuhei,Takeuchi,2,4100
1035,3811.685322052,3819.580930625,Ben Gunter (Japan),Kick Chase,Green,947043,6,A,3000,Japan,26283,Ben,Gunter,2,4100
1036,3811.685322052,3819.580930625,Kanji Shimokawa (Japan),Kick Chase,Green,947043,7,A,3000,Japan,30962,Kanji,Shimokawa,2,4100
1037,3811.685322052,3819.580930625,Amato Fakatava (Japan),Kick Chase,Green,947043,8,A,3000,Japan,36500,Amato,Fakatava,2,4100
1038,3811.685322052,3819.580930625,Shinobu Fujiwara (Japan),Kick Chase,Green,947043,9,A,3000,Japan,30969,Shinobu,Fujiwara,2,4100
1039,3811.685322052,3819.580930625,Seungsin Lee (Japan),Kick Chase,Green,947043,10,A,3000,Japan,37841,Seungsin,Lee,2,4100
1040,3811.685322052,3819.580930625,Tomoki Osada (Japan),Kick Chase,Green,947043,11,A,3000,Japan,31059,Tomoki,Osada,2,4100
1041,3811.685322052,3819.580930625,Charlie Lawrence (Japan),Kick Chase,Green,947043,12,A,3000,Japan,32522,Charlie,Lawrence,2,4100
1042,3811.685322052,3819.580930625,Kippei Ishida (Japan),Kick Chase,Green,947043,14,A,3000,Japan,34036,Kippei,Ishida,2,4100
1043,3811.685322052,3819.580930625,Sam Greene (Japan),Kick Chase,Green,947043,15,A,3000,Japan,22606,Sam,Greene,2,4100
1044,3812.329667744,3817.329667744,Jack Cornelsen (Japan),Kick Chase,Yellow,947043,4,A,3000,Japan,23697,Jack,Cornelsen,2,4100
1045,3812.329667744,3817.329667744,Warner Dearns (Japan),Kick Chase,Yellow,947043,5,A,3000,Japan,40399,Warner,Dearns,2,4100
1046,3812.55828649,3817.55828649,Dylan Riley (Japan),Kick Chase,Gold,947043,13,A,3000,Japan,27652,Dylan,Riley,2,4102
1047,3812.851815603,3817.851815603,John Tapueluelu (Tonga),Kick Retreat,Green,947043,11,H,750,Tonga,33907,John,Tapueluelu,2,4102
1048,3812.886462585034,3817.886462585034,Sonatane Takulua (Tonga),Kick Retreat,Green,947043,9,H,750,Tonga,20156,Sonatane,Takulua,2,4102
1049,3813.936159577,3818.936159577,Uilisi Halaholo (Tonga),Kick Retreat,Yellow,947043,12,H,750,Tonga,20935,Uilisi,Halaholo,2,4102
1050,3813.936159577,3818.936159577,Fetuli Paea (Tonga),Kick Retreat,Green,947043,13,H,750,Tonga,27088,Fetuli,Paea,2,4102
1051,3813.936159577,3818.936159577,Nikolai Foliaki (Tonga),Kick Retreat,Green,947043,14,H,750,Tonga,34981,Nikolai,Foliaki,2,4102
1052,3910.947188208617,3915.947188208617,Tupou Ma'afu-Afungia (Tonga),Tackle,Red,947043,6,H,750,Tonga,56791,Tupou,Ma'afu-Afungia,2,4238
1053,3911.7746712018143,3916.7746712018143,Veikoso Poloniati (Tonga),Phase Defence,Red,947043,4,H,750,Tonga,39123,Veikoso,Poloniati,2,4241
1054,3911.7746712018143,3916.7746712018143,Siosiua Moala (Tonga),Phase Defence,Red,947043,8,H,750,Tonga,65198,Siosiua,Moala,2,4241
1055,3912.421927437642,3917.421927437642,Ben Tameifuna (Tonga),Phase Defence,Red,947043,3,H,750,Tonga,18807,Ben,Tameifuna,2,4241
1056,3915.87030872,3923.199966448001,Harison Mataele (Tonga),Tackle,Green,947043,5,H,750,Tonga,21969,Harison,Mataele,2,4244
1057,3917.727002613,3922.727002613,Kenta Kobayashi (Japan),Ruck,Green,947043,1,A,3000,Japan,34481,Kenta,Kobayashi,2,4246
1058,3917.727002613,3922.727002613,Hayate Era (Japan),Ruck,Green,947043,2,A,3000,Japan,61955,Hayate,Era,2,4246
1059,3919.653522167,3924.653522167,Jack Cornelsen (Japan),Carry,Red,947043,4,A,3000,Japan,23697,Jack,Cornelsen,2,4246
1060,3925.813138388,3934.200005476333,Harison Mataele (Tonga),Charge Down,Green,947043,5,H,750,Tonga,21969,Harison,Mataele,2,4253
1061,3926.001053869,3941.580881336,Kenta Kobayashi (Japan),Kick Chase,Green,947043,1,A,3000,Japan,34481,Kenta,Kobayashi,2,4253
1062,3926.001053869,3941.580881336,Hayate Era (Japan),Kick Chase,Green,947043,2,A,3000,Japan,61955,Hayate,Era,2,4253
1063,3926.001053869,3941.580881336,Shuhei Takeuchi (Japan),Kick Chase,Green,947043,3,A,3000,Japan,37874,Shuhei,Takeuchi,2,4253
1064,3926.001053869,3941.580881336,Jack Cornelsen (Japan),Kick Chase,Green,947043,4,A,3000,Japan,23697,Jack,Cornelsen,2,4253
1065,3926.001053869,3941.580881336,Warner Dearns (Japan),Kick Chase,Green,947043,5,A,3000,Japan,40399,Warner,Dearns,2,4253
1066,3926.001053869,3941.580881336,Ben Gunter (Japan),Kick Chase,Green,947043,6,A,3000,Japan,26283,Ben,Gunter,2,4253
1067,3926.001053869,3941.580881336,Kanji Shimokawa (Japan),Kick Chase,Green,947043,7,A,3000,Japan,30962,Kanji,Shimokawa,2,4253
1068,3926.001053869,3941.580881336,Amato Fakatava (Japan),Kick Chase,Green,947043,8,A,3000,Japan,36500,Amato,Fakatava,2,4253
1069,3926.001053869,3941.580881336,Shinobu Fujiwara (Japan),Kick Chase,Green,947043,9,A,3000,Japan,30969,Shinobu,Fujiwara,2,4253
1070,3926.001053869,3941.580881336,Tomoki Osada (Japan),Kick Chase,Green,947043,11,A,3000,Japan,31059,Tomoki,Osada,2,4253
1071,3926.001053869,3941.580881336,Charlie Lawrence (Japan),Kick Chase,Green,947043,12,A,3000,Japan,32522,Charlie,Lawrence,2,4253
1072,3926.001053869,3941.580881336,Dylan Riley (Japan),Kick Chase,Green,947043,13,A,3000,Japan,27652,Dylan,Riley,2,4253
1073,3926.001053869,3941.580881336,Kippei Ishida (Japan),Kick Chase,Green,947043,14,A,3000,Japan,34036,Kippei,Ishida,2,4253
1074,3926.088888888889,3935.779857574,Samiuela Moli (Tonga),Kick Retreat,Green,947043,2,H,750,Tonga,29511,Samiuela,Moli,2,4253
1075,3926.088888888889,3935.779857574,Ben Tameifuna (Tonga),Kick Retreat,Green,947043,3,H,750,Tonga,18807,Ben,Tameifuna,2,4253
1076,3926.088888888889,3935.779857574,Veikoso Poloniati (Tonga),Kick Retreat,Green,947043,4,H,750,Tonga,39123,Veikoso,Poloniati,2,4253
1077,3926.088888888889,3935.779857574,Tupou Ma'afu-Afungia (Tonga),Kick Retreat,Green,947043,6,H,750,Tonga,56791,Tupou,Ma'afu-Afungia,2,4253
1078,3926.088888888889,3935.779857574,Fotu Lokotui (Tonga),Kick Retreat,Green,947043,7,H,750,Tonga,21971,Fotu,Lokotui,2,4253
1079,3926.088888888889,3935.779857574,Siosiua Moala (Tonga),Kick Retreat,Green,947043,8,H,750,Tonga,65198,Siosiua,Moala,2,4253
1080,3926.088888888889,3935.779857574,Sonatane Takulua (Tonga),Kick Retreat,Green,947043,9,H,750,Tonga,20156,Sonatane,Takulua,2,4253
1081,3926.088888888889,3935.779857574,Nikolai Foliaki (Tonga),Kick Retreat,Green,947043,14,H,750,Tonga,34981,Nikolai,Foliaki,2,4253
1082,3926.856776866,3933.494891868,Warner Dearns (Japan),Ruck,Green,947043,5,A,3000,Japan,40399,Warner,Dearns,2,4253
1083,3926.856776866,3933.494891868,Kanji Shimokawa (Japan),Ruck,Green,947043,7,A,3000,Japan,30962,Kanji,Shimokawa,2,4253
1084,3926.856776866,3933.494891868,Amato Fakatava (Japan),Ruck,Green,947043,8,A,3000,Japan,36500,Amato,Fakatava,2,4253
1085,3928.405835096,3935.779857574,Uilisi Halaholo (Tonga),Kick Retreat,Green,947043,12,H,750,Tonga,20935,Uilisi,Halaholo,2,4254
1086,3928.888580155,3943.2999941063335,Siegfried Fisi'ihoi (Tonga),Kick Retreat,Red,947043,1,H,750,Tonga,22136,Siegfried,Fisi'ihoi,2,4254
1087,3928.888580155,3943.2999941063335,Harison Mataele (Tonga),Kick Retreat,Red,947043,5,H,750,Tonga,21969,Harison,Mataele,2,4254
1088,3929.459388814,3934.459388814,Shuhei Takeuchi (Japan),Carry,Green,947043,3,A,3000,Japan,37874,Shuhei,Takeuchi,2,4254
1089,3932.9983581665792,3939.376144835,Tomoki Osada (Japan),Tackle,Green,947043,11,A,3000,Japan,31059,Tomoki,Osada,2,4301
1090,3934.977654714,3939.977654714,Kenta Kobayashi (Japan),Jackler,Green,947043,1,A,3000,Japan,34481,Kenta,Kobayashi,2,4302
1091,3935.552176870748,3947.699951849332,Siosiua Moala (Tonga),Ruck,Green,947043,8,H,750,Tonga,65198,Siosiua,Moala,2,4305
1092,3936.459024943311,3941.459024943311,Fetuli Paea (Tonga),Kick Retreat ,Red,947043,13,H,750,Tonga,27088,Fetuli,Paea,2,4305
1093,3936.825727537,3947.099987521667,Charles Piutau (Tonga),Carry,Green,947043,15,H,750,Tonga,17091,Charles,Piutau,2,4305
1094,3937.429554471,3942.429554471,Kenta Kobayashi (Japan),Tackle,Green,947043,1,A,3000,Japan,34481,Kenta,Kobayashi,2,4305
1095,3937.429554471,3942.429554471,Hayate Era (Japan),Tackle,Green,947043,2,A,3000,Japan,61955,Hayate,Era,2,4305
1096,3942.9978978871345,3949.031937388,Warner Dearns (Japan),Jackler,Green,947043,5,A,3000,Japan,40399,Warner,Dearns,2,4311
1097,3944.762792069,3959.599961149668,Ben Tameifuna (Tonga),Ruck,Green,947043,3,H,750,Tonga,18807,Ben,Tameifuna,2,4308
1098,3944.762792069,3959.599961149668,Veikoso Poloniati (Tonga),Ruck,Green,947043,4,H,750,Tonga,39123,Veikoso,Poloniati,2,4308
1099,3945.423287981859,3950.423287981859,Samiuela Moli (Tonga),Carry,Red,947043,2,H,750,Tonga,29511,Samiuela,Moli,2,4308
1100,3951.403425424,3956.403425424,Kenta Kobayashi (Japan),Tackle,Green,947043,1,A,3000,Japan,34481,Kenta,Kobayashi,2,4320
1101,3953.663334778,3958.663334778,Ben Gunter (Japan),Tackle,Green,947043,6,A,3000,Japan,26283,Ben,Gunter,2,4322
1102,3954.2897959183674,3971.811930544,Siosiua Moala (Tonga),Carry,Yellow,947043,8,H,750,Tonga,65198,Siosiua,Moala,2,4323
1103,3954.435595487,3959.435595487,Hayate Era (Japan),Tackle,Green,947043,2,A,3000,Japan,61955,Hayate,Era,2,4323
1104,3959.259224935,3972.634118729,Kenta Kobayashi (Japan),Kick Retreat,Green,947043,1,A,3000,Japan,34481,Kenta,Kobayashi,2,4327
1105,3959.259224935,3972.634118729,Hayate Era (Japan),Kick Retreat,Green,947043,2,A,3000,Japan,61955,Hayate,Era,2,4327
1106,3959.259224935,3972.634118729,Shuhei Takeuchi (Japan),Kick Retreat,Green,947043,3,A,3000,Japan,37874,Shuhei,Takeuchi,2,4327
1107,3959.259224935,3972.634118729,Jack Cornelsen (Japan),Kick Retreat,Green,947043,4,A,3000,Japan,23697,Jack,Cornelsen,2,4327
1108,3959.259224935,3972.634118729,Ben Gunter (Japan),Kick Retreat,Green,947043,6,A,3000,Japan,26283,Ben,Gunter,2,4327
1109,3959.259224935,3972.634118729,Kanji Shimokawa (Japan),Kick Retreat,Green,947043,7,A,3000,Japan,30962,Kanji,Shimokawa,2,4327
1110,3959.259224935,3972.634118729,Amato Fakatava (Japan),Kick Retreat,Green,947043,8,A,3000,Japan,36500,Amato,Fakatava,2,4327
1111,3959.259224935,3972.634118729,Shinobu Fujiwara (Japan),Kick Retreat,Green,947043,9,A,3000,Japan,30969,Shinobu,Fujiwara,2,4327
1112,3959.259224935,3972.634118729,Seungsin Lee (Japan),Kick Retreat,Green,947043,10,A,3000,Japan,37841,Seungsin,Lee,2,4327
1113,3959.259224935,3972.634118729,Charlie Lawrence (Japan),Kick Retreat,Green,947043,12,A,3000,Japan,32522,Charlie,Lawrence,2,4327
1114,3959.259224935,3972.634118729,Dylan Riley (Japan),Kick Retreat,Green,947043,13,A,3000,Japan,27652,Dylan,Riley,2,4327
1115,3959.402789115646,3971.499841997999,Nikolai Foliaki (Tonga),Kick Chase,Green,947043,14,H,750,Tonga,34981,Nikolai,Foliaki,2,4327
1116,3959.402789115646,3971.499841997999,Charles Piutau (Tonga),Kick Chase,Green,947043,15,H,750,Tonga,17091,Charles,Piutau,2,4327
1117,3959.808926752,3964.808926752,Warner Dearns (Japan),Charge Down,Green,947043,5,A,3000,Japan,40399,Warner,Dearns,2,4327
1118,3960.2419501133786,3969.599948925,Siegfried Fisi'ihoi (Tonga),Ruck,Green,947043,1,H,750,Tonga,22136,Siegfried,Fisi'ihoi,2,4327
1119,3960.2419501133786,3969.599948925,Ben Tameifuna (Tonga),Ruck,Green,947043,3,H,750,Tonga,18807,Ben,Tameifuna,2,4327
1120,3960.2419501133786,3969.599948925,Veikoso Poloniati (Tonga),Ruck,Green,947043,4,H,750,Tonga,39123,Veikoso,Poloniati,2,4327
1121,3960.2419501133786,3969.599948925,Harison Mataele (Tonga),Ruck,Green,947043,5,H,750,Tonga,21969,Harison,Mataele,2,4327
1122,3960.2419501133786,3969.599948925,Tupou Ma'afu-Afungia (Tonga),Ruck,Green,947043,6,H,750,Tonga,56791,Tupou,Ma'afu-Afungia,2,4327
1123,3960.802517006802,3971.499841997999,Veikoso Poloniati (Tonga),Kick Chase,Green,947043,4,H,750,Tonga,39123,Veikoso,Poloniati,2,4327
1124,3960.802517006802,3971.499841997999,Tupou Ma'afu-Afungia (Tonga),Kick Chase,Green,947043,6,H,750,Tonga,56791,Tupou,Ma'afu-Afungia,2,4327
1125,3960.8498639455784,3971.499841997999,Siegfried Fisi'ihoi (Tonga),Kick Chase,Green,947043,1,H,750,Tonga,22136,Siegfried,Fisi'ihoi,2,4327
1126,3960.8498639455784,3971.499841997999,Ben Tameifuna (Tonga),Kick Chase,Green,947043,3,H,750,Tonga,18807,Ben,Tameifuna,2,4327
1127,3961.196846557,3971.499841997999,Harison Mataele (Tonga),Kick Chase,Green,947043,5,H,750,Tonga,21969,Harison,Mataele,2,4332
1128,3962.581533676,3971.499841997999,Samiuela Moli (Tonga),Kick Chase,Green,947043,2,H,750,Tonga,29511,Samiuela,Moli,2,4332
1129,3963.051108953,3971.499841997999,Fotu Lokotui (Tonga),Kick Chase,Green,947043,7,H,750,Tonga,21971,Fotu,Lokotui,2,4332
1130,3963.051108953,3971.499841997999,Siosiua Moala (Tonga),Kick Chase,Green,947043,8,H,750,Tonga,65198,Siosiua,Moala,2,4332
1131,3963.051108953,3971.499841997999,Uilisi Halaholo (Tonga),Kick Chase,Green,947043,12,H,750,Tonga,20935,Uilisi,Halaholo,2,4332
1132,3963.051108953,3971.499841997999,Fetuli Paea (Tonga),Kick Chase,Green,947043,13,H,750,Tonga,27088,Fetuli,Paea,2,4332
1133,3964.508684807256,3974.099952728997,Siosiua Moala (Tonga),Kick Chase,Red,947043,8,H,750,Tonga,65198,Siosiua,Moala,2,4333
1134,3965.067755102041,3970.067755102041,Harison Mataele (Tonga),Tackle,Red,947043,5,H,750,Tonga,21969,Harison,Mataele,2,4333
1135,3967.634118729,3972.634118729,Warner Dearns (Japan),Kick Retreat,Red,947043,5,A,3000,Japan,40399,Warner,Dearns,2,4336
1136,3968.956916099773,3973.956916099773,Fetuli Paea (Tonga),Phase Defence,Red,947043,13,H,750,Tonga,27088,Fetuli,Paea,2,4336
1137,3969.333015873016,3974.333015873016,Veikoso Poloniati (Tonga),Jackler,Red,947043,4,H,750,Tonga,39123,Veikoso,Poloniati,2,4339
1138,3971.792459538,3976.792459538,Kenta Kobayashi (Japan),Ruck,Green,947043,1,A,3000,Japan,34481,Kenta,Kobayashi,2,4340
1139,3972.080489346,3977.080489346,Kanji Shimokawa (Japan),Ruck,Green,947043,7,A,3000,Japan,30962,Kanji,Shimokawa,2,4340
1140,3972.759884414,3977.759884414,Jack Cornelsen (Japan),Ruck,Yellow,947043,4,A,3000,Japan,23697,Jack,Cornelsen,2,4340
1141,3974.778716154,3979.778716154,Amato Fakatava (Japan),Carry,Green,947043,8,A,3000,Japan,36500,Amato,Fakatava,2,4343
1142,3975.912743764172,3990.376388152333,Fotu Lokotui (Tonga),Kick Retreat,Green,947043,7,H,750,Tonga,21971,Fotu,Lokotui,2,4345
1143,3975.912743764172,3990.376388152333,Fotu Lokotui (Tonga),Kick Retreat,Green,947043,7,H,750,Tonga,21971,Fotu,Lokotui,2,4345
1144,3975.912743764172,3990.376388152333,John Tapueluelu (Tonga),Kick Retreat,Green,947043,11,H,750,Tonga,33907,John,Tapueluelu,2,4345
1145,3975.912743764172,3990.376388152333,John Tapueluelu (Tonga),Kick Retreat,Green,947043,11,H,750,Tonga,33907,John,Tapueluelu,2,4345
1146,3975.912743764172,3990.376388152333,Uilisi Halaholo (Tonga),Kick Retreat,Green,947043,12,H,750,Tonga,20935,Uilisi,Halaholo,2,4345
1147,3975.912743764172,3990.376388152333,Uilisi Halaholo (Tonga),Kick Retreat,Green,947043,12,H,750,Tonga,20935,Uilisi,Halaholo,2,4345
1148,3975.912743764172,3990.376388152333,Fetuli Paea (Tonga),Kick Retreat,Green,947043,13,H,750,Tonga,27088,Fetuli,Paea,2,4345
1149,3975.912743764172,3990.376388152333,Fetuli Paea (Tonga),Kick Retreat,Green,947043,13,H,750,Tonga,27088,Fetuli,Paea,2,4345
1150,3976.759986066,3993.50478025,Hayate Era (Japan),Kick Chase,Green,947043,2,A,3000,Japan,61955,Hayate,Era,2,4345
1151,3976.759986066,3993.50478025,Shuhei Takeuchi (Japan),Kick Chase,Green,947043,3,A,3000,Japan,37874,Shuhei,Takeuchi,2,4345
1152,3976.759986066,3993.50478025,Warner Dearns (Japan),Kick Chase,Green,947043,5,A,3000,Japan,40399,Warner,Dearns,2,4345
1153,3976.759986066,3993.50478025,Ben Gunter (Japan),Kick Chase,Green,947043,6,A,3000,Japan,26283,Ben,Gunter,2,4345
1154,3976.759986066,3993.50478025,Kanji Shimokawa (Japan),Kick Chase,Green,947043,7,A,3000,Japan,30962,Kanji,Shimokawa,2,4345
1155,3976.759986066,3993.50478025,Amato Fakatava (Japan),Kick Chase,Green,947043,8,A,3000,Japan,36500,Amato,Fakatava,2,4345
1156,3976.759986066,3993.50478025,Shinobu Fujiwara (Japan),Kick Chase,Green,947043,9,A,3000,Japan,30969,Shinobu,Fujiwara,2,4345
1157,3976.759986066,3993.50478025,Dylan Riley (Japan),Kick Chase,Green,947043,13,A,3000,Japan,27652,Dylan,Riley,2,4345
1158,3976.759986066,3993.50478025,Kippei Ishida (Japan),Kick Chase,Green,947043,14,A,3000,Japan,34036,Kippei,Ishida,2,4345
1159,3977.0822222222223,3990.376388152333,Harison Mataele (Tonga),Kick Retreat,Green,947043,5,H,750,Tonga,21969,Harison,Mataele,2,4345
1160,3977.0822222222223,3990.376388152333,Tupou Ma'afu-Afungia (Tonga),Kick Retreat,Green,947043,6,H,750,Tonga,56791,Tupou,Ma'afu-Afungia,2,4345
1161,3978.265168254,3990.376388152333,Siegfried Fisi'ihoi (Tonga),Kick Retreat,Green,947043,1,H,750,Tonga,22136,Siegfried,Fisi'ihoi,2,4347
1162,3978.265168254,3990.376388152333,Siegfried Fisi'ihoi (Tonga),Kick Retreat,Green,947043,1,H,750,Tonga,22136,Siegfried,Fisi'ihoi,2,4347
1163,3978.265168254,3990.376388152333,Samiuela Moli (Tonga),Kick Retreat,Green,947043,2,H,750,Tonga,29511,Samiuela,Moli,2,4347
1164,3978.265168254,3990.376388152333,Samiuela Moli (Tonga),Kick Retreat,Green,947043,2,H,750,Tonga,29511,Samiuela,Moli,2,4347
1165,3978.265168254,3990.376388152333,Sonatane Takulua (Tonga),Kick Retreat,Green,947043,9,H,750,Tonga,20156,Sonatane,Takulua,2,4347
1166,3978.265168254,3990.376388152333,Sonatane Takulua (Tonga),Kick Retreat,Green,947043,9,H,750,Tonga,20156,Sonatane,Takulua,2,4347
1167,3978.265168254,3990.3767346938776,Ben Tameifuna (Tonga),Kick Retreat,Green,947043,3,H,750,Tonga,18807,Ben,Tameifuna,2,4347
1168,3980.784537802742,3993.367417152,Sam Greene (Japan),Kick Chase,Red,947043,15,A,3000,Japan,22606,Sam,Greene,2,4349
1169,3980.968004535147,3989.099939444998,Patrick Pellegrini (Tonga),Carry,Green,947043,10,H,750,Tonga,37085,Patrick,Pellegrini,2,4349
1170,3981.7476229980102,3993.3674171520006,Charlie Lawrence (Japan),Kick Chase,Red,947043,12,A,3000,Japan,32522,Charlie,Lawrence,2,4349
1171,3982.102181394,3987.102181394,Kippei Ishida (Japan),Tackle,Green,947043,14,A,3000,Japan,34036,Kippei,Ishida,2,4349
1172,3982.313257064,3995.257256462,Fotu Lokotui (Tonga),Carry,Red,947043,7,H,750,Tonga,21971,Fotu,Lokotui,2,4349
1173,3983.081805240996,3993.325187262,Kenta Kobayashi (Japan),Kick Chase,Red,947043,1,A,3000,Japan,34481,Kenta,Kobayashi,2,4352
1174,3983.9211914203584,3993.467709750567,Jack Cornelsen (Japan),Kick Chase,Red,947043,4,A,3000,Japan,23697,Jack,Cornelsen,2,4353
1175,3984.2196598639457,3996.099935168668,John Tapueluelu (Tonga),Carry,Green,947043,11,H,750,Tonga,33907,John,Tapueluelu,2,4353
1176,3985.3767346938776,3990.376388152333,Veikoso Poloniati (Tonga),Kick Retreat,Green,947043,4,H,750,Tonga,39123,Veikoso,Poloniati,2,4354
1177,3987.047193083,4001.712310242,Samiuela Moli (Tonga),Carry,Red,947043,2,H,750,Tonga,29511,Samiuela,Moli,2,4355
1178,3987.716298726,4000.299981647003,Siegfried Fisi'ihoi (Tonga),Ruck,Red,947043,1,H,750,Tonga,22136,Siegfried,Fisi'ihoi,2,4356
1179,3987.967130943,3992.967130943,Kippei Ishida (Japan),Tackle,Green,947043,14,A,3000,Japan,34036,Kippei,Ishida,2,4356
1180,3989.952539567,3994.952539567,Hayate Era (Japan),Tackle,Green,947043,2,A,3000,Japan,61955,Hayate,Era,2,4358
1181,3990.230680838,4004.1999123160026,John Tapueluelu (Tonga),Carry,Red,947043,11,H,750,Tonga,33907,John,Tapueluelu,2,4358
1182,3990.649037848,3995.649037848,Warner Dearns (Japan),Tackle,Red,947043,5,A,3000,Japan,40399,Warner,Dearns,2,4359
1183,3991.207144686,4002.899933848662,Siosiua Moala (Tonga),Ruck,Red,947043,8,H,750,Tonga,65198,Siosiua,Moala,2,4359
1184,3992.194864989,3997.194864989,Shuhei Takeuchi (Japan),Tackle,Green,947043,3,A,3000,Japan,37874,Shuhei,Takeuchi,2,4400
1185,3992.455215975,3997.455215975,Kenta Kobayashi (Japan),Tackle,Green,947043,1,A,3000,Japan,34481,Kenta,Kobayashi,2,4401
1186,3999.078719678,4010.10031134633,Tupou Ma'afu-Afungia (Tonga),Carry,Green,947043,6,H,750,Tonga,56791,Tupou,Ma'afu-Afungia,2,4407
1187,4005.600174796,4010.600174796,Charlie Lawrence (Japan),Tackle,Green,947043,12,A,3000,Japan,32522,Charlie,Lawrence,2,4414
1188,4006.396109065,4015.500019959329,Tupou Ma'afu-Afungia (Tonga),Ruck,Green,947043,6,H,750,Tonga,56791,Tupou,Ma'afu-Afungia,2,4414
1189,4007.993454298,4018.699907815332,Nikolai Foliaki (Tonga),Ruck,Red,947043,14,H,750,Tonga,34981,Nikolai,Foliaki,2,4416
1190,4009.638287609,4014.638287609,Amato Fakatava (Japan),Jackler,Green,947043,8,A,3000,Japan,36500,Amato,Fakatava,2,4418
1191,4014.354351149,4025.899971103664,Uilisi Halaholo (Tonga),Tackle,Yellow,947043,12,H,750,Tonga,20935,Uilisi,Halaholo,2,4423
1192,4014.643786848073,4019.643786848073,Harison Mataele (Tonga),Turnover Defence,Red,947043,5,H,750,Tonga,21969,Harison,Mataele,2,4423
1193,4014.643786848073,4019.643786848073,Siosiua Moala (Tonga),Turnover Defence,Red,947043,8,H,750,Tonga,65198,Siosiua,Moala,2,4423
1194,4015.501673345,4025.699977100665,Patrick Pellegrini (Tonga),Jackler,Yellow,947043,10,H,750,Tonga,37085,Patrick,Pellegrini,2,4424
1195,4016.705438001,4027.241734742,Hayate Era (Japan),Kick Chase,Green,947043,2,A,3000,Japan,61955,Hayate,Era,2,4424
1196,4017.758119668,4026.799981672,Nikolai Foliaki (Tonga),Kick Retreat,Green,947043,14,H,750,Tonga,34981,Nikolai,Foliaki,2,4424
1197,4017.758119668,4026.799981672,Charles Piutau (Tonga),Kick Retreat,Green,947043,15,H,750,Tonga,17091,Charles,Piutau,2,4424
1198,4018.3226530612246,4023.3226530612246,Siegfried Fisi'ihoi (Tonga),Kick Retreat,Yellow,947043,1,H,750,Tonga,22136,Siegfried,Fisi'ihoi,2,4425
1199,4018.3226530612246,4023.3226530612246,Ben Tameifuna (Tonga),Kick Retreat ,Red,947043,3,H,750,Tonga,18807,Ben,Tameifuna,2,4425
1200,4018.3226530612246,4023.3226530612246,Veikoso Poloniati (Tonga),Kick Retreat ,Red,947043,4,H,750,Tonga,39123,Veikoso,Poloniati,2,4425
1201,4018.3226530612246,4023.3226530612246,Harison Mataele (Tonga),Kick Retreat ,Red,947043,5,H,750,Tonga,21969,Harison,Mataele,2,4425
1202,4018.599986429,4024.009069357,Shuhei Takeuchi (Japan),Kick Chase,Green,947043,3,A,3000,Japan,37874,Shuhei,Takeuchi,2,4425
1203,4018.634136778,4027.241734742,Amato Fakatava (Japan),Kick Chase,Green,947043,8,A,3000,Japan,36500,Amato,Fakatava,2,4425
1204,4018.634136778,4027.241734742,Charlie Lawrence (Japan),Kick Chase,Green,947043,12,A,3000,Japan,32522,Charlie,Lawrence,2,4425
1205,4018.889880224,4027.241734742,Shinobu Fujiwara (Japan),Kick Chase,Green,947043,9,A,3000,Japan,30969,Shinobu,Fujiwara,2,4425
1206,4044.852157397,4056.699890166,Samiuela Moli (Tonga),Lineout Attack,Yellow,947043,2,H,750,Tonga,29511,Samiuela,Moli,2,4453
1207,4044.926431654,4059.460566875,Kenta Kobayashi (Japan),Lineout Defence,Green,947043,1,A,3000,Japan,34481,Kenta,Kobayashi,2,4453
1208,4044.926431654,4059.460566875,Shuhei Takeuchi (Japan),Lineout Defence,Green,947043,3,A,3000,Japan,37874,Shuhei,Takeuchi,2,4453
1209,4044.926431654,4059.460566875,Jack Cornelsen (Japan),Lineout Defence,Yellow,947043,4,A,3000,Japan,23697,Jack,Cornelsen,2,4453
1210,4044.926431654,4059.460566875,Warner Dearns (Japan),Lineout Defence,Yellow,947043,5,A,3000,Japan,40399,Warner,Dearns,2,4453
1211,4045.5764399092977,4058.999986323331,Siegfried Fisi'ihoi (Tonga),Lineout Attack,Green,947043,1,H,750,Tonga,22136,Siegfried,Fisi'ihoi,2,4454
1212,4045.5764399092977,4058.999986323331,Veikoso Poloniati (Tonga),Lineout Attack,Green,947043,4,H,750,Tonga,39123,Veikoso,Poloniati,2,4454
1213,4045.5764399092977,4058.999986323331,Harison Mataele (Tonga),Lineout Attack,Green,947043,5,H,750,Tonga,21969,Harison,Mataele,2,4454
1214,4045.5764399092977,4058.999986323331,Tupou Ma'afu-Afungia (Tonga),Lineout Attack,Green,947043,6,H,750,Tonga,56791,Tupou,Ma'afu-Afungia,2,4454
1215,4053.614693877551,4070.099973626,Siosiua Moala (Tonga),Carry,Yellow,947043,8,H,750,Tonga,65198,Siosiua,Moala,2,4500
1216,4060.606187302,4070.499949725667,Siegfried Fisi'ihoi (Tonga),Ruck,Yellow,947043,1,H,750,Tonga,22136,Siegfried,Fisi'ihoi,2,4508
1217,4060.606187302,4070.499949725667,Ben Tameifuna (Tonga),Ruck,Yellow,947043,3,H,750,Tonga,18807,Ben,Tameifuna,2,4508
1218,4060.606187302,4070.499949725667,Harison Mataele (Tonga),Ruck,Yellow,947043,5,H,750,Tonga,21969,Harison,Mataele,2,4508
1219,4060.606187302,4070.499949725667,Fotu Lokotui (Tonga),Ruck,Yellow,947043,7,H,750,Tonga,21971,Fotu,Lokotui,2,4508
1220,4089.899774863,4103.208572868,Kenta Kobayashi (Japan),Lineout Attack,Green,947043,1,A,3000,Japan,34481,Kenta,Kobayashi,2,4539
1221,4089.899774863,4103.208572868,Hayate Era (Japan),Lineout Attack,Green,947043,2,A,3000,Japan,61955,Hayate,Era,2,4539
1222,4089.899774863,4103.208572868,Shuhei Takeuchi (Japan),Lineout Attack,Green,947043,3,A,3000,Japan,37874,Shuhei,Takeuchi,2,4539
1223,4089.899774863,4103.208572868,Jack Cornelsen (Japan),Lineout Attack,Yellow,947043,4,A,3000,Japan,23697,Jack,Cornelsen,2,4539
1224,4089.899774863,4103.208572868,Warner Dearns (Japan),Lineout Attack,Green,947043,5,A,3000,Japan,40399,Warner,Dearns,2,4539
1225,4089.899774863,4103.208572868,Kanji Shimokawa (Japan),Lineout Attack,Green,947043,7,A,3000,Japan,30962,Kanji,Shimokawa,2,4539
1226,4089.899774863,4103.208572868,Amato Fakatava (Japan),Lineout Attack,Green,947043,8,A,3000,Japan,36500,Amato,Fakatava,2,4539
1227,4091.926394557823,4102.799948201328,Ben Tameifuna (Tonga),Lineout Defence,Green,947043,3,H,750,Tonga,18807,Ben,Tameifuna,2,4540
1228,4092.30978177,4103.208572868,Ben Gunter (Japan),Lineout Attack,Green,947043,6,A,3000,Japan,26283,Ben,Gunter,2,4540
1229,4093.632199546485,4100.599920022336,Samiuela Moli (Tonga),Tackle,Green,947043,2,H,750,Tonga,29511,Samiuela,Moli,2,4542
1230,4094.267868480726,4103.595162496992,Fotu Lokotui (Tonga),Tackle,Gold,947043,7,H,750,Tonga,21971,Fotu,Lokotui,2,4543
1231,4094.4883673469385,4099.4883673469385,Harison Mataele (Tonga),Lineout Defence,Green,947043,5,H,750,Tonga,21969,Harison,Mataele,2,4543
1232,4094.5973922902494,4099.597392290249,Siegfried Fisi'ihoi (Tonga),Lineout Defence,Yellow,947043,1,H,750,Tonga,22136,Siegfried,Fisi'ihoi,2,4543
1233,4094.6997272836416,4100.056302492,Harison Mataele (Tonga),Phase Defence,Red,947043,5,H,750,Tonga,21969,Harison,Mataele,2,4543
1234,4095.848412507,4100.848412507,Veikoso Poloniati (Tonga),Lineout Defence,Green,947043,4,H,750,Tonga,39123,Veikoso,Poloniati,2,4544
1235,4096.251655328798,4101.251655328798,Siosiua Moala (Tonga),Lineout Defence,Green,947043,8,H,750,Tonga,65198,Siosiua,Moala,2,4544
1236,4097.245090822,4104.999959570663,Ben Tameifuna (Tonga),Jackler,Green,947043,3,H,750,Tonga,18807,Ben,Tameifuna,2,4546
1237,4098.641337868481,4103.641337868481,Tupou Ma'afu-Afungia (Tonga),Phase Defence,Red,947043,6,H,750,Tonga,56791,Tupou,Ma'afu-Afungia,2,4546
1238,4098.836394557823,4108.699980760004,Nikolai Foliaki (Tonga),Tackle,Yellow,947043,14,H,750,Tonga,34981,Nikolai,Foliaki,2,4546
1239,4099.095280578,4101.699918840332,Samiuela Moli (Tonga),Lineout Defence,Red,947043,2,H,750,Tonga,29511,Samiuela,Moli,2,4547
1240,4102.525938395,4107.525938395,Tomoki Osada (Japan),Ruck,Yellow,947043,11,A,3000,Japan,31059,Tomoki,Osada,2,4551
1241,4103.102574066,4108.102574066,Ben Gunter (Japan),Ruck,Green,947043,6,A,3000,Japan,26283,Ben,Gunter,2,4551
1242,4103.688423776,4108.688423776,Charlie Lawrence (Japan),Carry,Green,947043,12,A,3000,Japan,32522,Charlie,Lawrence,2,4553
1243,4104.795458282,4117.399992144333,Tupou Ma'afu-Afungia (Tonga),Tackle,Red,947043,6,H,750,Tonga,56791,Tupou,Ma'afu-Afungia,2,4553
1244,4109.427024163,4114.427024163,Sam Greene (Japan),Ruck,Green,947043,15,A,3000,Japan,22606,Sam,Greene,2,4557
1245,4109.570141831,4114.570141831,Hayate Era (Japan),Ruck,Green,947043,2,A,3000,Japan,61955,Hayate,Era,2,4557
1246,4111.560690293,4119.30701103,Samiuela Moli (Tonga),Tackle,Green,947043,2,H,750,Tonga,29511,Samiuela,Moli,2,4600
1247,4112.284995333,4117.284995333,Dylan Riley (Japan),Carry,Green,947043,13,A,3000,Japan,27652,Dylan,Riley,2,4601
1248,4112.456480753,4117.456480753,Amato Fakatava (Japan),Ruck,Red,947043,8,A,3000,Japan,36500,Amato,Fakatava,2,4601
1249,4112.934241909,4120.099968330994,Siosiua Moala (Tonga),Tackle,Green,947043,8,H,750,Tonga,65198,Siosiua,Moala,2,4601
1250,4114.55026268,4125.799958128001,Veikoso Poloniati (Tonga),Tackle,Green,947043,4,H,750,Tonga,39123,Veikoso,Poloniati,2,4603
1251,4118.962116289,4123.962116289,Kenta Kobayashi (Japan),Ruck,Green,947043,1,A,3000,Japan,34481,Kenta,Kobayashi,2,4607
1252,4119.078589848,4124.078589848,Shuhei Takeuchi (Japan),Ruck,Yellow,947043,3,A,3000,Japan,37874,Shuhei,Takeuchi,2,4607
1253,4119.342771741,4124.342771741,Seungsin Lee (Japan),Carry,Green,947043,10,A,3000,Japan,37841,Seungsin,Lee,2,4608
1254,4119.813673469388,4128.200015149338,Fetuli Paea (Tonga),Tackle,Green,947043,13,H,750,Tonga,27088,Fetuli,Paea,2,4608
1255,4120.483403628,4125.483403628,Ben Gunter (Japan),Ruck,Green,947043,6,A,3000,Japan,26283,Ben,Gunter,2,4609
1256,4122.489986004,4132.899941350995,Sonatane Takulua (Tonga),Tackle,Red,947043,9,H,750,Tonga,20156,Sonatane,Takulua,2,4611
1257,4122.750091052,4132.0998871213305,Harison Mataele (Tonga),Jackler,Green,947043,5,H,750,Tonga,21969,Harison,Mataele,2,4611
1258,4123.996186482,4128.996186482,Sam Greene (Japan),Ruck,Green,947043,15,A,3000,Japan,22606,Sam,Greene,2,4612
1259,4126.376701019,4131.376701019,Kanji Shimokawa (Japan),Ruck,Green,947043,7,A,3000,Japan,30962,Kanji,Shimokawa,2,4615
1260,4128.274711944,4133.274711944,Tomoki Osada (Japan),Carry,Green,947043,11,A,3000,Japan,31059,Tomoki,Osada,2,4617
1261,4128.330054099,4133.330054099,Jack Cornelsen (Japan),Ruck,Green,947043,4,A,3000,Japan,23697,Jack,Cornelsen,2,4617
1262,4130.884599392,4135.884599392,Shuhei Takeuchi (Japan),Ruck,Green,947043,3,A,3000,Japan,37874,Shuhei,Takeuchi,2,4619
1263,4130.884599392,4135.884599392,Warner Dearns (Japan),Ruck,Green,947043,5,A,3000,Japan,40399,Warner,Dearns,2,4619
1264,4131.393542504,4136.393542504,Kenta Kobayashi (Japan),Carry,Green,947043,1,A,3000,Japan,34481,Kenta,Kobayashi,2,4619
1265,4133.538483824,4139.899976781334,Siegfried Fisi'ihoi (Tonga),Tackle,Red,947043,1,H,750,Tonga,22136,Siegfried,Fisi'ihoi,2,4623
1266,4136.181247165533,4144.1998901096695,Samiuela Moli (Tonga),Jackler,Green,947043,2,H,750,Tonga,29511,Samiuela,Moli,2,4625
1267,4136.181247165533,4144.1998901096695,Fetuli Paea (Tonga),Jackler,Green,947043,13,H,750,Tonga,27088,Fetuli,Paea,2,4625
1268,4136.904244168,4141.904244168,Hayate Era (Japan),Carry,Green,947043,2,A,3000,Japan,61955,Hayate,Era,2,4625
1269,4136.924047984,4144.099948828669,Harison Mataele (Tonga),Tackle,Yellow,947043,5,H,750,Tonga,21969,Harison,Mataele,2,4625
1270,4137.923129251701,4142.923129251701,Siegfried Fisi'ihoi (Tonga),Phase Defence,Red,947043,1,H,750,Tonga,22136,Siegfried,Fisi'ihoi,2,4627
1271,4430.683068493311,4442.431999743,Siegfried Fisi'ihoi (Tonga),Kick Retreat,Yellow,947043,1,H,750,Tonga,22136,Siegfried,Fisi'ihoi,2,5002
1272,4432.34534707,4444.099889213,Fetuli Paea (Tonga),Kick Retreat,Green,947043,13,H,750,Tonga,27088,Fetuli,Paea,2,5002
1273,4433.290997732426,4444.099889213,Solomone Tukuafu (Tonga),Kick Retreat,Green,947043,18,H,750,Tonga,44442,Solomone,Tukuafu,2,5002
1274,4433.706281179138,4444.099889213,Sonatane Takulua (Tonga),Kick Retreat,Green,947043,9,H,750,Tonga,20156,Sonatane,Takulua,2,5002
1275,4434.183400112,4444.4999450609985,Harison Mataele (Tonga),Kick Retreat,Red,947043,5,H,750,Tonga,21969,Harison,Mataele,2,5002
1276,4434.247433316,4451.142205104,Hayate Era (Japan),Kick Chase,Green,947043,2,A,3000,Japan,61955,Hayate,Era,2,5002
1277,4434.247433316,4451.142205104,Shuhei Takeuchi (Japan),Kick Chase,Green,947043,3,A,3000,Japan,37874,Shuhei,Takeuchi,2,5002
1278,4434.247433316,4451.142205104,Jack Cornelsen (Japan),Kick Chase,Green,947043,4,A,3000,Japan,23697,Jack,Cornelsen,2,5002
1279,4434.247433316,4451.142205104,Warner Dearns (Japan),Kick Chase,Green,947043,5,A,3000,Japan,40399,Warner,Dearns,2,5002
1280,4434.247433316,4451.142205104,Ben Gunter (Japan),Kick Chase,Green,947043,6,A,3000,Japan,26283,Ben,Gunter,2,5002
1281,4434.247433316,4451.142205104,Kanji Shimokawa (Japan),Kick Chase,Green,947043,7,A,3000,Japan,30962,Kanji,Shimokawa,2,5002
1282,4434.247433316,4451.142205104,Amato Fakatava (Japan),Kick Chase,Green,947043,8,A,3000,Japan,36500,Amato,Fakatava,2,5002
1283,4434.247433316,4451.142205104,Shinobu Fujiwara (Japan),Kick Chase,Green,947043,9,A,3000,Japan,30969,Shinobu,Fujiwara,2,5002
1284,4434.247433316,4451.142205104,Tomoki Osada (Japan),Kick Chase,Green,947043,11,A,3000,Japan,31059,Tomoki,Osada,2,5002
1285,4434.247433316,4451.142205104,Charlie Lawrence (Japan),Kick Chase,Green,947043,12,A,3000,Japan,32522,Charlie,Lawrence,2,5002
1286,4434.247433316,4451.142205104,Dylan Riley (Japan),Kick Chase,Green,947043,13,A,3000,Japan,27652,Dylan,Riley,2,5002
1287,4434.247433316,4451.142205104,Kippei Ishida (Japan),Kick Chase,Green,947043,14,A,3000,Japan,34036,Kippei,Ishida,2,5002
1288,4434.247433316,4451.142205104,Ryosuke Iwaihara (Japan),Kick Chase,Green,947043,17,A,3000,Japan,23408,Ryosuke,Iwaihara,2,5002
1289,4434.718296764,4444.099889213,Siosiua Moala (Tonga),Kick Retreat,Green,947043,8,H,750,Tonga,65198,Siosiua,Moala,2,5002
1290,4435.029342696,4444.099889213,Samiuela Moli (Tonga),Kick Retreat,Green,947043,2,H,750,Tonga,29511,Samiuela,Moli,2,5007
1291,4436.61619658,4444.099889213,Veikoso Poloniati (Tonga),Kick Retreat,Green,947043,4,H,750,Tonga,39123,Veikoso,Poloniati,2,5007
1292,4438.055748198,4444.099889213,Fotu Lokotui (Tonga),Kick Retreat,Green,947043,7,H,750,Tonga,21971,Fotu,Lokotui,2,5007
1293,4444.473397669,4453.100019495998,Patrick Pellegrini (Tonga),Carry,Green,947043,10,H,750,Tonga,37085,Patrick,Pellegrini,2,5018
1294,4445.64965019,4450.64965019,Hayate Era (Japan),Tackle,Green,947043,2,A,3000,Japan,61955,Hayate,Era,2,5018
1295,4445.64965019,4450.64965019,Amato Fakatava (Japan),Tackle,Green,947043,8,A,3000,Japan,36500,Amato,Fakatava,2,5018
1296,4446.788447921,4451.788447921,Shinobu Fujiwara (Japan),Tackle,Green,947043,9,A,3000,Japan,30969,Shinobu,Fujiwara,2,5020
1297,4451.183575856,4460.65262441,Seungsin Lee (Japan),Carry,Red,947043,10,A,3000,Japan,37841,Seungsin,Lee,2,5024
1298,4452.155339835,4465.699979431999,Tupou Ma'afu-Afungia (Tonga),Kick Retreat,Red,947043,6,H,750,Tonga,56791,Tupou,Ma'afu-Afungia,2,5024
1299,4453.227597854,4468.500878829,Hayate Era (Japan),Kick Chase,Green,947043,2,A,3000,Japan,61955,Hayate,Era,2,5024
1300,4453.227597854,4468.500878829,Shuhei Takeuchi (Japan),Kick Chase,Green,947043,3,A,3000,Japan,37874,Shuhei,Takeuchi,2,5024
1301,4453.227597854,4468.500878829,Jack Cornelsen (Japan),Kick Chase,Green,947043,4,A,3000,Japan,23697,Jack,Cornelsen,2,5024
1302,4453.227597854,4468.500878829,Warner Dearns (Japan),Kick Chase,Green,947043,5,A,3000,Japan,40399,Warner,Dearns,2,5024
1303,4453.227597854,4468.500878829,Ben Gunter (Japan),Kick Chase,Green,947043,6,A,3000,Japan,26283,Ben,Gunter,2,5024
1304,4453.227597854,4468.500878829,Kanji Shimokawa (Japan),Kick Chase,Green,947043,7,A,3000,Japan,30962,Kanji,Shimokawa,2,5024
1305,4453.227597854,4468.500878829,Shinobu Fujiwara (Japan),Kick Chase,Green,947043,9,A,3000,Japan,30969,Shinobu,Fujiwara,2,5024
1306,4453.227597854,4468.500878829,Tomoki Osada (Japan),Kick Chase,Green,947043,11,A,3000,Japan,31059,Tomoki,Osada,2,5024
1307,4453.227597854,4468.500878829,Charlie Lawrence (Japan),Kick Chase,Green,947043,12,A,3000,Japan,32522,Charlie,Lawrence,2,5024
1308,4453.227597854,4468.500878829,Kippei Ishida (Japan),Kick Chase,Green,947043,14,A,3000,Japan,34036,Kippei,Ishida,2,5024
1309,4453.227597854,4468.500878829,Sam Greene (Japan),Kick Chase,Green,947043,15,A,3000,Japan,22606,Sam,Greene,2,5024
1310,4453.227597854,4468.500878829,Ryosuke Iwaihara (Japan),Kick Chase,Green,947043,17,A,3000,Japan,23408,Ryosuke,Iwaihara,2,5024
1311,4454.401568269,4469.099850686997,Siegfried Fisi'ihoi (Tonga),Kick Retreat,Green,947043,1,H,750,Tonga,22136,Siegfried,Fisi'ihoi,2,5024
1312,4454.401568269,4469.099850686997,Samiuela Moli (Tonga),Kick Retreat,Green,947043,2,H,750,Tonga,29511,Samiuela,Moli,2,5024
1313,4454.401568269,4469.099850686997,Veikoso Poloniati (Tonga),Kick Retreat,Green,947043,4,H,750,Tonga,39123,Veikoso,Poloniati,2,5024
1314,4454.401568269,4469.099850686997,Harison Mataele (Tonga),Kick Retreat,Green,947043,5,H,750,Tonga,21969,Harison,Mataele,2,5024
1315,4454.401568269,4469.099850686997,Fotu Lokotui (Tonga),Kick Retreat,Green,947043,7,H,750,Tonga,21971,Fotu,Lokotui,2,5024
1316,4454.401568269,4469.099850686997,Siosiua Moala (Tonga),Kick Retreat,Green,947043,8,H,750,Tonga,65198,Siosiua,Moala,2,5024
1317,4454.401568269,4469.099850686997,Sonatane Takulua (Tonga),Kick Retreat,Green,947043,9,H,750,Tonga,20156,Sonatane,Takulua,2,5024
1318,4454.401568269,4469.099850686997,Fetuli Paea (Tonga),Kick Retreat,Green,947043,13,H,750,Tonga,27088,Fetuli,Paea,2,5024
1319,4454.401568269,4469.099850686997,Solomone Tukuafu (Tonga),Kick Retreat,Green,947043,18,H,750,Tonga,44442,Solomone,Tukuafu,2,5024
1320,4454.401568269,4469.099850686997,Josiah Unga (Tonga),Kick Retreat,Green,947043,23,H,750,Tonga,67775,Josiah,Unga,2,5024
1321,4461.453679472,4478.808541555,Hayate Era (Japan),Kick Retreat,Green,947043,2,A,3000,Japan,61955,Hayate,Era,2,5033
1322,4461.453679472,4478.808541555,Shuhei Takeuchi (Japan),Kick Retreat,Yellow,947043,3,A,3000,Japan,37874,Shuhei,Takeuchi,2,5033
1323,4461.453679472,4478.808541555,Jack Cornelsen (Japan),Kick Retreat,Yellow,947043,4,A,3000,Japan,23697,Jack,Cornelsen,2,5033
1324,4461.453679472,4478.808541555,Warner Dearns (Japan),Kick Retreat,Yellow,947043,5,A,3000,Japan,40399,Warner,Dearns,2,5033
1325,4461.453679472,4478.808541555,Ben Gunter (Japan),Kick Retreat,Green,947043,6,A,3000,Japan,26283,Ben,Gunter,2,5033
1326,4461.453679472,4478.808541555,Kanji Shimokawa (Japan),Kick Retreat,Green,947043,7,A,3000,Japan,30962,Kanji,Shimokawa,2,5033
1327,4461.453679472,4478.808541555,Amato Fakatava (Japan),Kick Retreat,Green,947043,8,A,3000,Japan,36500,Amato,Fakatava,2,5033
1328,4461.453679472,4478.808541555,Shinobu Fujiwara (Japan),Kick Retreat,Yellow,947043,9,A,3000,Japan,30969,Shinobu,Fujiwara,2,5033
1329,4461.453679472,4478.808541555,Tomoki Osada (Japan),Kick Retreat,Green,947043,11,A,3000,Japan,31059,Tomoki,Osada,2,5033
1330,4461.453679472,4478.808541555,Charlie Lawrence (Japan),Kick Retreat,Green,947043,12,A,3000,Japan,32522,Charlie,Lawrence,2,5033
1331,4461.453679472,4478.808541555,Kippei Ishida (Japan),Kick Retreat,Red,947043,14,A,3000,Japan,34036,Kippei,Ishida,2,5033
1332,4461.453679472,4478.808541555,Sam Greene (Japan),Kick Retreat,Green,947043,15,A,3000,Japan,22606,Sam,Greene,2,5033
1333,4461.453679472,4478.808541555,Ryosuke Iwaihara (Japan),Kick Retreat,Red,947043,17,A,3000,Japan,23408,Ryosuke,Iwaihara,2,5033
1334,4463.917891156462,4468.917891156462,Veikoso Poloniati (Tonga),Kick Chase,Yellow,947043,4,H,750,Tonga,39123,Veikoso,Poloniati,2,5033
1335,4464.808367346939,4471.200037985669,Siosiua Moala (Tonga),Kick Chase,Green,947043,8,H,750,Tonga,65198,Siosiua,Moala,2,5033
1336,4465.217936507936,4470.217936507936,Siegfried Fisi'ihoi (Tonga),Kick Chase,Yellow,947043,1,H,750,Tonga,22136,Siegfried,Fisi'ihoi,2,5039
1337,4465.513426957,4472.199982687334,Fetuli Paea (Tonga),Kick Chase,Yellow,947043,13,H,750,Tonga,27088,Fetuli,Paea,2,5039
1338,4465.592404763,4472.599964218335,John Tapueluelu (Tonga),Kick Chase,Green,947043,11,H,750,Tonga,33907,John,Tapueluelu,2,5039
1339,4465.723628117914,4470.723628117914,Samiuela Moli (Tonga),Kick Chase,Yellow,947043,2,H,750,Tonga,29511,Samiuela,Moli,2,5039
1340,4465.84977324263,4471.399910580997,Harison Mataele (Tonga),Kick Chase,Yellow,947043,5,H,750,Tonga,21969,Harison,Mataele,2,5039
1341,4465.84977324263,4471.399910580997,Solomone Tukuafu (Tonga),Kick Chase,Yellow,947043,18,H,750,Tonga,44442,Solomone,Tukuafu,2,5039
1342,4466.159611744,4472.400315848004,Charles Piutau (Tonga),Kick Chase,Yellow,947043,15,H,750,Tonga,17091,Charles,Piutau,2,5039
1343,4468.91507936508,4478.199818892671,Veikoso Poloniati (Tonga),Tackle,Green,947043,4,H,750,Tonga,39123,Veikoso,Poloniati,2,5042
1344,4470.362970521542,4475.362970521542,Tupou Ma'afu-Afungia (Tonga),Kick Chase,Green,947043,6,H,750,Tonga,56791,Tupou,Ma'afu-Afungia,2,5044
1345,4472.5951473922905,4478.399896782672,John Tapueluelu (Tonga),Tackle,Green,947043,11,H,750,Tonga,33907,John,Tapueluelu,2,5046
1346,4473.979931972789,4478.979931972789,Tupou Ma'afu-Afungia (Tonga),Phase Defence,Red,947043,6,H,750,Tonga,56791,Tupou,Ma'afu-Afungia,2,5046
1347,4474.872502641,4485.40000361933,Charles Piutau (Tonga),Jackler,Yellow,947043,15,H,750,Tonga,17091,Charles,Piutau,2,5046
1348,4475.341457154,4480.341457154,Seungsin Lee (Japan),Ruck,Green,947043,10,A,3000,Japan,37841,Seungsin,Lee,2,5047
1349,4476.396407241,4483.999932828999,Harison Mataele (Tonga),Tackle,Green,947043,5,H,750,Tonga,21969,Harison,Mataele,2,5047
1350,4479.192219046,4484.192219046,Ben Gunter (Japan),Ruck,Green,947043,6,A,3000,Japan,26283,Ben,Gunter,2,5052
1351,4479.192219046,4484.192219046,Kanji Shimokawa (Japan),Ruck,Green,947043,7,A,3000,Japan,30962,Kanji,Shimokawa,2,5052
1352,4479.686901952,4484.686901952,Dylan Riley (Japan),Carry,Green,947043,13,A,3000,Japan,27652,Dylan,Riley,2,5052
1353,4479.698662131519,4484.698662131519,Siosiua Moala (Tonga),Tackle,Red,947043,8,H,750,Tonga,65198,Siosiua,Moala,2,5052
1354,4481.549902403,4492.999967950333,Veikoso Poloniati (Tonga),Tackle,Red,947043,4,H,750,Tonga,39123,Veikoso,Poloniati,2,5053
1355,4483.30912608,4488.30912608,Hayate Era (Japan),Ruck,Green,947043,2,A,3000,Japan,61955,Hayate,Era,2,5056
1356,4483.524353954,4499.399990121996,Fotu Lokotui (Tonga),Tackle,Yellow,947043,7,H,750,Tonga,21971,Fotu,Lokotui,2,5056
1357,4483.929879153,4488.929879153,Shuhei Takeuchi (Japan),Carry,Green,947043,3,A,3000,Japan,37874,Shuhei,Takeuchi,2,5057
1358,4483.988367558,4488.988367558,Jack Cornelsen (Japan),Ruck,Red,947043,4,A,3000,Japan,23697,Jack,Cornelsen,2,5057
1359,4489.765442176871,4496.799946899,Solomone Tukuafu (Tonga),Tackle,Green,947043,18,H,750,Tonga,44442,Solomone,Tukuafu,2,5101
1360,4491.466198174,4496.466198174,Warner Dearns (Japan),Ruck,Red,947043,5,A,3000,Japan,40399,Warner,Dearns,2,5102
1361,4492.060462268,4497.060462268,Kanji Shimokawa (Japan),Ruck,Green,947043,7,A,3000,Japan,30962,Kanji,Shimokawa,2,5102
1362,4492.830400608,4497.830400608,Solomone Tukuafu (Tonga),Phase Defence,Red,947043,18,H,750,Tonga,44442,Solomone,Tukuafu,2,5106
1363,4493.997346938775,4504.499635424655,Siegfried Fisi'ihoi (Tonga),Tackle,Red,947043,1,H,750,Tonga,22136,Siegfried,Fisi'ihoi,2,5108
1364,4495.071580955,4500.071580955,Jack Cornelsen (Japan),Ruck,Green,947043,4,A,3000,Japan,23697,Jack,Cornelsen,2,5108
1365,4497.364293751,4502.364293751,Ryosuke Iwaihara (Japan),Ruck,Green,947043,17,A,3000,Japan,23408,Ryosuke,Iwaihara,2,5109
1366,4500.427115992,4509.999995019334,Veikoso Poloniati (Tonga),Tackle,Red,947043,4,H,750,Tonga,39123,Veikoso,Poloniati,2,5114
1367,4501.46388325,4510.557283044,Shuhei Takeuchi (Japan),Ruck,Red,947043,3,A,3000,Japan,37874,Shuhei,Takeuchi,2,5114
1368,4501.46388325,4510.557283044,Jack Cornelsen (Japan),Ruck,Red,947043,4,A,3000,Japan,23697,Jack,Cornelsen,2,5114
1369,4501.46388325,4510.557283044,Kanji Shimokawa (Japan),Ruck,Green,947043,7,A,3000,Japan,30962,Kanji,Shimokawa,2,5114
1370,4501.753467164,4505.427115992,Sonatane Takulua (Tonga),Tackle,Green,947043,9,H,750,Tonga,20156,Sonatane,Takulua,2,5116
1371,4502.820713272,4511.451072975,Hayate Era (Japan),Kick Chase,Green,947043,2,A,3000,Japan,61955,Hayate,Era,2,5116
1372,4502.820713272,4511.451072975,Shuhei Takeuchi (Japan),Kick Chase,Green,947043,3,A,3000,Japan,37874,Shuhei,Takeuchi,2,5116
1373,4502.820713272,4511.451072975,Jack Cornelsen (Japan),Kick Chase,Green,947043,4,A,3000,Japan,23697,Jack,Cornelsen,2,5116
1374,4502.820713272,4511.451072975,Warner Dearns (Japan),Kick Chase,Green,947043,5,A,3000,Japan,40399,Warner,Dearns,2,5116
1375,4502.820713272,4511.451072975,Kanji Shimokawa (Japan),Kick Chase,Green,947043,7,A,3000,Japan,30962,Kanji,Shimokawa,2,5116
1376,4502.820713272,4511.451072975,Amato Fakatava (Japan),Kick Chase,Green,947043,8,A,3000,Japan,36500,Amato,Fakatava,2,5116
1377,4502.820713272,4511.451072975,Ryosuke Iwaihara (Japan),Kick Chase,Green,947043,17,A,3000,Japan,23408,Ryosuke,Iwaihara,2,5116
1378,4503.628195617,4511.451072975,Shinobu Fujiwara (Japan),Kick Chase,Green,947043,9,A,3000,Japan,30969,Shinobu,Fujiwara,2,5116
1379,4503.628195617,4511.451072975,Tomoki Osada (Japan),Kick Chase,Green,947043,11,A,3000,Japan,31059,Tomoki,Osada,2,5116
1380,4503.628195617,4511.451072975,Charlie Lawrence (Japan),Kick Chase,Green,947043,12,A,3000,Japan,32522,Charlie,Lawrence,2,5116
1381,4503.628195617,4511.451072975,Dylan Riley (Japan),Kick Chase,Yellow,947043,13,A,3000,Japan,27652,Dylan,Riley,2,5116
1382,4503.628195617,4511.451072975,Sam Greene (Japan),Kick Chase,Green,947043,15,A,3000,Japan,22606,Sam,Greene,2,5116
1383,4506.807530927,4515.399885628376,Hayate Era (Japan),Kick Chase,Green,947043,2,A,3000,Japan,61955,Hayate,Era,2,5118
1384,4506.862947458,4515.399885628376,Amato Fakatava (Japan),Kick Chase,Green,947043,8,A,3000,Japan,36500,Amato,Fakatava,2,5118
1385,4506.862947458,4515.399885628376,Shinobu Fujiwara (Japan),Kick Chase,Green,947043,9,A,3000,Japan,30969,Shinobu,Fujiwara,2,5118
1386,4506.862947458,4515.399885628376,Tomoki Osada (Japan),Kick Chase,Green,947043,11,A,3000,Japan,31059,Tomoki,Osada,2,5118
1387,4506.862947458,4515.399885628376,Charlie Lawrence (Japan),Kick Chase,Green,947043,12,A,3000,Japan,32522,Charlie,Lawrence,2,5118
1388,4506.862947458,4515.399885628376,Sam Greene (Japan),Kick Chase,Green,947043,15,A,3000,Japan,22606,Sam,Greene,2,5118
1389,4506.862947458,4515.399885628376,Ryosuke Iwaihara (Japan),Kick Chase,Green,947043,17,A,3000,Japan,23408,Ryosuke,Iwaihara,2,5118
1390,4508.059101045,4513.059101045,Warner Dearns (Japan),Carry,Green,947043,5,A,3000,Japan,40399,Warner,Dearns,2,5120
1391,4508.582176562,4515.399885628376,Shuhei Takeuchi (Japan),Kick Chase,Green,947043,3,A,3000,Japan,37874,Shuhei,Takeuchi,2,5120
1392,4508.721797558,4515.399885628376,Warner Dearns (Japan),Kick Chase,Green,947043,5,A,3000,Japan,40399,Warner,Dearns,2,5120
1393,4509.07369007,4514.99986831633,Tupou Ma'afu-Afungia (Tonga),Kick Retreat,Green,947043,6,H,750,Tonga,56791,Tupou,Ma'afu-Afungia,2,5120
1394,4509.07369007,4514.99986831633,Fetuli Paea (Tonga),Kick Retreat,Green,947043,13,H,750,Tonga,27088,Fetuli,Paea,2,5120
1395,4509.07369007,4514.99986831633,Nikolai Foliaki (Tonga),Kick Retreat,Green,947043,14,H,750,Tonga,34981,Nikolai,Foliaki,2,5120
1396,4509.191819873,4514.99986831633,Samiuela Moli (Tonga),Kick Retreat,Green,947043,2,H,750,Tonga,29511,Samiuela,Moli,2,5120
1397,4509.191819873,4514.99986831633,Sonatane Takulua (Tonga),Kick Retreat,Green,947043,9,H,750,Tonga,20156,Sonatane,Takulua,2,5120
1398,4509.191819873,4514.99986831633,Solomone Tukuafu (Tonga),Kick Retreat,Green,947043,18,H,750,Tonga,44442,Solomone,Tukuafu,2,5120
1399,4510.536785629,4514.99986831633,Harison Mataele (Tonga),Kick Retreat,Green,947043,5,H,750,Tonga,21969,Harison,Mataele,2,5120
1400,4628.586938012,4638.399929015003,Tupou Ma'afu-Afungia (Tonga),Tackle,Red,947043,6,H,750,Tonga,56791,Tupou,Ma'afu-Afungia,2,5322
1401,4629.489119827,4636.499952716665,Solomone Tukuafu (Tonga),Tackle,Green,947043,18,H,750,Tonga,44442,Solomone,Tukuafu,2,5323
1402,4635.09770552,4640.09770552,Shuhei Takeuchi (Japan),Linebreak Attack,Gold,947043,3,A,3000,Japan,37874,Shuhei,Takeuchi,2,5328
1403,4635.260167492,4640.260167492,Jack Cornelsen (Japan),Ruck,Green,947043,4,A,3000,Japan,23697,Jack,Cornelsen,2,5329
1404,4635.988182405,4640.988182405,Ryosuke Iwaihara (Japan),Ruck,Green,947043,17,A,3000,Japan,23408,Ryosuke,Iwaihara,2,5329
1405,4636.576577781,4641.576577781,Amato Fakatava (Japan),Carry,Green,947043,8,A,3000,Japan,36500,Amato,Fakatava,2,5330
1406,4636.580947168,4642.200222716667,Siosiua Moala (Tonga),Tackle,Green,947043,8,H,750,Tonga,65198,Siosiua,Moala,2,5330
1407,4637.226145124717,4646.673993704,Fotu Lokotui (Tonga),Tackle,Red,947043,7,H,750,Tonga,21971,Fotu,Lokotui,2,5330
1408,4637.729878598,4643.099995495664,Siegfried Fisi'ihoi (Tonga),Linebreak Defence,Red,947043,1,H,750,Tonga,22136,Siegfried,Fisi'ihoi,2,5331
1409,4638.26395837,4645.72260770975,Josiah Unga (Tonga),Tackle,Green,947043,23,H,750,Tonga,67775,Josiah,Unga,2,5331
1410,4640.334762584,4645.334762584,Hayate Era (Japan),Linebreak Attack,Gold,947043,2,A,3000,Japan,61955,Hayate,Era,2,5334
1411,4641.667727349,4648.107695896,Patrick Pellegrini (Tonga),Tackle,Green,947043,10,H,750,Tonga,37085,Patrick,Pellegrini,2,5335
1412,4643.107695896,4649.23226982,Siegfried Fisi'ihoi (Tonga),Linebreak Defence,Red,947043,1,H,750,Tonga,22136,Siegfried,Fisi'ihoi,2,5336
1413,4643.107695896,4649.23226982,Veikoso Poloniati (Tonga),Linebreak Defence,Red,947043,4,H,750,Tonga,39123,Veikoso,Poloniati,2,5336
1414,4643.107695896,4649.23226982,Harison Mataele (Tonga),Linebreak Defence,Red,947043,5,H,750,Tonga,21969,Harison,Mataele,2,5336
1415,4643.107695896,4649.23226982,Siosiua Moala (Tonga),Linebreak Defence,Red,947043,8,H,750,Tonga,65198,Siosiua,Moala,2,5336
1416,4644.23226982,4649.23226982,Fotu Lokotui (Tonga),Linebreak Defence,Red,947043,7,H,750,Tonga,21971,Fotu,Lokotui,2,5337
1417,4645.515730165,4650.515730165,Jack Cornelsen (Japan),Ruck,Red,947043,4,A,3000,Japan,23697,Jack,Cornelsen,2,5339
1418,4648.464383757,4653.464383757,Tomoki Osada (Japan),Ruck,Red,947043,11,A,3000,Japan,31059,Tomoki,Osada,2,5343
1419,4648.591024198,4653.591024198,Hayate Era (Japan),Carry,Red,947043,2,A,3000,Japan,61955,Hayate,Era,2,5343
1420,4649.33074829932,4659.499927741998,Samiuela Moli (Tonga),Tackle,Green,947043,2,H,750,Tonga,29511,Samiuela,Moli,2,5343
1421,4649.33074829932,4659.499927741998,Fotu Lokotui (Tonga),Tackle,Green,947043,7,H,750,Tonga,21971,Fotu,Lokotui,2,5343
1422,4649.33074829932,4659.499927741998,Sonatane Takulua (Tonga),Tackle,Green,947043,9,H,750,Tonga,20156,Sonatane,Takulua,2,5343
1423,4654.573759176,4659.573759176,Charlie Lawrence (Japan),Carry,Green,947043,12,A,3000,Japan,32522,Charlie,Lawrence,2,5348
1424,4654.996422337,4661.999955137999,Harison Mataele (Tonga),Tackle,Green,947043,5,H,750,Tonga,21969,Harison,Mataele,2,5348
1425,4655.52003677,4660.780431557,Tupou Ma'afu-Afungia (Tonga),Phase Defence,Red,947043,6,H,750,Tonga,56791,Tupou,Ma'afu-Afungia,2,5348
1426,4655.780431557,4661.19995698367,Siegfried Fisi'ihoi (Tonga),Phase Defence,Red,947043,1,H,750,Tonga,22136,Siegfried,Fisi'ihoi,2,5348
1427,4655.794446382,4663.800016754999,Solomone Tukuafu (Tonga),Tackle,Green,947043,18,H,750,Tonga,44442,Solomone,Tukuafu,2,5348
1428,4658.097260261,4663.097260261,Ben Gunter (Japan),Carry,Green,947043,6,A,3000,Japan,26283,Ben,Gunter,2,5351
1429,4659.358407028,4665.799928057665,Siegfried Fisi'ihoi (Tonga),Jackler,Red,947043,1,H,750,Tonga,22136,Siegfried,Fisi'ihoi,2,5352
1430,4659.741451247166,4664.741451247166,Veikoso Poloniati (Tonga),Phase Defence,Red,947043,4,H,750,Tonga,39123,Veikoso,Poloniati,2,5352
1431,4659.741451247166,4664.741451247166,Harison Mataele (Tonga),Phase Defence,Red,947043,5,H,750,Tonga,21969,Harison,Mataele,2,5352
1432,4659.785895214,4664.899883061332,Tupou Ma'afu-Afungia (Tonga),Phase Defence,Red,947043,6,H,750,Tonga,56791,Tupou,Ma'afu-Afungia,2,5352
1433,4659.865661233,4668.100000760333,Patrick Pellegrini (Tonga),Tackle,Red,947043,10,H,750,Tonga,37085,Patrick,Pellegrini,2,5353
1434,4660.224996175,4665.224996175,Solomone Tukuafu (Tonga),Phase Defence,Red,947043,18,H,750,Tonga,44442,Solomone,Tukuafu,2,5353
1435,4662.016077097505,4667.016077097505,Veikoso Poloniati (Tonga),Tackle,Red,947043,4,H,750,Tonga,39123,Veikoso,Poloniati,2,5356
1436,4665.398057808,4670.6999265523355,Tupou Ma'afu-Afungia (Tonga),Tackle,Green,947043,6,H,750,Tonga,56791,Tupou,Ma'afu-Afungia,2,5359
1437,4666.31104103,4671.31104103,Ben Gunter (Japan),Ruck,Green,947043,6,A,3000,Japan,26283,Ben,Gunter,2,5400
1438,4666.697551020408,4671.697551020408,Tupou Ma'afu-Afungia (Tonga),Phase Defence,Red,947043,6,H,750,Tonga,56791,Tupou,Ma'afu-Afungia,2,5400
1439,4666.828276643991,4671.828276643991,Fetuli Paea (Tonga),Phase Defence,Red,947043,13,H,750,Tonga,27088,Fetuli,Paea,2,5400
1440,4667.179309307,4672.179309307,Warner Dearns (Japan),Ruck,Red,947043,5,A,3000,Japan,40399,Warner,Dearns,2,5400
1441,4667.581008699875,4670.499364380425,Shuhei Takeuchi (Japan),Carry,Red,947043,3,A,3000,Japan,37874,Shuhei,Takeuchi,2,5401
1442,4668.146782096,4673.146782096,Charlie Lawrence (Japan),Ruck,Red,947043,12,A,3000,Japan,32522,Charlie,Lawrence,2,5401
1443,4844.484219793,4853.831523651,Shuhei Takeuchi (Japan),Lineout Defence,Green,947043,3,A,3000,Japan,37874,Shuhei,Takeuchi,2,5659
1444,4844.484219793,4853.831523651,Jack Cornelsen (Japan),Lineout Defence,Green,947043,4,A,3000,Japan,23697,Jack,Cornelsen,2,5659
1445,4844.484219793,4853.831523651,Warner Dearns (Japan),Lineout Defence,Green,947043,5,A,3000,Japan,40399,Warner,Dearns,2,5659
1446,4844.484219793,4853.831523651,Ryosuke Iwaihara (Japan),Lineout Defence,Green,947043,17,A,3000,Japan,23408,Ryosuke,Iwaihara,2,5659
1447,4846.476598639456,4851.7999159329975,Harison Mataele (Tonga),Lineout Attack,Green,947043,5,H,750,Tonga,21969,Harison,Mataele,2,5700
1448,4846.657597725,4851.7999159329975,Tevita Ahokovi (Tonga),Lineout Attack,Green,947043,20,H,750,Tonga,65185,Tevita,Ahokovi,2,5700
1449,4846.9657369614515,4851.7999159329975,Samiuela Moli (Tonga),Lineout Attack,Green,947043,2,H,750,Tonga,29511,Samiuela,Moli,2,5700
1450,4847.219559891,4854.299980648336,Veikoso Poloniati (Tonga),Lineout Attack,Yellow,947043,4,H,750,Tonga,39123,Veikoso,Poloniati,2,5700
1451,4847.819974613,4851.7999159329975,Siegfried Fisi'ihoi (Tonga),Lineout Attack,Green,947043,1,H,750,Tonga,22136,Siegfried,Fisi'ihoi,2,5702
1452,4851.639674563,4862.199919005,Siegfried Fisi'ihoi (Tonga),Tackle,Red,947043,1,H,750,Tonga,22136,Siegfried,Fisi'ihoi,2,5705
1453,4851.854544992,4857.39994261,Harison Mataele (Tonga),Tackle,Green,947043,5,H,750,Tonga,21969,Harison,Mataele,2,5705
1454,4852.4177635,4857.4177635,Samiuela Moli (Tonga),Phase Defence,Red,947043,2,H,750,Tonga,29511,Samiuela,Moli,2,5706
1455,4855.554908445,4862.267931068,Jack Cornelsen (Japan),Ruck,Green,947043,4,A,3000,Japan,23697,Jack,Cornelsen,2,5708
1456,4855.554908445,4862.267931068,Ryosuke Iwaihara (Japan),Ruck,Green,947043,17,A,3000,Japan,23408,Ryosuke,Iwaihara,2,5708
1457,4858.222465363,4863.222465363,Warner Dearns (Japan),Carry,Green,947043,5,A,3000,Japan,40399,Warner,Dearns,2,5712
1458,4859.528888809,4868.599994693335,Fetuli Paea (Tonga),Tackle,Green,947043,13,H,750,Tonga,27088,Fetuli,Paea,2,5712
1459,4859.528888809,4868.599994693335,Charles Piutau (Tonga),Tackle,Green,947043,15,H,750,Tonga,17091,Charles,Piutau,2,5712
1460,4863.445983347,4868.445983347,Siosiua Moala (Tonga),Phase Defence,Red,947043,8,H,750,Tonga,65198,Siosiua,Moala,2,5718
1461,4864.863206106,4874.099920601999,Fetuli Paea (Tonga),Tackle,Green,947043,13,H,750,Tonga,27088,Fetuli,Paea,2,5718
1462,4866.014588267,4871.014588267,Yuya Hirose (Japan),Carry,Green,947043,23,A,3000,Japan,61922,Yuya,Hirose,2,5719
1463,4867.26525528,4877.299901660004,Charles Piutau (Tonga),Jackler,Yellow,947043,15,H,750,Tonga,17091,Charles,Piutau,2,5721
1464,4868.271275467,4873.271275467,Tomoki Osada (Japan),Ruck,Green,947043,11,A,3000,Japan,31059,Tomoki,Osada,2,5721
1465,4868.271275467,4873.271275467,Dylan Riley (Japan),Ruck,Green,947043,13,A,3000,Japan,27652,Dylan,Riley,2,5721
1466,4870.781609379,4875.781609379,Shuhei Takeuchi (Japan),Ruck,Green,947043,3,A,3000,Japan,37874,Shuhei,Takeuchi,2,5725
1467,4873.643667153,4878.643667153,Faulua Makisi (Japan),Carry,Green,947043,21,A,3000,Japan,23417,Faulua,Makisi,2,5727
1468,4874.505100464,4879.999966057002,Josiah Unga (Tonga),Tackle,Green,947043,23,H,750,Tonga,67775,Josiah,Unga,2,5727
1469,4874.945259831,4879.945259831,Siosiua Moala (Tonga),Phase Defence,Red,947043,8,H,750,Tonga,65198,Siosiua,Moala,2,5727
1470,4874.945259831,4879.945259831,Charles Piutau (Tonga),Phase Defence,Red,947043,15,H,750,Tonga,17091,Charles,Piutau,2,5727
1471,4874.976107517,4880.0999010803325,Siegfried Fisi'ihoi (Tonga),Phase Defence,Red,947043,1,H,750,Tonga,22136,Siegfried,Fisi'ihoi,2,5727
1472,4874.976107517,4880.0999010803325,Samiuela Moli (Tonga),Phase Defence,Red,947043,2,H,750,Tonga,29511,Samiuela,Moli,2,5727
1473,4874.976107517,4880.0999010803325,Harison Mataele (Tonga),Phase Defence,Red,947043,5,H,750,Tonga,21969,Harison,Mataele,2,5727
1474,4875.565464852608,4884.599999691997,John Tapueluelu (Tonga),Tackle,Green,947043,11,H,750,Tonga,33907,John,Tapueluelu,2,5728
1475,4875.77236756,4880.77236756,Ben Gunter (Japan),Ruck,Green,947043,6,A,3000,Japan,26283,Ben,Gunter,2,5728
1476,4876.967490694,4887.575991343,Samiuela Moli (Tonga),Tackle,Green,947043,2,H,750,Tonga,29511,Samiuela,Moli,2,5728
1477,4877.42879771,4882.42879771,Sam Greene (Japan),Ruck,Green,947043,15,A,3000,Japan,22606,Sam,Greene,2,5731
1478,4879.017861377,4884.017861377,Kanji Shimokawa (Japan),Carry,Green,947043,7,A,3000,Japan,30962,Kanji,Shimokawa,2,5731
1479,4879.677505668934,4884.677505668934,John Tapueluelu (Tonga),Phase Defence,Red,947043,11,H,750,Tonga,33907,John,Tapueluelu,2,5733
1480,4880.306371882086,4887.194085868973,Fetuli Paea (Tonga),Phase Defence,Red,947043,13,H,750,Tonga,27088,Fetuli,Paea,2,5733
1481,4880.57981637,4887.699969251671,Fetuli Paea (Tonga),Phase Defence,Red,947043,13,H,750,Tonga,27088,Fetuli,Paea,2,5733
1482,4881.148276643991,4886.148276643991,Samiuela Moli (Tonga),Phase Defence,Red,947043,2,H,750,Tonga,29511,Samiuela,Moli,2,5732
1483,4883.436492325,4888.436492325,Hayate Era (Japan),Ruck,Green,947043,2,A,3000,Japan,61955,Hayate,Era,2,5737
1484,4883.783679917,4888.783679917,Ben Gunter (Japan),Ruck,Green,947043,6,A,3000,Japan,26283,Ben,Gunter,2,5737
1485,4884.828414881,4890.40000571533,Fetuli Paea (Tonga),Tackle,Green,947043,13,H,750,Tonga,27088,Fetuli,Paea,2,5738
1486,4885.275424729,4892.500007269003,Veikoso Poloniati (Tonga),Tackle,Red,947043,4,H,750,Tonga,39123,Veikoso,Poloniati,2,5738
1487,4885.762201425,4890.762201425,Shuhei Takeuchi (Japan),Carry,Green,947043,3,A,3000,Japan,37874,Shuhei,Takeuchi,2,5740
1488,4887.250228147,4892.250228147,Kanji Shimokawa (Japan),Ruck,Green,947043,7,A,3000,Japan,30962,Kanji,Shimokawa,2,5741
1489,4887.908849631,4892.908849631,Hayate Era (Japan),Ruck,Green,947043,2,A,3000,Japan,61955,Hayate,Era,2,5741
1490,4887.908849631,4892.908849631,Ben Gunter (Japan),Ruck,Green,947043,6,A,3000,Japan,26283,Ben,Gunter,2,5741
1491,4891.127843194,4896.127843194,Faulua Makisi (Japan),Carry,Green,947043,21,A,3000,Japan,23417,Faulua,Makisi,2,5744
1492,4893.257392290249,4898.257392290249,Jack Cornelsen (Japan),Carry,Green,947043,4,A,3000,Japan,23697,Jack,Cornelsen,2,5747
1493,4893.547387667,4899.199970428996,Sonatane Takulua (Tonga),Tackle,Red,947043,9,H,750,Tonga,20156,Sonatane,Takulua,2,5747
1494,4897.646743756,4902.646743756,Dylan Riley (Japan),Ruck,Yellow,947043,13,A,3000,Japan,27652,Dylan,Riley,2,5750
1495,4897.853387339,4902.853387339,Yuya Hirose (Japan),Ruck,Yellow,947043,23,A,3000,Japan,61922,Yuya,Hirose,2,5750
1496,4898.692873037,4909.399973371,Nikolai Foliaki (Tonga),Tackle,Green,947043,14,H,750,Tonga,34981,Nikolai,Foliaki,2,5750
1497,4901.920640723,4907.8000296856635,Patrick Pellegrini (Tonga),Tackle,Green,947043,10,H,750,Tonga,37085,Patrick,Pellegrini,2,5755
1498,4902.586572662,4908.400158816666,Harison Mataele (Tonga),Phase Defence,Red,947043,5,H,750,Tonga,21969,Harison,Mataele,2,5756
1499,4902.744467120181,4908.09988562667,Tevita Ahokovi (Tonga),Tackle,Red,947043,20,H,750,Tonga,65185,Tevita,Ahokovi,2,5756
1500,4902.909501133787,4908.918662819,Siegfried Fisi'ihoi (Tonga),Phase Defence,Red,947043,1,H,750,Tonga,22136,Siegfried,Fisi'ihoi,2,5756
1501,4902.909501133787,4908.918662819,Veikoso Poloniati (Tonga),Phase Defence,Red,947043,4,H,750,Tonga,39123,Veikoso,Poloniati,2,5756
1502,4902.909501133787,4908.918662819,Siosiua Moala (Tonga),Phase Defence,Red,947043,8,H,750,Tonga,65198,Siosiua,Moala,2,5756
1503,4902.909501133787,4908.918662819,Sonatane Takulua (Tonga),Phase Defence,Red,947043,9,H,750,Tonga,20156,Sonatane,Takulua,2,5756
1504,4903.032276303,4908.221882086168,Siosiua Moala (Tonga),Phase Defence,Red,947043,8,H,750,Tonga,65198,Siosiua,Moala,2,5756
1505,4903.153741496599,4908.153741496599,Samiuela Moli (Tonga),Phase Defence,Red,947043,2,H,750,Tonga,29511,Samiuela,Moli,2,5756
1506,4907.656641607,4912.656641607,Veikoso Poloniati (Tonga),Phase Defence,Red,947043,4,H,750,Tonga,39123,Veikoso,Poloniati,2,5759
1507,4907.907092014,4913.299967403996,Patrick Pellegrini (Tonga),Tackle,Yellow,947043,10,H,750,Tonga,37085,Patrick,Pellegrini,2,5759
1508,4907.971721037,4917.899968299333,Siosiua Moala (Tonga),Tackle,Green,947043,8,H,750,Tonga,65198,Siosiua,Moala,2,5759
1509,4907.996111441,4912.996111441,Charles Piutau (Tonga),Phase Defence,Red,947043,15,H,750,Tonga,17091,Charles,Piutau,2,5759
1510,4909.451661575,4914.451661575,Kanji Shimokawa (Japan),Ruck,Green,947043,7,A,3000,Japan,30962,Kanji,Shimokawa,2,5801
1511,4910.301118533,4915.301118533,Ryosuke Iwaihara (Japan),Ruck,Green,947043,17,A,3000,Japan,23408,Ryosuke,Iwaihara,2,5803
1512,4911.671179138322,4916.671179138322,Nikolai Foliaki (Tonga),Phase Defence,Red,947043,14,H,750,Tonga,34981,Nikolai,Foliaki,2,5805
1513,4911.671179138322,4916.671179138322,Solomone Tukuafu (Tonga),Phase Defence,Red,947043,18,H,750,Tonga,44442,Solomone,Tukuafu,2,5805
1514,4911.845873015873,4916.845873015873,Fetuli Paea (Tonga),Phase Defence,Red,947043,13,H,750,Tonga,27088,Fetuli,Paea,2,5805
1515,4912.121399793,4917.121399793,Siosiua Moala (Tonga),Phase Defence,Red,947043,8,H,750,Tonga,65198,Siosiua,Moala,2,5805
1516,4912.121825072,4917.121825072,Kippei Ishida (Japan),Ruck,Red,947043,14,A,3000,Japan,34036,Kippei,Ishida,2,5805
1517,4912.718700962,4918.699967138667,Siegfried Fisi'ihoi (Tonga),Tackle,Green,947043,1,H,750,Tonga,22136,Siegfried,Fisi'ihoi,2,5805
1518,4912.718700962,4918.699967138667,Sonatane Takulua (Tonga),Tackle,Green,947043,9,H,750,Tonga,20156,Sonatane,Takulua,2,5805
1519,4913.005286695,4918.005286695,Patrick Pellegrini (Tonga),Phase Defence,Red,947043,10,H,750,Tonga,37085,Patrick,Pellegrini,2,5805
1520,4913.776875033,4918.776875033,Tomoki Osada (Japan),Carry,Red,947043,11,A,3000,Japan,31059,Tomoki,Osada,2,5806
1521,4913.858138433,4918.858138433,Jack Cornelsen (Japan),Carry,Red,947043,4,A,3000,Japan,23697,Jack,Cornelsen,2,5806
1522,4915.022638794,4920.022638794,Ryosuke Iwaihara (Japan),Ruck,Green,947043,17,A,3000,Japan,23408,Ryosuke,Iwaihara,2,5806
1523,5036.326334626,5045.699977673332,Sosefo Sakalia (Tonga),Jackler,Green,947043,16,H,750,Tonga,17076,Sosefo,Sakalia,2,5853
1524,5037.285723348,5045.499944558666,Tevita Ahokovi (Tonga),Tackle,Green,947043,20,H,750,Tonga,65185,Tevita,Ahokovi,2,5853
1525,5042.520373127,5053.299997770001,Harison Mataele (Tonga),Tackle,Green,947043,5,H,750,Tonga,21969,Harison,Mataele,2,5859
1526,5042.520373127,5053.299997770001,Solomone Tukuafu (Tonga),Tackle,Green,947043,18,H,750,Tonga,44442,Solomone,Tukuafu,2,5859
1527,5044.098472313,5049.098472313,Kenji Sato (Japan),Ruck,Green,947043,16,A,3000,Japan,61722,Kenji,Sato,2,5901
1528,5044.444731224,5049.444731224,Ryosuke Iwaihara (Japan),Ruck,Green,947043,17,A,3000,Japan,23408,Ryosuke,Iwaihara,2,5901
1529,5044.717232211,5049.717232211,Tomoki Osada (Japan),Ruck,Red,947043,11,A,3000,Japan,31059,Tomoki,Osada,2,5901
1530,5046.111236204,5051.111236204,Jack Cornelsen (Japan),Carry,Green,947043,4,A,3000,Japan,23697,Jack,Cornelsen,2,5901
1531,5051.657270851,5060.600001835666,Tevita Ahokovi (Tonga),Tackle,Green,947043,20,H,750,Tonga,65185,Tevita,Ahokovi,2,5908
1532,5054.354296327,5059.354296327,Faulua Makisi (Japan),Carry,Green,947043,21,A,3000,Japan,23417,Faulua,Makisi,2,5912
1533,5054.662340717,5059.662340717,Warner Dearns (Japan),Ruck,Yellow,947043,5,A,3000,Japan,40399,Warner,Dearns,2,5912
1534,5055.160720476,5060.160720476,Shuhei Takeuchi (Japan),Ruck,Green,947043,3,A,3000,Japan,37874,Shuhei,Takeuchi,2,5912
1535,5055.160720476,5060.160720476,Kanji Shimokawa (Japan),Ruck,Green,947043,7,A,3000,Japan,30962,Kanji,Shimokawa,2,5912
1536,5057.698699787,5065.999967215668,Charles Piutau (Tonga),Tackle,Gold,947043,15,H,750,Tonga,17091,Charles,Piutau,2,5914
1537,5060.614533417,5065.614533417,Dylan Riley (Japan),Carry,Green,947043,13,A,3000,Japan,27652,Dylan,Riley,2,5917
1538,5063.321587141,5068.69996491767,Siosiua Moala (Tonga),Tackle,Green,947043,8,H,750,Tonga,65198,Siosiua,Moala,2,5918
1539,5063.417867288,5068.417867288,Ben Gunter (Japan),Carry,Green,947043,6,A,3000,Japan,26283,Ben,Gunter,2,5918
1540,5128.382874189,5142.253412222,Jack Cornelsen (Japan),Lineout Attack,Green,947043,4,A,3000,Japan,23697,Jack,Cornelsen,2,6027
1541,5128.382874189,5142.253412222,Warner Dearns (Japan),Lineout Attack,Green,947043,5,A,3000,Japan,40399,Warner,Dearns,2,6027
1542,5128.382874189,5142.253412222,Ben Gunter (Japan),Lineout Attack,Green,947043,6,A,3000,Japan,26283,Ben,Gunter,2,6027
1543,5128.382874189,5142.253412222,Kanji Shimokawa (Japan),Lineout Attack,Green,947043,7,A,3000,Japan,30962,Kanji,Shimokawa,2,6027
1544,5128.382874189,5142.253412222,Kenji Sato (Japan),Lineout Attack,Green,947043,16,A,3000,Japan,61722,Kenji,Sato,2,6027
1545,5131.714897959184,5143.199877703666,Siegfried Fisi'ihoi (Tonga),Lineout Defence,Green,947043,1,H,750,Tonga,22136,Siegfried,Fisi'ihoi,2,6027
1546,5131.714897959184,5143.199877703666,Veikoso Poloniati (Tonga),Lineout Defence,Green,947043,4,H,750,Tonga,39123,Veikoso,Poloniati,2,6027
1547,5131.714897959184,5143.199877703666,Harison Mataele (Tonga),Lineout Defence,Green,947043,5,H,750,Tonga,21969,Harison,Mataele,2,6027
1548,5131.714897959184,5143.199877703666,Tevita Ahokovi (Tonga),Lineout Defence,Green,947043,20,H,750,Tonga,65185,Tevita,Ahokovi,2,6027
1549,5134.689476886,5140.799986232002,Sosefo Sakalia (Tonga),Lineout Defence,Green,947043,16,H,750,Tonga,17076,Sosefo,Sakalia,2,6032
1550,5189.024444444444,5232.257362017,Keijiro Tamefusa (Japan),Scrum Defence,Gold,947043,18,A,3000,Japan,61929,Keijiro,Tamefusa,2,6129
1551,5194.958718842,5208.868299382,Jack Cornelsen (Japan),Scrum Defence,Green,947043,4,A,3000,Japan,23697,Jack,Cornelsen,2,6129
1552,5194.958718842,5208.868299382,Warner Dearns (Japan),Scrum Defence,Green,947043,5,A,3000,Japan,40399,Warner,Dearns,2,6129
1553,5194.958718842,5208.868299382,Ben Gunter (Japan),Scrum Defence,Green,947043,6,A,3000,Japan,26283,Ben,Gunter,2,6129
1554,5194.958718842,5208.868299382,Kanji Shimokawa (Japan),Scrum Defence,Green,947043,7,A,3000,Japan,30962,Kanji,Shimokawa,2,6129
1555,5194.958718842,5208.868299382,Kenji Sato (Japan),Scrum Defence,Green,947043,16,A,3000,Japan,61722,Kenji,Sato,2,6129
1556,5194.958718842,5208.868299382,Ryosuke Iwaihara (Japan),Scrum Defence,Red,947043,17,A,3000,Japan,23408,Ryosuke,Iwaihara,2,6129
1557,5195.571088132502,5208.937134681679,Faulua Makisi (Japan),Scrum Defence,Gold,947043,21,A,3000,Japan,23417,Faulua,Makisi,2,6129
1558,5196.7214058956915,5207.49989845533,Siosiua Moala (Tonga),Scrum Attack,Green,947043,8,H,750,Tonga,65198,Siosiua,Moala,2,6129
1559,5196.7214058956915,5207.49989845533,Fetuli Paea (Tonga),Scrum Attack,Green,947043,13,H,750,Tonga,27088,Fetuli,Paea,2,6129
1560,5197.882471655329,5207.49989845533,Siegfried Fisi'ihoi (Tonga),Scrum Attack,Green,947043,1,H,750,Tonga,22136,Siegfried,Fisi'ihoi,2,6135
1561,5197.882471655329,5207.49989845533,Veikoso Poloniati (Tonga),Scrum Attack,Green,947043,4,H,750,Tonga,39123,Veikoso,Poloniati,2,6135
1562,5197.882471655329,5207.49989845533,Harison Mataele (Tonga),Scrum Attack,Green,947043,5,H,750,Tonga,21969,Harison,Mataele,2,6135
1563,5197.882471655329,5207.49989845533,Sosefo Sakalia (Tonga),Scrum Attack,Green,947043,16,H,750,Tonga,17076,Sosefo,Sakalia,2,6135
1564,5197.882471655329,5207.49989845533,Solomone Tukuafu (Tonga),Scrum Attack,Green,947043,18,H,750,Tonga,44442,Solomone,Tukuafu,2,6135
1565,5202.677610298,5211.100208599,Sonatane Takulua (Tonga),Carry,Green,947043,9,H,750,Tonga,20156,Sonatane,Takulua,2,6138
1566,5202.8250755,5207.8250755,Faulua Makisi (Japan),Tackle,Green,947043,21,A,3000,Japan,23417,Faulua,Makisi,2,6138
1567,5206.24535643,5218.699981549332,John Tapueluelu (Tonga),Carry,Green,947043,11,H,750,Tonga,33907,John,Tapueluelu,2,6142
1568,5206.314781498,5220.499968073001,Tevita Ahokovi (Tonga),Ruck,Red,947043,20,H,750,Tonga,65185,Tevita,Ahokovi,2,6142
1569,5206.613822475,5217.499957059334,Siosiua Moala (Tonga),Ruck,Green,947043,8,H,750,Tonga,65198,Siosiua,Moala,2,6142
1570,5206.613822475,5217.499957059334,Patrick Pellegrini (Tonga),Ruck,Green,947043,10,H,750,Tonga,37085,Patrick,Pellegrini,2,6142
1571,5206.983877689,5211.983877689,Kanji Shimokawa (Japan),Tackle,Green,947043,7,A,3000,Japan,30962,Kanji,Shimokawa,2,6144
1572,5211.661844872,5216.661844872,Ben Gunter (Japan),Jackler,Green,947043,6,A,3000,Japan,26283,Ben,Gunter,2,6149
1573,5211.934839734,5225.699962973667,Veikoso Poloniati (Tonga),Carry,Red,947043,4,H,750,Tonga,39123,Veikoso,Poloniati,2,6149
1574,5213.782829972,5229.101990358,Solomone Tukuafu (Tonga),Ruck,Red,947043,18,H,750,Tonga,44442,Solomone,Tukuafu,2,6148
1575,5214.956696879,5219.956696879,Keijiro Tamefusa (Japan),Tackle,Green,947043,18,A,3000,Japan,61929,Keijiro,Tamefusa,2,6152
1576,5215.674512471655,5233.299776307973,Yuya Hirose (Japan),Linebreak Defence,Gold,947043,23,A,3000,Japan,61922,Yuya,Hirose,2,6152
1577,5216.377236519,5232.386091996,Sosefo Sakalia (Tonga),Carry,Red,947043,16,H,750,Tonga,17076,Sosefo,Sakalia,2,6153
1578,5217.825995935,5223.99991106,Siegfried Fisi'ihoi (Tonga),Ruck,Red,947043,1,H,750,Tonga,22136,Siegfried,Fisi'ihoi,2,6154
1579,5217.825995935,5223.99991106,Siosiua Moala (Tonga),Ruck,Red,947043,8,H,750,Tonga,65198,Siosiua,Moala,2,6154
1580,5218.736867081,5223.736867081,Faulua Makisi (Japan),Tackle,Green,947043,21,A,3000,Japan,23417,Faulua,Makisi,2,6154
1581,5220.021495888,5225.021495888,Keijiro Tamefusa (Japan),Jackler,Green,947043,18,A,3000,Japan,61929,Keijiro,Tamefusa,2,6155
1582,5220.069704235,5228.594451409,Patrick Pellegrini (Tonga),Carry,Yellow,947043,10,H,750,Tonga,37085,Patrick,Pellegrini,2,6155
1583,5221.189562044,5226.189562044,Jack Cornelsen (Japan),Tackle,Green,947043,4,A,3000,Japan,23697,Jack,Cornelsen,2,6158
1584,5224.266228044,5229.266228044,Seungsin Lee (Japan),Tackle,Green,947043,10,A,3000,Japan,37841,Seungsin,Lee,2,6201
1585,5224.991334809,5238.227957838,Harison Mataele (Tonga),Carry,Green,947043,5,H,750,Tonga,21969,Harison,Mataele,2,6201
1586,5225.191843879,5237.699976811667,Fetuli Paea (Tonga),Ruck,Green,947043,13,H,750,Tonga,27088,Fetuli,Paea,2,6201
1587,5225.191843879,5237.699976811667,Josiah Unga (Tonga),Ruck,Green,947043,23,H,750,Tonga,67775,Josiah,Unga,2,6201
1588,5226.81330672,5231.81330672,Shinobu Fujiwara (Japan),Tackle,Green,947043,9,A,3000,Japan,30969,Shinobu,Fujiwara,2,6205
1589,5226.861508415,5231.861508415,Kanji Shimokawa (Japan),Tackle,Green,947043,7,A,3000,Japan,30962,Kanji,Shimokawa,2,6205
1590,5233.234422082,5244.299973330329,Siegfried Fisi'ihoi (Tonga),Ruck,Red,947043,1,H,750,Tonga,22136,Siegfried,Fisi'ihoi,2,6210
1591,5233.234422082,5244.299973330329,Solomone Tukuafu (Tonga),Ruck,Red,947043,18,H,750,Tonga,44442,Solomone,Tukuafu,2,6210
1592,5233.844040706,5244.299985855335,Siosiua Moala (Tonga),Carry,Red,947043,8,H,750,Tonga,65198,Siosiua,Moala,2,6211
1593,5236.641810048,5241.641810048,Warner Dearns (Japan),Tackle,Green,947043,5,A,3000,Japan,40399,Warner,Dearns,2,6213
1594,5237.730893264,5242.730893264,Keijiro Tamefusa (Japan),Tackle,Green,947043,18,A,3000,Japan,61929,Keijiro,Tamefusa,2,6215
1595,5239.049155576,5244.049155576,Faulua Makisi (Japan),Tackle,Green,947043,21,A,3000,Japan,23417,Faulua,Makisi,2,6216
1596,5239.161512079,5249.799936442328,Sosefo Sakalia (Tonga),Ruck,Green,947043,16,H,750,Tonga,17076,Sosefo,Sakalia,2,6216
1597,5239.53311934,5248.899967057668,Tevita Ahokovi (Tonga),Ruck,Yellow,947043,20,H,750,Tonga,65185,Tevita,Ahokovi,2,6216
1598,5243.168238729,5250.299987867666,Fetuli Paea (Tonga),Carry,Yellow,947043,13,H,750,Tonga,27088,Fetuli,Paea,2,6220
1599,5243.220684792,5251.499921817665,Siosiua Moala (Tonga),Ruck,Green,947043,8,H,750,Tonga,65198,Siosiua,Moala,2,6220
1600,5243.220684792,5251.499921817665,Charles Piutau (Tonga),Ruck,Green,947043,15,H,750,Tonga,17091,Charles,Piutau,2,6220
1601,5243.615419501134,5248.615419501134,Shinobu Fujiwara (Japan),Phase Defence,Red,947043,9,A,3000,Japan,30969,Shinobu,Fujiwara,2,6220
1602,5243.877008844,5248.877008844,Jack Cornelsen (Japan),Tackle,Green,947043,4,A,3000,Japan,23697,Jack,Cornelsen,2,6220
1603,5244.262675736962,5249.262675736962,Jack Cornelsen (Japan),Phase Defence,Red,947043,4,A,3000,Japan,23697,Jack,Cornelsen,2,6220
1604,5244.851035684,5249.851035684,Ryosuke Iwaihara (Japan),Tackle,Green,947043,17,A,3000,Japan,23408,Ryosuke,Iwaihara,2,6221
1605,5248.623490664,5253.623490664,Seungsin Lee (Japan),Tackle,Red,947043,10,A,3000,Japan,37841,Seungsin,Lee,2,6226
1606,5249.449180985,5258.900323274999,John Tapueluelu (Tonga),Carry,Green,947043,11,H,750,Tonga,33907,John,Tapueluelu,2,6226
1607,5370.528628523,5382.500076869661,Siosiua Moala (Tonga),Carry,Red,947043,8,H,750,Tonga,65198,Siosiua,Moala,2,6427
1608,5370.885889558,5384.299923408,Harison Mataele (Tonga),Ruck,Red,947043,5,H,750,Tonga,21969,Harison,Mataele,2,6427
1609,5370.885889558,5384.299923408,Tevita Ahokovi (Tonga),Ruck,Red,947043,20,H,750,Tonga,65185,Tevita,Ahokovi,2,6427
1610,5371.093471501,5382.500231537003,Sosefo Sakalia (Tonga),Ruck,Green,947043,16,H,750,Tonga,17076,Sosefo,Sakalia,2,6428
1611,5372.702585034013,5388.099571333651,Waisake Raratubua (Japan),Linebreak Defence,Gold,947043,19,A,3000,Japan,30796,Waisake,Raratubua,2,6429
1612,5373.411259773,5378.411259773,Kanji Shimokawa (Japan),Tackle,Green,947043,7,A,3000,Japan,30962,Kanji,Shimokawa,2,6429
1613,5375.29646388,5380.29646388,Keijiro Tamefusa (Japan),Tackle,Green,947043,18,A,3000,Japan,61929,Keijiro,Tamefusa,2,6431
1614,5380.151516312,5394.401259575,Warner Dearns (Japan),Kick Retreat,Green,947043,5,A,3000,Japan,40399,Warner,Dearns,2,6435
1615,5380.151516312,5394.401259575,Ben Gunter (Japan),Kick Retreat,Green,947043,6,A,3000,Japan,26283,Ben,Gunter,2,6435
1616,5380.151516312,5394.401259575,Kanji Shimokawa (Japan),Kick Retreat,Green,947043,7,A,3000,Japan,30962,Kanji,Shimokawa,2,6435
1617,5380.151516312,5394.401259575,Shinobu Fujiwara (Japan),Kick Retreat,Green,947043,9,A,3000,Japan,30969,Shinobu,Fujiwara,2,6435
1618,5380.151516312,5394.401259575,Tomoki Osada (Japan),Kick Retreat,Green,947043,11,A,3000,Japan,31059,Tomoki,Osada,2,6435
1619,5380.151516312,5394.401259575,Dylan Riley (Japan),Kick Retreat,Green,947043,13,A,3000,Japan,27652,Dylan,Riley,2,6435
1620,5380.151516312,5394.401259575,Kippei Ishida (Japan),Kick Retreat,Green,947043,14,A,3000,Japan,34036,Kippei,Ishida,2,6435
1621,5380.151516312,5394.401259575,Kenji Sato (Japan),Kick Retreat,Green,947043,16,A,3000,Japan,61722,Kenji,Sato,2,6435
1622,5380.151516312,5394.401259575,Ryosuke Iwaihara (Japan),Kick Retreat,Green,947043,17,A,3000,Japan,23408,Ryosuke,Iwaihara,2,6435
1623,5380.151516312,5394.401259575,Keijiro Tamefusa (Japan),Kick Retreat,Green,947043,18,A,3000,Japan,61929,Keijiro,Tamefusa,2,6435
1624,5380.151516312,5394.401259575,Waisake Raratubua (Japan),Kick Retreat,Green,947043,19,A,3000,Japan,30796,Waisake,Raratubua,2,6435
1625,5380.151516312,5394.401259575,Faulua Makisi (Japan),Kick Retreat,Green,947043,21,A,3000,Japan,23417,Faulua,Makisi,2,6435
1626,5380.151516312,5394.401259575,Yuya Hirose (Japan),Kick Retreat,Green,947043,23,A,3000,Japan,61922,Yuya,Hirose,2,6435
1627,5382.419229024943,5396.099940392005,Siegfried Fisi'ihoi (Tonga),Kick Chase,Green,947043,1,H,750,Tonga,22136,Siegfried,Fisi'ihoi,2,6437
1628,5382.419229024943,5396.099940392005,Veikoso Poloniati (Tonga),Kick Chase,Green,947043,4,H,750,Tonga,39123,Veikoso,Poloniati,2,6437
1629,5382.419229024943,5396.099940392005,Sonatane Takulua (Tonga),Kick Chase,Green,947043,9,H,750,Tonga,20156,Sonatane,Takulua,2,6437
1630,5382.419229024943,5396.099940392005,Solomone Tukuafu (Tonga),Kick Chase,Green,947043,18,H,750,Tonga,44442,Solomone,Tukuafu,2,6437
1631,5382.921215376,5396.099940392005,Nikolai Foliaki (Tonga),Kick Chase,Green,947043,14,H,750,Tonga,34981,Nikolai,Foliaki,2,6437
1632,5382.921215376,5396.099940392005,Charles Piutau (Tonga),Kick Chase,Green,947043,15,H,750,Tonga,17091,Charles,Piutau,2,6437
1633,5382.921215376,5396.099940392005,Josiah Unga (Tonga),Kick Chase,Green,947043,23,H,750,Tonga,67775,Josiah,Unga,2,6437
1634,5409.439032323,5422.219589529,Warner Dearns (Japan),Lineout Defence,Green,947043,5,A,3000,Japan,40399,Warner,Dearns,2,6507
1635,5409.439032323,5422.219589529,Ryosuke Iwaihara (Japan),Lineout Defence,Yellow,947043,17,A,3000,Japan,23408,Ryosuke,Iwaihara,2,6507
1636,5409.439032323,5422.219589529,Keijiro Tamefusa (Japan),Lineout Defence,Green,947043,18,A,3000,Japan,61929,Keijiro,Tamefusa,2,6507
1637,5409.439032323,5422.219589529,Waisake Raratubua (Japan),Lineout Defence,Green,947043,19,A,3000,Japan,30796,Waisake,Raratubua,2,6507
1638,5409.822615574,5419.899922922671,Sosefo Sakalia (Tonga),Lineout Attack,Green,947043,16,H,750,Tonga,17076,Sosefo,Sakalia,2,6507
1639,5409.822615574,5419.899922922671,Tevita Ahokovi (Tonga),Lineout Attack,Green,947043,20,H,750,Tonga,65185,Tevita,Ahokovi,2,6507
1640,5410.755056689342,5420.699921756337,Siegfried Fisi'ihoi (Tonga),Lineout Attack,Yellow,947043,1,H,750,Tonga,22136,Siegfried,Fisi'ihoi,2,6507
1641,5410.755056689342,5420.699921756337,Veikoso Poloniati (Tonga),Lineout Attack,Yellow,947043,4,H,750,Tonga,39123,Veikoso,Poloniati,2,6507
1642,5410.755056689342,5420.699921756337,Harison Mataele (Tonga),Lineout Attack,Yellow,947043,5,H,750,Tonga,21969,Harison,Mataele,2,6507
1643,5416.865283446712,5427.899976874335,Sonatane Takulua (Tonga),Carry,Green,947043,9,H,750,Tonga,20156,Sonatane,Takulua,2,6514
1644,5417.310817651,5423.8006453046655,Tupou Ma'afu-Afungia (Tonga),Ruck,Green,947043,6,H,750,Tonga,56791,Tupou,Ma'afu-Afungia,2,6514
1645,5417.310817651,5423.8006453046655,Tevita Ahokovi (Tonga),Ruck,Green,947043,20,H,750,Tonga,65185,Tevita,Ahokovi,2,6514
1646,5420.939993422,5425.939993422,Kenji Sato (Japan),Tackle,Green,947043,16,A,3000,Japan,61722,Kenji,Sato,2,6518
1647,5422.839174342,5427.839174342,Kanji Shimokawa (Japan),Tackle,Green,947043,7,A,3000,Japan,30962,Kanji,Shimokawa,2,6518
1648,5423.2959637188205,5428.2959637188205,Siosiua Moala (Tonga),Ruck,Red,947043,8,H,750,Tonga,65198,Siosiua,Moala,2,6521
1649,5424.520158730159,5435.399948286,Siegfried Fisi'ihoi (Tonga),Ruck,Green,947043,1,H,750,Tonga,22136,Siegfried,Fisi'ihoi,2,6521
1650,5424.520158730159,5435.399948286,Solomone Tukuafu (Tonga),Ruck,Green,947043,18,H,750,Tonga,44442,Solomone,Tukuafu,2,6521
1651,5424.520158730159,5435.399948286,Tevita Ahokovi (Tonga),Ruck,Green,947043,20,H,750,Tonga,65185,Tevita,Ahokovi,2,6521
1652,5424.837261932,5429.837261932,Waisake Raratubua (Japan),Tackle,Green,947043,19,A,3000,Japan,30796,Waisake,Raratubua,2,6521
1653,5425.552599875,5430.552599875,Keijiro Tamefusa (Japan),Jackler,Green,947043,18,A,3000,Japan,61929,Keijiro,Tamefusa,2,6521
1654,5429.553786848072,5442.09992948833,Harison Mataele (Tonga),Carry,Red,947043,5,H,750,Tonga,21969,Harison,Mataele,2,6526
1655,5429.965566835,5439.599906563336,Siegfried Fisi'ihoi (Tonga),Ruck,Red,947043,1,H,750,Tonga,22136,Siegfried,Fisi'ihoi,2,6526
1656,5429.965566835,5439.599906563336,Sosefo Sakalia (Tonga),Ruck,Red,947043,16,H,750,Tonga,17076,Sosefo,Sakalia,2,6526
1657,5430.851796428,5435.851796428,Veikoso Poloniati (Tonga),Carry,Red,947043,4,H,750,Tonga,39123,Veikoso,Poloniati,2,6524
1658,5434.755473742,5449.399916643331,Tevita Ahokovi (Tonga),Carry,Red,947043,20,H,750,Tonga,65185,Tevita,Ahokovi,2,6531
1659,5436.296113846,5441.296113846,Keijiro Tamefusa (Japan),Tackle,Green,947043,18,A,3000,Japan,61929,Keijiro,Tamefusa,2,6533
1660,5437.126183541,5442.126183541,Ryosuke Iwaihara (Japan),Tackle,Green,947043,17,A,3000,Japan,23408,Ryosuke,Iwaihara,2,6534
1661,5438.530302897,5443.530302897,Kenji Sato (Japan),Tackle,Green,947043,16,A,3000,Japan,61722,Kenji,Sato,2,6534
1662,5440.021790668,5452.099978124332,Veikoso Poloniati (Tonga),Ruck,Red,947043,4,H,750,Tonga,39123,Veikoso,Poloniati,2,6532
1663,5440.021790668,5452.099978124332,Solomone Tukuafu (Tonga),Ruck,Red,947043,18,H,750,Tonga,44442,Solomone,Tukuafu,2,6532
1664,5446.01600685,5451.01600685,Waisake Raratubua (Japan),Jackler,Yellow,947043,19,A,3000,Japan,30796,Waisake,Raratubua,2,6543
1665,5446.936629656,5451.936629656,Ben Gunter (Japan),Tackle,Green,947043,6,A,3000,Japan,26283,Ben,Gunter,2,6543
1666,5448.023806575,5459.399978112005,Siegfried Fisi'ihoi (Tonga),Ruck,Red,947043,1,H,750,Tonga,22136,Siegfried,Fisi'ihoi,2,6545
1667,5448.023806575,5459.399978112005,Tupou Ma'afu-Afungia (Tonga),Ruck,Red,947043,6,H,750,Tonga,56791,Tupou,Ma'afu-Afungia,2,6545
1668,5448.089347401,5453.089347401,Kanji Shimokawa (Japan),Tackle,Green,947043,7,A,3000,Japan,30962,Kanji,Shimokawa,2,6545
1669,5448.522019416,5462.499981117664,Siosiua Moala (Tonga),Carry,Red,947043,8,H,750,Tonga,65198,Siosiua,Moala,2,6545
1670,5450.706326530612,5459.59991027633,Siegfried Fisi'ihoi (Tonga),Kick Chase,Yellow,947043,1,H,750,Tonga,22136,Siegfried,Fisi'ihoi,2,6547
1671,5450.706326530612,5459.59991027633,Tupou Ma'afu-Afungia (Tonga),Kick Chase,Yellow,947043,6,H,750,Tonga,56791,Tupou,Ma'afu-Afungia,2,6547
1672,5450.706326530612,5459.59991027633,Siosiua Moala (Tonga),Kick Chase,Yellow,947043,8,H,750,Tonga,65198,Siosiua,Moala,2,6547
1673,5452.815901519,5462.740390528,Warner Dearns (Japan),Kick Retreat,Yellow,947043,5,A,3000,Japan,40399,Warner,Dearns,2,6549
1674,5452.815901519,5462.740390528,Ben Gunter (Japan),Kick Retreat,Green,947043,6,A,3000,Japan,26283,Ben,Gunter,2,6549
1675,5452.815901519,5462.740390528,Kanji Shimokawa (Japan),Kick Retreat,Green,947043,7,A,3000,Japan,30962,Kanji,Shimokawa,2,6549
1676,5452.815901519,5462.740390528,Shinobu Fujiwara (Japan),Kick Retreat,Green,947043,9,A,3000,Japan,30969,Shinobu,Fujiwara,2,6549
1677,5452.815901519,5462.740390528,Tomoki Osada (Japan),Kick Retreat,Green,947043,11,A,3000,Japan,31059,Tomoki,Osada,2,6549
1678,5452.815901519,5462.740390528,Dylan Riley (Japan),Kick Retreat,Yellow,947043,13,A,3000,Japan,27652,Dylan,Riley,2,6549
1679,5452.815901519,5462.740390528,Kippei Ishida (Japan),Kick Retreat,Green,947043,14,A,3000,Japan,34036,Kippei,Ishida,2,6549
1680,5452.815901519,5462.740390528,Kenji Sato (Japan),Kick Retreat,Green,947043,16,A,3000,Japan,61722,Kenji,Sato,2,6549
1681,5452.815901519,5462.740390528,Ryosuke Iwaihara (Japan),Kick Retreat,Green,947043,17,A,3000,Japan,23408,Ryosuke,Iwaihara,2,6549
1682,5452.815901519,5462.740390528,Keijiro Tamefusa (Japan),Kick Retreat,Green,947043,18,A,3000,Japan,61929,Keijiro,Tamefusa,2,6549
1683,5452.815901519,5462.740390528,Waisake Raratubua (Japan),Kick Retreat,Green,947043,19,A,3000,Japan,30796,Waisake,Raratubua,2,6549
1684,5452.815901519,5462.740390528,Faulua Makisi (Japan),Kick Retreat,Green,947043,21,A,3000,Japan,23417,Faulua,Makisi,2,6549
1685,5452.815901519,5462.740390528,Yuya Hirose (Japan),Kick Retreat,Green,947043,23,A,3000,Japan,61922,Yuya,Hirose,2,6549
1686,5453.368594104309,5463.199953752004,Veikoso Poloniati (Tonga),Kick Chase,Green,947043,4,H,750,Tonga,39123,Veikoso,Poloniati,2,6549
1687,5453.368594104309,5463.199953752004,Harison Mataele (Tonga),Kick Chase,Green,947043,5,H,750,Tonga,21969,Harison,Mataele,2,6549
1688,5453.368594104309,5463.199953752004,Sosefo Sakalia (Tonga),Kick Chase,Green,947043,16,H,750,Tonga,17076,Sosefo,Sakalia,2,6549
1689,5453.588390967,5458.588390967,Faulua Makisi (Japan),Tackle,Green,947043,21,A,3000,Japan,23417,Faulua,Makisi,2,6549
1690,5455.337366122,5462.499928247665,Patrick Pellegrini (Tonga),Kick Chase,Green,947043,10,H,750,Tonga,37085,Patrick,Pellegrini,2,6553
1691,5455.337366122,5462.499928247665,Nikolai Foliaki (Tonga),Kick Chase,Green,947043,14,H,750,Tonga,34981,Nikolai,Foliaki,2,6553
1692,5455.337366122,5462.499928247665,Solomone Tukuafu (Tonga),Kick Chase,Green,947043,18,H,750,Tonga,44442,Solomone,Tukuafu,2,6553
1693,5519.142675736962,5530.430922417,Warner Dearns (Japan),Scrum Attack,Green,947043,5,A,3000,Japan,40399,Warner,Dearns,2,6653
1694,5519.142675736962,5530.430922417,Ben Gunter (Japan),Scrum Attack,Green,947043,6,A,3000,Japan,26283,Ben,Gunter,2,6653
1695,5519.142675736962,5530.430922417,Kenji Sato (Japan),Scrum Attack,Green,947043,16,A,3000,Japan,61722,Kenji,Sato,2,6653
1696,5519.142675736962,5530.430922417,Ryosuke Iwaihara (Japan),Scrum Attack,Green,947043,17,A,3000,Japan,23408,Ryosuke,Iwaihara,2,6653
1697,5519.142675736962,5530.430922417,Keijiro Tamefusa (Japan),Scrum Attack,Green,947043,18,A,3000,Japan,61929,Keijiro,Tamefusa,2,6653
1698,5519.142675736962,5530.430922417,Waisake Raratubua (Japan),Scrum Attack,Green,947043,19,A,3000,Japan,30796,Waisake,Raratubua,2,6653
1699,5519.142675736962,5530.430922417,Tiennan Costley (Japan),Scrum Attack,Green,947043,20,A,3000,Japan,58972,Tiennan,Costley,2,6653
1700,5519.142675736962,5530.430922417,Faulua Makisi (Japan),Scrum Attack,Green,947043,21,A,3000,Japan,23417,Faulua,Makisi,2,6653
1701,5520.685918367347,5530.899921094999,Tupou Ma'afu-Afungia (Tonga),Scrum Defence,Green,947043,6,H,750,Tonga,56791,Tupou,Ma'afu-Afungia,2,6653
1702,5520.685918367347,5530.899921094999,Siosiua Moala (Tonga),Scrum Defence,Green,947043,8,H,750,Tonga,65198,Siosiua,Moala,2,6653
1703,5522.26843537415,5532.099962589667,Veikoso Poloniati (Tonga),Scrum Defence,Yellow,947043,4,H,750,Tonga,39123,Veikoso,Poloniati,2,6653
1704,5522.26843537415,5532.099962589667,Harison Mataele (Tonga),Scrum Defence,Yellow,947043,5,H,750,Tonga,21969,Harison,Mataele,2,6653
1705,5522.26843537415,5532.099962589667,Tevita Ahokovi (Tonga),Scrum Defence,Yellow,947043,20,H,750,Tonga,65185,Tevita,Ahokovi,2,6653
1706,5523.081398609,5532.099962589667,Siegfried Fisi'ihoi (Tonga),Scrum Defence,Yellow,947043,1,H,750,Tonga,22136,Siegfried,Fisi'ihoi,2,6701
1707,5523.081398609,5532.099962589667,Sosefo Sakalia (Tonga),Scrum Defence,Yellow,947043,16,H,750,Tonga,17076,Sosefo,Sakalia,2,6701
1708,5523.081398609,5532.099962589667,Solomone Tukuafu (Tonga),Scrum Defence,Yellow,947043,18,H,750,Tonga,44442,Solomone,Tukuafu,2,6701
1709,5527.357913832199,5536.199919549662,John Tapueluelu (Tonga),Kick Retreat,Green,947043,11,H,750,Tonga,33907,John,Tapueluelu,2,6703
1710,5527.357913832199,5536.199919549662,Fetuli Paea (Tonga),Kick Retreat,Green,947043,13,H,750,Tonga,27088,Fetuli,Paea,2,6703
1711,5527.357913832199,5536.199919549662,Charles Piutau (Tonga),Kick Retreat,Green,947043,15,H,750,Tonga,17091,Charles,Piutau,2,6703
1712,5528.045310146,5544.41922629,Warner Dearns (Japan),Kick Chase,Green,947043,5,A,3000,Japan,40399,Warner,Dearns,2,6705
1713,5528.045310146,5544.41922629,Ben Gunter (Japan),Kick Chase,Red,947043,6,A,3000,Japan,26283,Ben,Gunter,2,6705
1714,5528.045310146,5544.41922629,Shinobu Fujiwara (Japan),Kick Chase,Green,947043,9,A,3000,Japan,30969,Shinobu,Fujiwara,2,6705
1715,5528.045310146,5544.41922629,Dylan Riley (Japan),Kick Chase,Green,947043,13,A,3000,Japan,27652,Dylan,Riley,2,6705
1716,5528.045310146,5544.41922629,Kippei Ishida (Japan),Kick Chase,Green,947043,14,A,3000,Japan,34036,Kippei,Ishida,2,6705
1717,5528.045310146,5544.41922629,Sam Greene (Japan),Kick Chase,Green,947043,15,A,3000,Japan,22606,Sam,Greene,2,6705
1718,5528.045310146,5544.41922629,Kenji Sato (Japan),Kick Chase,Green,947043,16,A,3000,Japan,61722,Kenji,Sato,2,6705
1719,5528.045310146,5544.41922629,Ryosuke Iwaihara (Japan),Kick Chase,Red,947043,17,A,3000,Japan,23408,Ryosuke,Iwaihara,2,6705
1720,5528.045310146,5544.41922629,Keijiro Tamefusa (Japan),Kick Chase,Green,947043,18,A,3000,Japan,61929,Keijiro,Tamefusa,2,6705
1721,5528.045310146,5544.41922629,Waisake Raratubua (Japan),Kick Chase,Green,947043,19,A,3000,Japan,30796,Waisake,Raratubua,2,6705
1722,5528.045310146,5544.41922629,Tiennan Costley (Japan),Kick Chase,Green,947043,20,A,3000,Japan,58972,Tiennan,Costley,2,6705
1723,5528.045310146,5544.41922629,Faulua Makisi (Japan),Kick Chase,Green,947043,21,A,3000,Japan,23417,Faulua,Makisi,2,6705
1724,5528.045310146,5544.41922629,Yuya Hirose (Japan),Kick Chase,Green,947043,23,A,3000,Japan,61922,Yuya,Hirose,2,6705
1725,5530.357913832199,5536.199919549662,Patrick Pellegrini (Tonga),Kick Retreat,Green,947043,10,H,750,Tonga,37085,Patrick,Pellegrini,2,6707
1726,5530.857923419,5536.199919549662,Tupou Ma'afu-Afungia (Tonga),Kick Retreat,Green,947043,6,H,750,Tonga,56791,Tupou,Ma'afu-Afungia,2,6707
1727,5530.857923419,5536.199919549662,Siosiua Moala (Tonga),Kick Retreat,Green,947043,8,H,750,Tonga,65198,Siosiua,Moala,2,6707
1728,5536.026974978,5541.026974978,Yuya Hirose (Japan),Tackle,Green,947043,23,A,3000,Japan,61922,Yuya,Hirose,2,6713
1729,5536.708237569,5544.499922390332,Siegfried Fisi'ihoi (Tonga),Kick Retreat,Red,947043,1,H,750,Tonga,22136,Siegfried,Fisi'ihoi,2,6713
1730,5536.708237569,5544.499922390332,Harison Mataele (Tonga),Kick Retreat,Red,947043,5,H,750,Tonga,21969,Harison,Mataele,2,6713
1731,5536.708237569,5544.499922390332,Sonatane Takulua (Tonga),Kick Retreat,Red,947043,9,H,750,Tonga,20156,Sonatane,Takulua,2,6713
1732,5536.708237569,5544.499922390332,Sosefo Sakalia (Tonga),Kick Retreat,Red,947043,16,H,750,Tonga,17076,Sosefo,Sakalia,2,6713
1733,5536.708237569,5544.499922390332,Solomone Tukuafu (Tonga),Kick Retreat,Red,947043,18,H,750,Tonga,44442,Solomone,Tukuafu,2,6713
1734,5536.708237569,5544.499922390332,Tevita Ahokovi (Tonga),Kick Retreat,Red,947043,20,H,750,Tonga,65185,Tevita,Ahokovi,2,6713
1735,5538.793741496599,5546.799935155996,Tupou Ma'afu-Afungia (Tonga),Ruck,Green,947043,6,H,750,Tonga,56791,Tupou,Ma'afu-Afungia,2,6715
1736,5538.793741496599,5546.799935155996,Patrick Pellegrini (Tonga),Ruck,Green,947043,10,H,750,Tonga,37085,Patrick,Pellegrini,2,6715
1737,5538.793741496599,5546.799935155996,Josiah Unga (Tonga),Ruck,Green,947043,23,H,750,Tonga,67775,Josiah,Unga,2,6715
1738,5538.989621195,5550.400009645668,Nikolai Foliaki (Tonga),Carry,Green,947043,14,H,750,Tonga,34981,Nikolai,Foliaki,2,6716
1739,5540.431781158,5545.431781158,Tiennan Costley (Japan),Jackler,Green,947043,20,A,3000,Japan,58972,Tiennan,Costley,2,6716
1740,5542.781214737,5547.781214737,Dylan Riley (Japan),Jackler,Yellow,947043,13,A,3000,Japan,27652,Dylan,Riley,2,6719
1741,5544.118091827,5549.118091827,Kippei Ishida (Japan),Tackle,Green,947043,14,A,3000,Japan,34036,Kippei,Ishida,2,6721
1742,5545.539125654,5551.299935597003,John Tapueluelu (Tonga),Carry,Green,947043,11,H,750,Tonga,33907,John,Tapueluelu,2,6723
1743,5546.527963681,5552.39997158034,Fetuli Paea (Tonga),Ruck,Green,947043,13,H,750,Tonga,27088,Fetuli,Paea,2,6723
1744,5546.527963681,5552.39997158034,Charles Piutau (Tonga),Ruck,Green,947043,15,H,750,Tonga,17091,Charles,Piutau,2,6723
1745,5546.827336977,5551.827336977,Waisake Raratubua (Japan),Phase Defence,Red,947043,19,A,3000,Japan,30796,Waisake,Raratubua,2,6723
1746,5546.853425164,5551.853425164,Seungsin Lee (Japan),Phase Defence,Red,947043,10,A,3000,Japan,37841,Seungsin,Lee,2,6723
1747,5546.853425164,5551.853425164,Dylan Riley (Japan),Phase Defence,Red,947043,13,A,3000,Japan,27652,Dylan,Riley,2,6723
1748,5546.853425164,5551.853425164,Ryosuke Iwaihara (Japan),Phase Defence,Red,947043,17,A,3000,Japan,23408,Ryosuke,Iwaihara,2,6723
1749,5546.853425164,5551.853425164,Keijiro Tamefusa (Japan),Phase Defence,Red,947043,18,A,3000,Japan,61929,Keijiro,Tamefusa,2,6723
1750,5547.633075331,5552.633075331,Sam Greene (Japan),Tackle,Green,947043,15,A,3000,Japan,22606,Sam,Greene,2,6723
1751,5684.909389821,5702.62282972,Warner Dearns (Japan),Scrum Defence,Red,947043,5,A,3000,Japan,40399,Warner,Dearns,2,6943
1752,5684.909389821,5702.62282972,Ben Gunter (Japan),Scrum Defence,Green,947043,6,A,3000,Japan,26283,Ben,Gunter,2,6943
1753,5684.909389821,5702.62282972,Kenji Sato (Japan),Scrum Defence,Red,947043,16,A,3000,Japan,61722,Kenji,Sato,2,6943
1754,5684.909389821,5702.62282972,Ryosuke Iwaihara (Japan),Scrum Defence,Red,947043,17,A,3000,Japan,23408,Ryosuke,Iwaihara,2,6943
1755,5684.909389821,5702.62282972,Keijiro Tamefusa (Japan),Scrum Defence,Red,947043,18,A,3000,Japan,61929,Keijiro,Tamefusa,2,6943
1756,5684.909389821,5702.62282972,Waisake Raratubua (Japan),Scrum Defence,Red,947043,19,A,3000,Japan,30796,Waisake,Raratubua,2,6943
1757,5684.909389821,5702.62282972,Tiennan Costley (Japan),Scrum Defence,Green,947043,20,A,3000,Japan,58972,Tiennan,Costley,2,6943
1758,5684.909389821,5702.62282972,Faulua Makisi (Japan),Scrum Defence,Green,947043,21,A,3000,Japan,23417,Faulua,Makisi,2,6943
1759,5691.555882212,5702.499885597999,Veikoso Poloniati (Tonga),Scrum Attack,Green,947043,4,H,750,Tonga,39123,Veikoso,Poloniati,2,6948
1760,5691.555882212,5702.499885597999,Harison Mataele (Tonga),Scrum Attack,Green,947043,5,H,750,Tonga,21969,Harison,Mataele,2,6948
1761,5691.555882212,5702.499885597999,Tupou Ma'afu-Afungia (Tonga),Scrum Attack,Green,947043,6,H,750,Tonga,56791,Tupou,Ma'afu-Afungia,2,6948
1762,5691.555882212,5702.499885597999,Siosiua Moala (Tonga),Scrum Attack,Green,947043,8,H,750,Tonga,65198,Siosiua,Moala,2,6948
1763,5692.194058956916,5703.399982251335,Siegfried Fisi'ihoi (Tonga),Scrum Attack,Yellow,947043,1,H,750,Tonga,22136,Siegfried,Fisi'ihoi,2,6949
1764,5692.952403866,5702.499885597999,Sosefo Sakalia (Tonga),Scrum Attack,Green,947043,16,H,750,Tonga,17076,Sosefo,Sakalia,2,6949
1765,5692.952403866,5702.499885597999,Solomone Tukuafu (Tonga),Scrum Attack,Green,947043,18,H,750,Tonga,44442,Solomone,Tukuafu,2,6949
1766,5692.952403866,5702.499885597999,Tevita Ahokovi (Tonga),Scrum Attack,Green,947043,20,H,750,Tonga,65185,Tevita,Ahokovi,2,6949
1767,5695.658461284,5704.399927502335,Fetuli Paea (Tonga),Carry,Green,947043,13,H,750,Tonga,27088,Fetuli,Paea,2,6952
1768,5696.241281084,5701.241281084,Yuya Hirose (Japan),Tackle,Green,947043,23,A,3000,Japan,61922,Yuya,Hirose,2,6954
1769,5698.853695992,5703.853695992,Seungsin Lee (Japan),Tackle,Green,947043,10,A,3000,Japan,37841,Seungsin,Lee,2,6955
1770,5699.224013605442,5704.224013605442,Charles Piutau (Tonga),Ruck,Green,947043,15,H,750,Tonga,17091,Charles,Piutau,2,6956
1771,5701.303238181,5706.303238181,Ben Gunter (Japan),Tackle,Green,947043,6,A,3000,Japan,26283,Ben,Gunter,2,6958
1772,5702.341305664,5713.3036889130035,Tupou Ma'afu-Afungia (Tonga),Carry,Red,947043,6,H,750,Tonga,56791,Tupou,Ma'afu-Afungia,2,6959
1773,5705.619857427,5710.619857427,Ben Gunter (Japan),Jackler,Green,947043,6,A,3000,Japan,26283,Ben,Gunter,2,7000
1774,5705.987981859411,5710.987981859411,Charles Piutau (Tonga),Ruck,Red,947043,15,H,750,Tonga,17091,Charles,Piutau,2,7000
1775,5706.67076002,5711.67076002,Yuya Hirose (Japan),Jackler,Yellow,947043,23,A,3000,Japan,61922,Yuya,Hirose,2,7004
1776,5707.293588588,5716.7999777553305,Harison Mataele (Tonga),Ruck,Red,947043,5,H,750,Tonga,21969,Harison,Mataele,2,7004
1777,5707.293588588,5716.7999777553305,Solomone Tukuafu (Tonga),Ruck,Red,947043,18,H,750,Tonga,44442,Solomone,Tukuafu,2,7004
1778,5708.179154966,5716.699878710999,Siosiua Moala (Tonga),Carry,Red,947043,8,H,750,Tonga,65198,Siosiua,Moala,2,7005
1779,5710.030053599,5715.030053599,Keijiro Tamefusa (Japan),Tackle,Green,947043,18,A,3000,Japan,61929,Keijiro,Tamefusa,2,7006
1780,5710.472596779,5714.027151639,Warner Dearns (Japan),Phase Defence,Red,947043,5,A,3000,Japan,40399,Warner,Dearns,2,7006
1781,5710.472596779,5714.027151639,Ben Gunter (Japan),Phase Defence,Red,947043,6,A,3000,Japan,26283,Ben,Gunter,2,7006
1782,5716.388458421,5727.799875408671,Fetuli Paea (Tonga),Carry,Green,947043,13,H,750,Tonga,27088,Fetuli,Paea,2,7013
1783,5716.408860443,5721.408860443,Tiennan Costley (Japan),Tackle,Green,947043,20,A,3000,Japan,58972,Tiennan,Costley,2,7013
1784,5716.64703655,5725.499840077335,Nikolai Foliaki (Tonga),Ruck,Green,947043,14,H,750,Tonga,34981,Nikolai,Foliaki,2,7013
1785,5717.96418647,5722.96418647,Waisake Raratubua (Japan),Jackler,Green,947043,19,A,3000,Japan,30796,Waisake,Raratubua,2,7014
1786,5723.687500163,5728.687500163,Ryosuke Iwaihara (Japan),Tackle,Green,947043,17,A,3000,Japan,23408,Ryosuke,Iwaihara,2,7020
1787,5726.028540776,5731.028540776,Tiennan Costley (Japan),Tackle,Green,947043,20,A,3000,Japan,58972,Tiennan,Costley,2,7025
1788,5801.753418766,5811.709945528,Warner Dearns (Japan),Scrum Attack,Green,947043,5,A,3000,Japan,40399,Warner,Dearns,2,7136
1789,5801.753418766,5811.709945528,Ben Gunter (Japan),Scrum Attack,Green,947043,6,A,3000,Japan,26283,Ben,Gunter,2,7136
1790,5801.753418766,5811.709945528,Kenji Sato (Japan),Scrum Attack,Green,947043,16,A,3000,Japan,61722,Kenji,Sato,2,7136
1791,5801.753418766,5811.709945528,Ryosuke Iwaihara (Japan),Scrum Attack,Green,947043,17,A,3000,Japan,23408,Ryosuke,Iwaihara,2,7136
1792,5801.753418766,5811.709945528,Keijiro Tamefusa (Japan),Scrum Attack,Green,947043,18,A,3000,Japan,61929,Keijiro,Tamefusa,2,7136
1793,5801.753418766,5811.709945528,Waisake Raratubua (Japan),Scrum Attack,Green,947043,19,A,3000,Japan,30796,Waisake,Raratubua,2,7136
1794,5801.753418766,5811.709945528,Tiennan Costley (Japan),Scrum Attack,Green,947043,20,A,3000,Japan,58972,Tiennan,Costley,2,7136
1795,5801.753418766,5811.709945528,Faulua Makisi (Japan),Scrum Attack,Green,947043,21,A,3000,Japan,23417,Faulua,Makisi,2,7136
1796,5802.273102338,5813.199929985999,Siegfried Fisi'ihoi (Tonga),Scrum Defence,Green,947043,1,H,750,Tonga,22136,Siegfried,Fisi'ihoi,2,7136
1797,5802.273102338,5813.199929985999,Harison Mataele (Tonga),Scrum Defence,Green,947043,5,H,750,Tonga,21969,Harison,Mataele,2,7136
1798,5802.273102338,5813.199929985999,Tupou Ma'afu-Afungia (Tonga),Scrum Defence,Green,947043,6,H,750,Tonga,56791,Tupou,Ma'afu-Afungia,2,7136
1799,5802.273102338,5813.199929985999,Siosiua Moala (Tonga),Scrum Defence,Green,947043,8,H,750,Tonga,65198,Siosiua,Moala,2,7136
1800,5802.273102338,5813.199929985999,Sosefo Sakalia (Tonga),Scrum Defence,Green,947043,16,H,750,Tonga,17076,Sosefo,Sakalia,2,7136
1801,5802.273102338,5813.199929985999,Solomone Tukuafu (Tonga),Scrum Defence,Green,947043,18,H,750,Tonga,44442,Solomone,Tukuafu,2,7136
1802,5802.273102338,5813.199929985999,Justin Mataele (Tonga),Scrum Defence,Green,947043,19,H,750,Tonga,59346,Justin,Mataele,2,7136
1803,5802.273102338,5813.199929985999,Tevita Ahokovi (Tonga),Scrum Defence,Green,947043,20,H,750,Tonga,65185,Tevita,Ahokovi,2,7136
1804,5803.188321995465,5827.980181405896,Kenji Sato (Japan),Linebreak Attack,Gold,947043,16,A,3000,Japan,61722,Kenji,Sato,2,7139
1805,5803.373265306122,5817.971108866832,Tomoki Osada (Japan),Kick Chase,Gold,947043,11,A,3000,Japan,31059,Tomoki,Osada,2,7139
1806,5803.596404925,5814.399986550001,Sonatane Takulua (Tonga),Kick Retreat,Yellow,947043,9,H,750,Tonga,20156,Sonatane,Takulua,2,7139
1807,5804.154998174,5814.599889415,Tupou Ma'afu-Afungia (Tonga),Kick Retreat,Green,947043,6,H,750,Tonga,56791,Tupou,Ma'afu-Afungia,2,7139
1808,5804.154998174,5814.599889415,Siosiua Moala (Tonga),Kick Retreat,Green,947043,8,H,750,Tonga,65198,Siosiua,Moala,2,7139
1809,5804.154998174,5814.599889415,Patrick Pellegrini (Tonga),Kick Retreat,Green,947043,10,H,750,Tonga,37085,Patrick,Pellegrini,2,7139
1810,5804.154998174,5814.599889415,Fetuli Paea (Tonga),Kick Retreat,Green,947043,13,H,750,Tonga,27088,Fetuli,Paea,2,7139
1811,5804.154998174,5814.599889415,James Faiva (Tonga),Kick Retreat,Green,947043,22,H,750,Tonga,30891,James,Faiva,2,7139
1812,5804.180773955,5819.930581048,Warner Dearns (Japan),Kick Chase,Green,947043,5,A,3000,Japan,40399,Warner,Dearns,2,7139
1813,5804.180773955,5819.930581048,Ben Gunter (Japan),Kick Chase,Green,947043,6,A,3000,Japan,26283,Ben,Gunter,2,7139
1814,5804.180773955,5819.930581048,Shinobu Fujiwara (Japan),Kick Chase,Green,947043,9,A,3000,Japan,30969,Shinobu,Fujiwara,2,7139
1815,5804.180773955,5819.930581048,Kippei Ishida (Japan),Kick Chase,Green,947043,14,A,3000,Japan,34036,Kippei,Ishida,2,7139
1816,5804.180773955,5819.930581048,Kenji Sato (Japan),Kick Chase,Green,947043,16,A,3000,Japan,61722,Kenji,Sato,2,7139
1817,5804.180773955,5819.930581048,Ryosuke Iwaihara (Japan),Kick Chase,Green,947043,17,A,3000,Japan,23408,Ryosuke,Iwaihara,2,7139
1818,5804.180773955,5819.930581048,Keijiro Tamefusa (Japan),Kick Chase,Green,947043,18,A,3000,Japan,61929,Keijiro,Tamefusa,2,7139
1819,5804.180773955,5819.930581048,Waisake Raratubua (Japan),Kick Chase,Green,947043,19,A,3000,Japan,30796,Waisake,Raratubua,2,7139
1820,5804.180773955,5819.930581048,Faulua Makisi (Japan),Kick Chase,Green,947043,21,A,3000,Japan,23417,Faulua,Makisi,2,7139
1821,5804.180773955,5819.930581048,Yuya Hirose (Japan),Kick Chase,Green,947043,23,A,3000,Japan,61922,Yuya,Hirose,2,7139
1822,5804.254633997,5814.599889415,Charles Piutau (Tonga),Kick Retreat,Green,947043,15,H,750,Tonga,17091,Charles,Piutau,2,7139
1823,5804.673931211,5814.599889415,Justin Mataele (Tonga),Kick Retreat,Green,947043,19,H,750,Tonga,59346,Justin,Mataele,2,7139
1824,5805.346711389,5814.199918326663,Harison Mataele (Tonga),Kick Retreat,Red,947043,5,H,750,Tonga,21969,Harison,Mataele,2,7139
1825,5811.036687307,5816.036687307,Tiennan Costley (Japan),Kick Chase,Gold,947043,20,A,3000,Japan,58972,Tiennan,Costley,2,7150
1826,5815.1562819,5823.799970314668,James Faiva (Tonga),Carry,Green,947043,22,H,750,Tonga,30891,James,Faiva,2,7152
1827,5816.873730364,5821.873730364,Tomoki Osada (Japan),Tackle,Green,947043,11,A,3000,Japan,31059,Tomoki,Osada,2,7154
1828,5940.015034013605,5948.500317369652,Ben Gunter (Japan),Lineout Defence,Green,947043,6,A,3000,Japan,26283,Ben,Gunter,2,7357
1829,5940.037960948,5950.123291178,Warner Dearns (Japan),Lineout Defence,Green,947043,5,A,3000,Japan,40399,Warner,Dearns,2,7357
1830,5940.037960948,5950.123291178,Waisake Raratubua (Japan),Lineout Defence,Green,947043,19,A,3000,Japan,30796,Waisake,Raratubua,2,7357
1831,5940.037960948,5950.123291178,Tiennan Costley (Japan),Lineout Defence,Green,947043,20,A,3000,Japan,58972,Tiennan,Costley,2,7357
1832,5940.438888888889,5952.499878505668,Harison Mataele (Tonga),Lineout Defence,Green,947043,5,H,750,Tonga,21969,Harison,Mataele,2,7357
1833,5940.438888888889,5952.499878505668,Tau Koloamatangi (Tonga),Lineout Defence,Green,947043,17,H,750,Tonga,21731,Tau,Koloamatangi,2,7357
1834,5940.711635126,5952.499878505668,Justin Mataele (Tonga),Lineout Defence,Green,947043,19,H,750,Tonga,59346,Justin,Mataele,2,7357
1835,5941.218899396,5952.499878505668,Samiuela Moli (Tonga),Lineout Defence,Green,947043,2,H,750,Tonga,29511,Samiuela,Moli,2,7357
1836,5941.283782002,5955.098533507659,Kenji Sato (Japan),Turnover Defence,Gold,947043,16,A,3000,Japan,61722,Kenji,Sato,2,7357
1837,5942.536204693,5952.499878505668,Sosefo Sakalia (Tonga),Lineout Defence,Green,947043,16,H,750,Tonga,17076,Sosefo,Sakalia,2,7357
1838,5942.536204693,5952.499878505668,Siaosi Nai (Tonga),Lineout Defence,Green,947043,21,H,750,Tonga,62361,Siaosi,Nai,2,7357
1839,5943.814307079,5958.900110090304,Ben Gunter (Japan),Turnover Defence,Gold,947043,6,A,3000,Japan,26283,Ben,Gunter,2,7400
1840,5949.47355801,5954.900061757668,Josiah Unga (Tonga),Tackle,Green,947043,23,H,750,Tonga,67775,Josiah,Unga,2,7406
1841,5950.326358331,5955.326358331,Harison Mataele (Tonga),Linebreak Defence,Red,947043,5,H,750,Tonga,21969,Harison,Mataele,2,7404
1842,5950.326358331,5955.326358331,Tau Koloamatangi (Tonga),Linebreak Defence,Red,947043,17,H,750,Tonga,21731,Tau,Koloamatangi,2,7404
1843,5950.326358331,5955.326358331,Solomone Tukuafu (Tonga),Linebreak Defence,Red,947043,18,H,750,Tonga,44442,Solomone,Tukuafu,2,7404
1844,5950.326358331,5955.326358331,Siaosi Nai (Tonga),Linebreak Defence,Red,947043,21,H,750,Tonga,62361,Siaosi,Nai,2,7404
1845,5950.326358331,5955.599977348672,Harison Mataele (Tonga),Turnover Defence,Red,947043,5,H,750,Tonga,21969,Harison,Mataele,2,7404
1846,5950.326358331,5955.599977348672,Tau Koloamatangi (Tonga),Turnover Defence,Red,947043,17,H,750,Tonga,21731,Tau,Koloamatangi,2,7404
1847,5950.326358331,5955.599977348672,Solomone Tukuafu (Tonga),Turnover Defence,Red,947043,18,H,750,Tonga,44442,Solomone,Tukuafu,2,7404
1848,5950.326358331,5955.599977348672,Siaosi Nai (Tonga),Turnover Defence,Red,947043,21,H,750,Tonga,62361,Siaosi,Nai,2,7404
1849,5952.600066632,5957.600066632,Kenji Sato (Japan),Ruck,Green,947043,16,A,3000,Japan,61722,Kenji,Sato,2,7409
1850,5956.574779125,5967.3998838623365,Tupou Ma'afu-Afungia (Tonga),Kick Retreat,Green,947043,6,H,750,Tonga,56791,Tupou,Ma'afu-Afungia,2,7414
1851,5956.574779125,5967.3998838623365,Siosiua Moala (Tonga),Kick Retreat,Green,947043,8,H,750,Tonga,65198,Siosiua,Moala,2,7414
1852,5956.574779125,5967.3998838623365,John Tapueluelu (Tonga),Kick Retreat,Green,947043,11,H,750,Tonga,33907,John,Tapueluelu,2,7414
1853,5956.574779125,5967.3998838623365,Charles Piutau (Tonga),Kick Retreat,Green,947043,15,H,750,Tonga,17091,Charles,Piutau,2,7414
1854,5956.574779125,5967.3998838623365,Sosefo Sakalia (Tonga),Kick Retreat,Green,947043,16,H,750,Tonga,17076,Sosefo,Sakalia,2,7414
1855,5956.574779125,5967.3998838623365,Tau Koloamatangi (Tonga),Kick Retreat,Green,947043,17,H,750,Tonga,21731,Tau,Koloamatangi,2,7414
1856,5956.574779125,5967.3998838623365,Solomone Tukuafu (Tonga),Kick Retreat,Green,947043,18,H,750,Tonga,44442,Solomone,Tukuafu,2,7414
1857,5956.574779125,5967.3998838623365,Justin Mataele (Tonga),Kick Retreat,Green,947043,19,H,750,Tonga,59346,Justin,Mataele,2,7414
1858,5956.574779125,5967.3998838623365,James Faiva (Tonga),Kick Retreat,Green,947043,22,H,750,Tonga,30891,James,Faiva,2,7414
1859,5956.946684643,5968.363135184,Warner Dearns (Japan),Kick Chase,Green,947043,5,A,3000,Japan,40399,Warner,Dearns,2,7414
1860,5956.946684643,5968.363135184,Dylan Riley (Japan),Kick Chase,Green,947043,13,A,3000,Japan,27652,Dylan,Riley,2,7414
1861,5956.946684643,5968.363135184,Kippei Ishida (Japan),Kick Chase,Green,947043,14,A,3000,Japan,34036,Kippei,Ishida,2,7414
1862,5956.946684643,5968.363135184,Sam Greene (Japan),Kick Chase,Green,947043,15,A,3000,Japan,22606,Sam,Greene,2,7414
1863,5956.946684643,5968.363135184,Kenji Sato (Japan),Kick Chase,Green,947043,16,A,3000,Japan,61722,Kenji,Sato,2,7414
1864,5956.946684643,5968.363135184,Ryosuke Iwaihara (Japan),Kick Chase,Green,947043,17,A,3000,Japan,23408,Ryosuke,Iwaihara,2,7414
1865,5956.946684643,5968.363135184,Keijiro Tamefusa (Japan),Kick Chase,Green,947043,18,A,3000,Japan,61929,Keijiro,Tamefusa,2,7414
1866,5956.946684643,5968.363135184,Waisake Raratubua (Japan),Kick Chase,Green,947043,19,A,3000,Japan,30796,Waisake,Raratubua,2,7414
1867,5956.946684643,5968.363135184,Tiennan Costley (Japan),Kick Chase,Green,947043,20,A,3000,Japan,58972,Tiennan,Costley,2,7414
1868,5956.946684643,5968.363135184,Faulua Makisi (Japan),Kick Chase,Green,947043,21,A,3000,Japan,23417,Faulua,Makisi,2,7414
1869,5956.946684643,5968.363135184,Kenta Fukuda (Japan),Kick Chase,Green,947043,22,A,3000,Japan,36475,Kenta,Fukuda,2,7414
1870,5956.946684643,5968.363135184,Yuya Hirose (Japan),Kick Chase,Green,947043,23,A,3000,Japan,61922,Yuya,Hirose,2,7414
1871,5957.772172487,5967.3998838623365,Harison Mataele (Tonga),Kick Retreat,Green,947043,5,H,750,Tonga,21969,Harison,Mataele,2,7414
1872,5991.7091151,5998.972242328,Keijiro Tamefusa (Japan),Lineout Attack,Green,947043,18,A,3000,Japan,61929,Keijiro,Tamefusa,2,7447
1873,5991.7091151,5998.972242328,Faulua Makisi (Japan),Lineout Attack,Green,947043,21,A,3000,Japan,23417,Faulua,Makisi,2,7447
1874,5992.589808489,5998.972242328,Kenji Sato (Japan),Lineout Attack,Green,947043,16,A,3000,Japan,61722,Kenji,Sato,2,7447
1875,5992.589808489,5998.972242328,Tiennan Costley (Japan),Lineout Attack,Green,947043,20,A,3000,Japan,58972,Tiennan,Costley,2,7447
1876,6036.934377123,6050.578872065,Warner Dearns (Japan),Lineout Defence,Green,947043,5,A,3000,Japan,40399,Warner,Dearns,2,7533
1877,6036.934377123,6050.578872065,Ben Gunter (Japan),Lineout Defence,Green,947043,6,A,3000,Japan,26283,Ben,Gunter,2,7533
1878,6036.934377123,6050.578872065,Kenji Sato (Japan),Lineout Defence,Green,947043,16,A,3000,Japan,61722,Kenji,Sato,2,7533
1879,6036.934377123,6050.578872065,Ryosuke Iwaihara (Japan),Lineout Defence,Yellow,947043,17,A,3000,Japan,23408,Ryosuke,Iwaihara,2,7533
1880,6036.934377123,6050.578872065,Keijiro Tamefusa (Japan),Lineout Defence,Green,947043,18,A,3000,Japan,61929,Keijiro,Tamefusa,2,7533
1881,6036.934377123,6050.578872065,Waisake Raratubua (Japan),Lineout Defence,Green,947043,19,A,3000,Japan,30796,Waisake,Raratubua,2,7533
1882,6036.934377123,6050.578872065,Tiennan Costley (Japan),Lineout Defence,Green,947043,20,A,3000,Japan,58972,Tiennan,Costley,2,7533
1883,6036.934377123,6050.578872065,Faulua Makisi (Japan),Lineout Defence,Green,947043,21,A,3000,Japan,23417,Faulua,Makisi,2,7533
1884,6039.906371882086,6052.49993645733,Harison Mataele (Tonga),Lineout Attack,Yellow,947043,5,H,750,Tonga,21969,Harison,Mataele,2,7536
1885,6039.906371882086,6052.49993645733,Tupou Ma'afu-Afungia (Tonga),Lineout Attack,Yellow,947043,6,H,750,Tonga,56791,Tupou,Ma'afu-Afungia,2,7536
1886,6039.906371882086,6052.49993645733,Siosiua Moala (Tonga),Lineout Attack,Yellow,947043,8,H,750,Tonga,65198,Siosiua,Moala,2,7536
1887,6040.671550418,6049.099959835327,Tau Koloamatangi (Tonga),Lineout Attack,Red,947043,17,H,750,Tonga,21731,Tau,Koloamatangi,2,7536
1888,6040.953733033,6049.599968169332,Tevita Ahokovi (Tonga),Lineout Attack,Green,947043,20,H,750,Tonga,65185,Tevita,Ahokovi,2,7536
1889,6041.093258621,6049.599968169332,Sosefo Sakalia (Tonga),Lineout Attack,Green,947043,16,H,750,Tonga,17076,Sosefo,Sakalia,2,7536
1890,6041.093258621,6049.599968169332,Justin Mataele (Tonga),Lineout Attack,Green,947043,19,H,750,Tonga,59346,Justin,Mataele,2,7536
1891,6041.3074376417235,6049.599968169332,Solomone Tukuafu (Tonga),Lineout Attack,Green,947043,18,H,750,Tonga,44442,Solomone,Tukuafu,2,7540
1892,6047.123556669,6052.123556669,Seungsin Lee (Japan),Tackle,Green,947043,10,A,3000,Japan,37841,Seungsin,Lee,2,7545
1893,6095.62575664,6106.941514746,Ben Gunter (Japan),Scrum Attack,Green,947043,6,A,3000,Japan,26283,Ben,Gunter,2,7633
1894,6095.62575664,6106.941514746,Kenji Sato (Japan),Scrum Attack,Green,947043,16,A,3000,Japan,61722,Kenji,Sato,2,7633
1895,6095.62575664,6106.941514746,Ryosuke Iwaihara (Japan),Scrum Attack,Green,947043,17,A,3000,Japan,23408,Ryosuke,Iwaihara,2,7633
1896,6095.62575664,6106.941514746,Keijiro Tamefusa (Japan),Scrum Attack,Green,947043,18,A,3000,Japan,61929,Keijiro,Tamefusa,2,7633
1897,6095.62575664,6106.941514746,Waisake Raratubua (Japan),Scrum Attack,Green,947043,19,A,3000,Japan,30796,Waisake,Raratubua,2,7633
1898,6095.62575664,6106.941514746,Tiennan Costley (Japan),Scrum Attack,Green,947043,20,A,3000,Japan,58972,Tiennan,Costley,2,7633
1899,6095.62575664,6106.941514746,Faulua Makisi (Japan),Scrum Attack,Green,947043,21,A,3000,Japan,23417,Faulua,Makisi,2,7633
1900,6096.226127632,6102.999999333335,Sosefo Sakalia (Tonga),Scrum Defence,Red,947043,16,H,750,Tonga,17076,Sosefo,Sakalia,2,7633
1901,6096.226127632,6102.999999333335,Tau Koloamatangi (Tonga),Scrum Defence,Red,947043,17,H,750,Tonga,21731,Tau,Koloamatangi,2,7633
1902,6096.226127632,6102.999999333335,Solomone Tukuafu (Tonga),Scrum Defence,Red,947043,18,H,750,Tonga,44442,Solomone,Tukuafu,2,7633
1903,6096.342285214,6106.5998219600015,Harison Mataele (Tonga),Scrum Defence,Green,947043,5,H,750,Tonga,21969,Harison,Mataele,2,7633
1904,6096.342285214,6106.5998219600015,Tupou Ma'afu-Afungia (Tonga),Scrum Defence,Green,947043,6,H,750,Tonga,56791,Tupou,Ma'afu-Afungia,2,7633
1905,6096.342285214,6106.5998219600015,Siosiua Moala (Tonga),Scrum Defence,Green,947043,8,H,750,Tonga,65198,Siosiua,Moala,2,7633
1906,6096.342285214,6106.5998219600015,Justin Mataele (Tonga),Scrum Defence,Green,947043,19,H,750,Tonga,59346,Justin,Mataele,2,7633
1907,6096.342285214,6106.5998219600015,Tevita Ahokovi (Tonga),Scrum Defence,Green,947043,20,H,750,Tonga,65185,Tevita,Ahokovi,2,7633
1908,6096.461975289992,6106.941514746001,Warner Dearns (Japan),Scrum Attack,Yellow,947043,5,A,3000,Japan,40399,Warner,Dearns,2,7633
1909,6100.652569432,6111.699950822667,Harison Mataele (Tonga),Tackle,Green,947043,5,H,750,Tonga,21969,Harison,Mataele,2,7637
1910,6100.652569432,6111.699950822667,Tupou Ma'afu-Afungia (Tonga),Tackle,Green,947043,6,H,750,Tonga,56791,Tupou,Ma'afu-Afungia,2,7637
1911,6101.1781632653065,6108.699977352664,Solomone Tukuafu (Tonga),Tackle,Green,947043,18,H,750,Tonga,44442,Solomone,Tukuafu,2,7635
1912,6101.1781632653065,6108.699977352664,Justin Mataele (Tonga),Tackle,Green,947043,19,H,750,Tonga,59346,Justin,Mataele,2,7635
1913,6105.069149871,6110.069149871,Tiennan Costley (Japan),Ruck,Green,947043,20,A,3000,Japan,58972,Tiennan,Costley,2,7642
1914,6106.36591779,6111.36591779,Faulua Makisi (Japan),Carry,Green,947043,21,A,3000,Japan,23417,Faulua,Makisi,2,7643
1915,6231.509038953,6236.509038953,Warner Dearns (Japan),Linebreak Attack,Gold,947043,5,A,3000,Japan,40399,Warner,Dearns,2,7800
1916,6231.509038953,6236.509038953,Kenji Sato (Japan),Linebreak Attack,Gold,947043,16,A,3000,Japan,61722,Kenji,Sato,2,7800
1917,6232.017472222,6256.02725674,Warner Dearns (Japan),Kick Chase,Green,947043,5,A,3000,Japan,40399,Warner,Dearns,2,7800
1918,6232.017472222,6256.02725674,Kenji Sato (Japan),Kick Chase,Green,947043,16,A,3000,Japan,61722,Kenji,Sato,2,7800
1919,6233.17264973,6245.399881014006,Sosefo Sakalia (Tonga),Kick Retreat,Green,947043,16,H,750,Tonga,17076,Sosefo,Sakalia,2,7807
1920,6233.17264973,6245.399881014006,Siaosi Nai (Tonga),Kick Retreat,Green,947043,21,H,750,Tonga,62361,Siaosi,Nai,2,7807
1921,6233.17264973,6245.399881014006,Josiah Unga (Tonga),Kick Retreat,Green,947043,23,H,750,Tonga,67775,Josiah,Unga,2,7807
1922,6233.237619047619,6241.398926312002,Dylan Riley (Japan),Kick Chase,Green,947043,13,A,3000,Japan,27652,Dylan,Riley,2,7807
1923,6235.973034225,6256.02725674,Ryosuke Iwaihara (Japan),Kick Chase,Green,947043,17,A,3000,Japan,23408,Ryosuke,Iwaihara,2,7807
1924,6237.040261254,6245.399881014006,Patrick Pellegrini (Tonga),Kick Retreat,Green,947043,10,H,750,Tonga,37085,Patrick,Pellegrini,2,7803
1925,6237.07607293,6245.399881014006,Harison Mataele (Tonga),Kick Retreat,Green,947043,5,H,750,Tonga,21969,Harison,Mataele,2,7803
1926,6237.07607293,6245.399881014006,Tau Koloamatangi (Tonga),Kick Retreat,Green,947043,17,H,750,Tonga,21731,Tau,Koloamatangi,2,7803
1927,6237.07607293,6245.399881014006,Tevita Ahokovi (Tonga),Kick Retreat,Green,947043,20,H,750,Tonga,65185,Tevita,Ahokovi,2,7803
1928,6238.214139083,6245.399881014006,Fetuli Paea (Tonga),Kick Retreat,Green,947043,13,H,750,Tonga,27088,Fetuli,Paea,2,7803
1929,6238.214139083,6245.399881014006,Solomone Tukuafu (Tonga),Kick Retreat,Green,947043,18,H,750,Tonga,44442,Solomone,Tukuafu,2,7803
1930,6240.727756752,6256.02725674,Kenta Fukuda (Japan),Kick Chase,Green,947043,22,A,3000,Japan,36475,Kenta,Fukuda,2,7810
1931,6241.908538688,6256.02725674,Faulua Makisi (Japan),Kick Chase,Green,947043,21,A,3000,Japan,23417,Faulua,Makisi,2,7810
1932,6244.330944431,6256.02725674,Tiennan Costley (Japan),Kick Chase,Green,947043,20,A,3000,Japan,58972,Tiennan,Costley,2,7810
1933,6244.330944431,6256.02725674,Yuya Hirose (Japan),Kick Chase,Green,947043,23,A,3000,Japan,61922,Yuya,Hirose,2,7810
1934,6387.397560559,6393.199950073001,Tevita Ahokovi (Tonga),Kick Chase,Gold,947043,20,H,750,Tonga,65185,Tevita,Ahokovi,2,7829
1935,6392.253074954,6397.253074954,Ryosuke Iwaihara (Japan),Tackle,Green,947043,17,A,3000,Japan,23408,Ryosuke,Iwaihara,2,7833
1936,6392.380476190476,6400.299955670334,Tevita Ahokovi (Tonga),Carry,Green,947043,20,H,750,Tonga,65185,Tevita,Ahokovi,2,7833
1937,6393.407138146,6401.199958661334,Tau Koloamatangi (Tonga),Carry,Green,947043,17,H,750,Tonga,21731,Tau,Koloamatangi,2,7836
1938,6394.021070647,6399.021070647,Warner Dearns (Japan),Tackle,Red,947043,5,A,3000,Japan,40399,Warner,Dearns,2,7837
1939,6394.312947845805,6406.799931958338,Harison Mataele (Tonga),Ruck,Green,947043,5,H,750,Tonga,21969,Harison,Mataele,2,7837
1940,6394.312947845805,6406.799931958338,Sosefo Sakalia (Tonga),Ruck,Green,947043,16,H,750,Tonga,17076,Sosefo,Sakalia,2,7837
1941,6394.312947845805,6406.799931958338,Solomone Tukuafu (Tonga),Ruck,Green,947043,18,H,750,Tonga,44442,Solomone,Tukuafu,2,7837
1942,6395.092090745,6400.092090745,Kenji Sato (Japan),Tackle,Green,947043,16,A,3000,Japan,61722,Kenji,Sato,2,7834
1943,6395.238583195,6400.238583195,Yuya Hirose (Japan),Phase Defence,Red,947043,23,A,3000,Japan,61922,Yuya,Hirose,2,7834
1944,6395.27458723,6400.27458723,Keijiro Tamefusa (Japan),Phase Defence,Red,947043,18,A,3000,Japan,61929,Keijiro,Tamefusa,2,7834
1945,6400.971569013,6405.971569013,Tiennan Costley (Japan),Tackle,Green,947043,20,A,3000,Japan,58972,Tiennan,Costley,2,7845
1946,6401.298779314,6412.799934514999,Siosiua Moala (Tonga),Carry,Yellow,947043,8,H,750,Tonga,65198,Siosiua,Moala,2,7845
1947,6402.772529345,6413.499924730339,Veikoso Poloniati (Tonga),Ruck,Green,947043,4,H,750,Tonga,39123,Veikoso,Poloniati,2,7845
1948,6402.772529345,6413.499924730339,Sosefo Sakalia (Tonga),Ruck,Green,947043,16,H,750,Tonga,17076,Sosefo,Sakalia,2,7845
1949,6402.772529345,6413.499924730339,James Faiva (Tonga),Ruck,Green,947043,22,H,750,Tonga,30891,James,Faiva,2,7845
1950,6403.48831932,6408.48831932,Tiennan Costley (Japan),Jackler,Green,947043,20,A,3000,Japan,58972,Tiennan,Costley,2,7846
1951,6407.436129696,6412.436129696,Faulua Makisi (Japan),Tackle,Green,947043,21,A,3000,Japan,23417,Faulua,Makisi,2,7850
1952,6407.869409168,6412.869409168,Tiennan Costley (Japan),Phase Defence,Red,947043,20,A,3000,Japan,58972,Tiennan,Costley,2,7850
1953,6408.318775510204,6414.200261044339,Harison Mataele (Tonga),Carry,Red,947043,5,H,750,Tonga,21969,Harison,Mataele,2,7851
1954,6410.334826133,6418.899967065331,Solomone Tukuafu (Tonga),Ruck,Red,947043,18,H,750,Tonga,44442,Solomone,Tukuafu,2,7852
1955,6411.687871049,6416.687871049,Tiennan Costley (Japan),Tackle,Green,947043,20,A,3000,Japan,58972,Tiennan,Costley,2,7853
1956,6411.756810068,6426.000019603669,Sosefo Sakalia (Tonga),Carry,Yellow,947043,16,H,750,Tonga,17076,Sosefo,Sakalia,2,7853
1957,6412.248435105,6417.248435105,Ryosuke Iwaihara (Japan),Tackle,Green,947043,17,A,3000,Japan,23408,Ryosuke,Iwaihara,2,7854
1958,6419.972587181,6424.972587181,Kenji Sato (Japan),Jackler,Green,947043,16,A,3000,Japan,61722,Kenji,Sato,2,7902
1959,6419.972587181,6424.972587181,Kenji Sato (Japan),Tackle,Green,947043,16,A,3000,Japan,61722,Kenji,Sato,2,7902
1960,6421.051270118,6426.051270118,Kippei Ishida (Japan),Tackle,Green,947043,14,A,3000,Japan,34036,Kippei,Ishida,2,7904
1961,6421.809303149,6431.500085532666,Charles Piutau (Tonga),Carry,Red,947043,15,H,750,Tonga,17091,Charles,Piutau,2,7904
1962,6422.255060852,6427.255060852,Yuya Hirose (Japan),Tackle,Green,947043,23,A,3000,Japan,61922,Yuya,Hirose,2,7904
1963,6423.995679743,6433.099939200002,Josiah Unga (Tonga),Ruck,Green,947043,23,H,750,Tonga,67775,Josiah,Unga,2,7903
1964,6426.73088633,6431.73088633,Waisake Raratubua (Japan),Tackle,Yellow,947043,19,A,3000,Japan,30796,Waisake,Raratubua,2,7909
1965,6427.937657426,6437.700242666335,Siosiua Moala (Tonga),Carry,Green,947043,8,H,750,Tonga,65198,Siosiua,Moala,2,7910
1966,6430.710084113,6439.699947004,John Tapueluelu (Tonga),Ruck,Green,947043,11,H,750,Tonga,33907,John,Tapueluelu,2,7911
1967,6430.710084113,6439.699947004,Josiah Unga (Tonga),Ruck,Green,947043,23,H,750,Tonga,67775,Josiah,Unga,2,7911
1968,6433.924145541,6438.924145541,Yuya Hirose (Japan),Tackle,Red,947043,23,A,3000,Japan,61922,Yuya,Hirose,2,7915
1969,6477.962789115646,6493.699902233668,Sosefo Sakalia (Tonga),Lineout Attack,Green,947043,16,H,750,Tonga,17076,Sosefo,Sakalia,2,8000
1970,6477.962789115646,6493.699902233668,Tau Koloamatangi (Tonga),Lineout Attack,Green,947043,17,H,750,Tonga,21731,Tau,Koloamatangi,2,8000
1971,6477.962789115646,6493.699902233668,Solomone Tukuafu (Tonga),Lineout Attack,Green,947043,18,H,750,Tonga,44442,Solomone,Tukuafu,2,8000
1972,6480.055118679,6493.699902233668,Veikoso Poloniati (Tonga),Lineout Attack,Green,947043,4,H,750,Tonga,39123,Veikoso,Poloniati,2,8002
1973,6480.055118679,6493.699902233668,Harison Mataele (Tonga),Lineout Attack,Green,947043,5,H,750,Tonga,21969,Harison,Mataele,2,8002
1974,6480.055118679,6493.699902233668,Tupou Ma'afu-Afungia (Tonga),Lineout Attack,Green,947043,6,H,750,Tonga,56791,Tupou,Ma'afu-Afungia,2,8002
1975,6480.055118679,6493.699902233668,Siosiua Moala (Tonga),Lineout Attack,Green,947043,8,H,750,Tonga,65198,Siosiua,Moala,2,8002
1976,6481.194648526077,6493.365782312925,Warner Dearns (Japan),Lineout Defence,Green,947043,5,A,3000,Japan,40399,Warner,Dearns,2,8003
1977,6481.194648526077,6493.365782312925,Ryosuke Iwaihara (Japan),Lineout Defence,Yellow,947043,17,A,3000,Japan,23408,Ryosuke,Iwaihara,2,8003
1978,6481.194648526077,6493.365782312925,Keijiro Tamefusa (Japan),Lineout Defence,Yellow,947043,18,A,3000,Japan,61929,Keijiro,Tamefusa,2,8003
1979,6481.194648526077,6493.365782312925,Waisake Raratubua (Japan),Lineout Defence,Green,947043,19,A,3000,Japan,30796,Waisake,Raratubua,2,8003
1980,6481.194648526077,6493.365782312925,Tiennan Costley (Japan),Lineout Defence,Green,947043,20,A,3000,Japan,58972,Tiennan,Costley,2,8003
1981,6481.194648526077,6493.365782312925,Faulua Makisi (Japan),Lineout Defence,Yellow,947043,21,A,3000,Japan,23417,Faulua,Makisi,2,8003
1982,6487.154373683,6493.699902233668,Tevita Ahokovi (Tonga),Lineout Attack,Green,947043,20,H,750,Tonga,65185,Tevita,Ahokovi,2,8009
1983,6488.072730284,6493.072730284,Ben Gunter (Japan),Tackle,Green,947043,6,A,3000,Japan,26283,Ben,Gunter,2,8009
1984,6488.569495004,6493.569495004,Kenji Sato (Japan),Tackle,Yellow,947043,16,A,3000,Japan,61722,Kenji,Sato,2,8009
