ID,start_timestamp,end_timestamp,PlayerName (Team),next_action_type,next_action_result,FXID,ShirtNumber,HomeAway,FxTID,TeamName,PlayerID,PlayerFirstName,PlayerLastName,Period,MatchTime
1,8.698489370995693,19.599922724031178,Mason Flesch (Canada),Carry,Green,947039,5,A,953,Canada,38465,Mason,Flesch,1,7
2,10.398209700263925,25.799960336285988,Josiah Morra (Canada),Ruck,Green,947039,14,A,953,Canada,27284,Josiah,Morra,1,8
3,11.598116477672177,23.699959228899743,Sion Parry (Canada),Ruck,Green,947039,6,A,953,Canada,59972,Sion,Parry,1,10
4,11.898633741357806,25.799960336285988,Cole Keith (Canada),Ruck,Green,947039,3,A,953,Canada,27410,Cole,Keith,1,10
5,15.328402473,20.328402473,Hayate Era (Japan),Tackle,Green,947039,2,H,3000,Japan,61955,Hayate,Era,1,13
6,18.098527836068182,38.30002104408051,Piers Von Dadelszen (Canada),Carry,Green,947039,4,A,953,Canada,58473,Piers,Von Dadelszen,1,16
7,19.098325061369405,39.7000631332207,Dewald Kotze (Canada),Ruck,Green,947039,2,A,953,Canada,38836,Dewald,Kotze,1,17
8,20.198977186594934,39.7000631332207,Calixto Martinez (Canada),Ruck,Green,947039,1,A,953,Canada,58656,Calixto,Martinez,1,18
9,21.98983562,29.023340671,Sena Kimura (Japan),Tackle,Green,947039,1,H,3000,Japan,58073,Sena,Kimura,1,22
10,22.597436853967636,39.7000631332207,Lucas Rumball (Canada),Ruck,Green,947039,7,A,953,Canada,25183,Lucas,Rumball,1,22
11,23.98550321035021,34.540840002,Waisake Raratubua (Japan),Tackle,Green,947039,4,H,3000,Japan,30796,Waisake,Raratubua,1,22
12,24.29837052008172,39.7000631332207,Cole Keith (Canada),Ruck,Green,947039,3,A,953,Canada,27410,Cole,Keith,1,22
13,27.502639791999997,39.699871645901695,Jason Higgins (Canada),Kick Chase,Green,947039,9,A,953,Canada,38159,Jason,Higgins,1,22
14,27.502639791999997,39.699871645901695,Matt Oworu (Canada),Kick Chase,Green,947039,8,A,953,Canada,39953,Matt,Oworu,1,22
15,27.502639791999997,39.699871645901695,Lucas Rumball (Canada),Kick Chase,Green,947039,7,A,953,Canada,25183,Lucas,Rumball,1,22
16,27.502639791999997,39.699871645901695,Sion Parry (Canada),Kick Chase,Green,947039,6,A,953,Canada,59972,Sion,Parry,1,22
17,27.502639791999997,39.699871645901695,Mason Flesch (Canada),Kick Chase,Green,947039,5,A,953,Canada,38465,Mason,Flesch,1,22
18,27.502639791999997,39.699871645901695,Piers Von Dadelszen (Canada),Kick Chase,Green,947039,4,A,953,Canada,58473,Piers,Von Dadelszen,1,22
19,27.502639791999997,39.699871645901695,Cole Keith (Canada),Kick Chase,Green,947039,3,A,953,Canada,27410,Cole,Keith,1,22
20,27.502639791999997,39.699871645901695,Dewald Kotze (Canada),Kick Chase,Green,947039,2,A,953,Canada,38836,Dewald,Kotze,1,22
21,27.502639791999997,39.699871645901695,Josiah Morra (Canada),Kick Chase,Green,947039,14,A,953,Canada,27284,Josiah,Morra,1,22
22,27.502639791999997,39.699871645901695,Ben LeSage (Canada),Kick Chase,Green,947039,13,A,953,Canada,25195,Ben,LeSage,1,22
23,27.502639791999997,39.699871645901695,Spencer Jones (Canada),Kick Chase,Green,947039,12,A,953,Canada,38161,Spencer,Jones,1,22
24,27.502639791999997,39.699871645901695,Nic Benn (Canada),Kick Chase,Green,947039,11,A,953,Canada,38501,Nic,Benn,1,22
25,27.502639791999997,39.699871645901695,Calixto Martinez (Canada),Kick Chase,Green,947039,1,A,953,Canada,58656,Calixto,Martinez,1,22
26,27.575419501133787,41.40018288766059,Sena Kimura (Japan),Kick Retreat,Green,947039,1,H,3000,Japan,58073,Sena,Kimura,1,22
27,27.575419501133787,41.40018288766059,Hayate Era (Japan),Kick Retreat,Green,947039,2,H,3000,Japan,61955,Hayate,Era,1,22
28,27.575419501133787,41.40018288766059,Shuhei Takeuchi (Japan),Kick Retreat,Green,947039,3,H,3000,Japan,37874,Shuhei,Takeuchi,1,22
29,27.575419501133787,41.40018288766059,Waisake Raratubua (Japan),Kick Retreat,Green,947039,4,H,3000,Japan,30796,Waisake,Raratubua,1,22
30,27.575419501133787,41.40018288766059,Warner Dearns (Japan),Kick Retreat,Green,947039,5,H,3000,Japan,40399,Warner,Dearns,1,22
31,27.575419501133787,41.40018288766059,Ben Gunter (Japan),Kick Retreat,Green,947039,6,H,3000,Japan,26283,Ben,Gunter,1,22
32,27.575419501133787,41.40018288766059,Kanji Shimokawa (Japan),Kick Retreat,Green,947039,7,H,3000,Japan,30962,Kanji,Shimokawa,1,22
33,27.575419501133787,41.40018288766059,Amato Fakatava (Japan),Kick Retreat,Green,947039,8,H,3000,Japan,36500,Amato,Fakatava,1,22
34,27.575419501133787,41.40018288766059,Charlie Lawrence (Japan),Kick Retreat,Green,947039,12,H,3000,Japan,32522,Charlie,Lawrence,1,22
35,27.575419501133787,41.40018288766059,Malo Tuitama (Japan),Kick Retreat,Green,947039,11,H,3000,Japan,23585,Malo,Tuitama,1,22
36,27.575419501133787,41.40018288766059,Dylan Riley (Japan),Kick Retreat,Green,947039,13,H,3000,Japan,27652,Dylan,Riley,1,22
37,27.575419501133787,41.40018288766059,Kippei Ishida (Japan),Kick Retreat,Green,947039,14,H,3000,Japan,34036,Kippei,Ishida,1,22
38,27.628027210884355,32.628027210884355,Warner Dearns (Japan),Charge Down,Green,947039,5,H,3000,Japan,40399,Warner,Dearns,1,22
39,28.09915631498893,41.40018288766059,Shinobu Fujiwara (Japan),Kick Retreat,Green,947039,9,H,3000,Japan,30969,Shinobu,Fujiwara,1,22
40,28.299189736678684,39.7000631332207,Mason Flesch (Canada),Ruck,Green,947039,5,A,953,Canada,38465,Mason,Flesch,1,22
41,51.707766535,63.00000658532768,Sion Parry (Canada),Lineout Defence,Green,947039,6,A,953,Canada,59972,Sion,Parry,1,49
42,51.707766535,63.00000658532768,Mason Flesch (Canada),Lineout Defence,Green,947039,5,A,953,Canada,38465,Mason,Flesch,1,49
43,51.707766535,63.00000658532768,Piers Von Dadelszen (Canada),Lineout Defence,Green,947039,4,A,953,Canada,58473,Piers,Von Dadelszen,1,49
44,51.707766535,63.00000658532768,Cole Keith (Canada),Lineout Defence,Green,947039,3,A,953,Canada,27410,Cole,Keith,1,49
45,51.707766535,63.00000658532768,Calixto Martinez (Canada),Lineout Defence,Green,947039,1,A,953,Canada,58656,Calixto,Martinez,1,49
46,52.700186116,66.199922774,Sena Kimura (Japan),Lineout Attack,Green,947039,1,H,3000,Japan,58073,Sena,Kimura,1,50
47,52.700186116,66.199922774,Shuhei Takeuchi (Japan),Lineout Attack,Green,947039,3,H,3000,Japan,37874,Shuhei,Takeuchi,1,50
48,52.700186116,66.199922774,Waisake Raratubua (Japan),Lineout Attack,Green,947039,4,H,3000,Japan,30796,Waisake,Raratubua,1,50
49,52.700186116,66.199922774,Warner Dearns (Japan),Lineout Attack,Green,947039,5,H,3000,Japan,40399,Warner,Dearns,1,50
50,52.700186116,66.199922774,Kanji Shimokawa (Japan),Lineout Attack,Green,947039,7,H,3000,Japan,30962,Kanji,Shimokawa,1,50
51,53.39978480068281,66.199922774,Hayate Era (Japan),Lineout Attack,Green,947039,2,H,3000,Japan,61955,Hayate,Era,1,52
52,60.79844641292115,74.00001222287774,Shane O'Leary (Canada),Tackle,Green,947039,15,A,953,Canada,21278,Shane,O'Leary,1,59
53,64.39876590174681,73.09979266144137,Mason Flesch (Canada),Linebreak Defence,Red,947039,5,A,953,Canada,38465,Mason,Flesch,1,103
54,64.39876590174681,73.09979266144137,Mason Flesch (Canada),Phase Defence,Red,947039,5,A,953,Canada,38465,Mason,Flesch,1,103
55,64.78936507936508,73.09979266144137,Matt Oworu (Canada),Linebreak Defence,Red,947039,8,A,953,Canada,39953,Matt,Oworu,1,100
56,64.78936507936508,73.09979266144137,Matt Oworu (Canada),Phase Defence,Red,947039,8,A,953,Canada,39953,Matt,Oworu,1,100
57,64.78936507936508,73.09979266144137,Lucas Rumball (Canada),Linebreak Defence,Red,947039,7,A,953,Canada,25183,Lucas,Rumball,1,100
58,64.78936507936508,73.09979266144137,Lucas Rumball (Canada),Phase Defence,Red,947039,7,A,953,Canada,25183,Lucas,Rumball,1,100
59,64.78936507936508,73.09979266144137,Sion Parry (Canada),Linebreak Defence,Red,947039,6,A,953,Canada,59972,Sion,Parry,1,100
60,64.78936507936508,73.09979266144137,Sion Parry (Canada),Phase Defence,Red,947039,6,A,953,Canada,59972,Sion,Parry,1,100
61,64.78936507936508,73.09979266144137,Cole Keith (Canada),Linebreak Defence,Red,947039,3,A,953,Canada,27410,Cole,Keith,1,100
62,64.78936507936508,73.09979266144137,Cole Keith (Canada),Phase Defence,Red,947039,3,A,953,Canada,27410,Cole,Keith,1,100
63,64.78936507936508,73.09979266144137,Dewald Kotze (Canada),Linebreak Defence,Red,947039,2,A,953,Canada,38836,Dewald,Kotze,1,100
64,64.78936507936508,73.09979266144137,Dewald Kotze (Canada),Phase Defence,Red,947039,2,A,953,Canada,38836,Dewald,Kotze,1,100
65,64.78936507936508,73.09979266144137,Calixto Martinez (Canada),Linebreak Defence,Red,947039,1,A,953,Canada,58656,Calixto,Martinez,1,100
66,64.78936507936508,73.09979266144137,Calixto Martinez (Canada),Phase Defence,Red,947039,1,A,953,Canada,58656,Calixto,Martinez,1,100
67,65.79876006606544,73.09979266144137,Piers Von Dadelszen (Canada),Linebreak Defence,Red,947039,4,A,953,Canada,58473,Piers,Von Dadelszen,1,104
68,65.79876006606544,73.09979266144137,Piers Von Dadelszen (Canada),Phase Defence,Red,947039,4,A,953,Canada,58473,Piers,Von Dadelszen,1,104
69,67.145671929,79.522097501,Kippei Ishida (Japan),Ruck,Red,947039,14,H,3000,Japan,34036,Kippei,Ishida,1,106
70,67.36403628117914,78.96961451247165,Amato Fakatava (Japan),Ruck,Red,947039,8,H,3000,Japan,36500,Amato,Fakatava,1,106
71,69.15825396825397,75.279019201,Charlie Lawrence (Japan),Ruck,Green,947039,12,H,3000,Japan,32522,Charlie,Lawrence,1,107
72,69.49799071023699,80.10004654792903,Lucas Rumball (Canada),Tackle,Green,947039,7,A,953,Canada,25183,Lucas,Rumball,1,109
73,69.89878160630938,80.00000868927958,Spencer Jones (Canada),Tackle,Red,947039,12,A,953,Canada,38161,Spencer,Jones,1,109
74,72.145671929,72.757140429,Malo Tuitama (Japan),Carry,Green,947039,11,H,3000,Japan,23585,Malo,Tuitama,1,111
75,72.461922411,77.461922411,Hayate Era (Japan),Ruck,Green,947039,2,H,3000,Japan,61955,Hayate,Era,1,111
76,74.648762556,81.053540746,Shuhei Takeuchi (Japan),Ruck,Green,947039,3,H,3000,Japan,37874,Shuhei,Takeuchi,1,113
77,76.19848373452325,90.60000429872792,Piers Von Dadelszen (Canada),Tackle,Green,947039,4,A,953,Canada,58473,Piers,Von Dadelszen,1,114
78,76.298368765459,88.90004243585167,Sion Parry (Canada),Tackle,Green,947039,6,A,953,Canada,59972,Sion,Parry,1,114
79,76.580905237,83.400735845,Ben Gunter (Japan),Carry,Green,947039,6,H,3000,Japan,26283,Ben,Gunter,1,114
80,78.19875805723117,86.3000536409074,Calixto Martinez (Canada),Phase Defence,Red,947039,1,A,953,Canada,58656,Calixto,Martinez,1,116
81,79.38253990001188,85.69673394032817,Sena Kimura (Japan),Ruck,Green,947039,1,H,3000,Japan,58073,Sena,Kimura,1,118
82,80.309619533,86.92470764,Warner Dearns (Japan),Ruck,Green,947039,5,H,3000,Japan,40399,Warner,Dearns,1,120
83,81.250016477,90.277446735,Dylan Riley (Japan),Carry,Green,947039,13,H,3000,Japan,27652,Dylan,Riley,1,120
84,81.2982509921791,90.3999368673565,Nic Benn (Canada),Tackle,Green,947039,11,A,953,Canada,38501,Nic,Benn,1,120
85,84.477292086,90.9602818,Sam Greene (Japan),Carry,Green,947039,15,H,3000,Japan,22606,Sam,Greene,1,123
86,85.09862025986268,93.20000230176838,Jason Higgins (Canada),Tackle,Green,947039,9,A,953,Canada,38159,Jason,Higgins,1,123
87,85.39841515081729,99.19998234633208,Mason Flesch (Canada),Tackle,Yellow,947039,5,A,953,Canada,38465,Mason,Flesch,1,123
88,86.99848144276407,99.19998234633208,Calixto Martinez (Canada),Tackle,Yellow,947039,1,A,953,Canada,58656,Calixto,Martinez,1,125
89,90.754604153,98.258098652,Waisake Raratubua (Japan),Ruck,Red,947039,4,H,3000,Japan,30796,Waisake,Raratubua,1,128
90,90.76832199546486,97.613362261,Charlie Lawrence (Japan),Ruck,Green,947039,12,H,3000,Japan,32522,Charlie,Lawrence,1,128
91,92.613362261,98.802951057,Kanji Shimokawa (Japan),Carry,Green,947039,7,H,3000,Japan,30962,Kanji,Shimokawa,1,130
92,93.8987354602754,105.19994582960848,Matt Oworu (Canada),Tackle,Red,947039,8,A,953,Canada,39953,Matt,Oworu,1,130
93,94.09870663291838,105.2000643410244,Matt Oworu (Canada),Kick Retreat,Red,947039,8,A,953,Canada,39953,Matt,Oworu,1,130
94,94.77994535834895,102.39897398531188,Sena Kimura (Japan),Kick Chase,Green,947039,1,H,3000,Japan,58073,Sena,Kimura,1,135
95,94.8989913411124,105.2000643410244,Dewald Kotze (Canada),Kick Retreat,Red,947039,2,A,953,Canada,38836,Dewald,Kotze,1,135
96,95.150187328,108.10012045056467,Jason Higgins (Canada),Kick Retreat,Green,947039,9,A,953,Canada,38159,Jason,Higgins,1,135
97,95.150187328,108.10012045056467,Lucas Rumball (Canada),Kick Retreat,Green,947039,7,A,953,Canada,25183,Lucas,Rumball,1,135
98,95.150187328,108.10012045056467,Sion Parry (Canada),Kick Retreat,Green,947039,6,A,953,Canada,59972,Sion,Parry,1,135
99,95.150187328,108.10012045056467,Mason Flesch (Canada),Kick Retreat,Green,947039,5,A,953,Canada,38465,Mason,Flesch,1,135
100,95.150187328,108.10012045056467,Piers Von Dadelszen (Canada),Kick Retreat,Green,947039,4,A,953,Canada,58473,Piers,Von Dadelszen,1,135
101,95.150187328,108.10012045056467,Cole Keith (Canada),Kick Retreat,Green,947039,3,A,953,Canada,27410,Cole,Keith,1,135
102,95.150187328,108.10012045056467,Shane O'Leary (Canada),Kick Retreat,Green,947039,15,A,953,Canada,21278,Shane,O'Leary,1,135
103,95.150187328,108.10012045056467,Josiah Morra (Canada),Kick Retreat,Green,947039,14,A,953,Canada,27284,Josiah,Morra,1,135
104,95.150187328,108.10012045056467,Ben LeSage (Canada),Kick Retreat,Green,947039,13,A,953,Canada,25195,Ben,LeSage,1,135
105,95.150187328,108.10012045056467,Spencer Jones (Canada),Kick Retreat,Green,947039,12,A,953,Canada,38161,Spencer,Jones,1,135
106,95.150187328,108.10012045056467,Nic Benn (Canada),Kick Retreat,Green,947039,11,A,953,Canada,38501,Nic,Benn,1,135
107,95.150187328,108.10012045056467,Peter Nelson (Canada),Kick Retreat,Green,947039,10,A,953,Canada,19391,Peter,Nelson,1,135
108,95.150187328,108.10012045056467,Calixto Martinez (Canada),Kick Retreat,Green,947039,1,A,953,Canada,58656,Calixto,Martinez,1,135
109,95.6027664399093,105.569862265,Sam Greene (Japan),Kick Chase,Green,947039,15,H,3000,Japan,22606,Sam,Greene,1,135
110,96.135936307,105.569862265,Ben Gunter (Japan),Kick Chase,Green,947039,6,H,3000,Japan,26283,Ben,Gunter,1,135
111,96.37857578133898,103.59866207463466,Shinobu Fujiwara (Japan),Kick Chase,Green,947039,9,H,3000,Japan,30969,Shinobu,Fujiwara,1,135
112,96.481528666,105.569862265,Malo Tuitama (Japan),Kick Chase,Green,947039,11,H,3000,Japan,23585,Malo,Tuitama,1,135
113,96.759639604,105.569862265,Kippei Ishida (Japan),Kick Chase,Green,947039,14,H,3000,Japan,34036,Kippei,Ishida,1,135
114,97.2661224489796,103.39744323967832,Waisake Raratubua (Japan),Kick Chase,Yellow,947039,4,H,3000,Japan,30796,Waisake,Raratubua,1,135
115,97.2661224489796,104.09877315633028,Charlie Lawrence (Japan),Kick Chase,Yellow,947039,12,H,3000,Japan,32522,Charlie,Lawrence,1,135
116,97.579720355,105.569862265,Kanji Shimokawa (Japan),Kick Chase,Green,947039,7,H,3000,Japan,30962,Kanji,Shimokawa,1,135
117,98.18109107700272,103.939167119,Warner Dearns (Japan),Kick Chase,Yellow,947039,5,H,3000,Japan,40399,Warner,Dearns,1,135
118,98.498732987,103.498732987,Amato Fakatava (Japan),Kick Chase,Yellow,947039,8,H,3000,Japan,36500,Amato,Fakatava,1,135
119,98.500828246,104.123451127,Seungsin Lee (Japan),Carry,Red,947039,10,H,3000,Japan,37841,Seungsin,Lee,1,135
120,98.639378199,105.569862265,Hayate Era (Japan),Kick Chase,Green,947039,2,H,3000,Japan,61955,Hayate,Era,1,135
121,147.73362811791384,157.434195709,Sena Kimura (Japan),Scrum Attack,Green,947039,1,H,3000,Japan,58073,Sena,Kimura,1,226
122,147.73362811791384,157.434195709,Hayate Era (Japan),Scrum Attack,Green,947039,2,H,3000,Japan,61955,Hayate,Era,1,226
123,147.73362811791384,157.434195709,Shuhei Takeuchi (Japan),Scrum Attack,Green,947039,3,H,3000,Japan,37874,Shuhei,Takeuchi,1,226
124,147.73362811791384,157.434195709,Waisake Raratubua (Japan),Scrum Attack,Green,947039,4,H,3000,Japan,30796,Waisake,Raratubua,1,226
125,147.73362811791384,157.434195709,Warner Dearns (Japan),Scrum Attack,Green,947039,5,H,3000,Japan,40399,Warner,Dearns,1,226
126,147.73362811791384,157.434195709,Ben Gunter (Japan),Scrum Attack,Green,947039,6,H,3000,Japan,26283,Ben,Gunter,1,226
127,147.73362811791384,157.434195709,Kanji Shimokawa (Japan),Scrum Attack,Green,947039,7,H,3000,Japan,30962,Kanji,Shimokawa,1,226
128,148.0993964963258,157.434195709,Amato Fakatava (Japan),Scrum Attack,Green,947039,8,H,3000,Japan,36500,Amato,Fakatava,1,226
129,241.89842721269991,266.99992864731723,Nic Benn (Canada),Tackle,Green,947039,11,A,953,Canada,38501,Nic,Benn,1,359
130,247.60843587,253.604235501,Hayate Era (Japan),Ruck,Yellow,947039,2,H,3000,Japan,61955,Hayate,Era,1,407
131,248.867657297,253.867657297,Sena Kimura (Japan),Ruck,Green,947039,1,H,3000,Japan,58073,Sena,Kimura,1,407
132,248.8982558109854,272.5000570160412,Calixto Martinez (Canada),Tackle,Green,947039,1,A,953,Canada,58656,Calixto,Martinez,1,407
133,248.930052395,253.930052395,Malo Tuitama (Japan),Ruck,Green,947039,11,H,3000,Japan,23585,Malo,Tuitama,1,407
134,248.98246026065956,259.900946344659,Waisake Raratubua (Japan),Carry,Green,947039,4,H,3000,Japan,30796,Waisake,Raratubua,1,407
135,249.49788056167856,272.5000570160412,Cole Keith (Canada),Tackle,Green,947039,3,A,953,Canada,27410,Cole,Keith,1,407
136,250.979032379,255.979032379,Kanji Shimokawa (Japan),Carry,Green,947039,7,H,3000,Japan,30962,Kanji,Shimokawa,1,407
137,252.9985308409673,271.4000531570324,Cole Keith (Canada),Jackler,Green,947039,3,A,953,Canada,27410,Cole,Keith,1,413
138,253.6745804988662,258.6745804988662,Hayate Era (Japan),Ruck,Green,947039,2,H,3000,Japan,61955,Hayate,Era,1,413
139,255.59855484100177,271.1889113,Sena Kimura (Japan),Kick Chase,Green,947039,1,H,3000,Japan,58073,Sena,Kimura,1,413
140,255.59953463734576,263.4987689703171,Shuhei Takeuchi (Japan),Ruck,Green,947039,3,H,3000,Japan,37874,Shuhei,Takeuchi,1,413
141,255.99684075632192,271.1889113,Hayate Era (Japan),Kick Chase,Green,947039,2,H,3000,Japan,61955,Hayate,Era,1,413
142,256.29975075699997,271.1889113,Shuhei Takeuchi (Japan),Kick Chase,Green,947039,3,H,3000,Japan,37874,Shuhei,Takeuchi,1,413
143,256.69898672067063,264.19927442765095,Amato Fakatava (Japan),Ruck,Green,947039,8,H,3000,Japan,36500,Amato,Fakatava,1,413
144,257.09636638199123,271.1889113,Warner Dearns (Japan),Kick Chase,Green,947039,5,H,3000,Japan,40399,Warner,Dearns,1,413
145,257.59802029935236,271.1889113,Ben Gunter (Japan),Kick Chase,Green,947039,6,H,3000,Japan,26283,Ben,Gunter,1,414
146,257.8995276326513,271.1889113,Kanji Shimokawa (Japan),Kick Chase,Green,947039,7,H,3000,Japan,30962,Kanji,Shimokawa,1,414
147,258.015487765,270.6997468498432,Jason Higgins (Canada),Kick Retreat,Green,947039,9,A,953,Canada,38159,Jason,Higgins,1,414
148,258.015487765,270.6997468498432,Matt Oworu (Canada),Kick Retreat,Green,947039,8,A,953,Canada,39953,Matt,Oworu,1,414
149,258.015487765,270.6997468498432,Lucas Rumball (Canada),Kick Retreat,Green,947039,7,A,953,Canada,25183,Lucas,Rumball,1,414
150,258.015487765,270.6997468498432,Sion Parry (Canada),Kick Retreat,Green,947039,6,A,953,Canada,59972,Sion,Parry,1,414
151,258.015487765,270.6997468498432,Mason Flesch (Canada),Kick Retreat,Green,947039,5,A,953,Canada,38465,Mason,Flesch,1,414
152,258.015487765,270.6997468498432,Piers Von Dadelszen (Canada),Kick Retreat,Green,947039,4,A,953,Canada,58473,Piers,Von Dadelszen,1,414
153,258.015487765,270.6997468498432,Cole Keith (Canada),Kick Retreat,Green,947039,3,A,953,Canada,27410,Cole,Keith,1,414
154,258.015487765,270.6997468498432,Dewald Kotze (Canada),Kick Retreat,Green,947039,2,A,953,Canada,38836,Dewald,Kotze,1,414
155,258.015487765,270.6997468498432,Josiah Morra (Canada),Kick Retreat,Green,947039,14,A,953,Canada,27284,Josiah,Morra,1,414
156,258.015487765,270.6997468498432,Ben LeSage (Canada),Kick Retreat,Green,947039,13,A,953,Canada,25195,Ben,LeSage,1,414
157,258.015487765,270.6997468498432,Spencer Jones (Canada),Kick Retreat,Green,947039,12,A,953,Canada,38161,Spencer,Jones,1,414
158,258.015487765,270.6997468498432,Nic Benn (Canada),Kick Retreat,Green,947039,11,A,953,Canada,38501,Nic,Benn,1,414
159,258.015487765,270.6997468498432,Calixto Martinez (Canada),Kick Retreat,Green,947039,1,A,953,Canada,58656,Calixto,Martinez,1,414
160,258.1979753442082,269.4000418085307,Mason Flesch (Canada),Charge Down,Green,947039,5,A,953,Canada,38465,Mason,Flesch,1,414
161,258.3998947579992,271.1889113,Amato Fakatava (Japan),Kick Chase,Green,947039,8,H,3000,Japan,36500,Amato,Fakatava,1,414
162,258.836643424,271.1889113,Charlie Lawrence (Japan),Kick Chase,Green,947039,12,H,3000,Japan,32522,Charlie,Lawrence,1,414
163,258.836643424,271.1889113,Malo Tuitama (Japan),Kick Chase,Green,947039,11,H,3000,Japan,23585,Malo,Tuitama,1,414
164,258.836643424,271.1889113,Dylan Riley (Japan),Kick Chase,Green,947039,13,H,3000,Japan,27652,Dylan,Riley,1,414
165,258.836643424,271.1889113,Kippei Ishida (Japan),Kick Chase,Green,947039,14,H,3000,Japan,34036,Kippei,Ishida,1,414
166,264.573180346,280.09994554928716,Jason Higgins (Canada),Kick Chase,Green,947039,9,A,953,Canada,38159,Jason,Higgins,1,419
167,264.573180346,280.09994554928716,Matt Oworu (Canada),Kick Chase,Green,947039,8,A,953,Canada,39953,Matt,Oworu,1,419
168,264.573180346,280.09994554928716,Lucas Rumball (Canada),Kick Chase,Green,947039,7,A,953,Canada,25183,Lucas,Rumball,1,419
169,264.573180346,280.09994554928716,Sion Parry (Canada),Kick Chase,Green,947039,6,A,953,Canada,59972,Sion,Parry,1,419
170,264.573180346,280.09994554928716,Mason Flesch (Canada),Kick Chase,Green,947039,5,A,953,Canada,38465,Mason,Flesch,1,419
171,264.573180346,280.09994554928716,Piers Von Dadelszen (Canada),Kick Chase,Green,947039,4,A,953,Canada,58473,Piers,Von Dadelszen,1,419
172,264.573180346,280.09994554928716,Cole Keith (Canada),Kick Chase,Green,947039,3,A,953,Canada,27410,Cole,Keith,1,419
173,264.573180346,280.09994554928716,Dewald Kotze (Canada),Kick Chase,Green,947039,2,A,953,Canada,38836,Dewald,Kotze,1,419
174,264.573180346,280.09994554928716,Shane O'Leary (Canada),Kick Chase,Green,947039,15,A,953,Canada,21278,Shane,O'Leary,1,419
175,264.573180346,280.09994554928716,Josiah Morra (Canada),Kick Chase,Green,947039,14,A,953,Canada,27284,Josiah,Morra,1,419
176,264.573180346,280.09994554928716,Ben LeSage (Canada),Kick Chase,Green,947039,13,A,953,Canada,25195,Ben,LeSage,1,419
177,264.573180346,280.09994554928716,Spencer Jones (Canada),Kick Chase,Green,947039,12,A,953,Canada,38161,Spencer,Jones,1,419
178,264.929392523,278.50029567370507,Calixto Martinez (Canada),Kick Chase,Yellow,947039,1,A,953,Canada,58656,Calixto,Martinez,1,426
179,265.7213605442177,282.96305157,Sena Kimura (Japan),Kick Retreat,Green,947039,1,H,3000,Japan,58073,Sena,Kimura,1,426
180,265.7213605442177,282.96305157,Hayate Era (Japan),Kick Retreat,Green,947039,2,H,3000,Japan,61955,Hayate,Era,1,426
181,265.7213605442177,282.96305157,Shuhei Takeuchi (Japan),Kick Retreat,Green,947039,3,H,3000,Japan,37874,Shuhei,Takeuchi,1,426
182,265.7213605442177,282.96305157,Warner Dearns (Japan),Kick Retreat,Green,947039,5,H,3000,Japan,40399,Warner,Dearns,1,426
183,265.7213605442177,282.96305157,Ben Gunter (Japan),Kick Retreat,Green,947039,6,H,3000,Japan,26283,Ben,Gunter,1,426
184,265.7213605442177,282.96305157,Kanji Shimokawa (Japan),Kick Retreat,Green,947039,7,H,3000,Japan,30962,Kanji,Shimokawa,1,426
185,265.7213605442177,282.96305157,Amato Fakatava (Japan),Kick Retreat,Green,947039,8,H,3000,Japan,36500,Amato,Fakatava,1,426
186,265.84499071,282.96305157,Charlie Lawrence (Japan),Kick Retreat,Green,947039,12,H,3000,Japan,32522,Charlie,Lawrence,1,426
187,265.84499071,282.96305157,Malo Tuitama (Japan),Kick Retreat,Green,947039,11,H,3000,Japan,23585,Malo,Tuitama,1,426
188,265.84499071,282.96305157,Dylan Riley (Japan),Kick Retreat,Green,947039,13,H,3000,Japan,27652,Dylan,Riley,1,426
189,265.84499071,282.96305157,Kippei Ishida (Japan),Kick Retreat,Green,947039,14,H,3000,Japan,34036,Kippei,Ishida,1,426
190,269.9986096475418,281.4000459900088,Shane O'Leary (Canada),Tackle,Green,947039,15,A,953,Canada,21278,Shane,O'Leary,1,428
191,271.4990471846123,282.2999757686999,Ben LeSage (Canada),Tackle,Green,947039,13,A,953,Canada,25195,Ben,LeSage,1,430
192,273.39913759761754,288.00003593517096,Josiah Morra (Canada),Jackler,Green,947039,14,A,953,Canada,27284,Josiah,Morra,1,432
193,278.0674603174603,285.679997458,Amato Fakatava (Japan),Ruck,Yellow,947039,8,H,3000,Japan,36500,Amato,Fakatava,1,436
194,279.120804426,284.120804426,Kanji Shimokawa (Japan),Ruck,Green,947039,7,H,3000,Japan,30962,Kanji,Shimokawa,1,438
195,279.229773854,285.316051656,Sena Kimura (Japan),Ruck,Green,947039,1,H,3000,Japan,58073,Sena,Kimura,1,438
196,280.389766586,285.389766586,Hayate Era (Japan),Ruck,Green,947039,2,H,3000,Japan,61955,Hayate,Era,1,438
197,281.97614512471654,307.15716553287984,Sena Kimura (Japan),Kick Chase,Red,947039,1,H,3000,Japan,58073,Sena,Kimura,1,438
198,281.97614512471654,307.15716553287984,Hayate Era (Japan),Kick Chase,Red,947039,2,H,3000,Japan,61955,Hayate,Era,1,438
199,281.97614512471654,307.15716553287984,Shuhei Takeuchi (Japan),Kick Chase,Red,947039,3,H,3000,Japan,37874,Shuhei,Takeuchi,1,438
200,281.97614512471654,307.15716553287984,Waisake Raratubua (Japan),Kick Chase,Red,947039,4,H,3000,Japan,30796,Waisake,Raratubua,1,438
201,281.97614512471654,307.15716553287984,Warner Dearns (Japan),Kick Chase,Red,947039,5,H,3000,Japan,40399,Warner,Dearns,1,438
202,281.97614512471654,307.15716553287984,Kanji Shimokawa (Japan),Kick Chase,Red,947039,7,H,3000,Japan,30962,Kanji,Shimokawa,1,438
203,281.97614512471654,307.15716553287984,Amato Fakatava (Japan),Kick Chase,Red,947039,8,H,3000,Japan,36500,Amato,Fakatava,1,438
204,282.359200601,287.359200601,Waisake Raratubua (Japan),Carry,Green,947039,4,H,3000,Japan,30796,Waisake,Raratubua,1,438
205,283.257853618,306.477553523,Ben Gunter (Japan),Kick Chase,Green,947039,6,H,3000,Japan,26283,Ben,Gunter,1,438
206,283.619084304,306.477553523,Charlie Lawrence (Japan),Kick Chase,Green,947039,12,H,3000,Japan,32522,Charlie,Lawrence,1,440
207,283.619084304,306.477553523,Malo Tuitama (Japan),Kick Chase,Green,947039,11,H,3000,Japan,23585,Malo,Tuitama,1,440
208,283.619084304,306.477553523,Dylan Riley (Japan),Kick Chase,Green,947039,13,H,3000,Japan,27652,Dylan,Riley,1,440
209,283.619084304,306.477553523,Kippei Ishida (Japan),Kick Chase,Green,947039,14,H,3000,Japan,34036,Kippei,Ishida,1,440
210,284.209114417,302.2998793949718,Jason Higgins (Canada),Kick Retreat,Green,947039,9,A,953,Canada,38159,Jason,Higgins,1,440
211,284.209114417,302.2998793949718,Lucas Rumball (Canada),Kick Retreat,Green,947039,7,A,953,Canada,25183,Lucas,Rumball,1,440
212,284.209114417,302.2998793949718,Sion Parry (Canada),Kick Retreat,Green,947039,6,A,953,Canada,59972,Sion,Parry,1,440
213,284.209114417,302.2998793949718,Piers Von Dadelszen (Canada),Kick Retreat,Green,947039,4,A,953,Canada,58473,Piers,Von Dadelszen,1,440
214,284.209114417,302.2998793949718,Dewald Kotze (Canada),Kick Retreat,Green,947039,2,A,953,Canada,38836,Dewald,Kotze,1,440
215,284.209114417,302.2998793949718,Shane O'Leary (Canada),Kick Retreat,Green,947039,15,A,953,Canada,21278,Shane,O'Leary,1,440
216,284.209114417,302.2998793949718,Josiah Morra (Canada),Kick Retreat,Green,947039,14,A,953,Canada,27284,Josiah,Morra,1,440
217,284.209114417,302.2998793949718,Ben LeSage (Canada),Kick Retreat,Green,947039,13,A,953,Canada,25195,Ben,LeSage,1,440
218,284.298650297065,296.10001875406687,Spencer Jones (Canada),Tackle,Green,947039,12,A,953,Canada,38161,Spencer,Jones,1,440
219,287.18131519274374,302.4929024943311,Shinobu Fujiwara (Japan),Kick Chase,Green,947039,9,H,3000,Japan,30969,Shinobu,Fujiwara,1,440
220,296.930210077,303.299859109957,Matt Oworu (Canada),Kick Retreat,Red,947039,8,A,953,Canada,39953,Matt,Oworu,1,455
221,296.930210077,303.299859109957,Mason Flesch (Canada),Kick Retreat,Red,947039,5,A,953,Canada,38465,Mason,Flesch,1,455
222,296.930210077,303.299859109957,Cole Keith (Canada),Kick Retreat,Red,947039,3,A,953,Canada,27410,Cole,Keith,1,455
223,296.930210077,303.299859109957,Spencer Jones (Canada),Kick Retreat,Red,947039,12,A,953,Canada,38161,Spencer,Jones,1,455
224,296.930210077,303.299859109957,Calixto Martinez (Canada),Kick Retreat,Red,947039,1,A,953,Canada,58656,Calixto,Martinez,1,455
225,344.153976305,356.2999442602154,Sion Parry (Canada),Lineout Attack,Green,947039,6,A,953,Canada,59972,Sion,Parry,1,543
226,344.153976305,356.2999442602154,Mason Flesch (Canada),Lineout Attack,Green,947039,5,A,953,Canada,38465,Mason,Flesch,1,543
227,344.153976305,356.2999442602154,Piers Von Dadelszen (Canada),Lineout Attack,Green,947039,4,A,953,Canada,58473,Piers,Von Dadelszen,1,543
228,344.153976305,356.2999442602154,Dewald Kotze (Canada),Lineout Attack,Green,947039,2,A,953,Canada,38836,Dewald,Kotze,1,543
229,344.153976305,356.2999442602154,Calixto Martinez (Canada),Lineout Attack,Green,947039,1,A,953,Canada,58656,Calixto,Martinez,1,543
230,346.93673469387755,360.265101307,Sena Kimura (Japan),Lineout Defence,Green,947039,1,H,3000,Japan,58073,Sena,Kimura,1,545
231,346.93673469387755,360.265101307,Shuhei Takeuchi (Japan),Lineout Defence,Green,947039,3,H,3000,Japan,37874,Shuhei,Takeuchi,1,545
232,346.93673469387755,360.265101307,Waisake Raratubua (Japan),Lineout Defence,Green,947039,4,H,3000,Japan,30796,Waisake,Raratubua,1,545
233,346.93673469387755,360.265101307,Warner Dearns (Japan),Lineout Defence,Green,947039,5,H,3000,Japan,40399,Warner,Dearns,1,545
234,351.99867506929047,368.9001125631895,Matt Oworu (Canada),Carry,Yellow,947039,8,A,953,Canada,39953,Matt,Oworu,1,550
235,352.09848108374746,367.39998909602394,Lucas Rumball (Canada),Ruck,Green,947039,7,A,953,Canada,25183,Lucas,Rumball,1,550
236,352.6971330116893,367.39998909602394,Cole Keith (Canada),Ruck,Green,947039,3,A,953,Canada,27410,Cole,Keith,1,552
237,354.69643966619276,368.40004182820826,Jason Higgins (Canada),Kick Chase,Yellow,947039,9,A,953,Canada,38159,Jason,Higgins,1,553
238,355.38076101732173,373.29863772632297,Warner Dearns (Japan),Charge Down,Gold,947039,5,H,3000,Japan,40399,Warner,Dearns,1,553
239,355.653918916,368.9000560719807,Matt Oworu (Canada),Kick Chase,Green,947039,8,A,953,Canada,39953,Matt,Oworu,1,553
240,355.653918916,368.9000560719807,Lucas Rumball (Canada),Kick Chase,Green,947039,7,A,953,Canada,25183,Lucas,Rumball,1,553
241,355.653918916,368.9000560719807,Sion Parry (Canada),Kick Chase,Green,947039,6,A,953,Canada,59972,Sion,Parry,1,553
242,355.653918916,368.9000560719807,Mason Flesch (Canada),Kick Chase,Green,947039,5,A,953,Canada,38465,Mason,Flesch,1,553
243,355.653918916,368.9000560719807,Piers Von Dadelszen (Canada),Kick Chase,Green,947039,4,A,953,Canada,58473,Piers,Von Dadelszen,1,553
244,355.653918916,368.9000560719807,Cole Keith (Canada),Kick Chase,Green,947039,3,A,953,Canada,27410,Cole,Keith,1,553
245,355.653918916,368.9000560719807,Dewald Kotze (Canada),Kick Chase,Green,947039,2,A,953,Canada,38836,Dewald,Kotze,1,553
246,355.653918916,368.9000560719807,Josiah Morra (Canada),Kick Chase,Green,947039,14,A,953,Canada,27284,Josiah,Morra,1,553
247,355.653918916,368.9000560719807,Ben LeSage (Canada),Kick Chase,Green,947039,13,A,953,Canada,25195,Ben,LeSage,1,553
248,355.653918916,368.9000560719807,Spencer Jones (Canada),Kick Chase,Green,947039,12,A,953,Canada,38161,Spencer,Jones,1,553
249,355.653918916,368.9000560719807,Nic Benn (Canada),Kick Chase,Green,947039,11,A,953,Canada,38501,Nic,Benn,1,553
250,355.653918916,368.9000560719807,Calixto Martinez (Canada),Kick Chase,Green,947039,1,A,953,Canada,58656,Calixto,Martinez,1,553
251,378.133025698,392.9999586962703,Matt Oworu (Canada),Lineout Defence,Green,947039,8,A,953,Canada,39953,Matt,Oworu,1,615
252,378.133025698,392.9999586962703,Lucas Rumball (Canada),Lineout Defence,Green,947039,7,A,953,Canada,25183,Lucas,Rumball,1,615
253,378.133025698,392.9999586962703,Mason Flesch (Canada),Lineout Defence,Green,947039,5,A,953,Canada,38465,Mason,Flesch,1,615
254,378.133025698,392.9999586962703,Piers Von Dadelszen (Canada),Lineout Defence,Green,947039,4,A,953,Canada,58473,Piers,Von Dadelszen,1,615
255,378.133025698,392.9999586962703,Cole Keith (Canada),Lineout Defence,Green,947039,3,A,953,Canada,27410,Cole,Keith,1,615
256,378.133025698,392.9999586962703,Calixto Martinez (Canada),Lineout Defence,Green,947039,1,A,953,Canada,58656,Calixto,Martinez,1,615
257,379.7109977324263,392.062807271,Sena Kimura (Japan),Lineout Attack,Green,947039,1,H,3000,Japan,58073,Sena,Kimura,1,618
258,379.7109977324263,392.062807271,Hayate Era (Japan),Lineout Attack,Green,947039,2,H,3000,Japan,61955,Hayate,Era,1,618
259,379.7109977324263,392.062807271,Shuhei Takeuchi (Japan),Lineout Attack,Green,947039,3,H,3000,Japan,37874,Shuhei,Takeuchi,1,618
260,379.7109977324263,392.062807271,Waisake Raratubua (Japan),Lineout Attack,Green,947039,4,H,3000,Japan,30796,Waisake,Raratubua,1,618
261,379.7109977324263,392.062807271,Warner Dearns (Japan),Lineout Attack,Green,947039,5,H,3000,Japan,40399,Warner,Dearns,1,618
262,379.7109977324263,392.062807271,Ben Gunter (Japan),Lineout Attack,Green,947039,6,H,3000,Japan,26283,Ben,Gunter,1,618
263,379.7109977324263,392.062807271,Kanji Shimokawa (Japan),Lineout Attack,Green,947039,7,H,3000,Japan,30962,Kanji,Shimokawa,1,618
264,379.7109977324263,392.062807271,Amato Fakatava (Japan),Lineout Attack,Green,947039,8,H,3000,Japan,36500,Amato,Fakatava,1,618
265,382.1980240816818,392.9999586962703,Sion Parry (Canada),Lineout Defence,Green,947039,6,A,953,Canada,59972,Sion,Parry,1,621
266,383.7922198062503,396.80000854805405,Dewald Kotze (Canada),Tackle,Green,947039,2,A,953,Canada,38836,Dewald,Kotze,1,622
267,385.89832822218546,396.80000854805405,Nic Benn (Canada),Tackle,Green,947039,11,A,953,Canada,38501,Nic,Benn,1,624
268,388.99797810991134,410.59982375271545,Cole Keith (Canada),Tackle,Yellow,947039,3,A,953,Canada,27410,Cole,Keith,1,626
269,389.300061831,403.343991121,Amato Fakatava (Japan),Ruck,Red,947039,8,H,3000,Japan,36500,Amato,Fakatava,1,626
270,390.1983103177959,410.59982375271545,Piers Von Dadelszen (Canada),Tackle,Green,947039,4,A,953,Canada,58473,Piers,Von Dadelszen,1,629
271,394.6984563691447,414.10016683970787,Josiah Morra (Canada),Tackle,Yellow,947039,14,A,953,Canada,27284,Josiah,Morra,1,634
272,394.751228592,401.013875945,Hayate Era (Japan),Ruck,Green,947039,2,H,3000,Japan,61955,Hayate,Era,1,634
273,395.7985316818157,416.40005151494546,Ben LeSage (Canada),Jackler,Green,947039,13,A,953,Canada,25195,Ben,LeSage,1,634
274,395.9563945578231,404.41488769,Kippei Ishida (Japan),Carry,Red,947039,14,H,3000,Japan,34036,Kippei,Ishida,1,634
275,395.982562322,400.982562322,Shuhei Takeuchi (Japan),Ruck,Yellow,947039,3,H,3000,Japan,37874,Shuhei,Takeuchi,1,634
276,396.90112032,401.90112032,Kanji Shimokawa (Japan),Ruck,Green,947039,7,H,3000,Japan,30962,Kanji,Shimokawa,1,637
277,401.1798814263393,413.523447921,Dylan Riley (Japan),Ruck,Red,947039,13,H,3000,Japan,27652,Dylan,Riley,1,640
278,403.64677587,414.320125696,Ben Gunter (Japan),Ruck,Yellow,947039,6,H,3000,Japan,26283,Ben,Gunter,1,642
279,403.8775749016431,418.362132174,Sena Kimura (Japan),Carry,Green,947039,1,H,3000,Japan,58073,Sena,Kimura,1,642
280,404.03006802721086,410.383161063,Warner Dearns (Japan),Ruck,Green,947039,5,H,3000,Japan,40399,Warner,Dearns,1,643
281,404.198351707352,419.40000622791297,Sion Parry (Canada),Tackle,Green,947039,6,A,953,Canada,59972,Sion,Parry,1,643
282,404.7486848072562,427.9983823023258,Sam Greene (Japan),Carry,Gold,947039,15,H,3000,Japan,22606,Sam,Greene,1,641
283,404.797615748643,419.40000622791297,Mason Flesch (Canada),Tackle,Green,947039,5,A,953,Canada,38465,Mason,Flesch,1,641
284,409.9815192743764,416.236298295,Hayate Era (Japan),Ruck,Green,947039,2,H,3000,Japan,61955,Hayate,Era,1,648
285,411.69892419708106,421.6999135053689,Nic Benn (Canada),Tackle,Green,947039,11,A,953,Canada,38501,Nic,Benn,1,650
286,413.362132174,418.362132174,Waisake Raratubua (Japan),Ruck,Red,947039,4,H,3000,Japan,30796,Waisake,Raratubua,1,652
287,486.79887971087845,500.7999638351518,Piers Von Dadelszen (Canada),Scrum Defence,Green,947039,4,A,953,Canada,58473,Piers,Von Dadelszen,1,800
288,487.1985339592704,500.7999638351518,Mason Flesch (Canada),Scrum Defence,Green,947039,5,A,953,Canada,38465,Mason,Flesch,1,800
289,487.68820861678006,501.891144083,Sena Kimura (Japan),Scrum Attack,Green,947039,1,H,3000,Japan,58073,Sena,Kimura,1,807
290,487.68820861678006,501.891144083,Hayate Era (Japan),Scrum Attack,Green,947039,2,H,3000,Japan,61955,Hayate,Era,1,807
291,487.68820861678006,501.891144083,Shuhei Takeuchi (Japan),Scrum Attack,Green,947039,3,H,3000,Japan,37874,Shuhei,Takeuchi,1,807
292,487.68820861678006,501.891144083,Waisake Raratubua (Japan),Scrum Attack,Green,947039,4,H,3000,Japan,30796,Waisake,Raratubua,1,807
293,487.68820861678006,501.891144083,Ben Gunter (Japan),Scrum Attack,Green,947039,6,H,3000,Japan,26283,Ben,Gunter,1,807
294,487.68820861678006,501.891144083,Kanji Shimokawa (Japan),Scrum Attack,Green,947039,7,H,3000,Japan,30962,Kanji,Shimokawa,1,807
295,487.68820861678006,501.891144083,Amato Fakatava (Japan),Scrum Attack,Green,947039,8,H,3000,Japan,36500,Amato,Fakatava,1,807
296,487.8988811675836,500.7999638351518,Lucas Rumball (Canada),Scrum Defence,Green,947039,7,A,953,Canada,25183,Lucas,Rumball,1,807
297,488.1987735015687,500.7999638351518,Matt Oworu (Canada),Scrum Defence,Green,947039,8,A,953,Canada,39953,Matt,Oworu,1,807
298,488.59827089982554,498.1998909960384,Sion Parry (Canada),Scrum Defence,Gold,947039,6,A,953,Canada,59972,Sion,Parry,1,807
299,490.9984063309752,503.29998471016705,Jason Higgins (Canada),Tackle,Green,947039,9,A,953,Canada,38159,Jason,Higgins,1,810
300,491.0101133786848,502.2949082243271,Warner Dearns (Japan),Scrum Attack,Yellow,947039,5,H,3000,Japan,40399,Warner,Dearns,1,810
301,492.5992059551403,503.29998471016705,Ben LeSage (Canada),Tackle,Green,947039,13,A,953,Canada,25195,Ben,LeSage,1,811
302,493.1989948272314,503.0999452853208,Calixto Martinez (Canada),Scrum Defence,Red,947039,1,A,953,Canada,58656,Calixto,Martinez,1,811
303,493.49905507701413,503.0999452853208,Dewald Kotze (Canada),Scrum Defence,Red,947039,2,A,953,Canada,38836,Dewald,Kotze,1,812
304,493.79886916055375,503.0999452853208,Cole Keith (Canada),Scrum Defence,Red,947039,3,A,953,Canada,27410,Cole,Keith,1,812
305,496.141045308,503.905971485,Amato Fakatava (Japan),Ruck,Red,947039,8,H,3000,Japan,36500,Amato,Fakatava,1,815
306,524.7532426303854,536.499996374508,Sion Parry (Canada),Lineout Attack,Green,947039,6,A,953,Canada,59972,Sion,Parry,1,844
307,524.7532426303854,536.499996374508,Mason Flesch (Canada),Lineout Attack,Green,947039,5,A,953,Canada,38465,Mason,Flesch,1,844
308,524.7532426303854,536.499996374508,Piers Von Dadelszen (Canada),Lineout Attack,Green,947039,4,A,953,Canada,58473,Piers,Von Dadelszen,1,844
309,524.7532426303854,536.499996374508,Dewald Kotze (Canada),Lineout Attack,Green,947039,2,A,953,Canada,38836,Dewald,Kotze,1,844
310,524.7532426303854,536.499996374508,Calixto Martinez (Canada),Lineout Attack,Green,947039,1,A,953,Canada,58656,Calixto,Martinez,1,844
311,525.9167800453515,530.9167800453515,Sena Kimura (Japan),Lineout Attack,Green,947039,1,H,3000,Japan,58073,Sena,Kimura,1,845
312,525.9167800453515,530.9167800453515,Hayate Era (Japan),Lineout Attack,Green,947039,2,H,3000,Japan,61955,Hayate,Era,1,845
313,525.9167800453515,530.9167800453515,Shuhei Takeuchi (Japan),Lineout Attack,Green,947039,3,H,3000,Japan,37874,Shuhei,Takeuchi,1,845
314,525.9167800453515,530.9167800453515,Waisake Raratubua (Japan),Lineout Attack,Green,947039,4,H,3000,Japan,30796,Waisake,Raratubua,1,845
315,525.9167800453515,530.9167800453515,Warner Dearns (Japan),Lineout Attack,Yellow,947039,5,H,3000,Japan,40399,Warner,Dearns,1,845
316,635.0666439909297,647.1999270949834,Matt Oworu (Canada),Scrum Defence,Green,947039,8,A,953,Canada,39953,Matt,Oworu,1,1028
317,635.0666439909297,647.1999270949834,Lucas Rumball (Canada),Scrum Defence,Green,947039,7,A,953,Canada,25183,Lucas,Rumball,1,1028
318,635.0666439909297,647.1999270949834,Sion Parry (Canada),Scrum Defence,Green,947039,6,A,953,Canada,59972,Sion,Parry,1,1028
319,635.0666439909297,647.1999270949834,Mason Flesch (Canada),Scrum Defence,Green,947039,5,A,953,Canada,38465,Mason,Flesch,1,1028
320,635.0666439909297,647.1999270949834,Piers Von Dadelszen (Canada),Scrum Defence,Green,947039,4,A,953,Canada,58473,Piers,Von Dadelszen,1,1028
321,636.9696145124717,648.085525422,Sena Kimura (Japan),Scrum Attack,Green,947039,1,H,3000,Japan,58073,Sena,Kimura,1,1035
322,636.9696145124717,648.085525422,Hayate Era (Japan),Scrum Attack,Green,947039,2,H,3000,Japan,61955,Hayate,Era,1,1035
323,636.9696145124717,648.085525422,Shuhei Takeuchi (Japan),Scrum Attack,Green,947039,3,H,3000,Japan,37874,Shuhei,Takeuchi,1,1035
324,636.9696145124717,648.085525422,Waisake Raratubua (Japan),Scrum Attack,Green,947039,4,H,3000,Japan,30796,Waisake,Raratubua,1,1035
325,636.9696145124717,648.085525422,Warner Dearns (Japan),Scrum Attack,Green,947039,5,H,3000,Japan,40399,Warner,Dearns,1,1035
326,636.9696145124717,648.085525422,Ben Gunter (Japan),Scrum Attack,Green,947039,6,H,3000,Japan,26283,Ben,Gunter,1,1035
327,636.9696145124717,648.085525422,Kanji Shimokawa (Japan),Scrum Attack,Green,947039,7,H,3000,Japan,30962,Kanji,Shimokawa,1,1035
328,636.9696145124717,648.085525422,Amato Fakatava (Japan),Scrum Attack,Green,947039,8,H,3000,Japan,36500,Amato,Fakatava,1,1035
329,637.5986707695484,649.0003134706742,Calixto Martinez (Canada),Scrum Defence,Yellow,947039,1,A,953,Canada,58656,Calixto,Martinez,1,1036
330,637.9988336443063,649.0003134706742,Dewald Kotze (Canada),Scrum Defence,Yellow,947039,2,A,953,Canada,38836,Dewald,Kotze,1,1036
331,638.298990728201,649.0003134706742,Cole Keith (Canada),Scrum Defence,Yellow,947039,3,A,953,Canada,27410,Cole,Keith,1,1036
332,758.6982910428216,771.7999452810905,Sion Parry (Canada),Tackle,Green,947039,6,A,953,Canada,59972,Sion,Parry,1,1237
333,761.698299082363,775.8000236042127,Calixto Martinez (Canada),Tackle,Red,947039,1,A,953,Canada,58656,Calixto,Martinez,1,1240
334,766.77133515,771.77133515,Sena Kimura (Japan),Ruck,Green,947039,1,H,3000,Japan,58073,Sena,Kimura,1,1246
335,766.77133515,771.77133515,Hayate Era (Japan),Ruck,Green,947039,2,H,3000,Japan,61955,Hayate,Era,1,1246
336,766.77133515,771.77133515,Shuhei Takeuchi (Japan),Ruck,Green,947039,3,H,3000,Japan,37874,Shuhei,Takeuchi,1,1246
337,766.7984077847075,777.9001170362732,Spencer Jones (Canada),Tackle,Green,947039,12,A,953,Canada,38161,Spencer,Jones,1,1246
338,767.4966666666667,772.4966666666667,Amato Fakatava (Japan),Carry,Green,947039,8,H,3000,Japan,36500,Amato,Fakatava,1,1246
339,770.798360134982,781.2999233627419,Sion Parry (Canada),Tackle,Green,947039,6,A,953,Canada,59972,Sion,Parry,1,1249
340,772.213036615,779.3000664351786,Piers Von Dadelszen (Canada),Phase Defence,Red,947039,4,A,953,Canada,58473,Piers,Von Dadelszen,1,1249
341,772.413235928,778.7000428337187,Matt Oworu (Canada),Phase Defence,Red,947039,8,A,953,Canada,39953,Matt,Oworu,1,1251
342,772.413235928,778.7000428337187,Cole Keith (Canada),Phase Defence,Red,947039,3,A,953,Canada,27410,Cole,Keith,1,1251
343,772.413235928,778.7000428337187,Spencer Jones (Canada),Phase Defence,Red,947039,12,A,953,Canada,38161,Spencer,Jones,1,1251
344,772.413235928,778.7000428337187,Calixto Martinez (Canada),Phase Defence,Red,947039,1,A,953,Canada,58656,Calixto,Martinez,1,1251
345,774.685258278,779.685258278,Kanji Shimokawa (Japan),Ruck,Green,947039,7,H,3000,Japan,30962,Kanji,Shimokawa,1,1254
346,776.744655436,781.744655436,Charlie Lawrence (Japan),Carry,Green,947039,12,H,3000,Japan,32522,Charlie,Lawrence,1,1254
347,829.432772929,843.3999379801326,Matt Oworu (Canada),Scrum Attack,Green,947039,8,A,953,Canada,39953,Matt,Oworu,1,1348
348,829.432772929,843.3999379801326,Lucas Rumball (Canada),Scrum Attack,Green,947039,7,A,953,Canada,25183,Lucas,Rumball,1,1348
349,829.432772929,843.3999379801326,Sion Parry (Canada),Scrum Attack,Green,947039,6,A,953,Canada,59972,Sion,Parry,1,1348
350,829.432772929,843.3999379801326,Mason Flesch (Canada),Scrum Attack,Green,947039,5,A,953,Canada,38465,Mason,Flesch,1,1348
351,829.432772929,843.3999379801326,Piers Von Dadelszen (Canada),Scrum Attack,Green,947039,4,A,953,Canada,58473,Piers,Von Dadelszen,1,1348
352,829.432772929,843.3999379801326,Cole Keith (Canada),Scrum Attack,Green,947039,3,A,953,Canada,27410,Cole,Keith,1,1348
353,829.432772929,843.3999379801326,Dewald Kotze (Canada),Scrum Attack,Green,947039,2,A,953,Canada,38836,Dewald,Kotze,1,1348
354,829.432772929,843.3999379801326,Calixto Martinez (Canada),Scrum Attack,Green,947039,1,A,953,Canada,58656,Calixto,Martinez,1,1348
355,830.021746031746,836.9999464560223,Sena Kimura (Japan),Scrum Attack,Green,947039,1,H,3000,Japan,58073,Sena,Kimura,1,1349
356,830.021746031746,836.9999464560223,Hayate Era (Japan),Scrum Attack,Green,947039,2,H,3000,Japan,61955,Hayate,Era,1,1349
357,830.021746031746,836.9999464560223,Shuhei Takeuchi (Japan),Scrum Attack,Green,947039,3,H,3000,Japan,37874,Shuhei,Takeuchi,1,1349
358,830.021746031746,836.9999464560223,Waisake Raratubua (Japan),Scrum Attack,Green,947039,4,H,3000,Japan,30796,Waisake,Raratubua,1,1349
359,830.021746031746,836.9999464560223,Warner Dearns (Japan),Scrum Attack,Green,947039,5,H,3000,Japan,40399,Warner,Dearns,1,1349
360,830.021746031746,836.9999464560223,Ben Gunter (Japan),Scrum Attack,Green,947039,6,H,3000,Japan,26283,Ben,Gunter,1,1349
361,830.021746031746,836.9999464560223,Kanji Shimokawa (Japan),Scrum Attack,Green,947039,7,H,3000,Japan,30962,Kanji,Shimokawa,1,1349
362,830.021746031746,836.9999464560223,Amato Fakatava (Japan),Scrum Attack,Green,947039,8,H,3000,Japan,36500,Amato,Fakatava,1,1349
363,885.981230042,900.4999910399181,Matt Oworu (Canada),Scrum Defence,Green,947039,8,A,953,Canada,39953,Matt,Oworu,1,1439
364,885.981230042,900.4999910399181,Lucas Rumball (Canada),Scrum Defence,Green,947039,7,A,953,Canada,25183,Lucas,Rumball,1,1439
365,885.981230042,900.4999910399181,Sion Parry (Canada),Scrum Defence,Green,947039,6,A,953,Canada,59972,Sion,Parry,1,1439
366,885.981230042,900.4999910399181,Mason Flesch (Canada),Scrum Defence,Green,947039,5,A,953,Canada,38465,Mason,Flesch,1,1439
367,885.981230042,900.4999910399181,Piers Von Dadelszen (Canada),Scrum Defence,Green,947039,4,A,953,Canada,58473,Piers,Von Dadelszen,1,1439
368,885.981230042,900.4999910399181,Cole Keith (Canada),Scrum Defence,Green,947039,3,A,953,Canada,27410,Cole,Keith,1,1439
369,885.981230042,900.4999910399181,Dewald Kotze (Canada),Scrum Defence,Green,947039,2,A,953,Canada,38836,Dewald,Kotze,1,1439
370,885.981230042,900.4999910399181,Calixto Martinez (Canada),Scrum Defence,Green,947039,1,A,953,Canada,58656,Calixto,Martinez,1,1439
371,887.8576190476191,900.410022057,Sena Kimura (Japan),Scrum Attack,Green,947039,1,H,3000,Japan,58073,Sena,Kimura,1,1439
372,887.8576190476191,900.410022057,Shuhei Takeuchi (Japan),Scrum Attack,Green,947039,3,H,3000,Japan,37874,Shuhei,Takeuchi,1,1439
373,887.8576190476191,900.410022057,Waisake Raratubua (Japan),Scrum Attack,Green,947039,4,H,3000,Japan,30796,Waisake,Raratubua,1,1439
374,887.8576190476191,900.410022057,Warner Dearns (Japan),Scrum Attack,Green,947039,5,H,3000,Japan,40399,Warner,Dearns,1,1439
375,887.8576190476191,900.410022057,Ben Gunter (Japan),Scrum Attack,Green,947039,6,H,3000,Japan,26283,Ben,Gunter,1,1439
376,887.8576190476191,900.410022057,Kanji Shimokawa (Japan),Scrum Attack,Green,947039,7,H,3000,Japan,30962,Kanji,Shimokawa,1,1439
377,887.8576190476191,900.410022057,Amato Fakatava (Japan),Scrum Attack,Green,947039,8,H,3000,Japan,36500,Amato,Fakatava,1,1439
378,892.6739455782313,897.6739455782313,Hayate Era (Japan),Scrum Attack,Green,947039,2,H,3000,Japan,61955,Hayate,Era,1,1450
379,893.1590929705216,907.127462644,Sena Kimura (Japan),Kick Chase,Green,947039,1,H,3000,Japan,58073,Sena,Kimura,1,1450
380,893.1590929705216,907.127462644,Hayate Era (Japan),Kick Chase,Green,947039,2,H,3000,Japan,61955,Hayate,Era,1,1450
381,893.1590929705216,907.127462644,Shuhei Takeuchi (Japan),Kick Chase,Green,947039,3,H,3000,Japan,37874,Shuhei,Takeuchi,1,1450
382,893.1590929705216,907.127462644,Waisake Raratubua (Japan),Kick Chase,Green,947039,4,H,3000,Japan,30796,Waisake,Raratubua,1,1450
383,893.1590929705216,907.127462644,Warner Dearns (Japan),Kick Chase,Green,947039,5,H,3000,Japan,40399,Warner,Dearns,1,1450
384,893.1590929705216,907.127462644,Ben Gunter (Japan),Kick Chase,Green,947039,6,H,3000,Japan,26283,Ben,Gunter,1,1450
385,893.1590929705216,907.127462644,Kanji Shimokawa (Japan),Kick Chase,Green,947039,7,H,3000,Japan,30962,Kanji,Shimokawa,1,1450
386,893.1590929705216,907.127462644,Amato Fakatava (Japan),Kick Chase,Green,947039,8,H,3000,Japan,36500,Amato,Fakatava,1,1450
387,893.1590929705216,907.127462644,Shinobu Fujiwara (Japan),Kick Chase,Green,947039,9,H,3000,Japan,30969,Shinobu,Fujiwara,1,1450
388,893.1590929705216,907.127462644,Charlie Lawrence (Japan),Kick Chase,Green,947039,12,H,3000,Japan,32522,Charlie,Lawrence,1,1450
389,893.1590929705216,907.127462644,Malo Tuitama (Japan),Kick Chase,Green,947039,11,H,3000,Japan,23585,Malo,Tuitama,1,1450
390,893.1590929705216,907.127462644,Dylan Riley (Japan),Kick Chase,Green,947039,13,H,3000,Japan,27652,Dylan,Riley,1,1450
391,893.1590929705216,907.127462644,Kippei Ishida (Japan),Kick Chase,Green,947039,14,H,3000,Japan,34036,Kippei,Ishida,1,1450
392,893.1590929705216,907.127462644,Sam Greene (Japan),Kick Chase,Green,947039,15,H,3000,Japan,22606,Sam,Greene,1,1450
393,893.771325914,906.6998002190836,Jason Higgins (Canada),Kick Retreat,Green,947039,9,A,953,Canada,38159,Jason,Higgins,1,1450
394,893.771325914,906.6998002190836,Matt Oworu (Canada),Kick Retreat,Green,947039,8,A,953,Canada,39953,Matt,Oworu,1,1450
395,893.771325914,906.6998002190836,Lucas Rumball (Canada),Kick Retreat,Green,947039,7,A,953,Canada,25183,Lucas,Rumball,1,1450
396,893.771325914,906.6998002190836,Sion Parry (Canada),Kick Retreat,Green,947039,6,A,953,Canada,59972,Sion,Parry,1,1450
397,893.771325914,906.6998002190836,Mason Flesch (Canada),Kick Retreat,Green,947039,5,A,953,Canada,38465,Mason,Flesch,1,1450
398,893.771325914,906.6998002190836,Piers Von Dadelszen (Canada),Kick Retreat,Green,947039,4,A,953,Canada,58473,Piers,Von Dadelszen,1,1450
399,893.771325914,906.6998002190836,Cole Keith (Canada),Kick Retreat,Green,947039,3,A,953,Canada,27410,Cole,Keith,1,1450
400,893.771325914,906.6998002190836,Dewald Kotze (Canada),Kick Retreat,Green,947039,2,A,953,Canada,38836,Dewald,Kotze,1,1450
401,893.771325914,906.6998002190836,Josiah Morra (Canada),Kick Retreat,Green,947039,14,A,953,Canada,27284,Josiah,Morra,1,1450
402,893.771325914,906.6998002190836,Ben LeSage (Canada),Kick Retreat,Green,947039,13,A,953,Canada,25195,Ben,LeSage,1,1450
403,893.771325914,906.6998002190836,Spencer Jones (Canada),Kick Retreat,Green,947039,12,A,953,Canada,38161,Spencer,Jones,1,1450
404,893.771325914,906.6998002190836,Peter Nelson (Canada),Kick Retreat,Green,947039,10,A,953,Canada,19391,Peter,Nelson,1,1450
405,893.771325914,906.6998002190836,Calixto Martinez (Canada),Kick Retreat,Green,947039,1,A,953,Canada,58656,Calixto,Martinez,1,1450
406,924.424583432,935.6999849886952,Sion Parry (Canada),Lineout Defence,Green,947039,6,A,953,Canada,59972,Sion,Parry,1,1521
407,924.424583432,935.6999849886952,Mason Flesch (Canada),Lineout Defence,Green,947039,5,A,953,Canada,38465,Mason,Flesch,1,1521
408,924.424583432,935.6999849886952,Piers Von Dadelszen (Canada),Lineout Defence,Green,947039,4,A,953,Canada,58473,Piers,Von Dadelszen,1,1521
409,924.424583432,935.6999849886952,Calixto Martinez (Canada),Lineout Defence,Green,947039,1,A,953,Canada,58656,Calixto,Martinez,1,1521
410,925.929974938,941.505413743,Hayate Era (Japan),Lineout Attack,Green,947039,2,H,3000,Japan,61955,Hayate,Era,1,1525
411,925.929974938,941.505413743,Waisake Raratubua (Japan),Lineout Attack,Green,947039,4,H,3000,Japan,30796,Waisake,Raratubua,1,1525
412,925.929974938,941.505413743,Warner Dearns (Japan),Lineout Attack,Green,947039,5,H,3000,Japan,40399,Warner,Dearns,1,1525
413,925.929974938,941.505413743,Ben Gunter (Japan),Lineout Attack,Green,947039,6,H,3000,Japan,26283,Ben,Gunter,1,1525
414,925.929974938,941.505413743,Kanji Shimokawa (Japan),Lineout Attack,Green,947039,7,H,3000,Japan,30962,Kanji,Shimokawa,1,1525
415,1035.7983386331632,1053.5998718820042,Calixto Martinez (Canada),Scrum Attack,Yellow,947039,1,A,953,Canada,58656,Calixto,Martinez,1,1709
416,1036.1983192176272,1053.5998718820042,Dewald Kotze (Canada),Scrum Attack,Yellow,947039,2,A,953,Canada,38836,Dewald,Kotze,1,1709
417,1036.325269884,1048.0999843507377,Matt Oworu (Canada),Scrum Attack,Green,947039,8,A,953,Canada,39953,Matt,Oworu,1,1715
418,1036.325269884,1048.0999843507377,Lucas Rumball (Canada),Scrum Attack,Green,947039,7,A,953,Canada,25183,Lucas,Rumball,1,1715
419,1036.325269884,1048.0999843507377,Sion Parry (Canada),Scrum Attack,Green,947039,6,A,953,Canada,59972,Sion,Parry,1,1715
420,1036.325269884,1048.0999843507377,Mason Flesch (Canada),Scrum Attack,Green,947039,5,A,953,Canada,38465,Mason,Flesch,1,1715
421,1036.325269884,1048.0999843507377,Piers Von Dadelszen (Canada),Scrum Attack,Green,947039,4,A,953,Canada,58473,Piers,Von Dadelszen,1,1715
422,1036.4982323420131,1053.5998718820042,Cole Keith (Canada),Scrum Attack,Yellow,947039,3,A,953,Canada,27410,Cole,Keith,1,1715
423,1038.8215873015872,1053.957291275,Sena Kimura (Japan),Scrum Defence,Green,947039,1,H,3000,Japan,58073,Sena,Kimura,1,1718
424,1038.8215873015872,1053.957291275,Waisake Raratubua (Japan),Scrum Defence,Green,947039,4,H,3000,Japan,30796,Waisake,Raratubua,1,1718
425,1038.8215873015872,1053.957291275,Warner Dearns (Japan),Scrum Defence,Green,947039,5,H,3000,Japan,40399,Warner,Dearns,1,1718
426,1038.8215873015872,1053.957291275,Ben Gunter (Japan),Scrum Defence,Green,947039,6,H,3000,Japan,26283,Ben,Gunter,1,1718
427,1038.8215873015872,1053.957291275,Kanji Shimokawa (Japan),Scrum Defence,Green,947039,7,H,3000,Japan,30962,Kanji,Shimokawa,1,1718
428,1038.8215873015872,1053.957291275,Amato Fakatava (Japan),Scrum Defence,Green,947039,8,H,3000,Japan,36500,Amato,Fakatava,1,1718
429,1043.8548526077095,1054.197782638665,Hayate Era (Japan),Scrum Defence,Red,947039,2,H,3000,Japan,61955,Hayate,Era,1,1722
430,1043.8548526077095,1054.5995087223257,Shuhei Takeuchi (Japan),Scrum Defence,Red,947039,3,H,3000,Japan,37874,Shuhei,Takeuchi,1,1722
431,1045.298805471569,1059.5000148666445,Josiah Morra (Canada),Carry,Green,947039,14,A,953,Canada,27284,Josiah,Morra,1,1723
432,1046.484963818,1057.585627331,Charlie Lawrence (Japan),Tackle,Green,947039,12,H,3000,Japan,32522,Charlie,Lawrence,1,1724
433,1046.4984071499382,1058.899914900802,Peter Nelson (Canada),Ruck,Green,947039,10,A,953,Canada,19391,Peter,Nelson,1,1724
434,1048.394259185984,1058.899914900802,Spencer Jones (Canada),Ruck,Green,947039,12,A,953,Canada,38161,Spencer,Jones,1,1727
435,1050.598238765375,1067.4000447047583,Mason Flesch (Canada),Carry,Green,947039,5,A,953,Canada,38465,Mason,Flesch,1,1730
436,1052.378253968254,1057.378253968254,Waisake Raratubua (Japan),Tackle,Green,947039,4,H,3000,Japan,30796,Waisake,Raratubua,1,1730
437,1052.8941617949192,1066.8999339087536,Lucas Rumball (Canada),Ruck,Green,947039,7,A,953,Canada,25183,Lucas,Rumball,1,1730
438,1053.4979042536938,1066.8999339087536,Matt Oworu (Canada),Ruck,Green,947039,8,A,953,Canada,39953,Matt,Oworu,1,1733
439,1058.8979138321995,1063.8979138321995,Warner Dearns (Japan),Tackle,Green,947039,5,H,3000,Japan,40399,Warner,Dearns,1,1733
440,1111.2975639656495,1129.3999342345223,Dewald Kotze (Canada),Lineout Attack,Yellow,947039,2,A,953,Canada,38836,Dewald,Kotze,1,1830
441,1111.6980895068882,1129.3999342345223,Calixto Martinez (Canada),Lineout Attack,Yellow,947039,1,A,953,Canada,58656,Calixto,Martinez,1,1830
442,1112.2978032981316,1129.3999342345223,Piers Von Dadelszen (Canada),Lineout Attack,Yellow,947039,4,A,953,Canada,58473,Piers,Von Dadelszen,1,1830
443,1112.4991748326506,1129.3998939193998,Sion Parry (Canada),Scrum Attack,Green,947039,6,A,953,Canada,59972,Sion,Parry,1,1830
444,1112.8978067989033,1129.3999342345223,Cole Keith (Canada),Lineout Attack,Yellow,947039,3,A,953,Canada,27410,Cole,Keith,1,1830
445,1112.898756916466,1129.3998939193998,Lucas Rumball (Canada),Scrum Attack,Green,947039,7,A,953,Canada,25183,Lucas,Rumball,1,1830
446,1113.0982134166543,1129.3998939193998,Matt Oworu (Canada),Scrum Attack,Green,947039,8,A,953,Canada,39953,Matt,Oworu,1,1830
447,1114.143605442177,1134.216953675,Sena Kimura (Japan),Lineout Defence,Green,947039,1,H,3000,Japan,58073,Sena,Kimura,1,1830
448,1114.143605442177,1134.216953675,Shuhei Takeuchi (Japan),Lineout Defence,Green,947039,3,H,3000,Japan,37874,Shuhei,Takeuchi,1,1830
449,1114.143605442177,1134.216953675,Waisake Raratubua (Japan),Lineout Defence,Green,947039,4,H,3000,Japan,30796,Waisake,Raratubua,1,1830
450,1114.143605442177,1134.216953675,Warner Dearns (Japan),Lineout Defence,Green,947039,5,H,3000,Japan,40399,Warner,Dearns,1,1830
451,1114.143605442177,1134.216953675,Kanji Shimokawa (Japan),Lineout Defence,Green,947039,7,H,3000,Japan,30962,Kanji,Shimokawa,1,1830
452,1115.8984360283707,1142.0000107909166,Piers Von Dadelszen (Canada),Carry,Yellow,947039,4,A,953,Canada,58473,Piers,Von Dadelszen,1,1834
453,1117.59844675844,1135.7001078845267,Dewald Kotze (Canada),Ruck,Red,947039,2,A,953,Canada,38836,Dewald,Kotze,1,1837
454,1118.2973563055596,1135.7001078845267,Calixto Martinez (Canada),Ruck,Red,947039,1,A,953,Canada,58656,Calixto,Martinez,1,1837
455,1118.7985785500773,1135.7001078845267,Sion Parry (Canada),Ruck,Red,947039,6,A,953,Canada,59972,Sion,Parry,1,1837
456,1119.2988608826934,1135.7001078845267,Mason Flesch (Canada),Ruck,Red,947039,5,A,953,Canada,38465,Mason,Flesch,1,1837
457,1121.7986479675194,1135.7001078845267,Cole Keith (Canada),Ruck,Red,947039,3,A,953,Canada,27410,Cole,Keith,1,1840
458,1125.5981143727238,1129.3999342345223,Mason Flesch (Canada),Lineout Attack,Yellow,947039,5,A,953,Canada,38465,Mason,Flesch,1,1844
459,1128.210359996,1133.210359996,Sena Kimura (Japan),Tackle,Green,947039,1,H,3000,Japan,58073,Sena,Kimura,1,1848
460,1165.164188036,1193.7998658146448,Matt Oworu (Canada),Lineout Attack,Green,947039,8,A,953,Canada,39953,Matt,Oworu,1,1924
461,1165.164188036,1193.7998658146448,Lucas Rumball (Canada),Lineout Attack,Green,947039,7,A,953,Canada,25183,Lucas,Rumball,1,1924
462,1165.164188036,1193.7998658146448,Sion Parry (Canada),Lineout Attack,Green,947039,6,A,953,Canada,59972,Sion,Parry,1,1924
463,1165.164188036,1193.7998658146448,Mason Flesch (Canada),Lineout Attack,Green,947039,5,A,953,Canada,38465,Mason,Flesch,1,1924
464,1165.164188036,1193.7998658146448,Piers Von Dadelszen (Canada),Lineout Attack,Green,947039,4,A,953,Canada,58473,Piers,Von Dadelszen,1,1924
465,1165.164188036,1193.7998658146448,Dewald Kotze (Canada),Lineout Attack,Green,947039,2,A,953,Canada,38836,Dewald,Kotze,1,1924
466,1165.164188036,1193.7998658146448,Calixto Martinez (Canada),Lineout Attack,Green,947039,1,A,953,Canada,58656,Calixto,Martinez,1,1924
467,1166.6984989045477,1193.300306947627,Cole Keith (Canada),Lineout Attack,Red,947039,3,A,953,Canada,27410,Cole,Keith,1,1924
468,1167.992335600907,1196.955675078,Sena Kimura (Japan),Lineout Defence,Green,947039,1,H,3000,Japan,58073,Sena,Kimura,1,1924
469,1167.992335600907,1196.955675078,Shuhei Takeuchi (Japan),Lineout Defence,Green,947039,3,H,3000,Japan,37874,Shuhei,Takeuchi,1,1924
470,1167.992335600907,1196.955675078,Warner Dearns (Japan),Lineout Defence,Green,947039,5,H,3000,Japan,40399,Warner,Dearns,1,1924
471,1167.992335600907,1196.955675078,Kanji Shimokawa (Japan),Lineout Defence,Green,947039,7,H,3000,Japan,30962,Kanji,Shimokawa,1,1924
472,1168.379718187,1196.955675078,Amato Fakatava (Japan),Lineout Defence,Green,947039,8,H,3000,Japan,36500,Amato,Fakatava,1,1924
473,1186.098577998392,1203.700105499514,Spencer Jones (Canada),Carry,Green,947039,12,A,953,Canada,38161,Spencer,Jones,1,1944
474,1187.497074829932,1195.1970940416727,Waisake Raratubua (Japan),Lineout Defence,Yellow,947039,4,H,3000,Japan,30796,Waisake,Raratubua,1,1946
475,1187.799096535174,1203.2999878262897,Ben LeSage (Canada),Ruck,Green,947039,13,A,953,Canada,25195,Ben,LeSage,1,1946
476,1189.1980838829209,1203.2999878262897,Dewald Kotze (Canada),Ruck,Green,947039,2,A,953,Canada,38836,Dewald,Kotze,1,1948
477,1189.1987704498326,1203.2999878262897,Josiah Morra (Canada),Ruck,Green,947039,14,A,953,Canada,27284,Josiah,Morra,1,1948
478,1190.671498979,1195.671498979,Waisake Raratubua (Japan),Phase Defence,Red,947039,4,H,3000,Japan,30796,Waisake,Raratubua,1,1950
479,1191.1971946578576,1210.300055570311,Matt Oworu (Canada),Carry,Green,947039,8,A,953,Canada,39953,Matt,Oworu,1,1950
480,1194.8183900226757,1199.8183900226757,Seungsin Lee (Japan),Tackle,Green,947039,10,H,3000,Japan,37841,Seungsin,Lee,1,1953
481,1196.1977544783183,1209.9002440340255,Piers Von Dadelszen (Canada),Ruck,Red,947039,4,A,953,Canada,58473,Piers,Von Dadelszen,1,1955
482,1196.2327437641725,1201.2327437641725,Hayate Era (Japan),Tackle,Green,947039,2,H,3000,Japan,61955,Hayate,Era,1,1955
483,1196.7987318959938,1209.9002440340255,Cole Keith (Canada),Ruck,Green,947039,3,A,953,Canada,27410,Cole,Keith,1,1955
484,1198.164767106,1203.164767106,Charlie Lawrence (Japan),Tackle,Green,947039,12,H,3000,Japan,32522,Charlie,Lawrence,1,1956
485,1199.1980432726723,1216.2000183080272,Sion Parry (Canada),Carry,Green,947039,6,A,953,Canada,59972,Sion,Parry,1,1959
486,1200.798464542495,1215.500175952333,Lucas Rumball (Canada),Ruck,Yellow,947039,7,A,953,Canada,25183,Lucas,Rumball,1,1959
487,1201.165456443,1207.092751155,Shuhei Takeuchi (Japan),Tackle,Green,947039,3,H,3000,Japan,37874,Shuhei,Takeuchi,1,2000
488,1201.3983910848758,1212.7999923372086,Mason Flesch (Canada),Ruck,Green,947039,5,A,953,Canada,38465,Mason,Flesch,1,2000
489,1205.098526760905,1220.399981538581,Piers Von Dadelszen (Canada),Carry,Green,947039,4,A,953,Canada,58473,Piers,Von Dadelszen,1,2003
490,1206.8982799863772,1221.4000332912724,Cole Keith (Canada),Ruck,Yellow,947039,3,A,953,Canada,27410,Cole,Keith,1,2005
491,1207.168752834467,1213.010869589,Shuhei Takeuchi (Japan),Tackle,Green,947039,3,H,3000,Japan,37874,Shuhei,Takeuchi,1,2006
492,1207.351115938,1217.407648586,Waisake Raratubua (Japan),Tackle,Green,947039,4,H,3000,Japan,30796,Waisake,Raratubua,1,2006
493,1208.59848744543,1221.4000332912724,Lucas Rumball (Canada),Ruck,Yellow,947039,7,A,953,Canada,25183,Lucas,Rumball,1,2006
494,1209.0915646258504,1216.257891095,Hayate Era (Japan),Jackler,Yellow,947039,2,H,3000,Japan,61955,Hayate,Era,1,2009
495,1209.3199546485262,1217.108329484,Sena Kimura (Japan),Jackler,Green,947039,1,H,3000,Japan,58073,Sena,Kimura,1,2009
496,1390.180933264,1406.8000071564495,Matt Oworu (Canada),Lineout Defence,Green,947039,8,A,953,Canada,39953,Matt,Oworu,1,2121
497,1390.180933264,1406.8000071564495,Mason Flesch (Canada),Lineout Defence,Green,947039,5,A,953,Canada,38465,Mason,Flesch,1,2121
498,1390.180933264,1406.8000071564495,Piers Von Dadelszen (Canada),Lineout Defence,Green,947039,4,A,953,Canada,58473,Piers,Von Dadelszen,1,2121
499,1390.180933264,1406.8000071564495,Calixto Martinez (Canada),Lineout Defence,Green,947039,1,A,953,Canada,58656,Calixto,Martinez,1,2121
500,1566.6983833228794,1585.0000735848273,Matt Oworu (Canada),Carry,Green,947039,8,A,953,Canada,39953,Matt,Oworu,1,2418
501,1568.197913242946,1584.5999479236132,Cole Keith (Canada),Ruck,Green,947039,3,A,953,Canada,27410,Cole,Keith,1,2418
502,1568.67898826432,1586.185290299,Waisake Raratubua (Japan),Tackle,Yellow,947039,4,H,3000,Japan,30796,Waisake,Raratubua,1,2418
503,1571.3981104655088,1584.5999479236132,Mason Flesch (Canada),Ruck,Green,947039,5,A,953,Canada,38465,Mason,Flesch,1,2421
504,1572.697448257224,1584.5999479236132,Sion Parry (Canada),Ruck,Green,947039,6,A,953,Canada,59972,Sion,Parry,1,2423
505,1575.310612244898,1580.310612244898,Hayate Era (Japan),Tackle,Green,947039,2,H,3000,Japan,61955,Hayate,Era,1,2426
506,1575.7406802721089,1588.8986355240015,Kippei Ishida (Japan),Kick Chase,Gold,947039,14,H,3000,Japan,34036,Kippei,Ishida,1,2426
507,1575.87003051,1580.87003051,Ben Gunter (Japan),Tackle,Green,947039,6,H,3000,Japan,26283,Ben,Gunter,1,2426
508,1576.143204189,1591.4000260787432,Jason Higgins (Canada),Kick Retreat,Green,947039,9,A,953,Canada,38159,Jason,Higgins,1,2424
509,1576.143204189,1591.4000260787432,Lucas Rumball (Canada),Kick Retreat,Green,947039,7,A,953,Canada,25183,Lucas,Rumball,1,2424
510,1576.143204189,1591.4000260787432,Mason Flesch (Canada),Kick Retreat,Green,947039,5,A,953,Canada,38465,Mason,Flesch,1,2424
511,1576.143204189,1591.4000260787432,Shane O'Leary (Canada),Kick Retreat,Green,947039,15,A,953,Canada,21278,Shane,O'Leary,1,2424
512,1576.143204189,1591.4000260787432,Josiah Morra (Canada),Kick Retreat,Green,947039,14,A,953,Canada,27284,Josiah,Morra,1,2424
513,1576.143204189,1591.4000260787432,Ben LeSage (Canada),Kick Retreat,Green,947039,13,A,953,Canada,25195,Ben,LeSage,1,2424
514,1576.143204189,1591.4000260787432,Nic Benn (Canada),Kick Retreat,Green,947039,11,A,953,Canada,38501,Nic,Benn,1,2424
515,1576.143204189,1591.4000260787432,Peter Nelson (Canada),Kick Retreat,Green,947039,10,A,953,Canada,19391,Peter,Nelson,1,2424
516,1576.6940362811793,1591.676461967,Sena Kimura (Japan),Kick Chase,Green,947039,1,H,3000,Japan,58073,Sena,Kimura,1,2424
517,1576.6940362811793,1591.676461967,Hayate Era (Japan),Kick Chase,Green,947039,2,H,3000,Japan,61955,Hayate,Era,1,2424
518,1576.6940362811793,1591.676461967,Shuhei Takeuchi (Japan),Kick Chase,Green,947039,3,H,3000,Japan,37874,Shuhei,Takeuchi,1,2424
519,1576.6940362811793,1591.676461967,Waisake Raratubua (Japan),Kick Chase,Green,947039,4,H,3000,Japan,30796,Waisake,Raratubua,1,2424
520,1576.6940362811793,1591.676461967,Warner Dearns (Japan),Kick Chase,Green,947039,5,H,3000,Japan,40399,Warner,Dearns,1,2424
521,1576.6940362811793,1591.676461967,Ben Gunter (Japan),Kick Chase,Green,947039,6,H,3000,Japan,26283,Ben,Gunter,1,2424
522,1576.6940362811793,1591.676461967,Kanji Shimokawa (Japan),Kick Chase,Green,947039,7,H,3000,Japan,30962,Kanji,Shimokawa,1,2424
523,1576.6940362811793,1591.676461967,Amato Fakatava (Japan),Kick Chase,Green,947039,8,H,3000,Japan,36500,Amato,Fakatava,1,2424
524,1576.6940362811793,1591.676461967,Charlie Lawrence (Japan),Kick Chase,Green,947039,12,H,3000,Japan,32522,Charlie,Lawrence,1,2424
525,1576.6940362811793,1591.676461967,Malo Tuitama (Japan),Kick Chase,Green,947039,11,H,3000,Japan,23585,Malo,Tuitama,1,2424
526,1576.6940362811793,1591.676461967,Dylan Riley (Japan),Kick Chase,Green,947039,13,H,3000,Japan,27652,Dylan,Riley,1,2424
527,1577.631057166,1591.676461967,Shinobu Fujiwara (Japan),Kick Chase,Green,947039,9,H,3000,Japan,30969,Shinobu,Fujiwara,1,2428
528,1580.798656608301,1591.6000193360833,Josiah Morra (Canada),Tackle,Green,947039,14,A,953,Canada,27284,Josiah,Morra,1,2431
529,1582.503492252,1590.2000193729143,Matt Oworu (Canada),Kick Retreat,Red,947039,8,A,953,Canada,39953,Matt,Oworu,1,2434
530,1582.503492252,1590.2000193729143,Sion Parry (Canada),Kick Retreat,Red,947039,6,A,953,Canada,59972,Sion,Parry,1,2434
531,1582.503492252,1590.2000193729143,Piers Von Dadelszen (Canada),Kick Retreat,Red,947039,4,A,953,Canada,58473,Piers,Von Dadelszen,1,2434
532,1582.503492252,1590.2000193729143,Cole Keith (Canada),Kick Retreat,Red,947039,3,A,953,Canada,27410,Cole,Keith,1,2434
533,1582.503492252,1590.2000193729143,Dewald Kotze (Canada),Kick Retreat,Red,947039,2,A,953,Canada,38836,Dewald,Kotze,1,2434
534,1582.503492252,1590.2000193729143,Spencer Jones (Canada),Kick Retreat,Red,947039,12,A,953,Canada,38161,Spencer,Jones,1,2434
535,1582.503492252,1590.2000193729143,Calixto Martinez (Canada),Kick Retreat,Red,947039,1,A,953,Canada,58656,Calixto,Martinez,1,2434
536,1584.4981059696772,1597.6998342462734,Mason Flesch (Canada),Tackle,Green,947039,5,A,953,Canada,38465,Mason,Flesch,1,2435
537,1584.6984503952788,1597.0999446775184,Lucas Rumball (Canada),Jackler,Green,947039,7,A,953,Canada,25183,Lucas,Rumball,1,2435
538,1584.768669569,1591.526672756,Hayate Era (Japan),Ruck,Red,947039,2,H,3000,Japan,61955,Hayate,Era,1,2435
539,1585.2984483456603,1597.6998342462734,Lucas Rumball (Canada),Tackle,Green,947039,7,A,953,Canada,25183,Lucas,Rumball,1,2436
540,1586.830398368,1591.830398368,Ben Gunter (Japan),Ruck,Green,947039,6,H,3000,Japan,26283,Ben,Gunter,1,2437
541,1586.830398368,1595.790604978,Kippei Ishida (Japan),Carry,Green,947039,14,H,3000,Japan,34036,Kippei,Ishida,1,2437
542,1591.962660868,1605.5999173796706,Piers Von Dadelszen (Canada),Kick Retreat,Green,947039,4,A,953,Canada,58473,Piers,Von Dadelszen,1,2439
543,1591.962660868,1605.5999173796706,Dewald Kotze (Canada),Kick Retreat,Green,947039,2,A,953,Canada,38836,Dewald,Kotze,1,2439
544,1591.962660868,1605.5999173796706,Shane O'Leary (Canada),Kick Retreat,Green,947039,15,A,953,Canada,21278,Shane,O'Leary,1,2439
545,1591.962660868,1605.5999173796706,Ben LeSage (Canada),Kick Retreat,Green,947039,13,A,953,Canada,25195,Ben,LeSage,1,2439
546,1591.962660868,1605.5999173796706,Spencer Jones (Canada),Kick Retreat,Green,947039,12,A,953,Canada,38161,Spencer,Jones,1,2439
547,1591.962660868,1605.5999173796706,Nic Benn (Canada),Kick Retreat,Green,947039,11,A,953,Canada,38501,Nic,Benn,1,2439
548,1591.962660868,1605.5999173796706,Peter Nelson (Canada),Kick Retreat,Green,947039,10,A,953,Canada,19391,Peter,Nelson,1,2439
549,1594.7390929705216,1602.1009845359995,Kanji Shimokawa (Japan),Kick Chase,Green,947039,7,H,3000,Japan,30962,Kanji,Shimokawa,1,2445
550,1594.7390929705216,1602.1009845359995,Amato Fakatava (Japan),Kick Chase,Green,947039,8,H,3000,Japan,36500,Amato,Fakatava,1,2445
551,1594.7390929705216,1602.1009845359995,Charlie Lawrence (Japan),Kick Chase,Green,947039,12,H,3000,Japan,32522,Charlie,Lawrence,1,2445
552,1594.7390929705216,1602.1009845359995,Malo Tuitama (Japan),Kick Chase,Green,947039,11,H,3000,Japan,23585,Malo,Tuitama,1,2445
553,1594.7390929705216,1602.1009845359995,Dylan Riley (Japan),Kick Chase,Green,947039,13,H,3000,Japan,27652,Dylan,Riley,1,2445
554,1594.7390929705216,1602.1009845359995,Sam Greene (Japan),Kick Chase,Green,947039,15,H,3000,Japan,22606,Sam,Greene,1,2445
555,1595.3983401090304,1604.9998587856871,Sion Parry (Canada),Kick Retreat,Yellow,947039,6,A,953,Canada,59972,Sion,Parry,1,2445
556,1597.498151235781,1604.9998587856871,Jason Higgins (Canada),Kick Retreat,Yellow,947039,9,A,953,Canada,38159,Jason,Higgins,1,2445
557,1597.78987423,1604.9998587856871,Matt Oworu (Canada),Kick Retreat,Yellow,947039,8,A,953,Canada,39953,Matt,Oworu,1,2445
558,1597.78987423,1604.9998587856871,Mason Flesch (Canada),Kick Retreat,Yellow,947039,5,A,953,Canada,38465,Mason,Flesch,1,2445
559,1597.78987423,1604.9998587856871,Cole Keith (Canada),Kick Retreat,Yellow,947039,3,A,953,Canada,27410,Cole,Keith,1,2445
560,1597.78987423,1604.9998587856871,Josiah Morra (Canada),Kick Retreat,Yellow,947039,14,A,953,Canada,27284,Josiah,Morra,1,2445
561,1597.78987423,1604.9998587856871,Calixto Martinez (Canada),Kick Retreat,Yellow,947039,1,A,953,Canada,58656,Calixto,Martinez,1,2445
562,1655.173560090703,1671.016417969,Sena Kimura (Japan),Lineout Defence,Green,947039,1,H,3000,Japan,58073,Sena,Kimura,1,2545
563,1655.173560090703,1671.016417969,Hayate Era (Japan),Lineout Defence,Green,947039,2,H,3000,Japan,61955,Hayate,Era,1,2545
564,1655.173560090703,1671.016417969,Shuhei Takeuchi (Japan),Lineout Defence,Green,947039,3,H,3000,Japan,37874,Shuhei,Takeuchi,1,2545
565,1655.173560090703,1671.016417969,Waisake Raratubua (Japan),Lineout Defence,Green,947039,4,H,3000,Japan,30796,Waisake,Raratubua,1,2545
566,1655.173560090703,1671.016417969,Warner Dearns (Japan),Lineout Defence,Green,947039,5,H,3000,Japan,40399,Warner,Dearns,1,2545
567,1655.173560090703,1671.016417969,Ben Gunter (Japan),Lineout Defence,Green,947039,6,H,3000,Japan,26283,Ben,Gunter,1,2545
568,1655.173560090703,1671.016417969,Kanji Shimokawa (Japan),Lineout Defence,Green,947039,7,H,3000,Japan,30962,Kanji,Shimokawa,1,2545
569,1655.173560090703,1671.016417969,Amato Fakatava (Japan),Lineout Defence,Green,947039,8,H,3000,Japan,36500,Amato,Fakatava,1,2545
570,1655.85507288,1671.3999063145948,Matt Oworu (Canada),Lineout Defence,Green,947039,8,A,953,Canada,39953,Matt,Oworu,1,2545
571,1655.85507288,1671.3999063145948,Lucas Rumball (Canada),Lineout Defence,Green,947039,7,A,953,Canada,25183,Lucas,Rumball,1,2545
572,1655.85507288,1671.3999063145948,Sion Parry (Canada),Lineout Defence,Green,947039,6,A,953,Canada,59972,Sion,Parry,1,2545
573,1655.85507288,1671.3999063145948,Piers Von Dadelszen (Canada),Lineout Defence,Green,947039,4,A,953,Canada,58473,Piers,Von Dadelszen,1,2545
574,1655.85507288,1671.3999063145948,Cole Keith (Canada),Lineout Defence,Green,947039,3,A,953,Canada,27410,Cole,Keith,1,2545
575,1655.85507288,1671.3999063145948,Dewald Kotze (Canada),Lineout Defence,Green,947039,2,A,953,Canada,38836,Dewald,Kotze,1,2545
576,1655.85507288,1671.3999063145948,Calixto Martinez (Canada),Lineout Defence,Green,947039,1,A,953,Canada,58656,Calixto,Martinez,1,2545
577,1657.8988878891373,1672.19991220488,Mason Flesch (Canada),Lineout Defence,Green,947039,5,A,953,Canada,38465,Mason,Flesch,1,2548
578,1663.8823516073144,1680.864190013,Waisake Raratubua (Japan),Tackle,Green,947039,4,H,3000,Japan,30796,Waisake,Raratubua,1,2555
579,1665.624392927,1670.624392927,Seungsin Lee (Japan),Tackle,Green,947039,10,H,3000,Japan,37841,Seungsin,Lee,1,2555
580,1672.9690476190476,1679.621886295,Shinobu Fujiwara (Japan),Charge Down,Green,947039,9,H,3000,Japan,30969,Shinobu,Fujiwara,1,2602
581,1723.864828752,1745.4999209303942,Dewald Kotze (Canada),Lineout Attack,Green,947039,2,A,953,Canada,38836,Dewald,Kotze,1,2654
582,1725.99853892408,1745.4999209303942,Mason Flesch (Canada),Lineout Attack,Green,947039,5,A,953,Canada,38465,Mason,Flesch,1,2654
583,1726.195104815646,1743.5999936910544,Calixto Martinez (Canada),Lineout Attack,Yellow,947039,1,A,953,Canada,58656,Calixto,Martinez,1,2654
584,1726.690657596372,1741.007664399093,Sena Kimura (Japan),Lineout Attack,Green,947039,1,H,3000,Japan,58073,Sena,Kimura,1,2654
585,1726.690657596372,1741.007664399093,Shuhei Takeuchi (Japan),Lineout Attack,Green,947039,3,H,3000,Japan,37874,Shuhei,Takeuchi,1,2654
586,1726.690657596372,1741.007664399093,Waisake Raratubua (Japan),Lineout Attack,Green,947039,4,H,3000,Japan,30796,Waisake,Raratubua,1,2654
587,1726.690657596372,1741.007664399093,Warner Dearns (Japan),Lineout Attack,Green,947039,5,H,3000,Japan,40399,Warner,Dearns,1,2654
588,1726.6983560919848,1745.4999209303942,Sion Parry (Canada),Lineout Attack,Green,947039,6,A,953,Canada,59972,Sion,Parry,1,2654
589,1726.9987173828367,1745.4999209303942,Lucas Rumball (Canada),Lineout Attack,Green,947039,7,A,953,Canada,25183,Lucas,Rumball,1,2654
590,1737.8985795653757,1760.9003493752675,Josiah Morra (Canada),Jackler,Red,947039,14,A,953,Canada,27284,Josiah,Morra,1,2706
591,1737.9989232360722,1750.0000121680628,Dewald Kotze (Canada),Tackle,Green,947039,2,A,953,Canada,38836,Dewald,Kotze,1,2706
592,1739.798055691228,1747.699933441614,Jason Higgins (Canada),Phase Defence,Red,947039,9,A,953,Canada,38159,Jason,Higgins,1,2708
593,1740.270515382,1747.699933441614,Sion Parry (Canada),Phase Defence,Red,947039,6,A,953,Canada,59972,Sion,Parry,1,2711
594,1740.270515382,1747.699933441614,Piers Von Dadelszen (Canada),Phase Defence,Red,947039,4,A,953,Canada,58473,Piers,Von Dadelszen,1,2711
595,1740.270515382,1747.699933441614,Calixto Martinez (Canada),Phase Defence,Red,947039,1,A,953,Canada,58656,Calixto,Martinez,1,2711
596,1741.7201587301588,1746.7201587301588,Sena Kimura (Japan),Carry,Green,947039,1,H,3000,Japan,58073,Sena,Kimura,1,2712
597,1743.4107709750567,1751.208933194,Waisake Raratubua (Japan),Ruck,Red,947039,4,H,3000,Japan,30796,Waisake,Raratubua,1,2713
598,1743.4970895361562,1758.5998983942711,Mason Flesch (Canada),Tackle,Green,947039,5,A,953,Canada,38465,Mason,Flesch,1,2713
599,1746.5538548752834,1768.298876262343,Kanji Shimokawa (Japan),Ruck,Gold,947039,7,H,3000,Japan,30962,Kanji,Shimokawa,1,2717
600,1747.180961626,1752.785261822,Warner Dearns (Japan),Ruck,Green,947039,5,H,3000,Japan,40399,Warner,Dearns,1,2717
601,1749.330992102,1754.330992102,Shuhei Takeuchi (Japan),Carry,Green,947039,3,H,3000,Japan,37874,Shuhei,Takeuchi,1,2718
602,1749.5954293365776,1759.7000022550687,Spencer Jones (Canada),Tackle,Green,947039,12,A,953,Canada,38161,Spencer,Jones,1,2718
603,1750.698807352178,1761.900388878995,Ben LeSage (Canada),Tackle,Green,947039,13,A,953,Canada,25195,Ben,LeSage,1,2718
604,1754.5009977324264,1760.430961078,Charlie Lawrence (Japan),Ruck,Green,947039,12,H,3000,Japan,32522,Charlie,Lawrence,1,2725
605,1755.810384344,1762.809702787,Ben Gunter (Japan),Ruck,Red,947039,6,H,3000,Japan,26283,Ben,Gunter,1,2726
606,1758.419931972789,1773.3999643976758,Sena Kimura (Japan),Kick Retreat,Green,947039,1,H,3000,Japan,58073,Sena,Kimura,1,2727
607,1758.419931972789,1773.3999643976758,Hayate Era (Japan),Kick Retreat,Green,947039,2,H,3000,Japan,61955,Hayate,Era,1,2727
608,1758.419931972789,1773.3999643976758,Shuhei Takeuchi (Japan),Kick Retreat,Green,947039,3,H,3000,Japan,37874,Shuhei,Takeuchi,1,2727
609,1758.419931972789,1773.3999643976758,Waisake Raratubua (Japan),Kick Retreat,Green,947039,4,H,3000,Japan,30796,Waisake,Raratubua,1,2727
610,1758.419931972789,1773.3999643976758,Warner Dearns (Japan),Kick Retreat,Green,947039,5,H,3000,Japan,40399,Warner,Dearns,1,2727
611,1758.419931972789,1773.3999643976758,Ben Gunter (Japan),Kick Retreat,Green,947039,6,H,3000,Japan,26283,Ben,Gunter,1,2727
612,1758.419931972789,1773.3999643976758,Kanji Shimokawa (Japan),Kick Retreat,Green,947039,7,H,3000,Japan,30962,Kanji,Shimokawa,1,2727
613,1758.419931972789,1773.3999643976758,Amato Fakatava (Japan),Kick Retreat,Green,947039,8,H,3000,Japan,36500,Amato,Fakatava,1,2727
614,1758.419931972789,1773.3999643976758,Shinobu Fujiwara (Japan),Kick Retreat,Green,947039,9,H,3000,Japan,30969,Shinobu,Fujiwara,1,2727
615,1758.419931972789,1773.3999643976758,Seungsin Lee (Japan),Kick Retreat,Green,947039,10,H,3000,Japan,37841,Seungsin,Lee,1,2727
616,1758.419931972789,1773.3999643976758,Charlie Lawrence (Japan),Kick Retreat,Green,947039,12,H,3000,Japan,32522,Charlie,Lawrence,1,2727
617,1758.419931972789,1773.3999643976758,Malo Tuitama (Japan),Kick Retreat,Green,947039,11,H,3000,Japan,23585,Malo,Tuitama,1,2727
618,1758.419931972789,1773.3999643976758,Kippei Ishida (Japan),Kick Retreat,Green,947039,14,H,3000,Japan,34036,Kippei,Ishida,1,2727
619,1758.419931972789,1773.3999643976758,Sam Greene (Japan),Kick Retreat,Green,947039,15,H,3000,Japan,22606,Sam,Greene,1,2727
620,1758.4373015873016,1765.411044845,Dylan Riley (Japan),Carry,Green,947039,13,H,3000,Japan,27652,Dylan,Riley,1,2727
621,1758.617029478458,1773.1990283749844,Dylan Riley (Japan),Kick Retreat,Gold,947039,13,H,3000,Japan,27652,Dylan,Riley,1,2731
622,1758.633580622,1763.633580622,Amato Fakatava (Japan),Carry,Green,947039,8,H,3000,Japan,36500,Amato,Fakatava,1,2731
623,1758.8915192743764,1766.318393896,Seungsin Lee (Japan),Tackle,Green,947039,10,H,3000,Japan,37841,Seungsin,Lee,1,2731
624,1759.550546157,1776.1997802548303,Jason Higgins (Canada),Kick Chase,Green,947039,9,A,953,Canada,38159,Jason,Higgins,1,2731
625,1759.550546157,1776.1997802548303,Matt Oworu (Canada),Kick Chase,Green,947039,8,A,953,Canada,39953,Matt,Oworu,1,2731
626,1759.550546157,1776.1997802548303,Lucas Rumball (Canada),Kick Chase,Green,947039,7,A,953,Canada,25183,Lucas,Rumball,1,2731
627,1759.550546157,1776.1997802548303,Sion Parry (Canada),Kick Chase,Green,947039,6,A,953,Canada,59972,Sion,Parry,1,2731
628,1759.550546157,1776.1997802548303,Mason Flesch (Canada),Kick Chase,Green,947039,5,A,953,Canada,38465,Mason,Flesch,1,2731
629,1759.550546157,1776.1997802548303,Piers Von Dadelszen (Canada),Kick Chase,Green,947039,4,A,953,Canada,58473,Piers,Von Dadelszen,1,2731
630,1759.550546157,1776.1997802548303,Cole Keith (Canada),Kick Chase,Green,947039,3,A,953,Canada,27410,Cole,Keith,1,2731
631,1759.550546157,1776.1997802548303,Dewald Kotze (Canada),Kick Chase,Green,947039,2,A,953,Canada,38836,Dewald,Kotze,1,2731
632,1759.550546157,1776.1997802548303,Josiah Morra (Canada),Kick Chase,Green,947039,14,A,953,Canada,27284,Josiah,Morra,1,2731
633,1759.550546157,1776.1997802548303,Ben LeSage (Canada),Kick Chase,Green,947039,13,A,953,Canada,25195,Ben,LeSage,1,2731
634,1759.550546157,1776.1997802548303,Spencer Jones (Canada),Kick Chase,Green,947039,12,A,953,Canada,38161,Spencer,Jones,1,2731
635,1759.550546157,1776.1997802548303,Peter Nelson (Canada),Kick Chase,Green,947039,10,A,953,Canada,19391,Peter,Nelson,1,2731
636,1759.550546157,1776.1997802548303,Calixto Martinez (Canada),Kick Chase,Green,947039,1,A,953,Canada,58656,Calixto,Martinez,1,2731
637,1759.608782406,1774.9000973216114,Shane O'Leary (Canada),Kick Chase,Green,947039,15,A,953,Canada,21278,Shane,O'Leary,1,2731
638,1797.198911564626,1809.122889862,Waisake Raratubua (Japan),Lineout Attack,Green,947039,4,H,3000,Japan,30796,Waisake,Raratubua,1,2807
639,1797.198911564626,1809.122889862,Kanji Shimokawa (Japan),Lineout Attack,Green,947039,7,H,3000,Japan,30962,Kanji,Shimokawa,1,2807
640,1797.394436843,1809.122889862,Warner Dearns (Japan),Lineout Attack,Green,947039,5,H,3000,Japan,40399,Warner,Dearns,1,2807
641,1797.394436843,1809.122889862,Ben Gunter (Japan),Lineout Attack,Green,947039,6,H,3000,Japan,26283,Ben,Gunter,1,2807
642,1797.3983294785417,1806.900044944642,Sion Parry (Canada),Lineout Defence,Green,947039,6,A,953,Canada,59972,Sion,Parry,1,2807
643,1799.3984248253855,1808.499897410648,Sion Parry (Canada),Charge Down,Green,947039,6,A,953,Canada,59972,Sion,Parry,1,2809
644,1801.211354562,1814.4998636597757,Jason Higgins (Canada),Kick Retreat,Green,947039,9,A,953,Canada,38159,Jason,Higgins,1,2813
645,1801.211354562,1814.4998636597757,Matt Oworu (Canada),Kick Retreat,Green,947039,8,A,953,Canada,39953,Matt,Oworu,1,2813
646,1801.211354562,1814.4998636597757,Lucas Rumball (Canada),Kick Retreat,Green,947039,7,A,953,Canada,25183,Lucas,Rumball,1,2813
647,1801.211354562,1814.4998636597757,Mason Flesch (Canada),Kick Retreat,Green,947039,5,A,953,Canada,38465,Mason,Flesch,1,2813
648,1801.211354562,1814.4998636597757,Cole Keith (Canada),Kick Retreat,Green,947039,3,A,953,Canada,27410,Cole,Keith,1,2813
649,1801.211354562,1814.4998636597757,Dewald Kotze (Canada),Kick Retreat,Green,947039,2,A,953,Canada,38836,Dewald,Kotze,1,2813
650,1801.211354562,1814.4998636597757,Josiah Morra (Canada),Kick Retreat,Green,947039,14,A,953,Canada,27284,Josiah,Morra,1,2813
651,1801.211354562,1814.4998636597757,Ben LeSage (Canada),Kick Retreat,Green,947039,13,A,953,Canada,25195,Ben,LeSage,1,2813
652,1801.211354562,1814.4998636597757,Spencer Jones (Canada),Kick Retreat,Green,947039,12,A,953,Canada,38161,Spencer,Jones,1,2813
653,1801.211354562,1814.4998636597757,Nic Benn (Canada),Kick Retreat,Green,947039,11,A,953,Canada,38501,Nic,Benn,1,2813
654,1801.211354562,1814.4998636597757,Calixto Martinez (Canada),Kick Retreat,Green,947039,1,A,953,Canada,58656,Calixto,Martinez,1,2813
655,1801.243139787,1811.7999519694208,Mason Flesch (Canada),Lineout Defence,Yellow,947039,5,A,953,Canada,38465,Mason,Flesch,1,2813
656,1801.243139787,1811.7999519694208,Piers Von Dadelszen (Canada),Lineout Defence,Yellow,947039,4,A,953,Canada,58473,Piers,Von Dadelszen,1,2813
657,1801.4985035316931,1815.5998986292543,Piers Von Dadelszen (Canada),Kick Retreat,Yellow,947039,4,A,953,Canada,58473,Piers,Von Dadelszen,1,2813
658,1801.68258866,1811.7999519694208,Calixto Martinez (Canada),Lineout Defence,Yellow,947039,1,A,953,Canada,58656,Calixto,Martinez,1,2813
659,1801.8983511570052,1815.5998986292543,Sion Parry (Canada),Kick Retreat,Yellow,947039,6,A,953,Canada,59972,Sion,Parry,1,2813
660,1804.122889862,1813.82915561,Sena Kimura (Japan),Kick Chase,Green,947039,1,H,3000,Japan,58073,Sena,Kimura,1,2813
661,1804.122889862,1813.82915561,Hayate Era (Japan),Kick Chase,Green,947039,2,H,3000,Japan,61955,Hayate,Era,1,2813
662,1804.122889862,1813.82915561,Shuhei Takeuchi (Japan),Kick Chase,Green,947039,3,H,3000,Japan,37874,Shuhei,Takeuchi,1,2813
663,1804.122889862,1813.82915561,Waisake Raratubua (Japan),Kick Chase,Green,947039,4,H,3000,Japan,30796,Waisake,Raratubua,1,2813
664,1804.122889862,1813.82915561,Warner Dearns (Japan),Kick Chase,Green,947039,5,H,3000,Japan,40399,Warner,Dearns,1,2813
665,1804.122889862,1813.82915561,Ben Gunter (Japan),Kick Chase,Green,947039,6,H,3000,Japan,26283,Ben,Gunter,1,2813
666,1804.122889862,1813.82915561,Kanji Shimokawa (Japan),Kick Chase,Green,947039,7,H,3000,Japan,30962,Kanji,Shimokawa,1,2813
667,1804.122889862,1813.82915561,Amato Fakatava (Japan),Kick Chase,Green,947039,8,H,3000,Japan,36500,Amato,Fakatava,1,2813
668,1804.122889862,1813.82915561,Charlie Lawrence (Japan),Kick Chase,Green,947039,12,H,3000,Japan,32522,Charlie,Lawrence,1,2813
669,1804.122889862,1813.82915561,Malo Tuitama (Japan),Kick Chase,Green,947039,11,H,3000,Japan,23585,Malo,Tuitama,1,2813
670,1804.122889862,1813.82915561,Dylan Riley (Japan),Kick Chase,Green,947039,13,H,3000,Japan,27652,Dylan,Riley,1,2813
671,1804.122889862,1813.82915561,Kippei Ishida (Japan),Kick Chase,Green,947039,14,H,3000,Japan,34036,Kippei,Ishida,1,2813
672,1807.159954648526,1819.297625141318,Waisake Raratubua (Japan),Kick Retreat,Yellow,947039,4,H,3000,Japan,30796,Waisake,Raratubua,1,2817
673,1807.685351473923,1818.999268127997,Dylan Riley (Japan),Kick Retreat,Yellow,947039,13,H,3000,Japan,27652,Dylan,Riley,1,2817
674,1807.685351473923,1819.4972565453188,Kippei Ishida (Japan),Kick Retreat,Yellow,947039,14,H,3000,Japan,34036,Kippei,Ishida,1,2817
675,1807.968299319728,1820.4000565615772,Jason Higgins (Canada),Kick Chase,Green,947039,9,A,953,Canada,38159,Jason,Higgins,1,2817
676,1807.968299319728,1820.4000565615772,Piers Von Dadelszen (Canada),Kick Chase,Green,947039,4,A,953,Canada,58473,Piers,Von Dadelszen,1,2817
677,1807.968299319728,1820.4000565615772,Dewald Kotze (Canada),Kick Chase,Green,947039,2,A,953,Canada,38836,Dewald,Kotze,1,2817
678,1807.968299319728,1820.4000565615772,Ben LeSage (Canada),Kick Chase,Green,947039,13,A,953,Canada,25195,Ben,LeSage,1,2817
679,1808.3772789115649,1816.264443959,Hayate Era (Japan),Kick Retreat,Yellow,947039,2,H,3000,Japan,61955,Hayate,Era,1,2816
680,1808.3985522979397,1821.7000240137252,Shane O'Leary (Canada),Kick Chase,Gold,947039,15,A,953,Canada,21278,Shane,O'Leary,1,2816
681,1809.024741517,1821.200841494,Sena Kimura (Japan),Kick Retreat,Green,947039,1,H,3000,Japan,58073,Sena,Kimura,1,2816
682,1809.024741517,1821.200841494,Shuhei Takeuchi (Japan),Kick Retreat,Green,947039,3,H,3000,Japan,37874,Shuhei,Takeuchi,1,2816
683,1809.024741517,1821.200841494,Warner Dearns (Japan),Kick Retreat,Green,947039,5,H,3000,Japan,40399,Warner,Dearns,1,2816
684,1809.024741517,1821.200841494,Ben Gunter (Japan),Kick Retreat,Green,947039,6,H,3000,Japan,26283,Ben,Gunter,1,2816
685,1809.024741517,1821.200841494,Kanji Shimokawa (Japan),Kick Retreat,Green,947039,7,H,3000,Japan,30962,Kanji,Shimokawa,1,2816
686,1809.024741517,1821.200841494,Charlie Lawrence (Japan),Kick Retreat,Green,947039,12,H,3000,Japan,32522,Charlie,Lawrence,1,2816
687,1809.024741517,1821.200841494,Malo Tuitama (Japan),Kick Retreat,Green,947039,11,H,3000,Japan,23585,Malo,Tuitama,1,2816
688,1810.5962585034013,1825.765789789,Amato Fakatava (Japan),Linebreak Defence,Red,947039,8,H,3000,Japan,36500,Amato,Fakatava,1,2821
689,1812.095139571,1820.1998489319851,Spencer Jones (Canada),Kick Chase,Yellow,947039,12,A,953,Canada,38161,Spencer,Jones,1,2822
690,1812.9977782170408,1820.1998489319851,Cole Keith (Canada),Kick Chase,Yellow,947039,3,A,953,Canada,27410,Cole,Keith,1,2822
691,1813.09395108,1820.1998489319851,Matt Oworu (Canada),Kick Chase,Yellow,947039,8,A,953,Canada,39953,Matt,Oworu,1,2822
692,1813.09395108,1820.1998489319851,Mason Flesch (Canada),Kick Chase,Yellow,947039,5,A,953,Canada,38465,Mason,Flesch,1,2822
693,1813.09395108,1820.1998489319851,Calixto Martinez (Canada),Kick Chase,Yellow,947039,1,A,953,Canada,58656,Calixto,Martinez,1,2822
694,1813.698276384664,1820.1998489319851,Sion Parry (Canada),Kick Chase,Yellow,947039,6,A,953,Canada,59972,Sion,Parry,1,2826
695,1814.0983134269195,1820.1998489319851,Lucas Rumball (Canada),Kick Chase,Yellow,947039,7,A,953,Canada,25183,Lucas,Rumball,1,2826
696,1815.907023772,1828.9965549873243,Sam Greene (Japan),Tackle,Green,947039,15,H,3000,Japan,22606,Sam,Greene,1,2826
697,1816.497527203528,1820.1998489319851,Josiah Morra (Canada),Kick Chase,Yellow,947039,14,A,953,Canada,27284,Josiah,Morra,1,2827
698,1817.5987715705296,1831.7000542630592,Shane O'Leary (Canada),Carry,Green,947039,15,A,953,Canada,21278,Shane,O'Leary,1,2827
699,1818.620090702948,1829.9989407293028,Shinobu Fujiwara (Japan),Tackle,Gold,947039,9,H,3000,Japan,30969,Shinobu,Fujiwara,1,2829
700,1820.397640907264,1835.3001173359576,Piers Von Dadelszen (Canada),Ruck,Red,947039,4,A,953,Canada,58473,Piers,Von Dadelszen,1,2831
701,1821.0742403628117,1826.0742403628117,Shuhei Takeuchi (Japan),Linebreak Defence,Red,947039,3,H,3000,Japan,37874,Shuhei,Takeuchi,1,2831
702,1821.0742403628117,1826.0742403628117,Waisake Raratubua (Japan),Linebreak Defence,Red,947039,4,H,3000,Japan,30796,Waisake,Raratubua,1,2831
703,1821.0742403628117,1826.0742403628117,Warner Dearns (Japan),Linebreak Defence,Red,947039,5,H,3000,Japan,40399,Warner,Dearns,1,2831
704,1821.0742403628117,1826.0742403628117,Ben Gunter (Japan),Linebreak Defence,Red,947039,6,H,3000,Japan,26283,Ben,Gunter,1,2831
705,1821.0742403628117,1826.0742403628117,Malo Tuitama (Japan),Linebreak Defence,Red,947039,11,H,3000,Japan,23585,Malo,Tuitama,1,2831
706,1821.0742403628117,1826.0742403628117,Kippei Ishida (Japan),Linebreak Defence,Red,947039,14,H,3000,Japan,34036,Kippei,Ishida,1,2831
707,1822.154693877551,1827.154693877551,Shinobu Fujiwara (Japan),Tackle,Green,947039,9,H,3000,Japan,30969,Shinobu,Fujiwara,1,2832
708,1822.798584009916,1837.4002265392176,Dewald Kotze (Canada),Ruck,Green,947039,2,A,953,Canada,38836,Dewald,Kotze,1,2833
709,1823.9984125472367,1837.687962822681,Jason Higgins (Canada),Carry,Green,947039,9,A,953,Canada,38159,Jason,Higgins,1,2834
710,1824.1979924255652,1837.4002265392176,Ben LeSage (Canada),Ruck,Green,947039,13,A,953,Canada,25195,Ben,LeSage,1,2834
711,1825.032562358277,1830.032562358277,Warner Dearns (Japan),Phase Defence,Red,947039,5,H,3000,Japan,40399,Warner,Dearns,1,2836
712,1825.575876196,1833.892456535,Seungsin Lee (Japan),Tackle,Red,947039,10,H,3000,Japan,37841,Seungsin,Lee,1,2836
713,1825.9977130043249,1846.9999181238863,Sion Parry (Canada),Carry,Red,947039,6,A,953,Canada,59972,Sion,Parry,1,2837
714,1827.09179138322,1832.09179138322,Amato Fakatava (Japan),Jackler,Green,947039,8,H,3000,Japan,36500,Amato,Fakatava,1,2837
715,1828.4986681785335,1847.699981844848,Cole Keith (Canada),Ruck,Green,947039,3,A,953,Canada,27410,Cole,Keith,1,2837
716,1830.098155221588,1847.699981844848,Ben LeSage (Canada),Ruck,Green,947039,13,A,953,Canada,25195,Ben,LeSage,1,2841
717,1831.797285096255,1847.699981844848,Matt Oworu (Canada),Ruck,Green,947039,8,A,953,Canada,39953,Matt,Oworu,1,2835
718,1833.6986435539209,1847.699981844848,Calixto Martinez (Canada),Ruck,Green,947039,1,A,953,Canada,58656,Calixto,Martinez,1,2844
719,1936.06589569161,1949.9986215829892,Kippei Ishida (Japan),Kick Chase,Gold,947039,14,H,3000,Japan,34036,Kippei,Ishida,1,3001
720,1944.330385487528,1951.199376532,Hayate Era (Japan),Tackle,Green,947039,2,H,3000,Japan,61955,Hayate,Era,1,3013
721,1945.456560376,1950.456560376,Kippei Ishida (Japan),Tackle,Green,947039,14,H,3000,Japan,34036,Kippei,Ishida,1,3013
722,1947.98787478,1952.98787478,Ben Gunter (Japan),Tackle,Green,947039,6,H,3000,Japan,26283,Ben,Gunter,1,3010
723,1949.37869918,1954.37869918,Hayate Era (Japan),Jackler,Green,947039,2,H,3000,Japan,61955,Hayate,Era,1,3010
724,1949.981871493,1954.981871493,Ben Gunter (Japan),Jackler,Green,947039,6,H,3000,Japan,26283,Ben,Gunter,1,3019
725,2005.241882086,2018.6999105123548,Sion Parry (Canada),Lineout Attack,Green,947039,6,A,953,Canada,59972,Sion,Parry,1,3101
726,2005.241882086,2018.6999105123548,Mason Flesch (Canada),Lineout Attack,Green,947039,5,A,953,Canada,38465,Mason,Flesch,1,3101
727,2005.241882086,2018.6999105123548,Piers Von Dadelszen (Canada),Lineout Attack,Green,947039,4,A,953,Canada,58473,Piers,Von Dadelszen,1,3101
728,2005.241882086,2018.6999105123548,Cole Keith (Canada),Lineout Attack,Green,947039,3,A,953,Canada,27410,Cole,Keith,1,3101
729,2005.241882086,2018.6999105123548,Dewald Kotze (Canada),Lineout Attack,Green,947039,2,A,953,Canada,38836,Dewald,Kotze,1,3101
730,2005.241882086,2018.6999105123548,Calixto Martinez (Canada),Lineout Attack,Green,947039,1,A,953,Canada,58656,Calixto,Martinez,1,3101
731,2006.889365079365,2020.463170631,Sena Kimura (Japan),Lineout Defence,Green,947039,1,H,3000,Japan,58073,Sena,Kimura,1,3103
732,2006.889365079365,2020.463170631,Shuhei Takeuchi (Japan),Lineout Defence,Green,947039,3,H,3000,Japan,37874,Shuhei,Takeuchi,1,3103
733,2006.889365079365,2020.463170631,Warner Dearns (Japan),Lineout Defence,Green,947039,5,H,3000,Japan,40399,Warner,Dearns,1,3103
734,2006.889365079365,2020.463170631,Ben Gunter (Japan),Lineout Defence,Green,947039,6,H,3000,Japan,26283,Ben,Gunter,1,3103
735,2007.062717323,2020.463170631,Kanji Shimokawa (Japan),Lineout Defence,Green,947039,7,H,3000,Japan,30962,Kanji,Shimokawa,1,3103
736,2012.7983878501957,2028.3998890717544,Matt Oworu (Canada),Carry,Green,947039,8,A,953,Canada,39953,Matt,Oworu,1,3109
737,2014.1982844840456,2025.3000090516775,Lucas Rumball (Canada),Ruck,Green,947039,7,A,953,Canada,25183,Lucas,Rumball,1,3110
738,2014.3933106575964,2033.601017726338,Sena Kimura (Japan),Kick Retreat,Green,947039,1,H,3000,Japan,58073,Sena,Kimura,1,3110
739,2014.3933106575964,2033.601017726338,Hayate Era (Japan),Kick Retreat,Green,947039,2,H,3000,Japan,61955,Hayate,Era,1,3110
740,2014.3933106575964,2033.601017726338,Shuhei Takeuchi (Japan),Kick Retreat,Green,947039,3,H,3000,Japan,37874,Shuhei,Takeuchi,1,3110
741,2014.3933106575964,2033.601017726338,Warner Dearns (Japan),Kick Retreat,Green,947039,5,H,3000,Japan,40399,Warner,Dearns,1,3110
742,2014.3933106575964,2033.601017726338,Ben Gunter (Japan),Kick Retreat,Green,947039,6,H,3000,Japan,26283,Ben,Gunter,1,3110
743,2014.3933106575964,2033.601017726338,Kanji Shimokawa (Japan),Kick Retreat,Green,947039,7,H,3000,Japan,30962,Kanji,Shimokawa,1,3110
744,2014.3933106575964,2033.601017726338,Amato Fakatava (Japan),Kick Retreat,Green,947039,8,H,3000,Japan,36500,Amato,Fakatava,1,3110
745,2014.3933106575964,2033.601017726338,Shinobu Fujiwara (Japan),Kick Retreat,Green,947039,9,H,3000,Japan,30969,Shinobu,Fujiwara,1,3110
746,2014.3933106575964,2033.601017726338,Seungsin Lee (Japan),Kick Retreat,Green,947039,10,H,3000,Japan,37841,Seungsin,Lee,1,3110
747,2014.3933106575964,2033.601017726338,Charlie Lawrence (Japan),Kick Retreat,Green,947039,12,H,3000,Japan,32522,Charlie,Lawrence,1,3110
748,2014.3933106575964,2033.601017726338,Malo Tuitama (Japan),Kick Retreat,Green,947039,11,H,3000,Japan,23585,Malo,Tuitama,1,3110
749,2014.3933106575964,2033.601017726338,Dylan Riley (Japan),Kick Retreat,Green,947039,13,H,3000,Japan,27652,Dylan,Riley,1,3110
750,2014.7981706500964,2025.3000090516775,Spencer Jones (Canada),Ruck,Green,947039,12,A,953,Canada,38161,Spencer,Jones,1,3110
751,2014.822032868,2019.822032868,Charlie Lawrence (Japan),Tackle,Green,947039,12,H,3000,Japan,32522,Charlie,Lawrence,1,3110
752,2015.134883165,2029.199707260671,Jason Higgins (Canada),Kick Chase,Green,947039,9,A,953,Canada,38159,Jason,Higgins,1,3110
753,2015.134883165,2029.199707260671,Matt Oworu (Canada),Kick Chase,Green,947039,8,A,953,Canada,39953,Matt,Oworu,1,3110
754,2015.134883165,2029.199707260671,Lucas Rumball (Canada),Kick Chase,Green,947039,7,A,953,Canada,25183,Lucas,Rumball,1,3110
755,2015.134883165,2029.199707260671,Sion Parry (Canada),Kick Chase,Green,947039,6,A,953,Canada,59972,Sion,Parry,1,3110
756,2015.134883165,2029.199707260671,Mason Flesch (Canada),Kick Chase,Green,947039,5,A,953,Canada,38465,Mason,Flesch,1,3110
757,2015.134883165,2029.199707260671,Piers Von Dadelszen (Canada),Kick Chase,Green,947039,4,A,953,Canada,58473,Piers,Von Dadelszen,1,3110
758,2015.134883165,2029.199707260671,Cole Keith (Canada),Kick Chase,Green,947039,3,A,953,Canada,27410,Cole,Keith,1,3110
759,2015.134883165,2029.199707260671,Dewald Kotze (Canada),Kick Chase,Green,947039,2,A,953,Canada,38836,Dewald,Kotze,1,3110
760,2015.134883165,2029.199707260671,Josiah Morra (Canada),Kick Chase,Green,947039,14,A,953,Canada,27284,Josiah,Morra,1,3110
761,2015.134883165,2029.199707260671,Ben LeSage (Canada),Kick Chase,Green,947039,13,A,953,Canada,25195,Ben,LeSage,1,3110
762,2015.134883165,2029.199707260671,Spencer Jones (Canada),Kick Chase,Green,947039,12,A,953,Canada,38161,Spencer,Jones,1,3110
763,2015.134883165,2029.199707260671,Nic Benn (Canada),Kick Chase,Green,947039,11,A,953,Canada,38501,Nic,Benn,1,3110
764,2015.134883165,2029.199707260671,Calixto Martinez (Canada),Kick Chase,Green,947039,1,A,953,Canada,58656,Calixto,Martinez,1,3110
765,2015.950947852,2020.950947852,Amato Fakatava (Japan),Tackle,Green,947039,8,H,3000,Japan,36500,Amato,Fakatava,1,3113
766,2020.2985506564864,2030.299991892635,Sion Parry (Canada),Tackle,Green,947039,6,A,953,Canada,59972,Sion,Parry,1,3117
767,2025.5983228913933,2038.599909117268,Sion Parry (Canada),Jackler,Red,947039,6,A,953,Canada,59972,Sion,Parry,1,3122
768,2028.6980832868676,2054.3999184559475,Cole Keith (Canada),Tackle,Green,947039,3,A,953,Canada,27410,Cole,Keith,1,3125
769,2028.801204957,2038.632642441,Ben Gunter (Japan),Ruck,Red,947039,6,H,3000,Japan,26283,Ben,Gunter,1,3125
770,2029.377052154195,2034.377052154195,Shuhei Takeuchi (Japan),Carry,Green,947039,3,H,3000,Japan,37874,Shuhei,Takeuchi,1,3125
771,2029.678299319728,2038.529813494,Amato Fakatava (Japan),Ruck,Green,947039,8,H,3000,Japan,36500,Amato,Fakatava,1,3125
772,2029.995760954,2036.794317316,Hayate Era (Japan),Ruck,Green,947039,2,H,3000,Japan,61955,Hayate,Era,1,3125
773,2030.3982217863052,2054.3999184559475,Matt Oworu (Canada),Tackle,Green,947039,8,A,953,Canada,39953,Matt,Oworu,1,3125
774,2031.381201814059,2037.003298295,Kippei Ishida (Japan),Carry,Green,947039,14,H,3000,Japan,34036,Kippei,Ishida,1,3125
775,2031.794317316,2036.794317316,Warner Dearns (Japan),Ruck,Green,947039,5,H,3000,Japan,40399,Warner,Dearns,1,3125
776,2031.794317316,2036.794317316,Dylan Riley (Japan),Ruck,Green,947039,13,H,3000,Japan,27652,Dylan,Riley,1,3125
777,2032.003298295,2037.003298295,Sena Kimura (Japan),Ruck,Red,947039,1,H,3000,Japan,58073,Sena,Kimura,1,3125
778,2043.29870505829,2053.3000050001797,Piers Von Dadelszen (Canada),Charge Down,Green,947039,4,A,953,Canada,58473,Piers,Von Dadelszen,1,3142
779,2044.151749818,2057.7999946096784,Jason Higgins (Canada),Kick Retreat,Green,947039,9,A,953,Canada,38159,Jason,Higgins,1,3142
780,2044.151749818,2057.7999946096784,Matt Oworu (Canada),Kick Retreat,Green,947039,8,A,953,Canada,39953,Matt,Oworu,1,3142
781,2044.151749818,2057.7999946096784,Lucas Rumball (Canada),Kick Retreat,Green,947039,7,A,953,Canada,25183,Lucas,Rumball,1,3142
782,2044.151749818,2057.7999946096784,Sion Parry (Canada),Kick Retreat,Green,947039,6,A,953,Canada,59972,Sion,Parry,1,3142
783,2044.151749818,2057.7999946096784,Mason Flesch (Canada),Kick Retreat,Green,947039,5,A,953,Canada,38465,Mason,Flesch,1,3142
784,2044.151749818,2057.7999946096784,Piers Von Dadelszen (Canada),Kick Retreat,Green,947039,4,A,953,Canada,58473,Piers,Von Dadelszen,1,3142
785,2044.151749818,2057.7999946096784,Cole Keith (Canada),Kick Retreat,Green,947039,3,A,953,Canada,27410,Cole,Keith,1,3142
786,2044.151749818,2057.7999946096784,Dewald Kotze (Canada),Kick Retreat,Green,947039,2,A,953,Canada,38836,Dewald,Kotze,1,3142
787,2044.151749818,2057.7999946096784,Ben LeSage (Canada),Kick Retreat,Green,947039,13,A,953,Canada,25195,Ben,LeSage,1,3142
788,2044.151749818,2057.7999946096784,Spencer Jones (Canada),Kick Retreat,Green,947039,12,A,953,Canada,38161,Spencer,Jones,1,3142
789,2044.151749818,2057.7999946096784,Nic Benn (Canada),Kick Retreat,Green,947039,11,A,953,Canada,38501,Nic,Benn,1,3142
790,2044.151749818,2057.7999946096784,Calixto Martinez (Canada),Kick Retreat,Green,947039,1,A,953,Canada,58656,Calixto,Martinez,1,3142
791,2096.529835883,2125.2999380558335,Lucas Rumball (Canada),Lineout Attack,Green,947039,7,A,953,Canada,25183,Lucas,Rumball,1,3234
792,2096.529835883,2125.2999380558335,Mason Flesch (Canada),Lineout Attack,Green,947039,5,A,953,Canada,38465,Mason,Flesch,1,3234
793,2096.529835883,2125.2999380558335,Piers Von Dadelszen (Canada),Lineout Attack,Green,947039,4,A,953,Canada,58473,Piers,Von Dadelszen,1,3234
794,2096.529835883,2125.2999380558335,Calixto Martinez (Canada),Lineout Attack,Green,947039,1,A,953,Canada,58656,Calixto,Martinez,1,3234
795,2097.097620972615,2130.1000021629775,Cole Keith (Canada),Lineout Attack,Red,947039,3,A,953,Canada,27410,Cole,Keith,1,3234
796,2097.6995335562133,2130.1000021629775,Dewald Kotze (Canada),Lineout Attack,Red,947039,2,A,953,Canada,38836,Dewald,Kotze,1,3234
797,2098.590839002268,2124.7514512471657,Sena Kimura (Japan),Lineout Defence,Green,947039,1,H,3000,Japan,58073,Sena,Kimura,1,3234
798,2098.590839002268,2124.7514512471657,Shuhei Takeuchi (Japan),Lineout Defence,Green,947039,3,H,3000,Japan,37874,Shuhei,Takeuchi,1,3234
799,2098.8988313447635,2125.2999380558335,Sion Parry (Canada),Lineout Attack,Green,947039,6,A,953,Canada,59972,Sion,Parry,1,3234
800,2098.971914068,2124.7514512471657,Warner Dearns (Japan),Lineout Defence,Green,947039,5,H,3000,Japan,40399,Warner,Dearns,1,3234
801,2098.971914068,2124.7514512471657,Kanji Shimokawa (Japan),Lineout Defence,Green,947039,7,H,3000,Japan,30962,Kanji,Shimokawa,1,3234
802,2099.952578485,2124.7514512471657,Ben Gunter (Japan),Lineout Defence,Green,947039,6,H,3000,Japan,26283,Ben,Gunter,1,3234
803,2111.6983400273543,2128.400323614015,Cole Keith (Canada),Ruck,Green,947039,3,A,953,Canada,27410,Cole,Keith,1,3248
804,2113.698572973974,2127.8999758500927,Dewald Kotze (Canada),Carry,Green,947039,2,A,953,Canada,38836,Dewald,Kotze,1,3250
805,2115.2978060995747,2128.400323614015,Piers Von Dadelszen (Canada),Ruck,Green,947039,4,A,953,Canada,58473,Piers,Von Dadelszen,1,3252
806,2117.297717136307,2135.200187475027,Spencer Jones (Canada),Carry,Green,947039,12,A,953,Canada,38161,Spencer,Jones,1,3254
807,2120.6981638039383,2135.600483391703,Matt Oworu (Canada),Ruck,Green,947039,8,A,953,Canada,39953,Matt,Oworu,1,3257
808,2121.39797547082,2135.600483391703,Sion Parry (Canada),Ruck,Yellow,947039,6,A,953,Canada,59972,Sion,Parry,1,3259
809,2124.6987665516235,2140.299909941988,Lucas Rumball (Canada),Ruck,Green,947039,7,A,953,Canada,25183,Lucas,Rumball,1,3302
810,2125.35843537415,2134.097934565665,Ben Gunter (Japan),Tackle,Green,947039,6,H,3000,Japan,26283,Ben,Gunter,1,3302
811,2125.398044947912,2142.100009519259,Mason Flesch (Canada),Carry,Red,947039,5,A,953,Canada,38465,Mason,Flesch,1,3302
812,2125.89711473193,2140.299909941988,Calixto Martinez (Canada),Ruck,Yellow,947039,1,A,953,Canada,58656,Calixto,Martinez,1,3304
813,2126.0868027210886,2132.836988924,Amato Fakatava (Japan),Tackle,Green,947039,8,H,3000,Japan,36500,Amato,Fakatava,1,3304
814,2126.1490702947845,2147.89920992234,Kanji Shimokawa (Japan),Tackle,Gold,947039,7,H,3000,Japan,30962,Kanji,Shimokawa,1,3304
815,2127.298551762004,2144.4000213882723,Josiah Morra (Canada),Kick Chase,Green,947039,14,A,953,Canada,27284,Josiah,Morra,1,3304
816,2129.4046442,2140.2999715620067,Sion Parry (Canada),Kick Chase,Yellow,947039,6,A,953,Canada,59972,Sion,Parry,1,3308
817,2129.599296717641,2145.399774217662,Shane O'Leary (Canada),Kick Chase,Gold,947039,15,A,953,Canada,21278,Shane,O'Leary,1,3308
818,2129.64249519,2142.300006851129,Jason Higgins (Canada),Kick Chase,Green,947039,9,A,953,Canada,38159,Jason,Higgins,1,3308
819,2129.64249519,2142.300006851129,Matt Oworu (Canada),Kick Chase,Green,947039,8,A,953,Canada,39953,Matt,Oworu,1,3308
820,2129.64249519,2142.300006851129,Lucas Rumball (Canada),Kick Chase,Green,947039,7,A,953,Canada,25183,Lucas,Rumball,1,3308
821,2129.64249519,2142.300006851129,Piers Von Dadelszen (Canada),Kick Chase,Green,947039,4,A,953,Canada,58473,Piers,Von Dadelszen,1,3308
822,2129.64249519,2142.300006851129,Cole Keith (Canada),Kick Chase,Green,947039,3,A,953,Canada,27410,Cole,Keith,1,3308
823,2129.64249519,2142.300006851129,Ben LeSage (Canada),Kick Chase,Green,947039,13,A,953,Canada,25195,Ben,LeSage,1,3308
824,2129.64249519,2142.300006851129,Spencer Jones (Canada),Kick Chase,Green,947039,12,A,953,Canada,38161,Spencer,Jones,1,3308
825,2130.2990129881946,2140.2999715620067,Dewald Kotze (Canada),Kick Chase,Yellow,947039,2,A,953,Canada,38836,Dewald,Kotze,1,3308
826,2130.675679349,2141.53179046,Sena Kimura (Japan),Kick Retreat,Green,947039,1,H,3000,Japan,58073,Sena,Kimura,1,3308
827,2130.675679349,2141.53179046,Hayate Era (Japan),Kick Retreat,Green,947039,2,H,3000,Japan,61955,Hayate,Era,1,3308
828,2130.675679349,2141.53179046,Shuhei Takeuchi (Japan),Kick Retreat,Green,947039,3,H,3000,Japan,37874,Shuhei,Takeuchi,1,3308
829,2130.675679349,2141.53179046,Warner Dearns (Japan),Kick Retreat,Green,947039,5,H,3000,Japan,40399,Warner,Dearns,1,3308
830,2130.675679349,2141.53179046,Ben Gunter (Japan),Kick Retreat,Green,947039,6,H,3000,Japan,26283,Ben,Gunter,1,3308
831,2130.675679349,2141.53179046,Kanji Shimokawa (Japan),Kick Retreat,Green,947039,7,H,3000,Japan,30962,Kanji,Shimokawa,1,3308
832,2130.675679349,2141.53179046,Amato Fakatava (Japan),Kick Retreat,Green,947039,8,H,3000,Japan,36500,Amato,Fakatava,1,3308
833,2130.981845788,2141.53179046,Charlie Lawrence (Japan),Kick Retreat,Green,947039,12,H,3000,Japan,32522,Charlie,Lawrence,1,3308
834,2130.981845788,2141.53179046,Malo Tuitama (Japan),Kick Retreat,Green,947039,11,H,3000,Japan,23585,Malo,Tuitama,1,3308
835,2130.981845788,2141.53179046,Dylan Riley (Japan),Kick Retreat,Green,947039,13,H,3000,Japan,27652,Dylan,Riley,1,3308
836,2130.981845788,2141.53179046,Kippei Ishida (Japan),Kick Retreat,Green,947039,14,H,3000,Japan,34036,Kippei,Ishida,1,3308
837,2131.2987942629275,2140.2999715620067,Calixto Martinez (Canada),Kick Chase,Yellow,947039,1,A,953,Canada,58656,Calixto,Martinez,1,3308
838,2131.678095238095,2141.53179046,Seungsin Lee (Japan),Kick Retreat,Green,947039,10,H,3000,Japan,37841,Seungsin,Lee,1,3308
839,2133.3960618703286,2141.53179046,Shinobu Fujiwara (Japan),Kick Retreat,Green,947039,9,H,3000,Japan,30969,Shinobu,Fujiwara,1,3311
840,2134.3982788884946,2140.2999715620067,Mason Flesch (Canada),Kick Chase,Yellow,947039,5,A,953,Canada,38465,Mason,Flesch,1,3312
841,2136.997751203855,2149.500048172268,Josiah Morra (Canada),Carry,Green,947039,14,A,953,Canada,27284,Josiah,Morra,1,3314
842,2138.0984304809895,2149.199967064532,Peter Nelson (Canada),Ruck,Green,947039,10,A,953,Canada,19391,Peter,Nelson,1,3315
843,2140.197356203065,2156.500000246352,Lucas Rumball (Canada),Tackle,Red,947039,7,A,953,Canada,25183,Lucas,Rumball,1,3317
844,2142.581026859,2147.581026859,Kanji Shimokawa (Japan),Jackler,Green,947039,7,H,3000,Japan,30962,Kanji,Shimokawa,1,3317
845,2142.581026859,2147.581026859,Kippei Ishida (Japan),Jackler,Green,947039,14,H,3000,Japan,34036,Kippei,Ishida,1,3317
846,2142.944385563,2147.944385563,Shuhei Takeuchi (Japan),Jackler,Green,947039,3,H,3000,Japan,37874,Shuhei,Takeuchi,1,3317
847,2143.0996825396824,2148.0996825396824,Sam Greene (Japan),Carry,Green,947039,15,H,3000,Japan,22606,Sam,Greene,1,3317
848,2144.564036281179,2161.622593248,Sena Kimura (Japan),Kick Retreat,Green,947039,1,H,3000,Japan,58073,Sena,Kimura,1,3317
849,2144.564036281179,2161.622593248,Hayate Era (Japan),Kick Retreat,Green,947039,2,H,3000,Japan,61955,Hayate,Era,1,3317
850,2144.564036281179,2161.622593248,Shuhei Takeuchi (Japan),Kick Retreat,Green,947039,3,H,3000,Japan,37874,Shuhei,Takeuchi,1,3317
851,2144.564036281179,2161.622593248,Warner Dearns (Japan),Kick Retreat,Green,947039,5,H,3000,Japan,40399,Warner,Dearns,1,3317
852,2144.564036281179,2161.622593248,Ben Gunter (Japan),Kick Retreat,Green,947039,6,H,3000,Japan,26283,Ben,Gunter,1,3317
853,2144.564036281179,2161.622593248,Kanji Shimokawa (Japan),Kick Retreat,Green,947039,7,H,3000,Japan,30962,Kanji,Shimokawa,1,3317
854,2144.564036281179,2161.622593248,Amato Fakatava (Japan),Kick Retreat,Green,947039,8,H,3000,Japan,36500,Amato,Fakatava,1,3317
855,2144.564036281179,2161.622593248,Charlie Lawrence (Japan),Kick Retreat,Green,947039,12,H,3000,Japan,32522,Charlie,Lawrence,1,3317
856,2144.564036281179,2161.622593248,Kippei Ishida (Japan),Kick Retreat,Green,947039,14,H,3000,Japan,34036,Kippei,Ishida,1,3317
857,2145.094147773,2159.799901555644,Sion Parry (Canada),Kick Chase,Yellow,947039,6,A,953,Canada,59972,Sion,Parry,1,3320
858,2145.361631244,2161.1999915527276,Jason Higgins (Canada),Kick Chase,Green,947039,9,A,953,Canada,38159,Jason,Higgins,1,3320
859,2145.361631244,2161.1999915527276,Mason Flesch (Canada),Kick Chase,Yellow,947039,5,A,953,Canada,38465,Mason,Flesch,1,3320
860,2145.361631244,2161.1999915527276,Piers Von Dadelszen (Canada),Kick Chase,Green,947039,4,A,953,Canada,58473,Piers,Von Dadelszen,1,3320
861,2145.361631244,2161.1999915527276,Dewald Kotze (Canada),Kick Chase,Green,947039,2,A,953,Canada,38836,Dewald,Kotze,1,3320
862,2145.361631244,2161.1999915527276,Shane O'Leary (Canada),Kick Chase,Green,947039,15,A,953,Canada,21278,Shane,O'Leary,1,3320
863,2145.361631244,2161.1999915527276,Josiah Morra (Canada),Kick Chase,Green,947039,14,A,953,Canada,27284,Josiah,Morra,1,3320
864,2145.361631244,2161.1999915527276,Ben LeSage (Canada),Kick Chase,Green,947039,13,A,953,Canada,25195,Ben,LeSage,1,3320
865,2145.361631244,2161.1999915527276,Spencer Jones (Canada),Kick Chase,Green,947039,12,A,953,Canada,38161,Spencer,Jones,1,3320
866,2145.494081632653,2160.4966084383223,Dylan Riley (Japan),Kick Retreat,Yellow,947039,13,H,3000,Japan,27652,Dylan,Riley,1,3320
867,2148.2988919609047,2159.799901555644,Calixto Martinez (Canada),Kick Chase,Yellow,947039,1,A,953,Canada,58656,Calixto,Martinez,1,3320
868,2148.568534295,2161.622593248,Shinobu Fujiwara (Japan),Kick Retreat,Green,947039,9,H,3000,Japan,30969,Shinobu,Fujiwara,1,3320
869,2148.568534295,2161.622593248,Seungsin Lee (Japan),Kick Retreat,Green,947039,10,H,3000,Japan,37841,Seungsin,Lee,1,3320
870,2149.09807375224,2159.799901555644,Lucas Rumball (Canada),Kick Chase,Yellow,947039,7,A,953,Canada,25183,Lucas,Rumball,1,3320
871,2150.114221643,2161.622593248,Sam Greene (Japan),Kick Retreat,Green,947039,15,H,3000,Japan,22606,Sam,Greene,1,3320
872,2150.698785853965,2159.799901555644,Cole Keith (Canada),Kick Chase,Yellow,947039,3,A,953,Canada,27410,Cole,Keith,1,3320
873,2154.4797505668935,2172.226157356,Sena Kimura (Japan),Kick Chase,Green,947039,1,H,3000,Japan,58073,Sena,Kimura,1,3329
874,2154.4797505668935,2172.226157356,Hayate Era (Japan),Kick Chase,Green,947039,2,H,3000,Japan,61955,Hayate,Era,1,3329
875,2154.4797505668935,2172.226157356,Warner Dearns (Japan),Kick Chase,Green,947039,5,H,3000,Japan,40399,Warner,Dearns,1,3329
876,2154.4797505668935,2172.226157356,Kanji Shimokawa (Japan),Kick Chase,Green,947039,7,H,3000,Japan,30962,Kanji,Shimokawa,1,3329
877,2154.4797505668935,2172.226157356,Amato Fakatava (Japan),Kick Chase,Green,947039,8,H,3000,Japan,36500,Amato,Fakatava,1,3329
878,2154.5985623227903,2163.3999643790194,Spencer Jones (Canada),Charge Down,Green,947039,12,A,953,Canada,38161,Spencer,Jones,1,3329
879,2154.817591376,2172.226157356,Charlie Lawrence (Japan),Kick Chase,Green,947039,12,H,3000,Japan,32522,Charlie,Lawrence,1,3329
880,2154.817591376,2172.226157356,Malo Tuitama (Japan),Kick Chase,Green,947039,11,H,3000,Japan,23585,Malo,Tuitama,1,3329
881,2154.817591376,2172.226157356,Dylan Riley (Japan),Kick Chase,Green,947039,13,H,3000,Japan,27652,Dylan,Riley,1,3329
882,2154.817591376,2172.226157356,Kippei Ishida (Japan),Kick Chase,Green,947039,14,H,3000,Japan,34036,Kippei,Ishida,1,3329
883,2156.433097836,2171.4999335992957,Mason Flesch (Canada),Kick Retreat,Yellow,947039,5,A,953,Canada,38465,Mason,Flesch,1,3329
884,2156.433097836,2171.4999335992957,Piers Von Dadelszen (Canada),Kick Retreat,Yellow,947039,4,A,953,Canada,58473,Piers,Von Dadelszen,1,3329
885,2156.484370023,2171.4999335992957,Cole Keith (Canada),Kick Retreat,Yellow,947039,3,A,953,Canada,27410,Cole,Keith,1,3329
886,2156.484370023,2171.4999335992957,Dewald Kotze (Canada),Kick Retreat,Yellow,947039,2,A,953,Canada,38836,Dewald,Kotze,1,3329
887,2157.019881994,2171.4999335992957,Lucas Rumball (Canada),Kick Retreat,Yellow,947039,7,A,953,Canada,25183,Lucas,Rumball,1,3329
888,2158.325948519,2170.799921934223,Jason Higgins (Canada),Kick Retreat,Green,947039,9,A,953,Canada,38159,Jason,Higgins,1,3337
889,2158.325948519,2170.799921934223,Shane O'Leary (Canada),Kick Retreat,Green,947039,15,A,953,Canada,21278,Shane,O'Leary,1,3337
890,2158.325948519,2170.799921934223,Josiah Morra (Canada),Kick Retreat,Green,947039,14,A,953,Canada,27284,Josiah,Morra,1,3337
891,2158.325948519,2170.799921934223,Ben LeSage (Canada),Kick Retreat,Green,947039,13,A,953,Canada,25195,Ben,LeSage,1,3337
892,2158.325948519,2170.799921934223,Spencer Jones (Canada),Kick Retreat,Green,947039,12,A,953,Canada,38161,Spencer,Jones,1,3337
893,2158.325948519,2170.799921934223,Calixto Martinez (Canada),Kick Retreat,Green,947039,1,A,953,Canada,58656,Calixto,Martinez,1,3337
894,2158.3985117468,2171.4999335992957,Matt Oworu (Canada),Kick Retreat,Yellow,947039,8,A,953,Canada,39953,Matt,Oworu,1,3337
895,2159.098519413684,2171.4999335992957,Sion Parry (Canada),Kick Retreat,Yellow,947039,6,A,953,Canada,59972,Sion,Parry,1,3337
896,2160.0833333333335,2173.8982185420164,Ben Gunter (Japan),Kick Chase,Red,947039,6,H,3000,Japan,26283,Ben,Gunter,1,3337
897,2162.8302494331065,2173.9995369703206,Shuhei Takeuchi (Japan),Kick Chase,Red,947039,3,H,3000,Japan,37874,Shuhei,Takeuchi,1,3340
898,2163.098471742629,2180.3004444520025,Nic Benn (Canada),Carry,Green,947039,11,A,953,Canada,38501,Nic,Benn,1,3340
899,2164.3986274858603,2179.4000087132117,Matt Oworu (Canada),Ruck,Yellow,947039,8,A,953,Canada,39953,Matt,Oworu,1,3341
900,2165.15433106576,2170.15433106576,Amato Fakatava (Japan),Jackler,Green,947039,8,H,3000,Japan,36500,Amato,Fakatava,1,3341
901,2165.7966666666666,2173.198773828,Warner Dearns (Japan),Tackle,Red,947039,5,H,3000,Japan,40399,Warner,Dearns,1,3343
902,2165.8985489868355,2179.4000087132117,Dewald Kotze (Canada),Ruck,Green,947039,2,A,953,Canada,38836,Dewald,Kotze,1,3343
903,2168.077097505669,2180.918665586,Sena Kimura (Japan),Tackle,Green,947039,1,H,3000,Japan,58073,Sena,Kimura,1,3346
904,2168.3987257050417,2187.3999884316954,Cole Keith (Canada),Carry,Red,947039,3,A,953,Canada,27410,Cole,Keith,1,3346
905,2169.598735337542,2184.3000711361265,Piers Von Dadelszen (Canada),Ruck,Green,947039,4,A,953,Canada,58473,Piers,Von Dadelszen,1,3346
906,2171.198495294154,2184.3000711361265,Calixto Martinez (Canada),Ruck,Green,947039,1,A,953,Canada,58656,Calixto,Martinez,1,3349
907,2171.5983555900298,2182.8999215723475,Ben LeSage (Canada),Kick Chase,Yellow,947039,13,A,953,Canada,25195,Ben,LeSage,1,3349
908,2171.879284213,2184.5998350031473,Jason Higgins (Canada),Kick Chase,Green,947039,9,A,953,Canada,38159,Jason,Higgins,1,3349
909,2171.879284213,2184.5998350031473,Matt Oworu (Canada),Kick Chase,Green,947039,8,A,953,Canada,39953,Matt,Oworu,1,3349
910,2171.879284213,2184.5998350031473,Lucas Rumball (Canada),Kick Chase,Green,947039,7,A,953,Canada,25183,Lucas,Rumball,1,3349
911,2171.879284213,2184.5998350031473,Sion Parry (Canada),Kick Chase,Green,947039,6,A,953,Canada,59972,Sion,Parry,1,3349
912,2171.879284213,2184.5998350031473,Mason Flesch (Canada),Kick Chase,Green,947039,5,A,953,Canada,38465,Mason,Flesch,1,3349
913,2171.879284213,2184.5998350031473,Piers Von Dadelszen (Canada),Kick Chase,Green,947039,4,A,953,Canada,58473,Piers,Von Dadelszen,1,3349
914,2171.879284213,2184.5998350031473,Cole Keith (Canada),Kick Chase,Green,947039,3,A,953,Canada,27410,Cole,Keith,1,3349
915,2171.879284213,2184.5998350031473,Dewald Kotze (Canada),Kick Chase,Green,947039,2,A,953,Canada,38836,Dewald,Kotze,1,3349
916,2171.879284213,2184.5998350031473,Josiah Morra (Canada),Kick Chase,Green,947039,14,A,953,Canada,27284,Josiah,Morra,1,3349
917,2171.879284213,2184.5998350031473,Spencer Jones (Canada),Kick Chase,Green,947039,12,A,953,Canada,38161,Spencer,Jones,1,3349
918,2171.879284213,2184.5998350031473,Nic Benn (Canada),Kick Chase,Green,947039,11,A,953,Canada,38501,Nic,Benn,1,3349
919,2171.879284213,2184.5998350031473,Calixto Martinez (Canada),Kick Chase,Green,947039,1,A,953,Canada,58656,Calixto,Martinez,1,3349
920,2172.34514739229,2182.381938239,Sena Kimura (Japan),Kick Retreat,Green,947039,1,H,3000,Japan,58073,Sena,Kimura,1,3349
921,2172.34514739229,2182.381938239,Hayate Era (Japan),Kick Retreat,Green,947039,2,H,3000,Japan,61955,Hayate,Era,1,3349
922,2172.34514739229,2182.381938239,Shuhei Takeuchi (Japan),Kick Retreat,Green,947039,3,H,3000,Japan,37874,Shuhei,Takeuchi,1,3349
923,2172.34514739229,2182.381938239,Warner Dearns (Japan),Kick Retreat,Green,947039,5,H,3000,Japan,40399,Warner,Dearns,1,3349
924,2172.34514739229,2182.381938239,Ben Gunter (Japan),Kick Retreat,Green,947039,6,H,3000,Japan,26283,Ben,Gunter,1,3349
925,2172.34514739229,2182.381938239,Kanji Shimokawa (Japan),Kick Retreat,Green,947039,7,H,3000,Japan,30962,Kanji,Shimokawa,1,3349
926,2172.34514739229,2182.381938239,Amato Fakatava (Japan),Kick Retreat,Green,947039,8,H,3000,Japan,36500,Amato,Fakatava,1,3349
927,2174.146593007,2182.381938239,Shinobu Fujiwara (Japan),Kick Retreat,Green,947039,9,H,3000,Japan,30969,Shinobu,Fujiwara,1,3349
928,2174.146593007,2182.381938239,Charlie Lawrence (Japan),Kick Retreat,Green,947039,12,H,3000,Japan,32522,Charlie,Lawrence,1,3349
929,2174.146593007,2182.381938239,Malo Tuitama (Japan),Kick Retreat,Green,947039,11,H,3000,Japan,23585,Malo,Tuitama,1,3349
930,2174.146593007,2182.381938239,Dylan Riley (Japan),Kick Retreat,Green,947039,13,H,3000,Japan,27652,Dylan,Riley,1,3349
931,2174.146593007,2182.381938239,Kippei Ishida (Japan),Kick Retreat,Green,947039,14,H,3000,Japan,34036,Kippei,Ishida,1,3349
932,2175.704761904762,2181.58986683,Shuhei Takeuchi (Japan),Tackle,Green,947039,3,H,3000,Japan,37874,Shuhei,Takeuchi,1,3350
933,2205.338421677,2218.699893203718,Piers Von Dadelszen (Canada),Lineout Attack,Yellow,947039,4,A,953,Canada,58473,Piers,Von Dadelszen,1,3421
934,2205.338421677,2218.699893203718,Cole Keith (Canada),Lineout Attack,Yellow,947039,3,A,953,Canada,27410,Cole,Keith,1,3421
935,2205.338421677,2218.699893203718,Dewald Kotze (Canada),Lineout Attack,Yellow,947039,2,A,953,Canada,38836,Dewald,Kotze,1,3421
936,2206.389432703,2220.6998096956054,Matt Oworu (Canada),Lineout Attack,Green,947039,8,A,953,Canada,39953,Matt,Oworu,1,3423
937,2206.389432703,2220.6998096956054,Lucas Rumball (Canada),Lineout Attack,Green,947039,7,A,953,Canada,25183,Lucas,Rumball,1,3423
938,2206.389432703,2220.6998096956054,Sion Parry (Canada),Lineout Attack,Green,947039,6,A,953,Canada,59972,Sion,Parry,1,3423
939,2206.389432703,2220.6998096956054,Mason Flesch (Canada),Lineout Attack,Green,947039,5,A,953,Canada,38465,Mason,Flesch,1,3423
940,2206.389432703,2220.6998096956054,Calixto Martinez (Canada),Lineout Attack,Green,947039,1,A,953,Canada,58656,Calixto,Martinez,1,3423
941,2207.6573015873014,2224.000961476011,Sena Kimura (Japan),Lineout Defence,Green,947039,1,H,3000,Japan,58073,Sena,Kimura,1,3425
942,2207.6573015873014,2224.000961476011,Shuhei Takeuchi (Japan),Lineout Defence,Green,947039,3,H,3000,Japan,37874,Shuhei,Takeuchi,1,3425
943,2207.6573015873014,2224.000961476011,Warner Dearns (Japan),Lineout Defence,Green,947039,5,H,3000,Japan,40399,Warner,Dearns,1,3425
944,2207.6573015873014,2224.000961476011,Ben Gunter (Japan),Lineout Defence,Green,947039,6,H,3000,Japan,26283,Ben,Gunter,1,3425
945,2207.6573015873014,2224.000961476011,Kanji Shimokawa (Japan),Lineout Defence,Green,947039,7,H,3000,Japan,30962,Kanji,Shimokawa,1,3425
946,2207.6573015873014,2224.000961476011,Amato Fakatava (Japan),Lineout Defence,Green,947039,8,H,3000,Japan,36500,Amato,Fakatava,1,3425
947,2279.030770975057,2293.0999685543284,Sena Kimura (Japan),Lineout Attack,Green,947039,1,H,3000,Japan,58073,Sena,Kimura,1,3536
948,2279.030770975057,2293.0999685543284,Warner Dearns (Japan),Lineout Attack,Green,947039,5,H,3000,Japan,40399,Warner,Dearns,1,3536
949,2279.030770975057,2293.0999685543284,Kanji Shimokawa (Japan),Lineout Attack,Green,947039,7,H,3000,Japan,30962,Kanji,Shimokawa,1,3536
950,2279.197519289226,2292.6999777922315,Mason Flesch (Canada),Lineout Defence,Yellow,947039,5,A,953,Canada,38465,Mason,Flesch,1,3536
951,2279.515111582,2289.4000499179015,Sion Parry (Canada),Lineout Defence,Green,947039,6,A,953,Canada,59972,Sion,Parry,1,3537
952,2279.515111582,2289.4000499179015,Piers Von Dadelszen (Canada),Lineout Defence,Green,947039,4,A,953,Canada,58473,Piers,Von Dadelszen,1,3537
953,2279.515111582,2289.4000499179015,Calixto Martinez (Canada),Lineout Defence,Green,947039,1,A,953,Canada,58656,Calixto,Martinez,1,3537
954,2281.348576621,2293.0999685543284,Hayate Era (Japan),Lineout Attack,Green,947039,2,H,3000,Japan,61955,Hayate,Era,1,3538
955,2283.0666213151926,2296.238060712,Ben Gunter (Japan),Lineout Attack,Red,947039,6,H,3000,Japan,26283,Ben,Gunter,1,3540
956,2284.698859207519,2296.9999417313206,Lucas Rumball (Canada),Jackler,Green,947039,7,A,953,Canada,25183,Lucas,Rumball,1,3542
957,2286.398240964882,2297.299949597356,Matt Oworu (Canada),Tackle,Green,947039,8,A,953,Canada,39953,Matt,Oworu,1,3545
958,2288.2867573696144,2294.39852400764,Shuhei Takeuchi (Japan),Ruck,Yellow,947039,3,H,3000,Japan,37874,Shuhei,Takeuchi,1,3546
959,2289.604081632653,2296.606316201,Charlie Lawrence (Japan),Ruck,Red,947039,12,H,3000,Japan,32522,Charlie,Lawrence,1,3547
960,2290.057884769,2296.6802105,Amato Fakatava (Japan),Ruck,Green,947039,8,H,3000,Japan,36500,Amato,Fakatava,1,3547
961,2292.3971731453057,2302.800015010643,Piers Von Dadelszen (Canada),Tackle,Green,947039,4,A,953,Canada,58473,Piers,Von Dadelszen,1,3549
962,2292.39843757816,2303.300078683157,Mason Flesch (Canada),Tackle,Green,947039,5,A,953,Canada,38465,Mason,Flesch,1,3549
963,2292.601190118,2297.601190118,Dylan Riley (Japan),Carry,Green,947039,13,H,3000,Japan,27652,Dylan,Riley,1,3549
964,2295.326734693878,2301.976310974,Kanji Shimokawa (Japan),Ruck,Green,947039,7,H,3000,Japan,30962,Kanji,Shimokawa,1,3553
965,2296.976310974,2301.976310974,Sena Kimura (Japan),Ruck,Green,947039,1,H,3000,Japan,58073,Sena,Kimura,1,3553
966,2297.9988093897305,2310.399999689121,Lucas Rumball (Canada),Tackle,Green,947039,7,A,953,Canada,25183,Lucas,Rumball,1,3556
967,2298.156233807,2303.156233807,Malo Tuitama (Japan),Carry,Green,947039,11,H,3000,Japan,23585,Malo,Tuitama,1,3556
968,2299.1854875283448,2304.1854875283448,Shuhei Takeuchi (Japan),Carry,Green,947039,3,H,3000,Japan,37874,Shuhei,Takeuchi,1,3557
969,2300.414671201814,2305.414671201814,Hayate Era (Japan),Ruck,Green,947039,2,H,3000,Japan,61955,Hayate,Era,1,3558
970,2301.7978890923137,2308.6999759872037,Sion Parry (Canada),Tackle,Green,947039,6,A,953,Canada,59972,Sion,Parry,1,3559
971,2302.097026299316,2308.9987083406677,Warner Dearns (Japan),Ruck,Green,947039,5,H,3000,Japan,40399,Warner,Dearns,1,3559
972,2302.2981566979097,2310.600148573436,Cole Keith (Canada),Tackle,Green,947039,3,A,953,Canada,27410,Cole,Keith,1,3559
973,2303.9990090709875,2313.5002380639485,Sion Parry (Canada),Jackler,Green,947039,6,A,953,Canada,59972,Sion,Parry,1,3601
974,2304.400315248,2311.4000187180714,Lucas Rumball (Canada),Phase Defence,Red,947039,7,A,953,Canada,25183,Lucas,Rumball,1,3601
975,2306.022961135,2312.109884012,Hayate Era (Japan),Ruck,Yellow,947039,2,H,3000,Japan,61955,Hayate,Era,1,3603
976,2306.7990561873235,2319.8999777875665,Calixto Martinez (Canada),Tackle,Red,947039,1,A,953,Canada,58656,Calixto,Martinez,1,3602
977,2307.035170068027,2315.413109988,Shuhei Takeuchi (Japan),Ruck,Yellow,947039,3,H,3000,Japan,37874,Shuhei,Takeuchi,1,3602
978,2307.109884012,2315.006736293,Warner Dearns (Japan),Ruck,Red,947039,5,H,3000,Japan,40399,Warner,Dearns,1,3602
979,2311.411877921,2318.364725098,Malo Tuitama (Japan),Ruck,Red,947039,11,H,3000,Japan,23585,Malo,Tuitama,1,3608
980,2311.498321492612,2324.199998769659,Piers Von Dadelszen (Canada),Tackle,Green,947039,4,A,953,Canada,58473,Piers,Von Dadelszen,1,3608
981,2312.3984633221016,2319.100011947834,Sion Parry (Canada),Tackle,Green,947039,6,A,953,Canada,59972,Sion,Parry,1,3609
982,2312.568843537415,2319.244190103,Sena Kimura (Japan),Ruck,Green,947039,1,H,3000,Japan,58073,Sena,Kimura,1,3609
983,2314.237961659,2319.237961659,Kanji Shimokawa (Japan),Carry,Green,947039,7,H,3000,Japan,30962,Kanji,Shimokawa,1,3611
984,2314.398868655589,2323.2000720047618,Sion Parry (Canada),Jackler,Green,947039,6,A,953,Canada,59972,Sion,Parry,1,3611
985,2316.5212471655327,2325.610208856,Warner Dearns (Japan),Carry,Green,947039,5,H,3000,Japan,40399,Warner,Dearns,1,3613
986,2317.298380929308,2336.199933304343,Nic Benn (Canada),Tackle,Green,947039,11,A,953,Canada,38501,Nic,Benn,1,3614
987,2317.798397361,2322.798397361,Hayate Era (Japan),Ruck,Green,947039,2,H,3000,Japan,61955,Hayate,Era,1,3614
988,2317.9799211303243,2324.698812505307,Kanji Shimokawa (Japan),Carry,Green,947039,7,H,3000,Japan,30962,Kanji,Shimokawa,1,3616
989,2317.998636845929,2336.199933304343,Calixto Martinez (Canada),Tackle,Green,947039,1,A,953,Canada,58656,Calixto,Martinez,1,3616
990,2318.728661199,2323.728661199,Shuhei Takeuchi (Japan),Ruck,Red,947039,3,H,3000,Japan,37874,Shuhei,Takeuchi,1,3616
991,2320.2960922970037,2326.7975866306483,Ben Gunter (Japan),Ruck,Red,947039,6,H,3000,Japan,26283,Ben,Gunter,1,3617
992,2322.898924695849,2329.500030360328,Lucas Rumball (Canada),Tackle,Green,947039,7,A,953,Canada,25183,Lucas,Rumball,1,3619
993,2323.303527023,2328.303527023,Sena Kimura (Japan),Ruck,Green,947039,1,H,3000,Japan,58073,Sena,Kimura,1,3621
994,2324.1986863163825,2336.699906375834,Cole Keith (Canada),Tackle,Yellow,947039,3,A,953,Canada,27410,Cole,Keith,1,3621
995,2324.798791526938,2338.4999853956456,Lucas Rumball (Canada),Jackler,Green,947039,7,A,953,Canada,25183,Lucas,Rumball,1,3622
996,2328.5986741678967,2342.0000833382674,Calixto Martinez (Canada),Tackle,Red,947039,1,A,953,Canada,58656,Calixto,Martinez,1,3626
997,2329.556219161,2335.546164136,Hayate Era (Japan),Ruck,Green,947039,2,H,3000,Japan,61955,Hayate,Era,1,3626
998,2330.296988816646,2340.500020986348,Sion Parry (Canada),Jackler,Green,947039,6,A,953,Canada,59972,Sion,Parry,1,3627
999,2331.050939852,2337.7988949376636,Shuhei Takeuchi (Japan),Ruck,Green,947039,3,H,3000,Japan,37874,Shuhei,Takeuchi,1,3627
1000,2332.06736314,2339.899954197287,Lucas Rumball (Canada),Phase Defence,Red,947039,7,A,953,Canada,25183,Lucas,Rumball,1,3629
1001,2332.06736314,2339.899954197287,Piers Von Dadelszen (Canada),Phase Defence,Red,947039,4,A,953,Canada,58473,Piers,Von Dadelszen,1,3629
1002,2332.06736314,2339.899954197287,Cole Keith (Canada),Phase Defence,Red,947039,3,A,953,Canada,27410,Cole,Keith,1,3629
1003,2332.06736314,2339.899954197287,Dewald Kotze (Canada),Phase Defence,Red,947039,2,A,953,Canada,38836,Dewald,Kotze,1,3629
1004,2422.198293687422,2435.599860133903,Lucas Rumball (Canada),Tackle,Yellow,947039,7,A,953,Canada,25183,Lucas,Rumball,1,3732
1005,2422.5977549547674,2432.8000137845934,Piers Von Dadelszen (Canada),Tackle,Green,947039,4,A,953,Canada,58473,Piers,Von Dadelszen,1,3732
1006,2522.698249179798,2532.2000515986997,Sion Parry (Canada),Tackle,Green,947039,6,A,953,Canada,59972,Sion,Parry,1,3913
1007,2523.799037888274,2533.700016971938,Cole Keith (Canada),Tackle,Green,947039,3,A,953,Canada,27410,Cole,Keith,1,3913
1008,2523.8988956608746,2538.799939527654,Calixto Martinez (Canada),Tackle,Red,947039,1,A,953,Canada,58656,Calixto,Martinez,1,3913
1009,2529.198796388461,2540.400761563105,Cole Keith (Canada),Jackler,Red,947039,3,A,953,Canada,27410,Cole,Keith,1,3918
1010,2531.4973517565254,2551.4998639417704,Mason Flesch (Canada),Tackle,Green,947039,5,A,953,Canada,38465,Mason,Flesch,1,3921
1011,2532.7982092143984,2551.4998639417704,Matt Oworu (Canada),Tackle,Green,947039,8,A,953,Canada,39953,Matt,Oworu,1,3921
1012,2533.124149659864,2540.253941877,Sena Kimura (Japan),Ruck,Green,947039,1,H,3000,Japan,58073,Sena,Kimura,1,3921
1013,2535.253941877,2540.253941877,Hayate Era (Japan),Ruck,Red,947039,2,H,3000,Japan,61955,Hayate,Era,1,3920
1014,2537.14707914,2542.14707914,Amato Fakatava (Japan),Carry,Red,947039,8,H,3000,Japan,36500,Amato,Fakatava,1,3920
1015,2541.107444146,2558.7999299101157,Jason Higgins (Canada),Kick Retreat,Green,947039,9,A,953,Canada,38159,Jason,Higgins,1,3932
1016,2541.107444146,2558.7999299101157,Matt Oworu (Canada),Kick Retreat,Green,947039,8,A,953,Canada,39953,Matt,Oworu,1,3932
1017,2541.107444146,2558.7999299101157,Lucas Rumball (Canada),Kick Retreat,Green,947039,7,A,953,Canada,25183,Lucas,Rumball,1,3932
1018,2541.107444146,2558.7999299101157,Sion Parry (Canada),Kick Retreat,Green,947039,6,A,953,Canada,59972,Sion,Parry,1,3932
1019,2541.107444146,2558.7999299101157,Mason Flesch (Canada),Kick Retreat,Green,947039,5,A,953,Canada,38465,Mason,Flesch,1,3932
1020,2541.107444146,2558.7999299101157,Piers Von Dadelszen (Canada),Kick Retreat,Green,947039,4,A,953,Canada,58473,Piers,Von Dadelszen,1,3932
1021,2541.107444146,2558.7999299101157,Dewald Kotze (Canada),Kick Retreat,Green,947039,2,A,953,Canada,38836,Dewald,Kotze,1,3932
1022,2541.107444146,2558.7999299101157,Josiah Morra (Canada),Kick Retreat,Green,947039,14,A,953,Canada,27284,Josiah,Morra,1,3932
1023,2541.107444146,2558.7999299101157,Ben LeSage (Canada),Kick Retreat,Green,947039,13,A,953,Canada,25195,Ben,LeSage,1,3932
1024,2541.107444146,2558.7999299101157,Spencer Jones (Canada),Kick Retreat,Green,947039,12,A,953,Canada,38161,Spencer,Jones,1,3932
1025,2541.107444146,2558.7999299101157,Nic Benn (Canada),Kick Retreat,Green,947039,11,A,953,Canada,38501,Nic,Benn,1,3932
1026,2541.107444146,2558.7999299101157,Calixto Martinez (Canada),Kick Retreat,Green,947039,1,A,953,Canada,58656,Calixto,Martinez,1,3932
1027,2541.697946091711,2550.7999627164786,Piers Von Dadelszen (Canada),Charge Down,Green,947039,4,A,953,Canada,58473,Piers,Von Dadelszen,1,3932
1028,2542.19826220193,2557.700079151911,Cole Keith (Canada),Kick Retreat,Red,947039,3,A,953,Canada,27410,Cole,Keith,1,3932
1029,2542.4038548752833,2558.118409065,Sena Kimura (Japan),Kick Chase,Green,947039,1,H,3000,Japan,58073,Sena,Kimura,1,3932
1030,2542.4038548752833,2558.118409065,Hayate Era (Japan),Kick Chase,Green,947039,2,H,3000,Japan,61955,Hayate,Era,1,3932
1031,2542.4038548752833,2558.118409065,Shuhei Takeuchi (Japan),Kick Chase,Green,947039,3,H,3000,Japan,37874,Shuhei,Takeuchi,1,3932
1032,2542.4038548752833,2558.118409065,Warner Dearns (Japan),Kick Chase,Green,947039,5,H,3000,Japan,40399,Warner,Dearns,1,3932
1033,2542.4038548752833,2558.118409065,Ben Gunter (Japan),Kick Chase,Green,947039,6,H,3000,Japan,26283,Ben,Gunter,1,3932
1034,2542.4038548752833,2558.118409065,Kanji Shimokawa (Japan),Kick Chase,Green,947039,7,H,3000,Japan,30962,Kanji,Shimokawa,1,3932
1035,2542.4038548752833,2558.118409065,Amato Fakatava (Japan),Kick Chase,Green,947039,8,H,3000,Japan,36500,Amato,Fakatava,1,3932
1036,2542.4038548752833,2558.118409065,Charlie Lawrence (Japan),Kick Chase,Green,947039,12,H,3000,Japan,32522,Charlie,Lawrence,1,3932
1037,2542.4038548752833,2558.118409065,Malo Tuitama (Japan),Kick Chase,Green,947039,11,H,3000,Japan,23585,Malo,Tuitama,1,3932
1038,2542.4038548752833,2558.118409065,Dylan Riley (Japan),Kick Chase,Green,947039,13,H,3000,Japan,27652,Dylan,Riley,1,3932
1039,2542.4038548752833,2558.118409065,Kippei Ishida (Japan),Kick Chase,Green,947039,14,H,3000,Japan,34036,Kippei,Ishida,1,3932
1040,2543.811016714,2548.811016714,Ben Gunter (Japan),Ruck,Green,947039,6,H,3000,Japan,26283,Ben,Gunter,1,3933
1041,2543.811016714,2548.811016714,Kanji Shimokawa (Japan),Ruck,Green,947039,7,H,3000,Japan,30962,Kanji,Shimokawa,1,3933
1042,2544.774011553,2549.774011553,Warner Dearns (Japan),Ruck,Green,947039,5,H,3000,Japan,40399,Warner,Dearns,1,3934
1043,2545.670089926,2550.670089926,Shuhei Takeuchi (Japan),Carry,Green,947039,3,H,3000,Japan,37874,Shuhei,Takeuchi,1,3935
1044,2547.98199643,2552.98199643,Amato Fakatava (Japan),Tackle,Green,947039,8,H,3000,Japan,36500,Amato,Fakatava,1,3938
1045,2605.968353417,2621.699872040053,Matt Oworu (Canada),Scrum Defence,Green,947039,8,A,953,Canada,39953,Matt,Oworu,1,4036
1046,2605.968353417,2621.699872040053,Lucas Rumball (Canada),Scrum Defence,Green,947039,7,A,953,Canada,25183,Lucas,Rumball,1,4036
1047,2605.968353417,2621.699872040053,Mason Flesch (Canada),Scrum Defence,Green,947039,5,A,953,Canada,38465,Mason,Flesch,1,4036
1048,2605.968353417,2621.699872040053,Piers Von Dadelszen (Canada),Scrum Defence,Green,947039,4,A,953,Canada,58473,Piers,Von Dadelszen,1,4036
1049,2605.968353417,2621.699872040053,Cole Keith (Canada),Scrum Defence,Green,947039,3,A,953,Canada,27410,Cole,Keith,1,4036
1050,2605.968353417,2621.699872040053,Dewald Kotze (Canada),Scrum Defence,Green,947039,2,A,953,Canada,38836,Dewald,Kotze,1,4036
1051,2605.968353417,2621.699872040053,Calixto Martinez (Canada),Scrum Defence,Green,947039,1,A,953,Canada,58656,Calixto,Martinez,1,4036
1052,2607.198199220124,2618.299942261779,Sion Parry (Canada),Scrum Defence,Green,947039,6,A,953,Canada,59972,Sion,Parry,1,4037
1053,2607.2136054421767,2618.161846592,Sena Kimura (Japan),Scrum Attack,Green,947039,1,H,3000,Japan,58073,Sena,Kimura,1,4037
1054,2607.2136054421767,2618.161846592,Hayate Era (Japan),Scrum Attack,Green,947039,2,H,3000,Japan,61955,Hayate,Era,1,4037
1055,2607.2136054421767,2618.161846592,Shuhei Takeuchi (Japan),Scrum Attack,Green,947039,3,H,3000,Japan,37874,Shuhei,Takeuchi,1,4037
1056,2607.2136054421767,2618.161846592,Warner Dearns (Japan),Scrum Attack,Green,947039,5,H,3000,Japan,40399,Warner,Dearns,1,4037
1057,2607.2136054421767,2618.161846592,Ben Gunter (Japan),Scrum Attack,Green,947039,6,H,3000,Japan,26283,Ben,Gunter,1,4037
1058,2607.2136054421767,2618.161846592,Kanji Shimokawa (Japan),Scrum Attack,Green,947039,7,H,3000,Japan,30962,Kanji,Shimokawa,1,4037
1059,2607.2136054421767,2618.161846592,Amato Fakatava (Japan),Scrum Attack,Green,947039,8,H,3000,Japan,36500,Amato,Fakatava,1,4037
1060,2619.198526383894,2636.5999554230125,Dewald Kotze (Canada),Tackle,Green,947039,2,A,953,Canada,38836,Dewald,Kotze,1,4048
1061,2619.7988879258896,2636.5999554230125,Mason Flesch (Canada),Tackle,Red,947039,5,A,953,Canada,38465,Mason,Flesch,1,4048
1062,2626.481065759637,2633.071774364,Hayate Era (Japan),Ruck,Green,947039,2,H,3000,Japan,61955,Hayate,Era,1,4056
1063,2627.697289025221,2639.099943513677,Cole Keith (Canada),Tackle,Red,947039,3,A,953,Canada,27410,Cole,Keith,1,4057
1064,2628.698504940748,2640.4003598389104,Calixto Martinez (Canada),Tackle,Red,947039,1,A,953,Canada,58656,Calixto,Martinez,1,4059
1065,2631.30953927,2636.30953927,Shuhei Takeuchi (Japan),Carry,Red,947039,3,H,3000,Japan,37874,Shuhei,Takeuchi,1,4100
1066,2631.30953927,2636.30953927,Ben Gunter (Japan),Ruck,Green,947039,6,H,3000,Japan,26283,Ben,Gunter,1,4100
1067,2631.452226727,2636.452226727,Charlie Lawrence (Japan),Ruck,Green,947039,12,H,3000,Japan,32522,Charlie,Lawrence,1,4100
1068,2633.4396825396825,2641.699269312339,Warner Dearns (Japan),Carry,Red,947039,5,H,3000,Japan,40399,Warner,Dearns,1,4102
1069,2633.849488997,2644.159062252,Kanji Shimokawa (Japan),Carry,Green,947039,7,H,3000,Japan,30962,Kanji,Shimokawa,1,4104
1070,2634.3980405099883,2645.5000249665536,Spencer Jones (Canada),Tackle,Green,947039,12,A,953,Canada,38161,Spencer,Jones,1,4104
1071,2636.0986859686104,2645.5000249665536,Peter Nelson (Canada),Tackle,Green,947039,10,A,953,Canada,19391,Peter,Nelson,1,4103
1072,2637.910222103,2642.910222103,Amato Fakatava (Japan),Ruck,Red,947039,8,H,3000,Japan,36500,Amato,Fakatava,1,4103
1073,3594.092291003,3606.1999323118457,Jason Higgins (Canada),Kick Retreat,Green,947039,9,A,953,Canada,38159,Jason,Higgins,1,4009
1074,3594.092291003,3606.1999323118457,Lucas Rumball (Canada),Kick Retreat,Green,947039,7,A,953,Canada,25183,Lucas,Rumball,1,4009
1075,3594.092291003,3606.1999323118457,Sion Parry (Canada),Kick Retreat,Green,947039,6,A,953,Canada,59972,Sion,Parry,1,4009
1076,3594.092291003,3606.1999323118457,Mason Flesch (Canada),Kick Retreat,Green,947039,5,A,953,Canada,38465,Mason,Flesch,1,4009
1077,3594.092291003,3606.1999323118457,Piers Von Dadelszen (Canada),Kick Retreat,Green,947039,4,A,953,Canada,58473,Piers,Von Dadelszen,1,4009
1078,3594.092291003,3606.1999323118457,Cole Keith (Canada),Kick Retreat,Green,947039,3,A,953,Canada,27410,Cole,Keith,1,4009
1079,3594.092291003,3606.1999323118457,Dewald Kotze (Canada),Kick Retreat,Green,947039,2,A,953,Canada,38836,Dewald,Kotze,1,4009
1080,3594.092291003,3606.1999323118457,Ben LeSage (Canada),Kick Retreat,Green,947039,13,A,953,Canada,25195,Ben,LeSage,1,4009
1081,3594.092291003,3606.1999323118457,Spencer Jones (Canada),Kick Retreat,Green,947039,12,A,953,Canada,38161,Spencer,Jones,1,4009
1082,3594.092291003,3606.1999323118457,Nic Benn (Canada),Kick Retreat,Green,947039,11,A,953,Canada,38501,Nic,Benn,1,4009
1083,3594.092291003,3606.1999323118457,Calixto Martinez (Canada),Kick Retreat,Green,947039,1,A,953,Canada,58656,Calixto,Martinez,1,4009
1084,3595.5944799233134,3603.70000471464,Matt Oworu (Canada),Kick Retreat,Yellow,947039,8,A,953,Canada,39953,Matt,Oworu,1,4009
1085,3625.227484977,3638.900191145782,Sion Parry (Canada),Lineout Attack,Green,947039,6,A,953,Canada,59972,Sion,Parry,1,4040
1086,3625.227484977,3638.900191145782,Mason Flesch (Canada),Lineout Attack,Green,947039,5,A,953,Canada,38465,Mason,Flesch,1,4040
1087,3625.227484977,3638.900191145782,Piers Von Dadelszen (Canada),Lineout Attack,Green,947039,4,A,953,Canada,58473,Piers,Von Dadelszen,1,4040
1088,3625.227484977,3638.900191145782,Cole Keith (Canada),Lineout Attack,Green,947039,3,A,953,Canada,27410,Cole,Keith,1,4040
1089,3625.227484977,3638.900191145782,Dewald Kotze (Canada),Lineout Attack,Green,947039,2,A,953,Canada,38836,Dewald,Kotze,1,4040
1090,3625.227484977,3638.900191145782,Calixto Martinez (Canada),Lineout Attack,Green,947039,1,A,953,Canada,58656,Calixto,Martinez,1,4040
1091,3627.581883661,3642.583296948,Sena Kimura (Japan),Lineout Defence,Green,947039,1,H,3000,Japan,58073,Sena,Kimura,1,4040
1092,3627.581883661,3642.583296948,Shuhei Takeuchi (Japan),Lineout Defence,Green,947039,3,H,3000,Japan,37874,Shuhei,Takeuchi,1,4040
1093,3627.581883661,3642.583296948,Waisake Raratubua (Japan),Lineout Defence,Green,947039,4,H,3000,Japan,30796,Waisake,Raratubua,1,4040
1094,3627.581883661,3642.583296948,Warner Dearns (Japan),Lineout Defence,Green,947039,5,H,3000,Japan,40399,Warner,Dearns,1,4040
1095,3627.581883661,3642.583296948,Kanji Shimokawa (Japan),Lineout Defence,Green,947039,7,H,3000,Japan,30962,Kanji,Shimokawa,1,4040
1096,3633.098579314537,3646.9003083187326,Ben LeSage (Canada),Carry,Green,947039,13,A,953,Canada,25195,Ben,LeSage,1,4050
1097,3634.4986647433143,3647.799996972899,Matt Oworu (Canada),Ruck,Yellow,947039,8,A,953,Canada,39953,Matt,Oworu,1,4050
1098,3635.7989838679664,3647.799996972899,Lucas Rumball (Canada),Ruck,Green,947039,7,A,953,Canada,25183,Lucas,Rumball,1,4050
1099,3635.958822827,3643.424558375,Seungsin Lee (Japan),Tackle,Green,947039,10,H,3000,Japan,37841,Seungsin,Lee,1,4050
1100,3636.485759637188,3648.3988528109794,Amato Fakatava (Japan),Tackle,Green,947039,8,H,3000,Japan,36500,Amato,Fakatava,1,4050
1101,3640.299455782313,3645.299455782313,Hayate Era (Japan),Tackle,Green,947039,2,H,3000,Japan,61955,Hayate,Era,1,4054
1102,3642.215556787,3655.6999587907,Jason Higgins (Canada),Kick Chase,Green,947039,9,A,953,Canada,38159,Jason,Higgins,1,4054
1103,3642.215556787,3655.6999587907,Matt Oworu (Canada),Kick Chase,Green,947039,8,A,953,Canada,39953,Matt,Oworu,1,4054
1104,3642.215556787,3655.6999587907,Lucas Rumball (Canada),Kick Chase,Green,947039,7,A,953,Canada,25183,Lucas,Rumball,1,4054
1105,3642.215556787,3655.6999587907,Sion Parry (Canada),Kick Chase,Green,947039,6,A,953,Canada,59972,Sion,Parry,1,4054
1106,3642.215556787,3655.6999587907,Piers Von Dadelszen (Canada),Kick Chase,Green,947039,4,A,953,Canada,58473,Piers,Von Dadelszen,1,4054
1107,3642.215556787,3655.6999587907,Cole Keith (Canada),Kick Chase,Green,947039,3,A,953,Canada,27410,Cole,Keith,1,4054
1108,3642.215556787,3655.6999587907,Dewald Kotze (Canada),Kick Chase,Green,947039,2,A,953,Canada,38836,Dewald,Kotze,1,4054
1109,3642.215556787,3655.6999587907,Shane O'Leary (Canada),Kick Chase,Green,947039,15,A,953,Canada,21278,Shane,O'Leary,1,4054
1110,3642.215556787,3655.6999587907,Josiah Morra (Canada),Kick Chase,Green,947039,14,A,953,Canada,27284,Josiah,Morra,1,4054
1111,3642.215556787,3655.6999587907,Spencer Jones (Canada),Kick Chase,Green,947039,12,A,953,Canada,38161,Spencer,Jones,1,4054
1112,3642.215556787,3655.6999587907,Nic Benn (Canada),Kick Chase,Green,947039,11,A,953,Canada,38501,Nic,Benn,1,4054
1113,3642.5515419501135,3649.196805546643,Sam Greene (Japan),Kick Retreat,Green,947039,15,H,3000,Japan,22606,Sam,Greene,1,4054
1114,3643.084946262019,3651.333448777,Shuhei Takeuchi (Japan),Tackle,Green,947039,3,H,3000,Japan,37874,Shuhei,Takeuchi,1,4054
1115,3644.084436528,3651.7001719529862,Sena Kimura (Japan),Kick Retreat,Green,947039,1,H,3000,Japan,58073,Sena,Kimura,1,4054
1116,3644.084436528,3651.7001719529862,Hayate Era (Japan),Kick Retreat,Green,947039,2,H,3000,Japan,61955,Hayate,Era,1,4054
1117,3644.084436528,3651.7001719529862,Shuhei Takeuchi (Japan),Kick Retreat,Green,947039,3,H,3000,Japan,37874,Shuhei,Takeuchi,1,4054
1118,3644.084436528,3651.7001719529862,Warner Dearns (Japan),Kick Retreat,Green,947039,5,H,3000,Japan,40399,Warner,Dearns,1,4054
1119,3644.084436528,3651.7001719529862,Ben Gunter (Japan),Kick Retreat,Green,947039,6,H,3000,Japan,26283,Ben,Gunter,1,4054
1120,3644.084436528,3651.7001719529862,Kanji Shimokawa (Japan),Kick Retreat,Green,947039,7,H,3000,Japan,30962,Kanji,Shimokawa,1,4054
1121,3644.084436528,3651.7001719529862,Amato Fakatava (Japan),Kick Retreat,Green,947039,8,H,3000,Japan,36500,Amato,Fakatava,1,4054
1122,3644.084436528,3651.7001719529862,Charlie Lawrence (Japan),Kick Retreat,Green,947039,12,H,3000,Japan,32522,Charlie,Lawrence,1,4054
1123,3644.084436528,3651.7001719529862,Dylan Riley (Japan),Kick Retreat,Green,947039,13,H,3000,Japan,27652,Dylan,Riley,1,4054
1124,3644.084436528,3651.7001719529862,Kippei Ishida (Japan),Kick Retreat,Green,947039,14,H,3000,Japan,34036,Kippei,Ishida,1,4054
1125,3645.034232151,3650.034232151,Waisake Raratubua (Japan),Kick Retreat,Yellow,947039,4,H,3000,Japan,30796,Waisake,Raratubua,1,4054
1126,3645.957253769,3650.957253769,Seungsin Lee (Japan),Kick Retreat,Yellow,947039,10,H,3000,Japan,37841,Seungsin,Lee,1,4054
1127,3688.9032426303856,3702.233115218,Sena Kimura (Japan),Lineout Defence,Green,947039,1,H,3000,Japan,58073,Sena,Kimura,1,4145
1128,3688.9032426303856,3702.233115218,Shuhei Takeuchi (Japan),Lineout Defence,Green,947039,3,H,3000,Japan,37874,Shuhei,Takeuchi,1,4145
1129,3689.417556745,3702.233115218,Waisake Raratubua (Japan),Lineout Defence,Green,947039,4,H,3000,Japan,30796,Waisake,Raratubua,1,4145
1130,3689.417556745,3702.233115218,Warner Dearns (Japan),Lineout Defence,Green,947039,5,H,3000,Japan,40399,Warner,Dearns,1,4145
1131,3689.417556745,3702.233115218,Kanji Shimokawa (Japan),Lineout Defence,Green,947039,7,H,3000,Japan,30962,Kanji,Shimokawa,1,4145
1132,3689.417556745,3702.233115218,Amato Fakatava (Japan),Lineout Defence,Green,947039,8,H,3000,Japan,36500,Amato,Fakatava,1,4145
1133,3691.917192445,3704.499960563662,Matt Oworu (Canada),Lineout Attack,Green,947039,8,A,953,Canada,39953,Matt,Oworu,1,4145
1134,3691.917192445,3704.499960563662,Sion Parry (Canada),Lineout Attack,Green,947039,6,A,953,Canada,59972,Sion,Parry,1,4145
1135,3691.917192445,3704.499960563662,Mason Flesch (Canada),Lineout Attack,Green,947039,5,A,953,Canada,38465,Mason,Flesch,1,4145
1136,3691.917192445,3704.499960563662,Piers Von Dadelszen (Canada),Lineout Attack,Green,947039,4,A,953,Canada,58473,Piers,Von Dadelszen,1,4145
1137,3691.917192445,3704.499960563662,Cole Keith (Canada),Lineout Attack,Green,947039,3,A,953,Canada,27410,Cole,Keith,1,4145
1138,3691.917192445,3704.499960563662,Calixto Martinez (Canada),Lineout Attack,Green,947039,1,A,953,Canada,58656,Calixto,Martinez,1,4145
1139,3694.297799776846,3707.899971444362,Dewald Kotze (Canada),Lineout Attack,Green,947039,2,A,953,Canada,38836,Dewald,Kotze,1,4149
1140,3698.19772921542,3713.899968283903,Spencer Jones (Canada),Carry,Green,947039,12,A,953,Canada,38161,Spencer,Jones,1,4153
1141,3698.298130823491,3712.89986769838,Lucas Rumball (Canada),Ruck,Green,947039,7,A,953,Canada,25183,Lucas,Rumball,1,4153
1142,3699.498156913572,3712.89986769838,Ben LeSage (Canada),Ruck,Green,947039,13,A,953,Canada,25195,Ben,LeSage,1,4154
1143,3700.8989221263423,3708.822584987,Seungsin Lee (Japan),Tackle,Green,947039,10,H,3000,Japan,37841,Seungsin,Lee,1,4154
1144,3700.99410430839,3719.745008095,Shuhei Takeuchi (Japan),Kick Retreat ,Red,947039,3,H,3000,Japan,37874,Shuhei,Takeuchi,1,4154
1145,3700.99410430839,3719.745008095,Ben Gunter (Japan),Kick Retreat ,Red,947039,6,H,3000,Japan,26283,Ben,Gunter,1,4154
1146,3700.99410430839,3719.745008095,Dylan Riley (Japan),Kick Retreat ,Red,947039,13,H,3000,Japan,27652,Dylan,Riley,1,4154
1147,3702.737158957,3714.3997958191544,Jason Higgins (Canada),Kick Chase,Green,947039,9,A,953,Canada,38159,Jason,Higgins,1,4159
1148,3702.737158957,3714.3997958191544,Matt Oworu (Canada),Kick Chase,Green,947039,8,A,953,Canada,39953,Matt,Oworu,1,4159
1149,3702.737158957,3714.3997958191544,Lucas Rumball (Canada),Kick Chase,Green,947039,7,A,953,Canada,25183,Lucas,Rumball,1,4159
1150,3702.737158957,3714.3997958191544,Sion Parry (Canada),Kick Chase,Green,947039,6,A,953,Canada,59972,Sion,Parry,1,4159
1151,3702.737158957,3714.3997958191544,Mason Flesch (Canada),Kick Chase,Green,947039,5,A,953,Canada,38465,Mason,Flesch,1,4159
1152,3702.737158957,3714.3997958191544,Piers Von Dadelszen (Canada),Kick Chase,Green,947039,4,A,953,Canada,58473,Piers,Von Dadelszen,1,4159
1153,3702.737158957,3714.3997958191544,Cole Keith (Canada),Kick Chase,Green,947039,3,A,953,Canada,27410,Cole,Keith,1,4159
1154,3702.737158957,3714.3997958191544,Dewald Kotze (Canada),Kick Chase,Green,947039,2,A,953,Canada,38836,Dewald,Kotze,1,4159
1155,3702.737158957,3714.3997958191544,Josiah Morra (Canada),Kick Chase,Green,947039,14,A,953,Canada,27284,Josiah,Morra,1,4159
1156,3702.737158957,3714.3997958191544,Ben LeSage (Canada),Kick Chase,Green,947039,13,A,953,Canada,25195,Ben,LeSage,1,4159
1157,3702.737158957,3714.3997958191544,Spencer Jones (Canada),Kick Chase,Green,947039,12,A,953,Canada,38161,Spencer,Jones,1,4159
1158,3702.737158957,3714.3997958191544,Nic Benn (Canada),Kick Chase,Green,947039,11,A,953,Canada,38501,Nic,Benn,1,4159
1159,3702.737158957,3714.3997958191544,Calixto Martinez (Canada),Kick Chase,Green,947039,1,A,953,Canada,58656,Calixto,Martinez,1,4159
1160,3703.784142711,3717.347753944,Sena Kimura (Japan),Kick Retreat,Green,947039,1,H,3000,Japan,58073,Sena,Kimura,1,4159
1161,3703.784142711,3717.347753944,Hayate Era (Japan),Kick Retreat,Green,947039,2,H,3000,Japan,61955,Hayate,Era,1,4159
1162,3703.784142711,3717.347753944,Waisake Raratubua (Japan),Kick Retreat,Green,947039,4,H,3000,Japan,30796,Waisake,Raratubua,1,4159
1163,3703.784142711,3717.347753944,Warner Dearns (Japan),Kick Retreat,Green,947039,5,H,3000,Japan,40399,Warner,Dearns,1,4159
1164,3703.784142711,3717.347753944,Kanji Shimokawa (Japan),Kick Retreat,Green,947039,7,H,3000,Japan,30962,Kanji,Shimokawa,1,4159
1165,3703.784142711,3717.347753944,Seungsin Lee (Japan),Kick Retreat,Green,947039,10,H,3000,Japan,37841,Seungsin,Lee,1,4159
1166,3703.784142711,3717.347753944,Charlie Lawrence (Japan),Kick Retreat,Green,947039,12,H,3000,Japan,32522,Charlie,Lawrence,1,4159
1167,3703.784142711,3717.347753944,Malo Tuitama (Japan),Kick Retreat,Green,947039,11,H,3000,Japan,23585,Malo,Tuitama,1,4159
1168,3708.140913961,3717.347753944,Shinobu Fujiwara (Japan),Kick Retreat,Green,947039,9,H,3000,Japan,30969,Shinobu,Fujiwara,1,4203
1169,3709.399244416132,3721.2999801021983,Josiah Morra (Canada),Tackle,Green,947039,14,A,953,Canada,27284,Josiah,Morra,1,4204
1170,3710.132176870749,3715.132176870749,Sam Greene (Japan),Ruck,Green,947039,15,H,3000,Japan,22606,Sam,Greene,1,4206
1171,3710.697763233741,3720.99997965956,Sion Parry (Canada),Jackler,Green,947039,6,A,953,Canada,59972,Sion,Parry,1,4206
1172,3711.909954648526,3716.909954648526,Amato Fakatava (Japan),Kick Retreat,Green,947039,8,H,3000,Japan,36500,Amato,Fakatava,1,4207
1173,3712.497603497656,3722.36365804,Warner Dearns (Japan),Ruck,Red,947039,5,H,3000,Japan,40399,Warner,Dearns,1,4207
1174,3715.2981561989745,3720.799899049123,Lucas Rumball (Canada),Tackle,Green,947039,7,A,953,Canada,25183,Lucas,Rumball,1,4210
1175,3716.1986813821222,3729.6000229043393,Lucas Rumball (Canada),Jackler,Yellow,947039,7,A,953,Canada,25183,Lucas,Rumball,1,4210
1176,3717.36365804,3722.36365804,Kippei Ishida (Japan),Carry,Green,947039,14,H,3000,Japan,34036,Kippei,Ishida,1,4212
1177,3719.898019737687,3728.800038488405,Dewald Kotze (Canada),Charge Down,Green,947039,2,A,953,Canada,38836,Dewald,Kotze,1,4212
1178,3720.226553287982,3736.600999608676,Sena Kimura (Japan),Kick Chase,Green,947039,1,H,3000,Japan,58073,Sena,Kimura,1,4217
1179,3720.226553287982,3736.600999608676,Hayate Era (Japan),Kick Chase,Green,947039,2,H,3000,Japan,61955,Hayate,Era,1,4217
1180,3720.226553287982,3736.600999608676,Shuhei Takeuchi (Japan),Kick Chase,Green,947039,3,H,3000,Japan,37874,Shuhei,Takeuchi,1,4217
1181,3720.226553287982,3736.600999608676,Waisake Raratubua (Japan),Kick Chase,Green,947039,4,H,3000,Japan,30796,Waisake,Raratubua,1,4217
1182,3720.226553287982,3736.600999608676,Ben Gunter (Japan),Kick Chase,Green,947039,6,H,3000,Japan,26283,Ben,Gunter,1,4217
1183,3720.226553287982,3736.600999608676,Kanji Shimokawa (Japan),Kick Chase,Green,947039,7,H,3000,Japan,30962,Kanji,Shimokawa,1,4217
1184,3720.226553287982,3736.600999608676,Charlie Lawrence (Japan),Kick Chase,Green,947039,12,H,3000,Japan,32522,Charlie,Lawrence,1,4217
1185,3720.226553287982,3736.600999608676,Malo Tuitama (Japan),Kick Chase,Green,947039,11,H,3000,Japan,23585,Malo,Tuitama,1,4217
1186,3720.226553287982,3736.600999608676,Dylan Riley (Japan),Kick Chase,Green,947039,13,H,3000,Japan,27652,Dylan,Riley,1,4217
1187,3720.226553287982,3736.600999608676,Kippei Ishida (Japan),Kick Chase,Green,947039,14,H,3000,Japan,34036,Kippei,Ishida,1,4217
1188,3720.723299131,3732.899713876059,Jason Higgins (Canada),Kick Retreat,Green,947039,9,A,953,Canada,38159,Jason,Higgins,1,4217
1189,3720.723299131,3732.899713876059,Matt Oworu (Canada),Kick Retreat,Green,947039,8,A,953,Canada,39953,Matt,Oworu,1,4217
1190,3720.723299131,3732.899713876059,Lucas Rumball (Canada),Kick Retreat,Green,947039,7,A,953,Canada,25183,Lucas,Rumball,1,4217
1191,3720.723299131,3732.899713876059,Sion Parry (Canada),Kick Retreat,Green,947039,6,A,953,Canada,59972,Sion,Parry,1,4217
1192,3720.723299131,3732.899713876059,Mason Flesch (Canada),Kick Retreat,Green,947039,5,A,953,Canada,38465,Mason,Flesch,1,4217
1193,3720.723299131,3732.899713876059,Piers Von Dadelszen (Canada),Kick Retreat,Green,947039,4,A,953,Canada,58473,Piers,Von Dadelszen,1,4217
1194,3720.723299131,3732.899713876059,Cole Keith (Canada),Kick Retreat,Green,947039,3,A,953,Canada,27410,Cole,Keith,1,4217
1195,3720.723299131,3732.899713876059,Dewald Kotze (Canada),Kick Retreat,Green,947039,2,A,953,Canada,38836,Dewald,Kotze,1,4217
1196,3720.723299131,3732.899713876059,Josiah Morra (Canada),Kick Retreat,Green,947039,14,A,953,Canada,27284,Josiah,Morra,1,4217
1197,3720.723299131,3732.899713876059,Ben LeSage (Canada),Kick Retreat,Green,947039,13,A,953,Canada,25195,Ben,LeSage,1,4217
1198,3720.723299131,3732.899713876059,Spencer Jones (Canada),Kick Retreat,Green,947039,12,A,953,Canada,38161,Spencer,Jones,1,4217
1199,3720.723299131,3732.899713876059,Nic Benn (Canada),Kick Retreat,Green,947039,11,A,953,Canada,38501,Nic,Benn,1,4217
1200,3720.723299131,3732.899713876059,Calixto Martinez (Canada),Kick Retreat,Green,947039,1,A,953,Canada,58656,Calixto,Martinez,1,4217
1201,3720.8445804988664,3728.207777722,Sena Kimura (Japan),Carry,Green,947039,1,H,3000,Japan,58073,Sena,Kimura,1,4217
1202,3721.203338227,3730.638134487,Amato Fakatava (Japan),Ruck,Red,947039,8,H,3000,Japan,36500,Amato,Fakatava,1,4217
1203,3722.135306122449,3729.597974352,Waisake Raratubua (Japan),Ruck,Green,947039,4,H,3000,Japan,30796,Waisake,Raratubua,1,4217
1204,3726.898068968465,3745.1999237180353,Calixto Martinez (Canada),Carry,Red,947039,1,A,953,Canada,58656,Calixto,Martinez,1,4222
1205,3728.297732426304,3733.297732426304,Warner Dearns (Japan),Kick Chase,Red,947039,5,H,3000,Japan,40399,Warner,Dearns,1,4222
1206,3728.297732426304,3733.297732426304,Amato Fakatava (Japan),Kick Chase,Yellow,947039,8,H,3000,Japan,36500,Amato,Fakatava,1,4222
1207,3728.59873339284,3741.19992975816,Cole Keith (Canada),Ruck,Green,947039,3,A,953,Canada,27410,Cole,Keith,1,4223
1208,3729.6985687670094,3741.19992975816,Ben LeSage (Canada),Ruck,Green,947039,13,A,953,Canada,25195,Ben,LeSage,1,4223
1209,3730.505306122449,3743.199643798673,Sena Kimura (Japan),Kick Retreat,Green,947039,1,H,3000,Japan,58073,Sena,Kimura,1,4223
1210,3730.505306122449,3743.199643798673,Hayate Era (Japan),Kick Retreat,Green,947039,2,H,3000,Japan,61955,Hayate,Era,1,4223
1211,3730.505306122449,3743.199643798673,Waisake Raratubua (Japan),Kick Retreat,Green,947039,4,H,3000,Japan,30796,Waisake,Raratubua,1,4223
1212,3730.505306122449,3743.199643798673,Ben Gunter (Japan),Kick Retreat,Green,947039,6,H,3000,Japan,26283,Ben,Gunter,1,4223
1213,3730.505306122449,3743.199643798673,Kanji Shimokawa (Japan),Kick Retreat,Green,947039,7,H,3000,Japan,30962,Kanji,Shimokawa,1,4223
1214,3730.505306122449,3743.199643798673,Amato Fakatava (Japan),Kick Retreat,Green,947039,8,H,3000,Japan,36500,Amato,Fakatava,1,4223
1215,3730.6407936507935,3742.5998944121343,Sion Parry (Canada),Kick Chase,Yellow,947039,6,A,953,Canada,59972,Sion,Parry,1,4223
1216,3730.6407936507935,3742.5998944121343,Mason Flesch (Canada),Kick Chase,Yellow,947039,5,A,953,Canada,38465,Mason,Flesch,1,4223
1217,3730.714526211,3741.7997766039366,Jason Higgins (Canada),Kick Chase,Green,947039,9,A,953,Canada,38159,Jason,Higgins,1,4223
1218,3730.714526211,3741.7997766039366,Matt Oworu (Canada),Kick Chase,Green,947039,8,A,953,Canada,39953,Matt,Oworu,1,4223
1219,3730.714526211,3741.7997766039366,Lucas Rumball (Canada),Kick Chase,Green,947039,7,A,953,Canada,25183,Lucas,Rumball,1,4223
1220,3730.714526211,3741.7997766039366,Piers Von Dadelszen (Canada),Kick Chase,Green,947039,4,A,953,Canada,58473,Piers,Von Dadelszen,1,4223
1221,3730.714526211,3741.7997766039366,Cole Keith (Canada),Kick Chase,Green,947039,3,A,953,Canada,27410,Cole,Keith,1,4223
1222,3730.714526211,3741.7997766039366,Dewald Kotze (Canada),Kick Chase,Green,947039,2,A,953,Canada,38836,Dewald,Kotze,1,4223
1223,3730.714526211,3741.7997766039366,Josiah Morra (Canada),Kick Chase,Green,947039,14,A,953,Canada,27284,Josiah,Morra,1,4223
1224,3730.714526211,3741.7997766039366,Ben LeSage (Canada),Kick Chase,Green,947039,13,A,953,Canada,25195,Ben,LeSage,1,4223
1225,3730.714526211,3741.7997766039366,Spencer Jones (Canada),Kick Chase,Green,947039,12,A,953,Canada,38161,Spencer,Jones,1,4223
1226,3730.714526211,3741.7997766039366,Nic Benn (Canada),Kick Chase,Green,947039,11,A,953,Canada,38501,Nic,Benn,1,4223
1227,3732.538780794,3737.538780794,Shinobu Fujiwara (Japan),Charge Down,Green,947039,9,H,3000,Japan,30969,Shinobu,Fujiwara,1,4223
1228,3733.519702941,3743.199643798673,Charlie Lawrence (Japan),Kick Retreat,Green,947039,12,H,3000,Japan,32522,Charlie,Lawrence,1,4227
1229,3733.519702941,3743.199643798673,Malo Tuitama (Japan),Kick Retreat,Green,947039,11,H,3000,Japan,23585,Malo,Tuitama,1,4227
1230,3733.519702941,3743.199643798673,Dylan Riley (Japan),Kick Retreat,Green,947039,13,H,3000,Japan,27652,Dylan,Riley,1,4227
1231,3733.519702941,3743.199643798673,Kippei Ishida (Japan),Kick Retreat,Green,947039,14,H,3000,Japan,34036,Kippei,Ishida,1,4227
1232,3733.59010396,3738.59010396,Warner Dearns (Japan),Kick Retreat,Yellow,947039,5,H,3000,Japan,40399,Warner,Dearns,1,4227
1233,3733.919705215419,3741.191735375,Shuhei Takeuchi (Japan),Tackle,Green,947039,3,H,3000,Japan,37874,Shuhei,Takeuchi,1,4227
1234,3734.824067835,3747.599864144239,Jason Higgins (Canada),Kick Retreat,Green,947039,9,A,953,Canada,38159,Jason,Higgins,1,4227
1235,3734.824067835,3747.599864144239,Matt Oworu (Canada),Kick Retreat,Green,947039,8,A,953,Canada,39953,Matt,Oworu,1,4227
1236,3734.824067835,3747.599864144239,Lucas Rumball (Canada),Kick Retreat,Green,947039,7,A,953,Canada,25183,Lucas,Rumball,1,4227
1237,3734.824067835,3747.599864144239,Sion Parry (Canada),Kick Retreat,Green,947039,6,A,953,Canada,59972,Sion,Parry,1,4227
1238,3734.824067835,3747.599864144239,Mason Flesch (Canada),Kick Retreat,Green,947039,5,A,953,Canada,38465,Mason,Flesch,1,4227
1239,3734.824067835,3747.599864144239,Piers Von Dadelszen (Canada),Kick Retreat,Green,947039,4,A,953,Canada,58473,Piers,Von Dadelszen,1,4227
1240,3734.824067835,3747.599864144239,Cole Keith (Canada),Kick Retreat,Green,947039,3,A,953,Canada,27410,Cole,Keith,1,4227
1241,3734.824067835,3747.599864144239,Dewald Kotze (Canada),Kick Retreat,Green,947039,2,A,953,Canada,38836,Dewald,Kotze,1,4227
1242,3734.824067835,3747.599864144239,Josiah Morra (Canada),Kick Retreat,Green,947039,14,A,953,Canada,27284,Josiah,Morra,1,4227
1243,3734.824067835,3747.599864144239,Ben LeSage (Canada),Kick Retreat,Green,947039,13,A,953,Canada,25195,Ben,LeSage,1,4227
1244,3734.824067835,3747.599864144239,Spencer Jones (Canada),Kick Retreat,Green,947039,12,A,953,Canada,38161,Spencer,Jones,1,4227
1245,3734.824067835,3747.599864144239,Nic Benn (Canada),Kick Retreat,Green,947039,11,A,953,Canada,38501,Nic,Benn,1,4227
1246,3734.9944426155935,3747.6005122265574,Calixto Martinez (Canada),Kick Retreat,Yellow,947039,1,A,953,Canada,58656,Calixto,Martinez,1,4227
1247,3735.7839455782314,3749.700437843665,Sena Kimura (Japan),Kick Chase,Green,947039,1,H,3000,Japan,58073,Sena,Kimura,1,4227
1248,3735.7839455782314,3749.700437843665,Hayate Era (Japan),Kick Chase,Green,947039,2,H,3000,Japan,61955,Hayate,Era,1,4227
1249,3735.7839455782314,3749.700437843665,Shuhei Takeuchi (Japan),Kick Chase,Green,947039,3,H,3000,Japan,37874,Shuhei,Takeuchi,1,4227
1250,3735.7839455782314,3749.700437843665,Waisake Raratubua (Japan),Kick Chase,Green,947039,4,H,3000,Japan,30796,Waisake,Raratubua,1,4227
1251,3735.7839455782314,3749.700437843665,Warner Dearns (Japan),Kick Chase,Green,947039,5,H,3000,Japan,40399,Warner,Dearns,1,4227
1252,3735.7839455782314,3749.700437843665,Ben Gunter (Japan),Kick Chase,Green,947039,6,H,3000,Japan,26283,Ben,Gunter,1,4227
1253,3735.7839455782314,3749.700437843665,Kanji Shimokawa (Japan),Kick Chase,Green,947039,7,H,3000,Japan,30962,Kanji,Shimokawa,1,4227
1254,3735.7839455782314,3749.700437843665,Charlie Lawrence (Japan),Kick Chase,Green,947039,12,H,3000,Japan,32522,Charlie,Lawrence,1,4227
1255,3735.7839455782314,3749.700437843665,Malo Tuitama (Japan),Kick Chase,Green,947039,11,H,3000,Japan,23585,Malo,Tuitama,1,4227
1256,3735.7839455782314,3749.700437843665,Dylan Riley (Japan),Kick Chase,Green,947039,13,H,3000,Japan,27652,Dylan,Riley,1,4227
1257,3735.7839455782314,3749.700437843665,Kippei Ishida (Japan),Kick Chase,Green,947039,14,H,3000,Japan,34036,Kippei,Ishida,1,4227
1258,3736.319297052154,3744.735284479,Amato Fakatava (Japan),Kick Chase,Yellow,947039,8,H,3000,Japan,36500,Amato,Fakatava,1,4227
1259,3741.4555102040817,3763.5022699736674,Sena Kimura (Japan),Kick Retreat,Green,947039,1,H,3000,Japan,58073,Sena,Kimura,1,4237
1260,3741.4555102040817,3763.5022699736674,Hayate Era (Japan),Kick Retreat,Green,947039,2,H,3000,Japan,61955,Hayate,Era,1,4237
1261,3741.4555102040817,3763.5022699736674,Shuhei Takeuchi (Japan),Kick Retreat,Green,947039,3,H,3000,Japan,37874,Shuhei,Takeuchi,1,4237
1262,3741.4555102040817,3763.5022699736674,Waisake Raratubua (Japan),Kick Retreat,Green,947039,4,H,3000,Japan,30796,Waisake,Raratubua,1,4237
1263,3741.4555102040817,3763.5022699736674,Kanji Shimokawa (Japan),Kick Retreat,Green,947039,7,H,3000,Japan,30962,Kanji,Shimokawa,1,4237
1264,3741.4555102040817,3763.5022699736674,Amato Fakatava (Japan),Kick Retreat,Green,947039,8,H,3000,Japan,36500,Amato,Fakatava,1,4237
1265,3741.4555102040817,3763.5022699736674,Charlie Lawrence (Japan),Kick Retreat,Green,947039,12,H,3000,Japan,32522,Charlie,Lawrence,1,4237
1266,3741.4555102040817,3763.5022699736674,Malo Tuitama (Japan),Kick Retreat,Green,947039,11,H,3000,Japan,23585,Malo,Tuitama,1,4237
1267,3741.4555102040817,3763.5022699736674,Kippei Ishida (Japan),Kick Retreat,Green,947039,14,H,3000,Japan,34036,Kippei,Ishida,1,4237
1268,3741.9895918367342,3754.696617867653,Dylan Riley (Japan),Kick Retreat,Yellow,947039,13,H,3000,Japan,27652,Dylan,Riley,1,4237
1269,3742.276968452,3753.2998292560214,Jason Higgins (Canada),Kick Chase,Green,947039,9,A,953,Canada,38159,Jason,Higgins,1,4237
1270,3742.276968452,3753.2998292560214,Matt Oworu (Canada),Kick Chase,Green,947039,8,A,953,Canada,39953,Matt,Oworu,1,4237
1271,3742.276968452,3753.2998292560214,Lucas Rumball (Canada),Kick Chase,Green,947039,7,A,953,Canada,25183,Lucas,Rumball,1,4237
1272,3742.276968452,3753.2998292560214,Sion Parry (Canada),Kick Chase,Green,947039,6,A,953,Canada,59972,Sion,Parry,1,4237
1273,3742.276968452,3753.2998292560214,Mason Flesch (Canada),Kick Chase,Green,947039,5,A,953,Canada,38465,Mason,Flesch,1,4237
1274,3742.276968452,3753.2998292560214,Piers Von Dadelszen (Canada),Kick Chase,Green,947039,4,A,953,Canada,58473,Piers,Von Dadelszen,1,4237
1275,3742.276968452,3753.2998292560214,Josiah Morra (Canada),Kick Chase,Green,947039,14,A,953,Canada,27284,Josiah,Morra,1,4237
1276,3742.276968452,3753.2998292560214,Ben LeSage (Canada),Kick Chase,Green,947039,13,A,953,Canada,25195,Ben,LeSage,1,4237
1277,3742.276968452,3753.2998292560214,Nic Benn (Canada),Kick Chase,Green,947039,11,A,953,Canada,38501,Nic,Benn,1,4237
1278,3742.276968452,3753.2998292560214,Calixto Martinez (Canada),Kick Chase,Green,947039,1,A,953,Canada,58656,Calixto,Martinez,1,4237
1279,3742.591459183,3754.199926101339,Dewald Kotze (Canada),Kick Chase,Yellow,947039,2,A,953,Canada,38836,Dewald,Kotze,1,4234
1280,3743.839174885,3754.799378725328,Ben Gunter (Japan),Kick Retreat,Yellow,947039,6,H,3000,Japan,26283,Ben,Gunter,1,4239
1281,3743.898756817852,3754.199926101339,Spencer Jones (Canada),Kick Chase,Yellow,947039,12,A,953,Canada,38161,Spencer,Jones,1,4239
1282,3744.3090929705218,3758.797198949641,Warner Dearns (Japan),Kick Retreat,Yellow,947039,5,H,3000,Japan,40399,Warner,Dearns,1,4239
1283,3747.9983695487713,3754.199926101339,Cole Keith (Canada),Kick Chase,Yellow,947039,3,A,953,Canada,27410,Cole,Keith,1,4240
1284,3751.696175157176,3761.300058074057,Jason Higgins (Canada),Tackle,Green,947039,9,A,953,Canada,38159,Jason,Higgins,1,4247
1285,3754.298225444675,3760.899926154615,Josiah Morra (Canada),Tackle,Green,947039,14,A,953,Canada,27284,Josiah,Morra,1,4251
1286,3756.298082154085,3767.6999200467976,Josiah Morra (Canada),Jackler,Green,947039,14,A,953,Canada,27284,Josiah,Morra,1,4251
1287,3760.998599298879,3783.400016966017,Lucas Rumball (Canada),Tackle,Green,947039,7,A,953,Canada,25183,Lucas,Rumball,1,4255
1288,3762.1999546485263,3767.1999546485263,Amato Fakatava (Japan),Ruck,Red,947039,8,H,3000,Japan,36500,Amato,Fakatava,1,4257
1289,3762.697777073003,3775.49992574675,Josiah Morra (Canada),Tackle,Green,947039,14,A,953,Canada,27284,Josiah,Morra,1,4257
1290,3763.044832935,3768.044832935,Kippei Ishida (Japan),Ruck,Green,947039,14,H,3000,Japan,34036,Kippei,Ishida,1,4257
1291,3764.41934891,3769.41934891,Seungsin Lee (Japan),Carry,Green,947039,10,H,3000,Japan,37841,Seungsin,Lee,1,4259
1292,3765.7808022279855,3772.0996585193434,Hayate Era (Japan),Ruck,Green,947039,2,H,3000,Japan,61955,Hayate,Era,1,4259
1293,3768.8983865158143,3779.5000749332994,Mason Flesch (Canada),Charge Down,Green,947039,5,A,953,Canada,38465,Mason,Flesch,1,4305
1294,3768.971859641,3781.600009586882,Calixto Martinez (Canada),Kick Retreat,Yellow,947039,1,A,953,Canada,58656,Calixto,Martinez,1,4305
1295,3769.0679818594103,3782.499983328545,Jason Higgins (Canada),Kick Retreat,Green,947039,9,A,953,Canada,38159,Jason,Higgins,1,4305
1296,3769.0679818594103,3782.499983328545,Matt Oworu (Canada),Kick Retreat,Green,947039,8,A,953,Canada,39953,Matt,Oworu,1,4305
1297,3769.0679818594103,3782.499983328545,Lucas Rumball (Canada),Kick Retreat,Green,947039,7,A,953,Canada,25183,Lucas,Rumball,1,4305
1298,3769.0679818594103,3782.499983328545,Sion Parry (Canada),Kick Retreat,Green,947039,6,A,953,Canada,59972,Sion,Parry,1,4305
1299,3769.0679818594103,3782.499983328545,Mason Flesch (Canada),Kick Retreat,Green,947039,5,A,953,Canada,38465,Mason,Flesch,1,4305
1300,3769.0679818594103,3782.499983328545,Piers Von Dadelszen (Canada),Kick Retreat,Green,947039,4,A,953,Canada,58473,Piers,Von Dadelszen,1,4305
1301,3769.0679818594103,3782.499983328545,Cole Keith (Canada),Kick Retreat,Green,947039,3,A,953,Canada,27410,Cole,Keith,1,4305
1302,3769.0679818594103,3782.499983328545,Dewald Kotze (Canada),Kick Retreat,Green,947039,2,A,953,Canada,38836,Dewald,Kotze,1,4305
1303,3769.0679818594103,3782.499983328545,Josiah Morra (Canada),Kick Retreat,Green,947039,14,A,953,Canada,27284,Josiah,Morra,1,4305
1304,3769.0679818594103,3782.499983328545,Ben LeSage (Canada),Kick Retreat,Green,947039,13,A,953,Canada,25195,Ben,LeSage,1,4305
1305,3769.0679818594103,3782.499983328545,Spencer Jones (Canada),Kick Retreat,Green,947039,12,A,953,Canada,38161,Spencer,Jones,1,4305
1306,3773.228575445,3778.228575445,Kanji Shimokawa (Japan),Ruck,Green,947039,7,H,3000,Japan,30962,Kanji,Shimokawa,1,4301
1307,3773.892236722,3778.892236722,Sena Kimura (Japan),Ruck,Green,947039,1,H,3000,Japan,58073,Sena,Kimura,1,4301
1308,3835.473786848073,3846.900391817349,Sena Kimura (Japan),Lineout Defence,Green,947039,1,H,3000,Japan,58073,Sena,Kimura,1,4412
1309,3835.473786848073,3846.900391817349,Shuhei Takeuchi (Japan),Lineout Defence,Green,947039,3,H,3000,Japan,37874,Shuhei,Takeuchi,1,4412
1310,3835.473786848073,3846.900391817349,Waisake Raratubua (Japan),Lineout Defence,Green,947039,4,H,3000,Japan,30796,Waisake,Raratubua,1,4412
1311,3835.80437555,3846.900391817349,Kanji Shimokawa (Japan),Lineout Defence,Green,947039,7,H,3000,Japan,30962,Kanji,Shimokawa,1,4412
1312,3837.701723356009,3844.19681274401,Warner Dearns (Japan),Lineout Defence,Green,947039,5,H,3000,Japan,40399,Warner,Dearns,1,4412
1313,3837.9953535773448,3853.000048362662,Mason Flesch (Canada),Lineout Attack,Yellow,947039,5,A,953,Canada,38465,Mason,Flesch,1,4412
1314,3838.00959454,3852.499924880879,Sion Parry (Canada),Lineout Attack,Green,947039,6,A,953,Canada,59972,Sion,Parry,1,4412
1315,3838.00959454,3852.499924880879,Piers Von Dadelszen (Canada),Lineout Attack,Green,947039,4,A,953,Canada,58473,Piers,Von Dadelszen,1,4412
1316,3838.00959454,3852.499924880879,Cole Keith (Canada),Lineout Attack,Green,947039,3,A,953,Canada,27410,Cole,Keith,1,4412
1317,3838.00959454,3852.499924880879,Dewald Kotze (Canada),Lineout Attack,Green,947039,2,A,953,Canada,38836,Dewald,Kotze,1,4412
1318,3838.00959454,3852.499924880879,Calixto Martinez (Canada),Lineout Attack,Green,947039,1,A,953,Canada,58656,Calixto,Martinez,1,4412
1319,3839.698312018824,3852.499924880879,Lucas Rumball (Canada),Lineout Attack,Green,947039,7,A,953,Canada,25183,Lucas,Rumball,1,4414
1320,3844.498434590718,3856.3004876881782,Dewald Kotze (Canada),Carry,Green,947039,2,A,953,Canada,38836,Dewald,Kotze,1,4419
1321,3847.1979428076183,3865.2000302696615,Lucas Rumball (Canada),Tackle,Green,947039,7,A,953,Canada,25183,Lucas,Rumball,1,4424
1322,3848.957097505669,3861.790983038,Shuhei Takeuchi (Japan),Ruck,Green,947039,3,H,3000,Japan,37874,Shuhei,Takeuchi,1,4424
1323,3849.089136441928,3865.100040993999,Sion Parry (Canada),Jackler,Green,947039,6,A,953,Canada,59972,Sion,Parry,1,4424
1324,3852.544254208,3867.7998882811544,Matt Oworu (Canada),Kick Retreat,Green,947039,8,A,953,Canada,39953,Matt,Oworu,1,4429
1325,3852.544254208,3867.7998882811544,Lucas Rumball (Canada),Kick Retreat,Green,947039,7,A,953,Canada,25183,Lucas,Rumball,1,4429
1326,3852.544254208,3867.7998882811544,Sion Parry (Canada),Kick Retreat,Green,947039,6,A,953,Canada,59972,Sion,Parry,1,4429
1327,3852.544254208,3867.7998882811544,Piers Von Dadelszen (Canada),Kick Retreat,Green,947039,4,A,953,Canada,58473,Piers,Von Dadelszen,1,4429
1328,3852.544254208,3867.7998882811544,Cole Keith (Canada),Kick Retreat,Green,947039,3,A,953,Canada,27410,Cole,Keith,1,4429
1329,3852.544254208,3867.7998882811544,Dewald Kotze (Canada),Kick Retreat,Green,947039,2,A,953,Canada,38836,Dewald,Kotze,1,4429
1330,3852.544254208,3867.7998882811544,Josiah Morra (Canada),Kick Retreat,Green,947039,14,A,953,Canada,27284,Josiah,Morra,1,4429
1331,3852.544254208,3867.7998882811544,Ben LeSage (Canada),Kick Retreat,Green,947039,13,A,953,Canada,25195,Ben,LeSage,1,4429
1332,3852.544254208,3867.7998882811544,Spencer Jones (Canada),Kick Retreat,Green,947039,12,A,953,Canada,38161,Spencer,Jones,1,4429
1333,3852.544254208,3867.7998882811544,Nic Benn (Canada),Kick Retreat,Green,947039,11,A,953,Canada,38501,Nic,Benn,1,4429
1334,3852.544254208,3867.7998882811544,Peter Nelson (Canada),Kick Retreat,Green,947039,10,A,953,Canada,19391,Peter,Nelson,1,4429
1335,3852.544254208,3867.7998882811544,Calixto Martinez (Canada),Kick Retreat,Green,947039,1,A,953,Canada,58656,Calixto,Martinez,1,4429
1336,3852.698498002947,3864.699960512034,Mason Flesch (Canada),Kick Retreat,Yellow,947039,5,A,953,Canada,38465,Mason,Flesch,1,4429
1337,3853.575950725,3861.051210554,Ben Gunter (Japan),Ruck,Green,947039,6,H,3000,Japan,26283,Ben,Gunter,1,4429
1338,3857.431448753,3862.431448753,Amato Fakatava (Japan),Carry,Green,947039,8,H,3000,Japan,36500,Amato,Fakatava,1,4429
1339,3887.23,3909.800530511331,Sena Kimura (Japan),Lineout Defence,Green,947039,1,H,3000,Japan,58073,Sena,Kimura,1,4506
1340,3887.23,3909.800530511331,Shuhei Takeuchi (Japan),Lineout Defence,Green,947039,3,H,3000,Japan,37874,Shuhei,Takeuchi,1,4506
1341,3887.23,3909.800530511331,Waisake Raratubua (Japan),Lineout Defence,Green,947039,4,H,3000,Japan,30796,Waisake,Raratubua,1,4506
1342,3887.23,3909.800530511331,Warner Dearns (Japan),Lineout Defence,Green,947039,5,H,3000,Japan,40399,Warner,Dearns,1,4506
1343,3887.23,3909.800530511331,Kanji Shimokawa (Japan),Lineout Defence,Green,947039,7,H,3000,Japan,30962,Kanji,Shimokawa,1,4506
1344,3887.3981909103222,3914.199899752812,Calixto Martinez (Canada),Lineout Attack,Green,947039,1,A,953,Canada,58656,Calixto,Martinez,1,4506
1345,3887.7987227850967,3914.199899752812,Dewald Kotze (Canada),Lineout Attack,Green,947039,2,A,953,Canada,38836,Dewald,Kotze,1,4506
1346,3888.098653953291,3914.199899752812,Cole Keith (Canada),Lineout Attack,Green,947039,3,A,953,Canada,27410,Cole,Keith,1,4506
1347,3888.498464036587,3914.199899752812,Piers Von Dadelszen (Canada),Lineout Attack,Green,947039,4,A,953,Canada,58473,Piers,Von Dadelszen,1,4506
1348,3888.898899827893,3914.199899752812,Mason Flesch (Canada),Lineout Attack,Green,947039,5,A,953,Canada,38465,Mason,Flesch,1,4506
1349,3889.198207827408,3914.199899752812,Sion Parry (Canada),Lineout Attack,Green,947039,6,A,953,Canada,59972,Sion,Parry,1,4506
1350,3889.69509899388,3914.199899752812,Lucas Rumball (Canada),Lineout Attack,Green,947039,7,A,953,Canada,25183,Lucas,Rumball,1,4506
1351,3900.146204735,3915.7999906524824,Jason Higgins (Canada),Kick Chase,Green,947039,9,A,953,Canada,38159,Jason,Higgins,1,4514
1352,3900.146204735,3915.7999906524824,Matt Oworu (Canada),Kick Chase,Green,947039,8,A,953,Canada,39953,Matt,Oworu,1,4514
1353,3900.146204735,3915.7999906524824,Lucas Rumball (Canada),Kick Chase,Green,947039,7,A,953,Canada,25183,Lucas,Rumball,1,4514
1354,3900.146204735,3915.7999906524824,Sion Parry (Canada),Kick Chase,Green,947039,6,A,953,Canada,59972,Sion,Parry,1,4514
1355,3900.146204735,3915.7999906524824,Mason Flesch (Canada),Kick Chase,Green,947039,5,A,953,Canada,38465,Mason,Flesch,1,4514
1356,3900.146204735,3915.7999906524824,Piers Von Dadelszen (Canada),Kick Chase,Green,947039,4,A,953,Canada,58473,Piers,Von Dadelszen,1,4514
1357,3900.146204735,3915.7999906524824,Cole Keith (Canada),Kick Chase,Green,947039,3,A,953,Canada,27410,Cole,Keith,1,4514
1358,3900.146204735,3915.7999906524824,Dewald Kotze (Canada),Kick Chase,Green,947039,2,A,953,Canada,38836,Dewald,Kotze,1,4514
1359,3900.146204735,3915.7999906524824,Ben LeSage (Canada),Kick Chase,Green,947039,13,A,953,Canada,25195,Ben,LeSage,1,4514
1360,3900.146204735,3915.7999906524824,Spencer Jones (Canada),Kick Chase,Green,947039,12,A,953,Canada,38161,Spencer,Jones,1,4514
1361,3900.146204735,3915.7999906524824,Nic Benn (Canada),Kick Chase,Green,947039,11,A,953,Canada,38501,Nic,Benn,1,4514
1362,3900.146204735,3915.7999906524824,Calixto Martinez (Canada),Kick Chase,Green,947039,1,A,953,Canada,58656,Calixto,Martinez,1,4514
1363,3901.798715542888,3914.400188334688,Josiah Morra (Canada),Kick Chase,Gold,947039,14,A,953,Canada,27284,Josiah,Morra,1,4518
1364,3905.021713261,3915.318445499,Sena Kimura (Japan),Kick Retreat,Green,947039,1,H,3000,Japan,58073,Sena,Kimura,1,4520
1365,3905.021713261,3915.318445499,Hayate Era (Japan),Kick Retreat,Green,947039,2,H,3000,Japan,61955,Hayate,Era,1,4520
1366,3905.021713261,3915.318445499,Shuhei Takeuchi (Japan),Kick Retreat,Green,947039,3,H,3000,Japan,37874,Shuhei,Takeuchi,1,4520
1367,3905.021713261,3915.318445499,Waisake Raratubua (Japan),Kick Retreat,Green,947039,4,H,3000,Japan,30796,Waisake,Raratubua,1,4520
1368,3905.021713261,3915.318445499,Warner Dearns (Japan),Kick Retreat,Green,947039,5,H,3000,Japan,40399,Warner,Dearns,1,4520
1369,3905.021713261,3915.318445499,Ben Gunter (Japan),Kick Retreat,Green,947039,6,H,3000,Japan,26283,Ben,Gunter,1,4520
1370,3905.021713261,3915.318445499,Kanji Shimokawa (Japan),Kick Retreat,Green,947039,7,H,3000,Japan,30962,Kanji,Shimokawa,1,4520
1371,3905.021713261,3915.318445499,Amato Fakatava (Japan),Kick Retreat,Green,947039,8,H,3000,Japan,36500,Amato,Fakatava,1,4520
1372,3905.021713261,3915.318445499,Shinobu Fujiwara (Japan),Kick Retreat,Green,947039,9,H,3000,Japan,30969,Shinobu,Fujiwara,1,4520
1373,3905.021713261,3915.318445499,Seungsin Lee (Japan),Kick Retreat,Green,947039,10,H,3000,Japan,37841,Seungsin,Lee,1,4520
1374,3905.021713261,3915.318445499,Charlie Lawrence (Japan),Kick Retreat,Green,947039,12,H,3000,Japan,32522,Charlie,Lawrence,1,4520
1375,3905.021713261,3915.318445499,Dylan Riley (Japan),Kick Retreat,Green,947039,13,H,3000,Japan,27652,Dylan,Riley,1,4520
1376,3905.021713261,3915.318445499,Kippei Ishida (Japan),Kick Retreat,Green,947039,14,H,3000,Japan,34036,Kippei,Ishida,1,4520
1377,4019.121188688,4052.3998210790887,Matt Oworu (Canada),Lineout Attack,Green,947039,8,A,953,Canada,39953,Matt,Oworu,1,4655
1378,4019.121188688,4052.3998210790887,Lucas Rumball (Canada),Lineout Attack,Green,947039,7,A,953,Canada,25183,Lucas,Rumball,1,4655
1379,4019.121188688,4052.3998210790887,Sion Parry (Canada),Lineout Attack,Green,947039,6,A,953,Canada,59972,Sion,Parry,1,4655
1380,4019.121188688,4052.3998210790887,Mason Flesch (Canada),Lineout Attack,Green,947039,5,A,953,Canada,38465,Mason,Flesch,1,4655
1381,4019.121188688,4052.3998210790887,Piers Von Dadelszen (Canada),Lineout Attack,Green,947039,4,A,953,Canada,58473,Piers,Von Dadelszen,1,4655
1382,4019.121188688,4052.3998210790887,Cole Keith (Canada),Lineout Attack,Green,947039,3,A,953,Canada,27410,Cole,Keith,1,4655
1383,4019.121188688,4052.3998210790887,Dewald Kotze (Canada),Lineout Attack,Green,947039,2,A,953,Canada,38836,Dewald,Kotze,1,4655
1384,4019.121188688,4052.3998210790887,Calixto Martinez (Canada),Lineout Attack,Green,947039,1,A,953,Canada,58656,Calixto,Martinez,1,4655
1385,4021.642117492,4052.8000078163263,Sena Kimura (Japan),Lineout Defence,Green,947039,1,H,3000,Japan,58073,Sena,Kimura,1,4656
1386,4021.642117492,4052.8000078163263,Shuhei Takeuchi (Japan),Lineout Defence,Green,947039,3,H,3000,Japan,37874,Shuhei,Takeuchi,1,4656
1387,4021.642117492,4052.8000078163263,Waisake Raratubua (Japan),Lineout Defence,Green,947039,4,H,3000,Japan,30796,Waisake,Raratubua,1,4656
1388,4021.642117492,4052.8000078163263,Warner Dearns (Japan),Lineout Defence,Green,947039,5,H,3000,Japan,40399,Warner,Dearns,1,4656
1389,4021.642117492,4052.8000078163263,Kanji Shimokawa (Japan),Lineout Defence,Green,947039,7,H,3000,Japan,30962,Kanji,Shimokawa,1,4656
1390,4021.642117492,4052.8000078163263,Amato Fakatava (Japan),Lineout Defence,Green,947039,8,H,3000,Japan,36500,Amato,Fakatava,1,4656
1391,4032.283469264,4052.8000078163263,Hayate Era (Japan),Lineout Defence,Green,947039,2,H,3000,Japan,61955,Hayate,Era,1,4658
1392,4042.596204592467,4059.3999806286247,Spencer Jones (Canada),Carry,Green,947039,12,A,953,Canada,38161,Spencer,Jones,1,4719
1393,4043.022562358277,4057.285027273,Charlie Lawrence (Japan),Tackle,Green,947039,12,H,3000,Japan,32522,Charlie,Lawrence,1,4719
1394,4044.09835029051,4059.400286197881,Ben LeSage (Canada),Ruck,Green,947039,13,A,953,Canada,25195,Ben,LeSage,1,4720
1395,4046.198569626344,4059.400286197881,Josiah Morra (Canada),Ruck,Green,947039,14,A,953,Canada,27284,Josiah,Morra,1,4722
1396,4047.342358276644,4052.342358276644,Hayate Era (Japan),Phase Defence,Red,947039,2,H,3000,Japan,61955,Hayate,Era,2,4724
1397,4047.8433786848072,4052.8433786848072,Seungsin Lee (Japan),Tackle,Green,947039,10,H,3000,Japan,37841,Seungsin,Lee,2,4724
1398,4048.6985239701426,4059.400286197881,Dewald Kotze (Canada),Ruck,Green,947039,2,A,953,Canada,38836,Dewald,Kotze,2,4725
1399,4049.6982540173,4066.600122531207,Mason Flesch (Canada),Carry,Green,947039,5,A,953,Canada,38465,Mason,Flesch,2,4726
1400,4050.398531295663,4064.7000786883473,Sion Parry (Canada),Ruck,Green,947039,6,A,953,Canada,59972,Sion,Parry,2,4726
1401,4051.3981678367104,4064.7000786883473,Cole Keith (Canada),Ruck,Red,947039,3,A,953,Canada,27410,Cole,Keith,2,4728
1402,4052.508120143,4057.508120143,Hayate Era (Japan),Tackle,Green,947039,2,H,3000,Japan,61955,Hayate,Era,2,4729
1403,4053.99797045953,4066.6000367067377,Calixto Martinez (Canada),Carry,Red,947039,1,A,953,Canada,58656,Calixto,Martinez,2,4729
1404,4055.4972353411417,4063.7999496806983,Piers Von Dadelszen (Canada),Tackle,Green,947039,4,A,953,Canada,58473,Piers,Von Dadelszen,2,4730
1405,4055.609947744,4060.609947744,Kanji Shimokawa (Japan),Jackler,Green,947039,7,H,3000,Japan,30962,Kanji,Shimokawa,2,4730
1406,4055.683713613,4062.853224632,Amato Fakatava (Japan),Tackle,Green,947039,8,H,3000,Japan,36500,Amato,Fakatava,2,4730
1407,4057.398389940413,4067.6000111664825,Matt Oworu (Canada),Tackle,Red,947039,8,A,953,Canada,39953,Matt,Oworu,2,4730
1408,4149.798379815546,4165.799833146677,Calixto Martinez (Canada),Lineout Defence,Green,947039,1,A,953,Canada,58656,Calixto,Martinez,2,4907
1409,4150.298268315552,4165.799833146677,Piers Von Dadelszen (Canada),Lineout Defence,Green,947039,4,A,953,Canada,58473,Piers,Von Dadelszen,2,4907
1410,4150.798399608092,4165.799833146677,Mason Flesch (Canada),Lineout Defence,Green,947039,5,A,953,Canada,38465,Mason,Flesch,2,4907
1411,4151.293902691785,4165.799833146677,Sion Parry (Canada),Lineout Defence,Green,947039,6,A,953,Canada,59972,Sion,Parry,2,4907
1412,4188.264217687075,4222.101198344681,Waisake Raratubua (Japan),Scrum Attack,Green,947039,4,H,3000,Japan,30796,Waisake,Raratubua,2,4955
1413,4188.264217687075,4222.101198344681,Warner Dearns (Japan),Scrum Attack,Green,947039,5,H,3000,Japan,40399,Warner,Dearns,2,4955
1414,4188.264217687075,4222.101198344681,Ben Gunter (Japan),Scrum Attack,Green,947039,6,H,3000,Japan,26283,Ben,Gunter,2,4955
1415,4188.264217687075,4222.101198344681,Kanji Shimokawa (Japan),Scrum Attack,Green,947039,7,H,3000,Japan,30962,Kanji,Shimokawa,2,4955
1416,4188.264217687075,4222.101198344681,Amato Fakatava (Japan),Scrum Attack,Green,947039,8,H,3000,Japan,36500,Amato,Fakatava,2,4955
1417,4205.264352986,4221.999905201904,Matt Oworu (Canada),Scrum Defence,Green,947039,8,A,953,Canada,39953,Matt,Oworu,2,5001
1418,4205.264352986,4221.999905201904,Lucas Rumball (Canada),Scrum Defence,Green,947039,7,A,953,Canada,25183,Lucas,Rumball,2,5001
1419,4205.264352986,4221.999905201904,Sion Parry (Canada),Scrum Defence,Green,947039,6,A,953,Canada,59972,Sion,Parry,2,5001
1420,4205.264352986,4221.999905201904,Mason Flesch (Canada),Scrum Defence,Green,947039,5,A,953,Canada,38465,Mason,Flesch,2,5001
1421,4205.264352986,4221.999905201904,Piers Von Dadelszen (Canada),Scrum Defence,Green,947039,4,A,953,Canada,58473,Piers,Von Dadelszen,2,5001
1422,4205.264352986,4221.999905201904,Cole Keith (Canada),Scrum Defence,Green,947039,3,A,953,Canada,27410,Cole,Keith,2,5001
1423,4205.264352986,4221.999905201904,Dewald Kotze (Canada),Scrum Defence,Green,947039,2,A,953,Canada,38836,Dewald,Kotze,2,5001
1424,4205.264352986,4221.999905201904,Calixto Martinez (Canada),Scrum Defence,Green,947039,1,A,953,Canada,58656,Calixto,Martinez,2,5001
1425,4205.477301587302,4219.596736254341,Hayate Era (Japan),Scrum Attack,Yellow,947039,2,H,3000,Japan,61955,Hayate,Era,2,5001
1426,4205.6235374149655,4218.397183662324,Shuhei Takeuchi (Japan),Scrum Attack,Yellow,947039,3,H,3000,Japan,37874,Shuhei,Takeuchi,2,5001
1427,4206.142358276644,4218.399299718653,Amato Fakatava (Japan),Carry,Gold,947039,8,H,3000,Japan,36500,Amato,Fakatava,2,5001
1428,4207.5985318745925,4216.500071458043,Jason Higgins (Canada),Tackle,Green,947039,9,A,953,Canada,38159,Jason,Higgins,2,5003
1429,4208.799608352666,4219.197785728987,Sena Kimura (Japan),Scrum Attack,Yellow,947039,1,H,3000,Japan,58073,Sena,Kimura,2,5005
1430,4209.899269663614,4220.500520002841,Nic Benn (Canada),Tackle,Green,947039,11,A,953,Canada,38501,Nic,Benn,2,5006
1431,4210.198549826508,4222.799994918054,Matt Oworu (Canada),Tackle,Green,947039,8,A,953,Canada,39953,Matt,Oworu,2,5006
1432,4210.270158730159,4215.270158730159,Kenta Fukuda (Japan),Carry,Green,947039,21,H,3000,Japan,36475,Kenta,Fukuda,2,5006
1433,4214.198048009492,4229.500020514614,Sion Parry (Canada),Carry,Green,947039,6,A,953,Canada,59972,Sion,Parry,2,5010
1434,4214.411726291,4219.411726291,Amato Fakatava (Japan),Carry,Green,947039,8,H,3000,Japan,36500,Amato,Fakatava,2,5010
1435,4216.397822696962,4227.500116925286,Lucas Rumball (Canada),Ruck,Green,947039,7,A,953,Canada,25183,Lucas,Rumball,2,5012
1436,4217.195495946696,4227.500116925286,Mason Flesch (Canada),Ruck,Green,947039,5,A,953,Canada,38465,Mason,Flesch,2,5012
1437,4218.398453993672,4229.299363356987,Ben Gunter (Japan),Tackle,Green,947039,6,H,3000,Japan,26283,Ben,Gunter,2,5014
1438,4219.298763575312,4247.1998856966975,Dewald Kotze (Canada),Carry,Green,947039,2,A,953,Canada,38836,Dewald,Kotze,2,5016
1439,4222.598916403867,4245.900003633052,Calixto Martinez (Canada),Ruck,Green,947039,1,A,953,Canada,58656,Calixto,Martinez,2,5019
1440,4222.649936366,4233.677055063,Waisake Raratubua (Japan),Jackler,Green,947039,4,H,3000,Japan,30796,Waisake,Raratubua,2,5019
1441,4223.198244610658,4245.900003633052,Piers Von Dadelszen (Canada),Ruck,Green,947039,4,A,953,Canada,58473,Piers,Von Dadelszen,2,5019
1442,4224.195127320052,4245.900003633052,Mason Flesch (Canada),Ruck,Green,947039,5,A,953,Canada,38465,Mason,Flesch,2,5021
1443,4226.599000028925,4245.900003633052,Cole Keith (Canada),Ruck,Green,947039,3,A,953,Canada,27410,Cole,Keith,2,5021
1444,4227.398441112388,4245.900003633052,Matt Oworu (Canada),Ruck,Green,947039,8,A,953,Canada,39953,Matt,Oworu,2,5013
1445,4231.626728738,4244.699681146487,Matt Oworu (Canada),Kick Chase,Green,947039,8,A,953,Canada,39953,Matt,Oworu,2,5026
1446,4231.626728738,4244.699681146487,Lucas Rumball (Canada),Kick Chase,Green,947039,7,A,953,Canada,25183,Lucas,Rumball,2,5026
1447,4231.626728738,4244.699681146487,Sion Parry (Canada),Kick Chase,Green,947039,6,A,953,Canada,59972,Sion,Parry,2,5026
1448,4231.626728738,4244.699681146487,Mason Flesch (Canada),Kick Chase,Green,947039,5,A,953,Canada,38465,Mason,Flesch,2,5026
1449,4231.626728738,4244.699681146487,Piers Von Dadelszen (Canada),Kick Chase,Green,947039,4,A,953,Canada,58473,Piers,Von Dadelszen,2,5026
1450,4231.626728738,4244.699681146487,Cole Keith (Canada),Kick Chase,Green,947039,3,A,953,Canada,27410,Cole,Keith,2,5026
1451,4231.626728738,4244.699681146487,Dewald Kotze (Canada),Kick Chase,Green,947039,2,A,953,Canada,38836,Dewald,Kotze,2,5026
1452,4231.626728738,4244.699681146487,Josiah Morra (Canada),Kick Chase,Green,947039,14,A,953,Canada,27284,Josiah,Morra,2,5026
1453,4231.626728738,4244.699681146487,Ben LeSage (Canada),Kick Chase,Green,947039,13,A,953,Canada,25195,Ben,LeSage,2,5026
1454,4231.626728738,4244.699681146487,Spencer Jones (Canada),Kick Chase,Green,947039,12,A,953,Canada,38161,Spencer,Jones,2,5026
1455,4231.626728738,4244.699681146487,Nic Benn (Canada),Kick Chase,Green,947039,11,A,953,Canada,38501,Nic,Benn,2,5026
1456,4233.587439897,4238.587439897,Warner Dearns (Japan),Charge Down,Green,947039,5,H,3000,Japan,40399,Warner,Dearns,2,5026
1457,4233.587439897,4247.863234241,Sena Kimura (Japan),Kick Retreat,Green,947039,1,H,3000,Japan,58073,Sena,Kimura,2,5026
1458,4233.587439897,4247.863234241,Hayate Era (Japan),Kick Retreat,Green,947039,2,H,3000,Japan,61955,Hayate,Era,2,5026
1459,4233.587439897,4247.863234241,Shuhei Takeuchi (Japan),Kick Retreat,Green,947039,3,H,3000,Japan,37874,Shuhei,Takeuchi,2,5026
1460,4233.587439897,4247.863234241,Waisake Raratubua (Japan),Kick Retreat,Green,947039,4,H,3000,Japan,30796,Waisake,Raratubua,2,5026
1461,4233.587439897,4247.863234241,Ben Gunter (Japan),Kick Retreat,Green,947039,6,H,3000,Japan,26283,Ben,Gunter,2,5026
1462,4233.587439897,4247.863234241,Kanji Shimokawa (Japan),Kick Retreat,Green,947039,7,H,3000,Japan,30962,Kanji,Shimokawa,2,5026
1463,4233.587439897,4247.863234241,Amato Fakatava (Japan),Kick Retreat,Green,947039,8,H,3000,Japan,36500,Amato,Fakatava,2,5026
1464,4235.620492425,4247.863234241,Charlie Lawrence (Japan),Kick Retreat,Green,947039,12,H,3000,Japan,32522,Charlie,Lawrence,2,5032
1465,4235.620492425,4247.863234241,Dylan Riley (Japan),Kick Retreat,Green,947039,13,H,3000,Japan,27652,Dylan,Riley,2,5032
1466,4236.271588368,4247.863234241,Kenta Fukuda (Japan),Kick Retreat,Green,947039,21,H,3000,Japan,36475,Kenta,Fukuda,2,5032
1467,4237.5801767949915,4259.900147434,Amato Fakatava (Japan),Carry,Red,947039,8,H,3000,Japan,36500,Amato,Fakatava,2,5034
1468,4237.898249323646,4247.863234241,Kippei Ishida (Japan),Kick Retreat,Green,947039,14,H,3000,Japan,34036,Kippei,Ishida,2,5034
1469,4238.19815602002,4252.8999848230305,Sion Parry (Canada),Tackle,Red,947039,6,A,953,Canada,59972,Sion,Parry,2,5035
1470,4239.298218070615,4244.100475826385,Lucas Rumball (Canada),Tackle,Green,947039,7,A,953,Canada,25183,Lucas,Rumball,2,5035
1471,4239.29900395059,4251.000015253306,Lucas Rumball (Canada),Jackler,Red,947039,7,A,953,Canada,25183,Lucas,Rumball,2,5035
1472,4239.448886545,4246.198473031665,Warner Dearns (Japan),Kick Retreat ,Red,947039,5,H,3000,Japan,40399,Warner,Dearns,2,5035
1473,4239.998173016274,4247.8002276007355,Calixto Martinez (Canada),Kick Chase,Red,947039,1,A,953,Canada,58656,Calixto,Martinez,2,5037
1474,4243.500184716,4248.500184716,Sena Kimura (Japan),Ruck,Green,947039,1,H,3000,Japan,58073,Sena,Kimura,2,5039
1475,4244.611874578,4249.611874578,Kanji Shimokawa (Japan),Ruck,Green,947039,7,H,3000,Japan,30962,Kanji,Shimokawa,2,5041
1476,4247.898867369615,4261.399944885545,Ben LeSage (Canada),Tackle,Green,947039,13,A,953,Canada,25195,Ben,LeSage,2,5044
1477,4248.698187809749,4259.699963735661,Josiah Morra (Canada),Jackler,Green,947039,14,A,953,Canada,27284,Josiah,Morra,2,5044
1478,4250.935011337869,4256.454215955,Sam Greene (Japan),Ruck,Green,947039,15,H,3000,Japan,22606,Sam,Greene,2,5046
1479,4253.197910364439,4269.600006513346,Spencer Jones (Canada),Carry,Green,947039,12,A,953,Canada,38161,Spencer,Jones,2,5049
1480,4254.168994921,4259.168994921,Kippei Ishida (Japan),Ruck,Green,947039,14,H,3000,Japan,34036,Kippei,Ishida,2,5050
1481,4254.59875317046,4268.000052533828,Josiah Morra (Canada),Ruck,Green,947039,14,A,953,Canada,27284,Josiah,Morra,2,5050
1482,4254.709213595,4260.702496882,Dylan Riley (Japan),Carry,Green,947039,13,H,3000,Japan,27652,Dylan,Riley,2,5050
1483,4256.824744757,4275.69991279949,Lucas Rumball (Canada),Kick Chase,Yellow,947039,7,A,953,Canada,25183,Lucas,Rumball,2,5054
1484,4256.824744757,4275.69991279949,Sion Parry (Canada),Kick Chase,Yellow,947039,6,A,953,Canada,59972,Sion,Parry,2,5054
1485,4256.824744757,4275.69991279949,Piers Von Dadelszen (Canada),Kick Chase,Yellow,947039,4,A,953,Canada,58473,Piers,Von Dadelszen,2,5054
1486,4256.824744757,4275.69991279949,Dewald Kotze (Canada),Kick Chase,Yellow,947039,2,A,953,Canada,38836,Dewald,Kotze,2,5054
1487,4256.824744757,4275.69991279949,Calixto Martinez (Canada),Kick Chase,Yellow,947039,1,A,953,Canada,58656,Calixto,Martinez,2,5054
1488,4256.988197649,4269.300018501764,Jason Higgins (Canada),Kick Chase,Green,947039,9,A,953,Canada,38159,Jason,Higgins,2,5054
1489,4256.988197649,4269.300018501764,Josiah Morra (Canada),Kick Chase,Green,947039,14,A,953,Canada,27284,Josiah,Morra,2,5054
1490,4256.988197649,4269.300018501764,Ben LeSage (Canada),Kick Chase,Green,947039,13,A,953,Canada,25195,Ben,LeSage,2,5054
1491,4256.988197649,4269.300018501764,Spencer Jones (Canada),Kick Chase,Green,947039,12,A,953,Canada,38161,Spencer,Jones,2,5054
1492,4256.988197649,4269.300018501764,Nic Benn (Canada),Kick Chase,Green,947039,11,A,953,Canada,38501,Nic,Benn,2,5054
1493,4256.996179711623,4268.000052533828,Mason Flesch (Canada),Ruck,Red,947039,5,A,953,Canada,38465,Mason,Flesch,2,5054
1494,4257.709115646258,4270.163393664,Sena Kimura (Japan),Kick Retreat,Green,947039,1,H,3000,Japan,58073,Sena,Kimura,2,5054
1495,4257.709115646258,4270.163393664,Hayate Era (Japan),Kick Retreat,Green,947039,2,H,3000,Japan,61955,Hayate,Era,2,5054
1496,4257.709115646258,4270.163393664,Shuhei Takeuchi (Japan),Kick Retreat,Green,947039,3,H,3000,Japan,37874,Shuhei,Takeuchi,2,5054
1497,4257.709115646258,4270.163393664,Waisake Raratubua (Japan),Kick Retreat,Green,947039,4,H,3000,Japan,30796,Waisake,Raratubua,2,5054
1498,4257.709115646258,4270.163393664,Warner Dearns (Japan),Kick Retreat,Green,947039,5,H,3000,Japan,40399,Warner,Dearns,2,5054
1499,4257.709115646258,4270.163393664,Ben Gunter (Japan),Kick Retreat,Green,947039,6,H,3000,Japan,26283,Ben,Gunter,2,5054
1500,4257.709115646258,4270.163393664,Kanji Shimokawa (Japan),Kick Retreat,Green,947039,7,H,3000,Japan,30962,Kanji,Shimokawa,2,5054
1501,4257.709115646258,4270.163393664,Amato Fakatava (Japan),Kick Retreat,Green,947039,8,H,3000,Japan,36500,Amato,Fakatava,2,5054
1502,4257.998122761193,4275.69991279949,Cole Keith (Canada),Kick Chase,Yellow,947039,3,A,953,Canada,27410,Cole,Keith,2,5054
1503,4258.698008422261,4275.69991279949,Mason Flesch (Canada),Kick Chase,Yellow,947039,5,A,953,Canada,38465,Mason,Flesch,2,5054
1504,4258.711405895691,4264.847980058,Charlie Lawrence (Japan),Tackle,Green,947039,12,H,3000,Japan,32522,Charlie,Lawrence,2,5054
1505,4259.671924989,4270.163393664,Charlie Lawrence (Japan),Kick Retreat,Green,947039,12,H,3000,Japan,32522,Charlie,Lawrence,2,5056
1506,4259.671924989,4270.163393664,Dylan Riley (Japan),Kick Retreat,Green,947039,13,H,3000,Japan,27652,Dylan,Riley,2,5056
1507,4259.671924989,4270.163393664,Kippei Ishida (Japan),Kick Retreat,Green,947039,14,H,3000,Japan,34036,Kippei,Ishida,2,5056
1508,4260.07069828,4270.163393664,Kenta Fukuda (Japan),Kick Retreat,Green,947039,21,H,3000,Japan,36475,Kenta,Fukuda,2,5056
1509,4260.998293092902,4275.69991279949,Matt Oworu (Canada),Kick Chase,Yellow,947039,8,A,953,Canada,39953,Matt,Oworu,2,5057
1510,4263.398963624102,4273.401148418146,Josiah Morra (Canada),Tackle,Green,947039,14,A,953,Canada,27284,Josiah,Morra,2,5100
1511,4267.37441346,4272.37441346,Seungsin Lee (Japan),Carry,Green,947039,10,H,3000,Japan,37841,Seungsin,Lee,2,5105
1512,4267.8979734866,4278.399910796721,Piers Von Dadelszen (Canada),Tackle,Green,947039,4,A,953,Canada,58473,Piers,Von Dadelszen,2,5105
1513,4268.397977862357,4278.399910796721,Spencer Jones (Canada),Tackle,Green,947039,12,A,953,Canada,38161,Spencer,Jones,2,5105
1514,4269.451428571429,4276.100001886226,Dewald Kotze (Canada),Phase Defence,Red,947039,2,A,953,Canada,38836,Dewald,Kotze,2,5105
1515,4269.451428571429,4276.100001886226,Josiah Morra (Canada),Phase Defence,Red,947039,14,A,953,Canada,27284,Josiah,Morra,2,5105
1516,4269.451428571429,4276.100001886226,Ben LeSage (Canada),Phase Defence,Red,947039,13,A,953,Canada,25195,Ben,LeSage,2,5105
1517,4269.451428571429,4276.100001886226,Calixto Martinez (Canada),Phase Defence,Red,947039,1,A,953,Canada,58656,Calixto,Martinez,2,5105
1518,4273.813142654,4278.813142654,Sena Kimura (Japan),Ruck,Green,947039,1,H,3000,Japan,58073,Sena,Kimura,2,5110
1519,4273.813142654,4278.813142654,Shuhei Takeuchi (Japan),Ruck,Red,947039,3,H,3000,Japan,37874,Shuhei,Takeuchi,2,5110
1520,4275.417754425,4280.417754425,Kippei Ishida (Japan),Carry,Green,947039,14,H,3000,Japan,34036,Kippei,Ishida,2,5111
1521,4277.2973161466425,4285.800021850933,Ben LeSage (Canada),Tackle,Green,947039,13,A,953,Canada,25195,Ben,LeSage,2,5113
1522,4277.698560398295,4285.800021850933,Nic Benn (Canada),Tackle,Green,947039,11,A,953,Canada,38501,Nic,Benn,2,5114
1523,4281.099064350196,4298.099899603934,Nic Benn (Canada),Jackler,Yellow,947039,11,A,953,Canada,38501,Nic,Benn,2,5117
1524,4281.498294724879,4298.099899603934,Ben LeSage (Canada),Jackler,Yellow,947039,13,A,953,Canada,25195,Ben,LeSage,2,5118
1525,4283.159931972789,4288.159931972789,Tomoki Osada (Japan),Ruck,Red,947039,23,H,3000,Japan,31059,Tomoki,Osada,2,5119
1526,4283.223134582,4290.876112554,Ben Gunter (Japan),Ruck,Yellow,947039,6,H,3000,Japan,26283,Ben,Gunter,2,5119
1527,4283.697970876206,4290.600034735191,Sion Parry (Canada),Tackle,Green,947039,6,A,953,Canada,59972,Sion,Parry,2,5119
1528,4284.987375844009,4293.039494344,Kanji Shimokawa (Japan),Ruck,Green,947039,7,H,3000,Japan,30962,Kanji,Shimokawa,2,5119
1529,4285.876112554,4290.876112554,Sam Greene (Japan),Carry,Green,947039,15,H,3000,Japan,22606,Sam,Greene,2,5119
1530,4345.6985011835,4367.400069300228,Cole Keith (Canada),Lineout Attack,Yellow,947039,3,A,953,Canada,27410,Cole,Keith,2,5201
1531,4346.097754308744,4367.400069300228,Calixto Martinez (Canada),Lineout Attack,Yellow,947039,1,A,953,Canada,58656,Calixto,Martinez,2,5201
1532,4346.197835281979,4366.599800409469,Dewald Kotze (Canada),Lineout Attack,Green,947039,2,A,953,Canada,38836,Dewald,Kotze,2,5201
1533,4347.098302821792,4366.599800409469,Piers Von Dadelszen (Canada),Lineout Attack,Green,947039,4,A,953,Canada,58473,Piers,Von Dadelszen,2,5201
1534,4347.225736961451,4362.416754491,Kenta Kobayashi (Japan),Lineout Defence,Green,947039,17,H,3000,Japan,34481,Kenta,Kobayashi,2,5201
1535,4347.3976825307245,4366.599800409469,Mason Flesch (Canada),Lineout Attack,Green,947039,5,A,953,Canada,38465,Mason,Flesch,2,5201
1536,4347.73361644,4362.416754491,Waisake Raratubua (Japan),Lineout Defence,Green,947039,4,H,3000,Japan,30796,Waisake,Raratubua,2,5201
1537,4347.73361644,4362.416754491,Warner Dearns (Japan),Lineout Defence,Green,947039,5,H,3000,Japan,40399,Warner,Dearns,2,5201
1538,4347.73361644,4362.416754491,Kanji Shimokawa (Japan),Lineout Defence,Green,947039,7,H,3000,Japan,30962,Kanji,Shimokawa,2,5201
1539,4347.898823239867,4366.599800409469,Sion Parry (Canada),Lineout Attack,Green,947039,6,A,953,Canada,59972,Sion,Parry,2,5201
1540,4348.197141322639,4366.599800409469,Lucas Rumball (Canada),Lineout Attack,Green,947039,7,A,953,Canada,25183,Lucas,Rumball,2,5201
1541,4350.539875293,4362.416754491,Shuhei Takeuchi (Japan),Lineout Defence,Green,947039,3,H,3000,Japan,37874,Shuhei,Takeuchi,2,5206
1542,4380.0976528531655,4395.500008079563,Calixto Martinez (Canada),Lineout Defence,Yellow,947039,1,A,953,Canada,58656,Calixto,Martinez,2,5239
1543,4380.4980228527875,4395.500008079563,Mason Flesch (Canada),Lineout Defence,Yellow,947039,5,A,953,Canada,38465,Mason,Flesch,2,5239
1544,4380.898612811404,4395.500008079563,Piers Von Dadelszen (Canada),Lineout Defence,Yellow,947039,4,A,953,Canada,58473,Piers,Von Dadelszen,2,5239
1545,4387.095990832039,4397.399972332707,Sion Parry (Canada),Lineout Defence,Green,947039,6,A,953,Canada,59972,Sion,Parry,2,5243
1546,4387.799310494244,4396.199970610833,Sion Parry (Canada),Charge Down,Green,947039,6,A,953,Canada,59972,Sion,Parry,2,5243
1547,4427.198355507882,4441.79997431867,Piers Von Dadelszen (Canada),Lineout Defence,Yellow,947039,4,A,953,Canada,58473,Piers,Von Dadelszen,2,5301
1548,4428.938971674,4443.399962760906,Lucas Rumball (Canada),Lineout Attack,Green,947039,7,A,953,Canada,25183,Lucas,Rumball,2,5301
1549,4428.938971674,4443.399962760906,Sion Parry (Canada),Lineout Attack,Green,947039,6,A,953,Canada,59972,Sion,Parry,2,5301
1550,4428.938971674,4443.399962760906,Mason Flesch (Canada),Lineout Attack,Green,947039,5,A,953,Canada,38465,Mason,Flesch,2,5301
1551,4428.938971674,4443.399962760906,Cole Keith (Canada),Lineout Attack,Green,947039,3,A,953,Canada,27410,Cole,Keith,2,5301
1552,4428.938971674,4443.399962760906,Dewald Kotze (Canada),Lineout Attack,Green,947039,2,A,953,Canada,38836,Dewald,Kotze,2,5301
1553,4428.938971674,4443.399962760906,Calixto Martinez (Canada),Lineout Attack,Green,947039,1,A,953,Canada,58656,Calixto,Martinez,2,5301
1554,4429.674535147392,4445.7008322263355,Kenta Kobayashi (Japan),Lineout Attack,Green,947039,17,H,3000,Japan,34481,Kenta,Kobayashi,2,5303
1555,4429.674535147392,4445.7008322263355,Keijiro Tamefusa (Japan),Lineout Attack,Green,947039,18,H,3000,Japan,61929,Keijiro,Tamefusa,2,5303
1556,4429.933565076,4445.7008322263355,Waisake Raratubua (Japan),Lineout Attack,Green,947039,4,H,3000,Japan,30796,Waisake,Raratubua,2,5303
1557,4429.933565076,4445.7008322263355,Warner Dearns (Japan),Lineout Attack,Green,947039,5,H,3000,Japan,40399,Warner,Dearns,2,5303
1558,4429.933565076,4445.7008322263355,Kanji Shimokawa (Japan),Lineout Attack,Green,947039,7,H,3000,Japan,30962,Kanji,Shimokawa,2,5303
1559,4434.298796149403,4442.20001706298,Lucas Rumball (Canada),Tackle,Green,947039,7,A,953,Canada,25183,Lucas,Rumball,2,5306
1560,4437.599448520345,4445.899980146266,Lucas Rumball (Canada),Jackler,Green,947039,7,A,953,Canada,25183,Lucas,Rumball,2,5308
1561,4437.656442013,4457.500772270337,Hayate Era (Japan),Kick Chase,Green,947039,2,H,3000,Japan,61955,Hayate,Era,2,5308
1562,4437.656442013,4457.500772270337,Waisake Raratubua (Japan),Kick Chase,Green,947039,4,H,3000,Japan,30796,Waisake,Raratubua,2,5308
1563,4437.656442013,4457.500772270337,Warner Dearns (Japan),Kick Chase,Green,947039,5,H,3000,Japan,40399,Warner,Dearns,2,5308
1564,4437.656442013,4457.500772270337,Ben Gunter (Japan),Kick Chase,Green,947039,6,H,3000,Japan,26283,Ben,Gunter,2,5308
1565,4437.656442013,4457.500772270337,Kanji Shimokawa (Japan),Kick Chase,Green,947039,7,H,3000,Japan,30962,Kanji,Shimokawa,2,5308
1566,4437.656442013,4457.500772270337,Amato Fakatava (Japan),Kick Chase,Green,947039,8,H,3000,Japan,36500,Amato,Fakatava,2,5308
1567,4437.656442013,4457.500772270337,Kenta Kobayashi (Japan),Kick Chase,Green,947039,17,H,3000,Japan,34481,Kenta,Kobayashi,2,5308
1568,4437.656442013,4457.500772270337,Keijiro Tamefusa (Japan),Kick Chase,Green,947039,18,H,3000,Japan,61929,Keijiro,Tamefusa,2,5308
1569,4438.199293091992,4457.500772270337,Tomoki Osada (Japan),Kick Chase,Green,947039,23,H,3000,Japan,31059,Tomoki,Osada,2,5312
1570,4438.499561841654,4457.500772270337,Charlie Lawrence (Japan),Kick Chase,Green,947039,12,H,3000,Japan,32522,Charlie,Lawrence,2,5312
1571,4438.698613994701,4447.000036953731,Jason Higgins (Canada),Charge Down,Green,947039,9,A,953,Canada,38159,Jason,Higgins,2,5312
1572,4438.856540317,4454.137896352397,Jason Higgins (Canada),Kick Retreat,Green,947039,9,A,953,Canada,38159,Jason,Higgins,2,5312
1573,4438.856540317,4454.137896352397,Matt Oworu (Canada),Kick Retreat,Green,947039,8,A,953,Canada,39953,Matt,Oworu,2,5312
1574,4438.856540317,4454.137896352397,Lucas Rumball (Canada),Kick Retreat,Green,947039,7,A,953,Canada,25183,Lucas,Rumball,2,5312
1575,4438.856540317,4454.137896352397,Sion Parry (Canada),Kick Retreat,Green,947039,6,A,953,Canada,59972,Sion,Parry,2,5312
1576,4438.856540317,4454.137896352397,Mason Flesch (Canada),Kick Retreat,Green,947039,5,A,953,Canada,38465,Mason,Flesch,2,5312
1577,4438.856540317,4454.137896352397,Piers Von Dadelszen (Canada),Kick Retreat,Green,947039,4,A,953,Canada,58473,Piers,Von Dadelszen,2,5312
1578,4438.856540317,4454.137896352397,Cole Keith (Canada),Kick Retreat,Green,947039,3,A,953,Canada,27410,Cole,Keith,2,5312
1579,4438.856540317,4454.137896352397,Dewald Kotze (Canada),Kick Retreat,Green,947039,2,A,953,Canada,38836,Dewald,Kotze,2,5312
1580,4438.856540317,4454.137896352397,Josiah Morra (Canada),Kick Retreat,Green,947039,14,A,953,Canada,27284,Josiah,Morra,2,5312
1581,4438.856540317,4454.137896352397,Ben LeSage (Canada),Kick Retreat,Green,947039,13,A,953,Canada,25195,Ben,LeSage,2,5312
1582,4438.856540317,4454.137896352397,Spencer Jones (Canada),Kick Retreat,Green,947039,12,A,953,Canada,38161,Spencer,Jones,2,5312
1583,4438.856540317,4454.137896352397,Peter Nelson (Canada),Kick Retreat,Green,947039,10,A,953,Canada,19391,Peter,Nelson,2,5312
1584,4438.856540317,4454.137896352397,Calixto Martinez (Canada),Kick Retreat,Green,947039,1,A,953,Canada,58656,Calixto,Martinez,2,5312
1585,4438.895525216985,4457.500772270337,Dylan Riley (Japan),Kick Chase,Green,947039,13,H,3000,Japan,27652,Dylan,Riley,2,5312
1586,4439.298623051332,4457.500772270337,Kippei Ishida (Japan),Kick Chase,Green,947039,14,H,3000,Japan,34036,Kippei,Ishida,2,5312
1587,4439.487015784,4444.487015784,Keijiro Tamefusa (Japan),Carry,Green,947039,18,H,3000,Japan,61929,Keijiro,Tamefusa,2,5312
1588,4441.024013605442,4447.157557568,Waisake Raratubua (Japan),Ruck,Green,947039,4,H,3000,Japan,30796,Waisake,Raratubua,2,5312
1589,4442.311469005,4447.311469005,Hayate Era (Japan),Ruck,Green,947039,2,H,3000,Japan,61955,Hayate,Era,2,5316
1590,4444.797949476563,4464.699952597933,Nic Benn (Canada),Carry,Green,947039,11,A,953,Canada,38501,Nic,Benn,2,5317
1591,4453.1979221853135,4465.099670022463,Calixto Martinez (Canada),Kick Retreat,Yellow,947039,1,A,953,Canada,58656,Calixto,Martinez,2,5325
1592,4453.498601317541,4465.099670022463,Cole Keith (Canada),Kick Retreat,Yellow,947039,3,A,953,Canada,27410,Cole,Keith,2,5325
1593,4453.526086761,4470.999874028905,Jason Higgins (Canada),Kick Retreat,Green,947039,9,A,953,Canada,38159,Jason,Higgins,2,5325
1594,4453.526086761,4470.999874028905,Matt Oworu (Canada),Kick Retreat,Green,947039,8,A,953,Canada,39953,Matt,Oworu,2,5325
1595,4453.526086761,4470.999874028905,Lucas Rumball (Canada),Kick Retreat,Green,947039,7,A,953,Canada,25183,Lucas,Rumball,2,5325
1596,4453.526086761,4470.999874028905,Sion Parry (Canada),Kick Retreat,Green,947039,6,A,953,Canada,59972,Sion,Parry,2,5325
1597,4453.526086761,4470.999874028905,Josiah Morra (Canada),Kick Retreat,Green,947039,14,A,953,Canada,27284,Josiah,Morra,2,5325
1598,4453.526086761,4470.999874028905,Ben LeSage (Canada),Kick Retreat,Green,947039,13,A,953,Canada,25195,Ben,LeSage,2,5325
1599,4453.526086761,4470.999874028905,Spencer Jones (Canada),Kick Retreat,Green,947039,12,A,953,Canada,38161,Spencer,Jones,2,5325
1600,4453.526086761,4470.999874028905,Nic Benn (Canada),Kick Retreat,Green,947039,11,A,953,Canada,38501,Nic,Benn,2,5325
1601,4453.526086761,4470.999874028905,Peter Nelson (Canada),Kick Retreat,Green,947039,10,A,953,Canada,19391,Peter,Nelson,2,5325
1602,4454.137125032,4465.099670022463,Mason Flesch (Canada),Kick Retreat,Yellow,947039,5,A,953,Canada,38465,Mason,Flesch,2,5325
1603,4454.669896322,4466.30095070264,Hayate Era (Japan),Kick Chase,Green,947039,2,H,3000,Japan,61955,Hayate,Era,2,5325
1604,4454.669896322,4466.30095070264,Waisake Raratubua (Japan),Kick Chase,Green,947039,4,H,3000,Japan,30796,Waisake,Raratubua,2,5325
1605,4454.669896322,4466.30095070264,Warner Dearns (Japan),Kick Chase,Green,947039,5,H,3000,Japan,40399,Warner,Dearns,2,5325
1606,4454.669896322,4466.30095070264,Ben Gunter (Japan),Kick Chase,Green,947039,6,H,3000,Japan,26283,Ben,Gunter,2,5325
1607,4454.669896322,4466.30095070264,Kanji Shimokawa (Japan),Kick Chase,Green,947039,7,H,3000,Japan,30962,Kanji,Shimokawa,2,5325
1608,4454.669896322,4466.30095070264,Amato Fakatava (Japan),Kick Chase,Green,947039,8,H,3000,Japan,36500,Amato,Fakatava,2,5325
1609,4454.669896322,4466.30095070264,Charlie Lawrence (Japan),Kick Chase,Green,947039,12,H,3000,Japan,32522,Charlie,Lawrence,2,5325
1610,4454.669896322,4466.30095070264,Dylan Riley (Japan),Kick Chase,Green,947039,13,H,3000,Japan,27652,Dylan,Riley,2,5325
1611,4454.669896322,4466.30095070264,Kippei Ishida (Japan),Kick Chase,Green,947039,14,H,3000,Japan,34036,Kippei,Ishida,2,5325
1612,4454.669896322,4466.30095070264,Kenta Kobayashi (Japan),Kick Chase,Green,947039,17,H,3000,Japan,34481,Kenta,Kobayashi,2,5325
1613,4454.669896322,4466.30095070264,Keijiro Tamefusa (Japan),Kick Chase,Green,947039,18,H,3000,Japan,61929,Keijiro,Tamefusa,2,5325
1614,4454.669896322,4466.30095070264,Tomoki Osada (Japan),Kick Chase,Green,947039,23,H,3000,Japan,31059,Tomoki,Osada,2,5325
1615,4454.698170021688,4465.099670022463,Piers Von Dadelszen (Canada),Kick Retreat,Yellow,947039,4,A,953,Canada,58473,Piers,Von Dadelszen,2,5325
1616,4455.198565687351,4465.099670022463,Dewald Kotze (Canada),Kick Retreat,Yellow,947039,2,A,953,Canada,38836,Dewald,Kotze,2,5325
1617,4461.448092161,4466.448092161,Kenta Fukuda (Japan),Kick Chase,Green,947039,21,H,3000,Japan,36475,Kenta,Fukuda,2,5325
1618,4480.984025756,4496.001089703668,Hayate Era (Japan),Lineout Attack,Green,947039,2,H,3000,Japan,61955,Hayate,Era,2,5354
1619,4480.984025756,4496.001089703668,Ben Gunter (Japan),Lineout Attack,Green,947039,6,H,3000,Japan,26283,Ben,Gunter,2,5354
1620,4480.984025756,4496.001089703668,Kanji Shimokawa (Japan),Lineout Attack,Green,947039,7,H,3000,Japan,30962,Kanji,Shimokawa,2,5354
1621,4480.984025756,4496.001089703668,Amato Fakatava (Japan),Lineout Attack,Green,947039,8,H,3000,Japan,36500,Amato,Fakatava,2,5354
1622,4480.984025756,4496.001089703668,Kenta Kobayashi (Japan),Lineout Attack,Green,947039,17,H,3000,Japan,34481,Kenta,Kobayashi,2,5354
1623,4480.984025756,4496.001089703668,Keijiro Tamefusa (Japan),Lineout Attack,Green,947039,18,H,3000,Japan,61929,Keijiro,Tamefusa,2,5354
1624,4481.355101751,4491.0998993016565,Matt Oworu (Canada),Lineout Defence,Green,947039,8,A,953,Canada,39953,Matt,Oworu,2,5354
1625,4481.355101751,4491.0998993016565,Sion Parry (Canada),Lineout Defence,Green,947039,6,A,953,Canada,59972,Sion,Parry,2,5354
1626,4481.355101751,4491.0998993016565,Mason Flesch (Canada),Lineout Defence,Green,947039,5,A,953,Canada,38465,Mason,Flesch,2,5354
1627,4481.355101751,4491.0998993016565,Piers Von Dadelszen (Canada),Lineout Defence,Green,947039,4,A,953,Canada,58473,Piers,Von Dadelszen,2,5354
1628,4481.355101751,4491.0998993016565,Cole Keith (Canada),Lineout Defence,Green,947039,3,A,953,Canada,27410,Cole,Keith,2,5354
1629,4483.695031729424,4492.299969397706,Calixto Martinez (Canada),Lineout Defence,Yellow,947039,1,A,953,Canada,58656,Calixto,Martinez,2,5357
1630,4484.490340136054,4493.5964797856495,Warner Dearns (Japan),Lineout Attack,Yellow,947039,5,H,3000,Japan,40399,Warner,Dearns,2,5358
1631,4484.857845804989,4493.397778201323,Waisake Raratubua (Japan),Lineout Attack,Yellow,947039,4,H,3000,Japan,30796,Waisake,Raratubua,2,5358
1632,4486.296193081114,4499.400063270876,Dewald Kotze (Canada),Tackle,Green,947039,2,A,953,Canada,38836,Dewald,Kotze,2,5400
1633,4486.698529771086,4499.400063270876,Nic Benn (Canada),Tackle,Green,947039,11,A,953,Canada,38501,Nic,Benn,2,5400
1634,4490.076238746982,4500.980868413991,Tomoki Osada (Japan),Carry,Red,947039,23,H,3000,Japan,31059,Tomoki,Osada,2,5403
1635,4490.804294922,4495.804294922,Keijiro Tamefusa (Japan),Ruck,Green,947039,18,H,3000,Japan,61929,Keijiro,Tamefusa,2,5402
1636,4490.8979880210445,4510.000018141888,Cole Keith (Canada),Tackle,Yellow,947039,3,A,953,Canada,27410,Cole,Keith,2,5402
1637,4491.931309955,4496.931309955,Charlie Lawrence (Japan),Carry,Green,947039,12,H,3000,Japan,32522,Charlie,Lawrence,2,5405
1638,4492.400643743,4498.056078086,Amato Fakatava (Japan),Ruck,Red,947039,8,H,3000,Japan,36500,Amato,Fakatava,2,5405
1639,4494.098934240363,4499.098934240363,Kanji Shimokawa (Japan),Ruck,Green,947039,7,H,3000,Japan,30962,Kanji,Shimokawa,2,5407
1640,4495.01944153,4500.01944153,Charlie Lawrence (Japan),Ruck,Green,947039,12,H,3000,Japan,32522,Charlie,Lawrence,2,5408
1641,4496.099381842426,4509.1999151197815,Spencer Jones (Canada),Tackle,Red,947039,12,A,953,Canada,38161,Spencer,Jones,2,5409
1642,4498.43167975,4503.43167975,Hayate Era (Japan),Ruck,Yellow,947039,2,H,3000,Japan,61955,Hayate,Era,2,5412
1643,4499.09877487602,4512.90007646213,Shane O'Leary (Canada),Tackle,Green,947039,15,A,953,Canada,21278,Shane,O'Leary,2,5412
1644,4500.277835430009,4512.627879116,Ben Gunter (Japan),Carry,Green,947039,6,H,3000,Japan,26283,Ben,Gunter,2,5412
1645,4501.798565123219,4512.800067030986,Josiah Morra (Canada),Tackle,Green,947039,14,A,953,Canada,27284,Josiah,Morra,2,5415
1646,4506.298576770267,4515.600113094711,Ben LeSage (Canada),Tackle,Green,947039,13,A,953,Canada,25195,Ben,LeSage,2,5420
1647,4508.498833494178,4517.900081607046,Mason Flesch (Canada),Tackle,Green,947039,5,A,953,Canada,38465,Mason,Flesch,2,5422
1648,4509.592743764172,4518.220876915,Kippei Ishida (Japan),Ruck,Yellow,947039,14,H,3000,Japan,34036,Kippei,Ishida,2,5423
1649,4509.781178835,4514.781178835,Seungsin Lee (Japan),Carry,Green,947039,10,H,3000,Japan,37841,Seungsin,Lee,2,5423
1650,4509.83393905,4516.200067352054,Jason Higgins (Canada),Phase Defence,Red,947039,9,A,953,Canada,38159,Jason,Higgins,2,5423
1651,4509.83393905,4516.200067352054,Cole Keith (Canada),Phase Defence,Red,947039,3,A,953,Canada,27410,Cole,Keith,2,5423
1652,4509.83393905,4516.200067352054,Dewald Kotze (Canada),Phase Defence,Red,947039,2,A,953,Canada,38836,Dewald,Kotze,2,5423
1653,4509.83393905,4516.200067352054,Calixto Martinez (Canada),Phase Defence,Red,947039,1,A,953,Canada,58656,Calixto,Martinez,2,5423
1654,4511.990508042,4516.990508042,Kenta Kobayashi (Japan),Ruck,Green,947039,17,H,3000,Japan,34481,Kenta,Kobayashi,2,5425
1655,4512.296034934552,4524.800032433703,Matt Oworu (Canada),Tackle,Green,947039,8,A,953,Canada,39953,Matt,Oworu,2,5425
1656,4513.010371425,4529.498580737992,Sam Greene (Japan),Carry,Gold,947039,15,H,3000,Japan,22606,Sam,Greene,2,5426
1657,4516.0514512471655,4521.0514512471655,Keijiro Tamefusa (Japan),Carry,Green,947039,18,H,3000,Japan,61929,Keijiro,Tamefusa,2,5429
1658,4520.967494018,4525.967494018,Waisake Raratubua (Japan),Ruck,Red,947039,4,H,3000,Japan,30796,Waisake,Raratubua,2,5434
1659,4520.967494018,4525.967494018,Warner Dearns (Japan),Ruck,Red,947039,5,H,3000,Japan,40399,Warner,Dearns,2,5434
1660,4621.6979649283085,4629.900004717486,Matt Heaton (Canada),Tackle,Green,947039,20,A,953,Canada,25187,Matt,Heaton,2,5615
1661,4622.023174603175,4638.683186952993,Tomoki Osada (Japan),Linebreak Attack,Gold,947039,23,H,3000,Japan,31059,Tomoki,Osada,2,5615
1662,4622.8988475437345,4633.2005711033335,Nic Benn (Canada),Tackle,Green,947039,11,A,953,Canada,38501,Nic,Benn,2,5616
1663,4624.298777846832,4633.600055161296,Jason Higgins (Canada),Tackle,Green,947039,9,A,953,Canada,38159,Jason,Higgins,2,5618
1664,4624.898255019935,4636.499959104383,Matt Heaton (Canada),Linebreak Defence,Gold,947039,20,A,953,Canada,25187,Matt,Heaton,2,5618
1665,4625.398592312584,4636.499959104383,Sion Parry (Canada),Linebreak Defence,Gold,947039,6,A,953,Canada,59972,Sion,Parry,2,5618
1666,4628.297161022997,4635.200141565691,Sion Parry (Canada),Tackle,Green,947039,6,A,953,Canada,59972,Sion,Parry,2,5622
1667,4628.997832656629,4640.800017123881,Shane O'Leary (Canada),Jackler,Green,947039,15,A,953,Canada,21278,Shane,O'Leary,2,5622
1668,4630.598911439525,4640.7999617326495,Sion Parry (Canada),Jackler,Red,947039,6,A,953,Canada,59972,Sion,Parry,2,5624
1669,4631.298591113075,4638.999963570904,Spencer Jones (Canada),Phase Defence,Red,947039,12,A,953,Canada,38161,Spencer,Jones,2,5624
1670,4631.367723862,4638.999963570904,Lucas Rumball (Canada),Phase Defence,Red,947039,7,A,953,Canada,25183,Lucas,Rumball,2,5624
1671,4631.367723862,4638.999963570904,Calixto Martinez (Canada),Phase Defence,Red,947039,1,A,953,Canada,58656,Calixto,Martinez,2,5624
1672,4633.098911936764,4644.79997248006,Mason Flesch (Canada),Kick Retreat,Yellow,947039,5,A,953,Canada,38465,Mason,Flesch,2,5625
1673,4633.499459103548,4644.79997248006,Sion Parry (Canada),Kick Retreat,Yellow,947039,6,A,953,Canada,59972,Sion,Parry,2,5625
1674,4634.577967697,4650.699858832787,Jason Higgins (Canada),Kick Retreat,Green,947039,9,A,953,Canada,38159,Jason,Higgins,2,5629
1675,4634.577967697,4650.699858832787,Lucas Rumball (Canada),Kick Retreat,Green,947039,7,A,953,Canada,25183,Lucas,Rumball,2,5629
1676,4634.577967697,4650.699858832787,Piers Von Dadelszen (Canada),Kick Retreat,Green,947039,4,A,953,Canada,58473,Piers,Von Dadelszen,2,5629
1677,4634.577967697,4650.699858832787,Matt Heaton (Canada),Kick Retreat,Green,947039,20,A,953,Canada,25187,Matt,Heaton,2,5629
1678,4634.577967697,4650.699858832787,Dewald Kotze (Canada),Kick Retreat,Green,947039,2,A,953,Canada,38836,Dewald,Kotze,2,5629
1679,4634.577967697,4650.699858832787,Conor Young (Canada),Kick Retreat,Green,947039,18,A,953,Canada,29383,Conor,Young,2,5629
1680,4634.577967697,4650.699858832787,Shane O'Leary (Canada),Kick Retreat,Green,947039,15,A,953,Canada,21278,Shane,O'Leary,2,5629
1681,4634.577967697,4650.699858832787,Josiah Morra (Canada),Kick Retreat,Green,947039,14,A,953,Canada,27284,Josiah,Morra,2,5629
1682,4634.577967697,4650.699858832787,Ben LeSage (Canada),Kick Retreat,Green,947039,13,A,953,Canada,25195,Ben,LeSage,2,5629
1683,4634.577967697,4650.699858832787,Spencer Jones (Canada),Kick Retreat,Green,947039,12,A,953,Canada,38161,Spencer,Jones,2,5629
1684,4634.577967697,4650.699858832787,Nic Benn (Canada),Kick Retreat,Green,947039,11,A,953,Canada,38501,Nic,Benn,2,5629
1685,4634.577967697,4650.699858832787,Calixto Martinez (Canada),Kick Retreat,Green,947039,1,A,953,Canada,58656,Calixto,Martinez,2,5629
1686,4635.154204831,4646.101915833996,Hayate Era (Japan),Kick Chase,Green,947039,2,H,3000,Japan,61955,Hayate,Era,2,5629
1687,4635.154204831,4646.101915833996,Waisake Raratubua (Japan),Kick Chase,Green,947039,4,H,3000,Japan,30796,Waisake,Raratubua,2,5629
1688,4635.154204831,4646.101915833996,Ben Gunter (Japan),Kick Chase,Green,947039,6,H,3000,Japan,26283,Ben,Gunter,2,5629
1689,4635.154204831,4646.101915833996,Kanji Shimokawa (Japan),Kick Chase,Green,947039,7,H,3000,Japan,30962,Kanji,Shimokawa,2,5629
1690,4635.154204831,4646.101915833996,Amato Fakatava (Japan),Kick Chase,Green,947039,8,H,3000,Japan,36500,Amato,Fakatava,2,5629
1691,4635.154204831,4646.101915833996,Kenta Kobayashi (Japan),Kick Chase,Green,947039,17,H,3000,Japan,34481,Kenta,Kobayashi,2,5629
1692,4635.154204831,4646.101915833996,Keijiro Tamefusa (Japan),Kick Chase,Green,947039,18,H,3000,Japan,61929,Keijiro,Tamefusa,2,5629
1693,4635.531359932,4646.101915833996,Charlie Lawrence (Japan),Kick Chase,Green,947039,12,H,3000,Japan,32522,Charlie,Lawrence,2,5629
1694,4635.531359932,4646.101915833996,Dylan Riley (Japan),Kick Chase,Green,947039,13,H,3000,Japan,27652,Dylan,Riley,2,5629
1695,4636.455715871,4646.101915833996,Kippei Ishida (Japan),Kick Chase,Green,947039,14,H,3000,Japan,34036,Kippei,Ishida,2,5629
1696,4747.714557823129,4782.717348499,Hayate Era (Japan),Scrum Attack,Green,947039,2,H,3000,Japan,61955,Hayate,Era,2,5757
1697,4747.714557823129,4782.717348499,Waisake Raratubua (Japan),Scrum Attack,Green,947039,4,H,3000,Japan,30796,Waisake,Raratubua,2,5757
1698,4747.714557823129,4782.717348499,Warner Dearns (Japan),Scrum Attack,Green,947039,5,H,3000,Japan,40399,Warner,Dearns,2,5757
1699,4747.714557823129,4782.717348499,Ben Gunter (Japan),Scrum Attack,Green,947039,6,H,3000,Japan,26283,Ben,Gunter,2,5757
1700,4747.714557823129,4782.717348499,Kanji Shimokawa (Japan),Scrum Attack,Green,947039,7,H,3000,Japan,30962,Kanji,Shimokawa,2,5757
1701,4747.714557823129,4782.717348499,Amato Fakatava (Japan),Scrum Attack,Green,947039,8,H,3000,Japan,36500,Amato,Fakatava,2,5757
1702,4747.714557823129,4782.717348499,Kenta Kobayashi (Japan),Scrum Attack,Green,947039,17,H,3000,Japan,34481,Kenta,Kobayashi,2,5757
1703,4747.714557823129,4782.717348499,Keijiro Tamefusa (Japan),Scrum Attack,Green,947039,18,H,3000,Japan,61929,Keijiro,Tamefusa,2,5757
1704,4764.088230565,4779.999862879228,Lucas Rumball (Canada),Scrum Defence,Green,947039,7,A,953,Canada,25183,Lucas,Rumball,2,5819
1705,4764.088230565,4779.999862879228,Sion Parry (Canada),Scrum Defence,Green,947039,6,A,953,Canada,59972,Sion,Parry,2,5819
1706,4764.088230565,4779.999862879228,Mason Flesch (Canada),Scrum Defence,Green,947039,5,A,953,Canada,38465,Mason,Flesch,2,5819
1707,4764.088230565,4779.999862879228,Matt Heaton (Canada),Scrum Defence,Green,947039,20,A,953,Canada,25187,Matt,Heaton,2,5819
1708,4764.088230565,4779.999862879228,Conor Young (Canada),Scrum Defence,Green,947039,18,A,953,Canada,29383,Conor,Young,2,5819
1709,4765.897710249876,4781.099943415899,Dewald Kotze (Canada),Scrum Defence,Yellow,947039,2,A,953,Canada,38836,Dewald,Kotze,2,5819
1710,4766.298113166745,4781.099943415899,Calixto Martinez (Canada),Scrum Defence,Yellow,947039,1,A,953,Canada,58656,Calixto,Martinez,2,5832
1711,4768.297795374402,4781.099943415899,Piers Von Dadelszen (Canada),Scrum Defence,Yellow,947039,4,A,953,Canada,58473,Piers,Von Dadelszen,2,5832
1712,4772.297927580789,4789.500047243602,Spencer Jones (Canada),Tackle,Green,947039,12,A,953,Canada,38161,Spencer,Jones,2,5836
1713,4776.398261965482,4789.500047243602,Ben LeSage (Canada),Tackle,Green,947039,13,A,953,Canada,25195,Ben,LeSage,2,5841
1714,4779.488075067,4784.488075067,Charlie Lawrence (Japan),Ruck,Green,947039,12,H,3000,Japan,32522,Charlie,Lawrence,2,5844
1715,4780.496095544951,4794.900000456851,Matt Heaton (Canada),Tackle,Green,947039,20,A,953,Canada,25187,Matt,Heaton,2,5845
1716,4780.998379640709,4794.900000456851,Peter Nelson (Canada),Tackle,Green,947039,10,A,953,Canada,19391,Peter,Nelson,2,5845
1717,4782.488352895,4787.488352895,Amato Fakatava (Japan),Ruck,Green,947039,8,H,3000,Japan,36500,Amato,Fakatava,2,5847
1718,4782.488352895,4787.488352895,Sam Greene (Japan),Carry,Green,947039,15,H,3000,Japan,22606,Sam,Greene,2,5847
1719,4785.436825396825,4790.436825396825,Keijiro Tamefusa (Japan),Ruck,Green,947039,18,H,3000,Japan,61929,Keijiro,Tamefusa,2,5850
1720,4785.665714285714,4791.84113661,Kanji Shimokawa (Japan),Ruck,Green,947039,7,H,3000,Japan,30962,Kanji,Shimokawa,2,5850
1721,4787.098462327108,4798.699966748881,Dewald Kotze (Canada),Tackle,Red,947039,2,A,953,Canada,38836,Dewald,Kotze,2,5852
1722,4787.998208140004,4797.900008240296,Piers Von Dadelszen (Canada),Tackle,Green,947039,4,A,953,Canada,58473,Piers,Von Dadelszen,2,5853
1723,4788.286166838,4793.286166838,Waisake Raratubua (Japan),Carry,Green,947039,4,H,3000,Japan,30796,Waisake,Raratubua,2,5853
1724,4791.098488155637,4800.2999316216,Jason Higgins (Canada),Tackle,Red,947039,9,A,953,Canada,38159,Jason,Higgins,2,5855
1725,4976.297304822216,4981.299971645189,Matt Heaton (Canada),Tackle,Green,947039,20,A,953,Canada,25187,Matt,Heaton,2,6039
1726,4976.798361478441,4996.600041425782,Matt Heaton (Canada),Jackler,Green,947039,20,A,953,Canada,25187,Matt,Heaton,2,6039
1727,4981.998300794763,5001.600069013363,Calixto Martinez (Canada),Tackle,Green,947039,1,A,953,Canada,58656,Calixto,Martinez,2,6048
1728,4982.3829236899865,4990.496487023655,Waisake Raratubua (Japan),Carry,Green,947039,4,H,3000,Japan,30796,Waisake,Raratubua,2,6048
1729,4983.027407136,4997.523093994,Kanji Shimokawa (Japan),Ruck,Green,947039,7,H,3000,Japan,30962,Kanji,Shimokawa,2,6048
1730,4983.027407136,4997.523093994,Amato Fakatava (Japan),Ruck,Green,947039,8,H,3000,Japan,36500,Amato,Fakatava,2,6048
1731,4983.176163461,4988.176163461,Kenta Kobayashi (Japan),Ruck,Green,947039,17,H,3000,Japan,34481,Kenta,Kobayashi,2,6048
1732,4983.397996014344,4999.5000241537255,Conor Young (Canada),Tackle,Green,947039,18,A,953,Canada,29383,Conor,Young,2,6050
1733,4983.770838116,4997.523093994,Keijiro Tamefusa (Japan),Ruck,Green,947039,18,H,3000,Japan,61929,Keijiro,Tamefusa,2,6050
1734,4984.819918546,4989.819918546,Hayate Era (Japan),Ruck,Green,947039,2,H,3000,Japan,61955,Hayate,Era,2,6050
1735,4984.976734693878,4991.871444927,Warner Dearns (Japan),Ruck,Red,947039,5,H,3000,Japan,40399,Warner,Dearns,2,6050
1736,4986.871444927,4991.871444927,Tomoki Osada (Japan),Carry,Green,947039,23,H,3000,Japan,31059,Tomoki,Osada,2,6052
1737,4987.997356187137,5000.399968706997,Jason Higgins (Canada),Charge Down,Green,947039,9,A,953,Canada,38159,Jason,Higgins,2,6052
1738,4988.511603396,5003.199903335281,Jason Higgins (Canada),Kick Retreat,Green,947039,9,A,953,Canada,38159,Jason,Higgins,2,6052
1739,4988.511603396,5003.199903335281,Lucas Rumball (Canada),Kick Retreat,Green,947039,7,A,953,Canada,25183,Lucas,Rumball,2,6052
1740,4988.511603396,5003.199903335281,Sion Parry (Canada),Kick Retreat,Green,947039,6,A,953,Canada,59972,Sion,Parry,2,6052
1741,4988.511603396,5003.199903335281,Mason Flesch (Canada),Kick Retreat,Green,947039,5,A,953,Canada,38465,Mason,Flesch,2,6052
1742,4988.511603396,5003.199903335281,Piers Von Dadelszen (Canada),Kick Retreat,Green,947039,4,A,953,Canada,58473,Piers,Von Dadelszen,2,6052
1743,4988.511603396,5003.199903335281,Matt Heaton (Canada),Kick Retreat,Green,947039,20,A,953,Canada,25187,Matt,Heaton,2,6052
1744,4988.511603396,5003.199903335281,Dewald Kotze (Canada),Kick Retreat,Green,947039,2,A,953,Canada,38836,Dewald,Kotze,2,6052
1745,4988.511603396,5003.199903335281,Conor Young (Canada),Kick Retreat,Green,947039,18,A,953,Canada,29383,Conor,Young,2,6052
1746,4988.511603396,5003.199903335281,Josiah Morra (Canada),Kick Retreat,Green,947039,14,A,953,Canada,27284,Josiah,Morra,2,6052
1747,4988.511603396,5003.199903335281,Ben LeSage (Canada),Kick Retreat,Green,947039,13,A,953,Canada,25195,Ben,LeSage,2,6052
1748,4988.511603396,5003.199903335281,Spencer Jones (Canada),Kick Retreat,Green,947039,12,A,953,Canada,38161,Spencer,Jones,2,6052
1749,4988.511603396,5003.199903335281,Nic Benn (Canada),Kick Retreat,Green,947039,11,A,953,Canada,38501,Nic,Benn,2,6052
1750,4988.511603396,5003.199903335281,Calixto Martinez (Canada),Kick Retreat,Green,947039,1,A,953,Canada,58656,Calixto,Martinez,2,6052
1751,4988.698452521547,5000.399968706997,Mason Flesch (Canada),Charge Down,Green,947039,5,A,953,Canada,38465,Mason,Flesch,2,6052
1752,4990.962389041,5005.410600143,Hayate Era (Japan),Kick Chase,Green,947039,2,H,3000,Japan,61955,Hayate,Era,2,6057
1753,4990.962389041,5005.410600143,Waisake Raratubua (Japan),Kick Chase,Green,947039,4,H,3000,Japan,30796,Waisake,Raratubua,2,6057
1754,4990.962389041,5005.410600143,Warner Dearns (Japan),Kick Chase,Green,947039,5,H,3000,Japan,40399,Warner,Dearns,2,6057
1755,4990.962389041,5005.410600143,Ben Gunter (Japan),Kick Chase,Green,947039,6,H,3000,Japan,26283,Ben,Gunter,2,6057
1756,4990.962389041,5005.410600143,Kanji Shimokawa (Japan),Kick Chase,Green,947039,7,H,3000,Japan,30962,Kanji,Shimokawa,2,6057
1757,4990.962389041,5005.410600143,Amato Fakatava (Japan),Kick Chase,Green,947039,8,H,3000,Japan,36500,Amato,Fakatava,2,6057
1758,4990.962389041,5005.410600143,Kenta Kobayashi (Japan),Kick Chase,Green,947039,17,H,3000,Japan,34481,Kenta,Kobayashi,2,6057
1759,4990.962389041,5005.410600143,Keijiro Tamefusa (Japan),Kick Chase,Green,947039,18,H,3000,Japan,61929,Keijiro,Tamefusa,2,6057
1760,4992.040851659,5005.410600143,Charlie Lawrence (Japan),Kick Chase,Green,947039,12,H,3000,Japan,32522,Charlie,Lawrence,2,6057
1761,4992.040851659,5005.410600143,Dylan Riley (Japan),Kick Chase,Green,947039,13,H,3000,Japan,27652,Dylan,Riley,2,6057
1762,4992.040851659,5005.410600143,Kippei Ishida (Japan),Kick Chase,Green,947039,14,H,3000,Japan,34036,Kippei,Ishida,2,6057
1763,4992.040851659,5005.410600143,Tomoki Osada (Japan),Kick Chase,Green,947039,23,H,3000,Japan,31059,Tomoki,Osada,2,6057
1764,4992.287031367331,5011.912139445,Kenta Kobayashi (Japan),Kick Retreat,Green,947039,17,H,3000,Japan,34481,Kenta,Kobayashi,2,6057
1765,4994.699734700006,5011.912139445,Kanji Shimokawa (Japan),Kick Retreat,Green,947039,7,H,3000,Japan,30962,Kanji,Shimokawa,2,6059
1766,4995.373978868,5011.912139445,Charlie Lawrence (Japan),Kick Retreat,Green,947039,12,H,3000,Japan,32522,Charlie,Lawrence,2,6059
1767,4995.373978868,5011.912139445,Kippei Ishida (Japan),Kick Retreat,Green,947039,14,H,3000,Japan,34036,Kippei,Ishida,2,6059
1768,4995.373978868,5011.912139445,Tomoki Osada (Japan),Kick Retreat,Green,947039,23,H,3000,Japan,31059,Tomoki,Osada,2,6059
1769,4995.593741496598,5012.826045298,Hayate Era (Japan),Kick Retreat ,Red,947039,2,H,3000,Japan,61955,Hayate,Era,2,6059
1770,4995.593741496598,5012.826045298,Warner Dearns (Japan),Kick Retreat ,Red,947039,5,H,3000,Japan,40399,Warner,Dearns,2,6059
1771,4995.593741496598,5012.826045298,Dylan Riley (Japan),Kick Retreat ,Red,947039,13,H,3000,Japan,27652,Dylan,Riley,2,6059
1772,4995.593741496598,5012.826045298,Keijiro Tamefusa (Japan),Kick Retreat ,Red,947039,18,H,3000,Japan,61929,Keijiro,Tamefusa,2,6059
1773,4995.652517006803,5010.999973066181,Piers Von Dadelszen (Canada),Kick Chase,Yellow,947039,4,A,953,Canada,58473,Piers,Von Dadelszen,2,6059
1774,4995.652517006803,5010.999973066181,Calixto Martinez (Canada),Kick Chase,Yellow,947039,1,A,953,Canada,58656,Calixto,Martinez,2,6059
1775,4996.055673569,5010.2999879055005,Jason Higgins (Canada),Kick Chase,Green,947039,9,A,953,Canada,38159,Jason,Higgins,2,6059
1776,4996.055673569,5010.2999879055005,Lucas Rumball (Canada),Kick Chase,Green,947039,7,A,953,Canada,25183,Lucas,Rumball,2,6059
1777,4996.055673569,5010.2999879055005,Sion Parry (Canada),Kick Chase,Green,947039,6,A,953,Canada,59972,Sion,Parry,2,6059
1778,4996.055673569,5010.2999879055005,Mason Flesch (Canada),Kick Chase,Green,947039,5,A,953,Canada,38465,Mason,Flesch,2,6059
1779,4996.055673569,5010.2999879055005,Noah Flesch (Canada),Kick Chase,Green,947039,22,A,953,Canada,62287,Noah,Flesch,2,6059
1780,4996.055673569,5010.2999879055005,Matt Heaton (Canada),Kick Chase,Green,947039,20,A,953,Canada,25187,Matt,Heaton,2,6059
1781,4996.055673569,5010.2999879055005,Dewald Kotze (Canada),Kick Chase,Green,947039,2,A,953,Canada,38836,Dewald,Kotze,2,6059
1782,4996.055673569,5010.2999879055005,Conor Young (Canada),Kick Chase,Green,947039,18,A,953,Canada,29383,Conor,Young,2,6059
1783,4996.055673569,5010.2999879055005,Josiah Morra (Canada),Kick Chase,Green,947039,14,A,953,Canada,27284,Josiah,Morra,2,6059
1784,4996.055673569,5010.2999879055005,Ben LeSage (Canada),Kick Chase,Green,947039,13,A,953,Canada,25195,Ben,LeSage,2,6059
1785,4996.055673569,5010.2999879055005,Nic Benn (Canada),Kick Chase,Green,947039,11,A,953,Canada,38501,Nic,Benn,2,6059
1786,4996.658117913832,5011.525192498,Ben Gunter (Japan),Kick Retreat,Green,947039,6,H,3000,Japan,26283,Ben,Gunter,2,6059
1787,4999.158891476,5011.912139445,Kenta Fukuda (Japan),Kick Retreat,Green,947039,21,H,3000,Japan,36475,Kenta,Fukuda,2,6105
1788,4999.244648526077,5010.29918063664,Waisake Raratubua (Japan),Kick Retreat ,Red,947039,4,H,3000,Japan,30796,Waisake,Raratubua,2,6105
1789,5002.3967631626065,5009.399976966812,Josiah Morra (Canada),Tackle,Green,947039,14,A,953,Canada,27284,Josiah,Morra,2,6106
1790,5004.736916099773,5009.736916099773,Amato Fakatava (Japan),Kick Retreat ,Red,947039,8,H,3000,Japan,36500,Amato,Fakatava,2,6111
1791,5004.898542008766,5013.19993650888,Josiah Morra (Canada),Jackler,Green,947039,14,A,953,Canada,27284,Josiah,Morra,2,6111
1792,5006.498434469964,5034.59998279529,Jason Higgins (Canada),Tackle,Yellow,947039,9,A,953,Canada,38159,Jason,Higgins,2,6112
1793,5007.397870886478,5034.59998279529,Lucas Rumball (Canada),Tackle,Yellow,947039,7,A,953,Canada,25183,Lucas,Rumball,2,6112
1794,5007.431459204,5012.431459204,Kenta Kobayashi (Japan),Ruck,Green,947039,17,H,3000,Japan,34481,Kenta,Kobayashi,2,6112
1795,5008.639942769,5013.639942769,Kanji Shimokawa (Japan),Ruck,Green,947039,7,H,3000,Japan,30962,Kanji,Shimokawa,2,6115
1796,5009.066336188,5014.066336188,Sam Greene (Japan),Carry,Green,947039,15,H,3000,Japan,22606,Sam,Greene,2,6115
1797,5011.073560090703,5017.357980432,Charlie Lawrence (Japan),Ruck,Red,947039,12,H,3000,Japan,32522,Charlie,Lawrence,2,6117
1798,5015.097263072695,5036.699975573008,Sion Parry (Canada),Tackle,Green,947039,6,A,953,Canada,59972,Sion,Parry,2,6121
1799,5015.597748030572,5036.699975573008,Conor Young (Canada),Tackle,Green,947039,18,A,953,Canada,29383,Conor,Young,2,6121
1800,5015.852548003,5020.852548003,Kenta Kobayashi (Japan),Ruck,Green,947039,17,H,3000,Japan,34481,Kenta,Kobayashi,2,6121
1801,5017.848021728,5022.848021728,Ben Gunter (Japan),Carry,Green,947039,6,H,3000,Japan,26283,Ben,Gunter,2,6121
1802,5025.28180857164,5031.798471154323,Kanji Shimokawa (Japan),Carry,Green,947039,7,H,3000,Japan,30962,Kanji,Shimokawa,2,6134
1803,5026.595328798186,5043.133907596,Hayate Era (Japan),Kick Chase,Green,947039,2,H,3000,Japan,61955,Hayate,Era,2,6134
1804,5026.595328798186,5043.133907596,Waisake Raratubua (Japan),Kick Chase,Green,947039,4,H,3000,Japan,30796,Waisake,Raratubua,2,6134
1805,5026.595328798186,5043.133907596,Warner Dearns (Japan),Kick Chase,Green,947039,5,H,3000,Japan,40399,Warner,Dearns,2,6134
1806,5026.595328798186,5043.133907596,Ben Gunter (Japan),Kick Chase,Green,947039,6,H,3000,Japan,26283,Ben,Gunter,2,6134
1807,5026.595328798186,5043.133907596,Kanji Shimokawa (Japan),Kick Chase,Green,947039,7,H,3000,Japan,30962,Kanji,Shimokawa,2,6134
1808,5026.595328798186,5043.133907596,Amato Fakatava (Japan),Kick Chase,Green,947039,8,H,3000,Japan,36500,Amato,Fakatava,2,6134
1809,5026.595328798186,5043.133907596,Charlie Lawrence (Japan),Kick Chase,Green,947039,12,H,3000,Japan,32522,Charlie,Lawrence,2,6134
1810,5026.595328798186,5043.133907596,Dylan Riley (Japan),Kick Chase,Green,947039,13,H,3000,Japan,27652,Dylan,Riley,2,6134
1811,5026.595328798186,5043.133907596,Kippei Ishida (Japan),Kick Chase,Green,947039,14,H,3000,Japan,34036,Kippei,Ishida,2,6134
1812,5026.595328798186,5043.133907596,Kenta Kobayashi (Japan),Kick Chase,Green,947039,17,H,3000,Japan,34481,Kenta,Kobayashi,2,6134
1813,5026.595328798186,5043.133907596,Keijiro Tamefusa (Japan),Kick Chase,Green,947039,18,H,3000,Japan,61929,Keijiro,Tamefusa,2,6134
1814,5026.595328798186,5043.133907596,Tomoki Osada (Japan),Kick Chase,Green,947039,23,H,3000,Japan,31059,Tomoki,Osada,2,6134
1815,5026.628050813,5040.699900762633,Jason Higgins (Canada),Kick Retreat,Green,947039,9,A,953,Canada,38159,Jason,Higgins,2,6134
1816,5026.628050813,5040.699900762633,Lucas Rumball (Canada),Kick Retreat,Green,947039,7,A,953,Canada,25183,Lucas,Rumball,2,6134
1817,5026.628050813,5040.699900762633,Sion Parry (Canada),Kick Retreat,Green,947039,6,A,953,Canada,59972,Sion,Parry,2,6134
1818,5026.628050813,5040.699900762633,Mason Flesch (Canada),Kick Retreat,Green,947039,5,A,953,Canada,38465,Mason,Flesch,2,6134
1819,5026.628050813,5040.699900762633,Piers Von Dadelszen (Canada),Kick Retreat,Green,947039,4,A,953,Canada,58473,Piers,Von Dadelszen,2,6134
1820,5026.628050813,5040.699900762633,Noah Flesch (Canada),Kick Retreat,Green,947039,22,A,953,Canada,62287,Noah,Flesch,2,6134
1821,5026.628050813,5040.699900762633,Matt Heaton (Canada),Kick Retreat,Green,947039,20,A,953,Canada,25187,Matt,Heaton,2,6134
1822,5026.628050813,5040.699900762633,Dewald Kotze (Canada),Kick Retreat,Green,947039,2,A,953,Canada,38836,Dewald,Kotze,2,6134
1823,5026.628050813,5040.699900762633,Conor Young (Canada),Kick Retreat,Green,947039,18,A,953,Canada,29383,Conor,Young,2,6134
1824,5026.628050813,5040.699900762633,Josiah Morra (Canada),Kick Retreat,Green,947039,14,A,953,Canada,27284,Josiah,Morra,2,6134
1825,5026.628050813,5040.699900762633,Ben LeSage (Canada),Kick Retreat,Green,947039,13,A,953,Canada,25195,Ben,LeSage,2,6134
1826,5026.628050813,5040.699900762633,Nic Benn (Canada),Kick Retreat,Green,947039,11,A,953,Canada,38501,Nic,Benn,2,6134
1827,5026.628050813,5040.699900762633,Calixto Martinez (Canada),Kick Retreat,Green,947039,1,A,953,Canada,58656,Calixto,Martinez,2,6134
1828,5029.049835054,5034.049835054,Hayate Era (Japan),Ruck,Green,947039,2,H,3000,Japan,61955,Hayate,Era,2,6136
1829,5029.049835054,5034.049835054,Amato Fakatava (Japan),Ruck,Green,947039,8,H,3000,Japan,36500,Amato,Fakatava,2,6136
1830,5029.523125441,5034.523125441,Keijiro Tamefusa (Japan),Ruck,Green,947039,18,H,3000,Japan,61929,Keijiro,Tamefusa,2,6136
1831,5032.997639768397,5050.40025975967,Peter Nelson (Canada),Carry,Green,947039,10,A,953,Canada,19391,Peter,Nelson,2,6138
1832,5034.198387962038,5050.199861809049,Josiah Morra (Canada),Tackle,Green,947039,14,A,953,Canada,27284,Josiah,Morra,2,6137
1833,5035.699074212382,5050.199861809049,Ben LeSage (Canada),Tackle,Green,947039,13,A,953,Canada,25195,Ben,LeSage,2,6137
1834,5044.053549303,5049.427346849,Ben Gunter (Japan),Tackle,Green,947039,6,H,3000,Japan,26283,Ben,Gunter,2,6146
1835,5085.870816326531,5128.800262207339,Hayate Era (Japan),Scrum Attack,Green,947039,2,H,3000,Japan,61955,Hayate,Era,2,6217
1836,5085.870816326531,5128.800262207339,Waisake Raratubua (Japan),Scrum Attack,Green,947039,4,H,3000,Japan,30796,Waisake,Raratubua,2,6217
1837,5085.870816326531,5128.800262207339,Warner Dearns (Japan),Scrum Attack,Green,947039,5,H,3000,Japan,40399,Warner,Dearns,2,6217
1838,5085.870816326531,5128.800262207339,Ben Gunter (Japan),Scrum Attack,Green,947039,6,H,3000,Japan,26283,Ben,Gunter,2,6217
1839,5085.870816326531,5128.800262207339,Kanji Shimokawa (Japan),Scrum Attack,Green,947039,7,H,3000,Japan,30962,Kanji,Shimokawa,2,6217
1840,5085.870816326531,5128.800262207339,Kenta Kobayashi (Japan),Scrum Attack,Green,947039,17,H,3000,Japan,34481,Kenta,Kobayashi,2,6217
1841,5085.870816326531,5128.800262207339,Keijiro Tamefusa (Japan),Scrum Attack,Green,947039,18,H,3000,Japan,61929,Keijiro,Tamefusa,2,6217
1842,5085.870816326531,5128.800262207339,Faulua Makisi (Japan),Scrum Attack,Green,947039,20,H,3000,Japan,23417,Faulua,Makisi,2,6217
1843,5105.559003319,5115.899920758306,Calixto Martinez (Canada),Kick Retreat,Green,947039,1,A,953,Canada,58656,Calixto,Martinez,2,6247
1844,5106.559319727891,5122.300079056423,Lucas Rumball (Canada),Scrum Defence,Green,947039,7,A,953,Canada,25183,Lucas,Rumball,2,6247
1845,5106.559319727891,5122.300079056423,Sion Parry (Canada),Scrum Defence,Green,947039,6,A,953,Canada,59972,Sion,Parry,2,6247
1846,5106.559319727891,5122.300079056423,Mason Flesch (Canada),Scrum Defence,Green,947039,5,A,953,Canada,38465,Mason,Flesch,2,6247
1847,5106.559319727891,5122.300079056423,Piers Von Dadelszen (Canada),Scrum Defence,Green,947039,4,A,953,Canada,58473,Piers,Von Dadelszen,2,6247
1848,5106.559319727891,5122.300079056423,Matt Heaton (Canada),Scrum Defence,Green,947039,20,A,953,Canada,25187,Matt,Heaton,2,6247
1849,5106.559319727891,5122.300079056423,Dewald Kotze (Canada),Scrum Defence,Green,947039,2,A,953,Canada,38836,Dewald,Kotze,2,6247
1850,5106.559319727891,5122.300079056423,Conor Young (Canada),Scrum Defence,Green,947039,18,A,953,Canada,29383,Conor,Young,2,6247
1851,5106.559319727891,5122.300079056423,Calixto Martinez (Canada),Scrum Defence,Green,947039,1,A,953,Canada,58656,Calixto,Martinez,2,6247
1852,5118.597552707649,5129.900032916,Ben LeSage (Canada),Tackle,Green,947039,13,A,953,Canada,25195,Ben,LeSage,2,6302
1853,5118.774807256236,5125.72113826,Dylan Riley (Japan),Carry,Green,947039,13,H,3000,Japan,27652,Dylan,Riley,2,6302
1854,5122.98252323,5128.347625375,Kippei Ishida (Japan),Ruck,Green,947039,14,H,3000,Japan,34036,Kippei,Ishida,2,6308
1855,5122.997616452328,5131.6000442033355,Jason Higgins (Canada),Tackle,Green,947039,9,A,953,Canada,38159,Jason,Higgins,2,6308
1856,5123.7962723263,5131.6000442033355,Ben LeSage (Canada),Tackle,Green,947039,13,A,953,Canada,25195,Ben,LeSage,2,6309
1857,5124.398121023871,5131.900020522425,Ben LeSage (Canada),Jackler,Green,947039,13,A,953,Canada,25195,Ben,LeSage,2,6309
1858,5124.514085025,5137.299939372406,Jason Higgins (Canada),Kick Retreat,Green,947039,9,A,953,Canada,38159,Jason,Higgins,2,6309
1859,5124.514085025,5137.299939372406,Lucas Rumball (Canada),Kick Retreat,Green,947039,7,A,953,Canada,25183,Lucas,Rumball,2,6309
1860,5124.514085025,5137.299939372406,Noah Flesch (Canada),Kick Retreat,Green,947039,22,A,953,Canada,62287,Noah,Flesch,2,6309
1861,5124.514085025,5137.299939372406,Matt Heaton (Canada),Kick Retreat,Green,947039,20,A,953,Canada,25187,Matt,Heaton,2,6309
1862,5124.514085025,5137.299939372406,Josiah Morra (Canada),Kick Retreat,Green,947039,14,A,953,Canada,27284,Josiah,Morra,2,6309
1863,5124.514085025,5137.299939372406,Ben LeSage (Canada),Kick Retreat,Green,947039,13,A,953,Canada,25195,Ben,LeSage,2,6309
1864,5124.514085025,5137.299939372406,Nic Benn (Canada),Kick Retreat,Green,947039,11,A,953,Canada,38501,Nic,Benn,2,6309
1865,5125.779070294785,5130.779070294785,Dylan Riley (Japan),Ruck,Green,947039,13,H,3000,Japan,27652,Dylan,Riley,2,6309
1866,5126.464509688,5131.464509688,Kippei Ishida (Japan),Ruck,Green,947039,14,H,3000,Japan,34036,Kippei,Ishida,2,6313
1867,5126.823083900227,5138.598395023333,Faulua Makisi (Japan),Kick Chase,Gold,947039,20,H,3000,Japan,23417,Faulua,Makisi,2,6313
1868,5127.678662881,5139.099989011594,Sion Parry (Canada),Kick Retreat,Yellow,947039,6,A,953,Canada,59972,Sion,Parry,2,6314
1869,5127.678662881,5139.099989011594,Mason Flesch (Canada),Kick Retreat,Yellow,947039,5,A,953,Canada,38465,Mason,Flesch,2,6314
1870,5127.678662881,5139.099989011594,Piers Von Dadelszen (Canada),Kick Retreat,Yellow,947039,4,A,953,Canada,58473,Piers,Von Dadelszen,2,6314
1871,5127.678662881,5139.099989011594,Dewald Kotze (Canada),Kick Retreat,Yellow,947039,2,A,953,Canada,38836,Dewald,Kotze,2,6314
1872,5127.678662881,5139.099989011594,Conor Young (Canada),Kick Retreat,Yellow,947039,18,A,953,Canada,29383,Conor,Young,2,6314
1873,5127.678662881,5139.099989011594,Calixto Martinez (Canada),Kick Retreat,Yellow,947039,1,A,953,Canada,58656,Calixto,Martinez,2,6314
1874,5127.976485260771,5141.900840342327,Hayate Era (Japan),Kick Chase,Green,947039,2,H,3000,Japan,61955,Hayate,Era,2,6314
1875,5127.976485260771,5141.900840342327,Waisake Raratubua (Japan),Kick Chase,Green,947039,4,H,3000,Japan,30796,Waisake,Raratubua,2,6314
1876,5117.976485260771,5141.900840342327,Kanji Shimokawa (Japan),Kick Chase,Green,947039,7,H,3000,Japan,30962,Kanji,Shimokawa,2,6304
1877,5127.976485260771,5141.900840342327,Kenta Kobayashi (Japan),Kick Chase,Green,947039,17,H,3000,Japan,34481,Kenta,Kobayashi,2,6314
1878,5127.976485260771,5141.900840342327,Keijiro Tamefusa (Japan),Kick Chase,Green,947039,18,H,3000,Japan,61929,Keijiro,Tamefusa,2,6314
1879,5128.80567468,5141.900840342327,Charlie Lawrence (Japan),Kick Chase,Green,947039,12,H,3000,Japan,32522,Charlie,Lawrence,2,6315
1880,5128.80567468,5141.900840342327,Kippei Ishida (Japan),Kick Chase,Green,947039,14,H,3000,Japan,34036,Kippei,Ishida,2,6315
1881,5128.80567468,5141.900840342327,Tomoki Osada (Japan),Kick Chase,Green,947039,23,H,3000,Japan,31059,Tomoki,Osada,2,6315
1882,5129.134943310658,5134.134943310658,Dylan Riley (Japan),Kick Chase,Yellow,947039,13,H,3000,Japan,27652,Dylan,Riley,2,6315
1883,5129.540326276,5134.540326276,Charlie Lawrence (Japan),Carry,Green,947039,12,H,3000,Japan,32522,Charlie,Lawrence,2,6315
1884,5131.947845804989,5137.356518461,Warner Dearns (Japan),Kick Chase,Yellow,947039,5,H,3000,Japan,40399,Warner,Dearns,2,6315
1885,5274.342290249433,5279.812695383,Tomoki Osada (Japan),Carry,Green,947039,23,H,3000,Japan,31059,Tomoki,Osada,2,6541
1886,5276.5981455025485,5288.199995657671,Callum Botchar (Canada),Tackle,Green,947039,19,A,953,Canada,59969,Callum,Botchar,2,6540
1887,5277.453741497,5288.199995657671,Matt Heaton (Canada),Tackle,Green,947039,20,A,953,Canada,25187,Matt,Heaton,2,6540
1888,5277.780820293668,5284.7976007519965,Warner Dearns (Japan),Ruck,Red,947039,5,H,3000,Japan,40399,Warner,Dearns,2,6540
1889,5278.5993101659915,5289.881001499,Kenji Sato (Japan),Ruck,Green,947039,16,H,3000,Japan,61722,Kenji,Sato,2,6545
1890,5280.414421768707,5286.860421336,Kenta Kobayashi (Japan),Ruck,Green,947039,17,H,3000,Japan,34481,Kenta,Kobayashi,2,6546
1891,5281.198848394171,5307.300283742413,Calixto Martinez (Canada),Tackle,Green,947039,1,A,953,Canada,58656,Calixto,Martinez,2,6547
1892,5281.79844843604,5307.300283742413,Conor Young (Canada),Tackle,Green,947039,18,A,953,Canada,29383,Conor,Young,2,6547
1893,5282.618616780045,5290.095317082986,Keijiro Tamefusa (Japan),Ruck,Green,947039,18,H,3000,Japan,61929,Keijiro,Tamefusa,2,6547
1894,5283.318724778,5290.796921582643,Faulua Makisi (Japan),Ruck,Green,947039,20,H,3000,Japan,23417,Faulua,Makisi,2,6547
1895,5283.791927437642,5288.791927437642,Kanji Shimokawa (Japan),Ruck,Green,947039,7,H,3000,Japan,30962,Kanji,Shimokawa,2,6547
1896,5286.171179138322,5291.171179138322,Waisake Raratubua (Japan),Carry,Green,947039,4,H,3000,Japan,30796,Waisake,Raratubua,2,6557
1897,5293.303931346,5311.099976412184,Jason Higgins (Canada),Kick Retreat,Green,947039,9,A,953,Canada,38159,Jason,Higgins,2,6557
1898,5293.303931346,5311.099976412184,Lucas Rumball (Canada),Kick Retreat,Green,947039,7,A,953,Canada,25183,Lucas,Rumball,2,6557
1899,5293.303931346,5311.099976412184,Sion Parry (Canada),Kick Retreat,Green,947039,6,A,953,Canada,59972,Sion,Parry,2,6557
1900,5293.303931346,5311.099976412184,Piers Von Dadelszen (Canada),Kick Retreat,Green,947039,4,A,953,Canada,58473,Piers,Von Dadelszen,2,6557
1901,5293.303931346,5311.099976412184,Noah Flesch (Canada),Kick Retreat,Green,947039,22,A,953,Canada,62287,Noah,Flesch,2,6557
1902,5293.303931346,5311.099976412184,Matt Heaton (Canada),Kick Retreat,Green,947039,20,A,953,Canada,25187,Matt,Heaton,2,6557
1903,5293.303931346,5311.099976412184,Dewald Kotze (Canada),Kick Retreat,Green,947039,2,A,953,Canada,38836,Dewald,Kotze,2,6557
1904,5293.303931346,5311.099976412184,Callum Botchar (Canada),Kick Retreat,Green,947039,19,A,953,Canada,59969,Callum,Botchar,2,6557
1905,5293.303931346,5311.099976412184,Conor Young (Canada),Kick Retreat,Green,947039,18,A,953,Canada,29383,Conor,Young,2,6557
1906,5293.303931346,5311.099976412184,Ben LeSage (Canada),Kick Retreat,Green,947039,13,A,953,Canada,25195,Ben,LeSage,2,6557
1907,5293.303931346,5311.099976412184,Nic Benn (Canada),Kick Retreat,Green,947039,11,A,953,Canada,38501,Nic,Benn,2,6557
1908,5293.303931346,5311.099976412184,Calixto Martinez (Canada),Kick Retreat,Green,947039,1,A,953,Canada,58656,Calixto,Martinez,2,6557
1909,5294.098706963961,5301.800314713992,Sion Parry (Canada),Charge Down,Green,947039,6,A,953,Canada,59972,Sion,Parry,2,6602
1910,5295.292743764172,5300.292743764172,Warner Dearns (Japan),Ruck,Green,947039,5,H,3000,Japan,40399,Warner,Dearns,2,6602
1911,5296.867190722,5307.42478012,Waisake Raratubua (Japan),Kick Chase,Green,947039,4,H,3000,Japan,30796,Waisake,Raratubua,2,6603
1912,5296.867190722,5307.42478012,Warner Dearns (Japan),Kick Chase,Green,947039,5,H,3000,Japan,40399,Warner,Dearns,2,6603
1913,5296.867190722,5307.42478012,Ben Gunter (Japan),Kick Chase,Green,947039,6,H,3000,Japan,26283,Ben,Gunter,2,6603
1914,5296.867190722,5307.42478012,Kanji Shimokawa (Japan),Kick Chase,Green,947039,7,H,3000,Japan,30962,Kanji,Shimokawa,2,6603
1915,5296.867190722,5307.42478012,Charlie Lawrence (Japan),Kick Chase,Green,947039,12,H,3000,Japan,32522,Charlie,Lawrence,2,6603
1916,5296.867190722,5307.42478012,Dylan Riley (Japan),Kick Chase,Green,947039,13,H,3000,Japan,27652,Dylan,Riley,2,6603
1917,5296.867190722,5307.42478012,Kippei Ishida (Japan),Kick Chase,Green,947039,14,H,3000,Japan,34036,Kippei,Ishida,2,6603
1918,5296.867190722,5307.42478012,Kenji Sato (Japan),Kick Chase,Green,947039,16,H,3000,Japan,61722,Kenji,Sato,2,6603
1919,5296.867190722,5307.42478012,Kenta Kobayashi (Japan),Kick Chase,Green,947039,17,H,3000,Japan,34481,Kenta,Kobayashi,2,6603
1920,5296.867190722,5307.42478012,Keijiro Tamefusa (Japan),Kick Chase,Green,947039,18,H,3000,Japan,61929,Keijiro,Tamefusa,2,6603
1921,5296.867190722,5307.42478012,Faulua Makisi (Japan),Kick Chase,Green,947039,20,H,3000,Japan,23417,Faulua,Makisi,2,6603
1922,5296.867190722,5307.42478012,Tomoki Osada (Japan),Kick Chase,Green,947039,23,H,3000,Japan,31059,Tomoki,Osada,2,6603
1923,5302.297849604204,5311.899973490845,Shane O'Leary (Canada),Tackle,Green,947039,15,A,953,Canada,21278,Shane,O'Leary,2,6608
1924,5303.178253968254,5309.381487243,Kenta Kobayashi (Japan),Carry,Green,947039,17,H,3000,Japan,34481,Kenta,Kobayashi,2,6609
1925,5305.27902444333,5318.064765188,Faulua Makisi (Japan),Carry,Green,947039,20,H,3000,Japan,23417,Faulua,Makisi,2,6610
1926,5305.297652983008,5318.299881730083,Conor Young (Canada),Tackle,Green,947039,18,A,953,Canada,29383,Conor,Young,2,6610
1927,5309.714348094,5314.714348094,Kanji Shimokawa (Japan),Ruck,Green,947039,7,H,3000,Japan,30962,Kanji,Shimokawa,2,6616
1928,5311.634442427,5316.634442427,Keijiro Tamefusa (Japan),Ruck,Green,947039,18,H,3000,Japan,61929,Keijiro,Tamefusa,2,6617
1929,5312.398657818885,5326.200056366067,Piers Von Dadelszen (Canada),Tackle,Green,947039,4,A,953,Canada,58473,Piers,Von Dadelszen,2,6617
1930,5376.458435374149,5393.401183363657,Waisake Raratubua (Japan),Scrum Attack,Green,947039,4,H,3000,Japan,30796,Waisake,Raratubua,2,6721
1931,5376.458435374149,5393.401183363657,Warner Dearns (Japan),Scrum Attack,Green,947039,5,H,3000,Japan,40399,Warner,Dearns,2,6721
1932,5376.458435374149,5393.401183363657,Ben Gunter (Japan),Scrum Attack,Green,947039,6,H,3000,Japan,26283,Ben,Gunter,2,6721
1933,5376.458435374149,5393.401183363657,Kenji Sato (Japan),Scrum Attack,Green,947039,16,H,3000,Japan,61722,Kenji,Sato,2,6721
1934,5376.458435374149,5393.401183363657,Kenta Kobayashi (Japan),Scrum Attack,Green,947039,17,H,3000,Japan,34481,Kenta,Kobayashi,2,6721
1935,5376.458435374149,5393.401183363657,Keijiro Tamefusa (Japan),Scrum Attack,Green,947039,18,H,3000,Japan,61929,Keijiro,Tamefusa,2,6721
1936,5376.458435374149,5393.401183363657,Faulua Makisi (Japan),Scrum Attack,Green,947039,20,H,3000,Japan,23417,Faulua,Makisi,2,6721
1937,5380.784455199,5399.90007609069,Lucas Rumball (Canada),Scrum Defence,Green,947039,7,A,953,Canada,25183,Lucas,Rumball,2,6721
1938,5380.784455199,5399.90007609069,Sion Parry (Canada),Scrum Defence,Green,947039,6,A,953,Canada,59972,Sion,Parry,2,6721
1939,5380.784455199,5399.90007609069,Piers Von Dadelszen (Canada),Scrum Defence,Green,947039,4,A,953,Canada,58473,Piers,Von Dadelszen,2,6721
1940,5380.784455199,5399.90007609069,Matt Heaton (Canada),Scrum Defence,Green,947039,20,A,953,Canada,25187,Matt,Heaton,2,6721
1941,5380.784455199,5399.90007609069,Callum Botchar (Canada),Scrum Defence,Green,947039,19,A,953,Canada,59969,Callum,Botchar,2,6721
1942,5380.784455199,5399.90007609069,Conor Young (Canada),Scrum Defence,Green,947039,18,A,953,Canada,29383,Conor,Young,2,6721
1943,5380.784455199,5399.90007609069,Emerson Prior (Canada),Scrum Defence,Green,947039,17,A,953,Canada,43969,Emerson,Prior,2,6721
1944,5380.784455199,5399.90007609069,Jesse MacKail (Canada),Scrum Defence,Green,947039,16,A,953,Canada,62231,Jesse,MacKail,2,6721
1945,5394.198639568374,5405.200005593868,Shane O'Leary (Canada),Tackle,Green,947039,15,A,953,Canada,21278,Shane,O'Leary,2,6740
1946,5396.498752560549,5407.799983785919,Noah Flesch (Canada),Jackler,Green,947039,22,A,953,Canada,62287,Noah,Flesch,2,6742
1947,5398.99749626977,5407.799983785919,Josiah Morra (Canada),Jackler,Green,947039,14,A,953,Canada,27284,Josiah,Morra,2,6745
1948,5399.236258503402,5416.83995212,Sam Greene (Japan),Ruck,Gold,947039,15,H,3000,Japan,22606,Sam,Greene,2,6745
1949,5401.228934240363,5407.080151347,Dylan Riley (Japan),Ruck,Green,947039,13,H,3000,Japan,27652,Dylan,Riley,2,6747
1950,5401.4979935937945,5415.299998075683,Matt Heaton (Canada),Tackle,Green,947039,20,A,953,Canada,25187,Matt,Heaton,2,6747
1951,5401.897838220888,5415.299998075683,Lucas Rumball (Canada),Tackle,Green,947039,7,A,953,Canada,25183,Lucas,Rumball,2,6746
1952,5402.080151347,5407.080151347,Kippei Ishida (Japan),Carry,Green,947039,14,H,3000,Japan,34036,Kippei,Ishida,2,6746
1953,5406.007864205,5413.470190035,Faulua Makisi (Japan),Ruck,Green,947039,20,H,3000,Japan,23417,Faulua,Makisi,2,6752
1954,5408.976880956,5413.976880956,Tiennan Costley (Japan),Ruck,Green,947039,19,H,3000,Japan,58972,Tiennan,Costley,2,6755
1955,5410.299014277952,5421.099956067275,Piers Von Dadelszen (Canada),Tackle,Green,947039,4,A,953,Canada,58473,Piers,Von Dadelszen,2,6756
1956,5410.67737825,5415.67737825,Charlie Lawrence (Japan),Carry,Green,947039,12,H,3000,Japan,32522,Charlie,Lawrence,2,6756
1957,5411.897658609612,5428.499950863831,Emerson Prior (Canada),Tackle,Red,947039,17,A,953,Canada,43969,Emerson,Prior,2,6758
1958,5412.098997497186,5421.800040251626,Peter Nelson (Canada),Tackle,Green,947039,10,A,953,Canada,19391,Peter,Nelson,2,6758
1959,5417.7489569161,5422.7489569161,Kenta Kobayashi (Japan),Ruck,Green,947039,17,H,3000,Japan,34481,Kenta,Kobayashi,2,6803
1960,5468.698548168718,5483.400298099066,Emerson Prior (Canada),Scrum Attack,Yellow,947039,17,A,953,Canada,43969,Emerson,Prior,2,6851
1961,5468.898392920011,5483.400298099066,Jesse MacKail (Canada),Scrum Attack,Yellow,947039,16,A,953,Canada,62231,Jesse,MacKail,2,6851
1962,5469.198541794198,5483.400298099066,Conor Young (Canada),Scrum Attack,Yellow,947039,18,A,953,Canada,29383,Conor,Young,2,6856
1963,5469.498728169471,5483.400298099066,Piers Von Dadelszen (Canada),Scrum Attack,Yellow,947039,4,A,953,Canada,58473,Piers,Von Dadelszen,2,6856
1964,5469.797905252498,5483.400298099066,Callum Botchar (Canada),Scrum Attack,Yellow,947039,19,A,953,Canada,59969,Callum,Botchar,2,6856
1965,5470.097566711408,5483.400298099066,Sion Parry (Canada),Scrum Attack,Yellow,947039,6,A,953,Canada,59972,Sion,Parry,2,6856
1966,5470.446861041,5481.399915284593,Lucas Rumball (Canada),Scrum Attack,Green,947039,7,A,953,Canada,25183,Lucas,Rumball,2,6856
1967,5470.446861041,5481.399915284593,Matt Heaton (Canada),Scrum Attack,Green,947039,20,A,953,Canada,25187,Matt,Heaton,2,6856
1968,5515.782007845,5533.999991723156,Callum Botchar (Canada),Lineout Attack,Green,947039,19,A,953,Canada,59969,Callum,Botchar,2,6934
1969,5515.782007845,5533.999991723156,Conor Young (Canada),Lineout Attack,Green,947039,18,A,953,Canada,29383,Conor,Young,2,6934
1970,5515.782007845,5533.999991723156,Emerson Prior (Canada),Lineout Attack,Green,947039,17,A,953,Canada,43969,Emerson,Prior,2,6934
1971,5515.782007845,5533.999991723156,Jesse MacKail (Canada),Lineout Attack,Green,947039,16,A,953,Canada,62231,Jesse,MacKail,2,6934
1972,5517.698727681888,5533.999991723156,Lucas Rumball (Canada),Lineout Attack,Green,947039,7,A,953,Canada,25183,Lucas,Rumball,2,6936
1973,5517.843197278911,5529.416349206349,Waisake Raratubua (Japan),Lineout Defence,Green,947039,4,H,3000,Japan,30796,Waisake,Raratubua,2,6936
1974,5517.843197278911,5529.416349206349,Warner Dearns (Japan),Lineout Defence,Green,947039,5,H,3000,Japan,40399,Warner,Dearns,2,6936
1975,5517.843197278911,5529.416349206349,Kenta Kobayashi (Japan),Lineout Defence,Green,947039,17,H,3000,Japan,34481,Kenta,Kobayashi,2,6936
1976,5517.843197278911,5529.416349206349,Keijiro Tamefusa (Japan),Lineout Defence,Green,947039,18,H,3000,Japan,61929,Keijiro,Tamefusa,2,6936
1977,5517.843197278911,5529.416349206349,Tiennan Costley (Japan),Lineout Defence,Green,947039,19,H,3000,Japan,58972,Tiennan,Costley,2,6936
1978,5518.097799265416,5533.999991723156,Sion Parry (Canada),Lineout Attack,Green,947039,6,A,953,Canada,59972,Sion,Parry,2,6936
1979,5518.198464170167,5533.999991723156,Piers Von Dadelszen (Canada),Lineout Attack,Green,947039,4,A,953,Canada,58473,Piers,Von Dadelszen,2,6936
1980,5522.484870987,5538.999944078218,Jason Higgins (Canada),Kick Chase,Green,947039,9,A,953,Canada,38159,Jason,Higgins,2,6943
1981,5522.484870987,5538.999944078218,Lucas Rumball (Canada),Kick Chase,Green,947039,7,A,953,Canada,25183,Lucas,Rumball,2,6943
1982,5522.484870987,5538.999944078218,Sion Parry (Canada),Kick Chase,Green,947039,6,A,953,Canada,59972,Sion,Parry,2,6943
1983,5522.484870987,5538.999944078218,Piers Von Dadelszen (Canada),Kick Chase,Green,947039,4,A,953,Canada,58473,Piers,Von Dadelszen,2,6943
1984,5522.484870987,5538.999944078218,Noah Flesch (Canada),Kick Chase,Green,947039,22,A,953,Canada,62287,Noah,Flesch,2,6943
1985,5522.484870987,5538.999944078218,Matt Heaton (Canada),Kick Chase,Green,947039,20,A,953,Canada,25187,Matt,Heaton,2,6943
1986,5522.484870987,5538.999944078218,Callum Botchar (Canada),Kick Chase,Green,947039,19,A,953,Canada,59969,Callum,Botchar,2,6943
1987,5522.484870987,5538.999944078218,Conor Young (Canada),Kick Chase,Green,947039,18,A,953,Canada,29383,Conor,Young,2,6943
1988,5522.484870987,5538.999944078218,Emerson Prior (Canada),Kick Chase,Green,947039,17,A,953,Canada,43969,Emerson,Prior,2,6943
1989,5522.484870987,5538.999944078218,Jesse MacKail (Canada),Kick Chase,Green,947039,16,A,953,Canada,62231,Jesse,MacKail,2,6943
1990,5522.484870987,5538.999944078218,Josiah Morra (Canada),Kick Chase,Green,947039,14,A,953,Canada,27284,Josiah,Morra,2,6943
1991,5522.484870987,5538.999944078218,Ben LeSage (Canada),Kick Chase,Green,947039,13,A,953,Canada,25195,Ben,LeSage,2,6943
1992,5522.484870987,5538.999944078218,Nic Benn (Canada),Kick Chase,Green,947039,11,A,953,Canada,38501,Nic,Benn,2,6943
1993,5523.183304331982,5534.63371437431,Yuya Hirose (Japan),Kick Retreat,Green,947039,22,H,3000,Japan,61922,Yuya,Hirose,2,6943
1994,5524.416349206349,5537.900170779982,Waisake Raratubua (Japan),Kick Retreat,Green,947039,4,H,3000,Japan,30796,Waisake,Raratubua,2,6943
1995,5524.416349206349,5537.900170779982,Warner Dearns (Japan),Kick Retreat,Green,947039,5,H,3000,Japan,40399,Warner,Dearns,2,6943
1996,5524.416349206349,5537.900170779982,Ben Gunter (Japan),Kick Retreat,Green,947039,6,H,3000,Japan,26283,Ben,Gunter,2,6943
1997,5524.416349206349,5537.900170779982,Kenji Sato (Japan),Kick Retreat,Green,947039,16,H,3000,Japan,61722,Kenji,Sato,2,6943
1998,5524.416349206349,5537.900170779982,Kenta Kobayashi (Japan),Kick Retreat,Green,947039,17,H,3000,Japan,34481,Kenta,Kobayashi,2,6943
1999,5524.416349206349,5537.900170779982,Keijiro Tamefusa (Japan),Kick Retreat,Green,947039,18,H,3000,Japan,61929,Keijiro,Tamefusa,2,6943
2000,5524.416349206349,5537.900170779982,Tiennan Costley (Japan),Kick Retreat,Green,947039,19,H,3000,Japan,58972,Tiennan,Costley,2,6943
2001,5524.416349206349,5537.900170779982,Faulua Makisi (Japan),Kick Retreat,Green,947039,20,H,3000,Japan,23417,Faulua,Makisi,2,6943
2002,5524.416349206349,5537.900170779982,Kenta Fukuda (Japan),Kick Retreat,Green,947039,21,H,3000,Japan,36475,Kenta,Fukuda,2,6943
2003,5527.840211397,5537.900170779982,Seungsin Lee (Japan),Kick Retreat,Green,947039,10,H,3000,Japan,37841,Seungsin,Lee,2,6945
2004,5527.840211397,5537.900170779982,Charlie Lawrence (Japan),Kick Retreat,Green,947039,12,H,3000,Japan,32522,Charlie,Lawrence,2,6945
2005,5527.840211397,5537.900170779982,Kippei Ishida (Japan),Kick Retreat,Green,947039,14,H,3000,Japan,34036,Kippei,Ishida,2,6945
2006,5529.94075679,5539.5975394679945,Yuya Hirose (Japan),Kick Chase,Green,947039,22,H,3000,Japan,61922,Yuya,Hirose,2,6951
2007,5530.323305183,5545.599822001363,Jason Higgins (Canada),Kick Retreat,Green,947039,9,A,953,Canada,38159,Jason,Higgins,2,6951
2008,5530.323305183,5545.599822001363,Lucas Rumball (Canada),Kick Retreat,Green,947039,7,A,953,Canada,25183,Lucas,Rumball,2,6951
2009,5530.323305183,5545.599822001363,Sion Parry (Canada),Kick Retreat,Green,947039,6,A,953,Canada,59972,Sion,Parry,2,6951
2010,5530.323305183,5545.599822001363,Piers Von Dadelszen (Canada),Kick Retreat,Green,947039,4,A,953,Canada,58473,Piers,Von Dadelszen,2,6951
2011,5530.323305183,5545.599822001363,Noah Flesch (Canada),Kick Retreat,Green,947039,22,A,953,Canada,62287,Noah,Flesch,2,6951
2012,5530.323305183,5545.599822001363,Matt Heaton (Canada),Kick Retreat,Green,947039,20,A,953,Canada,25187,Matt,Heaton,2,6951
2013,5530.323305183,5545.599822001363,Callum Botchar (Canada),Kick Retreat,Green,947039,19,A,953,Canada,59969,Callum,Botchar,2,6951
2014,5530.323305183,5545.599822001363,Emerson Prior (Canada),Kick Retreat,Green,947039,17,A,953,Canada,43969,Emerson,Prior,2,6951
2015,5530.323305183,5545.599822001363,Jesse MacKail (Canada),Kick Retreat,Green,947039,16,A,953,Canada,62231,Jesse,MacKail,2,6951
2016,5530.323305183,5545.599822001363,Josiah Morra (Canada),Kick Retreat,Green,947039,14,A,953,Canada,27284,Josiah,Morra,2,6951
2017,5530.323305183,5545.599822001363,Ben LeSage (Canada),Kick Retreat,Green,947039,13,A,953,Canada,25195,Ben,LeSage,2,6951
2018,5530.323305183,5545.599822001363,Nic Benn (Canada),Kick Retreat,Green,947039,11,A,953,Canada,38501,Nic,Benn,2,6951
2019,5530.3969387755105,5546.476430834,Waisake Raratubua (Japan),Kick Chase,Green,947039,4,H,3000,Japan,30796,Waisake,Raratubua,2,6951
2020,5530.3969387755105,5546.476430834,Warner Dearns (Japan),Kick Chase,Green,947039,5,H,3000,Japan,40399,Warner,Dearns,2,6951
2021,5530.3969387755105,5546.476430834,Ben Gunter (Japan),Kick Chase,Green,947039,6,H,3000,Japan,26283,Ben,Gunter,2,6951
2022,5530.3969387755105,5546.476430834,Kenji Sato (Japan),Kick Chase,Green,947039,16,H,3000,Japan,61722,Kenji,Sato,2,6951
2023,5530.3969387755105,5546.476430834,Kenta Kobayashi (Japan),Kick Chase,Green,947039,17,H,3000,Japan,34481,Kenta,Kobayashi,2,6951
2024,5530.3969387755105,5546.476430834,Keijiro Tamefusa (Japan),Kick Chase,Green,947039,18,H,3000,Japan,61929,Keijiro,Tamefusa,2,6951
2025,5530.3969387755105,5546.476430834,Tiennan Costley (Japan),Kick Chase,Green,947039,19,H,3000,Japan,58972,Tiennan,Costley,2,6951
2026,5530.3969387755105,5546.476430834,Faulua Makisi (Japan),Kick Chase,Green,947039,20,H,3000,Japan,23417,Faulua,Makisi,2,6951
2027,5531.463678587,5546.476430834,Sam Greene (Japan),Kick Chase,Green,947039,15,H,3000,Japan,22606,Sam,Greene,2,6951
2028,5532.944991232,5545.800002077006,Conor Young (Canada),Kick Retreat,Yellow,947039,18,A,953,Canada,29383,Conor,Young,2,6951
2029,5533.02816977,5546.476430834,Charlie Lawrence (Japan),Kick Chase,Green,947039,12,H,3000,Japan,32522,Charlie,Lawrence,2,6951
2030,5533.02816977,5546.476430834,Dylan Riley (Japan),Kick Chase,Green,947039,13,H,3000,Japan,27652,Dylan,Riley,2,6951
2031,5535.498152305513,5552.400036889155,Shane O'Leary (Canada),Carry,Green,947039,15,A,953,Canada,21278,Shane,O'Leary,2,6954
2032,5536.998561588305,5552.999855686339,Lucas Rumball (Canada),Ruck,Red,947039,7,A,953,Canada,25183,Lucas,Rumball,2,6956
2033,5538.679959498101,5552.999855686339,Sion Parry (Canada),Ruck,Red,947039,6,A,953,Canada,59972,Sion,Parry,2,6958
2034,5540.507823129252,5550.49733418,Tiennan Costley (Japan),Jackler,Green,947039,19,H,3000,Japan,58972,Tiennan,Costley,2,6959
2035,5540.597904704589,5552.999855686339,Conor Young (Canada),Ruck,Red,947039,18,A,953,Canada,29383,Conor,Young,2,6959
2036,5541.09837254799,5557.099960655338,Jesse MacKail (Canada),Carry,Green,947039,16,A,953,Canada,62231,Jesse,MacKail,2,7000
2037,5542.398052617664,5549.368207791,Sam Greene (Japan),Tackle,Red,947039,15,H,3000,Japan,22606,Sam,Greene,2,7001
2038,5542.698494800157,5559.600011199618,Emerson Prior (Canada),Ruck,Green,947039,17,A,953,Canada,43969,Emerson,Prior,2,7001
2039,5542.797955061853,5559.600011199618,Callum Botchar (Canada),Ruck,Green,947039,19,A,953,Canada,59969,Callum,Botchar,2,7001
2040,5546.137437641723,5551.137437641723,Kenta Kobayashi (Japan),Tackle,Green,947039,17,H,3000,Japan,34481,Kenta,Kobayashi,2,7006
2041,5546.3332653061225,5551.3332653061225,Faulua Makisi (Japan),Tackle,Green,947039,20,H,3000,Japan,23417,Faulua,Makisi,2,7006
2042,5549.4985027324265,5566.00012692961,Ben LeSage (Canada),Carry,Green,947039,13,A,953,Canada,25195,Ben,LeSage,2,7008
2043,5551.296843811958,5567.000344536631,Noah Flesch (Canada),Ruck,Green,947039,22,A,953,Canada,62287,Noah,Flesch,2,7005
2044,5552.520826023,5557.520826023,Kenji Sato (Japan),Tackle,Green,947039,16,H,3000,Japan,61722,Kenji,Sato,2,7011
2045,5552.803344977873,5567.000344536631,Piers Von Dadelszen (Canada),Ruck,Green,947039,4,A,953,Canada,58473,Piers,Von Dadelszen,2,7012
2046,5553.191481233325,5561.022591665,Tiennan Costley (Japan),Jackler,Green,947039,19,H,3000,Japan,58972,Tiennan,Costley,2,7012
2047,5554.498321602519,5567.000344536631,Peter Nelson (Canada),Ruck,Green,947039,10,A,953,Canada,19391,Peter,Nelson,2,7013
2048,5556.898176355676,5581.100143165788,Callum Botchar (Canada),Carry,Green,947039,19,A,953,Canada,59969,Callum,Botchar,2,7014
2049,5558.098454314253,5581.900017030292,Lucas Rumball (Canada),Ruck,Red,947039,7,A,953,Canada,25183,Lucas,Rumball,2,7018
2050,5558.498616855805,5581.900017030292,Sion Parry (Canada),Ruck,Green,947039,6,A,953,Canada,59972,Sion,Parry,2,7018
2051,5564.664126984127,5575.699358615987,Yuya Hirose (Japan),Kick Retreat,Green,947039,22,H,3000,Japan,61922,Yuya,Hirose,2,7022
2052,5565.097453110656,5578.199926085822,Nic Benn (Canada),Kick Chase,Gold,947039,11,A,953,Canada,38501,Nic,Benn,2,7022
2053,5565.496416912,5570.496416912,Kenta Kobayashi (Japan),Tackle,Green,947039,17,H,3000,Japan,34481,Kenta,Kobayashi,2,7022
2054,5565.998121304851,5581.900017030292,Emerson Prior (Canada),Ruck,Green,947039,17,A,953,Canada,43969,Emerson,Prior,2,7022
2055,5566.2984303056655,5581.900017030292,Conor Young (Canada),Ruck,Green,947039,18,A,953,Canada,29383,Conor,Young,2,7023
2056,5566.825736961451,5585.099960808929,Jason Higgins (Canada),Kick Chase,Green,947039,9,A,953,Canada,38159,Jason,Higgins,2,7023
2057,5566.825736961451,5585.099960808929,Sion Parry (Canada),Kick Chase,Green,947039,6,A,953,Canada,59972,Sion,Parry,2,7023
2058,5566.825736961451,5585.099960808929,Piers Von Dadelszen (Canada),Kick Chase,Green,947039,4,A,953,Canada,58473,Piers,Von Dadelszen,2,7023
2059,5566.825736961451,5585.099960808929,Noah Flesch (Canada),Kick Chase,Green,947039,22,A,953,Canada,62287,Noah,Flesch,2,7023
2060,5566.825736961451,5585.099960808929,Matt Heaton (Canada),Kick Chase,Green,947039,20,A,953,Canada,25187,Matt,Heaton,2,7023
2061,5566.825736961451,5585.099960808929,Callum Botchar (Canada),Kick Chase,Green,947039,19,A,953,Canada,59969,Callum,Botchar,2,7023
2062,5566.825736961451,5585.099960808929,Conor Young (Canada),Kick Chase,Green,947039,18,A,953,Canada,29383,Conor,Young,2,7023
2063,5566.825736961451,5585.099960808929,Emerson Prior (Canada),Kick Chase,Green,947039,17,A,953,Canada,43969,Emerson,Prior,2,7023
2064,5566.825736961451,5585.099960808929,Jesse MacKail (Canada),Kick Chase,Green,947039,16,A,953,Canada,62231,Jesse,MacKail,2,7023
2065,5566.825736961451,5585.099960808929,Josiah Morra (Canada),Kick Chase,Green,947039,14,A,953,Canada,27284,Josiah,Morra,2,7023
2066,5566.825736961451,5585.099960808929,Ben LeSage (Canada),Kick Chase,Green,947039,13,A,953,Canada,25195,Ben,LeSage,2,7023
2067,5568.4560464,5573.4560464,Keijiro Tamefusa (Japan),Tackle,Green,947039,18,H,3000,Japan,61929,Keijiro,Tamefusa,2,7023
2068,5568.971201814059,5582.782471655329,Waisake Raratubua (Japan),Kick Retreat,Green,947039,4,H,3000,Japan,30796,Waisake,Raratubua,2,7023
2069,5568.971201814059,5582.782471655329,Warner Dearns (Japan),Kick Retreat,Green,947039,5,H,3000,Japan,40399,Warner,Dearns,2,7023
2070,5568.971201814059,5582.782471655329,Ben Gunter (Japan),Kick Retreat,Green,947039,6,H,3000,Japan,26283,Ben,Gunter,2,7023
2071,5568.971201814059,5582.782471655329,Seungsin Lee (Japan),Kick Retreat,Green,947039,10,H,3000,Japan,37841,Seungsin,Lee,2,7023
2072,5568.971201814059,5582.782471655329,Charlie Lawrence (Japan),Kick Retreat,Green,947039,12,H,3000,Japan,32522,Charlie,Lawrence,2,7023
2073,5568.971201814059,5582.782471655329,Dylan Riley (Japan),Kick Retreat,Green,947039,13,H,3000,Japan,27652,Dylan,Riley,2,7023
2074,5568.971201814059,5582.782471655329,Kippei Ishida (Japan),Kick Retreat,Green,947039,14,H,3000,Japan,34036,Kippei,Ishida,2,7023
2075,5568.971201814059,5582.782471655329,Kenji Sato (Japan),Kick Retreat,Green,947039,16,H,3000,Japan,61722,Kenji,Sato,2,7023
2076,5568.971201814059,5582.782471655329,Kenta Kobayashi (Japan),Kick Retreat,Green,947039,17,H,3000,Japan,34481,Kenta,Kobayashi,2,7023
2077,5568.971201814059,5582.782471655329,Keijiro Tamefusa (Japan),Kick Retreat,Green,947039,18,H,3000,Japan,61929,Keijiro,Tamefusa,2,7023
2078,5568.971201814059,5582.782471655329,Tiennan Costley (Japan),Kick Retreat,Green,947039,19,H,3000,Japan,58972,Tiennan,Costley,2,7023
2079,5568.971201814059,5582.782471655329,Faulua Makisi (Japan),Kick Retreat,Green,947039,20,H,3000,Japan,23417,Faulua,Makisi,2,7023
2080,5571.196629792228,5585.299814560389,Lucas Rumball (Canada),Kick Chase,Red,947039,7,A,953,Canada,25183,Lucas,Rumball,2,7029
2081,5573.4987878858865,5588.8000469999815,Emerson Prior (Canada),Ruck,Green,947039,17,A,953,Canada,43969,Emerson,Prior,2,7033
2082,5573.798435302704,5592.700025654497,Noah Flesch (Canada),Carry,Yellow,947039,22,A,953,Canada,62287,Noah,Flesch,2,7033
2083,5574.997947094198,5588.8000469999815,Piers Von Dadelszen (Canada),Ruck,Green,947039,4,A,953,Canada,58473,Piers,Von Dadelszen,2,7033
2084,5577.196575963719,5582.196575963719,Ben Gunter (Japan),Turnover Defence,Red,947039,6,H,3000,Japan,26283,Ben,Gunter,2,7036
2085,5577.498008802877,5588.8000469999815,Nic Benn (Canada),Ruck,Green,947039,11,A,953,Canada,38501,Nic,Benn,2,7036
2086,5579.681925195333,5592.378778181,Keijiro Tamefusa (Japan),Tackle,Green,947039,18,H,3000,Japan,61929,Keijiro,Tamefusa,2,7038
2087,5579.698504993325,5594.099952841357,Sion Parry (Canada),Carry,Yellow,947039,6,A,953,Canada,59972,Sion,Parry,2,7038
2088,5580.597396422367,5592.299983050126,Callum Botchar (Canada),Ruck,Green,947039,19,A,953,Canada,59969,Callum,Botchar,2,7039
2089,5581.298121755768,5592.299983050126,Jesse MacKail (Canada),Ruck,Green,947039,16,A,953,Canada,62231,Jesse,MacKail,2,7039
2090,5581.775721415,5589.416004361,Warner Dearns (Japan),Tackle,Yellow,947039,5,H,3000,Japan,40399,Warner,Dearns,2,7039
2091,5582.765804988662,5587.765804988662,Charlie Lawrence (Japan),Phase Defence,Red,947039,12,H,3000,Japan,32522,Charlie,Lawrence,2,7041
2092,5583.406984126984,5591.222059196,Waisake Raratubua (Japan),Tackle,Red,947039,4,H,3000,Japan,30796,Waisake,Raratubua,2,7041
2093,5588.897721268495,5604.1000027785385,Ben LeSage (Canada),Carry,Green,947039,13,A,953,Canada,25195,Ben,LeSage,2,7048
2094,5589.898203954918,5603.299928253411,Shane O'Leary (Canada),Ruck,Green,947039,15,A,953,Canada,21278,Shane,O'Leary,2,7048
2095,5591.799073746525,5603.299928253411,Peter Nelson (Canada),Ruck,Green,947039,10,A,953,Canada,19391,Peter,Nelson,2,7049
2096,5591.998902345863,5603.299928253411,Lucas Rumball (Canada),Ruck,Green,947039,7,A,953,Canada,25183,Lucas,Rumball,2,7049
2097,5592.38338664,5598.214415189,Charlie Lawrence (Japan),Tackle,Green,947039,12,H,3000,Japan,32522,Charlie,Lawrence,2,7049
2098,5592.63283446712,5597.63283446712,Ben Gunter (Japan),Jackler,Green,947039,6,H,3000,Japan,26283,Ben,Gunter,2,7052
2099,5592.728185941043,5597.728185941043,Waisake Raratubua (Japan),Phase Defence,Red,947039,4,H,3000,Japan,30796,Waisake,Raratubua,2,7052
2100,5595.598114733617,5614.999956948244,Conor Young (Canada),Carry,Red,947039,18,A,953,Canada,29383,Conor,Young,2,7054
2101,5596.198481067342,5611.399909130411,Jesse MacKail (Canada),Ruck,Yellow,947039,16,A,953,Canada,62231,Jesse,MacKail,2,7051
2102,5597.798419734607,5611.399909130411,Callum Botchar (Canada),Ruck,Yellow,947039,19,A,953,Canada,59969,Callum,Botchar,2,7057
2103,5599.798318317967,5611.399909130411,Lucas Rumball (Canada),Ruck,Yellow,947039,7,A,953,Canada,25183,Lucas,Rumball,2,7059
2104,5599.817912631,5604.817912631,Tiennan Costley (Japan),Jackler,Green,947039,19,H,3000,Japan,58972,Tiennan,Costley,2,7059
2105,5600.798160214629,5618.100496748503,Emerson Prior (Canada),Carry,Green,947039,17,A,953,Canada,43969,Emerson,Prior,2,7059
2106,5600.9978374729235,5619.499964223336,Sion Parry (Canada),Ruck,Green,947039,6,A,953,Canada,59972,Sion,Parry,2,7059
2107,5601.911538383,5608.613232233,Faulua Makisi (Japan),Tackle,Green,947039,20,H,3000,Japan,23417,Faulua,Makisi,2,7101
2108,5602.48403954233,5611.772453079,Keijiro Tamefusa (Japan),Tackle,Green,947039,18,H,3000,Japan,61929,Keijiro,Tamefusa,2,7101
2109,5605.898819907206,5619.499964223336,Piers Von Dadelszen (Canada),Ruck,Green,947039,4,A,953,Canada,58473,Piers,Von Dadelszen,2,7106
2110,5609.7983006203,5633.099981043227,Lucas Rumball (Canada),Carry,Red,947039,7,A,953,Canada,25183,Lucas,Rumball,2,7108
2111,5610.798320413963,5630.399935106837,Sion Parry (Canada),Ruck,Yellow,947039,6,A,953,Canada,59972,Sion,Parry,2,7110
2112,5612.798288330193,5630.399935106837,Callum Botchar (Canada),Ruck,Green,947039,19,A,953,Canada,59969,Callum,Botchar,2,7112
2113,5613.198846786168,5630.399935106837,Emerson Prior (Canada),Ruck,Green,947039,17,A,953,Canada,43969,Emerson,Prior,2,7112
2114,5613.897653577855,5630.399935106837,Piers Von Dadelszen (Canada),Ruck,Green,947039,4,A,953,Canada,58473,Piers,Von Dadelszen,2,7112
2115,5613.898772746763,5630.399935106837,Jesse MacKail (Canada),Ruck,Green,947039,16,A,953,Canada,62231,Jesse,MacKail,2,7112
2116,5614.971927437642,5619.971927437642,Waisake Raratubua (Japan),Tackle,Green,947039,4,H,3000,Japan,30796,Waisake,Raratubua,2,7112
2117,5615.393650726,5632.89980378227,Jason Higgins (Canada),Kick Chase,Green,947039,9,A,953,Canada,38159,Jason,Higgins,2,7112
2118,5615.393650726,5632.89980378227,Piers Von Dadelszen (Canada),Kick Chase,Green,947039,4,A,953,Canada,58473,Piers,Von Dadelszen,2,7112
2119,5615.393650726,5632.89980378227,Noah Flesch (Canada),Kick Chase,Green,947039,22,A,953,Canada,62287,Noah,Flesch,2,7112
2120,5615.393650726,5632.89980378227,Matt Heaton (Canada),Kick Chase,Green,947039,20,A,953,Canada,25187,Matt,Heaton,2,7112
2121,5615.393650726,5632.89980378227,Callum Botchar (Canada),Kick Chase,Green,947039,19,A,953,Canada,59969,Callum,Botchar,2,7112
2122,5615.393650726,5632.89980378227,Conor Young (Canada),Kick Chase,Green,947039,18,A,953,Canada,29383,Conor,Young,2,7112
2123,5615.393650726,5632.89980378227,Emerson Prior (Canada),Kick Chase,Green,947039,17,A,953,Canada,43969,Emerson,Prior,2,7112
2124,5615.393650726,5632.89980378227,Jesse MacKail (Canada),Kick Chase,Green,947039,16,A,953,Canada,62231,Jesse,MacKail,2,7112
2125,5615.393650726,5632.89980378227,Josiah Morra (Canada),Kick Chase,Green,947039,14,A,953,Canada,27284,Josiah,Morra,2,7112
2126,5615.393650726,5632.89980378227,Ben LeSage (Canada),Kick Chase,Green,947039,13,A,953,Canada,25195,Ben,LeSage,2,7112
2127,5615.393650726,5632.89980378227,Nic Benn (Canada),Kick Chase,Green,947039,11,A,953,Canada,38501,Nic,Benn,2,7112
2128,5617.019274376417,5636.759668576,Waisake Raratubua (Japan),Kick Retreat,Green,947039,4,H,3000,Japan,30796,Waisake,Raratubua,2,7113
2129,5617.019274376417,5636.759668576,Warner Dearns (Japan),Kick Retreat,Green,947039,5,H,3000,Japan,40399,Warner,Dearns,2,7113
2130,5617.019274376417,5636.759668576,Ben Gunter (Japan),Kick Retreat,Green,947039,6,H,3000,Japan,26283,Ben,Gunter,2,7113
2131,5617.019274376417,5636.759668576,Charlie Lawrence (Japan),Kick Retreat,Green,947039,12,H,3000,Japan,32522,Charlie,Lawrence,2,7113
2132,5617.019274376417,5636.759668576,Kippei Ishida (Japan),Kick Retreat,Green,947039,14,H,3000,Japan,34036,Kippei,Ishida,2,7113
2133,5617.019274376417,5636.759668576,Kenji Sato (Japan),Kick Retreat,Green,947039,16,H,3000,Japan,61722,Kenji,Sato,2,7113
2134,5617.019274376417,5636.759668576,Kenta Kobayashi (Japan),Kick Retreat,Green,947039,17,H,3000,Japan,34481,Kenta,Kobayashi,2,7113
2135,5617.019274376417,5636.759668576,Keijiro Tamefusa (Japan),Kick Retreat,Green,947039,18,H,3000,Japan,61929,Keijiro,Tamefusa,2,7113
2136,5617.019274376417,5636.759668576,Tiennan Costley (Japan),Kick Retreat,Green,947039,19,H,3000,Japan,58972,Tiennan,Costley,2,7113
2137,5617.019274376417,5636.759668576,Faulua Makisi (Japan),Kick Retreat,Green,947039,20,H,3000,Japan,23417,Faulua,Makisi,2,7113
2138,5617.199036235708,5631.86496795779,Sion Parry (Canada),Kick Chase,Yellow,947039,6,A,953,Canada,59972,Sion,Parry,2,7113
2139,5617.497814777712,5631.86496795779,Lucas Rumball (Canada),Kick Chase,Yellow,947039,7,A,953,Canada,25183,Lucas,Rumball,2,7113
2140,5618.596122448979,5636.759668576,Sam Greene (Japan),Kick Retreat,Green,947039,15,H,3000,Japan,22606,Sam,Greene,2,7113
2141,5619.610907029479,5627.498836646669,Yuya Hirose (Japan),Kick Retreat,Green,947039,22,H,3000,Japan,61922,Yuya,Hirose,2,7119
2142,5624.297837469674,5648.724355533,Kenta Kobayashi (Japan),Kick Chase,Green,947039,17,H,3000,Japan,34481,Kenta,Kobayashi,2,7122
2143,5624.699590219326,5648.724355533,Kenji Sato (Japan),Kick Chase,Green,947039,16,H,3000,Japan,61722,Kenji,Sato,2,7122
2144,5625.099746344307,5648.724355533,Keijiro Tamefusa (Japan),Kick Chase,Green,947039,18,H,3000,Japan,61929,Keijiro,Tamefusa,2,7122
2145,5625.499231219655,5648.724355533,Waisake Raratubua (Japan),Kick Chase,Green,947039,4,H,3000,Japan,30796,Waisake,Raratubua,2,7122
2146,5625.899140843987,5648.724355533,Warner Dearns (Japan),Kick Chase,Green,947039,5,H,3000,Japan,40399,Warner,Dearns,2,7125
2147,5626.042925170068,5659.886507936508,Yuya Hirose (Japan),Kick Chase,Gold,947039,22,H,3000,Japan,61922,Yuya,Hirose,2,7125
2148,5626.299389053343,5648.724355533,Ben Gunter (Japan),Kick Chase,Green,947039,6,H,3000,Japan,26283,Ben,Gunter,2,7125
2149,5626.59813542832,5648.724355533,Tiennan Costley (Japan),Kick Chase,Green,947039,19,H,3000,Japan,58972,Tiennan,Costley,2,7125
2150,5627.097255219006,5648.724355533,Faulua Makisi (Japan),Kick Chase,Green,947039,20,H,3000,Japan,23417,Faulua,Makisi,2,7125
2151,5627.530113428,5648.724355533,Charlie Lawrence (Japan),Kick Chase,Green,947039,12,H,3000,Japan,32522,Charlie,Lawrence,2,7125
2152,5627.530113428,5648.724355533,Kippei Ishida (Japan),Kick Chase,Green,947039,14,H,3000,Japan,34036,Kippei,Ishida,2,7125
2153,5627.530113428,5648.724355533,Kenta Fukuda (Japan),Kick Chase,Green,947039,21,H,3000,Japan,36475,Kenta,Fukuda,2,7125
2154,5627.530113428,5648.724355533,Tomoki Osada (Japan),Kick Chase,Green,947039,23,H,3000,Japan,31059,Tomoki,Osada,2,7125
2155,5629.547371104,5655.299983727105,Jason Higgins (Canada),Kick Retreat,Green,947039,9,A,953,Canada,38159,Jason,Higgins,2,7125
2156,5629.547371104,5655.299983727105,Sion Parry (Canada),Kick Retreat,Green,947039,6,A,953,Canada,59972,Sion,Parry,2,7125
2157,5629.547371104,5655.299983727105,Piers Von Dadelszen (Canada),Kick Retreat,Green,947039,4,A,953,Canada,58473,Piers,Von Dadelszen,2,7125
2158,5629.547371104,5655.299983727105,Noah Flesch (Canada),Kick Retreat,Green,947039,22,A,953,Canada,62287,Noah,Flesch,2,7125
2159,5629.547371104,5655.299983727105,Matt Heaton (Canada),Kick Retreat,Green,947039,20,A,953,Canada,25187,Matt,Heaton,2,7125
2160,5629.547371104,5655.299983727105,Callum Botchar (Canada),Kick Retreat,Green,947039,19,A,953,Canada,59969,Callum,Botchar,2,7125
2161,5629.547371104,5655.299983727105,Emerson Prior (Canada),Kick Retreat,Green,947039,17,A,953,Canada,43969,Emerson,Prior,2,7125
2162,5629.547371104,5655.299983727105,Jesse MacKail (Canada),Kick Retreat,Green,947039,16,A,953,Canada,62231,Jesse,MacKail,2,7125
2163,5629.547371104,5655.299983727105,Shane O'Leary (Canada),Kick Retreat,Green,947039,15,A,953,Canada,21278,Shane,O'Leary,2,7125
2164,5629.547371104,5655.299983727105,Josiah Morra (Canada),Kick Retreat,Green,947039,14,A,953,Canada,27284,Josiah,Morra,2,7125
2165,5629.547371104,5655.299983727105,Ben LeSage (Canada),Kick Retreat,Green,947039,13,A,953,Canada,25195,Ben,LeSage,2,7125
2166,5629.547371104,5655.299983727105,Nic Benn (Canada),Kick Retreat,Green,947039,11,A,953,Canada,38501,Nic,Benn,2,7125
2167,5629.547371104,5655.299983727105,Peter Nelson (Canada),Kick Retreat,Green,947039,10,A,953,Canada,19391,Peter,Nelson,2,7125
2168,5633.990748299319,5643.796137015664,Seungsin Lee (Japan),Kick Chase,Green,947039,10,H,3000,Japan,37841,Seungsin,Lee,2,7133
2169,5639.398489943755,5667.300040663083,Sion Parry (Canada),Ruck,Red,947039,6,A,953,Canada,59972,Sion,Parry,2,7139
2170,5640.311519657,5645.311519657,Yuya Hirose (Japan),Tackle,Green,947039,22,H,3000,Japan,61922,Yuya,Hirose,2,7139
2171,5640.898584276364,5667.300040663083,Shane O'Leary (Canada),Ruck,Green,947039,15,A,953,Canada,21278,Shane,O'Leary,2,7140
2172,5643.298726107144,5667.300040663083,Jason Higgins (Canada),Ruck,Green,947039,9,A,953,Canada,38159,Jason,Higgins,2,7143
2173,5645.998104208234,5667.300040663083,Emerson Prior (Canada),Ruck,Green,947039,17,A,953,Canada,43969,Emerson,Prior,2,7146
2174,5647.608859218,5657.699959051015,Lucas Rumball (Canada),Kick Retreat,Red,947039,7,A,953,Canada,25183,Lucas,Rumball,2,7147
2175,5647.608859218,5657.699959051015,Conor Young (Canada),Kick Retreat,Red,947039,18,A,953,Canada,29383,Conor,Young,2,7147
2176,5649.69862744116,5676.20006708368,Callum Botchar (Canada),Carry,Red,947039,19,A,953,Canada,59969,Callum,Botchar,2,7149
2177,5651.398406081351,5667.300040663083,Matt Heaton (Canada),Ruck,Green,947039,20,A,953,Canada,25187,Matt,Heaton,2,7150
2178,5654.927210884353,5661.121042757,Seungsin Lee (Japan),Jackler,Yellow,947039,10,H,3000,Japan,37841,Seungsin,Lee,2,7153
2179,5726.400863849,5740.599984414059,Sion Parry (Canada),Lineout Defence,Green,947039,6,A,953,Canada,59972,Sion,Parry,2,7226
2180,5726.400863849,5740.599984414059,Piers Von Dadelszen (Canada),Lineout Defence,Green,947039,4,A,953,Canada,58473,Piers,Von Dadelszen,2,7226
2181,5726.400863849,5740.599984414059,Matt Heaton (Canada),Lineout Defence,Green,947039,20,A,953,Canada,25187,Matt,Heaton,2,7226
2182,5726.400863849,5740.599984414059,Callum Botchar (Canada),Lineout Defence,Green,947039,19,A,953,Canada,59969,Callum,Botchar,2,7226
2183,5726.400863849,5740.599984414059,Conor Young (Canada),Lineout Defence,Green,947039,18,A,953,Canada,29383,Conor,Young,2,7226
2184,5726.445132921,5742.800991967657,Waisake Raratubua (Japan),Lineout Attack,Green,947039,4,H,3000,Japan,30796,Waisake,Raratubua,2,7226
2185,5726.445132921,5742.800991967657,Warner Dearns (Japan),Lineout Attack,Green,947039,5,H,3000,Japan,40399,Warner,Dearns,2,7226
2186,5726.445132921,5742.800991967657,Ben Gunter (Japan),Lineout Attack,Green,947039,6,H,3000,Japan,26283,Ben,Gunter,2,7226
2187,5726.445132921,5742.800991967657,Kenji Sato (Japan),Lineout Attack,Green,947039,16,H,3000,Japan,61722,Kenji,Sato,2,7226
2188,5726.445132921,5742.800991967657,Kenta Kobayashi (Japan),Lineout Attack,Green,947039,17,H,3000,Japan,34481,Kenta,Kobayashi,2,7226
2189,5726.445132921,5742.800991967657,Keijiro Tamefusa (Japan),Lineout Attack,Green,947039,18,H,3000,Japan,61929,Keijiro,Tamefusa,2,7226
2190,5726.445132921,5742.800991967657,Tiennan Costley (Japan),Lineout Attack,Green,947039,19,H,3000,Japan,58972,Tiennan,Costley,2,7226
2191,5726.445132921,5742.800991967657,Faulua Makisi (Japan),Lineout Attack,Green,947039,20,H,3000,Japan,23417,Faulua,Makisi,2,7226
2192,5728.498331530465,5740.599984414059,Emerson Prior (Canada),Lineout Defence,Green,947039,17,A,953,Canada,43969,Emerson,Prior,2,7229
2193,5732.6986401642325,5746.600067562012,Brenden Black (Canada),Tackle,Green,947039,23,A,953,Canada,58774,Brenden,Black,2,7232
2194,5733.3984784979175,5746.600067562012,Ben LeSage (Canada),Tackle,Green,947039,13,A,953,Canada,25195,Ben,LeSage,2,7232
2195,5737.635506774,5744.004643835,Kippei Ishida (Japan),Ruck,Green,947039,14,H,3000,Japan,34036,Kippei,Ishida,2,7237
2196,5738.897805575912,5748.7999393260025,Matt Oworu (Canada),Tackle,Green,947039,8,A,953,Canada,39953,Matt,Oworu,2,7239
2197,5740.967785797,5745.967785797,Keijiro Tamefusa (Japan),Ruck,Green,947039,18,H,3000,Japan,61929,Keijiro,Tamefusa,2,7240
2198,5740.967785797,5745.967785797,Yuya Hirose (Japan),Carry,Green,947039,22,H,3000,Japan,61922,Yuya,Hirose,2,7240
2199,5741.9984827912,5751.899961369178,Noah Flesch (Canada),Jackler,Green,947039,22,A,953,Canada,62287,Noah,Flesch,2,7242
2200,5847.49670378157,5856.59999237198,Callum Botchar (Canada),Charge Down,Green,947039,19,A,953,Canada,59969,Callum,Botchar,2,7413
2201,5848.050446558,5863.5000203172085,Jason Higgins (Canada),Kick Retreat,Green,947039,9,A,953,Canada,38159,Jason,Higgins,2,7413
2202,5848.050446558,5863.5000203172085,Matt Oworu (Canada),Kick Retreat,Green,947039,8,A,953,Canada,39953,Matt,Oworu,2,7413
2203,5848.050446558,5863.5000203172085,Sion Parry (Canada),Kick Retreat,Green,947039,6,A,953,Canada,59972,Sion,Parry,2,7413
2204,5848.050446558,5863.5000203172085,Piers Von Dadelszen (Canada),Kick Retreat,Green,947039,4,A,953,Canada,58473,Piers,Von Dadelszen,2,7413
2205,5848.050446558,5863.5000203172085,Brenden Black (Canada),Kick Retreat,Green,947039,23,A,953,Canada,58774,Brenden,Black,2,7413
2206,5848.050446558,5863.5000203172085,Noah Flesch (Canada),Kick Retreat,Green,947039,22,A,953,Canada,62287,Noah,Flesch,2,7413
2207,5848.050446558,5863.5000203172085,Matt Heaton (Canada),Kick Retreat,Green,947039,20,A,953,Canada,25187,Matt,Heaton,2,7413
2208,5848.050446558,5863.5000203172085,Callum Botchar (Canada),Kick Retreat,Green,947039,19,A,953,Canada,59969,Callum,Botchar,2,7413
2209,5848.050446558,5863.5000203172085,Conor Young (Canada),Kick Retreat,Green,947039,18,A,953,Canada,29383,Conor,Young,2,7413
2210,5848.050446558,5863.5000203172085,Emerson Prior (Canada),Kick Retreat,Green,947039,17,A,953,Canada,43969,Emerson,Prior,2,7413
2211,5848.050446558,5863.5000203172085,Jesse MacKail (Canada),Kick Retreat,Green,947039,16,A,953,Canada,62231,Jesse,MacKail,2,7413
2212,5848.050446558,5863.5000203172085,Josiah Morra (Canada),Kick Retreat,Green,947039,14,A,953,Canada,27284,Josiah,Morra,2,7413
2213,5848.050446558,5863.5000203172085,Ben LeSage (Canada),Kick Retreat,Green,947039,13,A,953,Canada,25195,Ben,LeSage,2,7413
2214,5848.29446340682,5856.59999237198,Emerson Prior (Canada),Charge Down,Green,947039,17,A,953,Canada,43969,Emerson,Prior,2,7413
2215,5883.818207893,5897.799983572421,Sion Parry (Canada),Lineout Attack,Green,947039,6,A,953,Canada,59972,Sion,Parry,2,7450
2216,5883.818207893,5897.799983572421,Piers Von Dadelszen (Canada),Lineout Attack,Green,947039,4,A,953,Canada,58473,Piers,Von Dadelszen,2,7450
2217,5883.818207893,5897.799983572421,Callum Botchar (Canada),Lineout Attack,Green,947039,19,A,953,Canada,59969,Callum,Botchar,2,7450
2218,5883.818207893,5897.799983572421,Conor Young (Canada),Lineout Attack,Green,947039,18,A,953,Canada,29383,Conor,Young,2,7450
2219,5883.818207893,5897.799983572421,Emerson Prior (Canada),Lineout Attack,Green,947039,17,A,953,Canada,43969,Emerson,Prior,2,7450
2220,5883.818207893,5897.799983572421,Jesse MacKail (Canada),Lineout Attack,Green,947039,16,A,953,Canada,62231,Jesse,MacKail,2,7450
2221,5884.960045351474,5903.201011282978,Kenta Kobayashi (Japan),Lineout Defence,Green,947039,17,H,3000,Japan,34481,Kenta,Kobayashi,2,7450
2222,5884.960045351474,5903.201011282978,Keijiro Tamefusa (Japan),Lineout Defence,Green,947039,18,H,3000,Japan,61929,Keijiro,Tamefusa,2,7450
2223,5885.26194558,5903.201011282978,Waisake Raratubua (Japan),Lineout Defence,Green,947039,4,H,3000,Japan,30796,Waisake,Raratubua,2,7451
2224,5885.26194558,5903.201011282978,Warner Dearns (Japan),Lineout Defence,Green,947039,5,H,3000,Japan,40399,Warner,Dearns,2,7451
2225,5885.26194558,5903.201011282978,Tiennan Costley (Japan),Lineout Defence,Green,947039,19,H,3000,Japan,58972,Tiennan,Costley,2,7451
2226,5891.377249996344,5908.299315620976,Faulua Makisi (Japan),Tackle,Gold,947039,20,H,3000,Japan,23417,Faulua,Makisi,2,7457
2227,5892.698372792226,5905.399971419576,Noah Flesch (Canada),Carry,Green,947039,22,A,953,Canada,62287,Noah,Flesch,2,7458
2228,5894.298136172465,5905.200013143278,Matt Heaton (Canada),Ruck,Green,947039,20,A,953,Canada,25187,Matt,Heaton,2,7459
2229,5895.369437351,5900.369437351,Seungsin Lee (Japan),Tackle,Green,947039,10,H,3000,Japan,37841,Seungsin,Lee,2,7501
2230,5895.369437351,5900.369437351,Charlie Lawrence (Japan),Tackle,Green,947039,12,H,3000,Japan,32522,Charlie,Lawrence,2,7501
2231,5949.443348195,5966.800067035358,Piers Von Dadelszen (Canada),Lineout Defence,Green,947039,4,A,953,Canada,58473,Piers,Von Dadelszen,2,7559
2232,5949.443348195,5966.800067035358,Matt Heaton (Canada),Lineout Defence,Green,947039,20,A,953,Canada,25187,Matt,Heaton,2,7559
2233,5949.443348195,5966.800067035358,Callum Botchar (Canada),Lineout Defence,Green,947039,19,A,953,Canada,59969,Callum,Botchar,2,7559
2234,5949.443348195,5966.800067035358,Conor Young (Canada),Lineout Defence,Green,947039,18,A,953,Canada,29383,Conor,Young,2,7559
2235,5949.443348195,5966.800067035358,Emerson Prior (Canada),Lineout Defence,Green,947039,17,A,953,Canada,43969,Emerson,Prior,2,7559
2236,5952.298598294334,5968.700047168977,Sion Parry (Canada),Lineout Defence,Green,947039,6,A,953,Canada,59972,Sion,Parry,2,7559
2237,6095.587226342,6118.534922533,Waisake Raratubua (Japan),Lineout Defence,Yellow,947039,4,H,3000,Japan,30796,Waisake,Raratubua,2,7817
2238,6106.09768707483,6113.196733962308,Faulua Makisi (Japan),Lineout Defence,Green,947039,20,H,3000,Japan,23417,Faulua,Makisi,2,7819
2239,6109.407800453515,6114.407800453515,Ben Gunter (Japan),Lineout Defence,Green,947039,6,H,3000,Japan,26283,Ben,Gunter,2,7835
2240,6110.296689342404,6115.60366188,Kenta Kobayashi (Japan),Lineout Defence,Green,947039,17,H,3000,Japan,34481,Kenta,Kobayashi,2,7836
2241,6110.296689342404,6115.60366188,Keijiro Tamefusa (Japan),Lineout Defence,Green,947039,18,H,3000,Japan,61929,Keijiro,Tamefusa,2,7836
2242,6111.50383909,6116.50383909,Warner Dearns (Japan),Lineout Defence,Green,947039,5,H,3000,Japan,40399,Warner,Dearns,2,7836
2243,6200.098140247754,6216.600330534833,Sion Parry (Canada),Carry,Green,947039,6,A,953,Canada,59972,Sion,Parry,2,8006
2244,6200.598350730225,6214.899989689091,Matt Heaton (Canada),Ruck,Green,947039,20,A,953,Canada,25187,Matt,Heaton,2,8006
2245,6200.825270004,6205.825270004,Kenji Sato (Japan),Tackle,Green,947039,16,H,3000,Japan,61722,Kenji,Sato,2,8007
2246,6201.677569543655,6212.796944655338,Kippei Ishida (Japan),Jackler,Green,947039,14,H,3000,Japan,34036,Kippei,Ishida,2,8007
2247,6201.697974938894,6214.899989689091,Callum Botchar (Canada),Ruck,Green,947039,19,A,953,Canada,59969,Callum,Botchar,2,8007
2248,6201.898488863942,6214.899989689091,Conor Young (Canada),Ruck,Green,947039,18,A,953,Canada,29383,Conor,Young,2,8007
2249,6205.29871982656,6222.699967606652,Jesse MacKail (Canada),Carry,Green,947039,16,A,953,Canada,62231,Jesse,MacKail,2,8009
2250,6205.9980663692895,6221.699945615581,Piers Von Dadelszen (Canada),Ruck,Green,947039,4,A,953,Canada,58473,Piers,Von Dadelszen,2,8011
2251,6206.038791213,6211.038791213,Ben Gunter (Japan),Jackler,Green,947039,6,H,3000,Japan,26283,Ben,Gunter,2,8011
2252,6206.5810521339745,6213.0982075096645,Keijiro Tamefusa (Japan),Tackle,Green,947039,18,H,3000,Japan,61929,Keijiro,Tamefusa,2,8011
2253,6207.098285802607,6221.699945615581,Emerson Prior (Canada),Ruck,Green,947039,17,A,953,Canada,43969,Emerson,Prior,2,8011
2254,6210.472571034,6215.472571034,Tiennan Costley (Japan),Tackle,Green,947039,19,H,3000,Japan,58972,Tiennan,Costley,2,8016
2255,6212.597853857097,6234.600075643136,Noah Flesch (Canada),Carry,Yellow,947039,22,A,953,Canada,62287,Noah,Flesch,2,8019
2256,6215.296330189566,6238.799996301754,Peter Nelson (Canada),Ruck,Green,947039,10,A,953,Canada,19391,Peter,Nelson,2,8022
2257,6215.898535359502,6238.799996301754,Lucas Rumball (Canada),Ruck,Red,947039,7,A,953,Canada,25183,Lucas,Rumball,2,8022
2258,6216.897947873488,6238.799996301754,Emerson Prior (Canada),Ruck,Green,947039,17,A,953,Canada,43969,Emerson,Prior,2,8022
2259,6216.9978822048015,6238.799996301754,Ben LeSage (Canada),Ruck,Green,947039,13,A,953,Canada,25195,Ben,LeSage,2,8022
2260,6218.768483729,6223.768483729,Waisake Raratubua (Japan),Tackle,Yellow,947039,4,H,3000,Japan,30796,Waisake,Raratubua,2,8023
2261,6219.089749202668,6225.049188072,Ben Gunter (Japan),Jackler,Green,947039,6,H,3000,Japan,26283,Ben,Gunter,2,8023
2262,6221.310973654,6243.499936423339,Kenji Sato (Japan),Kick Retreat,Green,947039,16,H,3000,Japan,61722,Kenji,Sato,2,8028
2263,6221.310973654,6243.499936423339,Kenta Kobayashi (Japan),Kick Retreat,Green,947039,17,H,3000,Japan,34481,Kenta,Kobayashi,2,8028
2264,6221.310973654,6243.499936423339,Keijiro Tamefusa (Japan),Kick Retreat,Green,947039,18,H,3000,Japan,61929,Keijiro,Tamefusa,2,8028
2265,6221.310973654,6243.499936423339,Tiennan Costley (Japan),Kick Retreat,Green,947039,19,H,3000,Japan,58972,Tiennan,Costley,2,8028
2266,6221.310973654,6243.499936423339,Faulua Makisi (Japan),Kick Retreat,Green,947039,20,H,3000,Japan,23417,Faulua,Makisi,2,8028
2267,6221.543877295,6242.399904669069,Sion Parry (Canada),Kick Chase,Green,947039,6,A,953,Canada,59972,Sion,Parry,2,8028
2268,6221.543877295,6242.399904669069,Piers Von Dadelszen (Canada),Kick Chase,Green,947039,4,A,953,Canada,58473,Piers,Von Dadelszen,2,8028
2269,6221.543877295,6242.399904669069,Brenden Black (Canada),Kick Chase,Green,947039,23,A,953,Canada,58774,Brenden,Black,2,8028
2270,6221.543877295,6242.399904669069,Stephen Webb (Canada),Kick Chase,Green,947039,21,A,953,Canada,63964,Stephen,Webb,2,8028
2271,6221.543877295,6242.399904669069,Matt Heaton (Canada),Kick Chase,Green,947039,20,A,953,Canada,25187,Matt,Heaton,2,8028
2272,6221.543877295,6242.399904669069,Callum Botchar (Canada),Kick Chase,Green,947039,19,A,953,Canada,59969,Callum,Botchar,2,8028
2273,6221.543877295,6242.399904669069,Josiah Morra (Canada),Kick Chase,Green,947039,14,A,953,Canada,27284,Josiah,Morra,2,8028
2274,6221.543877295,6242.399904669069,Ben LeSage (Canada),Kick Chase,Green,947039,13,A,953,Canada,25195,Ben,LeSage,2,8028
2275,6222.428529343,6227.428529343,Charlie Lawrence (Japan),Charge Down,Green,947039,12,H,3000,Japan,32522,Charlie,Lawrence,2,8028
2276,6222.481768707483,6229.166757746,Warner Dearns (Japan),Kick Retreat,Yellow,947039,5,H,3000,Japan,40399,Warner,Dearns,2,8028
2277,6222.837845804988,6229.899126619652,Waisake Raratubua (Japan),Kick Retreat,Yellow,947039,4,H,3000,Japan,30796,Waisake,Raratubua,2,8028
2278,6224.160839702,6243.499936423339,Tomoki Osada (Japan),Kick Retreat,Green,947039,23,H,3000,Japan,31059,Tomoki,Osada,2,8030
2279,6225.308439363,6244.20043669208,Emerson Prior (Canada),Kick Chase,Yellow,947039,17,A,953,Canada,43969,Emerson,Prior,2,8030
2280,6225.308439363,6244.20043669208,Jesse MacKail (Canada),Kick Chase,Yellow,947039,16,A,953,Canada,62231,Jesse,MacKail,2,8030
2281,6225.510655604,6244.20043669208,Lucas Rumball (Canada),Kick Chase,Red,947039,7,A,953,Canada,25183,Lucas,Rumball,2,8030
2282,6227.9765759637185,6234.898592318998,Ben Gunter (Japan),Kick Retreat,Yellow,947039,6,H,3000,Japan,26283,Ben,Gunter,2,8031
2283,6228.698206690864,6244.20043669208,Conor Young (Canada),Kick Chase,Yellow,947039,18,A,953,Canada,29383,Conor,Young,2,8031
2284,6229.0727146,6243.499936423339,Charlie Lawrence (Japan),Kick Retreat,Green,947039,12,H,3000,Japan,32522,Charlie,Lawrence,2,8031
2285,6229.0727146,6243.499936423339,Kippei Ishida (Japan),Kick Retreat,Green,947039,14,H,3000,Japan,34036,Kippei,Ishida,2,8031
2286,6229.0727146,6243.499936423339,Kenta Fukuda (Japan),Kick Retreat,Green,947039,21,H,3000,Japan,36475,Kenta,Fukuda,2,8031
2287,6229.0727146,6243.499936423339,Yuya Hirose (Japan),Kick Retreat,Green,947039,22,H,3000,Japan,61922,Yuya,Hirose,2,8031
2288,6229.698417359245,6244.20043669208,Noah Flesch (Canada),Kick Chase,Yellow,947039,22,A,953,Canada,62287,Noah,Flesch,2,8036
2289,6231.9975095560685,6242.200263809502,Stephen Webb (Canada),Tackle,Green,947039,21,A,953,Canada,63964,Stephen,Webb,2,8035
2290,6413.290341285,6425.192496236,Kenta Kobayashi (Japan),Lineout Attack,Green,947039,17,H,3000,Japan,34481,Kenta,Kobayashi,2,8202
2291,6413.751482767,6425.192496236,Waisake Raratubua (Japan),Lineout Attack,Green,947039,4,H,3000,Japan,30796,Waisake,Raratubua,2,8204
2292,6413.751482767,6425.192496236,Warner Dearns (Japan),Lineout Attack,Green,947039,5,H,3000,Japan,40399,Warner,Dearns,2,8204
2293,6413.751482767,6425.192496236,Tiennan Costley (Japan),Lineout Attack,Green,947039,19,H,3000,Japan,58972,Tiennan,Costley,2,8204
2294,6413.775849635,6426.9999280647535,Sion Parry (Canada),Lineout Defence,Green,947039,6,A,953,Canada,59972,Sion,Parry,2,8204
2295,6413.775849635,6426.9999280647535,Piers Von Dadelszen (Canada),Lineout Defence,Green,947039,4,A,953,Canada,58473,Piers,Von Dadelszen,2,8204
2296,6413.775849635,6426.9999280647535,Callum Botchar (Canada),Lineout Defence,Green,947039,19,A,953,Canada,59969,Callum,Botchar,2,8204
2297,6413.775849635,6426.9999280647535,Conor Young (Canada),Lineout Defence,Green,947039,18,A,953,Canada,29383,Conor,Young,2,8204
2298,6413.775849635,6426.9999280647535,Emerson Prior (Canada),Lineout Defence,Green,947039,17,A,953,Canada,43969,Emerson,Prior,2,8204
2299,6414.292115285,6425.192496236,Faulua Makisi (Japan),Lineout Attack,Green,947039,20,H,3000,Japan,23417,Faulua,Makisi,2,8204
2300,6417.698430783,6425.192496236,Kenji Sato (Japan),Lineout Attack,Green,947039,16,H,3000,Japan,61722,Kenji,Sato,2,8209
2301,6417.698430783,6425.192496236,Keijiro Tamefusa (Japan),Lineout Attack,Green,947039,18,H,3000,Japan,61929,Keijiro,Tamefusa,2,8209
2302,6422.397782027973,6439.0998776240085,Josiah Morra (Canada),Tackle,Green,947039,14,A,953,Canada,27284,Josiah,Morra,2,8214
2303,6423.299807694824,6439.0998776240085,Noah Flesch (Canada),Tackle,Green,947039,22,A,953,Canada,62287,Noah,Flesch,2,8214
2304,6429.4986171678565,6445.000014834758,Lucas Rumball (Canada),Tackle,Green,947039,7,A,953,Canada,25183,Lucas,Rumball,2,8219
2305,6430.98010696831,6442.895466135,Ben Gunter (Japan),Ruck,Green,947039,6,H,3000,Japan,26283,Ben,Gunter,2,8221
2306,6435.297221409899,6448.6000362651575,Ben LeSage (Canada),Tackle,Green,947039,13,A,953,Canada,25195,Ben,LeSage,2,8226
2307,6436.098011576726,6448.6000362651575,Callum Botchar (Canada),Tackle,Green,947039,19,A,953,Canada,59969,Callum,Botchar,2,8226
2308,6437.895466135,6442.895466135,Keijiro Tamefusa (Japan),Ruck,Green,947039,18,H,3000,Japan,61929,Keijiro,Tamefusa,2,8228
2309,6438.246689342403,6443.246689342403,Faulua Makisi (Japan),Carry,Green,947039,20,H,3000,Japan,23417,Faulua,Makisi,2,8228
2310,6438.492108843538,6443.492108843538,Yuya Hirose (Japan),Ruck,Green,947039,22,H,3000,Japan,61922,Yuya,Hirose,2,8228
2311,6441.180338844,6446.908770945,Charlie Lawrence (Japan),Ruck,Green,947039,12,H,3000,Japan,32522,Charlie,Lawrence,2,8232
2312,6443.695648064162,6465.100056204686,Shane O'Leary (Canada),Tackle,Green,947039,15,A,953,Canada,21278,Shane,O'Leary,2,8235
2313,6444.812354468,6449.812354468,Charlie Lawrence (Japan),Carry,Green,947039,12,H,3000,Japan,32522,Charlie,Lawrence,2,8235
2314,6449.922993197279,6455.998623089319,Faulua Makisi (Japan),Ruck,Green,947039,20,H,3000,Japan,23417,Faulua,Makisi,2,8240
2315,6450.098442482523,6465.799965920791,Callum Botchar (Canada),Tackle,Red,947039,19,A,953,Canada,59969,Callum,Botchar,2,8240
2316,6450.266988714,6456.046813337,Kenta Kobayashi (Japan),Ruck,Green,947039,17,H,3000,Japan,34481,Kenta,Kobayashi,2,8240
2317,6450.998793401035,6465.799965920791,Emerson Prior (Canada),Tackle,Green,947039,17,A,953,Canada,43969,Emerson,Prior,2,8240
2318,6451.375917489976,6458.299805156999,Ben Gunter (Japan),Carry,Green,947039,6,H,3000,Japan,26283,Ben,Gunter,2,8243
2319,6452.477651073,6457.477651073,Kippei Ishida (Japan),Carry,Green,947039,14,H,3000,Japan,34036,Kippei,Ishida,2,8243
2320,6453.587080331,6460.496865571337,Warner Dearns (Japan),Ruck,Green,947039,5,H,3000,Japan,40399,Warner,Dearns,2,8244
2321,6453.790090702948,6458.790090702948,Kenta Kobayashi (Japan),Carry,Green,947039,17,H,3000,Japan,34481,Kenta,Kobayashi,2,8244
2322,6454.898056265169,6470.299957870399,Jesse MacKail (Canada),Tackle,Red,947039,16,A,953,Canada,62231,Jesse,MacKail,2,8245
2323,6456.097774514439,6470.299957870399,Matt Heaton (Canada),Tackle,Green,947039,20,A,953,Canada,25187,Matt,Heaton,2,8245
2324,6456.397722308466,6474.9999711226565,Lucas Rumball (Canada),Jackler,Red,947039,7,A,953,Canada,25183,Lucas,Rumball,2,8248
2325,6456.955553646,6461.955553646,Keijiro Tamefusa (Japan),Ruck,Green,947039,18,H,3000,Japan,61929,Keijiro,Tamefusa,2,8248
2326,6462.169362885,6467.169362885,Waisake Raratubua (Japan),Ruck,Red,947039,4,H,3000,Japan,30796,Waisake,Raratubua,2,8253
2327,6464.248203618,6470.956844795,Yuya Hirose (Japan),Ruck,Red,947039,22,H,3000,Japan,61922,Yuya,Hirose,2,8255
2328,6464.461383219955,6469.461383219955,Warner Dearns (Japan),Ruck,Red,947039,5,H,3000,Japan,40399,Warner,Dearns,2,8255
2329,6467.897945084841,6480.899994078029,Sion Parry (Canada),Tackle,Green,947039,6,A,953,Canada,59972,Sion,Parry,2,8259
2330,6468.3970581450385,6476.699832767925,Piers Von Dadelszen (Canada),Tackle,Green,947039,4,A,953,Canada,58473,Piers,Von Dadelszen,2,8259
2331,6470.598327082475,6482.299984342985,Brenden Black (Canada),Tackle,Yellow,947039,23,A,953,Canada,58774,Brenden,Black,2,8301
2332,6472.738167274,6477.738167274,Tiennan Costley (Japan),Ruck,Green,947039,19,H,3000,Japan,58972,Tiennan,Costley,2,8303
2333,6475.249210034,6480.249210034,Tomoki Osada (Japan),Ruck,Yellow,947039,23,H,3000,Japan,31059,Tomoki,Osada,2,8306
