ID,start_timestamp,end_timestamp,PlayerName (Team),next_action_type,next_action_result,FXID,ShirtNumber,HomeAway,FxTID,TeamName,PlayerID,PlayerFirstName,PlayerLastName,Period,MatchTime
1,13.837644178,18.837644178,Ethan Hooker (South Africa),Tackle,Green,949166,14,H,900,South Africa,44326,Ethan,Hooker,1,13
2,16.591555649,21.591555649,Malcolm Marx (South Africa),Jackler,Green,949166,2,H,900,South Africa,21467,Malcolm,Marx,1,15
3,17.280588221,24.367130187,Jack Cornelsen (Japan),Ruck,Green,949166,4,A,3000,Japan,23697,Jack,Cornelsen,1,15
4,19.882230123,24.882230123,Kenta Kobayashi (Japan),Ruck,Green,949166,1,A,3000,Japan,34481,Kenta,Kobayashi,1,19
5,19.882230123,24.882230123,Kenji Sato (Japan),Ruck,Green,949166,2,A,3000,Japan,61722,Kenji,Sato,1,19
6,19.882230123,26.584250962,Michael Leitch (Japan),Carry,Green,949166,8,A,3000,Japan,11306,Michael,Leitch,1,19
7,27.439183673469387,45.096903796,Kenta Kobayashi (Japan),Kick Chase,Green,949166,1,A,3000,Japan,34481,Kenta,Kobayashi,1,25
8,27.439183673469387,45.096903796,Kenji Sato (Japan),Kick Chase,Green,949166,2,A,3000,Japan,61722,Kenji,Sato,1,25
9,27.439183673469387,45.096903796,Shuhei Takeuchi (Japan),Kick Chase,Green,949166,3,A,3000,Japan,37874,Shuhei,Takeuchi,1,25
10,27.439183673469387,45.096903796,Jack Cornelsen (Japan),Kick Chase,Green,949166,4,A,3000,Japan,23697,Jack,Cornelsen,1,25
11,27.439183673469387,45.096903796,Warner Dearns (Japan),Kick Chase,Green,949166,5,A,3000,Japan,40399,Warner,Dearns,1,25
12,27.439183673469387,45.096903796,Ben Gunter (Japan),Kick Chase,Green,949166,6,A,3000,Japan,26283,Ben,Gunter,1,25
13,27.439183673469387,45.096903796,Kanji Shimokawa (Japan),Kick Chase,Green,949166,7,A,3000,Japan,30962,Kanji,Shimokawa,1,25
14,27.439183673469387,45.096903796,Tomoki Osada (Japan),Kick Chase,Green,949166,11,A,3000,Japan,31059,Tomoki,Osada,1,25
15,27.439183673469387,45.096903796,Charlie Lawrence (Japan),Kick Chase,Green,949166,12,A,3000,Japan,32522,Charlie,Lawrence,1,25
16,27.439183673469387,45.096903796,Dylan Riley (Japan),Kick Chase,Green,949166,13,A,3000,Japan,27652,Dylan,Riley,1,25
17,27.439183673469387,45.096903796,Kippei Ishida (Japan),Kick Chase,Green,949166,14,A,3000,Japan,34036,Kippei,Ishida,1,25
18,27.439183673469387,45.096903796,Michael Leitch (Japan),Kick Chase,Green,949166,8,A,3000,Japan,11306,Michael,Leitch,1,25
19,27.550894588,38.699021192,Cobus Reinach (South Africa),Charge Down,Green,949166,9,H,900,South Africa,19122,Cobus,Reinach,1,25
20,28.985876183,45.187904714,Ox Nche (South Africa),Kick Retreat,Yellow,949166,1,H,900,South Africa,23371,Ox,Nche,1,25
21,28.985876183,45.187904714,Malcolm Marx (South Africa),Kick Retreat,Green,949166,2,H,900,South Africa,21467,Malcolm,Marx,1,25
22,28.985876183,45.187904714,Zachary Porthen (South Africa),Kick Retreat,Green,949166,3,H,900,South Africa,57088,Zachary,Porthen,1,25
23,28.985876183,45.187904714,RG Snyman (South Africa),Kick Retreat,Green,949166,4,H,900,South Africa,22730,RG,Snyman,1,25
24,28.985876183,45.187904714,Lood de Jager (South Africa),Kick Retreat,Green,949166,5,H,900,South Africa,20524,Lood,de Jager,1,25
25,28.985876183,45.187904714,Siya Kolisi (South Africa),Kick Retreat,Green,949166,6,H,900,South Africa,17107,Siya,Kolisi,1,25
26,28.985876183,45.187904714,Franco Mostert (South Africa),Kick Retreat,Green,949166,7,H,900,South Africa,20097,Franco,Mostert,1,25
27,28.985876183,45.187904714,Jasper Wiese (South Africa),Kick Retreat,Green,949166,8,H,900,South Africa,24874,Jasper,Wiese,1,25
28,28.985876183,45.187904714,Cobus Reinach (South Africa),Kick Retreat,Green,949166,9,H,900,South Africa,19122,Cobus,Reinach,1,25
29,28.985876183,45.187904714,Kurt-Lee Arendse (South Africa),Kick Retreat,Green,949166,11,H,900,South Africa,34084,Kurt-Lee,Arendse,1,25
30,28.985876183,45.187904714,Damian de Allende (South Africa),Kick Retreat,Green,949166,12,H,900,South Africa,20037,Damian,de Allende,1,25
31,28.985876183,45.187904714,Jesse Kriel (South Africa),Kick Retreat,Green,949166,13,H,900,South Africa,20669,Jesse,Kriel,1,25
32,28.985876183,45.187904714,Ethan Hooker (South Africa),Kick Retreat,Green,949166,14,H,900,South Africa,44326,Ethan,Hooker,1,25
33,30.651463925,35.651463925,Warner Dearns (Japan),Ruck,Green,949166,5,A,3000,Japan,40399,Warner,Dearns,1,30
34,30.651463925,35.651463925,Ben Gunter (Japan),Ruck,Green,949166,6,A,3000,Japan,26283,Ben,Gunter,1,30
35,32.281365194,37.281365194,Zachary Porthen (South Africa),Jackler,Green,949166,3,H,900,South Africa,57088,Zachary,Porthen,1,31
36,33.069160997732425,38.069160997732425,Shuhei Takeuchi (Japan),Carry,Green,949166,3,A,3000,Japan,37874,Shuhei,Takeuchi,1,32
37,33.289648509,38.289648509,Kanji Shimokawa (Japan),Ruck,Green,949166,7,A,3000,Japan,30962,Kanji,Shimokawa,1,32
38,34.49275915,39.49275915,Lood de Jager (South Africa),Tackle,Green,949166,5,H,900,South Africa,20524,Lood,de Jager,1,32
39,36.76390022675737,46.680387546,Michael Leitch (Japan),Tackle,Green,949166,8,A,3000,Japan,11306,Michael,Leitch,1,36
40,38.874473833,48.213071123,Jack Cornelsen (Japan),Tackle,Red,949166,4,A,3000,Japan,23697,Jack,Cornelsen,1,38
41,42.208903475,47.208903475,Malcolm Marx (South Africa),Ruck,Green,949166,2,H,900,South Africa,21467,Malcolm,Marx,1,41
42,43.135936229,48.135936229,Zachary Porthen (South Africa),Ruck,Green,949166,3,H,900,South Africa,57088,Zachary,Porthen,1,41
43,43.771585061,48.771585061,Sacha Feinberg-Mngomezulu (South Africa),Carry,Green,949166,10,H,900,South Africa,39074,Sacha,Feinberg-Mngomezulu,1,41
44,43.787381083,48.787381083,Franco Mostert (South Africa),Ruck,Green,949166,7,H,900,South Africa,20097,Franco,Mostert,1,41
45,44.682194662,53.162861474,Ox Nche (South Africa),Kick Chase,Yellow,949166,1,H,900,South Africa,23371,Ox,Nche,1,44
46,44.682194662,53.162861474,Malcolm Marx (South Africa),Kick Chase,Green,949166,2,H,900,South Africa,21467,Malcolm,Marx,1,44
47,44.682194662,53.162861474,Zachary Porthen (South Africa),Kick Chase,Green,949166,3,H,900,South Africa,57088,Zachary,Porthen,1,44
48,44.682194662,53.162861474,RG Snyman (South Africa),Kick Chase,Green,949166,4,H,900,South Africa,22730,RG,Snyman,1,44
49,44.682194662,53.162861474,Lood de Jager (South Africa),Kick Chase,Green,949166,5,H,900,South Africa,20524,Lood,de Jager,1,44
50,44.682194662,53.162861474,Siya Kolisi (South Africa),Kick Chase,Green,949166,6,H,900,South Africa,17107,Siya,Kolisi,1,44
51,44.682194662,53.162861474,Franco Mostert (South Africa),Kick Chase,Green,949166,7,H,900,South Africa,20097,Franco,Mostert,1,44
52,44.682194662,53.162861474,Jasper Wiese (South Africa),Kick Chase,Green,949166,8,H,900,South Africa,24874,Jasper,Wiese,1,44
53,44.682194662,53.162861474,Cobus Reinach (South Africa),Kick Chase,Green,949166,9,H,900,South Africa,19122,Cobus,Reinach,1,44
54,44.682194662,53.162861474,Kurt-Lee Arendse (South Africa),Kick Chase,Green,949166,11,H,900,South Africa,34084,Kurt-Lee,Arendse,1,44
55,44.682194662,53.162861474,Damian de Allende (South Africa),Kick Chase,Green,949166,12,H,900,South Africa,20037,Damian,de Allende,1,44
56,44.682194662,53.162861474,Jesse Kriel (South Africa),Kick Chase,Green,949166,13,H,900,South Africa,20669,Jesse,Kriel,1,44
57,118.123457101,151.00101921799984,Kenta Kobayashi (Japan),Lineout Defence,Green,949166,1,A,3000,Japan,34481,Kenta,Kobayashi,1,158
58,118.123457101,151.00101921799984,Shuhei Takeuchi (Japan),Lineout Defence,Green,949166,3,A,3000,Japan,37874,Shuhei,Takeuchi,1,158
59,118.123457101,151.00101921799984,Jack Cornelsen (Japan),Lineout Defence,Green,949166,4,A,3000,Japan,23697,Jack,Cornelsen,1,158
60,118.123457101,151.00101921799984,Warner Dearns (Japan),Lineout Defence,Green,949166,5,A,3000,Japan,40399,Warner,Dearns,1,158
61,118.123457101,151.00101921799984,Kanji Shimokawa (Japan),Lineout Defence,Green,949166,7,A,3000,Japan,30962,Kanji,Shimokawa,1,158
62,118.123457101,151.00101921799984,Michael Leitch (Japan),Lineout Defence,Green,949166,8,A,3000,Japan,11306,Michael,Leitch,1,158
63,119.7958449,145.259575349,Ox Nche (South Africa),Lineout Attack,Green,949166,1,H,900,South Africa,23371,Ox,Nche,1,158
64,119.7958449,145.259575349,Malcolm Marx (South Africa),Lineout Attack,Green,949166,2,H,900,South Africa,21467,Malcolm,Marx,1,158
65,119.7958449,145.259575349,Zachary Porthen (South Africa),Lineout Attack,Green,949166,3,H,900,South Africa,57088,Zachary,Porthen,1,158
66,119.7958449,145.259575349,RG Snyman (South Africa),Lineout Attack,Green,949166,4,H,900,South Africa,22730,RG,Snyman,1,158
67,119.7958449,145.259575349,Lood de Jager (South Africa),Lineout Attack,Green,949166,5,H,900,South Africa,20524,Lood,de Jager,1,158
68,119.7958449,145.259575349,Franco Mostert (South Africa),Lineout Attack,Green,949166,7,H,900,South Africa,20097,Franco,Mostert,1,158
69,119.7958449,145.259575349,Jasper Wiese (South Africa),Lineout Attack,Green,949166,8,H,900,South Africa,24874,Jasper,Wiese,1,158
70,122.54029347,145.259575349,Siya Kolisi (South Africa),Lineout Attack,Green,949166,6,H,900,South Africa,17107,Siya,Kolisi,1,158
71,143.419410430839,148.419410430839,Kenji Sato (Japan),Tackle,Green,949166,2,A,3000,Japan,61722,Kenji,Sato,1,222
72,143.625022217,148.625022217,Ox Nche (South Africa),Ruck,Green,949166,1,H,900,South Africa,23371,Ox,Nche,1,222
73,144.238310096,149.238310096,Damian de Allende (South Africa),Ruck,Green,949166,12,H,900,South Africa,20037,Damian,de Allende,1,222
74,144.335202677,149.335202677,Jack Cornelsen (Japan),Tackle,Green,949166,4,A,3000,Japan,23697,Jack,Cornelsen,1,223
75,145.232578647,150.232578647,Malcolm Marx (South Africa),Carry,Green,949166,2,H,900,South Africa,21467,Malcolm,Marx,1,224
76,145.367785654,150.367785654,Kanji Shimokawa (Japan),Tackle,Green,949166,7,A,3000,Japan,30962,Kanji,Shimokawa,1,224
77,145.3850566893424,150.3850566893424,Michael Leitch (Japan),Tackle,Green,949166,8,A,3000,Japan,11306,Michael,Leitch,1,224
78,146.828571795,151.828571795,Ben Gunter (Japan),Tackle,Green,949166,6,A,3000,Japan,26283,Ben,Gunter,1,225
79,147.738674331,152.738674331,Zachary Porthen (South Africa),Ruck,Green,949166,3,H,900,South Africa,57088,Zachary,Porthen,1,225
80,148.21910194,153.21910194,Siya Kolisi (South Africa),Ruck,Green,949166,6,H,900,South Africa,17107,Siya,Kolisi,1,228
81,149.279475989,156.086804654,Shuhei Takeuchi (Japan),Tackle,Green,949166,3,A,3000,Japan,37874,Shuhei,Takeuchi,1,228
82,149.508337497,154.508337497,Lood de Jager (South Africa),Ruck,Green,949166,5,H,900,South Africa,20524,Lood,de Jager,1,228
83,149.508337497,154.508337497,Franco Mostert (South Africa),Carry,Green,949166,7,H,900,South Africa,20097,Franco,Mostert,1,228
84,152.610262522,158.61632269,Kenta Kobayashi (Japan),Tackle,Green,949166,1,A,3000,Japan,34481,Kenta,Kobayashi,1,232
85,153.799085011,158.799085011,RG Snyman (South Africa),Ruck,Green,949166,4,H,900,South Africa,22730,RG,Snyman,1,231
86,154.45843537414967,159.45843537414967,Warner Dearns (Japan),Phase Defence,Red,949166,5,A,3000,Japan,40399,Warner,Dearns,1,233
87,154.807948106,162.273650282,Warner Dearns (Japan),Tackle,Yellow,949166,5,A,3000,Japan,40399,Warner,Dearns,1,233
88,154.9790392,159.9790392,Ox Nche (South Africa),Ruck,Red,949166,1,H,900,South Africa,23371,Ox,Nche,1,233
89,155.981467863,160.981467863,Jasper Wiese (South Africa),Carry,Red,949166,8,H,900,South Africa,24874,Jasper,Wiese,1,234
90,156.197387638,162.277610362,Ben Gunter (Japan),Tackle,Green,949166,6,A,3000,Japan,26283,Ben,Gunter,1,234
91,156.36249433106576,161.36249433106576,Kanji Shimokawa (Japan),Tackle,Green,949166,7,A,3000,Japan,30962,Kanji,Shimokawa,1,235
92,157.277610362,164.39854946465454,Michael Leitch (Japan),Tackle,Green,949166,8,A,3000,Japan,11306,Michael,Leitch,1,235
93,157.723632109,162.723632109,Siya Kolisi (South Africa),Ruck,Green,949166,6,H,900,South Africa,17107,Siya,Kolisi,1,236
94,158.859266099,163.859266099,Zachary Porthen (South Africa),Ruck,Green,949166,3,H,900,South Africa,57088,Zachary,Porthen,1,237
95,159.105756939,164.164975146,Malcolm Marx (South Africa),Ruck,Green,949166,2,H,900,South Africa,21467,Malcolm,Marx,1,238
96,160.520645057,165.520645057,Damian de Allende (South Africa),Carry,Red,949166,12,H,900,South Africa,20037,Damian,de Allende,1,239
97,161.442358276644,166.442358276644,Kenji Sato (Japan),Tackle,Green,949166,2,A,3000,Japan,61722,Kenji,Sato,1,239
98,162.766291931,167.766291931,Ox Nche (South Africa),Ruck,Red,949166,1,H,900,South Africa,23371,Ox,Nche,1,242
99,298.964888599,303.964888599,Dylan Riley (Japan),Kick Chase,Gold,949166,13,A,3000,Japan,27652,Dylan,Riley,1,458
100,306.33177435,311.33177435,Lood de Jager (South Africa),Tackle,Green,949166,5,H,900,South Africa,20524,Lood,de Jager,1,505
101,308.80965986394557,313.80965986394557,Lood de Jager (South Africa),Phase Defence,Red,949166,5,H,900,South Africa,20524,Lood,de Jager,1,507
102,308.936473274,313.936473274,Zachary Porthen (South Africa),Phase Defence,Red,949166,3,H,900,South Africa,57088,Zachary,Porthen,1,507
103,308.936473274,313.936473274,Jasper Wiese (South Africa),Phase Defence,Red,949166,8,H,900,South Africa,24874,Jasper,Wiese,1,507
104,308.974998064,313.974998064,Yoshitaka Yazaki (Japan),Carry,Green,949166,15,A,3000,Japan,59862,Yoshitaka,Yazaki,1,507
105,311.539397432,316.539397432,Cobus Reinach (South Africa),Tackle,Green,949166,9,H,900,South Africa,19122,Cobus,Reinach,1,511
106,312.0193275,317.0193275,Jack Cornelsen (Japan),Ruck,Green,949166,4,A,3000,Japan,23697,Jack,Cornelsen,1,511
107,312.0193275,317.0193275,Ben Gunter (Japan),Carry,Green,949166,6,A,3000,Japan,26283,Ben,Gunter,1,511
108,318.5964172335601,323.5964172335601,Kippei Ishida (Japan),Ruck,Green,949166,14,A,3000,Japan,34036,Kippei,Ishida,1,517
109,319.092249816,324.092249816,Kenta Kobayashi (Japan),Ruck,Green,949166,1,A,3000,Japan,34481,Kenta,Kobayashi,1,518
110,321.022275376,326.022275376,Jesse Kriel (South Africa),Tackle,Green,949166,13,H,900,South Africa,20669,Jesse,Kriel,1,520
111,321.515629048,326.515629048,Malcolm Marx (South Africa),Jackler,Green,949166,2,H,900,South Africa,21467,Malcolm,Marx,1,520
112,321.690217074,326.690217074,Kenji Sato (Japan),Carry,Green,949166,2,A,3000,Japan,61722,Kenji,Sato,1,520
113,323.085283446712,328.085283446712,Seungsin Lee (Japan),Turnover Defence,Red,949166,10,A,3000,Japan,37841,Seungsin,Lee,1,521
114,323.165873015873,342.30078396000624,Kenta Kobayashi (Japan),Kick Retreat,Green,949166,1,A,3000,Japan,34481,Kenta,Kobayashi,1,521
115,323.165873015873,342.30078396000624,Kenji Sato (Japan),Kick Retreat,Green,949166,2,A,3000,Japan,61722,Kenji,Sato,1,521
116,323.165873015873,342.30078396000624,Shuhei Takeuchi (Japan),Kick Retreat,Green,949166,3,A,3000,Japan,37874,Shuhei,Takeuchi,1,521
117,323.165873015873,342.30078396000624,Jack Cornelsen (Japan),Kick Retreat,Green,949166,4,A,3000,Japan,23697,Jack,Cornelsen,1,521
118,323.165873015873,342.30078396000624,Warner Dearns (Japan),Kick Retreat,Green,949166,5,A,3000,Japan,40399,Warner,Dearns,1,521
119,323.165873015873,342.30078396000624,Ben Gunter (Japan),Kick Retreat,Green,949166,6,A,3000,Japan,26283,Ben,Gunter,1,521
120,323.165873015873,342.30078396000624,Kanji Shimokawa (Japan),Kick Retreat,Green,949166,7,A,3000,Japan,30962,Kanji,Shimokawa,1,521
121,323.165873015873,342.30078396000624,Charlie Lawrence (Japan),Kick Retreat,Green,949166,12,A,3000,Japan,32522,Charlie,Lawrence,1,521
122,323.165873015873,342.30078396000624,Dylan Riley (Japan),Kick Retreat,Green,949166,13,A,3000,Japan,27652,Dylan,Riley,1,521
123,323.165873015873,342.30078396000624,Kippei Ishida (Japan),Kick Retreat,Green,949166,14,A,3000,Japan,34036,Kippei,Ishida,1,521
124,323.165873015873,342.30078396000624,Michael Leitch (Japan),Kick Retreat,Green,949166,8,A,3000,Japan,11306,Michael,Leitch,1,521
125,323.754755382,328.754755382,Jasper Wiese (South Africa),Tackle,Red,949166,8,H,900,South Africa,24874,Jasper,Wiese,1,522
126,323.9272335600907,328.9272335600907,Charlie Lawrence (Japan),Turnover Defence,Red,949166,12,A,3000,Japan,32522,Charlie,Lawrence,1,522
127,324.8479818594104,345.019695965,Cobus Reinach (South Africa),Kick Chase,Green,949166,9,H,900,South Africa,19122,Cobus,Reinach,1,522
128,324.8479818594104,345.019695965,Damian de Allende (South Africa),Kick Chase,Green,949166,12,H,900,South Africa,20037,Damian,de Allende,1,522
129,324.8479818594104,345.019695965,Jesse Kriel (South Africa),Kick Chase,Green,949166,13,H,900,South Africa,20669,Jesse,Kriel,1,522
130,326.2549433106576,331.2549433106576,Franco Mostert (South Africa),Ruck,Green,949166,7,H,900,South Africa,20097,Franco,Mostert,1,524
131,326.907983974,345.019695965,Ox Nche (South Africa),Kick Chase,Green,949166,1,H,900,South Africa,23371,Ox,Nche,1,524
132,326.907983974,345.019695965,Malcolm Marx (South Africa),Kick Chase,Green,949166,2,H,900,South Africa,21467,Malcolm,Marx,1,524
133,326.907983974,345.019695965,Zachary Porthen (South Africa),Kick Chase,Green,949166,3,H,900,South Africa,57088,Zachary,Porthen,1,524
134,326.907983974,345.019695965,RG Snyman (South Africa),Kick Chase,Green,949166,4,H,900,South Africa,22730,RG,Snyman,1,524
135,326.907983974,345.019695965,Lood de Jager (South Africa),Kick Chase,Green,949166,5,H,900,South Africa,20524,Lood,de Jager,1,524
136,326.907983974,345.019695965,Siya Kolisi (South Africa),Kick Chase,Green,949166,6,H,900,South Africa,17107,Siya,Kolisi,1,524
137,326.907983974,345.019695965,Franco Mostert (South Africa),Kick Chase,Green,949166,7,H,900,South Africa,20097,Franco,Mostert,1,524
138,326.907983974,345.019695965,Jasper Wiese (South Africa),Kick Chase,Green,949166,8,H,900,South Africa,24874,Jasper,Wiese,1,524
139,327.069130438,332.069130438,Lood de Jager (South Africa),Ruck,Red,949166,5,H,900,South Africa,20524,Lood,de Jager,1,524
140,327.170685983,332.170685983,Malcolm Marx (South Africa),Ruck,Red,949166,2,H,900,South Africa,21467,Malcolm,Marx,1,524
141,327.267321195,332.267321195,Zachary Porthen (South Africa),Ruck,Green,949166,3,H,900,South Africa,57088,Zachary,Porthen,1,524
142,327.55972789115646,335.2986459499962,Seungsin Lee (Japan),Kick Retreat,Green,949166,10,A,3000,Japan,37841,Seungsin,Lee,1,524
143,328.057078417,345.019695965,Ethan Hooker (South Africa),Kick Chase,Green,949166,14,H,900,South Africa,44326,Ethan,Hooker,1,524
144,328.138714016,345.019695965,Sacha Feinberg-Mngomezulu (South Africa),Kick Chase,Green,949166,10,H,900,South Africa,39074,Sacha,Feinberg-Mngomezulu,1,524
145,371.50156462585034,384.99968253968257,Kenta Kobayashi (Japan),Lineout Defence,Green,949166,1,A,3000,Japan,34481,Kenta,Kobayashi,1,611
146,371.50156462585034,384.99968253968257,Shuhei Takeuchi (Japan),Lineout Defence,Green,949166,3,A,3000,Japan,37874,Shuhei,Takeuchi,1,611
147,371.50156462585034,384.99968253968257,Jack Cornelsen (Japan),Lineout Defence,Green,949166,4,A,3000,Japan,23697,Jack,Cornelsen,1,611
148,371.50156462585034,384.99968253968257,Warner Dearns (Japan),Lineout Defence,Green,949166,5,A,3000,Japan,40399,Warner,Dearns,1,611
149,372.4948526077098,386.60269925,Malcolm Marx (South Africa),Lineout Attack,Green,949166,2,H,900,South Africa,21467,Malcolm,Marx,1,611
150,372.4948526077098,386.60269925,RG Snyman (South Africa),Lineout Attack,Green,949166,4,H,900,South Africa,22730,RG,Snyman,1,611
151,372.4948526077098,386.60269925,Lood de Jager (South Africa),Lineout Attack,Green,949166,5,H,900,South Africa,20524,Lood,de Jager,1,611
152,372.4948526077098,386.60269925,Franco Mostert (South Africa),Lineout Attack,Green,949166,7,H,900,South Africa,20097,Franco,Mostert,1,611
153,372.4948526077098,386.60269925,Jasper Wiese (South Africa),Lineout Attack,Green,949166,8,H,900,South Africa,24874,Jasper,Wiese,1,611
154,380.5218820861678,385.5218820861678,Kenji Sato (Japan),Tackle,Green,949166,2,A,3000,Japan,61722,Kenji,Sato,1,619
155,381.405377945,389.6978668323308,Shuhei Takeuchi (Japan),Tackle,Green,949166,3,A,3000,Japan,37874,Shuhei,Takeuchi,1,619
156,382.4488662131519,405.78956916099776,Seungsin Lee (Japan),Kick Retreat,Green,949166,10,A,3000,Japan,37841,Seungsin,Lee,1,619
157,384.936064957,389.936064957,Ben Gunter (Japan),Tackle,Green,949166,6,A,3000,Japan,26283,Ben,Gunter,1,624
158,385.4012471655329,405.78956916099776,Kenta Kobayashi (Japan),Kick Retreat,Green,949166,1,A,3000,Japan,34481,Kenta,Kobayashi,1,624
159,385.4012471655329,405.78956916099776,Kenji Sato (Japan),Kick Retreat,Green,949166,2,A,3000,Japan,61722,Kenji,Sato,1,624
160,385.4012471655329,405.78956916099776,Shuhei Takeuchi (Japan),Kick Retreat,Green,949166,3,A,3000,Japan,37874,Shuhei,Takeuchi,1,624
161,385.4012471655329,405.78956916099776,Jack Cornelsen (Japan),Kick Retreat,Green,949166,4,A,3000,Japan,23697,Jack,Cornelsen,1,624
162,385.4012471655329,405.78956916099776,Warner Dearns (Japan),Kick Retreat,Green,949166,5,A,3000,Japan,40399,Warner,Dearns,1,624
163,385.4012471655329,405.78956916099776,Ben Gunter (Japan),Kick Retreat,Green,949166,6,A,3000,Japan,26283,Ben,Gunter,1,624
164,385.4012471655329,405.78956916099776,Kanji Shimokawa (Japan),Kick Retreat,Green,949166,7,A,3000,Japan,30962,Kanji,Shimokawa,1,624
165,385.910686379,405.78956916099776,Tomoki Osada (Japan),Kick Retreat,Green,949166,11,A,3000,Japan,31059,Tomoki,Osada,1,624
166,385.910686379,405.78956916099776,Charlie Lawrence (Japan),Kick Retreat,Green,949166,12,A,3000,Japan,32522,Charlie,Lawrence,1,624
167,385.910686379,405.78956916099776,Dylan Riley (Japan),Kick Retreat,Green,949166,13,A,3000,Japan,27652,Dylan,Riley,1,624
168,385.910686379,405.78956916099776,Kippei Ishida (Japan),Kick Retreat,Green,949166,14,A,3000,Japan,34036,Kippei,Ishida,1,624
169,386.421467941,391.421467941,Warner Dearns (Japan),Charge Down,Green,949166,5,A,3000,Japan,40399,Warner,Dearns,1,624
170,386.696602864,403.205526924,Ox Nche (South Africa),Kick Chase,Green,949166,1,H,900,South Africa,23371,Ox,Nche,1,624
171,386.696602864,403.205526924,Malcolm Marx (South Africa),Kick Chase,Green,949166,2,H,900,South Africa,21467,Malcolm,Marx,1,624
172,386.696602864,403.205526924,Zachary Porthen (South Africa),Kick Chase,Green,949166,3,H,900,South Africa,57088,Zachary,Porthen,1,624
173,386.696602864,403.205526924,RG Snyman (South Africa),Kick Chase,Green,949166,4,H,900,South Africa,22730,RG,Snyman,1,624
174,386.696602864,403.205526924,Lood de Jager (South Africa),Kick Chase,Green,949166,5,H,900,South Africa,20524,Lood,de Jager,1,624
175,386.696602864,403.205526924,Siya Kolisi (South Africa),Kick Chase,Green,949166,6,H,900,South Africa,17107,Siya,Kolisi,1,624
176,386.696602864,403.205526924,Franco Mostert (South Africa),Kick Chase,Green,949166,7,H,900,South Africa,20097,Franco,Mostert,1,624
177,386.696602864,403.205526924,Jasper Wiese (South Africa),Kick Chase,Green,949166,8,H,900,South Africa,24874,Jasper,Wiese,1,624
178,386.696602864,403.205526924,Cobus Reinach (South Africa),Kick Chase,Green,949166,9,H,900,South Africa,19122,Cobus,Reinach,1,624
179,386.696602864,403.205526924,Kurt-Lee Arendse (South Africa),Kick Chase,Green,949166,11,H,900,South Africa,34084,Kurt-Lee,Arendse,1,624
180,386.696602864,403.205526924,Damian de Allende (South Africa),Kick Chase,Green,949166,12,H,900,South Africa,20037,Damian,de Allende,1,624
181,386.696602864,403.205526924,Jesse Kriel (South Africa),Kick Chase,Green,949166,13,H,900,South Africa,20669,Jesse,Kriel,1,624
182,386.696602864,403.205526924,Ethan Hooker (South Africa),Kick Chase,Green,949166,14,H,900,South Africa,44326,Ethan,Hooker,1,624
183,387.6982336059915,405.78956916099776,Shinobu Fujiwara (Japan),Kick Retreat,Green,949166,9,A,3000,Japan,30969,Shinobu,Fujiwara,1,624
184,388.495114836,393.495114836,Franco Mostert (South Africa),Ruck,Green,949166,7,H,900,South Africa,20097,Franco,Mostert,1,628
185,388.567103757,393.567103757,Jasper Wiese (South Africa),Ruck,Green,949166,8,H,900,South Africa,24874,Jasper,Wiese,1,628
186,389.13666666666666,401.3975374343336,Kenji Sato (Japan),Turnover Attack,Gold,949166,2,A,3000,Japan,61722,Kenji,Sato,1,628
187,389.302479325,394.302479325,Ox Nche (South Africa),Ruck,Green,949166,1,H,900,South Africa,23371,Ox,Nche,1,628
188,389.302479325,394.302479325,Zachary Porthen (South Africa),Ruck,Green,949166,3,H,900,South Africa,57088,Zachary,Porthen,1,628
189,390.735913246,395.735913246,Siya Kolisi (South Africa),Carry,Green,949166,6,H,900,South Africa,17107,Siya,Kolisi,1,629
190,454.244178789,469.78898629,Ox Nche (South Africa),Scrum Defence,Green,949166,1,H,900,South Africa,23371,Ox,Nche,1,731
191,454.244178789,469.78898629,Malcolm Marx (South Africa),Scrum Defence,Green,949166,2,H,900,South Africa,21467,Malcolm,Marx,1,731
192,454.244178789,469.78898629,Zachary Porthen (South Africa),Scrum Defence,Green,949166,3,H,900,South Africa,57088,Zachary,Porthen,1,731
193,454.244178789,469.78898629,RG Snyman (South Africa),Scrum Defence,Green,949166,4,H,900,South Africa,22730,RG,Snyman,1,731
194,454.244178789,469.78898629,Lood de Jager (South Africa),Scrum Defence,Green,949166,5,H,900,South Africa,20524,Lood,de Jager,1,731
195,454.244178789,469.78898629,Siya Kolisi (South Africa),Scrum Defence,Green,949166,6,H,900,South Africa,17107,Siya,Kolisi,1,731
196,454.244178789,469.78898629,Franco Mostert (South Africa),Scrum Defence,Green,949166,7,H,900,South Africa,20097,Franco,Mostert,1,731
197,454.244178789,469.78898629,Jasper Wiese (South Africa),Scrum Defence,Green,949166,8,H,900,South Africa,24874,Jasper,Wiese,1,731
198,454.4691836734694,471.59390022675734,Kenta Kobayashi (Japan),Scrum Attack,Green,949166,1,A,3000,Japan,34481,Kenta,Kobayashi,1,731
199,454.4691836734694,471.59390022675734,Kenji Sato (Japan),Scrum Attack,Green,949166,2,A,3000,Japan,61722,Kenji,Sato,1,731
200,454.4691836734694,471.59390022675734,Shuhei Takeuchi (Japan),Scrum Attack,Green,949166,3,A,3000,Japan,37874,Shuhei,Takeuchi,1,731
201,454.4691836734694,471.59390022675734,Jack Cornelsen (Japan),Scrum Attack,Green,949166,4,A,3000,Japan,23697,Jack,Cornelsen,1,731
202,454.4691836734694,471.59390022675734,Warner Dearns (Japan),Scrum Attack,Green,949166,5,A,3000,Japan,40399,Warner,Dearns,1,731
203,454.4691836734694,471.59390022675734,Ben Gunter (Japan),Scrum Attack,Green,949166,6,A,3000,Japan,26283,Ben,Gunter,1,731
204,454.4691836734694,471.59390022675734,Kanji Shimokawa (Japan),Scrum Attack,Green,949166,7,A,3000,Japan,30962,Kanji,Shimokawa,1,731
205,454.4691836734694,471.59390022675734,Michael Leitch (Japan),Scrum Attack,Green,949166,8,A,3000,Japan,11306,Michael,Leitch,1,731
206,460.127335939,476.195543524,Ox Nche (South Africa),Kick Retreat,Red,949166,1,H,900,South Africa,23371,Ox,Nche,1,738
207,460.127335939,476.195543524,Malcolm Marx (South Africa),Kick Retreat,Green,949166,2,H,900,South Africa,21467,Malcolm,Marx,1,738
208,460.127335939,476.195543524,Zachary Porthen (South Africa),Kick Retreat,Green,949166,3,H,900,South Africa,57088,Zachary,Porthen,1,738
209,460.127335939,476.195543524,RG Snyman (South Africa),Kick Retreat,Green,949166,4,H,900,South Africa,22730,RG,Snyman,1,738
210,460.127335939,476.195543524,Lood de Jager (South Africa),Kick Retreat,Green,949166,5,H,900,South Africa,20524,Lood,de Jager,1,738
211,460.127335939,476.195543524,Siya Kolisi (South Africa),Kick Retreat,Green,949166,6,H,900,South Africa,17107,Siya,Kolisi,1,738
212,460.127335939,476.195543524,Franco Mostert (South Africa),Kick Retreat,Green,949166,7,H,900,South Africa,20097,Franco,Mostert,1,738
213,460.127335939,476.195543524,Jasper Wiese (South Africa),Kick Retreat,Green,949166,8,H,900,South Africa,24874,Jasper,Wiese,1,738
214,460.127335939,476.195543524,Cobus Reinach (South Africa),Kick Retreat,Green,949166,9,H,900,South Africa,19122,Cobus,Reinach,1,738
215,460.127335939,476.195543524,Sacha Feinberg-Mngomezulu (South Africa),Kick Retreat,Green,949166,10,H,900,South Africa,39074,Sacha,Feinberg-Mngomezulu,1,738
216,460.127335939,476.195543524,Damian de Allende (South Africa),Kick Retreat,Green,949166,12,H,900,South Africa,20037,Damian,de Allende,1,738
217,460.127335939,476.195543524,Jesse Kriel (South Africa),Kick Retreat,Green,949166,13,H,900,South Africa,20669,Jesse,Kriel,1,738
218,463.388040106,476.195543524,Kurt-Lee Arendse (South Africa),Kick Retreat,Green,949166,11,H,900,South Africa,34084,Kurt-Lee,Arendse,1,741
219,463.9795918367347,479.308399533,Kenta Kobayashi (Japan),Kick Chase,Green,949166,1,A,3000,Japan,34481,Kenta,Kobayashi,1,741
220,463.9795918367347,479.308399533,Kenji Sato (Japan),Kick Chase,Green,949166,2,A,3000,Japan,61722,Kenji,Sato,1,741
221,463.9795918367347,479.308399533,Shuhei Takeuchi (Japan),Kick Chase,Green,949166,3,A,3000,Japan,37874,Shuhei,Takeuchi,1,741
222,463.9795918367347,479.308399533,Jack Cornelsen (Japan),Kick Chase,Green,949166,4,A,3000,Japan,23697,Jack,Cornelsen,1,741
223,463.9795918367347,479.308399533,Warner Dearns (Japan),Kick Chase,Green,949166,5,A,3000,Japan,40399,Warner,Dearns,1,741
224,463.9795918367347,479.308399533,Ben Gunter (Japan),Kick Chase,Green,949166,6,A,3000,Japan,26283,Ben,Gunter,1,741
225,463.9795918367347,479.308399533,Kanji Shimokawa (Japan),Kick Chase,Green,949166,7,A,3000,Japan,30962,Kanji,Shimokawa,1,741
226,463.9795918367347,479.308399533,Tomoki Osada (Japan),Kick Chase,Green,949166,11,A,3000,Japan,31059,Tomoki,Osada,1,741
227,463.9795918367347,479.308399533,Charlie Lawrence (Japan),Kick Chase,Green,949166,12,A,3000,Japan,32522,Charlie,Lawrence,1,741
228,463.9795918367347,479.308399533,Dylan Riley (Japan),Kick Chase,Green,949166,13,A,3000,Japan,27652,Dylan,Riley,1,741
229,463.9795918367347,479.308399533,Kippei Ishida (Japan),Kick Chase,Green,949166,14,A,3000,Japan,34036,Kippei,Ishida,1,741
230,463.9795918367347,479.308399533,Michael Leitch (Japan),Kick Chase,Green,949166,8,A,3000,Japan,11306,Michael,Leitch,1,741
231,469.70943310657594,475.8988124466616,Charlie Lawrence (Japan),Tackle,Green,949166,12,A,3000,Japan,32522,Charlie,Lawrence,1,748
232,472.6054648526077,488.9001249403296,Kenta Kobayashi (Japan),Kick Retreat,Green,949166,1,A,3000,Japan,34481,Kenta,Kobayashi,1,750
233,472.6054648526077,488.9001249403296,Kenji Sato (Japan),Kick Retreat,Green,949166,2,A,3000,Japan,61722,Kenji,Sato,1,750
234,472.6054648526077,488.9001249403296,Ben Gunter (Japan),Kick Retreat,Green,949166,6,A,3000,Japan,26283,Ben,Gunter,1,750
235,472.6054648526077,488.9001249403296,Michael Leitch (Japan),Kick Retreat,Green,949166,8,A,3000,Japan,11306,Michael,Leitch,1,750
236,473.233399346,488.9001249403296,Tomoki Osada (Japan),Kick Retreat,Green,949166,11,A,3000,Japan,31059,Tomoki,Osada,1,752
237,473.233399346,488.9001249403296,Charlie Lawrence (Japan),Kick Retreat,Green,949166,12,A,3000,Japan,32522,Charlie,Lawrence,1,752
238,473.233399346,488.9001249403296,Dylan Riley (Japan),Kick Retreat,Green,949166,13,A,3000,Japan,27652,Dylan,Riley,1,752
239,473.233399346,488.9001249403296,Kippei Ishida (Japan),Kick Retreat,Green,949166,14,A,3000,Japan,34036,Kippei,Ishida,1,752
240,474.67462585034014,479.67462585034014,Warner Dearns (Japan),Charge Down,Green,949166,5,A,3000,Japan,40399,Warner,Dearns,1,752
241,474.9602947845805,488.60087127133545,Shuhei Takeuchi (Japan),Kick Retreat ,Red,949166,3,A,3000,Japan,37874,Shuhei,Takeuchi,1,752
242,474.9602947845805,488.60087127133545,Jack Cornelsen (Japan),Kick Retreat ,Red,949166,4,A,3000,Japan,23697,Jack,Cornelsen,1,752
243,474.9602947845805,488.60087127133545,Warner Dearns (Japan),Kick Retreat ,Red,949166,5,A,3000,Japan,40399,Warner,Dearns,1,752
244,475.734304556,480.734304556,Damian de Allende (South Africa),Ruck,Red,949166,12,H,900,South Africa,20037,Damian,de Allende,1,752
245,476.74907617,481.74907617,Ethan Hooker (South Africa),Carry,Green,949166,14,H,900,South Africa,44326,Ethan,Hooker,1,757
246,476.771699494,487.788317724,Ox Nche (South Africa),Kick Chase,Green,949166,1,H,900,South Africa,23371,Ox,Nche,1,757
247,476.771699494,487.788317724,Malcolm Marx (South Africa),Kick Chase,Green,949166,2,H,900,South Africa,21467,Malcolm,Marx,1,757
248,476.771699494,487.788317724,Zachary Porthen (South Africa),Kick Chase,Green,949166,3,H,900,South Africa,57088,Zachary,Porthen,1,757
249,476.771699494,487.788317724,Lood de Jager (South Africa),Kick Chase,Green,949166,5,H,900,South Africa,20524,Lood,de Jager,1,757
250,476.771699494,487.788317724,Franco Mostert (South Africa),Kick Chase,Green,949166,7,H,900,South Africa,20097,Franco,Mostert,1,757
251,476.771699494,487.788317724,Jasper Wiese (South Africa),Kick Chase,Green,949166,8,H,900,South Africa,24874,Jasper,Wiese,1,757
252,476.771699494,487.788317724,Kurt-Lee Arendse (South Africa),Kick Chase,Green,949166,11,H,900,South Africa,34084,Kurt-Lee,Arendse,1,757
253,476.771699494,487.788317724,Jesse Kriel (South Africa),Kick Chase,Green,949166,13,H,900,South Africa,20669,Jesse,Kriel,1,757
254,476.771699494,487.788317724,Ethan Hooker (South Africa),Kick Chase,Green,949166,14,H,900,South Africa,44326,Ethan,Hooker,1,757
255,476.888788071,488.9001249403296,Shinobu Fujiwara (Japan),Kick Retreat,Green,949166,9,A,3000,Japan,30969,Shinobu,Fujiwara,1,757
256,478.012237834,483.012237834,Siya Kolisi (South Africa),Kick Chase,Red,949166,6,H,900,South Africa,17107,Siya,Kolisi,1,757
257,481.8950566893424,486.8950566893424,RG Snyman (South Africa),Kick Chase,Red,949166,4,H,900,South Africa,22730,RG,Snyman,1,800
258,481.8950566893424,486.8950566893424,Damian de Allende (South Africa),Kick Chase,Red,949166,12,H,900,South Africa,20037,Damian,de Allende,1,800
259,481.9651927437642,496.3991539289888,Ben Gunter (Japan),Ruck,Yellow,949166,6,A,3000,Japan,26283,Ben,Gunter,1,800
260,481.9717233560091,486.9717233560091,Kanji Shimokawa (Japan),Kick Retreat ,Red,949166,7,A,3000,Japan,30962,Kanji,Shimokawa,1,800
261,483.499300764,489.792713066,Tomoki Osada (Japan),Ruck,Green,949166,11,A,3000,Japan,31059,Tomoki,Osada,1,802
262,484.61879818594105,493.7979357609992,Michael Leitch (Japan),Carry,Green,949166,8,A,3000,Japan,11306,Michael,Leitch,1,804
263,487.355474623,492.355474623,Franco Mostert (South Africa),Tackle,Green,949166,7,H,900,South Africa,20097,Franco,Mostert,1,807
264,490.633695913,495.633695913,Malcolm Marx (South Africa),Tackle,Green,949166,2,H,900,South Africa,21467,Malcolm,Marx,1,803
265,490.633695913,495.633695913,Zachary Porthen (South Africa),Tackle,Green,949166,3,H,900,South Africa,57088,Zachary,Porthen,1,803
266,491.1191609977324,509.242814666,Kenji Sato (Japan),Kick Chase,Green,949166,2,A,3000,Japan,61722,Kenji,Sato,1,803
267,491.1191609977324,509.242814666,Shuhei Takeuchi (Japan),Kick Chase,Green,949166,3,A,3000,Japan,37874,Shuhei,Takeuchi,1,803
268,491.1191609977324,509.242814666,Jack Cornelsen (Japan),Kick Chase,Green,949166,4,A,3000,Japan,23697,Jack,Cornelsen,1,803
269,491.1191609977324,509.242814666,Warner Dearns (Japan),Kick Chase,Green,949166,5,A,3000,Japan,40399,Warner,Dearns,1,803
270,491.1191609977324,509.242814666,Ben Gunter (Japan),Kick Chase,Green,949166,6,A,3000,Japan,26283,Ben,Gunter,1,803
271,491.1191609977324,509.242814666,Kanji Shimokawa (Japan),Kick Chase,Green,949166,7,A,3000,Japan,30962,Kanji,Shimokawa,1,803
272,491.1191609977324,509.242814666,Michael Leitch (Japan),Kick Chase,Green,949166,8,A,3000,Japan,11306,Michael,Leitch,1,803
273,491.580490071,509.242814666,Tomoki Osada (Japan),Kick Chase,Green,949166,11,A,3000,Japan,31059,Tomoki,Osada,1,803
274,491.580490071,509.242814666,Charlie Lawrence (Japan),Kick Chase,Green,949166,12,A,3000,Japan,32522,Charlie,Lawrence,1,803
275,491.580490071,509.242814666,Dylan Riley (Japan),Kick Chase,Green,949166,13,A,3000,Japan,27652,Dylan,Riley,1,803
276,491.580490071,509.242814666,Kippei Ishida (Japan),Kick Chase,Green,949166,14,A,3000,Japan,34036,Kippei,Ishida,1,803
277,492.030509771,497.030509771,RG Snyman (South Africa),Charge Down,Green,949166,4,H,900,South Africa,22730,RG,Snyman,1,803
278,492.614197131,508.55821264,Ox Nche (South Africa),Kick Retreat,Red,949166,1,H,900,South Africa,23371,Ox,Nche,1,803
279,492.614197131,508.55821264,Malcolm Marx (South Africa),Kick Retreat,Green,949166,2,H,900,South Africa,21467,Malcolm,Marx,1,803
280,492.614197131,508.55821264,Zachary Porthen (South Africa),Kick Retreat,Green,949166,3,H,900,South Africa,57088,Zachary,Porthen,1,803
281,492.614197131,508.55821264,RG Snyman (South Africa),Kick Retreat,Green,949166,4,H,900,South Africa,22730,RG,Snyman,1,803
282,492.614197131,508.55821264,Lood de Jager (South Africa),Kick Retreat,Red,949166,5,H,900,South Africa,20524,Lood,de Jager,1,803
283,492.614197131,508.55821264,Siya Kolisi (South Africa),Kick Retreat,Green,949166,6,H,900,South Africa,17107,Siya,Kolisi,1,803
284,492.614197131,508.55821264,Franco Mostert (South Africa),Kick Retreat,Green,949166,7,H,900,South Africa,20097,Franco,Mostert,1,803
285,492.614197131,508.55821264,Jasper Wiese (South Africa),Kick Retreat,Green,949166,8,H,900,South Africa,24874,Jasper,Wiese,1,803
286,492.614197131,508.55821264,Cobus Reinach (South Africa),Kick Retreat,Green,949166,9,H,900,South Africa,19122,Cobus,Reinach,1,803
287,492.614197131,508.55821264,Kurt-Lee Arendse (South Africa),Kick Retreat,Green,949166,11,H,900,South Africa,34084,Kurt-Lee,Arendse,1,803
288,492.614197131,508.55821264,Damian de Allende (South Africa),Kick Retreat,Green,949166,12,H,900,South Africa,20037,Damian,de Allende,1,803
289,492.614197131,508.55821264,Jesse Kriel (South Africa),Kick Retreat,Green,949166,13,H,900,South Africa,20669,Jesse,Kriel,1,803
290,492.614197131,508.55821264,Ethan Hooker (South Africa),Kick Retreat,Green,949166,14,H,900,South Africa,44326,Ethan,Hooker,1,803
291,493.654593479,498.654593479,Jack Cornelsen (Japan),Ruck,Green,949166,4,A,3000,Japan,23697,Jack,Cornelsen,1,810
292,493.676088684,498.676088684,Ox Nche (South Africa),Jackler,Green,949166,1,H,900,South Africa,23371,Ox,Nche,1,810
293,493.676088684,498.676088684,Malcolm Marx (South Africa),Jackler,Green,949166,2,H,900,South Africa,21467,Malcolm,Marx,1,810
294,494.05909297052153,499.05909297052153,Kenji Sato (Japan),Ruck,Green,949166,2,A,3000,Japan,61722,Kenji,Sato,1,810
295,494.05909297052153,499.05909297052153,Shuhei Takeuchi (Japan),Ruck,Green,949166,3,A,3000,Japan,37874,Shuhei,Takeuchi,1,810
296,497.030214255,502.030214255,Kenta Kobayashi (Japan),Carry,Green,949166,1,A,3000,Japan,34481,Kenta,Kobayashi,1,816
297,498.0899825803381,512.210007611,Ben Gunter (Japan),Jackler,Red,949166,6,A,3000,Japan,26283,Ben,Gunter,1,817
298,498.52108843537417,513.9979431903248,Tomoki Osada (Japan),Tackle,Green,949166,11,A,3000,Japan,31059,Tomoki,Osada,1,817
299,498.562380952381,509.69896184633376,Kenta Kobayashi (Japan),Kick Chase,Red,949166,1,A,3000,Japan,34481,Kenta,Kobayashi,1,817
300,507.306729583,512.306729583,Ethan Hooker (South Africa),Ruck,Green,949166,14,H,900,South Africa,44326,Ethan,Hooker,1,826
301,507.48608358799936,516.72184963,Shuhei Takeuchi (Japan),Tackle,Green,949166,3,A,3000,Japan,37874,Shuhei,Takeuchi,1,826
302,507.520243895,512.520243895,Franco Mostert (South Africa),Ruck,Green,949166,7,H,900,South Africa,20097,Franco,Mostert,1,826
303,508.072565976,513.072565976,Sacha Feinberg-Mngomezulu (South Africa),Carry,Green,949166,10,H,900,South Africa,39074,Sacha,Feinberg-Mngomezulu,1,826
304,509.8914829189912,516.5989644686574,Shinobu Fujiwara (Japan),Kick Retreat ,Red,949166,9,A,3000,Japan,30969,Shinobu,Fujiwara,1,829
305,510.404524097,523.971370034,Kenta Kobayashi (Japan),Kick Retreat,Green,949166,1,A,3000,Japan,34481,Kenta,Kobayashi,1,829
306,510.404524097,523.971370034,Kenji Sato (Japan),Kick Retreat,Green,949166,2,A,3000,Japan,61722,Kenji,Sato,1,829
307,510.404524097,523.971370034,Shuhei Takeuchi (Japan),Kick Retreat,Green,949166,3,A,3000,Japan,37874,Shuhei,Takeuchi,1,829
308,510.404524097,523.971370034,Jack Cornelsen (Japan),Kick Retreat,Green,949166,4,A,3000,Japan,23697,Jack,Cornelsen,1,829
309,510.404524097,523.971370034,Warner Dearns (Japan),Kick Retreat,Green,949166,5,A,3000,Japan,40399,Warner,Dearns,1,829
310,510.404524097,523.971370034,Ben Gunter (Japan),Kick Retreat,Green,949166,6,A,3000,Japan,26283,Ben,Gunter,1,829
311,510.404524097,523.971370034,Kanji Shimokawa (Japan),Kick Retreat,Green,949166,7,A,3000,Japan,30962,Kanji,Shimokawa,1,829
312,510.404524097,523.971370034,Michael Leitch (Japan),Kick Retreat,Green,949166,8,A,3000,Japan,11306,Michael,Leitch,1,829
313,510.5878721569942,518.430917031,Jack Cornelsen (Japan),Tackle,Green,949166,4,A,3000,Japan,23697,Jack,Cornelsen,1,829
314,510.728391589,523.971370034,Tomoki Osada (Japan),Kick Retreat,Green,949166,11,A,3000,Japan,31059,Tomoki,Osada,1,829
315,510.728391589,523.971370034,Charlie Lawrence (Japan),Kick Retreat,Green,949166,12,A,3000,Japan,32522,Charlie,Lawrence,1,829
316,510.728391589,523.971370034,Dylan Riley (Japan),Kick Retreat,Green,949166,13,A,3000,Japan,27652,Dylan,Riley,1,829
317,510.728391589,523.971370034,Kippei Ishida (Japan),Kick Retreat,Green,949166,14,A,3000,Japan,34036,Kippei,Ishida,1,829
318,511.702169241,520.329066286,Ox Nche (South Africa),Ruck,Green,949166,1,H,900,South Africa,23371,Ox,Nche,1,830
319,511.702169241,520.329066286,Malcolm Marx (South Africa),Ruck,Green,949166,2,H,900,South Africa,21467,Malcolm,Marx,1,830
320,511.702169241,520.329066286,Lood de Jager (South Africa),Ruck,Green,949166,5,H,900,South Africa,20524,Lood,de Jager,1,830
321,512.809116126,525.754766752,Ox Nche (South Africa),Kick Chase,Green,949166,1,H,900,South Africa,23371,Ox,Nche,1,830
322,512.809116126,525.754766752,Malcolm Marx (South Africa),Kick Chase,Green,949166,2,H,900,South Africa,21467,Malcolm,Marx,1,830
323,512.809116126,525.754766752,Zachary Porthen (South Africa),Kick Chase,Green,949166,3,H,900,South Africa,57088,Zachary,Porthen,1,830
324,512.809116126,525.754766752,RG Snyman (South Africa),Kick Chase,Green,949166,4,H,900,South Africa,22730,RG,Snyman,1,830
325,512.809116126,525.754766752,Lood de Jager (South Africa),Kick Chase,Green,949166,5,H,900,South Africa,20524,Lood,de Jager,1,830
326,512.809116126,525.754766752,Siya Kolisi (South Africa),Kick Chase,Green,949166,6,H,900,South Africa,17107,Siya,Kolisi,1,830
327,512.809116126,525.754766752,Franco Mostert (South Africa),Kick Chase,Green,949166,7,H,900,South Africa,20097,Franco,Mostert,1,830
328,512.809116126,525.754766752,Jasper Wiese (South Africa),Kick Chase,Green,949166,8,H,900,South Africa,24874,Jasper,Wiese,1,830
329,512.809116126,525.754766752,Kurt-Lee Arendse (South Africa),Kick Chase,Green,949166,11,H,900,South Africa,34084,Kurt-Lee,Arendse,1,830
330,512.809116126,525.754766752,Damian de Allende (South Africa),Kick Chase,Green,949166,12,H,900,South Africa,20037,Damian,de Allende,1,830
331,512.809116126,525.754766752,Jesse Kriel (South Africa),Kick Chase,Green,949166,13,H,900,South Africa,20669,Jesse,Kriel,1,830
332,515.713474293,520.329066286,Zachary Porthen (South Africa),Ruck,Green,949166,3,H,900,South Africa,57088,Zachary,Porthen,1,834
333,515.713474293,520.713474293,Jasper Wiese (South Africa),Carry,Green,949166,8,H,900,South Africa,24874,Jasper,Wiese,1,834
334,516.774616969,525.754766752,Cobus Reinach (South Africa),Kick Chase,Green,949166,9,H,900,South Africa,19122,Cobus,Reinach,1,835
335,517.072647545,522.072647545,Ethan Hooker (South Africa),Kick Chase,Gold,949166,14,H,900,South Africa,44326,Ethan,Hooker,1,836
336,520.8481179138322,529.7996573439946,Jack Cornelsen (Japan),Tackle,Green,949166,4,A,3000,Japan,23697,Jack,Cornelsen,1,839
337,522.751025415,527.751025415,Zachary Porthen (South Africa),Ruck,Green,949166,3,H,900,South Africa,57088,Zachary,Porthen,1,841
338,524.393928586,529.393928586,RG Snyman (South Africa),Ruck,Red,949166,4,H,900,South Africa,22730,RG,Snyman,1,843
339,525.085510903336,531.304966487,Kanji Shimokawa (Japan),Carry,Green,949166,7,A,3000,Japan,30962,Kanji,Shimokawa,1,843
340,526.5421541950113,531.5421541950113,Cobus Reinach (South Africa),Tackle,Red,949166,9,H,900,South Africa,19122,Cobus,Reinach,1,845
341,526.640642566,531.640642566,Lood de Jager (South Africa),Tackle,Green,949166,5,H,900,South Africa,20524,Lood,de Jager,1,845
342,526.96541531,531.96541531,Malcolm Marx (South Africa),Tackle,Green,949166,2,H,900,South Africa,21467,Malcolm,Marx,1,846
343,527.810000383,532.810000383,Ethan Hooker (South Africa),Carry,Red,949166,14,H,900,South Africa,44326,Ethan,Hooker,1,846
344,532.106286093,537.106286093,Kenji Sato (Japan),Ruck,Green,949166,2,A,3000,Japan,61722,Kenji,Sato,1,850
345,532.941936103,537.941936103,Jasper Wiese (South Africa),Tackle,Red,949166,8,H,900,South Africa,24874,Jasper,Wiese,1,850
346,535.6349659863946,540.6349659863946,Kenta Kobayashi (Japan),Ruck,Green,949166,1,A,3000,Japan,34481,Kenta,Kobayashi,1,854
347,535.6349659863946,540.6349659863946,Michael Leitch (Japan),Carry,Green,949166,8,A,3000,Japan,11306,Michael,Leitch,1,854
348,536.305611433,541.305611433,Ben Gunter (Japan),Ruck,Green,949166,6,A,3000,Japan,26283,Ben,Gunter,1,855
349,536.305611433,541.305611433,Kanji Shimokawa (Japan),Ruck,Green,949166,7,A,3000,Japan,30962,Kanji,Shimokawa,1,855
350,536.960979998,541.960979998,Charlie Lawrence (Japan),Carry,Green,949166,12,A,3000,Japan,32522,Charlie,Lawrence,1,855
351,537.070943984,542.070943984,Malcolm Marx (South Africa),Jackler,Red,949166,2,H,900,South Africa,21467,Malcolm,Marx,1,855
352,537.608228121,542.608228121,Damian de Allende (South Africa),Tackle,Green,949166,12,H,900,South Africa,20037,Damian,de Allende,1,856
353,540.898530547,545.898530547,Dylan Riley (Japan),Tackle,Green,949166,13,A,3000,Japan,27652,Dylan,Riley,1,859
354,587.7866213151927,597.385669824,Kenta Kobayashi (Japan),Lineout Defence,Green,949166,1,A,3000,Japan,34481,Kenta,Kobayashi,1,946
355,587.7866213151927,597.385669824,Kenji Sato (Japan),Lineout Defence,Green,949166,2,A,3000,Japan,61722,Kenji,Sato,1,946
356,587.7866213151927,597.385669824,Shuhei Takeuchi (Japan),Lineout Defence,Green,949166,3,A,3000,Japan,37874,Shuhei,Takeuchi,1,946
357,587.7866213151927,597.385669824,Jack Cornelsen (Japan),Lineout Defence,Green,949166,4,A,3000,Japan,23697,Jack,Cornelsen,1,946
358,587.7866213151927,597.385669824,Warner Dearns (Japan),Lineout Defence,Green,949166,5,A,3000,Japan,40399,Warner,Dearns,1,946
359,587.7866213151927,597.385669824,Ben Gunter (Japan),Lineout Defence,Green,949166,6,A,3000,Japan,26283,Ben,Gunter,1,946
360,587.7866213151927,597.385669824,Kanji Shimokawa (Japan),Lineout Defence,Green,949166,7,A,3000,Japan,30962,Kanji,Shimokawa,1,946
361,587.7866213151927,597.385669824,Michael Leitch (Japan),Lineout Defence,Green,949166,8,A,3000,Japan,11306,Michael,Leitch,1,946
362,588.564832845,597.13383509,Ox Nche (South Africa),Lineout Attack,Yellow,949166,1,H,900,South Africa,23371,Ox,Nche,1,946
363,588.564832845,597.13383509,Malcolm Marx (South Africa),Lineout Attack,Green,949166,2,H,900,South Africa,21467,Malcolm,Marx,1,946
364,588.564832845,597.13383509,Zachary Porthen (South Africa),Lineout Attack,Green,949166,3,H,900,South Africa,57088,Zachary,Porthen,1,946
365,588.564832845,597.13383509,RG Snyman (South Africa),Lineout Attack,Green,949166,4,H,900,South Africa,22730,RG,Snyman,1,946
366,588.564832845,597.13383509,Lood de Jager (South Africa),Lineout Attack,Green,949166,5,H,900,South Africa,20524,Lood,de Jager,1,946
367,588.564832845,597.13383509,Franco Mostert (South Africa),Lineout Attack,Green,949166,7,H,900,South Africa,20097,Franco,Mostert,1,946
368,588.564832845,597.13383509,Jasper Wiese (South Africa),Lineout Attack,Yellow,949166,8,H,900,South Africa,24874,Jasper,Wiese,1,946
369,596.0698185941043,623.246594511,Kenta Kobayashi (Japan),Kick Retreat,Green,949166,1,A,3000,Japan,34481,Kenta,Kobayashi,1,954
370,596.0698185941043,623.246594511,Kenji Sato (Japan),Kick Retreat,Green,949166,2,A,3000,Japan,61722,Kenji,Sato,1,954
371,596.0698185941043,623.246594511,Shuhei Takeuchi (Japan),Kick Retreat,Green,949166,3,A,3000,Japan,37874,Shuhei,Takeuchi,1,954
372,596.0698185941043,623.246594511,Jack Cornelsen (Japan),Kick Retreat,Green,949166,4,A,3000,Japan,23697,Jack,Cornelsen,1,954
373,596.0698185941043,623.246594511,Warner Dearns (Japan),Kick Retreat,Green,949166,5,A,3000,Japan,40399,Warner,Dearns,1,954
374,596.0698185941043,623.246594511,Kanji Shimokawa (Japan),Kick Retreat,Green,949166,7,A,3000,Japan,30962,Kanji,Shimokawa,1,954
375,596.0698185941043,623.246594511,Tomoki Osada (Japan),Kick Retreat,Green,949166,11,A,3000,Japan,31059,Tomoki,Osada,1,954
376,596.0698185941043,623.246594511,Charlie Lawrence (Japan),Kick Retreat,Green,949166,12,A,3000,Japan,32522,Charlie,Lawrence,1,954
377,596.0698185941043,623.246594511,Michael Leitch (Japan),Kick Retreat,Green,949166,8,A,3000,Japan,11306,Michael,Leitch,1,954
378,596.080943567,623.246594511,Seungsin Lee (Japan),Kick Retreat,Green,949166,10,A,3000,Japan,37841,Seungsin,Lee,1,954
379,596.618231292517,601.618231292517,Michael Leitch (Japan),Tackle,Green,949166,8,A,3000,Japan,11306,Michael,Leitch,1,956
380,600.5789729423298,607.7977806093204,Jack Cornelsen (Japan),Charge Down,Green,949166,4,A,3000,Japan,23697,Jack,Cornelsen,1,1001
381,605.978879635,610.978879635,Ox Nche (South Africa),Ruck,Green,949166,1,H,900,South Africa,23371,Ox,Nche,1,1002
382,607.610595231,612.610595231,Malcolm Marx (South Africa),Ruck,Green,949166,2,H,900,South Africa,21467,Malcolm,Marx,1,1002
383,607.610595231,612.610595231,Zachary Porthen (South Africa),Ruck,Green,949166,3,H,900,South Africa,57088,Zachary,Porthen,1,1002
384,607.649302061,612.649302061,Franco Mostert (South Africa),Ruck,Green,949166,7,H,900,South Africa,20097,Franco,Mostert,1,1002
385,607.649302061,612.649302061,Jasper Wiese (South Africa),Ruck,Green,949166,8,H,900,South Africa,24874,Jasper,Wiese,1,1002
386,607.649302061,620.801958025,Ox Nche (South Africa),Kick Chase,Green,949166,1,H,900,South Africa,23371,Ox,Nche,1,1002
387,607.649302061,620.801958025,Malcolm Marx (South Africa),Kick Chase,Green,949166,2,H,900,South Africa,21467,Malcolm,Marx,1,1002
388,607.649302061,620.801958025,Zachary Porthen (South Africa),Kick Chase,Green,949166,3,H,900,South Africa,57088,Zachary,Porthen,1,1002
389,607.649302061,620.801958025,RG Snyman (South Africa),Kick Chase,Green,949166,4,H,900,South Africa,22730,RG,Snyman,1,1002
390,607.649302061,620.801958025,Lood de Jager (South Africa),Kick Chase,Green,949166,5,H,900,South Africa,20524,Lood,de Jager,1,1002
391,607.649302061,620.801958025,Siya Kolisi (South Africa),Kick Chase,Green,949166,6,H,900,South Africa,17107,Siya,Kolisi,1,1002
392,607.649302061,620.801958025,Franco Mostert (South Africa),Kick Chase,Green,949166,7,H,900,South Africa,20097,Franco,Mostert,1,1002
393,607.649302061,620.801958025,Jasper Wiese (South Africa),Kick Chase,Green,949166,8,H,900,South Africa,24874,Jasper,Wiese,1,1002
394,607.649302061,620.801958025,Kurt-Lee Arendse (South Africa),Kick Chase,Green,949166,11,H,900,South Africa,34084,Kurt-Lee,Arendse,1,1002
395,607.649302061,620.801958025,Damian de Allende (South Africa),Kick Chase,Green,949166,12,H,900,South Africa,20037,Damian,de Allende,1,1002
396,607.649302061,620.801958025,Jesse Kriel (South Africa),Kick Chase,Green,949166,13,H,900,South Africa,20669,Jesse,Kriel,1,1002
397,607.649302061,620.801958025,Ethan Hooker (South Africa),Kick Chase,Green,949166,14,H,900,South Africa,44326,Ethan,Hooker,1,1002
398,608.775520231,613.775520231,Siya Kolisi (South Africa),Carry,Green,949166,6,H,900,South Africa,17107,Siya,Kolisi,1,1007
399,611.004679697,616.004679697,Cobus Reinach (South Africa),Kick Chase,Green,949166,9,H,900,South Africa,19122,Cobus,Reinach,1,1009
400,614.5690929705215,619.5690929705215,Ben Gunter (Japan),Kick Retreat ,Red,949166,6,A,3000,Japan,26283,Ben,Gunter,1,1014
401,615.6043310657597,620.6043310657597,Dylan Riley (Japan),Kick Retreat ,Red,949166,13,A,3000,Japan,27652,Dylan,Riley,1,1014
402,617.2004308390023,635.054026451,Michael Leitch (Japan),Carry,Green,949166,8,A,3000,Japan,11306,Michael,Leitch,1,1015
403,617.9532653061225,622.9532653061225,Kenji Sato (Japan),Ruck,Green,949166,2,A,3000,Japan,61722,Kenji,Sato,1,1015
404,617.9532653061225,622.9532653061225,Kanji Shimokawa (Japan),Ruck,Green,949166,7,A,3000,Japan,30962,Kanji,Shimokawa,1,1015
405,617.9532653061225,622.9532653061225,Kippei Ishida (Japan),Ruck,Green,949166,14,A,3000,Japan,34036,Kippei,Ishida,1,1015
406,619.120164339,624.120164339,Kurt-Lee Arendse (South Africa),Tackle,Green,949166,11,H,900,South Africa,34084,Kurt-Lee,Arendse,1,1017
407,621.016486986,626.016486986,Lood de Jager (South Africa),Jackler,Red,949166,5,H,900,South Africa,20524,Lood,de Jager,1,1020
408,621.05114235,626.05114235,Cobus Reinach (South Africa),Jackler,Green,949166,9,H,900,South Africa,19122,Cobus,Reinach,1,1020
409,621.910256604,642.2006375200086,Kenta Kobayashi (Japan),Kick Chase,Green,949166,1,A,3000,Japan,34481,Kenta,Kobayashi,1,1020
410,621.910256604,642.2006375200086,Kenji Sato (Japan),Kick Chase,Green,949166,2,A,3000,Japan,61722,Kenji,Sato,1,1020
411,621.910256604,642.2006375200086,Jack Cornelsen (Japan),Kick Chase,Green,949166,4,A,3000,Japan,23697,Jack,Cornelsen,1,1020
412,621.910256604,642.2006375200086,Ben Gunter (Japan),Kick Chase,Green,949166,6,A,3000,Japan,26283,Ben,Gunter,1,1020
413,621.910256604,642.2006375200086,Kanji Shimokawa (Japan),Kick Chase,Green,949166,7,A,3000,Japan,30962,Kanji,Shimokawa,1,1020
414,622.176889278,642.2006375200086,Tomoki Osada (Japan),Kick Chase,Green,949166,11,A,3000,Japan,31059,Tomoki,Osada,1,1020
415,622.176889278,642.2006375200086,Charlie Lawrence (Japan),Kick Chase,Green,949166,12,A,3000,Japan,32522,Charlie,Lawrence,1,1020
416,622.176889278,642.2006375200086,Dylan Riley (Japan),Kick Chase,Green,949166,13,A,3000,Japan,27652,Dylan,Riley,1,1020
417,622.176889278,642.2006375200086,Kippei Ishida (Japan),Kick Chase,Green,949166,14,A,3000,Japan,34036,Kippei,Ishida,1,1020
418,624.454302712,640.032155322,Ox Nche (South Africa),Kick Retreat,Green,949166,1,H,900,South Africa,23371,Ox,Nche,1,1021
419,624.454302712,640.032155322,Malcolm Marx (South Africa),Kick Retreat,Green,949166,2,H,900,South Africa,21467,Malcolm,Marx,1,1021
420,624.454302712,640.032155322,Zachary Porthen (South Africa),Kick Retreat,Green,949166,3,H,900,South Africa,57088,Zachary,Porthen,1,1021
421,624.454302712,640.032155322,RG Snyman (South Africa),Kick Retreat,Green,949166,4,H,900,South Africa,22730,RG,Snyman,1,1021
422,624.454302712,640.032155322,Lood de Jager (South Africa),Kick Retreat,Green,949166,5,H,900,South Africa,20524,Lood,de Jager,1,1021
423,624.454302712,640.032155322,Siya Kolisi (South Africa),Kick Retreat,Yellow,949166,6,H,900,South Africa,17107,Siya,Kolisi,1,1021
424,624.454302712,640.032155322,Franco Mostert (South Africa),Kick Retreat,Green,949166,7,H,900,South Africa,20097,Franco,Mostert,1,1021
425,624.454302712,640.032155322,Jasper Wiese (South Africa),Kick Retreat,Green,949166,8,H,900,South Africa,24874,Jasper,Wiese,1,1021
426,624.454302712,640.032155322,Cobus Reinach (South Africa),Kick Retreat,Green,949166,9,H,900,South Africa,19122,Cobus,Reinach,1,1021
427,624.454302712,640.032155322,Kurt-Lee Arendse (South Africa),Kick Retreat,Green,949166,11,H,900,South Africa,34084,Kurt-Lee,Arendse,1,1021
428,624.454302712,640.032155322,Damian de Allende (South Africa),Kick Retreat,Green,949166,12,H,900,South Africa,20037,Damian,de Allende,1,1021
429,624.454302712,640.032155322,Jesse Kriel (South Africa),Kick Retreat,Green,949166,13,H,900,South Africa,20669,Jesse,Kriel,1,1021
430,624.454302712,640.032155322,Ethan Hooker (South Africa),Kick Retreat,Green,949166,14,H,900,South Africa,44326,Ethan,Hooker,1,1021
431,624.4713151927438,629.4713151927438,Jack Cornelsen (Japan),Ruck,Green,949166,4,A,3000,Japan,23697,Jack,Cornelsen,1,1021
432,625.0053061224489,633.384495173,Shuhei Takeuchi (Japan),Ruck,Green,949166,3,A,3000,Japan,37874,Shuhei,Takeuchi,1,1021
433,626.654747824,631.654747824,Zachary Porthen (South Africa),Tackle,Green,949166,3,H,900,South Africa,57088,Zachary,Porthen,1,1025
434,626.8949433106576,640.9984749829925,Warner Dearns (Japan),Kick Chase,Yellow,949166,5,A,3000,Japan,40399,Warner,Dearns,1,1025
435,626.8949433106576,641.7954461906633,Michael Leitch (Japan),Kick Chase,Yellow,949166,8,A,3000,Japan,11306,Michael,Leitch,1,1025
436,627.037721479,632.037721479,Kenta Kobayashi (Japan),Ruck,Green,949166,1,A,3000,Japan,34481,Kenta,Kobayashi,1,1025
437,627.3293424036281,640.309799561,Shuhei Takeuchi (Japan),Kick Chase,Yellow,949166,3,A,3000,Japan,37874,Shuhei,Takeuchi,1,1025
438,628.384495173,633.384495173,Warner Dearns (Japan),Carry,Red,949166,5,A,3000,Japan,40399,Warner,Dearns,1,1027
439,628.535321215,633.535321215,Siya Kolisi (South Africa),Tackle,Red,949166,6,H,900,South Africa,17107,Siya,Kolisi,1,1027
440,633.37250733,638.37250733,Dylan Riley (Japan),Jackler,Green,949166,13,A,3000,Japan,27652,Dylan,Riley,1,1033
441,639.224275507,644.224275507,Jesse Kriel (South Africa),Ruck,Green,949166,13,H,900,South Africa,20669,Jesse,Kriel,1,1038
442,639.772042351,644.772042351,Franco Mostert (South Africa),Ruck,Green,949166,7,H,900,South Africa,20097,Franco,Mostert,1,1038
443,639.772042351,644.772042351,Ethan Hooker (South Africa),Ruck,Green,949166,14,H,900,South Africa,44326,Ethan,Hooker,1,1038
444,639.772042351,644.772042351,Cheslin Kolbe (South Africa),Carry,Green,949166,15,H,900,South Africa,20584,Cheslin,Kolbe,1,1038
445,642.6983378433142,649.006081255,Kanji Shimokawa (Japan),Tackle,Green,949166,7,A,3000,Japan,30962,Kanji,Shimokawa,1,1041
446,643.1245578231293,667.0009820143426,Kenji Sato (Japan),Kick Retreat,Green,949166,2,A,3000,Japan,61722,Kenji,Sato,1,1041
447,643.1245578231293,667.0009820143426,Warner Dearns (Japan),Kick Retreat,Green,949166,5,A,3000,Japan,40399,Warner,Dearns,1,1041
448,643.1245578231293,667.0009820143426,Michael Leitch (Japan),Kick Retreat,Green,949166,8,A,3000,Japan,11306,Michael,Leitch,1,1041
449,644.264715178,667.0009820143426,Tomoki Osada (Japan),Kick Retreat,Green,949166,11,A,3000,Japan,31059,Tomoki,Osada,1,1043
450,644.264715178,667.0009820143426,Charlie Lawrence (Japan),Kick Retreat,Green,949166,12,A,3000,Japan,32522,Charlie,Lawrence,1,1043
451,644.264715178,667.0009820143426,Dylan Riley (Japan),Kick Retreat,Green,949166,13,A,3000,Japan,27652,Dylan,Riley,1,1043
452,644.7989181796589,653.422370888,Kenta Kobayashi (Japan),Jackler,Green,949166,1,A,3000,Japan,34481,Kenta,Kobayashi,1,1043
453,645.7991515836625,667.0009820143426,Yoshitaka Yazaki (Japan),Kick Retreat,Green,949166,15,A,3000,Japan,59862,Yoshitaka,Yazaki,1,1043
454,647.897101808,661.687195385,Ox Nche (South Africa),Kick Chase,Green,949166,1,H,900,South Africa,23371,Ox,Nche,1,1048
455,647.897101808,661.687195385,Malcolm Marx (South Africa),Kick Chase,Green,949166,2,H,900,South Africa,21467,Malcolm,Marx,1,1048
456,647.897101808,661.687195385,Zachary Porthen (South Africa),Kick Chase,Green,949166,3,H,900,South Africa,57088,Zachary,Porthen,1,1048
457,647.897101808,661.687195385,RG Snyman (South Africa),Kick Chase,Green,949166,4,H,900,South Africa,22730,RG,Snyman,1,1048
458,647.897101808,661.687195385,Lood de Jager (South Africa),Kick Chase,Green,949166,5,H,900,South Africa,20524,Lood,de Jager,1,1048
459,647.897101808,661.687195385,Siya Kolisi (South Africa),Kick Chase,Green,949166,6,H,900,South Africa,17107,Siya,Kolisi,1,1048
460,647.897101808,661.687195385,Franco Mostert (South Africa),Kick Chase,Green,949166,7,H,900,South Africa,20097,Franco,Mostert,1,1048
461,647.897101808,661.687195385,Jasper Wiese (South Africa),Kick Chase,Green,949166,8,H,900,South Africa,24874,Jasper,Wiese,1,1048
462,647.897101808,661.687195385,Kurt-Lee Arendse (South Africa),Kick Chase,Green,949166,11,H,900,South Africa,34084,Kurt-Lee,Arendse,1,1048
463,647.897101808,661.687195385,Damian de Allende (South Africa),Kick Chase,Green,949166,12,H,900,South Africa,20037,Damian,de Allende,1,1048
464,647.897101808,661.687195385,Jesse Kriel (South Africa),Kick Chase,Green,949166,13,H,900,South Africa,20669,Jesse,Kriel,1,1048
465,647.897101808,661.687195385,Ethan Hooker (South Africa),Kick Chase,Green,949166,14,H,900,South Africa,44326,Ethan,Hooker,1,1048
466,648.422370888,653.422370888,Jack Cornelsen (Japan),Charge Down,Green,949166,4,A,3000,Japan,23697,Jack,Cornelsen,1,1048
467,648.9821768707483,663.1010649496598,Kenta Kobayashi (Japan),Kick Retreat ,Red,949166,1,A,3000,Japan,34481,Kenta,Kobayashi,1,1048
468,648.9821768707483,663.1010649496598,Shuhei Takeuchi (Japan),Kick Retreat ,Red,949166,3,A,3000,Japan,37874,Shuhei,Takeuchi,1,1048
469,648.9821768707483,663.1010649496598,Jack Cornelsen (Japan),Kick Retreat ,Red,949166,4,A,3000,Japan,23697,Jack,Cornelsen,1,1048
470,648.9821768707483,663.1010649496598,Ben Gunter (Japan),Kick Retreat ,Red,949166,6,A,3000,Japan,26283,Ben,Gunter,1,1048
471,648.9821768707483,663.1010649496598,Kanji Shimokawa (Japan),Kick Retreat ,Red,949166,7,A,3000,Japan,30962,Kanji,Shimokawa,1,1048
472,654.142287467,659.142287467,Kurt-Lee Arendse (South Africa),Tackle,Green,949166,11,H,900,South Africa,34084,Kurt-Lee,Arendse,1,1053
473,658.8077324263038,665.534407626,Warner Dearns (Japan),Ruck,Yellow,949166,5,A,3000,Japan,40399,Warner,Dearns,1,1057
474,660.8100680272108,665.8100680272108,Michael Leitch (Japan),Ruck,Green,949166,8,A,3000,Japan,11306,Michael,Leitch,1,1056
475,660.972146173,665.972146173,Siya Kolisi (South Africa),Tackle,Red,949166,6,H,900,South Africa,17107,Siya,Kolisi,1,1056
476,662.123767048,667.123767048,Kippei Ishida (Japan),Carry,Green,949166,14,A,3000,Japan,34036,Kippei,Ishida,1,1056
477,663.643515945,668.306740744,Lood de Jager (South Africa),Tackle,Red,949166,5,H,900,South Africa,20524,Lood,de Jager,1,1056
478,723.6803401360544,739.976843969,Kenta Kobayashi (Japan),Lineout Defence,Green,949166,1,A,3000,Japan,34481,Kenta,Kobayashi,1,1202
479,723.6803401360544,739.976843969,Shuhei Takeuchi (Japan),Lineout Defence,Green,949166,3,A,3000,Japan,37874,Shuhei,Takeuchi,1,1202
480,724.038643369,739.976843969,Jack Cornelsen (Japan),Lineout Defence,Green,949166,4,A,3000,Japan,23697,Jack,Cornelsen,1,1202
481,724.038643369,739.976843969,Warner Dearns (Japan),Lineout Defence,Green,949166,5,A,3000,Japan,40399,Warner,Dearns,1,1202
482,724.038643369,739.976843969,Kanji Shimokawa (Japan),Lineout Defence,Green,949166,7,A,3000,Japan,30962,Kanji,Shimokawa,1,1202
483,724.589914438,738.482472525,Ox Nche (South Africa),Lineout Attack,Green,949166,1,H,900,South Africa,23371,Ox,Nche,1,1202
484,724.589914438,738.482472525,Malcolm Marx (South Africa),Lineout Attack,Green,949166,2,H,900,South Africa,21467,Malcolm,Marx,1,1202
485,724.589914438,738.482472525,Zachary Porthen (South Africa),Lineout Attack,Green,949166,3,H,900,South Africa,57088,Zachary,Porthen,1,1202
486,724.589914438,738.482472525,RG Snyman (South Africa),Lineout Attack,Yellow,949166,4,H,900,South Africa,22730,RG,Snyman,1,1202
487,724.589914438,738.482472525,Lood de Jager (South Africa),Lineout Attack,Green,949166,5,H,900,South Africa,20524,Lood,de Jager,1,1202
488,724.589914438,738.482472525,Siya Kolisi (South Africa),Lineout Attack,Green,949166,6,H,900,South Africa,17107,Siya,Kolisi,1,1202
489,724.589914438,738.482472525,Franco Mostert (South Africa),Lineout Attack,Green,949166,7,H,900,South Africa,20097,Franco,Mostert,1,1202
490,724.589914438,738.482472525,Jasper Wiese (South Africa),Lineout Attack,Green,949166,8,H,900,South Africa,24874,Jasper,Wiese,1,1202
491,734.1054195011338,739.1054195011338,Kanji Shimokawa (Japan),Ruck,Green,949166,7,A,3000,Japan,30962,Kanji,Shimokawa,1,1213
492,734.8890583319927,740.135601165,Michael Leitch (Japan),Ruck,Green,949166,8,A,3000,Japan,11306,Michael,Leitch,1,1213
493,736.2139002267573,746.587293359,Kenta Kobayashi (Japan),Kick Chase,Green,949166,1,A,3000,Japan,34481,Kenta,Kobayashi,1,1213
494,736.2139002267573,746.587293359,Kenji Sato (Japan),Kick Chase,Green,949166,2,A,3000,Japan,61722,Kenji,Sato,1,1213
495,736.2139002267573,746.587293359,Shuhei Takeuchi (Japan),Kick Chase,Green,949166,3,A,3000,Japan,37874,Shuhei,Takeuchi,1,1213
496,736.2139002267573,746.587293359,Jack Cornelsen (Japan),Kick Chase,Green,949166,4,A,3000,Japan,23697,Jack,Cornelsen,1,1213
497,736.2139002267573,746.587293359,Warner Dearns (Japan),Kick Chase,Green,949166,5,A,3000,Japan,40399,Warner,Dearns,1,1213
498,736.2139002267573,746.587293359,Ben Gunter (Japan),Kick Chase,Green,949166,6,A,3000,Japan,26283,Ben,Gunter,1,1213
499,736.2139002267573,746.587293359,Kanji Shimokawa (Japan),Kick Chase,Green,949166,7,A,3000,Japan,30962,Kanji,Shimokawa,1,1213
500,736.2139002267573,746.587293359,Tomoki Osada (Japan),Kick Chase,Green,949166,11,A,3000,Japan,31059,Tomoki,Osada,1,1213
501,736.2139002267573,746.587293359,Charlie Lawrence (Japan),Kick Chase,Green,949166,12,A,3000,Japan,32522,Charlie,Lawrence,1,1213
502,736.2139002267573,746.587293359,Dylan Riley (Japan),Kick Chase,Green,949166,13,A,3000,Japan,27652,Dylan,Riley,1,1213
503,736.2139002267573,746.587293359,Kippei Ishida (Japan),Kick Chase,Green,949166,14,A,3000,Japan,34036,Kippei,Ishida,1,1213
504,736.2139002267573,746.587293359,Michael Leitch (Japan),Kick Chase,Green,949166,8,A,3000,Japan,11306,Michael,Leitch,1,1213
505,736.779566327,741.779566327,RG Snyman (South Africa),Charge Down,Green,949166,4,H,900,South Africa,22730,RG,Snyman,1,1213
506,739.065673325,748.1998033175496,Ox Nche (South Africa),Kick Retreat,Green,949166,1,H,900,South Africa,23371,Ox,Nche,1,1214
507,739.065673325,748.1998033175496,Malcolm Marx (South Africa),Kick Retreat,Green,949166,2,H,900,South Africa,21467,Malcolm,Marx,1,1214
508,739.065673325,748.1998033175496,Zachary Porthen (South Africa),Kick Retreat,Green,949166,3,H,900,South Africa,57088,Zachary,Porthen,1,1214
509,739.065673325,748.1998033175496,RG Snyman (South Africa),Kick Retreat,Green,949166,4,H,900,South Africa,22730,RG,Snyman,1,1214
510,739.065673325,748.1998033175496,Lood de Jager (South Africa),Kick Retreat,Green,949166,5,H,900,South Africa,20524,Lood,de Jager,1,1214
511,739.065673325,748.1998033175496,Siya Kolisi (South Africa),Kick Retreat,Green,949166,6,H,900,South Africa,17107,Siya,Kolisi,1,1214
512,739.065673325,748.1998033175496,Franco Mostert (South Africa),Kick Retreat,Green,949166,7,H,900,South Africa,20097,Franco,Mostert,1,1214
513,739.065673325,748.1998033175496,Jasper Wiese (South Africa),Kick Retreat,Green,949166,8,H,900,South Africa,24874,Jasper,Wiese,1,1214
514,739.065673325,748.1998033175496,Cobus Reinach (South Africa),Kick Retreat,Green,949166,9,H,900,South Africa,19122,Cobus,Reinach,1,1214
515,739.065673325,748.1998033175496,Kurt-Lee Arendse (South Africa),Kick Retreat,Green,949166,11,H,900,South Africa,34084,Kurt-Lee,Arendse,1,1214
516,739.065673325,748.1998033175496,Damian de Allende (South Africa),Kick Retreat,Green,949166,12,H,900,South Africa,20037,Damian,de Allende,1,1214
517,739.065673325,748.1998033175496,Jesse Kriel (South Africa),Kick Retreat,Green,949166,13,H,900,South Africa,20669,Jesse,Kriel,1,1214
518,739.065673325,748.1998033175496,Ethan Hooker (South Africa),Kick Retreat,Green,949166,14,H,900,South Africa,44326,Ethan,Hooker,1,1214
519,739.421067715,744.421067715,Shuhei Takeuchi (Japan),Ruck,Green,949166,3,A,3000,Japan,37874,Shuhei,Takeuchi,1,1214
520,739.421067715,744.421067715,Ben Gunter (Japan),Ruck,Green,949166,6,A,3000,Japan,26283,Ben,Gunter,1,1214
521,739.5712244897959,745.780084014,Kenji Sato (Japan),Carry,Green,949166,2,A,3000,Japan,61722,Kenji,Sato,1,1214
522,742.467345271,755.9007252583348,Kenta Kobayashi (Japan),Kick Retreat,Green,949166,1,A,3000,Japan,34481,Kenta,Kobayashi,1,1223
523,742.467345271,755.9007252583348,Kenji Sato (Japan),Kick Retreat,Green,949166,2,A,3000,Japan,61722,Kenji,Sato,1,1223
524,742.467345271,755.9007252583348,Shuhei Takeuchi (Japan),Kick Retreat,Green,949166,3,A,3000,Japan,37874,Shuhei,Takeuchi,1,1223
525,742.467345271,755.9007252583348,Jack Cornelsen (Japan),Kick Retreat,Green,949166,4,A,3000,Japan,23697,Jack,Cornelsen,1,1223
526,742.467345271,755.9007252583348,Warner Dearns (Japan),Kick Retreat,Green,949166,5,A,3000,Japan,40399,Warner,Dearns,1,1223
527,742.467345271,755.9007252583348,Ben Gunter (Japan),Kick Retreat,Green,949166,6,A,3000,Japan,26283,Ben,Gunter,1,1223
528,742.467345271,755.9007252583348,Kanji Shimokawa (Japan),Kick Retreat,Green,949166,7,A,3000,Japan,30962,Kanji,Shimokawa,1,1223
529,742.467345271,755.9007252583348,Michael Leitch (Japan),Kick Retreat,Green,949166,8,A,3000,Japan,11306,Michael,Leitch,1,1223
530,742.971150379,747.971150379,Sacha Feinberg-Mngomezulu (South Africa),Kick Chase,Gold,949166,10,H,900,South Africa,39074,Sacha,Feinberg-Mngomezulu,1,1223
531,743.046607143,755.9999399958973,Ox Nche (South Africa),Kick Chase,Green,949166,1,H,900,South Africa,23371,Ox,Nche,1,1223
532,743.046607143,755.9999399958973,Malcolm Marx (South Africa),Kick Chase,Green,949166,2,H,900,South Africa,21467,Malcolm,Marx,1,1223
533,743.046607143,755.9999399958973,Zachary Porthen (South Africa),Kick Chase,Green,949166,3,H,900,South Africa,57088,Zachary,Porthen,1,1223
534,743.046607143,755.9999399958973,RG Snyman (South Africa),Kick Chase,Green,949166,4,H,900,South Africa,22730,RG,Snyman,1,1223
535,743.046607143,755.9999399958973,Lood de Jager (South Africa),Kick Chase,Green,949166,5,H,900,South Africa,20524,Lood,de Jager,1,1223
536,743.046607143,755.9999399958973,Siya Kolisi (South Africa),Kick Chase,Green,949166,6,H,900,South Africa,17107,Siya,Kolisi,1,1223
537,743.046607143,755.9999399958973,Franco Mostert (South Africa),Kick Chase,Green,949166,7,H,900,South Africa,20097,Franco,Mostert,1,1223
538,743.046607143,755.9999399958973,Jasper Wiese (South Africa),Kick Chase,Green,949166,8,H,900,South Africa,24874,Jasper,Wiese,1,1223
539,743.046607143,755.9999399958973,Cobus Reinach (South Africa),Kick Chase,Green,949166,9,H,900,South Africa,19122,Cobus,Reinach,1,1223
540,743.046607143,755.9999399958973,Sacha Feinberg-Mngomezulu (South Africa),Kick Chase,Green,949166,10,H,900,South Africa,39074,Sacha,Feinberg-Mngomezulu,1,1223
541,743.046607143,755.9999399958973,Damian de Allende (South Africa),Kick Chase,Green,949166,12,H,900,South Africa,20037,Damian,de Allende,1,1223
542,743.046607143,755.9999399958973,Jesse Kriel (South Africa),Kick Chase,Green,949166,13,H,900,South Africa,20669,Jesse,Kriel,1,1223
543,743.046607143,755.9999399958973,Ethan Hooker (South Africa),Kick Chase,Green,949166,14,H,900,South Africa,44326,Ethan,Hooker,1,1223
544,745.506437488,755.9007252583348,Tomoki Osada (Japan),Kick Retreat,Green,949166,11,A,3000,Japan,31059,Tomoki,Osada,1,1220
545,745.506437488,755.9007252583348,Charlie Lawrence (Japan),Kick Retreat,Green,949166,12,A,3000,Japan,32522,Charlie,Lawrence,1,1220
546,745.506437488,755.9007252583348,Dylan Riley (Japan),Kick Retreat,Green,949166,13,A,3000,Japan,27652,Dylan,Riley,1,1220
547,745.506437488,755.9007252583348,Kippei Ishida (Japan),Kick Retreat,Green,949166,14,A,3000,Japan,34036,Kippei,Ishida,1,1220
548,746.083570799,755.9007252583348,Shinobu Fujiwara (Japan),Kick Retreat,Green,949166,9,A,3000,Japan,30969,Shinobu,Fujiwara,1,1220
549,844.529658416,856.146789745,Kenji Sato (Japan),Tackle,Green,949166,2,A,3000,Japan,61722,Kenji,Sato,1,1403
550,846.8622902494332,862.6994923336674,Dylan Riley (Japan),Turnover Attack,Gold,949166,13,A,3000,Japan,27652,Dylan,Riley,1,1406
551,850.9206802721088,857.735924606,Ben Gunter (Japan),Jackler,Green,949166,6,A,3000,Japan,26283,Ben,Gunter,1,1410
552,851.311052641,856.311052641,Damian de Allende (South Africa),Carry,Green,949166,12,H,900,South Africa,20037,Damian,de Allende,1,1410
553,851.326699793,856.326699793,Lood de Jager (South Africa),Ruck,Green,949166,5,H,900,South Africa,20524,Lood,de Jager,1,1410
554,851.865908694,856.865908694,Ox Nche (South Africa),Ruck,Green,949166,1,H,900,South Africa,23371,Ox,Nche,1,1410
555,853.038886237,858.038886237,Siya Kolisi (South Africa),Ruck,Red,949166,6,H,900,South Africa,17107,Siya,Kolisi,1,1412
556,856.9302947845805,864.329700972,Dylan Riley (Japan),Carry,Green,949166,13,A,3000,Japan,27652,Dylan,Riley,1,1413
557,857.074142466,862.074142466,Ethan Hooker (South Africa),Tackle,Green,949166,14,H,900,South Africa,44326,Ethan,Hooker,1,1416
558,860.44612707,865.44612707,Zachary Porthen (South Africa),Tackle,Green,949166,3,H,900,South Africa,57088,Zachary,Porthen,1,1419
559,860.44612707,869.319268874,Zachary Porthen (South Africa),Jackler,Red,949166,3,H,900,South Africa,57088,Zachary,Porthen,1,1419
560,860.829920774,865.829920774,Lood de Jager (South Africa),Tackle,Green,949166,5,H,900,South Africa,20524,Lood,de Jager,1,1420
561,862.0455328798186,867.0455328798186,Seungsin Lee (Japan),Carry,Green,949166,10,A,3000,Japan,37841,Seungsin,Lee,1,1420
562,862.0455328798186,869.145907206,Kanji Shimokawa (Japan),Ruck,Green,949166,7,A,3000,Japan,30962,Kanji,Shimokawa,1,1420
563,863.051714648,868.051714648,Franco Mostert (South Africa),Tackle,Green,949166,7,H,900,South Africa,20097,Franco,Mostert,1,1422
564,919.7684580498866,947.4873015873015,Kenta Kobayashi (Japan),Lineout Defence,Green,949166,1,A,3000,Japan,34481,Kenta,Kobayashi,1,1520
565,919.7684580498866,947.4873015873015,Shuhei Takeuchi (Japan),Lineout Defence,Green,949166,3,A,3000,Japan,37874,Shuhei,Takeuchi,1,1520
566,919.7684580498866,947.4873015873015,Jack Cornelsen (Japan),Lineout Defence,Green,949166,4,A,3000,Japan,23697,Jack,Cornelsen,1,1520
567,919.7684580498866,947.4873015873015,Kanji Shimokawa (Japan),Lineout Defence,Green,949166,7,A,3000,Japan,30962,Kanji,Shimokawa,1,1520
568,922.048553942,946.716107043,Ox Nche (South Africa),Lineout Attack,Green,949166,1,H,900,South Africa,23371,Ox,Nche,1,1520
569,922.048553942,946.716107043,Malcolm Marx (South Africa),Lineout Attack,Green,949166,2,H,900,South Africa,21467,Malcolm,Marx,1,1520
570,922.048553942,946.716107043,Zachary Porthen (South Africa),Lineout Attack,Green,949166,3,H,900,South Africa,57088,Zachary,Porthen,1,1520
571,922.048553942,946.716107043,RG Snyman (South Africa),Lineout Attack,Green,949166,4,H,900,South Africa,22730,RG,Snyman,1,1520
572,922.048553942,946.716107043,Lood de Jager (South Africa),Lineout Attack,Green,949166,5,H,900,South Africa,20524,Lood,de Jager,1,1520
573,922.048553942,946.716107043,Franco Mostert (South Africa),Lineout Attack,Green,949166,7,H,900,South Africa,20097,Franco,Mostert,1,1520
574,924.184744072,946.716107043,Siya Kolisi (South Africa),Lineout Attack,Yellow,949166,6,H,900,South Africa,17107,Siya,Kolisi,1,1520
575,931.589007055668,944.983567319,Warner Dearns (Japan),Lineout Defence,Red,949166,5,A,3000,Japan,40399,Warner,Dearns,1,1522
576,941.907815848,954.08645392,Kenta Kobayashi (Japan),Kick Retreat,Green,949166,1,A,3000,Japan,34481,Kenta,Kobayashi,1,1540
577,941.907815848,954.08645392,Kenji Sato (Japan),Kick Retreat,Green,949166,2,A,3000,Japan,61722,Kenji,Sato,1,1540
578,941.907815848,954.08645392,Shuhei Takeuchi (Japan),Kick Retreat,Green,949166,3,A,3000,Japan,37874,Shuhei,Takeuchi,1,1540
579,941.907815848,954.08645392,Jack Cornelsen (Japan),Kick Retreat,Green,949166,4,A,3000,Japan,23697,Jack,Cornelsen,1,1540
580,941.907815848,954.08645392,Ben Gunter (Japan),Kick Retreat,Green,949166,6,A,3000,Japan,26283,Ben,Gunter,1,1540
581,941.907815848,954.08645392,Kanji Shimokawa (Japan),Kick Retreat,Green,949166,7,A,3000,Japan,30962,Kanji,Shimokawa,1,1540
582,941.907815848,954.08645392,Michael Leitch (Japan),Kick Retreat,Green,949166,8,A,3000,Japan,11306,Michael,Leitch,1,1540
583,942.178593108,954.08645392,Charlie Lawrence (Japan),Kick Retreat,Green,949166,12,A,3000,Japan,32522,Charlie,Lawrence,1,1540
584,942.178593108,954.08645392,Dylan Riley (Japan),Kick Retreat,Green,949166,13,A,3000,Japan,27652,Dylan,Riley,1,1540
585,942.178593108,954.08645392,Kippei Ishida (Japan),Kick Retreat,Green,949166,14,A,3000,Japan,34036,Kippei,Ishida,1,1540
586,942.690110818,947.690110818,Seungsin Lee (Japan),Tackle,Green,949166,10,A,3000,Japan,37841,Seungsin,Lee,1,1540
587,943.358562919,952.296517010666,Warner Dearns (Japan),Kick Retreat ,Red,949166,5,A,3000,Japan,40399,Warner,Dearns,1,1540
588,943.449873245,954.08645392,Shinobu Fujiwara (Japan),Kick Retreat,Green,949166,9,A,3000,Japan,30969,Shinobu,Fujiwara,1,1540
589,943.793062144,948.793062144,Jasper Wiese (South Africa),Ruck,Green,949166,8,H,900,South Africa,24874,Jasper,Wiese,1,1543
590,944.348111748,949.348111748,Damian de Allende (South Africa),Kick Chase,Yellow,949166,12,H,900,South Africa,20037,Damian,de Allende,1,1543
591,944.348111748,949.348111748,Jesse Kriel (South Africa),Kick Chase,Yellow,949166,13,H,900,South Africa,20669,Jesse,Kriel,1,1543
592,945.796030116,952.692147087,Malcolm Marx (South Africa),Kick Chase,Green,949166,2,H,900,South Africa,21467,Malcolm,Marx,1,1545
593,945.796030116,952.692147087,Zachary Porthen (South Africa),Kick Chase,Green,949166,3,H,900,South Africa,57088,Zachary,Porthen,1,1545
594,945.796030116,952.692147087,RG Snyman (South Africa),Kick Chase,Green,949166,4,H,900,South Africa,22730,RG,Snyman,1,1545
595,945.796030116,952.692147087,Lood de Jager (South Africa),Kick Chase,Green,949166,5,H,900,South Africa,20524,Lood,de Jager,1,1545
596,945.796030116,952.692147087,Franco Mostert (South Africa),Kick Chase,Green,949166,7,H,900,South Africa,20097,Franco,Mostert,1,1545
597,945.796030116,952.692147087,Kurt-Lee Arendse (South Africa),Kick Chase,Green,949166,11,H,900,South Africa,34084,Kurt-Lee,Arendse,1,1545
598,945.796030116,952.692147087,Cheslin Kolbe (South Africa),Kick Chase,Green,949166,15,H,900,South Africa,20584,Cheslin,Kolbe,1,1545
599,946.118838299,951.118838299,Damian de Allende (South Africa),Carry,Red,949166,12,H,900,South Africa,20037,Damian,de Allende,1,1545
600,946.118838299,951.118838299,Jesse Kriel (South Africa),Ruck,Red,949166,13,H,900,South Africa,20669,Jesse,Kriel,1,1545
601,946.28851145,951.28851145,Jasper Wiese (South Africa),Kick Chase,Yellow,949166,8,H,900,South Africa,24874,Jasper,Wiese,1,1545
602,946.482691577,951.482691577,Ox Nche (South Africa),Kick Chase,Yellow,949166,1,H,900,South Africa,23371,Ox,Nche,1,1545
603,946.482691577,951.482691577,Siya Kolisi (South Africa),Kick Chase,Yellow,949166,6,H,900,South Africa,17107,Siya,Kolisi,1,1545
604,1006.14052154195,1020.562617062,Ox Nche (South Africa),Scrum Attack,Yellow,949166,1,H,900,South Africa,23371,Ox,Nche,1,1648
605,1006.14052154195,1020.562617062,Malcolm Marx (South Africa),Scrum Attack,Yellow,949166,2,H,900,South Africa,21467,Malcolm,Marx,1,1648
606,1006.14052154195,1020.562617062,Zachary Porthen (South Africa),Scrum Attack,Red,949166,3,H,900,South Africa,57088,Zachary,Porthen,1,1648
607,1006.14052154195,1020.562617062,RG Snyman (South Africa),Scrum Attack,Green,949166,4,H,900,South Africa,22730,RG,Snyman,1,1648
608,1006.14052154195,1020.562617062,Lood de Jager (South Africa),Scrum Attack,Green,949166,5,H,900,South Africa,20524,Lood,de Jager,1,1648
609,1006.14052154195,1020.562617062,Siya Kolisi (South Africa),Scrum Attack,Green,949166,6,H,900,South Africa,17107,Siya,Kolisi,1,1648
610,1006.14052154195,1020.562617062,Franco Mostert (South Africa),Scrum Attack,Green,949166,7,H,900,South Africa,20097,Franco,Mostert,1,1648
611,1006.14052154195,1020.562617062,Jasper Wiese (South Africa),Scrum Attack,Green,949166,8,H,900,South Africa,24874,Jasper,Wiese,1,1648
612,1007.9561451247164,1025.700766562339,Kenta Kobayashi (Japan),Scrum Defence,Green,949166,1,A,3000,Japan,34481,Kenta,Kobayashi,1,1648
613,1007.9561451247164,1025.700766562339,Kenji Sato (Japan),Scrum Defence,Green,949166,2,A,3000,Japan,61722,Kenji,Sato,1,1648
614,1007.9561451247164,1025.700766562339,Shuhei Takeuchi (Japan),Scrum Defence,Green,949166,3,A,3000,Japan,37874,Shuhei,Takeuchi,1,1648
615,1007.9561451247164,1025.700766562339,Jack Cornelsen (Japan),Scrum Defence,Green,949166,4,A,3000,Japan,23697,Jack,Cornelsen,1,1648
616,1007.9561451247164,1025.700766562339,Warner Dearns (Japan),Scrum Defence,Green,949166,5,A,3000,Japan,40399,Warner,Dearns,1,1648
617,1007.9561451247164,1025.700766562339,Ben Gunter (Japan),Scrum Defence,Green,949166,6,A,3000,Japan,26283,Ben,Gunter,1,1648
618,1007.9561451247164,1025.700766562339,Kanji Shimokawa (Japan),Scrum Defence,Green,949166,7,A,3000,Japan,30962,Kanji,Shimokawa,1,1648
619,1007.9561451247164,1025.700766562339,Michael Leitch (Japan),Scrum Defence,Green,949166,8,A,3000,Japan,11306,Michael,Leitch,1,1648
620,1015.3292517006804,1022.90904443,Kanji Shimokawa (Japan),Tackle,Green,949166,7,A,3000,Japan,30962,Kanji,Shimokawa,1,1653
621,1015.4989569160998,1020.4989569160998,Dylan Riley (Japan),Phase Defence,Red,949166,13,A,3000,Japan,27652,Dylan,Riley,1,1653
622,1017.365764502,1022.365764502,Siya Kolisi (South Africa),Ruck,Green,949166,6,H,900,South Africa,17107,Siya,Kolisi,1,1656
623,1018.5928798185942,1034.6995156886524,Michael Leitch (Japan),Jackler,Gold,949166,8,A,3000,Japan,11306,Michael,Leitch,1,1657
624,1018.905340491,1023.905340491,Lood de Jager (South Africa),Ruck,Green,949166,5,H,900,South Africa,20524,Lood,de Jager,1,1657
625,1020.1804535147392,1025.1804535147392,Seungsin Lee (Japan),Tackle,Green,949166,10,A,3000,Japan,37841,Seungsin,Lee,1,1658
626,1020.604620482,1025.604620482,Jasper Wiese (South Africa),Carry,Green,949166,8,H,900,South Africa,24874,Jasper,Wiese,1,1658
627,1022.321232673,1027.321232673,Damian de Allende (South Africa),Ruck,Green,949166,12,H,900,South Africa,20037,Damian,de Allende,1,1701
628,1023.329337074,1028.329337074,Franco Mostert (South Africa),Carry,Green,949166,7,H,900,South Africa,20097,Franco,Mostert,1,1702
629,1025.130949192,1030.130949192,Siya Kolisi (South Africa),Ruck,Red,949166,6,H,900,South Africa,17107,Siya,Kolisi,1,1704
630,1025.948982063,1032.437572071,Ben Gunter (Japan),Tackle,Green,949166,6,A,3000,Japan,26283,Ben,Gunter,1,1704
631,1028.458684769,1034.175637867,Jesse Kriel (South Africa),Ruck,Red,949166,13,H,900,South Africa,20669,Jesse,Kriel,1,1706
632,1028.465778767,1033.465778767,Lood de Jager (South Africa),Ruck,Red,949166,5,H,900,South Africa,20524,Lood,de Jager,1,1706
633,1029.528270565,1035.258494019,Kenta Kobayashi (Japan),Tackle,Green,949166,1,A,3000,Japan,34481,Kenta,Kobayashi,1,1708
634,1030.184144097,1035.184144097,Malcolm Marx (South Africa),Carry,Green,949166,2,H,900,South Africa,21467,Malcolm,Marx,1,1708
635,1034.585306122449,1040.983055495,Shuhei Takeuchi (Japan),Jackler,Yellow,949166,3,A,3000,Japan,37874,Shuhei,Takeuchi,1,1712
636,1037.782371331,1041.096986791,Cobus Reinach (South Africa),Carry,Green,949166,9,H,900,South Africa,19122,Cobus,Reinach,1,1716
637,1037.996036595,1042.996036595,Zachary Porthen (South Africa),Ruck,Green,949166,3,H,900,South Africa,57088,Zachary,Porthen,1,1716
638,1037.996036595,1042.996036595,RG Snyman (South Africa),Ruck,Green,949166,4,H,900,South Africa,22730,RG,Snyman,1,1716
639,1040.07524725,1045.07524725,Charlie Lawrence (Japan),Tackle,Green,949166,12,A,3000,Japan,32522,Charlie,Lawrence,1,1719
640,1047.122261236,1052.122261236,Kenji Sato (Japan),Tackle,Green,949166,2,A,3000,Japan,61722,Kenji,Sato,1,1726
641,1047.494181942,1052.494181942,Cheslin Kolbe (South Africa),Ruck,Green,949166,15,H,900,South Africa,20584,Cheslin,Kolbe,1,1726
642,1048.070036332,1053.070036332,Malcolm Marx (South Africa),Ruck,Red,949166,2,H,900,South Africa,21467,Malcolm,Marx,1,1727
643,1049.345250677,1054.345250677,Damian de Allende (South Africa),Carry,Red,949166,12,H,900,South Africa,20037,Damian,de Allende,1,1727
644,1188.2444671201813,1200.5980235610032,Dylan Riley (Japan),Kick Chase,Gold,949166,13,A,3000,Japan,27652,Dylan,Riley,1,1842
645,1195.825088937,1200.825088937,Dylan Riley (Japan),Carry,Green,949166,13,A,3000,Japan,27652,Dylan,Riley,1,1847
646,1201.364550918,1206.364550918,Charlie Lawrence (Japan),Ruck,Green,949166,12,A,3000,Japan,32522,Charlie,Lawrence,1,1853
647,1202.706758692,1207.706758692,Ethan Hooker (South Africa),Jackler,Green,949166,14,H,900,South Africa,44326,Ethan,Hooker,1,1854
648,1202.706758692,1207.706758692,Ethan Hooker (South Africa),Tackle,Green,949166,14,H,900,South Africa,44326,Ethan,Hooker,1,1854
649,1205.846405729,1210.846405729,Kanji Shimokawa (Japan),Ruck,Green,949166,7,A,3000,Japan,30962,Kanji,Shimokawa,1,1857
650,1205.846405729,1210.846405729,Michael Leitch (Japan),Ruck,Green,949166,8,A,3000,Japan,11306,Michael,Leitch,1,1857
651,1206.042902808,1211.042902808,RG Snyman (South Africa),Tackle,Green,949166,4,H,900,South Africa,22730,RG,Snyman,1,1857
652,1207.120441166,1212.469124304,Tomoki Osada (Japan),Carry,Green,949166,11,A,3000,Japan,31059,Tomoki,Osada,1,1859
653,1207.160034158,1212.160034158,Malcolm Marx (South Africa),Tackle,Green,949166,2,H,900,South Africa,21467,Malcolm,Marx,1,1859
654,1207.4847845804989,1213.5972683059874,Shuhei Takeuchi (Japan),Ruck,Green,949166,3,A,3000,Japan,37874,Shuhei,Takeuchi,1,1859
655,1207.4847845804989,1213.992569596671,Jack Cornelsen (Japan),Ruck,Green,949166,4,A,3000,Japan,23697,Jack,Cornelsen,1,1859
656,1209.5976536389903,1216.197577847326,Kenta Kobayashi (Japan),Carry,Green,949166,1,A,3000,Japan,34481,Kenta,Kobayashi,1,1901
657,1209.651644284,1214.651644284,Franco Mostert (South Africa),Tackle,Green,949166,7,H,900,South Africa,20097,Franco,Mostert,1,1901
658,1210.80671898,1215.80671898,Jasper Wiese (South Africa),Tackle,Green,949166,8,H,900,South Africa,24874,Jasper,Wiese,1,1902
659,1212.308458049887,1223.800116078997,Kenta Kobayashi (Japan),Kick Chase,Green,949166,1,A,3000,Japan,34481,Kenta,Kobayashi,1,1905
660,1212.308458049887,1223.800116078997,Kenji Sato (Japan),Kick Chase,Green,949166,2,A,3000,Japan,61722,Kenji,Sato,1,1905
661,1212.308458049887,1223.800116078997,Shuhei Takeuchi (Japan),Kick Chase,Green,949166,3,A,3000,Japan,37874,Shuhei,Takeuchi,1,1905
662,1212.308458049887,1223.800116078997,Jack Cornelsen (Japan),Kick Chase,Green,949166,4,A,3000,Japan,23697,Jack,Cornelsen,1,1905
663,1212.308458049887,1223.800116078997,Warner Dearns (Japan),Kick Chase,Green,949166,5,A,3000,Japan,40399,Warner,Dearns,1,1905
664,1212.308458049887,1223.800116078997,Ben Gunter (Japan),Kick Chase,Green,949166,6,A,3000,Japan,26283,Ben,Gunter,1,1905
665,1212.308458049887,1223.800116078997,Kanji Shimokawa (Japan),Kick Chase,Green,949166,7,A,3000,Japan,30962,Kanji,Shimokawa,1,1905
666,1212.308458049887,1223.800116078997,Michael Leitch (Japan),Kick Chase,Green,949166,8,A,3000,Japan,11306,Michael,Leitch,1,1905
667,1212.676314357,1223.800116078997,Tomoki Osada (Japan),Kick Chase,Green,949166,11,A,3000,Japan,31059,Tomoki,Osada,1,1905
668,1212.676314357,1223.800116078997,Charlie Lawrence (Japan),Kick Chase,Green,949166,12,A,3000,Japan,32522,Charlie,Lawrence,1,1905
669,1212.676314357,1223.800116078997,Dylan Riley (Japan),Kick Chase,Green,949166,13,A,3000,Japan,27652,Dylan,Riley,1,1905
670,1212.676314357,1223.800116078997,Kippei Ishida (Japan),Kick Chase,Green,949166,14,A,3000,Japan,34036,Kippei,Ishida,1,1905
671,1213.139833914,1223.17087691,Malcolm Marx (South Africa),Kick Retreat,Green,949166,2,H,900,South Africa,21467,Malcolm,Marx,1,1905
672,1213.139833914,1223.17087691,Zachary Porthen (South Africa),Kick Retreat,Green,949166,3,H,900,South Africa,57088,Zachary,Porthen,1,1905
673,1213.139833914,1223.17087691,RG Snyman (South Africa),Kick Retreat,Green,949166,4,H,900,South Africa,22730,RG,Snyman,1,1905
674,1213.139833914,1223.17087691,Lood de Jager (South Africa),Kick Retreat,Green,949166,5,H,900,South Africa,20524,Lood,de Jager,1,1905
675,1213.139833914,1223.17087691,Siya Kolisi (South Africa),Kick Retreat,Green,949166,6,H,900,South Africa,17107,Siya,Kolisi,1,1905
676,1213.139833914,1223.17087691,Franco Mostert (South Africa),Kick Retreat,Green,949166,7,H,900,South Africa,20097,Franco,Mostert,1,1905
677,1213.139833914,1223.17087691,Jasper Wiese (South Africa),Kick Retreat,Green,949166,8,H,900,South Africa,24874,Jasper,Wiese,1,1905
678,1213.139833914,1223.17087691,Cobus Reinach (South Africa),Kick Retreat,Green,949166,9,H,900,South Africa,19122,Cobus,Reinach,1,1905
679,1213.139833914,1223.17087691,Kurt-Lee Arendse (South Africa),Kick Retreat,Green,949166,11,H,900,South Africa,34084,Kurt-Lee,Arendse,1,1905
680,1213.139833914,1223.17087691,Damian de Allende (South Africa),Kick Retreat,Green,949166,12,H,900,South Africa,20037,Damian,de Allende,1,1905
681,1213.139833914,1223.17087691,Jesse Kriel (South Africa),Kick Retreat,Green,949166,13,H,900,South Africa,20669,Jesse,Kriel,1,1905
682,1213.139833914,1223.17087691,Ethan Hooker (South Africa),Kick Retreat,Green,949166,14,H,900,South Africa,44326,Ethan,Hooker,1,1905
683,1213.139833914,1223.17087691,Cheslin Kolbe (South Africa),Kick Retreat,Green,949166,15,H,900,South Africa,20584,Cheslin,Kolbe,1,1905
684,1213.139833914,1223.17087691,Gerhard Steenekamp (South Africa),Kick Retreat,Green,949166,17,H,900,South Africa,26092,Gerhard,Steenekamp,1,1905
685,1214.308547892,1219.308547892,Zachary Porthen (South Africa),Tackle,Green,949166,3,H,900,South Africa,57088,Zachary,Porthen,1,1905
686,1215.937434904,1220.937434904,Kenji Sato (Japan),Carry,Green,949166,2,A,3000,Japan,61722,Kenji,Sato,1,1908
687,1215.937434904,1220.937434904,Jack Cornelsen (Japan),Ruck,Green,949166,4,A,3000,Japan,23697,Jack,Cornelsen,1,1908
688,1215.937434904,1220.937434904,Warner Dearns (Japan),Ruck,Green,949166,5,A,3000,Japan,40399,Warner,Dearns,1,1908
689,1242.324843986,1258.400660287,Malcolm Marx (South Africa),Lineout Attack,Green,949166,2,H,900,South Africa,21467,Malcolm,Marx,1,1935
690,1242.324843986,1258.400660287,RG Snyman (South Africa),Lineout Attack,Green,949166,4,H,900,South Africa,22730,RG,Snyman,1,1935
691,1242.324843986,1258.400660287,Lood de Jager (South Africa),Lineout Attack,Green,949166,5,H,900,South Africa,20524,Lood,de Jager,1,1935
692,1242.324843986,1258.400660287,Franco Mostert (South Africa),Lineout Attack,Green,949166,7,H,900,South Africa,20097,Franco,Mostert,1,1935
693,1242.324843986,1258.400660287,Jasper Wiese (South Africa),Lineout Attack,Yellow,949166,8,H,900,South Africa,24874,Jasper,Wiese,1,1935
694,1242.6638095238095,1257.940732885,Kenta Kobayashi (Japan),Lineout Defence,Green,949166,1,A,3000,Japan,34481,Kenta,Kobayashi,1,1935
695,1242.6638095238095,1257.940732885,Shuhei Takeuchi (Japan),Lineout Defence,Green,949166,3,A,3000,Japan,37874,Shuhei,Takeuchi,1,1935
696,1242.850342663,1257.940732885,Jack Cornelsen (Japan),Lineout Defence,Green,949166,4,A,3000,Japan,23697,Jack,Cornelsen,1,1935
697,1242.850342663,1257.940732885,Warner Dearns (Japan),Lineout Defence,Green,949166,5,A,3000,Japan,40399,Warner,Dearns,1,1935
698,1250.522426303855,1255.522426303855,Kippei Ishida (Japan),Tackle,Green,949166,14,A,3000,Japan,34036,Kippei,Ishida,1,1941
699,1253.8633560090702,1258.8633560090702,Kenji Sato (Japan),Tackle,Green,949166,2,A,3000,Japan,61722,Kenji,Sato,1,1942
700,1297.6282993197278,1316.8149659863946,Kenta Kobayashi (Japan),Lineout Defence,Green,949166,1,A,3000,Japan,34481,Kenta,Kobayashi,1,2035
701,1297.6282993197278,1316.8149659863946,Shuhei Takeuchi (Japan),Lineout Defence,Green,949166,3,A,3000,Japan,37874,Shuhei,Takeuchi,1,2035
702,1297.6282993197278,1316.8149659863946,Jack Cornelsen (Japan),Lineout Defence,Green,949166,4,A,3000,Japan,23697,Jack,Cornelsen,1,2035
703,1297.6282993197278,1316.8149659863946,Michael Leitch (Japan),Lineout Defence,Green,949166,8,A,3000,Japan,11306,Michael,Leitch,1,2035
704,1298.250796473,1316.8149659863946,Kanji Shimokawa (Japan),Lineout Defence,Green,949166,7,A,3000,Japan,30962,Kanji,Shimokawa,1,2035
705,1300.79167947,1316.8149659863946,Warner Dearns (Japan),Lineout Defence,Green,949166,5,A,3000,Japan,40399,Warner,Dearns,1,2035
706,1304.762848438,1316.92456403,Malcolm Marx (South Africa),Lineout Attack,Green,949166,2,H,900,South Africa,21467,Malcolm,Marx,1,2035
707,1304.762848438,1316.92456403,Zachary Porthen (South Africa),Lineout Attack,Green,949166,3,H,900,South Africa,57088,Zachary,Porthen,1,2035
708,1304.762848438,1316.92456403,RG Snyman (South Africa),Lineout Attack,Green,949166,4,H,900,South Africa,22730,RG,Snyman,1,2035
709,1304.762848438,1316.92456403,Lood de Jager (South Africa),Lineout Attack,Green,949166,5,H,900,South Africa,20524,Lood,de Jager,1,2035
710,1304.762848438,1316.92456403,Siya Kolisi (South Africa),Lineout Attack,Green,949166,6,H,900,South Africa,17107,Siya,Kolisi,1,2035
711,1304.762848438,1316.92456403,Franco Mostert (South Africa),Lineout Attack,Green,949166,7,H,900,South Africa,20097,Franco,Mostert,1,2035
712,1304.762848438,1316.92456403,Jasper Wiese (South Africa),Lineout Attack,Green,949166,8,H,900,South Africa,24874,Jasper,Wiese,1,2035
713,1304.762848438,1316.92456403,Gerhard Steenekamp (South Africa),Lineout Attack,Green,949166,17,H,900,South Africa,26092,Gerhard,Steenekamp,1,2035
714,1312.8207029478458,1329.110844469,Tomoki Osada (Japan),Tackle,Gold,949166,11,A,3000,Japan,31059,Tomoki,Osada,1,2043
715,1313.378801006,1318.378801006,Jasper Wiese (South Africa),Ruck,Green,949166,8,H,900,South Africa,24874,Jasper,Wiese,1,2043
716,1313.6665986394555,1318.6665986394555,Kenji Sato (Japan),Tackle,Green,949166,2,A,3000,Japan,61722,Kenji,Sato,1,2043
717,1316.202285899,1321.202285899,RG Snyman (South Africa),Ruck,Green,949166,4,H,900,South Africa,22730,RG,Snyman,1,2048
718,1316.276876416,1321.276876416,Kanji Shimokawa (Japan),Tackle,Green,949166,7,A,3000,Japan,30962,Kanji,Shimokawa,1,2048
719,1318.353081,1323.353081,Siya Kolisi (South Africa),Carry,Yellow,949166,6,H,900,South Africa,17107,Siya,Kolisi,1,2049
720,1321.651865857,1326.651865857,Sacha Feinberg-Mngomezulu (South Africa),Ruck,Green,949166,10,H,900,South Africa,39074,Sacha,Feinberg-Mngomezulu,1,2053
721,1321.752099105,1326.752099105,Kurt-Lee Arendse (South Africa),Carry,Gold,949166,11,H,900,South Africa,34084,Kurt-Lee,Arendse,1,2053
722,1321.975328798186,1326.975328798186,Michael Leitch (Japan),Tackle,Green,949166,8,A,3000,Japan,11306,Michael,Leitch,1,2054
723,1322.2059637188208,1327.2059637188208,Tomoki Osada (Japan),Jackler,Green,949166,11,A,3000,Japan,31059,Tomoki,Osada,1,2054
724,1322.436606508,1327.436606508,Cheslin Kolbe (South Africa),Ruck,Green,949166,15,H,900,South Africa,20584,Cheslin,Kolbe,1,2054
725,1323.2104081632654,1328.2104081632654,Charlie Lawrence (Japan),Tackle,Green,949166,12,A,3000,Japan,32522,Charlie,Lawrence,1,2055
726,1325.397202106,1330.397202106,Kurt-Lee Arendse (South Africa),Ruck,Green,949166,11,H,900,South Africa,34084,Kurt-Lee,Arendse,1,2057
727,1326.992947845805,1336.136835272,Shinobu Fujiwara (Japan),Kick Retreat,Green,949166,9,A,3000,Japan,30969,Shinobu,Fujiwara,1,2057
728,1326.992947845805,1336.136835272,Seungsin Lee (Japan),Kick Retreat,Green,949166,10,A,3000,Japan,37841,Seungsin,Lee,1,2057
729,1327.079281478,1336.926705515,Malcolm Marx (South Africa),Kick Chase,Green,949166,2,H,900,South Africa,21467,Malcolm,Marx,1,2057
730,1327.079281478,1336.926705515,Zachary Porthen (South Africa),Kick Chase,Green,949166,3,H,900,South Africa,57088,Zachary,Porthen,1,2057
731,1327.079281478,1336.926705515,RG Snyman (South Africa),Kick Chase,Green,949166,4,H,900,South Africa,22730,RG,Snyman,1,2057
732,1327.079281478,1336.926705515,Lood de Jager (South Africa),Kick Chase,Green,949166,5,H,900,South Africa,20524,Lood,de Jager,1,2057
733,1327.079281478,1336.926705515,Siya Kolisi (South Africa),Kick Chase,Green,949166,6,H,900,South Africa,17107,Siya,Kolisi,1,2057
734,1327.079281478,1336.926705515,Franco Mostert (South Africa),Kick Chase,Green,949166,7,H,900,South Africa,20097,Franco,Mostert,1,2057
735,1327.079281478,1336.926705515,Jasper Wiese (South Africa),Kick Chase,Yellow,949166,8,H,900,South Africa,24874,Jasper,Wiese,1,2057
736,1327.079281478,1336.926705515,Cobus Reinach (South Africa),Kick Chase,Green,949166,9,H,900,South Africa,19122,Cobus,Reinach,1,2057
737,1327.079281478,1336.926705515,Damian de Allende (South Africa),Kick Chase,Green,949166,12,H,900,South Africa,20037,Damian,de Allende,1,2057
738,1327.079281478,1336.926705515,Jesse Kriel (South Africa),Kick Chase,Yellow,949166,13,H,900,South Africa,20669,Jesse,Kriel,1,2057
739,1327.079281478,1336.926705515,Gerhard Steenekamp (South Africa),Kick Chase,Green,949166,17,H,900,South Africa,26092,Gerhard,Steenekamp,1,2057
740,1327.3487301587302,1336.136835272,Kenta Kobayashi (Japan),Kick Retreat,Green,949166,1,A,3000,Japan,34481,Kenta,Kobayashi,1,2057
741,1327.3487301587302,1336.136835272,Kenji Sato (Japan),Kick Retreat,Green,949166,2,A,3000,Japan,61722,Kenji,Sato,1,2057
742,1327.3487301587302,1336.136835272,Shuhei Takeuchi (Japan),Kick Retreat,Green,949166,3,A,3000,Japan,37874,Shuhei,Takeuchi,1,2057
743,1327.3487301587302,1336.136835272,Jack Cornelsen (Japan),Kick Retreat,Green,949166,4,A,3000,Japan,23697,Jack,Cornelsen,1,2057
744,1327.3487301587302,1336.136835272,Warner Dearns (Japan),Kick Retreat,Green,949166,5,A,3000,Japan,40399,Warner,Dearns,1,2057
745,1327.3487301587302,1336.136835272,Ben Gunter (Japan),Kick Retreat,Green,949166,6,A,3000,Japan,26283,Ben,Gunter,1,2057
746,1327.3487301587302,1336.136835272,Kanji Shimokawa (Japan),Kick Retreat,Green,949166,7,A,3000,Japan,30962,Kanji,Shimokawa,1,2057
747,1327.3487301587302,1336.136835272,Michael Leitch (Japan),Kick Retreat,Green,949166,8,A,3000,Japan,11306,Michael,Leitch,1,2057
748,1327.603324168,1332.603324168,Tomoki Osada (Japan),Tackle,Green,949166,11,A,3000,Japan,31059,Tomoki,Osada,1,2057
749,1328.485008636,1336.136835272,Charlie Lawrence (Japan),Kick Retreat,Green,949166,12,A,3000,Japan,32522,Charlie,Lawrence,1,2058
750,1328.485008636,1336.136835272,Dylan Riley (Japan),Kick Retreat,Green,949166,13,A,3000,Japan,27652,Dylan,Riley,1,2058
751,1328.618162766,1333.618162766,Jesse Kriel (South Africa),Carry,Green,949166,13,H,900,South Africa,20669,Jesse,Kriel,1,2058
752,1359.5760317460315,1379.196439909297,Kenta Kobayashi (Japan),Lineout Defence,Green,949166,1,A,3000,Japan,34481,Kenta,Kobayashi,1,2136
753,1359.5760317460315,1379.196439909297,Shuhei Takeuchi (Japan),Lineout Defence,Green,949166,3,A,3000,Japan,37874,Shuhei,Takeuchi,1,2136
754,1359.5760317460315,1379.196439909297,Jack Cornelsen (Japan),Lineout Defence,Green,949166,4,A,3000,Japan,23697,Jack,Cornelsen,1,2136
755,1359.5760317460315,1379.196439909297,Warner Dearns (Japan),Lineout Defence,Green,949166,5,A,3000,Japan,40399,Warner,Dearns,1,2136
756,1359.5760317460315,1379.196439909297,Kanji Shimokawa (Japan),Lineout Defence,Green,949166,7,A,3000,Japan,30962,Kanji,Shimokawa,1,2136
757,1359.899051329324,1379.196439909297,Michael Leitch (Japan),Lineout Defence,Green,949166,8,A,3000,Japan,11306,Michael,Leitch,1,2136
758,1364.390801649,1381.644766656,Malcolm Marx (South Africa),Lineout Attack,Green,949166,2,H,900,South Africa,21467,Malcolm,Marx,1,2136
759,1364.390801649,1381.644766656,Zachary Porthen (South Africa),Lineout Attack,Green,949166,3,H,900,South Africa,57088,Zachary,Porthen,1,2136
760,1364.390801649,1381.644766656,RG Snyman (South Africa),Lineout Attack,Green,949166,4,H,900,South Africa,22730,RG,Snyman,1,2136
761,1364.390801649,1381.644766656,Lood de Jager (South Africa),Lineout Attack,Green,949166,5,H,900,South Africa,20524,Lood,de Jager,1,2136
762,1364.390801649,1381.644766656,Siya Kolisi (South Africa),Lineout Attack,Green,949166,6,H,900,South Africa,17107,Siya,Kolisi,1,2136
763,1364.390801649,1381.644766656,Franco Mostert (South Africa),Lineout Attack,Green,949166,7,H,900,South Africa,20097,Franco,Mostert,1,2136
764,1364.390801649,1381.644766656,Jasper Wiese (South Africa),Lineout Attack,Green,949166,8,H,900,South Africa,24874,Jasper,Wiese,1,2136
765,1364.390801649,1381.644766656,Gerhard Steenekamp (South Africa),Lineout Attack,Green,949166,17,H,900,South Africa,26092,Gerhard,Steenekamp,1,2136
766,1374.536507936508,1379.536507936508,Ben Gunter (Japan),Tackle,Green,949166,6,A,3000,Japan,26283,Ben,Gunter,1,2147
767,1377.586341500563,1383.7003475006434,Damian de Allende (South Africa),Carry,Green,949166,12,H,900,South Africa,20037,Damian,de Allende,1,2148
768,1379.292815183,1384.292815183,Kurt-Lee Arendse (South Africa),Ruck,Green,949166,11,H,900,South Africa,34084,Kurt-Lee,Arendse,1,2151
769,1380.400874666,1386.386495986,Ben Gunter (Japan),Jackler,Green,949166,6,A,3000,Japan,26283,Ben,Gunter,1,2152
770,1380.874510562,1385.874510562,Malcolm Marx (South Africa),Ruck,Green,949166,2,H,900,South Africa,21467,Malcolm,Marx,1,2152
771,1380.874510562,1385.874510562,Jasper Wiese (South Africa),Ruck,Green,949166,8,H,900,South Africa,24874,Jasper,Wiese,1,2152
772,1381.3697052154196,1386.3697052154196,Kenji Sato (Japan),Tackle,Green,949166,2,A,3000,Japan,61722,Kenji,Sato,1,2152
773,1381.4784807256235,1386.4784807256235,Michael Leitch (Japan),Jackler,Green,949166,8,A,3000,Japan,11306,Michael,Leitch,1,2152
774,1382.178911564626,1397.501079690997,Kenta Kobayashi (Japan),Kick Retreat,Green,949166,1,A,3000,Japan,34481,Kenta,Kobayashi,1,2154
775,1382.178911564626,1397.501079690997,Kenji Sato (Japan),Kick Retreat,Green,949166,2,A,3000,Japan,61722,Kenji,Sato,1,2154
776,1382.178911564626,1397.501079690997,Shuhei Takeuchi (Japan),Kick Retreat,Green,949166,3,A,3000,Japan,37874,Shuhei,Takeuchi,1,2154
777,1382.178911564626,1397.501079690997,Jack Cornelsen (Japan),Kick Retreat,Green,949166,4,A,3000,Japan,23697,Jack,Cornelsen,1,2154
778,1382.178911564626,1397.501079690997,Warner Dearns (Japan),Kick Retreat,Green,949166,5,A,3000,Japan,40399,Warner,Dearns,1,2154
779,1382.178911564626,1397.501079690997,Ben Gunter (Japan),Kick Retreat,Green,949166,6,A,3000,Japan,26283,Ben,Gunter,1,2154
780,1382.178911564626,1397.501079690997,Kanji Shimokawa (Japan),Kick Retreat,Green,949166,7,A,3000,Japan,30962,Kanji,Shimokawa,1,2154
781,1382.178911564626,1397.501079690997,Michael Leitch (Japan),Kick Retreat,Green,949166,8,A,3000,Japan,11306,Michael,Leitch,1,2154
782,1383.901427258,1388.901427258,Jack Cornelsen (Japan),Charge Down,Green,949166,4,A,3000,Japan,23697,Jack,Cornelsen,1,2154
783,1385.280290953,1397.501079690997,Seungsin Lee (Japan),Kick Retreat,Green,949166,10,A,3000,Japan,37841,Seungsin,Lee,1,2159
784,1385.280290953,1397.501079690997,Tomoki Osada (Japan),Kick Retreat,Green,949166,11,A,3000,Japan,31059,Tomoki,Osada,1,2159
785,1385.280290953,1397.501079690997,Charlie Lawrence (Japan),Kick Retreat,Green,949166,12,A,3000,Japan,32522,Charlie,Lawrence,1,2159
786,1385.280290953,1397.501079690997,Dylan Riley (Japan),Kick Retreat,Green,949166,13,A,3000,Japan,27652,Dylan,Riley,1,2159
787,1386.448428994,1394.650963862,Malcolm Marx (South Africa),Kick Chase,Green,949166,2,H,900,South Africa,21467,Malcolm,Marx,1,2159
788,1386.448428994,1394.650963862,Zachary Porthen (South Africa),Kick Chase,Green,949166,3,H,900,South Africa,57088,Zachary,Porthen,1,2159
789,1386.448428994,1394.650963862,RG Snyman (South Africa),Kick Chase,Green,949166,4,H,900,South Africa,22730,RG,Snyman,1,2159
790,1386.448428994,1394.650963862,Lood de Jager (South Africa),Kick Chase,Green,949166,5,H,900,South Africa,20524,Lood,de Jager,1,2159
791,1386.448428994,1394.650963862,Siya Kolisi (South Africa),Kick Chase,Yellow,949166,6,H,900,South Africa,17107,Siya,Kolisi,1,2159
792,1386.448428994,1394.650963862,Franco Mostert (South Africa),Kick Chase,Green,949166,7,H,900,South Africa,20097,Franco,Mostert,1,2159
793,1386.448428994,1394.650963862,Jasper Wiese (South Africa),Kick Chase,Yellow,949166,8,H,900,South Africa,24874,Jasper,Wiese,1,2159
794,1386.448428994,1394.650963862,Cobus Reinach (South Africa),Kick Chase,Green,949166,9,H,900,South Africa,19122,Cobus,Reinach,1,2159
795,1386.448428994,1394.650963862,Kurt-Lee Arendse (South Africa),Kick Chase,Green,949166,11,H,900,South Africa,34084,Kurt-Lee,Arendse,1,2159
796,1386.448428994,1394.650963862,Damian de Allende (South Africa),Kick Chase,Green,949166,12,H,900,South Africa,20037,Damian,de Allende,1,2159
797,1386.448428994,1394.650963862,Jesse Kriel (South Africa),Kick Chase,Green,949166,13,H,900,South Africa,20669,Jesse,Kriel,1,2159
798,1386.448428994,1394.650963862,Ethan Hooker (South Africa),Kick Chase,Green,949166,14,H,900,South Africa,44326,Ethan,Hooker,1,2159
799,1386.448428994,1394.650963862,Gerhard Steenekamp (South Africa),Kick Chase,Green,949166,17,H,900,South Africa,26092,Gerhard,Steenekamp,1,2159
800,1398.22179138322,1413.633938111,Kenta Kobayashi (Japan),Kick Chase,Green,949166,1,A,3000,Japan,34481,Kenta,Kobayashi,1,2213
801,1398.22179138322,1413.633938111,Kenji Sato (Japan),Kick Chase,Green,949166,2,A,3000,Japan,61722,Kenji,Sato,1,2213
802,1398.22179138322,1413.633938111,Shuhei Takeuchi (Japan),Kick Chase,Green,949166,3,A,3000,Japan,37874,Shuhei,Takeuchi,1,2213
803,1398.22179138322,1413.633938111,Jack Cornelsen (Japan),Kick Chase,Green,949166,4,A,3000,Japan,23697,Jack,Cornelsen,1,2213
804,1398.22179138322,1413.633938111,Warner Dearns (Japan),Kick Chase,Green,949166,5,A,3000,Japan,40399,Warner,Dearns,1,2213
805,1398.22179138322,1413.633938111,Ben Gunter (Japan),Kick Chase,Green,949166,6,A,3000,Japan,26283,Ben,Gunter,1,2213
806,1398.22179138322,1413.633938111,Kanji Shimokawa (Japan),Kick Chase,Green,949166,7,A,3000,Japan,30962,Kanji,Shimokawa,1,2213
807,1400.454880483,1405.454880483,Cobus Reinach (South Africa),Charge Down,Green,949166,9,H,900,South Africa,19122,Cobus,Reinach,1,2213
808,1402.457517098,1413.633938111,Tomoki Osada (Japan),Kick Chase,Green,949166,11,A,3000,Japan,31059,Tomoki,Osada,1,2215
809,1402.457517098,1413.633938111,Charlie Lawrence (Japan),Kick Chase,Green,949166,12,A,3000,Japan,32522,Charlie,Lawrence,1,2215
810,1402.457517098,1413.633938111,Kippei Ishida (Japan),Kick Chase,Green,949166,14,A,3000,Japan,34036,Kippei,Ishida,1,2215
811,1409.5995464852608,1426.6954421768708,Kenta Kobayashi (Japan),Kick Retreat,Green,949166,1,A,3000,Japan,34481,Kenta,Kobayashi,1,2223
812,1409.5995464852608,1426.6954421768708,Kenji Sato (Japan),Kick Retreat,Green,949166,2,A,3000,Japan,61722,Kenji,Sato,1,2223
813,1409.5995464852608,1426.6954421768708,Jack Cornelsen (Japan),Kick Retreat,Green,949166,4,A,3000,Japan,23697,Jack,Cornelsen,1,2223
814,1409.5995464852608,1426.6954421768708,Ben Gunter (Japan),Kick Retreat,Green,949166,6,A,3000,Japan,26283,Ben,Gunter,1,2223
815,1409.5995464852608,1426.6954421768708,Kanji Shimokawa (Japan),Kick Retreat,Green,949166,7,A,3000,Japan,30962,Kanji,Shimokawa,1,2223
816,1409.946207444,1423.634385154,Malcolm Marx (South Africa),Kick Chase,Green,949166,2,H,900,South Africa,21467,Malcolm,Marx,1,2223
817,1409.946207444,1423.634385154,Zachary Porthen (South Africa),Kick Chase,Green,949166,3,H,900,South Africa,57088,Zachary,Porthen,1,2223
818,1409.946207444,1423.634385154,RG Snyman (South Africa),Kick Chase,Green,949166,4,H,900,South Africa,22730,RG,Snyman,1,2223
819,1409.946207444,1423.634385154,Lood de Jager (South Africa),Kick Chase,Yellow,949166,5,H,900,South Africa,20524,Lood,de Jager,1,2223
820,1409.946207444,1423.634385154,Siya Kolisi (South Africa),Kick Chase,Yellow,949166,6,H,900,South Africa,17107,Siya,Kolisi,1,2223
821,1409.946207444,1423.634385154,Franco Mostert (South Africa),Kick Chase,Green,949166,7,H,900,South Africa,20097,Franco,Mostert,1,2223
822,1409.946207444,1423.634385154,Jasper Wiese (South Africa),Kick Chase,Yellow,949166,8,H,900,South Africa,24874,Jasper,Wiese,1,2223
823,1409.946207444,1423.634385154,Sacha Feinberg-Mngomezulu (South Africa),Kick Chase,Green,949166,10,H,900,South Africa,39074,Sacha,Feinberg-Mngomezulu,1,2223
824,1409.946207444,1423.634385154,Damian de Allende (South Africa),Kick Chase,Yellow,949166,12,H,900,South Africa,20037,Damian,de Allende,1,2223
825,1409.946207444,1423.634385154,Jesse Kriel (South Africa),Kick Chase,Green,949166,13,H,900,South Africa,20669,Jesse,Kriel,1,2223
826,1409.946207444,1423.634385154,Ethan Hooker (South Africa),Kick Chase,Green,949166,14,H,900,South Africa,44326,Ethan,Hooker,1,2223
827,1409.946207444,1423.634385154,Gerhard Steenekamp (South Africa),Kick Chase,Green,949166,17,H,900,South Africa,26092,Gerhard,Steenekamp,1,2223
828,1410.0871280173155,1419.197407641994,Shuhei Takeuchi (Japan),Kick Retreat,Green,949166,3,A,3000,Japan,37874,Shuhei,Takeuchi,1,2223
829,1411.273628117914,1423.7984427743322,Warner Dearns (Japan),Kick Retreat ,Red,949166,5,A,3000,Japan,40399,Warner,Dearns,1,2223
830,1411.6772335600906,1423.6986934506645,Tomoki Osada (Japan),Kick Retreat,Yellow,949166,11,A,3000,Japan,31059,Tomoki,Osada,1,2219
831,1412.678008418,1426.6954421768708,Charlie Lawrence (Japan),Kick Retreat,Green,949166,12,A,3000,Japan,32522,Charlie,Lawrence,1,2224
832,1412.678008418,1426.6954421768708,Kippei Ishida (Japan),Kick Retreat,Green,949166,14,A,3000,Japan,34036,Kippei,Ishida,1,2224
833,1422.824004621,1428.777138004,Jack Cornelsen (Japan),Ruck,Red,949166,4,A,3000,Japan,23697,Jack,Cornelsen,1,2235
834,1423.0870643516555,1429.76529253,Kenji Sato (Japan),Ruck,Green,949166,2,A,3000,Japan,61722,Kenji,Sato,1,2235
835,1424.1079138321995,1433.832133645,Yoshitaka Yazaki (Japan),Carry,Red,949166,15,A,3000,Japan,59862,Yoshitaka,Yazaki,1,2236
836,1424.235331631,1429.235331631,Sacha Feinberg-Mngomezulu (South Africa),Tackle,Green,949166,10,H,900,South Africa,39074,Sacha,Feinberg-Mngomezulu,1,2236
837,1424.76529253,1431.993329337,Michael Leitch (Japan),Ruck,Yellow,949166,8,A,3000,Japan,11306,Michael,Leitch,1,2236
838,1424.808214426,1429.808214426,Lood de Jager (South Africa),Tackle,Green,949166,5,H,900,South Africa,20524,Lood,de Jager,1,2236
839,1428.607907724,1433.607907724,Malcolm Marx (South Africa),Charge Down,Green,949166,2,H,900,South Africa,21467,Malcolm,Marx,1,2238
840,1428.6524716553288,1445.8001310430018,Kenji Sato (Japan),Kick Chase,Green,949166,2,A,3000,Japan,61722,Kenji,Sato,1,2238
841,1428.6524716553288,1445.8001310430018,Shuhei Takeuchi (Japan),Kick Chase,Green,949166,3,A,3000,Japan,37874,Shuhei,Takeuchi,1,2238
842,1428.6524716553288,1445.8001310430018,Warner Dearns (Japan),Kick Chase,Green,949166,5,A,3000,Japan,40399,Warner,Dearns,1,2238
843,1428.6524716553288,1445.8001310430018,Ben Gunter (Japan),Kick Chase,Green,949166,6,A,3000,Japan,26283,Ben,Gunter,1,2238
844,1428.940296471,1445.8001310430018,Tomoki Osada (Japan),Kick Chase,Green,949166,11,A,3000,Japan,31059,Tomoki,Osada,1,2238
845,1428.940296471,1445.8001310430018,Charlie Lawrence (Japan),Kick Chase,Green,949166,12,A,3000,Japan,32522,Charlie,Lawrence,1,2238
846,1428.940296471,1445.8001310430018,Dylan Riley (Japan),Kick Chase,Green,949166,13,A,3000,Japan,27652,Dylan,Riley,1,2238
847,1428.940296471,1445.8001310430018,Kippei Ishida (Japan),Kick Chase,Green,949166,14,A,3000,Japan,34036,Kippei,Ishida,1,2238
848,1429.038260729,1443.663682477,Malcolm Marx (South Africa),Kick Retreat,Green,949166,2,H,900,South Africa,21467,Malcolm,Marx,1,2238
849,1429.038260729,1443.663682477,Zachary Porthen (South Africa),Kick Retreat,Green,949166,3,H,900,South Africa,57088,Zachary,Porthen,1,2238
850,1429.038260729,1443.663682477,RG Snyman (South Africa),Kick Retreat,Green,949166,4,H,900,South Africa,22730,RG,Snyman,1,2238
851,1429.038260729,1443.663682477,Lood de Jager (South Africa),Kick Retreat,Green,949166,5,H,900,South Africa,20524,Lood,de Jager,1,2238
852,1429.038260729,1443.663682477,Siya Kolisi (South Africa),Kick Retreat,Green,949166,6,H,900,South Africa,17107,Siya,Kolisi,1,2238
853,1429.038260729,1443.663682477,Franco Mostert (South Africa),Kick Retreat,Green,949166,7,H,900,South Africa,20097,Franco,Mostert,1,2238
854,1429.038260729,1443.663682477,Jasper Wiese (South Africa),Kick Retreat,Green,949166,8,H,900,South Africa,24874,Jasper,Wiese,1,2238
855,1429.038260729,1443.663682477,Cobus Reinach (South Africa),Kick Retreat,Green,949166,9,H,900,South Africa,19122,Cobus,Reinach,1,2238
856,1429.038260729,1443.663682477,Sacha Feinberg-Mngomezulu (South Africa),Kick Retreat,Green,949166,10,H,900,South Africa,39074,Sacha,Feinberg-Mngomezulu,1,2238
857,1429.038260729,1443.663682477,Damian de Allende (South Africa),Kick Retreat,Green,949166,12,H,900,South Africa,20037,Damian,de Allende,1,2238
858,1429.038260729,1443.663682477,Jesse Kriel (South Africa),Kick Retreat,Green,949166,13,H,900,South Africa,20669,Jesse,Kriel,1,2238
859,1429.038260729,1443.663682477,Ethan Hooker (South Africa),Kick Retreat,Green,949166,14,H,900,South Africa,44326,Ethan,Hooker,1,2238
860,1429.038260729,1443.663682477,Gerhard Steenekamp (South Africa),Kick Retreat,Green,949166,17,H,900,South Africa,26092,Gerhard,Steenekamp,1,2238
861,1429.100739303,1435.062924165,Zachary Porthen (South Africa),Tackle,Green,949166,3,H,900,South Africa,57088,Zachary,Porthen,1,2238
862,1430.687070204,1435.687070204,Kenta Kobayashi (Japan),Ruck,Green,949166,1,A,3000,Japan,34481,Kenta,Kobayashi,1,2243
863,1430.687070204,1435.687070204,Ben Gunter (Japan),Ruck,Green,949166,6,A,3000,Japan,26283,Ben,Gunter,1,2243
864,1432.953269837,1437.953269837,Kanji Shimokawa (Japan),Carry,Green,949166,7,A,3000,Japan,30962,Kanji,Shimokawa,1,2244
865,1438.5514285714285,1443.5514285714285,Kenta Kobayashi (Japan),Kick Chase,Red,949166,1,A,3000,Japan,34481,Kenta,Kobayashi,1,2249
866,1438.5514285714285,1443.5514285714285,Jack Cornelsen (Japan),Kick Chase,Red,949166,4,A,3000,Japan,23697,Jack,Cornelsen,1,2249
867,1438.5514285714285,1443.5514285714285,Kanji Shimokawa (Japan),Kick Chase,Red,949166,7,A,3000,Japan,30962,Kanji,Shimokawa,1,2249
868,1438.5514285714285,1443.5514285714285,Michael Leitch (Japan),Kick Chase,Red,949166,8,A,3000,Japan,11306,Michael,Leitch,1,2249
869,1439.87984438,1448.831795887,Charlie Lawrence (Japan),Tackle,Green,949166,12,A,3000,Japan,32522,Charlie,Lawrence,1,2251
870,1441.507001844,1446.507001844,Damian de Allende (South Africa),Ruck,Green,949166,12,H,900,South Africa,20037,Damian,de Allende,1,2253
871,1442.256382443,1447.256382443,Franco Mostert (South Africa),Ruck,Green,949166,7,H,900,South Africa,20097,Franco,Mostert,1,2254
872,1442.924831695,1447.924831695,Kurt-Lee Arendse (South Africa),Carry,Green,949166,11,H,900,South Africa,34084,Kurt-Lee,Arendse,1,2254
873,1447.209855647,1452.209855647,Kenta Kobayashi (Japan),Tackle,Green,949166,1,A,3000,Japan,34481,Kenta,Kobayashi,1,2258
874,1448.896740573,1453.896740573,Kanji Shimokawa (Japan),Tackle,Green,949166,7,A,3000,Japan,30962,Kanji,Shimokawa,1,2301
875,1449.862358276644,1463.700988338665,Kenta Kobayashi (Japan),Kick Retreat,Green,949166,1,A,3000,Japan,34481,Kenta,Kobayashi,1,2301
876,1449.862358276644,1463.700988338665,Kenji Sato (Japan),Kick Retreat,Green,949166,2,A,3000,Japan,61722,Kenji,Sato,1,2301
877,1449.862358276644,1463.700988338665,Shuhei Takeuchi (Japan),Kick Retreat,Green,949166,3,A,3000,Japan,37874,Shuhei,Takeuchi,1,2301
878,1449.862358276644,1463.700988338665,Jack Cornelsen (Japan),Kick Retreat,Green,949166,4,A,3000,Japan,23697,Jack,Cornelsen,1,2301
879,1449.862358276644,1463.700988338665,Warner Dearns (Japan),Kick Retreat,Green,949166,5,A,3000,Japan,40399,Warner,Dearns,1,2301
880,1449.862358276644,1463.700988338665,Ben Gunter (Japan),Kick Retreat,Green,949166,6,A,3000,Japan,26283,Ben,Gunter,1,2301
881,1449.862358276644,1463.700988338665,Kanji Shimokawa (Japan),Kick Retreat,Green,949166,7,A,3000,Japan,30962,Kanji,Shimokawa,1,2301
882,1449.862358276644,1463.700988338665,Michael Leitch (Japan),Kick Retreat,Green,949166,8,A,3000,Japan,11306,Michael,Leitch,1,2301
883,1450.163241526,1463.700988338665,Tomoki Osada (Japan),Kick Retreat,Green,949166,11,A,3000,Japan,31059,Tomoki,Osada,1,2301
884,1450.163241526,1463.700988338665,Charlie Lawrence (Japan),Kick Retreat,Green,949166,12,A,3000,Japan,32522,Charlie,Lawrence,1,2301
885,1450.163241526,1463.700988338665,Dylan Riley (Japan),Kick Retreat,Green,949166,13,A,3000,Japan,27652,Dylan,Riley,1,2301
886,1450.163241526,1463.700988338665,Kippei Ishida (Japan),Kick Retreat,Green,949166,14,A,3000,Japan,34036,Kippei,Ishida,1,2301
887,1452.113015873016,1457.113015873016,Warner Dearns (Japan),Charge Down,Green,949166,5,A,3000,Japan,40399,Warner,Dearns,1,2305
888,1452.564072708,1462.61098374,Malcolm Marx (South Africa),Kick Chase,Green,949166,2,H,900,South Africa,21467,Malcolm,Marx,1,2305
889,1452.564072708,1462.61098374,Zachary Porthen (South Africa),Kick Chase,Green,949166,3,H,900,South Africa,57088,Zachary,Porthen,1,2305
890,1452.564072708,1462.61098374,RG Snyman (South Africa),Kick Chase,Green,949166,4,H,900,South Africa,22730,RG,Snyman,1,2305
891,1452.564072708,1462.61098374,Lood de Jager (South Africa),Kick Chase,Green,949166,5,H,900,South Africa,20524,Lood,de Jager,1,2305
892,1452.564072708,1462.61098374,Siya Kolisi (South Africa),Kick Chase,Green,949166,6,H,900,South Africa,17107,Siya,Kolisi,1,2305
893,1452.564072708,1462.61098374,Franco Mostert (South Africa),Kick Chase,Green,949166,7,H,900,South Africa,20097,Franco,Mostert,1,2305
894,1452.564072708,1462.61098374,Jasper Wiese (South Africa),Kick Chase,Green,949166,8,H,900,South Africa,24874,Jasper,Wiese,1,2305
895,1452.564072708,1462.61098374,Cobus Reinach (South Africa),Kick Chase,Green,949166,9,H,900,South Africa,19122,Cobus,Reinach,1,2305
896,1452.564072708,1462.61098374,Damian de Allende (South Africa),Kick Chase,Green,949166,12,H,900,South Africa,20037,Damian,de Allende,1,2305
897,1452.564072708,1462.61098374,Jesse Kriel (South Africa),Kick Chase,Green,949166,13,H,900,South Africa,20669,Jesse,Kriel,1,2305
898,1452.564072708,1462.61098374,Ethan Hooker (South Africa),Kick Chase,Green,949166,14,H,900,South Africa,44326,Ethan,Hooker,1,2305
899,1452.564072708,1462.61098374,Gerhard Steenekamp (South Africa),Kick Chase,Green,949166,17,H,900,South Africa,26092,Gerhard,Steenekamp,1,2305
900,1453.44621874,1458.44621874,Malcolm Marx (South Africa),Ruck,Green,949166,2,H,900,South Africa,21467,Malcolm,Marx,1,2305
901,1453.44621874,1458.44621874,Zachary Porthen (South Africa),Ruck,Green,949166,3,H,900,South Africa,57088,Zachary,Porthen,1,2305
902,1453.461330674,1458.461330674,RG Snyman (South Africa),Ruck,Green,949166,4,H,900,South Africa,22730,RG,Snyman,1,2305
903,1454.1041747,1459.1041747,Gerhard Steenekamp (South Africa),Carry,Green,949166,17,H,900,South Africa,26092,Gerhard,Steenekamp,1,2306
904,1454.684226327,1459.684226327,Kurt-Lee Arendse (South Africa),Kick Chase,Gold,949166,11,H,900,South Africa,34084,Kurt-Lee,Arendse,1,2306
905,1458.4469614512473,1463.4469614512473,Shuhei Takeuchi (Japan),Turnover Defence,Red,949166,3,A,3000,Japan,37874,Shuhei,Takeuchi,1,2309
906,1458.4469614512473,1463.4469614512473,Warner Dearns (Japan),Turnover Defence,Red,949166,5,A,3000,Japan,40399,Warner,Dearns,1,2309
907,1462.010657596372,1467.010657596372,Kanji Shimokawa (Japan),Tackle,Green,949166,7,A,3000,Japan,30962,Kanji,Shimokawa,1,2312
908,1462.914754729,1467.914754729,Damian de Allende (South Africa),Ruck,Red,949166,12,H,900,South Africa,20037,Damian,de Allende,1,2315
909,1463.903408856,1468.903408856,Jasper Wiese (South Africa),Ruck,Red,949166,8,H,900,South Africa,24874,Jasper,Wiese,1,2315
910,1464.891227094,1469.891227094,Franco Mostert (South Africa),Carry,Green,949166,7,H,900,South Africa,20097,Franco,Mostert,1,2318
911,1522.879931972789,1547.4353968253968,Kenta Kobayashi (Japan),Lineout Attack,Green,949166,1,A,3000,Japan,34481,Kenta,Kobayashi,1,2404
912,1522.879931972789,1547.4353968253968,Shuhei Takeuchi (Japan),Lineout Attack,Green,949166,3,A,3000,Japan,37874,Shuhei,Takeuchi,1,2404
913,1522.879931972789,1547.4353968253968,Jack Cornelsen (Japan),Lineout Attack,Green,949166,4,A,3000,Japan,23697,Jack,Cornelsen,1,2404
914,1522.879931972789,1547.4353968253968,Warner Dearns (Japan),Lineout Attack,Green,949166,5,A,3000,Japan,40399,Warner,Dearns,1,2404
915,1522.879931972789,1547.4353968253968,Kanji Shimokawa (Japan),Lineout Attack,Green,949166,7,A,3000,Japan,30962,Kanji,Shimokawa,1,2404
916,1523.6001732,1544.867825803,Jasper Wiese (South Africa),Lineout Defence,Green,949166,8,H,900,South Africa,24874,Jasper,Wiese,1,2404
917,1524.264648526077,1544.867825803,Zachary Porthen (South Africa),Lineout Defence,Green,949166,3,H,900,South Africa,57088,Zachary,Porthen,1,2404
918,1524.264648526077,1544.867825803,RG Snyman (South Africa),Lineout Defence,Green,949166,4,H,900,South Africa,22730,RG,Snyman,1,2404
919,1524.264648526077,1544.867825803,Lood de Jager (South Africa),Lineout Defence,Green,949166,5,H,900,South Africa,20524,Lood,de Jager,1,2404
920,1524.264648526077,1544.867825803,Gerhard Steenekamp (South Africa),Lineout Defence,Green,949166,17,H,900,South Africa,26092,Gerhard,Steenekamp,1,2404
921,1528.362004004,1544.867825803,Malcolm Marx (South Africa),Lineout Defence,Green,949166,2,H,900,South Africa,21467,Malcolm,Marx,1,2404
922,1531.38589569161,1547.4353968253968,Kenji Sato (Japan),Lineout Attack,Green,949166,2,A,3000,Japan,61722,Kenji,Sato,1,2408
923,1537.1065532879818,1556.0973242630384,Kenta Kobayashi (Japan),Kick Chase,Green,949166,1,A,3000,Japan,34481,Kenta,Kobayashi,1,2408
924,1537.1065532879818,1556.0973242630384,Kenji Sato (Japan),Kick Chase,Green,949166,2,A,3000,Japan,61722,Kenji,Sato,1,2408
925,1537.1065532879818,1556.0973242630384,Shuhei Takeuchi (Japan),Kick Chase,Green,949166,3,A,3000,Japan,37874,Shuhei,Takeuchi,1,2408
926,1537.1065532879818,1556.0973242630384,Jack Cornelsen (Japan),Kick Chase,Green,949166,4,A,3000,Japan,23697,Jack,Cornelsen,1,2408
927,1537.1065532879818,1556.0973242630384,Warner Dearns (Japan),Kick Chase,Green,949166,5,A,3000,Japan,40399,Warner,Dearns,1,2408
928,1537.1065532879818,1556.0973242630384,Ben Gunter (Japan),Kick Chase,Green,949166,6,A,3000,Japan,26283,Ben,Gunter,1,2408
929,1537.1065532879818,1556.0973242630384,Kanji Shimokawa (Japan),Kick Chase,Green,949166,7,A,3000,Japan,30962,Kanji,Shimokawa,1,2408
930,1537.1065532879818,1556.0973242630384,Tomoki Osada (Japan),Kick Chase,Green,949166,11,A,3000,Japan,31059,Tomoki,Osada,1,2408
931,1537.1065532879818,1556.0973242630384,Charlie Lawrence (Japan),Kick Chase,Green,949166,12,A,3000,Japan,32522,Charlie,Lawrence,1,2408
932,1537.1065532879818,1556.0973242630384,Dylan Riley (Japan),Kick Chase,Green,949166,13,A,3000,Japan,27652,Dylan,Riley,1,2408
933,1537.1065532879818,1556.0973242630384,Kippei Ishida (Japan),Kick Chase,Green,949166,14,A,3000,Japan,34036,Kippei,Ishida,1,2408
934,1537.1065532879818,1556.0973242630384,Michael Leitch (Japan),Kick Chase,Green,949166,8,A,3000,Japan,11306,Michael,Leitch,1,2408
935,1537.935906993,1553.7979736096595,Siya Kolisi (South Africa),Turnover Attack,Gold,949166,6,H,900,South Africa,17107,Siya,Kolisi,1,2408
936,1541.6314512471656,1555.096941854334,Tomoki Osada (Japan),Linebreak Defence,Gold,949166,11,A,3000,Japan,31059,Tomoki,Osada,1,2422
937,1543.542797209,1556.273180883,Malcolm Marx (South Africa),Kick Retreat,Green,949166,2,H,900,South Africa,21467,Malcolm,Marx,1,2423
938,1543.542797209,1556.273180883,Zachary Porthen (South Africa),Kick Retreat,Green,949166,3,H,900,South Africa,57088,Zachary,Porthen,1,2423
939,1543.542797209,1556.273180883,RG Snyman (South Africa),Kick Retreat,Green,949166,4,H,900,South Africa,22730,RG,Snyman,1,2423
940,1543.542797209,1556.273180883,Lood de Jager (South Africa),Kick Retreat,Green,949166,5,H,900,South Africa,20524,Lood,de Jager,1,2423
941,1543.542797209,1556.273180883,Siya Kolisi (South Africa),Kick Retreat,Green,949166,6,H,900,South Africa,17107,Siya,Kolisi,1,2423
942,1543.542797209,1556.273180883,Franco Mostert (South Africa),Kick Retreat,Green,949166,7,H,900,South Africa,20097,Franco,Mostert,1,2423
943,1543.542797209,1556.273180883,Jasper Wiese (South Africa),Kick Retreat,Green,949166,8,H,900,South Africa,24874,Jasper,Wiese,1,2423
944,1543.542797209,1556.273180883,Cobus Reinach (South Africa),Kick Retreat,Green,949166,9,H,900,South Africa,19122,Cobus,Reinach,1,2423
945,1543.542797209,1556.273180883,Sacha Feinberg-Mngomezulu (South Africa),Kick Retreat,Green,949166,10,H,900,South Africa,39074,Sacha,Feinberg-Mngomezulu,1,2423
946,1543.542797209,1556.273180883,Kurt-Lee Arendse (South Africa),Kick Retreat,Green,949166,11,H,900,South Africa,34084,Kurt-Lee,Arendse,1,2423
947,1543.542797209,1556.273180883,Damian de Allende (South Africa),Kick Retreat,Green,949166,12,H,900,South Africa,20037,Damian,de Allende,1,2423
948,1543.542797209,1556.273180883,Jesse Kriel (South Africa),Kick Retreat,Green,949166,13,H,900,South Africa,20669,Jesse,Kriel,1,2423
949,1543.542797209,1556.273180883,Gerhard Steenekamp (South Africa),Kick Retreat,Green,949166,17,H,900,South Africa,26092,Gerhard,Steenekamp,1,2423
950,1544.59471297,1549.59471297,Shinobu Fujiwara (Japan),Tackle,Green,949166,9,A,3000,Japan,30969,Shinobu,Fujiwara,1,2427
951,1568.7683900226757,1590.587052154195,Kenta Kobayashi (Japan),Lineout Attack,Green,949166,1,A,3000,Japan,34481,Kenta,Kobayashi,1,2452
952,1568.7683900226757,1590.587052154195,Shuhei Takeuchi (Japan),Lineout Attack,Green,949166,3,A,3000,Japan,37874,Shuhei,Takeuchi,1,2452
953,1570.169711336,1590.587052154195,Jack Cornelsen (Japan),Lineout Attack,Green,949166,4,A,3000,Japan,23697,Jack,Cornelsen,1,2452
954,1570.169711336,1590.587052154195,Warner Dearns (Japan),Lineout Attack,Green,949166,5,A,3000,Japan,40399,Warner,Dearns,1,2452
955,1571.066230127,1590.330179661,Zachary Porthen (South Africa),Lineout Defence,Green,949166,3,H,900,South Africa,57088,Zachary,Porthen,1,2452
956,1571.066230127,1590.330179661,RG Snyman (South Africa),Lineout Defence,Green,949166,4,H,900,South Africa,22730,RG,Snyman,1,2452
957,1571.066230127,1590.330179661,Lood de Jager (South Africa),Lineout Defence,Green,949166,5,H,900,South Africa,20524,Lood,de Jager,1,2452
958,1571.066230127,1590.330179661,Jasper Wiese (South Africa),Lineout Defence,Green,949166,8,H,900,South Africa,24874,Jasper,Wiese,1,2452
959,1571.066230127,1590.330179661,Gerhard Steenekamp (South Africa),Lineout Defence,Green,949166,17,H,900,South Africa,26092,Gerhard,Steenekamp,1,2452
960,1571.4959904706614,1590.587052154195,Kanji Shimokawa (Japan),Lineout Attack,Green,949166,7,A,3000,Japan,30962,Kanji,Shimokawa,1,2452
961,1571.685726461994,1590.587052154195,Kenji Sato (Japan),Lineout Attack,Green,949166,2,A,3000,Japan,61722,Kenji,Sato,1,2452
962,1582.277712938,1587.277712938,Malcolm Marx (South Africa),Charge Down,Green,949166,2,H,900,South Africa,21467,Malcolm,Marx,1,2454
963,1582.277712938,1596.34829651,Malcolm Marx (South Africa),Kick Retreat,Red,949166,2,H,900,South Africa,21467,Malcolm,Marx,1,2454
964,1582.277712938,1596.34829651,Zachary Porthen (South Africa),Kick Retreat,Green,949166,3,H,900,South Africa,57088,Zachary,Porthen,1,2454
965,1582.277712938,1596.34829651,RG Snyman (South Africa),Kick Retreat,Red,949166,4,H,900,South Africa,22730,RG,Snyman,1,2454
966,1582.277712938,1596.34829651,Lood de Jager (South Africa),Kick Retreat,Green,949166,5,H,900,South Africa,20524,Lood,de Jager,1,2454
967,1582.277712938,1596.34829651,Siya Kolisi (South Africa),Kick Retreat,Green,949166,6,H,900,South Africa,17107,Siya,Kolisi,1,2454
968,1582.277712938,1596.34829651,Franco Mostert (South Africa),Kick Retreat,Green,949166,7,H,900,South Africa,20097,Franco,Mostert,1,2454
969,1582.277712938,1596.34829651,Jasper Wiese (South Africa),Kick Retreat,Green,949166,8,H,900,South Africa,24874,Jasper,Wiese,1,2454
970,1582.277712938,1596.34829651,Cobus Reinach (South Africa),Kick Retreat,Green,949166,9,H,900,South Africa,19122,Cobus,Reinach,1,2454
971,1582.277712938,1596.34829651,Sacha Feinberg-Mngomezulu (South Africa),Kick Retreat,Green,949166,10,H,900,South Africa,39074,Sacha,Feinberg-Mngomezulu,1,2454
972,1582.277712938,1596.34829651,Kurt-Lee Arendse (South Africa),Kick Retreat,Green,949166,11,H,900,South Africa,34084,Kurt-Lee,Arendse,1,2454
973,1582.277712938,1596.34829651,Damian de Allende (South Africa),Kick Retreat,Green,949166,12,H,900,South Africa,20037,Damian,de Allende,1,2454
974,1582.277712938,1596.34829651,Jesse Kriel (South Africa),Kick Retreat,Green,949166,13,H,900,South Africa,20669,Jesse,Kriel,1,2454
975,1582.277712938,1596.34829651,Gerhard Steenekamp (South Africa),Kick Retreat,Green,949166,17,H,900,South Africa,26092,Gerhard,Steenekamp,1,2454
976,1585.587052154195,1599.300834748675,Kenji Sato (Japan),Kick Chase,Green,949166,2,A,3000,Japan,61722,Kenji,Sato,1,2506
977,1585.587052154195,1599.300834748675,Shuhei Takeuchi (Japan),Kick Chase,Green,949166,3,A,3000,Japan,37874,Shuhei,Takeuchi,1,2506
978,1585.587052154195,1599.300834748675,Warner Dearns (Japan),Kick Chase,Green,949166,5,A,3000,Japan,40399,Warner,Dearns,1,2506
979,1585.587052154195,1599.300834748675,Ben Gunter (Japan),Kick Chase,Green,949166,6,A,3000,Japan,26283,Ben,Gunter,1,2506
980,1585.587052154195,1599.300834748675,Kanji Shimokawa (Japan),Kick Chase,Green,949166,7,A,3000,Japan,30962,Kanji,Shimokawa,1,2506
981,1585.587052154195,1599.300834748675,Tomoki Osada (Japan),Kick Chase,Green,949166,11,A,3000,Japan,31059,Tomoki,Osada,1,2506
982,1585.587052154195,1599.300834748675,Charlie Lawrence (Japan),Kick Chase,Green,949166,12,A,3000,Japan,32522,Charlie,Lawrence,1,2506
983,1585.587052154195,1599.300834748675,Dylan Riley (Japan),Kick Chase,Green,949166,13,A,3000,Japan,27652,Dylan,Riley,1,2506
984,1585.587052154195,1599.300834748675,Kippei Ishida (Japan),Kick Chase,Green,949166,14,A,3000,Japan,34036,Kippei,Ishida,1,2506
985,1585.587052154195,1599.300834748675,Michael Leitch (Japan),Kick Chase,Green,949166,8,A,3000,Japan,11306,Michael,Leitch,1,2506
986,1590.6249886621315,1595.6249886621315,Kenta Kobayashi (Japan),Kick Chase,Red,949166,1,A,3000,Japan,34481,Kenta,Kobayashi,1,2511
987,1590.6249886621315,1595.6249886621315,Jack Cornelsen (Japan),Kick Chase,Red,949166,4,A,3000,Japan,23697,Jack,Cornelsen,1,2511
988,1593.17768707483,1598.17768707483,Michael Leitch (Japan),Tackle,Green,949166,8,A,3000,Japan,11306,Michael,Leitch,1,2514
989,1595.87070008,1600.87070008,Siya Kolisi (South Africa),Ruck,Red,949166,6,H,900,South Africa,17107,Siya,Kolisi,1,2515
990,1595.87070008,1600.87070008,Franco Mostert (South Africa),Ruck,Green,949166,7,H,900,South Africa,20097,Franco,Mostert,1,2515
991,1595.87070008,1600.87070008,Ethan Hooker (South Africa),Carry,Green,949166,14,H,900,South Africa,44326,Ethan,Hooker,1,2515
992,1602.135328798186,1615.299711514987,Ethan Hooker (South Africa),Kick Chase,Gold,949166,14,H,900,South Africa,44326,Ethan,Hooker,1,2523
993,1602.2897278911564,1619.0997608336677,Kenta Kobayashi (Japan),Kick Retreat,Green,949166,1,A,3000,Japan,34481,Kenta,Kobayashi,1,2523
994,1602.2897278911564,1619.0997608336677,Kenji Sato (Japan),Kick Retreat,Green,949166,2,A,3000,Japan,61722,Kenji,Sato,1,2523
995,1602.2897278911564,1619.0997608336677,Shuhei Takeuchi (Japan),Kick Retreat,Green,949166,3,A,3000,Japan,37874,Shuhei,Takeuchi,1,2523
996,1602.2897278911564,1619.0997608336677,Jack Cornelsen (Japan),Kick Retreat,Green,949166,4,A,3000,Japan,23697,Jack,Cornelsen,1,2523
997,1602.2897278911564,1619.0997608336677,Warner Dearns (Japan),Kick Retreat,Green,949166,5,A,3000,Japan,40399,Warner,Dearns,1,2523
998,1602.2897278911564,1619.0997608336677,Ben Gunter (Japan),Kick Retreat,Green,949166,6,A,3000,Japan,26283,Ben,Gunter,1,2523
999,1602.2897278911564,1619.0997608336677,Kanji Shimokawa (Japan),Kick Retreat,Green,949166,7,A,3000,Japan,30962,Kanji,Shimokawa,1,2523
1000,1602.2897278911564,1619.0997608336677,Shinobu Fujiwara (Japan),Kick Retreat,Green,949166,9,A,3000,Japan,30969,Shinobu,Fujiwara,1,2523
1001,1602.2897278911564,1619.0997608336677,Tomoki Osada (Japan),Kick Retreat,Green,949166,11,A,3000,Japan,31059,Tomoki,Osada,1,2523
1002,1602.2897278911564,1619.0997608336677,Charlie Lawrence (Japan),Kick Retreat,Green,949166,12,A,3000,Japan,32522,Charlie,Lawrence,1,2523
1003,1602.2897278911564,1619.0997608336677,Dylan Riley (Japan),Kick Retreat,Green,949166,13,A,3000,Japan,27652,Dylan,Riley,1,2523
1004,1602.2897278911564,1619.0997608336677,Kippei Ishida (Japan),Kick Retreat,Green,949166,14,A,3000,Japan,34036,Kippei,Ishida,1,2523
1005,1602.2897278911564,1619.0997608336677,Michael Leitch (Japan),Kick Retreat,Green,949166,8,A,3000,Japan,11306,Michael,Leitch,1,2523
1006,1604.435545482,1616.639577642,Malcolm Marx (South Africa),Kick Chase,Green,949166,2,H,900,South Africa,21467,Malcolm,Marx,1,2523
1007,1604.435545482,1616.639577642,Zachary Porthen (South Africa),Kick Chase,Green,949166,3,H,900,South Africa,57088,Zachary,Porthen,1,2523
1008,1604.435545482,1616.639577642,Gerhard Steenekamp (South Africa),Kick Chase,Green,949166,17,H,900,South Africa,26092,Gerhard,Steenekamp,1,2523
1009,1604.959143928,1616.639577642,RG Snyman (South Africa),Kick Chase,Green,949166,4,H,900,South Africa,22730,RG,Snyman,1,2527
1010,1604.959143928,1616.639577642,Lood de Jager (South Africa),Kick Chase,Green,949166,5,H,900,South Africa,20524,Lood,de Jager,1,2527
1011,1604.959143928,1616.639577642,Siya Kolisi (South Africa),Kick Chase,Green,949166,6,H,900,South Africa,17107,Siya,Kolisi,1,2527
1012,1604.959143928,1616.639577642,Franco Mostert (South Africa),Kick Chase,Green,949166,7,H,900,South Africa,20097,Franco,Mostert,1,2527
1013,1604.959143928,1616.639577642,Jasper Wiese (South Africa),Kick Chase,Green,949166,8,H,900,South Africa,24874,Jasper,Wiese,1,2527
1014,1604.959143928,1616.639577642,Kurt-Lee Arendse (South Africa),Kick Chase,Green,949166,11,H,900,South Africa,34084,Kurt-Lee,Arendse,1,2527
1015,1604.959143928,1616.639577642,Damian de Allende (South Africa),Kick Chase,Green,949166,12,H,900,South Africa,20037,Damian,de Allende,1,2527
1016,1604.959143928,1616.639577642,Jesse Kriel (South Africa),Kick Chase,Green,949166,13,H,900,South Africa,20669,Jesse,Kriel,1,2527
1017,1604.959143928,1616.639577642,Ethan Hooker (South Africa),Kick Chase,Green,949166,14,H,900,South Africa,44326,Ethan,Hooker,1,2527
1018,1605.474000455,1610.474000455,Jack Cornelsen (Japan),Charge Down,Green,949166,4,A,3000,Japan,23697,Jack,Cornelsen,1,2527
1019,1605.8991243917462,1616.639577642,Cobus Reinach (South Africa),Kick Chase,Green,949166,9,H,900,South Africa,19122,Cobus,Reinach,1,2527
1020,1607.107953163,1612.107953163,Gerhard Steenekamp (South Africa),Ruck,Green,949166,17,H,900,South Africa,26092,Gerhard,Steenekamp,1,2527
1021,1607.118326902,1613.222168445,Zachary Porthen (South Africa),Ruck,Green,949166,3,H,900,South Africa,57088,Zachary,Porthen,1,2527
1022,1607.118326902,1613.222168445,Lood de Jager (South Africa),Ruck,Green,949166,5,H,900,South Africa,20524,Lood,de Jager,1,2527
1023,1608.249990561,1613.249990561,Jasper Wiese (South Africa),Carry,Green,949166,8,H,900,South Africa,24874,Jasper,Wiese,1,2528
1024,1611.200634920635,1626.879699789,Kenta Kobayashi (Japan),Kick Chase,Green,949166,1,A,3000,Japan,34481,Kenta,Kobayashi,1,2530
1025,1611.200634920635,1626.879699789,Kenji Sato (Japan),Kick Chase,Green,949166,2,A,3000,Japan,61722,Kenji,Sato,1,2530
1026,1611.200634920635,1626.879699789,Shuhei Takeuchi (Japan),Kick Chase,Green,949166,3,A,3000,Japan,37874,Shuhei,Takeuchi,1,2530
1027,1611.200634920635,1626.879699789,Jack Cornelsen (Japan),Kick Chase,Green,949166,4,A,3000,Japan,23697,Jack,Cornelsen,1,2530
1028,1611.200634920635,1626.879699789,Warner Dearns (Japan),Kick Chase,Green,949166,5,A,3000,Japan,40399,Warner,Dearns,1,2530
1029,1611.200634920635,1626.879699789,Ben Gunter (Japan),Kick Chase,Green,949166,6,A,3000,Japan,26283,Ben,Gunter,1,2530
1030,1611.200634920635,1626.879699789,Kanji Shimokawa (Japan),Kick Chase,Green,949166,7,A,3000,Japan,30962,Kanji,Shimokawa,1,2530
1031,1611.200634920635,1626.879699789,Shinobu Fujiwara (Japan),Kick Chase,Green,949166,9,A,3000,Japan,30969,Shinobu,Fujiwara,1,2530
1032,1611.200634920635,1626.879699789,Tomoki Osada (Japan),Kick Chase,Green,949166,11,A,3000,Japan,31059,Tomoki,Osada,1,2530
1033,1611.200634920635,1626.879699789,Charlie Lawrence (Japan),Kick Chase,Green,949166,12,A,3000,Japan,32522,Charlie,Lawrence,1,2530
1034,1611.200634920635,1626.879699789,Dylan Riley (Japan),Kick Chase,Green,949166,13,A,3000,Japan,27652,Dylan,Riley,1,2530
1035,1611.200634920635,1626.879699789,Kippei Ishida (Japan),Kick Chase,Green,949166,14,A,3000,Japan,34036,Kippei,Ishida,1,2530
1036,1611.639577642,1624.940190103,Malcolm Marx (South Africa),Kick Retreat,Green,949166,2,H,900,South Africa,21467,Malcolm,Marx,1,2530
1037,1611.639577642,1624.940190103,Zachary Porthen (South Africa),Kick Retreat,Green,949166,3,H,900,South Africa,57088,Zachary,Porthen,1,2530
1038,1611.639577642,1624.940190103,RG Snyman (South Africa),Kick Retreat,Green,949166,4,H,900,South Africa,22730,RG,Snyman,1,2530
1039,1611.639577642,1624.940190103,Lood de Jager (South Africa),Kick Retreat,Green,949166,5,H,900,South Africa,20524,Lood,de Jager,1,2530
1040,1611.639577642,1624.940190103,Siya Kolisi (South Africa),Kick Retreat,Green,949166,6,H,900,South Africa,17107,Siya,Kolisi,1,2530
1041,1611.639577642,1624.940190103,Franco Mostert (South Africa),Kick Retreat,Green,949166,7,H,900,South Africa,20097,Franco,Mostert,1,2530
1042,1611.639577642,1624.940190103,Jasper Wiese (South Africa),Kick Retreat,Green,949166,8,H,900,South Africa,24874,Jasper,Wiese,1,2530
1043,1611.639577642,1624.940190103,Cobus Reinach (South Africa),Kick Retreat,Green,949166,9,H,900,South Africa,19122,Cobus,Reinach,1,2530
1044,1611.639577642,1624.940190103,Sacha Feinberg-Mngomezulu (South Africa),Kick Retreat,Green,949166,10,H,900,South Africa,39074,Sacha,Feinberg-Mngomezulu,1,2530
1045,1611.639577642,1624.940190103,Kurt-Lee Arendse (South Africa),Kick Retreat,Green,949166,11,H,900,South Africa,34084,Kurt-Lee,Arendse,1,2530
1046,1611.639577642,1624.940190103,Damian de Allende (South Africa),Kick Retreat,Green,949166,12,H,900,South Africa,20037,Damian,de Allende,1,2530
1047,1611.639577642,1624.940190103,Jesse Kriel (South Africa),Kick Retreat,Green,949166,13,H,900,South Africa,20669,Jesse,Kriel,1,2530
1048,1611.639577642,1624.940190103,Ethan Hooker (South Africa),Kick Retreat,Green,949166,14,H,900,South Africa,44326,Ethan,Hooker,1,2530
1049,1611.639577642,1624.940190103,Gerhard Steenekamp (South Africa),Kick Retreat,Green,949166,17,H,900,South Africa,26092,Gerhard,Steenekamp,1,2530
1050,1613.71118719,1624.940190103,Cheslin Kolbe (South Africa),Kick Retreat,Green,949166,15,H,900,South Africa,20584,Cheslin,Kolbe,1,2531
1051,1616.4004058406545,1642.708602443,Kenji Sato (Japan),Kick Retreat,Green,949166,2,A,3000,Japan,61722,Kenji,Sato,1,2536
1052,1617.698697756982,1642.708602443,Warner Dearns (Japan),Kick Retreat,Green,949166,5,A,3000,Japan,40399,Warner,Dearns,1,2537
1053,1617.9997902156665,1642.708602443,Ben Gunter (Japan),Kick Retreat,Green,949166,6,A,3000,Japan,26283,Ben,Gunter,1,2537
1054,1619.497947007325,1642.708602443,Tomoki Osada (Japan),Kick Retreat,Green,949166,11,A,3000,Japan,31059,Tomoki,Osada,1,2539
1055,1619.8971321739937,1642.708602443,Charlie Lawrence (Japan),Kick Retreat,Green,949166,12,A,3000,Japan,32522,Charlie,Lawrence,1,2539
1056,1620.2992132149814,1642.708602443,Dylan Riley (Japan),Kick Retreat,Green,949166,13,A,3000,Japan,27652,Dylan,Riley,1,2539
1057,1620.484529704,1637.585959443,Zachary Porthen (South Africa),Kick Chase,Green,949166,3,H,900,South Africa,57088,Zachary,Porthen,1,2539
1058,1620.484529704,1637.585959443,Lood de Jager (South Africa),Kick Chase,Green,949166,5,H,900,South Africa,20524,Lood,de Jager,1,2539
1059,1620.484529704,1637.585959443,Siya Kolisi (South Africa),Kick Chase,Red,949166,6,H,900,South Africa,17107,Siya,Kolisi,1,2539
1060,1620.484529704,1637.585959443,Jasper Wiese (South Africa),Kick Chase,Green,949166,8,H,900,South Africa,24874,Jasper,Wiese,1,2539
1061,1620.484529704,1637.585959443,Cobus Reinach (South Africa),Kick Chase,Red,949166,9,H,900,South Africa,19122,Cobus,Reinach,1,2539
1062,1620.484529704,1637.585959443,Sacha Feinberg-Mngomezulu (South Africa),Kick Chase,Green,949166,10,H,900,South Africa,39074,Sacha,Feinberg-Mngomezulu,1,2539
1063,1620.484529704,1637.585959443,Damian de Allende (South Africa),Kick Chase,Green,949166,12,H,900,South Africa,20037,Damian,de Allende,1,2539
1064,1620.484529704,1637.585959443,Jesse Kriel (South Africa),Kick Chase,Green,949166,13,H,900,South Africa,20669,Jesse,Kriel,1,2539
1065,1620.6985262143276,1642.708602443,Kippei Ishida (Japan),Kick Retreat,Green,949166,14,A,3000,Japan,34036,Kippei,Ishida,1,2539
1066,1623.907832947,1637.585959443,Kurt-Lee Arendse (South Africa),Kick Chase,Green,949166,11,H,900,South Africa,34084,Kurt-Lee,Arendse,1,2539
1067,1632.3104535147393,1637.3104535147393,Franco Mostert (South Africa),Kick Chase,Red,949166,7,H,900,South Africa,20097,Franco,Mostert,1,2552
1068,1632.3104535147393,1637.3104535147393,Gerhard Steenekamp (South Africa),Kick Chase,Red,949166,17,H,900,South Africa,26092,Gerhard,Steenekamp,1,2552
1069,1632.497664399093,1637.497664399093,Kenta Kobayashi (Japan),Kick Retreat ,Red,949166,1,A,3000,Japan,34481,Kenta,Kobayashi,1,2552
1070,1632.497664399093,1637.497664399093,Shuhei Takeuchi (Japan),Kick Retreat ,Red,949166,3,A,3000,Japan,37874,Shuhei,Takeuchi,1,2552
1071,1632.497664399093,1637.497664399093,Jack Cornelsen (Japan),Kick Retreat ,Red,949166,4,A,3000,Japan,23697,Jack,Cornelsen,1,2552
1072,1632.497664399093,1637.497664399093,Kanji Shimokawa (Japan),Kick Retreat ,Red,949166,7,A,3000,Japan,30962,Kanji,Shimokawa,1,2552
1073,1633.2138095238097,1638.2138095238097,Charlie Lawrence (Japan),Ruck,Green,949166,12,A,3000,Japan,32522,Charlie,Lawrence,1,2553
1074,1633.562199546485,1638.562199546485,RG Snyman (South Africa),Kick Chase,Green,949166,4,H,900,South Africa,22730,RG,Snyman,1,2553
1075,1636.372116953,1641.372116953,Damian de Allende (South Africa),Tackle,Green,949166,12,H,900,South Africa,20037,Damian,de Allende,1,2557
1076,1636.372116953,1641.372116953,Jesse Kriel (South Africa),Tackle,Green,949166,13,H,900,South Africa,20669,Jesse,Kriel,1,2557
1077,1637.75926971,1642.75926971,Dylan Riley (Japan),Ruck,Green,949166,13,A,3000,Japan,27652,Dylan,Riley,1,2558
1078,1637.75926971,1642.75926971,Kippei Ishida (Japan),Ruck,Green,949166,14,A,3000,Japan,34036,Kippei,Ishida,1,2558
1079,1637.75926971,1643.480417324,Yoshitaka Yazaki (Japan),Carry,Green,949166,15,A,3000,Japan,59862,Yoshitaka,Yazaki,1,2558
1080,1638.741229726,1643.741229726,Malcolm Marx (South Africa),Tackle,Green,949166,2,H,900,South Africa,21467,Malcolm,Marx,1,2558
1081,1639.4409523809525,1644.4409523809525,Michael Leitch (Japan),Carry,Green,949166,8,A,3000,Japan,11306,Michael,Leitch,1,2600
1082,1643.123900226757,1648.123900226757,Shinobu Fujiwara (Japan),Carry,Green,949166,9,A,3000,Japan,30969,Shinobu,Fujiwara,1,2602
1083,1643.653472146,1648.653472146,Sacha Feinberg-Mngomezulu (South Africa),Tackle,Red,949166,10,H,900,South Africa,39074,Sacha,Feinberg-Mngomezulu,1,2604
1084,1643.921950113379,1649.606491021,Kenji Sato (Japan),Carry,Green,949166,2,A,3000,Japan,61722,Kenji,Sato,1,2604
1085,1646.126241326,1651.126241326,Lood de Jager (South Africa),Tackle,Red,949166,5,H,900,South Africa,20524,Lood,de Jager,1,2605
1086,1650.183243485,1655.183243485,Ethan Hooker (South Africa),Tackle,Green,949166,14,H,900,South Africa,44326,Ethan,Hooker,1,2609
1087,1650.256703213,1655.256703213,Jack Cornelsen (Japan),Carry,Green,949166,4,A,3000,Japan,23697,Jack,Cornelsen,1,2609
1088,1652.557466735,1657.557466735,Gerhard Steenekamp (South Africa),Tackle,Green,949166,17,H,900,South Africa,26092,Gerhard,Steenekamp,1,2609
1089,1653.912202596,1658.912202596,Cheslin Kolbe (South Africa),Kick Retreat,Green,949166,15,H,900,South Africa,20584,Cheslin,Kolbe,1,2613
1090,1655.08180057,1660.08180057,Zachary Porthen (South Africa),Kick Retreat,Green,949166,3,H,900,South Africa,57088,Zachary,Porthen,1,2613
1091,1655.481658025,1660.481658025,Franco Mostert (South Africa),Kick Retreat,Yellow,949166,7,H,900,South Africa,20097,Franco,Mostert,1,2613
1092,1655.511894656,1660.511894656,Siya Kolisi (South Africa),Kick Retreat,Green,949166,6,H,900,South Africa,17107,Siya,Kolisi,1,2613
1093,1656.022509377,1661.022509377,Cobus Reinach (South Africa),Kick Retreat,Green,949166,9,H,900,South Africa,19122,Cobus,Reinach,1,2613
1094,1656.022509377,1661.022509377,Ethan Hooker (South Africa),Kick Retreat,Green,949166,14,H,900,South Africa,44326,Ethan,Hooker,1,2613
1095,1710.3244671201817,1728.800029408333,Kenta Kobayashi (Japan),Lineout Attack,Green,949166,1,A,3000,Japan,34481,Kenta,Kobayashi,1,2711
1096,1710.3244671201817,1728.800029408333,Kenji Sato (Japan),Lineout Attack,Green,949166,2,A,3000,Japan,61722,Kenji,Sato,1,2711
1097,1710.3244671201817,1728.800029408333,Shuhei Takeuchi (Japan),Lineout Attack,Green,949166,3,A,3000,Japan,37874,Shuhei,Takeuchi,1,2711
1098,1710.826302135,1728.800029408333,Jack Cornelsen (Japan),Lineout Attack,Green,949166,4,A,3000,Japan,23697,Jack,Cornelsen,1,2711
1099,1710.826302135,1728.800029408333,Ben Gunter (Japan),Lineout Attack,Green,949166,6,A,3000,Japan,26283,Ben,Gunter,1,2711
1100,1710.826302135,1728.800029408333,Kanji Shimokawa (Japan),Lineout Attack,Green,949166,7,A,3000,Japan,30962,Kanji,Shimokawa,1,2711
1101,1711.670304621,1723.543466808,Zachary Porthen (South Africa),Lineout Defence,Green,949166,3,H,900,South Africa,57088,Zachary,Porthen,1,2711
1102,1711.670304621,1723.543466808,RG Snyman (South Africa),Lineout Defence,Green,949166,4,H,900,South Africa,22730,RG,Snyman,1,2711
1103,1711.670304621,1723.543466808,Lood de Jager (South Africa),Lineout Defence,Green,949166,5,H,900,South Africa,20524,Lood,de Jager,1,2711
1104,1711.670304621,1723.543466808,Franco Mostert (South Africa),Lineout Defence,Green,949166,7,H,900,South Africa,20097,Franco,Mostert,1,2711
1105,1711.670304621,1723.543466808,Jasper Wiese (South Africa),Lineout Defence,Green,949166,8,H,900,South Africa,24874,Jasper,Wiese,1,2711
1106,1711.670304621,1723.543466808,Gerhard Steenekamp (South Africa),Lineout Defence,Green,949166,17,H,900,South Africa,26092,Gerhard,Steenekamp,1,2711
1107,1717.456462585034,1722.456462585034,Kenji Sato (Japan),Tackle,Green,949166,2,A,3000,Japan,61722,Kenji,Sato,1,2717
1108,1717.456462585034,1731.7997015986602,Kenji Sato (Japan),Jackler,Green,949166,2,A,3000,Japan,61722,Kenji,Sato,1,2717
1109,1719.850517611,1724.850517611,Warner Dearns (Japan),Lineout Attack,Red,949166,5,A,3000,Japan,40399,Warner,Dearns,1,2718
1110,1729.804565186,1734.804565186,Ben Gunter (Japan),Tackle,Green,949166,6,A,3000,Japan,26283,Ben,Gunter,1,2729
1111,1734.97947845805,1742.9001616866633,Kenji Sato (Japan),Jackler,Green,949166,2,A,3000,Japan,61722,Kenji,Sato,1,2736
1112,1739.893560090703,1744.893560090703,Kanji Shimokawa (Japan),Charge Down,Green,949166,7,A,3000,Japan,30962,Kanji,Shimokawa,1,2740
1113,1764.2143990929706,1771.5009506476663,Kenta Kobayashi (Japan),Lineout Attack,Green,949166,1,A,3000,Japan,34481,Kenta,Kobayashi,1,2804
1114,1764.2143990929706,1771.5009506476663,Kenji Sato (Japan),Lineout Attack,Green,949166,2,A,3000,Japan,61722,Kenji,Sato,1,2804
1115,1764.2143990929706,1771.5009506476663,Shuhei Takeuchi (Japan),Lineout Attack,Green,949166,3,A,3000,Japan,37874,Shuhei,Takeuchi,1,2804
1116,1764.2143990929706,1771.5009506476663,Jack Cornelsen (Japan),Lineout Attack,Green,949166,4,A,3000,Japan,23697,Jack,Cornelsen,1,2804
1117,1764.2143990929706,1771.5009506476663,Warner Dearns (Japan),Lineout Attack,Green,949166,5,A,3000,Japan,40399,Warner,Dearns,1,2804
1118,1764.2143990929706,1771.5009506476663,Ben Gunter (Japan),Lineout Attack,Green,949166,6,A,3000,Japan,26283,Ben,Gunter,1,2804
1119,1764.2143990929706,1771.5009506476663,Kanji Shimokawa (Japan),Lineout Attack,Green,949166,7,A,3000,Japan,30962,Kanji,Shimokawa,1,2804
1120,1764.2143990929706,1771.5009506476663,Michael Leitch (Japan),Lineout Attack,Green,949166,8,A,3000,Japan,11306,Michael,Leitch,1,2804
1121,1764.955249931,1778.462070822,Malcolm Marx (South Africa),Lineout Defence,Green,949166,2,H,900,South Africa,21467,Malcolm,Marx,1,2804
1122,1764.955249931,1778.462070822,Zachary Porthen (South Africa),Lineout Defence,Red,949166,3,H,900,South Africa,57088,Zachary,Porthen,1,2804
1123,1764.955249931,1778.462070822,RG Snyman (South Africa),Lineout Defence,Red,949166,4,H,900,South Africa,22730,RG,Snyman,1,2804
1124,1764.955249931,1778.462070822,Lood de Jager (South Africa),Lineout Defence,Green,949166,5,H,900,South Africa,20524,Lood,de Jager,1,2804
1125,1764.955249931,1778.462070822,Franco Mostert (South Africa),Lineout Defence,Green,949166,7,H,900,South Africa,20097,Franco,Mostert,1,2804
1126,1764.955249931,1778.462070822,Jasper Wiese (South Africa),Lineout Defence,Green,949166,8,H,900,South Africa,24874,Jasper,Wiese,1,2804
1127,1764.955249931,1778.462070822,Gerhard Steenekamp (South Africa),Lineout Defence,Green,949166,17,H,900,South Africa,26092,Gerhard,Steenekamp,1,2804
1128,1773.074942324,1778.074942324,Sacha Feinberg-Mngomezulu (South Africa),Tackle,Green,949166,10,H,900,South Africa,39074,Sacha,Feinberg-Mngomezulu,1,2811
1129,1774.5399092970522,1779.5399092970522,Kippei Ishida (Japan),Ruck,Green,949166,14,A,3000,Japan,34036,Kippei,Ishida,1,2815
1130,1776.497661353,1781.497661353,Kenji Sato (Japan),Ruck,Green,949166,2,A,3000,Japan,61722,Kenji,Sato,1,2818
1131,1776.497661353,1781.497661353,Charlie Lawrence (Japan),Carry,Green,949166,12,A,3000,Japan,32522,Charlie,Lawrence,1,2818
1132,1777.796992999,1782.796992999,Siya Kolisi (South Africa),Tackle,Red,949166,6,H,900,South Africa,17107,Siya,Kolisi,1,2818
1133,1778.890480856989,1785.2991963976592,Michael Leitch (Japan),Ruck,Green,949166,8,A,3000,Japan,11306,Michael,Leitch,1,2819
1134,1781.392179177,1786.392179177,Dylan Riley (Japan),Ruck,Green,949166,13,A,3000,Japan,27652,Dylan,Riley,1,2817
1135,1782.09842783,1787.09842783,Sacha Feinberg-Mngomezulu (South Africa),Phase Defence,Red,949166,10,H,900,South Africa,39074,Sacha,Feinberg-Mngomezulu,1,2822
1136,1782.647000575,1787.647000575,Damian de Allende (South Africa),Tackle,Green,949166,12,H,900,South Africa,20037,Damian,de Allende,1,2823
1137,1783.935215074,1788.935215074,Damian de Allende (South Africa),Jackler,Green,949166,12,H,900,South Africa,20037,Damian,de Allende,1,2824
1138,1785.062571368,1790.062571368,Kanji Shimokawa (Japan),Ruck,Green,949166,7,A,3000,Japan,30962,Kanji,Shimokawa,1,2825
1139,1787.750785106,1792.750785106,Lood de Jager (South Africa),Tackle,Green,949166,5,H,900,South Africa,20524,Lood,de Jager,1,2827
1140,1788.513098442,1793.513098442,Seungsin Lee (Japan),Carry,Green,949166,10,A,3000,Japan,37841,Seungsin,Lee,1,2829
1141,1791.805428531,1796.805428531,Kenji Sato (Japan),Ruck,Green,949166,2,A,3000,Japan,61722,Kenji,Sato,1,2831
1142,1791.805428531,1796.805428531,Jack Cornelsen (Japan),Ruck,Green,949166,4,A,3000,Japan,23697,Jack,Cornelsen,1,2831
1143,1791.805428531,1797.801202637,Warner Dearns (Japan),Carry,Green,949166,5,A,3000,Japan,40399,Warner,Dearns,1,2831
1144,1792.355697627,1797.355697627,Malcolm Marx (South Africa),Jackler,Green,949166,2,H,900,South Africa,21467,Malcolm,Marx,1,2833
1145,1794.04537356,1799.04537356,Jesse Kriel (South Africa),Tackle,Green,949166,13,H,900,South Africa,20669,Jesse,Kriel,1,2834
1146,1795.3271882086167,1800.3271882086167,Yoshitaka Yazaki (Japan),Ruck,Green,949166,15,A,3000,Japan,59862,Yoshitaka,Yazaki,1,2834
1147,1796.700358304,1801.700358304,Shuhei Takeuchi (Japan),Ruck,Green,949166,3,A,3000,Japan,37874,Shuhei,Takeuchi,1,2839
1148,1797.624167858,1802.624167858,Kenta Kobayashi (Japan),Carry,Green,949166,1,A,3000,Japan,34481,Kenta,Kobayashi,1,2839
1149,1798.421781185,1803.421781185,Sacha Feinberg-Mngomezulu (South Africa),Tackle,Green,949166,10,H,900,South Africa,39074,Sacha,Feinberg-Mngomezulu,1,2839
1150,1801.789147996,1806.789147996,Jasper Wiese (South Africa),Jackler,Green,949166,8,H,900,South Africa,24874,Jasper,Wiese,1,2838
1151,1804.927063994,1809.927063994,Malcolm Marx (South Africa),Tackle,Green,949166,2,H,900,South Africa,21467,Malcolm,Marx,1,2845
1152,1806.596669503,1811.596669503,Kenji Sato (Japan),Ruck,Green,949166,2,A,3000,Japan,61722,Kenji,Sato,1,2847
1153,1806.596669503,1811.596669503,Kanji Shimokawa (Japan),Ruck,Green,949166,7,A,3000,Japan,30962,Kanji,Shimokawa,1,2847
1154,1807.031508285,1812.031508285,Ben Gunter (Japan),Carry,Green,949166,6,A,3000,Japan,26283,Ben,Gunter,1,2847
1155,1807.736253386,1812.736253386,Gerhard Steenekamp (South Africa),Tackle,Green,949166,17,H,900,South Africa,26092,Gerhard,Steenekamp,1,2847
1156,1810.385250781,1815.385250781,RG Snyman (South Africa),Jackler,Green,949166,4,H,900,South Africa,22730,RG,Snyman,1,2848
1157,1812.917562835,1817.917562835,Damian de Allende (South Africa),Tackle,Green,949166,12,H,900,South Africa,20037,Damian,de Allende,1,2853
1158,1813.092659439,1818.092659439,Jack Cornelsen (Japan),Ruck,Green,949166,4,A,3000,Japan,23697,Jack,Cornelsen,1,2853
1159,1813.092659439,1818.092659439,Warner Dearns (Japan),Ruck,Green,949166,5,A,3000,Japan,40399,Warner,Dearns,1,2853
1160,1813.092659439,1818.092659439,Michael Leitch (Japan),Carry,Green,949166,8,A,3000,Japan,11306,Michael,Leitch,1,2853
1161,1813.14565742,1818.14565742,Franco Mostert (South Africa),Tackle,Green,949166,7,H,900,South Africa,20097,Franco,Mostert,1,2854
1162,1814.162626852,1819.162626852,Zachary Porthen (South Africa),Jackler,Green,949166,3,H,900,South Africa,57088,Zachary,Porthen,1,2854
1163,1816.92826661,1821.92826661,Jasper Wiese (South Africa),Jackler,Green,949166,8,H,900,South Africa,24874,Jasper,Wiese,1,2851
1164,1833.76589569161,1847.341927242,Kenta Kobayashi (Japan),Kick Retreat,Green,949166,1,A,3000,Japan,34481,Kenta,Kobayashi,1,2912
1165,1833.76589569161,1847.341927242,Kenji Sato (Japan),Kick Retreat,Green,949166,2,A,3000,Japan,61722,Kenji,Sato,1,2912
1166,1833.76589569161,1847.341927242,Shuhei Takeuchi (Japan),Kick Retreat,Green,949166,3,A,3000,Japan,37874,Shuhei,Takeuchi,1,2912
1167,1833.76589569161,1847.341927242,Jack Cornelsen (Japan),Kick Retreat,Green,949166,4,A,3000,Japan,23697,Jack,Cornelsen,1,2912
1168,1833.76589569161,1847.341927242,Warner Dearns (Japan),Kick Retreat,Green,949166,5,A,3000,Japan,40399,Warner,Dearns,1,2912
1169,1833.76589569161,1847.341927242,Ben Gunter (Japan),Kick Retreat,Green,949166,6,A,3000,Japan,26283,Ben,Gunter,1,2912
1170,1833.76589569161,1847.341927242,Kanji Shimokawa (Japan),Kick Retreat,Green,949166,7,A,3000,Japan,30962,Kanji,Shimokawa,1,2912
1171,1833.76589569161,1847.341927242,Michael Leitch (Japan),Kick Retreat,Green,949166,8,A,3000,Japan,11306,Michael,Leitch,1,2912
1172,1833.953448767,1848.399613714,Malcolm Marx (South Africa),Kick Chase,Green,949166,2,H,900,South Africa,21467,Malcolm,Marx,1,2912
1173,1833.953448767,1848.399613714,Zachary Porthen (South Africa),Kick Chase,Green,949166,3,H,900,South Africa,57088,Zachary,Porthen,1,2912
1174,1833.953448767,1848.399613714,RG Snyman (South Africa),Kick Chase,Green,949166,4,H,900,South Africa,22730,RG,Snyman,1,2912
1175,1833.953448767,1848.399613714,Lood de Jager (South Africa),Kick Chase,Green,949166,5,H,900,South Africa,20524,Lood,de Jager,1,2912
1176,1833.953448767,1848.399613714,Siya Kolisi (South Africa),Kick Chase,Green,949166,6,H,900,South Africa,17107,Siya,Kolisi,1,2912
1177,1833.953448767,1848.399613714,Franco Mostert (South Africa),Kick Chase,Green,949166,7,H,900,South Africa,20097,Franco,Mostert,1,2912
1178,1833.953448767,1848.399613714,Jasper Wiese (South Africa),Kick Chase,Green,949166,8,H,900,South Africa,24874,Jasper,Wiese,1,2912
1179,1833.953448767,1848.399613714,Cobus Reinach (South Africa),Kick Chase,Green,949166,9,H,900,South Africa,19122,Cobus,Reinach,1,2912
1180,1833.953448767,1848.399613714,Kurt-Lee Arendse (South Africa),Kick Chase,Green,949166,11,H,900,South Africa,34084,Kurt-Lee,Arendse,1,2912
1181,1833.953448767,1848.399613714,Damian de Allende (South Africa),Kick Chase,Green,949166,12,H,900,South Africa,20037,Damian,de Allende,1,2912
1182,1833.953448767,1848.399613714,Jesse Kriel (South Africa),Kick Chase,Green,949166,13,H,900,South Africa,20669,Jesse,Kriel,1,2912
1183,1833.953448767,1848.399613714,Cheslin Kolbe (South Africa),Kick Chase,Green,949166,15,H,900,South Africa,20584,Cheslin,Kolbe,1,2912
1184,1833.953448767,1848.399613714,Gerhard Steenekamp (South Africa),Kick Chase,Green,949166,17,H,900,South Africa,26092,Gerhard,Steenekamp,1,2912
1185,1839.861756813,1847.341927242,Shinobu Fujiwara (Japan),Kick Retreat,Green,949166,9,A,3000,Japan,30969,Shinobu,Fujiwara,1,2913
1186,1839.861756813,1847.341927242,Seungsin Lee (Japan),Kick Retreat,Green,949166,10,A,3000,Japan,37841,Seungsin,Lee,1,2913
1187,1839.861756813,1847.341927242,Tomoki Osada (Japan),Kick Retreat,Green,949166,11,A,3000,Japan,31059,Tomoki,Osada,1,2913
1188,1839.861756813,1847.341927242,Charlie Lawrence (Japan),Kick Retreat,Green,949166,12,A,3000,Japan,32522,Charlie,Lawrence,1,2913
1189,1839.861756813,1847.341927242,Dylan Riley (Japan),Kick Retreat,Green,949166,13,A,3000,Japan,27652,Dylan,Riley,1,2913
1190,1839.861756813,1847.341927242,Kippei Ishida (Japan),Kick Retreat,Green,949166,14,A,3000,Japan,34036,Kippei,Ishida,1,2913
1191,1839.861756813,1847.341927242,Yoshitaka Yazaki (Japan),Kick Retreat,Green,949166,15,A,3000,Japan,59862,Yoshitaka,Yazaki,1,2913
1192,1842.294126984127,1857.985412535,Kenta Kobayashi (Japan),Kick Chase,Green,949166,1,A,3000,Japan,34481,Kenta,Kobayashi,1,2921
1193,1842.294126984127,1857.985412535,Kenji Sato (Japan),Kick Chase,Green,949166,2,A,3000,Japan,61722,Kenji,Sato,1,2921
1194,1842.294126984127,1857.985412535,Shuhei Takeuchi (Japan),Kick Chase,Green,949166,3,A,3000,Japan,37874,Shuhei,Takeuchi,1,2921
1195,1842.294126984127,1857.985412535,Jack Cornelsen (Japan),Kick Chase,Green,949166,4,A,3000,Japan,23697,Jack,Cornelsen,1,2921
1196,1842.294126984127,1857.985412535,Ben Gunter (Japan),Kick Chase,Green,949166,6,A,3000,Japan,26283,Ben,Gunter,1,2921
1197,1842.294126984127,1857.985412535,Kanji Shimokawa (Japan),Kick Chase,Green,949166,7,A,3000,Japan,30962,Kanji,Shimokawa,1,2921
1198,1842.294126984127,1857.985412535,Michael Leitch (Japan),Kick Chase,Green,949166,8,A,3000,Japan,11306,Michael,Leitch,1,2921
1199,1842.5176573,1857.985412535,Charlie Lawrence (Japan),Kick Chase,Green,949166,12,A,3000,Japan,32522,Charlie,Lawrence,1,2921
1200,1842.5176573,1857.985412535,Dylan Riley (Japan),Kick Chase,Green,949166,13,A,3000,Japan,27652,Dylan,Riley,1,2921
1201,1842.5176573,1857.985412535,Kippei Ishida (Japan),Kick Chase,Green,949166,14,A,3000,Japan,34036,Kippei,Ishida,1,2921
1202,1844.726128158,1857.914169417,Malcolm Marx (South Africa),Kick Retreat,Yellow,949166,2,H,900,South Africa,21467,Malcolm,Marx,1,2921
1203,1844.726128158,1857.914169417,Zachary Porthen (South Africa),Kick Retreat,Yellow,949166,3,H,900,South Africa,57088,Zachary,Porthen,1,2921
1204,1844.726128158,1857.914169417,RG Snyman (South Africa),Kick Retreat,Yellow,949166,4,H,900,South Africa,22730,RG,Snyman,1,2921
1205,1844.726128158,1857.914169417,Lood de Jager (South Africa),Kick Retreat,Yellow,949166,5,H,900,South Africa,20524,Lood,de Jager,1,2921
1206,1844.726128158,1857.914169417,Siya Kolisi (South Africa),Kick Retreat,Yellow,949166,6,H,900,South Africa,17107,Siya,Kolisi,1,2921
1207,1844.726128158,1857.914169417,Franco Mostert (South Africa),Kick Retreat,Yellow,949166,7,H,900,South Africa,20097,Franco,Mostert,1,2921
1208,1844.726128158,1857.914169417,Jasper Wiese (South Africa),Kick Retreat,Yellow,949166,8,H,900,South Africa,24874,Jasper,Wiese,1,2921
1209,1844.726128158,1857.914169417,Cobus Reinach (South Africa),Kick Retreat,Green,949166,9,H,900,South Africa,19122,Cobus,Reinach,1,2921
1210,1844.726128158,1857.914169417,Kurt-Lee Arendse (South Africa),Kick Retreat,Green,949166,11,H,900,South Africa,34084,Kurt-Lee,Arendse,1,2921
1211,1844.726128158,1857.914169417,Damian de Allende (South Africa),Kick Retreat,Yellow,949166,12,H,900,South Africa,20037,Damian,de Allende,1,2921
1212,1844.726128158,1857.914169417,Jesse Kriel (South Africa),Kick Retreat,Green,949166,13,H,900,South Africa,20669,Jesse,Kriel,1,2921
1213,1844.726128158,1857.914169417,Cheslin Kolbe (South Africa),Kick Retreat,Yellow,949166,15,H,900,South Africa,20584,Cheslin,Kolbe,1,2921
1214,1844.726128158,1857.914169417,Gerhard Steenekamp (South Africa),Kick Retreat,Yellow,949166,17,H,900,South Africa,26092,Gerhard,Steenekamp,1,2921
1215,1847.6308390022675,1860.583183468,Kenta Kobayashi (Japan),Kick Retreat,Green,949166,1,A,3000,Japan,34481,Kenta,Kobayashi,1,2927
1216,1847.6308390022675,1860.583183468,Ben Gunter (Japan),Kick Retreat,Green,949166,6,A,3000,Japan,26283,Ben,Gunter,1,2927
1217,1847.6308390022675,1860.583183468,Kanji Shimokawa (Japan),Kick Retreat,Green,949166,7,A,3000,Japan,30962,Kanji,Shimokawa,1,2927
1218,1847.833340843,1860.583183468,Charlie Lawrence (Japan),Kick Retreat,Green,949166,12,A,3000,Japan,32522,Charlie,Lawrence,1,2927
1219,1847.833340843,1860.583183468,Dylan Riley (Japan),Kick Retreat,Green,949166,13,A,3000,Japan,27652,Dylan,Riley,1,2927
1220,1847.833340843,1860.583183468,Kippei Ishida (Japan),Kick Retreat,Green,949166,14,A,3000,Japan,34036,Kippei,Ishida,1,2927
1221,1847.9466439909295,1852.9466439909295,Warner Dearns (Japan),Kick Chase,Yellow,949166,5,A,3000,Japan,40399,Warner,Dearns,1,2927
1222,1850.461125035,1855.461125035,Kenji Sato (Japan),Kick Retreat,Yellow,949166,2,A,3000,Japan,61722,Kenji,Sato,1,2928
1223,1850.461125035,1855.461125035,Jack Cornelsen (Japan),Kick Retreat,Yellow,949166,4,A,3000,Japan,23697,Jack,Cornelsen,1,2928
1224,1851.843950697,1856.843950697,Shuhei Takeuchi (Japan),Kick Retreat,Yellow,949166,3,A,3000,Japan,37874,Shuhei,Takeuchi,1,2928
1225,1851.843950697,1856.843950697,Warner Dearns (Japan),Kick Retreat,Yellow,949166,5,A,3000,Japan,40399,Warner,Dearns,1,2928
1226,1852.159401878,1857.159401878,Michael Leitch (Japan),Kick Retreat,Yellow,949166,8,A,3000,Japan,11306,Michael,Leitch,1,2928
1227,1852.508399333,1857.508399333,Shinobu Fujiwara (Japan),Kick Retreat,Yellow,949166,9,A,3000,Japan,30969,Shinobu,Fujiwara,1,2928
1228,1854.216817776,1861.001225831,Malcolm Marx (South Africa),Kick Chase,Green,949166,2,H,900,South Africa,21467,Malcolm,Marx,1,2928
1229,1854.216817776,1861.001225831,Zachary Porthen (South Africa),Kick Chase,Green,949166,3,H,900,South Africa,57088,Zachary,Porthen,1,2928
1230,1854.216817776,1861.001225831,RG Snyman (South Africa),Kick Chase,Green,949166,4,H,900,South Africa,22730,RG,Snyman,1,2928
1231,1854.216817776,1861.001225831,Lood de Jager (South Africa),Kick Chase,Green,949166,5,H,900,South Africa,20524,Lood,de Jager,1,2928
1232,1854.216817776,1861.001225831,Siya Kolisi (South Africa),Kick Chase,Green,949166,6,H,900,South Africa,17107,Siya,Kolisi,1,2928
1233,1854.216817776,1861.001225831,Franco Mostert (South Africa),Kick Chase,Green,949166,7,H,900,South Africa,20097,Franco,Mostert,1,2928
1234,1854.216817776,1861.001225831,Jasper Wiese (South Africa),Kick Chase,Green,949166,8,H,900,South Africa,24874,Jasper,Wiese,1,2928
1235,1854.216817776,1861.001225831,Cobus Reinach (South Africa),Kick Chase,Green,949166,9,H,900,South Africa,19122,Cobus,Reinach,1,2928
1236,1854.216817776,1861.001225831,Kurt-Lee Arendse (South Africa),Kick Chase,Green,949166,11,H,900,South Africa,34084,Kurt-Lee,Arendse,1,2928
1237,1854.216817776,1861.001225831,Damian de Allende (South Africa),Kick Chase,Green,949166,12,H,900,South Africa,20037,Damian,de Allende,1,2928
1238,1854.216817776,1861.001225831,Jesse Kriel (South Africa),Kick Chase,Green,949166,13,H,900,South Africa,20669,Jesse,Kriel,1,2928
1239,1854.216817776,1861.001225831,Ethan Hooker (South Africa),Kick Chase,Green,949166,14,H,900,South Africa,44326,Ethan,Hooker,1,2928
1240,1854.216817776,1861.001225831,Gerhard Steenekamp (South Africa),Kick Chase,Yellow,949166,17,H,900,South Africa,26092,Gerhard,Steenekamp,1,2928
1241,1854.3887074829931,1868.781244749,Kenta Kobayashi (Japan),Kick Chase,Green,949166,1,A,3000,Japan,34481,Kenta,Kobayashi,1,2928
1242,1854.3887074829931,1868.781244749,Kenji Sato (Japan),Kick Chase,Green,949166,2,A,3000,Japan,61722,Kenji,Sato,1,2928
1243,1854.3887074829931,1868.781244749,Shuhei Takeuchi (Japan),Kick Chase,Green,949166,3,A,3000,Japan,37874,Shuhei,Takeuchi,1,2928
1244,1854.3887074829931,1868.781244749,Jack Cornelsen (Japan),Kick Chase,Green,949166,4,A,3000,Japan,23697,Jack,Cornelsen,1,2928
1245,1854.3887074829931,1868.781244749,Warner Dearns (Japan),Kick Chase,Green,949166,5,A,3000,Japan,40399,Warner,Dearns,1,2928
1246,1854.3887074829931,1868.781244749,Ben Gunter (Japan),Kick Chase,Green,949166,6,A,3000,Japan,26283,Ben,Gunter,1,2928
1247,1854.3887074829931,1868.781244749,Kanji Shimokawa (Japan),Kick Chase,Green,949166,7,A,3000,Japan,30962,Kanji,Shimokawa,1,2928
1248,1854.3887074829931,1868.781244749,Michael Leitch (Japan),Kick Chase,Green,949166,8,A,3000,Japan,11306,Michael,Leitch,1,2928
1249,1854.624429571,1868.781244749,Tomoki Osada (Japan),Kick Chase,Green,949166,11,A,3000,Japan,31059,Tomoki,Osada,1,2928
1250,1854.624429571,1868.781244749,Charlie Lawrence (Japan),Kick Chase,Green,949166,12,A,3000,Japan,32522,Charlie,Lawrence,1,2928
1251,1854.624429571,1868.781244749,Kippei Ishida (Japan),Kick Chase,Green,949166,14,A,3000,Japan,34036,Kippei,Ishida,1,2928
1252,1855.525558661,1870.22572404,Malcolm Marx (South Africa),Kick Retreat,Yellow,949166,2,H,900,South Africa,21467,Malcolm,Marx,1,2935
1253,1855.525558661,1870.22572404,Zachary Porthen (South Africa),Kick Retreat,Green,949166,3,H,900,South Africa,57088,Zachary,Porthen,1,2935
1254,1855.525558661,1870.22572404,RG Snyman (South Africa),Kick Retreat,Green,949166,4,H,900,South Africa,22730,RG,Snyman,1,2935
1255,1855.525558661,1870.22572404,Lood de Jager (South Africa),Kick Retreat,Green,949166,5,H,900,South Africa,20524,Lood,de Jager,1,2935
1256,1855.525558661,1870.22572404,Siya Kolisi (South Africa),Kick Retreat,Green,949166,6,H,900,South Africa,17107,Siya,Kolisi,1,2935
1257,1855.525558661,1870.22572404,Franco Mostert (South Africa),Kick Retreat,Green,949166,7,H,900,South Africa,20097,Franco,Mostert,1,2935
1258,1855.525558661,1870.22572404,Jasper Wiese (South Africa),Kick Retreat,Green,949166,8,H,900,South Africa,24874,Jasper,Wiese,1,2935
1259,1855.525558661,1870.22572404,Cobus Reinach (South Africa),Kick Retreat,Green,949166,9,H,900,South Africa,19122,Cobus,Reinach,1,2935
1260,1855.525558661,1870.22572404,Kurt-Lee Arendse (South Africa),Kick Retreat,Green,949166,11,H,900,South Africa,34084,Kurt-Lee,Arendse,1,2935
1261,1855.525558661,1870.22572404,Damian de Allende (South Africa),Kick Retreat,Green,949166,12,H,900,South Africa,20037,Damian,de Allende,1,2935
1262,1855.525558661,1870.22572404,Jesse Kriel (South Africa),Kick Retreat,Green,949166,13,H,900,South Africa,20669,Jesse,Kriel,1,2935
1263,1855.525558661,1870.22572404,Ethan Hooker (South Africa),Kick Retreat,Green,949166,14,H,900,South Africa,44326,Ethan,Hooker,1,2935
1264,1855.525558661,1870.22572404,Gerhard Steenekamp (South Africa),Kick Retreat,Yellow,949166,17,H,900,South Africa,26092,Gerhard,Steenekamp,1,2935
1265,1860.3662131519277,1865.3662131519277,Dylan Riley (Japan),Kick Chase,Yellow,949166,13,A,3000,Japan,27652,Dylan,Riley,1,2935
1266,1863.5760997732427,1878.1937374,Kenta Kobayashi (Japan),Kick Retreat,Green,949166,1,A,3000,Japan,34481,Kenta,Kobayashi,1,2940
1267,1863.5760997732427,1878.1937374,Kenji Sato (Japan),Kick Retreat,Green,949166,2,A,3000,Japan,61722,Kenji,Sato,1,2940
1268,1863.5760997732427,1878.1937374,Shuhei Takeuchi (Japan),Kick Retreat,Green,949166,3,A,3000,Japan,37874,Shuhei,Takeuchi,1,2940
1269,1863.5760997732427,1878.1937374,Jack Cornelsen (Japan),Kick Retreat,Green,949166,4,A,3000,Japan,23697,Jack,Cornelsen,1,2940
1270,1863.5760997732427,1878.1937374,Warner Dearns (Japan),Kick Retreat,Green,949166,5,A,3000,Japan,40399,Warner,Dearns,1,2940
1271,1863.5760997732427,1878.1937374,Ben Gunter (Japan),Kick Retreat,Green,949166,6,A,3000,Japan,26283,Ben,Gunter,1,2940
1272,1863.5760997732427,1878.1937374,Kanji Shimokawa (Japan),Kick Retreat,Green,949166,7,A,3000,Japan,30962,Kanji,Shimokawa,1,2940
1273,1863.5760997732427,1878.1937374,Charlie Lawrence (Japan),Kick Retreat,Green,949166,12,A,3000,Japan,32522,Charlie,Lawrence,1,2940
1274,1863.5760997732427,1878.1937374,Dylan Riley (Japan),Kick Retreat,Green,949166,13,A,3000,Japan,27652,Dylan,Riley,1,2940
1275,1863.5760997732427,1878.1937374,Kippei Ishida (Japan),Kick Retreat,Green,949166,14,A,3000,Japan,34036,Kippei,Ishida,1,2940
1276,1863.5760997732427,1878.1937374,Michael Leitch (Japan),Kick Retreat,Green,949166,8,A,3000,Japan,11306,Michael,Leitch,1,2940
1277,1864.439641648,1875.10387379,Malcolm Marx (South Africa),Kick Chase,Green,949166,2,H,900,South Africa,21467,Malcolm,Marx,1,2940
1278,1864.439641648,1875.10387379,Zachary Porthen (South Africa),Kick Chase,Green,949166,3,H,900,South Africa,57088,Zachary,Porthen,1,2940
1279,1864.439641648,1875.10387379,RG Snyman (South Africa),Kick Chase,Green,949166,4,H,900,South Africa,22730,RG,Snyman,1,2940
1280,1864.439641648,1875.10387379,Lood de Jager (South Africa),Kick Chase,Green,949166,5,H,900,South Africa,20524,Lood,de Jager,1,2940
1281,1864.439641648,1875.10387379,Siya Kolisi (South Africa),Kick Chase,Green,949166,6,H,900,South Africa,17107,Siya,Kolisi,1,2940
1282,1864.439641648,1875.10387379,Franco Mostert (South Africa),Kick Chase,Green,949166,7,H,900,South Africa,20097,Franco,Mostert,1,2940
1283,1864.439641648,1875.10387379,Jasper Wiese (South Africa),Kick Chase,Green,949166,8,H,900,South Africa,24874,Jasper,Wiese,1,2940
1284,1864.439641648,1875.10387379,Cobus Reinach (South Africa),Kick Chase,Green,949166,9,H,900,South Africa,19122,Cobus,Reinach,1,2940
1285,1864.439641648,1875.10387379,Kurt-Lee Arendse (South Africa),Kick Chase,Green,949166,11,H,900,South Africa,34084,Kurt-Lee,Arendse,1,2940
1286,1864.439641648,1875.10387379,Damian de Allende (South Africa),Kick Chase,Green,949166,12,H,900,South Africa,20037,Damian,de Allende,1,2940
1287,1864.439641648,1875.10387379,Jesse Kriel (South Africa),Kick Chase,Green,949166,13,H,900,South Africa,20669,Jesse,Kriel,1,2940
1288,1864.439641648,1875.10387379,Gerhard Steenekamp (South Africa),Kick Chase,Green,949166,17,H,900,South Africa,26092,Gerhard,Steenekamp,1,2940
1289,1865.94694625,1870.94694625,Tomoki Osada (Japan),Kick Retreat,Yellow,949166,11,A,3000,Japan,31059,Tomoki,Osada,1,2947
1290,2021.650907554,2037.229661924,Malcolm Marx (South Africa),Scrum Defence,Green,949166,2,H,900,South Africa,21467,Malcolm,Marx,1,3102
1291,2021.650907554,2037.229661924,Zachary Porthen (South Africa),Scrum Defence,Green,949166,3,H,900,South Africa,57088,Zachary,Porthen,1,3102
1292,2021.650907554,2037.229661924,RG Snyman (South Africa),Scrum Defence,Green,949166,4,H,900,South Africa,22730,RG,Snyman,1,3102
1293,2021.650907554,2037.229661924,Lood de Jager (South Africa),Scrum Defence,Green,949166,5,H,900,South Africa,20524,Lood,de Jager,1,3102
1294,2021.650907554,2037.229661924,Siya Kolisi (South Africa),Scrum Defence,Green,949166,6,H,900,South Africa,17107,Siya,Kolisi,1,3102
1295,2021.650907554,2037.229661924,Franco Mostert (South Africa),Scrum Defence,Green,949166,7,H,900,South Africa,20097,Franco,Mostert,1,3102
1296,2021.650907554,2037.229661924,Jasper Wiese (South Africa),Scrum Defence,Green,949166,8,H,900,South Africa,24874,Jasper,Wiese,1,3102
1297,2021.650907554,2037.229661924,Gerhard Steenekamp (South Africa),Scrum Defence,Green,949166,17,H,900,South Africa,26092,Gerhard,Steenekamp,1,3102
1298,2024.7295918367347,2031.400945251345,Kenta Kobayashi (Japan),Scrum Attack,Green,949166,1,A,3000,Japan,34481,Kenta,Kobayashi,1,3106
1299,2024.7295918367347,2031.400945251345,Kenji Sato (Japan),Scrum Attack,Green,949166,2,A,3000,Japan,61722,Kenji,Sato,1,3106
1300,2024.7295918367347,2031.400945251345,Shuhei Takeuchi (Japan),Scrum Attack,Green,949166,3,A,3000,Japan,37874,Shuhei,Takeuchi,1,3106
1301,2024.7295918367347,2031.400945251345,Jack Cornelsen (Japan),Scrum Attack,Green,949166,4,A,3000,Japan,23697,Jack,Cornelsen,1,3106
1302,2024.7295918367347,2031.400945251345,Warner Dearns (Japan),Scrum Attack,Green,949166,5,A,3000,Japan,40399,Warner,Dearns,1,3106
1303,2024.7295918367347,2031.400945251345,Ben Gunter (Japan),Scrum Attack,Green,949166,6,A,3000,Japan,26283,Ben,Gunter,1,3106
1304,2024.7295918367347,2031.400945251345,Kanji Shimokawa (Japan),Scrum Attack,Green,949166,7,A,3000,Japan,30962,Kanji,Shimokawa,1,3106
1305,2024.7295918367347,2031.400945251345,Michael Leitch (Japan),Scrum Attack,Green,949166,8,A,3000,Japan,11306,Michael,Leitch,1,3106
1306,2178.792358276644,2198.5588888888888,Kenta Kobayashi (Japan),Lineout Defence,Green,949166,1,A,3000,Japan,34481,Kenta,Kobayashi,1,3345
1307,2178.792358276644,2198.5588888888888,Shuhei Takeuchi (Japan),Lineout Defence,Green,949166,3,A,3000,Japan,37874,Shuhei,Takeuchi,1,3345
1308,2178.792358276644,2198.5588888888888,Jack Cornelsen (Japan),Lineout Defence,Green,949166,4,A,3000,Japan,23697,Jack,Cornelsen,1,3345
1309,2178.792358276644,2198.5588888888888,Warner Dearns (Japan),Lineout Defence,Green,949166,5,A,3000,Japan,40399,Warner,Dearns,1,3345
1310,2178.792358276644,2198.5588888888888,Kanji Shimokawa (Japan),Lineout Defence,Green,949166,7,A,3000,Japan,30962,Kanji,Shimokawa,1,3345
1311,2178.792358276644,2198.5588888888888,Michael Leitch (Japan),Lineout Defence,Green,949166,8,A,3000,Japan,11306,Michael,Leitch,1,3345
1312,2182.598673022,2200.709767276,Malcolm Marx (South Africa),Lineout Attack,Green,949166,2,H,900,South Africa,21467,Malcolm,Marx,1,3345
1313,2182.598673022,2200.709767276,Zachary Porthen (South Africa),Lineout Attack,Green,949166,3,H,900,South Africa,57088,Zachary,Porthen,1,3345
1314,2182.598673022,2200.709767276,RG Snyman (South Africa),Lineout Attack,Green,949166,4,H,900,South Africa,22730,RG,Snyman,1,3345
1315,2182.598673022,2200.709767276,Lood de Jager (South Africa),Lineout Attack,Green,949166,5,H,900,South Africa,20524,Lood,de Jager,1,3345
1316,2182.598673022,2200.709767276,Siya Kolisi (South Africa),Lineout Attack,Green,949166,6,H,900,South Africa,17107,Siya,Kolisi,1,3345
1317,2182.598673022,2200.709767276,Franco Mostert (South Africa),Lineout Attack,Green,949166,7,H,900,South Africa,20097,Franco,Mostert,1,3345
1318,2182.598673022,2200.709767276,Jasper Wiese (South Africa),Lineout Attack,Green,949166,8,H,900,South Africa,24874,Jasper,Wiese,1,3345
1319,2182.598673022,2200.709767276,Gerhard Steenekamp (South Africa),Lineout Attack,Green,949166,17,H,900,South Africa,26092,Gerhard,Steenekamp,1,3345
1320,2533.830214715,2548.176059086,Zachary Porthen (South Africa),Lineout Defence,Green,949166,3,H,900,South Africa,57088,Zachary,Porthen,1,3856
1321,2533.830214715,2548.176059086,RG Snyman (South Africa),Lineout Defence,Green,949166,4,H,900,South Africa,22730,RG,Snyman,1,3856
1322,2533.830214715,2548.176059086,Lood de Jager (South Africa),Lineout Defence,Green,949166,5,H,900,South Africa,20524,Lood,de Jager,1,3856
1323,2533.830214715,2548.176059086,Gerhard Steenekamp (South Africa),Lineout Defence,Green,949166,17,H,900,South Africa,26092,Gerhard,Steenekamp,1,3856
1324,2535.5733560090703,2552.651443711,Kenji Sato (Japan),Lineout Attack,Green,949166,2,A,3000,Japan,61722,Kenji,Sato,1,3856
1325,2536.249564894,2552.651443711,Jack Cornelsen (Japan),Lineout Attack,Green,949166,4,A,3000,Japan,23697,Jack,Cornelsen,1,3856
1326,2536.249564894,2552.651443711,Warner Dearns (Japan),Lineout Attack,Green,949166,5,A,3000,Japan,40399,Warner,Dearns,1,3856
1327,2536.249564894,2552.651443711,Kanji Shimokawa (Japan),Lineout Attack,Green,949166,7,A,3000,Japan,30962,Kanji,Shimokawa,1,3856
1328,2536.931165652,2552.651443711,Ben Gunter (Japan),Lineout Attack,Green,949166,6,A,3000,Japan,26283,Ben,Gunter,1,3856
1329,2542.882440387,2547.882440387,Jasper Wiese (South Africa),Tackle,Green,949166,8,H,900,South Africa,24874,Jasper,Wiese,1,3903
1330,2545.474570841,2550.474570841,Franco Mostert (South Africa),Tackle,Green,949166,7,H,900,South Africa,20097,Franco,Mostert,1,3906
1331,2591.0246485260773,2608.271798821,Kenji Sato (Japan),Lineout Attack,Green,949166,2,A,3000,Japan,61722,Kenji,Sato,1,3952
1332,2591.295214851,2608.271798821,Kenta Kobayashi (Japan),Lineout Attack,Green,949166,1,A,3000,Japan,34481,Kenta,Kobayashi,1,3952
1333,2591.804739957,2607.891172621,Zachary Porthen (South Africa),Lineout Defence,Green,949166,3,H,900,South Africa,57088,Zachary,Porthen,1,3952
1334,2591.804739957,2607.891172621,RG Snyman (South Africa),Lineout Defence,Green,949166,4,H,900,South Africa,22730,RG,Snyman,1,3952
1335,2591.804739957,2607.891172621,Lood de Jager (South Africa),Lineout Defence,Green,949166,5,H,900,South Africa,20524,Lood,de Jager,1,3952
1336,2591.804739957,2607.891172621,Gerhard Steenekamp (South Africa),Lineout Defence,Green,949166,17,H,900,South Africa,26092,Gerhard,Steenekamp,1,3952
1337,2592.14239936,2608.271798821,Jack Cornelsen (Japan),Lineout Attack,Green,949166,4,A,3000,Japan,23697,Jack,Cornelsen,1,3952
1338,2592.14239936,2608.271798821,Warner Dearns (Japan),Lineout Attack,Green,949166,5,A,3000,Japan,40399,Warner,Dearns,1,3952
1339,2592.14239936,2608.271798821,Michael Leitch (Japan),Lineout Attack,Green,949166,8,A,3000,Japan,11306,Michael,Leitch,1,3952
1340,2592.890257582,2608.271798821,Ben Gunter (Japan),Lineout Attack,Green,949166,6,A,3000,Japan,26283,Ben,Gunter,1,3952
1341,2606.42410430839,2612.857100387,Kenta Kobayashi (Japan),Ruck,Green,949166,1,A,3000,Japan,34481,Kenta,Kobayashi,1,4004
1342,2607.857100387,2612.857100387,Ben Gunter (Japan),Ruck,Green,949166,6,A,3000,Japan,26283,Ben,Gunter,1,4008
1343,2607.857100387,2612.857100387,Kanji Shimokawa (Japan),Ruck,Green,949166,7,A,3000,Japan,30962,Kanji,Shimokawa,1,4008
1344,2608.529158492,2613.529158492,Kenji Sato (Japan),Carry,Green,949166,2,A,3000,Japan,61722,Kenji,Sato,1,4009
1345,2610.252063948,2615.252063948,Franco Mostert (South Africa),Tackle,Green,949166,7,H,900,South Africa,20097,Franco,Mostert,1,4010
1346,2610.495931399,2615.495931399,Lood de Jager (South Africa),Tackle,Green,949166,5,H,900,South Africa,20524,Lood,de Jager,1,4010
1347,2611.1870591066513,2628.799792147997,Kenji Sato (Japan),Ruck,Green,949166,2,A,3000,Japan,61722,Kenji,Sato,1,4011
1348,2611.6867800453515,2620.395400352,Warner Dearns (Japan),Ruck,Red,949166,5,A,3000,Japan,40399,Warner,Dearns,1,4012
1349,2614.063549927,2618.0437188208616,Jack Cornelsen (Japan),Ruck,Green,949166,4,A,3000,Japan,23697,Jack,Cornelsen,1,4015
1350,2614.063549927,2618.0437188208616,Charlie Lawrence (Japan),Ruck,Green,949166,12,A,3000,Japan,32522,Charlie,Lawrence,1,4015
1351,2614.369618551,2619.369618551,Zachary Porthen (South Africa),Tackle,Green,949166,3,H,900,South Africa,57088,Zachary,Porthen,1,4015
1352,2615.309908436,2620.309908436,Gerhard Steenekamp (South Africa),Tackle,Green,949166,17,H,900,South Africa,26092,Gerhard,Steenekamp,1,4015
1353,2615.395400352,2620.395400352,Michael Leitch (Japan),Carry,Green,949166,8,A,3000,Japan,11306,Michael,Leitch,1,4015
1354,2618.087757336,2623.087757336,Zachary Porthen (South Africa),Jackler,Green,949166,3,H,900,South Africa,57088,Zachary,Porthen,1,4018
1355,2620.883762764,2625.883762764,Cobus Reinach (South Africa),Tackle,Green,949166,9,H,900,South Africa,19122,Cobus,Reinach,1,4020
1356,2621.252598394,2626.252598394,Kenta Kobayashi (Japan),Carry,Green,949166,1,A,3000,Japan,34481,Kenta,Kobayashi,1,4020
1357,2621.252598394,2626.252598394,Kanji Shimokawa (Japan),Ruck,Green,949166,7,A,3000,Japan,30962,Kanji,Shimokawa,1,4020
1358,2664.543446712018,2709.2801360544217,Kenta Kobayashi (Japan),Lineout Defence,Green,949166,1,A,3000,Japan,34481,Kenta,Kobayashi,1,4110
1359,2664.543446712018,2709.2801360544217,Jack Cornelsen (Japan),Lineout Defence,Green,949166,4,A,3000,Japan,23697,Jack,Cornelsen,1,4110
1360,2664.543446712018,2709.2801360544217,Warner Dearns (Japan),Lineout Defence,Green,949166,5,A,3000,Japan,40399,Warner,Dearns,1,4110
1361,2664.543446712018,2709.2801360544217,Kanji Shimokawa (Japan),Lineout Defence,Green,949166,7,A,3000,Japan,30962,Kanji,Shimokawa,1,4110
1362,2664.543446712018,2709.2801360544217,Michael Leitch (Japan),Lineout Defence,Green,949166,8,A,3000,Japan,11306,Michael,Leitch,1,4110
1363,2670.553754877,2709.010225062,Malcolm Marx (South Africa),Lineout Attack,Green,949166,2,H,900,South Africa,21467,Malcolm,Marx,1,4110
1364,2670.553754877,2709.010225062,Zachary Porthen (South Africa),Lineout Attack,Green,949166,3,H,900,South Africa,57088,Zachary,Porthen,1,4110
1365,2670.553754877,2709.010225062,RG Snyman (South Africa),Lineout Attack,Green,949166,4,H,900,South Africa,22730,RG,Snyman,1,4110
1366,2670.553754877,2709.010225062,Lood de Jager (South Africa),Lineout Attack,Green,949166,5,H,900,South Africa,20524,Lood,de Jager,1,4110
1367,2670.553754877,2709.010225062,Siya Kolisi (South Africa),Lineout Attack,Green,949166,6,H,900,South Africa,17107,Siya,Kolisi,1,4110
1368,2670.553754877,2709.010225062,Franco Mostert (South Africa),Lineout Attack,Green,949166,7,H,900,South Africa,20097,Franco,Mostert,1,4110
1369,2670.553754877,2709.010225062,Gerhard Steenekamp (South Africa),Lineout Attack,Green,949166,17,H,900,South Africa,26092,Gerhard,Steenekamp,1,4110
1370,2707.0556009070297,2712.0556009070297,Kanji Shimokawa (Japan),Tackle,Green,949166,7,A,3000,Japan,30962,Kanji,Shimokawa,1,4148
1371,2711.4691156462586,2721.895693284324,Ben Gunter (Japan),Tackle,Green,949166,6,A,3000,Japan,26283,Ben,Gunter,1,4143
1372,2714.420432628,2719.420432628,Sacha Feinberg-Mngomezulu (South Africa),Carry,Green,949166,10,H,900,South Africa,39074,Sacha,Feinberg-Mngomezulu,1,4154
1373,2714.926335969,2719.926335969,Siya Kolisi (South Africa),Ruck,Green,949166,6,H,900,South Africa,17107,Siya,Kolisi,1,4154
1374,2715.449329809,2720.449329809,Malcolm Marx (South Africa),Ruck,Green,949166,2,H,900,South Africa,21467,Malcolm,Marx,1,4155
1375,2715.848513419,2720.848513419,Ethan Hooker (South Africa),Ruck,Green,949166,14,H,900,South Africa,44326,Ethan,Hooker,1,4155
1376,2717.5861904761905,2722.5861904761905,Charlie Lawrence (Japan),Tackle,Green,949166,12,A,3000,Japan,32522,Charlie,Lawrence,1,4157
1377,2719.085162235,2724.085162235,RG Snyman (South Africa),Carry,Green,949166,4,H,900,South Africa,22730,RG,Snyman,1,4159
1378,2722.380988104,2727.380988104,Seungsin Lee (Japan),Tackle,Green,949166,10,A,3000,Japan,37841,Seungsin,Lee,1,4203
1379,2723.51838646,2728.51838646,RG Snyman (South Africa),Ruck,Green,949166,4,H,900,South Africa,22730,RG,Snyman,1,4203
1380,2723.51838646,2728.51838646,Franco Mostert (South Africa),Ruck,Green,949166,7,H,900,South Africa,20097,Franco,Mostert,1,4203
1381,2723.542775186,2728.542775186,Lood de Jager (South Africa),Ruck,Green,949166,5,H,900,South Africa,20524,Lood,de Jager,1,4203
1382,2723.542775186,2728.542775186,Damian de Allende (South Africa),Ruck,Green,949166,12,H,900,South Africa,20037,Damian,de Allende,1,4203
1383,2724.202500268,2729.202500268,Zachary Porthen (South Africa),Ruck,Green,949166,3,H,900,South Africa,57088,Zachary,Porthen,1,4204
1384,2724.639239506,2729.639239506,Gerhard Steenekamp (South Africa),Carry,Green,949166,17,H,900,South Africa,26092,Gerhard,Steenekamp,1,4205
1385,2726.214469172,2731.214469172,Charlie Lawrence (Japan),Tackle,Green,949166,12,A,3000,Japan,32522,Charlie,Lawrence,1,4205
1386,2726.214469172,2735.424468623,Michael Leitch (Japan),Tackle,Green,949166,8,A,3000,Japan,11306,Michael,Leitch,1,4205
1387,2730.607311234,2735.607311234,Malcolm Marx (South Africa),Ruck,Green,949166,2,H,900,South Africa,21467,Malcolm,Marx,1,4211
1388,2731.462192491,2736.462192491,Jasper Wiese (South Africa),Carry,Green,949166,8,H,900,South Africa,24874,Jasper,Wiese,1,4212
1389,2732.552482275,2737.552482275,Siya Kolisi (South Africa),Ruck,Red,949166,6,H,900,South Africa,17107,Siya,Kolisi,1,4212
1390,2738.3977097505667,2743.3977097505667,Kenji Sato (Japan),Ruck,Green,949166,2,A,3000,Japan,61722,Kenji,Sato,1,4218
1391,2738.3977097505667,2743.3977097505667,Jack Cornelsen (Japan),Ruck,Green,949166,4,A,3000,Japan,23697,Jack,Cornelsen,1,4218
1392,2739.168717826,2744.168717826,Sacha Feinberg-Mngomezulu (South Africa),Carry,Green,949166,10,H,900,South Africa,39074,Sacha,Feinberg-Mngomezulu,1,4219
1393,2739.7487528344673,2744.7487528344673,Shinobu Fujiwara (Japan),Tackle,Green,949166,9,A,3000,Japan,30969,Shinobu,Fujiwara,1,4219
1394,2740.037797577,2745.037797577,Ben Gunter (Japan),Carry,Green,949166,6,A,3000,Japan,26283,Ben,Gunter,1,4219
1395,2740.13078674,2745.13078674,Malcolm Marx (South Africa),Ruck,Green,949166,2,H,900,South Africa,21467,Malcolm,Marx,1,4219
1396,2741.7432199546483,2755.497787250332,Michael Leitch (Japan),Tackle,Red,949166,8,A,3000,Japan,11306,Michael,Leitch,1,4220
1397,2743.349760336,2748.349760336,Franco Mostert (South Africa),Ruck,Green,949166,7,H,900,South Africa,20097,Franco,Mostert,1,4223
1398,2745.888693847,2750.888693847,Cheslin Kolbe (South Africa),Ruck,Red,949166,15,H,900,South Africa,20584,Cheslin,Kolbe,1,4226
1399,2748.6648752834467,2753.6648752834467,Kenta Kobayashi (Japan),Phase Defence,Red,949166,1,A,3000,Japan,34481,Kenta,Kobayashi,1,4228
1400,2748.6648752834467,2753.6648752834467,Kenji Sato (Japan),Phase Defence,Red,949166,2,A,3000,Japan,61722,Kenji,Sato,1,4228
1401,2748.6648752834467,2753.6648752834467,Jack Cornelsen (Japan),Phase Defence,Red,949166,4,A,3000,Japan,23697,Jack,Cornelsen,1,4228
1402,2748.6648752834467,2753.6648752834467,Ben Gunter (Japan),Phase Defence,Red,949166,6,A,3000,Japan,26283,Ben,Gunter,1,4228
1403,2748.807723392,2753.807723392,Tomoki Osada (Japan),Tackle,Green,949166,11,A,3000,Japan,31059,Tomoki,Osada,1,4228
1404,2748.807723392,2759.175283981,Charlie Lawrence (Japan),Tackle,Green,949166,12,A,3000,Japan,32522,Charlie,Lawrence,1,4228
1405,2750.799073771622,2756.800054398262,Sacha Feinberg-Mngomezulu (South Africa),Ruck,Green,949166,10,H,900,South Africa,39074,Sacha,Feinberg-Mngomezulu,1,4230
1406,2751.134477289,2756.134477289,Kurt-Lee Arendse (South Africa),Ruck,Green,949166,11,H,900,South Africa,34084,Kurt-Lee,Arendse,1,4230
1407,2751.5831972789115,2758.735175796,Seungsin Lee (Japan),Jackler,Yellow,949166,10,A,3000,Japan,37841,Seungsin,Lee,1,4230
1408,2752.994084606,2757.994084606,Jesse Kriel (South Africa),Carry,Green,949166,13,H,900,South Africa,20669,Jesse,Kriel,1,4231
1409,2754.025827664399,2765.0988849273294,Kanji Shimokawa (Japan),Tackle,Green,949166,7,A,3000,Japan,30962,Kanji,Shimokawa,1,4234
1410,2754.175283981,2759.175283981,Charlie Lawrence (Japan),Phase Defence,Red,949166,12,A,3000,Japan,32522,Charlie,Lawrence,1,4234
1411,2754.745260770975,2762.9979637439938,Warner Dearns (Japan),Tackle,Red,949166,5,A,3000,Japan,40399,Warner,Dearns,1,4235
1412,2755.613872669,2760.613872669,Gerhard Steenekamp (South Africa),Ruck,Green,949166,17,H,900,South Africa,26092,Gerhard,Steenekamp,1,4235
1413,2756.074504246,2761.074504246,RG Snyman (South Africa),Ruck,Green,949166,4,H,900,South Africa,22730,RG,Snyman,1,4235
1414,2757.568678217,2762.568678217,Jasper Wiese (South Africa),Ruck,Red,949166,8,H,900,South Africa,24874,Jasper,Wiese,1,4238
1415,2757.781998991,2772.199800060757,Malcolm Marx (South Africa),Kick Retreat,Green,949166,2,H,900,South Africa,21467,Malcolm,Marx,1,4238
1416,2757.781998991,2772.199800060757,Zachary Porthen (South Africa),Kick Retreat,Green,949166,3,H,900,South Africa,57088,Zachary,Porthen,1,4238
1417,2757.781998991,2772.199800060757,RG Snyman (South Africa),Kick Retreat,Green,949166,4,H,900,South Africa,22730,RG,Snyman,1,4238
1418,2757.781998991,2772.199800060757,Lood de Jager (South Africa),Kick Retreat,Green,949166,5,H,900,South Africa,20524,Lood,de Jager,1,4238
1419,2757.781998991,2772.199800060757,Siya Kolisi (South Africa),Kick Retreat,Green,949166,6,H,900,South Africa,17107,Siya,Kolisi,1,4238
1420,2757.781998991,2772.199800060757,Franco Mostert (South Africa),Kick Retreat,Green,949166,7,H,900,South Africa,20097,Franco,Mostert,1,4238
1421,2757.781998991,2772.199800060757,Jasper Wiese (South Africa),Kick Retreat,Green,949166,8,H,900,South Africa,24874,Jasper,Wiese,1,4238
1422,2757.781998991,2772.199800060757,Cobus Reinach (South Africa),Kick Retreat,Green,949166,9,H,900,South Africa,19122,Cobus,Reinach,1,4238
1423,2757.781998991,2772.199800060757,Sacha Feinberg-Mngomezulu (South Africa),Kick Retreat,Green,949166,10,H,900,South Africa,39074,Sacha,Feinberg-Mngomezulu,1,4238
1424,2757.781998991,2772.199800060757,Kurt-Lee Arendse (South Africa),Kick Retreat,Green,949166,11,H,900,South Africa,34084,Kurt-Lee,Arendse,1,4238
1425,2757.781998991,2772.199800060757,Damian de Allende (South Africa),Kick Retreat,Green,949166,12,H,900,South Africa,20037,Damian,de Allende,1,4238
1426,2757.781998991,2772.199800060757,Jesse Kriel (South Africa),Kick Retreat,Green,949166,13,H,900,South Africa,20669,Jesse,Kriel,1,4238
1427,2757.781998991,2772.199800060757,Ethan Hooker (South Africa),Kick Retreat,Green,949166,14,H,900,South Africa,44326,Ethan,Hooker,1,4238
1428,2757.781998991,2772.199800060757,Cheslin Kolbe (South Africa),Kick Retreat,Green,949166,15,H,900,South Africa,20584,Cheslin,Kolbe,1,4238
1429,2757.781998991,2772.199800060757,Gerhard Steenekamp (South Africa),Kick Retreat,Green,949166,17,H,900,South Africa,26092,Gerhard,Steenekamp,1,4238
1430,2758.0514739229025,2772.453888191,Kenta Kobayashi (Japan),Kick Chase,Green,949166,1,A,3000,Japan,34481,Kenta,Kobayashi,1,4238
1431,2758.0514739229025,2772.453888191,Kenji Sato (Japan),Kick Chase,Green,949166,2,A,3000,Japan,61722,Kenji,Sato,1,4238
1432,2758.0514739229025,2772.453888191,Jack Cornelsen (Japan),Kick Chase,Green,949166,4,A,3000,Japan,23697,Jack,Cornelsen,1,4238
1433,2758.0514739229025,2772.453888191,Warner Dearns (Japan),Kick Chase,Green,949166,5,A,3000,Japan,40399,Warner,Dearns,1,4238
1434,2758.0514739229025,2772.453888191,Ben Gunter (Japan),Kick Chase,Green,949166,6,A,3000,Japan,26283,Ben,Gunter,1,4238
1435,2758.0514739229025,2772.453888191,Kanji Shimokawa (Japan),Kick Chase,Green,949166,7,A,3000,Japan,30962,Kanji,Shimokawa,1,4238
1436,2758.0514739229025,2772.453888191,Michael Leitch (Japan),Kick Chase,Green,949166,8,A,3000,Japan,11306,Michael,Leitch,1,4238
1437,2758.498799817002,2772.453888191,Tomoki Osada (Japan),Kick Chase,Green,949166,11,A,3000,Japan,31059,Tomoki,Osada,1,4238
1438,2758.668840123,2763.668840123,Franco Mostert (South Africa),Charge Down,Green,949166,7,H,900,South Africa,20097,Franco,Mostert,1,4238
1439,2758.799370316661,2772.453888191,Charlie Lawrence (Japan),Kick Chase,Green,949166,12,A,3000,Japan,32522,Charlie,Lawrence,1,4238
1440,2759.199863107995,2772.453888191,Kippei Ishida (Japan),Kick Chase,Green,949166,14,A,3000,Japan,34036,Kippei,Ishida,1,4238
1441,2760.599412316665,2772.453888191,Yoshitaka Yazaki (Japan),Kick Chase,Green,949166,15,A,3000,Japan,59862,Yoshitaka,Yazaki,1,4238
1442,2761.2990827759854,2772.453888191,Dylan Riley (Japan),Kick Chase,Green,949166,13,A,3000,Japan,27652,Dylan,Riley,1,4243
1443,2766.550342656,2772.453888191,Shinobu Fujiwara (Japan),Kick Chase,Green,949166,9,A,3000,Japan,30969,Shinobu,Fujiwara,1,4246
1444,3686.1681405895697,3691.1681405895697,Dylan Riley (Japan),Kick Chase,Gold,949166,13,A,3000,Japan,27652,Dylan,Riley,1,4002
1445,3687.8351700680273,3697.497976079001,Dylan Riley (Japan),Carry,Gold,949166,13,A,3000,Japan,27652,Dylan,Riley,1,4005
1446,3690.119426223,3695.119426223,Malcolm Marx (South Africa),Tackle,Green,949166,2,H,900,South Africa,21467,Malcolm,Marx,2,4005
1447,3691.266119839,3696.266119839,Jasper Wiese (South Africa),Phase Defence,Red,949166,8,H,900,South Africa,24874,Jasper,Wiese,2,4005
1448,3691.900314996,3696.900314996,Jesse Kriel (South Africa),Tackle,Green,949166,13,H,900,South Africa,20669,Jesse,Kriel,2,4005
1449,3692.0079818594104,3699.6977751226495,Michael Leitch (Japan),Ruck,Gold,949166,8,A,3000,Japan,11306,Michael,Leitch,2,4005
1450,3693.423425841,3699.498818268324,Jack Cornelsen (Japan),Carry,Green,949166,4,A,3000,Japan,23697,Jack,Cornelsen,2,4013
1451,3694.376598639456,3703.000592358,Kanji Shimokawa (Japan),Ruck,Green,949166,7,A,3000,Japan,30962,Kanji,Shimokawa,2,4013
1452,3696.212034485,3701.212034485,Lood de Jager (South Africa),Tackle,Green,949166,5,H,900,South Africa,20524,Lood,de Jager,2,4013
1453,3696.973911552,3704.082788301,Warner Dearns (Japan),Ruck,Red,949166,5,A,3000,Japan,40399,Warner,Dearns,2,4013
1454,3698.375572215,3703.375572215,Franco Mostert (South Africa),Tackle,Green,949166,7,H,900,South Africa,20097,Franco,Mostert,2,4013
1455,3699.167366134,3704.167366134,Kenta Kobayashi (Japan),Ruck,Green,949166,1,A,3000,Japan,34481,Kenta,Kobayashi,2,4013
1456,3700.504286603,3705.504286603,Damian de Allende (South Africa),Tackle,Green,949166,12,H,900,South Africa,20037,Damian,de Allende,2,4014
1457,3702.294838843,3707.294838843,Jesse Kriel (South Africa),Tackle,Green,949166,13,H,900,South Africa,20669,Jesse,Kriel,2,4014
1458,3703.371862078,3708.371862078,Jesse Kriel (South Africa),Jackler,Green,949166,13,H,900,South Africa,20669,Jesse,Kriel,2,4014
1459,3703.460498866213,3708.460498866213,Kenta Kobayashi (Japan),Carry,Green,949166,1,A,3000,Japan,34481,Kenta,Kobayashi,2,4014
1460,3703.460498866213,3708.460498866213,Jack Cornelsen (Japan),Ruck,Green,949166,4,A,3000,Japan,23697,Jack,Cornelsen,2,4014
1461,3705.6543764172334,3710.6543764172334,Kanji Shimokawa (Japan),Ruck,Green,949166,7,A,3000,Japan,30962,Kanji,Shimokawa,2,4021
1462,3705.6543764172334,3710.6543764172334,Charlie Lawrence (Japan),Ruck,Green,949166,12,A,3000,Japan,32522,Charlie,Lawrence,2,4021
1463,3706.153834306,3711.153834306,Siya Kolisi (South Africa),Tackle,Green,949166,6,H,900,South Africa,17107,Siya,Kolisi,2,4022
1464,3708.62900725,3713.62900725,Michael Leitch (Japan),Carry,Green,949166,8,A,3000,Japan,11306,Michael,Leitch,2,4023
1465,3709.692165642,3714.692165642,Siya Kolisi (South Africa),Jackler,Green,949166,6,H,900,South Africa,17107,Siya,Kolisi,2,4025
1466,3709.771945801,3714.771945801,RG Snyman (South Africa),Tackle,Green,949166,4,H,900,South Africa,22730,RG,Snyman,2,4025
1467,3711.683735844,3716.683735844,Jesse Kriel (South Africa),Tackle,Green,949166,13,H,900,South Africa,20669,Jesse,Kriel,2,4028
1468,3712.698545493,3717.698545493,Warner Dearns (Japan),Ruck,Red,949166,5,A,3000,Japan,40399,Warner,Dearns,2,4028
1469,3715.096468871,3720.096468871,Cobus Reinach (South Africa),Tackle,Green,949166,9,H,900,South Africa,19122,Cobus,Reinach,2,4031
1470,3717.127576723,3722.127576723,Charlie Lawrence (Japan),Carry,Green,949166,12,A,3000,Japan,32522,Charlie,Lawrence,2,4033
1471,3717.416910315,3722.416910315,Kanji Shimokawa (Japan),Ruck,Gold,949166,7,A,3000,Japan,30962,Kanji,Shimokawa,2,4033
1472,3721.26087721,3726.26087721,Jesse Kriel (South Africa),Tackle,Green,949166,13,H,900,South Africa,20669,Jesse,Kriel,2,4037
1473,3722.690229233,3727.690229233,Tomoki Osada (Japan),Ruck,Green,949166,11,A,3000,Japan,31059,Tomoki,Osada,2,4036
1474,3723.8938095238095,3728.8938095238095,Kanji Shimokawa (Japan),Ruck,Green,949166,7,A,3000,Japan,30962,Kanji,Shimokawa,2,4039
1475,3724.215190964,3729.215190964,Michael Leitch (Japan),Carry,Green,949166,8,A,3000,Japan,11306,Michael,Leitch,2,4039
1476,3726.079238474,3731.079238474,Gerhard Steenekamp (South Africa),Tackle,Green,949166,17,H,900,South Africa,26092,Gerhard,Steenekamp,2,4042
1477,3729.5213378684807,3734.5213378684807,Jack Cornelsen (Japan),Ruck,Green,949166,4,A,3000,Japan,23697,Jack,Cornelsen,2,4045
1478,3729.5213378684807,3734.5213378684807,Warner Dearns (Japan),Ruck,Green,949166,5,A,3000,Japan,40399,Warner,Dearns,2,4045
1479,3729.61892514,3734.61892514,RG Snyman (South Africa),Tackle,Green,949166,4,H,900,South Africa,22730,RG,Snyman,2,4045
1480,3730.049279568,3737.297872211668,Kenta Kobayashi (Japan),Carry,Green,949166,1,A,3000,Japan,34481,Kenta,Kobayashi,2,4045
1481,3732.888698287668,3739.225680714,Kenji Sato (Japan),Ruck,Green,949166,2,A,3000,Japan,61722,Kenji,Sato,2,4048
1482,3733.270635633,3738.270635633,Franco Mostert (South Africa),Tackle,Green,949166,7,H,900,South Africa,20097,Franco,Mostert,2,4048
1483,3734.225680714,3739.225680714,Dylan Riley (Japan),Ruck,Green,949166,13,A,3000,Japan,27652,Dylan,Riley,2,4050
1484,3734.674537883,3739.674537883,Zachary Porthen (South Africa),Tackle,Green,949166,3,H,900,South Africa,57088,Zachary,Porthen,2,4050
1485,3735.825447995,3740.825447995,Ben Gunter (Japan),Carry,Green,949166,6,A,3000,Japan,26283,Ben,Gunter,2,4052
1486,3741.171538655,3746.171538655,Ethan Hooker (South Africa),Tackle,Green,949166,14,H,900,South Africa,44326,Ethan,Hooker,2,4056
1487,3741.684638358,3746.684638358,Kenta Kobayashi (Japan),Ruck,Green,949166,1,A,3000,Japan,34481,Kenta,Kobayashi,2,4058
1488,3743.6508843537417,3748.6508843537417,Jack Cornelsen (Japan),Ruck,Green,949166,4,A,3000,Japan,23697,Jack,Cornelsen,2,4057
1489,3743.80343088,3748.80343088,Tomoki Osada (Japan),Carry,Red,949166,11,A,3000,Japan,31059,Tomoki,Osada,2,4057
1490,3744.1975843,3749.1975843,Gerhard Steenekamp (South Africa),Tackle,Green,949166,17,H,900,South Africa,26092,Gerhard,Steenekamp,2,4057
1491,3744.332515728,3749.332515728,Cobus Reinach (South Africa),Tackle,Green,949166,9,H,900,South Africa,19122,Cobus,Reinach,2,4101
1492,3747.193412463,3752.193412463,Kenji Sato (Japan),Ruck,Green,949166,2,A,3000,Japan,61722,Kenji,Sato,2,4103
1493,3747.193412463,3752.193412463,Warner Dearns (Japan),Ruck,Green,949166,5,A,3000,Japan,40399,Warner,Dearns,2,4103
1494,3748.321545644,3755.1976010839976,Michael Leitch (Japan),Carry,Green,949166,8,A,3000,Japan,11306,Michael,Leitch,2,4103
1495,3752.432971091,3757.432971091,Jasper Wiese (South Africa),Tackle,Green,949166,8,H,900,South Africa,24874,Jasper,Wiese,2,4107
1496,3755.694427677,3760.694427677,Zachary Porthen (South Africa),Tackle,Green,949166,3,H,900,South Africa,57088,Zachary,Porthen,2,4113
1497,3758.809452411,3769.932342051,Malcolm Marx (South Africa),Kick Retreat,Green,949166,2,H,900,South Africa,21467,Malcolm,Marx,2,4113
1498,3758.809452411,3769.932342051,Zachary Porthen (South Africa),Kick Retreat,Green,949166,3,H,900,South Africa,57088,Zachary,Porthen,2,4113
1499,3758.809452411,3769.932342051,RG Snyman (South Africa),Kick Retreat,Green,949166,4,H,900,South Africa,22730,RG,Snyman,2,4113
1500,3758.809452411,3769.932342051,Lood de Jager (South Africa),Kick Retreat,Green,949166,5,H,900,South Africa,20524,Lood,de Jager,2,4113
1501,3758.809452411,3769.932342051,Siya Kolisi (South Africa),Kick Retreat,Green,949166,6,H,900,South Africa,17107,Siya,Kolisi,2,4113
1502,3758.809452411,3769.932342051,Franco Mostert (South Africa),Kick Retreat,Green,949166,7,H,900,South Africa,20097,Franco,Mostert,2,4113
1503,3758.809452411,3769.932342051,Jasper Wiese (South Africa),Kick Retreat,Green,949166,8,H,900,South Africa,24874,Jasper,Wiese,2,4113
1504,3758.809452411,3769.932342051,Cobus Reinach (South Africa),Kick Retreat,Green,949166,9,H,900,South Africa,19122,Cobus,Reinach,2,4113
1505,3758.809452411,3769.932342051,Kurt-Lee Arendse (South Africa),Kick Retreat,Green,949166,11,H,900,South Africa,34084,Kurt-Lee,Arendse,2,4113
1506,3758.809452411,3769.932342051,Damian de Allende (South Africa),Kick Retreat,Green,949166,12,H,900,South Africa,20037,Damian,de Allende,2,4113
1507,3758.809452411,3769.932342051,Jesse Kriel (South Africa),Kick Retreat,Green,949166,13,H,900,South Africa,20669,Jesse,Kriel,2,4113
1508,3758.809452411,3769.932342051,Ethan Hooker (South Africa),Kick Retreat,Green,949166,14,H,900,South Africa,44326,Ethan,Hooker,2,4113
1509,3758.809452411,3769.932342051,Gerhard Steenekamp (South Africa),Kick Retreat,Green,949166,17,H,900,South Africa,26092,Gerhard,Steenekamp,2,4113
1510,3759.485270846,3773.436734242,Kenta Kobayashi (Japan),Kick Chase,Green,949166,1,A,3000,Japan,34481,Kenta,Kobayashi,2,4113
1511,3759.485270846,3773.436734242,Kenji Sato (Japan),Kick Chase,Green,949166,2,A,3000,Japan,61722,Kenji,Sato,2,4113
1512,3759.485270846,3773.436734242,Jack Cornelsen (Japan),Kick Chase,Green,949166,4,A,3000,Japan,23697,Jack,Cornelsen,2,4113
1513,3759.485270846,3773.436734242,Warner Dearns (Japan),Kick Chase,Green,949166,5,A,3000,Japan,40399,Warner,Dearns,2,4113
1514,3759.485270846,3773.436734242,Ben Gunter (Japan),Kick Chase,Green,949166,6,A,3000,Japan,26283,Ben,Gunter,2,4113
1515,3759.485270846,3773.436734242,Kanji Shimokawa (Japan),Kick Chase,Green,949166,7,A,3000,Japan,30962,Kanji,Shimokawa,2,4113
1516,3759.485270846,3773.436734242,Michael Leitch (Japan),Kick Chase,Green,949166,8,A,3000,Japan,11306,Michael,Leitch,2,4113
1517,3761.396003846,3766.396003846,Jasper Wiese (South Africa),Jackler,Green,949166,8,H,900,South Africa,24874,Jasper,Wiese,2,4115
1518,3761.490213157,3766.490213157,Kanji Shimokawa (Japan),Ruck,Green,949166,7,A,3000,Japan,30962,Kanji,Shimokawa,2,4115
1519,3761.647788081,3773.436734242,Tomoki Osada (Japan),Kick Chase,Green,949166,11,A,3000,Japan,31059,Tomoki,Osada,2,4115
1520,3761.695487528345,3766.695487528345,Dylan Riley (Japan),Kick Chase,Yellow,949166,13,A,3000,Japan,27652,Dylan,Riley,2,4115
1521,3762.588435888,3767.588435888,Franco Mostert (South Africa),Tackle,Green,949166,7,H,900,South Africa,20097,Franco,Mostert,2,4115
1522,3763.509341277,3769.040772324,Charlie Lawrence (Japan),Ruck,Red,949166,12,A,3000,Japan,32522,Charlie,Lawrence,2,4115
1523,3764.040772324,3769.040772324,Charlie Lawrence (Japan),Kick Chase,Yellow,949166,12,A,3000,Japan,32522,Charlie,Lawrence,2,4115
1524,3764.697772611,3776.333971448,Malcolm Marx (South Africa),Kick Chase,Green,949166,2,H,900,South Africa,21467,Malcolm,Marx,2,4115
1525,3764.697772611,3776.333971448,Zachary Porthen (South Africa),Kick Chase,Green,949166,3,H,900,South Africa,57088,Zachary,Porthen,2,4115
1526,3764.697772611,3776.333971448,RG Snyman (South Africa),Kick Chase,Green,949166,4,H,900,South Africa,22730,RG,Snyman,2,4115
1527,3764.697772611,3776.333971448,Lood de Jager (South Africa),Kick Chase,Green,949166,5,H,900,South Africa,20524,Lood,de Jager,2,4115
1528,3764.697772611,3776.333971448,Siya Kolisi (South Africa),Kick Chase,Green,949166,6,H,900,South Africa,17107,Siya,Kolisi,2,4115
1529,3764.697772611,3776.333971448,Franco Mostert (South Africa),Kick Chase,Green,949166,7,H,900,South Africa,20097,Franco,Mostert,2,4115
1530,3764.697772611,3776.333971448,Jasper Wiese (South Africa),Kick Chase,Green,949166,8,H,900,South Africa,24874,Jasper,Wiese,2,4115
1531,3764.697772611,3776.333971448,Sacha Feinberg-Mngomezulu (South Africa),Kick Chase,Green,949166,10,H,900,South Africa,39074,Sacha,Feinberg-Mngomezulu,2,4115
1532,3764.697772611,3776.333971448,Kurt-Lee Arendse (South Africa),Kick Chase,Green,949166,11,H,900,South Africa,34084,Kurt-Lee,Arendse,2,4115
1533,3764.697772611,3776.333971448,Damian de Allende (South Africa),Kick Chase,Green,949166,12,H,900,South Africa,20037,Damian,de Allende,2,4115
1534,3764.697772611,3776.333971448,Jesse Kriel (South Africa),Kick Chase,Green,949166,13,H,900,South Africa,20669,Jesse,Kriel,2,4115
1535,3764.697772611,3776.333971448,Ethan Hooker (South Africa),Kick Chase,Green,949166,14,H,900,South Africa,44326,Ethan,Hooker,2,4115
1536,3764.697772611,3776.333971448,Gerhard Steenekamp (South Africa),Kick Chase,Green,949166,17,H,900,South Africa,26092,Gerhard,Steenekamp,2,4115
1537,3765.33663565,3770.33663565,Ben Gunter (Japan),Carry,Green,949166,6,A,3000,Japan,26283,Ben,Gunter,2,4115
1538,3765.752108843538,3777.400270537994,Kenta Kobayashi (Japan),Kick Retreat,Green,949166,1,A,3000,Japan,34481,Kenta,Kobayashi,2,4119
1539,3765.752108843538,3777.400270537994,Kenji Sato (Japan),Kick Retreat,Green,949166,2,A,3000,Japan,61722,Kenji,Sato,2,4119
1540,3765.752108843538,3777.400270537994,Shuhei Takeuchi (Japan),Kick Retreat,Green,949166,3,A,3000,Japan,37874,Shuhei,Takeuchi,2,4119
1541,3765.752108843538,3777.400270537994,Jack Cornelsen (Japan),Kick Retreat,Green,949166,4,A,3000,Japan,23697,Jack,Cornelsen,2,4119
1542,3765.752108843538,3777.400270537994,Warner Dearns (Japan),Kick Retreat,Green,949166,5,A,3000,Japan,40399,Warner,Dearns,2,4119
1543,3765.752108843538,3777.400270537994,Ben Gunter (Japan),Kick Retreat,Green,949166,6,A,3000,Japan,26283,Ben,Gunter,2,4119
1544,3765.752108843538,3777.400270537994,Kanji Shimokawa (Japan),Kick Retreat,Green,949166,7,A,3000,Japan,30962,Kanji,Shimokawa,2,4119
1545,3765.752108843538,3777.400270537994,Michael Leitch (Japan),Kick Retreat,Green,949166,8,A,3000,Japan,11306,Michael,Leitch,2,4119
1546,3766.592319038,3777.400270537994,Tomoki Osada (Japan),Kick Retreat,Green,949166,11,A,3000,Japan,31059,Tomoki,Osada,2,4119
1547,3766.592319038,3777.400270537994,Charlie Lawrence (Japan),Kick Retreat,Green,949166,12,A,3000,Japan,32522,Charlie,Lawrence,2,4119
1548,3766.592319038,3777.400270537994,Dylan Riley (Japan),Kick Retreat,Green,949166,13,A,3000,Japan,27652,Dylan,Riley,2,4119
1549,3766.592319038,3777.400270537994,Kippei Ishida (Japan),Kick Retreat,Green,949166,14,A,3000,Japan,34036,Kippei,Ishida,2,4119
1550,3767.186639589664,3773.698124390338,Shinobu Fujiwara (Japan),Kick Retreat,Green,949166,9,A,3000,Japan,30969,Shinobu,Fujiwara,2,4119
1551,3771.333971448,3786.700153838102,Malcolm Marx (South Africa),Kick Retreat,Green,949166,2,H,900,South Africa,21467,Malcolm,Marx,2,4119
1552,3771.333971448,3786.700153838102,Zachary Porthen (South Africa),Kick Retreat,Yellow,949166,3,H,900,South Africa,57088,Zachary,Porthen,2,4119
1553,3771.333971448,3786.700153838102,RG Snyman (South Africa),Kick Retreat,Yellow,949166,4,H,900,South Africa,22730,RG,Snyman,2,4119
1554,3771.333971448,3786.700153838102,Lood de Jager (South Africa),Kick Retreat,Yellow,949166,5,H,900,South Africa,20524,Lood,de Jager,2,4119
1555,3771.333971448,3786.700153838102,Siya Kolisi (South Africa),Kick Retreat,Yellow,949166,6,H,900,South Africa,17107,Siya,Kolisi,2,4119
1556,3771.333971448,3786.700153838102,Franco Mostert (South Africa),Kick Retreat,Green,949166,7,H,900,South Africa,20097,Franco,Mostert,2,4119
1557,3771.333971448,3786.700153838102,Jasper Wiese (South Africa),Kick Retreat,Yellow,949166,8,H,900,South Africa,24874,Jasper,Wiese,2,4119
1558,3771.333971448,3786.700153838102,Sacha Feinberg-Mngomezulu (South Africa),Kick Retreat,Green,949166,10,H,900,South Africa,39074,Sacha,Feinberg-Mngomezulu,2,4119
1559,3771.333971448,3786.700153838102,Kurt-Lee Arendse (South Africa),Kick Retreat,Green,949166,11,H,900,South Africa,34084,Kurt-Lee,Arendse,2,4119
1560,3771.333971448,3786.700153838102,Jesse Kriel (South Africa),Kick Retreat,Green,949166,13,H,900,South Africa,20669,Jesse,Kriel,2,4119
1561,3771.333971448,3786.700153838102,Ethan Hooker (South Africa),Kick Retreat,Green,949166,14,H,900,South Africa,44326,Ethan,Hooker,2,4119
1562,3771.333971448,3786.700153838102,Gerhard Steenekamp (South Africa),Kick Retreat,Yellow,949166,17,H,900,South Africa,26092,Gerhard,Steenekamp,2,4119
1563,3772.361444969,3785.279156714,Kenta Kobayashi (Japan),Kick Chase,Green,949166,1,A,3000,Japan,34481,Kenta,Kobayashi,2,4126
1564,3772.361444969,3785.279156714,Kenji Sato (Japan),Kick Chase,Green,949166,2,A,3000,Japan,61722,Kenji,Sato,2,4126
1565,3772.361444969,3785.279156714,Shuhei Takeuchi (Japan),Kick Chase,Green,949166,3,A,3000,Japan,37874,Shuhei,Takeuchi,2,4126
1566,3772.361444969,3785.279156714,Jack Cornelsen (Japan),Kick Chase,Green,949166,4,A,3000,Japan,23697,Jack,Cornelsen,2,4126
1567,3772.361444969,3785.279156714,Warner Dearns (Japan),Kick Chase,Green,949166,5,A,3000,Japan,40399,Warner,Dearns,2,4126
1568,3772.361444969,3785.279156714,Ben Gunter (Japan),Kick Chase,Green,949166,6,A,3000,Japan,26283,Ben,Gunter,2,4126
1569,3772.361444969,3785.279156714,Kanji Shimokawa (Japan),Kick Chase,Green,949166,7,A,3000,Japan,30962,Kanji,Shimokawa,2,4126
1570,3772.361444969,3785.279156714,Michael Leitch (Japan),Kick Chase,Green,949166,8,A,3000,Japan,11306,Michael,Leitch,2,4126
1571,3773.222617647,3785.279156714,Yoshitaka Yazaki (Japan),Kick Chase,Green,949166,15,A,3000,Japan,59862,Yoshitaka,Yazaki,2,4126
1572,3777.594377893,3785.279156714,Charlie Lawrence (Japan),Kick Chase,Green,949166,12,A,3000,Japan,32522,Charlie,Lawrence,2,4126
1573,3777.594377893,3785.279156714,Dylan Riley (Japan),Kick Chase,Green,949166,13,A,3000,Japan,27652,Dylan,Riley,2,4126
1574,3777.594377893,3785.279156714,Kippei Ishida (Japan),Kick Chase,Green,949166,14,A,3000,Japan,34036,Kippei,Ishida,2,4126
1575,3802.3288435374143,3820.685170068027,Kenji Sato (Japan),Lineout Defence,Green,949166,2,A,3000,Japan,61722,Kenji,Sato,2,4207
1576,3802.726394557823,3820.685170068027,Jack Cornelsen (Japan),Lineout Defence,Green,949166,4,A,3000,Japan,23697,Jack,Cornelsen,2,4207
1577,3802.726394557823,3820.685170068027,Warner Dearns (Japan),Lineout Defence,Green,949166,5,A,3000,Japan,40399,Warner,Dearns,2,4207
1578,3802.948155842,3820.685170068027,Kanji Shimokawa (Japan),Lineout Defence,Green,949166,7,A,3000,Japan,30962,Kanji,Shimokawa,2,4207
1579,3803.597740618318,3820.685170068027,Michael Leitch (Japan),Lineout Defence,Green,949166,8,A,3000,Japan,11306,Michael,Leitch,2,4207
1580,3804.620531668,3817.0000090478766,Zachary Porthen (South Africa),Lineout Defence,Green,949166,3,H,900,South Africa,57088,Zachary,Porthen,2,4207
1581,3804.620531668,3817.0000090478766,RG Snyman (South Africa),Lineout Defence,Green,949166,4,H,900,South Africa,22730,RG,Snyman,2,4207
1582,3804.620531668,3817.0000090478766,Lood de Jager (South Africa),Lineout Defence,Green,949166,5,H,900,South Africa,20524,Lood,de Jager,2,4207
1583,3804.620531668,3817.0000090478766,Gerhard Steenekamp (South Africa),Lineout Defence,Green,949166,17,H,900,South Africa,26092,Gerhard,Steenekamp,2,4207
1584,3999.9563492063494,4030.2004770376743,Shuhei Takeuchi (Japan),Lineout Defence,Green,949166,3,A,3000,Japan,37874,Shuhei,Takeuchi,2,4314
1585,4000.1997347653246,4030.2004770376743,Jack Cornelsen (Japan),Lineout Defence,Green,949166,4,A,3000,Japan,23697,Jack,Cornelsen,2,4314
1586,4000.274708924,4028.201158751,Malcolm Marx (South Africa),Lineout Attack,Green,949166,2,H,900,South Africa,21467,Malcolm,Marx,2,4314
1587,4000.274708924,4028.201158751,Zachary Porthen (South Africa),Lineout Attack,Green,949166,3,H,900,South Africa,57088,Zachary,Porthen,2,4314
1588,4000.274708924,4028.201158751,RG Snyman (South Africa),Lineout Attack,Green,949166,4,H,900,South Africa,22730,RG,Snyman,2,4314
1589,4000.274708924,4028.201158751,Lood de Jager (South Africa),Lineout Attack,Green,949166,5,H,900,South Africa,20524,Lood,de Jager,2,4314
1590,4000.274708924,4028.201158751,Siya Kolisi (South Africa),Lineout Attack,Yellow,949166,6,H,900,South Africa,17107,Siya,Kolisi,2,4314
1591,4000.274708924,4028.201158751,Franco Mostert (South Africa),Lineout Attack,Green,949166,7,H,900,South Africa,20097,Franco,Mostert,2,4314
1592,4000.274708924,4028.201158751,Jasper Wiese (South Africa),Lineout Attack,Green,949166,8,H,900,South Africa,24874,Jasper,Wiese,2,4314
1593,4000.274708924,4028.201158751,Gerhard Steenekamp (South Africa),Lineout Attack,Green,949166,17,H,900,South Africa,26092,Gerhard,Steenekamp,2,4314
1594,4001.551151991,4030.2004770376743,Michael Leitch (Japan),Lineout Defence,Green,949166,8,A,3000,Japan,11306,Michael,Leitch,2,4314
1595,4022.171133786848,4027.171133786848,Dylan Riley (Japan),Phase Defence,Red,949166,13,A,3000,Japan,27652,Dylan,Riley,2,4336
1596,4022.171133786848,4027.171133786848,Kippei Ishida (Japan),Phase Defence,Red,949166,14,A,3000,Japan,34036,Kippei,Ishida,2,4336
1597,4022.326666666667,4027.326666666667,Kenta Kobayashi (Japan),Lineout Defence,Red,949166,1,A,3000,Japan,34481,Kenta,Kobayashi,2,4336
1598,4022.326666666667,4027.326666666667,Warner Dearns (Japan),Lineout Defence,Red,949166,5,A,3000,Japan,40399,Warner,Dearns,2,4336
1599,4022.326666666667,4027.326666666667,Kanji Shimokawa (Japan),Lineout Defence,Red,949166,7,A,3000,Japan,30962,Kanji,Shimokawa,2,4336
1600,4023.089410430839,4033.082196856,Seungsin Lee (Japan),Tackle,Yellow,949166,10,A,3000,Japan,37841,Seungsin,Lee,2,4336
1601,4024.713412352,4029.713412352,Malcolm Marx (South Africa),Ruck,Green,949166,2,H,900,South Africa,21467,Malcolm,Marx,2,4339
1602,4025.497441037,4030.497441037,Jesse Kriel (South Africa),Ruck,Green,949166,13,H,900,South Africa,20669,Jesse,Kriel,2,4339
1603,4027.102614898,4032.102614898,Ethan Hooker (South Africa),Ruck,Green,949166,14,H,900,South Africa,44326,Ethan,Hooker,2,4339
1604,4027.212495722,4032.212495722,Damian de Allende (South Africa),Carry,Green,949166,12,H,900,South Africa,20037,Damian,de Allende,2,4341
1605,4028.893424036281,4033.893424036281,Michael Leitch (Japan),Tackle,Green,949166,8,A,3000,Japan,11306,Michael,Leitch,2,4340
1606,4033.373331867,4038.373331867,Kippei Ishida (Japan),Tackle,Green,949166,14,A,3000,Japan,34036,Kippei,Ishida,2,4346
1607,4034.193417465,4039.193417465,Lood de Jager (South Africa),Ruck,Green,949166,5,H,900,South Africa,20524,Lood,de Jager,2,4347
1608,4034.3313605442177,4039.3313605442177,Dylan Riley (Japan),Tackle,Green,949166,13,A,3000,Japan,27652,Dylan,Riley,2,4347
1609,4034.942223347,4039.942223347,Zachary Porthen (South Africa),Ruck,Green,949166,3,H,900,South Africa,57088,Zachary,Porthen,2,4348
1610,4035.412993197279,4040.412993197279,Charlie Lawrence (Japan),Tackle,Green,949166,12,A,3000,Japan,32522,Charlie,Lawrence,2,4348
1611,4036.356431633,4041.356431633,RG Snyman (South Africa),Carry,Green,949166,4,H,900,South Africa,22730,RG,Snyman,2,4349
1612,4036.676147457,4041.676147457,Dylan Riley (Japan),Phase Defence,Red,949166,13,A,3000,Japan,27652,Dylan,Riley,2,4349
1613,4036.676147457,4041.676147457,Michael Leitch (Japan),Phase Defence,Red,949166,8,A,3000,Japan,11306,Michael,Leitch,2,4349
1614,4038.036926822,4043.036926822,Jasper Wiese (South Africa),Carry,Green,949166,8,H,900,South Africa,24874,Jasper,Wiese,2,4351
1615,4038.095757955,4043.095757955,Jesse Kriel (South Africa),Ruck,Green,949166,13,H,900,South Africa,20669,Jesse,Kriel,2,4351
1616,4038.219056005,4043.219056005,Sacha Feinberg-Mngomezulu (South Africa),Ruck,Green,949166,10,H,900,South Africa,39074,Sacha,Feinberg-Mngomezulu,2,4351
1617,4038.649108422,4043.649108422,Franco Mostert (South Africa),Ruck,Green,949166,7,H,900,South Africa,20097,Franco,Mostert,2,4351
1618,4038.93052154195,4043.93052154195,Yoshitaka Yazaki (Japan),Tackle,Green,949166,15,A,3000,Japan,59862,Yoshitaka,Yazaki,2,4352
1619,4039.071840308,4044.071840308,Jack Cornelsen (Japan),Tackle,Green,949166,4,A,3000,Japan,23697,Jack,Cornelsen,2,4352
1620,4039.440601227,4044.440601227,Gerhard Steenekamp (South Africa),Ruck,Green,949166,17,H,900,South Africa,26092,Gerhard,Steenekamp,2,4352
1621,4040.626084126,4045.626084126,Malcolm Marx (South Africa),Carry,Green,949166,2,H,900,South Africa,21467,Malcolm,Marx,2,4353
1622,4133.834780886,4145.385907625,Andre Esterhuizen (South Africa),Scrum Defence,Green,949166,20,H,900,South Africa,21468,Andre,Esterhuizen,2,4444
1623,4133.834780886,4145.385907625,Kwagga Smith (South Africa),Scrum Defence,Green,949166,21,H,900,South Africa,20655,Kwagga,Smith,2,4444
1624,4139.552074395,4144.552074395,Franco Mostert (South Africa),Scrum Defence,Green,949166,7,H,900,South Africa,20097,Franco,Mostert,2,4446
1625,4169.2644671201815,4185.042936627,Kenta Kobayashi (Japan),Lineout Defence,Green,949166,1,A,3000,Japan,34481,Kenta,Kobayashi,2,4519
1626,4169.2644671201815,4185.042936627,Shuhei Takeuchi (Japan),Lineout Defence,Green,949166,3,A,3000,Japan,37874,Shuhei,Takeuchi,2,4519
1627,4169.2644671201815,4185.042936627,Jack Cornelsen (Japan),Lineout Defence,Green,949166,4,A,3000,Japan,23697,Jack,Cornelsen,2,4519
1628,4169.2644671201815,4185.042936627,Warner Dearns (Japan),Lineout Defence,Green,949166,5,A,3000,Japan,40399,Warner,Dearns,2,4519
1629,4169.2644671201815,4185.042936627,Kanji Shimokawa (Japan),Lineout Defence,Green,949166,7,A,3000,Japan,30962,Kanji,Shimokawa,2,4519
1630,4169.2644671201815,4185.042936627,Michael Leitch (Japan),Lineout Defence,Green,949166,8,A,3000,Japan,11306,Michael,Leitch,2,4519
1631,4169.657080737,4190.999867139016,RG Snyman (South Africa),Lineout Attack,Green,949166,4,H,900,South Africa,22730,RG,Snyman,2,4519
1632,4169.657080737,4190.999867139016,Lood de Jager (South Africa),Lineout Attack,Green,949166,5,H,900,South Africa,20524,Lood,de Jager,2,4519
1633,4169.657080737,4190.999867139016,Franco Mostert (South Africa),Lineout Attack,Green,949166,7,H,900,South Africa,20097,Franco,Mostert,2,4519
1634,4169.657080737,4190.999867139016,Johan Grobbelaar (South Africa),Lineout Attack,Green,949166,16,H,900,South Africa,26091,Johan,Grobbelaar,2,4519
1635,4169.657080737,4190.999867139016,Gerhard Steenekamp (South Africa),Lineout Attack,Green,949166,17,H,900,South Africa,26092,Gerhard,Steenekamp,2,4519
1636,4169.657080737,4190.999867139016,Wilco Louw (South Africa),Lineout Attack,Green,949166,18,H,900,South Africa,21708,Wilco,Louw,2,4519
1637,4169.657080737,4190.999867139016,Kwagga Smith (South Africa),Lineout Attack,Green,949166,21,H,900,South Africa,20655,Kwagga,Smith,2,4519
1638,4172.398501912321,4185.042936627,Kenji Sato (Japan),Lineout Defence,Green,949166,2,A,3000,Japan,61722,Kenji,Sato,2,4522
1639,4184.086962723,4194.485303083,Michael Leitch (Japan),Tackle,Gold,949166,8,A,3000,Japan,11306,Michael,Leitch,2,4534
1640,4186.4841394263285,4196.53693797,Shuhei Takeuchi (Japan),Jackler,Green,949166,3,A,3000,Japan,37874,Shuhei,Takeuchi,2,4536
1641,4188.886490029333,4194.118688113,Jack Cornelsen (Japan),Tackle,Green,949166,4,A,3000,Japan,23697,Jack,Cornelsen,2,4539
1642,4190.534180036,4195.534180036,Gerhard Steenekamp (South Africa),Ruck,Green,949166,17,H,900,South Africa,26092,Gerhard,Steenekamp,2,4540
1643,4193.792014251,4198.792014251,Kwagga Smith (South Africa),Carry,Red,949166,21,H,900,South Africa,20655,Kwagga,Smith,2,4544
1644,4194.075694118,4199.075694118,Johan Grobbelaar (South Africa),Ruck,Green,949166,16,H,900,South Africa,26091,Johan,Grobbelaar,2,4544
1645,4195.263291394,4200.263291394,RG Snyman (South Africa),Ruck,Green,949166,4,H,900,South Africa,22730,RG,Snyman,2,4544
1646,4195.640043011,4205.421199623,Michael Leitch (Japan),Tackle,Gold,949166,8,A,3000,Japan,11306,Michael,Leitch,2,4546
1647,4195.749047619048,4200.749047619048,Seungsin Lee (Japan),Tackle,Green,949166,10,A,3000,Japan,37841,Seungsin,Lee,2,4546
1648,4195.81698448,4200.81698448,Franco Mostert (South Africa),Carry,Green,949166,7,H,900,South Africa,20097,Franco,Mostert,2,4546
1649,4201.80549127,4206.80549127,Andre Esterhuizen (South Africa),Carry,Green,949166,20,H,900,South Africa,21468,Andre,Esterhuizen,2,4552
1650,4203.048096099,4208.048096099,Lood de Jager (South Africa),Ruck,Yellow,949166,5,H,900,South Africa,20524,Lood,de Jager,2,4552
1651,4203.131735104,4208.131735104,Wilco Louw (South Africa),Ruck,Red,949166,18,H,900,South Africa,21708,Wilco,Louw,2,4552
1652,4208.566148288,4213.566148288,Kenji Sato (Japan),Tackle,Green,949166,2,A,3000,Japan,61722,Kenji,Sato,2,4558
1653,4211.369946597,4216.369946597,Franco Mostert (South Africa),Ruck,Green,949166,7,H,900,South Africa,20097,Franco,Mostert,2,4601
1654,4211.369946597,4216.369946597,Johan Grobbelaar (South Africa),Ruck,Green,949166,16,H,900,South Africa,26091,Johan,Grobbelaar,2,4601
1655,4212.498879492,4217.498879492,Cheslin Kolbe (South Africa),Carry,Green,949166,15,H,900,South Africa,20584,Cheslin,Kolbe,2,4603
1656,4213.017755548,4218.017755548,Kenta Kobayashi (Japan),Tackle,Green,949166,1,A,3000,Japan,34481,Kenta,Kobayashi,2,4603
1657,4213.113038548753,4218.113038548753,Shuhei Takeuchi (Japan),Tackle,Green,949166,3,A,3000,Japan,37874,Shuhei,Takeuchi,2,4603
1658,4344.433401360544,4349.433401360544,Dylan Riley (Japan),Charge Down,Green,949166,13,A,3000,Japan,27652,Dylan,Riley,2,4747
1659,4344.433401360544,4362.89993216133,Kenta Kobayashi (Japan),Kick Retreat,Green,949166,1,A,3000,Japan,34481,Kenta,Kobayashi,2,4747
1660,4344.433401360544,4362.89993216133,Kenji Sato (Japan),Kick Retreat,Green,949166,2,A,3000,Japan,61722,Kenji,Sato,2,4747
1661,4344.433401360544,4362.89993216133,Shuhei Takeuchi (Japan),Kick Retreat,Green,949166,3,A,3000,Japan,37874,Shuhei,Takeuchi,2,4747
1662,4344.433401360544,4362.89993216133,Jack Cornelsen (Japan),Kick Retreat,Green,949166,4,A,3000,Japan,23697,Jack,Cornelsen,2,4747
1663,4344.433401360544,4362.89993216133,Warner Dearns (Japan),Kick Retreat,Green,949166,5,A,3000,Japan,40399,Warner,Dearns,2,4747
1664,4344.550956044,4362.89993216133,Kanji Shimokawa (Japan),Kick Retreat,Green,949166,7,A,3000,Japan,30962,Kanji,Shimokawa,2,4747
1665,4344.550956044,4362.89993216133,Faulua Makisi (Japan),Kick Retreat,Green,949166,20,A,3000,Japan,23417,Faulua,Makisi,2,4747
1666,4344.762768817,4362.89993216133,Tomoki Osada (Japan),Kick Retreat,Green,949166,11,A,3000,Japan,31059,Tomoki,Osada,2,4747
1667,4344.762768817,4362.89993216133,Charlie Lawrence (Japan),Kick Retreat,Green,949166,12,A,3000,Japan,32522,Charlie,Lawrence,2,4747
1668,4344.762768817,4362.89993216133,Dylan Riley (Japan),Kick Retreat,Green,949166,13,A,3000,Japan,27652,Dylan,Riley,2,4747
1669,4344.762768817,4362.89993216133,Kippei Ishida (Japan),Kick Retreat,Green,949166,14,A,3000,Japan,34036,Kippei,Ishida,2,4747
1670,4344.864822006,4360.126961163,RG Snyman (South Africa),Kick Chase,Green,949166,4,H,900,South Africa,22730,RG,Snyman,2,4747
1671,4344.864822006,4360.126961163,Lood de Jager (South Africa),Kick Chase,Green,949166,5,H,900,South Africa,20524,Lood,de Jager,2,4747
1672,4344.864822006,4360.126961163,Franco Mostert (South Africa),Kick Chase,Green,949166,7,H,900,South Africa,20097,Franco,Mostert,2,4747
1673,4344.864822006,4360.126961163,Cobus Reinach (South Africa),Kick Chase,Green,949166,9,H,900,South Africa,19122,Cobus,Reinach,2,4747
1674,4344.864822006,4360.126961163,Kurt-Lee Arendse (South Africa),Kick Chase,Green,949166,11,H,900,South Africa,34084,Kurt-Lee,Arendse,2,4747
1675,4344.864822006,4360.126961163,Damian de Allende (South Africa),Kick Chase,Green,949166,12,H,900,South Africa,20037,Damian,de Allende,2,4747
1676,4344.864822006,4360.126961163,Jesse Kriel (South Africa),Kick Chase,Green,949166,13,H,900,South Africa,20669,Jesse,Kriel,2,4747
1677,4344.864822006,4360.126961163,Ethan Hooker (South Africa),Kick Chase,Green,949166,14,H,900,South Africa,44326,Ethan,Hooker,2,4747
1678,4344.864822006,4360.126961163,Johan Grobbelaar (South Africa),Kick Chase,Green,949166,16,H,900,South Africa,26091,Johan,Grobbelaar,2,4747
1679,4344.864822006,4360.126961163,Gerhard Steenekamp (South Africa),Kick Chase,Green,949166,17,H,900,South Africa,26092,Gerhard,Steenekamp,2,4747
1680,4344.864822006,4360.126961163,Wilco Louw (South Africa),Kick Chase,Green,949166,18,H,900,South Africa,21708,Wilco,Louw,2,4747
1681,4344.864822006,4360.126961163,Andre Esterhuizen (South Africa),Kick Chase,Green,949166,20,H,900,South Africa,21468,Andre,Esterhuizen,2,4747
1682,4344.864822006,4360.126961163,Kwagga Smith (South Africa),Kick Chase,Green,949166,21,H,900,South Africa,20655,Kwagga,Smith,2,4747
1683,4349.779332557,4362.89993216133,Shinobu Fujiwara (Japan),Kick Retreat,Green,949166,9,A,3000,Japan,30969,Shinobu,Fujiwara,2,4754
1684,4354.897732851,4359.897732851,Johan Grobbelaar (South Africa),Jackler,Green,949166,16,H,900,South Africa,26091,Johan,Grobbelaar,2,4753
1685,4356.016077097505,4361.016077097505,Shuhei Takeuchi (Japan),Ruck,Gold,949166,3,A,3000,Japan,37874,Shuhei,Takeuchi,2,4753
1686,4359.04115329,4364.04115329,Ethan Hooker (South Africa),Tackle,Green,949166,14,H,900,South Africa,44326,Ethan,Hooker,2,4803
1687,4361.703287518,4366.703287518,Shuhei Takeuchi (Japan),Ruck,Green,949166,3,A,3000,Japan,37874,Shuhei,Takeuchi,2,4806
1688,4361.703287518,4366.703287518,Jack Cornelsen (Japan),Ruck,Green,949166,4,A,3000,Japan,23697,Jack,Cornelsen,2,4806
1689,4361.703287518,4366.703287518,Kanji Shimokawa (Japan),Ruck,Green,949166,7,A,3000,Japan,30962,Kanji,Shimokawa,2,4806
1690,4361.703287518,4366.703287518,Faulua Makisi (Japan),Carry,Green,949166,20,A,3000,Japan,23417,Faulua,Makisi,2,4806
1691,4364.077751036,4369.077751036,Lood de Jager (South Africa),Tackle,Green,949166,5,H,900,South Africa,20524,Lood,de Jager,2,4808
1692,4364.588095238095,4379.999002390334,Ethan Hooker (South Africa),Linebreak Defence,Gold,949166,14,H,900,South Africa,44326,Ethan,Hooker,2,4809
1693,4366.318547128,4371.318547128,Andre Esterhuizen (South Africa),Tackle,Green,949166,20,H,900,South Africa,21468,Andre,Esterhuizen,2,4810
1694,4367.770154465,4372.770154465,Wilco Louw (South Africa),Jackler,Red,949166,18,H,900,South Africa,21708,Wilco,Louw,2,4811
1695,4368.048954615,4373.048954615,Kenta Kobayashi (Japan),Carry,Green,949166,1,A,3000,Japan,34481,Kenta,Kobayashi,2,4811
1696,4368.048954615,4373.048954615,Kenji Sato (Japan),Ruck,Green,949166,2,A,3000,Japan,61722,Kenji,Sato,2,4811
1697,4368.048954615,4373.048954615,Shuhei Takeuchi (Japan),Ruck,Green,949166,3,A,3000,Japan,37874,Shuhei,Takeuchi,2,4811
1698,4368.319972585,4373.319972585,Cobus Reinach (South Africa),Tackle,Green,949166,9,H,900,South Africa,19122,Cobus,Reinach,2,4811
1699,4368.492100306,4373.492100306,Gerhard Steenekamp (South Africa),Tackle,Green,949166,17,H,900,South Africa,26092,Gerhard,Steenekamp,2,4811
1700,4369.231696715,4374.231696715,Seungsin Lee (Japan),Carry,Green,949166,10,A,3000,Japan,37841,Seungsin,Lee,2,4811
1701,4370.351188075,4375.351188075,Sacha Feinberg-Mngomezulu (South Africa),Tackle,Green,949166,10,H,900,South Africa,39074,Sacha,Feinberg-Mngomezulu,2,4815
1702,4372.211266787,4377.211266787,RG Snyman (South Africa),Phase Defence,Red,949166,4,H,900,South Africa,22730,RG,Snyman,2,4815
1703,4372.211266787,4377.211266787,Lood de Jager (South Africa),Phase Defence,Red,949166,5,H,900,South Africa,20524,Lood,de Jager,2,4815
1704,4372.211266787,4377.211266787,Cobus Reinach (South Africa),Phase Defence,Red,949166,9,H,900,South Africa,19122,Cobus,Reinach,2,4815
1705,4372.211266787,4377.211266787,Jesse Kriel (South Africa),Phase Defence,Red,949166,13,H,900,South Africa,20669,Jesse,Kriel,2,4815
1706,4372.211266787,4377.211266787,Johan Grobbelaar (South Africa),Phase Defence,Red,949166,16,H,900,South Africa,26091,Johan,Grobbelaar,2,4815
1707,4372.211266787,4377.211266787,Gerhard Steenekamp (South Africa),Phase Defence,Red,949166,17,H,900,South Africa,26092,Gerhard,Steenekamp,2,4815
1708,4372.211266787,4377.211266787,Wilco Louw (South Africa),Phase Defence,Red,949166,18,H,900,South Africa,21708,Wilco,Louw,2,4815
1709,4372.795124792,4377.795124792,Kwagga Smith (South Africa),Linebreak Defence,Gold,949166,21,H,900,South Africa,20655,Kwagga,Smith,2,4816
1710,4373.880573202,4378.880573202,Sacha Feinberg-Mngomezulu (South Africa),Phase Defence,Red,949166,10,H,900,South Africa,39074,Sacha,Feinberg-Mngomezulu,2,4816
1711,4374.145929261,4379.145929261,Jack Cornelsen (Japan),Ruck,Green,949166,4,A,3000,Japan,23697,Jack,Cornelsen,2,4816
1712,4376.739163017,4381.739163017,Franco Mostert (South Africa),Jackler,Green,949166,7,H,900,South Africa,20097,Franco,Mostert,2,4821
1713,4376.976285451,4381.976285451,Kenji Sato (Japan),Carry,Green,949166,2,A,3000,Japan,61722,Kenji,Sato,2,4821
1714,4377.239562391,4382.239562391,Ethan Hooker (South Africa),Tackle,Red,949166,14,H,900,South Africa,44326,Ethan,Hooker,2,4822
1715,4378.127907304,4383.127907304,Dylan Riley (Japan),Carry,Green,949166,13,A,3000,Japan,27652,Dylan,Riley,2,4822
1716,4380.354712003,4388.353421752,Kenta Kobayashi (Japan),Ruck,Green,949166,1,A,3000,Japan,34481,Kenta,Kobayashi,2,4825
1717,4382.71197651,4390.465180177,RG Snyman (South Africa),Kick Retreat,Green,949166,4,H,900,South Africa,22730,RG,Snyman,2,4825
1718,4382.71197651,4390.465180177,Lood de Jager (South Africa),Kick Retreat,Green,949166,5,H,900,South Africa,20524,Lood,de Jager,2,4825
1719,4382.71197651,4390.465180177,Cobus Reinach (South Africa),Kick Retreat,Green,949166,9,H,900,South Africa,19122,Cobus,Reinach,2,4825
1720,4382.71197651,4390.465180177,Kurt-Lee Arendse (South Africa),Kick Retreat,Green,949166,11,H,900,South Africa,34084,Kurt-Lee,Arendse,2,4825
1721,4382.71197651,4390.465180177,Damian de Allende (South Africa),Kick Retreat,Green,949166,12,H,900,South Africa,20037,Damian,de Allende,2,4825
1722,4382.71197651,4390.465180177,Jesse Kriel (South Africa),Kick Retreat,Green,949166,13,H,900,South Africa,20669,Jesse,Kriel,2,4825
1723,4382.71197651,4390.465180177,Johan Grobbelaar (South Africa),Kick Retreat,Green,949166,16,H,900,South Africa,26091,Johan,Grobbelaar,2,4825
1724,4382.71197651,4390.465180177,Gerhard Steenekamp (South Africa),Kick Retreat,Green,949166,17,H,900,South Africa,26092,Gerhard,Steenekamp,2,4825
1725,4382.71197651,4390.465180177,Wilco Louw (South Africa),Kick Retreat,Green,949166,18,H,900,South Africa,21708,Wilco,Louw,2,4825
1726,4382.71197651,4390.465180177,Andre Esterhuizen (South Africa),Kick Retreat,Green,949166,20,H,900,South Africa,21468,Andre,Esterhuizen,2,4825
1727,4382.71197651,4390.465180177,Kwagga Smith (South Africa),Kick Retreat,Green,949166,21,H,900,South Africa,20655,Kwagga,Smith,2,4825
1728,4391.643374317,4396.643374317,Lood de Jager (South Africa),Tackle,Green,949166,5,H,900,South Africa,20524,Lood,de Jager,2,4834
1729,4487.870272108844,4492.870272108844,Shuhei Takeuchi (Japan),Carry,Green,949166,3,A,3000,Japan,37874,Shuhei,Takeuchi,2,5012
1730,4490.910202658,4495.910202658,Wilco Louw (South Africa),Tackle,Green,949166,18,H,900,South Africa,21708,Wilco,Louw,2,5015
1731,4492.45001697,4497.45001697,Johan Grobbelaar (South Africa),Tackle,Green,949166,16,H,900,South Africa,26091,Johan,Grobbelaar,2,5017
1732,4492.691703343,4497.691703343,Kenta Kobayashi (Japan),Ruck,Green,949166,1,A,3000,Japan,34481,Kenta,Kobayashi,2,5017
1733,4492.691703343,4497.691703343,Kanji Shimokawa (Japan),Ruck,Green,949166,7,A,3000,Japan,30962,Kanji,Shimokawa,2,5017
1734,4492.691703343,4497.691703343,Faulua Makisi (Japan),Ruck,Green,949166,20,A,3000,Japan,23417,Faulua,Makisi,2,5017
1735,4493.008298146,4498.008298146,Lood de Jager (South Africa),Tackle,Green,949166,5,H,900,South Africa,20524,Lood,de Jager,2,5017
1736,4495.050629975,4500.050629975,Andre Esterhuizen (South Africa),Tackle,Green,949166,20,H,900,South Africa,21468,Andre,Esterhuizen,2,5018
1737,4495.050629975,4500.050629975,Kwagga Smith (South Africa),Tackle,Green,949166,21,H,900,South Africa,20655,Kwagga,Smith,2,5018
1738,4498.951406456,4503.951406456,Kenji Sato (Japan),Ruck,Green,949166,2,A,3000,Japan,61722,Kenji,Sato,2,5023
1739,4498.951406456,4503.951406456,Jack Cornelsen (Japan),Ruck,Green,949166,4,A,3000,Japan,23697,Jack,Cornelsen,2,5023
1740,4499.612525401,4504.612525401,Warner Dearns (Japan),Carry,Green,949166,5,A,3000,Japan,40399,Warner,Dearns,2,5023
1741,4499.84648238,4504.84648238,Sacha Feinberg-Mngomezulu (South Africa),Tackle,Green,949166,10,H,900,South Africa,39074,Sacha,Feinberg-Mngomezulu,2,5023
1742,4501.416822923,4506.416822923,RG Snyman (South Africa),Jackler,Green,949166,4,H,900,South Africa,22730,RG,Snyman,2,5026
1743,4502.330792808,4507.330792808,Faulua Makisi (Japan),Ruck,Green,949166,20,A,3000,Japan,23417,Faulua,Makisi,2,5027
1744,4502.330792808,4507.330792808,Charlie Lawrence (Japan),Ruck,Green,949166,12,A,3000,Japan,32522,Charlie,Lawrence,2,5027
1745,4503.145238095238,4508.145238095238,Kenta Kobayashi (Japan),Ruck,Green,949166,1,A,3000,Japan,34481,Kenta,Kobayashi,2,5027
1746,4503.145238095238,4508.145238095238,Kanji Shimokawa (Japan),Carry,Green,949166,7,A,3000,Japan,30962,Kanji,Shimokawa,2,5027
1747,4507.566734667,4512.566734667,Johan Grobbelaar (South Africa),Tackle,Green,949166,16,H,900,South Africa,26091,Johan,Grobbelaar,2,5031
1748,4509.455986394558,4514.455986394558,Jack Cornelsen (Japan),Ruck,Green,949166,4,A,3000,Japan,23697,Jack,Cornelsen,2,5034
1749,4511.271708897,4516.271708897,Lood de Jager (South Africa),Jackler,Green,949166,5,H,900,South Africa,20524,Lood,de Jager,2,5036
1750,4512.902587773,4517.902587773,Wilco Louw (South Africa),Tackle,Green,949166,18,H,900,South Africa,21708,Wilco,Louw,2,5037
1751,4513.745351473923,4518.745351473923,Sacha Feinberg-Mngomezulu (South Africa),Tackle,Red,949166,10,H,900,South Africa,39074,Sacha,Feinberg-Mngomezulu,2,5037
1752,4513.753361923,4518.753361923,Kenji Sato (Japan),Ruck,Green,949166,2,A,3000,Japan,61722,Kenji,Sato,2,5037
1753,4513.753361923,4518.753361923,Kanji Shimokawa (Japan),Ruck,Green,949166,7,A,3000,Japan,30962,Kanji,Shimokawa,2,5037
1754,4513.753361923,4519.672168536,Warner Dearns (Japan),Carry,Red,949166,5,A,3000,Japan,40399,Warner,Dearns,2,5037
1755,4515.381746149,4520.381746149,Yoshitaka Yazaki (Japan),Ruck,Green,949166,15,A,3000,Japan,59862,Yoshitaka,Yazaki,2,5040
1756,4515.579646385,4520.579646385,Kenta Kobayashi (Japan),Ruck,Green,949166,1,A,3000,Japan,34481,Kenta,Kobayashi,2,5040
1757,4518.450770975057,4523.450770975057,Faulua Makisi (Japan),Carry,Green,949166,20,A,3000,Japan,23417,Faulua,Makisi,2,5042
1758,4520.277258635,4525.277258635,Johan Grobbelaar (South Africa),Tackle,Green,949166,16,H,900,South Africa,26091,Johan,Grobbelaar,2,5044
1759,4523.275743242,4528.275743242,Jesse Kriel (South Africa),Tackle,Yellow,949166,13,H,900,South Africa,20669,Jesse,Kriel,2,5047
1760,4524.41606909,4529.41606909,Kenji Sato (Japan),Ruck,Green,949166,2,A,3000,Japan,61722,Kenji,Sato,2,5047
1761,4524.41606909,4529.41606909,Charlie Lawrence (Japan),Ruck,Green,949166,12,A,3000,Japan,32522,Charlie,Lawrence,2,5047
1762,4524.41606909,4529.41606909,Kippei Ishida (Japan),Carry,Green,949166,14,A,3000,Japan,34036,Kippei,Ishida,2,5047
1763,4529.845122114,4534.845122114,Lood de Jager (South Africa),Tackle,Green,949166,5,H,900,South Africa,20524,Lood,de Jager,2,5051
1764,4530.886797623,4535.886797623,Shuhei Takeuchi (Japan),Ruck,Green,949166,3,A,3000,Japan,37874,Shuhei,Takeuchi,2,5055
1765,4530.886797623,4535.886797623,Warner Dearns (Japan),Ruck,Red,949166,5,A,3000,Japan,40399,Warner,Dearns,2,5055
1766,4532.07951398,4537.07951398,Wilco Louw (South Africa),Tackle,Red,949166,18,H,900,South Africa,21708,Wilco,Louw,2,5057
1767,4534.698179458,4539.698179458,Kenta Kobayashi (Japan),Carry,Green,949166,1,A,3000,Japan,34481,Kenta,Kobayashi,2,5059
1768,4534.861478013,4539.861478013,Andre Esterhuizen (South Africa),Tackle,Green,949166,20,H,900,South Africa,21468,Andre,Esterhuizen,2,5059
1769,4536.24124194,4541.24124194,Sacha Feinberg-Mngomezulu (South Africa),Tackle,Green,949166,10,H,900,South Africa,39074,Sacha,Feinberg-Mngomezulu,2,5101
1770,4539.215963808,4544.215963808,Jack Cornelsen (Japan),Carry,Green,949166,4,A,3000,Japan,23697,Jack,Cornelsen,2,5103
1771,4539.215963808,4544.215963808,Kanji Shimokawa (Japan),Ruck,Green,949166,7,A,3000,Japan,30962,Kanji,Shimokawa,2,5103
1772,4539.215963808,4544.215963808,Faulua Makisi (Japan),Ruck,Green,949166,20,A,3000,Japan,23417,Faulua,Makisi,2,5103
1773,4642.331505271,4647.331505271,RG Snyman (South Africa),Turnover Attack,Gold,949166,4,H,900,South Africa,22730,RG,Snyman,2,5247
1774,4655.644149659864,4660.644149659864,Shuhei Takeuchi (Japan),Tackle,Green,949166,3,A,3000,Japan,37874,Shuhei,Takeuchi,2,5300
1775,4656.377188208617,4661.377188208617,Shinobu Fujiwara (Japan),Turnover Defence,Red,949166,9,A,3000,Japan,30969,Shinobu,Fujiwara,2,5300
1776,4658.373512502,4663.373512502,Andre Esterhuizen (South Africa),Ruck,Green,949166,20,H,900,South Africa,21468,Andre,Esterhuizen,2,5302
1777,4660.211100208,4665.211100208,Damian de Allende (South Africa),Carry,Green,949166,12,H,900,South Africa,20037,Damian,de Allende,2,5305
1778,4660.579705215419,4665.579705215419,Dylan Riley (Japan),Tackle,Green,949166,13,A,3000,Japan,27652,Dylan,Riley,2,5305
1779,4664.614707536,4669.614707536,Andre Esterhuizen (South Africa),Ruck,Green,949166,20,H,900,South Africa,21468,Andre,Esterhuizen,2,5309
1780,4665.218852699,4670.218852699,Faulua Makisi (Japan),Tackle,Green,949166,20,A,3000,Japan,23417,Faulua,Makisi,2,5309
1781,4666.413988872,4671.413988872,Kwagga Smith (South Africa),Carry,Green,949166,21,H,900,South Africa,20655,Kwagga,Smith,2,5309
1782,4669.958529304,4674.958529304,Kurt-Lee Arendse (South Africa),Ruck,Green,949166,11,H,900,South Africa,34084,Kurt-Lee,Arendse,2,5312
1783,4670.897493725,4675.897493725,Damian de Allende (South Africa),Ruck,Green,949166,12,H,900,South Africa,20037,Damian,de Allende,2,5312
1784,4779.49848947633,4800.101315192744,Kenta Kobayashi (Japan),Scrum Attack,Green,949166,1,A,3000,Japan,34481,Kenta,Kobayashi,2,5423
1785,4779.899162018317,4800.101315192744,Kenji Sato (Japan),Scrum Attack,Green,949166,2,A,3000,Japan,61722,Kenji,Sato,2,5423
1786,4780.297995725328,4800.101315192744,Shuhei Takeuchi (Japan),Scrum Attack,Green,949166,3,A,3000,Japan,37874,Shuhei,Takeuchi,2,5423
1787,4780.698179099985,4800.101315192744,Jack Cornelsen (Japan),Scrum Attack,Green,949166,4,A,3000,Japan,23697,Jack,Cornelsen,2,5423
1788,4781.098358558996,4800.101315192744,Warner Dearns (Japan),Scrum Attack,Green,949166,5,A,3000,Japan,40399,Warner,Dearns,2,5423
1789,4781.899994017646,4800.101315192744,Kanji Shimokawa (Japan),Scrum Attack,Green,949166,7,A,3000,Japan,30962,Kanji,Shimokawa,2,5423
1790,4782.598278100002,4800.101315192744,Ben Gunter (Japan),Scrum Attack,Green,949166,6,A,3000,Japan,26283,Ben,Gunter,2,5423
1791,4783.399140224996,4800.101315192744,Faulua Makisi (Japan),Scrum Attack,Green,949166,20,A,3000,Japan,23417,Faulua,Makisi,2,5423
1792,4785.448481672,4797.836213151927,RG Snyman (South Africa),Scrum Defence,Red,949166,4,H,900,South Africa,22730,RG,Snyman,2,5423
1793,4785.448481672,4797.836213151927,Lood de Jager (South Africa),Scrum Defence,Green,949166,5,H,900,South Africa,20524,Lood,de Jager,2,5423
1794,4785.448481672,4797.836213151927,Franco Mostert (South Africa),Scrum Defence,Green,949166,7,H,900,South Africa,20097,Franco,Mostert,2,5423
1795,4785.448481672,4797.836213151927,Johan Grobbelaar (South Africa),Scrum Defence,Red,949166,16,H,900,South Africa,26091,Johan,Grobbelaar,2,5423
1796,4785.448481672,4797.836213151927,Gerhard Steenekamp (South Africa),Scrum Defence,Red,949166,17,H,900,South Africa,26092,Gerhard,Steenekamp,2,5423
1797,4785.448481672,4797.836213151927,Wilco Louw (South Africa),Scrum Defence,Red,949166,18,H,900,South Africa,21708,Wilco,Louw,2,5423
1798,4785.448481672,4797.836213151927,Andre Esterhuizen (South Africa),Scrum Defence,Green,949166,20,H,900,South Africa,21468,Andre,Esterhuizen,2,5423
1799,4785.448481672,4797.836213151927,Kwagga Smith (South Africa),Scrum Defence,Green,949166,21,H,900,South Africa,20655,Kwagga,Smith,2,5423
1800,4793.310312939,4798.310312939,Damian de Allende (South Africa),Tackle,Green,949166,12,H,900,South Africa,20037,Damian,de Allende,2,5435
1801,4793.310312939,4798.310312939,Jesse Kriel (South Africa),Tackle,Green,949166,13,H,900,South Africa,20669,Jesse,Kriel,2,5435
1802,4795.379735957,4800.379735957,Damian de Allende (South Africa),Jackler,Green,949166,12,H,900,South Africa,20037,Damian,de Allende,2,5437
1803,4796.459909297052,4801.459909297052,Kippei Ishida (Japan),Ruck,Green,949166,14,A,3000,Japan,34036,Kippei,Ishida,2,5438
1804,4797.795804988662,4802.795804988662,Tomoki Osada (Japan),Ruck,Green,949166,11,A,3000,Japan,31059,Tomoki,Osada,2,5440
1805,4797.795804988662,4802.795804988662,Yoshitaka Yazaki (Japan),Carry,Green,949166,15,A,3000,Japan,59862,Yoshitaka,Yazaki,2,5440
1806,4797.864634309,4802.864634309,Andre Esterhuizen (South Africa),Tackle,Green,949166,20,H,900,South Africa,21468,Andre,Esterhuizen,2,5440
1807,4801.164308709,4806.164308709,Manie Libbok (South Africa),Tackle,Red,949166,23,H,900,South Africa,24843,Manie,Libbok,2,5444
1808,4802.018741082,4807.018741082,Andre Esterhuizen (South Africa),Jackler,Green,949166,20,H,900,South Africa,21468,Andre,Esterhuizen,2,5444
1809,4803.610544217687,4810.435198779,Tiennan Costley (Japan),Ruck,Green,949166,23,A,3000,Japan,58972,Tiennan,Costley,2,5446
1810,4806.596242423,4811.596242423,Andre Esterhuizen (South Africa),Carry,Green,949166,20,H,900,South Africa,21468,Andre,Esterhuizen,2,5448
1811,4807.223366913,4812.223366913,Kwagga Smith (South Africa),Ruck,Green,949166,21,H,900,South Africa,20655,Kwagga,Smith,2,5449
1812,4807.272423906,4812.272423906,Ethan Hooker (South Africa),Ruck,Green,949166,14,H,900,South Africa,44326,Ethan,Hooker,2,5449
1813,5008.595260770975,5029.400212680338,Kenta Kobayashi (Japan),Lineout Defence,Green,949166,1,A,3000,Japan,34481,Kenta,Kobayashi,2,5707
1814,5008.595260770975,5029.400212680338,Shuhei Takeuchi (Japan),Lineout Defence,Green,949166,3,A,3000,Japan,37874,Shuhei,Takeuchi,2,5707
1815,5010.013731017,5029.400212680338,Warner Dearns (Japan),Lineout Defence,Green,949166,5,A,3000,Japan,40399,Warner,Dearns,2,5707
1816,5010.013731017,5029.400212680338,Kanji Shimokawa (Japan),Lineout Defence,Green,949166,7,A,3000,Japan,30962,Kanji,Shimokawa,2,5707
1817,5011.731718926,5026.697673571,RG Snyman (South Africa),Lineout Attack,Green,949166,4,H,900,South Africa,22730,RG,Snyman,2,5707
1818,5011.731718926,5026.697673571,Lood de Jager (South Africa),Lineout Attack,Green,949166,5,H,900,South Africa,20524,Lood,de Jager,2,5707
1819,5011.731718926,5026.697673571,Gerhard Steenekamp (South Africa),Lineout Attack,Green,949166,17,H,900,South Africa,26092,Gerhard,Steenekamp,2,5707
1820,5011.731718926,5026.697673571,Wilco Louw (South Africa),Lineout Attack,Green,949166,18,H,900,South Africa,21708,Wilco,Louw,2,5707
1821,5012.594616394,5026.697673571,Kwagga Smith (South Africa),Lineout Attack,Green,949166,21,H,900,South Africa,20655,Kwagga,Smith,2,5707
1822,5020.440952380953,5025.440952380953,Seungsin Lee (Japan),Tackle,Green,949166,10,A,3000,Japan,37841,Seungsin,Lee,2,5717
1823,5021.126802721088,5026.126802721088,Jack Cornelsen (Japan),Lineout Defence,Red,949166,4,A,3000,Japan,23697,Jack,Cornelsen,2,5717
1824,5021.126802721088,5026.126802721088,Ben Gunter (Japan),Lineout Defence,Red,949166,6,A,3000,Japan,26283,Ben,Gunter,2,5717
1825,5023.115523254,5028.115523254,Johan Grobbelaar (South Africa),Ruck,Green,949166,16,H,900,South Africa,26091,Johan,Grobbelaar,2,5718
1826,5023.643588114,5028.643588114,Andre Esterhuizen (South Africa),Ruck,Green,949166,20,H,900,South Africa,21468,Andre,Esterhuizen,2,5718
1827,5023.729569160998,5034.547646847,Kenta Kobayashi (Japan),Kick Retreat,Green,949166,1,A,3000,Japan,34481,Kenta,Kobayashi,2,5718
1828,5023.729569160998,5034.547646847,Kenji Sato (Japan),Kick Retreat,Green,949166,2,A,3000,Japan,61722,Kenji,Sato,2,5718
1829,5023.729569160998,5034.547646847,Shuhei Takeuchi (Japan),Kick Retreat,Green,949166,3,A,3000,Japan,37874,Shuhei,Takeuchi,2,5718
1830,5023.729569160998,5034.547646847,Jack Cornelsen (Japan),Kick Retreat,Green,949166,4,A,3000,Japan,23697,Jack,Cornelsen,2,5718
1831,5023.729569160998,5034.547646847,Warner Dearns (Japan),Kick Retreat,Green,949166,5,A,3000,Japan,40399,Warner,Dearns,2,5718
1832,5023.729569160998,5034.547646847,Ben Gunter (Japan),Kick Retreat,Green,949166,6,A,3000,Japan,26283,Ben,Gunter,2,5718
1833,5023.729569160998,5034.547646847,Kanji Shimokawa (Japan),Kick Retreat,Green,949166,7,A,3000,Japan,30962,Kanji,Shimokawa,2,5718
1834,5023.729569160998,5034.547646847,Faulua Makisi (Japan),Kick Retreat,Green,949166,20,A,3000,Japan,23417,Faulua,Makisi,2,5718
1835,5023.729569160998,5034.547646847,Seungsin Lee (Japan),Kick Retreat,Green,949166,10,A,3000,Japan,37841,Seungsin,Lee,2,5718
1836,5023.729569160998,5034.547646847,Tomoki Osada (Japan),Kick Retreat,Green,949166,11,A,3000,Japan,31059,Tomoki,Osada,2,5718
1837,5023.729569160998,5034.547646847,Dylan Riley (Japan),Kick Retreat,Green,949166,13,A,3000,Japan,27652,Dylan,Riley,2,5718
1838,5023.729569160998,5034.547646847,Kippei Ishida (Japan),Kick Retreat,Green,949166,14,A,3000,Japan,34036,Kippei,Ishida,2,5718
1839,5024.430701109,5029.430701109,Franco Mostert (South Africa),Carry,Green,949166,7,H,900,South Africa,20097,Franco,Mostert,2,5722
1840,5024.811422702,5037.977659749,RG Snyman (South Africa),Kick Chase,Green,949166,4,H,900,South Africa,22730,RG,Snyman,2,5722
1841,5024.811422702,5037.977659749,Lood de Jager (South Africa),Kick Chase,Green,949166,5,H,900,South Africa,20524,Lood,de Jager,2,5722
1842,5024.811422702,5037.977659749,Franco Mostert (South Africa),Kick Chase,Green,949166,7,H,900,South Africa,20097,Franco,Mostert,2,5722
1843,5024.811422702,5037.977659749,Damian de Allende (South Africa),Kick Chase,Green,949166,12,H,900,South Africa,20037,Damian,de Allende,2,5722
1844,5024.811422702,5037.977659749,Jesse Kriel (South Africa),Kick Chase,Green,949166,13,H,900,South Africa,20669,Jesse,Kriel,2,5722
1845,5024.811422702,5037.977659749,Johan Grobbelaar (South Africa),Kick Chase,Green,949166,16,H,900,South Africa,26091,Johan,Grobbelaar,2,5722
1846,5024.811422702,5037.977659749,Gerhard Steenekamp (South Africa),Kick Chase,Green,949166,17,H,900,South Africa,26092,Gerhard,Steenekamp,2,5722
1847,5024.811422702,5037.977659749,Wilco Louw (South Africa),Kick Chase,Green,949166,18,H,900,South Africa,21708,Wilco,Louw,2,5722
1848,5024.811422702,5037.977659749,Andre Esterhuizen (South Africa),Kick Chase,Green,949166,20,H,900,South Africa,21468,Andre,Esterhuizen,2,5722
1849,5024.811422702,5037.977659749,Kwagga Smith (South Africa),Kick Chase,Green,949166,21,H,900,South Africa,20655,Kwagga,Smith,2,5722
1850,5024.811422702,5037.977659749,Grant Williams (South Africa),Kick Chase,Green,949166,22,H,900,South Africa,29777,Grant,Williams,2,5722
1851,5025.684781181135,5037.279072805916,Kurt-Lee Arendse (South Africa),Kick Chase,Gold,949166,11,H,900,South Africa,34084,Kurt-Lee,Arendse,2,5722
1852,5029.059649252,5034.547646847,Shinobu Fujiwara (Japan),Kick Retreat,Green,949166,9,A,3000,Japan,30969,Shinobu,Fujiwara,2,5724
1853,5031.229251486,5036.229251486,Damian de Allende (South Africa),Kick Chase,Green,949166,12,H,900,South Africa,20037,Damian,de Allende,2,5726
1854,5031.978164159,5036.978164159,Andre Esterhuizen (South Africa),Kick Chase,Green,949166,20,H,900,South Africa,21468,Andre,Esterhuizen,2,5728
1855,5032.274905175,5037.274905175,Kurt-Lee Arendse (South Africa),Kick Chase,Green,949166,11,H,900,South Africa,34084,Kurt-Lee,Arendse,2,5728
1856,5032.274905175,5037.274905175,Jesse Kriel (South Africa),Kick Chase,Green,949166,13,H,900,South Africa,20669,Jesse,Kriel,2,5728
1857,5032.274905175,5037.274905175,Johan Grobbelaar (South Africa),Kick Chase,Green,949166,16,H,900,South Africa,26091,Johan,Grobbelaar,2,5728
1858,5032.363992044,5037.363992044,Gerhard Steenekamp (South Africa),Kick Chase,Green,949166,17,H,900,South Africa,26092,Gerhard,Steenekamp,2,5728
1859,5032.734700098,5037.734700098,Grant Williams (South Africa),Kick Chase,Green,949166,22,H,900,South Africa,29777,Grant,Williams,2,5729
1860,5032.909400125,5037.909400125,Damian de Allende (South Africa),Kick Chase,Green,949166,12,H,900,South Africa,20037,Damian,de Allende,2,5729
1861,5120.141065759637,5125.141065759637,Ben Gunter (Japan),Tackle,Green,949166,6,A,3000,Japan,26283,Ben,Gunter,2,5857
1862,5125.494490306,5130.494490306,Franco Mostert (South Africa),Ruck,Green,949166,7,H,900,South Africa,20097,Franco,Mostert,2,5902
1863,5126.584491172,5138.489606522,Kanji Shimokawa (Japan),Tackle,Gold,949166,7,A,3000,Japan,30962,Kanji,Shimokawa,2,5903
1864,5126.86082493,5131.86082493,Johan Grobbelaar (South Africa),Ruck,Green,949166,16,H,900,South Africa,26091,Johan,Grobbelaar,2,5903
1865,5126.86082493,5131.86082493,Wilco Louw (South Africa),Ruck,Green,949166,18,H,900,South Africa,21708,Wilco,Louw,2,5903
1866,5129.134098972,5134.134098972,Lood de Jager (South Africa),Carry,Green,949166,5,H,900,South Africa,20524,Lood,de Jager,2,5905
1867,5131.236235827664,5136.236235827664,Shuhei Takeuchi (Japan),Phase Defence,Red,949166,3,A,3000,Japan,37874,Shuhei,Takeuchi,2,5907
1868,5133.354008623,5138.354008623,Kurt-Lee Arendse (South Africa),Ruck,Green,949166,11,H,900,South Africa,34084,Kurt-Lee,Arendse,2,5908
1869,5133.354008623,5138.354008623,Cheslin Kolbe (South Africa),Ruck,Green,949166,15,H,900,South Africa,20584,Cheslin,Kolbe,2,5908
1870,5135.20242027,5140.20242027,Manie Libbok (South Africa),Carry,Green,949166,23,H,900,South Africa,24843,Manie,Libbok,2,5911
1871,5137.263038548753,5142.263038548753,Kanji Shimokawa (Japan),Tackle,Green,949166,7,A,3000,Japan,30962,Kanji,Shimokawa,2,5912
1872,5144.951549283,5156.480566853,RG Snyman (South Africa),Kick Chase,Green,949166,4,H,900,South Africa,22730,RG,Snyman,2,5920
1873,5144.951549283,5156.480566853,Lood de Jager (South Africa),Kick Chase,Green,949166,5,H,900,South Africa,20524,Lood,de Jager,2,5920
1874,5144.951549283,5156.480566853,Franco Mostert (South Africa),Kick Chase,Green,949166,7,H,900,South Africa,20097,Franco,Mostert,2,5920
1875,5144.951549283,5156.480566853,Kurt-Lee Arendse (South Africa),Kick Chase,Green,949166,11,H,900,South Africa,34084,Kurt-Lee,Arendse,2,5920
1876,5144.951549283,5156.480566853,Damian de Allende (South Africa),Kick Chase,Green,949166,12,H,900,South Africa,20037,Damian,de Allende,2,5920
1877,5144.951549283,5156.480566853,Jesse Kriel (South Africa),Kick Chase,Green,949166,13,H,900,South Africa,20669,Jesse,Kriel,2,5920
1878,5144.951549283,5156.480566853,Ethan Hooker (South Africa),Kick Chase,Green,949166,14,H,900,South Africa,44326,Ethan,Hooker,2,5920
1879,5144.951549283,5156.480566853,Johan Grobbelaar (South Africa),Kick Chase,Green,949166,16,H,900,South Africa,26091,Johan,Grobbelaar,2,5920
1880,5144.951549283,5156.480566853,Gerhard Steenekamp (South Africa),Kick Chase,Green,949166,17,H,900,South Africa,26092,Gerhard,Steenekamp,2,5920
1881,5144.951549283,5156.480566853,Wilco Louw (South Africa),Kick Chase,Green,949166,18,H,900,South Africa,21708,Wilco,Louw,2,5920
1882,5144.951549283,5156.480566853,Andre Esterhuizen (South Africa),Kick Chase,Green,949166,20,H,900,South Africa,21468,Andre,Esterhuizen,2,5920
1883,5144.951549283,5156.480566853,Kwagga Smith (South Africa),Kick Chase,Green,949166,21,H,900,South Africa,20655,Kwagga,Smith,2,5920
1884,5144.951549283,5156.480566853,Grant Williams (South Africa),Kick Chase,Green,949166,22,H,900,South Africa,29777,Grant,Williams,2,5920
1885,5145.869909297052,5150.869909297052,Shinobu Fujiwara (Japan),Charge Down,Green,949166,9,A,3000,Japan,30969,Shinobu,Fujiwara,2,5920
1886,5176.223265306123,5190.900481713332,Kenta Kobayashi (Japan),Lineout Attack,Green,949166,1,A,3000,Japan,34481,Kenta,Kobayashi,2,5951
1887,5176.223265306123,5190.900481713332,Shuhei Takeuchi (Japan),Lineout Attack,Green,949166,3,A,3000,Japan,37874,Shuhei,Takeuchi,2,5951
1888,5176.223265306123,5190.900481713332,Jack Cornelsen (Japan),Lineout Attack,Green,949166,4,A,3000,Japan,23697,Jack,Cornelsen,2,5951
1889,5176.223265306123,5190.900481713332,Kanji Shimokawa (Japan),Lineout Attack,Green,949166,7,A,3000,Japan,30962,Kanji,Shimokawa,2,5951
1890,5176.748330504,5186.996128602,RG Snyman (South Africa),Lineout Defence,Green,949166,4,H,900,South Africa,22730,RG,Snyman,2,5951
1891,5176.748330504,5186.996128602,Lood de Jager (South Africa),Lineout Defence,Green,949166,5,H,900,South Africa,20524,Lood,de Jager,2,5951
1892,5176.748330504,5186.996128602,Gerhard Steenekamp (South Africa),Lineout Defence,Green,949166,17,H,900,South Africa,26092,Gerhard,Steenekamp,2,5951
1893,5176.748330504,5186.996128602,Wilco Louw (South Africa),Lineout Defence,Green,949166,18,H,900,South Africa,21708,Wilco,Louw,2,5951
1894,5176.748330504,5186.996128602,Kwagga Smith (South Africa),Lineout Defence,Green,949166,21,H,900,South Africa,20655,Kwagga,Smith,2,5951
1895,5178.697855007319,5190.900481713332,Ben Gunter (Japan),Lineout Attack,Green,949166,6,A,3000,Japan,26283,Ben,Gunter,2,5955
1896,5182.0054195011335,5188.297261519993,Warner Dearns (Japan),Lineout Attack,Yellow,949166,5,A,3000,Japan,40399,Warner,Dearns,2,5959
1897,5185.292743483,5190.292743483,Johan Grobbelaar (South Africa),Tackle,Green,949166,16,H,900,South Africa,26091,Johan,Grobbelaar,2,6001
1898,5186.566259072,5191.566259072,Franco Mostert (South Africa),Tackle,Green,949166,7,H,900,South Africa,20097,Franco,Mostert,2,6003
1899,5189.979024603,5194.979024603,Wilco Louw (South Africa),Tackle,Green,949166,18,H,900,South Africa,21708,Wilco,Louw,2,6005
1900,5194.241013022,5199.241013022,RG Snyman (South Africa),Charge Down,Green,949166,4,H,900,South Africa,22730,RG,Snyman,2,6009
1901,5194.391927437642,5212.500560186989,Kenta Kobayashi (Japan),Kick Chase,Green,949166,1,A,3000,Japan,34481,Kenta,Kobayashi,2,6009
1902,5194.391927437642,5212.500560186989,Kenji Sato (Japan),Kick Chase,Green,949166,2,A,3000,Japan,61722,Kenji,Sato,2,6009
1903,5194.391927437642,5212.500560186989,Shuhei Takeuchi (Japan),Kick Chase,Green,949166,3,A,3000,Japan,37874,Shuhei,Takeuchi,2,6009
1904,5194.391927437642,5212.500560186989,Jack Cornelsen (Japan),Kick Chase,Green,949166,4,A,3000,Japan,23697,Jack,Cornelsen,2,6009
1905,5194.391927437642,5212.500560186989,Warner Dearns (Japan),Kick Chase,Green,949166,5,A,3000,Japan,40399,Warner,Dearns,2,6009
1906,5194.391927437642,5212.500560186989,Ben Gunter (Japan),Kick Chase,Green,949166,6,A,3000,Japan,26283,Ben,Gunter,2,6009
1907,5194.391927437642,5212.500560186989,Kanji Shimokawa (Japan),Kick Chase,Green,949166,7,A,3000,Japan,30962,Kanji,Shimokawa,2,6009
1908,5194.391927437642,5212.500560186989,Faulua Makisi (Japan),Kick Chase,Green,949166,20,A,3000,Japan,23417,Faulua,Makisi,2,6009
1909,5194.682482053,5207.497903547,RG Snyman (South Africa),Kick Retreat,Green,949166,4,H,900,South Africa,22730,RG,Snyman,2,6009
1910,5194.682482053,5207.497903547,Lood de Jager (South Africa),Kick Retreat,Green,949166,5,H,900,South Africa,20524,Lood,de Jager,2,6009
1911,5194.682482053,5207.497903547,Franco Mostert (South Africa),Kick Retreat,Green,949166,7,H,900,South Africa,20097,Franco,Mostert,2,6009
1912,5194.682482053,5207.497903547,Kurt-Lee Arendse (South Africa),Kick Retreat,Green,949166,11,H,900,South Africa,34084,Kurt-Lee,Arendse,2,6009
1913,5194.682482053,5207.497903547,Damian de Allende (South Africa),Kick Retreat,Green,949166,12,H,900,South Africa,20037,Damian,de Allende,2,6009
1914,5194.682482053,5207.497903547,Jesse Kriel (South Africa),Kick Retreat,Green,949166,13,H,900,South Africa,20669,Jesse,Kriel,2,6009
1915,5194.682482053,5207.497903547,Johan Grobbelaar (South Africa),Kick Retreat,Green,949166,16,H,900,South Africa,26091,Johan,Grobbelaar,2,6009
1916,5194.682482053,5207.497903547,Gerhard Steenekamp (South Africa),Kick Retreat,Green,949166,17,H,900,South Africa,26092,Gerhard,Steenekamp,2,6009
1917,5194.682482053,5207.497903547,Wilco Louw (South Africa),Kick Retreat,Green,949166,18,H,900,South Africa,21708,Wilco,Louw,2,6009
1918,5194.682482053,5207.497903547,Andre Esterhuizen (South Africa),Kick Retreat,Green,949166,20,H,900,South Africa,21468,Andre,Esterhuizen,2,6009
1919,5194.682482053,5207.497903547,Kwagga Smith (South Africa),Kick Retreat,Green,949166,21,H,900,South Africa,20655,Kwagga,Smith,2,6009
1920,5194.682482053,5207.497903547,Grant Williams (South Africa),Kick Retreat,Green,949166,22,H,900,South Africa,29777,Grant,Williams,2,6009
1921,5195.404101519,5212.500560186989,Tomoki Osada (Japan),Kick Chase,Green,949166,11,A,3000,Japan,31059,Tomoki,Osada,2,6013
1922,5195.404101519,5212.500560186989,Dylan Riley (Japan),Kick Chase,Green,949166,13,A,3000,Japan,27652,Dylan,Riley,2,6013
1923,5195.404101519,5212.500560186989,Kippei Ishida (Japan),Kick Chase,Green,949166,14,A,3000,Japan,34036,Kippei,Ishida,2,6013
1924,5195.404101519,5212.500560186989,Tiennan Costley (Japan),Kick Chase,Green,949166,23,A,3000,Japan,58972,Tiennan,Costley,2,6013
1925,5197.818162811,5207.497903547,Manie Libbok (South Africa),Kick Retreat,Green,949166,23,H,900,South Africa,24843,Manie,Libbok,2,6014
1926,5198.350544537,5203.350544537,Kenji Sato (Japan),Ruck,Green,949166,2,A,3000,Japan,61722,Kenji,Sato,2,6014
1927,5198.350544537,5203.350544537,Jack Cornelsen (Japan),Ruck,Green,949166,4,A,3000,Japan,23697,Jack,Cornelsen,2,6014
1928,5198.350544537,5203.350544537,Ben Gunter (Japan),Ruck,Green,949166,6,A,3000,Japan,26283,Ben,Gunter,2,6014
1929,5198.799264057005,5205.196099391993,Shuhei Takeuchi (Japan),Carry,Green,949166,3,A,3000,Japan,37874,Shuhei,Takeuchi,2,6015
1930,5201.003242630385,5206.003242630385,Tiennan Costley (Japan),Tackle,Green,949166,23,A,3000,Japan,58972,Tiennan,Costley,2,6018
1931,5203.028893171,5208.028893171,Grant Williams (South Africa),Carry,Green,949166,22,H,900,South Africa,29777,Grant,Williams,2,6019
1932,5203.261768707483,5208.261768707483,Kanji Shimokawa (Japan),Tackle,Green,949166,7,A,3000,Japan,30962,Kanji,Shimokawa,2,6019
1933,5204.949688713,5209.949688713,Kwagga Smith (South Africa),Carry,Green,949166,21,H,900,South Africa,20655,Kwagga,Smith,2,6021
1934,5209.277841506,5214.277841506,Ethan Hooker (South Africa),Carry,Green,949166,14,H,900,South Africa,44326,Ethan,Hooker,2,6025
1935,5210.798413828,5215.798413828,Kenta Kobayashi (Japan),Tackle,Green,949166,1,A,3000,Japan,34481,Kenta,Kobayashi,2,6027
1936,5210.798413828,5215.798413828,Shuhei Takeuchi (Japan),Tackle,Green,949166,3,A,3000,Japan,37874,Shuhei,Takeuchi,2,6027
1937,5210.913274542,5215.913274542,Gerhard Steenekamp (South Africa),Ruck,Green,949166,17,H,900,South Africa,26092,Gerhard,Steenekamp,2,6027
1938,5212.037439994,5217.037439994,Johan Grobbelaar (South Africa),Ruck,Green,949166,16,H,900,South Africa,26091,Johan,Grobbelaar,2,6029
1939,5212.476986014,5232.200618026995,Kenta Kobayashi (Japan),Kick Retreat,Green,949166,1,A,3000,Japan,34481,Kenta,Kobayashi,2,6029
1940,5212.476986014,5232.200618026995,Kenji Sato (Japan),Kick Retreat,Green,949166,2,A,3000,Japan,61722,Kenji,Sato,2,6029
1941,5212.476986014,5232.200618026995,Shuhei Takeuchi (Japan),Kick Retreat,Green,949166,3,A,3000,Japan,37874,Shuhei,Takeuchi,2,6029
1942,5212.476986014,5232.200618026995,Jack Cornelsen (Japan),Kick Retreat,Green,949166,4,A,3000,Japan,23697,Jack,Cornelsen,2,6029
1943,5212.476986014,5232.200618026995,Warner Dearns (Japan),Kick Retreat,Green,949166,5,A,3000,Japan,40399,Warner,Dearns,2,6029
1944,5212.476986014,5232.200618026995,Ben Gunter (Japan),Kick Retreat,Green,949166,6,A,3000,Japan,26283,Ben,Gunter,2,6029
1945,5212.476986014,5232.200618026995,Kanji Shimokawa (Japan),Kick Retreat,Green,949166,7,A,3000,Japan,30962,Kanji,Shimokawa,2,6029
1946,5212.476986014,5232.200618026995,Faulua Makisi (Japan),Kick Retreat,Green,949166,20,A,3000,Japan,23417,Faulua,Makisi,2,6029
1947,5212.930659504,5232.200618026995,Tomoki Osada (Japan),Kick Retreat,Green,949166,11,A,3000,Japan,31059,Tomoki,Osada,2,6029
1948,5212.930659504,5232.200618026995,Dylan Riley (Japan),Kick Retreat,Green,949166,13,A,3000,Japan,27652,Dylan,Riley,2,6029
1949,5212.930659504,5232.200618026995,Kippei Ishida (Japan),Kick Retreat,Green,949166,14,A,3000,Japan,34036,Kippei,Ishida,2,6029
1950,5212.930659504,5232.200618026995,Tiennan Costley (Japan),Kick Retreat,Green,949166,23,A,3000,Japan,58972,Tiennan,Costley,2,6029
1951,5214.999325519327,5232.200618026995,Shinobu Fujiwara (Japan),Kick Retreat,Green,949166,9,A,3000,Japan,30969,Shinobu,Fujiwara,2,6033
1952,5215.537415229,5220.537415229,Faulua Makisi (Japan),Charge Down,Green,949166,20,A,3000,Japan,23417,Faulua,Makisi,2,6033
1953,5215.702087344,5220.702087344,Wilco Louw (South Africa),Ruck,Green,949166,18,H,900,South Africa,21708,Wilco,Louw,2,6033
1954,5215.986217275,5229.508136165,RG Snyman (South Africa),Kick Chase,Green,949166,4,H,900,South Africa,22730,RG,Snyman,2,6033
1955,5215.986217275,5229.508136165,Lood de Jager (South Africa),Kick Chase,Green,949166,5,H,900,South Africa,20524,Lood,de Jager,2,6033
1956,5215.986217275,5229.508136165,Franco Mostert (South Africa),Kick Chase,Green,949166,7,H,900,South Africa,20097,Franco,Mostert,2,6033
1957,5215.986217275,5229.508136165,Kurt-Lee Arendse (South Africa),Kick Chase,Green,949166,11,H,900,South Africa,34084,Kurt-Lee,Arendse,2,6033
1958,5215.986217275,5229.508136165,Damian de Allende (South Africa),Kick Chase,Green,949166,12,H,900,South Africa,20037,Damian,de Allende,2,6033
1959,5215.986217275,5229.508136165,Jesse Kriel (South Africa),Kick Chase,Green,949166,13,H,900,South Africa,20669,Jesse,Kriel,2,6033
1960,5215.986217275,5229.508136165,Ethan Hooker (South Africa),Kick Chase,Green,949166,14,H,900,South Africa,44326,Ethan,Hooker,2,6033
1961,5215.986217275,5229.508136165,Johan Grobbelaar (South Africa),Kick Chase,Green,949166,16,H,900,South Africa,26091,Johan,Grobbelaar,2,6033
1962,5215.986217275,5229.508136165,Gerhard Steenekamp (South Africa),Kick Chase,Green,949166,17,H,900,South Africa,26092,Gerhard,Steenekamp,2,6033
1963,5215.986217275,5229.508136165,Wilco Louw (South Africa),Kick Chase,Green,949166,18,H,900,South Africa,21708,Wilco,Louw,2,6033
1964,5215.986217275,5229.508136165,Andre Esterhuizen (South Africa),Kick Chase,Green,949166,20,H,900,South Africa,21468,Andre,Esterhuizen,2,6033
1965,5215.986217275,5229.508136165,Kwagga Smith (South Africa),Kick Chase,Green,949166,21,H,900,South Africa,20655,Kwagga,Smith,2,6033
1966,5215.986217275,5229.508136165,Grant Williams (South Africa),Kick Chase,Green,949166,22,H,900,South Africa,29777,Grant,Williams,2,6033
1967,5304.204238246,5320.471543199,RG Snyman (South Africa),Lineout Attack,Green,949166,4,H,900,South Africa,22730,RG,Snyman,2,6148
1968,5304.204238246,5320.471543199,Lood de Jager (South Africa),Lineout Attack,Green,949166,5,H,900,South Africa,20524,Lood,de Jager,2,6148
1969,5304.204238246,5320.471543199,Franco Mostert (South Africa),Lineout Attack,Green,949166,7,H,900,South Africa,20097,Franco,Mostert,2,6148
1970,5304.204238246,5320.471543199,Johan Grobbelaar (South Africa),Lineout Attack,Green,949166,16,H,900,South Africa,26091,Johan,Grobbelaar,2,6148
1971,5304.204238246,5320.471543199,Gerhard Steenekamp (South Africa),Lineout Attack,Green,949166,17,H,900,South Africa,26092,Gerhard,Steenekamp,2,6148
1972,5304.204238246,5320.471543199,Wilco Louw (South Africa),Lineout Attack,Green,949166,18,H,900,South Africa,21708,Wilco,Louw,2,6148
1973,5304.204238246,5320.471543199,Kwagga Smith (South Africa),Lineout Attack,Green,949166,21,H,900,South Africa,20655,Kwagga,Smith,2,6148
1974,5306.232912711,5320.089742238,Kenta Kobayashi (Japan),Lineout Defence,Green,949166,1,A,3000,Japan,34481,Kenta,Kobayashi,2,6151
1975,5306.232912711,5320.089742238,Kenji Sato (Japan),Lineout Defence,Green,949166,2,A,3000,Japan,61722,Kenji,Sato,2,6151
1976,5306.232912711,5320.089742238,Shuhei Takeuchi (Japan),Lineout Defence,Green,949166,3,A,3000,Japan,37874,Shuhei,Takeuchi,2,6151
1977,5306.232912711,5320.089742238,Jack Cornelsen (Japan),Lineout Defence,Green,949166,4,A,3000,Japan,23697,Jack,Cornelsen,2,6151
1978,5306.232912711,5320.089742238,Warner Dearns (Japan),Lineout Defence,Green,949166,5,A,3000,Japan,40399,Warner,Dearns,2,6151
1979,5306.232912711,5320.089742238,Tyler Paul (Japan),Lineout Defence,Green,949166,19,A,3000,Japan,24451,Tyler,Paul,2,6151
1980,5317.225665593,5322.225665593,Gerhard Steenekamp (South Africa),Ruck,Green,949166,17,H,900,South Africa,26092,Gerhard,Steenekamp,2,6204
1981,5318.248693726,5323.248693726,Franco Mostert (South Africa),Ruck,Green,949166,7,H,900,South Africa,20097,Franco,Mostert,2,6204
1982,5318.519263853,5323.519263853,Lood de Jager (South Africa),Ruck,Green,949166,5,H,900,South Africa,20524,Lood,de Jager,2,6204
1983,5319.856798218,5324.856798218,Kwagga Smith (South Africa),Carry,Green,949166,21,H,900,South Africa,20655,Kwagga,Smith,2,6205
1984,5323.248435374149,5328.248435374149,Shuhei Takeuchi (Japan),Tackle,Green,949166,3,A,3000,Japan,37874,Shuhei,Takeuchi,2,6209
1985,5323.248435374149,5328.248435374149,Ben Gunter (Japan),Tackle,Green,949166,6,A,3000,Japan,26283,Ben,Gunter,2,6209
1986,5324.518074599,5329.518074599,Andre Esterhuizen (South Africa),Ruck,Green,949166,20,H,900,South Africa,21468,Andre,Esterhuizen,2,6210
1987,5326.066726745,5331.066726745,Wilco Louw (South Africa),Carry,Green,949166,18,H,900,South Africa,21708,Wilco,Louw,2,6211
1988,5326.49649806,5331.49649806,Faulua Makisi (Japan),Tackle,Green,949166,20,A,3000,Japan,23417,Faulua,Makisi,2,6212
1989,5326.699346912,5331.699346912,Johan Grobbelaar (South Africa),Ruck,Green,949166,16,H,900,South Africa,26091,Johan,Grobbelaar,2,6212
1990,5329.393383589,5334.393383589,Damian de Allende (South Africa),Ruck,Green,949166,12,H,900,South Africa,20037,Damian,de Allende,2,6215
1991,5329.63530534,5334.63530534,Gerhard Steenekamp (South Africa),Ruck,Green,949166,17,H,900,South Africa,26092,Gerhard,Steenekamp,2,6215
1992,5331.863764016,5336.863764016,Lood de Jager (South Africa),Ruck,Green,949166,5,H,900,South Africa,20524,Lood,de Jager,2,6216
1993,5424.260468802,5429.260468802,Kenji Sato (Japan),Tackle,Green,949166,2,A,3000,Japan,61722,Kenji,Sato,2,6344
1994,5427.822445231,5432.822445231,Lood de Jager (South Africa),Ruck,Red,949166,5,H,900,South Africa,20524,Lood,de Jager,2,6347
1995,5427.822445231,5432.822445231,Lood de Jager (South Africa),Ruck,Red,949166,5,H,900,South Africa,20524,Lood,de Jager,2,6347
1996,5428.003921727,5433.003921727,Johan Grobbelaar (South Africa),Ruck,Green,949166,16,H,900,South Africa,26091,Johan,Grobbelaar,2,6347
1997,5428.781055139,5433.781055139,Franco Mostert (South Africa),Ruck,Green,949166,7,H,900,South Africa,20097,Franco,Mostert,2,6348
1998,5430.159502827,5435.159502827,Wilco Louw (South Africa),Ruck,Green,949166,18,H,900,South Africa,21708,Wilco,Louw,2,6350
1999,5431.052548571,5436.052548571,Kurt-Lee Arendse (South Africa),Carry,Green,949166,11,H,900,South Africa,34084,Kurt-Lee,Arendse,2,6351
2000,5432.2386394557825,5437.2386394557825,Tyler Paul (Japan),Tackle,Green,949166,19,A,3000,Japan,24451,Tyler,Paul,2,6351
2001,5432.941111111111,5437.941111111111,Keijiro Tamefusa (Japan),Tackle,Green,949166,18,A,3000,Japan,61929,Keijiro,Tamefusa,2,6351
2002,5433.707346938775,5457.779433106576,Kenji Sato (Japan),Kick Retreat,Green,949166,2,A,3000,Japan,61722,Kenji,Sato,2,6351
2003,5433.707346938775,5457.779433106576,Jack Cornelsen (Japan),Kick Retreat,Green,949166,4,A,3000,Japan,23697,Jack,Cornelsen,2,6351
2004,5433.707346938775,5457.779433106576,Warner Dearns (Japan),Kick Retreat,Green,949166,5,A,3000,Japan,40399,Warner,Dearns,2,6351
2005,5433.707346938775,5457.779433106576,Ben Gunter (Japan),Kick Retreat,Green,949166,6,A,3000,Japan,26283,Ben,Gunter,2,6351
2006,5433.707346938775,5457.779433106576,Faulua Makisi (Japan),Kick Retreat,Green,949166,20,A,3000,Japan,23417,Faulua,Makisi,2,6351
2007,5433.707346938775,5457.779433106576,Tomoki Osada (Japan),Kick Retreat,Green,949166,11,A,3000,Japan,31059,Tomoki,Osada,2,6351
2008,5433.707346938775,5457.779433106576,Dylan Riley (Japan),Kick Retreat,Green,949166,13,A,3000,Japan,27652,Dylan,Riley,2,6351
2009,5433.707346938775,5457.779433106576,Kippei Ishida (Japan),Kick Retreat,Green,949166,14,A,3000,Japan,34036,Kippei,Ishida,2,6351
2010,5433.707346938775,5457.779433106576,Tyler Paul (Japan),Kick Retreat,Green,949166,19,A,3000,Japan,24451,Tyler,Paul,2,6351
2011,5433.707346938775,5457.779433106576,Keijiro Tamefusa (Japan),Kick Retreat,Green,949166,18,A,3000,Japan,61929,Keijiro,Tamefusa,2,6351
2012,5433.707346938775,5457.779433106576,Ryosuke Iwaihara (Japan),Kick Retreat,Green,949166,17,A,3000,Japan,23408,Ryosuke,Iwaihara,2,6351
2013,5434.598414915996,5457.779433106576,Shinobu Fujiwara (Japan),Kick Retreat,Green,949166,9,A,3000,Japan,30969,Shinobu,Fujiwara,2,6356
2014,5439.1120634920635,5444.1120634920635,Warner Dearns (Japan),Charge Down,Green,949166,5,A,3000,Japan,40399,Warner,Dearns,2,6356
2015,5439.965647186,5455.975159889,RG Snyman (South Africa),Kick Chase,Green,949166,4,H,900,South Africa,22730,RG,Snyman,2,6357
2016,5439.965647186,5455.975159889,Lood de Jager (South Africa),Kick Chase,Green,949166,5,H,900,South Africa,20524,Lood,de Jager,2,6357
2017,5439.965647186,5455.975159889,Franco Mostert (South Africa),Kick Chase,Green,949166,7,H,900,South Africa,20097,Franco,Mostert,2,6357
2018,5439.965647186,5455.975159889,Kurt-Lee Arendse (South Africa),Kick Chase,Green,949166,11,H,900,South Africa,34084,Kurt-Lee,Arendse,2,6357
2019,5439.965647186,5455.975159889,Damian de Allende (South Africa),Kick Chase,Green,949166,12,H,900,South Africa,20037,Damian,de Allende,2,6357
2020,5439.965647186,5455.975159889,Jesse Kriel (South Africa),Kick Chase,Green,949166,13,H,900,South Africa,20669,Jesse,Kriel,2,6357
2021,5439.965647186,5455.975159889,Ethan Hooker (South Africa),Kick Chase,Green,949166,14,H,900,South Africa,44326,Ethan,Hooker,2,6357
2022,5439.965647186,5455.975159889,Johan Grobbelaar (South Africa),Kick Chase,Green,949166,16,H,900,South Africa,26091,Johan,Grobbelaar,2,6357
2023,5439.965647186,5455.975159889,Gerhard Steenekamp (South Africa),Kick Chase,Green,949166,17,H,900,South Africa,26092,Gerhard,Steenekamp,2,6357
2024,5439.965647186,5455.975159889,Wilco Louw (South Africa),Kick Chase,Green,949166,18,H,900,South Africa,21708,Wilco,Louw,2,6357
2025,5439.965647186,5455.975159889,Andre Esterhuizen (South Africa),Kick Chase,Green,949166,20,H,900,South Africa,21468,Andre,Esterhuizen,2,6357
2026,5439.965647186,5455.975159889,Kwagga Smith (South Africa),Kick Chase,Green,949166,21,H,900,South Africa,20655,Kwagga,Smith,2,6357
2027,5439.965647186,5455.975159889,Grant Williams (South Africa),Kick Chase,Green,949166,22,H,900,South Africa,29777,Grant,Williams,2,6357
2028,5440.603492063492,5457.779433106576,Seungsin Lee (Japan),Kick Retreat,Green,949166,10,A,3000,Japan,37841,Seungsin,Lee,2,6357
2029,5452.854104434,5457.854104434,Lood de Jager (South Africa),Tackle,Green,949166,5,H,900,South Africa,20524,Lood,de Jager,2,6412
2030,5453.743990929705,5458.743990929705,Jack Cornelsen (Japan),Ruck,Red,949166,4,A,3000,Japan,23697,Jack,Cornelsen,2,6414
2031,5453.743990929705,5458.743990929705,Ryosuke Iwaihara (Japan),Ruck,Green,949166,17,A,3000,Japan,23408,Ryosuke,Iwaihara,2,6414
2032,5453.964827066,5458.964827066,Andre Esterhuizen (South Africa),Jackler,Green,949166,20,H,900,South Africa,21468,Andre,Esterhuizen,2,6414
2033,5455.180362811791,5460.180362811791,Faulua Makisi (Japan),Ruck,Green,949166,20,A,3000,Japan,23417,Faulua,Makisi,2,6414
2034,5457.0421101,5462.0421101,Yoshitaka Yazaki (Japan),Carry,Green,949166,15,A,3000,Japan,59862,Yoshitaka,Yazaki,2,6416
2035,5457.251120664,5462.251120664,Johan Grobbelaar (South Africa),Tackle,Green,949166,16,H,900,South Africa,26091,Johan,Grobbelaar,2,6416
2036,5457.531903737,5462.531903737,Kwagga Smith (South Africa),Tackle,Green,949166,21,H,900,South Africa,20655,Kwagga,Smith,2,6416
2037,5461.690436104,5466.690436104,Kwagga Smith (South Africa),Jackler,Yellow,949166,21,H,900,South Africa,20655,Kwagga,Smith,2,6422
2038,5462.325514431,5467.325514431,Keijiro Tamefusa (Japan),Ruck,Green,949166,18,A,3000,Japan,61929,Keijiro,Tamefusa,2,6422
2039,5462.477573619,5467.477573619,Ben Gunter (Japan),Ruck,Green,949166,6,A,3000,Japan,26283,Ben,Gunter,2,6422
2040,5462.477573619,5467.477573619,Tyler Paul (Japan),Carry,Green,949166,19,A,3000,Japan,24451,Tyler,Paul,2,6422
2041,5463.115448683,5468.115448683,Andre Esterhuizen (South Africa),Tackle,Green,949166,20,H,900,South Africa,21468,Andre,Esterhuizen,2,6422
2042,5466.296987336,5471.296987336,Kurt-Lee Arendse (South Africa),Tackle,Green,949166,11,H,900,South Africa,34084,Kurt-Lee,Arendse,2,6426
2043,5468.485124716553,5477.236941336,Kippei Ishida (Japan),Carry,Green,949166,14,A,3000,Japan,34036,Kippei,Ishida,2,6427
2044,5468.754038287,5473.754038287,Kurt-Lee Arendse (South Africa),Jackler,Green,949166,11,H,900,South Africa,34084,Kurt-Lee,Arendse,2,6429
2045,5472.015437575,5477.015437575,Johan Grobbelaar (South Africa),Tackle,Green,949166,16,H,900,South Africa,26091,Johan,Grobbelaar,2,6433
2046,5472.341655328798,5477.341655328798,Jack Cornelsen (Japan),Ruck,Red,949166,4,A,3000,Japan,23697,Jack,Cornelsen,2,6433
2047,5472.341655328798,5477.341655328798,Warner Dearns (Japan),Ruck,Red,949166,5,A,3000,Japan,40399,Warner,Dearns,2,6433
2048,5478.039092970522,5490.595056379,Jack Cornelsen (Japan),Kick Chase,Green,949166,4,A,3000,Japan,23697,Jack,Cornelsen,2,6428
2049,5478.039092970522,5490.595056379,Warner Dearns (Japan),Kick Chase,Green,949166,5,A,3000,Japan,40399,Warner,Dearns,2,6428
2050,5478.039092970522,5490.595056379,Ben Gunter (Japan),Kick Chase,Green,949166,6,A,3000,Japan,26283,Ben,Gunter,2,6428
2051,5478.039092970522,5490.595056379,Faulua Makisi (Japan),Kick Chase,Green,949166,20,A,3000,Japan,23417,Faulua,Makisi,2,6428
2052,5478.039092970522,5490.595056379,Tomoki Osada (Japan),Kick Chase,Green,949166,11,A,3000,Japan,31059,Tomoki,Osada,2,6428
2053,5478.039092970522,5490.595056379,Dylan Riley (Japan),Kick Chase,Green,949166,13,A,3000,Japan,27652,Dylan,Riley,2,6428
2054,5478.039092970522,5490.595056379,Kippei Ishida (Japan),Kick Chase,Green,949166,14,A,3000,Japan,34036,Kippei,Ishida,2,6428
2055,5478.039092970522,5490.595056379,Tyler Paul (Japan),Kick Chase,Green,949166,19,A,3000,Japan,24451,Tyler,Paul,2,6428
2056,5478.039092970522,5490.595056379,Keijiro Tamefusa (Japan),Kick Chase,Green,949166,18,A,3000,Japan,61929,Keijiro,Tamefusa,2,6428
2057,5478.039092970522,5490.595056379,Ryosuke Iwaihara (Japan),Kick Chase,Green,949166,17,A,3000,Japan,23408,Ryosuke,Iwaihara,2,6428
2058,5478.094468008,5491.425714556,RG Snyman (South Africa),Kick Retreat,Green,949166,4,H,900,South Africa,22730,RG,Snyman,2,6428
2059,5478.094468008,5491.425714556,Lood de Jager (South Africa),Kick Retreat,Green,949166,5,H,900,South Africa,20524,Lood,de Jager,2,6428
2060,5478.094468008,5491.425714556,Franco Mostert (South Africa),Kick Retreat,Green,949166,7,H,900,South Africa,20097,Franco,Mostert,2,6428
2061,5478.094468008,5491.425714556,Kurt-Lee Arendse (South Africa),Kick Retreat,Green,949166,11,H,900,South Africa,34084,Kurt-Lee,Arendse,2,6428
2062,5478.094468008,5491.425714556,Damian de Allende (South Africa),Kick Retreat,Green,949166,12,H,900,South Africa,20037,Damian,de Allende,2,6428
2063,5478.094468008,5491.425714556,Jesse Kriel (South Africa),Kick Retreat,Green,949166,13,H,900,South Africa,20669,Jesse,Kriel,2,6428
2064,5478.094468008,5491.425714556,Johan Grobbelaar (South Africa),Kick Retreat,Green,949166,16,H,900,South Africa,26091,Johan,Grobbelaar,2,6428
2065,5478.094468008,5491.425714556,Gerhard Steenekamp (South Africa),Kick Retreat,Green,949166,17,H,900,South Africa,26092,Gerhard,Steenekamp,2,6428
2066,5478.094468008,5491.425714556,Wilco Louw (South Africa),Kick Retreat,Green,949166,18,H,900,South Africa,21708,Wilco,Louw,2,6428
2067,5478.094468008,5491.425714556,Andre Esterhuizen (South Africa),Kick Retreat,Green,949166,20,H,900,South Africa,21468,Andre,Esterhuizen,2,6428
2068,5478.094468008,5491.425714556,Kwagga Smith (South Africa),Kick Retreat,Green,949166,21,H,900,South Africa,20655,Kwagga,Smith,2,6428
2069,5478.094468008,5491.425714556,Grant Williams (South Africa),Kick Retreat,Green,949166,22,H,900,South Africa,29777,Grant,Williams,2,6428
2070,5478.671832109,5483.671832109,Franco Mostert (South Africa),Charge Down,Green,949166,7,H,900,South Africa,20097,Franco,Mostert,2,6428
2071,5478.703968253968,5483.703968253968,Jack Cornelsen (Japan),Ruck,Green,949166,4,A,3000,Japan,23697,Jack,Cornelsen,2,6428
2072,5479.298784282992,5489.581749136,Ryosuke Iwaihara (Japan),Ruck,Green,949166,17,A,3000,Japan,23408,Ryosuke,Iwaihara,2,6428
2073,5480.099510533321,5489.581749136,Keijiro Tamefusa (Japan),Ruck,Green,949166,18,A,3000,Japan,61929,Keijiro,Tamefusa,2,6442
2074,5482.49549104,5487.49549104,Johan Grobbelaar (South Africa),Jackler,Green,949166,16,H,900,South Africa,26091,Johan,Grobbelaar,2,6442
2075,5531.544716553288,5551.03766872,Jack Cornelsen (Japan),Lineout Attack,Green,949166,4,A,3000,Japan,23697,Jack,Cornelsen,2,6509
2076,5531.544716553288,5551.03766872,Ben Gunter (Japan),Lineout Attack,Green,949166,6,A,3000,Japan,26283,Ben,Gunter,2,6509
2077,5532.014227372,5551.03766872,Tyler Paul (Japan),Lineout Attack,Green,949166,19,A,3000,Japan,24451,Tyler,Paul,2,6509
2078,5532.139693763,5542.428491915,RG Snyman (South Africa),Lineout Defence,Green,949166,4,H,900,South Africa,22730,RG,Snyman,2,6509
2079,5532.139693763,5542.428491915,Lood de Jager (South Africa),Lineout Defence,Green,949166,5,H,900,South Africa,20524,Lood,de Jager,2,6509
2080,5532.139693763,5542.428491915,Gerhard Steenekamp (South Africa),Lineout Defence,Green,949166,17,H,900,South Africa,26092,Gerhard,Steenekamp,2,6509
2081,5532.139693763,5542.428491915,Wilco Louw (South Africa),Lineout Defence,Green,949166,18,H,900,South Africa,21708,Wilco,Louw,2,6509
2082,5536.399951526661,5551.03766872,Shodai Hirao (Japan),Lineout Attack,Green,949166,16,A,3000,Japan,61685,Shodai,Hirao,2,6511
2083,5538.801394849,5543.801394849,Gerhard Steenekamp (South Africa),Tackle,Green,949166,17,H,900,South Africa,26092,Gerhard,Steenekamp,2,6514
2084,5539.605408696,5544.605408696,Warner Dearns (Japan),Lineout Attack,Yellow,949166,5,A,3000,Japan,40399,Warner,Dearns,2,6515
2085,5542.591836734694,5547.591836734694,Kenta Fukuda (Japan),Carry,Green,949166,21,A,3000,Japan,36475,Kenta,Fukuda,2,6520
2086,5543.590773087,5548.590773087,Manie Libbok (South Africa),Tackle,Green,949166,23,H,900,South Africa,24843,Manie,Libbok,2,6520
2087,5547.650362811792,5549.835507595,Dylan Riley (Japan),Carry,Green,949166,13,A,3000,Japan,27652,Dylan,Riley,2,6523
2088,5548.787893153,5553.787893153,Andre Esterhuizen (South Africa),Jackler,Green,949166,20,H,900,South Africa,21468,Andre,Esterhuizen,2,6524
2089,5552.787612912,5557.787612912,Keijiro Tamefusa (Japan),Ruck,Green,949166,18,A,3000,Japan,61929,Keijiro,Tamefusa,2,6526
2090,5553.548782879,5558.548782879,Faulua Makisi (Japan),Ruck,Red,949166,20,A,3000,Japan,23417,Faulua,Makisi,2,6529
2091,5553.768253968254,5558.768253968254,Shodai Hirao (Japan),Ruck,Green,949166,16,A,3000,Japan,61685,Shodai,Hirao,2,6529
2092,5554.753357519,5559.753357519,Tyler Paul (Japan),Ruck,Green,949166,19,A,3000,Japan,24451,Tyler,Paul,2,6530
2093,5555.977607111,5562.503031939,Ben Gunter (Japan),Carry,Green,949166,6,A,3000,Japan,26283,Ben,Gunter,2,6531
2094,5556.988585988,5561.988585988,Jesse Kriel (South Africa),Tackle,Green,949166,13,H,900,South Africa,20669,Jesse,Kriel,2,6532
2095,5557.369808922,5562.369808922,Johan Grobbelaar (South Africa),Tackle,Red,949166,16,H,900,South Africa,26091,Johan,Grobbelaar,2,6532
2096,5557.853419944,5562.853419944,Damian de Allende (South Africa),Tackle,Green,949166,12,H,900,South Africa,20037,Damian,de Allende,2,6533
2097,5560.152260407,5565.152260407,Jesse Kriel (South Africa),Jackler,Green,949166,13,H,900,South Africa,20669,Jesse,Kriel,2,6536
2098,5560.690027148661,5568.19629289933,Keijiro Tamefusa (Japan),Ruck,Green,949166,18,A,3000,Japan,61929,Keijiro,Tamefusa,2,6536
2099,5561.20873015873,5566.20873015873,Seungsin Lee (Japan),Ruck,Green,949166,10,A,3000,Japan,37841,Seungsin,Lee,2,6536
2100,5561.20873015873,5566.20873015873,Tomoki Osada (Japan),Carry,Green,949166,11,A,3000,Japan,31059,Tomoki,Osada,2,6536
2101,5561.20873015873,5566.20873015873,Yoshitaka Yazaki (Japan),Ruck,Green,949166,15,A,3000,Japan,59862,Yoshitaka,Yazaki,2,6536
2102,5562.5315192743765,5567.5315192743765,Ryosuke Iwaihara (Japan),Ruck,Gold,949166,17,A,3000,Japan,23408,Ryosuke,Iwaihara,2,6538
2103,5562.986712018141,5567.986712018141,Shodai Hirao (Japan),Carry,Gold,949166,16,A,3000,Japan,61685,Shodai,Hirao,2,6538
2104,5564.653878821,5569.653878821,Wilco Louw (South Africa),Tackle,Green,949166,18,H,900,South Africa,21708,Wilco,Louw,2,6540
2105,5566.652448007,5571.652448007,Lood de Jager (South Africa),Tackle,Green,949166,5,H,900,South Africa,20524,Lood,de Jager,2,6543
2106,5569.404058956916,5574.404058956916,Shodai Hirao (Japan),Ruck,Green,949166,16,A,3000,Japan,61685,Shodai,Hirao,2,6545
2107,5570.331927437642,5575.331927437642,Warner Dearns (Japan),Ruck,Red,949166,5,A,3000,Japan,40399,Warner,Dearns,2,6546
2108,5572.133616659,5577.133616659,Tyler Paul (Japan),Carry,Green,949166,19,A,3000,Japan,24451,Tyler,Paul,2,6547
2109,5573.8079446,5578.8079446,Ryosuke Iwaihara (Japan),Ruck,Green,949166,17,A,3000,Japan,23408,Ryosuke,Iwaihara,2,6549
2110,5573.950396975,5578.950396975,Kwagga Smith (South Africa),Jackler,Red,949166,21,H,900,South Africa,20655,Kwagga,Smith,2,6548
2111,5574.717046144,5579.717046144,Grant Williams (South Africa),Tackle,Green,949166,22,H,900,South Africa,29777,Grant,Williams,2,6548
2112,5575.123446712018,5580.123446712018,Damian de Allende (South Africa),Tackle,Green,949166,12,H,900,South Africa,20037,Damian,de Allende,2,6548
2113,5575.307033206,5580.307033206,Johan Grobbelaar (South Africa),Phase Defence,Red,949166,16,H,900,South Africa,26091,Johan,Grobbelaar,2,6548
2114,5578.2389569161,5583.2389569161,Ben Gunter (Japan),Ruck,Red,949166,6,A,3000,Japan,26283,Ben,Gunter,2,6554
2115,5578.2389569161,5583.2389569161,Dylan Riley (Japan),Ruck,Green,949166,13,A,3000,Japan,27652,Dylan,Riley,2,6554
2116,5579.7247415,5584.7247415,Faulua Makisi (Japan),Carry,Green,949166,20,A,3000,Japan,23417,Faulua,Makisi,2,6555
2117,5579.990366444,5584.990366444,Lood de Jager (South Africa),Tackle,Green,949166,5,H,900,South Africa,20524,Lood,de Jager,2,6556
2118,5580.546605,5585.546605,Gerhard Steenekamp (South Africa),Tackle,Green,949166,17,H,900,South Africa,26092,Gerhard,Steenekamp,2,6556
2119,5582.698588028,5587.698588028,Johan Grobbelaar (South Africa),Tackle,Green,949166,16,H,900,South Africa,26091,Johan,Grobbelaar,2,6558
2120,5583.641950113379,5588.641950113379,Shodai Hirao (Japan),Carry,Green,949166,16,A,3000,Japan,61685,Shodai,Hirao,2,6559
2121,5584.291972789116,5589.291972789116,Jack Cornelsen (Japan),Ruck,Green,949166,4,A,3000,Japan,23697,Jack,Cornelsen,2,6600
2122,5584.291972789116,5589.291972789116,Keijiro Tamefusa (Japan),Ruck,Green,949166,18,A,3000,Japan,61929,Keijiro,Tamefusa,2,6600
2123,5589.564825039,5594.564825039,RG Snyman (South Africa),Jackler,Green,949166,4,H,900,South Africa,22730,RG,Snyman,2,6606
2124,5592.774040039,5597.774040039,Lood de Jager (South Africa),Jackler,Green,949166,5,H,900,South Africa,20524,Lood,de Jager,2,6608
2125,5597.903424036281,5602.903424036281,Seungsin Lee (Japan),Carry,Green,949166,10,A,3000,Japan,37841,Seungsin,Lee,2,6613
2126,5598.819519705,5603.819519705,Johan Grobbelaar (South Africa),Tackle,Red,949166,16,H,900,South Africa,26091,Johan,Grobbelaar,2,6614
2127,5602.357551020408,5607.357551020408,Shodai Hirao (Japan),Ruck,Green,949166,16,A,3000,Japan,61685,Shodai,Hirao,2,6618
2128,5602.696553287982,5607.696553287982,Keijiro Tamefusa (Japan),Carry,Green,949166,18,A,3000,Japan,61929,Keijiro,Tamefusa,2,6618
2129,5603.409800644,5608.409800644,Andre Esterhuizen (South Africa),Tackle,Red,949166,20,H,900,South Africa,21468,Andre,Esterhuizen,2,6619
2130,5603.575045422,5608.575045422,Gerhard Steenekamp (South Africa),Jackler,Green,949166,17,H,900,South Africa,26092,Gerhard,Steenekamp,2,6619
2131,5604.078109596,5609.078109596,Yoshitaka Yazaki (Japan),Ruck,Green,949166,15,A,3000,Japan,59862,Yoshitaka,Yazaki,2,6619
2132,5604.078109596,5609.078109596,Tyler Paul (Japan),Ruck,Green,949166,19,A,3000,Japan,24451,Tyler,Paul,2,6619
2133,5604.869179667,5609.869179667,Faulua Makisi (Japan),Carry,Green,949166,20,A,3000,Japan,23417,Faulua,Makisi,2,6620
2134,5607.096530612245,5612.096530612245,Warner Dearns (Japan),Ruck,Green,949166,5,A,3000,Japan,40399,Warner,Dearns,2,6621
2135,5607.196881791,5623.813138203,RG Snyman (South Africa),Kick Retreat,Green,949166,4,H,900,South Africa,22730,RG,Snyman,2,6621
2136,5607.196881791,5623.813138203,Lood de Jager (South Africa),Kick Retreat,Green,949166,5,H,900,South Africa,20524,Lood,de Jager,2,6621
2137,5607.196881791,5623.813138203,Franco Mostert (South Africa),Kick Retreat,Green,949166,7,H,900,South Africa,20097,Franco,Mostert,2,6621
2138,5607.196881791,5623.813138203,Kurt-Lee Arendse (South Africa),Kick Retreat,Green,949166,11,H,900,South Africa,34084,Kurt-Lee,Arendse,2,6621
2139,5607.196881791,5623.813138203,Damian de Allende (South Africa),Kick Retreat,Green,949166,12,H,900,South Africa,20037,Damian,de Allende,2,6621
2140,5607.196881791,5623.813138203,Jesse Kriel (South Africa),Kick Retreat,Green,949166,13,H,900,South Africa,20669,Jesse,Kriel,2,6621
2141,5607.196881791,5623.813138203,Ethan Hooker (South Africa),Kick Retreat,Green,949166,14,H,900,South Africa,44326,Ethan,Hooker,2,6621
2142,5607.196881791,5623.813138203,Cheslin Kolbe (South Africa),Kick Retreat,Green,949166,15,H,900,South Africa,20584,Cheslin,Kolbe,2,6621
2143,5607.196881791,5623.813138203,Johan Grobbelaar (South Africa),Kick Retreat,Green,949166,16,H,900,South Africa,26091,Johan,Grobbelaar,2,6621
2144,5607.196881791,5623.813138203,Gerhard Steenekamp (South Africa),Kick Retreat,Yellow,949166,17,H,900,South Africa,26092,Gerhard,Steenekamp,2,6621
2145,5607.196881791,5623.813138203,Wilco Louw (South Africa),Kick Retreat,Yellow,949166,18,H,900,South Africa,21708,Wilco,Louw,2,6621
2146,5607.196881791,5623.813138203,Andre Esterhuizen (South Africa),Kick Retreat,Green,949166,20,H,900,South Africa,21468,Andre,Esterhuizen,2,6621
2147,5607.196881791,5623.813138203,Kwagga Smith (South Africa),Kick Retreat,Green,949166,21,H,900,South Africa,20655,Kwagga,Smith,2,6621
2148,5607.196881791,5623.813138203,Grant Williams (South Africa),Kick Retreat,Green,949166,22,H,900,South Africa,29777,Grant,Williams,2,6621
2149,5607.272054635,5615.24967676,Warner Dearns (Japan),Ruck,Red,949166,5,A,3000,Japan,40399,Warner,Dearns,2,6621
2150,5607.476598639456,5618.958208242,Jack Cornelsen (Japan),Kick Chase,Green,949166,4,A,3000,Japan,23697,Jack,Cornelsen,2,6621
2151,5607.476598639456,5618.958208242,Ben Gunter (Japan),Kick Chase,Green,949166,6,A,3000,Japan,26283,Ben,Gunter,2,6621
2152,5607.476598639456,5618.958208242,Faulua Makisi (Japan),Kick Chase,Green,949166,20,A,3000,Japan,23417,Faulua,Makisi,2,6621
2153,5607.476598639456,5618.958208242,Tyler Paul (Japan),Kick Chase,Green,949166,19,A,3000,Japan,24451,Tyler,Paul,2,6621
2154,5607.476598639456,5618.958208242,Keijiro Tamefusa (Japan),Kick Chase,Green,949166,18,A,3000,Japan,61929,Keijiro,Tamefusa,2,6621
2155,5607.476598639456,5618.958208242,Ryosuke Iwaihara (Japan),Kick Chase,Green,949166,17,A,3000,Japan,23408,Ryosuke,Iwaihara,2,6621
2156,5607.476598639456,5618.958208242,Shodai Hirao (Japan),Kick Chase,Green,949166,16,A,3000,Japan,61685,Shodai,Hirao,2,6621
2157,5607.830426815,5618.958208242,Tomoki Osada (Japan),Kick Chase,Green,949166,11,A,3000,Japan,31059,Tomoki,Osada,2,6621
2158,5607.830426815,5618.958208242,Dylan Riley (Japan),Kick Chase,Green,949166,13,A,3000,Japan,27652,Dylan,Riley,2,6621
2159,5607.830426815,5618.958208242,Kippei Ishida (Japan),Kick Chase,Green,949166,14,A,3000,Japan,34036,Kippei,Ishida,2,6621
2160,5607.830426815,5618.958208242,Tiennan Costley (Japan),Kick Chase,Green,949166,23,A,3000,Japan,58972,Tiennan,Costley,2,6621
2161,5608.923191029,5613.923191029,Andre Esterhuizen (South Africa),Charge Down,Green,949166,20,H,900,South Africa,21468,Andre,Esterhuizen,2,6624
2162,5609.528049886621,5614.528049886621,Ryosuke Iwaihara (Japan),Ruck,Green,949166,17,A,3000,Japan,23408,Ryosuke,Iwaihara,2,6624
2163,5609.746485260771,5614.746485260771,Warner Dearns (Japan),Kick Chase,Yellow,949166,5,A,3000,Japan,40399,Warner,Dearns,2,6624
2164,5610.980288507,5615.980288507,Keijiro Tamefusa (Japan),Carry,Green,949166,18,A,3000,Japan,61929,Keijiro,Tamefusa,2,6624
2165,5611.138403906,5616.138403906,Lood de Jager (South Africa),Tackle,Green,949166,5,H,900,South Africa,20524,Lood,de Jager,2,6624
2166,5616.91299269,5630.398068109334,Tiennan Costley (Japan),Linebreak Defence,Gold,949166,23,A,3000,Japan,58972,Tiennan,Costley,2,6634
2167,5617.024421768708,5622.024421768708,Tyler Paul (Japan),Tackle,Green,949166,19,A,3000,Japan,24451,Tyler,Paul,2,6634
2168,5618.257197814,5629.329318605,Kwagga Smith (South Africa),Kick Chase,Green,949166,21,H,900,South Africa,20655,Kwagga,Smith,2,6634
2169,5618.257197814,5629.329318605,Grant Williams (South Africa),Kick Chase,Green,949166,22,H,900,South Africa,29777,Grant,Williams,2,6634
2170,5618.367635894,5629.329318605,Cheslin Kolbe (South Africa),Kick Chase,Green,949166,15,H,900,South Africa,20584,Cheslin,Kolbe,2,6634
2171,5618.367635894,5629.329318605,Manie Libbok (South Africa),Kick Chase,Green,949166,23,H,900,South Africa,24843,Manie,Libbok,2,6634
2172,5618.432175794,5623.432175794,Kurt-Lee Arendse (South Africa),Kick Chase,Gold,949166,11,H,900,South Africa,34084,Kurt-Lee,Arendse,2,6634
2173,5725.147714833,5730.147714833,Johan Grobbelaar (South Africa),Ruck,Green,949166,16,H,900,South Africa,26091,Johan,Grobbelaar,2,6821
2174,5725.147714833,5730.147714833,Andre Esterhuizen (South Africa),Ruck,Green,949166,20,H,900,South Africa,21468,Andre,Esterhuizen,2,6821
2175,5726.257536694,5731.257536694,Jesse Kriel (South Africa),Carry,Green,949166,13,H,900,South Africa,20669,Jesse,Kriel,2,6821
2176,5726.295577169,5735.398614249661,Shuhei Takeuchi (Japan),Kick Retreat,Green,949166,3,A,3000,Japan,37874,Shuhei,Takeuchi,2,6821
2177,5726.812096999,5731.812096999,Franco Mostert (South Africa),Ruck,Green,949166,7,H,900,South Africa,20097,Franco,Mostert,2,6823
2178,5729.598119849917,5735.69994218363,Ruan Nortje (South Africa),Ruck,Green,949166,19,H,900,South Africa,30946,Ruan,Nortje,2,6826
2179,5730.872448979592,5751.386802721088,Jack Cornelsen (Japan),Kick Retreat,Green,949166,4,A,3000,Japan,23697,Jack,Cornelsen,2,6826
2180,5730.872448979592,5751.386802721088,Warner Dearns (Japan),Kick Retreat,Green,949166,5,A,3000,Japan,40399,Warner,Dearns,2,6826
2181,5730.872448979592,5751.386802721088,Ben Gunter (Japan),Kick Retreat,Green,949166,6,A,3000,Japan,26283,Ben,Gunter,2,6826
2182,5730.872448979592,5751.386802721088,Faulua Makisi (Japan),Kick Retreat,Green,949166,20,A,3000,Japan,23417,Faulua,Makisi,2,6826
2183,5730.872448979592,5751.386802721088,Tyler Paul (Japan),Kick Retreat,Green,949166,19,A,3000,Japan,24451,Tyler,Paul,2,6826
2184,5730.872448979592,5751.386802721088,Ryosuke Iwaihara (Japan),Kick Retreat,Green,949166,17,A,3000,Japan,23408,Ryosuke,Iwaihara,2,6826
2185,5730.872448979592,5751.386802721088,Shodai Hirao (Japan),Kick Retreat,Green,949166,16,A,3000,Japan,61685,Shodai,Hirao,2,6826
2186,5731.326757369615,5736.326757369615,Jack Cornelsen (Japan),Charge Down,Green,949166,4,A,3000,Japan,23697,Jack,Cornelsen,2,6826
2187,5731.594465383662,5751.386802721088,Tiennan Costley (Japan),Kick Retreat,Green,949166,23,A,3000,Japan,58972,Tiennan,Costley,2,6826
2188,5731.99820130133,5751.386802721088,Tomoki Osada (Japan),Kick Retreat,Green,949166,11,A,3000,Japan,31059,Tomoki,Osada,2,6826
2189,5732.135689218,5751.386802721088,Dylan Riley (Japan),Kick Retreat,Green,949166,13,A,3000,Japan,27652,Dylan,Riley,2,6826
2190,5732.135689218,5751.386802721088,Kippei Ishida (Japan),Kick Retreat,Green,949166,14,A,3000,Japan,34036,Kippei,Ishida,2,6826
2191,5732.543707048,5745.517093651,RG Snyman (South Africa),Kick Chase,Green,949166,4,H,900,South Africa,22730,RG,Snyman,2,6826
2192,5732.543707048,5745.517093651,Franco Mostert (South Africa),Kick Chase,Green,949166,7,H,900,South Africa,20097,Franco,Mostert,2,6826
2193,5732.543707048,5745.517093651,Kurt-Lee Arendse (South Africa),Kick Chase,Green,949166,11,H,900,South Africa,34084,Kurt-Lee,Arendse,2,6826
2194,5732.543707048,5745.517093651,Damian de Allende (South Africa),Kick Chase,Green,949166,12,H,900,South Africa,20037,Damian,de Allende,2,6826
2195,5732.543707048,5745.517093651,Jesse Kriel (South Africa),Kick Chase,Green,949166,13,H,900,South Africa,20669,Jesse,Kriel,2,6826
2196,5732.543707048,5745.517093651,Ethan Hooker (South Africa),Kick Chase,Green,949166,14,H,900,South Africa,44326,Ethan,Hooker,2,6826
2197,5732.543707048,5745.517093651,Johan Grobbelaar (South Africa),Kick Chase,Green,949166,16,H,900,South Africa,26091,Johan,Grobbelaar,2,6826
2198,5732.543707048,5745.517093651,Gerhard Steenekamp (South Africa),Kick Chase,Green,949166,17,H,900,South Africa,26092,Gerhard,Steenekamp,2,6826
2199,5732.543707048,5745.517093651,Wilco Louw (South Africa),Kick Chase,Green,949166,18,H,900,South Africa,21708,Wilco,Louw,2,6826
2200,5732.543707048,5745.517093651,Ruan Nortje (South Africa),Kick Chase,Green,949166,19,H,900,South Africa,30946,Ruan,Nortje,2,6826
2201,5732.543707048,5745.517093651,Andre Esterhuizen (South Africa),Kick Chase,Green,949166,20,H,900,South Africa,21468,Andre,Esterhuizen,2,6826
2202,5732.543707048,5745.517093651,Kwagga Smith (South Africa),Kick Chase,Green,949166,21,H,900,South Africa,20655,Kwagga,Smith,2,6826
2203,5732.543707048,5745.517093651,Grant Williams (South Africa),Kick Chase,Green,949166,22,H,900,South Africa,29777,Grant,Williams,2,6826
2204,5734.473334527,5739.473334527,Wilco Louw (South Africa),Ruck,Green,949166,18,H,900,South Africa,21708,Wilco,Louw,2,6831
2205,5734.962244897959,5740.782735052,Yoshitaka Yazaki (Japan),Kick Retreat,Green,949166,15,A,3000,Japan,59862,Yoshitaka,Yazaki,2,6831
2206,5735.32154485,5740.32154485,Gerhard Steenekamp (South Africa),Ruck,Green,949166,17,H,900,South Africa,26092,Gerhard,Steenekamp,2,6831
2207,5743.818782279,5748.818782279,Faulua Makisi (Japan),Ruck,Yellow,949166,20,A,3000,Japan,23417,Faulua,Makisi,2,6838
2208,5745.188425849,5750.188425849,Yoshitaka Yazaki (Japan),Ruck,Yellow,949166,15,A,3000,Japan,59862,Yoshitaka,Yazaki,2,6841
2209,5745.277508968,5750.277508968,Franco Mostert (South Africa),Tackle,Green,949166,7,H,900,South Africa,20097,Franco,Mostert,2,6841
2210,5745.636684401,5750.636684401,Sam Greene (Japan),Carry,Green,949166,22,A,3000,Japan,22606,Sam,Greene,2,6841
2211,5745.930324617,5750.930324617,Ethan Hooker (South Africa),Tackle,Green,949166,14,H,900,South Africa,44326,Ethan,Hooker,2,6841
2212,5746.666249962,5751.666249962,Ryosuke Iwaihara (Japan),Ruck,Green,949166,17,A,3000,Japan,23408,Ryosuke,Iwaihara,2,6841
2213,5749.446398603,5754.446398603,Johan Grobbelaar (South Africa),Tackle,Green,949166,16,H,900,South Africa,26091,Johan,Grobbelaar,2,6839
2214,5750.834327038,5755.834327038,Johan Grobbelaar (South Africa),Jackler,Green,949166,16,H,900,South Africa,26091,Johan,Grobbelaar,2,6839
2215,5755.181519274376,5760.181519274376,Shodai Hirao (Japan),Ruck,Green,949166,16,A,3000,Japan,61685,Shodai,Hirao,2,6851
2216,5755.788687435321,5762.498110561325,Tyler Paul (Japan),Carry,Green,949166,19,A,3000,Japan,24451,Tyler,Paul,2,6851
2217,5756.739319727892,5765.9208278,Ben Gunter (Japan),Carry,Yellow,949166,6,A,3000,Japan,26283,Ben,Gunter,2,6852
2218,5757.87514739229,5765.473617809,Shuhei Takeuchi (Japan),Ruck,Yellow,949166,3,A,3000,Japan,37874,Shuhei,Takeuchi,2,6852
2219,5757.914208061,5765.299172320993,Faulua Makisi (Japan),Ruck,Green,949166,20,A,3000,Japan,23417,Faulua,Makisi,2,6852
2220,5758.503013492,5763.503013492,Gerhard Steenekamp (South Africa),Tackle,Green,949166,17,H,900,South Africa,26092,Gerhard,Steenekamp,2,6855
2221,5758.712749173,5763.712749173,Ryosuke Iwaihara (Japan),Ruck,Green,949166,17,A,3000,Japan,23408,Ryosuke,Iwaihara,2,6855
2222,5758.910265528,5763.910265528,Franco Mostert (South Africa),Tackle,Green,949166,7,H,900,South Africa,20097,Franco,Mostert,2,6855
2223,5760.860640103,5765.860640103,Damian de Allende (South Africa),Tackle,Green,949166,12,H,900,South Africa,20037,Damian,de Allende,2,6856
2224,5764.2968707483,5777.541287502,Jack Cornelsen (Japan),Kick Chase,Green,949166,4,A,3000,Japan,23697,Jack,Cornelsen,2,6854
2225,5764.2968707483,5777.541287502,Warner Dearns (Japan),Kick Chase,Green,949166,5,A,3000,Japan,40399,Warner,Dearns,2,6854
2226,5764.2968707483,5777.541287502,Ben Gunter (Japan),Kick Chase,Green,949166,6,A,3000,Japan,26283,Ben,Gunter,2,6854
2227,5764.2968707483,5777.541287502,Faulua Makisi (Japan),Kick Chase,Green,949166,20,A,3000,Japan,23417,Faulua,Makisi,2,6854
2228,5764.2968707483,5777.541287502,Tyler Paul (Japan),Kick Chase,Green,949166,19,A,3000,Japan,24451,Tyler,Paul,2,6854
2229,5764.2968707483,5777.541287502,Keijiro Tamefusa (Japan),Kick Chase,Green,949166,18,A,3000,Japan,61929,Keijiro,Tamefusa,2,6854
2230,5764.2968707483,5777.541287502,Ryosuke Iwaihara (Japan),Kick Chase,Green,949166,17,A,3000,Japan,23408,Ryosuke,Iwaihara,2,6854
2231,5764.2968707483,5777.541287502,Shodai Hirao (Japan),Kick Chase,Green,949166,16,A,3000,Japan,61685,Shodai,Hirao,2,6854
2232,5764.472720599,5769.472720599,Shodai Hirao (Japan),Ruck,Green,949166,16,A,3000,Japan,61685,Shodai,Hirao,2,6854
2233,5764.902473758,5777.541287502,Tomoki Osada (Japan),Kick Chase,Green,949166,11,A,3000,Japan,31059,Tomoki,Osada,2,6854
2234,5764.902473758,5777.541287502,Dylan Riley (Japan),Kick Chase,Green,949166,13,A,3000,Japan,27652,Dylan,Riley,2,6854
2235,5764.902473758,5777.541287502,Kippei Ishida (Japan),Kick Chase,Green,949166,14,A,3000,Japan,34036,Kippei,Ishida,2,6854
2236,5765.119407542,5777.55001991,RG Snyman (South Africa),Kick Retreat,Green,949166,4,H,900,South Africa,22730,RG,Snyman,2,6854
2237,5765.119407542,5777.55001991,Franco Mostert (South Africa),Kick Retreat,Green,949166,7,H,900,South Africa,20097,Franco,Mostert,2,6854
2238,5765.119407542,5777.55001991,Kurt-Lee Arendse (South Africa),Kick Retreat,Green,949166,11,H,900,South Africa,34084,Kurt-Lee,Arendse,2,6854
2239,5765.119407542,5777.55001991,Damian de Allende (South Africa),Kick Retreat,Green,949166,12,H,900,South Africa,20037,Damian,de Allende,2,6854
2240,5765.119407542,5777.55001991,Jesse Kriel (South Africa),Kick Retreat,Green,949166,13,H,900,South Africa,20669,Jesse,Kriel,2,6854
2241,5765.119407542,5777.55001991,Ethan Hooker (South Africa),Kick Retreat,Green,949166,14,H,900,South Africa,44326,Ethan,Hooker,2,6854
2242,5765.119407542,5777.55001991,Johan Grobbelaar (South Africa),Kick Retreat,Green,949166,16,H,900,South Africa,26091,Johan,Grobbelaar,2,6854
2243,5765.119407542,5777.55001991,Gerhard Steenekamp (South Africa),Kick Retreat,Green,949166,17,H,900,South Africa,26092,Gerhard,Steenekamp,2,6854
2244,5765.119407542,5777.55001991,Wilco Louw (South Africa),Kick Retreat,Green,949166,18,H,900,South Africa,21708,Wilco,Louw,2,6854
2245,5765.119407542,5777.55001991,Ruan Nortje (South Africa),Kick Retreat,Green,949166,19,H,900,South Africa,30946,Ruan,Nortje,2,6854
2246,5765.119407542,5777.55001991,Andre Esterhuizen (South Africa),Kick Retreat,Green,949166,20,H,900,South Africa,21468,Andre,Esterhuizen,2,6854
2247,5765.119407542,5777.55001991,Kwagga Smith (South Africa),Kick Retreat,Green,949166,21,H,900,South Africa,20655,Kwagga,Smith,2,6854
2248,5765.119407542,5777.55001991,Grant Williams (South Africa),Kick Retreat,Green,949166,22,H,900,South Africa,29777,Grant,Williams,2,6854
2249,5765.411574718,5770.411574718,Johan Grobbelaar (South Africa),Charge Down,Green,949166,16,H,900,South Africa,26091,Johan,Grobbelaar,2,6854
2250,5765.747351776,5770.747351776,Damian de Allende (South Africa),Jackler,Yellow,949166,12,H,900,South Africa,20037,Damian,de Allende,2,6854
2251,5766.595578231292,5771.595578231292,Warner Dearns (Japan),Ruck,Green,949166,5,A,3000,Japan,40399,Warner,Dearns,2,6904
2252,5767.69995962,5772.69995962,Ryosuke Iwaihara (Japan),Ruck,Green,949166,17,A,3000,Japan,23408,Ryosuke,Iwaihara,2,6904
2253,5769.102453598,5774.102453598,Kwagga Smith (South Africa),Tackle,Green,949166,21,H,900,South Africa,20655,Kwagga,Smith,2,6900
2254,5772.429297052154,5778.202201478,Shodai Hirao (Japan),Tackle,Green,949166,16,A,3000,Japan,61685,Shodai,Hirao,2,6907
2255,5775.368307677,5780.368307677,Manie Libbok (South Africa),Carry,Green,949166,23,H,900,South Africa,24843,Manie,Libbok,2,6909
2256,5777.21146477,5792.7992256423295,Warner Dearns (Japan),Linebreak Defence,Gold,949166,5,A,3000,Japan,40399,Warner,Dearns,2,6910
2257,5780.14812434,5785.14812434,Ruan Nortje (South Africa),Linebreak Attack,Gold,949166,19,H,900,South Africa,30946,Ruan,Nortje,2,6915
2258,5879.304193312,5894.843445186,RG Snyman (South Africa),Lineout Defence,Green,949166,4,H,900,South Africa,22730,RG,Snyman,2,7021
2259,5879.304193312,5894.843445186,Gerhard Steenekamp (South Africa),Lineout Defence,Green,949166,17,H,900,South Africa,26092,Gerhard,Steenekamp,2,7021
2260,5879.304193312,5894.843445186,Wilco Louw (South Africa),Lineout Defence,Green,949166,18,H,900,South Africa,21708,Wilco,Louw,2,7021
2261,5879.304193312,5894.843445186,Ruan Nortje (South Africa),Lineout Defence,Green,949166,19,H,900,South Africa,30946,Ruan,Nortje,2,7021
2262,5885.831723356009,5899.999694301003,Jack Cornelsen (Japan),Lineout Attack,Yellow,949166,4,A,3000,Japan,23697,Jack,Cornelsen,2,7021
2263,5885.961904761904,5898.487365447,Shodai Hirao (Japan),Lineout Attack,Green,949166,16,A,3000,Japan,61685,Shodai,Hirao,2,7021
2264,5889.405117364,5898.487365447,Ben Gunter (Japan),Lineout Attack,Green,949166,6,A,3000,Japan,26283,Ben,Gunter,2,7026
2265,5889.405117364,5898.487365447,Tyler Paul (Japan),Lineout Attack,Green,949166,19,A,3000,Japan,24451,Tyler,Paul,2,7026
2266,5890.070358739,5899.296386213001,Warner Dearns (Japan),Lineout Attack,Yellow,949166,5,A,3000,Japan,40399,Warner,Dearns,2,7027
2267,5892.321587301587,5908.200362136331,Shuhei Takeuchi (Japan),Kick Chase,Green,949166,3,A,3000,Japan,37874,Shuhei,Takeuchi,2,7030
2268,5892.321587301587,5908.200362136331,Jack Cornelsen (Japan),Kick Chase,Green,949166,4,A,3000,Japan,23697,Jack,Cornelsen,2,7030
2269,5892.321587301587,5908.200362136331,Warner Dearns (Japan),Kick Chase,Green,949166,5,A,3000,Japan,40399,Warner,Dearns,2,7030
2270,5892.321587301587,5908.200362136331,Ben Gunter (Japan),Kick Chase,Green,949166,6,A,3000,Japan,26283,Ben,Gunter,2,7030
2271,5892.321587301587,5908.200362136331,Faulua Makisi (Japan),Kick Chase,Green,949166,20,A,3000,Japan,23417,Faulua,Makisi,2,7030
2272,5892.321587301587,5908.200362136331,Tomoki Osada (Japan),Kick Chase,Green,949166,11,A,3000,Japan,31059,Tomoki,Osada,2,7030
2273,5892.321587301587,5908.200362136331,Dylan Riley (Japan),Kick Chase,Green,949166,13,A,3000,Japan,27652,Dylan,Riley,2,7030
2274,5892.321587301587,5908.200362136331,Kippei Ishida (Japan),Kick Chase,Green,949166,14,A,3000,Japan,34036,Kippei,Ishida,2,7030
2275,5892.321587301587,5908.200362136331,Tiennan Costley (Japan),Kick Chase,Green,949166,23,A,3000,Japan,58972,Tiennan,Costley,2,7030
2276,5892.321587301587,5908.200362136331,Tyler Paul (Japan),Kick Chase,Green,949166,19,A,3000,Japan,24451,Tyler,Paul,2,7030
2277,5892.321587301587,5908.200362136331,Ryosuke Iwaihara (Japan),Kick Chase,Green,949166,17,A,3000,Japan,23408,Ryosuke,Iwaihara,2,7030
2278,5892.321587301587,5908.200362136331,Shodai Hirao (Japan),Kick Chase,Green,949166,16,A,3000,Japan,61685,Shodai,Hirao,2,7030
2279,5895.610564196,5900.610564196,Manie Libbok (South Africa),Tackle,Green,949166,23,H,900,South Africa,24843,Manie,Libbok,2,7031
2280,5895.85566893424,5900.85566893424,Ruan Nortje (South Africa),Charge Down,Green,949166,19,H,900,South Africa,30946,Ruan,Nortje,2,7031
2281,5898.063908993,5903.063908993,Andre Esterhuizen (South Africa),Tackle,Green,949166,20,H,900,South Africa,21468,Andre,Esterhuizen,2,7035
2282,5898.063908993,5906.841073255,RG Snyman (South Africa),Kick Retreat,Green,949166,4,H,900,South Africa,22730,RG,Snyman,2,7035
2283,5898.063908993,5906.841073255,Franco Mostert (South Africa),Kick Retreat,Green,949166,7,H,900,South Africa,20097,Franco,Mostert,2,7035
2284,5898.063908993,5906.841073255,Cobus Reinach (South Africa),Kick Retreat,Green,949166,9,H,900,South Africa,19122,Cobus,Reinach,2,7035
2285,5898.063908993,5906.841073255,Damian de Allende (South Africa),Kick Retreat,Green,949166,12,H,900,South Africa,20037,Damian,de Allende,2,7035
2286,5898.063908993,5906.841073255,Jesse Kriel (South Africa),Kick Retreat,Green,949166,13,H,900,South Africa,20669,Jesse,Kriel,2,7035
2287,5898.063908993,5906.841073255,Johan Grobbelaar (South Africa),Kick Retreat,Green,949166,16,H,900,South Africa,26091,Johan,Grobbelaar,2,7035
2288,5898.063908993,5906.841073255,Gerhard Steenekamp (South Africa),Kick Retreat,Green,949166,17,H,900,South Africa,26092,Gerhard,Steenekamp,2,7035
2289,5898.063908993,5906.841073255,Wilco Louw (South Africa),Kick Retreat,Green,949166,18,H,900,South Africa,21708,Wilco,Louw,2,7035
2290,5898.063908993,5906.841073255,Ruan Nortje (South Africa),Kick Retreat,Green,949166,19,H,900,South Africa,30946,Ruan,Nortje,2,7035
2291,5898.063908993,5906.841073255,Andre Esterhuizen (South Africa),Kick Retreat,Green,949166,20,H,900,South Africa,21468,Andre,Esterhuizen,2,7035
2292,5898.063908993,5906.841073255,Kwagga Smith (South Africa),Kick Retreat,Green,949166,21,H,900,South Africa,20655,Kwagga,Smith,2,7035
2293,5898.063908993,5906.841073255,Grant Williams (South Africa),Kick Retreat,Green,949166,22,H,900,South Africa,29777,Grant,Williams,2,7035
2294,5898.063908993,5906.841073255,Manie Libbok (South Africa),Kick Retreat,Green,949166,23,H,900,South Africa,24843,Manie,Libbok,2,7035
2295,5898.3938321995465,5910.272700296,Shuhei Takeuchi (Japan),Kick Retreat,Green,949166,3,A,3000,Japan,37874,Shuhei,Takeuchi,2,7035
2296,5898.3938321995465,5910.272700296,Jack Cornelsen (Japan),Kick Retreat,Green,949166,4,A,3000,Japan,23697,Jack,Cornelsen,2,7035
2297,5898.3938321995465,5910.272700296,Warner Dearns (Japan),Kick Retreat,Green,949166,5,A,3000,Japan,40399,Warner,Dearns,2,7035
2298,5898.3938321995465,5910.272700296,Ben Gunter (Japan),Kick Retreat,Green,949166,6,A,3000,Japan,26283,Ben,Gunter,2,7035
2299,5898.3938321995465,5910.272700296,Faulua Makisi (Japan),Kick Retreat,Green,949166,20,A,3000,Japan,23417,Faulua,Makisi,2,7035
2300,5898.3938321995465,5910.272700296,Tomoki Osada (Japan),Kick Retreat,Green,949166,11,A,3000,Japan,31059,Tomoki,Osada,2,7035
2301,5898.3938321995465,5910.272700296,Dylan Riley (Japan),Kick Retreat,Green,949166,13,A,3000,Japan,27652,Dylan,Riley,2,7035
2302,5898.3938321995465,5910.272700296,Kippei Ishida (Japan),Kick Retreat,Green,949166,14,A,3000,Japan,34036,Kippei,Ishida,2,7035
2303,5898.3938321995465,5910.272700296,Tiennan Costley (Japan),Kick Retreat,Green,949166,23,A,3000,Japan,58972,Tiennan,Costley,2,7035
2304,5898.3938321995465,5910.272700296,Tyler Paul (Japan),Kick Retreat,Green,949166,19,A,3000,Japan,24451,Tyler,Paul,2,7035
2305,5898.3938321995465,5910.272700296,Ryosuke Iwaihara (Japan),Kick Retreat,Green,949166,17,A,3000,Japan,23408,Ryosuke,Iwaihara,2,7035
2306,5898.3938321995465,5910.272700296,Shodai Hirao (Japan),Kick Retreat,Green,949166,16,A,3000,Japan,61685,Shodai,Hirao,2,7035
2307,5899.006704156,5904.006704156,Shuhei Takeuchi (Japan),Carry,Green,949166,3,A,3000,Japan,37874,Shuhei,Takeuchi,2,7035
2308,5899.006704156,5904.006704156,Faulua Makisi (Japan),Ruck,Green,949166,20,A,3000,Japan,23417,Faulua,Makisi,2,7035
2309,5899.006704156,5904.006704156,Ryosuke Iwaihara (Japan),Ruck,Green,949166,17,A,3000,Japan,23408,Ryosuke,Iwaihara,2,7035
2310,5899.483568065,5904.483568065,Kurt-Lee Arendse (South Africa),Kick Chase,Green,949166,11,H,900,South Africa,34084,Kurt-Lee,Arendse,2,7035
2311,5901.855721228,5912.209251346,RG Snyman (South Africa),Kick Chase,Green,949166,4,H,900,South Africa,22730,RG,Snyman,2,7037
2312,5901.855721228,5912.209251346,Franco Mostert (South Africa),Kick Chase,Green,949166,7,H,900,South Africa,20097,Franco,Mostert,2,7037
2313,5901.855721228,5912.209251346,Cobus Reinach (South Africa),Kick Chase,Green,949166,9,H,900,South Africa,19122,Cobus,Reinach,2,7037
2314,5901.855721228,5912.209251346,Damian de Allende (South Africa),Kick Chase,Green,949166,12,H,900,South Africa,20037,Damian,de Allende,2,7037
2315,5901.855721228,5912.209251346,Jesse Kriel (South Africa),Kick Chase,Green,949166,13,H,900,South Africa,20669,Jesse,Kriel,2,7037
2316,5901.855721228,5912.209251346,Johan Grobbelaar (South Africa),Kick Chase,Green,949166,16,H,900,South Africa,26091,Johan,Grobbelaar,2,7037
2317,5901.855721228,5912.209251346,Gerhard Steenekamp (South Africa),Kick Chase,Yellow,949166,17,H,900,South Africa,26092,Gerhard,Steenekamp,2,7037
2318,5901.855721228,5912.209251346,Wilco Louw (South Africa),Kick Chase,Green,949166,18,H,900,South Africa,21708,Wilco,Louw,2,7037
2319,5901.855721228,5912.209251346,Ruan Nortje (South Africa),Kick Chase,Green,949166,19,H,900,South Africa,30946,Ruan,Nortje,2,7037
2320,5901.855721228,5912.209251346,Andre Esterhuizen (South Africa),Kick Chase,Yellow,949166,20,H,900,South Africa,21468,Andre,Esterhuizen,2,7037
2321,5901.855721228,5912.209251346,Kwagga Smith (South Africa),Kick Chase,Green,949166,21,H,900,South Africa,20655,Kwagga,Smith,2,7037
2322,5901.855721228,5912.209251346,Grant Williams (South Africa),Kick Chase,Green,949166,22,H,900,South Africa,29777,Grant,Williams,2,7037
2323,5959.099653594655,5975.655283446712,Ryosuke Iwaihara (Japan),Lineout Defence,Green,949166,17,A,3000,Japan,23408,Ryosuke,Iwaihara,2,7139
2324,5959.897721094982,5975.655283446712,Shuhei Takeuchi (Japan),Lineout Defence,Green,949166,3,A,3000,Japan,37874,Shuhei,Takeuchi,2,7139
2325,5960.334186428,5975.655283446712,Jack Cornelsen (Japan),Lineout Defence,Green,949166,4,A,3000,Japan,23697,Jack,Cornelsen,2,7139
2326,5960.334186428,5975.655283446712,Warner Dearns (Japan),Lineout Defence,Green,949166,5,A,3000,Japan,40399,Warner,Dearns,2,7139
2327,5963.297816877,5973.387295872,RG Snyman (South Africa),Lineout Attack,Green,949166,4,H,900,South Africa,22730,RG,Snyman,2,7139
2328,5963.297816877,5973.387295872,Cobus Reinach (South Africa),Lineout Attack,Green,949166,9,H,900,South Africa,19122,Cobus,Reinach,2,7139
2329,5963.297816877,5973.387295872,Ruan Nortje (South Africa),Lineout Attack,Green,949166,19,H,900,South Africa,30946,Ruan,Nortje,2,7139
2330,5963.297816877,5973.387295872,Kwagga Smith (South Africa),Lineout Attack,Green,949166,21,H,900,South Africa,20655,Kwagga,Smith,2,7139
2331,5972.678054818,5977.678054818,Faulua Makisi (Japan),Tackle,Green,949166,20,A,3000,Japan,23417,Faulua,Makisi,2,7150
2332,5972.678054818,5977.678054818,Sam Greene (Japan),Tackle,Green,949166,22,A,3000,Japan,22606,Sam,Greene,2,7150
2333,5974.806258503401,5979.806258503401,Dylan Riley (Japan),Tackle,Green,949166,13,A,3000,Japan,27652,Dylan,Riley,2,7151
2334,5983.800158730159,5988.800158730159,Ben Gunter (Japan),Jackler,Green,949166,6,A,3000,Japan,26283,Ben,Gunter,2,7200
2335,5984.355333695,5989.355333695,Damian de Allende (South Africa),Carry,Green,949166,12,H,900,South Africa,20037,Damian,de Allende,2,7202
2336,5984.355333695,5989.355333695,Jesse Kriel (South Africa),Ruck,Green,949166,13,H,900,South Africa,20669,Jesse,Kriel,2,7202
2337,5984.355333695,5989.355333695,Cheslin Kolbe (South Africa),Ruck,Green,949166,15,H,900,South Africa,20584,Cheslin,Kolbe,2,7202
2338,5984.93335600907,6005.700931333669,Shuhei Takeuchi (Japan),Kick Retreat,Green,949166,3,A,3000,Japan,37874,Shuhei,Takeuchi,2,7202
2339,5984.93335600907,6005.700931333669,Jack Cornelsen (Japan),Kick Retreat,Green,949166,4,A,3000,Japan,23697,Jack,Cornelsen,2,7202
2340,5984.93335600907,6005.700931333669,Warner Dearns (Japan),Kick Retreat,Green,949166,5,A,3000,Japan,40399,Warner,Dearns,2,7202
2341,5984.93335600907,6005.700931333669,Ben Gunter (Japan),Kick Retreat,Green,949166,6,A,3000,Japan,26283,Ben,Gunter,2,7202
2342,5984.93335600907,6005.700931333669,Faulua Makisi (Japan),Kick Retreat,Green,949166,20,A,3000,Japan,23417,Faulua,Makisi,2,7202
2343,5984.93335600907,6005.700931333669,Tyler Paul (Japan),Kick Retreat,Green,949166,19,A,3000,Japan,24451,Tyler,Paul,2,7202
2344,5984.93335600907,6005.700931333669,Ryosuke Iwaihara (Japan),Kick Retreat,Green,949166,17,A,3000,Japan,23408,Ryosuke,Iwaihara,2,7202
2345,5984.93335600907,6005.700931333669,Shodai Hirao (Japan),Kick Retreat,Green,949166,16,A,3000,Japan,61685,Shodai,Hirao,2,7202
2346,5985.368305134,6005.700931333669,Tomoki Osada (Japan),Kick Retreat,Green,949166,11,A,3000,Japan,31059,Tomoki,Osada,2,7202
2347,5985.368305134,6005.700931333669,Dylan Riley (Japan),Kick Retreat,Green,949166,13,A,3000,Japan,27652,Dylan,Riley,2,7202
2348,5985.997701129,6005.700931333669,Sam Greene (Japan),Kick Retreat,Green,949166,22,A,3000,Japan,22606,Sam,Greene,2,7203
2349,5986.587278911565,5991.587278911565,Ryosuke Iwaihara (Japan),Tackle,Green,949166,17,A,3000,Japan,23408,Ryosuke,Iwaihara,2,7203
2350,5990.890167461,5995.890167461,Kwagga Smith (South Africa),Ruck,Green,949166,21,H,900,South Africa,20655,Kwagga,Smith,2,7208
2351,5992.331971665,6005.4997651120475,RG Snyman (South Africa),Kick Chase,Green,949166,4,H,900,South Africa,22730,RG,Snyman,2,7208
2352,5992.331971665,6005.4997651120475,Franco Mostert (South Africa),Kick Chase,Green,949166,7,H,900,South Africa,20097,Franco,Mostert,2,7208
2353,5992.331971665,6005.4997651120475,Cobus Reinach (South Africa),Kick Chase,Green,949166,9,H,900,South Africa,19122,Cobus,Reinach,2,7208
2354,5992.331971665,6005.4997651120475,Damian de Allende (South Africa),Kick Chase,Yellow,949166,12,H,900,South Africa,20037,Damian,de Allende,2,7208
2355,5992.331971665,6005.4997651120475,Jesse Kriel (South Africa),Kick Chase,Green,949166,13,H,900,South Africa,20669,Jesse,Kriel,2,7208
2356,5992.331971665,6005.4997651120475,Johan Grobbelaar (South Africa),Kick Chase,Green,949166,16,H,900,South Africa,26091,Johan,Grobbelaar,2,7208
2357,5992.331971665,6005.4997651120475,Gerhard Steenekamp (South Africa),Kick Chase,Green,949166,17,H,900,South Africa,26092,Gerhard,Steenekamp,2,7208
2358,5992.331971665,6005.4997651120475,Wilco Louw (South Africa),Kick Chase,Green,949166,18,H,900,South Africa,21708,Wilco,Louw,2,7208
2359,5992.331971665,6005.4997651120475,Ruan Nortje (South Africa),Kick Chase,Green,949166,19,H,900,South Africa,30946,Ruan,Nortje,2,7208
2360,5992.331971665,6005.4997651120475,Andre Esterhuizen (South Africa),Kick Chase,Green,949166,20,H,900,South Africa,21468,Andre,Esterhuizen,2,7208
2361,5992.331971665,6005.4997651120475,Kwagga Smith (South Africa),Kick Chase,Green,949166,21,H,900,South Africa,20655,Kwagga,Smith,2,7208
2362,5992.331971665,6005.4997651120475,Grant Williams (South Africa),Kick Chase,Green,949166,22,H,900,South Africa,29777,Grant,Williams,2,7208
2363,5993.070942902,5998.070942902,Tyler Paul (Japan),Jackler,Green,949166,19,A,3000,Japan,24451,Tyler,Paul,2,7212
2364,5995.425918367347,6000.425918367347,Kurt-Lee Arendse (South Africa),Kick Chase,Green,949166,11,H,900,South Africa,34084,Kurt-Lee,Arendse,2,7213
2365,5995.594104974,6000.594104974,Faulua Makisi (Japan),Tackle,Green,949166,20,A,3000,Japan,23417,Faulua,Makisi,2,7213
2366,6057.693522006,6069.485562218,RG Snyman (South Africa),Scrum Defence,Green,949166,4,H,900,South Africa,22730,RG,Snyman,2,7312
2367,6057.693522006,6069.485562218,Franco Mostert (South Africa),Scrum Defence,Green,949166,7,H,900,South Africa,20097,Franco,Mostert,2,7312
2368,6057.693522006,6069.485562218,Johan Grobbelaar (South Africa),Scrum Defence,Green,949166,16,H,900,South Africa,26091,Johan,Grobbelaar,2,7312
2369,6057.693522006,6069.485562218,Gerhard Steenekamp (South Africa),Scrum Defence,Green,949166,17,H,900,South Africa,26092,Gerhard,Steenekamp,2,7312
2370,6057.693522006,6069.485562218,Wilco Louw (South Africa),Scrum Defence,Green,949166,18,H,900,South Africa,21708,Wilco,Louw,2,7312
2371,6057.693522006,6069.485562218,Ruan Nortje (South Africa),Scrum Defence,Green,949166,19,H,900,South Africa,30946,Ruan,Nortje,2,7312
2372,6057.693522006,6069.485562218,Andre Esterhuizen (South Africa),Scrum Defence,Green,949166,20,H,900,South Africa,21468,Andre,Esterhuizen,2,7312
2373,6057.693522006,6069.485562218,Kwagga Smith (South Africa),Scrum Defence,Green,949166,21,H,900,South Africa,20655,Kwagga,Smith,2,7312
2374,6121.442199546485,6136.999909155333,Shuhei Takeuchi (Japan),Lineout Attack,Green,949166,3,A,3000,Japan,37874,Shuhei,Takeuchi,2,7418
2375,6121.442199546485,6136.999909155333,Jack Cornelsen (Japan),Lineout Attack,Green,949166,4,A,3000,Japan,23697,Jack,Cornelsen,2,7418
2376,6121.442199546485,6136.999909155333,Warner Dearns (Japan),Lineout Attack,Green,949166,5,A,3000,Japan,40399,Warner,Dearns,2,7418
2377,6121.442199546485,6136.999909155333,Tyler Paul (Japan),Lineout Attack,Green,949166,19,A,3000,Japan,24451,Tyler,Paul,2,7418
2378,6121.442199546485,6136.999909155333,Ryosuke Iwaihara (Japan),Lineout Attack,Green,949166,17,A,3000,Japan,23408,Ryosuke,Iwaihara,2,7418
2379,6121.665067988,6133.832021896,RG Snyman (South Africa),Lineout Defence,Green,949166,4,H,900,South Africa,22730,RG,Snyman,2,7418
2380,6121.665067988,6133.832021896,Franco Mostert (South Africa),Lineout Defence,Green,949166,7,H,900,South Africa,20097,Franco,Mostert,2,7418
2381,6121.665067988,6133.832021896,Johan Grobbelaar (South Africa),Lineout Defence,Green,949166,16,H,900,South Africa,26091,Johan,Grobbelaar,2,7418
2382,6121.665067988,6133.832021896,Gerhard Steenekamp (South Africa),Lineout Defence,Green,949166,17,H,900,South Africa,26092,Gerhard,Steenekamp,2,7418
2383,6121.665067988,6133.832021896,Wilco Louw (South Africa),Lineout Defence,Green,949166,18,H,900,South Africa,21708,Wilco,Louw,2,7418
2384,6121.665067988,6133.832021896,Ruan Nortje (South Africa),Lineout Defence,Green,949166,19,H,900,South Africa,30946,Ruan,Nortje,2,7418
2385,6121.665067988,6133.832021896,Kwagga Smith (South Africa),Lineout Defence,Green,949166,21,H,900,South Africa,20655,Kwagga,Smith,2,7418
2386,6122.405011162,6136.999909155333,Shodai Hirao (Japan),Lineout Attack,Green,949166,16,A,3000,Japan,61685,Shodai,Hirao,2,7419
2387,6126.564535147392,6131.564535147392,Tyler Paul (Japan),Carry,Green,949166,19,A,3000,Japan,24451,Tyler,Paul,2,7423
2388,6133.891855806,6138.891855806,Andre Esterhuizen (South Africa),Jackler,Green,949166,20,H,900,South Africa,21468,Andre,Esterhuizen,2,7430
2389,6135.201118206,6140.201118206,Kippei Ishida (Japan),Ruck,Green,949166,14,A,3000,Japan,34036,Kippei,Ishida,2,7432
2390,6135.222037202,6140.222037202,Gerhard Steenekamp (South Africa),Tackle,Green,949166,17,H,900,South Africa,26092,Gerhard,Steenekamp,2,7432
2391,6136.769502895,6142.299782219321,Jack Cornelsen (Japan),Ruck,Green,949166,4,A,3000,Japan,23697,Jack,Cornelsen,2,7435
2392,6140.0456752,6145.0456752,Kwagga Smith (South Africa),Jackler,Green,949166,21,H,900,South Africa,20655,Kwagga,Smith,2,7437
2393,6142.325886635,6147.325886635,Andre Esterhuizen (South Africa),Charge Down,Green,949166,20,H,900,South Africa,21468,Andre,Esterhuizen,2,7441
2394,6144.274515865,6149.274515865,Ruan Nortje (South Africa),Tackle,Green,949166,19,H,900,South Africa,30946,Ruan,Nortje,2,7441
2395,6170.721723356009,6184.145218817,Shuhei Takeuchi (Japan),Lineout Defence,Green,949166,3,A,3000,Japan,37874,Shuhei,Takeuchi,2,7509
2396,6170.721723356009,6184.145218817,Jack Cornelsen (Japan),Lineout Defence,Green,949166,4,A,3000,Japan,23697,Jack,Cornelsen,2,7509
2397,6170.721723356009,6184.145218817,Warner Dearns (Japan),Lineout Defence,Green,949166,5,A,3000,Japan,40399,Warner,Dearns,2,7509
2398,6170.721723356009,6184.145218817,Faulua Makisi (Japan),Lineout Defence,Green,949166,20,A,3000,Japan,23417,Faulua,Makisi,2,7509
2399,6170.721723356009,6184.145218817,Tyler Paul (Japan),Lineout Defence,Green,949166,19,A,3000,Japan,24451,Tyler,Paul,2,7509
2400,6170.721723356009,6184.145218817,Ryosuke Iwaihara (Japan),Lineout Defence,Green,949166,17,A,3000,Japan,23408,Ryosuke,Iwaihara,2,7509
2401,6171.487868480725,6183.243608114,RG Snyman (South Africa),Lineout Attack,Green,949166,4,H,900,South Africa,22730,RG,Snyman,2,7509
2402,6171.487868480725,6183.243608114,Franco Mostert (South Africa),Lineout Attack,Green,949166,7,H,900,South Africa,20097,Franco,Mostert,2,7509
2403,6171.487868480725,6183.243608114,Johan Grobbelaar (South Africa),Lineout Attack,Green,949166,16,H,900,South Africa,26091,Johan,Grobbelaar,2,7509
2404,6171.487868480725,6183.243608114,Gerhard Steenekamp (South Africa),Lineout Attack,Green,949166,17,H,900,South Africa,26092,Gerhard,Steenekamp,2,7509
2405,6171.487868480725,6183.243608114,Wilco Louw (South Africa),Lineout Attack,Green,949166,18,H,900,South Africa,21708,Wilco,Louw,2,7509
2406,6171.487868480725,6183.243608114,Ruan Nortje (South Africa),Lineout Attack,Green,949166,19,H,900,South Africa,30946,Ruan,Nortje,2,7509
2407,6171.487868480725,6183.243608114,Kwagga Smith (South Africa),Lineout Attack,Green,949166,21,H,900,South Africa,20655,Kwagga,Smith,2,7509
2408,6177.864285714286,6182.864285714286,Ben Gunter (Japan),Tackle,Green,949166,6,A,3000,Japan,26283,Ben,Gunter,2,7513
2409,6181.144279579,6186.144279579,Ruan Nortje (South Africa),Ruck,Green,949166,19,H,900,South Africa,30946,Ruan,Nortje,2,7518
2410,6181.645531297,6186.645531297,Andre Esterhuizen (South Africa),Ruck,Green,949166,20,H,900,South Africa,21468,Andre,Esterhuizen,2,7518
2411,6183.793282074,6188.793282074,Manie Libbok (South Africa),Carry,Green,949166,23,H,900,South Africa,24843,Manie,Libbok,2,7520
2412,6186.861004127,6191.861004127,Tyler Paul (Japan),Tackle,Green,949166,19,A,3000,Japan,24451,Tyler,Paul,2,7524
2413,6186.861004127,6191.861004127,Shodai Hirao (Japan),Tackle,Green,949166,16,A,3000,Japan,61685,Shodai,Hirao,2,7524
2414,6189.525310041,6194.525310041,Kwagga Smith (South Africa),Carry,Green,949166,21,H,900,South Africa,20655,Kwagga,Smith,2,7527
2415,6191.693235848,6196.693235848,Shodai Hirao (Japan),Tackle,Green,949166,16,A,3000,Japan,61685,Shodai,Hirao,2,7529
2416,6192.903381587,6197.903381587,Tyler Paul (Japan),Tackle,Green,949166,19,A,3000,Japan,24451,Tyler,Paul,2,7530
2417,6194.674806783,6199.674806783,Cheslin Kolbe (South Africa),Carry,Green,949166,15,H,900,South Africa,20584,Cheslin,Kolbe,2,7532
2418,6195.262515032,6200.22661241,Franco Mostert (South Africa),Ruck,Green,949166,7,H,900,South Africa,20097,Franco,Mostert,2,7532
2419,6195.365004109,6200.365004109,Ruan Nortje (South Africa),Ruck,Green,949166,19,H,900,South Africa,30946,Ruan,Nortje,2,7532
2420,6195.365004109,6200.365004109,Kwagga Smith (South Africa),Ruck,Green,949166,21,H,900,South Africa,20655,Kwagga,Smith,2,7532
2421,6196.193333333334,6201.193333333334,Shuhei Takeuchi (Japan),Tackle,Green,949166,3,A,3000,Japan,37874,Shuhei,Takeuchi,2,7533
2422,6201.544045847,6206.544045847,Andre Esterhuizen (South Africa),Ruck,Red,949166,20,H,900,South Africa,21468,Andre,Esterhuizen,2,7538
2423,6202.358334725,6207.358334725,Johan Grobbelaar (South Africa),Ruck,Green,949166,16,H,900,South Africa,26091,Johan,Grobbelaar,2,7539
2424,6202.380465797,6207.380465797,Ryosuke Iwaihara (Japan),Tackle,Yellow,949166,17,A,3000,Japan,23408,Ryosuke,Iwaihara,2,7539
2425,6203.234557167,6208.234557167,Damian de Allende (South Africa),Carry,Green,949166,12,H,900,South Africa,20037,Damian,de Allende,2,7539
2426,6205.590081219,6210.590081219,Jack Cornelsen (Japan),Tackle,Yellow,949166,4,A,3000,Japan,23697,Jack,Cornelsen,2,7539
2427,6207.495044771,6212.495044771,Jesse Kriel (South Africa),Tackle,Red,949166,13,H,900,South Africa,20669,Jesse,Kriel,2,7541
2428,6208.229241297,6213.229241297,Dylan Riley (Japan),Carry,Red,949166,13,A,3000,Japan,27652,Dylan,Riley,2,7541
2429,6213.061529664,6218.061529664,Franco Mostert (South Africa),Tackle,Green,949166,7,H,900,South Africa,20097,Franco,Mostert,2,7551
2430,6214.353829844,6219.353829844,Manie Libbok (South Africa),Tackle,Green,949166,23,H,900,South Africa,24843,Manie,Libbok,2,7551
2431,6215.533098722,6220.533098722,Franco Mostert (South Africa),Phase Defence,Red,949166,7,H,900,South Africa,20097,Franco,Mostert,2,7552
2432,6216.798150551322,6227.649905052,Tomoki Osada (Japan),Ruck,Red,949166,11,A,3000,Japan,31059,Tomoki,Osada,2,7553
2433,6220.091524454,6225.091524454,Andre Esterhuizen (South Africa),Jackler,Green,949166,20,H,900,South Africa,21468,Andre,Esterhuizen,2,7557
2434,6221.412791811,6226.412791811,Yoshitaka Yazaki (Japan),Ruck,Green,949166,15,A,3000,Japan,59862,Yoshitaka,Yazaki,2,7557
2435,6223.592049316,6228.592049316,Tiennan Costley (Japan),Carry,Green,949166,23,A,3000,Japan,58972,Tiennan,Costley,2,7600
2436,6227.495768209,6232.495768209,Franco Mostert (South Africa),Tackle,Red,949166,7,H,900,South Africa,20097,Franco,Mostert,2,7604
2437,6228.399497756,6233.399497756,Faulua Makisi (Japan),Ruck,Green,949166,20,A,3000,Japan,23417,Faulua,Makisi,2,7606
2438,6229.196562807,6234.196562807,Gerhard Steenekamp (South Africa),Jackler,Yellow,949166,17,H,900,South Africa,26092,Gerhard,Steenekamp,2,7606
2439,6229.37623234,6234.37623234,Warner Dearns (Japan),Ruck,Red,949166,5,A,3000,Japan,40399,Warner,Dearns,2,7606
2440,6232.036213151928,6256.200583386334,Shuhei Takeuchi (Japan),Kick Chase,Green,949166,3,A,3000,Japan,37874,Shuhei,Takeuchi,2,7607
2441,6232.036213151928,6256.200583386334,Jack Cornelsen (Japan),Kick Chase,Green,949166,4,A,3000,Japan,23697,Jack,Cornelsen,2,7607
2442,6232.036213151928,6256.200583386334,Warner Dearns (Japan),Kick Chase,Green,949166,5,A,3000,Japan,40399,Warner,Dearns,2,7607
2443,6232.036213151928,6256.200583386334,Ben Gunter (Japan),Kick Chase,Green,949166,6,A,3000,Japan,26283,Ben,Gunter,2,7607
2444,6232.036213151928,6256.200583386334,Faulua Makisi (Japan),Kick Chase,Green,949166,20,A,3000,Japan,23417,Faulua,Makisi,2,7607
2445,6232.036213151928,6256.200583386334,Tomoki Osada (Japan),Kick Chase,Green,949166,11,A,3000,Japan,31059,Tomoki,Osada,2,7607
2446,6232.036213151928,6256.200583386334,Dylan Riley (Japan),Kick Chase,Green,949166,13,A,3000,Japan,27652,Dylan,Riley,2,7607
2447,6232.036213151928,6256.200583386334,Kippei Ishida (Japan),Kick Chase,Green,949166,14,A,3000,Japan,34036,Kippei,Ishida,2,7607
2448,6232.036213151928,6256.200583386334,Tiennan Costley (Japan),Kick Chase,Green,949166,23,A,3000,Japan,58972,Tiennan,Costley,2,7607
2449,6232.036213151928,6256.200583386334,Tyler Paul (Japan),Kick Chase,Green,949166,19,A,3000,Japan,24451,Tyler,Paul,2,7607
2450,6232.036213151928,6256.200583386334,Ryosuke Iwaihara (Japan),Kick Chase,Green,949166,17,A,3000,Japan,23408,Ryosuke,Iwaihara,2,7607
2451,6232.036213151928,6256.200583386334,Shodai Hirao (Japan),Kick Chase,Green,949166,16,A,3000,Japan,61685,Shodai,Hirao,2,7607
2452,6232.350240804,6237.350240804,Ruan Nortje (South Africa),Tackle,Green,949166,19,H,900,South Africa,30946,Ruan,Nortje,2,7607
2453,6232.403832199547,6237.403832199547,Cobus Reinach (South Africa),Charge Down,Green,949166,9,H,900,South Africa,19122,Cobus,Reinach,2,7607
2454,6232.403832199547,6252.21578507,RG Snyman (South Africa),Kick Retreat,Yellow,949166,4,H,900,South Africa,22730,RG,Snyman,2,7607
2455,6232.403832199547,6252.21578507,Franco Mostert (South Africa),Kick Retreat,Green,949166,7,H,900,South Africa,20097,Franco,Mostert,2,7607
2456,6232.403832199547,6252.21578507,Cobus Reinach (South Africa),Kick Retreat,Green,949166,9,H,900,South Africa,19122,Cobus,Reinach,2,7607
2457,6232.403832199547,6252.21578507,Damian de Allende (South Africa),Kick Retreat,Green,949166,12,H,900,South Africa,20037,Damian,de Allende,2,7607
2458,6232.403832199547,6252.21578507,Jesse Kriel (South Africa),Kick Retreat,Green,949166,13,H,900,South Africa,20669,Jesse,Kriel,2,7607
2459,6232.403832199547,6252.21578507,Johan Grobbelaar (South Africa),Kick Retreat,Green,949166,16,H,900,South Africa,26091,Johan,Grobbelaar,2,7607
2460,6232.403832199547,6252.21578507,Gerhard Steenekamp (South Africa),Kick Retreat,Yellow,949166,17,H,900,South Africa,26092,Gerhard,Steenekamp,2,7607
2461,6232.403832199547,6252.21578507,Wilco Louw (South Africa),Kick Retreat,Green,949166,18,H,900,South Africa,21708,Wilco,Louw,2,7607
2462,6232.403832199547,6252.21578507,Ruan Nortje (South Africa),Kick Retreat,Green,949166,19,H,900,South Africa,30946,Ruan,Nortje,2,7607
2463,6232.403832199547,6252.21578507,Andre Esterhuizen (South Africa),Kick Retreat,Green,949166,20,H,900,South Africa,21468,Andre,Esterhuizen,2,7607
2464,6232.403832199547,6252.21578507,Kwagga Smith (South Africa),Kick Retreat,Green,949166,21,H,900,South Africa,20655,Kwagga,Smith,2,7607
2465,6232.403832199547,6252.21578507,Grant Williams (South Africa),Kick Retreat,Green,949166,22,H,900,South Africa,29777,Grant,Williams,2,7607
2466,6232.734420344,6237.734420344,Jack Cornelsen (Japan),Carry,Green,949166,4,A,3000,Japan,23697,Jack,Cornelsen,2,7607
2467,6233.295646463,6237.000021210462,RG Snyman (South Africa),Jackler,Red,949166,4,H,900,South Africa,22730,RG,Snyman,2,7607
2468,6235.608476716,6240.608476716,Tyler Paul (Japan),Ruck,Green,949166,19,A,3000,Japan,24451,Tyler,Paul,2,7609
2469,6235.608476716,6240.608476716,Ryosuke Iwaihara (Japan),Ruck,Green,949166,17,A,3000,Japan,23408,Ryosuke,Iwaihara,2,7609
2470,6236.192766439909,6241.192766439909,Kurt-Lee Arendse (South Africa),Kick Retreat,Green,949166,11,H,900,South Africa,34084,Kurt-Lee,Arendse,2,7609
2471,6236.90258205,6241.90258205,Shuhei Takeuchi (Japan),Carry,Green,949166,3,A,3000,Japan,37874,Shuhei,Takeuchi,2,7609
2472,6240.305986394558,6248.626848304,Tomoki Osada (Japan),Tackle,Green,949166,11,A,3000,Japan,31059,Tomoki,Osada,2,7616
2473,6244.607754524,6249.607754524,Grant Williams (South Africa),Carry,Green,949166,22,H,900,South Africa,29777,Grant,Williams,2,7622
2474,6254.344863717,6259.344863717,Ruan Nortje (South Africa),Ruck,Green,949166,19,H,900,South Africa,30946,Ruan,Nortje,2,7630
2475,6255.523385889,6260.523385889,Wilco Louw (South Africa),Ruck,Red,949166,18,H,900,South Africa,21708,Wilco,Louw,2,7633
2476,6256.711103168,6261.711103168,Cheslin Kolbe (South Africa),Carry,Green,949166,15,H,900,South Africa,20584,Cheslin,Kolbe,2,7634
2477,6256.875456672,6261.875456672,Ben Gunter (Japan),Tackle,Yellow,949166,6,A,3000,Japan,26283,Ben,Gunter,2,7634
2478,6256.875456672,6261.875456672,Tyler Paul (Japan),Jackler,Yellow,949166,19,A,3000,Japan,24451,Tyler,Paul,2,7634
2479,6259.909070294784,6264.909070294784,Shuhei Takeuchi (Japan),Phase Defence,Red,949166,3,A,3000,Japan,37874,Shuhei,Takeuchi,2,7636
2480,6259.909070294784,6264.909070294784,Jack Cornelsen (Japan),Phase Defence,Red,949166,4,A,3000,Japan,23697,Jack,Cornelsen,2,7636
2481,6259.909070294784,6264.909070294784,Warner Dearns (Japan),Phase Defence,Red,949166,5,A,3000,Japan,40399,Warner,Dearns,2,7636
2482,6259.909070294784,6264.909070294784,Ben Gunter (Japan),Phase Defence,Red,949166,6,A,3000,Japan,26283,Ben,Gunter,2,7636
2483,6259.909070294784,6264.909070294784,Tyler Paul (Japan),Phase Defence,Red,949166,19,A,3000,Japan,24451,Tyler,Paul,2,7636
2484,6259.909070294784,6264.909070294784,Ryosuke Iwaihara (Japan),Phase Defence,Red,949166,17,A,3000,Japan,23408,Ryosuke,Iwaihara,2,7636
2485,6260.007859927,6265.007859927,Kippei Ishida (Japan),Tackle,Green,949166,14,A,3000,Japan,34036,Kippei,Ishida,2,7636
2486,6261.987606492323,6271.999778783318,Dylan Riley (Japan),Tackle,Red,949166,13,A,3000,Japan,27652,Dylan,Riley,2,7638
2487,6262.236303854876,6267.236303854876,Kurt-Lee Arendse (South Africa),Carry,Green,949166,11,H,900,South Africa,34084,Kurt-Lee,Arendse,2,7638
2488,6264.313922902495,6273.196189044666,Faulua Makisi (Japan),Tackle,Green,949166,20,A,3000,Japan,23417,Faulua,Makisi,2,7642
2489,6265.064656484,6269.63699314,Jesse Kriel (South Africa),Ruck,Yellow,949166,13,H,900,South Africa,20669,Jesse,Kriel,2,7642
2490,6267.478367346939,6272.478367346939,Tyler Paul (Japan),Tackle,Green,949166,19,A,3000,Japan,24451,Tyler,Paul,2,7645
2491,6270.4825623582765,6276.922873118,Tyler Paul (Japan),Tackle,Green,949166,19,A,3000,Japan,24451,Tyler,Paul,2,7647
2492,6270.672865868,6275.672865868,Ruan Nortje (South Africa),Carry,Green,949166,19,H,900,South Africa,30946,Ruan,Nortje,2,7647
2493,6272.118824677,6277.118824677,RG Snyman (South Africa),Ruck,Red,949166,4,H,900,South Africa,22730,RG,Snyman,2,7650
2494,6272.118824677,6277.118824677,Gerhard Steenekamp (South Africa),Ruck,Red,949166,17,H,900,South Africa,26092,Gerhard,Steenekamp,2,7650
2495,6273.203265306122,6284.052453406,Tyler Paul (Japan),Jackler,Yellow,949166,19,A,3000,Japan,24451,Tyler,Paul,2,7650
2496,6275.772630385488,6280.772630385488,Shodai Hirao (Japan),Tackle,Green,949166,16,A,3000,Japan,61685,Shodai,Hirao,2,7653
2497,6277.128233747,6282.128233747,Johan Grobbelaar (South Africa),Ruck,Green,949166,16,H,900,South Africa,26091,Johan,Grobbelaar,2,7653
2498,6278.497372808,6283.497372808,Wilco Louw (South Africa),Ruck,Red,949166,18,H,900,South Africa,21708,Wilco,Louw,2,7654
2499,6278.497372808,6283.497372808,Wilco Louw (South Africa),Lineout Defence,Green,949166,18,H,900,South Africa,21708,Wilco,Louw,2,7654
2500,6279.64121429,6284.64121429,Cobus Reinach (South Africa),Carry,Green,949166,9,H,900,South Africa,19122,Cobus,Reinach,2,7657
2501,6281.228475079,6286.228475079,Damian de Allende (South Africa),Ruck,Red,949166,12,H,900,South Africa,20037,Damian,de Allende,2,7657
2502,6282.109818594105,6287.109818594105,Kippei Ishida (Japan),Tackle,Green,949166,14,A,3000,Japan,34036,Kippei,Ishida,2,7700
2503,6286.71226091,6292.125905035,Kwagga Smith (South Africa),Ruck,Green,949166,21,H,900,South Africa,20655,Kwagga,Smith,2,7704
2504,6287.125905035,6292.125905035,Jesse Kriel (South Africa),Ruck,Green,949166,13,H,900,South Africa,20669,Jesse,Kriel,2,7704
2505,6289.168622012,6298.773457334,Kurt-Lee Arendse (South Africa),Carry,Green,949166,11,H,900,South Africa,34084,Kurt-Lee,Arendse,2,7705
2506,6291.623380191,6296.623380191,Shodai Hirao (Japan),Tackle,Green,949166,16,A,3000,Japan,61685,Shodai,Hirao,2,7706
2507,6293.773457334,6298.773457334,Johan Grobbelaar (South Africa),Ruck,Green,949166,16,H,900,South Africa,26091,Johan,Grobbelaar,2,7711
2508,6293.773457334,6298.773457334,Ruan Nortje (South Africa),Ruck,Green,949166,19,H,900,South Africa,30946,Ruan,Nortje,2,7711
2509,6294.485054793,6299.485054793,Gerhard Steenekamp (South Africa),Carry,Green,949166,17,H,900,South Africa,26092,Gerhard,Steenekamp,2,7712
2510,6296.830861678004,6309.586337398,Ryosuke Iwaihara (Japan),Tackle,Red,949166,17,A,3000,Japan,23408,Ryosuke,Iwaihara,2,7713
2511,6297.153242630386,6302.153242630386,Jack Cornelsen (Japan),Charge Down,Green,949166,4,A,3000,Japan,23697,Jack,Cornelsen,2,7713
2512,6297.299952162,6308.268920714,RG Snyman (South Africa),Kick Chase,Green,949166,4,H,900,South Africa,22730,RG,Snyman,2,7713
2513,6297.299952162,6308.268920714,Franco Mostert (South Africa),Kick Chase,Green,949166,7,H,900,South Africa,20097,Franco,Mostert,2,7713
2514,6297.299952162,6308.268920714,Cobus Reinach (South Africa),Kick Chase,Green,949166,9,H,900,South Africa,19122,Cobus,Reinach,2,7713
2515,6297.299952162,6308.268920714,Kurt-Lee Arendse (South Africa),Kick Chase,Green,949166,11,H,900,South Africa,34084,Kurt-Lee,Arendse,2,7713
2516,6297.299952162,6308.268920714,Damian de Allende (South Africa),Kick Chase,Green,949166,12,H,900,South Africa,20037,Damian,de Allende,2,7713
2517,6297.299952162,6308.268920714,Jesse Kriel (South Africa),Kick Chase,Green,949166,13,H,900,South Africa,20669,Jesse,Kriel,2,7713
2518,6297.299952162,6308.268920714,Cheslin Kolbe (South Africa),Kick Chase,Green,949166,15,H,900,South Africa,20584,Cheslin,Kolbe,2,7713
2519,6297.299952162,6308.268920714,Johan Grobbelaar (South Africa),Kick Chase,Green,949166,16,H,900,South Africa,26091,Johan,Grobbelaar,2,7713
2520,6297.299952162,6308.268920714,Gerhard Steenekamp (South Africa),Kick Chase,Yellow,949166,17,H,900,South Africa,26092,Gerhard,Steenekamp,2,7713
2521,6297.299952162,6308.268920714,Wilco Louw (South Africa),Kick Chase,Yellow,949166,18,H,900,South Africa,21708,Wilco,Louw,2,7713
2522,6297.299952162,6308.268920714,Ruan Nortje (South Africa),Kick Chase,Green,949166,19,H,900,South Africa,30946,Ruan,Nortje,2,7713
2523,6297.299952162,6308.268920714,Andre Esterhuizen (South Africa),Kick Chase,Green,949166,20,H,900,South Africa,21468,Andre,Esterhuizen,2,7713
2524,6297.299952162,6308.268920714,Kwagga Smith (South Africa),Kick Chase,Green,949166,21,H,900,South Africa,20655,Kwagga,Smith,2,7713
2525,6297.299952162,6308.268920714,Grant Williams (South Africa),Kick Chase,Green,949166,22,H,900,South Africa,29777,Grant,Williams,2,7713
2526,6297.299952162,6308.268920714,Manie Libbok (South Africa),Kick Chase,Green,949166,23,H,900,South Africa,24843,Manie,Libbok,2,7713
2527,6299.320948486,6304.320948486,Johan Grobbelaar (South Africa),Ruck,Green,949166,16,H,900,South Africa,26091,Johan,Grobbelaar,2,7717
2528,6300.3501360544215,6318.374301668,Tiennan Costley (Japan),Kick Chase,Gold,949166,23,A,3000,Japan,58972,Tiennan,Costley,2,7717
2529,6301.149614305,6306.149614305,Kwagga Smith (South Africa),Ruck,Yellow,949166,21,H,900,South Africa,20655,Kwagga,Smith,2,7718
2530,6302.187288869,6307.187288869,Wilco Louw (South Africa),Carry,Red,949166,18,H,900,South Africa,21708,Wilco,Louw,2,7720
2531,6303.213265306123,6313.500974172673,Shuhei Takeuchi (Japan),Kick Chase,Green,949166,3,A,3000,Japan,37874,Shuhei,Takeuchi,2,7720
2532,6303.213265306123,6313.500974172673,Jack Cornelsen (Japan),Kick Chase,Green,949166,4,A,3000,Japan,23697,Jack,Cornelsen,2,7720
2533,6303.213265306123,6313.500974172673,Warner Dearns (Japan),Kick Chase,Green,949166,5,A,3000,Japan,40399,Warner,Dearns,2,7720
2534,6303.213265306123,6313.500974172673,Ben Gunter (Japan),Kick Chase,Green,949166,6,A,3000,Japan,26283,Ben,Gunter,2,7720
2535,6303.213265306123,6313.500974172673,Faulua Makisi (Japan),Kick Chase,Green,949166,20,A,3000,Japan,23417,Faulua,Makisi,2,7720
2536,6303.213265306123,6313.500974172673,Tyler Paul (Japan),Kick Chase,Green,949166,19,A,3000,Japan,24451,Tyler,Paul,2,7720
2537,6303.213265306123,6313.500974172673,Ryosuke Iwaihara (Japan),Kick Chase,Green,949166,17,A,3000,Japan,23408,Ryosuke,Iwaihara,2,7720
2538,6303.213265306123,6313.500974172673,Shodai Hirao (Japan),Kick Chase,Green,949166,16,A,3000,Japan,61685,Shodai,Hirao,2,7720
2539,6304.096598527,6313.500974172673,Kenta Fukuda (Japan),Kick Chase,Green,949166,21,A,3000,Japan,36475,Kenta,Fukuda,2,7720
2540,6304.120316687,6316.999839415909,RG Snyman (South Africa),Kick Retreat,Green,949166,4,H,900,South Africa,22730,RG,Snyman,2,7720
2541,6304.120316687,6316.999839415909,Franco Mostert (South Africa),Kick Retreat,Green,949166,7,H,900,South Africa,20097,Franco,Mostert,2,7720
2542,6304.120316687,6316.999839415909,Cobus Reinach (South Africa),Kick Retreat,Green,949166,9,H,900,South Africa,19122,Cobus,Reinach,2,7720
2543,6304.120316687,6316.999839415909,Kurt-Lee Arendse (South Africa),Kick Retreat,Green,949166,11,H,900,South Africa,34084,Kurt-Lee,Arendse,2,7720
2544,6304.120316687,6316.999839415909,Damian de Allende (South Africa),Kick Retreat,Green,949166,12,H,900,South Africa,20037,Damian,de Allende,2,7720
2545,6304.120316687,6316.999839415909,Jesse Kriel (South Africa),Kick Retreat,Green,949166,13,H,900,South Africa,20669,Jesse,Kriel,2,7720
2546,6304.120316687,6316.999839415909,Cheslin Kolbe (South Africa),Kick Retreat,Green,949166,15,H,900,South Africa,20584,Cheslin,Kolbe,2,7720
2547,6304.120316687,6316.999839415909,Johan Grobbelaar (South Africa),Kick Retreat,Green,949166,16,H,900,South Africa,26091,Johan,Grobbelaar,2,7720
2548,6304.120316687,6316.999839415909,Gerhard Steenekamp (South Africa),Kick Retreat,Green,949166,17,H,900,South Africa,26092,Gerhard,Steenekamp,2,7720
2549,6304.120316687,6316.999839415909,Wilco Louw (South Africa),Kick Retreat,Green,949166,18,H,900,South Africa,21708,Wilco,Louw,2,7720
2550,6304.120316687,6316.999839415909,Ruan Nortje (South Africa),Kick Retreat,Green,949166,19,H,900,South Africa,30946,Ruan,Nortje,2,7720
2551,6304.120316687,6316.999839415909,Andre Esterhuizen (South Africa),Kick Retreat,Green,949166,20,H,900,South Africa,21468,Andre,Esterhuizen,2,7720
2552,6304.120316687,6316.999839415909,Kwagga Smith (South Africa),Kick Retreat,Green,949166,21,H,900,South Africa,20655,Kwagga,Smith,2,7720
2553,6304.120316687,6316.999839415909,Grant Williams (South Africa),Kick Retreat,Green,949166,22,H,900,South Africa,29777,Grant,Williams,2,7720
2554,6304.120316687,6316.999839415909,Manie Libbok (South Africa),Kick Retreat,Green,949166,23,H,900,South Africa,24843,Manie,Libbok,2,7720
2555,6304.647636247,6313.500974172673,Tomoki Osada (Japan),Kick Chase,Green,949166,11,A,3000,Japan,31059,Tomoki,Osada,2,7720
2556,6304.647636247,6313.500974172673,Kippei Ishida (Japan),Kick Chase,Green,949166,14,A,3000,Japan,34036,Kippei,Ishida,2,7720
2557,6304.647636247,6313.500974172673,Tiennan Costley (Japan),Kick Chase,Green,949166,23,A,3000,Japan,58972,Tiennan,Costley,2,7720
2558,6305.58406588933,6311.99913234867,Dylan Riley (Japan),Kick Chase,Yellow,949166,13,A,3000,Japan,27652,Dylan,Riley,2,7724
2559,6320.43417891,6331.326971398,RG Snyman (South Africa),Kick Chase,Yellow,949166,4,H,900,South Africa,22730,RG,Snyman,2,7737
2560,6320.43417891,6331.326971398,Franco Mostert (South Africa),Kick Chase,Green,949166,7,H,900,South Africa,20097,Franco,Mostert,2,7737
2561,6320.43417891,6331.326971398,Cobus Reinach (South Africa),Kick Chase,Green,949166,9,H,900,South Africa,19122,Cobus,Reinach,2,7737
2562,6320.43417891,6331.326971398,Damian de Allende (South Africa),Kick Chase,Green,949166,12,H,900,South Africa,20037,Damian,de Allende,2,7737
2563,6320.43417891,6331.326971398,Jesse Kriel (South Africa),Kick Chase,Green,949166,13,H,900,South Africa,20669,Jesse,Kriel,2,7737
2564,6320.43417891,6331.326971398,Johan Grobbelaar (South Africa),Kick Chase,Green,949166,16,H,900,South Africa,26091,Johan,Grobbelaar,2,7737
2565,6320.43417891,6331.326971398,Gerhard Steenekamp (South Africa),Kick Chase,Yellow,949166,17,H,900,South Africa,26092,Gerhard,Steenekamp,2,7737
2566,6320.43417891,6331.326971398,Wilco Louw (South Africa),Kick Chase,Yellow,949166,18,H,900,South Africa,21708,Wilco,Louw,2,7737
2567,6320.43417891,6331.326971398,Ruan Nortje (South Africa),Kick Chase,Green,949166,19,H,900,South Africa,30946,Ruan,Nortje,2,7737
2568,6320.43417891,6331.326971398,Andre Esterhuizen (South Africa),Kick Chase,Green,949166,20,H,900,South Africa,21468,Andre,Esterhuizen,2,7737
2569,6320.43417891,6331.326971398,Kwagga Smith (South Africa),Kick Chase,Green,949166,21,H,900,South Africa,20655,Kwagga,Smith,2,7737
2570,6320.43417891,6331.326971398,Grant Williams (South Africa),Kick Chase,Green,949166,22,H,900,South Africa,29777,Grant,Williams,2,7737
2571,6324.520946062,6329.520946062,Cobus Reinach (South Africa),Tackle,Green,949166,9,H,900,South Africa,19122,Cobus,Reinach,2,7742
2572,6326.570030223,6331.570030223,Ruan Nortje (South Africa),Phase Defence,Red,949166,19,H,900,South Africa,30946,Ruan,Nortje,2,7743
2573,6327.27414645,6332.27414645,Cobus Reinach (South Africa),Phase Defence,Red,949166,9,H,900,South Africa,19122,Cobus,Reinach,2,7743
2574,6328.658374819,6333.658374819,Jack Cornelsen (Japan),Ruck,Red,949166,4,A,3000,Japan,23697,Jack,Cornelsen,2,7746
2575,6330.924073468,6335.924073468,Franco Mostert (South Africa),Tackle,Green,949166,7,H,900,South Africa,20097,Franco,Mostert,2,7745
2576,6331.499111012,6336.499111012,Tiennan Costley (Japan),Ruck,Green,949166,23,A,3000,Japan,58972,Tiennan,Costley,2,7745
2577,6332.653592164,6337.653592164,Gerhard Steenekamp (South Africa),Tackle,Green,949166,17,H,900,South Africa,26092,Gerhard,Steenekamp,2,7749
2578,6333.811995774,6338.811995774,Yoshitaka Yazaki (Japan),Carry,Red,949166,15,A,3000,Japan,59862,Yoshitaka,Yazaki,2,7750
2579,6334.376439328,6339.376439328,Warner Dearns (Japan),Ruck,Green,949166,5,A,3000,Japan,40399,Warner,Dearns,2,7750
2580,6334.376439328,6339.376439328,Shodai Hirao (Japan),Ruck,Green,949166,16,A,3000,Japan,61685,Shodai,Hirao,2,7750
2581,6335.851285107,6340.851285107,Wilco Louw (South Africa),Tackle,Green,949166,18,H,900,South Africa,21708,Wilco,Louw,2,7753
2582,6338.043801573,6343.043801573,Ben Gunter (Japan),Ruck,Green,949166,6,A,3000,Japan,26283,Ben,Gunter,2,7755
2583,6338.043801573,6343.043801573,Ryosuke Iwaihara (Japan),Carry,Green,949166,17,A,3000,Japan,23408,Ryosuke,Iwaihara,2,7755
2584,6340.205132512,6345.205132512,Ruan Nortje (South Africa),Tackle,Green,949166,19,H,900,South Africa,30946,Ruan,Nortje,2,7758
2585,6340.595555555556,6349.639869305,Faulua Makisi (Japan),Carry,Green,949166,20,A,3000,Japan,23417,Faulua,Makisi,2,7758
2586,6343.823775489,6348.823775489,Gerhard Steenekamp (South Africa),Tackle,Red,949166,17,H,900,South Africa,26092,Gerhard,Steenekamp,2,7800
2587,6343.875442176871,6348.875442176871,Shuhei Takeuchi (Japan),Ruck,Green,949166,3,A,3000,Japan,37874,Shuhei,Takeuchi,2,7800
2588,6343.875442176871,6348.875442176871,Dylan Riley (Japan),Ruck,Green,949166,13,A,3000,Japan,27652,Dylan,Riley,2,7800
2589,6343.992865544,6348.992865544,Kwagga Smith (South Africa),Jackler,Green,949166,21,H,900,South Africa,20655,Kwagga,Smith,2,7800
2590,6344.042438592,6349.042438592,Damian de Allende (South Africa),Tackle,Red,949166,12,H,900,South Africa,20037,Damian,de Allende,2,7800
2591,6346.715447095,6351.715447095,RG Snyman (South Africa),Tackle,Red,949166,4,H,900,South Africa,22730,RG,Snyman,2,7803
2592,6347.681292517007,6352.681292517007,Shodai Hirao (Japan),Carry,Green,949166,16,A,3000,Japan,61685,Shodai,Hirao,2,7804
2593,6347.759643833,6352.759643833,Jack Cornelsen (Japan),Ruck,Green,949166,4,A,3000,Japan,23697,Jack,Cornelsen,2,7804
2594,6347.759643833,6352.759643833,Warner Dearns (Japan),Ruck,Green,949166,5,A,3000,Japan,40399,Warner,Dearns,2,7804
2595,6349.898752834467,6354.898752834467,Shuhei Takeuchi (Japan),Turnover Defence,Red,949166,3,A,3000,Japan,37874,Shuhei,Takeuchi,2,7806
2596,6349.898752834467,6354.898752834467,Jack Cornelsen (Japan),Turnover Defence,Red,949166,4,A,3000,Japan,23697,Jack,Cornelsen,2,7806
2597,6349.898752834467,6354.898752834467,Warner Dearns (Japan),Turnover Defence,Red,949166,5,A,3000,Japan,40399,Warner,Dearns,2,7806
2598,6349.898752834467,6354.898752834467,Faulua Makisi (Japan),Turnover Defence,Red,949166,20,A,3000,Japan,23417,Faulua,Makisi,2,7806
2599,6349.898752834467,6354.898752834467,Shodai Hirao (Japan),Turnover Defence,Red,949166,16,A,3000,Japan,61685,Shodai,Hirao,2,7806
2600,6353.518199835,6358.518199835,Kwagga Smith (South Africa),Ruck,Red,949166,21,H,900,South Africa,20655,Kwagga,Smith,2,7810
2601,6354.547112536,6359.547112536,Franco Mostert (South Africa),Ruck,Green,949166,7,H,900,South Africa,20097,Franco,Mostert,2,7812
2602,6354.84278425,6359.84278425,Ruan Nortje (South Africa),Ruck,Red,949166,19,H,900,South Africa,30946,Ruan,Nortje,2,7812
2603,6355.268512577,6360.268512577,Cobus Reinach (South Africa),Carry,Green,949166,9,H,900,South Africa,19122,Cobus,Reinach,2,7812
2604,6355.75693877551,6360.75693877551,Yoshitaka Yazaki (Japan),Tackle,Green,949166,15,A,3000,Japan,59862,Yoshitaka,Yazaki,2,7813
2605,6356.240063443,6361.240063443,Grant Williams (South Africa),Ruck,Green,949166,22,H,900,South Africa,29777,Grant,Williams,2,7813
2606,6358.677732426304,6363.677732426304,Shodai Hirao (Japan),Tackle,Red,949166,16,A,3000,Japan,61685,Shodai,Hirao,2,7816
2607,6361.053333333333,6366.053333333333,Ryosuke Iwaihara (Japan),Tackle,Yellow,949166,17,A,3000,Japan,23408,Ryosuke,Iwaihara,2,7818
2608,6362.14876574,6367.14876574,Kwagga Smith (South Africa),Jackler,Green,949166,21,H,900,South Africa,20655,Kwagga,Smith,2,7818
2609,6365.559431556,6376.849031821,RG Snyman (South Africa),Kick Retreat,Yellow,949166,4,H,900,South Africa,22730,RG,Snyman,2,7819
2610,6365.559431556,6376.849031821,Franco Mostert (South Africa),Kick Retreat,Green,949166,7,H,900,South Africa,20097,Franco,Mostert,2,7819
2611,6365.559431556,6376.849031821,Cobus Reinach (South Africa),Kick Retreat,Green,949166,9,H,900,South Africa,19122,Cobus,Reinach,2,7819
2612,6365.559431556,6376.849031821,Kurt-Lee Arendse (South Africa),Kick Retreat,Green,949166,11,H,900,South Africa,34084,Kurt-Lee,Arendse,2,7819
2613,6365.559431556,6376.849031821,Damian de Allende (South Africa),Kick Retreat,Green,949166,12,H,900,South Africa,20037,Damian,de Allende,2,7819
2614,6365.559431556,6376.849031821,Jesse Kriel (South Africa),Kick Retreat,Green,949166,13,H,900,South Africa,20669,Jesse,Kriel,2,7819
2615,6365.559431556,6376.849031821,Johan Grobbelaar (South Africa),Kick Retreat,Green,949166,16,H,900,South Africa,26091,Johan,Grobbelaar,2,7819
2616,6365.559431556,6376.849031821,Gerhard Steenekamp (South Africa),Kick Retreat,Green,949166,17,H,900,South Africa,26092,Gerhard,Steenekamp,2,7819
2617,6365.559431556,6376.849031821,Wilco Louw (South Africa),Kick Retreat,Green,949166,18,H,900,South Africa,21708,Wilco,Louw,2,7819
2618,6365.559431556,6376.849031821,Ruan Nortje (South Africa),Kick Retreat,Green,949166,19,H,900,South Africa,30946,Ruan,Nortje,2,7819
2619,6365.559431556,6376.849031821,Andre Esterhuizen (South Africa),Kick Retreat,Green,949166,20,H,900,South Africa,21468,Andre,Esterhuizen,2,7819
2620,6365.559431556,6376.849031821,Kwagga Smith (South Africa),Kick Retreat,Green,949166,21,H,900,South Africa,20655,Kwagga,Smith,2,7819
2621,6365.559431556,6376.849031821,Grant Williams (South Africa),Kick Retreat,Green,949166,22,H,900,South Africa,29777,Grant,Williams,2,7819
2622,6366.618843537415,6378.100297337,Shuhei Takeuchi (Japan),Kick Chase,Green,949166,3,A,3000,Japan,37874,Shuhei,Takeuchi,2,7824
2623,6366.618843537415,6378.100297337,Warner Dearns (Japan),Kick Chase,Green,949166,5,A,3000,Japan,40399,Warner,Dearns,2,7824
2624,6366.618843537415,6378.100297337,Ben Gunter (Japan),Kick Chase,Green,949166,6,A,3000,Japan,26283,Ben,Gunter,2,7824
2625,6366.618843537415,6378.100297337,Faulua Makisi (Japan),Kick Chase,Green,949166,20,A,3000,Japan,23417,Faulua,Makisi,2,7824
2626,6366.618843537415,6378.100297337,Tomoki Osada (Japan),Kick Chase,Green,949166,11,A,3000,Japan,31059,Tomoki,Osada,2,7824
2627,6366.618843537415,6378.100297337,Dylan Riley (Japan),Kick Chase,Green,949166,13,A,3000,Japan,27652,Dylan,Riley,2,7824
2628,6366.618843537415,6378.100297337,Kippei Ishida (Japan),Kick Chase,Green,949166,14,A,3000,Japan,34036,Kippei,Ishida,2,7824
2629,6366.618843537415,6378.100297337,Yoshitaka Yazaki (Japan),Kick Chase,Green,949166,15,A,3000,Japan,59862,Yoshitaka,Yazaki,2,7824
2630,6366.618843537415,6378.100297337,Tyler Paul (Japan),Kick Chase,Green,949166,19,A,3000,Japan,24451,Tyler,Paul,2,7824
2631,6366.618843537415,6378.100297337,Ryosuke Iwaihara (Japan),Kick Chase,Green,949166,17,A,3000,Japan,23408,Ryosuke,Iwaihara,2,7824
2632,6366.618843537415,6378.100297337,Shodai Hirao (Japan),Kick Chase,Green,949166,16,A,3000,Japan,61685,Shodai,Hirao,2,7824
2633,6366.618843537415,6378.100297337,Kenta Fukuda (Japan),Kick Chase,Green,949166,21,A,3000,Japan,36475,Kenta,Fukuda,2,7824
2634,6367.903732602,6372.903732602,Ryosuke Iwaihara (Japan),Ruck,Green,949166,17,A,3000,Japan,23408,Ryosuke,Iwaihara,2,7824
2635,6367.903732602,6372.903732602,Shodai Hirao (Japan),Ruck,Green,949166,16,A,3000,Japan,61685,Shodai,Hirao,2,7824
2636,6367.998741612,6372.998741612,Jack Cornelsen (Japan),Ruck,Red,949166,4,A,3000,Japan,23697,Jack,Cornelsen,2,7824
2637,6371.03977324263,6376.03977324263,Jack Cornelsen (Japan),Kick Chase,Yellow,949166,4,A,3000,Japan,23697,Jack,Cornelsen,2,7828
2638,6371.058424808,6377.622411375,Shuhei Takeuchi (Japan),Carry,Red,949166,3,A,3000,Japan,37874,Shuhei,Takeuchi,2,7828
2639,6372.474514732,6377.474514732,Ben Gunter (Japan),Ruck,Green,949166,6,A,3000,Japan,26283,Ben,Gunter,2,7829
2640,6476.347324263039,6482.47373136,Kippei Ishida (Japan),Tackle,Green,949166,14,A,3000,Japan,34036,Kippei,Ishida,2,8014
2641,6479.42538563,6484.42538563,Kwagga Smith (South Africa),Carry,Green,949166,21,H,900,South Africa,20655,Kwagga,Smith,2,8017
2642,6479.652562358277,6484.652562358277,Kenta Fukuda (Japan),Tackle,Green,949166,21,A,3000,Japan,36475,Kenta,Fukuda,2,8017
2643,6480.0859183673465,6485.0859183673465,Tomoki Osada (Japan),Phase Defence,Red,949166,11,A,3000,Japan,31059,Tomoki,Osada,2,8017
2644,6480.0859183673465,6485.0859183673465,Dylan Riley (Japan),Phase Defence,Red,949166,13,A,3000,Japan,27652,Dylan,Riley,2,8017
2645,6480.316575963719,6485.316575963719,Kippei Ishida (Japan),Phase Defence,Red,949166,14,A,3000,Japan,34036,Kippei,Ishida,2,8017
2646,6483.542069609,6488.542069609,Johan Grobbelaar (South Africa),Ruck,Green,949166,16,H,900,South Africa,26091,Johan,Grobbelaar,2,8021
2647,6484.880805675,6489.880805675,Ruan Nortje (South Africa),Ruck,Green,949166,19,H,900,South Africa,30946,Ruan,Nortje,2,8021
2648,6486.345319408,6491.345319408,Wilco Louw (South Africa),Carry,Red,949166,18,H,900,South Africa,21708,Wilco,Louw,2,8023
2649,6488.837800453514,6496.769849373,Faulua Makisi (Japan),Tackle,Red,949166,20,A,3000,Japan,23417,Faulua,Makisi,2,8025
2650,6494.020411903,6499.020411903,Grant Williams (South Africa),Tackle,Green,949166,22,H,900,South Africa,29777,Grant,Williams,2,8031
2651,6663.907845804989,6676.699820068969,RG Snyman (South Africa),Lineout Attack,Green,949166,4,H,900,South Africa,22730,RG,Snyman,2,8118
2652,6663.907845804989,6676.699820068969,Franco Mostert (South Africa),Lineout Attack,Green,949166,7,H,900,South Africa,20097,Franco,Mostert,2,8118
2653,6663.907845804989,6676.699820068969,Gerhard Steenekamp (South Africa),Lineout Attack,Green,949166,17,H,900,South Africa,26092,Gerhard,Steenekamp,2,8118
2654,6663.907845804989,6676.699820068969,Wilco Louw (South Africa),Lineout Attack,Green,949166,18,H,900,South Africa,21708,Wilco,Louw,2,8118
2655,6663.907845804989,6676.699820068969,Ruan Nortje (South Africa),Lineout Attack,Green,949166,19,H,900,South Africa,30946,Ruan,Nortje,2,8118
2656,6663.907845804989,6676.699820068969,Kwagga Smith (South Africa),Lineout Attack,Green,949166,21,H,900,South Africa,20655,Kwagga,Smith,2,8118
2657,6664.74589755,6674.964512471655,Jack Cornelsen (Japan),Lineout Defence,Green,949166,4,A,3000,Japan,23697,Jack,Cornelsen,2,8119
2658,6664.74589755,6674.964512471655,Tomoki Osada (Japan),Lineout Defence,Green,949166,11,A,3000,Japan,31059,Tomoki,Osada,2,8119
2659,6664.74589755,6674.964512471655,Dylan Riley (Japan),Lineout Defence,Green,949166,13,A,3000,Japan,27652,Dylan,Riley,2,8119
2660,6664.74589755,6674.964512471655,Kippei Ishida (Japan),Lineout Defence,Green,949166,14,A,3000,Japan,34036,Kippei,Ishida,2,8119
2661,6664.74589755,6674.964512471655,Keijiro Tamefusa (Japan),Lineout Defence,Green,949166,18,A,3000,Japan,61929,Keijiro,Tamefusa,2,8119
2662,6664.74589755,6674.964512471655,Ryosuke Iwaihara (Japan),Lineout Defence,Green,949166,17,A,3000,Japan,23408,Ryosuke,Iwaihara,2,8119
2663,6664.74589755,6674.964512471655,Shodai Hirao (Japan),Lineout Defence,Green,949166,16,A,3000,Japan,61685,Shodai,Hirao,2,8119
2664,6668.884364031,6673.884364031,Warner Dearns (Japan),Lineout Defence,Yellow,949166,5,A,3000,Japan,40399,Warner,Dearns,2,8122
2665,6673.966163465,6678.966163465,Cobus Reinach (South Africa),Carry,Green,949166,9,H,900,South Africa,19122,Cobus,Reinach,2,8128
2666,6675.133265306123,6682.371198975,Ryosuke Iwaihara (Japan),Tackle,Green,949166,17,A,3000,Japan,23408,Ryosuke,Iwaihara,2,8129
2667,6675.133265306123,6682.371198975,Shodai Hirao (Japan),Tackle,Green,949166,16,A,3000,Japan,61685,Shodai,Hirao,2,8129
2668,6676.253871465,6681.253871465,Gerhard Steenekamp (South Africa),Ruck,Green,949166,17,H,900,South Africa,26092,Gerhard,Steenekamp,2,8130
2669,6676.470566893424,6681.470566893424,Keijiro Tamefusa (Japan),Jackler,Green,949166,18,A,3000,Japan,61929,Keijiro,Tamefusa,2,8130
2670,6677.090906406,6682.090906406,RG Snyman (South Africa),Ruck,Green,949166,4,H,900,South Africa,22730,RG,Snyman,2,8132
2671,6677.777603666,6682.777603666,Franco Mostert (South Africa),Ruck,Green,949166,7,H,900,South Africa,20097,Franco,Mostert,2,8132
2672,6678.720878369,6683.720878369,Ben Gunter (Japan),Jackler,Green,949166,6,A,3000,Japan,26283,Ben,Gunter,2,8132
2673,6678.915708979,6683.915708979,Ruan Nortje (South Africa),Ruck,Green,949166,19,H,900,South Africa,30946,Ruan,Nortje,2,8132
